日期,西元日期,市場,股票代號,股票名稱,收盤價,漲跌,開盤價,最高價,最低價,成交股數,成交金額,成交筆數,資料來源,下載時間
1150918,2026-09-18,上市,00400A,主動國泰動能高息,15.00,0.4300,14.90,15.01,14.80,35950000,535855400,4557,TWSE_CSV,2026-09-18 14:15:36 +0800
1150918,2026-09-18,上市,00401A,主動摩根台灣鑫收,14.22,0.2700,14.13,14.24,14.09,5158000,73014190,652,TWSE_CSV,2026-09-18 14:15:36 +0800
1150918,2026-09-18,上市,00402A,主動安聯美國科技,9.62,0.1000,9.56,9.62,9.56,6368000,61162180,727,TWSE_CSV,2026-09-18 14:15:36 +0800
1150918,2026-09-18,上市,00403A,主動統一升級50,10.33,0.3200,10.23,10.34,10.20,314069000,3226204840,36111,TWSE_CSV,2026-09-18 14:15:36 +0800
1150918,2026-09-18,上市,00404A,主動聯博動能50,9.71,0.1900,9.64,9.72,9.63,14029000,135644530,1138,TWSE_CSV,2026-09-18 14:15:36 +0800
1150918,2026-09-18,上市,00405A,主動富邦台灣龍耀,8.87,0.4400,8.65,8.87,8.62,105466000,922826080,9903,TWSE_CSV,2026-09-18 14:15:36 +0800
1150918,2026-09-18,上市,00406A,主動中信台灣收益,9.59,0.2800,9.47,9.59,9.46,201952000,1923866520,20297,TWSE_CSV,2026-09-18 14:15:36 +0800
1150918,2026-09-18,上市,00407A,主動凱基台灣,9.70,0.3500,9.53,9.70,9.52,51608000,496773810,4866,TWSE_CSV,2026-09-18 14:15:36 +0800
1150918,2026-09-18,上市,00408A,主動第一金優股息,10.34,0.1900,10.30,10.34,10.26,1850000,19065790,230,TWSE_CSV,2026-09-18 14:15:36 +0800
1150918,2026-09-18,上市,00409A,主動復華全球50,9.78,0.2500,9.61,9.78,9.61,22090000,214662380,1765,TWSE_CSV,2026-09-18 14:15:36 +0800
1150918,2026-09-18,上市,00410A,主動永豐科技趨勢,12.07,0.4200,11.89,12.08,11.85,7049000,84315090,880,TWSE_CSV,2026-09-18 14:15:36 +0800
1150918,2026-09-18,上市,0050,元大台灣50,109.85,1.8000,109.60,109.95,108.85,79388000,8688625850,26420,TWSE_CSV,2026-09-18 14:15:36 +0800
1150918,2026-09-18,上市,0051,元大中型100,145.70,1.8500,145.15,146.15,144.80,60000,8723450,32,TWSE_CSV,2026-09-18 14:15:36 +0800
1150918,2026-09-18,上市,0052,富邦科技,63.80,1.1000,63.55,63.85,63.20,15984000,1015737600,5508,TWSE_CSV,2026-09-18 14:15:36 +0800
1150918,2026-09-18,上市,0053,元大電子,246.80,4.8500,244.15,246.80,244.15,79000,19393150,32,TWSE_CSV,2026-09-18 14:15:36 +0800
1150918,2026-09-18,上市,0055,元大MSCI金融,50.15,-0.7000,51.40,51.40,49.45,1651000,82613270,953,TWSE_CSV,2026-09-18 14:15:36 +0800
1150918,2026-09-18,上市,0056,元大高股息,56.85,0.5500,57.00,57.10,56.35,18345000,1040328250,7483,TWSE_CSV,2026-09-18 14:15:36 +0800
1150918,2026-09-18,上市,0057,富邦摩台,325.65,1.5500,325.85,327.15,323.65,38000,12350550,21,TWSE_CSV,2026-09-18 14:15:36 +0800
1150918,2026-09-18,上市,0061,元大寶滬深,24.13,0.2500,23.99,24.13,23.89,80000,1918560,42,TWSE_CSV,2026-09-18 14:15:36 +0800
1150918,2026-09-18,上市,006203,元大MSCI台灣,198.50,2.7000,197.80,198.60,197.50,11000,2179850,10,TWSE_CSV,2026-09-18 14:15:36 +0800
1150918,2026-09-18,上市,006204,永豐臺灣加權,234.85,2.2000,234.45,234.85,234.45,21000,4923850,3,TWSE_CSV,2026-09-18 14:15:36 +0800
1150918,2026-09-18,上市,006205,富邦上証,40.13,0.3000,39.87,40.20,39.85,155000,6207680,46,TWSE_CSV,2026-09-18 14:15:36 +0800
1150918,2026-09-18,上市,006206,元大上證50,37.35,0.1500,37.27,37.49,37.27,15000,560000,12,TWSE_CSV,2026-09-18 14:15:36 +0800
1150918,2026-09-18,上市,006207,復華滬深,32.10,0.3200,31.88,32.10,31.88,210000,6711790,19,TWSE_CSV,2026-09-18 14:15:36 +0800
1150918,2026-09-18,上市,006208,富邦台50,251.20,3.8000,250.55,251.55,249.20,3290000,824461450,1266,TWSE_CSV,2026-09-18 14:15:36 +0800
1150918,2026-09-18,上市,00625K,富邦上証+R,,0.0000,,,,,,,TWSE_CSV,2026-09-18 14:15:36 +0800
1150918,2026-09-18,上市,00631L,元大台灣50正2,37.65,1.2400,37.31,37.67,36.91,193661000,7227249710,42428,TWSE_CSV,2026-09-18 14:15:36 +0800
1150918,2026-09-18,上市,00632R,元大台灣50反1,9.67,-0.1700,9.71,9.77,9.66,133116000,1292153040,15100,TWSE_CSV,2026-09-18 14:15:36 +0800
1150918,2026-09-18,上市,00633L,富邦上証正2,47.35,0.8200,46.70,47.63,46.69,1550000,73331030,321,TWSE_CSV,2026-09-18 14:15:36 +0800
1150918,2026-09-18,上市,00634R,富邦上証反1,3.17,-0.0200,3.18,3.18,3.15,12000,37930,10,TWSE_CSV,2026-09-18 14:15:36 +0800
1150918,2026-09-18,上市,00635U,期元大S&P黃金,45.07,0.7800,44.97,45.09,44.73,2565000,115268400,1033,TWSE_CSV,2026-09-18 14:15:36 +0800
1150918,2026-09-18,上市,00636,國泰中國A50,27.31,0.1300,27.48,27.48,27.19,175000,4770690,66,TWSE_CSV,2026-09-18 14:15:36 +0800
1150918,2026-09-18,上市,00636K,國泰中國A50+U,8.59,0.0500,8.59,8.59,8.59,200,1718,2,TWSE_CSV,2026-09-18 14:15:36 +0800
1150918,2026-09-18,上市,00637L,元大滬深300正2,19.54,0.2900,19.34,19.66,19.30,15194000,295477580,1818,TWSE_CSV,2026-09-18 14:15:36 +0800
1150918,2026-09-18,上市,00638R,元大滬深300反1,6.73,-0.0700,6.78,6.78,6.71,239000,1614100,8,TWSE_CSV,2026-09-18 14:15:36 +0800
1150918,2026-09-18,上市,00639,富邦深100,16.08,0.1700,15.89,16.15,15.87,232000,3713270,100,TWSE_CSV,2026-09-18 14:15:36 +0800
1150918,2026-09-18,上市,00640L,富邦日本正2,107.55,0.9000,106.70,108.15,106.00,31000,3326150,24,TWSE_CSV,2026-09-18 14:15:36 +0800
1150918,2026-09-18,上市,00641R,富邦日本反1,3.66,-0.0200,3.69,3.70,3.66,2796000,10248430,70,TWSE_CSV,2026-09-18 14:15:36 +0800
1150918,2026-09-18,上市,00642U,期元大S&P石油,33.10,-0.3400,33.14,33.20,33.00,1805000,59749500,535,TWSE_CSV,2026-09-18 14:15:36 +0800
1150918,2026-09-18,上市,00643,群益深証中小,18.18,0.1800,17.99,18.20,17.99,2239000,40483300,82,TWSE_CSV,2026-09-18 14:15:36 +0800
1150918,2026-09-18,上市,00643K,群益深証中小+R,3.82,0.0000,3.79,3.82,3.79,10000,38050,2,TWSE_CSV,2026-09-18 14:15:36 +0800
1150918,2026-09-18,上市,00645,富邦日本,57.95,0.4000,57.70,58.15,57.45,133000,7676100,102,TWSE_CSV,2026-09-18 14:15:36 +0800
1150918,2026-09-18,上市,00646,元大S&P500,76.60,0.3000,76.65,76.70,76.35,2010000,153757800,923,TWSE_CSV,2026-09-18 14:15:36 +0800
1150918,2026-09-18,上市,00647L,元大S&P500正2,136.95,1.7000,136.25,136.95,136.15,25000,3414150,17,TWSE_CSV,2026-09-18 14:15:36 +0800
1150918,2026-09-18,上市,00648R,元大S&P500反1,3.93,-0.0300,3.94,3.94,3.93,615000,2422000,44,TWSE_CSV,2026-09-18 14:15:36 +0800
1150918,2026-09-18,上市,00650L,復華香港正2,16.32,0.3600,16.08,16.38,16.08,1411000,22947610,320,TWSE_CSV,2026-09-18 14:15:36 +0800
1150918,2026-09-18,上市,00651R,復華香港反1,5.28,-0.0500,5.29,5.29,5.26,419000,2210150,32,TWSE_CSV,2026-09-18 14:15:36 +0800
1150918,2026-09-18,上市,00652,富邦印度,31.97,-0.0300,32.01,32.05,31.94,168000,5371330,70,TWSE_CSV,2026-09-18 14:15:36 +0800
1150918,2026-09-18,上市,00653L,富邦印度正2,43.13,0.1100,43.16,43.25,43.08,55000,2374850,31,TWSE_CSV,2026-09-18 14:15:36 +0800
1150918,2026-09-18,上市,00654R,富邦印度反1,6.96,-0.0200,6.98,6.98,6.95,23000,159920,3,TWSE_CSV,2026-09-18 14:15:36 +0800
1150918,2026-09-18,上市,00655L,國泰中國A50正2,33.00,0.5300,32.45,33.14,32.45,364000,11943030,131,TWSE_CSV,2026-09-18 14:15:36 +0800
1150918,2026-09-18,上市,00656R,國泰中國A50反1,5.92,-0.0600,5.93,5.93,5.92,13000,76990,2,TWSE_CSV,2026-09-18 14:15:36 +0800
1150918,2026-09-18,上市,00657,國泰日經225,77.20,1.3500,76.60,77.45,76.55,165000,12698750,13,TWSE_CSV,2026-09-18 14:15:36 +0800
1150918,2026-09-18,上市,00657K,國泰日經225+U,24.37,0.4700,24.37,24.37,24.37,200,4874,2,TWSE_CSV,2026-09-18 14:15:36 +0800
1150918,2026-09-18,上市,00660,元大歐洲50,45.77,-0.0600,45.84,45.85,45.77,30000,1375120,8,TWSE_CSV,2026-09-18 14:15:36 +0800
1150918,2026-09-18,上市,00661,元大日經225,84.35,1.3000,83.65,84.60,83.50,106000,8900000,33,TWSE_CSV,2026-09-18 14:15:36 +0800
1150918,2026-09-18,上市,00662,富邦NASDAQ,120.50,1.3000,120.40,120.50,119.85,3769000,453320850,1141,TWSE_CSV,2026-09-18 14:15:36 +0800
1150918,2026-09-18,上市,00663L,國泰臺灣加權正2,108.65,3.8500,107.45,108.95,106.50,5241000,564424050,1918,TWSE_CSV,2026-09-18 14:15:36 +0800
1150918,2026-09-18,上市,00664R,國泰臺灣加權反1,1.56,-0.0300,1.56,1.58,1.56,25835000,40524100,932,TWSE_CSV,2026-09-18 14:15:36 +0800
1150918,2026-09-18,上市,00665L,富邦恒生國企正2,8.92,0.1500,8.84,8.96,8.83,7329000,65244880,552,TWSE_CSV,2026-09-18 14:15:36 +0800
1150918,2026-09-18,上市,00666R,富邦恒生國企反1,9.28,-0.0800,9.32,9.32,9.26,16000,148490,14,TWSE_CSV,2026-09-18 14:15:36 +0800
1150918,2026-09-18,上市,00668,國泰美國道瓊,60.50,0.0500,60.35,60.50,60.35,386000,23300900,26,TWSE_CSV,2026-09-18 14:15:36 +0800
1150918,2026-09-18,上市,00668K,國泰美國道瓊+U,18.95,0.1100,18.95,18.95,18.95,200,3790,2,TWSE_CSV,2026-09-18 14:15:36 +0800
1150918,2026-09-18,上市,00669R,國泰美國道瓊反1,5.32,-0.0200,5.34,5.34,5.32,1351000,7193450,47,TWSE_CSV,2026-09-18 14:15:36 +0800
1150918,2026-09-18,上市,00670L,富邦NASDAQ正2,199.25,5.1000,197.05,199.35,196.95,418000,82690800,213,TWSE_CSV,2026-09-18 14:15:36 +0800
1150918,2026-09-18,上市,00671R,富邦NASDAQ反1,2.42,-0.0400,2.43,2.44,2.41,10420000,25262490,214,TWSE_CSV,2026-09-18 14:15:36 +0800
1150918,2026-09-18,上市,00673R,期元大S&P原油反1,10.26,0.1100,10.22,10.27,10.21,25116000,257049950,2546,TWSE_CSV,2026-09-18 14:15:36 +0800
1150918,2026-09-18,上市,00674R,期元大S&P黃金反1,28.01,-0.5200,28.02,28.21,27.99,192000,5391380,46,TWSE_CSV,2026-09-18 14:15:36 +0800
1150918,2026-09-18,上市,00675L,富邦臺灣加權正2,329.20,11.5000,325.70,329.85,322.80,1167000,381089650,567,TWSE_CSV,2026-09-18 14:15:36 +0800
1150918,2026-09-18,上市,00676R,富邦臺灣加權反1,5.33,-0.1100,5.38,5.39,5.33,13869000,74300410,816,TWSE_CSV,2026-09-18 14:15:36 +0800
1150918,2026-09-18,上市,00678,群益那斯達克生技,43.19,0.8100,43.20,43.28,43.13,455000,19637120,45,TWSE_CSV,2026-09-18 14:15:36 +0800
1150918,2026-09-18,上市,00680L,元大美債20正2,6.33,0.1300,6.32,6.35,6.31,9706000,61479230,606,TWSE_CSV,2026-09-18 14:15:36 +0800
1150918,2026-09-18,上市,00681R,元大美債20反1,21.81,-0.2400,21.82,21.82,21.81,3000,65440,3,TWSE_CSV,2026-09-18 14:15:36 +0800
1150918,2026-09-18,上市,00682U,期元大美元指數,,0.0000,,,,,,,TWSE_CSV,2026-09-18 14:15:36 +0800
1150918,2026-09-18,上市,00683L,期元大美元指正2,21.76,-0.0500,21.72,21.76,21.72,22000,478220,6,TWSE_CSV,2026-09-18 14:15:36 +0800
1150918,2026-09-18,上市,00684R,期元大美元指反1,15.02,-0.0200,15.02,15.02,15.02,2000,30040,2,TWSE_CSV,2026-09-18 14:15:36 +0800
1150918,2026-09-18,上市,00685L,群益臺灣加權正2,12.42,0.4400,12.29,12.45,12.16,262424000,3229788930,31954,TWSE_CSV,2026-09-18 14:15:36 +0800
1150918,2026-09-18,上市,00686R,群益臺灣加權反1,0.95,-0.0200,0.96,0.97,0.95,18768000,17906940,295,TWSE_CSV,2026-09-18 14:15:36 +0800
1150918,2026-09-18,上市,00688L,國泰20年美債正2,6.32,0.1300,6.31,6.34,6.30,4134000,26116520,274,TWSE_CSV,2026-09-18 14:15:36 +0800
1150918,2026-09-18,上市,00689R,國泰20年美債反1,22.90,-0.2500,22.90,22.90,22.90,1000,22900,1,TWSE_CSV,2026-09-18 14:15:36 +0800
1150918,2026-09-18,上市,00690,兆豐藍籌30,80.15,2.0000,79.60,80.25,79.35,653000,52093750,209,TWSE_CSV,2026-09-18 14:15:36 +0800
1150918,2026-09-18,上市,00692,富邦公司治理,94.45,1.5500,94.00,94.50,93.60,992000,93314000,268,TWSE_CSV,2026-09-18 14:15:36 +0800
1150918,2026-09-18,上市,00693U,期街口S&P黃豆,23.80,-0.4400,24.05,24.07,23.80,1131000,27010040,286,TWSE_CSV,2026-09-18 14:15:36 +0800
1150918,2026-09-18,上市,00700,富邦恒生國企,16.92,0.1700,16.81,16.93,16.81,136000,2296550,29,TWSE_CSV,2026-09-18 14:15:36 +0800
1150918,2026-09-18,上市,00701,國泰股利精選30,42.10,-0.0500,42.54,42.54,41.66,382000,16035260,175,TWSE_CSV,2026-09-18 14:15:36 +0800
1150918,2026-09-18,上市,00702,國泰標普低波高息,24.18,-0.0700,24.21,24.23,24.18,134000,3241560,11,TWSE_CSV,2026-09-18 14:15:36 +0800
1150918,2026-09-18,上市,00703,台新MSCI中國,18.88,0.1600,18.78,18.88,18.78,5000,94270,3,TWSE_CSV,2026-09-18 14:15:36 +0800
1150918,2026-09-18,上市,00706L,期元大S&P日圓正2,19.32,-0.3400,19.61,19.61,19.32,2176000,42334940,454,TWSE_CSV,2026-09-18 14:15:36 +0800
1150918,2026-09-18,上市,00707R,期元大S&P日圓反1,31.89,0.0000,31.78,31.89,31.76,52000,1652580,4,TWSE_CSV,2026-09-18 14:15:36 +0800
1150918,2026-09-18,上市,00708L,期元大S&P黃金正2,79.45,2.7500,79.15,79.55,78.20,4622000,365527950,1686,TWSE_CSV,2026-09-18 14:15:36 +0800
1150918,2026-09-18,上市,00709,富邦歐洲,39.75,-0.1300,39.85,39.88,39.68,47000,1869790,17,TWSE_CSV,2026-09-18 14:15:36 +0800
1150918,2026-09-18,上市,00710B,復華彭博非投等債,18.78,-0.0100,18.80,18.81,18.78,278000,5223960,34,TWSE_CSV,2026-09-18 14:15:36 +0800
1150918,2026-09-18,上市,00711B,復華彭博新興債,15.24,0.0000,15.25,15.26,15.24,129000,1967970,4,TWSE_CSV,2026-09-18 14:15:36 +0800
1150918,2026-09-18,上市,00712,復華富時不動產,7.97,-0.0500,7.99,7.99,7.96,111011000,884990280,18582,TWSE_CSV,2026-09-18 14:15:36 +0800
1150918,2026-09-18,上市,00713,元大台灣高息低波,65.10,0.1500,65.05,65.20,64.65,7114000,462280850,2236,TWSE_CSV,2026-09-18 14:15:36 +0800
1150918,2026-09-18,上市,00714,群益道瓊美國地產,21.12,-0.0800,21.16,21.16,21.12,114000,2407980,9,TWSE_CSV,2026-09-18 14:15:36 +0800
1150918,2026-09-18,上市,00715L,期街口布蘭特正2,66.60,-2.4000,67.40,67.50,66.20,3872000,259137700,1089,TWSE_CSV,2026-09-18 14:15:36 +0800
1150918,2026-09-18,上市,00717,富邦美國特別股,14.67,0.0800,14.66,14.67,14.62,191000,2799930,40,TWSE_CSV,2026-09-18 14:15:36 +0800
1150918,2026-09-18,上市,00728,第一金工業30,69.65,0.0000,68.60,69.75,68.60,300000,20773200,43,TWSE_CSV,2026-09-18 14:15:36 +0800
1150918,2026-09-18,上市,00730,富邦臺灣優質高息,28.92,0.5600,28.50,28.92,28.50,197000,5663570,77,TWSE_CSV,2026-09-18 14:15:36 +0800
1150918,2026-09-18,上市,00731,復華富時高息低波,99.05,-0.2500,100.15,100.20,98.00,907000,89617700,66,TWSE_CSV,2026-09-18 14:15:36 +0800
1150918,2026-09-18,上市,00733,富邦臺灣中小,68.30,1.8500,67.50,68.40,67.30,369000,25062000,200,TWSE_CSV,2026-09-18 14:15:36 +0800
1150918,2026-09-18,上市,00735,國泰臺韓科技,105.20,2.6500,104.60,105.20,104.20,926000,96984650,513,TWSE_CSV,2026-09-18 14:15:36 +0800
1150918,2026-09-18,上市,00736,國泰新興市場,31.73,0.3000,31.51,31.73,31.48,347000,10966630,21,TWSE_CSV,2026-09-18 14:15:36 +0800
1150918,2026-09-18,上市,00737,國泰AI機器人,40.55,0.5800,40.15,40.55,40.15,220000,8899750,78,TWSE_CSV,2026-09-18 14:15:36 +0800
1150918,2026-09-18,上市,00738U,期元大道瓊白銀,52.50,2.2000,52.25,52.60,51.95,3438000,179591700,1092,TWSE_CSV,2026-09-18 14:15:36 +0800
1150918,2026-09-18,上市,00739,元大MSCI A股,27.59,0.2900,27.50,27.59,27.39,25000,687910,14,TWSE_CSV,2026-09-18 14:15:36 +0800
1150918,2026-09-18,上市,00752,中信中國50,22.37,0.0800,22.41,22.45,22.32,522000,11682790,119,TWSE_CSV,2026-09-18 14:15:36 +0800
1150918,2026-09-18,上市,00753L,中信中國50正2,8.86,0.1200,8.78,8.92,8.74,9886000,87423470,1222,TWSE_CSV,2026-09-18 14:15:36 +0800
1150918,2026-09-18,上市,00757,統一FANG+,140.65,1.2500,140.05,140.80,139.90,1377000,193194700,324,TWSE_CSV,2026-09-18 14:15:36 +0800
1150918,2026-09-18,上市,00762,元大全球AI,115.65,2.0000,114.85,115.65,114.85,137000,15785650,54,TWSE_CSV,2026-09-18 14:15:36 +0800
1150918,2026-09-18,上市,00763U,期街口道瓊銅,34.70,0.5100,34.70,34.76,34.62,278000,9639770,110,TWSE_CSV,2026-09-18 14:15:36 +0800
1150918,2026-09-18,上市,00770,國泰北美科技,63.00,0.8000,62.75,63.00,62.65,804000,50527550,354,TWSE_CSV,2026-09-18 14:15:36 +0800
1150918,2026-09-18,上市,00771,元大US高息特別股,15.20,-0.0200,15.23,15.23,15.16,11000,167130,8,TWSE_CSV,2026-09-18 14:15:36 +0800
1150918,2026-09-18,上市,00775B,台新投等債15+,30.70,0.0500,30.70,30.70,30.70,80000,2456000,2,TWSE_CSV,2026-09-18 14:15:36 +0800
1150918,2026-09-18,上市,00783,富邦中証500,28.05,0.4700,27.60,28.12,27.60,315000,8737450,29,TWSE_CSV,2026-09-18 14:15:36 +0800
1150918,2026-09-18,上市,00830,國泰費城半導體,82.10,1.6500,81.55,82.45,81.35,7193000,588789550,2524,TWSE_CSV,2026-09-18 14:15:36 +0800
1150918,2026-09-18,上市,00850,元大臺灣ESG永續,93.75,1.6000,93.30,94.00,93.00,453000,42360150,256,TWSE_CSV,2026-09-18 14:15:36 +0800
1150918,2026-09-18,上市,00851,台新全球AI,70.55,0.3500,70.20,70.55,70.20,24000,1686150,4,TWSE_CSV,2026-09-18 14:15:36 +0800
1150918,2026-09-18,上市,00852L,國泰美國道瓊正2,33.60,0.0900,33.50,33.61,33.44,1194000,39989290,92,TWSE_CSV,2026-09-18 14:15:36 +0800
1150918,2026-09-18,上市,00861,元大全球未來通訊,84.50,0.8000,86.35,86.35,83.80,56000,4718550,35,TWSE_CSV,2026-09-18 14:15:36 +0800
1150918,2026-09-18,上市,00865B,國泰US短期公債,48.81,-0.1400,48.95,48.95,48.76,2663000,130030120,501,TWSE_CSV,2026-09-18 14:15:36 +0800
1150918,2026-09-18,上市,00875,國泰網路資安,57.20,0.5500,57.15,57.25,57.05,421000,24051900,175,TWSE_CSV,2026-09-18 14:15:36 +0800
1150918,2026-09-18,上市,00876,元大全球5G,85.15,0.9500,84.35,85.15,84.30,239000,20225400,69,TWSE_CSV,2026-09-18 14:15:36 +0800
1150918,2026-09-18,上市,00878,國泰永續高股息,34.83,0.1000,35.05,35.06,34.68,26082000,908265990,9070,TWSE_CSV,2026-09-18 14:15:36 +0800
1150918,2026-09-18,上市,00881,國泰台灣科技龍頭,51.00,1.1900,50.50,51.05,50.50,17559000,891113050,5267,TWSE_CSV,2026-09-18 14:15:36 +0800
1150918,2026-09-18,上市,00882,中信中國高股息,14.78,0.0300,14.88,14.88,14.74,2869000,42369450,720,TWSE_CSV,2026-09-18 14:15:36 +0800
1150918,2026-09-18,上市,00885,富邦越南,18.58,0.1100,18.47,18.59,18.34,5349000,99087470,658,TWSE_CSV,2026-09-18 14:15:36 +0800
1150918,2026-09-18,上市,00891,中信關鍵半導體,36.37,0.9600,36.03,36.39,35.97,21586000,780254120,6150,TWSE_CSV,2026-09-18 14:15:36 +0800
1150918,2026-09-18,上市,00892,富邦台灣半導體,42.70,1.2700,42.31,42.70,41.99,3730000,158353630,562,TWSE_CSV,2026-09-18 14:15:36 +0800
1150918,2026-09-18,上市,00893,國泰智能電動車,43.64,0.8200,43.19,43.65,43.19,570000,24802470,228,TWSE_CSV,2026-09-18 14:15:36 +0800
1150918,2026-09-18,上市,00894,中信小資高價30,48.06,1.6800,47.50,48.10,47.45,1102000,52624080,413,TWSE_CSV,2026-09-18 14:15:36 +0800
1150918,2026-09-18,上市,00895,富邦未來車,50.50,0.7800,50.85,50.85,50.20,242000,12197150,110,TWSE_CSV,2026-09-18 14:15:36 +0800
1150918,2026-09-18,上市,00896,中信綠能及電動車,27.13,0.5000,26.91,27.14,26.91,3893000,105259920,1333,TWSE_CSV,2026-09-18 14:15:36 +0800
1150918,2026-09-18,上市,00897,富邦基因免疫生技,13.37,0.3500,13.33,13.38,13.33,2314000,30903330,246,TWSE_CSV,2026-09-18 14:15:36 +0800
1150918,2026-09-18,上市,00898,國泰基因免疫革命,11.43,0.3200,11.41,11.46,11.39,2855000,32633140,408,TWSE_CSV,2026-09-18 14:15:36 +0800
1150918,2026-09-18,上市,00899,FT潔淨能源,23.08,0.4500,23.04,23.08,23.00,49000,1129130,32,TWSE_CSV,2026-09-18 14:15:36 +0800
1150918,2026-09-18,上市,00900,富邦特選高股息30,19.84,0.0700,19.82,19.85,19.70,3935000,77880150,821,TWSE_CSV,2026-09-18 14:15:36 +0800
1150918,2026-09-18,上市,00901,永豐智能車供應鏈,46.84,0.8900,46.50,46.90,46.40,214000,9986060,32,TWSE_CSV,2026-09-18 14:15:36 +0800
1150918,2026-09-18,上市,00902,中信電池及儲能,12.65,0.0200,12.70,12.70,12.60,635000,8027440,141,TWSE_CSV,2026-09-18 14:15:36 +0800
1150918,2026-09-18,上市,00903,富邦元宇宙,21.48,0.3500,21.20,21.48,21.20,101000,2161850,47,TWSE_CSV,2026-09-18 14:15:36 +0800
1150918,2026-09-18,上市,00904,台新臺灣半導體30,42.41,1.2200,41.88,42.41,41.77,998000,42019230,342,TWSE_CSV,2026-09-18 14:15:36 +0800
1150918,2026-09-18,上市,00905,FT臺灣Smart,26.85,0.5500,26.68,26.88,26.62,1065000,28506290,341,TWSE_CSV,2026-09-18 14:15:36 +0800
1150918,2026-09-18,上市,00907,永豐優息存股,18.00,-0.0600,18.07,18.07,17.85,1329000,23875120,312,TWSE_CSV,2026-09-18 14:15:36 +0800
1150918,2026-09-18,上市,00908,富邦入息REITs+,14.87,-0.0500,14.92,14.92,14.86,22000,327230,9,TWSE_CSV,2026-09-18 14:15:36 +0800
1150918,2026-09-18,上市,00909,國泰數位支付服務,47.17,1.1300,46.44,47.20,46.44,947000,44501050,322,TWSE_CSV,2026-09-18 14:15:36 +0800
1150918,2026-09-18,上市,00910,第一金太空衛星,58.70,1.5000,58.55,58.90,58.30,905000,53057650,426,TWSE_CSV,2026-09-18 14:15:36 +0800
1150918,2026-09-18,上市,00911,兆豐洲際半導體,52.60,1.4000,52.25,52.70,51.75,597000,31219350,138,TWSE_CSV,2026-09-18 14:15:36 +0800
1150918,2026-09-18,上市,00912,中信臺灣智慧50,36.15,0.8700,35.80,36.15,35.66,226000,8110870,74,TWSE_CSV,2026-09-18 14:15:36 +0800
1150918,2026-09-18,上市,00913,兆豐台灣晶圓製造,51.30,2.2600,50.40,51.35,50.30,1711000,87015600,700,TWSE_CSV,2026-09-18 14:15:36 +0800
1150918,2026-09-18,上市,00915,凱基優選高股息30,33.11,0.0800,33.19,33.35,32.81,3413000,113046570,385,TWSE_CSV,2026-09-18 14:15:36 +0800
1150918,2026-09-18,上市,00916,國泰全球品牌50,26.92,0.0600,26.86,26.95,26.80,334000,8980620,116,TWSE_CSV,2026-09-18 14:15:36 +0800
1150918,2026-09-18,上市,00917,中信特選金融,23.22,-0.0100,23.38,23.38,23.21,1005000,23352140,276,TWSE_CSV,2026-09-18 14:15:36 +0800
1150918,2026-09-18,上市,00918,大華優利高填息30,34.15,0.0000,34.66,34.70,34.00,242638000,8314949410,84098,TWSE_CSV,2026-09-18 14:15:36 +0800
1150918,2026-09-18,上市,00919,群益台灣精選高息,31.96,-0.1500,32.24,32.25,31.78,115717000,3696802120,44040,TWSE_CSV,2026-09-18 14:15:36 +0800
1150918,2026-09-18,上市,00920,富邦ESG綠色電力,24.82,0.3300,24.74,24.82,24.74,235000,5815780,23,TWSE_CSV,2026-09-18 14:15:36 +0800
1150918,2026-09-18,上市,00921,兆豐龍頭等權重,23.65,0.3300,23.40,23.65,23.40,228000,5357630,79,TWSE_CSV,2026-09-18 14:15:36 +0800
1150918,2026-09-18,上市,00922,國泰台灣領袖50,42.70,0.7400,42.50,42.72,42.33,7384000,314115690,1681,TWSE_CSV,2026-09-18 14:15:36 +0800
1150918,2026-09-18,上市,00923,群益台ESG低碳50,40.64,0.7400,40.40,40.66,40.32,3074000,124462110,1140,TWSE_CSV,2026-09-18 14:15:36 +0800
1150918,2026-09-18,上市,00924,復華S&P500成長,33.07,0.2500,32.92,33.14,32.92,1138000,37576840,302,TWSE_CSV,2026-09-18 14:15:36 +0800
1150918,2026-09-18,上市,00926,凱基全球菁英55,26.46,0.2000,26.44,26.46,26.32,598000,15782890,40,TWSE_CSV,2026-09-18 14:15:36 +0800
1150918,2026-09-18,上市,00927,群益半導體收益,38.73,1.1300,38.28,38.77,38.17,17558000,675628490,4786,TWSE_CSV,2026-09-18 14:15:36 +0800
1150918,2026-09-18,上市,00929,復華台灣科技優息,29.03,0.4700,28.82,29.07,28.77,34671000,1003068350,6434,TWSE_CSV,2026-09-18 14:15:36 +0800
1150918,2026-09-18,上市,00930,永豐ESG低碳高息,24.39,0.2900,24.36,24.39,24.23,4718000,114660480,796,TWSE_CSV,2026-09-18 14:15:36 +0800
1150918,2026-09-18,上市,00932,兆豐永續高息等權,17.45,0.1200,17.43,17.48,17.39,519000,9038930,81,TWSE_CSV,2026-09-18 14:15:36 +0800
1150918,2026-09-18,上市,00934,中信成長高股息,29.82,0.3500,29.66,29.87,29.58,1786000,52940620,377,TWSE_CSV,2026-09-18 14:15:36 +0800
1150918,2026-09-18,上市,00935,野村臺灣新科技50,58.55,2.0000,57.80,58.60,57.60,13563000,788188400,3526,TWSE_CSV,2026-09-18 14:15:36 +0800
1150918,2026-09-18,上市,00936,台新永續高息中小,21.46,0.2100,21.48,21.48,21.30,1025000,21916800,198,TWSE_CSV,2026-09-18 14:15:36 +0800
1150918,2026-09-18,上市,00938,凱基優選30,27.03,-0.0700,27.11,27.11,26.72,199000,5350060,90,TWSE_CSV,2026-09-18 14:15:36 +0800
1150918,2026-09-18,上市,00939,統一台灣高息動能,24.34,-0.0700,24.46,24.46,24.11,6458000,156854880,1127,TWSE_CSV,2026-09-18 14:15:36 +0800
1150918,2026-09-18,上市,00940,元大台灣價值高息,13.11,0.1200,13.05,13.11,13.01,22244000,290869890,3658,TWSE_CSV,2026-09-18 14:15:36 +0800
1150918,2026-09-18,上市,00941,中信上游半導體,24.08,0.1200,24.00,24.09,23.96,655000,15750480,203,TWSE_CSV,2026-09-18 14:15:36 +0800
1150918,2026-09-18,上市,00943,兆豐電子高息等權,21.09,0.2600,20.91,21.09,20.91,132000,2762720,17,TWSE_CSV,2026-09-18 14:15:36 +0800
1150918,2026-09-18,上市,00944,野村趨勢動能高息,21.90,0.2000,21.73,21.90,21.72,288000,6281740,47,TWSE_CSV,2026-09-18 14:15:36 +0800
1150918,2026-09-18,上市,00945B,凱基美國非投等債,14.35,0.0000,14.37,14.37,14.34,3672000,52697880,241,TWSE_CSV,2026-09-18 14:15:36 +0800
1150918,2026-09-18,上市,00946,群益科技高息成長,15.35,0.1900,15.26,15.36,15.24,1528000,23380210,307,TWSE_CSV,2026-09-18 14:15:36 +0800
1150918,2026-09-18,上市,00947,台新臺灣IC設計,38.88,1.7800,38.04,38.88,37.91,8293000,318882330,2604,TWSE_CSV,2026-09-18 14:15:36 +0800
1150918,2026-09-18,上市,00949,復華日本龍頭,21.97,-0.1600,22.09,22.09,21.90,931000,20462410,86,TWSE_CSV,2026-09-18 14:15:36 +0800
1150918,2026-09-18,上市,00951,台新日本半導體,16.96,0.5900,16.73,17.02,16.70,2703000,45537330,473,TWSE_CSV,2026-09-18 14:15:36 +0800
1150918,2026-09-18,上市,00952,凱基台灣AI50,18.19,0.2500,18.11,18.20,18.07,1728000,31364520,236,TWSE_CSV,2026-09-18 14:15:36 +0800
1150918,2026-09-18,上市,00953B,群益優選非投等債,9.57,-0.0100,9.59,9.59,9.56,32478000,310743130,4401,TWSE_CSV,2026-09-18 14:15:36 +0800
1150918,2026-09-18,上市,00954,中信日本半導體,18.10,0.6200,17.89,18.19,17.83,1928000,34683940,385,TWSE_CSV,2026-09-18 14:15:36 +0800
1150918,2026-09-18,上市,00956,中信日經高股息,13.70,-0.1900,13.85,13.85,13.69,690000,9493590,93,TWSE_CSV,2026-09-18 14:15:36 +0800
1150918,2026-09-18,上市,00960,野村全球航運龍頭,22.82,0.2900,22.75,22.94,22.75,512000,11694470,258,TWSE_CSV,2026-09-18 14:15:36 +0800
1150918,2026-09-18,上市,00961,FT臺灣永續高息,13.33,0.0200,13.38,13.39,13.29,14733000,196252660,3101,TWSE_CSV,2026-09-18 14:15:36 +0800
1150918,2026-09-18,上市,00962,台新AI優息動能,15.05,0.1500,15.01,15.06,14.98,2005000,30126140,448,TWSE_CSV,2026-09-18 14:15:36 +0800
1150918,2026-09-18,上市,00963,中信全球高股息,13.00,-0.0100,13.03,13.03,12.98,1310000,17015420,240,TWSE_CSV,2026-09-18 14:15:36 +0800
1150918,2026-09-18,上市,00964,中信亞太高股息,14.80,0.0200,14.85,14.85,14.79,842000,12463310,122,TWSE_CSV,2026-09-18 14:15:36 +0800
1150918,2026-09-18,上市,00965,元大航太防衛科技,25.36,-0.0100,25.35,25.37,25.30,609000,15438420,154,TWSE_CSV,2026-09-18 14:15:36 +0800
1150918,2026-09-18,上市,00971,野村美國研發龍頭,17.48,0.1600,17.40,17.48,17.40,111000,1935420,45,TWSE_CSV,2026-09-18 14:15:36 +0800
1150918,2026-09-18,上市,00972,野村日本動能高息,21.92,-0.2600,22.03,22.03,21.92,42000,921430,13,TWSE_CSV,2026-09-18 14:15:36 +0800
1150918,2026-09-18,上市,009800,中信NASDAQ,13.04,0.1300,13.03,13.04,12.99,1026000,13355030,235,TWSE_CSV,2026-09-18 14:15:36 +0800
1150918,2026-09-18,上市,009801,中信美國創新科技,11.31,0.1400,11.27,11.32,11.25,620000,6999370,85,TWSE_CSV,2026-09-18 14:15:36 +0800
1150918,2026-09-18,上市,009802,富邦旗艦50,19.87,0.0800,19.94,19.96,19.71,4029000,79804060,931,TWSE_CSV,2026-09-18 14:15:36 +0800
1150918,2026-09-18,上市,009803,玉山市值動能50,21.21,0.3900,21.12,21.23,21.03,3648000,77049730,946,TWSE_CSV,2026-09-18 14:15:36 +0800
1150918,2026-09-18,上市,009804,聯邦台精彩50,23.40,0.4000,23.31,23.42,23.22,1412000,32925710,279,TWSE_CSV,2026-09-18 14:15:36 +0800
1150918,2026-09-18,上市,009805,台新美國電力基建,14.88,0.0300,14.89,14.89,14.83,2722000,40446220,759,TWSE_CSV,2026-09-18 14:15:36 +0800
1150918,2026-09-18,上市,009808,華南永昌優選50,31.67,0.4300,31.51,31.68,31.35,224000,7053230,25,TWSE_CSV,2026-09-18 14:15:36 +0800
1150918,2026-09-18,上市,009809,富邦淨零ESG50,18.39,0.2200,18.35,18.40,18.26,984000,18036300,70,TWSE_CSV,2026-09-18 14:15:36 +0800
1150918,2026-09-18,上市,00980A,主動野村臺灣優選,24.80,0.7500,24.55,24.80,24.51,7098000,174808060,1199,TWSE_CSV,2026-09-18 14:15:36 +0800
1150918,2026-09-18,上市,009810,玉山全球藍籌100,21.23,0.1100,21.25,21.27,21.21,270000,5737060,16,TWSE_CSV,2026-09-18 14:15:36 +0800
1150918,2026-09-18,上市,009811,統一美國50,13.32,0.0900,13.26,13.33,13.26,2049000,27231290,198,TWSE_CSV,2026-09-18 14:15:36 +0800
1150918,2026-09-18,上市,009812,野村日本東證,13.00,-0.0800,13.08,13.08,12.98,241000,3133900,97,TWSE_CSV,2026-09-18 14:15:36 +0800
1150918,2026-09-18,上市,009813,貝萊德標普卓越50,11.36,0.0900,11.33,11.36,11.32,1460000,16551300,238,TWSE_CSV,2026-09-18 14:15:36 +0800
1150918,2026-09-18,上市,009816,凱基台灣TOP50,16.25,0.2100,16.23,16.27,16.10,110718000,1792367080,16952,TWSE_CSV,2026-09-18 14:15:36 +0800
1150918,2026-09-18,上市,009817,國泰日本不動產,8.92,-0.1100,9.03,9.03,8.91,2023000,18109950,276,TWSE_CSV,2026-09-18 14:15:36 +0800
1150918,2026-09-18,上市,009818,華南永昌NASDAQxT,20.36,0.2800,20.08,20.36,20.08,386000,7834430,99,TWSE_CSV,2026-09-18 14:15:36 +0800
1150918,2026-09-18,上市,009819,中信數據及電力,9.67,0.1200,9.67,9.67,9.61,1555000,14994540,576,TWSE_CSV,2026-09-18 14:15:36 +0800
1150918,2026-09-18,上市,00981A,主動統一台股增長,29.07,0.9400,28.68,29.07,28.68,143163000,4135842680,30106,TWSE_CSV,2026-09-18 14:15:36 +0800
1150918,2026-09-18,上市,00981T,平衡凱基雙核收息,11.83,0.0800,11.83,11.84,11.80,1860000,21977230,168,TWSE_CSV,2026-09-18 14:15:36 +0800
1150918,2026-09-18,上市,009820,元大納斯達克精選,9.99,0.1700,9.97,10.00,9.94,8973000,89528510,851,TWSE_CSV,2026-09-18 14:15:36 +0800
1150918,2026-09-18,上市,009821,野村稀土關鍵資源,14.15,0.2000,14.07,14.19,14.07,3894000,54981640,612,TWSE_CSV,2026-09-18 14:15:36 +0800
1150918,2026-09-18,上市,009824,群益美國科技巨頭,10.19,0.1400,10.13,10.21,10.13,19635000,199788860,1764,TWSE_CSV,2026-09-18 14:15:36 +0800
1150918,2026-09-18,上市,009826,貝萊德世界股票,10.03,0.0300,10.04,10.05,10.00,10657000,106802810,1648,TWSE_CSV,2026-09-18 14:15:36 +0800
1150918,2026-09-18,上市,009827,玉山未來全球算力,10.16,0.1500,10.12,10.17,10.10,5334000,54039420,776,TWSE_CSV,2026-09-18 14:15:36 +0800
1150918,2026-09-18,上市,009828,中信台日韓PCB,9.34,0.1600,9.34,9.37,9.29,40450000,377383350,4185,TWSE_CSV,2026-09-18 14:15:36 +0800
1150918,2026-09-18,上市,009829,大華韓國KOSPI50,10.63,0.2300,10.58,10.64,10.52,17932000,189736440,1353,TWSE_CSV,2026-09-18 14:15:36 +0800
1150918,2026-09-18,上市,00982A,主動群益台灣強棒,22.83,0.6800,22.56,22.85,22.46,18916000,428455350,3826,TWSE_CSV,2026-09-18 14:15:36 +0800
1150918,2026-09-18,上市,00982D,主動富邦動態入息,9.55,0.0300,9.55,9.56,9.54,72000,687680,22,TWSE_CSV,2026-09-18 14:15:36 +0800
1150918,2026-09-18,上市,00982T,平衡兆豐台美動能,15.23,0.3100,15.12,15.25,15.07,139000,2107110,40,TWSE_CSV,2026-09-18 14:15:36 +0800
1150918,2026-09-18,上市,00983A,主動中信ARK創新,12.82,0.4300,12.71,12.83,12.71,3043000,38920770,507,TWSE_CSV,2026-09-18 14:15:36 +0800
1150918,2026-09-18,上市,00983D,主動富邦複合收益,9.78,0.0200,9.79,9.80,9.77,998000,9760420,49,TWSE_CSV,2026-09-18 14:15:36 +0800
1150918,2026-09-18,上市,00984A,主動安聯台灣高息,15.53,0.2500,15.48,15.53,15.45,3411000,52848800,757,TWSE_CSV,2026-09-18 14:15:36 +0800
1150918,2026-09-18,上市,00984D,主動聯博全球非投,9.88,0.0100,9.88,9.90,9.87,10002000,98836070,725,TWSE_CSV,2026-09-18 14:15:36 +0800
1150918,2026-09-18,上市,00985A,主動野村台灣50,23.05,0.4500,22.94,23.05,22.88,1686000,38733950,501,TWSE_CSV,2026-09-18 14:15:36 +0800
1150918,2026-09-18,上市,00985B,群益ESG投等債0-5,10.12,-0.0100,10.13,10.14,10.10,14194000,143583490,739,TWSE_CSV,2026-09-18 14:15:36 +0800
1150918,2026-09-18,上市,00986A,主動台新龍頭成長,14.35,0.1600,14.36,14.36,14.26,217000,3103090,49,TWSE_CSV,2026-09-18 14:15:36 +0800
1150918,2026-09-18,上市,00987A,主動台新優勢成長,16.63,0.8000,16.05,16.63,16.05,3204000,52835030,653,TWSE_CSV,2026-09-18 14:15:36 +0800
1150918,2026-09-18,上市,00988A,主動統一全球創新,16.30,0.3300,16.23,16.30,16.16,23221000,376671260,4455,TWSE_CSV,2026-09-18 14:15:36 +0800
1150918,2026-09-18,上市,00989A,主動摩根美國科技,17.13,0.1500,17.23,17.23,17.03,959000,16416590,65,TWSE_CSV,2026-09-18 14:15:36 +0800
1150918,2026-09-18,上市,00990A,主動元大AI新經濟,15.27,0.3800,15.09,15.29,15.09,13481000,204610690,2576,TWSE_CSV,2026-09-18 14:15:36 +0800
1150918,2026-09-18,上市,00991A,主動復華未來50,17.45,0.4900,17.35,17.45,17.29,53800000,935402530,9439,TWSE_CSV,2026-09-18 14:15:36 +0800
1150918,2026-09-18,上市,00991B,貝萊德A級公司債,14.77,0.0500,14.80,14.82,14.76,1603000,23700930,24,TWSE_CSV,2026-09-18 14:15:36 +0800
1150918,2026-09-18,上市,00992A,主動群益科技創新,18.21,0.6900,17.93,18.21,17.89,37430000,676600140,6430,TWSE_CSV,2026-09-18 14:15:36 +0800
1150918,2026-09-18,上市,00993A,主動安聯台灣,13.48,0.5300,13.24,13.48,13.24,7543000,100793630,1143,TWSE_CSV,2026-09-18 14:15:36 +0800
1150918,2026-09-18,上市,00994A,主動第一金台股優,16.60,0.0000,16.40,16.60,16.38,3152000,51986870,481,TWSE_CSV,2026-09-18 14:15:36 +0800
1150918,2026-09-18,上市,00995A,主動中信台灣卓越,17.17,0.6100,16.95,17.19,16.95,2251000,38431510,508,TWSE_CSV,2026-09-18 14:15:36 +0800
1150918,2026-09-18,上市,00996A,主動兆豐台灣豐收,14.07,0.5200,13.79,14.07,13.79,4020000,56150250,725,TWSE_CSV,2026-09-18 14:15:36 +0800
1150918,2026-09-18,上市,00997A,主動群益美國增長,11.05,0.1500,11.00,11.06,10.98,6210000,68415220,1015,TWSE_CSV,2026-09-18 14:15:36 +0800
1150918,2026-09-18,上市,00999A,主動野村臺灣高息,11.20,0.2400,11.12,11.20,11.09,10447000,116426260,1431,TWSE_CSV,2026-09-18 14:15:36 +0800
1150918,2026-09-18,上市,1101,台泥,24.35,-0.1000,24.50,24.55,24.15,21444000,521676150,4476,TWSE_CSV,2026-09-18 14:15:36 +0800
1150918,2026-09-18,上市,1102,亞泥,35.15,-0.1500,35.30,35.35,34.90,9887000,347160650,2234,TWSE_CSV,2026-09-18 14:15:36 +0800
1150918,2026-09-18,上市,1103,嘉泥,13.35,0.3000,13.10,13.35,12.95,1449000,19272150,252,TWSE_CSV,2026-09-18 14:15:36 +0800
1150918,2026-09-18,上市,1104,環泥,26.90,0.1000,26.70,26.90,26.65,731000,19587350,358,TWSE_CSV,2026-09-18 14:15:36 +0800
1150918,2026-09-18,上市,1108,幸福,11.15,0.1000,11.05,11.15,11.00,288000,3183100,141,TWSE_CSV,2026-09-18 14:15:36 +0800
1150918,2026-09-18,上市,1109,信大,13.40,0.0000,13.40,13.45,13.35,108000,1446450,73,TWSE_CSV,2026-09-18 14:15:36 +0800
1150918,2026-09-18,上市,1110,東泥,15.50,0.0000,15.50,15.55,15.35,148000,2286050,127,TWSE_CSV,2026-09-18 14:15:36 +0800
1150918,2026-09-18,上市,1201,味全,11.55,-0.5500,12.10,12.15,11.55,9781000,113173450,636,TWSE_CSV,2026-09-18 14:15:36 +0800
1150918,2026-09-18,上市,1203,味王,45.95,2.6000,43.45,46.85,42.50,25000,1095900,25,TWSE_CSV,2026-09-18 14:15:36 +0800
1150918,2026-09-18,上市,1210,大成,52.70,0.7000,52.20,52.80,52.00,1853000,97181700,1029,TWSE_CSV,2026-09-18 14:15:36 +0800
1150918,2026-09-18,上市,1213,大飲,7.40,0.3100,7.11,7.40,7.11,3000,21860,3,TWSE_CSV,2026-09-18 14:15:36 +0800
1150918,2026-09-18,上市,1215,卜蜂,109.50,2.5000,107.50,109.50,107.00,639000,69368000,403,TWSE_CSV,2026-09-18 14:15:36 +0800
1150918,2026-09-18,上市,1216,統一,75.00,-0.5000,75.50,75.50,74.90,16523000,1240846900,4098,TWSE_CSV,2026-09-18 14:15:36 +0800
1150918,2026-09-18,上市,1217,愛之味,9.98,-0.0200,9.99,10.00,9.95,432000,4311870,253,TWSE_CSV,2026-09-18 14:15:36 +0800
1150918,2026-09-18,上市,1218,泰山,14.70,0.3000,14.40,14.70,14.35,814000,11845050,284,TWSE_CSV,2026-09-18 14:15:36 +0800
1150918,2026-09-18,上市,1219,福壽,11.50,0.2500,11.30,11.55,11.30,255000,2915800,175,TWSE_CSV,2026-09-18 14:15:36 +0800
1150918,2026-09-18,上市,1220,台榮,10.85,0.0500,10.85,10.85,10.75,63000,680400,37,TWSE_CSV,2026-09-18 14:15:36 +0800
1150918,2026-09-18,上市,1225,福懋油,24.60,-0.4000,25.00,25.05,24.60,79000,1960900,57,TWSE_CSV,2026-09-18 14:15:36 +0800
1150918,2026-09-18,上市,1227,佳格,28.45,0.2500,28.20,28.55,28.15,993000,28169600,425,TWSE_CSV,2026-09-18 14:15:36 +0800
1150918,2026-09-18,上市,1229,聯華,40.85,0.5000,40.20,40.85,40.15,4994000,202761950,1530,TWSE_CSV,2026-09-18 14:15:36 +0800
1150918,2026-09-18,上市,1231,聯華食,81.00,1.5000,79.50,81.00,79.50,336000,27030100,200,TWSE_CSV,2026-09-18 14:15:36 +0800
1150918,2026-09-18,上市,1232,大統益,155.50,1.0000,155.00,155.50,154.00,87000,13488000,77,TWSE_CSV,2026-09-18 14:15:36 +0800
1150918,2026-09-18,上市,1233,天仁,28.25,0.2000,28.05,28.25,28.00,25000,703200,18,TWSE_CSV,2026-09-18 14:15:36 +0800
1150918,2026-09-18,上市,1234,黑松,33.10,-0.2500,33.35,33.40,33.10,65000,2161250,54,TWSE_CSV,2026-09-18 14:15:36 +0800
1150918,2026-09-18,上市,1235,興泰,39.10,1.6000,39.30,39.40,37.60,17000,658350,17,TWSE_CSV,2026-09-18 14:15:36 +0800
1150918,2026-09-18,上市,1236,宏亞,25.50,-0.0500,25.70,25.90,25.45,49000,1258250,49,TWSE_CSV,2026-09-18 14:15:36 +0800
1150918,2026-09-18,上市,1256,鮮活果汁-KY,172.00,1.5000,171.50,172.00,170.00,35000,5984500,34,TWSE_CSV,2026-09-18 14:15:36 +0800
1150918,2026-09-18,上市,1301,台塑,65.00,0.4000,65.40,65.60,64.20,28737000,1866239100,9025,TWSE_CSV,2026-09-18 14:15:36 +0800
1150918,2026-09-18,上市,1303,南亞,238.00,2.0000,240.50,245.00,234.00,80515000,19173751000,39075,TWSE_CSV,2026-09-18 14:15:36 +0800
1150918,2026-09-18,上市,1304,台聚,12.25,-0.3500,12.60,12.60,12.25,2402000,29735950,870,TWSE_CSV,2026-09-18 14:15:36 +0800
1150918,2026-09-18,上市,1305,華夏,11.95,-0.3500,12.35,12.35,11.95,1954000,23505700,714,TWSE_CSV,2026-09-18 14:15:36 +0800
1150918,2026-09-18,上市,1307,三芳,30.55,-0.0500,30.80,30.85,30.45,306000,9364300,165,TWSE_CSV,2026-09-18 14:15:36 +0800
1150918,2026-09-18,上市,1308,亞聚,14.10,-0.3000,14.45,14.45,14.05,1176000,16686650,544,TWSE_CSV,2026-09-18 14:15:36 +0800
1150918,2026-09-18,上市,1309,台達化,13.70,-0.4000,14.00,14.00,13.60,1961000,26993400,881,TWSE_CSV,2026-09-18 14:15:36 +0800
1150918,2026-09-18,上市,1310,台苯,8.75,-0.2800,8.99,8.99,8.73,4499000,39626020,1556,TWSE_CSV,2026-09-18 14:15:36 +0800
1150918,2026-09-18,上市,1312,國喬,14.70,-0.2500,15.10,15.15,14.50,11888000,174934350,3417,TWSE_CSV,2026-09-18 14:15:36 +0800
1150918,2026-09-18,上市,1313,聯成,12.25,-0.0500,12.25,12.30,12.05,3362000,40906800,1018,TWSE_CSV,2026-09-18 14:15:36 +0800
1150918,2026-09-18,上市,1314,中石化,8.96,0.0000,9.11,9.37,8.87,150793000,1371117940,28324,TWSE_CSV,2026-09-18 14:15:36 +0800
1150918,2026-09-18,上市,1315,達新,68.20,1.3000,67.30,68.40,66.60,87000,5891900,59,TWSE_CSV,2026-09-18 14:15:36 +0800
1150918,2026-09-18,上市,1316,上曜,10.75,0.1000,11.15,11.25,10.70,3840000,41725550,1028,TWSE_CSV,2026-09-18 14:15:36 +0800
1150918,2026-09-18,上市,1319,東陽,80.50,0.6000,80.30,80.50,79.60,1208000,96721700,897,TWSE_CSV,2026-09-18 14:15:36 +0800
1150918,2026-09-18,上市,1321,大洋,32.70,0.2000,33.00,33.00,32.55,92000,3010150,74,TWSE_CSV,2026-09-18 14:15:36 +0800
1150918,2026-09-18,上市,1323,永裕,21.40,-0.0500,21.45,21.45,21.30,19000,406400,16,TWSE_CSV,2026-09-18 14:15:36 +0800
1150918,2026-09-18,上市,1324,地球,9.99,0.0000,10.00,10.05,9.99,24000,240330,17,TWSE_CSV,2026-09-18 14:15:36 +0800
1150918,2026-09-18,上市,1325,恆大,25.65,-0.1500,25.85,25.90,25.60,181000,4653300,114,TWSE_CSV,2026-09-18 14:15:36 +0800
1150918,2026-09-18,上市,1326,台化,68.10,-0.5000,69.10,69.20,67.10,24221000,1649270200,8830,TWSE_CSV,2026-09-18 14:15:36 +0800
1150918,2026-09-18,上市,1337,再生-KY,4.45,-0.0400,4.46,4.50,4.40,502000,2226180,140,TWSE_CSV,2026-09-18 14:15:36 +0800
1150918,2026-09-18,上市,1338,廣華-KY,14.25,-0.1000,14.30,14.30,14.20,62000,882100,42,TWSE_CSV,2026-09-18 14:15:36 +0800
1150918,2026-09-18,上市,1339,昭輝,43.30,0.1000,42.95,43.50,42.90,89000,3840450,54,TWSE_CSV,2026-09-18 14:15:36 +0800
1150918,2026-09-18,上市,1340,勝悅-KY,5.20,0.0500,5.21,5.21,5.16,55000,285540,45,TWSE_CSV,2026-09-18 14:15:36 +0800
1150918,2026-09-18,上市,1341,富林-KY,59.70,0.5000,60.00,60.00,59.70,3000,179700,3,TWSE_CSV,2026-09-18 14:15:36 +0800
1150918,2026-09-18,上市,1342,八貫,102.00,1.5000,101.00,102.00,100.50,117000,11844000,95,TWSE_CSV,2026-09-18 14:15:36 +0800
1150918,2026-09-18,上市,1402,遠東新,28.10,0.0000,28.10,28.15,27.70,16174000,452590050,3956,TWSE_CSV,2026-09-18 14:15:36 +0800
1150918,2026-09-18,上市,1409,新纖,24.50,-0.3000,25.15,25.15,24.50,7508000,185118050,3340,TWSE_CSV,2026-09-18 14:15:36 +0800
1150918,2026-09-18,上市,1410,南染,24.35,0.1000,24.40,24.65,24.30,20000,488300,18,TWSE_CSV,2026-09-18 14:15:36 +0800
1150918,2026-09-18,上市,1413,宏洲,9.24,0.0300,9.11,9.29,9.04,35000,319740,19,TWSE_CSV,2026-09-18 14:15:36 +0800
1150918,2026-09-18,上市,1414,東和,17.35,-0.0500,17.30,17.35,17.05,135000,2319150,107,TWSE_CSV,2026-09-18 14:15:36 +0800
1150918,2026-09-18,上市,1416,廣豐,11.50,0.2000,11.30,11.50,11.30,245000,2791400,109,TWSE_CSV,2026-09-18 14:15:36 +0800
1150918,2026-09-18,上市,1417,嘉裕,8.02,0.0000,8.12,8.12,7.97,237000,1901660,68,TWSE_CSV,2026-09-18 14:15:36 +0800
1150918,2026-09-18,上市,1418,東華,17.65,0.0500,17.55,17.75,17.40,23000,403900,9,TWSE_CSV,2026-09-18 14:15:36 +0800
1150918,2026-09-18,上市,1419,新紡,66.40,0.2000,66.30,66.70,66.00,61000,4045300,50,TWSE_CSV,2026-09-18 14:15:36 +0800
1150918,2026-09-18,上市,1423,利華,35.50,0.5000,35.00,35.50,35.00,14000,491200,10,TWSE_CSV,2026-09-18 14:15:36 +0800
1150918,2026-09-18,上市,1432,大魯閣,15.00,0.1000,15.00,15.05,14.95,43000,644750,35,TWSE_CSV,2026-09-18 14:15:36 +0800
1150918,2026-09-18,上市,1434,福懋,17.80,-0.0500,18.00,18.00,17.70,1553000,27636700,585,TWSE_CSV,2026-09-18 14:15:36 +0800
1150918,2026-09-18,上市,1435,中福,23.00,0.6000,22.90,23.00,22.55,14000,320350,14,TWSE_CSV,2026-09-18 14:15:36 +0800
1150918,2026-09-18,上市,1436,華友聯,38.65,1.9500,38.10,39.40,38.10,631000,24420050,434,TWSE_CSV,2026-09-18 14:15:36 +0800
1150918,2026-09-18,上市,1437,勤益控,33.10,0.6500,32.50,33.10,32.45,325000,10644750,156,TWSE_CSV,2026-09-18 14:15:36 +0800
1150918,2026-09-18,上市,1438,三地開發,22.40,1.0000,22.20,22.75,22.00,89000,1997750,60,TWSE_CSV,2026-09-18 14:15:36 +0800
1150918,2026-09-18,上市,1439,雋揚,29.10,0.5500,29.50,29.50,29.00,8000,233850,8,TWSE_CSV,2026-09-18 14:15:36 +0800
1150918,2026-09-18,上市,1440,南紡,13.45,0.0000,13.55,13.55,13.30,1154000,15481000,515,TWSE_CSV,2026-09-18 14:15:36 +0800
1150918,2026-09-18,上市,1442,名軒,31.40,0.5000,31.00,31.55,30.90,1173000,36591600,613,TWSE_CSV,2026-09-18 14:15:36 +0800
1150918,2026-09-18,上市,1443,立益物流,23.50,0.1500,23.95,23.95,23.45,9000,212750,9,TWSE_CSV,2026-09-18 14:15:36 +0800
1150918,2026-09-18,上市,1444,力麗,6.81,-0.2000,7.03,7.05,6.81,1560000,10744260,603,TWSE_CSV,2026-09-18 14:15:36 +0800
1150918,2026-09-18,上市,1445,大宇,10.20,0.2000,10.10,10.20,10.10,45000,456300,19,TWSE_CSV,2026-09-18 14:15:36 +0800
1150918,2026-09-18,上市,1446,宏和,13.75,0.2000,13.80,13.85,13.65,179000,2464850,91,TWSE_CSV,2026-09-18 14:15:36 +0800
1150918,2026-09-18,上市,1447,力鵬,6.47,-0.1600,6.63,6.63,6.44,943000,6110520,458,TWSE_CSV,2026-09-18 14:15:36 +0800
1150918,2026-09-18,上市,1449,佳和,12.30,0.0000,12.30,12.45,12.20,264000,3241600,131,TWSE_CSV,2026-09-18 14:15:36 +0800
1150918,2026-09-18,上市,1451,年興,17.10,0.0000,17.10,17.10,17.05,48000,820600,21,TWSE_CSV,2026-09-18 14:15:36 +0800
1150918,2026-09-18,上市,1452,宏益,10.80,0.0000,10.80,10.85,10.75,59000,637650,29,TWSE_CSV,2026-09-18 14:15:36 +0800
1150918,2026-09-18,上市,1453,大將,11.10,0.1500,11.35,11.35,10.95,68000,757050,46,TWSE_CSV,2026-09-18 14:15:36 +0800
1150918,2026-09-18,上市,1454,台富,12.60,0.0000,12.90,12.90,12.55,12000,151850,11,TWSE_CSV,2026-09-18 14:15:36 +0800
1150918,2026-09-18,上市,1455,集盛,9.95,0.0600,9.92,9.95,9.74,987000,9727630,345,TWSE_CSV,2026-09-18 14:15:36 +0800
1150918,2026-09-18,上市,1456,怡華,14.05,0.1500,14.20,14.40,14.00,93000,1314700,56,TWSE_CSV,2026-09-18 14:15:36 +0800
1150918,2026-09-18,上市,1457,宜進,14.55,0.1000,14.45,14.55,14.45,152000,2203900,52,TWSE_CSV,2026-09-18 14:15:36 +0800
1150918,2026-09-18,上市,1459,聯發,15.60,-0.1500,15.85,15.90,15.60,166000,2600250,57,TWSE_CSV,2026-09-18 14:15:36 +0800
1150918,2026-09-18,上市,1460,宏遠,6.38,0.0000,6.38,6.40,6.35,151000,961910,102,TWSE_CSV,2026-09-18 14:15:36 +0800
1150918,2026-09-18,上市,1463,強盛新,17.50,0.0500,17.40,17.50,17.30,31000,538050,13,TWSE_CSV,2026-09-18 14:15:36 +0800
1150918,2026-09-18,上市,1464,得力,9.95,0.0100,9.98,9.98,9.93,141000,1401830,89,TWSE_CSV,2026-09-18 14:15:36 +0800
1150918,2026-09-18,上市,1465,偉全,11.70,0.1500,11.55,11.75,11.55,209000,2432150,120,TWSE_CSV,2026-09-18 14:15:36 +0800
1150918,2026-09-18,上市,1466,聚隆,15.00,0.0500,15.05,15.05,14.85,200000,2991200,102,TWSE_CSV,2026-09-18 14:15:36 +0800
1150918,2026-09-18,上市,1467,南緯,8.10,-0.0400,8.29,8.29,8.10,107000,871640,81,TWSE_CSV,2026-09-18 14:15:36 +0800
1150918,2026-09-18,上市,1468,昶和,13.25,0.1500,13.00,13.30,12.90,56000,730800,38,TWSE_CSV,2026-09-18 14:15:36 +0800
1150918,2026-09-18,上市,1470,大統新創,24.50,0.2500,24.10,24.50,24.10,10000,244100,10,TWSE_CSV,2026-09-18 14:15:36 +0800
1150918,2026-09-18,上市,1471,首利,9.36,0.0100,9.44,9.55,9.35,171000,1611790,91,TWSE_CSV,2026-09-18 14:15:36 +0800
1150918,2026-09-18,上市,1472,三洋實業,87.40,-0.1000,87.00,87.70,86.90,102000,8905800,33,TWSE_CSV,2026-09-18 14:15:36 +0800
1150918,2026-09-18,上市,1473,台南,19.80,0.0000,19.75,19.80,19.70,50000,986500,30,TWSE_CSV,2026-09-18 14:15:36 +0800
1150918,2026-09-18,上市,1474,弘裕,10.05,0.0000,10.10,10.10,9.91,46000,460330,35,TWSE_CSV,2026-09-18 14:15:36 +0800
1150918,2026-09-18,上市,1475,業旺,26.25,0.2000,25.85,26.40,25.85,12000,312300,9,TWSE_CSV,2026-09-18 14:15:36 +0800
1150918,2026-09-18,上市,1476,儒鴻,282.00,-2.0000,284.50,285.50,282.00,1045000,295766000,666,TWSE_CSV,2026-09-18 14:15:36 +0800
1150918,2026-09-18,上市,1477,聚陽,194.00,0.0000,193.00,194.50,192.00,2044000,395207000,1178,TWSE_CSV,2026-09-18 14:15:36 +0800
1150918,2026-09-18,上市,1503,士電,199.50,2.0000,199.00,200.00,197.00,1079000,214299000,679,TWSE_CSV,2026-09-18 14:15:36 +0800
1150918,2026-09-18,上市,1504,東元,69.50,-1.4000,71.00,71.20,69.50,8105000,566965400,4610,TWSE_CSV,2026-09-18 14:15:36 +0800
1150918,2026-09-18,上市,1506,正道,9.76,-0.0400,9.81,9.83,9.70,104000,1015000,51,TWSE_CSV,2026-09-18 14:15:36 +0800
1150918,2026-09-18,上市,1512,瑞利,6.26,0.0700,6.19,6.33,6.19,42000,262120,19,TWSE_CSV,2026-09-18 14:15:36 +0800
1150918,2026-09-18,上市,1513,中興電,167.00,2.0000,166.50,167.50,165.00,2603000,433120500,1461,TWSE_CSV,2026-09-18 14:15:36 +0800
1150918,2026-09-18,上市,1514,亞力,101.50,0.5000,102.00,102.00,100.50,660000,66852500,424,TWSE_CSV,2026-09-18 14:15:36 +0800
1150918,2026-09-18,上市,1515,力山,30.60,1.3000,29.70,30.60,28.65,893000,26490250,508,TWSE_CSV,2026-09-18 14:15:36 +0800
1150918,2026-09-18,上市,1516,川飛,13.60,0.2500,13.35,13.65,13.05,178000,2391150,85,TWSE_CSV,2026-09-18 14:15:36 +0800
1150918,2026-09-18,上市,1517,利奇,10.45,-0.0500,10.55,10.55,10.40,221000,2311250,148,TWSE_CSV,2026-09-18 14:15:36 +0800
1150918,2026-09-18,上市,1519,華城,721.00,16.0000,713.00,722.00,712.00,1228000,882607000,732,TWSE_CSV,2026-09-18 14:15:36 +0800
1150918,2026-09-18,上市,1521,大億,24.95,-0.2000,25.20,25.20,24.95,19000,474950,16,TWSE_CSV,2026-09-18 14:15:36 +0800
1150918,2026-09-18,上市,1522,堤維西,26.00,0.1500,26.40,27.00,25.70,838000,22011400,490,TWSE_CSV,2026-09-18 14:15:36 +0800
1150918,2026-09-18,上市,1524,耿鼎,26.10,0.1500,26.25,26.35,26.10,255000,6675350,148,TWSE_CSV,2026-09-18 14:15:36 +0800
1150918,2026-09-18,上市,1525,江申,65.00,0.0000,64.10,65.00,64.00,8000,517100,8,TWSE_CSV,2026-09-18 14:15:36 +0800
1150918,2026-09-18,上市,1526,日馳,15.00,0.2500,14.85,15.20,14.80,171000,2566950,64,TWSE_CSV,2026-09-18 14:15:36 +0800
1150918,2026-09-18,上市,1527,鑽全,32.35,0.0000,32.40,32.60,32.35,233000,7545500,77,TWSE_CSV,2026-09-18 14:15:36 +0800
1150918,2026-09-18,上市,1528,恩德,24.60,0.5000,24.10,24.70,23.60,7737000,187261050,3997,TWSE_CSV,2026-09-18 14:15:36 +0800
1150918,2026-09-18,上市,1529,樂事綠能,15.25,0.4500,14.85,15.40,14.80,1357000,20462100,682,TWSE_CSV,2026-09-18 14:15:36 +0800
1150918,2026-09-18,上市,1530,亞崴,27.00,-0.2000,27.30,27.30,27.00,23000,622650,20,TWSE_CSV,2026-09-18 14:15:36 +0800
1150918,2026-09-18,上市,1531,高林股,11.80,0.0500,11.75,11.85,11.65,196000,2298850,91,TWSE_CSV,2026-09-18 14:15:36 +0800
1150918,2026-09-18,上市,1532,勤美,22.85,0.4000,22.60,22.90,22.60,541000,12341100,236,TWSE_CSV,2026-09-18 14:15:36 +0800
1150918,2026-09-18,上市,1533,車王電,30.55,-0.1000,31.25,31.25,30.40,96000,2938700,69,TWSE_CSV,2026-09-18 14:15:36 +0800
1150918,2026-09-18,上市,1535,中宇,45.90,1.0000,45.00,46.20,45.00,48000,2191150,39,TWSE_CSV,2026-09-18 14:15:36 +0800
1150918,2026-09-18,上市,1536,和大,46.35,-0.3000,46.70,46.90,46.20,944000,43815750,587,TWSE_CSV,2026-09-18 14:15:36 +0800
1150918,2026-09-18,上市,1537,廣隆,117.00,1.5000,115.00,117.00,114.50,161000,18714000,94,TWSE_CSV,2026-09-18 14:15:36 +0800
1150918,2026-09-18,上市,1538,正峰,,0.0000,,,,,,,TWSE_CSV,2026-09-18 14:15:36 +0800
1150918,2026-09-18,上市,1539,巨庭,15.75,0.2000,16.10,16.10,15.55,42000,664550,35,TWSE_CSV,2026-09-18 14:15:36 +0800
1150918,2026-09-18,上市,1540,喬福,19.65,0.1500,19.75,19.75,19.50,51000,998950,48,TWSE_CSV,2026-09-18 14:15:36 +0800
1150918,2026-09-18,上市,1541,錩泰,21.20,0.3500,20.75,21.30,20.75,10000,210250,9,TWSE_CSV,2026-09-18 14:15:36 +0800
1150918,2026-09-18,上市,1558,伸興,111.00,1.0000,109.00,111.00,109.00,137000,15154000,88,TWSE_CSV,2026-09-18 14:15:36 +0800
1150918,2026-09-18,上市,1560,中砂,896.00,81.0000,855.00,896.00,813.00,5986000,5144951000,4648,TWSE_CSV,2026-09-18 14:15:36 +0800
1150918,2026-09-18,上市,1563,巧新,73.80,-2.4000,76.40,76.40,73.80,384000,28665000,292,TWSE_CSV,2026-09-18 14:15:36 +0800
1150918,2026-09-18,上市,1568,倉佑,30.65,0.3000,30.55,30.90,29.90,294000,8916300,232,TWSE_CSV,2026-09-18 14:15:36 +0800
1150918,2026-09-18,上市,1582,信錦,70.90,0.4000,70.80,71.30,70.50,262000,18557600,186,TWSE_CSV,2026-09-18 14:15:36 +0800
1150918,2026-09-18,上市,1583,程泰,47.30,1.0000,48.20,48.20,47.30,22000,1052350,19,TWSE_CSV,2026-09-18 14:15:36 +0800
1150918,2026-09-18,上市,1587,吉茂,23.75,0.0000,23.40,23.75,23.30,83000,1956100,62,TWSE_CSV,2026-09-18 14:15:36 +0800
1150918,2026-09-18,上市,1590,亞德客-KY,1220.00,-25.0000,1250.00,1270.00,1220.00,1407000,1739475000,748,TWSE_CSV,2026-09-18 14:15:36 +0800
1150918,2026-09-18,上市,1597,直得,138.50,0.5000,140.50,140.50,137.00,629000,87378500,536,TWSE_CSV,2026-09-18 14:15:36 +0800
1150918,2026-09-18,上市,1598,岱宇,20.00,-0.3000,20.35,20.45,20.00,150000,3020000,101,TWSE_CSV,2026-09-18 14:15:36 +0800
1150918,2026-09-18,上市,1603,華電,30.30,0.0500,30.35,30.35,30.10,110000,3320650,75,TWSE_CSV,2026-09-18 14:15:36 +0800
1150918,2026-09-18,上市,1604,聲寶,23.55,0.0500,23.50,23.60,23.40,139000,3269250,109,TWSE_CSV,2026-09-18 14:15:36 +0800
1150918,2026-09-18,上市,1605,華新,37.10,-0.0500,37.50,37.55,36.65,31382000,1161805000,7355,TWSE_CSV,2026-09-18 14:15:36 +0800
1150918,2026-09-18,上市,1608,華榮,35.80,-0.3000,36.20,36.40,35.70,1574000,56475500,1053,TWSE_CSV,2026-09-18 14:15:36 +0800
1150918,2026-09-18,上市,1609,大亞,38.00,0.3500,37.95,38.00,37.50,3149000,119112950,1533,TWSE_CSV,2026-09-18 14:15:36 +0800
1150918,2026-09-18,上市,1611,中電,11.10,-0.4000,11.45,11.70,11.10,7638000,85050900,603,TWSE_CSV,2026-09-18 14:15:36 +0800
1150918,2026-09-18,上市,1612,宏泰,35.05,0.1000,35.10,35.10,34.75,424000,14812150,239,TWSE_CSV,2026-09-18 14:15:36 +0800
1150918,2026-09-18,上市,1614,三洋電,31.20,0.2500,31.05,31.40,31.00,59000,1841050,54,TWSE_CSV,2026-09-18 14:15:36 +0800
1150918,2026-09-18,上市,1615,大山,42.70,-0.4000,43.15,43.40,42.70,111000,4773400,62,TWSE_CSV,2026-09-18 14:15:36 +0800
1150918,2026-09-18,上市,1616,億泰,18.50,0.0500,18.45,18.60,18.30,252000,4650350,129,TWSE_CSV,2026-09-18 14:15:36 +0800
1150918,2026-09-18,上市,1617,榮星,18.55,0.1000,18.70,18.85,18.35,375000,6974050,231,TWSE_CSV,2026-09-18 14:15:36 +0800
1150918,2026-09-18,上市,1618,合機,39.35,0.4000,39.20,39.35,38.95,335000,13131600,166,TWSE_CSV,2026-09-18 14:15:36 +0800
1150918,2026-09-18,上市,1623,大東電,208.50,4.5000,205.50,208.50,202.00,88000,18103500,70,TWSE_CSV,2026-09-18 14:15:36 +0800
1150918,2026-09-18,上市,1626,艾美特-KY,9.75,0.0600,9.56,9.75,9.56,94000,901200,18,TWSE_CSV,2026-09-18 14:15:36 +0800
1150918,2026-09-18,上市,1702,南僑,32.95,0.2500,32.75,32.95,32.65,186000,6105900,131,TWSE_CSV,2026-09-18 14:15:36 +0800
1150918,2026-09-18,上市,1707,葡萄王,87.30,0.3000,87.10,87.30,86.60,298000,25965800,181,TWSE_CSV,2026-09-18 14:15:36 +0800
1150918,2026-09-18,上市,1708,東鹼,50.70,-0.4000,51.50,51.50,50.40,2235000,113320700,1330,TWSE_CSV,2026-09-18 14:15:36 +0800
1150918,2026-09-18,上市,1709,和益,39.20,-3.7500,41.85,42.00,38.70,47867000,1890511550,21104,TWSE_CSV,2026-09-18 14:15:36 +0800
1150918,2026-09-18,上市,1710,東聯,16.35,-0.3000,16.65,16.70,16.05,5793000,94605600,1945,TWSE_CSV,2026-09-18 14:15:36 +0800
1150918,2026-09-18,上市,1711,永光,39.40,-0.2000,40.15,40.20,39.10,2609000,103013700,1635,TWSE_CSV,2026-09-18 14:15:36 +0800
1150918,2026-09-18,上市,1712,興農,40.05,0.3000,39.85,40.05,39.65,582000,23230100,321,TWSE_CSV,2026-09-18 14:15:36 +0800
1150918,2026-09-18,上市,1713,國化,41.85,0.0500,41.85,41.90,41.30,441000,18364800,232,TWSE_CSV,2026-09-18 14:15:36 +0800
1150918,2026-09-18,上市,1714,和桐,15.70,-0.3500,16.25,16.25,15.65,7582000,119885650,2807,TWSE_CSV,2026-09-18 14:15:36 +0800
1150918,2026-09-18,上市,1717,長興,71.40,0.1000,72.00,72.50,70.80,6680000,477394900,3377,TWSE_CSV,2026-09-18 14:15:36 +0800
1150918,2026-09-18,上市,1718,中纖,10.60,-0.3000,11.05,11.05,10.60,13406000,143661600,3366,TWSE_CSV,2026-09-18 14:15:36 +0800
1150918,2026-09-18,上市,1720,生達,56.00,-0.1000,56.10,56.30,55.90,139000,7794700,76,TWSE_CSV,2026-09-18 14:15:36 +0800
1150918,2026-09-18,上市,1721,國慶科技,22.00,-0.1500,22.40,22.40,21.60,658000,14412300,371,TWSE_CSV,2026-09-18 14:15:36 +0800
1150918,2026-09-18,上市,1722,台肥,42.40,0.2500,42.25,42.50,42.15,2800000,118591200,1436,TWSE_CSV,2026-09-18 14:15:36 +0800
1150918,2026-09-18,上市,1723,中碳,80.60,-0.4000,81.20,81.60,80.60,503000,40709300,324,TWSE_CSV,2026-09-18 14:15:36 +0800
1150918,2026-09-18,上市,1725,元禎,34.00,0.4000,33.55,34.60,33.55,45000,1527600,42,TWSE_CSV,2026-09-18 14:15:36 +0800
1150918,2026-09-18,上市,1726,永記,76.90,0.0000,78.10,78.10,76.80,18000,1386100,17,TWSE_CSV,2026-09-18 14:15:36 +0800
1150918,2026-09-18,上市,1727,中華化,106.00,1.0000,105.00,109.50,102.00,16416000,1724501500,9141,TWSE_CSV,2026-09-18 14:15:36 +0800
1150918,2026-09-18,上市,1730,花仙子,51.30,0.0000,51.50,51.50,51.30,8000,411300,7,TWSE_CSV,2026-09-18 14:15:36 +0800
1150918,2026-09-18,上市,1731,美吾華,20.90,-0.0500,20.95,20.95,20.80,73000,1525250,41,TWSE_CSV,2026-09-18 14:15:36 +0800
1150918,2026-09-18,上市,1732,毛寶,26.05,0.1000,25.90,26.05,25.90,30000,779450,24,TWSE_CSV,2026-09-18 14:15:36 +0800
1150918,2026-09-18,上市,1733,五鼎,30.15,-0.2000,30.70,30.70,30.15,83000,2521050,55,TWSE_CSV,2026-09-18 14:15:36 +0800
1150918,2026-09-18,上市,1734,杏輝,32.80,1.3000,31.40,32.80,31.30,210000,6709200,151,TWSE_CSV,2026-09-18 14:15:36 +0800
1150918,2026-09-18,上市,1735,日勝化,20.55,0.6500,19.85,20.65,19.80,87000,1772300,61,TWSE_CSV,2026-09-18 14:15:36 +0800
1150918,2026-09-18,上市,1736,喬山,125.50,-3.5000,128.50,129.00,124.50,748000,94222000,526,TWSE_CSV,2026-09-18 14:15:36 +0800
1150918,2026-09-18,上市,1737,臺鹽,29.30,-1.3000,30.50,30.65,29.30,4377000,128423000,586,TWSE_CSV,2026-09-18 14:15:36 +0800
1150918,2026-09-18,上市,1752,南光,31.35,0.0500,31.30,31.45,31.30,30000,940500,25,TWSE_CSV,2026-09-18 14:15:36 +0800
1150918,2026-09-18,上市,1760,寶齡富錦,53.60,-0.8000,54.80,54.80,53.60,171000,9201900,110,TWSE_CSV,2026-09-18 14:15:36 +0800
1150918,2026-09-18,上市,1762,中化生,34.10,0.3000,33.80,34.10,33.50,53000,1790650,44,TWSE_CSV,2026-09-18 14:15:36 +0800
1150918,2026-09-18,上市,1773,勝一,163.50,0.5000,163.50,164.00,161.50,432000,70347000,331,TWSE_CSV,2026-09-18 14:15:36 +0800
1150918,2026-09-18,上市,1776,展宇,18.30,-0.2500,18.60,18.90,18.10,140000,2601250,94,TWSE_CSV,2026-09-18 14:15:36 +0800
1150918,2026-09-18,上市,1783,和康生,36.70,0.4000,36.40,36.70,36.30,100000,3647550,69,TWSE_CSV,2026-09-18 14:15:36 +0800
1150918,2026-09-18,上市,1786,科妍,43.55,-0.2000,43.75,44.65,43.40,244000,10710050,165,TWSE_CSV,2026-09-18 14:15:36 +0800
1150918,2026-09-18,上市,1789,神隆,19.00,-0.6000,19.40,19.40,18.80,1035000,19669300,615,TWSE_CSV,2026-09-18 14:15:36 +0800
1150918,2026-09-18,上市,1795,美時,180.00,0.0000,180.00,181.00,178.50,626000,112418500,496,TWSE_CSV,2026-09-18 14:15:36 +0800
1150918,2026-09-18,上市,1802,台玻,58.80,0.3000,59.50,61.30,57.90,33005000,1949742300,16114,TWSE_CSV,2026-09-18 14:15:36 +0800
1150918,2026-09-18,上市,1805,寶徠,10.20,0.0500,10.30,10.30,10.10,68000,694000,44,TWSE_CSV,2026-09-18 14:15:36 +0800
1150918,2026-09-18,上市,1806,冠軍,8.01,0.0400,7.97,8.01,7.95,88000,702570,65,TWSE_CSV,2026-09-18 14:15:36 +0800
1150918,2026-09-18,上市,1808,潤隆,35.90,1.7500,36.00,37.15,35.10,4335000,155862950,1710,TWSE_CSV,2026-09-18 14:15:36 +0800
1150918,2026-09-18,上市,1809,中釉,38.60,1.3000,38.00,39.10,37.50,2465000,94771900,1272,TWSE_CSV,2026-09-18 14:15:36 +0800
1150918,2026-09-18,上市,1810,和成,24.05,0.3500,23.95,24.10,23.70,1294000,30882450,669,TWSE_CSV,2026-09-18 14:15:36 +0800
1150918,2026-09-18,上市,1817,凱撒衛,40.45,0.2000,40.25,40.45,40.25,44000,1776300,33,TWSE_CSV,2026-09-18 14:15:36 +0800
1150918,2026-09-18,上市,1903,士紙,46.15,-1.0000,47.30,47.75,46.15,156000,7268500,99,TWSE_CSV,2026-09-18 14:15:36 +0800
1150918,2026-09-18,上市,1904,正隆,24.75,-0.2500,24.90,25.00,24.70,1011000,25080000,588,TWSE_CSV,2026-09-18 14:15:36 +0800
1150918,2026-09-18,上市,1905,華紙,13.25,-0.2500,13.50,13.50,13.25,1559000,20722100,650,TWSE_CSV,2026-09-18 14:15:36 +0800
1150918,2026-09-18,上市,1906,寶隆,10.90,0.0500,10.95,11.00,10.75,72000,780750,50,TWSE_CSV,2026-09-18 14:15:36 +0800
1150918,2026-09-18,上市,1907,永豐餘,29.25,-0.2000,29.40,29.55,29.25,663000,19465200,371,TWSE_CSV,2026-09-18 14:15:36 +0800
1150918,2026-09-18,上市,1909,榮成,10.15,-0.1500,10.30,10.35,10.15,1394000,14248700,506,TWSE_CSV,2026-09-18 14:15:36 +0800
1150918,2026-09-18,上市,2002,中鋼,18.75,0.0500,18.80,18.85,18.70,25134000,471922250,4677,TWSE_CSV,2026-09-18 14:15:36 +0800
1150918,2026-09-18,上市,2006,東和鋼鐵,87.60,5.1000,83.00,89.00,82.90,4782000,415503200,3279,TWSE_CSV,2026-09-18 14:15:36 +0800
1150918,2026-09-18,上市,2007,燁興,6.91,0.1000,6.92,6.92,6.88,115000,794060,83,TWSE_CSV,2026-09-18 14:15:36 +0800
1150918,2026-09-18,上市,2008,高興昌,30.95,0.0500,30.90,31.15,30.55,17000,524800,17,TWSE_CSV,2026-09-18 14:15:36 +0800
1150918,2026-09-18,上市,2009,第一銅,39.60,0.4000,39.65,39.70,39.20,981000,38702050,562,TWSE_CSV,2026-09-18 14:15:36 +0800
1150918,2026-09-18,上市,2010,春源,22.00,0.1000,22.00,22.00,21.80,548000,12003500,352,TWSE_CSV,2026-09-18 14:15:36 +0800
1150918,2026-09-18,上市,2012,春雨,14.20,0.1000,14.10,14.20,14.00,52000,733850,41,TWSE_CSV,2026-09-18 14:15:36 +0800
1150918,2026-09-18,上市,2013,中鋼構,41.10,-0.2500,41.60,41.70,41.10,110000,4547150,72,TWSE_CSV,2026-09-18 14:15:36 +0800
1150918,2026-09-18,上市,2014,中鴻,16.55,0.0000,16.55,16.65,16.45,1511000,25021250,491,TWSE_CSV,2026-09-18 14:15:36 +0800
1150918,2026-09-18,上市,2015,豐興,65.00,0.8000,64.20,65.00,64.20,186000,12021300,152,TWSE_CSV,2026-09-18 14:15:36 +0800
1150918,2026-09-18,上市,2017,官田鋼,8.91,0.1700,8.81,9.00,8.74,562000,4977020,303,TWSE_CSV,2026-09-18 14:15:36 +0800
1150918,2026-09-18,上市,2020,美亞,21.40,-0.1000,21.50,21.70,21.40,236000,5074450,129,TWSE_CSV,2026-09-18 14:15:36 +0800
1150918,2026-09-18,上市,2022,聚亨,7.19,0.0100,7.21,7.21,7.10,297000,2130940,114,TWSE_CSV,2026-09-18 14:15:36 +0800
1150918,2026-09-18,上市,2023,燁輝,13.60,-0.1000,13.85,13.85,13.60,1698000,23171000,591,TWSE_CSV,2026-09-18 14:15:36 +0800
1150918,2026-09-18,上市,2024,志聯,13.00,0.1000,12.85,13.00,12.85,14000,181300,13,TWSE_CSV,2026-09-18 14:15:36 +0800
1150918,2026-09-18,上市,2025,千興,12.40,0.0500,12.35,12.45,12.25,193000,2379000,94,TWSE_CSV,2026-09-18 14:15:36 +0800
1150918,2026-09-18,上市,2027,大成鋼,47.35,0.2500,47.30,47.65,46.90,12322000,583135550,2790,TWSE_CSV,2026-09-18 14:15:36 +0800
1150918,2026-09-18,上市,2028,威致,15.70,0.1000,15.65,15.75,15.60,31000,486250,29,TWSE_CSV,2026-09-18 14:15:36 +0800
1150918,2026-09-18,上市,2029,盛餘,20.90,0.0500,20.85,21.05,20.80,209000,4367500,154,TWSE_CSV,2026-09-18 14:15:36 +0800
1150918,2026-09-18,上市,2030,彰源,24.95,1.4500,23.75,24.95,23.45,6000000,146943950,2628,TWSE_CSV,2026-09-18 14:15:36 +0800
1150918,2026-09-18,上市,2031,新光鋼,45.00,0.7000,44.25,45.00,44.25,805000,36030150,414,TWSE_CSV,2026-09-18 14:15:36 +0800
1150918,2026-09-18,上市,2032,新鋼,17.10,0.2500,17.05,17.15,16.85,483000,8232700,236,TWSE_CSV,2026-09-18 14:15:36 +0800
1150918,2026-09-18,上市,2033,佳大,33.90,3.0500,32.45,33.90,31.50,4570000,152928200,1805,TWSE_CSV,2026-09-18 14:15:36 +0800
1150918,2026-09-18,上市,2034,允強,21.45,0.4000,21.00,21.45,20.90,2168000,46076100,979,TWSE_CSV,2026-09-18 14:15:36 +0800
1150918,2026-09-18,上市,2038,海光,12.15,0.0500,12.10,12.20,12.05,101000,1223750,82,TWSE_CSV,2026-09-18 14:15:36 +0800
1150918,2026-09-18,上市,2049,上銀,334.50,-1.5000,339.50,341.50,331.00,2610000,875132000,1571,TWSE_CSV,2026-09-18 14:15:36 +0800
1150918,2026-09-18,上市,2059,川湖,12495.00,200.0000,12600.00,12730.00,12230.00,447000,5580935000,392,TWSE_CSV,2026-09-18 14:15:36 +0800
1150918,2026-09-18,上市,2062,橋椿,18.30,0.2500,18.10,18.30,18.10,98000,1788950,74,TWSE_CSV,2026-09-18 14:15:36 +0800
1150918,2026-09-18,上市,2069,運錩,24.50,0.3000,24.15,24.80,24.10,980000,24053350,565,TWSE_CSV,2026-09-18 14:15:36 +0800
1150918,2026-09-18,上市,2072,世紀風電,130.00,1.0000,130.00,132.50,130.00,239000,31301500,193,TWSE_CSV,2026-09-18 14:15:36 +0800
1150918,2026-09-18,上市,2101,南港,30.60,0.2500,30.90,30.90,30.45,1368000,41887900,660,TWSE_CSV,2026-09-18 14:15:36 +0800
1150918,2026-09-18,上市,2102,泰豐,17.25,-0.8500,17.90,18.15,17.25,5934000,102579800,392,TWSE_CSV,2026-09-18 14:15:36 +0800
1150918,2026-09-18,上市,2103,台橡,27.60,-0.6000,28.35,28.35,27.30,4393000,121683150,1722,TWSE_CSV,2026-09-18 14:15:36 +0800
1150918,2026-09-18,上市,2104,國際中橡,10.55,-0.2000,10.75,10.75,10.50,2579000,27325050,743,TWSE_CSV,2026-09-18 14:15:36 +0800
1150918,2026-09-18,上市,2105,正新,30.00,-0.1000,30.30,30.30,30.00,6613000,198676050,2014,TWSE_CSV,2026-09-18 14:15:36 +0800
1150918,2026-09-18,上市,2106,建大,16.40,-0.2500,16.55,16.70,16.40,2184000,35989000,676,TWSE_CSV,2026-09-18 14:15:36 +0800
1150918,2026-09-18,上市,2107,厚生,27.30,0.4500,27.05,27.30,26.80,388000,10512850,211,TWSE_CSV,2026-09-18 14:15:36 +0800
1150918,2026-09-18,上市,2108,南帝,28.60,-0.4000,29.05,29.10,28.60,505000,14490450,319,TWSE_CSV,2026-09-18 14:15:36 +0800
1150918,2026-09-18,上市,2109,華豐,14.70,-0.1000,14.95,14.95,14.65,169000,2497700,99,TWSE_CSV,2026-09-18 14:15:36 +0800
1150918,2026-09-18,上市,2114,鑫永銓,89.50,0.4000,89.40,89.80,89.00,16000,1432400,14,TWSE_CSV,2026-09-18 14:15:36 +0800
1150918,2026-09-18,上市,2115,六暉-KY,23.80,-0.1500,24.00,24.00,23.75,32000,763250,23,TWSE_CSV,2026-09-18 14:15:36 +0800
1150918,2026-09-18,上市,2201,裕隆,29.60,-1.0000,30.75,30.75,29.60,12494000,372096500,2827,TWSE_CSV,2026-09-18 14:15:36 +0800
1150918,2026-09-18,上市,2204,中華,52.70,0.1000,52.90,53.00,52.50,573000,30209600,355,TWSE_CSV,2026-09-18 14:15:36 +0800
1150918,2026-09-18,上市,2206,三陽工業,64.10,0.1000,64.30,64.60,63.30,2447000,156627300,551,TWSE_CSV,2026-09-18 14:15:36 +0800
1150918,2026-09-18,上市,2207,和泰車,537.00,5.0000,527.00,541.00,527.00,638000,342381000,292,TWSE_CSV,2026-09-18 14:15:36 +0800
1150918,2026-09-18,上市,2208,台船,19.15,0.1500,19.05,19.15,19.00,1466000,27931550,582,TWSE_CSV,2026-09-18 14:15:36 +0800
1150918,2026-09-18,上市,2211,長榮鋼,80.80,0.3000,80.80,80.80,80.40,303000,24439900,251,TWSE_CSV,2026-09-18 14:15:36 +0800
1150918,2026-09-18,上市,2227,裕日車,45.80,0.4500,45.45,46.00,45.30,45000,2054600,42,TWSE_CSV,2026-09-18 14:15:36 +0800
1150918,2026-09-18,上市,2228,劍麟,73.40,-3.5000,75.40,78.10,73.40,1110000,82129300,370,TWSE_CSV,2026-09-18 14:15:36 +0800
1150918,2026-09-18,上市,2231,為升,91.20,0.7000,91.50,92.00,90.60,156000,14221400,115,TWSE_CSV,2026-09-18 14:15:36 +0800
1150918,2026-09-18,上市,2233,宇隆,162.00,5.0000,161.50,163.00,160.50,372000,60086500,290,TWSE_CSV,2026-09-18 14:15:36 +0800
1150918,2026-09-18,上市,2236,百達-KY,116.50,-0.5000,118.00,118.50,114.00,200000,23175500,142,TWSE_CSV,2026-09-18 14:15:36 +0800
1150918,2026-09-18,上市,2237,華德動能-創,27.15,-0.1000,27.25,27.40,27.15,65000,1768800,39,TWSE_CSV,2026-09-18 14:15:36 +0800
1150918,2026-09-18,上市,2239,英利-KY,19.00,-0.2000,19.35,19.35,19.00,117000,2236350,95,TWSE_CSV,2026-09-18 14:15:36 +0800
1150918,2026-09-18,上市,2241,艾姆勒,34.45,0.7500,33.90,34.60,33.75,389000,13342700,254,TWSE_CSV,2026-09-18 14:15:36 +0800
1150918,2026-09-18,上市,2243,宏旭-KY,49.10,0.0500,48.80,49.95,48.80,109000,5380600,92,TWSE_CSV,2026-09-18 14:15:36 +0800
1150918,2026-09-18,上市,2247,汎德永業,231.50,0.5000,231.00,232.50,230.00,33000,7635500,25,TWSE_CSV,2026-09-18 14:15:36 +0800
1150918,2026-09-18,上市,2248,華勝-KY,61.20,0.4000,60.60,61.30,60.00,87000,5262100,36,TWSE_CSV,2026-09-18 14:15:36 +0800
1150918,2026-09-18,上市,2250,IKKA-KY,57.70,1.6000,56.10,58.80,56.00,83000,4767300,57,TWSE_CSV,2026-09-18 14:15:36 +0800
1150918,2026-09-18,上市,2254,巨鎧精密-創,76.80,1.6000,75.20,76.80,74.70,1697000,129358100,646,TWSE_CSV,2026-09-18 14:15:36 +0800
1150918,2026-09-18,上市,2258,鴻華先進-創,31.75,0.8500,31.10,31.75,30.70,519000,16225350,290,TWSE_CSV,2026-09-18 14:15:36 +0800
1150918,2026-09-18,上市,2301,光寶科,282.00,4.0000,284.00,288.50,280.50,23853000,6748686000,9788,TWSE_CSV,2026-09-18 14:15:36 +0800
1150918,2026-09-18,上市,2302,麗正,44.40,0.2000,44.55,45.25,43.90,3527000,156928350,2080,TWSE_CSV,2026-09-18 14:15:36 +0800
1150918,2026-09-18,上市,2303,聯電,156.00,8.5000,155.00,160.50,153.50,300960000,46966034500,106315,TWSE_CSV,2026-09-18 14:15:36 +0800
1150918,2026-09-18,上市,2305,全友,58.70,4.4000,57.70,59.00,53.80,13363000,756886500,7348,TWSE_CSV,2026-09-18 14:15:36 +0800
1150918,2026-09-18,上市,2308,台達電,1735.00,50.0000,1730.00,1750.00,1715.00,12059000,20922340000,6692,TWSE_CSV,2026-09-18 14:15:36 +0800
1150918,2026-09-18,上市,2312,金寶,31.00,0.0000,31.50,31.60,30.95,7895000,245476550,2859,TWSE_CSV,2026-09-18 14:15:36 +0800
1150918,2026-09-18,上市,2313,華通,228.50,10.0000,223.50,228.50,221.50,25494000,5771081000,9750,TWSE_CSV,2026-09-18 14:15:36 +0800
1150918,2026-09-18,上市,2314,台揚,10.70,0.1500,10.50,10.70,10.50,107000,1140900,65,TWSE_CSV,2026-09-18 14:15:36 +0800
1150918,2026-09-18,上市,2316,楠梓電,156.50,1.0000,158.00,159.50,155.00,1122000,175727000,799,TWSE_CSV,2026-09-18 14:15:36 +0800
1150918,2026-09-18,上市,2317,鴻海,250.50,0.0000,252.50,253.00,249.00,43862000,10997201000,13936,TWSE_CSV,2026-09-18 14:15:36 +0800
1150918,2026-09-18,上市,2323,中環,10.70,-0.0500,10.85,10.85,10.65,4298000,46161700,847,TWSE_CSV,2026-09-18 14:15:36 +0800
1150918,2026-09-18,上市,2324,仁寶,37.70,0.3000,38.00,38.25,37.35,51884000,1958735650,12496,TWSE_CSV,2026-09-18 14:15:36 +0800
1150918,2026-09-18,上市,2327,國巨*,550.00,21.0000,543.00,550.00,533.00,25445000,13822367000,16038,TWSE_CSV,2026-09-18 14:15:36 +0800
1150918,2026-09-18,上市,2328,廣宇,46.40,0.0500,47.20,47.20,46.20,1850000,86325100,707,TWSE_CSV,2026-09-18 14:15:36 +0800
1150918,2026-09-18,上市,2329,華泰,44.35,1.4500,43.50,44.35,43.25,5701000,250457100,2096,TWSE_CSV,2026-09-18 14:15:36 +0800
1150918,2026-09-18,上市,2330,台積電,2460.00,35.0000,2460.00,2460.00,2435.00,35250000,86542720000,10816,TWSE_CSV,2026-09-18 14:15:36 +0800
1150918,2026-09-18,上市,2331,精英,18.90,-0.1000,19.15,19.25,18.90,849000,16153350,440,TWSE_CSV,2026-09-18 14:15:36 +0800
1150918,2026-09-18,上市,2332,友訊,19.45,0.0500,19.50,19.70,19.35,4529000,88257150,1668,TWSE_CSV,2026-09-18 14:15:36 +0800
1150918,2026-09-18,上市,2337,旺宏,121.00,4.5000,119.50,122.00,119.50,55599000,6710645000,16283,TWSE_CSV,2026-09-18 14:15:36 +0800
1150918,2026-09-18,上市,2338,光罩,50.00,1.2000,49.10,50.40,48.40,23036000,1139712850,12890,TWSE_CSV,2026-09-18 14:15:36 +0800
1150918,2026-09-18,上市,2340,台亞,34.00,1.0500,33.50,34.25,33.30,3550000,119885900,1820,TWSE_CSV,2026-09-18 14:15:36 +0800
1150918,2026-09-18,上市,2342,茂矽,41.05,1.4500,40.10,41.20,39.90,4723000,192443250,3010,TWSE_CSV,2026-09-18 14:15:36 +0800
1150918,2026-09-18,上市,2344,華邦電,179.50,9.5000,177.00,179.50,173.50,135341000,23958723000,62409,TWSE_CSV,2026-09-18 14:15:36 +0800
1150918,2026-09-18,上市,2345,智邦,1855.00,55.0000,1810.00,1855.00,1810.00,5617000,10291395000,3692,TWSE_CSV,2026-09-18 14:15:36 +0800
1150918,2026-09-18,上市,2347,聯強,90.80,1.3000,89.90,90.80,89.20,3355000,303300500,1429,TWSE_CSV,2026-09-18 14:15:36 +0800
1150918,2026-09-18,上市,2348,海悅,74.20,0.3000,79.00,79.00,73.20,2119000,160415200,1423,TWSE_CSV,2026-09-18 14:15:36 +0800
1150918,2026-09-18,上市,2349,錸德,10.35,-0.0500,10.50,10.50,10.30,1663000,17232400,459,TWSE_CSV,2026-09-18 14:15:36 +0800
1150918,2026-09-18,上市,2351,順德,241.50,3.5000,241.00,243.00,235.50,4288000,1027306500,2978,TWSE_CSV,2026-09-18 14:15:36 +0800
1150918,2026-09-18,上市,2352,佳世達,29.20,0.2000,29.20,29.25,28.90,4239000,123418750,1603,TWSE_CSV,2026-09-18 14:15:36 +0800
1150918,2026-09-18,上市,2353,宏碁,31.95,-0.4500,32.75,32.75,31.85,22854000,732568000,6313,TWSE_CSV,2026-09-18 14:15:36 +0800
1150918,2026-09-18,上市,2354,鴻準,65.70,-0.6000,67.50,67.50,64.80,13995000,918530400,7457,TWSE_CSV,2026-09-18 14:15:36 +0800
1150918,2026-09-18,上市,2355,敬鵬,41.00,-0.1000,41.65,41.65,40.85,1139000,46778450,732,TWSE_CSV,2026-09-18 14:15:36 +0800
1150918,2026-09-18,上市,2356,英業達,61.70,0.2000,62.20,62.50,61.40,22000000,1358238300,4233,TWSE_CSV,2026-09-18 14:15:36 +0800
1150918,2026-09-18,上市,2357,華碩,960.00,12.0000,964.00,964.00,947.00,4455000,4261294000,2393,TWSE_CSV,2026-09-18 14:15:36 +0800
1150918,2026-09-18,上市,2359,所羅門,130.00,-1.0000,132.50,133.50,129.50,3200000,419315500,2285,TWSE_CSV,2026-09-18 14:15:36 +0800
1150918,2026-09-18,上市,2360,致茂,2290.00,205.0000,2135.00,2290.00,2135.00,2451000,5492130000,1604,TWSE_CSV,2026-09-18 14:15:36 +0800
1150918,2026-09-18,上市,2362,藍天,48.35,1.0500,47.65,48.35,47.55,608000,29165850,408,TWSE_CSV,2026-09-18 14:15:36 +0800
1150918,2026-09-18,上市,2363,矽統,53.70,0.8000,54.30,55.20,53.60,11014000,598115200,6164,TWSE_CSV,2026-09-18 14:15:36 +0800
1150918,2026-09-18,上市,2364,倫飛,64.60,-0.4000,65.60,66.10,64.20,163000,10594600,132,TWSE_CSV,2026-09-18 14:15:36 +0800
1150918,2026-09-18,上市,2365,昆盈,28.15,0.2500,28.15,28.40,27.75,943000,26437800,534,TWSE_CSV,2026-09-18 14:15:36 +0800
1150918,2026-09-18,上市,2367,燿華,40.75,0.1000,41.00,41.30,40.60,2779000,113551150,1745,TWSE_CSV,2026-09-18 14:15:36 +0800
1150918,2026-09-18,上市,2368,金像電,1020.00,70.0000,978.00,1020.00,969.00,10807000,10799535000,7836,TWSE_CSV,2026-09-18 14:15:36 +0800
1150918,2026-09-18,上市,2369,菱生,31.00,0.7000,30.85,31.85,30.75,11641000,364474550,6695,TWSE_CSV,2026-09-18 14:15:36 +0800
1150918,2026-09-18,上市,2371,大同,29.20,-0.5000,29.85,29.85,28.90,22803000,665181000,7731,TWSE_CSV,2026-09-18 14:15:36 +0800
1150918,2026-09-18,上市,2373,震旦行,53.10,0.3000,53.00,53.10,52.50,24000,1271700,21,TWSE_CSV,2026-09-18 14:15:36 +0800
1150918,2026-09-18,上市,2374,佳能,67.50,0.7000,67.40,67.50,66.60,2107000,141445300,957,TWSE_CSV,2026-09-18 14:15:36 +0800
1150918,2026-09-18,上市,2375,凱美,119.50,2.0000,120.50,120.50,118.00,1263000,150599500,970,TWSE_CSV,2026-09-18 14:15:36 +0800
1150918,2026-09-18,上市,2376,技嘉,356.00,1.0000,360.00,367.50,356.00,6448000,2322645000,3443,TWSE_CSV,2026-09-18 14:15:36 +0800
1150918,2026-09-18,上市,2377,微星,155.00,2.0000,155.50,155.50,153.00,7023000,1084482500,3052,TWSE_CSV,2026-09-18 14:15:36 +0800
1150918,2026-09-18,上市,2379,瑞昱,727.00,12.0000,724.00,728.00,716.00,2474000,1792108000,1217,TWSE_CSV,2026-09-18 14:15:36 +0800
1150918,2026-09-18,上市,2380,虹光,17.30,0.8000,17.00,18.10,16.10,144000,2481050,111,TWSE_CSV,2026-09-18 14:15:36 +0800
1150918,2026-09-18,上市,2382,廣達,343.00,-1.0000,346.50,346.50,340.00,21211000,7278164000,8451,TWSE_CSV,2026-09-18 14:15:36 +0800
1150918,2026-09-18,上市,2383,台光電,4890.00,195.0000,4910.00,5000.00,4810.00,3386000,16544945000,2694,TWSE_CSV,2026-09-18 14:15:36 +0800
1150918,2026-09-18,上市,2385,群光,106.00,0.5000,106.00,107.00,105.00,6265000,664701000,1423,TWSE_CSV,2026-09-18 14:15:36 +0800
1150918,2026-09-18,上市,2387,精元,36.85,0.5000,36.35,36.85,36.15,251000,9180650,172,TWSE_CSV,2026-09-18 14:15:36 +0800
1150918,2026-09-18,上市,2388,威盛,69.90,0.2000,70.90,71.10,69.80,2770000,194831200,1602,TWSE_CSV,2026-09-18 14:15:36 +0800
1150918,2026-09-18,上市,2390,云辰,10.20,-0.0500,10.25,10.30,10.10,238000,2418650,152,TWSE_CSV,2026-09-18 14:15:36 +0800
1150918,2026-09-18,上市,2392,正崴,41.95,-0.1500,42.30,42.50,41.60,1374000,57627050,1018,TWSE_CSV,2026-09-18 14:15:36 +0800
1150918,2026-09-18,上市,2393,億光,64.40,1.2000,63.60,64.40,63.30,2673000,171315400,1056,TWSE_CSV,2026-09-18 14:15:36 +0800
1150918,2026-09-18,上市,2395,研華,690.00,4.0000,695.00,697.00,682.00,3312000,2280553000,1623,TWSE_CSV,2026-09-18 14:15:36 +0800
1150918,2026-09-18,上市,2397,友通,61.40,1.5000,60.30,61.40,59.40,226000,13683900,140,TWSE_CSV,2026-09-18 14:15:36 +0800
1150918,2026-09-18,上市,2399,映泰,48.45,-0.5500,49.30,49.70,48.00,7556000,367044600,4746,TWSE_CSV,2026-09-18 14:15:36 +0800
1150918,2026-09-18,上市,2401,凌陽,25.45,0.7000,25.00,25.65,24.75,2899000,73305300,1636,TWSE_CSV,2026-09-18 14:15:36 +0800
1150918,2026-09-18,上市,2402,毅嘉,54.10,-0.2000,55.00,55.00,54.10,737000,40090100,459,TWSE_CSV,2026-09-18 14:15:36 +0800
1150918,2026-09-18,上市,2404,漢唐,1125.00,95.0000,1040.00,1130.00,1040.00,3068000,3381895000,2197,TWSE_CSV,2026-09-18 14:15:36 +0800
1150918,2026-09-18,上市,2405,輔信,15.20,0.3000,15.00,15.20,14.85,1073000,16108550,432,TWSE_CSV,2026-09-18 14:15:36 +0800
1150918,2026-09-18,上市,2406,國碩,27.65,1.0500,27.10,28.05,26.55,4442000,122042450,2106,TWSE_CSV,2026-09-18 14:15:36 +0800
1150918,2026-09-18,上市,2408,南亞科,525.00,37.0000,508.00,525.00,508.00,76214000,39608598000,40863,TWSE_CSV,2026-09-18 14:15:36 +0800
1150918,2026-09-18,上市,2409,友達,30.35,0.3500,30.75,30.80,29.50,346781000,10407872250,89048,TWSE_CSV,2026-09-18 14:15:36 +0800
1150918,2026-09-18,上市,2412,中華電,145.50,0.5000,145.00,145.50,144.00,27545000,4001473500,5886,TWSE_CSV,2026-09-18 14:15:36 +0800
1150918,2026-09-18,上市,2413,環科,53.10,0.0000,53.70,55.00,52.40,9334000,500190900,5765,TWSE_CSV,2026-09-18 14:15:36 +0800
1150918,2026-09-18,上市,2414,精技,53.30,0.7000,53.00,53.30,52.20,112000,5927800,85,TWSE_CSV,2026-09-18 14:15:36 +0800
1150918,2026-09-18,上市,2415,錩新,27.20,0.2500,26.95,27.25,26.95,71000,1924500,56,TWSE_CSV,2026-09-18 14:15:36 +0800
1150918,2026-09-18,上市,2417,圓剛,39.20,0.2500,39.10,39.25,38.65,319000,12404800,208,TWSE_CSV,2026-09-18 14:15:36 +0800
1150918,2026-09-18,上市,2419,仲琦,27.90,0.0000,28.25,28.25,27.35,1327000,36735650,832,TWSE_CSV,2026-09-18 14:15:36 +0800
1150918,2026-09-18,上市,2420,新巨,53.40,-0.1000,53.80,53.80,53.20,251000,13421000,169,TWSE_CSV,2026-09-18 14:15:36 +0800
1150918,2026-09-18,上市,2421,建準,167.00,5.0000,164.50,169.00,164.50,3180000,531886000,2297,TWSE_CSV,2026-09-18 14:15:36 +0800
1150918,2026-09-18,上市,2423,固緯,73.80,1.0000,73.00,74.50,73.00,55000,4066300,54,TWSE_CSV,2026-09-18 14:15:36 +0800
1150918,2026-09-18,上市,2424,隴華,8.26,0.3800,7.90,8.30,7.88,36000,292810,25,TWSE_CSV,2026-09-18 14:15:36 +0800
1150918,2026-09-18,上市,2425,承啟,37.00,0.4000,37.00,37.00,36.25,361000,13237650,260,TWSE_CSV,2026-09-18 14:15:36 +0800
1150918,2026-09-18,上市,2426,鼎元,102.00,6.0000,98.20,102.00,96.50,50837000,5064616300,31554,TWSE_CSV,2026-09-18 14:15:36 +0800
1150918,2026-09-18,上市,2427,三商電,23.80,0.5000,23.50,24.00,23.35,1475000,35084500,830,TWSE_CSV,2026-09-18 14:15:36 +0800
1150918,2026-09-18,上市,2428,興勤,260.00,5.5000,258.00,260.00,254.50,919000,237171500,682,TWSE_CSV,2026-09-18 14:15:36 +0800
1150918,2026-09-18,上市,2429,銘旺科,31.15,0.0000,30.05,31.30,30.05,181000,5575850,119,TWSE_CSV,2026-09-18 14:15:36 +0800
1150918,2026-09-18,上市,2430,燦坤,18.10,0.0500,18.05,18.10,17.90,33000,595200,26,TWSE_CSV,2026-09-18 14:15:36 +0800
1150918,2026-09-18,上市,2431,聯昌,10.15,0.2300,9.93,10.15,9.93,79000,790480,51,TWSE_CSV,2026-09-18 14:15:36 +0800
1150918,2026-09-18,上市,2432,倚天酷碁-創,27.45,0.0000,27.45,27.55,27.15,17000,466650,6,TWSE_CSV,2026-09-18 14:15:36 +0800
1150918,2026-09-18,上市,2433,互盛電,40.75,0.5000,41.25,41.25,40.40,26000,1055250,23,TWSE_CSV,2026-09-18 14:15:36 +0800
1150918,2026-09-18,上市,2434,統懋,62.00,2.0000,60.80,62.50,60.60,403000,24861600,337,TWSE_CSV,2026-09-18 14:15:36 +0800
1150918,2026-09-18,上市,2436,偉詮電,67.90,0.3000,68.50,68.80,67.60,2201000,149835500,1339,TWSE_CSV,2026-09-18 14:15:36 +0800
1150918,2026-09-18,上市,2438,翔耀,20.90,1.7000,19.20,20.95,19.20,273000,5479500,145,TWSE_CSV,2026-09-18 14:15:36 +0800
1150918,2026-09-18,上市,2439,美律,78.20,-1.1000,78.10,79.10,77.70,1020000,79813600,559,TWSE_CSV,2026-09-18 14:15:36 +0800
1150918,2026-09-18,上市,2440,太空梭,14.35,0.1500,14.20,14.35,14.10,197000,2812900,129,TWSE_CSV,2026-09-18 14:15:36 +0800
1150918,2026-09-18,上市,2441,超豐,123.50,5.0000,121.00,124.50,120.50,6073000,745368000,4100,TWSE_CSV,2026-09-18 14:15:36 +0800
1150918,2026-09-18,上市,2442,新美齊,14.60,0.3000,14.70,15.00,14.60,1567000,23085350,883,TWSE_CSV,2026-09-18 14:15:36 +0800
1150918,2026-09-18,上市,2444,兆勁,12.60,0.4000,12.55,12.75,12.20,975000,12196150,507,TWSE_CSV,2026-09-18 14:15:36 +0800
1150918,2026-09-18,上市,2449,京元電子,291.50,26.5000,276.50,291.50,274.00,57470000,16347804000,35088,TWSE_CSV,2026-09-18 14:15:36 +0800
1150918,2026-09-18,上市,2450,神腦,28.30,0.0000,28.35,28.35,28.20,138000,3904150,82,TWSE_CSV,2026-09-18 14:15:36 +0800
1150918,2026-09-18,上市,2451,創見,283.00,6.0000,280.00,283.00,279.00,1396000,393449500,980,TWSE_CSV,2026-09-18 14:15:36 +0800
1150918,2026-09-18,上市,2453,凌群,55.50,0.9000,54.70,55.80,54.40,530000,29272800,411,TWSE_CSV,2026-09-18 14:15:36 +0800
1150918,2026-09-18,上市,2454,聯發科,4710.00,210.0000,4600.00,4735.00,4545.00,8991000,41881950000,6197,TWSE_CSV,2026-09-18 14:15:36 +0800
1150918,2026-09-18,上市,2455,全新,556.00,22.0000,545.00,563.00,520.00,19746000,10742897000,14833,TWSE_CSV,2026-09-18 14:15:36 +0800
1150918,2026-09-18,上市,2457,飛宏,22.05,-0.1500,22.35,22.45,22.05,971000,21538200,461,TWSE_CSV,2026-09-18 14:15:36 +0800
1150918,2026-09-18,上市,2458,義隆,132.00,3.0000,130.50,132.50,128.50,1442000,188372000,1019,TWSE_CSV,2026-09-18 14:15:36 +0800
1150918,2026-09-18,上市,2459,敦吉,65.40,-0.1000,65.70,65.80,65.20,68000,4453600,48,TWSE_CSV,2026-09-18 14:15:36 +0800
1150918,2026-09-18,上市,2460,建通,29.75,0.6500,28.90,30.05,28.90,214000,6352350,166,TWSE_CSV,2026-09-18 14:15:36 +0800
1150918,2026-09-18,上市,2461,光群雷,17.75,0.2000,17.60,17.75,17.45,481000,8484900,225,TWSE_CSV,2026-09-18 14:15:36 +0800
1150918,2026-09-18,上市,2462,良得電,19.45,0.1000,19.80,19.80,19.30,214000,4167500,119,TWSE_CSV,2026-09-18 14:15:36 +0800
1150918,2026-09-18,上市,2464,盟立,197.00,17.5000,183.50,197.00,179.00,23366000,4529590500,11444,TWSE_CSV,2026-09-18 14:15:36 +0800
1150918,2026-09-18,上市,2465,麗臺,91.60,2.4000,91.50,92.40,91.00,1046000,95885500,783,TWSE_CSV,2026-09-18 14:15:36 +0800
1150918,2026-09-18,上市,2466,冠西電,106.00,3.5000,104.00,108.50,102.50,1495000,158321000,1009,TWSE_CSV,2026-09-18 14:15:36 +0800
1150918,2026-09-18,上市,2467,志聖,528.00,9.0000,538.00,540.00,525.00,796000,421734000,644,TWSE_CSV,2026-09-18 14:15:36 +0800
1150918,2026-09-18,上市,2468,華經,45.85,4.1500,41.70,45.85,41.20,12243000,541396950,7135,TWSE_CSV,2026-09-18 14:15:36 +0800
1150918,2026-09-18,上市,2471,資通,53.10,0.8000,52.80,53.70,52.30,851000,45313700,559,TWSE_CSV,2026-09-18 14:15:36 +0800
1150918,2026-09-18,上市,2472,立隆電,216.00,7.5000,213.00,216.00,208.00,5764000,1238232500,1448,TWSE_CSV,2026-09-18 14:15:36 +0800
1150918,2026-09-18,上市,2474,可成,209.50,1.0000,209.00,210.00,207.50,4885000,1022015000,1604,TWSE_CSV,2026-09-18 14:15:36 +0800
1150918,2026-09-18,上市,2476,鉅祥,124.00,4.5000,120.50,126.00,119.00,1973000,243279000,1183,TWSE_CSV,2026-09-18 14:15:36 +0800
1150918,2026-09-18,上市,2477,美隆電,22.35,0.3500,22.00,22.35,22.00,180000,3998350,113,TWSE_CSV,2026-09-18 14:15:36 +0800
1150918,2026-09-18,上市,2478,大毅,120.50,2.5000,121.00,122.00,118.50,1450000,174296500,1103,TWSE_CSV,2026-09-18 14:15:36 +0800
1150918,2026-09-18,上市,2480,敦陽科,165.00,3.5000,163.00,165.00,162.00,631000,103324000,438,TWSE_CSV,2026-09-18 14:15:36 +0800
1150918,2026-09-18,上市,2481,強茂,168.50,5.5000,166.50,171.00,165.00,39460000,6629240000,24975,TWSE_CSV,2026-09-18 14:15:36 +0800
1150918,2026-09-18,上市,2482,連宇,16.05,0.0500,16.00,16.20,15.90,80000,1283300,58,TWSE_CSV,2026-09-18 14:15:36 +0800
1150918,2026-09-18,上市,2483,百容,33.00,0.6000,33.20,33.20,32.20,592000,19377600,446,TWSE_CSV,2026-09-18 14:15:36 +0800
1150918,2026-09-18,上市,2484,希華,70.40,0.1000,71.90,72.20,70.00,4085000,288552300,2684,TWSE_CSV,2026-09-18 14:15:36 +0800
1150918,2026-09-18,上市,2485,兆赫,39.55,0.2000,40.15,40.40,39.25,1422000,56289350,999,TWSE_CSV,2026-09-18 14:15:36 +0800
1150918,2026-09-18,上市,2486,一詮,237.50,8.5000,233.50,238.00,231.00,3681000,867627500,2504,TWSE_CSV,2026-09-18 14:15:36 +0800
1150918,2026-09-18,上市,2488,漢平,48.75,0.1000,48.65,48.85,48.50,58000,2823500,45,TWSE_CSV,2026-09-18 14:15:36 +0800
1150918,2026-09-18,上市,2489,瑞軒,44.15,0.9500,43.65,44.50,42.65,77152000,3370639350,35843,TWSE_CSV,2026-09-18 14:15:36 +0800
1150918,2026-09-18,上市,2491,吉祥全,41.30,1.0000,40.60,42.50,40.60,1051000,43689650,756,TWSE_CSV,2026-09-18 14:15:36 +0800
1150918,2026-09-18,上市,2492,華新科,309.50,12.5000,305.00,311.00,300.00,15104000,4630695500,10430,TWSE_CSV,2026-09-18 14:15:36 +0800
1150918,2026-09-18,上市,2493,揚博,192.50,-14.0000,195.00,195.00,186.00,9648000,1822168000,4880,TWSE_CSV,2026-09-18 14:15:36 +0800
1150918,2026-09-18,上市,2495,普安,38.05,0.5500,38.30,39.10,37.80,1308000,50033450,746,TWSE_CSV,2026-09-18 14:15:36 +0800
1150918,2026-09-18,上市,2496,卓越,55.30,0.4000,55.30,55.30,55.30,1000,55300,1,TWSE_CSV,2026-09-18 14:15:36 +0800
1150918,2026-09-18,上市,2497,怡利電,44.35,0.7000,44.25,44.50,43.60,290000,12779750,195,TWSE_CSV,2026-09-18 14:15:36 +0800
1150918,2026-09-18,上市,2498,宏達電,39.55,-0.3000,40.20,40.25,39.55,8019000,318081800,2097,TWSE_CSV,2026-09-18 14:15:36 +0800
1150918,2026-09-18,上市,2501,國建,21.80,0.4000,22.55,22.85,21.55,6608000,145814750,2598,TWSE_CSV,2026-09-18 14:15:36 +0800
1150918,2026-09-18,上市,2504,國產,31.60,0.7500,31.35,31.60,31.15,2202000,69094700,1006,TWSE_CSV,2026-09-18 14:15:36 +0800
1150918,2026-09-18,上市,2505,國揚,16.70,-0.5500,17.60,17.75,16.70,5115000,85737100,466,TWSE_CSV,2026-09-18 14:15:36 +0800
1150918,2026-09-18,上市,2506,太設,8.20,-0.4100,8.63,8.64,8.20,1353000,11216530,164,TWSE_CSV,2026-09-18 14:15:36 +0800
1150918,2026-09-18,上市,2509,全坤建,14.90,0.5500,15.00,15.50,14.70,221000,3346400,137,TWSE_CSV,2026-09-18 14:15:36 +0800
1150918,2026-09-18,上市,2511,太子,8.39,0.0000,8.52,8.62,8.39,2002000,16949160,616,TWSE_CSV,2026-09-18 14:15:36 +0800
1150918,2026-09-18,上市,2514,龍邦,11.70,0.1000,11.70,11.80,11.40,144000,1672450,101,TWSE_CSV,2026-09-18 14:15:36 +0800
1150918,2026-09-18,上市,2515,中工,11.95,-0.1000,12.35,12.50,11.95,16524000,200532800,2563,TWSE_CSV,2026-09-18 14:15:36 +0800
1150918,2026-09-18,上市,2516,新建,14.60,0.0500,14.55,14.70,14.55,99000,1446600,62,TWSE_CSV,2026-09-18 14:15:36 +0800
1150918,2026-09-18,上市,2520,冠德,38.00,0.6500,39.60,39.60,37.60,5167000,197498150,2108,TWSE_CSV,2026-09-18 14:15:36 +0800
1150918,2026-09-18,上市,2524,京城,37.50,3.4000,37.50,37.50,37.50,235000,8812500,105,TWSE_CSV,2026-09-18 14:15:36 +0800
1150918,2026-09-18,上市,2527,宏璟,45.80,2.0500,44.75,45.95,44.75,1074000,48774050,684,TWSE_CSV,2026-09-18 14:15:36 +0800
1150918,2026-09-18,上市,2528,皇普,19.70,-0.0500,20.00,20.45,19.70,988000,19825950,499,TWSE_CSV,2026-09-18 14:15:36 +0800
1150918,2026-09-18,上市,2530,華建,20.80,0.6500,20.70,21.05,20.25,1525000,31378600,709,TWSE_CSV,2026-09-18 14:15:36 +0800
1150918,2026-09-18,上市,2534,宏盛,16.90,-0.1500,17.35,17.35,16.90,675000,11587300,370,TWSE_CSV,2026-09-18 14:15:36 +0800
1150918,2026-09-18,上市,2535,達欣工,90.30,0.6000,91.90,91.90,89.80,217000,19631800,203,TWSE_CSV,2026-09-18 14:15:36 +0800
1150918,2026-09-18,上市,2536,宏普,19.40,-0.0500,19.90,20.05,19.40,1025000,20170450,493,TWSE_CSV,2026-09-18 14:15:36 +0800
1150918,2026-09-18,上市,2537,聯上發,11.35,-0.0500,12.05,12.10,11.35,2792000,32495250,822,TWSE_CSV,2026-09-18 14:15:36 +0800
1150918,2026-09-18,上市,2538,基泰,8.46,-0.2300,8.79,9.00,8.46,8987000,76416060,698,TWSE_CSV,2026-09-18 14:15:36 +0800
1150918,2026-09-18,上市,2539,櫻花建,36.10,1.7000,35.90,36.10,35.15,1817000,64968150,850,TWSE_CSV,2026-09-18 14:15:36 +0800
1150918,2026-09-18,上市,2540,愛山林,50.60,0.8500,54.00,54.00,50.60,1728000,89231600,974,TWSE_CSV,2026-09-18 14:15:36 +0800
1150918,2026-09-18,上市,2542,興富發,47.80,0.9500,48.80,48.90,47.15,25118000,1199956350,8258,TWSE_CSV,2026-09-18 14:15:36 +0800
1150918,2026-09-18,上市,2543,皇昌,39.45,0.4500,39.95,40.40,39.20,1818000,72215650,1160,TWSE_CSV,2026-09-18 14:15:36 +0800
1150918,2026-09-18,上市,2545,皇翔,35.20,1.3500,35.05,36.20,34.40,616000,21541150,400,TWSE_CSV,2026-09-18 14:15:36 +0800
1150918,2026-09-18,上市,2546,根基,106.50,2.5000,108.50,108.50,106.00,224000,24036500,198,TWSE_CSV,2026-09-18 14:15:36 +0800
1150918,2026-09-18,上市,2547,日勝生,10.10,0.2300,10.05,10.10,9.96,2128000,21368180,822,TWSE_CSV,2026-09-18 14:15:36 +0800
1150918,2026-09-18,上市,2548,華固,96.50,2.9000,98.00,98.60,95.80,4359000,423756300,2434,TWSE_CSV,2026-09-18 14:15:36 +0800
1150918,2026-09-18,上市,2597,潤弘,172.50,0.5000,174.00,174.00,171.00,185000,31848500,155,TWSE_CSV,2026-09-18 14:15:36 +0800
1150918,2026-09-18,上市,2601,益航,5.92,-0.3800,6.30,6.30,5.92,15625000,93060540,1298,TWSE_CSV,2026-09-18 14:15:36 +0800
1150918,2026-09-18,上市,2603,長榮,240.50,-2.0000,242.00,245.50,238.50,10519000,2536638500,4203,TWSE_CSV,2026-09-18 14:15:36 +0800
1150918,2026-09-18,上市,2605,新興,36.10,-1.0500,37.15,37.60,36.10,9391000,345217250,3862,TWSE_CSV,2026-09-18 14:15:36 +0800
1150918,2026-09-18,上市,2606,裕民,77.40,0.4000,77.30,77.50,75.70,2612000,201295800,1417,TWSE_CSV,2026-09-18 14:15:36 +0800
1150918,2026-09-18,上市,2607,榮運,53.30,-0.1000,53.50,53.70,53.30,479000,25588500,251,TWSE_CSV,2026-09-18 14:15:36 +0800
1150918,2026-09-18,上市,2608,嘉里大榮,29.10,0.2000,28.90,29.10,28.80,339000,9815750,180,TWSE_CSV,2026-09-18 14:15:36 +0800
1150918,2026-09-18,上市,2609,陽明,61.00,-1.0000,61.50,63.10,60.30,46894000,2876360200,19591,TWSE_CSV,2026-09-18 14:15:36 +0800
1150918,2026-09-18,上市,2610,華航,20.15,-0.2000,20.35,20.35,20.05,24174000,488048850,3442,TWSE_CSV,2026-09-18 14:15:36 +0800
1150918,2026-09-18,上市,2611,志信,14.40,0.1000,14.45,14.45,14.30,468000,6726100,220,TWSE_CSV,2026-09-18 14:15:36 +0800
1150918,2026-09-18,上市,2612,中航,62.80,-0.6000,63.60,63.80,62.50,304000,19128800,251,TWSE_CSV,2026-09-18 14:15:36 +0800
1150918,2026-09-18,上市,2613,中櫃,22.10,-0.2000,22.25,22.50,22.10,178000,3959700,132,TWSE_CSV,2026-09-18 14:15:36 +0800
1150918,2026-09-18,上市,2614,東森,18.00,-0.1000,18.10,18.15,18.00,470000,8484850,247,TWSE_CSV,2026-09-18 14:15:36 +0800
1150918,2026-09-18,上市,2615,萬海,120.50,0.0000,118.00,125.00,115.00,30268000,3656301000,14171,TWSE_CSV,2026-09-18 14:15:36 +0800
1150918,2026-09-18,上市,2616,山隆,13.30,0.0000,13.30,13.35,13.25,61000,811550,47,TWSE_CSV,2026-09-18 14:15:36 +0800
1150918,2026-09-18,上市,2617,台航,32.95,-0.1500,33.10,33.30,32.60,963000,31649100,563,TWSE_CSV,2026-09-18 14:15:36 +0800
1150918,2026-09-18,上市,2618,長榮航,41.75,-0.3000,42.05,42.10,41.20,33571000,1399732100,7497,TWSE_CSV,2026-09-18 14:15:36 +0800
1150918,2026-09-18,上市,2630,亞航,47.30,0.3000,47.50,47.70,47.00,520000,24646700,379,TWSE_CSV,2026-09-18 14:15:36 +0800
1150918,2026-09-18,上市,2633,台灣高鐵,25.75,-0.3000,25.95,26.00,25.70,17768000,457901650,3230,TWSE_CSV,2026-09-18 14:15:36 +0800
1150918,2026-09-18,上市,2634,漢翔,64.60,0.7000,64.50,64.70,64.00,4465000,287534800,2589,TWSE_CSV,2026-09-18 14:15:36 +0800
1150918,2026-09-18,上市,2636,台驊控股,71.20,0.3000,71.30,71.30,70.20,346000,24528300,226,TWSE_CSV,2026-09-18 14:15:36 +0800
1150918,2026-09-18,上市,2637,慧洋-KY,102.00,0.0000,102.00,103.50,100.50,2083000,212741500,1223,TWSE_CSV,2026-09-18 14:15:36 +0800
1150918,2026-09-18,上市,2642,宅配通,20.40,0.0000,20.50,20.50,20.40,38000,776650,22,TWSE_CSV,2026-09-18 14:15:36 +0800
1150918,2026-09-18,上市,2645,長榮航太,174.00,1.5000,173.00,176.00,173.00,952000,166287500,661,TWSE_CSV,2026-09-18 14:15:36 +0800
1150918,2026-09-18,上市,2646,星宇航空,20.60,0.3500,20.15,20.60,20.05,9223000,187587700,2193,TWSE_CSV,2026-09-18 14:15:36 +0800
1150918,2026-09-18,上市,2701,萬企,10.40,0.0000,10.45,10.45,10.35,35000,363800,31,TWSE_CSV,2026-09-18 14:15:36 +0800
1150918,2026-09-18,上市,2702,華園,12.80,0.1000,12.75,12.80,12.65,40000,511300,15,TWSE_CSV,2026-09-18 14:15:36 +0800
1150918,2026-09-18,上市,2704,國賓,45.75,-0.2000,46.05,46.05,45.55,79000,3620850,71,TWSE_CSV,2026-09-18 14:15:36 +0800
1150918,2026-09-18,上市,2705,六福,15.35,0.0000,15.25,15.35,15.00,102000,1545150,75,TWSE_CSV,2026-09-18 14:15:36 +0800
1150918,2026-09-18,上市,2706,第一店,12.15,0.0000,12.15,12.20,12.15,122000,1484050,44,TWSE_CSV,2026-09-18 14:15:36 +0800
1150918,2026-09-18,上市,2707,晶華,177.00,0.0000,178.00,178.00,176.00,167000,29536000,114,TWSE_CSV,2026-09-18 14:15:36 +0800
1150918,2026-09-18,上市,2712,遠雄來,13.50,0.0500,13.50,13.55,13.45,6000,81000,6,TWSE_CSV,2026-09-18 14:15:36 +0800
1150918,2026-09-18,上市,2722,夏都,21.25,0.2500,21.50,21.50,21.00,29000,611850,21,TWSE_CSV,2026-09-18 14:15:36 +0800
1150918,2026-09-18,上市,2723,美食-KY,78.70,-0.4000,79.50,79.50,78.30,280000,22057400,145,TWSE_CSV,2026-09-18 14:15:36 +0800
1150918,2026-09-18,上市,2727,王品,227.00,0.0000,227.00,227.50,226.50,189000,42851500,166,TWSE_CSV,2026-09-18 14:15:36 +0800
1150918,2026-09-18,上市,2731,雄獅,143.00,-1.0000,144.50,144.50,142.50,187000,26822000,133,TWSE_CSV,2026-09-18 14:15:36 +0800
1150918,2026-09-18,上市,2739,寒舍,37.00,0.2500,37.15,37.25,36.75,44000,1625050,37,TWSE_CSV,2026-09-18 14:15:36 +0800
1150918,2026-09-18,上市,2748,雲品,38.90,0.1500,38.90,39.00,38.75,45000,1749950,36,TWSE_CSV,2026-09-18 14:15:36 +0800
1150918,2026-09-18,上市,2753,八方雲集,180.00,1.5000,178.50,181.00,178.50,137000,24548000,109,TWSE_CSV,2026-09-18 14:15:36 +0800
1150918,2026-09-18,上市,2762,世界健身-KY,80.40,1.0000,79.40,80.60,79.40,28000,2244800,26,TWSE_CSV,2026-09-18 14:15:36 +0800
1150918,2026-09-18,上市,2801,彰銀,28.95,-0.6500,29.70,29.70,28.80,45014000,1310390050,9041,TWSE_CSV,2026-09-18 14:15:36 +0800
1150918,2026-09-18,上市,2812,台中銀,19.35,-0.1500,19.50,19.50,19.20,24691000,476735900,3216,TWSE_CSV,2026-09-18 14:15:36 +0800
1150918,2026-09-18,上市,2816,旺旺保,40.45,-0.5000,41.40,41.40,40.15,528000,21370150,344,TWSE_CSV,2026-09-18 14:15:36 +0800
1150918,2026-09-18,上市,2820,華票,17.45,0.0000,17.45,17.50,17.20,3753000,64963300,1239,TWSE_CSV,2026-09-18 14:15:36 +0800
1150918,2026-09-18,上市,2832,台產,58.70,-0.4000,59.70,59.70,58.20,243000,14248200,170,TWSE_CSV,2026-09-18 14:15:36 +0800
1150918,2026-09-18,上市,2834,臺企銀,18.35,-0.4000,18.75,18.75,18.20,79316000,1458658950,10112,TWSE_CSV,2026-09-18 14:15:36 +0800
1150918,2026-09-18,上市,2836,高雄銀,12.40,-0.1000,12.50,12.55,12.30,3032000,37589950,782,TWSE_CSV,2026-09-18 14:15:36 +0800
1150918,2026-09-18,上市,2838,聯邦銀,21.40,-0.4000,21.90,21.90,21.30,2881000,61777600,1031,TWSE_CSV,2026-09-18 14:15:36 +0800
1150918,2026-09-18,上市,2845,遠東銀,13.55,-0.2000,13.75,13.75,13.45,12141000,164317150,3169,TWSE_CSV,2026-09-18 14:15:36 +0800
1150918,2026-09-18,上市,2849,安泰銀,16.25,0.3000,15.90,16.25,15.85,379000,6078900,165,TWSE_CSV,2026-09-18 14:15:36 +0800
1150918,2026-09-18,上市,2850,新產,159.00,0.5000,158.50,159.00,156.50,187000,29557000,152,TWSE_CSV,2026-09-18 14:15:36 +0800
1150918,2026-09-18,上市,2851,中再保,47.00,0.0000,47.45,47.45,46.10,2647000,123692850,1654,TWSE_CSV,2026-09-18 14:15:36 +0800
1150918,2026-09-18,上市,2852,第一保,28.30,0.1500,28.25,28.30,28.00,499000,14057750,213,TWSE_CSV,2026-09-18 14:15:36 +0800
1150918,2026-09-18,上市,2855,統一證,53.30,0.8000,52.90,53.30,52.30,4452000,235632200,1739,TWSE_CSV,2026-09-18 14:15:36 +0800
1150918,2026-09-18,上市,2880,華南金,47.65,-0.2500,47.55,48.00,46.25,35217000,1668204200,8105,TWSE_CSV,2026-09-18 14:15:36 +0800
1150918,2026-09-18,上市,2881,富邦金,150.50,-1.0000,152.50,152.50,148.00,27492000,4126415000,7179,TWSE_CSV,2026-09-18 14:15:36 +0800
1150918,2026-09-18,上市,2882,國泰金,110.50,-1.5000,113.00,113.00,109.00,43247000,4769349500,7624,TWSE_CSV,2026-09-18 14:15:36 +0800
1150918,2026-09-18,上市,2883,凱基金,39.30,-0.3500,40.00,40.00,38.40,81042000,3174066300,15242,TWSE_CSV,2026-09-18 14:15:36 +0800
1150918,2026-09-18,上市,2884,玉山金,46.40,-0.9000,47.30,47.30,45.00,88825000,4079426150,24057,TWSE_CSV,2026-09-18 14:15:36 +0800
1150918,2026-09-18,上市,2885,元大金,70.00,1.0000,69.20,70.00,68.60,48552000,3385397400,7111,TWSE_CSV,2026-09-18 14:15:36 +0800
1150918,2026-09-18,上市,2886,兆豐金,51.10,-0.8000,51.90,51.90,50.10,46733000,2376022000,8519,TWSE_CSV,2026-09-18 14:15:36 +0800
1150918,2026-09-18,上市,2887,台新新光金,44.40,0.3500,44.70,44.70,42.60,136468000,5978336600,24961,TWSE_CSV,2026-09-18 14:15:36 +0800
1150918,2026-09-18,上市,2889,國票金,17.15,-0.1500,17.40,17.50,16.90,19793000,337971750,4076,TWSE_CSV,2026-09-18 14:15:36 +0800
1150918,2026-09-18,上市,2890,永豐金,45.25,-0.7000,46.05,46.05,44.80,50694000,2294628350,8619,TWSE_CSV,2026-09-18 14:15:36 +0800
1150918,2026-09-18,上市,2891,中信金,69.50,-1.7000,72.00,72.00,68.90,74372000,5188531500,14764,TWSE_CSV,2026-09-18 14:15:36 +0800
1150918,2026-09-18,上市,2892,第一金,39.80,-0.9500,40.75,40.75,38.90,52074000,2064224800,11111,TWSE_CSV,2026-09-18 14:15:36 +0800
1150918,2026-09-18,上市,2897,王道銀行,11.10,-0.1500,11.30,11.30,10.95,7007000,77588650,1287,TWSE_CSV,2026-09-18 14:15:36 +0800
1150918,2026-09-18,上市,2901,欣欣,23.20,0.2500,23.25,23.25,23.05,7000,162350,7,TWSE_CSV,2026-09-18 14:15:36 +0800
1150918,2026-09-18,上市,2903,遠百,22.20,0.1500,22.10,22.20,22.05,905000,20028750,448,TWSE_CSV,2026-09-18 14:15:36 +0800
1150918,2026-09-18,上市,2904,匯僑,12.50,0.0000,12.55,12.55,12.50,20000,250600,14,TWSE_CSV,2026-09-18 14:15:36 +0800
1150918,2026-09-18,上市,2905,三商,18.45,-0.2000,18.75,18.75,18.15,2519000,46233700,1061,TWSE_CSV,2026-09-18 14:15:36 +0800
1150918,2026-09-18,上市,2906,高林,13.85,0.0500,13.80,13.90,13.70,94000,1296300,57,TWSE_CSV,2026-09-18 14:15:36 +0800
1150918,2026-09-18,上市,2908,特力,22.25,0.1500,21.95,22.25,21.95,228000,5056400,113,TWSE_CSV,2026-09-18 14:15:36 +0800
1150918,2026-09-18,上市,2910,統領,23.65,0.2500,23.50,23.80,23.15,16000,377600,14,TWSE_CSV,2026-09-18 14:15:36 +0800
1150918,2026-09-18,上市,2911,麗嬰房,6.34,0.0200,6.34,6.37,6.29,60000,379190,43,TWSE_CSV,2026-09-18 14:15:36 +0800
1150918,2026-09-18,上市,2912,統一超,216.50,-1.0000,217.50,217.50,214.50,2733000,590756000,1596,TWSE_CSV,2026-09-18 14:15:36 +0800
1150918,2026-09-18,上市,2913,農林,10.90,-0.2000,11.10,11.15,10.90,1504000,16506100,449,TWSE_CSV,2026-09-18 14:15:36 +0800
1150918,2026-09-18,上市,2915,潤泰全,59.00,0.4000,59.30,59.50,58.70,2551000,150686200,1096,TWSE_CSV,2026-09-18 14:15:36 +0800
1150918,2026-09-18,上市,2923,鼎固-KY,27.10,2.4000,25.20,27.10,24.80,349000,9239400,249,TWSE_CSV,2026-09-18 14:15:36 +0800
1150918,2026-09-18,上市,2929,淘帝-KY,5.79,0.0700,5.72,5.80,5.72,202000,1163910,91,TWSE_CSV,2026-09-18 14:15:36 +0800
1150918,2026-09-18,上市,2939,永邑-KY,20.50,-0.5000,20.85,20.85,20.25,18000,368700,17,TWSE_CSV,2026-09-18 14:15:36 +0800
1150918,2026-09-18,上市,2945,三商家購,40.00,0.4000,40.05,40.05,39.90,16000,639800,11,TWSE_CSV,2026-09-18 14:15:36 +0800
1150918,2026-09-18,上市,3002,歐格,20.45,1.8500,19.00,20.45,19.00,1181000,23629550,627,TWSE_CSV,2026-09-18 14:15:36 +0800
1150918,2026-09-18,上市,3003,健和興,58.90,0.6000,58.80,59.60,58.30,424000,24986300,268,TWSE_CSV,2026-09-18 14:15:36 +0800
1150918,2026-09-18,上市,3004,豐達科,119.50,2.5000,118.00,119.50,117.00,189000,22318500,132,TWSE_CSV,2026-09-18 14:15:36 +0800
1150918,2026-09-18,上市,3005,神基,118.50,0.5000,119.00,119.00,117.00,1609000,189969500,971,TWSE_CSV,2026-09-18 14:15:36 +0800
1150918,2026-09-18,上市,3006,晶豪科,291.00,12.5000,290.00,296.50,285.00,13991000,4054249500,8810,TWSE_CSV,2026-09-18 14:15:36 +0800
1150918,2026-09-18,上市,3008,大立光,6430.00,410.0000,6280.00,6500.00,6150.00,2660000,16947415000,2203,TWSE_CSV,2026-09-18 14:15:36 +0800
1150918,2026-09-18,上市,3010,華立,125.00,1.0000,124.50,125.00,123.00,410000,51002000,273,TWSE_CSV,2026-09-18 14:15:36 +0800
1150918,2026-09-18,上市,3011,今皓,9.98,0.0100,10.00,10.10,9.88,575000,5740460,228,TWSE_CSV,2026-09-18 14:15:36 +0800
1150918,2026-09-18,上市,3013,晟銘電,82.80,0.3000,83.80,83.80,81.90,1001000,82391700,751,TWSE_CSV,2026-09-18 14:15:36 +0800
1150918,2026-09-18,上市,3014,聯陽,135.50,2.0000,134.50,137.00,134.00,2326000,315774000,1399,TWSE_CSV,2026-09-18 14:15:36 +0800
1150918,2026-09-18,上市,3015,全漢,51.80,0.4000,52.00,52.30,51.50,209000,10821900,174,TWSE_CSV,2026-09-18 14:15:36 +0800
1150918,2026-09-18,上市,3016,嘉晶,116.50,1.0000,116.50,119.00,115.00,11577000,1346531000,6934,TWSE_CSV,2026-09-18 14:15:36 +0800
1150918,2026-09-18,上市,3017,奇鋐,3430.00,245.0000,3345.00,3450.00,3290.00,3503000,11854305000,2866,TWSE_CSV,2026-09-18 14:15:36 +0800
1150918,2026-09-18,上市,3018,隆銘綠能,12.00,0.3500,11.65,12.00,11.65,23000,272450,20,TWSE_CSV,2026-09-18 14:15:36 +0800
1150918,2026-09-18,上市,3019,亞光,137.00,0.5000,138.50,139.00,136.50,2218000,304910000,1278,TWSE_CSV,2026-09-18 14:15:36 +0800
1150918,2026-09-18,上市,3021,鴻名,26.70,0.4000,26.50,27.50,26.40,1137000,30476650,797,TWSE_CSV,2026-09-18 14:15:36 +0800
1150918,2026-09-18,上市,3022,威強電,91.00,2.1000,90.50,91.40,89.70,1070000,96892800,810,TWSE_CSV,2026-09-18 14:15:36 +0800
1150918,2026-09-18,上市,3023,信邦,327.50,10.5000,318.00,329.00,318.00,636000,207554500,491,TWSE_CSV,2026-09-18 14:15:36 +0800
1150918,2026-09-18,上市,3024,憶聲,15.10,0.3000,15.50,15.60,14.90,3407000,51463350,1519,TWSE_CSV,2026-09-18 14:15:36 +0800
1150918,2026-09-18,上市,3025,星通,51.60,0.4000,51.50,51.70,51.30,73000,3757900,60,TWSE_CSV,2026-09-18 14:15:36 +0800
1150918,2026-09-18,上市,3026,禾伸堂,797.00,37.0000,791.00,811.00,766.00,10155000,8033144000,7885,TWSE_CSV,2026-09-18 14:15:36 +0800
1150918,2026-09-18,上市,3027,盛達,17.40,-0.3000,17.75,18.00,17.40,187000,3295150,108,TWSE_CSV,2026-09-18 14:15:36 +0800
1150918,2026-09-18,上市,3028,增你強,61.80,0.7000,61.30,62.00,61.30,545000,33627900,426,TWSE_CSV,2026-09-18 14:15:36 +0800
1150918,2026-09-18,上市,3029,零壹,125.00,9.0000,116.00,125.00,116.00,6741000,819757000,4478,TWSE_CSV,2026-09-18 14:15:36 +0800
1150918,2026-09-18,上市,3030,德律,267.00,3.0000,269.00,269.00,265.50,489000,130792000,406,TWSE_CSV,2026-09-18 14:15:36 +0800
1150918,2026-09-18,上市,3031,佰鴻,28.45,1.8000,27.00,28.70,26.10,9748000,268288400,5182,TWSE_CSV,2026-09-18 14:15:36 +0800
1150918,2026-09-18,上市,3032,偉訓,75.10,-1.0000,76.10,76.50,75.00,488000,36848000,321,TWSE_CSV,2026-09-18 14:15:36 +0800
1150918,2026-09-18,上市,3033,威健,41.60,-0.2000,42.10,42.30,41.60,2422000,101199000,1325,TWSE_CSV,2026-09-18 14:15:36 +0800
1150918,2026-09-18,上市,3034,聯詠,558.00,13.0000,550.00,558.00,544.00,4606000,2553793000,2375,TWSE_CSV,2026-09-18 14:15:36 +0800
1150918,2026-09-18,上市,3035,智原,190.50,11.5000,184.00,193.00,182.50,8905000,1677574500,5940,TWSE_CSV,2026-09-18 14:15:36 +0800
1150918,2026-09-18,上市,3036,文曄,205.50,1.5000,204.00,209.50,201.50,12402000,2543022500,6326,TWSE_CSV,2026-09-18 14:15:36 +0800
1150918,2026-09-18,上市,3037,欣興,981.00,41.0000,973.00,990.00,971.00,13680000,13426922000,8332,TWSE_CSV,2026-09-18 14:15:36 +0800
1150918,2026-09-18,上市,3038,全台,20.30,-0.1000,20.65,20.70,20.30,239000,4904850,171,TWSE_CSV,2026-09-18 14:15:36 +0800
1150918,2026-09-18,上市,3040,遠見,34.45,0.7500,34.15,34.55,33.50,183000,6192050,138,TWSE_CSV,2026-09-18 14:15:36 +0800
1150918,2026-09-18,上市,3041,揚智,23.00,0.5500,22.90,23.40,22.75,1091000,25190000,537,TWSE_CSV,2026-09-18 14:15:36 +0800
1150918,2026-09-18,上市,3042,晶技,184.50,6.0000,183.00,187.50,182.00,10224000,1886417000,5280,TWSE_CSV,2026-09-18 14:15:36 +0800
1150918,2026-09-18,上市,3043,科風,20.65,0.2000,20.25,20.65,20.25,43000,881500,34,TWSE_CSV,2026-09-18 14:15:36 +0800
1150918,2026-09-18,上市,3044,健鼎,518.00,16.0000,509.00,518.00,505.00,4619000,2375748000,2359,TWSE_CSV,2026-09-18 14:15:36 +0800
1150918,2026-09-18,上市,3045,台灣大,124.00,0.0000,124.50,125.50,123.00,18083000,2249400000,2733,TWSE_CSV,2026-09-18 14:15:36 +0800
1150918,2026-09-18,上市,3046,建碁,53.80,0.6000,53.60,53.80,53.00,142000,7592400,120,TWSE_CSV,2026-09-18 14:15:36 +0800
1150918,2026-09-18,上市,3047,訊舟,13.85,0.0000,13.90,14.00,13.75,447000,6207950,241,TWSE_CSV,2026-09-18 14:15:36 +0800
1150918,2026-09-18,上市,3048,益登,51.00,0.6000,51.20,51.20,50.60,613000,31196900,445,TWSE_CSV,2026-09-18 14:15:36 +0800
1150918,2026-09-18,上市,3049,精金,12.10,0.1000,12.10,12.15,11.90,2689000,32341300,989,TWSE_CSV,2026-09-18 14:15:36 +0800
1150918,2026-09-18,上市,3050,鈺德,11.40,0.1000,11.40,11.40,11.25,419000,4749050,186,TWSE_CSV,2026-09-18 14:15:36 +0800
1150918,2026-09-18,上市,3051,力特,22.60,0.9000,22.10,22.60,21.85,705000,15702850,455,TWSE_CSV,2026-09-18 14:15:36 +0800
1150918,2026-09-18,上市,3052,夆典,10.35,0.0000,10.45,10.45,10.35,151000,1569550,92,TWSE_CSV,2026-09-18 14:15:36 +0800
1150918,2026-09-18,上市,3054,立萬利,57.80,0.7000,57.70,58.10,57.20,49000,2824300,45,TWSE_CSV,2026-09-18 14:15:36 +0800
1150918,2026-09-18,上市,3055,蔚華科,171.00,10.0000,166.00,173.50,163.50,1830000,309474000,1449,TWSE_CSV,2026-09-18 14:15:36 +0800
1150918,2026-09-18,上市,3056,富華新,14.75,0.7000,14.20,14.95,14.20,2744000,40163100,1250,TWSE_CSV,2026-09-18 14:15:36 +0800
1150918,2026-09-18,上市,3057,喬鼎,16.35,0.1000,16.60,16.70,16.30,105000,1727550,77,TWSE_CSV,2026-09-18 14:15:36 +0800
1150918,2026-09-18,上市,3058,立德,8.15,0.1100,8.19,8.19,8.05,344000,2792550,194,TWSE_CSV,2026-09-18 14:15:36 +0800
1150918,2026-09-18,上市,3059,華晶科,38.15,-0.1500,38.50,38.55,38.05,924000,35277450,587,TWSE_CSV,2026-09-18 14:15:36 +0800
1150918,2026-09-18,上市,3060,銘異,26.70,0.0500,27.10,27.10,26.55,376000,10061500,255,TWSE_CSV,2026-09-18 14:15:36 +0800
1150918,2026-09-18,上市,3062,建漢,21.05,-0.1500,21.40,21.45,20.85,1098000,23141850,557,TWSE_CSV,2026-09-18 14:15:36 +0800
1150918,2026-09-18,上市,3090,日電貿,165.00,5.0000,163.50,165.00,162.00,2026000,331651500,1521,TWSE_CSV,2026-09-18 14:15:36 +0800
1150918,2026-09-18,上市,3092,鴻碩,23.15,1.0000,22.40,23.80,22.00,360000,8303800,283,TWSE_CSV,2026-09-18 14:15:36 +0800
1150918,2026-09-18,上市,3094,聯傑,51.70,4.7000,48.80,51.70,48.60,17179000,880815100,6727,TWSE_CSV,2026-09-18 14:15:36 +0800
1150918,2026-09-18,上市,3130,一零四,209.50,1.5000,208.00,209.50,208.00,61000,12720500,48,TWSE_CSV,2026-09-18 14:15:36 +0800
1150918,2026-09-18,上市,3135,凌航,163.50,2.0000,163.50,164.50,161.50,415000,67595500,361,TWSE_CSV,2026-09-18 14:15:36 +0800
1150918,2026-09-18,上市,3138,耀登,108.00,3.5000,105.50,113.00,105.00,3478000,377922000,2668,TWSE_CSV,2026-09-18 14:15:36 +0800
1150918,2026-09-18,上市,3149,正達,63.80,1.8000,63.20,63.80,62.00,7474000,473651800,1987,TWSE_CSV,2026-09-18 14:15:36 +0800
1150918,2026-09-18,上市,3150,鈺寶-創,15.25,0.2500,15.05,15.25,15.00,28000,423950,22,TWSE_CSV,2026-09-18 14:15:36 +0800
1150918,2026-09-18,上市,3164,景岳,15.85,0.0500,15.75,16.00,15.75,16000,254700,15,TWSE_CSV,2026-09-18 14:15:36 +0800
1150918,2026-09-18,上市,3167,大量,834.00,17.0000,833.00,855.00,810.00,6920000,5751980000,4562,TWSE_CSV,2026-09-18 14:15:36 +0800
1150918,2026-09-18,上市,3168,眾福科,42.60,-0.1500,42.70,42.70,42.25,7000,297950,7,TWSE_CSV,2026-09-18 14:15:36 +0800
1150918,2026-09-18,上市,3189,景碩,832.00,27.0000,828.00,850.00,815.00,16212000,13466102000,10247,TWSE_CSV,2026-09-18 14:15:36 +0800
1150918,2026-09-18,上市,3209,全科,45.80,0.4500,45.90,45.90,45.45,435000,19860650,306,TWSE_CSV,2026-09-18 14:15:36 +0800
1150918,2026-09-18,上市,3229,晟鈦,64.40,5.8000,59.50,64.40,59.30,3915000,247275300,2077,TWSE_CSV,2026-09-18 14:15:36 +0800
1150918,2026-09-18,上市,3231,緯創,186.50,0.0000,189.50,190.50,186.50,39628000,7447837500,14650,TWSE_CSV,2026-09-18 14:15:36 +0800
1150918,2026-09-18,上市,3257,虹冠電,48.20,0.2500,48.60,48.60,47.90,152000,7343000,125,TWSE_CSV,2026-09-18 14:15:36 +0800
1150918,2026-09-18,上市,3266,昇陽,14.00,0.1000,14.15,14.15,13.75,88000,1231400,62,TWSE_CSV,2026-09-18 14:15:36 +0800
1150918,2026-09-18,上市,3296,勝德,28.30,2.5500,25.70,28.30,25.55,425000,11793750,169,TWSE_CSV,2026-09-18 14:15:36 +0800
1150918,2026-09-18,上市,3305,昇貿,102.50,1.5000,102.00,103.00,101.50,552000,56484500,445,TWSE_CSV,2026-09-18 14:15:36 +0800
1150918,2026-09-18,上市,3308,聯德,21.90,0.2000,21.65,22.10,21.45,29000,629800,24,TWSE_CSV,2026-09-18 14:15:36 +0800
1150918,2026-09-18,上市,3311,閎暉,38.70,1.7000,37.00,38.80,36.75,1388000,52824400,783,TWSE_CSV,2026-09-18 14:15:36 +0800
1150918,2026-09-18,上市,3312,弘憶股,51.10,2.3500,49.90,51.50,49.15,1454000,73689750,912,TWSE_CSV,2026-09-18 14:15:36 +0800
1150918,2026-09-18,上市,3321,同泰,18.00,0.9500,17.10,18.00,17.10,170000,3004450,123,TWSE_CSV,2026-09-18 14:15:36 +0800
1150918,2026-09-18,上市,3338,泰碩,68.00,2.0000,66.50,68.10,66.00,513000,34657000,352,TWSE_CSV,2026-09-18 14:15:36 +0800
1150918,2026-09-18,上市,3346,麗清,22.30,2.0000,22.30,22.30,22.30,892000,19891600,320,TWSE_CSV,2026-09-18 14:15:36 +0800
1150918,2026-09-18,上市,3376,新日興,179.00,3.5000,178.50,181.00,177.00,2428000,434907000,1622,TWSE_CSV,2026-09-18 14:15:36 +0800
1150918,2026-09-18,上市,3380,明泰,30.15,-0.2000,30.70,30.70,30.00,1513000,45687800,834,TWSE_CSV,2026-09-18 14:15:36 +0800
1150918,2026-09-18,上市,3406,玉晶光,972.00,7.0000,996.00,999.00,955.00,7846000,7649456000,6615,TWSE_CSV,2026-09-18 14:15:36 +0800
1150918,2026-09-18,上市,3413,京鼎,285.00,4.0000,284.00,286.50,281.50,625000,177719000,514,TWSE_CSV,2026-09-18 14:15:36 +0800
1150918,2026-09-18,上市,3416,融程電,162.50,1.5000,163.00,163.00,160.50,150000,24248500,140,TWSE_CSV,2026-09-18 14:15:36 +0800
1150918,2026-09-18,上市,3419,譁裕,11.45,0.7000,10.80,11.75,10.70,246000,2748550,150,TWSE_CSV,2026-09-18 14:15:36 +0800
1150918,2026-09-18,上市,3432,台端,15.55,1.4000,15.55,15.55,15.40,134000,2080200,68,TWSE_CSV,2026-09-18 14:15:36 +0800
1150918,2026-09-18,上市,3437,榮創,22.35,2.0000,20.95,22.35,20.40,9801000,213060550,4982,TWSE_CSV,2026-09-18 14:15:36 +0800
1150918,2026-09-18,上市,3443,創意,7150.00,650.0000,6600.00,7150.00,6510.00,2502000,17395345000,1962,TWSE_CSV,2026-09-18 14:15:36 +0800
1150918,2026-09-18,上市,3447,展達,28.45,1.0000,27.50,30.00,27.50,224000,6397900,177,TWSE_CSV,2026-09-18 14:15:36 +0800
1150918,2026-09-18,上市,3450,聯鈞,538.00,13.0000,538.00,565.00,525.00,11212000,6050449000,8592,TWSE_CSV,2026-09-18 14:15:36 +0800
1150918,2026-09-18,上市,3481,群創,48.25,-0.2500,49.40,49.40,48.25,125680000,6093470950,36212,TWSE_CSV,2026-09-18 14:15:36 +0800
1150918,2026-09-18,上市,3494,誠研,7.30,0.2300,7.70,7.70,7.11,294000,2154500,82,TWSE_CSV,2026-09-18 14:15:36 +0800
1150918,2026-09-18,上市,3501,維熹,38.40,0.3000,38.85,38.85,38.20,74000,2834950,59,TWSE_CSV,2026-09-18 14:15:36 +0800
1150918,2026-09-18,上市,3504,揚明光,80.50,1.8000,79.70,81.30,79.20,1038000,83400100,829,TWSE_CSV,2026-09-18 14:15:36 +0800
1150918,2026-09-18,上市,3515,華擎,212.00,1.0000,213.50,215.00,210.50,323000,68554000,256,TWSE_CSV,2026-09-18 14:15:36 +0800
1150918,2026-09-18,上市,3518,柏騰,30.90,-0.2000,31.50,31.50,30.80,411000,12769650,269,TWSE_CSV,2026-09-18 14:15:36 +0800
1150918,2026-09-18,上市,3528,安馳,83.80,1.6000,83.20,85.20,82.80,253000,21200900,216,TWSE_CSV,2026-09-18 14:15:36 +0800
1150918,2026-09-18,上市,3530,晶相光,58.20,1.1000,57.80,58.50,57.20,113000,6549900,96,TWSE_CSV,2026-09-18 14:15:36 +0800
1150918,2026-09-18,上市,3532,台勝科,447.50,6.0000,457.00,461.00,438.50,6632000,2958057500,5479,TWSE_CSV,2026-09-18 14:15:36 +0800
1150918,2026-09-18,上市,3533,嘉澤,1585.00,30.0000,1580.00,1615.00,1560.00,650000,1032255000,506,TWSE_CSV,2026-09-18 14:15:36 +0800
1150918,2026-09-18,上市,3535,晶彩科,88.50,2.0000,88.00,88.50,86.50,424000,37091800,306,TWSE_CSV,2026-09-18 14:15:36 +0800
1150918,2026-09-18,上市,3543,州巧,44.30,0.0000,45.40,45.40,44.10,945000,42093650,578,TWSE_CSV,2026-09-18 14:15:36 +0800
1150918,2026-09-18,上市,3545,敦泰,51.60,1.1000,49.90,51.80,49.90,929000,47540600,573,TWSE_CSV,2026-09-18 14:15:36 +0800
1150918,2026-09-18,上市,3550,聯穎,23.70,0.9500,23.00,24.75,22.90,2979000,71323450,1729,TWSE_CSV,2026-09-18 14:15:36 +0800
1150918,2026-09-18,上市,3557,嘉威,23.15,0.1500,23.25,23.25,22.75,36000,825550,23,TWSE_CSV,2026-09-18 14:15:36 +0800
1150918,2026-09-18,上市,3563,牧德,671.00,12.0000,675.00,676.00,665.00,243000,162980000,209,TWSE_CSV,2026-09-18 14:15:36 +0800
1150918,2026-09-18,上市,3576,聯合再生,17.10,0.8000,16.50,17.10,16.25,13121000,221071850,3195,TWSE_CSV,2026-09-18 14:15:36 +0800
1150918,2026-09-18,上市,3583,辛耘,702.00,14.0000,706.00,708.00,693.00,426000,299071000,385,TWSE_CSV,2026-09-18 14:15:36 +0800
1150918,2026-09-18,上市,3588,通嘉,52.40,1.1000,52.20,52.80,51.50,122000,6374300,86,TWSE_CSV,2026-09-18 14:15:36 +0800
1150918,2026-09-18,上市,3592,瑞鼎,224.50,1.0000,226.00,226.00,223.50,217000,48710500,173,TWSE_CSV,2026-09-18 14:15:36 +0800
1150918,2026-09-18,上市,3593,力銘,9.75,-0.1500,9.80,9.86,9.40,19000,182010,12,TWSE_CSV,2026-09-18 14:15:36 +0800
1150918,2026-09-18,上市,3596,智易,155.50,1.5000,155.50,157.00,154.00,826000,128538500,513,TWSE_CSV,2026-09-18 14:15:36 +0800
1150918,2026-09-18,上市,3605,宏致,154.00,14.0000,149.50,154.00,142.00,37969000,5711453000,18538,TWSE_CSV,2026-09-18 14:15:36 +0800
1150918,2026-09-18,上市,3607,谷崧,13.85,0.1500,13.70,13.85,13.65,122000,1677300,70,TWSE_CSV,2026-09-18 14:15:36 +0800
1150918,2026-09-18,上市,3617,碩天,246.00,2.5000,247.50,249.50,244.50,318000,78605500,238,TWSE_CSV,2026-09-18 14:15:36 +0800
1150918,2026-09-18,上市,3622,洋華,46.50,0.5500,46.90,46.90,45.80,210000,9695350,140,TWSE_CSV,2026-09-18 14:15:36 +0800
1150918,2026-09-18,上市,3645,達邁,68.70,-0.1000,70.20,70.20,68.40,879000,60614900,616,TWSE_CSV,2026-09-18 14:15:36 +0800
1150918,2026-09-18,上市,3652,精聯,33.75,0.2500,33.50,33.75,33.45,66000,2218300,57,TWSE_CSV,2026-09-18 14:15:36 +0800
1150918,2026-09-18,上市,3653,健策,5525.00,170.0000,5520.00,5650.00,5415.00,1007000,5572860000,897,TWSE_CSV,2026-09-18 14:15:36 +0800
1150918,2026-09-18,上市,3661,世芯-KY,3540.00,245.0000,3390.00,3540.00,3380.00,4885000,17141560000,2480,TWSE_CSV,2026-09-18 14:15:36 +0800
1150918,2026-09-18,上市,3665,貿聯-KY,2210.00,200.0000,2060.00,2210.00,2045.00,5958000,12912560000,4099,TWSE_CSV,2026-09-18 14:15:36 +0800
1150918,2026-09-18,上市,3669,圓展,32.70,0.1500,33.20,33.20,32.40,69000,2256200,60,TWSE_CSV,2026-09-18 14:15:36 +0800
1150918,2026-09-18,上市,3673,TPK-KY,64.50,0.7000,64.50,64.70,63.40,2359000,151038400,1383,TWSE_CSV,2026-09-18 14:15:36 +0800
1150918,2026-09-18,上市,3679,新至陞,108.50,1.0000,108.00,109.00,107.50,27000,2921500,22,TWSE_CSV,2026-09-18 14:15:36 +0800
1150918,2026-09-18,上市,3686,達能,14.30,0.1500,14.15,14.35,14.10,134000,1904900,58,TWSE_CSV,2026-09-18 14:15:36 +0800
1150918,2026-09-18,上市,3694,海華,50.60,0.4000,50.80,51.00,50.00,630000,31735800,400,TWSE_CSV,2026-09-18 14:15:36 +0800
1150918,2026-09-18,上市,3701,大眾控,41.10,-0.1500,41.50,42.05,41.10,472000,19570750,338,TWSE_CSV,2026-09-18 14:15:36 +0800
1150918,2026-09-18,上市,3702,大聯大,114.50,3.5000,111.50,114.50,111.00,14800000,1678347500,4733,TWSE_CSV,2026-09-18 14:15:36 +0800
1150918,2026-09-18,上市,3703,欣陸,20.05,0.1000,20.65,20.65,20.05,1564000,31580500,559,TWSE_CSV,2026-09-18 14:15:36 +0800
1150918,2026-09-18,上市,3704,合勤控,41.15,0.8500,40.60,41.20,40.35,1884000,76868750,1249,TWSE_CSV,2026-09-18 14:15:36 +0800
1150918,2026-09-18,上市,3705,永信,57.40,0.8000,56.80,57.40,56.20,417000,23790900,216,TWSE_CSV,2026-09-18 14:15:36 +0800
1150918,2026-09-18,上市,3706,神達,80.50,0.0000,81.50,81.50,79.60,5634000,452339100,3369,TWSE_CSV,2026-09-18 14:15:36 +0800
1150918,2026-09-18,上市,3708,上緯投控,96.70,0.2000,97.00,97.60,96.50,1254000,121394000,346,TWSE_CSV,2026-09-18 14:15:36 +0800
1150918,2026-09-18,上市,3711,日月光投控,638.00,24.0000,631.00,643.00,627.00,24867000,15831987000,12278,TWSE_CSV,2026-09-18 14:15:36 +0800
1150918,2026-09-18,上市,3712,永崴投控,20.60,-0.1500,21.00,21.20,20.60,453000,9429850,200,TWSE_CSV,2026-09-18 14:15:36 +0800
1150918,2026-09-18,上市,3714,富采,67.40,1.9000,66.90,68.80,65.00,18540000,1244358500,9316,TWSE_CSV,2026-09-18 14:15:36 +0800
1150918,2026-09-18,上市,3715,定穎投控,118.50,0.0000,122.00,122.50,118.50,3341000,400194000,2115,TWSE_CSV,2026-09-18 14:15:36 +0800
1150918,2026-09-18,上市,3716,中化控股,33.50,-0.4500,33.95,34.10,33.50,2719000,91159000,296,TWSE_CSV,2026-09-18 14:15:36 +0800
1150918,2026-09-18,上市,3717,聯嘉投控,25.10,2.2000,23.30,25.15,23.05,16919000,421598650,5520,TWSE_CSV,2026-09-18 14:15:36 +0800
1150918,2026-09-18,上市,4104,佳醫,72.70,0.5000,72.20,72.70,71.90,123000,8885300,84,TWSE_CSV,2026-09-18 14:15:36 +0800
1150918,2026-09-18,上市,4106,雃博,24.55,0.1500,24.60,24.60,24.30,80000,1957150,60,TWSE_CSV,2026-09-18 14:15:36 +0800
1150918,2026-09-18,上市,4108,懷特,11.35,-0.1000,11.35,11.35,11.20,115000,1296250,71,TWSE_CSV,2026-09-18 14:15:36 +0800
1150918,2026-09-18,上市,4119,旭富,58.20,-1.0000,60.70,60.70,58.10,178000,10477500,156,TWSE_CSV,2026-09-18 14:15:36 +0800
1150918,2026-09-18,上市,4133,亞諾法,20.65,0.2500,20.60,20.75,20.30,114000,2344250,62,TWSE_CSV,2026-09-18 14:15:36 +0800
1150918,2026-09-18,上市,4137,麗豐-KY,78.80,1.8000,77.20,78.80,77.00,193000,15055800,155,TWSE_CSV,2026-09-18 14:15:36 +0800
1150918,2026-09-18,上市,4142,國光生,17.80,0.0500,17.75,17.80,17.55,802000,14210700,347,TWSE_CSV,2026-09-18 14:15:36 +0800
1150918,2026-09-18,上市,4148,全宇生技-KY,33.20,0.7000,32.60,33.20,32.60,16000,525500,13,TWSE_CSV,2026-09-18 14:15:36 +0800
1150918,2026-09-18,上市,4155,訊映,15.15,0.3000,14.85,15.15,14.85,347000,5205900,164,TWSE_CSV,2026-09-18 14:15:36 +0800
1150918,2026-09-18,上市,4164,承業醫,26.05,0.2500,26.05,26.30,25.75,414000,10779700,240,TWSE_CSV,2026-09-18 14:15:36 +0800
1150918,2026-09-18,上市,4169,泰宗,158.00,11.0000,147.00,158.00,147.00,124000,18757500,93,TWSE_CSV,2026-09-18 14:15:36 +0800
1150918,2026-09-18,上市,4178,永笙-KY,17.00,0.4000,16.70,17.00,16.45,178000,2955450,99,TWSE_CSV,2026-09-18 14:15:36 +0800
1150918,2026-09-18,上市,4190,佐登-KY,25.30,-0.4000,25.55,25.70,25.25,30000,762400,27,TWSE_CSV,2026-09-18 14:15:36 +0800
1150918,2026-09-18,上市,4195,基米-創,13.15,0.0000,13.10,13.25,13.10,56000,738800,36,TWSE_CSV,2026-09-18 14:15:36 +0800
1150918,2026-09-18,上市,4306,炎洲,14.80,0.2000,14.75,14.80,14.55,916000,13492050,375,TWSE_CSV,2026-09-18 14:15:36 +0800
1150918,2026-09-18,上市,4414,如興,8.31,0.0100,8.33,8.34,8.26,126000,1047600,78,TWSE_CSV,2026-09-18 14:15:36 +0800
1150918,2026-09-18,上市,4426,利勤,7.63,0.0700,7.56,7.66,7.50,76000,575490,53,TWSE_CSV,2026-09-18 14:15:36 +0800
1150918,2026-09-18,上市,4438,廣越,56.50,-0.2000,57.00,57.20,56.50,56000,3178100,50,TWSE_CSV,2026-09-18 14:15:36 +0800
1150918,2026-09-18,上市,4439,冠星-KY,93.80,-0.7000,94.80,95.20,93.80,8000,756700,8,TWSE_CSV,2026-09-18 14:15:36 +0800
1150918,2026-09-18,上市,4440,宜新實業,17.60,0.0000,17.50,17.75,17.50,29000,510250,21,TWSE_CSV,2026-09-18 14:15:36 +0800
1150918,2026-09-18,上市,4441,振大環球,172.00,-1.0000,172.50,174.00,171.50,54000,9306000,52,TWSE_CSV,2026-09-18 14:15:36 +0800
1150918,2026-09-18,上市,4526,東台,31.25,0.1000,31.55,32.10,30.90,1276000,40149600,708,TWSE_CSV,2026-09-18 14:15:36 +0800
1150918,2026-09-18,上市,4532,瑞智,24.65,-0.3500,25.15,25.15,24.65,1751000,43418000,822,TWSE_CSV,2026-09-18 14:15:36 +0800
1150918,2026-09-18,上市,4536,拓凱,166.00,1.0000,164.50,166.00,163.00,238000,39223000,154,TWSE_CSV,2026-09-18 14:15:36 +0800
1150918,2026-09-18,上市,4540,全球傳動,59.30,0.3000,59.30,59.80,58.90,1096000,65025900,853,TWSE_CSV,2026-09-18 14:15:36 +0800
1150918,2026-09-18,上市,4545,銘鈺,33.50,0.3500,33.20,33.50,33.05,73000,2428850,64,TWSE_CSV,2026-09-18 14:15:36 +0800
1150918,2026-09-18,上市,4551,智伸科,159.50,1.5000,159.50,160.50,157.00,283000,44990500,234,TWSE_CSV,2026-09-18 14:15:36 +0800
1150918,2026-09-18,上市,4552,力達-KY,15.95,-0.2500,16.15,16.15,15.70,235000,3713400,93,TWSE_CSV,2026-09-18 14:15:36 +0800
1150918,2026-09-18,上市,4555,氣立,42.85,0.1000,43.80,43.80,42.75,59000,2529300,53,TWSE_CSV,2026-09-18 14:15:36 +0800
1150918,2026-09-18,上市,4557,永新-KY,49.85,0.0000,50.00,50.80,49.85,29000,1450050,20,TWSE_CSV,2026-09-18 14:15:36 +0800
1150918,2026-09-18,上市,4560,強信-KY,28.85,-0.3500,29.25,29.25,28.70,173000,5006800,97,TWSE_CSV,2026-09-18 14:15:36 +0800
1150918,2026-09-18,上市,4562,穎漢,30.10,0.4000,29.95,30.20,29.75,93000,2794050,79,TWSE_CSV,2026-09-18 14:15:36 +0800
1150918,2026-09-18,上市,4564,元翎,15.70,-0.1000,15.80,15.95,15.70,511000,8069000,289,TWSE_CSV,2026-09-18 14:15:36 +0800
1150918,2026-09-18,上市,4566,時碩工業,64.50,-0.2000,65.40,65.40,64.30,461000,29845800,322,TWSE_CSV,2026-09-18 14:15:36 +0800
1150918,2026-09-18,上市,4569,六方科-KY,157.00,4.0000,153.50,157.00,153.50,41000,6371500,34,TWSE_CSV,2026-09-18 14:15:36 +0800
1150918,2026-09-18,上市,4571,鈞興-KY,151.50,2.0000,150.50,152.00,150.00,49000,7404500,47,TWSE_CSV,2026-09-18 14:15:36 +0800
1150918,2026-09-18,上市,4572,駐龍,140.50,-0.5000,142.00,142.00,140.50,15000,2115500,13,TWSE_CSV,2026-09-18 14:15:36 +0800
1150918,2026-09-18,上市,4576,大銀微系統,240.00,8.5000,236.00,240.00,229.00,2002000,471889000,1549,TWSE_CSV,2026-09-18 14:15:36 +0800
1150918,2026-09-18,上市,4581,光隆精密-KY,48.30,0.2000,48.30,48.30,48.30,2000,96600,2,TWSE_CSV,2026-09-18 14:15:36 +0800
1150918,2026-09-18,上市,4582,聚恆-創,22.45,0.1500,22.20,22.45,22.20,18000,401350,15,TWSE_CSV,2026-09-18 14:15:36 +0800
1150918,2026-09-18,上市,4583,台灣精銳,431.50,11.5000,424.00,436.50,422.50,83000,35774500,69,TWSE_CSV,2026-09-18 14:15:36 +0800
1150918,2026-09-18,上市,4585,達明,303.00,3.0000,301.00,303.00,300.00,175000,52784000,159,TWSE_CSV,2026-09-18 14:15:36 +0800
1150918,2026-09-18,上市,4588,玖鼎電力,55.20,0.2000,55.10,55.80,54.90,76000,4196700,58,TWSE_CSV,2026-09-18 14:15:36 +0800
1150918,2026-09-18,上市,4590,富田-創,91.00,1.7000,90.70,91.00,89.60,174000,15726100,131,TWSE_CSV,2026-09-18 14:15:36 +0800
1150918,2026-09-18,上市,4720,德淵,18.70,0.0500,18.75,19.15,18.45,614000,11563700,341,TWSE_CSV,2026-09-18 14:15:36 +0800
1150918,2026-09-18,上市,4722,國精化,189.50,6.5000,185.00,189.50,182.50,1778000,334326000,524,TWSE_CSV,2026-09-18 14:15:36 +0800
1150918,2026-09-18,上市,4736,泰博,133.00,0.5000,134.00,134.00,131.00,253000,33507500,207,TWSE_CSV,2026-09-18 14:15:36 +0800
1150918,2026-09-18,上市,4737,華廣,60.30,0.0000,60.70,60.80,59.30,61000,3662200,52,TWSE_CSV,2026-09-18 14:15:36 +0800
1150918,2026-09-18,上市,4739,康普,79.50,-0.2000,80.50,80.60,79.10,757000,60320000,534,TWSE_CSV,2026-09-18 14:15:36 +0800
1150918,2026-09-18,上市,4746,台耀,47.85,0.2000,47.70,48.30,47.35,823000,39433000,477,TWSE_CSV,2026-09-18 14:15:36 +0800
1150918,2026-09-18,上市,4755,三福化,113.00,-1.0000,115.00,115.00,111.50,375000,42354500,213,TWSE_CSV,2026-09-18 14:15:36 +0800
1150918,2026-09-18,上市,4763,材料*-KY,50.50,2.8000,48.00,50.50,47.45,16254000,800471450,6945,TWSE_CSV,2026-09-18 14:15:36 +0800
1150918,2026-09-18,上市,4764,雙鍵,204.50,1.0000,209.00,209.50,202.00,633000,129654000,541,TWSE_CSV,2026-09-18 14:15:36 +0800
1150918,2026-09-18,上市,4766,南寶,346.00,4.0000,344.00,346.00,342.00,136000,46827500,119,TWSE_CSV,2026-09-18 14:15:36 +0800
1150918,2026-09-18,上市,4770,上品,251.00,9.0000,242.00,255.50,242.00,2056000,515752500,1532,TWSE_CSV,2026-09-18 14:15:36 +0800
1150918,2026-09-18,上市,4771,望隼,215.00,2.0000,219.00,219.50,211.50,453000,96823000,331,TWSE_CSV,2026-09-18 14:15:36 +0800
1150918,2026-09-18,上市,4807,日成-KY,31.40,1.5000,29.90,31.40,29.50,188000,5743050,145,TWSE_CSV,2026-09-18 14:15:36 +0800
1150918,2026-09-18,上市,4904,遠傳,107.00,0.5000,106.00,107.00,105.50,12585000,1342727500,3164,TWSE_CSV,2026-09-18 14:15:36 +0800
1150918,2026-09-18,上市,4906,正文,37.00,0.9000,36.50,37.00,36.35,5352000,196620700,2752,TWSE_CSV,2026-09-18 14:15:36 +0800
1150918,2026-09-18,上市,4912,聯德控股-KY,98.70,6.0000,93.10,98.70,92.20,580000,55581200,396,TWSE_CSV,2026-09-18 14:15:36 +0800
1150918,2026-09-18,上市,4915,致伸,65.50,1.6000,64.50,65.90,64.40,5401000,352652200,2944,TWSE_CSV,2026-09-18 14:15:36 +0800
1150918,2026-09-18,上市,4916,事欣科,105.50,2.5000,105.00,107.50,102.50,15315000,1614662000,9761,TWSE_CSV,2026-09-18 14:15:36 +0800
1150918,2026-09-18,上市,4919,新唐,126.50,11.5000,118.00,126.50,117.00,6620000,820378500,3551,TWSE_CSV,2026-09-18 14:15:36 +0800
1150918,2026-09-18,上市,4927,泰鼎-KY,44.25,0.8500,43.85,44.25,42.80,4764000,208765150,1638,TWSE_CSV,2026-09-18 14:15:36 +0800
1150918,2026-09-18,上市,4930,燦星網,16.20,0.0500,16.15,16.20,16.15,273000,4409200,50,TWSE_CSV,2026-09-18 14:15:36 +0800
1150918,2026-09-18,上市,4934,太極,13.90,0.1500,13.80,14.00,13.50,393000,5393550,236,TWSE_CSV,2026-09-18 14:15:36 +0800
1150918,2026-09-18,上市,4935,茂林-KY,34.45,2.8000,32.15,34.70,31.50,407000,13729400,291,TWSE_CSV,2026-09-18 14:15:36 +0800
1150918,2026-09-18,上市,4938,和碩,90.30,-0.1000,91.00,91.30,89.70,9000000,812078000,2584,TWSE_CSV,2026-09-18 14:15:36 +0800
1150918,2026-09-18,上市,4942,嘉彰,31.30,0.1000,31.15,32.40,31.15,99000,3134550,75,TWSE_CSV,2026-09-18 14:15:36 +0800
1150918,2026-09-18,上市,4943,康控-KY,7.18,-0.1800,7.68,7.68,7.00,53000,374970,25,TWSE_CSV,2026-09-18 14:15:36 +0800
1150918,2026-09-18,上市,4949,有成精密,74.60,1.0000,75.10,75.10,74.20,263000,19641900,214,TWSE_CSV,2026-09-18 14:15:36 +0800
1150918,2026-09-18,上市,4952,凌通,47.90,0.4500,47.85,48.20,47.45,201000,9638250,156,TWSE_CSV,2026-09-18 14:15:36 +0800
1150918,2026-09-18,上市,4956,光鋐,42.60,3.8500,40.25,42.60,39.40,23851000,991179100,12621,TWSE_CSV,2026-09-18 14:15:36 +0800
1150918,2026-09-18,上市,4958,臻鼎-KY,473.00,-3.0000,486.00,491.00,472.00,28725000,13679044000,19566,TWSE_CSV,2026-09-18 14:15:36 +0800
1150918,2026-09-18,上市,4960,誠美材,22.90,0.9000,23.00,23.85,21.40,19016000,426776750,8536,TWSE_CSV,2026-09-18 14:15:36 +0800
1150918,2026-09-18,上市,4961,天鈺,183.50,2.5000,184.00,184.00,179.50,1159000,211321500,739,TWSE_CSV,2026-09-18 14:15:36 +0800
1150918,2026-09-18,上市,4967,十銓,277.00,6.0000,274.00,277.00,272.50,4081000,1127431500,1163,TWSE_CSV,2026-09-18 14:15:36 +0800
1150918,2026-09-18,上市,4968,立積,92.00,0.4000,92.30,93.30,91.50,331000,30559500,265,TWSE_CSV,2026-09-18 14:15:36 +0800
1150918,2026-09-18,上市,4976,佳凌,36.60,0.7000,35.95,36.80,35.90,925000,33590900,650,TWSE_CSV,2026-09-18 14:15:36 +0800
1150918,2026-09-18,上市,4977,眾達-KY,175.00,2.0000,175.00,178.00,172.00,3373000,588741500,2630,TWSE_CSV,2026-09-18 14:15:36 +0800
1150918,2026-09-18,上市,4989,榮科,61.00,1.1000,60.90,61.80,60.30,1822000,111121700,1299,TWSE_CSV,2026-09-18 14:15:36 +0800
1150918,2026-09-18,上市,4994,傳奇,80.70,-0.8000,81.60,82.90,79.10,54000,4402900,50,TWSE_CSV,2026-09-18 14:15:36 +0800
1150918,2026-09-18,上市,4999,鑫禾,17.90,0.0000,17.95,17.95,17.70,37000,659100,26,TWSE_CSV,2026-09-18 14:15:36 +0800
1150918,2026-09-18,上市,5007,三星,55.60,0.0000,55.60,55.60,55.50,25000,1389800,23,TWSE_CSV,2026-09-18 14:15:36 +0800
1150918,2026-09-18,上市,5203,訊連,58.00,-0.2000,58.30,59.00,58.00,162000,9442700,116,TWSE_CSV,2026-09-18 14:15:36 +0800
1150918,2026-09-18,上市,5215,科嘉-KY,37.95,0.3000,37.65,38.30,37.65,13000,494450,13,TWSE_CSV,2026-09-18 14:15:36 +0800
1150918,2026-09-18,上市,5222,全訊,103.50,0.0000,104.00,104.50,102.50,151000,15639000,114,TWSE_CSV,2026-09-18 14:15:36 +0800
1150918,2026-09-18,上市,5225,東科-KY,55.10,0.4000,54.70,55.20,54.50,93000,5100100,84,TWSE_CSV,2026-09-18 14:15:36 +0800
1150918,2026-09-18,上市,5234,達興材料,296.00,2.0000,307.00,307.00,291.50,178000,52827500,164,TWSE_CSV,2026-09-18 14:15:36 +0800
1150918,2026-09-18,上市,5236,凌陽創新,134.00,1.5000,133.00,135.00,133.00,60000,8036500,58,TWSE_CSV,2026-09-18 14:15:36 +0800
1150918,2026-09-18,上市,5243,乙盛-KY,90.30,1.5000,90.10,90.50,88.80,582000,52247300,468,TWSE_CSV,2026-09-18 14:15:36 +0800
1150918,2026-09-18,上市,5244,弘凱,36.90,1.4500,35.95,36.90,35.75,473000,17250000,288,TWSE_CSV,2026-09-18 14:15:36 +0800
1150918,2026-09-18,上市,5258,虹堡,42.30,-0.3500,42.80,42.80,42.30,134000,5696900,118,TWSE_CSV,2026-09-18 14:15:36 +0800
1150918,2026-09-18,上市,5269,祥碩,1495.00,15.0000,1490.00,1505.00,1480.00,650000,970340000,555,TWSE_CSV,2026-09-18 14:15:36 +0800
1150918,2026-09-18,上市,5283,禾聯碩,56.30,3.0000,53.30,56.30,52.70,98000,5358700,71,TWSE_CSV,2026-09-18 14:15:36 +0800
1150918,2026-09-18,上市,5284,jpp-KY,297.00,3.5000,297.00,299.00,294.50,80000,23780500,77,TWSE_CSV,2026-09-18 14:15:36 +0800
1150918,2026-09-18,上市,5285,界霖,93.30,4.6000,89.10,93.30,87.70,2802000,256497400,2102,TWSE_CSV,2026-09-18 14:15:36 +0800
1150918,2026-09-18,上市,5288,豐祥-KY,189.00,0.5000,188.50,190.50,184.50,138000,25805500,106,TWSE_CSV,2026-09-18 14:15:36 +0800
1150918,2026-09-18,上市,5292,華懋,220.00,3.5000,216.50,220.00,216.50,46000,10048000,45,TWSE_CSV,2026-09-18 14:15:36 +0800
1150918,2026-09-18,上市,5306,桂盟,88.10,-1.3000,89.80,89.80,88.10,55000,4873600,44,TWSE_CSV,2026-09-18 14:15:36 +0800
1150918,2026-09-18,上市,5388,中磊,73.60,-0.3000,74.60,74.60,73.20,1846000,135964800,1230,TWSE_CSV,2026-09-18 14:15:36 +0800
1150918,2026-09-18,上市,5434,崇越,540.00,10.0000,535.00,545.00,532.00,801000,431361000,494,TWSE_CSV,2026-09-18 14:15:36 +0800
1150918,2026-09-18,上市,5469,瀚宇博,72.80,-0.2000,74.10,74.10,72.80,1560000,114031000,965,TWSE_CSV,2026-09-18 14:15:36 +0800
1150918,2026-09-18,上市,5471,松翰,52.10,1.0000,51.60,52.40,50.90,864000,44772900,686,TWSE_CSV,2026-09-18 14:15:36 +0800
1150918,2026-09-18,上市,5484,慧友,39.35,-0.0500,39.80,39.90,39.35,105000,4150450,83,TWSE_CSV,2026-09-18 14:15:36 +0800
1150918,2026-09-18,上市,5515,建國,49.90,0.3500,50.30,50.30,49.80,173000,8662150,149,TWSE_CSV,2026-09-18 14:15:36 +0800
1150918,2026-09-18,上市,5519,隆大,26.35,1.1000,26.30,27.20,25.85,454000,11897750,306,TWSE_CSV,2026-09-18 14:15:36 +0800
1150918,2026-09-18,上市,5521,工信,10.70,0.0500,10.70,10.70,10.60,1156000,12309900,420,TWSE_CSV,2026-09-18 14:15:36 +0800
1150918,2026-09-18,上市,5522,遠雄,62.20,1.5000,62.80,62.90,61.30,1265000,78618300,893,TWSE_CSV,2026-09-18 14:15:36 +0800
1150918,2026-09-18,上市,5525,順天,22.25,0.3500,22.20,22.45,22.15,108000,2408500,69,TWSE_CSV,2026-09-18 14:15:36 +0800
1150918,2026-09-18,上市,5531,鄉林,6.91,-0.3500,7.39,7.48,6.91,8580000,59599040,719,TWSE_CSV,2026-09-18 14:15:36 +0800
1150918,2026-09-18,上市,5533,皇鼎,14.15,0.2500,14.00,14.25,14.00,330000,4681600,103,TWSE_CSV,2026-09-18 14:15:36 +0800
1150918,2026-09-18,上市,5534,長虹,76.40,2.0000,78.10,78.40,75.70,1620000,124469100,952,TWSE_CSV,2026-09-18 14:15:36 +0800
1150918,2026-09-18,上市,5538,東明-KY,35.45,0.2000,35.70,35.70,35.25,32000,1135850,31,TWSE_CSV,2026-09-18 14:15:36 +0800
1150918,2026-09-18,上市,5546,永固-KY,14.75,0.0000,14.30,14.75,14.20,27000,390100,20,TWSE_CSV,2026-09-18 14:15:36 +0800
1150918,2026-09-18,上市,5607,遠雄港,53.00,0.1000,52.80,53.30,52.50,523000,27684200,362,TWSE_CSV,2026-09-18 14:15:36 +0800
1150918,2026-09-18,上市,5608,四維航,16.90,0.0000,16.90,17.05,16.70,2044000,34432350,859,TWSE_CSV,2026-09-18 14:15:36 +0800
1150918,2026-09-18,上市,5706,鳳凰,44.20,0.4500,43.85,44.20,43.80,72000,3166750,60,TWSE_CSV,2026-09-18 14:15:36 +0800
1150918,2026-09-18,上市,5871,中租-KY,112.00,0.0000,113.00,113.00,111.00,7926000,886475500,2541,TWSE_CSV,2026-09-18 14:15:36 +0800
1150918,2026-09-18,上市,5876,上海商銀,49.45,-0.5000,49.80,49.80,48.65,9806000,483558150,2566,TWSE_CSV,2026-09-18 14:15:36 +0800
1150918,2026-09-18,上市,5880,合庫金,27.30,-0.2500,27.50,27.50,27.05,30405000,829380150,5351,TWSE_CSV,2026-09-18 14:15:36 +0800
1150918,2026-09-18,上市,5906,台南-KY,42.25,3.2500,42.80,42.80,41.10,4000,168650,4,TWSE_CSV,2026-09-18 14:15:36 +0800
1150918,2026-09-18,上市,5907,大洋-KY,4.84,-0.0400,4.90,4.91,4.77,671000,3236050,181,TWSE_CSV,2026-09-18 14:15:36 +0800
1150918,2026-09-18,上市,6005,群益證,31.50,0.2000,31.50,31.60,31.20,8447000,265585500,3019,TWSE_CSV,2026-09-18 14:15:36 +0800
1150918,2026-09-18,上市,6024,群益期,61.20,-0.3000,61.60,61.60,60.90,147000,8999600,113,TWSE_CSV,2026-09-18 14:15:36 +0800
1150918,2026-09-18,上市,6108,競國,24.10,-0.2000,24.20,24.55,23.70,1669000,40071650,916,TWSE_CSV,2026-09-18 14:15:36 +0800
1150918,2026-09-18,上市,6112,邁達特,52.10,3.3500,48.80,53.10,48.50,8870000,455978350,5837,TWSE_CSV,2026-09-18 14:15:36 +0800
1150918,2026-09-18,上市,6115,鎰勝,45.40,1.3500,44.05,45.40,43.90,132000,5903500,87,TWSE_CSV,2026-09-18 14:15:36 +0800
1150918,2026-09-18,上市,6116,彩晶,14.00,0.0500,14.20,14.25,13.85,15874000,221474350,4647,TWSE_CSV,2026-09-18 14:15:36 +0800
1150918,2026-09-18,上市,6117,迎廣,60.90,0.0000,61.90,61.90,60.80,140000,8545100,106,TWSE_CSV,2026-09-18 14:15:36 +0800
1150918,2026-09-18,上市,6120,達運,12.35,0.0500,12.45,12.50,12.20,2161000,26748550,669,TWSE_CSV,2026-09-18 14:15:36 +0800
1150918,2026-09-18,上市,6128,上福,19.45,0.3000,19.10,19.45,19.10,34000,655250,30,TWSE_CSV,2026-09-18 14:15:36 +0800
1150918,2026-09-18,上市,6133,金橋,27.45,1.4000,26.05,27.70,25.50,12557000,332277900,6811,TWSE_CSV,2026-09-18 14:15:36 +0800
1150918,2026-09-18,上市,6136,富爾特,24.90,0.0500,24.85,24.90,24.65,130000,3217450,86,TWSE_CSV,2026-09-18 14:15:36 +0800
1150918,2026-09-18,上市,6139,亞翔,733.00,37.0000,706.00,734.00,706.00,3576000,2598603000,2184,TWSE_CSV,2026-09-18 14:15:36 +0800
1150918,2026-09-18,上市,6141,柏承,49.85,0.3500,50.00,50.80,49.05,1503000,74851450,777,TWSE_CSV,2026-09-18 14:15:36 +0800
1150918,2026-09-18,上市,6142,友勁,8.84,0.0100,9.00,9.00,8.84,252000,2246420,140,TWSE_CSV,2026-09-18 14:15:36 +0800
1150918,2026-09-18,上市,6152,百一,15.05,0.3000,14.75,15.15,14.70,1229000,18374150,516,TWSE_CSV,2026-09-18 14:15:36 +0800
1150918,2026-09-18,上市,6153,嘉聯益,17.00,-0.2500,17.45,17.50,17.00,2149000,36764300,796,TWSE_CSV,2026-09-18 14:15:36 +0800
1150918,2026-09-18,上市,6155,鈞寶,56.80,1.3000,56.60,57.00,55.80,635000,35873200,481,TWSE_CSV,2026-09-18 14:15:36 +0800
1150918,2026-09-18,上市,6164,華興,12.25,0.4500,12.00,12.45,11.80,1331000,16110950,568,TWSE_CSV,2026-09-18 14:15:36 +0800
1150918,2026-09-18,上市,6165,浪凡,50.30,1.7000,48.45,50.30,48.45,514000,25571500,337,TWSE_CSV,2026-09-18 14:15:36 +0800
1150918,2026-09-18,上市,6166,凌華,114.50,2.5000,113.50,114.50,112.00,610000,69018000,453,TWSE_CSV,2026-09-18 14:15:36 +0800
1150918,2026-09-18,上市,6168,宏齊,38.85,3.5000,37.15,38.85,35.85,32541000,1232599350,13371,TWSE_CSV,2026-09-18 14:15:36 +0800
1150918,2026-09-18,上市,6176,瑞儀,96.10,2.7000,93.60,96.10,93.40,3720000,353322100,2175,TWSE_CSV,2026-09-18 14:15:36 +0800
1150918,2026-09-18,上市,6177,達麗,48.35,0.7000,50.00,50.40,47.95,3318000,162626400,1811,TWSE_CSV,2026-09-18 14:15:36 +0800
1150918,2026-09-18,上市,6183,關貿,91.40,0.5000,90.90,91.50,90.00,20000,1817200,20,TWSE_CSV,2026-09-18 14:15:36 +0800
1150918,2026-09-18,上市,6184,大豐電,40.80,1.2500,39.60,42.00,39.60,788000,31890300,279,TWSE_CSV,2026-09-18 14:15:36 +0800
1150918,2026-09-18,上市,6189,豐藝,48.15,0.7500,47.50,48.15,47.05,337000,16087450,227,TWSE_CSV,2026-09-18 14:15:36 +0800
1150918,2026-09-18,上市,6191,精成科,83.20,1.0000,82.90,83.20,82.50,921000,76303600,645,TWSE_CSV,2026-09-18 14:15:36 +0800
1150918,2026-09-18,上市,6192,巨路,111.50,1.0000,110.50,111.50,110.50,63000,6994000,51,TWSE_CSV,2026-09-18 14:15:36 +0800
1150918,2026-09-18,上市,6196,帆宣,540.00,24.0000,526.00,541.00,521.00,1966000,1049171000,1597,TWSE_CSV,2026-09-18 14:15:36 +0800
1150918,2026-09-18,上市,6197,佳必琪,320.50,16.0000,310.00,323.50,309.00,3718000,1178939500,2926,TWSE_CSV,2026-09-18 14:15:36 +0800
1150918,2026-09-18,上市,6201,亞弘電,46.40,1.6000,44.80,48.95,44.80,79000,3689350,59,TWSE_CSV,2026-09-18 14:15:36 +0800
1150918,2026-09-18,上市,6202,盛群,55.80,1.5000,55.10,56.80,54.70,1186000,66284800,860,TWSE_CSV,2026-09-18 14:15:36 +0800
1150918,2026-09-18,上市,6205,詮欣,63.70,0.4000,64.80,64.80,63.70,236000,15102000,153,TWSE_CSV,2026-09-18 14:15:36 +0800
1150918,2026-09-18,上市,6206,飛捷,138.50,-3.0000,142.00,142.00,138.00,869000,121010500,684,TWSE_CSV,2026-09-18 14:15:36 +0800
1150918,2026-09-18,上市,6209,今國光,80.40,2.4000,78.30,80.40,78.30,6093000,485881600,4088,TWSE_CSV,2026-09-18 14:15:36 +0800
1150918,2026-09-18,上市,6213,聯茂,505.00,10.0000,503.00,525.00,501.00,21760000,11151296000,15062,TWSE_CSV,2026-09-18 14:15:36 +0800
1150918,2026-09-18,上市,6214,精誠,194.50,1.5000,193.50,194.50,192.00,1545000,298555500,750,TWSE_CSV,2026-09-18 14:15:36 +0800
1150918,2026-09-18,上市,6215,和椿,98.70,0.7000,99.60,99.70,97.50,256000,25184100,214,TWSE_CSV,2026-09-18 14:15:36 +0800
1150918,2026-09-18,上市,6216,居易,19.30,-0.0500,19.55,19.55,19.30,91000,1763250,62,TWSE_CSV,2026-09-18 14:15:36 +0800
1150918,2026-09-18,上市,6224,聚鼎,89.20,2.7000,88.80,90.00,87.00,1274000,113204600,977,TWSE_CSV,2026-09-18 14:15:36 +0800
1150918,2026-09-18,上市,6225,天瀚,60.00,-0.2000,62.80,62.80,60.00,115000,6953700,75,TWSE_CSV,2026-09-18 14:15:36 +0800
1150918,2026-09-18,上市,6226,光鼎,45.70,1.8500,44.05,48.00,42.30,127529000,5775306800,64005,TWSE_CSV,2026-09-18 14:15:36 +0800
1150918,2026-09-18,上市,6230,尼得科超眾,113.00,2.5000,113.50,113.50,111.50,48000,5397000,45,TWSE_CSV,2026-09-18 14:15:36 +0800
1150918,2026-09-18,上市,6235,華孚,37.70,-0.3000,38.20,38.20,37.70,316000,11967450,214,TWSE_CSV,2026-09-18 14:15:36 +0800
1150918,2026-09-18,上市,6239,力成,284.00,9.5000,280.00,285.00,278.00,19969000,5634002500,10904,TWSE_CSV,2026-09-18 14:15:36 +0800
1150918,2026-09-18,上市,6243,迅杰,38.10,0.9000,37.95,38.20,37.40,228000,8635000,177,TWSE_CSV,2026-09-18 14:15:36 +0800
1150918,2026-09-18,上市,6257,矽格,244.50,22.0000,231.00,244.50,227.50,35606000,8511023000,20674,TWSE_CSV,2026-09-18 14:15:36 +0800
1150918,2026-09-18,上市,6269,台郡,64.10,0.4000,64.50,65.00,63.00,4026000,256629100,1961,TWSE_CSV,2026-09-18 14:15:36 +0800
1150918,2026-09-18,上市,6271,同欣電,229.50,4.5000,229.50,231.00,225.00,3217000,734972000,2459,TWSE_CSV,2026-09-18 14:15:36 +0800
1150918,2026-09-18,上市,6272,驊陞,26.95,-0.0500,27.20,27.45,26.55,424000,11374650,248,TWSE_CSV,2026-09-18 14:15:36 +0800
1150918,2026-09-18,上市,6277,宏正,78.90,0.8000,78.50,79.00,78.10,118000,9294000,96,TWSE_CSV,2026-09-18 14:15:36 +0800
1150918,2026-09-18,上市,6278,台表科,196.00,12.0000,187.00,196.00,186.00,3809000,730976000,2820,TWSE_CSV,2026-09-18 14:15:36 +0800
1150918,2026-09-18,上市,6281,全國電,51.10,0.2000,51.00,51.50,50.90,52000,2656600,36,TWSE_CSV,2026-09-18 14:15:36 +0800
1150918,2026-09-18,上市,6282,康舒,42.85,0.1000,43.25,43.50,42.85,2784000,119753650,1683,TWSE_CSV,2026-09-18 14:15:36 +0800
1150918,2026-09-18,上市,6283,淳安,18.50,0.6000,17.95,18.65,17.90,170000,3109100,107,TWSE_CSV,2026-09-18 14:15:36 +0800
1150918,2026-09-18,上市,6285,啟碁,227.50,1.0000,229.00,230.50,227.00,4226000,963469500,2006,TWSE_CSV,2026-09-18 14:15:36 +0800
1150918,2026-09-18,上市,6405,悅城,40.60,-0.7500,41.75,42.15,40.00,1241000,50682050,906,TWSE_CSV,2026-09-18 14:15:36 +0800
1150918,2026-09-18,上市,6409,旭隼,908.00,31.0000,892.00,930.00,888.00,641000,584042000,437,TWSE_CSV,2026-09-18 14:15:36 +0800
1150918,2026-09-18,上市,6412,群電,74.00,0.0000,74.60,74.60,74.00,608000,45133300,401,TWSE_CSV,2026-09-18 14:15:36 +0800
1150918,2026-09-18,上市,6414,樺漢,372.50,1.0000,373.00,376.50,372.50,674000,251887500,477,TWSE_CSV,2026-09-18 14:15:36 +0800
1150918,2026-09-18,上市,6415,矽力*-KY,437.50,26.5000,419.00,437.50,414.50,3755000,1612722000,2062,TWSE_CSV,2026-09-18 14:15:36 +0800
1150918,2026-09-18,上市,6416,瑞祺電通,120.00,1.0000,119.50,121.00,117.50,892000,106353500,697,TWSE_CSV,2026-09-18 14:15:36 +0800
1150918,2026-09-18,上市,6426,統新,373.50,10.5000,381.50,385.00,365.00,7188000,2689744500,5587,TWSE_CSV,2026-09-18 14:15:36 +0800
1150918,2026-09-18,上市,6431,光麗-KY,17.05,-0.3500,17.20,17.60,16.95,153000,2607100,65,TWSE_CSV,2026-09-18 14:15:36 +0800
1150918,2026-09-18,上市,6438,迅得,148.50,3.0000,147.00,149.50,146.50,208000,30765500,180,TWSE_CSV,2026-09-18 14:15:36 +0800
1150918,2026-09-18,上市,6442,光聖,1575.00,65.0000,1545.00,1575.00,1510.00,1807000,2795740000,1497,TWSE_CSV,2026-09-18 14:15:36 +0800
1150918,2026-09-18,上市,6443,元晶,25.50,1.7500,24.00,25.60,23.80,9890000,247307300,3883,TWSE_CSV,2026-09-18 14:15:36 +0800
1150918,2026-09-18,上市,6446,藥華藥,1180.00,-15.0000,1205.00,1215.00,1180.00,12443000,14735920000,2668,TWSE_CSV,2026-09-18 14:15:36 +0800
1150918,2026-09-18,上市,6449,鈺邦,217.00,5.5000,216.00,218.00,213.50,436000,94299500,358,TWSE_CSV,2026-09-18 14:15:36 +0800
1150918,2026-09-18,上市,6451,訊芯-KY,443.50,24.5000,427.50,443.50,421.00,3976000,1727879000,2551,TWSE_CSV,2026-09-18 14:15:36 +0800
1150918,2026-09-18,上市,6456,GIS-KY,65.40,0.3000,65.10,65.90,64.20,1434000,93161500,873,TWSE_CSV,2026-09-18 14:15:36 +0800
1150918,2026-09-18,上市,6464,台數科,78.00,0.2000,77.70,78.00,77.70,21000,1635300,19,TWSE_CSV,2026-09-18 14:15:36 +0800
1150918,2026-09-18,上市,6472,保瑞,444.50,19.5000,426.00,448.00,423.00,1592000,701748000,1394,TWSE_CSV,2026-09-18 14:15:36 +0800
1150918,2026-09-18,上市,6477,安集,34.35,0.5500,34.45,34.80,33.90,513000,17618950,336,TWSE_CSV,2026-09-18 14:15:36 +0800
1150918,2026-09-18,上市,6491,晶碩,396.00,-5.0000,401.00,401.00,391.00,288000,113908000,242,TWSE_CSV,2026-09-18 14:15:36 +0800
1150918,2026-09-18,上市,6504,南六,37.20,0.2500,37.45,37.45,36.95,22000,817800,21,TWSE_CSV,2026-09-18 14:15:36 +0800
1150918,2026-09-18,上市,6505,台塑化,86.50,0.3000,85.20,86.50,84.10,22073000,1889287300,9604,TWSE_CSV,2026-09-18 14:15:36 +0800
1150918,2026-09-18,上市,6515,穎崴,6435.00,315.0000,6255.00,6475.00,6210.00,390000,2494910000,302,TWSE_CSV,2026-09-18 14:15:36 +0800
1150918,2026-09-18,上市,6525,捷敏-KY,135.50,6.5000,131.00,136.00,130.50,1161000,155322500,839,TWSE_CSV,2026-09-18 14:15:36 +0800
1150918,2026-09-18,上市,6526,達發,691.00,62.0000,643.00,691.00,640.00,2582000,1757975000,1812,TWSE_CSV,2026-09-18 14:15:36 +0800
1150918,2026-09-18,上市,6531,愛普*,968.00,48.0000,940.00,969.00,939.00,2506000,2393634000,2015,TWSE_CSV,2026-09-18 14:15:36 +0800
1150918,2026-09-18,上市,6533,晶心科,270.50,19.0000,255.00,276.00,250.00,4480000,1182757500,3483,TWSE_CSV,2026-09-18 14:15:36 +0800
1150918,2026-09-18,上市,6534,正瀚-創,89.40,-0.7000,90.90,90.90,89.40,60000,5394100,41,TWSE_CSV,2026-09-18 14:15:36 +0800
1150918,2026-09-18,上市,6541,泰福-KY,32.50,1.7000,31.50,33.50,31.50,960000,31390900,681,TWSE_CSV,2026-09-18 14:15:36 +0800
1150918,2026-09-18,上市,6552,易華電,24.20,0.2500,24.20,24.35,23.90,54000,1303750,42,TWSE_CSV,2026-09-18 14:15:36 +0800
1150918,2026-09-18,上市,6558,興能高,23.90,0.1000,23.95,24.00,23.55,130000,3091000,101,TWSE_CSV,2026-09-18 14:15:36 +0800
1150918,2026-09-18,上市,6573,虹揚-KY,16.60,-0.1500,16.50,16.85,16.40,104000,1731900,74,TWSE_CSV,2026-09-18 14:15:36 +0800
1150918,2026-09-18,上市,6579,研揚,152.00,0.0000,153.00,153.00,151.00,243000,36927000,192,TWSE_CSV,2026-09-18 14:15:36 +0800
1150918,2026-09-18,上市,6581,鋼聯,109.50,0.0000,110.00,110.50,109.50,12000,1315500,10,TWSE_CSV,2026-09-18 14:15:36 +0800
1150918,2026-09-18,上市,6582,申豐,31.50,0.2000,31.30,31.50,31.05,77000,2405450,37,TWSE_CSV,2026-09-18 14:15:36 +0800
1150918,2026-09-18,上市,6585,鼎基,105.50,1.0000,105.50,105.50,105.00,39000,4107000,39,TWSE_CSV,2026-09-18 14:15:36 +0800
1150918,2026-09-18,上市,6589,台康生技,52.70,1.5000,51.20,52.70,50.20,1459000,75613400,980,TWSE_CSV,2026-09-18 14:15:36 +0800
1150918,2026-09-18,上市,6591,動力-KY,43.90,1.2500,42.50,43.90,42.50,88000,3792050,78,TWSE_CSV,2026-09-18 14:15:36 +0800
1150918,2026-09-18,上市,6592,和潤企業,58.80,-1.0000,59.80,59.80,58.80,861000,50940000,547,TWSE_CSV,2026-09-18 14:15:36 +0800
1150918,2026-09-18,上市,6598,ABC-KY,28.55,0.6500,27.70,28.80,27.70,138000,3895900,69,TWSE_CSV,2026-09-18 14:15:36 +0800
1150918,2026-09-18,上市,6605,帝寶,139.00,3.0000,136.50,140.00,135.50,494000,68234500,333,TWSE_CSV,2026-09-18 14:15:36 +0800
1150918,2026-09-18,上市,6606,建德工業,25.55,0.5000,25.20,25.55,25.00,43000,1085450,38,TWSE_CSV,2026-09-18 14:15:36 +0800
1150918,2026-09-18,上市,6614,資拓宏宇,35.85,0.2000,36.45,36.45,35.55,29000,1039450,25,TWSE_CSV,2026-09-18 14:15:36 +0800
1150918,2026-09-18,上市,6625,必應,75.10,0.7000,75.00,75.50,74.20,40000,2988200,37,TWSE_CSV,2026-09-18 14:15:36 +0800
1150918,2026-09-18,上市,6641,基士德-KY,17.10,0.0500,17.05,17.20,17.05,11000,188350,8,TWSE_CSV,2026-09-18 14:15:36 +0800
1150918,2026-09-18,上市,6645,金萬林-創,12.60,0.1000,12.55,12.60,12.50,47000,589200,19,TWSE_CSV,2026-09-18 14:15:36 +0800
1150918,2026-09-18,上市,6655,科定,123.00,-1.5000,126.00,128.50,121.00,37000,4654000,12,TWSE_CSV,2026-09-18 14:15:36 +0800
1150918,2026-09-18,上市,6657,華安,33.65,-0.6500,34.50,34.50,33.65,184000,6242750,120,TWSE_CSV,2026-09-18 14:15:36 +0800
1150918,2026-09-18,上市,6658,聯策,174.50,5.5000,171.50,174.50,170.50,139000,23983000,128,TWSE_CSV,2026-09-18 14:15:36 +0800
1150918,2026-09-18,上市,6666,羅麗芬-KY,44.85,0.1000,45.40,45.40,44.40,16000,717700,15,TWSE_CSV,2026-09-18 14:15:36 +0800
1150918,2026-09-18,上市,6668,中揚光,49.25,4.4500,45.90,49.25,44.40,8812000,417095950,5153,TWSE_CSV,2026-09-18 14:15:36 +0800
1150918,2026-09-18,上市,6669,緯穎,2140.00,5.0000,2195.00,2195.00,2115.00,3928000,8424520000,3120,TWSE_CSV,2026-09-18 14:15:36 +0800
1150918,2026-09-18,上市,6670,復盛應用,275.50,2.0000,275.00,275.50,272.50,165000,45270000,127,TWSE_CSV,2026-09-18 14:15:36 +0800
1150918,2026-09-18,上市,6671,三能-KY,23.05,0.1000,22.95,23.05,22.95,13000,299350,11,TWSE_CSV,2026-09-18 14:15:36 +0800
1150918,2026-09-18,上市,6672,騰輝電子-KY,302.00,8.5000,299.50,309.50,297.00,5755000,1739064000,4502,TWSE_CSV,2026-09-18 14:15:36 +0800
1150918,2026-09-18,上市,6674,鋐寶科技,15.80,0.1500,15.70,15.80,15.45,16000,250150,13,TWSE_CSV,2026-09-18 14:15:36 +0800
1150918,2026-09-18,上市,6689,伊雲谷,66.80,1.3000,66.20,68.40,65.50,1040000,69939300,791,TWSE_CSV,2026-09-18 14:15:36 +0800
1150918,2026-09-18,上市,6691,洋基工程,650.00,40.0000,619.00,650.00,617.00,1108000,708274000,959,TWSE_CSV,2026-09-18 14:15:36 +0800
1150918,2026-09-18,上市,6695,芯鼎,50.60,1.0500,49.85,50.80,49.65,502000,25297000,342,TWSE_CSV,2026-09-18 14:15:36 +0800
1150918,2026-09-18,上市,6698,旭暉應材,32.35,0.7000,32.65,32.65,31.95,84000,2709550,74,TWSE_CSV,2026-09-18 14:15:36 +0800
1150918,2026-09-18,上市,6706,惠特,149.50,4.5000,146.00,150.00,142.50,6040000,885262500,4353,TWSE_CSV,2026-09-18 14:15:36 +0800
1150918,2026-09-18,上市,6715,嘉基,433.00,39.0000,398.00,433.00,394.00,4145000,1750504000,2262,TWSE_CSV,2026-09-18 14:15:36 +0800
1150918,2026-09-18,上市,6719,力智,184.50,3.5000,184.50,186.50,182.50,524000,96775000,334,TWSE_CSV,2026-09-18 14:15:36 +0800
1150918,2026-09-18,上市,6722,輝創,32.90,0.5000,32.35,33.00,32.10,26000,848650,22,TWSE_CSV,2026-09-18 14:15:36 +0800
1150918,2026-09-18,上市,6742,澤米,54.70,3.5000,52.70,56.30,51.20,4019000,216215500,2798,TWSE_CSV,2026-09-18 14:15:36 +0800
1150918,2026-09-18,上市,6743,安普新,29.40,0.1000,29.20,29.50,28.95,259000,7585100,157,TWSE_CSV,2026-09-18 14:15:36 +0800
1150918,2026-09-18,上市,6753,龍德造船,134.50,1.5000,133.50,135.50,133.50,247000,33273500,220,TWSE_CSV,2026-09-18 14:15:36 +0800
1150918,2026-09-18,上市,6754,匯僑設計,41.85,0.0500,42.00,42.10,41.30,20000,835350,20,TWSE_CSV,2026-09-18 14:15:36 +0800
1150918,2026-09-18,上市,6756,威鋒電子,97.80,2.1000,96.60,97.80,95.80,72000,6988400,50,TWSE_CSV,2026-09-18 14:15:36 +0800
1150918,2026-09-18,上市,6757,台灣虎航,54.00,0.6000,54.30,54.30,53.20,609000,32664900,324,TWSE_CSV,2026-09-18 14:15:36 +0800
1150918,2026-09-18,上市,6768,志強-KY,62.90,0.4000,62.50,62.90,62.50,155000,9731000,108,TWSE_CSV,2026-09-18 14:15:36 +0800
1150918,2026-09-18,上市,6770,力積電,74.00,2.8000,73.00,74.00,72.70,172131000,12647656700,66697,TWSE_CSV,2026-09-18 14:15:36 +0800
1150918,2026-09-18,上市,6771,平和環保-創,42.40,0.0000,42.55,42.80,42.40,12000,510650,12,TWSE_CSV,2026-09-18 14:15:36 +0800
1150918,2026-09-18,上市,6776,展碁國際,52.30,0.3000,52.00,52.40,51.90,48000,2502400,43,TWSE_CSV,2026-09-18 14:15:36 +0800
1150918,2026-09-18,上市,6781,AES-KY,1010.00,14.0000,1015.00,1020.00,1005.00,341000,344915000,268,TWSE_CSV,2026-09-18 14:15:36 +0800
1150918,2026-09-18,上市,6782,視陽,240.00,-9.0000,250.00,250.00,238.00,435000,105034000,375,TWSE_CSV,2026-09-18 14:15:36 +0800
1150918,2026-09-18,上市,6789,采鈺,459.50,26.0000,447.00,462.50,437.00,1041000,471142500,890,TWSE_CSV,2026-09-18 14:15:36 +0800
1150918,2026-09-18,上市,6790,永豐實,37.80,-0.2000,37.80,37.95,37.80,107000,4048600,75,TWSE_CSV,2026-09-18 14:15:36 +0800
1150918,2026-09-18,上市,6792,詠業,59.40,0.3000,59.10,60.00,58.90,37000,2200800,30,TWSE_CSV,2026-09-18 14:15:36 +0800
1150918,2026-09-18,上市,6794,向榮生技,75.50,-0.5000,76.90,77.00,74.00,22000,1657300,19,TWSE_CSV,2026-09-18 14:15:36 +0800
1150918,2026-09-18,上市,6796,晉弘,52.00,1.6000,51.20,52.20,50.50,39000,1995300,34,TWSE_CSV,2026-09-18 14:15:36 +0800
1150918,2026-09-18,上市,6799,來頡,84.10,2.9000,81.40,85.10,81.40,354000,29757600,284,TWSE_CSV,2026-09-18 14:15:36 +0800
1150918,2026-09-18,上市,6805,富世達,2295.00,205.0000,2195.00,2295.00,2155.00,1430000,3229215000,1021,TWSE_CSV,2026-09-18 14:15:36 +0800
1150918,2026-09-18,上市,6807,峰源-KY,33.50,0.6000,33.30,33.50,33.30,3000,100250,3,TWSE_CSV,2026-09-18 14:15:36 +0800
1150918,2026-09-18,上市,6830,汎銓,563.00,51.0000,523.00,563.00,516.00,2491000,1372781000,1633,TWSE_CSV,2026-09-18 14:15:36 +0800
1150918,2026-09-18,上市,6831,邁科,535.00,10.0000,539.00,548.00,520.00,1895000,1013612000,755,TWSE_CSV,2026-09-18 14:15:36 +0800
1150918,2026-09-18,上市,6834,天二科技,110.50,9.0000,104.00,110.50,100.00,6647000,705088000,4817,TWSE_CSV,2026-09-18 14:15:36 +0800
1150918,2026-09-18,上市,6835,圓裕,30.95,0.2000,30.70,31.20,30.70,9000,279400,9,TWSE_CSV,2026-09-18 14:15:36 +0800
1150918,2026-09-18,上市,6838,台新藥,23.65,-0.5500,24.20,24.60,23.65,139000,3332000,83,TWSE_CSV,2026-09-18 14:15:36 +0800
1150918,2026-09-18,上市,6854,錼創科技-KY創,93.60,4.6000,91.00,94.60,90.60,324000,29902200,216,TWSE_CSV,2026-09-18 14:15:36 +0800
1150918,2026-09-18,上市,6861,睿生光電,229.50,20.5000,216.00,229.50,216.00,1424000,323869000,775,TWSE_CSV,2026-09-18 14:15:36 +0800
1150918,2026-09-18,上市,6862,三集瑞-KY,131.00,1.0000,131.50,132.50,131.00,62000,8157000,55,TWSE_CSV,2026-09-18 14:15:36 +0800
1150918,2026-09-18,上市,6863,永道-KY,94.50,0.0000,94.50,97.40,94.50,134000,12857900,112,TWSE_CSV,2026-09-18 14:15:36 +0800
1150918,2026-09-18,上市,6869,雲豹能源,68.10,0.1000,68.90,70.90,68.00,655000,45200200,503,TWSE_CSV,2026-09-18 14:15:36 +0800
1150918,2026-09-18,上市,6873,泓德能源,70.10,0.7000,70.70,70.70,68.70,273000,19014900,172,TWSE_CSV,2026-09-18 14:15:36 +0800
1150918,2026-09-18,上市,6885,全福生技,31.60,2.1000,29.80,31.60,29.05,1891000,57683000,1083,TWSE_CSV,2026-09-18 14:15:36 +0800
1150918,2026-09-18,上市,6887,寶綠特-KY,38.90,0.6000,38.30,38.90,37.60,16000,613050,12,TWSE_CSV,2026-09-18 14:15:36 +0800
1150918,2026-09-18,上市,6890,來億-KY,149.00,1.5000,148.00,149.50,147.00,220000,32634500,164,TWSE_CSV,2026-09-18 14:15:36 +0800
1150918,2026-09-18,上市,6901,鑽石投資,15.45,-0.0500,15.50,15.50,15.20,989000,15157550,425,TWSE_CSV,2026-09-18 14:15:36 +0800
1150918,2026-09-18,上市,6902,GOGOLOOK,141.00,12.5000,131.50,141.00,131.50,904000,126989500,303,TWSE_CSV,2026-09-18 14:15:36 +0800
1150918,2026-09-18,上市,6906,現觀科,84.40,2.7000,82.70,84.40,82.10,54000,4500700,54,TWSE_CSV,2026-09-18 14:15:36 +0800
1150918,2026-09-18,上市,6908,宏碁遊戲-創,30.00,-0.2000,30.00,30.30,30.00,15000,451550,10,TWSE_CSV,2026-09-18 14:15:36 +0800
1150918,2026-09-18,上市,6909,創控,42.15,0.4500,42.20,42.20,41.40,227000,9507950,172,TWSE_CSV,2026-09-18 14:15:36 +0800
1150918,2026-09-18,上市,6914,阜爾運通,121.50,0.0000,122.00,122.00,120.50,45000,5458000,27,TWSE_CSV,2026-09-18 14:15:36 +0800
1150918,2026-09-18,上市,6916,華凌,18.55,0.4500,18.15,18.80,18.15,13000,239600,12,TWSE_CSV,2026-09-18 14:15:36 +0800
1150918,2026-09-18,上市,6918,愛派司,75.20,0.3000,75.00,75.30,75.00,4000,300700,4,TWSE_CSV,2026-09-18 14:15:36 +0800
1150918,2026-09-18,上市,6919,康霈*,85.80,2.9000,83.90,86.00,83.30,6053000,514728100,3222,TWSE_CSV,2026-09-18 14:15:36 +0800
1150918,2026-09-18,上市,6921,嘉雨思-創,63.60,3.0000,63.80,63.80,63.60,2000,127400,2,TWSE_CSV,2026-09-18 14:15:36 +0800
1150918,2026-09-18,上市,6923,中台,76.90,0.9000,76.40,78.90,75.50,303000,23375900,220,TWSE_CSV,2026-09-18 14:15:36 +0800
1150918,2026-09-18,上市,6924,榮惠-KY創,134.50,2.5000,132.50,136.00,132.50,26000,3500000,24,TWSE_CSV,2026-09-18 14:15:36 +0800
1150918,2026-09-18,上市,6928,攸泰科技,47.15,0.2500,46.90,47.30,46.50,27000,1266250,25,TWSE_CSV,2026-09-18 14:15:36 +0800
1150918,2026-09-18,上市,6931,青松健康,39.20,-0.1000,39.30,39.60,39.10,53000,2087600,42,TWSE_CSV,2026-09-18 14:15:36 +0800
1150918,2026-09-18,上市,6933,AMAX-KY,342.00,-3.5000,355.00,360.50,332.00,3608000,1241547000,2940,TWSE_CSV,2026-09-18 14:15:36 +0800
1150918,2026-09-18,上市,6934,心誠鎂,76.80,1.3000,77.40,82.00,76.00,182000,14351800,106,TWSE_CSV,2026-09-18 14:15:36 +0800
1150918,2026-09-18,上市,6936,永鴻生技,32.05,0.2000,31.90,32.05,31.80,10000,319050,9,TWSE_CSV,2026-09-18 14:15:36 +0800
1150918,2026-09-18,上市,6937,天虹,303.50,12.5000,299.00,305.00,293.00,706000,212295500,569,TWSE_CSV,2026-09-18 14:15:36 +0800
1150918,2026-09-18,上市,6944,兆聯實業,708.00,22.0000,690.00,715.00,689.00,329000,231764000,277,TWSE_CSV,2026-09-18 14:15:36 +0800
1150918,2026-09-18,上市,6947,台鎔科技,67.70,0.6000,67.20,67.70,67.00,143000,9635400,85,TWSE_CSV,2026-09-18 14:15:36 +0800
1150918,2026-09-18,上市,6949,沛爾生醫*-創,54.50,0.1000,54.50,58.50,53.20,8194000,453052500,3480,TWSE_CSV,2026-09-18 14:15:36 +0800
1150918,2026-09-18,上市,6951,青新-創,69.90,-0.5000,70.10,70.10,69.70,11000,768500,10,TWSE_CSV,2026-09-18 14:15:36 +0800
1150918,2026-09-18,上市,6952,大武山,39.35,0.1000,39.25,39.35,38.30,10000,389750,7,TWSE_CSV,2026-09-18 14:15:36 +0800
1150918,2026-09-18,上市,6955,邦睿生技-創,95.00,-1.0000,95.00,96.00,95.00,6000,571000,5,TWSE_CSV,2026-09-18 14:15:36 +0800
1150918,2026-09-18,上市,6957,裕慶-KY,270.50,-3.5000,274.50,279.00,267.50,336000,91243500,259,TWSE_CSV,2026-09-18 14:15:36 +0800
1150918,2026-09-18,上市,6958,日盛台駿,17.60,0.1000,17.65,17.70,17.40,41000,720700,34,TWSE_CSV,2026-09-18 14:15:36 +0800
1150918,2026-09-18,上市,6962,奕力-KY,30.90,0.0000,31.15,31.30,30.85,1030000,31981350,553,TWSE_CSV,2026-09-18 14:15:36 +0800
1150918,2026-09-18,上市,6965,中傑-KY,71.00,0.5000,70.80,71.00,70.20,16000,1131100,15,TWSE_CSV,2026-09-18 14:15:36 +0800
1150918,2026-09-18,上市,6969,成信實業*-創,33.20,0.8000,32.65,34.50,32.65,44000,1457450,33,TWSE_CSV,2026-09-18 14:15:36 +0800
1150918,2026-09-18,上市,6988,威力暘-創,12.00,0.1000,12.05,12.05,11.80,54000,643000,25,TWSE_CSV,2026-09-18 14:15:36 +0800
1150918,2026-09-18,上市,6994,富威電力,27.80,1.0500,26.75,28.00,26.75,498000,13763050,373,TWSE_CSV,2026-09-18 14:15:36 +0800
1150918,2026-09-18,上市,7610,聯友金屬-創,1945.00,175.0000,1820.00,1945.00,1765.00,2480000,4701715000,1584,TWSE_CSV,2026-09-18 14:15:36 +0800
1150918,2026-09-18,上市,7631,聚賢研發-創,138.00,1.5000,139.50,139.50,136.50,95000,13065500,74,TWSE_CSV,2026-09-18 14:15:36 +0800
1150918,2026-09-18,上市,7689,大鵬科CLMX,161.50,0.5000,162.50,163.00,161.00,22000,3554000,22,TWSE_CSV,2026-09-18 14:15:36 +0800
1150918,2026-09-18,上市,7705,三商餐飲,30.10,0.1500,29.95,30.40,29.85,51000,1531250,30,TWSE_CSV,2026-09-18 14:15:36 +0800
1150918,2026-09-18,上市,7711,永擎,570.00,5.0000,566.00,584.00,561.00,1737000,991481000,1532,TWSE_CSV,2026-09-18 14:15:36 +0800
1150918,2026-09-18,上市,7721,微程式,60.60,0.1000,61.00,61.70,60.40,75000,4551800,44,TWSE_CSV,2026-09-18 14:15:36 +0800
1150918,2026-09-18,上市,7722,LINEPAY,262.50,-3.0000,265.50,267.00,262.50,33000,8719000,33,TWSE_CSV,2026-09-18 14:15:36 +0800
1150918,2026-09-18,上市,7730,暉盛-創,175.00,-0.5000,175.50,177.50,173.50,75000,13102000,55,TWSE_CSV,2026-09-18 14:15:36 +0800
1150918,2026-09-18,上市,7732,金興精密,34.45,0.3500,34.10,34.45,34.10,3000,102750,3,TWSE_CSV,2026-09-18 14:15:36 +0800
1150918,2026-09-18,上市,7736,虎山,68.60,-0.9000,68.70,69.50,68.10,42000,2881300,42,TWSE_CSV,2026-09-18 14:15:36 +0800
1150918,2026-09-18,上市,7740,熙特爾-創,124.50,3.5000,122.00,127.00,121.00,267000,33057000,181,TWSE_CSV,2026-09-18 14:15:36 +0800
1150918,2026-09-18,上市,7749,意騰-KY,360.50,2.5000,359.00,360.50,356.00,117000,41997500,105,TWSE_CSV,2026-09-18 14:15:36 +0800
1150918,2026-09-18,上市,7750,新代,1950.00,50.0000,1935.00,1970.00,1915.00,175000,340315000,158,TWSE_CSV,2026-09-18 14:15:36 +0800
1150918,2026-09-18,上市,7760,享溫馨,32.80,0.0000,32.80,33.25,32.80,17000,559350,11,TWSE_CSV,2026-09-18 14:15:36 +0800
1150918,2026-09-18,上市,7765,中華資安,243.00,12.0000,231.00,245.00,230.50,410000,97791500,356,TWSE_CSV,2026-09-18 14:15:36 +0800
1150918,2026-09-18,上市,7768,頌勝科技,286.00,23.5000,266.50,286.00,264.00,99000,27197000,83,TWSE_CSV,2026-09-18 14:15:36 +0800
1150918,2026-09-18,上市,7769,鴻勁,6540.00,405.0000,6225.00,6540.00,6140.00,3134000,20362880000,954,TWSE_CSV,2026-09-18 14:15:36 +0800
1150918,2026-09-18,上市,7780,大研生醫*,16.40,0.1500,16.20,16.40,16.15,681000,11091800,328,TWSE_CSV,2026-09-18 14:15:36 +0800
1150918,2026-09-18,上市,7786,東方風能,120.00,-0.5000,119.00,120.50,119.00,150000,17969000,95,TWSE_CSV,2026-09-18 14:15:36 +0800
1150918,2026-09-18,上市,7788,松川精密,297.00,10.0000,290.50,304.00,290.50,1394000,415087000,1068,TWSE_CSV,2026-09-18 14:15:36 +0800
1150918,2026-09-18,上市,7791,皇家可口,56.50,0.7000,55.60,56.50,55.20,25000,1396000,17,TWSE_CSV,2026-09-18 14:15:36 +0800
1150918,2026-09-18,上市,7795,長廣,487.00,4.0000,495.00,506.00,483.50,1137000,558313500,971,TWSE_CSV,2026-09-18 14:15:36 +0800
1150918,2026-09-18,上市,7799,禾榮科,504.00,2.0000,513.00,524.00,488.00,2100000,1057547500,1734,TWSE_CSV,2026-09-18 14:15:36 +0800
1150918,2026-09-18,上市,7803,雲象科技-創,18.90,-0.4000,18.80,19.30,18.80,76000,1445950,34,TWSE_CSV,2026-09-18 14:15:36 +0800
1150918,2026-09-18,上市,7818,溢泰實業,60.00,-0.1000,60.10,60.10,59.70,35000,2095700,26,TWSE_CSV,2026-09-18 14:15:36 +0800
1150918,2026-09-18,上市,7821,神數,39.10,0.3500,39.00,39.10,38.45,106000,4120600,74,TWSE_CSV,2026-09-18 14:15:36 +0800
1150918,2026-09-18,上市,7822,倍利科,850.00,0.0000,856.00,861.00,839.00,70000,59536000,61,TWSE_CSV,2026-09-18 14:15:36 +0800
1150918,2026-09-18,上市,7823,奧義賽博-KY創,81.00,0.5000,81.50,82.10,81.00,36000,2943700,28,TWSE_CSV,2026-09-18 14:15:36 +0800
1150918,2026-09-18,上市,7827,漢康-KY創,162.00,12.0000,151.50,162.50,150.50,460000,71991500,325,TWSE_CSV,2026-09-18 14:15:36 +0800
1150918,2026-09-18,上市,7835,永悅健康-創,21.20,0.2000,21.00,21.20,20.65,22000,461050,21,TWSE_CSV,2026-09-18 14:15:36 +0800
1150918,2026-09-18,上市,7855,和運租車,42.10,0.0000,42.15,42.20,42.10,370000,15585100,176,TWSE_CSV,2026-09-18 14:15:36 +0800
1150918,2026-09-18,上市,8011,台通,15.70,-0.1000,15.90,15.90,15.70,220000,3471600,95,TWSE_CSV,2026-09-18 14:15:36 +0800
1150918,2026-09-18,上市,8016,矽創,281.00,5.0000,282.00,282.00,277.50,591000,165883500,366,TWSE_CSV,2026-09-18 14:15:36 +0800
1150918,2026-09-18,上市,8021,尖點,460.00,10.0000,468.00,476.00,444.00,8104000,3693466000,6281,TWSE_CSV,2026-09-18 14:15:36 +0800
1150918,2026-09-18,上市,8028,昇陽半導體,257.00,13.0000,250.00,258.00,242.50,11048000,2792834000,8062,TWSE_CSV,2026-09-18 14:15:36 +0800
1150918,2026-09-18,上市,8033,雷虎,172.50,4.5000,170.00,172.50,169.00,1539000,262812000,1117,TWSE_CSV,2026-09-18 14:15:36 +0800
1150918,2026-09-18,上市,8039,台虹,269.50,12.5000,260.50,271.00,257.00,18683000,4946055000,12358,TWSE_CSV,2026-09-18 14:15:36 +0800
1150918,2026-09-18,上市,8045,達運光電,54.60,0.0000,55.10,57.90,53.80,369000,20430100,286,TWSE_CSV,2026-09-18 14:15:36 +0800
1150918,2026-09-18,上市,8046,南電,1100.00,35.0000,1105.00,1120.00,1065.00,9939000,10875810000,4778,TWSE_CSV,2026-09-18 14:15:36 +0800
1150918,2026-09-18,上市,8070,長華*,50.70,0.6000,50.60,50.70,49.90,1800000,90847700,938,TWSE_CSV,2026-09-18 14:15:36 +0800
1150918,2026-09-18,上市,8072,陞泰,27.80,1.2000,27.00,28.60,26.90,885000,24719100,519,TWSE_CSV,2026-09-18 14:15:36 +0800
1150918,2026-09-18,上市,8081,致新,253.00,2.0000,253.50,254.00,251.00,273000,68950500,244,TWSE_CSV,2026-09-18 14:15:36 +0800
1150918,2026-09-18,上市,8101,華冠,11.80,-0.5000,11.80,11.80,11.80,1000,11800,1,TWSE_CSV,2026-09-18 14:15:36 +0800
1150918,2026-09-18,上市,8103,瀚荃,129.50,-2.5000,127.00,130.50,122.50,19748000,2487882500,11903,TWSE_CSV,2026-09-18 14:15:36 +0800
1150918,2026-09-18,上市,8104,錸寶,31.00,0.9000,30.40,31.70,30.10,998000,31018650,608,TWSE_CSV,2026-09-18 14:15:36 +0800
1150918,2026-09-18,上市,8105,凌巨,14.80,0.2000,14.65,14.80,14.60,1186000,17412600,520,TWSE_CSV,2026-09-18 14:15:36 +0800
1150918,2026-09-18,上市,8110,華東,47.40,4.3000,44.50,47.40,44.50,15330000,715299450,6976,TWSE_CSV,2026-09-18 14:15:36 +0800
1150918,2026-09-18,上市,8112,至上,83.10,0.3000,83.60,83.90,82.90,4691000,390418800,2718,TWSE_CSV,2026-09-18 14:15:36 +0800
1150918,2026-09-18,上市,8114,振樺電,179.00,0.5000,180.00,180.00,177.50,297000,53134500,226,TWSE_CSV,2026-09-18 14:15:36 +0800
1150918,2026-09-18,上市,8131,福懋科,61.30,2.2000,60.20,61.40,60.20,1928000,117543500,1257,TWSE_CSV,2026-09-18 14:15:36 +0800
1150918,2026-09-18,上市,8150,南茂,94.00,7.3000,89.00,95.10,88.80,40723000,3745967000,24148,TWSE_CSV,2026-09-18 14:15:36 +0800
1150918,2026-09-18,上市,8162,微矽電子-創,61.00,0.9000,60.20,61.10,59.50,111000,6723700,63,TWSE_CSV,2026-09-18 14:15:36 +0800
1150918,2026-09-18,上市,8163,達方,29.85,0.0500,30.00,30.05,29.80,663000,19796700,340,TWSE_CSV,2026-09-18 14:15:36 +0800
1150918,2026-09-18,上市,8201,無敵,12.05,0.4000,11.80,12.35,11.75,52000,623850,30,TWSE_CSV,2026-09-18 14:15:36 +0800
1150918,2026-09-18,上市,8210,勤誠,902.00,11.0000,905.00,907.00,894.00,1006000,906489000,771,TWSE_CSV,2026-09-18 14:15:36 +0800
1150918,2026-09-18,上市,8213,志超,33.00,0.4500,32.75,33.00,32.60,316000,10396800,170,TWSE_CSV,2026-09-18 14:15:36 +0800
1150918,2026-09-18,上市,8215,明基材,27.35,0.3500,27.30,28.30,26.30,6462000,177008200,3445,TWSE_CSV,2026-09-18 14:15:36 +0800
1150918,2026-09-18,上市,8222,寶一,35.55,0.5500,35.10,35.55,34.90,210000,7410650,140,TWSE_CSV,2026-09-18 14:15:36 +0800
1150918,2026-09-18,上市,8249,菱光,39.20,0.8000,38.75,39.20,38.20,211000,8167500,161,TWSE_CSV,2026-09-18 14:15:36 +0800
1150918,2026-09-18,上市,8261,富鼎,177.00,8.0000,172.50,177.00,169.50,4869000,854379000,1719,TWSE_CSV,2026-09-18 14:15:36 +0800
1150918,2026-09-18,上市,8271,宇瞻,205.50,1.5000,208.00,209.00,204.50,1166000,240080500,916,TWSE_CSV,2026-09-18 14:15:36 +0800
1150918,2026-09-18,上市,8341,日友,75.30,0.8000,74.50,75.30,74.40,151000,11310200,86,TWSE_CSV,2026-09-18 14:15:36 +0800
1150918,2026-09-18,上市,8367,建新國際,40.75,-0.0500,40.70,41.00,40.55,12000,488150,11,TWSE_CSV,2026-09-18 14:15:36 +0800
1150918,2026-09-18,上市,8374,羅昇,77.00,-0.3000,78.30,78.30,77.00,139000,10763700,127,TWSE_CSV,2026-09-18 14:15:36 +0800
1150918,2026-09-18,上市,8404,百和興業-KY,13.55,-0.0500,13.70,13.85,13.55,247000,3377600,162,TWSE_CSV,2026-09-18 14:15:36 +0800
1150918,2026-09-18,上市,8411,福貞-KY,12.60,0.0000,12.60,12.65,12.50,98000,1233100,55,TWSE_CSV,2026-09-18 14:15:36 +0800
1150918,2026-09-18,上市,8422,可寧衛*,26.55,0.7000,26.05,26.55,25.85,11470000,302620600,2034,TWSE_CSV,2026-09-18 14:15:36 +0800
1150918,2026-09-18,上市,8429,金麗-KY,5.91,-0.0200,5.93,5.98,5.90,119000,705360,65,TWSE_CSV,2026-09-18 14:15:36 +0800
1150918,2026-09-18,上市,8438,昶昕,68.50,-0.3000,69.50,69.50,67.80,77000,5262500,76,TWSE_CSV,2026-09-18 14:15:36 +0800
1150918,2026-09-18,上市,8442,威宏-KY,46.20,0.1000,46.20,46.20,45.80,26000,1198000,25,TWSE_CSV,2026-09-18 14:15:36 +0800
1150918,2026-09-18,上市,8443,阿瘦,11.20,0.0000,11.15,11.20,11.10,18000,201450,8,TWSE_CSV,2026-09-18 14:15:36 +0800
1150918,2026-09-18,上市,8454,富邦媒,249.00,0.0000,251.00,252.00,247.00,491000,122564500,360,TWSE_CSV,2026-09-18 14:15:36 +0800
1150918,2026-09-18,上市,8462,柏文,162.00,0.5000,161.50,162.50,160.00,24000,3873000,23,TWSE_CSV,2026-09-18 14:15:36 +0800
1150918,2026-09-18,上市,8463,潤泰材,21.30,0.4000,21.00,21.40,21.00,30000,637600,24,TWSE_CSV,2026-09-18 14:15:36 +0800
1150918,2026-09-18,上市,8464,億豐,370.00,-2.5000,377.50,379.00,369.50,1085000,403282000,725,TWSE_CSV,2026-09-18 14:15:36 +0800
1150918,2026-09-18,上市,8466,美吉吉-KY,14.35,0.4000,13.90,14.35,13.90,17000,240350,15,TWSE_CSV,2026-09-18 14:15:36 +0800
1150918,2026-09-18,上市,8467,波力-KY,90.00,1.4000,91.40,91.40,88.00,6000,534200,6,TWSE_CSV,2026-09-18 14:15:36 +0800
1150918,2026-09-18,上市,8473,山林水,38.75,0.6000,38.55,38.75,38.35,277000,10686500,191,TWSE_CSV,2026-09-18 14:15:36 +0800
1150918,2026-09-18,上市,8476,台境*,19.75,-0.1500,20.00,20.00,19.40,265000,5201600,160,TWSE_CSV,2026-09-18 14:15:36 +0800
1150918,2026-09-18,上市,8478,東哥遊艇,141.50,-2.0000,144.50,144.50,141.50,85000,12110500,73,TWSE_CSV,2026-09-18 14:15:36 +0800
1150918,2026-09-18,上市,8481,政伸,41.05,0.0500,41.05,41.05,41.05,2000,82100,2,TWSE_CSV,2026-09-18 14:15:36 +0800
1150918,2026-09-18,上市,8482,商億-KY,47.85,0.6000,47.90,48.30,47.85,7000,335800,7,TWSE_CSV,2026-09-18 14:15:36 +0800
1150918,2026-09-18,上市,8487,愛爾達-創,70.60,-0.4000,70.90,70.90,70.30,3000,211800,3,TWSE_CSV,2026-09-18 14:15:36 +0800
1150918,2026-09-18,上市,8488,吉源-KY,10.20,0.3800,9.81,10.40,9.80,53000,539710,49,TWSE_CSV,2026-09-18 14:15:36 +0800
1150918,2026-09-18,上市,8499,鼎炫-KY,255.50,4.0000,254.50,259.50,252.00,33000,8463000,33,TWSE_CSV,2026-09-18 14:15:36 +0800
1150918,2026-09-18,上市,8926,台汽電,59.80,1.0000,59.00,59.80,58.80,3022000,179405100,1864,TWSE_CSV,2026-09-18 14:15:36 +0800
1150918,2026-09-18,上市,8940,新天地,15.10,0.3500,14.95,15.15,14.85,25000,376000,20,TWSE_CSV,2026-09-18 14:15:36 +0800
1150918,2026-09-18,上市,8996,高力,1430.00,130.0000,1350.00,1430.00,1330.00,2278000,3186410000,1902,TWSE_CSV,2026-09-18 14:15:36 +0800
1150918,2026-09-18,上市,9103,美德醫療-DR,4.99,0.0300,5.00,5.00,4.95,463000,2303930,170,TWSE_CSV,2026-09-18 14:15:36 +0800
1150918,2026-09-18,上市,910322,康師傅-DR,23.80,0.1000,24.00,24.00,23.80,8000,190950,6,TWSE_CSV,2026-09-18 14:15:36 +0800
1150918,2026-09-18,上市,9105,泰金寶-DR,8.37,-0.0600,8.48,8.51,8.35,12560000,105529050,2624,TWSE_CSV,2026-09-18 14:15:36 +0800
1150918,2026-09-18,上市,910861,神州-DR,4.26,-0.1000,4.35,4.46,4.24,84000,365270,49,TWSE_CSV,2026-09-18 14:15:36 +0800
1150918,2026-09-18,上市,9110,越南控-DR,3.00,0.0400,2.99,3.00,2.99,2000,5990,2,TWSE_CSV,2026-09-18 14:15:36 +0800
1150918,2026-09-18,上市,911608,明輝-DR,2.72,0.0000,2.55,2.74,2.55,16000,42150,9,TWSE_CSV,2026-09-18 14:15:36 +0800
1150918,2026-09-18,上市,911622,泰聚亨-DR,3.60,-0.0600,3.56,3.60,3.56,8000,28520,6,TWSE_CSV,2026-09-18 14:15:36 +0800
1150918,2026-09-18,上市,911868,同方友友-DR,1.16,0.0000,1.16,1.16,1.15,60000,69550,15,TWSE_CSV,2026-09-18 14:15:36 +0800
1150918,2026-09-18,上市,912000,晨訊科-DR,2.52,-0.0200,2.56,2.56,2.51,485000,1223830,97,TWSE_CSV,2026-09-18 14:15:36 +0800
1150918,2026-09-18,上市,9136,巨騰-DR,9.70,0.1400,9.59,9.78,9.55,230000,2219150,74,TWSE_CSV,2026-09-18 14:15:36 +0800
1150918,2026-09-18,上市,9802,鈺齊-KY,64.90,-0.6000,65.50,65.60,64.90,387000,25232200,308,TWSE_CSV,2026-09-18 14:15:36 +0800
1150918,2026-09-18,上市,9902,台火,13.40,0.1500,13.40,13.45,13.25,118000,1574850,69,TWSE_CSV,2026-09-18 14:15:36 +0800
1150918,2026-09-18,上市,9904,寶成,24.70,-0.1000,24.90,24.90,24.60,19216000,474573900,3191,TWSE_CSV,2026-09-18 14:15:36 +0800
1150918,2026-09-18,上市,9905,大華,21.30,0.0000,21.40,21.40,21.20,139000,2960550,83,TWSE_CSV,2026-09-18 14:15:36 +0800
1150918,2026-09-18,上市,9906,欣巴巴,41.35,3.7500,41.25,41.35,41.25,263000,10873350,131,TWSE_CSV,2026-09-18 14:15:36 +0800
1150918,2026-09-18,上市,9907,統一實,15.00,0.0500,15.05,15.05,14.85,1734000,25944750,701,TWSE_CSV,2026-09-18 14:15:36 +0800
1150918,2026-09-18,上市,9908,大台北,29.00,-0.0500,29.05,29.15,29.00,124000,3604100,103,TWSE_CSV,2026-09-18 14:15:36 +0800
1150918,2026-09-18,上市,9910,豐泰,68.40,-0.7000,69.30,69.30,68.10,1543000,105951500,944,TWSE_CSV,2026-09-18 14:15:36 +0800
1150918,2026-09-18,上市,9911,櫻花,82.00,0.5000,82.00,82.00,81.50,215000,17576900,150,TWSE_CSV,2026-09-18 14:15:36 +0800
1150918,2026-09-18,上市,9912,偉聯,13.10,0.1000,12.85,13.10,12.85,18000,233300,14,TWSE_CSV,2026-09-18 14:15:36 +0800
1150918,2026-09-18,上市,9914,美利達,67.60,0.0000,68.10,68.10,67.50,1131000,76625700,676,TWSE_CSV,2026-09-18 14:15:36 +0800
1150918,2026-09-18,上市,9917,中保科,108.50,2.5000,106.50,108.50,106.00,714000,76746500,450,TWSE_CSV,2026-09-18 14:15:36 +0800
1150918,2026-09-18,上市,9918,欣天然,43.25,0.0500,43.30,43.30,42.80,11000,475500,11,TWSE_CSV,2026-09-18 14:15:36 +0800
1150918,2026-09-18,上市,9919,康那香,14.00,0.0500,14.05,14.05,13.95,84000,1175250,65,TWSE_CSV,2026-09-18 14:15:36 +0800
1150918,2026-09-18,上市,9921,巨大,90.80,0.8000,90.10,91.00,89.20,4632000,419441700,1256,TWSE_CSV,2026-09-18 14:15:36 +0800
1150918,2026-09-18,上市,9924,福興,38.00,0.0500,38.00,38.60,37.90,123000,4705800,74,TWSE_CSV,2026-09-18 14:15:36 +0800
1150918,2026-09-18,上市,9925,新保,39.65,0.1500,39.70,39.70,39.45,402000,15897400,256,TWSE_CSV,2026-09-18 14:15:36 +0800
1150918,2026-09-18,上市,9926,新海,49.35,-0.0500,49.30,49.40,49.30,8000,394600,8,TWSE_CSV,2026-09-18 14:15:36 +0800
1150918,2026-09-18,上市,9927,泰銘,70.00,0.2000,69.80,70.00,69.70,46000,3215300,37,TWSE_CSV,2026-09-18 14:15:36 +0800
1150918,2026-09-18,上市,9928,中視,17.60,-0.1000,17.50,17.65,17.50,66000,1160050,28,TWSE_CSV,2026-09-18 14:15:36 +0800
1150918,2026-09-18,上市,9929,秋雨,11.30,0.1000,11.20,11.30,11.10,7000,78500,7,TWSE_CSV,2026-09-18 14:15:36 +0800
1150918,2026-09-18,上市,9930,中聯資源,61.30,0.3000,61.00,61.50,60.70,103000,6283500,96,TWSE_CSV,2026-09-18 14:15:36 +0800
1150918,2026-09-18,上市,9931,欣高,34.10,0.0000,34.10,34.10,33.80,29000,984650,18,TWSE_CSV,2026-09-18 14:15:36 +0800
1150918,2026-09-18,上市,9933,中鼎,42.30,-0.1000,42.85,42.85,41.80,3149000,132925550,1273,TWSE_CSV,2026-09-18 14:15:36 +0800
1150918,2026-09-18,上市,9934,成霖,9.81,-0.0600,9.90,9.93,9.81,451000,4445320,228,TWSE_CSV,2026-09-18 14:15:36 +0800
1150918,2026-09-18,上市,9935,慶豐富,18.25,0.2000,18.15,18.35,18.10,299000,5454350,111,TWSE_CSV,2026-09-18 14:15:36 +0800
1150918,2026-09-18,上市,9937,全國,54.50,0.1000,54.00,54.60,54.00,25000,1360700,23,TWSE_CSV,2026-09-18 14:15:36 +0800
1150918,2026-09-18,上市,9938,百和,37.70,-0.3000,38.05,38.20,37.70,1423000,53854100,917,TWSE_CSV,2026-09-18 14:15:36 +0800
1150918,2026-09-18,上市,9939,宏全,127.00,0.5000,126.50,127.00,125.50,631000,79802000,353,TWSE_CSV,2026-09-18 14:15:36 +0800
1150918,2026-09-18,上市,9940,信義,20.75,0.4500,21.30,21.40,20.45,1239000,25777200,578,TWSE_CSV,2026-09-18 14:15:36 +0800
1150918,2026-09-18,上市,9941,裕融,79.80,-0.9000,80.80,80.80,79.80,1357000,108743400,795,TWSE_CSV,2026-09-18 14:15:36 +0800
1150918,2026-09-18,上市,9942,茂順,115.00,1.0000,114.00,115.00,114.00,89000,10209500,52,TWSE_CSV,2026-09-18 14:15:36 +0800
1150918,2026-09-18,上市,9943,好樂迪,50.40,-0.4000,50.80,51.20,50.40,109000,5525100,59,TWSE_CSV,2026-09-18 14:15:36 +0800
1150918,2026-09-18,上市,9944,新麗,17.35,0.1000,17.25,17.40,17.25,30000,518750,20,TWSE_CSV,2026-09-18 14:15:36 +0800
1150918,2026-09-18,上市,9945,潤泰新,28.95,0.0000,29.65,29.65,28.70,11481000,333505950,3621,TWSE_CSV,2026-09-18 14:15:36 +0800
1150918,2026-09-18,上市,9946,三發地產,16.70,-0.3000,18.00,18.25,16.70,1082000,18731050,437,TWSE_CSV,2026-09-18 14:15:36 +0800
1150918,2026-09-18,上市,9955,佳龍,23.50,-0.1500,23.70,23.70,23.40,98000,2305100,80,TWSE_CSV,2026-09-18 14:15:36 +0800
1150918,2026-09-18,上市,9958,世紀鋼,94.00,2.1000,92.20,94.00,91.10,2613000,243352100,1259,TWSE_CSV,2026-09-18 14:15:36 +0800
1150918,2026-09-18,上櫃,00411A,主動統一前沿科技,10.13,+0.22,9.99,10.15,9.99,89745000,902533770,4519,TPEX_CSV,2026-09-18 14:15:36 +0800
1150918,2026-09-18,上櫃,006201,元大富櫃50,46.05,+1.71,44.75,46.05,44.75,353000,16101980,128,TPEX_CSV,2026-09-18 14:15:36 +0800
1150918,2026-09-18,上櫃,00679B,元大美債20年,25.69,+0.17,25.73,25.75,25.67,12033000,309465740,1733,TPEX_CSV,2026-09-18 14:15:36 +0800
1150918,2026-09-18,上櫃,00687B,國泰20年美債,26.70,+0.16,26.73,26.75,26.67,12518000,334335750,1054,TPEX_CSV,2026-09-18 14:15:36 +0800
1150918,2026-09-18,上櫃,00687C,國泰20年美債+櫃U,9.06,+0.08,9.06,9.06,9.06,25000,226500,2,TPEX_CSV,2026-09-18 14:15:36 +0800
1150918,2026-09-18,上櫃,00694B,富邦美債1-3,41.66,-0.07,41.11,41.71,41.11,1371000,57125480,283,TPEX_CSV,2026-09-18 14:15:36 +0800
1150918,2026-09-18,上櫃,00695B,富邦美債7-10,34.25,+0.02,34.30,34.36,34.21,441000,15109630,33,TPEX_CSV,2026-09-18 14:15:36 +0800
1150918,2026-09-18,上櫃,00696B,富邦美債20年,27.99,+0.19,28.05,28.07,27.97,3285000,91998790,82,TPEX_CSV,2026-09-18 14:15:36 +0800
1150918,2026-09-18,上櫃,00697B,元大美債7-10,34.82,+0.03,34.79,34.91,34.79,403000,14044010,78,TPEX_CSV,2026-09-18 14:15:36 +0800
1150918,2026-09-18,上櫃,00719B,元大美債1-3,30.98,-0.09,31.07,31.08,30.95,2704000,83789280,780,TPEX_CSV,2026-09-18 14:15:36 +0800
1150918,2026-09-18,上櫃,00720B,元大投資級公司債,31.99,+0.20,32.01,32.06,31.94,4567000,146113440,568,TPEX_CSV,2026-09-18 14:15:36 +0800
1150918,2026-09-18,上櫃,00722B,群益投資級電信債,34.37,+0.21,34.40,34.45,34.35,2742000,94250880,99,TPEX_CSV,2026-09-18 14:15:36 +0800
1150918,2026-09-18,上櫃,00723B,群益投資級科技債,29.47,+0.18,29.53,29.59,29.47,118000,3478760,10,TPEX_CSV,2026-09-18 14:15:36 +0800
1150918,2026-09-18,上櫃,00724B,群益投資級金融債,32.59,+0.13,32.63,32.67,32.57,4854000,158202470,117,TPEX_CSV,2026-09-18 14:15:36 +0800
1150918,2026-09-18,上櫃,00725B,國泰投資級公司債,34.07,+0.19,34.06,34.12,34.01,2279000,77609380,381,TPEX_CSV,2026-09-18 14:15:36 +0800
1150918,2026-09-18,上櫃,00726B,國泰新興投等債,31.90,+0.08,31.94,31.94,31.87,393000,12539450,22,TPEX_CSV,2026-09-18 14:15:36 +0800
1150918,2026-09-18,上櫃,00727B,國泰優選非投等債,39.17,-0.15,39.28,39.28,39.17,136000,5329620,20,TPEX_CSV,2026-09-18 14:15:36 +0800
1150918,2026-09-18,上櫃,00734B,台新JPM新興債,15.33,+0.02,15.37,15.37,15.33,325000,4989310,12,TPEX_CSV,2026-09-18 14:15:36 +0800
1150918,2026-09-18,上櫃,00740B,富邦全球投等債,37.20,+0.15,37.25,37.31,37.19,2654000,98800840,330,TPEX_CSV,2026-09-18 14:15:36 +0800
1150918,2026-09-18,上櫃,00741B,富邦全球非投等債,36.93,-0.03,36.83,36.97,36.83,104000,3840610,8,TPEX_CSV,2026-09-18 14:15:36 +0800
1150918,2026-09-18,上櫃,00746B,富邦A級公司債,34.32,+0.17,34.26,34.37,34.26,616000,21147930,25,TPEX_CSV,2026-09-18 14:15:36 +0800
1150918,2026-09-18,上櫃,00749B,凱基新興債10+,30.67,+0.11,30.73,30.73,30.60,123000,3771720,25,TPEX_CSV,2026-09-18 14:15:36 +0800
1150918,2026-09-18,上櫃,00750B,凱基科技債10+,31.78,+0.15,31.80,31.80,31.70,133000,4226510,6,TPEX_CSV,2026-09-18 14:15:36 +0800
1150918,2026-09-18,上櫃,00751B,元大AAA至A公司債,30.47,+0.21,30.45,30.52,30.42,7174000,218518200,702,TPEX_CSV,2026-09-18 14:15:36 +0800
1150918,2026-09-18,上櫃,00754B,群益AAA-AA公司債,31.52,+0.14,31.53,31.53,31.51,105000,3309150,5,TPEX_CSV,2026-09-18 14:15:36 +0800
1150918,2026-09-18,上櫃,00755B,群益投資級公用債,31.55,+0.14,31.54,31.55,31.54,101000,3185550,5,TPEX_CSV,2026-09-18 14:15:36 +0800
1150918,2026-09-18,上櫃,00756B,群益投等新興公債,30.09,+0.20,30.08,30.09,30.00,215000,6461420,31,TPEX_CSV,2026-09-18 14:15:36 +0800
1150918,2026-09-18,上櫃,00758B,復華能源債,50.20,+0.22,50.20,50.20,50.20,100000,5020000,2,TPEX_CSV,2026-09-18 14:15:36 +0800
1150918,2026-09-18,上櫃,00759B,復華製藥債,52.70,+0.35,52.70,52.70,52.70,100000,5270000,2,TPEX_CSV,2026-09-18 14:15:36 +0800
1150918,2026-09-18,上櫃,00760B,復華新興企業債,51.90,+0.10,51.90,51.90,51.90,100000,5190000,2,TPEX_CSV,2026-09-18 14:15:36 +0800
1150918,2026-09-18,上櫃,00761B,國泰A級公司債,33.02,+0.19,32.84,33.06,32.84,676000,22300850,64,TPEX_CSV,2026-09-18 14:15:36 +0800
1150918,2026-09-18,上櫃,00764B,群益25年美債,26.64,+0.19,26.67,26.69,26.60,8934000,237734090,140,TPEX_CSV,2026-09-18 14:15:36 +0800
1150918,2026-09-18,上櫃,00768B,復華20年美債,47.85,+0.35,47.89,47.97,47.80,696000,33303230,58,TPEX_CSV,2026-09-18 14:15:36 +0800
1150918,2026-09-18,上櫃,00772B,中信高評級公司債,32.28,+0.17,32.26,32.35,32.23,2317000,74785670,271,TPEX_CSV,2026-09-18 14:15:36 +0800
1150918,2026-09-18,上櫃,00773B,中信優先金融債,34.44,+0.14,34.47,34.51,34.40,1781000,61282360,93,TPEX_CSV,2026-09-18 14:15:36 +0800
1150918,2026-09-18,上櫃,00777B,凱基AAA至A公司債,31.13,+0.12,31.10,31.13,31.07,115000,3579290,4,TPEX_CSV,2026-09-18 14:15:36 +0800
1150918,2026-09-18,上櫃,00778B,凱基金融債20+,33.04,+0.16,33.00,33.04,33.00,112000,3700100,5,TPEX_CSV,2026-09-18 14:15:36 +0800
1150918,2026-09-18,上櫃,00779B,凱基美債25+,26.88,+0.17,26.89,26.89,26.88,311000,8362680,4,TPEX_CSV,2026-09-18 14:15:36 +0800
1150918,2026-09-18,上櫃,00780B,國泰A級金融債,36.03,+0.03,36.04,36.04,36.00,136000,4899080,10,TPEX_CSV,2026-09-18 14:15:36 +0800
1150918,2026-09-18,上櫃,00781B,國泰A級科技債,26.66,+0.12,26.74,26.74,26.65,136000,3626120,19,TPEX_CSV,2026-09-18 14:15:36 +0800
1150918,2026-09-18,上櫃,00782B,國泰A級公用債,29.36,+0.16,29.37,29.41,29.32,600000,17611760,24,TPEX_CSV,2026-09-18 14:15:36 +0800
1150918,2026-09-18,上櫃,00785B,富邦金融投等債,33.69,+0.15,33.69,33.69,33.69,50000,1684500,2,TPEX_CSV,2026-09-18 14:15:36 +0800
1150918,2026-09-18,上櫃,00786B,元大10年IG銀行債,31.61,+0.19,31.61,31.61,31.60,17000,537330,5,TPEX_CSV,2026-09-18 14:15:36 +0800
1150918,2026-09-18,上櫃,00787B,元大10年IG醫療債,31.74,+0.16,31.65,31.79,31.65,5000,158480,5,TPEX_CSV,2026-09-18 14:15:36 +0800
1150918,2026-09-18,上櫃,00788B,元大10年IG電能債,29.10,+0.16,29.11,29.11,29.05,16000,465330,12,TPEX_CSV,2026-09-18 14:15:36 +0800
1150918,2026-09-18,上櫃,00789B,復華公司債A3,46.21,+0.22,46.29,46.29,46.21,112000,5175800,5,TPEX_CSV,2026-09-18 14:15:36 +0800
1150918,2026-09-18,上櫃,00791B,復華信用債1-5,56.55,0.00,56.55,56.55,56.50,102000,5768050,4,TPEX_CSV,2026-09-18 14:15:36 +0800
1150918,2026-09-18,上櫃,00792B,群益A級公司債,30.24,+0.10,30.36,30.40,30.24,300000,9089150,25,TPEX_CSV,2026-09-18 14:15:36 +0800
1150918,2026-09-18,上櫃,00795B,中信美國公債20年,25.81,+0.17,25.81,25.86,25.78,3931000,101487640,342,TPEX_CSV,2026-09-18 14:15:36 +0800
1150918,2026-09-18,上櫃,00799B,國泰A級醫療債,28.46,+0.16,28.50,28.51,28.45,283000,8057350,32,TPEX_CSV,2026-09-18 14:15:36 +0800
1150918,2026-09-18,上櫃,00834B,第一金金融債10+,33.03,+0.08,33.03,33.04,33.03,113000,3732480,4,TPEX_CSV,2026-09-18 14:15:36 +0800
1150918,2026-09-18,上櫃,00836B,永豐10年A公司債,27.92,+0.11,27.82,27.92,27.82,24000,669770,5,TPEX_CSV,2026-09-18 14:15:36 +0800
1150918,2026-09-18,上櫃,00840B,凱基IG精選15+,28.64,+0.14,28.64,28.64,28.64,100000,2864000,2,TPEX_CSV,2026-09-18 14:15:36 +0800
1150918,2026-09-18,上櫃,00841B,凱基AAA-AA公司債,27.43,+0.13,27.43,27.43,27.43,100000,2743000,2,TPEX_CSV,2026-09-18 14:15:36 +0800
1150918,2026-09-18,上櫃,00842B,台新美元銀行債,29.15,+0.08,29.18,29.27,29.14,310000,9043010,50,TPEX_CSV,2026-09-18 14:15:36 +0800
1150918,2026-09-18,上櫃,00844B,台新15年IG金融債,30.50,+0.32,30.50,30.50,30.50,80000,2440000,2,TPEX_CSV,2026-09-18 14:15:36 +0800
1150918,2026-09-18,上櫃,00845B,富邦新興投等債,32.22,+0.01,32.22,32.26,32.22,116000,3737700,6,TPEX_CSV,2026-09-18 14:15:36 +0800
1150918,2026-09-18,上櫃,00846B,富邦歐洲銀行債,34.88,+0.03,34.78,34.90,34.78,106000,3697010,6,TPEX_CSV,2026-09-18 14:15:36 +0800
1150918,2026-09-18,上櫃,00847B,中信美國市政債,24.33,+0.13,24.35,24.35,24.25,208000,5058450,10,TPEX_CSV,2026-09-18 14:15:36 +0800
1150918,2026-09-18,上櫃,00848B,中信新興亞洲債,33.17,+0.10,33.21,33.21,33.17,247000,8194540,10,TPEX_CSV,2026-09-18 14:15:36 +0800
1150918,2026-09-18,上櫃,00849B,中信EM主權債0-5,37.27,-0.08,37.26,37.27,37.26,200000,7453000,4,TPEX_CSV,2026-09-18 14:15:36 +0800
1150918,2026-09-18,上櫃,00853B,統一美債10年Aa-A,26.48,+0.17,26.44,26.49,26.44,1087000,28781970,31,TPEX_CSV,2026-09-18 14:15:36 +0800
1150918,2026-09-18,上櫃,00856B,永豐1-3年美公債,37.45,+0.02,37.45,37.45,37.45,1000,37450,1,TPEX_CSV,2026-09-18 14:15:36 +0800
1150918,2026-09-18,上櫃,00857B,永豐20年美公債,22.45,+0.14,22.46,22.50,22.43,1443000,32414330,98,TPEX_CSV,2026-09-18 14:15:36 +0800
1150918,2026-09-18,上櫃,00858,永豐美國500大,35.82,+0.22,35.77,35.82,35.73,209000,7474800,74,TPEX_CSV,2026-09-18 14:15:36 +0800
1150918,2026-09-18,上櫃,00859B,群益0-1年美債,40.58,-0.11,40.73,40.73,40.53,2273000,92197020,277,TPEX_CSV,2026-09-18 14:15:36 +0800
1150918,2026-09-18,上櫃,00860B,群益1-5Y投資級債,37.73,-0.11,37.82,37.82,37.73,109000,4113680,7,TPEX_CSV,2026-09-18 14:15:36 +0800
1150918,2026-09-18,上櫃,00862B,中信投資級公司債,30.39,+0.14,30.42,30.42,30.37,242000,7351780,15,TPEX_CSV,2026-09-18 14:15:36 +0800
1150918,2026-09-18,上櫃,00863B,中信全球電信債,30.48,+0.08,30.58,30.58,30.48,282000,8598510,12,TPEX_CSV,2026-09-18 14:15:36 +0800
1150918,2026-09-18,上櫃,00864B,中信美國公債0-1,46.10,-0.15,46.34,46.34,46.03,1206000,55588560,301,TPEX_CSV,2026-09-18 14:15:36 +0800
1150918,2026-09-18,上櫃,00867B,台新A-BBB電信債,29.50,+0.33,29.50,29.50,29.50,3000,88500,1,TPEX_CSV,2026-09-18 14:15:36 +0800
1150918,2026-09-18,上櫃,00870B,元大15年EM主權債,27.31,+0.19,27.34,27.34,27.31,22000,601420,2,TPEX_CSV,2026-09-18 14:15:36 +0800
1150918,2026-09-18,上櫃,00877,復華中國5G,38.87,+0.67,38.40,39.02,38.07,2930000,112985830,846,TPEX_CSV,2026-09-18 14:15:36 +0800
1150918,2026-09-18,上櫃,00884B,中信低碳新興債,28.46,+0.17,28.46,28.46,28.46,206000,5862760,6,TPEX_CSV,2026-09-18 14:15:36 +0800
1150918,2026-09-18,上櫃,00886,永豐美國科技,48.28,+0.41,48.06,48.28,47.97,24000,1157790,5,TPEX_CSV,2026-09-18 14:15:36 +0800
1150918,2026-09-18,上櫃,00887,永豐中國科技50大,16.01,+0.22,15.86,16.07,15.82,3800000,60614120,763,TPEX_CSV,2026-09-18 14:15:36 +0800
1150918,2026-09-18,上櫃,00888,永豐台灣ESG,35.39,+0.81,35.38,35.61,35.17,11332000,400836310,2590,TPEX_CSV,2026-09-18 14:15:36 +0800
1150918,2026-09-18,上櫃,00890B,凱基ESG BBB債15+,31.13,+0.17,31.10,31.15,31.10,105000,3268550,6,TPEX_CSV,2026-09-18 14:15:36 +0800
1150918,2026-09-18,上櫃,00928,中信上櫃ESG 30,33.08,+1.15,32.62,33.08,32.52,552000,18096340,182,TPEX_CSV,2026-09-18 14:15:36 +0800
1150918,2026-09-18,上櫃,00931B,統一美債20年,12.99,+0.09,13.01,13.03,12.98,3547000,46098510,250,TPEX_CSV,2026-09-18 14:15:36 +0800
1150918,2026-09-18,上櫃,00933B,國泰10Y+金融債,15.42,+0.08,15.41,15.45,15.40,7352000,113402230,884,TPEX_CSV,2026-09-18 14:15:36 +0800
1150918,2026-09-18,上櫃,00937B,群益ESG投等債20+,14.31,+0.10,14.32,14.35,14.29,47088000,674066040,3249,TPEX_CSV,2026-09-18 14:15:36 +0800
1150918,2026-09-18,上櫃,00942B,台新美A公司債20+,13.72,+0.07,13.72,13.75,13.71,501000,6873160,46,TPEX_CSV,2026-09-18 14:15:36 +0800
1150918,2026-09-18,上櫃,00948B,中信優息投資級債,9.13,+0.04,9.14,9.15,9.12,6724000,61396710,207,TPEX_CSV,2026-09-18 14:15:36 +0800
1150918,2026-09-18,上櫃,00950B,凱基A級公司債,13.57,+0.07,13.57,13.61,13.55,2868000,38924610,129,TPEX_CSV,2026-09-18 14:15:36 +0800
1150918,2026-09-18,上櫃,00955,中信日本商社,16.33,-0.23,16.49,16.49,16.31,5987000,98088480,821,TPEX_CSV,2026-09-18 14:15:36 +0800
1150918,2026-09-18,上櫃,00957B,兆豐US優選投等債,12.96,+0.08,12.95,13.00,12.95,538000,6973470,13,TPEX_CSV,2026-09-18 14:15:36 +0800
1150918,2026-09-18,上櫃,00958B,永豐ESG銀行債15+,8.99,+0.04,8.98,9.01,8.98,777000,6989650,19,TPEX_CSV,2026-09-18 14:15:36 +0800
1150918,2026-09-18,上櫃,00959B,大華投等美債15Y+,9.09,+0.05,9.10,9.10,9.08,946000,8594260,77,TPEX_CSV,2026-09-18 14:15:36 +0800
1150918,2026-09-18,上櫃,00966B,統一ESG投等債15+,13.49,+0.08,13.46,13.52,13.46,2200000,29686320,35,TPEX_CSV,2026-09-18 14:15:36 +0800
1150918,2026-09-18,上櫃,00967B,元大優息美債,8.84,+0.05,8.66,8.86,8.66,126000,1108450,29,TPEX_CSV,2026-09-18 14:15:36 +0800
1150918,2026-09-18,上櫃,00968B,元大優息投等債,8.98,+0.03,8.99,9.01,8.98,1497000,13456690,101,TPEX_CSV,2026-09-18 14:15:36 +0800
1150918,2026-09-18,上櫃,00969B,元大零息超長美債,8.00,+0.08,7.98,8.03,7.98,491000,3933020,71,TPEX_CSV,2026-09-18 14:15:36 +0800
1150918,2026-09-18,上櫃,00970B,台新BBB投等債20+,9.04,+0.06,9.02,9.06,9.02,296000,2676130,55,TPEX_CSV,2026-09-18 14:15:36 +0800
1150918,2026-09-18,上櫃,009806,台新標普500,13.62,+0.02,13.61,13.62,13.60,21000,285780,7,TPEX_CSV,2026-09-18 14:15:36 +0800
1150918,2026-09-18,上櫃,009807,台新標普科技精選,17.09,+0.25,16.99,17.09,16.99,61000,1040100,11,TPEX_CSV,2026-09-18 14:15:36 +0800
1150918,2026-09-18,上櫃,00980B,台新特選IG債10+,9.16,+0.05,9.18,9.18,9.16,132000,1209660,5,TPEX_CSV,2026-09-18 14:15:36 +0800
1150918,2026-09-18,上櫃,00980D,主動聯博投等入息,19.87,+0.02,19.90,19.90,19.85,481000,9558870,65,TPEX_CSV,2026-09-18 14:15:36 +0800
1150918,2026-09-18,上櫃,00980T,平衡凱基美國TOP,11.90,+0.12,12.00,12.00,11.79,137000,1625610,30,TPEX_CSV,2026-09-18 14:15:36 +0800
1150918,2026-09-18,上櫃,009814,富邦標普500,11.35,+0.04,11.41,11.41,11.31,347000,3931670,129,TPEX_CSV,2026-09-18 14:15:36 +0800
1150918,2026-09-18,上櫃,009815,大華美國MAG7+,11.66,+0.14,11.63,11.67,11.61,2167000,25240280,425,TPEX_CSV,2026-09-18 14:15:36 +0800
1150918,2026-09-18,上櫃,00981B,第一金優選非投債,9.14,+0.01,9.14,9.15,9.13,12155000,111079260,637,TPEX_CSV,2026-09-18 14:15:36 +0800
1150918,2026-09-18,上櫃,00981D,主動中信非投等債,10.20,0.00,10.22,10.24,10.19,2206000,22503640,266,TPEX_CSV,2026-09-18 14:15:36 +0800
1150918,2026-09-18,上櫃,009822,華南永昌未來金融,9.55,+0.05,9.52,9.55,9.49,51000,485080,18,TPEX_CSV,2026-09-18 14:15:36 +0800
1150918,2026-09-18,上櫃,009823,群益S&P500,10.39,+0.05,10.40,10.40,10.36,3248000,33700310,551,TPEX_CSV,2026-09-18 14:15:36 +0800
1150918,2026-09-18,上櫃,009825,聯邦美國金融創新,9.95,-0.02,9.97,9.97,9.92,459000,4563360,37,TPEX_CSV,2026-09-18 14:15:36 +0800
1150918,2026-09-18,上櫃,00982B,FT投資級債20+,9.42,+0.02,9.42,9.42,9.42,120000,1130400,3,TPEX_CSV,2026-09-18 14:15:36 +0800
1150918,2026-09-18,上櫃,00983B,大華優利美公債20,15.04,+0.07,15.03,15.08,15.03,370000,5570200,16,TPEX_CSV,2026-09-18 14:15:36 +0800
1150918,2026-09-18,上櫃,00984B,大華優利美A債15,15.78,+0.11,15.79,15.82,15.77,740000,11679180,48,TPEX_CSV,2026-09-18 14:15:36 +0800
1150918,2026-09-18,上櫃,00985D,主動貝萊德優投等,9.73,+0.01,9.75,9.75,9.73,1347000,13126980,79,TPEX_CSV,2026-09-18 14:15:36 +0800
1150918,2026-09-18,上櫃,00986B,FT金融債10+,----,---,----,----,----,0,0,0,TPEX_CSV,2026-09-18 14:15:36 +0800
1150918,2026-09-18,上櫃,00986D,主動復華金融債息,14.20,+0.03,14.27,14.27,14.19,154000,2186970,30,TPEX_CSV,2026-09-18 14:15:36 +0800
1150918,2026-09-18,上櫃,00987B,野村10+澳洲公債,15.65,+0.06,15.66,15.68,15.64,1027000,16080580,30,TPEX_CSV,2026-09-18 14:15:36 +0800
1150918,2026-09-18,上櫃,00987D,主動統一美債量化,9.90,+0.08,9.96,9.96,9.90,2668000,26444930,51,TPEX_CSV,2026-09-18 14:15:36 +0800
1150918,2026-09-18,上櫃,00988B,玉山嚴選非投債,19.36,-0.01,19.37,19.40,19.35,722000,13982430,152,TPEX_CSV,2026-09-18 14:15:36 +0800
1150918,2026-09-18,上櫃,00989B,台新美國非投等債,9.95,-0.02,9.98,9.98,9.94,3109000,30968690,226,TPEX_CSV,2026-09-18 14:15:36 +0800
1150918,2026-09-18,上櫃,00990B,國泰收益非投等債,9.98,0.00,9.98,9.98,9.96,3323000,33114490,418,TPEX_CSV,2026-09-18 14:15:36 +0800
1150918,2026-09-18,上櫃,00998A,主動復華金融股息,17.22,-0.08,17.30,17.30,17.22,6953000,119860220,2644,TPEX_CSV,2026-09-18 14:15:36 +0800
1150918,2026-09-18,上櫃,1240,茂生農經,----,---,----,----,----,0,0,0,TPEX_CSV,2026-09-18 14:15:36 +0800
1150918,2026-09-18,上櫃,1259,安心,68.00,+3.50,64.50,68.00,63.60,90000,5918700,49,TPEX_CSV,2026-09-18 14:15:36 +0800
1150918,2026-09-18,上櫃,1264,德麥,244.00,-0.50,244.00,246.00,244.00,14000,3424000,13,TPEX_CSV,2026-09-18 14:15:36 +0800
1150918,2026-09-18,上櫃,1268,漢來美食,174.00,+1.00,172.50,174.00,172.50,26000,4514000,19,TPEX_CSV,2026-09-18 14:15:36 +0800
1150918,2026-09-18,上櫃,1294,漢田生技,51.50,0.00,51.50,51.50,51.40,7000,360400,5,TPEX_CSV,2026-09-18 14:15:36 +0800
1150918,2026-09-18,上櫃,1295,生合,44.45,-0.05,44.65,45.70,44.05,34000,1510700,33,TPEX_CSV,2026-09-18 14:15:36 +0800
1150918,2026-09-18,上櫃,1336,台翰,17.35,+0.60,17.15,17.35,16.70,345000,5884900,170,TPEX_CSV,2026-09-18 14:15:36 +0800
1150918,2026-09-18,上櫃,1565,精華,98.00,+1.50,97.50,98.00,95.50,236000,22735100,180,TPEX_CSV,2026-09-18 14:15:36 +0800
1150918,2026-09-18,上櫃,1569,濱川,55.50,+3.50,52.00,57.00,52.00,5164000,281868400,2537,TPEX_CSV,2026-09-18 14:15:36 +0800
1150918,2026-09-18,上櫃,1570,力肯,32.30,-0.30,32.20,32.50,32.00,45000,1447000,26,TPEX_CSV,2026-09-18 14:15:36 +0800
1150918,2026-09-18,上櫃,1580,新麥,98.40,+1.70,96.50,98.40,96.00,136000,13154100,99,TPEX_CSV,2026-09-18 14:15:36 +0800
1150918,2026-09-18,上櫃,1584,精剛,18.20,0.00,18.30,18.50,18.20,549000,10064800,261,TPEX_CSV,2026-09-18 14:15:36 +0800
1150918,2026-09-18,上櫃,1586,和勤,18.00,+0.05,18.00,18.05,17.85,315000,5655450,103,TPEX_CSV,2026-09-18 14:15:36 +0800
1150918,2026-09-18,上櫃,1591,駿吉-KY,41.70,+2.30,39.10,42.90,39.10,554000,22796700,402,TPEX_CSV,2026-09-18 14:15:36 +0800
1150918,2026-09-18,上櫃,1593,祺驊,31.90,+0.35,31.70,32.10,31.70,28000,895650,14,TPEX_CSV,2026-09-18 14:15:36 +0800
1150918,2026-09-18,上櫃,1595,川寶,65.70,+1.30,66.00,67.50,64.80,247000,16268300,197,TPEX_CSV,2026-09-18 14:15:36 +0800
1150918,2026-09-18,上櫃,1599,宏佳騰,23.10,0.00,23.15,23.15,23.10,10000,231400,9,TPEX_CSV,2026-09-18 14:15:36 +0800
1150918,2026-09-18,上櫃,1742,台蠟,17.55,0.00,17.85,17.85,17.45,46000,807350,24,TPEX_CSV,2026-09-18 14:15:36 +0800
1150918,2026-09-18,上櫃,1777,生泰,74.30,+0.40,73.50,74.30,73.30,38000,2803500,38,TPEX_CSV,2026-09-18 14:15:36 +0800
1150918,2026-09-18,上櫃,1780,立弘,25.15,0.00,25.15,25.35,24.80,53000,1323900,33,TPEX_CSV,2026-09-18 14:15:36 +0800
1150918,2026-09-18,上櫃,1781,合世,10.15,+0.10,9.95,10.15,9.92,22000,220790,14,TPEX_CSV,2026-09-18 14:15:36 +0800
1150918,2026-09-18,上櫃,1784,訊聯,58.00,-1.10,58.70,59.00,58.00,61000,3560700,51,TPEX_CSV,2026-09-18 14:15:36 +0800
1150918,2026-09-18,上櫃,1785,光洋科,96.80,+0.80,97.10,97.70,95.50,4019000,388495000,2779,TPEX_CSV,2026-09-18 14:15:36 +0800
1150918,2026-09-18,上櫃,1788,杏昌,128.00,0.00,128.00,128.00,128.00,16000,2048000,15,TPEX_CSV,2026-09-18 14:15:36 +0800
1150918,2026-09-18,上櫃,1796,金穎生技,29.60,+0.10,29.80,29.80,29.50,11000,324950,9,TPEX_CSV,2026-09-18 14:15:36 +0800
1150918,2026-09-18,上櫃,1799,易威,28.85,+0.35,28.45,29.40,28.40,113000,3253750,78,TPEX_CSV,2026-09-18 14:15:36 +0800
1150918,2026-09-18,上櫃,1813,寶利徠,11.35,0.00,11.25,11.35,11.25,6000,67750,4,TPEX_CSV,2026-09-18 14:15:36 +0800
1150918,2026-09-18,上櫃,1815,富喬,119.50,+7.50,118.00,123.00,117.50,95458000,11601572000,37778,TPEX_CSV,2026-09-18 14:15:36 +0800
1150918,2026-09-18,上櫃,2035,唐榮,27.00,-0.80,27.00,27.00,27.00,1000,27000,1,TPEX_CSV,2026-09-18 14:15:36 +0800
1150918,2026-09-18,上櫃,2061,風青,52.40,0.00,52.90,54.00,51.90,1967000,103581900,1157,TPEX_CSV,2026-09-18 14:15:36 +0800
1150918,2026-09-18,上櫃,2063,世鎧,23.90,+0.10,24.00,24.00,23.90,31000,743900,3,TPEX_CSV,2026-09-18 14:15:36 +0800
1150918,2026-09-18,上櫃,2064,晉椿,11.75,-0.20,11.75,11.75,11.75,2000,23500,2,TPEX_CSV,2026-09-18 14:15:36 +0800
1150918,2026-09-18,上櫃,2065,世豐,35.15,-0.10,35.25,35.45,35.05,66000,2322150,27,TPEX_CSV,2026-09-18 14:15:36 +0800
1150918,2026-09-18,上櫃,2066,世德,52.70,+0.40,53.80,53.80,52.30,73000,3840400,22,TPEX_CSV,2026-09-18 14:15:36 +0800
1150918,2026-09-18,上櫃,2067,嘉鋼,5.10,-0.11,5.21,5.21,5.10,7000,36120,5,TPEX_CSV,2026-09-18 14:15:36 +0800
1150918,2026-09-18,上櫃,2070,精湛,61.60,-0.10,62.10,62.40,61.50,76000,4700500,54,TPEX_CSV,2026-09-18 14:15:36 +0800
1150918,2026-09-18,上櫃,2073,雄順,----,---,----,----,----,0,0,0,TPEX_CSV,2026-09-18 14:15:36 +0800
1150918,2026-09-18,上櫃,2221,大甲,127.50,+11.50,124.00,127.50,119.00,13517000,1661550000,8422,TPEX_CSV,2026-09-18 14:15:36 +0800
1150918,2026-09-18,上櫃,2230,泰茂,21.40,-0.55,21.95,22.00,21.40,219000,4763050,65,TPEX_CSV,2026-09-18 14:15:36 +0800
1150918,2026-09-18,上櫃,2235,謚源,----,---,----,----,----,0,0,0,TPEX_CSV,2026-09-18 14:15:36 +0800
1150918,2026-09-18,上櫃,2596,綠意,35.10,+0.40,35.05,35.15,34.70,46000,1609450,34,TPEX_CSV,2026-09-18 14:15:36 +0800
1150918,2026-09-18,上櫃,2640,大車隊,170.50,-1.50,172.50,176.00,169.00,83000,14287500,70,TPEX_CSV,2026-09-18 14:15:36 +0800
1150918,2026-09-18,上櫃,2641,正德,17.55,-0.05,17.65,17.65,17.50,1322000,23256200,558,TPEX_CSV,2026-09-18 14:15:36 +0800
1150918,2026-09-18,上櫃,2643,捷迅,62.50,-0.10,62.50,62.60,62.50,3000,187600,3,TPEX_CSV,2026-09-18 14:15:36 +0800
1150918,2026-09-18,上櫃,2718,全心投控,40.70,+0.60,40.70,40.70,40.15,14000,565550,10,TPEX_CSV,2026-09-18 14:15:36 +0800
1150918,2026-09-18,上櫃,2719,燦星旅,19.50,0.00,19.50,19.80,19.50,14000,274700,12,TPEX_CSV,2026-09-18 14:15:36 +0800
1150918,2026-09-18,上櫃,2724,藝舍-KY,11.65,+0.90,10.75,11.65,10.75,41000,451300,24,TPEX_CSV,2026-09-18 14:15:36 +0800
1150918,2026-09-18,上櫃,2726,雅茗-KY,8.05,-0.05,8.13,8.13,8.00,16000,128580,14,TPEX_CSV,2026-09-18 14:15:36 +0800
1150918,2026-09-18,上櫃,2729,瓦城,156.50,+2.00,156.00,157.00,155.50,63000,9856500,45,TPEX_CSV,2026-09-18 14:15:36 +0800
1150918,2026-09-18,上櫃,2732,六角,62.30,-0.50,63.60,63.60,62.10,13000,812000,13,TPEX_CSV,2026-09-18 14:15:36 +0800
1150918,2026-09-18,上櫃,2734,易飛網,14.50,-0.05,14.55,14.75,14.50,31000,451600,20,TPEX_CSV,2026-09-18 14:15:36 +0800
1150918,2026-09-18,上櫃,2736,富野,11.40,0.00,11.50,11.55,11.35,23000,262950,16,TPEX_CSV,2026-09-18 14:15:36 +0800
1150918,2026-09-18,上櫃,2740,華軒,31.50,-0.30,31.50,31.50,31.50,1000,31500,1,TPEX_CSV,2026-09-18 14:15:36 +0800
1150918,2026-09-18,上櫃,2743,山富,54.20,+1.20,54.00,54.70,53.50,93000,5040400,67,TPEX_CSV,2026-09-18 14:15:36 +0800
1150918,2026-09-18,上櫃,2745,五福,84.60,+0.10,84.60,84.60,84.10,40000,3375400,33,TPEX_CSV,2026-09-18 14:15:36 +0800
1150918,2026-09-18,上櫃,2751,王座,----,---,----,----,----,0,0,0,TPEX_CSV,2026-09-18 14:15:36 +0800
1150918,2026-09-18,上櫃,2752,豆府,178.00,-2.00,180.00,180.00,178.00,19000,3410000,17,TPEX_CSV,2026-09-18 14:15:36 +0800
1150918,2026-09-18,上櫃,2754,亞洲藏壽司,68.90,-0.60,69.10,69.90,68.90,23000,1593900,21,TPEX_CSV,2026-09-18 14:15:36 +0800
1150918,2026-09-18,上櫃,2755,揚秦,98.40,+0.10,98.30,98.40,98.20,10000,983100,10,TPEX_CSV,2026-09-18 14:15:36 +0800
1150918,2026-09-18,上櫃,2756,聯發國際,62.30,-0.70,62.20,62.50,62.20,24000,1493700,11,TPEX_CSV,2026-09-18 14:15:36 +0800
1150918,2026-09-18,上櫃,2916,滿心,40.55,-0.10,40.65,40.65,40.55,11000,446400,11,TPEX_CSV,2026-09-18 14:15:36 +0800
1150918,2026-09-18,上櫃,2924,宏太-KY,17.95,+0.50,17.95,17.95,17.95,1000,17950,1,TPEX_CSV,2026-09-18 14:15:36 +0800
1150918,2026-09-18,上櫃,2926,誠品生活,30.00,0.00,30.00,30.00,29.55,21000,627200,15,TPEX_CSV,2026-09-18 14:15:36 +0800
1150918,2026-09-18,上櫃,2937,集雅社,44.50,+0.05,44.45,44.50,44.45,2000,88950,2,TPEX_CSV,2026-09-18 14:15:36 +0800
1150918,2026-09-18,上櫃,2938,床的世界,18.10,-0.05,18.05,18.15,18.05,127000,2298350,88,TPEX_CSV,2026-09-18 14:15:36 +0800
1150918,2026-09-18,上櫃,2941,米斯特,30.90,+0.90,31.00,31.00,30.90,6000,185500,6,TPEX_CSV,2026-09-18 14:15:36 +0800
1150918,2026-09-18,上櫃,2947,振宇五金,60.20,0.00,60.10,60.20,60.10,2000,120300,2,TPEX_CSV,2026-09-18 14:15:36 +0800
1150918,2026-09-18,上櫃,2948,寶陞,36.85,-0.90,36.95,36.95,36.85,3000,110700,3,TPEX_CSV,2026-09-18 14:15:36 +0800
1150918,2026-09-18,上櫃,2949,欣新網,----,---,----,----,----,0,0,0,TPEX_CSV,2026-09-18 14:15:36 +0800
1150918,2026-09-18,上櫃,3064,泰偉,----,---,----,----,----,0,0,0,TPEX_CSV,2026-09-18 14:15:36 +0800
1150918,2026-09-18,上櫃,3066,李洲,29.90,+1.60,28.55,30.75,27.50,7953000,233118700,4737,TPEX_CSV,2026-09-18 14:15:36 +0800
1150918,2026-09-18,上櫃,3067,全域,16.90,0.00,17.00,17.00,16.45,3000,50350,3,TPEX_CSV,2026-09-18 14:15:36 +0800
1150918,2026-09-18,上櫃,3071,協禧,23.40,0.00,23.40,23.40,23.25,118000,2754800,79,TPEX_CSV,2026-09-18 14:15:36 +0800
1150918,2026-09-18,上櫃,3073,天方能源,20.55,-0.30,20.90,20.90,20.00,52000,1059700,33,TPEX_CSV,2026-09-18 14:15:36 +0800
1150918,2026-09-18,上櫃,3078,僑威,44.50,-0.10,44.55,45.00,44.50,801000,35772150,350,TPEX_CSV,2026-09-18 14:15:36 +0800
1150918,2026-09-18,上櫃,3081,聯亞,2880.00,+160.00,2780.00,2915.00,2730.00,3166000,8981620000,2870,TPEX_CSV,2026-09-18 14:15:36 +0800
1150918,2026-09-18,上櫃,3083,網龍,22.40,+0.25,22.00,22.50,21.90,55000,1216700,33,TPEX_CSV,2026-09-18 14:15:36 +0800
1150918,2026-09-18,上櫃,3085,新零售,11.65,-0.05,11.65,11.65,11.65,2000,23300,2,TPEX_CSV,2026-09-18 14:15:36 +0800
1150918,2026-09-18,上櫃,3086,華義*,28.90,0.00,29.40,29.40,28.90,73000,2124400,54,TPEX_CSV,2026-09-18 14:15:36 +0800
1150918,2026-09-18,上櫃,3088,艾訊,126.50,+0.50,127.50,128.00,125.50,376000,47395500,318,TPEX_CSV,2026-09-18 14:15:36 +0800
1150918,2026-09-18,上櫃,3093,港建*,44.75,+0.60,44.25,45.05,44.20,146000,6502750,102,TPEX_CSV,2026-09-18 14:15:36 +0800
1150918,2026-09-18,上櫃,3095,及成,34.60,-1.40,36.40,36.40,34.50,21000,730500,19,TPEX_CSV,2026-09-18 14:15:36 +0800
1150918,2026-09-18,上櫃,3105,穩懋,500.00,+29.00,487.50,502.00,467.00,43288000,21083402500,32652,TPEX_CSV,2026-09-18 14:15:36 +0800
1150918,2026-09-18,上櫃,3114,好德,31.15,+0.80,30.60,31.25,30.60,180000,5578950,147,TPEX_CSV,2026-09-18 14:15:36 +0800
1150918,2026-09-18,上櫃,3115,富榮綱,7.99,-0.19,8.43,8.43,7.78,54000,427060,28,TPEX_CSV,2026-09-18 14:15:36 +0800
1150918,2026-09-18,上櫃,3118,進階,31.65,0.00,31.65,31.65,31.65,2000,63300,2,TPEX_CSV,2026-09-18 14:15:36 +0800
1150918,2026-09-18,上櫃,3122,笙泉,24.30,-0.15,24.50,24.50,24.20,14000,340350,11,TPEX_CSV,2026-09-18 14:15:36 +0800
1150918,2026-09-18,上櫃,3128,昇銳,20.45,+0.20,20.40,21.15,20.20,209000,4315000,135,TPEX_CSV,2026-09-18 14:15:36 +0800
1150918,2026-09-18,上櫃,3131,弘塑,2445.00,+50.00,2475.00,2475.00,2415.00,203000,495200000,187,TPEX_CSV,2026-09-18 14:15:36 +0800
1150918,2026-09-18,上櫃,3141,晶宏,93.70,-0.70,95.40,95.90,92.90,3298000,309439500,2264,TPEX_CSV,2026-09-18 14:15:36 +0800
1150918,2026-09-18,上櫃,3147,大綜,242.50,+10.00,234.50,244.00,234.00,956000,230406500,838,TPEX_CSV,2026-09-18 14:15:36 +0800
1150918,2026-09-18,上櫃,3152,璟德,224.00,+4.50,222.50,224.00,220.00,62000,13764500,47,TPEX_CSV,2026-09-18 14:15:36 +0800
1150918,2026-09-18,上櫃,3158,嘉實,86.20,+0.20,86.00,88.50,85.20,21000,1809500,18,TPEX_CSV,2026-09-18 14:15:36 +0800
1150918,2026-09-18,上櫃,3162,精確,76.90,+4.20,73.20,77.80,73.20,2559000,194532400,1633,TPEX_CSV,2026-09-18 14:15:36 +0800
1150918,2026-09-18,上櫃,3163,波若威,665.00,+13.00,656.00,673.00,652.00,1747000,1159954000,1492,TPEX_CSV,2026-09-18 14:15:36 +0800
1150918,2026-09-18,上櫃,3169,亞信,103.50,+2.00,102.50,104.00,102.00,78000,8027500,65,TPEX_CSV,2026-09-18 14:15:36 +0800
1150918,2026-09-18,上櫃,3171,炎洲流通,59.60,+0.30,59.40,59.80,59.40,21000,1249300,11,TPEX_CSV,2026-09-18 14:15:36 +0800
1150918,2026-09-18,上櫃,3176,基亞,38.20,-1.70,40.00,40.00,38.20,1089000,42173550,676,TPEX_CSV,2026-09-18 14:15:36 +0800
1150918,2026-09-18,上櫃,3178,公準,69.00,+6.20,64.00,69.00,63.60,1041000,71488500,440,TPEX_CSV,2026-09-18 14:15:36 +0800
1150918,2026-09-18,上櫃,3188,鑫龍騰,24.00,+0.10,24.65,24.95,23.95,243000,5899650,175,TPEX_CSV,2026-09-18 14:15:36 +0800
1150918,2026-09-18,上櫃,3191,雲嘉南,16.65,+0.10,16.55,16.65,16.55,15000,248500,5,TPEX_CSV,2026-09-18 14:15:36 +0800
1150918,2026-09-18,上櫃,3205,佰研,47.00,+0.35,47.00,47.00,47.00,3000,141000,2,TPEX_CSV,2026-09-18 14:15:36 +0800
1150918,2026-09-18,上櫃,3206,志豐,35.00,+0.25,34.75,35.30,34.75,43000,1508800,29,TPEX_CSV,2026-09-18 14:15:36 +0800
1150918,2026-09-18,上櫃,3207,耀勝,39.15,+2.00,37.50,40.65,37.50,294000,11488750,207,TPEX_CSV,2026-09-18 14:15:36 +0800
1150918,2026-09-18,上櫃,3211,順達,368.00,+7.50,368.00,369.00,361.50,1570000,574245000,1277,TPEX_CSV,2026-09-18 14:15:36 +0800
1150918,2026-09-18,上櫃,3213,茂訊,124.50,+0.50,125.00,125.00,123.50,76000,9437000,69,TPEX_CSV,2026-09-18 14:15:36 +0800
1150918,2026-09-18,上櫃,3217,優群,130.50,+2.50,128.50,130.50,128.00,237000,30666500,194,TPEX_CSV,2026-09-18 14:15:36 +0800
1150918,2026-09-18,上櫃,3218,大學光,134.00,-0.50,135.50,135.50,134.00,116000,15590500,96,TPEX_CSV,2026-09-18 14:15:36 +0800
1150918,2026-09-18,上櫃,3219,倚強科,89.80,+8.10,83.30,89.80,82.70,581000,51027100,320,TPEX_CSV,2026-09-18 14:15:36 +0800
1150918,2026-09-18,上櫃,3221,台嘉碩,47.50,+0.40,47.75,48.00,47.05,603000,28594300,477,TPEX_CSV,2026-09-18 14:15:36 +0800
1150918,2026-09-18,上櫃,3224,三顧,32.00,-1.30,33.30,33.60,31.90,112000,3606800,104,TPEX_CSV,2026-09-18 14:15:36 +0800
1150918,2026-09-18,上櫃,3226,龍鋒,56.90,+0.20,56.60,56.90,56.30,32000,1816800,25,TPEX_CSV,2026-09-18 14:15:36 +0800
1150918,2026-09-18,上櫃,3227,原相,186.00,+3.50,184.00,186.00,182.50,598000,110154500,507,TPEX_CSV,2026-09-18 14:15:36 +0800
1150918,2026-09-18,上櫃,3228,金麗科,167.00,+3.00,165.50,168.50,164.50,168000,28031500,138,TPEX_CSV,2026-09-18 14:15:36 +0800
1150918,2026-09-18,上櫃,3230,錦明,41.80,0.00,42.30,42.40,41.65,260000,10889800,190,TPEX_CSV,2026-09-18 14:15:36 +0800
1150918,2026-09-18,上櫃,3232,昱捷,21.15,-0.15,21.10,21.40,21.05,30000,636200,25,TPEX_CSV,2026-09-18 14:15:36 +0800
1150918,2026-09-18,上櫃,3234,光環,180.00,+3.00,178.50,185.00,175.00,2640000,473174500,1834,TPEX_CSV,2026-09-18 14:15:36 +0800
1150918,2026-09-18,上櫃,3236,千如,43.35,+0.60,43.50,43.90,42.90,787000,34204200,628,TPEX_CSV,2026-09-18 14:15:36 +0800
1150918,2026-09-18,上櫃,3252,海灣,15.30,-0.05,15.30,15.35,15.25,62000,948500,12,TPEX_CSV,2026-09-18 14:15:36 +0800
1150918,2026-09-18,上櫃,3259,鑫創,10.75,-0.05,10.75,10.80,10.70,33000,355150,9,TPEX_CSV,2026-09-18 14:15:36 +0800
1150918,2026-09-18,上櫃,3260,威剛,396.50,+1.50,399.50,401.50,395.00,6708000,2660734500,3816,TPEX_CSV,2026-09-18 14:15:36 +0800
1150918,2026-09-18,上櫃,3264,欣銓,268.50,+24.00,251.00,268.50,250.50,28853000,7521007000,17647,TPEX_CSV,2026-09-18 14:15:36 +0800
1150918,2026-09-18,上櫃,3265,台星科,180.00,+12.00,173.00,182.00,171.50,2613000,463989000,1956,TPEX_CSV,2026-09-18 14:15:36 +0800
1150918,2026-09-18,上櫃,3268,海德威,18.50,+0.40,18.10,18.70,18.10,75000,1384200,40,TPEX_CSV,2026-09-18 14:15:36 +0800
1150918,2026-09-18,上櫃,3272,東碩,14.10,+0.10,13.95,14.10,13.90,15000,209050,13,TPEX_CSV,2026-09-18 14:15:36 +0800
1150918,2026-09-18,上櫃,3276,宇環,13.95,+0.05,13.80,13.95,13.80,20000,277550,14,TPEX_CSV,2026-09-18 14:15:36 +0800
1150918,2026-09-18,上櫃,3284,太普高,20.35,+0.50,21.10,21.10,20.15,191000,3923050,140,TPEX_CSV,2026-09-18 14:15:36 +0800
1150918,2026-09-18,上櫃,3285,微端,40.75,+1.40,40.00,41.00,40.00,11000,445900,11,TPEX_CSV,2026-09-18 14:15:36 +0800
1150918,2026-09-18,上櫃,3287,廣寰科,42.35,+3.85,42.30,42.35,41.70,984000,41632400,460,TPEX_CSV,2026-09-18 14:15:36 +0800
1150918,2026-09-18,上櫃,3288,點晶,20.20,+0.15,20.05,20.45,19.65,27000,541100,21,TPEX_CSV,2026-09-18 14:15:36 +0800
1150918,2026-09-18,上櫃,3289,宜特,136.50,+3.00,134.50,137.00,134.00,432000,58691500,344,TPEX_CSV,2026-09-18 14:15:36 +0800
1150918,2026-09-18,上櫃,3290,東浦,46.30,-0.45,46.80,47.10,46.20,452000,20984700,276,TPEX_CSV,2026-09-18 14:15:36 +0800
1150918,2026-09-18,上櫃,3293,鈊象,729.00,+4.00,725.00,729.00,714.00,4085000,2964858000,1417,TPEX_CSV,2026-09-18 14:15:36 +0800
1150918,2026-09-18,上櫃,3294,英濟,30.30,+0.30,30.05,30.45,29.75,310000,9349400,228,TPEX_CSV,2026-09-18 14:15:36 +0800
1150918,2026-09-18,上櫃,3297,杭特,33.10,+3.00,30.75,33.10,30.25,1076000,35377050,566,TPEX_CSV,2026-09-18 14:15:36 +0800
1150918,2026-09-18,上櫃,3303,岱稜,49.10,+0.70,48.60,49.10,48.25,199000,9687100,137,TPEX_CSV,2026-09-18 14:15:36 +0800
1150918,2026-09-18,上櫃,3306,鼎天,45.00,+0.20,45.05,45.15,44.80,31000,1394200,31,TPEX_CSV,2026-09-18 14:15:36 +0800
1150918,2026-09-18,上櫃,3310,佳穎,68.80,+0.60,69.00,69.00,68.80,3000,206600,3,TPEX_CSV,2026-09-18 14:15:36 +0800
1150918,2026-09-18,上櫃,3313,斐成,10.65,+0.20,10.70,10.80,10.50,97000,1030350,54,TPEX_CSV,2026-09-18 14:15:36 +0800
1150918,2026-09-18,上櫃,3317,尼克森,56.20,+1.10,55.90,56.20,55.20,359000,20035700,272,TPEX_CSV,2026-09-18 14:15:36 +0800
1150918,2026-09-18,上櫃,3322,建舜電,10.95,+0.30,10.90,11.00,10.75,254000,2765250,119,TPEX_CSV,2026-09-18 14:15:36 +0800
1150918,2026-09-18,上櫃,3323,加百裕,27.20,+0.20,27.75,27.75,27.15,203000,5537300,139,TPEX_CSV,2026-09-18 14:15:36 +0800
1150918,2026-09-18,上櫃,3324,雙鴻,1480.00,+95.00,1480.00,1515.00,1420.00,8136000,11965890000,6357,TPEX_CSV,2026-09-18 14:15:36 +0800
1150918,2026-09-18,上櫃,3325,旭品,11.20,+0.05,11.15,11.20,11.10,80000,893600,29,TPEX_CSV,2026-09-18 14:15:36 +0800
1150918,2026-09-18,上櫃,3332,幸康,60.70,+0.20,60.70,60.70,60.70,1000,60700,1,TPEX_CSV,2026-09-18 14:15:36 +0800
1150918,2026-09-18,上櫃,3339,泰谷,45.35,+0.40,44.90,46.90,44.50,3671000,167898850,2303,TPEX_CSV,2026-09-18 14:15:36 +0800
1150918,2026-09-18,上櫃,3349,寶德,20.00,0.00,19.55,20.00,19.55,33000,652750,22,TPEX_CSV,2026-09-18 14:15:36 +0800
1150918,2026-09-18,上櫃,3354,律勝,29.20,-0.05,29.35,30.00,29.10,872000,25633100,666,TPEX_CSV,2026-09-18 14:15:36 +0800
1150918,2026-09-18,上櫃,3357,臺慶科,207.50,+7.50,203.00,207.50,201.50,2751000,568982000,549,TPEX_CSV,2026-09-18 14:15:36 +0800
1150918,2026-09-18,上櫃,3360,尚立,14.80,+0.20,14.65,14.80,14.55,232000,3405350,155,TPEX_CSV,2026-09-18 14:15:36 +0800
1150918,2026-09-18,上櫃,3362,先進光,178.50,+3.50,177.00,181.50,176.50,2659000,474999500,2215,TPEX_CSV,2026-09-18 14:15:36 +0800
1150918,2026-09-18,上櫃,3363,上詮,683.00,+28.00,671.00,683.00,658.00,2561000,1720746000,2123,TPEX_CSV,2026-09-18 14:15:36 +0800
1150918,2026-09-18,上櫃,3372,典範,16.40,0.00,16.60,16.75,16.05,2204000,36182850,1025,TPEX_CSV,2026-09-18 14:15:36 +0800
1150918,2026-09-18,上櫃,3373,熱映,15.90,-0.05,16.00,16.00,15.80,30000,477000,24,TPEX_CSV,2026-09-18 14:15:36 +0800
1150918,2026-09-18,上櫃,3374,精材,444.50,+15.50,440.00,444.50,418.50,13489000,5856057000,10355,TPEX_CSV,2026-09-18 14:15:36 +0800
1150918,2026-09-18,上櫃,3379,彬台,27.30,0.00,27.20,27.60,27.20,43000,1174400,35,TPEX_CSV,2026-09-18 14:15:36 +0800
1150918,2026-09-18,上櫃,3388,崇越電,81.60,+1.00,81.10,81.80,81.00,206000,16779300,168,TPEX_CSV,2026-09-18 14:15:36 +0800
1150918,2026-09-18,上櫃,3390,旭軟,22.20,+0.55,22.00,22.25,21.75,123000,2716800,92,TPEX_CSV,2026-09-18 14:15:36 +0800
1150918,2026-09-18,上櫃,3402,漢科,129.00,+3.50,127.00,129.00,126.50,293000,37500000,239,TPEX_CSV,2026-09-18 14:15:36 +0800
1150918,2026-09-18,上櫃,3430,奇鈦科,103.50,+1.00,105.00,105.00,102.00,206000,21250500,154,TPEX_CSV,2026-09-18 14:15:36 +0800
1150918,2026-09-18,上櫃,3434,哲固,32.60,+1.40,31.20,33.20,31.00,599000,19523700,467,TPEX_CSV,2026-09-18 14:15:36 +0800
1150918,2026-09-18,上櫃,3438,類比科,63.20,+0.80,62.50,63.90,62.10,75000,4716100,58,TPEX_CSV,2026-09-18 14:15:36 +0800
1150918,2026-09-18,上櫃,3441,聯一光,185.50,-7.00,185.00,187.00,177.00,2828000,516404500,2014,TPEX_CSV,2026-09-18 14:15:36 +0800
1150918,2026-09-18,上櫃,3444,利機,82.20,-3.20,85.10,85.10,81.80,362000,29906400,267,TPEX_CSV,2026-09-18 14:15:36 +0800
1150918,2026-09-18,上櫃,3455,由田,255.50,+9.50,255.00,256.00,243.00,2559000,640767000,1981,TPEX_CSV,2026-09-18 14:15:36 +0800
1150918,2026-09-18,上櫃,3465,進泰電子,29.25,0.00,29.00,29.25,29.00,9000,262150,5,TPEX_CSV,2026-09-18 14:15:36 +0800
1150918,2026-09-18,上櫃,3466,德晉,24.45,+0.65,23.80,24.60,23.40,275000,6554900,159,TPEX_CSV,2026-09-18 14:15:36 +0800
1150918,2026-09-18,上櫃,3467,台灣精材,77.40,+3.90,76.00,77.40,73.40,1068000,80665700,757,TPEX_CSV,2026-09-18 14:15:36 +0800
1150918,2026-09-18,上櫃,3479,安勤,131.50,+1.50,131.50,132.50,129.50,416000,54422500,323,TPEX_CSV,2026-09-18 14:15:36 +0800
1150918,2026-09-18,上櫃,3483,力致,75.20,+1.20,74.80,75.20,74.10,254000,18971600,169,TPEX_CSV,2026-09-18 14:15:36 +0800
1150918,2026-09-18,上櫃,3484,崧騰,46.75,+0.85,46.15,46.75,45.60,143000,6630000,89,TPEX_CSV,2026-09-18 14:15:36 +0800
1150918,2026-09-18,上櫃,3485,敘豐,198.50,+2.50,202.00,202.00,197.50,48000,9559000,42,TPEX_CSV,2026-09-18 14:15:36 +0800
1150918,2026-09-18,上櫃,3489,森寶,22.25,+0.05,22.30,23.25,22.15,83000,1849150,54,TPEX_CSV,2026-09-18 14:15:36 +0800
1150918,2026-09-18,上櫃,3490,單井,44.35,-1.00,45.35,45.75,43.85,3981000,177199700,2433,TPEX_CSV,2026-09-18 14:15:36 +0800
1150918,2026-09-18,上櫃,3491,昇達科,1565.00,+80.00,1515.00,1565.00,1475.00,1520000,2304660000,1333,TPEX_CSV,2026-09-18 14:15:36 +0800
1150918,2026-09-18,上櫃,3492,長盛,19.00,+0.10,18.95,19.00,18.95,3000,56900,3,TPEX_CSV,2026-09-18 14:15:36 +0800
1150918,2026-09-18,上櫃,3498,陽程,195.00,+10.50,185.50,200.00,183.00,2467000,474638500,1996,TPEX_CSV,2026-09-18 14:15:36 +0800
1150918,2026-09-18,上櫃,3499,環天科,13.30,-0.45,13.75,13.75,13.30,49000,656000,39,TPEX_CSV,2026-09-18 14:15:36 +0800
1150918,2026-09-18,上櫃,3508,位速,23.75,+2.15,21.70,23.75,21.65,664000,15452500,340,TPEX_CSV,2026-09-18 14:15:36 +0800
1150918,2026-09-18,上櫃,3511,矽瑪,19.00,+0.40,18.60,19.00,18.60,103000,1939850,77,TPEX_CSV,2026-09-18 14:15:36 +0800
1150918,2026-09-18,上櫃,3512,皇龍,19.15,+0.05,19.10,19.45,19.00,101000,1929750,82,TPEX_CSV,2026-09-18 14:15:36 +0800
1150918,2026-09-18,上櫃,3516,亞帝歐,25.00,0.00,25.00,25.05,25.00,19000,475050,15,TPEX_CSV,2026-09-18 14:15:36 +0800
1150918,2026-09-18,上櫃,3520,華盈,17.50,+0.10,17.30,17.60,17.30,46000,802300,25,TPEX_CSV,2026-09-18 14:15:36 +0800
1150918,2026-09-18,上櫃,3521,台鋼建設,12.00,0.00,12.05,12.10,11.95,16000,192200,15,TPEX_CSV,2026-09-18 14:15:36 +0800
1150918,2026-09-18,上櫃,3522,御嵿,13.30,+0.25,13.30,13.35,13.10,160000,2113500,77,TPEX_CSV,2026-09-18 14:15:36 +0800
1150918,2026-09-18,上櫃,3523,迎輝,15.00,-0.05,14.95,15.40,14.70,28000,421150,20,TPEX_CSV,2026-09-18 14:15:36 +0800
1150918,2026-09-18,上櫃,3526,凡甲,271.00,+6.00,266.00,271.00,266.00,185000,49723000,123,TPEX_CSV,2026-09-18 14:15:36 +0800
1150918,2026-09-18,上櫃,3527,聚積,50.00,-0.10,50.20,51.00,50.00,37000,1860200,30,TPEX_CSV,2026-09-18 14:15:36 +0800
1150918,2026-09-18,上櫃,3529,力旺,2845.00,+135.00,2770.00,2890.00,2760.00,1414000,3992550000,1241,TPEX_CSV,2026-09-18 14:15:36 +0800
1150918,2026-09-18,上櫃,3531,先益,21.25,-0.05,21.25,21.25,21.25,1000,21250,1,TPEX_CSV,2026-09-18 14:15:36 +0800
1150918,2026-09-18,上櫃,3537,堡達,53.30,+0.60,53.30,53.50,52.80,148000,7861900,102,TPEX_CSV,2026-09-18 14:15:36 +0800
1150918,2026-09-18,上櫃,3540,曜越,23.35,+0.35,23.15,23.40,22.80,264000,6105050,185,TPEX_CSV,2026-09-18 14:15:36 +0800
1150918,2026-09-18,上櫃,3541,西柏,22.15,+0.15,22.00,22.20,21.85,16000,353550,16,TPEX_CSV,2026-09-18 14:15:36 +0800
1150918,2026-09-18,上櫃,3546,宇峻,74.00,+2.10,71.90,74.00,71.90,114000,8293900,60,TPEX_CSV,2026-09-18 14:15:36 +0800
1150918,2026-09-18,上櫃,3548,兆利,80.60,+1.60,79.60,80.60,78.50,155000,12347200,113,TPEX_CSV,2026-09-18 14:15:36 +0800
1150918,2026-09-18,上櫃,3551,世禾,187.50,+11.50,180.00,188.50,178.00,1455000,266228000,815,TPEX_CSV,2026-09-18 14:15:36 +0800
1150918,2026-09-18,上櫃,3552,同致,39.30,-1.85,41.10,41.50,39.30,2884000,113632450,395,TPEX_CSV,2026-09-18 14:15:36 +0800
1150918,2026-09-18,上櫃,3555,博士旺,175.00,+1.50,174.00,178.00,174.00,62000,10908000,55,TPEX_CSV,2026-09-18 14:15:36 +0800
1150918,2026-09-18,上櫃,3556,禾瑞亞,57.60,+0.70,57.40,57.70,56.90,153000,8767500,126,TPEX_CSV,2026-09-18 14:15:36 +0800
1150918,2026-09-18,上櫃,3558,神準,121.00,-2.00,123.50,124.00,121.00,203000,24848500,111,TPEX_CSV,2026-09-18 14:15:36 +0800
1150918,2026-09-18,上櫃,3564,其陽,49.85,+1.65,49.05,51.00,48.05,337000,16736450,245,TPEX_CSV,2026-09-18 14:15:36 +0800
1150918,2026-09-18,上櫃,3567,逸昌,25.30,+0.15,25.20,25.30,25.20,22000,556350,15,TPEX_CSV,2026-09-18 14:15:36 +0800
1150918,2026-09-18,上櫃,3570,大塚,170.50,+1.00,170.00,172.00,169.50,57000,9709500,47,TPEX_CSV,2026-09-18 14:15:36 +0800
1150918,2026-09-18,上櫃,3577,泓格,119.00,+0.50,119.00,120.00,117.00,331000,39198000,275,TPEX_CSV,2026-09-18 14:15:36 +0800
1150918,2026-09-18,上櫃,3580,友威科,96.80,+2.20,95.30,97.60,94.00,1125000,107915400,898,TPEX_CSV,2026-09-18 14:15:36 +0800
1150918,2026-09-18,上櫃,3581,博磊,102.00,+5.80,98.20,103.00,96.30,321000,32271600,262,TPEX_CSV,2026-09-18 14:15:36 +0800
1150918,2026-09-18,上櫃,3587,閎康,241.50,+5.50,240.00,243.50,237.50,273000,65796500,240,TPEX_CSV,2026-09-18 14:15:36 +0800
1150918,2026-09-18,上櫃,3594,磐儀,46.75,+0.65,46.70,47.30,46.20,356000,16655700,229,TPEX_CSV,2026-09-18 14:15:36 +0800
1150918,2026-09-18,上櫃,3597,映興,26.25,-0.05,26.25,26.25,26.20,10000,262100,6,TPEX_CSV,2026-09-18 14:15:36 +0800
1150918,2026-09-18,上櫃,3609,三一東林,21.90,-0.30,21.85,22.30,21.60,146000,3193900,108,TPEX_CSV,2026-09-18 14:15:36 +0800
1150918,2026-09-18,上櫃,3611,鼎翰,182.50,+1.50,182.50,183.50,182.50,41000,7495000,32,TPEX_CSV,2026-09-18 14:15:36 +0800
1150918,2026-09-18,上櫃,3615,安可,36.90,+0.70,36.30,37.50,36.25,958000,35136550,686,TPEX_CSV,2026-09-18 14:15:36 +0800
1150918,2026-09-18,上櫃,3623,富晶通,27.75,-0.65,28.65,28.65,27.75,247000,6912400,183,TPEX_CSV,2026-09-18 14:15:36 +0800
1150918,2026-09-18,上櫃,3624,光頡,126.00,+8.00,122.00,126.50,117.00,17088000,2084109500,11112,TPEX_CSV,2026-09-18 14:15:36 +0800
1150918,2026-09-18,上櫃,3625,西勝,11.50,-0.25,11.60,11.80,11.40,92000,1064800,47,TPEX_CSV,2026-09-18 14:15:36 +0800
1150918,2026-09-18,上櫃,3628,盈正,73.50,-0.50,76.00,76.00,73.00,161000,11922300,121,TPEX_CSV,2026-09-18 14:15:36 +0800
1150918,2026-09-18,上櫃,3629,地心引力,----,---,----,----,----,0,0,0,TPEX_CSV,2026-09-18 14:15:36 +0800
1150918,2026-09-18,上櫃,3630,新鉅科,25.85,0.00,26.00,26.10,25.85,449000,11657650,232,TPEX_CSV,2026-09-18 14:15:36 +0800
1150918,2026-09-18,上櫃,3631,晟楠,40.15,0.00,40.60,40.85,39.55,155000,6212400,100,TPEX_CSV,2026-09-18 14:15:36 +0800
1150918,2026-09-18,上櫃,3632,研勤,7.08,0.00,7.20,7.20,7.08,10000,70920,10,TPEX_CSV,2026-09-18 14:15:36 +0800
1150918,2026-09-18,上櫃,3646,艾恩特,24.80,-0.15,24.90,24.90,24.55,22000,543800,22,TPEX_CSV,2026-09-18 14:15:36 +0800
1150918,2026-09-18,上櫃,3663,鑫科,61.20,+0.20,62.10,62.10,60.30,366000,22329300,282,TPEX_CSV,2026-09-18 14:15:36 +0800
1150918,2026-09-18,上櫃,3664,安瑞-KY,8.40,+0.25,8.15,8.40,8.15,39000,324100,11,TPEX_CSV,2026-09-18 14:15:36 +0800
1150918,2026-09-18,上櫃,3666,光耀,25.00,0.00,24.85,25.00,24.85,23000,573650,15,TPEX_CSV,2026-09-18 14:15:36 +0800
1150918,2026-09-18,上櫃,3672,康聯訊,12.05,+0.25,11.65,12.05,11.65,3000,35400,3,TPEX_CSV,2026-09-18 14:15:36 +0800
1150918,2026-09-18,上櫃,3675,德微,294.00,+10.00,291.00,300.00,287.00,1445000,423722500,1196,TPEX_CSV,2026-09-18 14:15:36 +0800
1150918,2026-09-18,上櫃,3680,家登,533.00,+6.00,530.00,536.00,523.00,1417000,752508000,1133,TPEX_CSV,2026-09-18 14:15:36 +0800
1150918,2026-09-18,上櫃,3684,榮昌,54.20,+0.10,54.10,54.20,54.00,9000,486500,8,TPEX_CSV,2026-09-18 14:15:36 +0800
1150918,2026-09-18,上櫃,3685,元創精密,35.90,+0.05,35.70,36.15,35.35,630000,22591350,195,TPEX_CSV,2026-09-18 14:15:36 +0800
1150918,2026-09-18,上櫃,3687,歐買尬,61.00,0.00,61.00,61.70,60.80,27000,1649100,20,TPEX_CSV,2026-09-18 14:15:36 +0800
1150918,2026-09-18,上櫃,3689,湧德,109.50,+1.50,109.50,110.00,108.50,412000,45058000,288,TPEX_CSV,2026-09-18 14:15:36 +0800
1150918,2026-09-18,上櫃,3691,碩禾,97.50,+2.60,96.70,98.10,95.20,203000,19672500,161,TPEX_CSV,2026-09-18 14:15:36 +0800
1150918,2026-09-18,上櫃,3693,營邦,704.00,+7.00,717.00,721.00,693.00,1836000,1293714000,1572,TPEX_CSV,2026-09-18 14:15:36 +0800
1150918,2026-09-18,上櫃,3707,漢磊,62.90,+1.00,62.60,63.30,62.00,2541000,159353400,1794,TPEX_CSV,2026-09-18 14:15:36 +0800
1150918,2026-09-18,上櫃,3709,鑫聯大投控,63.40,+0.40,63.50,63.60,62.80,162000,10228400,120,TPEX_CSV,2026-09-18 14:15:36 +0800
1150918,2026-09-18,上櫃,3713,新晶投控,14.10,+0.05,14.25,14.25,13.90,36000,504900,19,TPEX_CSV,2026-09-18 14:15:36 +0800
1150918,2026-09-18,上櫃,3718,中光電投控,67.10,+3.00,64.60,67.10,64.60,3383000,223363000,2056,TPEX_CSV,2026-09-18 14:15:36 +0800
1150918,2026-09-18,上櫃,4102,永日,18.80,-0.15,18.90,19.00,18.55,29000,545300,25,TPEX_CSV,2026-09-18 14:15:36 +0800
1150918,2026-09-18,上櫃,4105,東洋,78.40,-0.20,78.80,78.80,78.10,437000,34265800,303,TPEX_CSV,2026-09-18 14:15:36 +0800
1150918,2026-09-18,上櫃,4107,邦特,112.00,+0.50,112.00,112.00,111.50,30000,3357000,25,TPEX_CSV,2026-09-18 14:15:36 +0800
1150918,2026-09-18,上櫃,4109,加捷生醫,11.25,+0.10,11.20,11.25,11.15,56000,625700,34,TPEX_CSV,2026-09-18 14:15:36 +0800
1150918,2026-09-18,上櫃,4111,濟生,28.80,0.00,28.80,28.90,28.80,15000,432900,15,TPEX_CSV,2026-09-18 14:15:36 +0800
1150918,2026-09-18,上櫃,4113,聯上,15.45,-0.40,17.35,17.35,15.45,660000,10700100,260,TPEX_CSV,2026-09-18 14:15:36 +0800
1150918,2026-09-18,上櫃,4114,健喬,29.80,+0.15,29.70,29.80,29.50,809000,23961700,382,TPEX_CSV,2026-09-18 14:15:36 +0800
1150918,2026-09-18,上櫃,4116,明基醫,39.40,-0.15,39.40,39.55,39.40,16000,630950,13,TPEX_CSV,2026-09-18 14:15:36 +0800
1150918,2026-09-18,上櫃,4120,友華,45.80,-0.65,45.85,45.90,45.80,21000,962050,12,TPEX_CSV,2026-09-18 14:15:36 +0800
1150918,2026-09-18,上櫃,4121,優盛,12.75,+0.05,12.70,12.85,12.70,15000,191600,13,TPEX_CSV,2026-09-18 14:15:36 +0800
1150918,2026-09-18,上櫃,4123,晟德,30.90,+0.10,30.80,30.90,30.45,1410000,43264950,717,TPEX_CSV,2026-09-18 14:15:36 +0800
1150918,2026-09-18,上櫃,4126,太醫,77.70,-0.10,77.80,78.10,77.70,72000,5609900,47,TPEX_CSV,2026-09-18 14:15:36 +0800
1150918,2026-09-18,上櫃,4127,天良,61.40,+1.80,60.40,61.40,59.60,122000,7381300,94,TPEX_CSV,2026-09-18 14:15:36 +0800
1150918,2026-09-18,上櫃,4128,中天,14.60,-0.05,14.70,14.70,14.15,4180000,60033750,1434,TPEX_CSV,2026-09-18 14:15:36 +0800
1150918,2026-09-18,上櫃,4129,聯合,83.00,+0.70,82.40,83.00,82.00,143000,11817400,96,TPEX_CSV,2026-09-18 14:15:36 +0800
1150918,2026-09-18,上櫃,4131,浩泰,31.40,-0.50,31.50,31.50,30.00,14000,428550,8,TPEX_CSV,2026-09-18 14:15:36 +0800
1150918,2026-09-18,上櫃,4138,曜亞,53.90,0.00,53.90,54.00,53.70,6000,323300,6,TPEX_CSV,2026-09-18 14:15:36 +0800
1150918,2026-09-18,上櫃,4139,馬光-KY,42.00,+0.05,41.95,42.35,41.10,36000,1503300,32,TPEX_CSV,2026-09-18 14:15:36 +0800
1150918,2026-09-18,上櫃,4147,中裕,62.90,+0.40,62.40,62.90,61.20,1152000,71510800,467,TPEX_CSV,2026-09-18 14:15:36 +0800
1150918,2026-09-18,上櫃,4153,鈺緯,31.95,-0.05,31.95,31.95,31.95,1000,31950,1,TPEX_CSV,2026-09-18 14:15:36 +0800
1150918,2026-09-18,上櫃,4154,樂威科-KY,11.65,+0.40,11.25,11.65,11.25,58000,654500,8,TPEX_CSV,2026-09-18 14:15:36 +0800
1150918,2026-09-18,上櫃,4157,太景*-KY,9.06,0.00,9.09,9.10,8.99,722000,6523500,278,TPEX_CSV,2026-09-18 14:15:36 +0800
1150918,2026-09-18,上櫃,4160,訊聯基因,39.15,+0.10,39.05,39.15,38.95,4000,156250,4,TPEX_CSV,2026-09-18 14:15:36 +0800
1150918,2026-09-18,上櫃,4161,聿新科,22.25,0.00,22.25,22.25,22.20,21000,466550,20,TPEX_CSV,2026-09-18 14:15:36 +0800
1150918,2026-09-18,上櫃,4162,智擎,55.60,-0.20,55.90,55.90,55.10,201000,11161800,126,TPEX_CSV,2026-09-18 14:15:36 +0800
1150918,2026-09-18,上櫃,4163,鐿鈦,132.50,-0.50,133.50,133.50,132.00,20000,2650000,17,TPEX_CSV,2026-09-18 14:15:36 +0800
1150918,2026-09-18,上櫃,4166,友霖,24.50,+0.05,24.70,24.70,24.30,50000,1222150,33,TPEX_CSV,2026-09-18 14:15:36 +0800
1150918,2026-09-18,上櫃,4167,松瑞藥,19.65,+0.15,19.45,19.65,19.20,987000,19147650,491,TPEX_CSV,2026-09-18 14:15:36 +0800
1150918,2026-09-18,上櫃,4168,醣聯,21.95,+0.15,21.80,22.00,21.50,108000,2353300,60,TPEX_CSV,2026-09-18 14:15:36 +0800
1150918,2026-09-18,上櫃,4171,瑞基,16.45,-0.05,16.30,16.50,16.30,25000,410550,16,TPEX_CSV,2026-09-18 14:15:36 +0800
1150918,2026-09-18,上櫃,4173,久裕,17.35,+0.30,17.15,17.35,17.15,33000,570400,24,TPEX_CSV,2026-09-18 14:15:36 +0800
1150918,2026-09-18,上櫃,4174,浩鼎,27.20,-0.55,27.55,29.30,27.20,3231000,88952550,838,TPEX_CSV,2026-09-18 14:15:36 +0800
1150918,2026-09-18,上櫃,4175,杏一,51.20,-0.30,51.50,51.50,51.20,3000,154000,3,TPEX_CSV,2026-09-18 14:15:36 +0800
1150918,2026-09-18,上櫃,4183,福永生技,13.05,0.00,13.00,13.05,13.00,8000,104050,2,TPEX_CSV,2026-09-18 14:15:36 +0800
1150918,2026-09-18,上櫃,4188,安克,14.00,+0.20,13.50,14.50,13.50,97000,1362250,66,TPEX_CSV,2026-09-18 14:15:36 +0800
1150918,2026-09-18,上櫃,4192,杏國,18.30,+0.15,17.95,18.30,17.95,7000,126700,6,TPEX_CSV,2026-09-18 14:15:36 +0800
1150918,2026-09-18,上櫃,4198,欣大健康,49.45,0.00,49.45,49.45,49.45,1000,49450,1,TPEX_CSV,2026-09-18 14:15:36 +0800
1150918,2026-09-18,上櫃,4205,中華食,68.80,-0.20,68.90,68.90,68.80,20000,1376400,19,TPEX_CSV,2026-09-18 14:15:36 +0800
1150918,2026-09-18,上櫃,4207,環泰,19.40,-0.05,19.50,19.50,19.30,133000,2577200,43,TPEX_CSV,2026-09-18 14:15:36 +0800
1150918,2026-09-18,上櫃,4303,信立,35.70,+0.85,35.10,36.05,35.05,772000,27508450,460,TPEX_CSV,2026-09-18 14:15:36 +0800
1150918,2026-09-18,上櫃,4304,勝昱,17.25,+1.55,17.25,17.25,17.25,122000,2104500,55,TPEX_CSV,2026-09-18 14:15:36 +0800
1150918,2026-09-18,上櫃,4305,世坤,----,---,----,----,----,0,0,0,TPEX_CSV,2026-09-18 14:15:36 +0800
1150918,2026-09-18,上櫃,4401,東隆興,14.10,+0.15,14.10,14.10,13.65,112000,1568150,44,TPEX_CSV,2026-09-18 14:15:36 +0800
1150918,2026-09-18,上櫃,4402,郡都開發,14.05,-0.40,14.45,14.70,14.05,61000,878650,34,TPEX_CSV,2026-09-18 14:15:36 +0800
1150918,2026-09-18,上櫃,4406,新昕纖,10.20,+0.10,10.15,10.25,10.15,17000,173350,11,TPEX_CSV,2026-09-18 14:15:36 +0800
1150918,2026-09-18,上櫃,4413,飛寶企業,----,---,----,----,----,0,0,0,TPEX_CSV,2026-09-18 14:15:36 +0800
1150918,2026-09-18,上櫃,4416,三圓,12.15,+1.10,11.25,12.15,11.15,4528000,54355050,1375,TPEX_CSV,2026-09-18 14:15:36 +0800
1150918,2026-09-18,上櫃,4417,金洲,50.20,+0.45,50.10,50.50,49.75,147000,7356850,91,TPEX_CSV,2026-09-18 14:15:36 +0800
1150918,2026-09-18,上櫃,4419,皇家美食,45.95,+0.30,45.65,46.80,44.70,33000,1507050,29,TPEX_CSV,2026-09-18 14:15:36 +0800
1150918,2026-09-18,上櫃,4420,光明,36.10,+0.10,36.00,36.25,35.65,35000,1259900,34,TPEX_CSV,2026-09-18 14:15:36 +0800
1150918,2026-09-18,上櫃,4430,耀億,17.25,0.00,17.25,17.50,17.20,14000,241750,14,TPEX_CSV,2026-09-18 14:15:36 +0800
1150918,2026-09-18,上櫃,4432,銘旺實,15.60,0.00,15.50,15.60,15.45,7000,108600,6,TPEX_CSV,2026-09-18 14:15:36 +0800
1150918,2026-09-18,上櫃,4433,興采,18.10,-0.05,18.15,18.15,17.95,63000,1137100,53,TPEX_CSV,2026-09-18 14:15:36 +0800
1150918,2026-09-18,上櫃,4442,竣邦-KY,54.50,-0.10,55.00,55.40,54.50,28000,1539200,25,TPEX_CSV,2026-09-18 14:15:36 +0800
1150918,2026-09-18,上櫃,4502,健信,15.75,+0.05,15.65,15.75,15.60,14000,219150,14,TPEX_CSV,2026-09-18 14:15:36 +0800
1150918,2026-09-18,上櫃,4503,金雨,23.15,+0.35,23.30,23.80,22.80,189000,4362950,92,TPEX_CSV,2026-09-18 14:15:36 +0800
1150918,2026-09-18,上櫃,4506,崇友,119.50,0.00,120.00,120.00,119.00,48000,5731500,47,TPEX_CSV,2026-09-18 14:15:36 +0800
1150918,2026-09-18,上櫃,4510,高鋒,44.45,+0.40,44.55,44.55,43.75,604000,26682600,399,TPEX_CSV,2026-09-18 14:15:36 +0800
1150918,2026-09-18,上櫃,4513,福裕,16.20,+0.40,16.45,16.90,16.10,436000,7132800,272,TPEX_CSV,2026-09-18 14:15:36 +0800
1150918,2026-09-18,上櫃,4523,永彰,24.75,+1.05,23.75,24.85,23.75,127000,3080300,75,TPEX_CSV,2026-09-18 14:15:36 +0800
1150918,2026-09-18,上櫃,4527,方土霖,40.70,0.00,40.70,40.75,40.70,13000,529150,11,TPEX_CSV,2026-09-18 14:15:36 +0800
1150918,2026-09-18,上櫃,4528,江興鍛,14.85,0.00,14.85,15.00,14.75,42000,622450,28,TPEX_CSV,2026-09-18 14:15:36 +0800
1150918,2026-09-18,上櫃,4529,淳紳,3.44,-0.01,3.46,3.46,3.44,20000,68970,12,TPEX_CSV,2026-09-18 14:15:36 +0800
1150918,2026-09-18,上櫃,4530,天意能創,22.70,-1.60,23.85,23.85,22.00,101000,2297600,68,TPEX_CSV,2026-09-18 14:15:36 +0800
1150918,2026-09-18,上櫃,4533,協易機,25.30,+0.70,24.55,25.30,24.55,525000,13126500,297,TPEX_CSV,2026-09-18 14:15:36 +0800
1150918,2026-09-18,上櫃,4534,慶騰,29.35,+1.40,28.50,30.15,28.50,687000,20086250,403,TPEX_CSV,2026-09-18 14:15:36 +0800
1150918,2026-09-18,上櫃,4535,至興,27.10,0.00,27.10,27.10,27.10,1000,27100,1,TPEX_CSV,2026-09-18 14:15:36 +0800
1150918,2026-09-18,上櫃,4538,大詠城,17.25,-0.10,17.10,17.55,17.10,24000,415150,21,TPEX_CSV,2026-09-18 14:15:36 +0800
1150918,2026-09-18,上櫃,4541,晟田,62.00,+4.50,57.90,62.50,57.90,1840000,111045100,1393,TPEX_CSV,2026-09-18 14:15:36 +0800
1150918,2026-09-18,上櫃,4542,科嶠,275.00,-3.50,291.00,298.00,275.00,1025000,291905500,943,TPEX_CSV,2026-09-18 14:15:36 +0800
1150918,2026-09-18,上櫃,4543,萬在,28.60,+0.35,28.50,28.60,28.10,59000,1668750,42,TPEX_CSV,2026-09-18 14:15:36 +0800
1150918,2026-09-18,上櫃,4549,桓達,97.00,+1.90,95.60,97.00,95.50,23000,2213500,23,TPEX_CSV,2026-09-18 14:15:36 +0800
1150918,2026-09-18,上櫃,4550,長佳,24.20,+0.25,24.10,24.20,24.10,4000,96600,3,TPEX_CSV,2026-09-18 14:15:36 +0800
1150918,2026-09-18,上櫃,4554,橙的,28.45,+0.05,28.65,28.80,28.45,6000,171250,5,TPEX_CSV,2026-09-18 14:15:36 +0800
1150918,2026-09-18,上櫃,4556,旭然,83.20,+0.40,84.40,88.30,82.60,588000,49676900,471,TPEX_CSV,2026-09-18 14:15:36 +0800
1150918,2026-09-18,上櫃,4558,寶緯,17.75,+0.20,17.65,17.75,17.65,4000,70700,2,TPEX_CSV,2026-09-18 14:15:36 +0800
1150918,2026-09-18,上櫃,4561,健椿,41.10,+0.80,41.05,41.30,40.30,81000,3301300,69,TPEX_CSV,2026-09-18 14:15:36 +0800
1150918,2026-09-18,上櫃,4563,百德,47.00,+0.80,46.20,47.50,46.20,181000,8495500,112,TPEX_CSV,2026-09-18 14:15:36 +0800
1150918,2026-09-18,上櫃,4568,科際精密,39.60,0.00,39.60,39.60,39.60,1000,39600,1,TPEX_CSV,2026-09-18 14:15:36 +0800
1150918,2026-09-18,上櫃,4577,達航科技,86.90,+3.70,84.30,87.40,84.30,258000,22161100,208,TPEX_CSV,2026-09-18 14:15:36 +0800
1150918,2026-09-18,上櫃,4580,捷流閥業,81.30,+0.30,81.30,81.50,81.00,33000,2679900,23,TPEX_CSV,2026-09-18 14:15:36 +0800
1150918,2026-09-18,上櫃,4584,君帆,----,---,----,----,----,0,0,0,TPEX_CSV,2026-09-18 14:15:36 +0800
1150918,2026-09-18,上櫃,4609,唐鋒,4.24,0.00,4.24,4.24,4.24,7000,29680,3,TPEX_CSV,2026-09-18 14:15:36 +0800
1150918,2026-09-18,上櫃,4702,中美實,9.38,+0.04,9.34,9.38,9.32,59000,551810,38,TPEX_CSV,2026-09-18 14:15:36 +0800
1150918,2026-09-18,上櫃,4706,大恭,33.50,-0.20,34.00,34.00,33.50,5000,168750,5,TPEX_CSV,2026-09-18 14:15:36 +0800
1150918,2026-09-18,上櫃,4707,磐亞,28.00,+1.20,27.00,28.25,27.00,1483000,40819000,849,TPEX_CSV,2026-09-18 14:15:36 +0800
1150918,2026-09-18,上櫃,4711,永純,16.45,-0.05,16.50,16.55,16.45,26000,428950,10,TPEX_CSV,2026-09-18 14:15:36 +0800
1150918,2026-09-18,上櫃,4714,永捷,12.10,+0.60,11.75,12.45,11.50,4008000,48048300,1544,TPEX_CSV,2026-09-18 14:15:36 +0800
1150918,2026-09-18,上櫃,4716,大立,17.00,+0.20,17.10,17.15,16.70,464000,7860550,250,TPEX_CSV,2026-09-18 14:15:36 +0800
1150918,2026-09-18,上櫃,4721,美琪瑪,74.00,+0.90,74.00,74.00,72.70,292000,21426300,185,TPEX_CSV,2026-09-18 14:15:36 +0800
1150918,2026-09-18,上櫃,4726,永昕,23.00,+0.40,22.60,23.10,22.50,148000,3360800,80,TPEX_CSV,2026-09-18 14:15:36 +0800
1150918,2026-09-18,上櫃,4728,雙美,406.00,+14.00,390.50,406.00,390.00,24000,9484500,17,TPEX_CSV,2026-09-18 14:15:36 +0800
1150918,2026-09-18,上櫃,4729,熒茂,18.85,+0.30,18.65,18.85,18.55,73000,1368250,50,TPEX_CSV,2026-09-18 14:15:36 +0800
1150918,2026-09-18,上櫃,4735,豪展,35.95,+0.30,35.85,36.10,35.85,37000,1329250,24,TPEX_CSV,2026-09-18 14:15:36 +0800
1150918,2026-09-18,上櫃,4741,泓瀚,38.35,+0.50,39.40,39.40,37.90,44000,1687850,40,TPEX_CSV,2026-09-18 14:15:36 +0800
1150918,2026-09-18,上櫃,4743,合一,44.00,-0.60,44.65,44.95,43.90,1340000,59110300,743,TPEX_CSV,2026-09-18 14:15:36 +0800
1150918,2026-09-18,上櫃,4744,皇將,29.60,-0.70,30.40,30.40,29.55,86000,2558150,64,TPEX_CSV,2026-09-18 14:15:36 +0800
1150918,2026-09-18,上櫃,4745,合富-KY,11.75,+0.05,11.65,11.75,11.55,14000,163300,14,TPEX_CSV,2026-09-18 14:15:36 +0800
1150918,2026-09-18,上櫃,4747,強生*,24.05,+0.05,24.05,24.30,24.05,18000,434100,14,TPEX_CSV,2026-09-18 14:15:36 +0800
1150918,2026-09-18,上櫃,4749,新應材,741.00,+1.00,750.00,760.00,730.00,741000,548698000,601,TPEX_CSV,2026-09-18 14:15:36 +0800
1150918,2026-09-18,上櫃,4754,國碳科,37.45,+0.05,37.40,37.45,37.20,17000,634750,11,TPEX_CSV,2026-09-18 14:15:36 +0800
1150918,2026-09-18,上櫃,4760,勤凱,265.50,+9.00,261.00,266.00,260.00,235000,61728000,197,TPEX_CSV,2026-09-18 14:15:36 +0800
1150918,2026-09-18,上櫃,4767,誠泰科技,28.00,-0.10,28.30,28.30,28.00,3000,84300,3,TPEX_CSV,2026-09-18 14:15:36 +0800
1150918,2026-09-18,上櫃,4768,晶呈科技,315.00,+6.50,317.00,323.50,314.00,375000,119044500,325,TPEX_CSV,2026-09-18 14:15:36 +0800
1150918,2026-09-18,上櫃,4772,台特化,250.00,+8.50,244.50,250.00,239.50,545000,133754000,379,TPEX_CSV,2026-09-18 14:15:36 +0800
1150918,2026-09-18,上櫃,4806,桂田文創,9.34,+0.19,9.43,9.43,9.34,4000,37570,4,TPEX_CSV,2026-09-18 14:15:36 +0800
1150918,2026-09-18,上櫃,4903,聯光通,37.60,+3.40,34.60,37.60,34.30,2301000,84801900,1195,TPEX_CSV,2026-09-18 14:15:36 +0800
1150918,2026-09-18,上櫃,4905,台聯電,78.40,-0.80,77.00,79.20,77.00,14000,1096600,14,TPEX_CSV,2026-09-18 14:15:36 +0800
1150918,2026-09-18,上櫃,4907,富宇,45.50,+1.60,47.00,47.00,44.55,181000,8247300,101,TPEX_CSV,2026-09-18 14:15:36 +0800
1150918,2026-09-18,上櫃,4908,前鼎,243.50,+5.50,240.00,248.50,232.50,7631000,1821604000,5756,TPEX_CSV,2026-09-18 14:15:36 +0800
1150918,2026-09-18,上櫃,4909,新復興,35.30,+1.10,34.50,35.30,34.15,271000,9412550,176,TPEX_CSV,2026-09-18 14:15:36 +0800
1150918,2026-09-18,上櫃,4911,德英,29.00,+0.35,28.55,29.00,28.50,13000,371900,10,TPEX_CSV,2026-09-18 14:15:36 +0800
1150918,2026-09-18,上櫃,4923,力士,60.80,+5.50,55.80,60.80,55.80,1855000,109752000,1050,TPEX_CSV,2026-09-18 14:15:36 +0800
1150918,2026-09-18,上櫃,4924,欣厚-KY,15.50,+1.25,13.80,15.65,13.80,582000,8762000,342,TPEX_CSV,2026-09-18 14:15:36 +0800
1150918,2026-09-18,上櫃,4931,新盛力,237.50,+4.50,236.00,239.50,234.50,2231000,529378500,1727,TPEX_CSV,2026-09-18 14:15:36 +0800
1150918,2026-09-18,上櫃,4933,友輝,52.00,+0.70,52.30,52.40,51.50,50000,2599300,43,TPEX_CSV,2026-09-18 14:15:36 +0800
1150918,2026-09-18,上櫃,4939,亞電,78.30,+0.70,78.50,79.30,77.20,4398000,343786600,3144,TPEX_CSV,2026-09-18 14:15:36 +0800
1150918,2026-09-18,上櫃,4946,辣椒,90.10,+0.30,89.80,91.90,89.80,9000,811900,9,TPEX_CSV,2026-09-18 14:15:36 +0800
1150918,2026-09-18,上櫃,4950,金耘國際,16.00,+0.45,15.60,16.00,15.60,15000,237950,8,TPEX_CSV,2026-09-18 14:15:36 +0800
1150918,2026-09-18,上櫃,4951,精拓科,90.70,+8.20,83.00,90.70,82.90,776000,67938800,522,TPEX_CSV,2026-09-18 14:15:36 +0800
1150918,2026-09-18,上櫃,4953,緯致,123.00,+4.00,120.00,123.00,119.50,299000,36298000,239,TPEX_CSV,2026-09-18 14:15:36 +0800
1150918,2026-09-18,上櫃,4966,譜瑞-KY,568.00,+12.00,560.00,568.00,553.00,787000,442523000,624,TPEX_CSV,2026-09-18 14:15:36 +0800
1150918,2026-09-18,上櫃,4971,IET-KY,592.00,+37.00,566.00,592.00,558.00,2134000,1224588000,1862,TPEX_CSV,2026-09-18 14:15:36 +0800
1150918,2026-09-18,上櫃,4972,湯石照明,16.30,+0.10,16.25,16.30,16.15,29000,470350,16,TPEX_CSV,2026-09-18 14:15:36 +0800
1150918,2026-09-18,上櫃,4973,廣穎,139.50,+1.50,140.00,141.50,138.50,544000,75970500,431,TPEX_CSV,2026-09-18 14:15:36 +0800
1150918,2026-09-18,上櫃,4974,亞泰,71.80,+1.20,70.60,71.80,70.60,108000,7698200,79,TPEX_CSV,2026-09-18 14:15:36 +0800
1150918,2026-09-18,上櫃,4979,華星光,611.00,+55.00,578.00,611.00,571.00,9561000,5715569000,6902,TPEX_CSV,2026-09-18 14:15:36 +0800
1150918,2026-09-18,上櫃,4991,環宇-KY,474.00,+43.00,450.50,474.00,450.50,7333000,3434666000,4647,TPEX_CSV,2026-09-18 14:15:36 +0800
1150918,2026-09-18,上櫃,4995,晶達,51.10,+0.60,50.50,51.10,50.30,26000,1315100,13,TPEX_CSV,2026-09-18 14:15:36 +0800
1150918,2026-09-18,上櫃,5009,榮剛,32.00,-0.55,32.55,32.55,32.00,1723000,55358500,985,TPEX_CSV,2026-09-18 14:15:36 +0800
1150918,2026-09-18,上櫃,5011,久陽,18.05,0.00,18.45,18.45,17.85,212000,3812200,77,TPEX_CSV,2026-09-18 14:15:36 +0800
1150918,2026-09-18,上櫃,5013,強新,29.20,-0.60,29.20,29.40,29.20,21000,616250,15,TPEX_CSV,2026-09-18 14:15:36 +0800
1150918,2026-09-18,上櫃,5014,建錩,9.88,+0.07,9.81,9.97,9.77,82000,806350,40,TPEX_CSV,2026-09-18 14:15:36 +0800
1150918,2026-09-18,上櫃,5015,華祺,21.70,+0.10,21.35,21.70,21.30,15000,320150,12,TPEX_CSV,2026-09-18 14:15:36 +0800
1150918,2026-09-18,上櫃,5016,松和,24.65,-0.05,24.50,24.70,24.50,9000,221450,8,TPEX_CSV,2026-09-18 14:15:36 +0800
1150918,2026-09-18,上櫃,5201,凱衛,28.80,-0.15,29.45,29.45,28.40,15000,433400,15,TPEX_CSV,2026-09-18 14:15:36 +0800
1150918,2026-09-18,上櫃,5202,力新,15.40,+1.40,13.90,15.40,13.90,4907000,73449200,2323,TPEX_CSV,2026-09-18 14:15:36 +0800
1150918,2026-09-18,上櫃,5205,中茂,----,---,----,----,----,0,0,0,TPEX_CSV,2026-09-18 14:15:36 +0800
1150918,2026-09-18,上櫃,5206,坤悅,22.30,+0.65,22.80,23.20,22.25,545000,12299600,314,TPEX_CSV,2026-09-18 14:15:36 +0800
1150918,2026-09-18,上櫃,5209,新鼎,174.50,-1.50,177.00,177.00,173.50,90000,15721500,83,TPEX_CSV,2026-09-18 14:15:36 +0800
1150918,2026-09-18,上櫃,5210,寶碩,29.30,+0.25,29.05,30.40,29.05,634000,18945000,330,TPEX_CSV,2026-09-18 14:15:36 +0800
1150918,2026-09-18,上櫃,5211,蒙恬,20.55,+0.10,20.50,20.60,20.45,27000,554150,23,TPEX_CSV,2026-09-18 14:15:36 +0800
1150918,2026-09-18,上櫃,5212,凌網,48.60,+1.50,47.40,48.65,47.40,36000,1727150,31,TPEX_CSV,2026-09-18 14:15:36 +0800
1150918,2026-09-18,上櫃,5213,亞昕,20.30,-0.15,21.10,21.25,20.30,597000,12333450,255,TPEX_CSV,2026-09-18 14:15:36 +0800
1150918,2026-09-18,上櫃,5220,萬達光電,19.75,+0.05,19.75,19.75,19.65,14000,275350,8,TPEX_CSV,2026-09-18 14:15:36 +0800
1150918,2026-09-18,上櫃,5223,安力-KY,23.05,+0.15,22.90,23.10,22.90,5000,115000,5,TPEX_CSV,2026-09-18 14:15:36 +0800
1150918,2026-09-18,上櫃,5227,立凱-KY,31.60,-1.10,32.75,32.75,31.50,311000,9956400,211,TPEX_CSV,2026-09-18 14:15:36 +0800
1150918,2026-09-18,上櫃,5228,鈺鎧,40.35,+1.30,39.70,40.80,39.40,186000,7449600,156,TPEX_CSV,2026-09-18 14:15:36 +0800
1150918,2026-09-18,上櫃,5230,雷笛克光學,20.55,+1.85,19.30,20.55,18.85,2549000,51619900,1320,TPEX_CSV,2026-09-18 14:15:36 +0800
1150918,2026-09-18,上櫃,5245,智晶,20.70,0.00,21.30,21.30,20.60,70000,1451100,54,TPEX_CSV,2026-09-18 14:15:36 +0800
1150918,2026-09-18,上櫃,5251,天鉞電,31.70,+2.00,30.25,32.60,29.70,1421000,44996950,1068,TPEX_CSV,2026-09-18 14:15:36 +0800
1150918,2026-09-18,上櫃,5263,智崴,89.90,+0.20,89.90,92.30,89.60,157000,14196800,128,TPEX_CSV,2026-09-18 14:15:36 +0800
1150918,2026-09-18,上櫃,5272,笙科,16.80,+0.05,16.75,16.80,16.55,30000,501700,24,TPEX_CSV,2026-09-18 14:15:36 +0800
1150918,2026-09-18,上櫃,5274,信驊,19290.00,+1015.00,18890.00,19500.00,18870.00,226000,4343730000,196,TPEX_CSV,2026-09-18 14:15:36 +0800
1150918,2026-09-18,上櫃,5276,達輝-KY,18.50,+0.60,18.85,18.85,17.80,3000,55150,3,TPEX_CSV,2026-09-18 14:15:36 +0800
1150918,2026-09-18,上櫃,5278,尚凡*,23.85,0.00,23.80,23.95,23.55,30000,712700,20,TPEX_CSV,2026-09-18 14:15:36 +0800
1150918,2026-09-18,上櫃,5287,數字,139.00,+3.00,136.50,139.00,136.50,182000,24985000,124,TPEX_CSV,2026-09-18 14:15:36 +0800
1150918,2026-09-18,上櫃,5289,宜鼎,1315.00,+55.00,1290.00,1315.00,1280.00,1206000,1567580000,948,TPEX_CSV,2026-09-18 14:15:36 +0800
1150918,2026-09-18,上櫃,5291,邑昇,58.30,+0.10,58.90,59.30,58.30,240000,14065800,191,TPEX_CSV,2026-09-18 14:15:36 +0800
1150918,2026-09-18,上櫃,5299,杰力,96.70,+1.70,95.00,96.70,94.60,180000,17214800,134,TPEX_CSV,2026-09-18 14:15:36 +0800
1150918,2026-09-18,上櫃,5301,寶得利,5.17,+0.03,5.08,5.25,5.08,7000,36000,7,TPEX_CSV,2026-09-18 14:15:36 +0800
1150918,2026-09-18,上櫃,5302,太欣,9.75,-0.02,9.77,9.82,9.70,137000,1336870,67,TPEX_CSV,2026-09-18 14:15:36 +0800
1150918,2026-09-18,上櫃,5309,系統電,51.50,+0.90,51.10,51.50,50.60,837000,42879100,491,TPEX_CSV,2026-09-18 14:15:36 +0800
1150918,2026-09-18,上櫃,5310,天剛,24.80,-0.15,25.00,25.00,24.80,17000,424400,12,TPEX_CSV,2026-09-18 14:15:36 +0800
1150918,2026-09-18,上櫃,5312,寶島科,91.00,+0.70,90.00,91.20,90.00,13000,1175000,9,TPEX_CSV,2026-09-18 14:15:36 +0800
1150918,2026-09-18,上櫃,5314,世紀*,30.50,+2.75,28.85,30.50,28.80,123120000,3656192100,40196,TPEX_CSV,2026-09-18 14:15:36 +0800
1150918,2026-09-18,上櫃,5315,光聯,18.75,-0.10,18.85,18.85,18.55,129000,2410000,77,TPEX_CSV,2026-09-18 14:15:36 +0800
1150918,2026-09-18,上櫃,5321,美而快,72.00,+1.90,70.60,73.70,70.30,359000,25830300,267,TPEX_CSV,2026-09-18 14:15:36 +0800
1150918,2026-09-18,上櫃,5324,士開,12.30,+0.05,12.25,12.35,12.20,114000,1401950,36,TPEX_CSV,2026-09-18 14:15:36 +0800
1150918,2026-09-18,上櫃,5328,華容,53.10,+0.80,53.40,53.50,52.30,1682000,88874700,1184,TPEX_CSV,2026-09-18 14:15:36 +0800
1150918,2026-09-18,上櫃,5340,建榮,83.10,+1.60,82.70,86.20,82.60,3629000,305877800,2652,TPEX_CSV,2026-09-18 14:15:36 +0800
1150918,2026-09-18,上櫃,5344,立衛,13.05,-0.15,13.20,13.20,12.80,132000,1706000,65,TPEX_CSV,2026-09-18 14:15:36 +0800
1150918,2026-09-18,上櫃,5345,馥鴻,22.10,-0.50,21.15,22.10,21.15,3000,64400,3,TPEX_CSV,2026-09-18 14:15:36 +0800
1150918,2026-09-18,上櫃,5347,世界,172.00,+6.50,169.00,174.00,167.00,32000000,5458609000,17110,TPEX_CSV,2026-09-18 14:15:36 +0800
1150918,2026-09-18,上櫃,5348,正能量智能,16.40,+0.45,16.45,16.50,15.95,6000,97800,6,TPEX_CSV,2026-09-18 14:15:36 +0800
1150918,2026-09-18,上櫃,5351,鈺創,113.50,+7.50,109.00,114.00,108.00,10599000,1180732500,6467,TPEX_CSV,2026-09-18 14:15:36 +0800
1150918,2026-09-18,上櫃,5353,台林,27.60,-0.15,27.75,27.80,27.50,57000,1572000,34,TPEX_CSV,2026-09-18 14:15:36 +0800
1150918,2026-09-18,上櫃,5355,佳總,6.99,+0.06,6.93,6.99,6.82,124000,855830,41,TPEX_CSV,2026-09-18 14:15:36 +0800
1150918,2026-09-18,上櫃,5356,協益,26.00,+0.20,25.80,26.00,25.80,56000,1446500,31,TPEX_CSV,2026-09-18 14:15:36 +0800
1150918,2026-09-18,上櫃,5364,力麗店,8.35,+0.03,8.32,8.45,8.32,31000,259910,26,TPEX_CSV,2026-09-18 14:15:36 +0800
1150918,2026-09-18,上櫃,5381,光譜,23.10,-0.25,23.60,23.80,23.10,315000,7350750,174,TPEX_CSV,2026-09-18 14:15:36 +0800
1150918,2026-09-18,上櫃,5386,青雲,294.00,+10.50,287.00,294.00,286.00,933000,270927000,791,TPEX_CSV,2026-09-18 14:15:36 +0800
1150918,2026-09-18,上櫃,5392,能率,40.20,+0.20,40.50,40.50,39.65,812000,32396200,497,TPEX_CSV,2026-09-18 14:15:36 +0800
1150918,2026-09-18,上櫃,5398,慕康生醫,13.90,-0.25,14.15,14.35,13.90,81000,1143750,30,TPEX_CSV,2026-09-18 14:15:36 +0800
1150918,2026-09-18,上櫃,5403,中菲,93.00,-0.30,93.50,93.50,92.90,15000,1397100,15,TPEX_CSV,2026-09-18 14:15:36 +0800
1150918,2026-09-18,上櫃,5410,國眾,33.25,+0.05,33.40,33.40,33.05,170000,5642400,118,TPEX_CSV,2026-09-18 14:15:36 +0800
1150918,2026-09-18,上櫃,5425,台半,92.60,0.00,93.20,94.10,92.50,7140000,664409700,4623,TPEX_CSV,2026-09-18 14:15:36 +0800
1150918,2026-09-18,上櫃,5426,振發,29.35,+0.30,29.50,29.50,29.10,564000,16523800,412,TPEX_CSV,2026-09-18 14:15:36 +0800
1150918,2026-09-18,上櫃,5432,新門,160.00,+14.50,146.50,160.00,146.50,238000,37434000,206,TPEX_CSV,2026-09-18 14:15:36 +0800
1150918,2026-09-18,上櫃,5438,東友,16.30,-0.15,16.40,16.45,16.25,45000,735850,35,TPEX_CSV,2026-09-18 14:15:36 +0800
1150918,2026-09-18,上櫃,5439,高技,247.00,+8.50,244.00,247.00,242.00,956000,234036000,586,TPEX_CSV,2026-09-18 14:15:36 +0800
1150918,2026-09-18,上櫃,5443,均豪,109.00,+1.00,111.00,111.50,108.00,1628000,178242000,1123,TPEX_CSV,2026-09-18 14:15:36 +0800
1150918,2026-09-18,上櫃,5450,南良,14.60,-0.05,14.85,14.85,14.40,88000,1280850,61,TPEX_CSV,2026-09-18 14:15:36 +0800
1150918,2026-09-18,上櫃,5452,佶優,27.30,+0.60,27.35,27.35,26.55,342000,9231500,198,TPEX_CSV,2026-09-18 14:15:36 +0800
1150918,2026-09-18,上櫃,5455,昇益,30.50,+0.55,30.50,30.50,30.50,7000,213500,4,TPEX_CSV,2026-09-18 14:15:36 +0800
1150918,2026-09-18,上櫃,5457,宣德,23.30,-1.45,24.95,24.95,23.30,4497000,105308150,718,TPEX_CSV,2026-09-18 14:15:36 +0800
1150918,2026-09-18,上櫃,5460,同協,17.40,-0.20,17.90,17.90,17.20,103000,1799600,64,TPEX_CSV,2026-09-18 14:15:36 +0800
1150918,2026-09-18,上櫃,5464,霖宏,92.70,+2.60,91.00,95.90,90.10,1024000,95439900,713,TPEX_CSV,2026-09-18 14:15:36 +0800
1150918,2026-09-18,上櫃,5465,富驊,26.70,+2.40,26.60,26.70,26.60,465000,12398450,253,TPEX_CSV,2026-09-18 14:15:36 +0800
1150918,2026-09-18,上櫃,5468,凱鈺,24.80,+0.20,24.60,25.10,24.60,143000,3564450,100,TPEX_CSV,2026-09-18 14:15:36 +0800
1150918,2026-09-18,上櫃,5474,聰泰,162.50,+8.00,156.00,163.00,154.50,512000,81112500,415,TPEX_CSV,2026-09-18 14:15:36 +0800
1150918,2026-09-18,上櫃,5475,德宏,179.00,+7.50,175.00,180.00,171.50,7812000,1373393500,4177,TPEX_CSV,2026-09-18 14:15:36 +0800
1150918,2026-09-18,上櫃,5478,智冠,97.50,-0.10,97.60,97.60,97.50,39000,3803900,34,TPEX_CSV,2026-09-18 14:15:36 +0800
1150918,2026-09-18,上櫃,5481,新華,22.15,+0.30,21.85,22.20,21.85,128000,2827100,59,TPEX_CSV,2026-09-18 14:15:36 +0800
1150918,2026-09-18,上櫃,5483,中美晶,187.50,+5.50,187.00,190.00,180.50,19121000,3557711500,11006,TPEX_CSV,2026-09-18 14:15:36 +0800
1150918,2026-09-18,上櫃,5487,通泰,29.65,+0.15,29.55,30.20,29.40,30000,892250,28,TPEX_CSV,2026-09-18 14:15:36 +0800
1150918,2026-09-18,上櫃,5488,松普,11.85,-0.15,12.00,12.00,11.75,231000,2738250,119,TPEX_CSV,2026-09-18 14:15:36 +0800
1150918,2026-09-18,上櫃,5489,彩富,41.25,+0.35,40.10,41.50,40.10,21000,863650,18,TPEX_CSV,2026-09-18 14:15:36 +0800
1150918,2026-09-18,上櫃,5490,同亨,25.40,-0.10,25.70,25.70,25.30,225000,5728500,167,TPEX_CSV,2026-09-18 14:15:36 +0800
1150918,2026-09-18,上櫃,5493,三聯,86.90,+1.60,87.10,87.30,85.60,80000,6908500,74,TPEX_CSV,2026-09-18 14:15:36 +0800
1150918,2026-09-18,上櫃,5498,凱崴,51.80,+1.40,50.90,52.00,50.80,814000,41755100,569,TPEX_CSV,2026-09-18 14:15:36 +0800
1150918,2026-09-18,上櫃,5508,永信建,56.00,+1.20,58.50,60.00,56.00,2561000,147780100,1286,TPEX_CSV,2026-09-18 14:15:36 +0800
1150918,2026-09-18,上櫃,5511,德昌,70.30,+0.60,70.90,70.90,69.60,107000,7482400,69,TPEX_CSV,2026-09-18 14:15:36 +0800
1150918,2026-09-18,上櫃,5512,力麒,7.49,-0.22,7.80,7.83,7.49,994000,7576250,266,TPEX_CSV,2026-09-18 14:15:36 +0800
1150918,2026-09-18,上櫃,5514,三豐,15.00,0.00,15.40,15.40,15.00,15000,226900,12,TPEX_CSV,2026-09-18 14:15:36 +0800
1150918,2026-09-18,上櫃,5516,雙喜,11.85,+0.20,11.75,12.00,11.75,22000,261550,13,TPEX_CSV,2026-09-18 14:15:36 +0800
1150918,2026-09-18,上櫃,5520,力泰,82.00,-0.20,82.00,82.00,82.00,1000,82000,1,TPEX_CSV,2026-09-18 14:15:36 +0800
1150918,2026-09-18,上櫃,5523,豐謙,30.35,0.00,30.30,30.35,30.30,6000,181900,4,TPEX_CSV,2026-09-18 14:15:36 +0800
1150918,2026-09-18,上櫃,5529,鉅陞,26.00,+0.50,26.15,26.15,25.25,175000,4503900,82,TPEX_CSV,2026-09-18 14:15:36 +0800
1150918,2026-09-18,上櫃,5530,龍巖,48.90,-0.95,50.10,50.10,48.90,279000,13713500,180,TPEX_CSV,2026-09-18 14:15:36 +0800
1150918,2026-09-18,上櫃,5536,聖暉*,888.00,+63.00,831.00,888.00,831.00,857000,743449000,746,TPEX_CSV,2026-09-18 14:15:36 +0800
1150918,2026-09-18,上櫃,5543,桓鼎-KY,26.50,-0.50,28.15,28.15,26.50,19000,509150,16,TPEX_CSV,2026-09-18 14:15:36 +0800
1150918,2026-09-18,上櫃,5547,久舜,19.95,+0.10,20.15,20.15,19.85,23000,460200,17,TPEX_CSV,2026-09-18 14:15:36 +0800
1150918,2026-09-18,上櫃,5548,安倉,20.15,0.00,20.40,20.40,20.10,32000,646500,15,TPEX_CSV,2026-09-18 14:15:36 +0800
1150918,2026-09-18,上櫃,5601,台聯櫃,----,---,----,----,----,0,0,0,TPEX_CSV,2026-09-18 14:15:36 +0800
1150918,2026-09-18,上櫃,5603,陸海,13.50,0.00,13.70,13.70,13.45,465000,6265400,76,TPEX_CSV,2026-09-18 14:15:36 +0800
1150918,2026-09-18,上櫃,5604,中連,31.05,-0.05,31.10,31.10,30.90,15000,465200,10,TPEX_CSV,2026-09-18 14:15:36 +0800
1150918,2026-09-18,上櫃,5609,中菲行,79.20,+0.70,78.60,79.20,78.50,135000,10666600,66,TPEX_CSV,2026-09-18 14:15:36 +0800
1150918,2026-09-18,上櫃,5701,劍湖山,4.26,-0.02,4.26,4.27,4.17,41000,173480,15,TPEX_CSV,2026-09-18 14:15:36 +0800
1150918,2026-09-18,上櫃,5703,亞都,13.70,-0.05,13.75,13.75,13.70,13000,178350,3,TPEX_CSV,2026-09-18 14:15:36 +0800
1150918,2026-09-18,上櫃,5704,老爺知,22.90,+0.10,22.80,23.00,22.50,17000,387300,12,TPEX_CSV,2026-09-18 14:15:36 +0800
1150918,2026-09-18,上櫃,5864,致和證,35.15,+0.30,34.95,35.45,34.80,3022000,105910000,916,TPEX_CSV,2026-09-18 14:15:36 +0800
1150918,2026-09-18,上櫃,5878,台名,38.15,+0.05,38.20,38.20,38.15,4000,152700,3,TPEX_CSV,2026-09-18 14:15:36 +0800
1150918,2026-09-18,上櫃,5902,德記,----,---,----,----,----,0,0,0,TPEX_CSV,2026-09-18 14:15:36 +0800
1150918,2026-09-18,上櫃,5903,全家,184.50,+0.50,184.00,184.50,184.00,13000,2397000,12,TPEX_CSV,2026-09-18 14:15:36 +0800
1150918,2026-09-18,上櫃,5904,寶雅*,72.10,-0.50,71.80,72.10,71.10,5788000,414493800,2984,TPEX_CSV,2026-09-18 14:15:36 +0800
1150918,2026-09-18,上櫃,5905,南仁湖,7.38,-0.02,7.45,7.45,7.31,227000,1667870,134,TPEX_CSV,2026-09-18 14:15:36 +0800
1150918,2026-09-18,上櫃,6015,宏遠證,17.60,+0.25,17.40,17.60,17.30,3165000,55390900,1018,TPEX_CSV,2026-09-18 14:15:36 +0800
1150918,2026-09-18,上櫃,6016,康和證,23.00,+0.10,23.00,23.10,22.50,4018000,91652100,1586,TPEX_CSV,2026-09-18 14:15:36 +0800
1150918,2026-09-18,上櫃,6020,大展證,20.55,0.00,20.60,20.60,20.40,15000,307400,11,TPEX_CSV,2026-09-18 14:15:36 +0800
1150918,2026-09-18,上櫃,6021,美好證,45.45,+0.35,45.30,45.80,45.00,426000,19337000,199,TPEX_CSV,2026-09-18 14:15:36 +0800
1150918,2026-09-18,上櫃,6023,元大期,87.50,-0.50,88.20,88.20,86.50,401000,34942500,283,TPEX_CSV,2026-09-18 14:15:36 +0800
1150918,2026-09-18,上櫃,6026,福邦證,15.50,0.00,15.50,15.55,15.35,835000,12895200,421,TPEX_CSV,2026-09-18 14:15:36 +0800
1150918,2026-09-18,上櫃,6028,公勝保經,96.50,+0.90,96.50,96.50,96.50,1000,96500,1,TPEX_CSV,2026-09-18 14:15:36 +0800
1150918,2026-09-18,上櫃,6101,寬魚國際,38.40,0.00,38.40,38.40,37.90,205000,7811850,178,TPEX_CSV,2026-09-18 14:15:36 +0800
1150918,2026-09-18,上櫃,6103,合邦,38.95,+3.50,37.95,38.95,36.80,146000,5621300,108,TPEX_CSV,2026-09-18 14:15:36 +0800
1150918,2026-09-18,上櫃,6104,創惟,90.40,-0.50,91.50,91.60,90.40,390000,35407800,299,TPEX_CSV,2026-09-18 14:15:36 +0800
1150918,2026-09-18,上櫃,6109,亞元,10.40,-0.05,10.35,10.60,10.20,65000,673200,30,TPEX_CSV,2026-09-18 14:15:36 +0800
1150918,2026-09-18,上櫃,6111,光聚晶電,35.80,+1.05,34.70,36.85,34.25,374000,13415300,215,TPEX_CSV,2026-09-18 14:15:36 +0800
1150918,2026-09-18,上櫃,6113,亞矽,22.30,0.00,22.20,22.50,22.15,112000,2495650,64,TPEX_CSV,2026-09-18 14:15:36 +0800
1150918,2026-09-18,上櫃,6114,久威,23.30,+0.30,22.95,23.30,22.80,22000,508150,21,TPEX_CSV,2026-09-18 14:15:36 +0800
1150918,2026-09-18,上櫃,6118,建達,15.15,0.00,15.20,15.20,15.10,50000,757850,38,TPEX_CSV,2026-09-18 14:15:36 +0800
1150918,2026-09-18,上櫃,6121,新普,371.50,-2.50,376.00,376.00,371.50,1747000,650110500,718,TPEX_CSV,2026-09-18 14:15:36 +0800
1150918,2026-09-18,上櫃,6122,擎邦,51.20,-0.10,51.50,51.70,50.60,278000,14206700,176,TPEX_CSV,2026-09-18 14:15:36 +0800
1150918,2026-09-18,上櫃,6123,上奇,43.15,+0.05,43.20,43.20,42.90,13000,559800,12,TPEX_CSV,2026-09-18 14:15:36 +0800
1150918,2026-09-18,上櫃,6124,業強,27.10,0.00,26.65,27.10,26.65,5000,134550,5,TPEX_CSV,2026-09-18 14:15:36 +0800
1150918,2026-09-18,上櫃,6125,廣運,50.20,+1.85,48.65,50.20,48.40,503000,24871050,317,TPEX_CSV,2026-09-18 14:15:36 +0800
1150918,2026-09-18,上櫃,6126,信音,31.30,-0.30,32.10,32.10,31.10,1216000,38241050,762,TPEX_CSV,2026-09-18 14:15:36 +0800
1150918,2026-09-18,上櫃,6127,九豪,48.85,+0.45,49.10,49.65,48.30,1299000,63412950,1003,TPEX_CSV,2026-09-18 14:15:36 +0800
1150918,2026-09-18,上櫃,6129,普誠,14.70,+0.15,14.60,14.75,14.35,331000,4814350,211,TPEX_CSV,2026-09-18 14:15:36 +0800
1150918,2026-09-18,上櫃,6130,上亞科技,23.85,-0.20,24.25,24.30,23.65,97000,2312800,69,TPEX_CSV,2026-09-18 14:15:36 +0800
1150918,2026-09-18,上櫃,6134,萬旭,28.95,+0.25,28.70,28.95,28.65,45000,1295550,40,TPEX_CSV,2026-09-18 14:15:36 +0800
1150918,2026-09-18,上櫃,6138,茂達,276.00,+7.00,272.50,277.50,271.50,534000,146934500,375,TPEX_CSV,2026-09-18 14:15:36 +0800
1150918,2026-09-18,上櫃,6140,訊達,21.80,+1.95,20.25,21.80,20.00,1190000,25535650,447,TPEX_CSV,2026-09-18 14:15:36 +0800
1150918,2026-09-18,上櫃,6143,振曜,82.80,+0.80,82.50,82.80,81.60,202000,16590900,175,TPEX_CSV,2026-09-18 14:15:36 +0800
1150918,2026-09-18,上櫃,6144,得利影,12.85,-0.05,12.65,13.10,12.60,20000,257300,17,TPEX_CSV,2026-09-18 14:15:36 +0800
1150918,2026-09-18,上櫃,6146,耕興,178.50,+2.50,178.00,178.50,176.00,263000,46696500,215,TPEX_CSV,2026-09-18 14:15:36 +0800
1150918,2026-09-18,上櫃,6147,頎邦,229.00,+19.50,217.00,229.00,213.00,72627000,16231751500,41733,TPEX_CSV,2026-09-18 14:15:36 +0800
1150918,2026-09-18,上櫃,6148,驊宏資,39.85,+3.60,36.25,39.85,35.90,9048000,350318500,5264,TPEX_CSV,2026-09-18 14:15:36 +0800
1150918,2026-09-18,上櫃,6150,撼訊,61.30,-0.10,62.80,62.80,61.30,160000,9873300,110,TPEX_CSV,2026-09-18 14:15:36 +0800
1150918,2026-09-18,上櫃,6151,晉倫,35.45,+1.10,34.45,35.60,34.45,131000,4620050,117,TPEX_CSV,2026-09-18 14:15:36 +0800
1150918,2026-09-18,上櫃,6154,順發,14.10,+0.05,14.10,14.10,14.00,10000,140800,10,TPEX_CSV,2026-09-18 14:15:36 +0800
1150918,2026-09-18,上櫃,6156,松上,20.65,+0.05,20.70,20.85,20.50,390000,8045200,230,TPEX_CSV,2026-09-18 14:15:36 +0800
1150918,2026-09-18,上櫃,6158,禾昌,17.20,0.00,17.25,17.25,16.85,52000,886300,38,TPEX_CSV,2026-09-18 14:15:36 +0800
1150918,2026-09-18,上櫃,6160,欣技,14.45,-0.05,14.75,14.75,14.25,56000,806150,32,TPEX_CSV,2026-09-18 14:15:36 +0800
1150918,2026-09-18,上櫃,6161,捷波,48.80,-0.10,48.90,48.90,48.40,85000,4129850,59,TPEX_CSV,2026-09-18 14:15:36 +0800
1150918,2026-09-18,上櫃,6163,華電網,41.55,0.00,41.95,41.95,41.05,572000,23659500,434,TPEX_CSV,2026-09-18 14:15:36 +0800
1150918,2026-09-18,上櫃,6167,久正,10.30,+0.05,10.25,10.35,10.15,159000,1629950,66,TPEX_CSV,2026-09-18 14:15:36 +0800
1150918,2026-09-18,上櫃,6169,昱泉,12.05,-0.25,11.95,12.10,11.85,21000,250350,16,TPEX_CSV,2026-09-18 14:15:36 +0800
1150918,2026-09-18,上櫃,6170,統振,47.90,-0.35,48.30,48.30,47.85,152000,7304100,90,TPEX_CSV,2026-09-18 14:15:36 +0800
1150918,2026-09-18,上櫃,6171,大城地產,25.45,+0.05,27.00,27.00,25.40,178000,4549850,91,TPEX_CSV,2026-09-18 14:15:36 +0800
1150918,2026-09-18,上櫃,6173,信昌電,314.00,+10.50,309.00,314.00,300.00,18216000,5613471500,11408,TPEX_CSV,2026-09-18 14:15:36 +0800
1150918,2026-09-18,上櫃,6174,安碁,44.95,+1.05,44.45,44.95,44.35,360000,16103850,297,TPEX_CSV,2026-09-18 14:15:36 +0800
1150918,2026-09-18,上櫃,6175,立敦,69.70,+0.60,70.00,70.40,69.60,418000,29255400,317,TPEX_CSV,2026-09-18 14:15:36 +0800
1150918,2026-09-18,上櫃,6179,亞通,37.90,-3.55,41.60,41.90,37.75,29422000,1152052250,13424,TPEX_CSV,2026-09-18 14:15:36 +0800
1150918,2026-09-18,上櫃,6180,橘子,40.70,-0.10,41.00,41.00,40.70,178000,7261250,139,TPEX_CSV,2026-09-18 14:15:36 +0800
1150918,2026-09-18,上櫃,6182,合晶,116.00,+5.50,114.50,116.50,111.00,64336000,7371056000,34886,TPEX_CSV,2026-09-18 14:15:36 +0800
1150918,2026-09-18,上櫃,6185,幃翔,12.45,+0.05,12.35,12.45,12.35,46000,571200,35,TPEX_CSV,2026-09-18 14:15:36 +0800
1150918,2026-09-18,上櫃,6186,新潤,29.95,-0.10,30.70,31.30,29.95,3180000,96626900,1721,TPEX_CSV,2026-09-18 14:15:36 +0800
1150918,2026-09-18,上櫃,6187,萬潤,1250.00,+40.00,1240.00,1255.00,1230.00,982000,1220245000,805,TPEX_CSV,2026-09-18 14:15:36 +0800
1150918,2026-09-18,上櫃,6188,廣明,62.60,+0.70,62.50,62.60,61.70,678000,42119400,469,TPEX_CSV,2026-09-18 14:15:36 +0800
1150918,2026-09-18,上櫃,6190,萬泰科,69.40,+1.00,68.80,69.80,68.50,2828000,195546200,1821,TPEX_CSV,2026-09-18 14:15:36 +0800
1150918,2026-09-18,上櫃,6194,育富,30.45,+0.05,30.30,30.50,30.20,40000,1213050,27,TPEX_CSV,2026-09-18 14:15:36 +0800
1150918,2026-09-18,上櫃,6195,詩肯,27.70,0.00,27.70,27.70,27.70,5000,138500,5,TPEX_CSV,2026-09-18 14:15:36 +0800
1150918,2026-09-18,上櫃,6198,瑞築,----,---,----,----,----,0,0,0,TPEX_CSV,2026-09-18 14:15:36 +0800
1150918,2026-09-18,上櫃,6199,天品,113.00,+8.00,105.00,113.00,103.50,4218000,454836000,2126,TPEX_CSV,2026-09-18 14:15:36 +0800
1150918,2026-09-18,上櫃,6203,海韻電,59.60,0.00,60.00,60.00,59.60,64000,3821700,47,TPEX_CSV,2026-09-18 14:15:36 +0800
1150918,2026-09-18,上櫃,6204,艾華,110.00,+10.00,107.00,110.00,101.50,967000,104814000,662,TPEX_CSV,2026-09-18 14:15:36 +0800
1150918,2026-09-18,上櫃,6207,雷科,115.50,+2.00,114.00,115.50,111.50,5379000,611039500,3888,TPEX_CSV,2026-09-18 14:15:36 +0800
1150918,2026-09-18,上櫃,6208,日揚,75.40,+1.80,74.10,75.40,73.60,120000,8939100,88,TPEX_CSV,2026-09-18 14:15:36 +0800
1150918,2026-09-18,上櫃,6210,慶生,17.55,+0.45,16.80,17.55,16.70,13000,222600,6,TPEX_CSV,2026-09-18 14:15:36 +0800
1150918,2026-09-18,上櫃,6212,理銘,32.60,+0.30,32.30,32.60,32.30,6000,195300,3,TPEX_CSV,2026-09-18 14:15:36 +0800
1150918,2026-09-18,上櫃,6217,中探針,178.50,+16.00,165.00,178.50,165.00,5100000,893054500,3081,TPEX_CSV,2026-09-18 14:15:36 +0800
1150918,2026-09-18,上櫃,6218,豪勉,61.60,+5.60,57.20,61.60,56.10,15230000,906208900,8874,TPEX_CSV,2026-09-18 14:15:36 +0800
1150918,2026-09-18,上櫃,6219,富旺,12.30,+0.30,12.20,12.30,12.15,71000,868750,50,TPEX_CSV,2026-09-18 14:15:36 +0800
1150918,2026-09-18,上櫃,6220,岳豐,25.05,-0.10,25.30,25.30,25.00,173000,4344500,100,TPEX_CSV,2026-09-18 14:15:36 +0800
1150918,2026-09-18,上櫃,6221,晉泰,31.50,+2.85,31.30,31.50,30.50,1619000,50817600,656,TPEX_CSV,2026-09-18 14:15:36 +0800
1150918,2026-09-18,上櫃,6222,立軒,19.60,+0.50,20.55,20.85,19.10,25000,496050,20,TPEX_CSV,2026-09-18 14:15:36 +0800
1150918,2026-09-18,上櫃,6223,旺矽,5800.00,+300.00,5625.00,5840.00,5620.00,741000,4272295000,658,TPEX_CSV,2026-09-18 14:15:36 +0800
1150918,2026-09-18,上櫃,6227,茂綸,132.00,-5.50,138.00,139.50,130.00,2255000,299785000,1772,TPEX_CSV,2026-09-18 14:15:36 +0800
1150918,2026-09-18,上櫃,6228,全譜,17.30,-0.55,17.15,17.50,17.15,5000,86250,5,TPEX_CSV,2026-09-18 14:15:36 +0800
1150918,2026-09-18,上櫃,6229,研通,23.50,+0.20,23.40,23.50,23.30,28000,655250,26,TPEX_CSV,2026-09-18 14:15:36 +0800
1150918,2026-09-18,上櫃,6231,系微,222.50,+10.50,215.50,223.00,215.00,383000,84068500,335,TPEX_CSV,2026-09-18 14:15:36 +0800
1150918,2026-09-18,上櫃,6233,旺玖,20.70,+0.30,20.50,20.80,20.40,90000,1856900,55,TPEX_CSV,2026-09-18 14:15:36 +0800
1150918,2026-09-18,上櫃,6234,高僑,38.50,+3.50,35.00,38.50,35.00,1245000,46658350,785,TPEX_CSV,2026-09-18 14:15:36 +0800
1150918,2026-09-18,上櫃,6236,中湛,16.00,-1.75,16.00,16.00,16.00,7000,112000,7,TPEX_CSV,2026-09-18 14:15:36 +0800
1150918,2026-09-18,上櫃,6237,驊訊,34.00,+0.10,34.00,34.50,33.60,183000,6209700,131,TPEX_CSV,2026-09-18 14:15:36 +0800
1150918,2026-09-18,上櫃,6240,松崗,25.00,0.00,25.05,26.15,24.95,71000,1801750,55,TPEX_CSV,2026-09-18 14:15:36 +0800
1150918,2026-09-18,上櫃,6241,鑫永洋,15.90,+0.15,15.75,15.90,15.20,179000,2781700,90,TPEX_CSV,2026-09-18 14:15:36 +0800
1150918,2026-09-18,上櫃,6242,立康,33.95,+0.05,34.00,34.00,33.95,5000,169900,3,TPEX_CSV,2026-09-18 14:15:36 +0800
1150918,2026-09-18,上櫃,6244,茂迪,22.90,+0.55,22.60,23.70,22.35,3077000,70785450,1341,TPEX_CSV,2026-09-18 14:15:36 +0800
1150918,2026-09-18,上櫃,6245,立端,85.60,+1.20,85.60,86.10,84.50,702000,59933700,530,TPEX_CSV,2026-09-18 14:15:36 +0800
1150918,2026-09-18,上櫃,6246,臺龍,12.65,+0.05,12.90,12.90,12.65,3000,38200,3,TPEX_CSV,2026-09-18 14:15:36 +0800
1150918,2026-09-18,上櫃,6248,沛波,16.85,+0.10,16.80,16.90,16.80,37000,622000,22,TPEX_CSV,2026-09-18 14:15:36 +0800
1150918,2026-09-18,上櫃,6259,百徽,29.25,+1.10,28.50,29.70,28.15,357000,10386100,222,TPEX_CSV,2026-09-18 14:15:36 +0800
1150918,2026-09-18,上櫃,6261,久元,79.20,+3.80,75.80,79.40,75.80,750000,58604700,606,TPEX_CSV,2026-09-18 14:15:36 +0800
1150918,2026-09-18,上櫃,6263,普萊德,157.50,+1.00,157.00,158.50,155.00,116000,18191000,101,TPEX_CSV,2026-09-18 14:15:36 +0800
1150918,2026-09-18,上櫃,6264,富裔,6.01,0.00,6.03,6.03,6.00,92000,552230,16,TPEX_CSV,2026-09-18 14:15:36 +0800
1150918,2026-09-18,上櫃,6265,方土昶,49.25,+0.55,49.40,49.70,49.00,1073000,52852650,725,TPEX_CSV,2026-09-18 14:15:36 +0800
1150918,2026-09-18,上櫃,6266,泰詠,24.85,-0.15,25.00,25.00,24.85,77000,1916750,47,TPEX_CSV,2026-09-18 14:15:36 +0800
1150918,2026-09-18,上櫃,6270,倍微,29.30,+0.70,28.60,29.60,28.60,250000,7312950,177,TPEX_CSV,2026-09-18 14:15:36 +0800
1150918,2026-09-18,上櫃,6274,台燿,1370.00,+50.00,1365.00,1395.00,1335.00,9241000,12646370000,5749,TPEX_CSV,2026-09-18 14:15:36 +0800
1150918,2026-09-18,上櫃,6275,元山,45.10,-0.05,45.15,45.50,44.85,128000,5782650,91,TPEX_CSV,2026-09-18 14:15:36 +0800
1150918,2026-09-18,上櫃,6276,安鈦克,19.85,-0.15,20.70,20.70,19.85,14000,283150,11,TPEX_CSV,2026-09-18 14:15:36 +0800
1150918,2026-09-18,上櫃,6279,胡連,113.50,+2.50,111.50,113.50,111.00,481000,54125500,282,TPEX_CSV,2026-09-18 14:15:36 +0800
1150918,2026-09-18,上櫃,6284,佳邦,76.00,+0.90,76.30,76.30,75.50,317000,24046800,252,TPEX_CSV,2026-09-18 14:15:36 +0800
1150918,2026-09-18,上櫃,6290,良維,282.50,+16.50,274.00,288.00,270.50,9008000,2537941000,5841,TPEX_CSV,2026-09-18 14:15:36 +0800
1150918,2026-09-18,上櫃,6291,沛亨,524.00,+7.00,523.00,525.00,500.00,2372000,1220940000,2099,TPEX_CSV,2026-09-18 14:15:36 +0800
1150918,2026-09-18,上櫃,6292,迅德,67.30,+1.10,66.90,67.40,66.40,349000,23375700,285,TPEX_CSV,2026-09-18 14:15:36 +0800
1150918,2026-09-18,上櫃,6294,智基,28.65,0.00,28.65,28.65,28.65,5000,143250,2,TPEX_CSV,2026-09-18 14:15:36 +0800
1150918,2026-09-18,上櫃,6411,晶焱,78.80,+1.10,78.80,78.80,77.80,175000,13724600,122,TPEX_CSV,2026-09-18 14:15:36 +0800
1150918,2026-09-18,上櫃,6417,韋僑,104.00,0.00,104.00,105.00,103.00,43000,4475500,43,TPEX_CSV,2026-09-18 14:15:36 +0800
1150918,2026-09-18,上櫃,6418,詠昇,34.55,+0.05,34.55,34.70,34.50,40000,1382500,32,TPEX_CSV,2026-09-18 14:15:36 +0800
1150918,2026-09-18,上櫃,6419,京晨科,153.50,+1.50,153.50,154.00,152.00,116000,17759000,111,TPEX_CSV,2026-09-18 14:15:36 +0800
1150918,2026-09-18,上櫃,6423,億而得,81.80,+2.20,81.40,82.00,79.60,22000,1778300,21,TPEX_CSV,2026-09-18 14:15:36 +0800
1150918,2026-09-18,上櫃,6425,易發,68.20,+5.30,63.70,68.50,63.70,1711000,115054000,1215,TPEX_CSV,2026-09-18 14:15:36 +0800
1150918,2026-09-18,上櫃,6432,今展科,58.80,+5.30,54.00,58.80,53.20,972000,55293000,747,TPEX_CSV,2026-09-18 14:15:36 +0800
1150918,2026-09-18,上櫃,6435,大中,246.00,+5.00,243.50,247.00,243.50,186000,45629000,162,TPEX_CSV,2026-09-18 14:15:36 +0800
1150918,2026-09-18,上櫃,6441,廣錠,22.90,-0.55,23.80,24.15,22.90,334000,7713150,198,TPEX_CSV,2026-09-18 14:15:36 +0800
1150918,2026-09-18,上櫃,6461,益得,25.20,0.00,25.25,25.65,25.05,56000,1414400,44,TPEX_CSV,2026-09-18 14:15:36 +0800
1150918,2026-09-18,上櫃,6462,神盾,97.10,-0.50,97.80,99.20,97.10,489000,47735200,280,TPEX_CSV,2026-09-18 14:15:36 +0800
1150918,2026-09-18,上櫃,6465,威潤,42.50,+1.05,44.30,44.30,41.50,138000,5871550,101,TPEX_CSV,2026-09-18 14:15:36 +0800
1150918,2026-09-18,上櫃,6469,大樹,65.40,+1.40,64.30,65.40,64.00,432000,28045400,259,TPEX_CSV,2026-09-18 14:15:36 +0800
1150918,2026-09-18,上櫃,6470,宇智,43.00,-0.10,43.30,43.30,42.55,25000,1075250,20,TPEX_CSV,2026-09-18 14:15:36 +0800
1150918,2026-09-18,上櫃,6474,華豫寧,35.60,+0.05,35.65,35.65,35.60,9000,320550,9,TPEX_CSV,2026-09-18 14:15:36 +0800
1150918,2026-09-18,上櫃,6482,弘煜科,24.15,-0.55,24.70,24.80,24.10,26000,634350,16,TPEX_CSV,2026-09-18 14:15:36 +0800
1150918,2026-09-18,上櫃,6485,點序,65.30,+5.90,60.50,65.30,60.10,1262000,81054300,823,TPEX_CSV,2026-09-18 14:15:36 +0800
1150918,2026-09-18,上櫃,6486,互動,80.70,-0.50,81.30,81.30,80.70,52000,4208500,49,TPEX_CSV,2026-09-18 14:15:36 +0800
1150918,2026-09-18,上櫃,6488,環球晶,944.00,+32.00,925.00,960.00,901.00,15354000,14304507000,12355,TPEX_CSV,2026-09-18 14:15:36 +0800
1150918,2026-09-18,上櫃,6492,生華科,33.70,-0.65,34.30,34.45,33.70,200000,6783950,125,TPEX_CSV,2026-09-18 14:15:36 +0800
1150918,2026-09-18,上櫃,6494,九齊,51.50,+1.90,50.30,51.50,49.80,115000,5833950,89,TPEX_CSV,2026-09-18 14:15:36 +0800
1150918,2026-09-18,上櫃,6496,科懋,24.65,+0.20,24.40,24.65,24.15,9000,220300,7,TPEX_CSV,2026-09-18 14:15:36 +0800
1150918,2026-09-18,上櫃,6498,久禾光,66.90,+1.10,66.00,67.00,65.90,102000,6786400,68,TPEX_CSV,2026-09-18 14:15:36 +0800
1150918,2026-09-18,上櫃,6499,益安,74.50,+0.50,76.40,76.40,74.10,398000,29965300,286,TPEX_CSV,2026-09-18 14:15:36 +0800
1150918,2026-09-18,上櫃,6506,雙邦,18.05,+0.05,18.10,18.10,18.05,35000,632400,20,TPEX_CSV,2026-09-18 14:15:36 +0800
1150918,2026-09-18,上櫃,6508,惠光,26.50,+1.25,25.60,27.00,25.60,256000,6780550,128,TPEX_CSV,2026-09-18 14:15:36 +0800
1150918,2026-09-18,上櫃,6509,聚和,46.45,+0.60,46.20,46.70,45.55,794000,36603700,514,TPEX_CSV,2026-09-18 14:15:36 +0800
1150918,2026-09-18,上櫃,6510,精測,3520.00,+320.00,3330.00,3520.00,3320.00,450000,1556915000,370,TPEX_CSV,2026-09-18 14:15:36 +0800
1150918,2026-09-18,上櫃,6512,啟發電,----,---,----,----,----,0,0,0,TPEX_CSV,2026-09-18 14:15:36 +0800
1150918,2026-09-18,上櫃,6516,勤崴國際,58.60,+1.00,57.20,59.00,57.20,53000,3088000,44,TPEX_CSV,2026-09-18 14:15:36 +0800
1150918,2026-09-18,上櫃,6517,保勝光學,65.00,+1.50,64.40,65.90,63.80,356000,23151300,295,TPEX_CSV,2026-09-18 14:15:36 +0800
1150918,2026-09-18,上櫃,6523,達爾膚,89.70,0.00,89.70,89.70,89.70,3000,269100,3,TPEX_CSV,2026-09-18 14:15:36 +0800
1150918,2026-09-18,上櫃,6527,明達醫,74.50,-0.50,75.00,75.50,73.60,21000,1566300,18,TPEX_CSV,2026-09-18 14:15:36 +0800
1150918,2026-09-18,上櫃,6530,創威,100.50,+0.80,100.50,103.00,98.80,3043000,306341000,2153,TPEX_CSV,2026-09-18 14:15:36 +0800
1150918,2026-09-18,上櫃,6532,瑞耘,99.30,+5.40,94.50,101.50,94.50,1224000,121508700,957,TPEX_CSV,2026-09-18 14:15:36 +0800
1150918,2026-09-18,上櫃,6535,順藥,78.90,+2.70,76.20,78.90,76.20,356000,27710300,281,TPEX_CSV,2026-09-18 14:15:36 +0800
1150918,2026-09-18,上櫃,6538,倉和,388.00,+35.00,352.50,388.00,348.50,2382000,897471500,1584,TPEX_CSV,2026-09-18 14:15:36 +0800
1150918,2026-09-18,上櫃,6542,隆中,41.85,-0.60,42.05,42.30,41.60,5000,209400,5,TPEX_CSV,2026-09-18 14:15:36 +0800
1150918,2026-09-18,上櫃,6546,正基,60.00,-0.40,60.20,60.80,59.90,153000,9211600,121,TPEX_CSV,2026-09-18 14:15:36 +0800
1150918,2026-09-18,上櫃,6547,高端疫苗,59.70,-1.00,60.50,61.00,58.50,4709000,279138800,2574,TPEX_CSV,2026-09-18 14:15:36 +0800
1150918,2026-09-18,上櫃,6548,長科*,74.80,+2.20,73.60,75.50,72.80,5357000,399834800,2779,TPEX_CSV,2026-09-18 14:15:36 +0800
1150918,2026-09-18,上櫃,6556,勝品,61.10,-0.30,61.60,61.60,61.10,3000,184200,3,TPEX_CSV,2026-09-18 14:15:36 +0800
1150918,2026-09-18,上櫃,6560,欣普羅,34.85,+0.60,34.25,35.80,34.25,54000,1880550,48,TPEX_CSV,2026-09-18 14:15:36 +0800
1150918,2026-09-18,上櫃,6561,是方,317.00,+0.50,315.50,317.00,314.50,25000,7905500,18,TPEX_CSV,2026-09-18 14:15:36 +0800
1150918,2026-09-18,上櫃,6568,宏觀,142.50,+3.50,140.50,145.00,140.50,132000,18860500,114,TPEX_CSV,2026-09-18 14:15:36 +0800
1150918,2026-09-18,上櫃,6569,醫揚,91.10,+0.80,90.20,91.10,90.20,21000,1904700,19,TPEX_CSV,2026-09-18 14:15:36 +0800
1150918,2026-09-18,上櫃,6570,維田,47.45,+0.75,47.35,47.50,46.85,53000,2499100,46,TPEX_CSV,2026-09-18 14:15:36 +0800
1150918,2026-09-18,上櫃,6574,霈方,120.50,+0.50,120.00,121.50,119.50,47000,5664500,42,TPEX_CSV,2026-09-18 14:15:36 +0800
1150918,2026-09-18,上櫃,6576,逸達,80.40,-2.90,83.10,83.20,80.40,391000,31627200,152,TPEX_CSV,2026-09-18 14:15:36 +0800
1150918,2026-09-18,上櫃,6577,勁豐,79.00,-0.30,78.80,79.60,78.60,44000,3472400,29,TPEX_CSV,2026-09-18 14:15:36 +0800
1150918,2026-09-18,上櫃,6578,達邦蛋白,16.95,+0.25,16.90,17.05,16.80,72000,1216150,44,TPEX_CSV,2026-09-18 14:15:36 +0800
1150918,2026-09-18,上櫃,6584,南俊國際,576.00,+25.00,560.00,576.00,554.00,871000,495196000,400,TPEX_CSV,2026-09-18 14:15:36 +0800
1150918,2026-09-18,上櫃,6588,東典光電,117.50,-1.00,119.50,122.50,116.00,3914000,462827500,2841,TPEX_CSV,2026-09-18 14:15:36 +0800
1150918,2026-09-18,上櫃,6590,普鴻,68.30,+2.80,65.50,69.80,65.50,54000,3690000,54,TPEX_CSV,2026-09-18 14:15:36 +0800
1150918,2026-09-18,上櫃,6593,台灣銘板,31.85,+0.40,31.30,32.00,31.30,13000,414500,11,TPEX_CSV,2026-09-18 14:15:36 +0800
1150918,2026-09-18,上櫃,6596,寬宏藝術,97.00,+1.10,95.90,97.00,95.60,72000,6933000,59,TPEX_CSV,2026-09-18 14:15:36 +0800
1150918,2026-09-18,上櫃,6597,立誠,70.10,+0.20,68.00,70.10,67.00,14000,947200,11,TPEX_CSV,2026-09-18 14:15:36 +0800
1150918,2026-09-18,上櫃,6603,富強鑫,28.55,+0.65,28.35,30.00,27.95,8914000,256074650,4622,TPEX_CSV,2026-09-18 14:15:36 +0800
1150918,2026-09-18,上櫃,6609,瀧澤科,39.10,+0.10,39.10,39.20,38.85,56000,2188000,49,TPEX_CSV,2026-09-18 14:15:36 +0800
1150918,2026-09-18,上櫃,6612,奈米醫材,71.00,0.00,71.30,71.80,71.00,11000,783500,6,TPEX_CSV,2026-09-18 14:15:36 +0800
1150918,2026-09-18,上櫃,6613,朋億*,270.00,+9.00,262.50,271.00,262.50,323000,86604500,280,TPEX_CSV,2026-09-18 14:15:36 +0800
1150918,2026-09-18,上櫃,6615,慧智,33.85,+0.35,33.60,33.90,33.60,5000,168550,3,TPEX_CSV,2026-09-18 14:15:36 +0800
1150918,2026-09-18,上櫃,6616,特昇-KY,8.50,+0.14,8.36,8.50,8.20,17000,143150,14,TPEX_CSV,2026-09-18 14:15:36 +0800
1150918,2026-09-18,上櫃,6617,共信-KY,143.00,0.00,143.00,144.50,139.50,870000,123556500,723,TPEX_CSV,2026-09-18 14:15:36 +0800
1150918,2026-09-18,上櫃,6620,漢達,149.00,+2.00,147.00,155.00,140.50,9844000,1456047000,5720,TPEX_CSV,2026-09-18 14:15:36 +0800
1150918,2026-09-18,上櫃,6624,萬年清,38.00,-0.75,39.20,39.20,38.00,13000,496100,12,TPEX_CSV,2026-09-18 14:15:36 +0800
1150918,2026-09-18,上櫃,6629,泰金-KY,104.00,+0.50,104.50,104.50,102.00,9000,934000,9,TPEX_CSV,2026-09-18 14:15:36 +0800
1150918,2026-09-18,上櫃,6637,醫影,54.60,+0.20,54.10,54.60,54.00,10000,542300,8,TPEX_CSV,2026-09-18 14:15:36 +0800
1150918,2026-09-18,上櫃,6640,均華,1180.00,+60.00,1140.00,1205.00,1140.00,501000,593845000,465,TPEX_CSV,2026-09-18 14:15:36 +0800
1150918,2026-09-18,上櫃,6642,富致,78.20,+2.60,76.60,78.50,76.10,102000,7885000,88,TPEX_CSV,2026-09-18 14:15:36 +0800
1150918,2026-09-18,上櫃,6643,M31,458.00,+20.00,450.00,458.00,439.50,908000,410506500,816,TPEX_CSV,2026-09-18 14:15:36 +0800
1150918,2026-09-18,上櫃,6649,台生材,35.75,-0.35,35.75,35.75,35.75,1000,35750,1,TPEX_CSV,2026-09-18 14:15:36 +0800
1150918,2026-09-18,上櫃,6651,全宇昕,146.50,-0.50,149.00,149.00,143.00,172000,25045000,138,TPEX_CSV,2026-09-18 14:15:36 +0800
1150918,2026-09-18,上櫃,6654,天正國際,197.50,-2.50,200.00,201.50,196.00,34000,6740000,29,TPEX_CSV,2026-09-18 14:15:36 +0800
1150918,2026-09-18,上櫃,6661,威健生技,16.65,+0.60,16.75,16.75,16.15,6000,98200,6,TPEX_CSV,2026-09-18 14:15:36 +0800
1150918,2026-09-18,上櫃,6662,樂斯科,28.50,+0.10,28.00,28.50,27.80,6000,169050,6,TPEX_CSV,2026-09-18 14:15:36 +0800
1150918,2026-09-18,上櫃,6664,群翊,339.50,+7.50,338.00,340.00,333.00,178000,60017000,157,TPEX_CSV,2026-09-18 14:15:36 +0800
1150918,2026-09-18,上櫃,6667,信紘科,262.00,+23.50,242.00,262.00,242.00,1457000,377679000,989,TPEX_CSV,2026-09-18 14:15:36 +0800
1150918,2026-09-18,上櫃,6679,鈺太,197.50,+1.00,198.00,198.50,196.50,110000,21727500,89,TPEX_CSV,2026-09-18 14:15:36 +0800
1150918,2026-09-18,上櫃,6680,鑫創電子,----,---,----,----,----,0,0,0,TPEX_CSV,2026-09-18 14:15:36 +0800
1150918,2026-09-18,上櫃,6683,雍智科技,1670.00,+95.00,1600.00,1670.00,1570.00,2859000,4684530000,2060,TPEX_CSV,2026-09-18 14:15:36 +0800
1150918,2026-09-18,上櫃,6684,安格,49.05,+1.55,47.80,49.45,47.60,118000,5751000,86,TPEX_CSV,2026-09-18 14:15:36 +0800
1150918,2026-09-18,上櫃,6690,安碁資訊,186.50,+8.50,179.00,190.00,178.50,536000,99181000,432,TPEX_CSV,2026-09-18 14:15:36 +0800
1150918,2026-09-18,上櫃,6692,進能服,23.55,+0.10,23.80,24.00,23.05,12000,281400,11,TPEX_CSV,2026-09-18 14:15:36 +0800
1150918,2026-09-18,上櫃,6693,廣閎科,183.50,+3.00,183.00,186.50,180.50,899000,164976000,697,TPEX_CSV,2026-09-18 14:15:36 +0800
1150918,2026-09-18,上櫃,6697,東捷資訊,41.55,+0.70,41.00,41.80,41.00,31000,1285550,25,TPEX_CSV,2026-09-18 14:15:36 +0800
1150918,2026-09-18,上櫃,6703,軒郁,101.00,+0.50,100.00,101.00,99.90,13000,1303300,13,TPEX_CSV,2026-09-18 14:15:36 +0800
1150918,2026-09-18,上櫃,6708,天擎,39.70,+0.55,39.85,39.95,38.50,69000,2693700,40,TPEX_CSV,2026-09-18 14:15:36 +0800
1150918,2026-09-18,上櫃,6712,長聖,158.50,-0.50,159.50,159.50,157.50,169000,26704000,143,TPEX_CSV,2026-09-18 14:15:36 +0800
1150918,2026-09-18,上櫃,6716,應廣,119.50,+2.50,120.00,121.00,117.50,411000,49248000,331,TPEX_CSV,2026-09-18 14:15:36 +0800
1150918,2026-09-18,上櫃,6720,久昌,129.00,0.00,128.00,130.50,127.00,28000,3601000,26,TPEX_CSV,2026-09-18 14:15:36 +0800
1150918,2026-09-18,上櫃,6721,信實,51.00,0.00,51.00,51.00,51.00,1000,51000,1,TPEX_CSV,2026-09-18 14:15:36 +0800
1150918,2026-09-18,上櫃,6725,矽科宏晟,223.00,+7.00,220.50,223.00,216.00,54000,11828000,47,TPEX_CSV,2026-09-18 14:15:36 +0800
1150918,2026-09-18,上櫃,6727,亞泰金屬,487.00,+16.50,483.00,487.00,474.00,793000,382044000,716,TPEX_CSV,2026-09-18 14:15:36 +0800
1150918,2026-09-18,上櫃,6728,上洋,108.00,+0.50,107.50,108.00,107.50,9000,968000,7,TPEX_CSV,2026-09-18 14:15:36 +0800
1150918,2026-09-18,上櫃,6730,常廣,31.80,-0.10,31.80,31.90,31.80,5000,159300,4,TPEX_CSV,2026-09-18 14:15:36 +0800
1150918,2026-09-18,上櫃,6732,昇佳電子,150.00,-0.50,151.00,151.50,148.50,67000,10004000,65,TPEX_CSV,2026-09-18 14:15:36 +0800
1150918,2026-09-18,上櫃,6733,博晟生醫,25.50,+0.10,25.70,25.70,25.20,52000,1322100,39,TPEX_CSV,2026-09-18 14:15:36 +0800
1150918,2026-09-18,上櫃,6735,美達科技,62.80,+2.30,61.10,62.90,61.00,97000,6039700,71,TPEX_CSV,2026-09-18 14:15:36 +0800
1150918,2026-09-18,上櫃,6739,竹陞科技,1150.00,+70.00,1125.00,1180.00,1080.00,325000,371480000,312,TPEX_CSV,2026-09-18 14:15:36 +0800
1150918,2026-09-18,上櫃,6741,91APP*-KY,58.80,-0.30,59.20,59.50,57.90,272000,15895300,171,TPEX_CSV,2026-09-18 14:15:36 +0800
1150918,2026-09-18,上櫃,6751,智聯服務,42.80,+0.80,42.60,42.85,42.00,12000,510250,10,TPEX_CSV,2026-09-18 14:15:36 +0800
1150918,2026-09-18,上櫃,6752,叡揚,97.20,+1.10,98.70,98.70,97.00,15000,1465200,15,TPEX_CSV,2026-09-18 14:15:36 +0800
1150918,2026-09-18,上櫃,6761,穩得,167.50,+5.50,163.50,167.50,162.00,113000,18582500,102,TPEX_CSV,2026-09-18 14:15:36 +0800
1150918,2026-09-18,上櫃,6762,達亞,162.00,+1.00,162.00,162.00,162.00,1000,162000,1,TPEX_CSV,2026-09-18 14:15:36 +0800
1150918,2026-09-18,上櫃,6763,綠界科技*,41.35,+0.05,41.40,41.40,40.90,147000,6057850,100,TPEX_CSV,2026-09-18 14:15:36 +0800
1150918,2026-09-18,上櫃,6767,台微醫,24.10,-0.45,23.60,24.40,23.60,35000,847200,21,TPEX_CSV,2026-09-18 14:15:36 +0800
1150918,2026-09-18,上櫃,6785,昱展新藥,99.00,-5.00,104.50,108.00,99.00,226000,23140300,206,TPEX_CSV,2026-09-18 14:15:36 +0800
1150918,2026-09-18,上櫃,6788,華景電,341.50,+17.00,333.00,342.00,329.00,229000,77090000,210,TPEX_CSV,2026-09-18 14:15:36 +0800
1150918,2026-09-18,上櫃,6791,虎門科技,101.00,+1.00,101.50,101.50,100.00,16000,1615500,15,TPEX_CSV,2026-09-18 14:15:36 +0800
1150918,2026-09-18,上櫃,6803,崑鼎,267.00,-0.50,267.50,268.50,267.00,56000,14972500,53,TPEX_CSV,2026-09-18 14:15:36 +0800
1150918,2026-09-18,上櫃,6804,明係,18.15,-0.25,18.45,18.45,18.15,81000,1482250,26,TPEX_CSV,2026-09-18 14:15:36 +0800
1150918,2026-09-18,上櫃,6811,宏碁資訊,266.50,+17.00,250.00,272.50,250.00,1058000,277739500,862,TPEX_CSV,2026-09-18 14:15:36 +0800
1150918,2026-09-18,上櫃,6821,聯寶,40.60,-0.80,42.30,42.30,40.20,72000,2928600,54,TPEX_CSV,2026-09-18 14:15:36 +0800
1150918,2026-09-18,上櫃,6823,濾能,59.20,-0.20,60.30,60.30,59.20,10000,597800,10,TPEX_CSV,2026-09-18 14:15:36 +0800
1150918,2026-09-18,上櫃,6829,千附精密,224.50,+13.00,215.00,232.50,214.00,1000000,225515500,775,TPEX_CSV,2026-09-18 14:15:36 +0800
1150918,2026-09-18,上櫃,6840,東研信超,108.00,+6.50,104.00,111.00,101.50,1455000,155422000,1037,TPEX_CSV,2026-09-18 14:15:36 +0800
1150918,2026-09-18,上櫃,6841,長佳智能,54.40,+1.10,52.60,54.40,52.60,124000,6666300,89,TPEX_CSV,2026-09-18 14:15:36 +0800
1150918,2026-09-18,上櫃,6843,進典,39.25,+0.15,39.65,39.65,38.55,8000,314000,8,TPEX_CSV,2026-09-18 14:15:36 +0800
1150918,2026-09-18,上櫃,6844,諾貝兒,57.60,+0.50,57.60,57.60,56.10,37000,2091300,37,TPEX_CSV,2026-09-18 14:15:36 +0800
1150918,2026-09-18,上櫃,6846,綠茵,59.00,+0.20,58.90,59.40,58.20,14000,825600,14,TPEX_CSV,2026-09-18 14:15:36 +0800
1150918,2026-09-18,上櫃,6855,數泓科,114.50,+2.50,114.50,114.50,114.50,1000,114500,1,TPEX_CSV,2026-09-18 14:15:36 +0800
1150918,2026-09-18,上櫃,6856,鑫傳,42.00,+0.65,42.70,43.95,41.00,14000,584000,14,TPEX_CSV,2026-09-18 14:15:36 +0800
1150918,2026-09-18,上櫃,6859,伯特光,121.00,+2.00,121.00,121.50,119.50,22000,2653000,22,TPEX_CSV,2026-09-18 14:15:36 +0800
1150918,2026-09-18,上櫃,6865,偉康科技,27.00,+0.50,27.10,27.40,26.60,12000,326000,12,TPEX_CSV,2026-09-18 14:15:36 +0800
1150918,2026-09-18,上櫃,6870,騰雲,312.00,-10.00,327.50,327.50,312.00,59000,18792500,58,TPEX_CSV,2026-09-18 14:15:36 +0800
1150918,2026-09-18,上櫃,6872,浩宇生醫,21.10,+0.10,22.10,22.10,21.00,126000,2689000,88,TPEX_CSV,2026-09-18 14:15:36 +0800
1150918,2026-09-18,上櫃,6874,倍力,69.10,+0.30,69.00,69.90,69.00,27000,1874300,26,TPEX_CSV,2026-09-18 14:15:36 +0800
1150918,2026-09-18,上櫃,6875,國邑*,33.00,0.00,33.00,33.55,32.65,260000,8613750,163,TPEX_CSV,2026-09-18 14:15:36 +0800
1150918,2026-09-18,上櫃,6877,鏵友益,119.50,+5.00,116.00,120.00,116.00,37000,4367500,32,TPEX_CSV,2026-09-18 14:15:36 +0800
1150918,2026-09-18,上櫃,6881,潤德,215.00,+3.00,214.00,216.00,214.00,8000,1717500,4,TPEX_CSV,2026-09-18 14:15:36 +0800
1150918,2026-09-18,上櫃,6884,海柏特,31.00,+0.50,30.80,31.00,30.80,6000,185800,5,TPEX_CSV,2026-09-18 14:15:36 +0800
1150918,2026-09-18,上櫃,6894,衛司特,361.50,+6.50,356.50,366.00,356.50,76000,27513000,72,TPEX_CSV,2026-09-18 14:15:36 +0800
1150918,2026-09-18,上櫃,6895,宏碩系統,143.00,-1.00,146.50,147.50,143.00,27000,3920500,24,TPEX_CSV,2026-09-18 14:15:36 +0800
1150918,2026-09-18,上櫃,6899,創為精密,50.00,+0.40,49.05,50.00,49.05,8000,394650,8,TPEX_CSV,2026-09-18 14:15:36 +0800
1150918,2026-09-18,上櫃,6903,巨漢,309.00,+11.50,300.50,309.00,298.00,249000,75763500,216,TPEX_CSV,2026-09-18 14:15:36 +0800
1150918,2026-09-18,上櫃,6904,伯鑫,119.00,-2.50,122.50,122.50,119.00,3000,361500,3,TPEX_CSV,2026-09-18 14:15:36 +0800
1150918,2026-09-18,上櫃,6907,雅特力-KY,186.50,+7.50,182.00,192.00,182.00,1836000,344245000,1494,TPEX_CSV,2026-09-18 14:15:36 +0800
1150918,2026-09-18,上櫃,6910,德鴻,25.75,+0.70,25.10,25.75,25.10,35000,889700,25,TPEX_CSV,2026-09-18 14:15:36 +0800
1150918,2026-09-18,上櫃,6913,鴻呈,130.50,+2.00,131.00,131.00,128.50,184000,23875000,148,TPEX_CSV,2026-09-18 14:15:36 +0800
1150918,2026-09-18,上櫃,6922,宸曜,188.00,0.00,189.00,189.50,185.50,51000,9583000,50,TPEX_CSV,2026-09-18 14:15:36 +0800
1150918,2026-09-18,上櫃,6925,意藍,59.90,+3.20,56.80,62.30,56.80,621000,37917800,450,TPEX_CSV,2026-09-18 14:15:36 +0800
1150918,2026-09-18,上櫃,6929,佑全,22.05,+0.70,21.90,22.05,21.90,3000,66000,2,TPEX_CSV,2026-09-18 14:15:36 +0800
1150918,2026-09-18,上櫃,6945,圓祥生技,132.00,+8.00,119.50,132.00,114.00,1186000,145400500,893,TPEX_CSV,2026-09-18 14:15:36 +0800
1150918,2026-09-18,上櫃,6953,家碩,238.00,+6.50,233.00,239.50,233.00,15000,3542000,15,TPEX_CSV,2026-09-18 14:15:36 +0800
1150918,2026-09-18,上櫃,6961,旅天下,48.00,-0.25,48.10,48.30,47.50,71000,3396750,56,TPEX_CSV,2026-09-18 14:15:36 +0800
1150918,2026-09-18,上櫃,6967,汎瑋材料,66.20,+0.20,65.90,66.40,65.40,61000,4016400,51,TPEX_CSV,2026-09-18 14:15:36 +0800
1150918,2026-09-18,上櫃,6968,萬達寵物,41.50,0.00,41.50,41.60,41.20,64000,2655400,56,TPEX_CSV,2026-09-18 14:15:36 +0800
1150918,2026-09-18,上櫃,6971,惠民實業,24.40,0.00,24.70,24.70,24.40,16000,391100,11,TPEX_CSV,2026-09-18 14:15:36 +0800
1150918,2026-09-18,上櫃,6982,大井泵浦,44.50,+0.10,45.00,45.00,44.20,20000,890800,19,TPEX_CSV,2026-09-18 14:15:36 +0800
1150918,2026-09-18,上櫃,6983,華洋精機,355.00,+5.00,354.00,355.00,344.50,30000,10504000,28,TPEX_CSV,2026-09-18 14:15:36 +0800
1150918,2026-09-18,上櫃,6986,和迅,40.20,-0.20,40.50,40.50,39.40,104000,4143750,73,TPEX_CSV,2026-09-18 14:15:36 +0800
1150918,2026-09-18,上櫃,6996,力領科技,173.00,+3.00,171.50,173.00,171.00,42000,7218000,31,TPEX_CSV,2026-09-18 14:15:36 +0800
1150918,2026-09-18,上櫃,6997,博弘,67.00,0.00,69.30,69.30,67.00,2000,136300,2,TPEX_CSV,2026-09-18 14:15:36 +0800
1150918,2026-09-18,上櫃,7402,邑錡,101.00,+1.00,100.50,101.00,100.00,117000,11784000,96,TPEX_CSV,2026-09-18 14:15:36 +0800
1150918,2026-09-18,上櫃,7547,碩網,49.95,+0.25,49.50,49.95,49.35,3000,148800,3,TPEX_CSV,2026-09-18 14:15:36 +0800
1150918,2026-09-18,上櫃,7556,意德士,262.00,+14.50,250.00,262.00,250.00,97000,24812500,75,TPEX_CSV,2026-09-18 14:15:36 +0800
1150918,2026-09-18,上櫃,7584,樂意,28.80,+0.85,28.75,28.80,28.45,5000,143300,5,TPEX_CSV,2026-09-18 14:15:36 +0800
1150918,2026-09-18,上櫃,7642,昶瑞機電,71.30,+1.30,70.00,73.00,70.00,20000,1439700,16,TPEX_CSV,2026-09-18 14:15:36 +0800
1150918,2026-09-18,上櫃,7703,銳澤,203.00,+4.50,198.50,204.00,198.50,45000,9047000,40,TPEX_CSV,2026-09-18 14:15:36 +0800
1150918,2026-09-18,上櫃,7704,明遠精密,62.10,+1.40,61.70,62.50,60.70,43000,2653000,34,TPEX_CSV,2026-09-18 14:15:36 +0800
1150918,2026-09-18,上櫃,7708,全家餐飲,91.60,-0.40,91.70,92.00,91.60,6000,550100,6,TPEX_CSV,2026-09-18 14:15:36 +0800
1150918,2026-09-18,上櫃,7709,榮田,81.80,+1.70,80.70,82.60,80.10,90000,7313500,78,TPEX_CSV,2026-09-18 14:15:36 +0800
1150918,2026-09-18,上櫃,7712,博盛半導體,158.00,+5.00,155.00,159.00,154.50,227000,35610000,184,TPEX_CSV,2026-09-18 14:15:36 +0800
1150918,2026-09-18,上櫃,7713,威力德生醫,73.80,+0.70,74.00,74.00,73.80,2000,147800,2,TPEX_CSV,2026-09-18 14:15:36 +0800
1150918,2026-09-18,上櫃,7714,創泓科技,179.50,+5.50,177.00,186.00,174.50,446000,80312000,332,TPEX_CSV,2026-09-18 14:15:36 +0800
1150918,2026-09-18,上櫃,7715,裕山,28.00,-0.50,28.20,28.50,27.80,25000,704550,21,TPEX_CSV,2026-09-18 14:15:36 +0800
1150918,2026-09-18,上櫃,7716,昱臺國際,23.50,+0.20,23.45,23.50,23.45,10000,234950,7,TPEX_CSV,2026-09-18 14:15:36 +0800
1150918,2026-09-18,上櫃,7717,萊德光電-KY,600.00,+21.00,601.00,624.00,594.00,2049000,1247364000,1844,TPEX_CSV,2026-09-18 14:15:36 +0800
1150918,2026-09-18,上櫃,7718,友鋮,45.90,-0.10,46.00,46.15,45.80,30000,1378900,19,TPEX_CSV,2026-09-18 14:15:36 +0800
1150918,2026-09-18,上櫃,7723,築間,18.80,+0.05,18.75,18.80,18.70,14000,262700,13,TPEX_CSV,2026-09-18 14:15:36 +0800
1150918,2026-09-18,上櫃,7728,光焱科技,584.00,-48.00,623.00,623.00,569.00,309000,182235000,278,TPEX_CSV,2026-09-18 14:15:36 +0800
1150918,2026-09-18,上櫃,7734,印能科技,2670.00,+90.00,2660.00,2675.00,2535.00,638000,1682680000,425,TPEX_CSV,2026-09-18 14:15:36 +0800
1150918,2026-09-18,上櫃,7738,東聯互動,163.00,+2.00,161.00,163.00,160.00,23000,3722000,23,TPEX_CSV,2026-09-18 14:15:36 +0800
1150918,2026-09-18,上櫃,7743,金利食安,25.00,+0.70,25.05,25.20,24.50,61000,1517450,39,TPEX_CSV,2026-09-18 14:15:36 +0800
1150918,2026-09-18,上櫃,7744,崴寶,531.00,+23.00,521.00,534.00,512.00,108000,56556000,102,TPEX_CSV,2026-09-18 14:15:36 +0800
1150918,2026-09-18,上櫃,7747,昕奇雲端,114.00,+2.00,114.00,114.00,114.00,1000,114000,1,TPEX_CSV,2026-09-18 14:15:36 +0800
1150918,2026-09-18,上櫃,7751,竑騰,1485.00,+65.00,1445.00,1485.00,1445.00,455000,673140000,153,TPEX_CSV,2026-09-18 14:15:36 +0800
1150918,2026-09-18,上櫃,7753,星亞,35.95,+0.25,35.50,36.10,35.40,13000,463150,13,TPEX_CSV,2026-09-18 14:15:36 +0800
1150918,2026-09-18,上櫃,7757,金色三麥,90.00,+1.80,90.50,93.80,88.30,18000,1623000,18,TPEX_CSV,2026-09-18 14:15:36 +0800
1150918,2026-09-18,上櫃,7767,仁大資訊,46.40,+0.20,46.25,46.85,46.20,35000,1624450,29,TPEX_CSV,2026-09-18 14:15:36 +0800
1150918,2026-09-18,上櫃,7770,君曜,40.50,+2.20,38.30,40.50,38.00,24000,931900,19,TPEX_CSV,2026-09-18 14:15:36 +0800
1150918,2026-09-18,上櫃,7772,耀穎,155.50,+9.50,148.00,160.50,147.00,1709000,263969000,1123,TPEX_CSV,2026-09-18 14:15:36 +0800
1150918,2026-09-18,上櫃,7777,能率亞洲,35.95,-0.95,36.40,36.40,35.45,2718000,97521500,1892,TPEX_CSV,2026-09-18 14:15:36 +0800
1150918,2026-09-18,上櫃,7782,光速火箭,25.80,+0.35,25.55,25.80,24.50,14000,351800,12,TPEX_CSV,2026-09-18 14:15:36 +0800
1150918,2026-09-18,上櫃,7792,安葆,339.00,+26.00,320.00,344.00,320.00,1514000,509724000,1022,TPEX_CSV,2026-09-18 14:15:36 +0800
1150918,2026-09-18,上櫃,7794,宏碁智新,31.00,0.00,30.70,31.00,30.65,40000,1231550,25,TPEX_CSV,2026-09-18 14:15:36 +0800
1150918,2026-09-18,上櫃,7805,威聯通,499.50,-3.50,501.00,509.00,498.50,70000,35031000,59,TPEX_CSV,2026-09-18 14:15:36 +0800
1150918,2026-09-18,上櫃,7810,捷創科技,218.50,-0.50,219.50,220.00,216.50,18000,3944500,18,TPEX_CSV,2026-09-18 14:15:36 +0800
1150918,2026-09-18,上櫃,7811,民盛,73.00,+0.50,72.50,73.00,72.50,12000,872000,11,TPEX_CSV,2026-09-18 14:15:36 +0800
1150918,2026-09-18,上櫃,7814,海昌生技,28.55,+0.05,28.65,28.65,28.55,3000,85800,3,TPEX_CSV,2026-09-18 14:15:36 +0800
1150918,2026-09-18,上櫃,7819,精誠金融,34.35,-0.20,34.30,34.95,34.30,34000,1173350,22,TPEX_CSV,2026-09-18 14:15:36 +0800
1150918,2026-09-18,上櫃,7820,立盈,104.00,-2.00,106.50,106.50,101.50,39000,4053500,29,TPEX_CSV,2026-09-18 14:15:36 +0800
1150918,2026-09-18,上櫃,7825,和亞智慧,79.70,-4.20,82.00,84.80,78.70,612000,49454900,496,TPEX_CSV,2026-09-18 14:15:36 +0800
1150918,2026-09-18,上櫃,7828,創新服務,2125.00,+190.00,2010.00,2125.00,2010.00,497000,1040380000,458,TPEX_CSV,2026-09-18 14:15:36 +0800
1150918,2026-09-18,上櫃,7839,達人網,43.30,+0.30,43.35,43.50,42.95,13000,561550,12,TPEX_CSV,2026-09-18 14:15:36 +0800
1150918,2026-09-18,上櫃,7842,天能綠電,96.40,-0.10,94.00,96.40,93.80,3000,284200,3,TPEX_CSV,2026-09-18 14:15:36 +0800
1150918,2026-09-18,上櫃,8024,佑華,12.75,-0.20,13.05,13.05,12.60,50000,634800,37,TPEX_CSV,2026-09-18 14:15:36 +0800
1150918,2026-09-18,上櫃,8027,鈦昇,180.00,+7.00,177.00,180.00,173.50,4010000,716376000,1254,TPEX_CSV,2026-09-18 14:15:36 +0800
1150918,2026-09-18,上櫃,8032,光菱,35.40,+0.70,34.85,35.40,34.80,22000,770350,14,TPEX_CSV,2026-09-18 14:15:36 +0800
1150918,2026-09-18,上櫃,8034,榮群,20.00,+0.15,20.30,20.30,19.85,85000,1699450,64,TPEX_CSV,2026-09-18 14:15:36 +0800
1150918,2026-09-18,上櫃,8038,長園科,31.90,0.00,32.75,32.75,31.85,160000,5124000,102,TPEX_CSV,2026-09-18 14:15:36 +0800
1150918,2026-09-18,上櫃,8040,九暘,82.70,+4.40,79.50,83.50,78.50,2271000,185660900,1686,TPEX_CSV,2026-09-18 14:15:36 +0800
1150918,2026-09-18,上櫃,8042,金山電,113.00,+2.50,114.00,114.00,110.50,1579000,177650000,1189,TPEX_CSV,2026-09-18 14:15:36 +0800
1150918,2026-09-18,上櫃,8043,蜜望實,133.00,+3.00,133.50,134.00,130.50,796000,105284000,659,TPEX_CSV,2026-09-18 14:15:36 +0800
1150918,2026-09-18,上櫃,8044,網家,23.50,-0.70,24.20,24.80,23.50,4015000,94889400,695,TPEX_CSV,2026-09-18 14:15:36 +0800
1150918,2026-09-18,上櫃,8047,星雲,45.10,-0.05,46.50,46.50,45.00,5000,226600,5,TPEX_CSV,2026-09-18 14:15:36 +0800
1150918,2026-09-18,上櫃,8048,德勝,49.60,+0.60,49.60,50.00,49.00,81000,3997650,67,TPEX_CSV,2026-09-18 14:15:36 +0800
1150918,2026-09-18,上櫃,8049,晶采,24.55,+0.10,24.45,24.55,24.45,47000,1151450,32,TPEX_CSV,2026-09-18 14:15:36 +0800
1150918,2026-09-18,上櫃,8050,廣積,59.30,+0.40,59.60,59.90,58.80,1250000,74044900,879,TPEX_CSV,2026-09-18 14:15:36 +0800
1150918,2026-09-18,上櫃,8054,安國,84.40,+0.90,84.10,85.10,83.30,661000,55631200,505,TPEX_CSV,2026-09-18 14:15:36 +0800
1150918,2026-09-18,上櫃,8064,東捷,136.00,+6.00,127.50,136.00,125.00,26158000,3423071000,15171,TPEX_CSV,2026-09-18 14:15:36 +0800
1150918,2026-09-18,上櫃,8066,來思達,15.35,+0.30,15.00,15.35,14.95,27000,409650,19,TPEX_CSV,2026-09-18 14:15:36 +0800
1150918,2026-09-18,上櫃,8067,志旭,11.55,-0.15,11.65,11.65,11.40,25000,287500,17,TPEX_CSV,2026-09-18 14:15:36 +0800
1150918,2026-09-18,上櫃,8068,全達,16.15,+0.20,16.15,16.15,15.85,69000,1105500,52,TPEX_CSV,2026-09-18 14:15:36 +0800
1150918,2026-09-18,上櫃,8069,元太,146.50,+1.00,147.00,147.00,143.50,10014000,1452915000,4608,TPEX_CSV,2026-09-18 14:15:36 +0800
1150918,2026-09-18,上櫃,8071,能率網通,22.00,+0.50,21.65,22.05,21.45,348000,7608900,162,TPEX_CSV,2026-09-18 14:15:36 +0800
1150918,2026-09-18,上櫃,8074,鉅橡,50.10,+0.35,50.50,50.60,49.95,199000,9977950,155,TPEX_CSV,2026-09-18 14:15:36 +0800
1150918,2026-09-18,上櫃,8076,伍豐,21.40,-0.10,21.60,21.60,21.20,551000,11757900,364,TPEX_CSV,2026-09-18 14:15:36 +0800
1150918,2026-09-18,上櫃,8077,洛碁,----,---,----,----,----,0,0,0,TPEX_CSV,2026-09-18 14:15:36 +0800
1150918,2026-09-18,上櫃,8080,泰霖,28.75,0.00,28.75,28.75,28.75,3000,86250,3,TPEX_CSV,2026-09-18 14:15:36 +0800
1150918,2026-09-18,上櫃,8083,瑞穎,158.00,+1.50,157.50,158.00,156.00,60000,9426000,44,TPEX_CSV,2026-09-18 14:15:36 +0800
1150918,2026-09-18,上櫃,8084,巨虹,41.75,+0.10,41.70,41.80,40.70,669000,27573250,413,TPEX_CSV,2026-09-18 14:15:36 +0800
1150918,2026-09-18,上櫃,8085,福華,14.40,+0.10,14.80,14.95,14.25,158000,2284050,88,TPEX_CSV,2026-09-18 14:15:36 +0800
1150918,2026-09-18,上櫃,8086,宏捷科,111.00,+3.00,110.00,111.50,107.50,2499000,274399000,1764,TPEX_CSV,2026-09-18 14:15:36 +0800
1150918,2026-09-18,上櫃,8087,麗升能源,23.50,-0.50,24.00,24.00,23.35,44000,1034300,33,TPEX_CSV,2026-09-18 14:15:36 +0800
1150918,2026-09-18,上櫃,8088,品安,42.70,+0.90,42.60,42.90,42.25,309000,13191650,237,TPEX_CSV,2026-09-18 14:15:36 +0800
1150918,2026-09-18,上櫃,8089,康全電訊,18.60,+0.50,18.15,18.65,18.10,238000,4376900,165,TPEX_CSV,2026-09-18 14:15:36 +0800
1150918,2026-09-18,上櫃,8091,翔名,215.00,+1.50,216.00,216.50,214.00,249000,53549500,212,TPEX_CSV,2026-09-18 14:15:36 +0800
1150918,2026-09-18,上櫃,8092,建暐,12.75,+0.10,12.65,12.75,12.60,24000,303900,15,TPEX_CSV,2026-09-18 14:15:36 +0800
1150918,2026-09-18,上櫃,8093,保銳,25.15,+0.65,25.40,25.40,24.40,22000,541900,17,TPEX_CSV,2026-09-18 14:15:36 +0800
1150918,2026-09-18,上櫃,8096,擎亞,88.20,0.00,89.70,90.30,87.10,2148000,189613500,1668,TPEX_CSV,2026-09-18 14:15:36 +0800
1150918,2026-09-18,上櫃,8097,常珵,49.15,+0.30,48.90,49.25,47.80,258000,12534900,119,TPEX_CSV,2026-09-18 14:15:36 +0800
1150918,2026-09-18,上櫃,8099,大世科,60.00,+0.40,59.70,60.00,59.40,44000,2626800,36,TPEX_CSV,2026-09-18 14:15:36 +0800
1150918,2026-09-18,上櫃,8102,傑霖科技,62.90,+1.40,62.90,62.90,62.90,1000,62900,1,TPEX_CSV,2026-09-18 14:15:36 +0800
1150918,2026-09-18,上櫃,8107,大億金茂,12.05,-0.05,12.20,12.20,12.00,33000,399750,23,TPEX_CSV,2026-09-18 14:15:36 +0800
1150918,2026-09-18,上櫃,8109,博大,134.00,+3.50,131.50,134.00,130.50,375000,49747500,260,TPEX_CSV,2026-09-18 14:15:36 +0800
1150918,2026-09-18,上櫃,8111,立碁,78.00,+4.50,74.80,79.60,73.70,22709000,1751347200,13499,TPEX_CSV,2026-09-18 14:15:36 +0800
1150918,2026-09-18,上櫃,8121,越峰,27.90,+0.65,27.30,27.90,27.25,351000,9649300,198,TPEX_CSV,2026-09-18 14:15:36 +0800
1150918,2026-09-18,上櫃,8147,正淩,134.00,+2.00,132.50,134.00,131.50,106000,14067000,92,TPEX_CSV,2026-09-18 14:15:36 +0800
1150918,2026-09-18,上櫃,8155,博智,323.00,+5.50,324.50,326.50,320.50,228000,73683000,206,TPEX_CSV,2026-09-18 14:15:36 +0800
1150918,2026-09-18,上櫃,8171,天宇,20.05,-0.10,20.15,20.20,20.00,95000,1908700,57,TPEX_CSV,2026-09-18 14:15:36 +0800
1150918,2026-09-18,上櫃,8176,智捷,9.83,+0.05,9.66,9.85,9.60,31000,302340,21,TPEX_CSV,2026-09-18 14:15:36 +0800
1150918,2026-09-18,上櫃,8182,加高,39.50,+0.65,39.80,39.80,39.10,279000,11015950,225,TPEX_CSV,2026-09-18 14:15:36 +0800
1150918,2026-09-18,上櫃,8183,精星,28.05,+0.05,28.20,28.35,27.90,316000,8867800,171,TPEX_CSV,2026-09-18 14:15:36 +0800
1150918,2026-09-18,上櫃,8227,巨有科技,279.00,+21.00,263.00,279.00,252.00,1578000,420903500,1303,TPEX_CSV,2026-09-18 14:15:36 +0800
1150918,2026-09-18,上櫃,8234,新漢,62.50,+0.20,63.00,63.00,61.60,365000,22700800,291,TPEX_CSV,2026-09-18 14:15:36 +0800
1150918,2026-09-18,上櫃,8240,華宏,51.00,+0.40,50.70,51.00,50.00,311000,15729500,264,TPEX_CSV,2026-09-18 14:15:36 +0800
1150918,2026-09-18,上櫃,8255,朋程,136.00,+0.50,137.00,137.00,135.50,161000,21940000,126,TPEX_CSV,2026-09-18 14:15:36 +0800
1150918,2026-09-18,上櫃,8272,全景軟體,64.90,0.00,64.90,65.00,64.90,5000,324600,4,TPEX_CSV,2026-09-18 14:15:36 +0800
1150918,2026-09-18,上櫃,8279,生展,78.90,-0.60,79.00,79.00,78.70,7000,552200,7,TPEX_CSV,2026-09-18 14:15:36 +0800
1150918,2026-09-18,上櫃,8284,三竹,68.80,-0.30,69.10,69.10,68.50,8000,550400,8,TPEX_CSV,2026-09-18 14:15:36 +0800
1150918,2026-09-18,上櫃,8289,泰藝,44.20,+1.15,43.20,44.25,43.20,290000,12716950,244,TPEX_CSV,2026-09-18 14:15:36 +0800
1150918,2026-09-18,上櫃,8291,尚茂,31.70,+2.85,29.50,31.70,29.50,33000,1032050,31,TPEX_CSV,2026-09-18 14:15:36 +0800
1150918,2026-09-18,上櫃,8299,群聯,2140.00,+170.00,2030.00,2140.00,2010.00,6143000,12800060000,4585,TPEX_CSV,2026-09-18 14:15:36 +0800
1150918,2026-09-18,上櫃,8342,益張,----,---,----,----,----,0,0,0,TPEX_CSV,2026-09-18 14:15:36 +0800
1150918,2026-09-18,上櫃,8349,恒耀,37.90,-0.45,38.35,38.40,37.45,159000,5992900,112,TPEX_CSV,2026-09-18 14:15:36 +0800
1150918,2026-09-18,上櫃,8354,冠好,17.00,-0.05,17.05,17.10,16.90,21000,356050,14,TPEX_CSV,2026-09-18 14:15:36 +0800
1150918,2026-09-18,上櫃,8358,金居,499.50,+21.00,487.50,499.50,484.00,4278000,2112088000,3410,TPEX_CSV,2026-09-18 14:15:36 +0800
1150918,2026-09-18,上櫃,8383,千附,68.50,+2.30,67.00,69.10,66.60,1908000,130149200,1334,TPEX_CSV,2026-09-18 14:15:36 +0800
1150918,2026-09-18,上櫃,8390,金益鼎,91.80,-0.50,92.90,92.90,91.30,198000,18186400,173,TPEX_CSV,2026-09-18 14:15:36 +0800
1150918,2026-09-18,上櫃,8401,白紗科,22.75,-0.15,22.90,22.90,22.70,8000,182150,8,TPEX_CSV,2026-09-18 14:15:36 +0800
1150918,2026-09-18,上櫃,8403,盛弘,19.00,-0.05,19.05,19.05,18.95,31000,588250,28,TPEX_CSV,2026-09-18 14:15:36 +0800
1150918,2026-09-18,上櫃,8409,商之器,18.10,0.00,18.10,18.10,18.10,1000,18100,1,TPEX_CSV,2026-09-18 14:15:36 +0800
1150918,2026-09-18,上櫃,8410,森田,29.50,+0.15,29.60,29.60,29.40,3000,88500,3,TPEX_CSV,2026-09-18 14:15:36 +0800
1150918,2026-09-18,上櫃,8415,大國鋼,34.35,-0.45,34.85,35.10,34.35,4783000,164472550,487,TPEX_CSV,2026-09-18 14:15:36 +0800
1150918,2026-09-18,上櫃,8416,實威,170.50,+1.50,172.50,172.50,170.50,2000,343000,2,TPEX_CSV,2026-09-18 14:15:36 +0800
1150918,2026-09-18,上櫃,8421,旭源,13.00,-0.15,12.95,13.20,12.90,138000,1792600,79,TPEX_CSV,2026-09-18 14:15:36 +0800
1150918,2026-09-18,上櫃,8423,保綠-KY,17.85,+0.05,17.95,17.95,17.85,7000,125300,7,TPEX_CSV,2026-09-18 14:15:36 +0800
1150918,2026-09-18,上櫃,8424,惠普,69.30,+0.40,69.00,69.40,69.00,4000,276900,4,TPEX_CSV,2026-09-18 14:15:36 +0800
1150918,2026-09-18,上櫃,8426,紅木-KY,20.60,-0.05,20.40,20.65,20.10,40000,814100,33,TPEX_CSV,2026-09-18 14:15:36 +0800
1150918,2026-09-18,上櫃,8431,匯鑽科,62.50,-2.30,64.50,65.60,62.20,1872000,119413000,1265,TPEX_CSV,2026-09-18 14:15:36 +0800
1150918,2026-09-18,上櫃,8432,東生華,50.60,+0.50,50.40,50.60,50.00,36000,1813800,28,TPEX_CSV,2026-09-18 14:15:36 +0800
1150918,2026-09-18,上櫃,8433,弘帆,53.40,-0.20,53.40,53.60,53.30,24000,1281100,14,TPEX_CSV,2026-09-18 14:15:36 +0800
1150918,2026-09-18,上櫃,8435,鉅邁,53.10,+0.10,53.00,53.10,52.90,10000,530100,10,TPEX_CSV,2026-09-18 14:15:36 +0800
1150918,2026-09-18,上櫃,8436,大江,103.50,-0.50,104.50,105.00,103.50,648000,67348500,456,TPEX_CSV,2026-09-18 14:15:36 +0800
1150918,2026-09-18,上櫃,8437,大地-KY,9.10,-0.02,9.00,9.28,8.94,23000,207470,18,TPEX_CSV,2026-09-18 14:15:36 +0800
1150918,2026-09-18,上櫃,8440,綠電,20.05,+0.15,19.95,20.20,19.85,39000,779450,30,TPEX_CSV,2026-09-18 14:15:36 +0800
1150918,2026-09-18,上櫃,8444,綠河-KY,4.59,-0.41,4.60,4.60,4.50,28000,126490,17,TPEX_CSV,2026-09-18 14:15:36 +0800
1150918,2026-09-18,上櫃,8446,華研,84.70,-0.40,85.00,85.00,84.40,48000,4061500,41,TPEX_CSV,2026-09-18 14:15:36 +0800
1150918,2026-09-18,上櫃,8450,霹靂,14.15,0.00,14.15,14.30,14.00,31000,436050,24,TPEX_CSV,2026-09-18 14:15:36 +0800
1150918,2026-09-18,上櫃,8455,大拓-KY,22.70,-1.10,22.55,23.10,22.55,5000,113850,5,TPEX_CSV,2026-09-18 14:15:36 +0800
1150918,2026-09-18,上櫃,8472,納維康,76.00,0.00,76.00,76.80,76.00,6000,457600,5,TPEX_CSV,2026-09-18 14:15:36 +0800
1150918,2026-09-18,上櫃,8477,創業家,15.00,0.00,15.00,15.00,14.95,6000,89900,5,TPEX_CSV,2026-09-18 14:15:36 +0800
1150918,2026-09-18,上櫃,8489,三貝德,21.60,+0.05,21.50,21.75,21.40,27000,580400,26,TPEX_CSV,2026-09-18 14:15:36 +0800
1150918,2026-09-18,上櫃,8905,裕國,34.85,-0.15,34.90,34.95,34.85,6000,209450,6,TPEX_CSV,2026-09-18 14:15:36 +0800
1150918,2026-09-18,上櫃,8906,花王,29.50,+0.10,29.90,30.50,29.40,68000,2040600,51,TPEX_CSV,2026-09-18 14:15:36 +0800
1150918,2026-09-18,上櫃,8908,欣雄,40.15,-0.10,40.25,40.25,40.15,3000,120550,3,TPEX_CSV,2026-09-18 14:15:36 +0800
1150918,2026-09-18,上櫃,8916,光隆,41.00,-0.25,41.25,41.35,41.00,57000,2341500,46,TPEX_CSV,2026-09-18 14:15:36 +0800
1150918,2026-09-18,上櫃,8917,欣泰,52.20,-0.40,52.20,52.20,52.20,2000,104400,2,TPEX_CSV,2026-09-18 14:15:36 +0800
1150918,2026-09-18,上櫃,8921,沈氏,16.85,+0.55,16.85,16.85,16.85,1000,16850,1,TPEX_CSV,2026-09-18 14:15:36 +0800
1150918,2026-09-18,上櫃,8923,時報,----,---,----,----,----,0,0,0,TPEX_CSV,2026-09-18 14:15:36 +0800
1150918,2026-09-18,上櫃,8924,大田,50.10,+0.20,49.90,50.10,49.50,123000,6122500,70,TPEX_CSV,2026-09-18 14:15:36 +0800
1150918,2026-09-18,上櫃,8927,北基,18.40,-0.60,18.80,19.20,18.40,240000,4477450,115,TPEX_CSV,2026-09-18 14:15:36 +0800
1150918,2026-09-18,上櫃,8928,鉅明,23.00,-0.40,23.05,23.05,23.00,16000,368150,7,TPEX_CSV,2026-09-18 14:15:36 +0800
1150918,2026-09-18,上櫃,8929,富堡,----,---,----,----,----,0,0,0,TPEX_CSV,2026-09-18 14:15:36 +0800
1150918,2026-09-18,上櫃,8930,青鋼,28.80,-0.05,28.85,28.85,28.80,23000,662900,13,TPEX_CSV,2026-09-18 14:15:36 +0800
1150918,2026-09-18,上櫃,8931,大汽電,43.00,-0.60,43.05,43.45,43.00,30000,1293950,26,TPEX_CSV,2026-09-18 14:15:36 +0800
1150918,2026-09-18,上櫃,8932,智通*,92.90,+3.80,90.10,92.90,89.10,2043000,186523400,1012,TPEX_CSV,2026-09-18 14:15:36 +0800
1150918,2026-09-18,上櫃,8933,愛地雅,4.57,+0.07,4.50,4.60,4.41,38000,170420,21,TPEX_CSV,2026-09-18 14:15:36 +0800
1150918,2026-09-18,上櫃,8935,邦泰,17.70,+0.15,17.35,17.70,17.30,81000,1415100,35,TPEX_CSV,2026-09-18 14:15:36 +0800
1150918,2026-09-18,上櫃,8936,國統,52.10,-0.10,52.40,52.50,52.00,696000,36329700,423,TPEX_CSV,2026-09-18 14:15:36 +0800
1150918,2026-09-18,上櫃,8937,合騏*,28.60,+0.05,27.80,29.35,27.80,66000,1882250,39,TPEX_CSV,2026-09-18 14:15:36 +0800
1150918,2026-09-18,上櫃,8938,明安,50.40,-2.00,52.60,52.60,50.40,106000,5423600,80,TPEX_CSV,2026-09-18 14:15:36 +0800
1150918,2026-09-18,上櫃,8941,關中,43.80,+0.40,43.80,43.85,42.90,5000,218150,5,TPEX_CSV,2026-09-18 14:15:36 +0800
1150918,2026-09-18,上櫃,8942,森鉅,40.30,-1.05,41.50,41.50,40.30,195000,7947950,108,TPEX_CSV,2026-09-18 14:15:36 +0800
1150918,2026-09-18,上櫃,9949,琉園,24.00,-0.15,24.15,24.15,23.95,48000,1153850,19,TPEX_CSV,2026-09-18 14:15:36 +0800
1150918,2026-09-18,上櫃,9950,萬國通,10.30,+0.05,10.25,10.30,10.25,5000,51300,5,TPEX_CSV,2026-09-18 14:15:36 +0800
1150918,2026-09-18,上櫃,9951,皇田,48.45,+0.45,48.40,48.70,48.15,48000,2324000,42,TPEX_CSV,2026-09-18 14:15:36 +0800
1150918,2026-09-18,上櫃,9960,邁達康,31.80,+0.75,30.65,31.80,30.65,12000,377350,8,TPEX_CSV,2026-09-18 14:15:36 +0800
1150918,2026-09-18,上櫃,9962,有益,10.00,+0.05,10.00,10.00,9.94,31000,309160,17,TPEX_CSV,2026-09-18 14:15:36 +0800
