日期,西元日期,市場,股票代號,股票名稱,收盤價,漲跌,開盤價,最高價,最低價,成交股數,成交金額,成交筆數,資料來源,下載時間
1150909,2026-09-09,上市,00400A,主動國泰動能高息,15.06,0.0600,15.13,15.29,15.00,24286000,368515900,3634,TWSE_CSV,2026-09-09 14:15:34 +0800
1150909,2026-09-09,上市,00401A,主動摩根台灣鑫收,14.33,0.0400,14.41,14.50,14.31,5799000,83514810,778,TWSE_CSV,2026-09-09 14:15:34 +0800
1150909,2026-09-09,上市,00402A,主動安聯美國科技,9.53,0.0100,9.52,9.56,9.52,4037000,38536290,401,TWSE_CSV,2026-09-09 14:15:34 +0800
1150909,2026-09-09,上市,00403A,主動統一升級50,10.35,0.1100,10.36,10.47,10.31,185905000,1936051580,20437,TWSE_CSV,2026-09-09 14:15:34 +0800
1150909,2026-09-09,上市,00404A,主動聯博動能50,10.02,0.0300,10.02,10.09,10.00,18019000,181040690,2386,TWSE_CSV,2026-09-09 14:15:34 +0800
1150909,2026-09-09,上市,00405A,主動富邦台灣龍耀,8.78,0.0700,8.80,8.94,8.75,59228000,524598290,5388,TWSE_CSV,2026-09-09 14:15:34 +0800
1150909,2026-09-09,上市,00406A,主動中信台灣收益,9.66,0.0500,9.66,9.76,9.62,106010000,1028423120,12573,TWSE_CSV,2026-09-09 14:15:34 +0800
1150909,2026-09-09,上市,00407A,主動凱基台灣,9.74,0.0600,9.75,9.88,9.70,32478000,318749730,3531,TWSE_CSV,2026-09-09 14:15:34 +0800
1150909,2026-09-09,上市,00408A,主動第一金優股息,10.43,0.0300,10.47,10.56,10.42,1149000,12065080,117,TWSE_CSV,2026-09-09 14:15:34 +0800
1150909,2026-09-09,上市,00409A,主動復華全球50,9.85,-0.0500,9.90,9.94,9.84,21246000,210208950,3030,TWSE_CSV,2026-09-09 14:15:34 +0800
1150909,2026-09-09,上市,00410A,主動永豐科技趨勢,12.05,0.1400,12.09,12.23,12.01,6576000,79637620,675,TWSE_CSV,2026-09-09 14:15:34 +0800
1150909,2026-09-09,上市,0050,元大台灣50,109.65,0.0000,109.95,110.60,109.50,42948000,4730460650,17277,TWSE_CSV,2026-09-09 14:15:34 +0800
1150909,2026-09-09,上市,0051,元大中型100,147.00,0.9500,147.30,148.05,146.95,16000,2357700,14,TWSE_CSV,2026-09-09 14:15:34 +0800
1150909,2026-09-09,上市,0052,富邦科技,63.75,0.1500,63.80,64.30,63.60,11705000,749350400,3450,TWSE_CSV,2026-09-09 14:15:34 +0800
1150909,2026-09-09,上市,0053,元大電子,247.50,1.5000,254.05,254.05,247.50,37000,9201700,30,TWSE_CSV,2026-09-09 14:15:34 +0800
1150909,2026-09-09,上市,0055,元大MSCI金融,48.55,-0.6900,49.90,49.90,48.20,842000,40878490,481,TWSE_CSV,2026-09-09 14:15:34 +0800
1150909,2026-09-09,上市,0056,元大高股息,55.75,0.0000,55.80,56.00,55.70,15089000,842709300,5486,TWSE_CSV,2026-09-09 14:15:34 +0800
1150909,2026-09-09,上市,0057,富邦摩台,327.90,0.0500,327.85,329.80,327.85,28000,9196350,5,TWSE_CSV,2026-09-09 14:15:34 +0800
1150909,2026-09-09,上市,0061,元大寶滬深,24.07,-0.0100,24.16,24.16,24.06,77000,1853300,14,TWSE_CSV,2026-09-09 14:15:34 +0800
1150909,2026-09-09,上市,006203,元大MSCI台灣,199.90,-0.5500,201.20,201.20,199.35,8000,1600450,8,TWSE_CSV,2026-09-09 14:15:34 +0800
1150909,2026-09-09,上市,006204,永豐臺灣加權,235.30,-0.9500,236.30,236.30,235.15,41000,9645300,5,TWSE_CSV,2026-09-09 14:15:34 +0800
1150909,2026-09-09,上市,006205,富邦上証,40.17,-0.0400,40.17,40.34,40.09,109000,4375210,38,TWSE_CSV,2026-09-09 14:15:34 +0800
1150909,2026-09-09,上市,006206,元大上證50,37.35,-0.1500,37.49,37.58,37.35,9000,337120,7,TWSE_CSV,2026-09-09 14:15:34 +0800
1150909,2026-09-09,上市,006207,復華滬深,31.90,-0.1100,32.18,32.18,31.90,105000,3358200,7,TWSE_CSV,2026-09-09 14:15:34 +0800
1150909,2026-09-09,上市,006208,富邦台50,250.30,0.2500,251.90,253.10,250.30,1504000,379246200,850,TWSE_CSV,2026-09-09 14:15:34 +0800
1150909,2026-09-09,上市,00625K,富邦上証+R,,0.0000,,,,,,,TWSE_CSV,2026-09-09 14:15:34 +0800
1150909,2026-09-09,上市,00631L,元大台灣50正2,37.54,0.0500,37.78,38.20,37.46,128580000,4871683820,27795,TWSE_CSV,2026-09-09 14:15:34 +0800
1150909,2026-09-09,上市,00632R,元大台灣50反1,9.70,0.0000,9.68,9.71,9.62,74295000,717754760,6896,TWSE_CSV,2026-09-09 14:15:34 +0800
1150909,2026-09-09,上市,00633L,富邦上証正2,47.93,-0.1900,48.03,48.38,47.84,1246000,59858770,215,TWSE_CSV,2026-09-09 14:15:34 +0800
1150909,2026-09-09,上市,00634R,富邦上証反1,3.14,0.0100,3.13,3.14,3.12,143000,447220,4,TWSE_CSV,2026-09-09 14:15:34 +0800
1150909,2026-09-09,上市,00635U,期元大S&P黃金,45.30,-0.3900,45.01,45.30,45.00,2355000,106308680,1047,TWSE_CSV,2026-09-09 14:15:34 +0800
1150909,2026-09-09,上市,00636,國泰中國A50,27.27,-0.1100,27.36,27.36,27.27,53000,1446910,30,TWSE_CSV,2026-09-09 14:15:34 +0800
1150909,2026-09-09,上市,00636K,國泰中國A50+U,8.69,-0.0500,8.69,8.69,8.69,200,1738,2,TWSE_CSV,2026-09-09 14:15:34 +0800
1150909,2026-09-09,上市,00637L,元大滬深300正2,19.65,-0.1200,19.80,19.87,19.65,11094000,218980480,1344,TWSE_CSV,2026-09-09 14:15:34 +0800
1150909,2026-09-09,上市,00638R,元大滬深300反1,6.65,0.0000,6.66,6.66,6.65,20000,133020,5,TWSE_CSV,2026-09-09 14:15:34 +0800
1150909,2026-09-09,上市,00639,富邦深100,16.06,-0.0700,16.10,16.23,16.06,343000,5531400,40,TWSE_CSV,2026-09-09 14:15:34 +0800
1150909,2026-09-09,上市,00640L,富邦日本正2,105.35,-1.9000,106.15,106.15,105.35,161000,17053850,72,TWSE_CSV,2026-09-09 14:15:34 +0800
1150909,2026-09-09,上市,00641R,富邦日本反1,3.71,0.0200,3.70,3.71,3.69,710000,2625170,53,TWSE_CSV,2026-09-09 14:15:34 +0800
1150909,2026-09-09,上市,00642U,期元大S&P石油,31.12,0.2700,31.32,31.35,31.11,1519000,47488380,454,TWSE_CSV,2026-09-09 14:15:34 +0800
1150909,2026-09-09,上市,00643,群益深証中小,18.05,-0.0800,18.12,18.15,18.05,1484000,26854180,44,TWSE_CSV,2026-09-09 14:15:34 +0800
1150909,2026-09-09,上市,00643K,群益深証中小+R,,0.0000,,,,,,,TWSE_CSV,2026-09-09 14:15:34 +0800
1150909,2026-09-09,上市,00645,富邦日本,57.40,-0.4500,57.45,57.50,57.30,152000,8726400,136,TWSE_CSV,2026-09-09 14:15:34 +0800
1150909,2026-09-09,上市,00646,元大S&P500,76.10,-0.4000,76.15,76.20,76.05,2446000,186150300,1191,TWSE_CSV,2026-09-09 14:15:34 +0800
1150909,2026-09-09,上市,00647L,元大S&P500正2,137.15,-1.2500,137.25,137.30,137.00,43000,5897350,14,TWSE_CSV,2026-09-09 14:15:34 +0800
1150909,2026-09-09,上市,00648R,元大S&P500反1,3.92,0.0200,3.92,3.92,3.91,84000,328560,11,TWSE_CSV,2026-09-09 14:15:34 +0800
1150909,2026-09-09,上市,00650L,復華香港正2,16.74,-0.1200,16.86,16.87,16.62,1151000,19263980,236,TWSE_CSV,2026-09-09 14:15:34 +0800
1150909,2026-09-09,上市,00651R,復華香港反1,5.19,0.0300,5.17,5.19,5.17,53000,274090,4,TWSE_CSV,2026-09-09 14:15:34 +0800
1150909,2026-09-09,上市,00652,富邦印度,32.15,-0.3300,32.40,32.40,32.13,581000,18738330,239,TWSE_CSV,2026-09-09 14:15:34 +0800
1150909,2026-09-09,上市,00653L,富邦印度正2,44.15,-0.4800,44.25,44.33,43.91,149000,6572220,95,TWSE_CSV,2026-09-09 14:15:34 +0800
1150909,2026-09-09,上市,00654R,富邦印度反1,6.87,0.0400,6.89,6.90,6.87,42000,289440,11,TWSE_CSV,2026-09-09 14:15:34 +0800
1150909,2026-09-09,上市,00655L,國泰中國A50正2,33.21,-0.2100,33.35,33.54,33.19,623000,20798240,86,TWSE_CSV,2026-09-09 14:15:34 +0800
1150909,2026-09-09,上市,00656R,國泰中國A50反1,5.86,0.0000,5.86,5.86,5.86,10000,58600,1,TWSE_CSV,2026-09-09 14:15:34 +0800
1150909,2026-09-09,上市,00657,國泰日經225,77.10,-1.0000,77.60,77.80,77.05,398000,30883800,26,TWSE_CSV,2026-09-09 14:15:34 +0800
1150909,2026-09-09,上市,00657K,國泰日經225+U,24.59,-0.4100,24.59,24.59,24.59,200,4918,2,TWSE_CSV,2026-09-09 14:15:34 +0800
1150909,2026-09-09,上市,00660,元大歐洲50,46.52,-0.2300,46.65,46.65,46.52,4000,186460,4,TWSE_CSV,2026-09-09 14:15:34 +0800
1150909,2026-09-09,上市,00661,元大日經225,84.35,-1.4000,85.10,85.15,84.35,50000,4236000,39,TWSE_CSV,2026-09-09 14:15:34 +0800
1150909,2026-09-09,上市,00662,富邦NASDAQ,119.45,-0.5500,119.65,119.65,119.40,2195000,262353050,1033,TWSE_CSV,2026-09-09 14:15:34 +0800
1150909,2026-09-09,上市,00663L,國泰臺灣加權正2,108.35,0.4500,108.55,110.20,108.05,4036000,440860900,1349,TWSE_CSV,2026-09-09 14:15:34 +0800
1150909,2026-09-09,上市,00664R,國泰臺灣加權反1,1.58,0.0000,1.57,1.58,1.55,15411000,24105000,702,TWSE_CSV,2026-09-09 14:15:34 +0800
1150909,2026-09-09,上市,00665L,富邦恒生國企正2,9.13,-0.1000,9.18,9.22,9.07,8785000,80453260,842,TWSE_CSV,2026-09-09 14:15:34 +0800
1150909,2026-09-09,上市,00666R,富邦恒生國企反1,9.11,0.0400,9.10,9.14,9.08,64000,583840,17,TWSE_CSV,2026-09-09 14:15:34 +0800
1150909,2026-09-09,上市,00668,國泰美國道瓊,60.80,-0.3500,60.80,60.85,60.75,411000,24989000,28,TWSE_CSV,2026-09-09 14:15:34 +0800
1150909,2026-09-09,上市,00668K,國泰美國道瓊+U,19.33,-0.2300,19.33,19.33,19.33,200,3866,2,TWSE_CSV,2026-09-09 14:15:34 +0800
1150909,2026-09-09,上市,00669R,國泰美國道瓊反1,5.21,0.0200,5.22,5.22,5.21,455000,2371370,33,TWSE_CSV,2026-09-09 14:15:34 +0800
1150909,2026-09-09,上市,00670L,富邦NASDAQ正2,199.90,-1.5500,200.00,200.40,199.75,378000,75649900,144,TWSE_CSV,2026-09-09 14:15:34 +0800
1150909,2026-09-09,上市,00671R,富邦NASDAQ反1,2.43,0.0200,2.43,2.43,2.42,3127000,7591480,56,TWSE_CSV,2026-09-09 14:15:34 +0800
1150909,2026-09-09,上市,00673R,期元大S&P原油反1,10.93,-0.0700,10.85,10.93,10.82,30965000,336661140,4151,TWSE_CSV,2026-09-09 14:15:34 +0800
1150909,2026-09-09,上市,00674R,期元大S&P黃金反1,27.85,0.2600,27.98,28.00,27.85,142000,3959850,40,TWSE_CSV,2026-09-09 14:15:34 +0800
1150909,2026-09-09,上市,00675L,富邦臺灣加權正2,328.10,1.1000,328.70,333.80,327.40,668000,221211100,378,TWSE_CSV,2026-09-09 14:15:34 +0800
1150909,2026-09-09,上市,00676R,富邦臺灣加權反1,5.38,0.0100,5.35,5.38,5.32,3121000,16701600,315,TWSE_CSV,2026-09-09 14:15:34 +0800
1150909,2026-09-09,上市,00678,群益那斯達克生技,42.80,-0.9500,42.85,42.90,42.78,275000,11775140,54,TWSE_CSV,2026-09-09 14:15:34 +0800
1150909,2026-09-09,上市,00680L,元大美債20正2,6.40,0.0100,6.38,6.41,6.37,4499000,28754350,243,TWSE_CSV,2026-09-09 14:15:34 +0800
1150909,2026-09-09,上市,00681R,元大美債20反1,21.68,0.0400,21.67,21.68,21.67,5000,108370,2,TWSE_CSV,2026-09-09 14:15:34 +0800
1150909,2026-09-09,上市,00682U,期元大美元指數,20.35,0.0000,20.35,20.35,20.35,1000,20350,1,TWSE_CSV,2026-09-09 14:15:34 +0800
1150909,2026-09-09,上市,00683L,期元大美元指正2,21.11,-0.0600,21.12,21.14,21.11,13000,274570,3,TWSE_CSV,2026-09-09 14:15:34 +0800
1150909,2026-09-09,上市,00684R,期元大美元指反1,,0.0000,,,,,,,TWSE_CSV,2026-09-09 14:15:34 +0800
1150909,2026-09-09,上市,00685L,群益臺灣加權正2,12.39,0.0400,12.41,12.59,12.34,154150000,1923943930,18857,TWSE_CSV,2026-09-09 14:15:34 +0800
1150909,2026-09-09,上市,00686R,群益臺灣加權反1,0.95,0.0000,0.96,0.96,0.95,2952000,2810380,169,TWSE_CSV,2026-09-09 14:15:34 +0800
1150909,2026-09-09,上市,00688L,國泰20年美債正2,6.40,-0.0100,6.40,6.40,6.37,1164000,7435110,139,TWSE_CSV,2026-09-09 14:15:34 +0800
1150909,2026-09-09,上市,00689R,國泰20年美債反1,22.62,0.0200,22.62,22.62,22.62,2000,45240,1,TWSE_CSV,2026-09-09 14:15:34 +0800
1150909,2026-09-09,上市,00690,兆豐藍籌30,80.00,-0.2500,80.60,80.95,80.00,157000,12661250,99,TWSE_CSV,2026-09-09 14:15:34 +0800
1150909,2026-09-09,上市,00692,富邦公司治理,93.95,0.0000,94.00,94.75,93.80,479000,45127700,143,TWSE_CSV,2026-09-09 14:15:34 +0800
1150909,2026-09-09,上市,00693U,期街口S&P黃豆,23.76,-0.1700,23.80,23.81,23.74,452000,10749300,135,TWSE_CSV,2026-09-09 14:15:34 +0800
1150909,2026-09-09,上市,00700,富邦恒生國企,16.98,-0.1200,17.08,17.18,16.92,180000,3069740,33,TWSE_CSV,2026-09-09 14:15:34 +0800
1150909,2026-09-09,上市,00701,國泰股利精選30,40.38,-0.2400,40.62,40.70,40.21,706000,28494800,318,TWSE_CSV,2026-09-09 14:15:34 +0800
1150909,2026-09-09,上市,00702,國泰標普低波高息,24.60,-0.1500,24.60,24.60,24.57,114000,2803250,5,TWSE_CSV,2026-09-09 14:15:34 +0800
1150909,2026-09-09,上市,00703,台新MSCI中國,19.10,-0.1600,19.11,19.19,19.09,28000,534950,7,TWSE_CSV,2026-09-09 14:15:34 +0800
1150909,2026-09-09,上市,00706L,期元大S&P日圓正2,20.32,0.0100,20.26,20.32,20.20,988000,20016030,238,TWSE_CSV,2026-09-09 14:15:34 +0800
1150909,2026-09-09,上市,00707R,期元大S&P日圓反1,31.08,0.0000,31.08,31.08,31.08,3000,93240,1,TWSE_CSV,2026-09-09 14:15:34 +0800
1150909,2026-09-09,上市,00708L,期元大S&P黃金正2,80.25,-1.4000,79.20,80.30,79.15,3297000,262758300,1540,TWSE_CSV,2026-09-09 14:15:34 +0800
1150909,2026-09-09,上市,00709,富邦歐洲,40.30,-0.1500,40.38,40.38,40.30,12000,484210,10,TWSE_CSV,2026-09-09 14:15:34 +0800
1150909,2026-09-09,上市,00710B,復華彭博非投等債,19.04,0.0000,19.01,19.04,19.00,155000,2949420,37,TWSE_CSV,2026-09-09 14:15:34 +0800
1150909,2026-09-09,上市,00711B,復華彭博新興債,15.45,-0.0200,15.44,15.45,15.44,102000,1574900,4,TWSE_CSV,2026-09-09 14:15:34 +0800
1150909,2026-09-09,上市,00712,復華富時不動產,8.60,-0.0700,8.63,8.63,8.59,69478000,597811130,11067,TWSE_CSV,2026-09-09 14:15:34 +0800
1150909,2026-09-09,上市,00713,元大台灣高息低波,63.65,0.0000,63.90,63.90,63.45,3217000,204642600,2115,TWSE_CSV,2026-09-09 14:15:34 +0800
1150909,2026-09-09,上市,00714,群益道瓊美國地產,21.35,-0.0500,21.35,21.38,21.35,148000,3161260,8,TWSE_CSV,2026-09-09 14:15:34 +0800
1150909,2026-09-09,上市,00715L,期街口布蘭特正2,60.70,1.1000,61.30,61.60,60.70,4319000,264101350,979,TWSE_CSV,2026-09-09 14:15:34 +0800
1150909,2026-09-09,上市,00717,富邦美國特別股,14.57,-0.0100,14.60,14.60,14.55,51000,743450,18,TWSE_CSV,2026-09-09 14:15:34 +0800
1150909,2026-09-09,上市,00728,第一金工業30,70.10,0.8500,69.50,70.60,69.50,142000,9974400,54,TWSE_CSV,2026-09-09 14:15:34 +0800
1150909,2026-09-09,上市,00730,富邦臺灣優質高息,28.69,0.1100,28.58,28.80,28.58,126000,3618490,38,TWSE_CSV,2026-09-09 14:15:34 +0800
1150909,2026-09-09,上市,00731,復華富時高息低波,97.15,-0.4000,97.15,97.20,96.60,547000,53101000,26,TWSE_CSV,2026-09-09 14:15:34 +0800
1150909,2026-09-09,上市,00733,富邦臺灣中小,67.75,0.6000,67.60,68.45,67.50,206000,14005050,91,TWSE_CSV,2026-09-09 14:15:34 +0800
1150909,2026-09-09,上市,00735,國泰臺韓科技,107.05,0.0000,107.55,108.15,106.95,1460000,157141850,578,TWSE_CSV,2026-09-09 14:15:34 +0800
1150909,2026-09-09,上市,00736,國泰新興市場,31.86,-0.1200,31.75,31.86,31.72,53000,1682930,5,TWSE_CSV,2026-09-09 14:15:34 +0800
1150909,2026-09-09,上市,00737,國泰AI機器人,39.57,-0.4600,39.84,39.84,39.54,95000,3761230,63,TWSE_CSV,2026-09-09 14:15:34 +0800
1150909,2026-09-09,上市,00738U,期元大道瓊白銀,52.60,-0.2000,52.20,52.85,52.10,1194000,62621800,447,TWSE_CSV,2026-09-09 14:15:34 +0800
1150909,2026-09-09,上市,00739,元大MSCI A股,27.39,-0.0400,27.49,27.49,27.39,19000,520780,13,TWSE_CSV,2026-09-09 14:15:34 +0800
1150909,2026-09-09,上市,00752,中信中國50,22.55,-0.1900,22.74,22.74,22.50,1056000,23825030,306,TWSE_CSV,2026-09-09 14:15:34 +0800
1150909,2026-09-09,上市,00753L,中信中國50正2,9.12,-0.0900,9.14,9.20,9.08,7094000,64875100,827,TWSE_CSV,2026-09-09 14:15:34 +0800
1150909,2026-09-09,上市,00757,統一FANG+,137.40,-1.7500,137.55,137.75,137.40,658000,90516550,313,TWSE_CSV,2026-09-09 14:15:34 +0800
1150909,2026-09-09,上市,00762,元大全球AI,115.05,0.3500,114.70,115.45,112.35,75000,8631350,58,TWSE_CSV,2026-09-09 14:15:34 +0800
1150909,2026-09-09,上市,00763U,期街口道瓊銅,35.21,-0.2000,35.42,35.45,35.15,228000,8044620,114,TWSE_CSV,2026-09-09 14:15:34 +0800
1150909,2026-09-09,上市,00770,國泰北美科技,68.15,-0.2000,68.35,68.55,68.10,1146000,78209000,577,TWSE_CSV,2026-09-09 14:15:34 +0800
1150909,2026-09-09,上市,00771,元大US高息特別股,15.09,-0.0700,15.16,15.16,15.09,18000,271880,16,TWSE_CSV,2026-09-09 14:15:34 +0800
1150909,2026-09-09,上市,00775B,台新投等債15+,30.55,-0.1400,30.59,30.59,30.55,81000,2474590,3,TWSE_CSV,2026-09-09 14:15:34 +0800
1150909,2026-09-09,上市,00783,富邦中証500,27.50,-0.2000,27.67,27.67,27.50,45000,1243900,8,TWSE_CSV,2026-09-09 14:15:34 +0800
1150909,2026-09-09,上市,00830,國泰費城半導體,83.10,-0.6000,83.30,83.60,83.10,4733000,394422800,1968,TWSE_CSV,2026-09-09 14:15:34 +0800
1150909,2026-09-09,上市,00850,元大臺灣ESG永續,93.60,-0.1000,93.75,94.40,93.60,263000,24727200,120,TWSE_CSV,2026-09-09 14:15:34 +0800
1150909,2026-09-09,上市,00851,台新全球AI,71.05,0.4000,70.85,71.05,70.85,42000,2983850,4,TWSE_CSV,2026-09-09 14:15:34 +0800
1150909,2026-09-09,上市,00852L,國泰美國道瓊正2,34.61,-0.3500,34.61,34.61,34.53,83000,2869850,57,TWSE_CSV,2026-09-09 14:15:34 +0800
1150909,2026-09-09,上市,00861,元大全球未來通訊,86.35,0.2500,87.45,87.45,86.20,18000,1560150,18,TWSE_CSV,2026-09-09 14:15:34 +0800
1150909,2026-09-09,上市,00865B,國泰US短期公債,48.32,-0.0100,48.33,48.36,48.29,2178000,105238390,470,TWSE_CSV,2026-09-09 14:15:34 +0800
1150909,2026-09-09,上市,00875,國泰網路資安,52.40,-0.5500,52.70,52.70,52.30,327000,17133450,139,TWSE_CSV,2026-09-09 14:15:34 +0800
1150909,2026-09-09,上市,00876,元大全球5G,88.00,0.4000,87.95,88.65,87.75,178000,15701750,83,TWSE_CSV,2026-09-09 14:15:34 +0800
1150909,2026-09-09,上市,00878,國泰永續高股息,34.13,0.0600,34.14,34.28,34.07,22963000,784585460,6301,TWSE_CSV,2026-09-09 14:15:34 +0800
1150909,2026-09-09,上市,00881,國泰台灣科技龍頭,50.95,0.1500,51.05,51.55,50.85,9737000,499390650,3443,TWSE_CSV,2026-09-09 14:15:34 +0800
1150909,2026-09-09,上市,00882,中信中國高股息,14.89,-0.0100,14.92,14.93,14.81,2510000,37360080,675,TWSE_CSV,2026-09-09 14:15:34 +0800
1150909,2026-09-09,上市,00885,富邦越南,18.54,0.0700,18.56,18.71,18.49,2279000,42358550,369,TWSE_CSV,2026-09-09 14:15:34 +0800
1150909,2026-09-09,上市,00891,中信關鍵半導體,35.82,-0.0600,36.09,36.22,35.78,12827000,463126090,2839,TWSE_CSV,2026-09-09 14:15:34 +0800
1150909,2026-09-09,上市,00892,富邦台灣半導體,42.70,-0.1900,43.11,43.55,42.46,4630000,199037070,663,TWSE_CSV,2026-09-09 14:15:34 +0800
1150909,2026-09-09,上市,00893,國泰智能電動車,43.14,0.2700,43.00,43.31,42.99,407000,17595960,127,TWSE_CSV,2026-09-09 14:15:34 +0800
1150909,2026-09-09,上市,00894,中信小資高價30,48.13,0.1400,48.35,48.92,47.99,686000,33297000,281,TWSE_CSV,2026-09-09 14:15:34 +0800
1150909,2026-09-09,上市,00895,富邦未來車,50.50,-0.0500,50.70,50.70,50.50,221000,11182100,52,TWSE_CSV,2026-09-09 14:15:34 +0800
1150909,2026-09-09,上市,00896,中信綠能及電動車,28.55,0.0700,28.65,28.77,28.49,7988000,228678210,2379,TWSE_CSV,2026-09-09 14:15:34 +0800
1150909,2026-09-09,上市,00897,富邦基因免疫生技,12.95,-0.1900,12.98,13.00,12.93,777000,10058600,144,TWSE_CSV,2026-09-09 14:15:34 +0800
1150909,2026-09-09,上市,00898,國泰基因免疫革命,10.75,-0.1000,10.80,10.80,10.72,622000,6684170,94,TWSE_CSV,2026-09-09 14:15:34 +0800
1150909,2026-09-09,上市,00899,FT潔淨能源,23.80,0.5100,23.74,23.87,23.74,72000,1712330,34,TWSE_CSV,2026-09-09 14:15:34 +0800
1150909,2026-09-09,上市,00900,富邦特選高股息30,19.58,0.0400,19.58,19.63,19.50,4015000,78633760,756,TWSE_CSV,2026-09-09 14:15:34 +0800
1150909,2026-09-09,上市,00901,永豐智能車供應鏈,47.02,0.0000,47.18,47.74,47.02,654000,31093970,28,TWSE_CSV,2026-09-09 14:15:34 +0800
1150909,2026-09-09,上市,00902,中信電池及儲能,13.08,0.1800,12.86,13.08,12.86,581000,7543470,165,TWSE_CSV,2026-09-09 14:15:34 +0800
1150909,2026-09-09,上市,00903,富邦元宇宙,21.04,-0.0800,21.05,21.06,21.01,145000,3051870,20,TWSE_CSV,2026-09-09 14:15:34 +0800
1150909,2026-09-09,上市,00904,台新臺灣半導體30,41.85,-0.0200,42.20,42.29,41.82,527000,22224850,203,TWSE_CSV,2026-09-09 14:15:34 +0800
1150909,2026-09-09,上市,00905,FT臺灣Smart,26.90,0.1200,26.84,27.08,26.84,799000,21570960,264,TWSE_CSV,2026-09-09 14:15:34 +0800
1150909,2026-09-09,上市,00907,永豐優息存股,17.63,-0.0600,17.64,17.66,17.53,305000,5369140,164,TWSE_CSV,2026-09-09 14:15:34 +0800
1150909,2026-09-09,上市,00908,富邦入息REITs+,15.13,-0.1100,15.17,15.17,15.11,60000,907340,15,TWSE_CSV,2026-09-09 14:15:34 +0800
1150909,2026-09-09,上市,00909,國泰數位支付服務,49.14,0.6600,48.59,49.16,48.59,1361000,66739670,577,TWSE_CSV,2026-09-09 14:15:34 +0800
1150909,2026-09-09,上市,00910,第一金太空衛星,58.00,1.5000,57.70,58.00,57.70,701000,40593450,336,TWSE_CSV,2026-09-09 14:15:34 +0800
1150909,2026-09-09,上市,00911,兆豐洲際半導體,52.70,0.1000,52.90,52.90,52.70,67000,3535550,38,TWSE_CSV,2026-09-09 14:15:34 +0800
1150909,2026-09-09,上市,00912,中信臺灣智慧50,35.60,-0.2400,36.01,36.03,35.59,174000,6228640,43,TWSE_CSV,2026-09-09 14:15:34 +0800
1150909,2026-09-09,上市,00913,兆豐台灣晶圓製造,49.91,0.2600,50.10,50.45,49.82,676000,33898360,285,TWSE_CSV,2026-09-09 14:15:34 +0800
1150909,2026-09-09,上市,00915,凱基優選高股息30,32.91,0.1500,32.80,33.00,32.78,1569000,51595050,315,TWSE_CSV,2026-09-09 14:15:34 +0800
1150909,2026-09-09,上市,00916,國泰全球品牌50,26.64,-0.1100,26.75,26.75,26.62,186000,4957970,123,TWSE_CSV,2026-09-09 14:15:34 +0800
1150909,2026-09-09,上市,00917,中信特選金融,23.77,-0.2200,23.85,23.85,23.74,1367000,32493350,465,TWSE_CSV,2026-09-09 14:15:34 +0800
1150909,2026-09-09,上市,00918,大華優利高填息30,35.46,0.0200,35.55,35.57,35.44,50921000,1807722500,12640,TWSE_CSV,2026-09-09 14:15:34 +0800
1150909,2026-09-09,上市,00919,群益台灣精選高息,32.58,-0.1300,32.68,32.77,32.47,124468000,4055580630,40747,TWSE_CSV,2026-09-09 14:15:34 +0800
1150909,2026-09-09,上市,00920,富邦ESG綠色電力,25.01,0.3100,24.75,25.02,24.75,116000,2895350,52,TWSE_CSV,2026-09-09 14:15:34 +0800
1150909,2026-09-09,上市,00921,兆豐龍頭等權重,24.74,0.0800,24.74,24.79,24.66,192000,4748950,107,TWSE_CSV,2026-09-09 14:15:34 +0800
1150909,2026-09-09,上市,00922,國泰台灣領袖50,42.53,-0.0300,42.66,42.95,42.52,3789000,162177380,1115,TWSE_CSV,2026-09-09 14:15:34 +0800
1150909,2026-09-09,上市,00923,群益台ESG低碳50,40.58,0.0300,40.76,41.00,40.55,2273000,92846740,791,TWSE_CSV,2026-09-09 14:15:34 +0800
1150909,2026-09-09,上市,00924,復華S&P500成長,32.80,-0.2200,32.96,32.96,32.80,771000,25313610,438,TWSE_CSV,2026-09-09 14:15:34 +0800
1150909,2026-09-09,上市,00926,凱基全球菁英55,26.10,-0.1900,26.17,26.17,26.08,220000,5744430,68,TWSE_CSV,2026-09-09 14:15:34 +0800
1150909,2026-09-09,上市,00927,群益半導體收益,37.74,0.1300,37.90,38.05,37.68,8183000,310359350,2142,TWSE_CSV,2026-09-09 14:15:34 +0800
1150909,2026-09-09,上市,00929,復華台灣科技優息,29.12,0.2300,28.99,29.19,28.99,16550000,481859520,4010,TWSE_CSV,2026-09-09 14:15:34 +0800
1150909,2026-09-09,上市,00930,永豐ESG低碳高息,24.25,0.0500,24.25,24.32,24.22,969000,23517730,319,TWSE_CSV,2026-09-09 14:15:34 +0800
1150909,2026-09-09,上市,00932,兆豐永續高息等權,17.36,0.0400,17.30,17.38,17.30,416000,7215200,69,TWSE_CSV,2026-09-09 14:15:34 +0800
1150909,2026-09-09,上市,00934,中信成長高股息,30.39,0.2700,30.12,30.57,30.12,2359000,71809090,418,TWSE_CSV,2026-09-09 14:15:34 +0800
1150909,2026-09-09,上市,00935,野村臺灣新科技50,60.00,0.1500,60.20,60.75,59.90,6470000,390657950,2259,TWSE_CSV,2026-09-09 14:15:34 +0800
1150909,2026-09-09,上市,00936,台新永續高息中小,21.50,0.0500,21.50,21.63,21.45,329000,7090310,143,TWSE_CSV,2026-09-09 14:15:34 +0800
1150909,2026-09-09,上市,00938,凱基優選30,26.38,-0.2200,26.70,26.70,26.34,625000,16596020,93,TWSE_CSV,2026-09-09 14:15:34 +0800
1150909,2026-09-09,上市,00939,統一台灣高息動能,23.73,-0.1100,23.79,23.81,23.62,2279000,54050510,544,TWSE_CSV,2026-09-09 14:15:34 +0800
1150909,2026-09-09,上市,00940,元大台灣價值高息,12.94,0.1200,12.82,12.96,12.82,11898000,153746040,1668,TWSE_CSV,2026-09-09 14:15:34 +0800
1150909,2026-09-09,上市,00941,中信上游半導體,25.33,-0.0500,25.43,25.45,25.32,1080000,27415550,325,TWSE_CSV,2026-09-09 14:15:34 +0800
1150909,2026-09-09,上市,00943,兆豐電子高息等權,21.08,0.0600,21.02,21.08,20.92,212000,4441370,27,TWSE_CSV,2026-09-09 14:15:34 +0800
1150909,2026-09-09,上市,00944,野村趨勢動能高息,21.54,0.0600,21.48,21.55,21.48,88000,1894190,29,TWSE_CSV,2026-09-09 14:15:34 +0800
1150909,2026-09-09,上市,00945B,凱基美國非投等債,14.31,-0.0300,14.34,14.34,14.31,4304000,61640350,762,TWSE_CSV,2026-09-09 14:15:34 +0800
1150909,2026-09-09,上市,00946,群益科技高息成長,15.30,0.0600,15.24,15.39,15.24,1083000,16620200,185,TWSE_CSV,2026-09-09 14:15:34 +0800
1150909,2026-09-09,上市,00947,台新臺灣IC設計,38.33,-0.1700,38.52,38.75,38.20,3869000,148719300,1260,TWSE_CSV,2026-09-09 14:15:34 +0800
1150909,2026-09-09,上市,00949,復華日本龍頭,21.65,-0.2100,21.86,21.86,21.65,239000,5181730,77,TWSE_CSV,2026-09-09 14:15:34 +0800
1150909,2026-09-09,上市,00951,台新日本半導體,17.32,-0.5100,17.71,17.71,17.29,2893000,50733810,637,TWSE_CSV,2026-09-09 14:15:34 +0800
1150909,2026-09-09,上市,00952,凱基台灣AI50,18.15,0.1700,18.01,18.24,18.00,2643000,48067220,217,TWSE_CSV,2026-09-09 14:15:34 +0800
1150909,2026-09-09,上市,00953B,群益優選非投等債,9.50,-0.0100,9.50,9.51,9.49,22338000,212166810,4050,TWSE_CSV,2026-09-09 14:15:34 +0800
1150909,2026-09-09,上市,00954,中信日本半導體,18.49,-0.6200,18.80,18.92,18.46,1506000,28143790,489,TWSE_CSV,2026-09-09 14:15:34 +0800
1150909,2026-09-09,上市,00956,中信日經高股息,13.48,-0.0900,13.53,13.53,13.45,55000,740990,33,TWSE_CSV,2026-09-09 14:15:34 +0800
1150909,2026-09-09,上市,00960,野村全球航運龍頭,21.53,-0.0100,21.50,21.53,21.39,828000,17739530,168,TWSE_CSV,2026-09-09 14:15:34 +0800
1150909,2026-09-09,上市,00961,FT臺灣永續高息,13.49,0.0500,13.47,13.51,13.44,17099000,230455440,2728,TWSE_CSV,2026-09-09 14:15:34 +0800
1150909,2026-09-09,上市,00962,台新AI優息動能,15.30,0.1100,15.25,15.38,15.25,2717000,41619020,595,TWSE_CSV,2026-09-09 14:15:34 +0800
1150909,2026-09-09,上市,00963,中信全球高股息,13.12,-0.0100,13.14,13.14,13.11,1179000,15471580,232,TWSE_CSV,2026-09-09 14:15:34 +0800
1150909,2026-09-09,上市,00964,中信亞太高股息,15.03,0.0700,14.95,15.06,14.92,998000,14952510,143,TWSE_CSV,2026-09-09 14:15:34 +0800
1150909,2026-09-09,上市,00965,元大航太防衛科技,25.22,-0.0100,25.10,25.24,25.10,581000,14622390,160,TWSE_CSV,2026-09-09 14:15:34 +0800
1150909,2026-09-09,上市,00971,野村美國研發龍頭,17.23,-0.2300,17.30,17.30,17.23,220000,3800380,54,TWSE_CSV,2026-09-09 14:15:34 +0800
1150909,2026-09-09,上市,00972,野村日本動能高息,21.74,-0.3100,22.00,22.00,21.69,26000,565840,20,TWSE_CSV,2026-09-09 14:15:34 +0800
1150909,2026-09-09,上市,009800,中信NASDAQ,12.93,-0.0700,12.97,12.97,12.93,897000,11613530,209,TWSE_CSV,2026-09-09 14:15:34 +0800
1150909,2026-09-09,上市,009801,中信美國創新科技,11.19,-0.0500,11.24,11.24,11.19,198000,2218340,74,TWSE_CSV,2026-09-09 14:15:34 +0800
1150909,2026-09-09,上市,009802,富邦旗艦50,20.41,0.0100,20.45,20.56,20.36,3795000,77669140,886,TWSE_CSV,2026-09-09 14:15:34 +0800
1150909,2026-09-09,上市,009803,玉山市值動能50,22.24,0.0500,22.31,22.43,22.24,8849000,197595510,1923,TWSE_CSV,2026-09-09 14:15:34 +0800
1150909,2026-09-09,上市,009804,聯邦台精彩50,23.37,0.0500,23.36,23.54,23.34,833000,19555310,187,TWSE_CSV,2026-09-09 14:15:34 +0800
1150909,2026-09-09,上市,009805,台新美國電力基建,15.42,0.2300,15.41,15.47,15.41,4236000,65387460,919,TWSE_CSV,2026-09-09 14:15:34 +0800
1150909,2026-09-09,上市,009808,華南永昌優選50,31.59,-0.0200,31.75,31.81,31.59,111000,3521890,32,TWSE_CSV,2026-09-09 14:15:34 +0800
1150909,2026-09-09,上市,009809,富邦淨零ESG50,18.35,0.0900,18.34,18.43,18.32,73000,1339930,19,TWSE_CSV,2026-09-09 14:15:34 +0800
1150909,2026-09-09,上市,00980A,主動野村臺灣優選,24.86,0.0300,25.05,25.29,24.79,4058000,101876080,1088,TWSE_CSV,2026-09-09 14:15:34 +0800
1150909,2026-09-09,上市,009810,玉山全球藍籌100,21.13,-0.1100,21.23,21.23,21.13,72000,1523160,20,TWSE_CSV,2026-09-09 14:15:34 +0800
1150909,2026-09-09,上市,009811,統一美國50,13.18,-0.0700,13.23,13.23,13.17,586000,7720770,143,TWSE_CSV,2026-09-09 14:15:34 +0800
1150909,2026-09-09,上市,009812,野村日本東證,13.04,-0.1200,13.26,13.26,13.02,344000,4490810,78,TWSE_CSV,2026-09-09 14:15:34 +0800
1150909,2026-09-09,上市,009813,貝萊德標普卓越50,11.22,-0.0400,11.25,11.25,11.21,388000,4353770,117,TWSE_CSV,2026-09-09 14:15:34 +0800
1150909,2026-09-09,上市,009816,凱基台灣TOP50,16.11,-0.0100,16.16,16.23,16.08,58021000,937920670,13147,TWSE_CSV,2026-09-09 14:15:34 +0800
1150909,2026-09-09,上市,009817,國泰日本不動產,9.08,-0.0200,9.11,9.11,9.06,621000,5634040,93,TWSE_CSV,2026-09-09 14:15:34 +0800
1150909,2026-09-09,上市,009818,華南永昌NASDAQxT,19.91,-0.1400,19.94,19.94,19.91,305000,6079050,27,TWSE_CSV,2026-09-09 14:15:34 +0800
1150909,2026-09-09,上市,009819,中信數據及電力,9.86,0.1100,9.81,9.89,9.81,3543000,34939120,628,TWSE_CSV,2026-09-09 14:15:34 +0800
1150909,2026-09-09,上市,00981A,主動統一台股增長,29.92,0.1900,29.94,30.35,29.82,124757000,3758363930,24932,TWSE_CSV,2026-09-09 14:15:34 +0800
1150909,2026-09-09,上市,00981T,平衡凱基雙核收息,11.85,-0.0200,11.87,11.87,11.84,1388000,16459560,278,TWSE_CSV,2026-09-09 14:15:34 +0800
1150909,2026-09-09,上市,009820,元大納斯達克精選,9.86,-0.0500,9.89,9.89,9.85,3856000,38040080,326,TWSE_CSV,2026-09-09 14:15:34 +0800
1150909,2026-09-09,上市,009821,野村稀土關鍵資源,15.01,-0.0100,15.01,15.04,14.98,3572000,53617720,678,TWSE_CSV,2026-09-09 14:15:34 +0800
1150909,2026-09-09,上市,009824,群益美國科技巨頭,10.07,-0.0400,10.08,10.10,10.07,4341000,43754740,664,TWSE_CSV,2026-09-09 14:15:34 +0800
1150909,2026-09-09,上市,009826,貝萊德世界股票,10.05,-0.0400,10.06,10.06,10.04,14018000,140926860,3547,TWSE_CSV,2026-09-09 14:15:34 +0800
1150909,2026-09-09,上市,009827,玉山未來全球算力,10.25,0.1000,10.20,10.27,10.20,6676000,68444640,993,TWSE_CSV,2026-09-09 14:15:34 +0800
1150909,2026-09-09,上市,009828,中信台日韓PCB,9.71,0.0800,9.71,9.85,9.68,49459000,482756320,7869,TWSE_CSV,2026-09-09 14:15:34 +0800
1150909,2026-09-09,上市,009829,大華韓國KOSPI50,11.12,-0.0600,11.16,11.26,11.10,24301000,271376800,2766,TWSE_CSV,2026-09-09 14:15:34 +0800
1150909,2026-09-09,上市,00982A,主動群益台灣強棒,22.89,0.1200,22.99,23.20,22.84,12474000,287644020,2653,TWSE_CSV,2026-09-09 14:15:34 +0800
1150909,2026-09-09,上市,00982D,主動富邦動態入息,9.61,0.0000,9.61,9.61,9.59,159000,1525530,57,TWSE_CSV,2026-09-09 14:15:34 +0800
1150909,2026-09-09,上市,00982T,平衡兆豐台美動能,16.20,0.0200,16.20,16.30,16.18,687000,11167970,82,TWSE_CSV,2026-09-09 14:15:34 +0800
1150909,2026-09-09,上市,00983A,主動中信ARK創新,12.41,-0.1200,12.52,12.52,12.41,518000,6443710,128,TWSE_CSV,2026-09-09 14:15:34 +0800
1150909,2026-09-09,上市,00983D,主動富邦複合收益,9.79,-0.0100,9.81,9.81,9.78,890000,8718770,93,TWSE_CSV,2026-09-09 14:15:34 +0800
1150909,2026-09-09,上市,00984A,主動安聯台灣高息,15.62,0.0800,15.60,15.71,15.60,2458000,38502210,657,TWSE_CSV,2026-09-09 14:15:34 +0800
1150909,2026-09-09,上市,00984D,主動聯博全球非投,9.83,0.0100,9.83,9.85,9.82,8787000,86399440,948,TWSE_CSV,2026-09-09 14:15:34 +0800
1150909,2026-09-09,上市,00985A,主動野村台灣50,23.15,0.0500,23.29,23.37,23.14,2354000,54833070,394,TWSE_CSV,2026-09-09 14:15:34 +0800
1150909,2026-09-09,上市,00985B,群益ESG投等債0-5,10.05,-0.0100,10.06,10.06,10.04,3890000,39099060,447,TWSE_CSV,2026-09-09 14:15:34 +0800
1150909,2026-09-09,上市,00986A,主動台新龍頭成長,14.43,-0.0300,14.46,14.50,14.42,56000,808730,32,TWSE_CSV,2026-09-09 14:15:34 +0800
1150909,2026-09-09,上市,00987A,主動台新優勢成長,16.55,0.1800,16.68,16.92,16.48,1749000,29247180,346,TWSE_CSV,2026-09-09 14:15:34 +0800
1150909,2026-09-09,上市,00988A,主動統一全球創新,16.28,0.0100,16.32,16.43,16.27,19757000,323059380,3316,TWSE_CSV,2026-09-09 14:15:34 +0800
1150909,2026-09-09,上市,00989A,主動摩根美國科技,16.85,-0.0400,16.89,16.89,16.85,331000,5582740,43,TWSE_CSV,2026-09-09 14:15:34 +0800
1150909,2026-09-09,上市,00990A,主動元大AI新經濟,15.16,0.0400,15.16,15.25,15.12,10640000,161633650,1768,TWSE_CSV,2026-09-09 14:15:34 +0800
1150909,2026-09-09,上市,00991A,主動復華未來50,17.70,0.0300,17.90,18.08,17.65,51141000,915170560,9122,TWSE_CSV,2026-09-09 14:15:34 +0800
1150909,2026-09-09,上市,00991B,貝萊德A級公司債,14.64,-0.0200,14.66,14.66,14.62,151000,2212660,20,TWSE_CSV,2026-09-09 14:15:34 +0800
1150909,2026-09-09,上市,00992A,主動群益科技創新,18.25,0.2000,18.22,18.48,18.21,28260000,518320030,3621,TWSE_CSV,2026-09-09 14:15:34 +0800
1150909,2026-09-09,上市,00993A,主動安聯台灣,13.43,0.0900,13.52,13.70,13.40,4683000,63546410,656,TWSE_CSV,2026-09-09 14:15:34 +0800
1150909,2026-09-09,上市,00994A,主動第一金台股優,16.93,0.0800,17.05,17.25,16.88,2192000,37535030,506,TWSE_CSV,2026-09-09 14:15:34 +0800
1150909,2026-09-09,上市,00995A,主動中信台灣卓越,17.42,0.0100,17.55,17.80,17.38,3569000,62781200,451,TWSE_CSV,2026-09-09 14:15:34 +0800
1150909,2026-09-09,上市,00996A,主動兆豐台灣豐收,14.09,0.1300,14.11,14.27,14.02,3082000,43634360,413,TWSE_CSV,2026-09-09 14:15:34 +0800
1150909,2026-09-09,上市,00997A,主動群益美國增長,11.04,-0.0300,11.04,11.08,11.01,6545000,72302680,1203,TWSE_CSV,2026-09-09 14:15:34 +0800
1150909,2026-09-09,上市,00999A,主動野村臺灣高息,11.53,0.0300,11.60,11.68,11.50,10188000,118091710,1877,TWSE_CSV,2026-09-09 14:15:34 +0800
1150909,2026-09-09,上市,1101,台泥,24.75,0.4500,24.25,25.00,24.25,33561000,829603500,7946,TWSE_CSV,2026-09-09 14:15:34 +0800
1150909,2026-09-09,上市,1102,亞泥,35.40,0.2000,34.95,35.40,34.90,10614000,373733100,3917,TWSE_CSV,2026-09-09 14:15:34 +0800
1150909,2026-09-09,上市,1103,嘉泥,13.20,0.0500,13.15,13.25,13.15,319000,4212150,133,TWSE_CSV,2026-09-09 14:15:34 +0800
1150909,2026-09-09,上市,1104,環泥,27.45,0.0000,27.30,27.50,27.30,455000,12472950,310,TWSE_CSV,2026-09-09 14:15:34 +0800
1150909,2026-09-09,上市,1108,幸福,11.50,-0.1000,11.55,11.55,11.45,387000,4445000,154,TWSE_CSV,2026-09-09 14:15:34 +0800
1150909,2026-09-09,上市,1109,信大,13.45,-0.0500,13.45,13.50,13.45,108000,1457150,45,TWSE_CSV,2026-09-09 14:15:34 +0800
1150909,2026-09-09,上市,1110,東泥,16.05,0.0500,15.90,16.05,15.85,59000,942950,50,TWSE_CSV,2026-09-09 14:15:34 +0800
1150909,2026-09-09,上市,1201,味全,12.15,0.0500,12.10,12.15,12.05,209000,2529400,147,TWSE_CSV,2026-09-09 14:15:34 +0800
1150909,2026-09-09,上市,1203,味王,44.60,-1.2500,45.20,45.80,44.60,16000,724300,16,TWSE_CSV,2026-09-09 14:15:34 +0800
1150909,2026-09-09,上市,1210,大成,52.50,0.0000,52.30,52.70,52.30,639000,33518200,404,TWSE_CSV,2026-09-09 14:15:34 +0800
1150909,2026-09-09,上市,1213,大飲,7.59,0.0000,7.50,7.59,7.50,5000,37850,3,TWSE_CSV,2026-09-09 14:15:34 +0800
1150909,2026-09-09,上市,1215,卜蜂,110.50,0.5000,111.00,111.00,110.00,241000,26588500,164,TWSE_CSV,2026-09-09 14:15:34 +0800
1150909,2026-09-09,上市,1216,統一,76.00,-0.7000,76.20,76.70,75.60,8480000,644163200,2707,TWSE_CSV,2026-09-09 14:15:34 +0800
1150909,2026-09-09,上市,1217,愛之味,9.98,0.0200,9.94,9.99,9.93,232000,2309850,120,TWSE_CSV,2026-09-09 14:15:34 +0800
1150909,2026-09-09,上市,1218,泰山,14.55,0.1000,14.45,14.55,14.45,296000,4294150,156,TWSE_CSV,2026-09-09 14:15:34 +0800
1150909,2026-09-09,上市,1219,福壽,11.55,-0.2000,11.65,11.75,11.55,184000,2145200,129,TWSE_CSV,2026-09-09 14:15:34 +0800
1150909,2026-09-09,上市,1220,台榮,10.85,-0.1500,11.00,11.00,10.85,89000,970300,57,TWSE_CSV,2026-09-09 14:15:34 +0800
1150909,2026-09-09,上市,1225,福懋油,24.60,-0.4500,25.00,25.00,24.35,127000,3129600,95,TWSE_CSV,2026-09-09 14:15:34 +0800
1150909,2026-09-09,上市,1227,佳格,28.55,0.0000,28.35,28.60,28.35,232000,6613400,170,TWSE_CSV,2026-09-09 14:15:34 +0800
1150909,2026-09-09,上市,1229,聯華,41.95,0.2500,41.50,42.10,41.50,1576000,66068050,926,TWSE_CSV,2026-09-09 14:15:34 +0800
1150909,2026-09-09,上市,1231,聯華食,80.50,0.1000,80.10,80.60,80.10,139000,11165900,112,TWSE_CSV,2026-09-09 14:15:34 +0800
1150909,2026-09-09,上市,1232,大統益,156.50,-0.5000,156.50,157.50,156.50,64000,10036000,61,TWSE_CSV,2026-09-09 14:15:34 +0800
1150909,2026-09-09,上市,1233,天仁,28.20,0.1000,28.00,28.20,28.00,37000,1040200,17,TWSE_CSV,2026-09-09 14:15:34 +0800
1150909,2026-09-09,上市,1234,黑松,33.45,0.0500,33.25,33.50,33.20,68000,2270200,56,TWSE_CSV,2026-09-09 14:15:34 +0800
1150909,2026-09-09,上市,1235,興泰,39.05,0.1000,39.15,39.50,39.00,20000,783700,15,TWSE_CSV,2026-09-09 14:15:34 +0800
1150909,2026-09-09,上市,1236,宏亞,26.25,0.0000,26.10,26.25,26.10,11000,288050,11,TWSE_CSV,2026-09-09 14:15:34 +0800
1150909,2026-09-09,上市,1256,鮮活果汁-KY,174.50,0.5000,174.00,176.50,173.50,33000,5785500,32,TWSE_CSV,2026-09-09 14:15:34 +0800
1150909,2026-09-09,上市,1301,台塑,66.70,1.6000,64.90,67.40,64.60,26708000,1776832100,11834,TWSE_CSV,2026-09-09 14:15:34 +0800
1150909,2026-09-09,上市,1303,南亞,236.50,1.5000,234.50,244.50,231.00,66816000,15960880500,38932,TWSE_CSV,2026-09-09 14:15:34 +0800
1150909,2026-09-09,上市,1304,台聚,12.80,0.4500,12.45,12.85,12.45,4219000,53522800,1339,TWSE_CSV,2026-09-09 14:15:34 +0800
1150909,2026-09-09,上市,1305,華夏,12.50,0.3500,12.20,12.60,12.20,1994000,24780850,616,TWSE_CSV,2026-09-09 14:15:34 +0800
1150909,2026-09-09,上市,1307,三芳,30.85,0.2000,30.70,30.90,30.45,381000,11711850,243,TWSE_CSV,2026-09-09 14:15:34 +0800
1150909,2026-09-09,上市,1308,亞聚,14.80,0.6500,14.15,14.80,14.15,2309000,33582150,887,TWSE_CSV,2026-09-09 14:15:34 +0800
1150909,2026-09-09,上市,1309,台達化,14.20,0.6000,13.70,14.35,13.70,3315000,46486600,1415,TWSE_CSV,2026-09-09 14:15:34 +0800
1150909,2026-09-09,上市,1310,台苯,8.87,0.3000,8.57,8.90,8.57,3848000,33893550,1261,TWSE_CSV,2026-09-09 14:15:34 +0800
1150909,2026-09-09,上市,1312,國喬,14.65,0.7500,13.90,14.80,13.90,20977000,303965900,6426,TWSE_CSV,2026-09-09 14:15:34 +0800
1150909,2026-09-09,上市,1313,聯成,12.15,0.3500,11.85,12.20,11.85,3583000,43261850,1108,TWSE_CSV,2026-09-09 14:15:34 +0800
1150909,2026-09-09,上市,1314,中石化,8.21,0.1000,8.13,8.25,8.12,18027000,147930120,3659,TWSE_CSV,2026-09-09 14:15:34 +0800
1150909,2026-09-09,上市,1315,達新,66.10,0.0000,66.10,66.50,66.10,24000,1591700,15,TWSE_CSV,2026-09-09 14:15:34 +0800
1150909,2026-09-09,上市,1316,上曜,11.20,0.4000,10.90,11.25,10.75,3438000,38057400,1130,TWSE_CSV,2026-09-09 14:15:34 +0800
1150909,2026-09-09,上市,1319,東陽,79.60,0.6000,78.80,79.90,78.20,906000,71557000,642,TWSE_CSV,2026-09-09 14:15:34 +0800
1150909,2026-09-09,上市,1321,大洋,32.50,0.1500,32.20,32.50,32.15,53000,1713900,49,TWSE_CSV,2026-09-09 14:15:34 +0800
1150909,2026-09-09,上市,1323,永裕,21.15,-0.1000,21.35,21.35,21.00,40000,844850,33,TWSE_CSV,2026-09-09 14:15:34 +0800
1150909,2026-09-09,上市,1324,地球,10.00,0.0000,10.00,10.05,10.00,11000,110200,10,TWSE_CSV,2026-09-09 14:15:34 +0800
1150909,2026-09-09,上市,1325,恆大,26.40,0.4500,25.80,26.45,25.80,247000,6491650,180,TWSE_CSV,2026-09-09 14:15:34 +0800
1150909,2026-09-09,上市,1326,台化,71.80,1.2000,70.90,73.50,70.20,37025000,2668903400,17487,TWSE_CSV,2026-09-09 14:15:34 +0800
1150909,2026-09-09,上市,1337,再生-KY,4.51,0.0000,4.51,4.54,4.50,219000,988490,101,TWSE_CSV,2026-09-09 14:15:34 +0800
1150909,2026-09-09,上市,1338,廣華-KY,14.35,0.2000,14.40,14.40,14.20,42000,599700,33,TWSE_CSV,2026-09-09 14:15:34 +0800
1150909,2026-09-09,上市,1339,昭輝,43.00,0.0500,43.30,43.30,42.90,22000,946900,14,TWSE_CSV,2026-09-09 14:15:34 +0800
1150909,2026-09-09,上市,1340,勝悅-KY,5.20,-0.0300,5.25,5.27,5.20,72000,377110,43,TWSE_CSV,2026-09-09 14:15:34 +0800
1150909,2026-09-09,上市,1341,富林-KY,60.00,0.2000,59.80,60.00,59.80,4000,239500,4,TWSE_CSV,2026-09-09 14:15:34 +0800
1150909,2026-09-09,上市,1342,八貫,101.50,-1.0000,102.00,102.00,101.00,102000,10354500,83,TWSE_CSV,2026-09-09 14:15:34 +0800
1150909,2026-09-09,上市,1402,遠東新,28.70,0.0500,28.45,28.75,28.35,6292000,179656850,2471,TWSE_CSV,2026-09-09 14:15:34 +0800
1150909,2026-09-09,上市,1409,新纖,26.85,2.4000,25.30,26.85,25.05,88630000,2338037400,28503,TWSE_CSV,2026-09-09 14:15:34 +0800
1150909,2026-09-09,上市,1410,南染,24.60,0.0500,24.35,24.80,24.30,207000,5083500,184,TWSE_CSV,2026-09-09 14:15:34 +0800
1150909,2026-09-09,上市,1413,宏洲,9.52,0.2300,9.65,9.65,9.40,4000,37970,4,TWSE_CSV,2026-09-09 14:15:34 +0800
1150909,2026-09-09,上市,1414,東和,17.65,0.0000,17.80,17.80,17.55,267000,4710150,146,TWSE_CSV,2026-09-09 14:15:34 +0800
1150909,2026-09-09,上市,1416,廣豐,11.45,-0.0500,11.45,11.55,11.45,55000,632450,42,TWSE_CSV,2026-09-09 14:15:34 +0800
1150909,2026-09-09,上市,1417,嘉裕,8.19,-0.0100,8.20,8.26,8.13,136000,1110310,80,TWSE_CSV,2026-09-09 14:15:34 +0800
1150909,2026-09-09,上市,1418,東華,17.55,-0.2500,17.50,17.55,17.40,30000,525000,20,TWSE_CSV,2026-09-09 14:15:34 +0800
1150909,2026-09-09,上市,1419,新紡,67.90,0.4000,66.80,68.00,66.80,64000,4327200,56,TWSE_CSV,2026-09-09 14:15:34 +0800
1150909,2026-09-09,上市,1423,利華,35.50,-0.1000,35.55,35.55,34.55,20000,698350,16,TWSE_CSV,2026-09-09 14:15:34 +0800
1150909,2026-09-09,上市,1432,大魯閣,15.00,-0.0500,15.05,15.05,15.00,96000,1442300,59,TWSE_CSV,2026-09-09 14:15:34 +0800
1150909,2026-09-09,上市,1434,福懋,18.15,0.3500,17.75,18.15,17.75,1364000,24593200,528,TWSE_CSV,2026-09-09 14:15:34 +0800
1150909,2026-09-09,上市,1435,中福,23.30,-0.0500,23.35,23.35,22.80,12000,277050,12,TWSE_CSV,2026-09-09 14:15:34 +0800
1150909,2026-09-09,上市,1436,華友聯,37.00,-0.1500,36.55,37.10,36.55,109000,4021300,96,TWSE_CSV,2026-09-09 14:15:34 +0800
1150909,2026-09-09,上市,1437,勤益控,31.80,-0.1500,31.95,32.00,31.70,65000,2068700,58,TWSE_CSV,2026-09-09 14:15:34 +0800
1150909,2026-09-09,上市,1438,三地開發,21.65,0.0000,21.45,21.70,21.40,144000,3103300,65,TWSE_CSV,2026-09-09 14:15:34 +0800
1150909,2026-09-09,上市,1439,雋揚,29.30,-0.1000,29.40,29.45,29.25,21000,616850,16,TWSE_CSV,2026-09-09 14:15:34 +0800
1150909,2026-09-09,上市,1440,南紡,13.75,0.1500,13.45,13.80,13.45,2542000,34702400,888,TWSE_CSV,2026-09-09 14:15:34 +0800
1150909,2026-09-09,上市,1441,大東,8.66,-0.1400,8.67,8.70,8.66,29000,251700,22,TWSE_CSV,2026-09-09 14:15:34 +0800
1150909,2026-09-09,上市,1442,名軒,30.35,0.3000,29.95,30.50,29.85,312000,9451100,156,TWSE_CSV,2026-09-09 14:15:34 +0800
1150909,2026-09-09,上市,1443,立益物流,23.85,0.2000,24.25,24.25,23.80,9000,215750,9,TWSE_CSV,2026-09-09 14:15:34 +0800
1150909,2026-09-09,上市,1444,力麗,7.04,0.0500,6.92,7.04,6.92,2001000,13974850,526,TWSE_CSV,2026-09-09 14:15:34 +0800
1150909,2026-09-09,上市,1445,大宇,10.30,-0.1000,10.30,10.45,10.25,118000,1221950,25,TWSE_CSV,2026-09-09 14:15:34 +0800
1150909,2026-09-09,上市,1446,宏和,13.35,0.0000,13.45,13.50,13.25,76000,1013500,47,TWSE_CSV,2026-09-09 14:15:34 +0800
1150909,2026-09-09,上市,1447,力鵬,6.71,0.0200,6.67,6.74,6.65,914000,6121200,386,TWSE_CSV,2026-09-09 14:15:34 +0800
1150909,2026-09-09,上市,1449,佳和,12.30,0.1000,12.20,12.35,12.15,238000,2925950,129,TWSE_CSV,2026-09-09 14:15:34 +0800
1150909,2026-09-09,上市,1451,年興,17.25,-0.0500,17.25,17.30,17.20,64000,1102250,42,TWSE_CSV,2026-09-09 14:15:34 +0800
1150909,2026-09-09,上市,1452,宏益,11.25,-0.0500,11.30,11.35,11.25,53000,598850,28,TWSE_CSV,2026-09-09 14:15:34 +0800
1150909,2026-09-09,上市,1453,大將,11.10,0.1000,11.05,11.20,11.05,8000,88950,7,TWSE_CSV,2026-09-09 14:15:34 +0800
1150909,2026-09-09,上市,1454,台富,12.25,-0.0500,12.30,12.35,12.10,28000,343850,17,TWSE_CSV,2026-09-09 14:15:34 +0800
1150909,2026-09-09,上市,1455,集盛,10.00,0.1000,9.90,10.10,9.80,1123000,11211560,439,TWSE_CSV,2026-09-09 14:15:34 +0800
1150909,2026-09-09,上市,1456,怡華,14.05,-0.3000,14.35,14.35,13.90,22000,307950,18,TWSE_CSV,2026-09-09 14:15:34 +0800
1150909,2026-09-09,上市,1457,宜進,14.50,0.1500,14.45,14.50,14.35,74000,1067800,30,TWSE_CSV,2026-09-09 14:15:34 +0800
1150909,2026-09-09,上市,1459,聯發,15.45,-0.1500,15.60,15.65,15.45,97000,1508700,34,TWSE_CSV,2026-09-09 14:15:34 +0800
1150909,2026-09-09,上市,1460,宏遠,6.57,0.0200,6.59,6.59,6.51,162000,1058400,83,TWSE_CSV,2026-09-09 14:15:34 +0800
1150909,2026-09-09,上市,1463,強盛新,17.20,-0.0500,17.20,17.25,17.10,14000,240450,14,TWSE_CSV,2026-09-09 14:15:34 +0800
1150909,2026-09-09,上市,1464,得力,10.05,0.0000,10.05,10.05,9.97,434000,4336670,167,TWSE_CSV,2026-09-09 14:15:34 +0800
1150909,2026-09-09,上市,1465,偉全,11.95,0.1000,11.95,12.00,11.85,113000,1345100,58,TWSE_CSV,2026-09-09 14:15:34 +0800
1150909,2026-09-09,上市,1466,聚隆,15.30,-0.2000,15.50,15.60,15.20,293000,4494000,156,TWSE_CSV,2026-09-09 14:15:34 +0800
1150909,2026-09-09,上市,1467,南緯,8.20,-0.0100,8.22,8.22,8.11,78000,637130,51,TWSE_CSV,2026-09-09 14:15:34 +0800
1150909,2026-09-09,上市,1468,昶和,13.45,-0.0500,13.35,13.45,13.10,43000,571150,35,TWSE_CSV,2026-09-09 14:15:34 +0800
1150909,2026-09-09,上市,1470,大統新創,24.20,0.3000,24.35,24.40,23.90,5000,121000,5,TWSE_CSV,2026-09-09 14:15:34 +0800
1150909,2026-09-09,上市,1471,首利,9.74,0.0900,9.60,9.78,9.60,262000,2542190,94,TWSE_CSV,2026-09-09 14:15:34 +0800
1150909,2026-09-09,上市,1472,三洋實業,89.50,-0.5000,88.30,90.10,88.30,30000,2669200,13,TWSE_CSV,2026-09-09 14:15:34 +0800
1150909,2026-09-09,上市,1473,台南,20.10,0.0000,20.10,20.10,19.95,39000,780400,23,TWSE_CSV,2026-09-09 14:15:34 +0800
1150909,2026-09-09,上市,1474,弘裕,10.00,0.0300,10.00,10.00,9.97,33000,329390,15,TWSE_CSV,2026-09-09 14:15:34 +0800
1150909,2026-09-09,上市,1475,業旺,26.30,0.3000,25.80,26.30,25.80,46000,1195700,24,TWSE_CSV,2026-09-09 14:15:34 +0800
1150909,2026-09-09,上市,1476,儒鴻,295.50,-4.5000,300.00,300.00,293.50,1639000,484589500,1262,TWSE_CSV,2026-09-09 14:15:34 +0800
1150909,2026-09-09,上市,1477,聚陽,197.50,-0.5000,197.50,198.50,195.00,1443000,283370500,971,TWSE_CSV,2026-09-09 14:15:34 +0800
1150909,2026-09-09,上市,1503,士電,206.00,1.5000,204.00,209.00,204.00,1032000,213831500,811,TWSE_CSV,2026-09-09 14:15:34 +0800
1150909,2026-09-09,上市,1504,東元,70.90,0.5000,70.30,71.30,70.30,3401000,240880100,1720,TWSE_CSV,2026-09-09 14:15:34 +0800
1150909,2026-09-09,上市,1506,正道,10.00,0.0000,10.00,10.00,9.99,141000,1409630,60,TWSE_CSV,2026-09-09 14:15:34 +0800
1150909,2026-09-09,上市,1512,瑞利,6.34,-0.0100,6.35,6.35,6.27,32000,201610,18,TWSE_CSV,2026-09-09 14:15:34 +0800
1150909,2026-09-09,上市,1513,中興電,167.00,2.0000,164.50,167.50,164.50,1730000,288194500,1130,TWSE_CSV,2026-09-09 14:15:34 +0800
1150909,2026-09-09,上市,1514,亞力,103.50,1.5000,102.00,104.50,101.00,1166000,120511500,765,TWSE_CSV,2026-09-09 14:15:34 +0800
1150909,2026-09-09,上市,1515,力山,30.70,0.7000,30.15,30.75,30.15,570000,17365000,364,TWSE_CSV,2026-09-09 14:15:34 +0800
1150909,2026-09-09,上市,1516,川飛,13.95,-0.2000,14.15,14.25,13.90,29000,407200,19,TWSE_CSV,2026-09-09 14:15:34 +0800
1150909,2026-09-09,上市,1517,利奇,10.90,0.2000,10.75,10.90,10.75,211000,2278150,100,TWSE_CSV,2026-09-09 14:15:34 +0800
1150909,2026-09-09,上市,1519,華城,735.00,7.0000,729.00,745.00,725.00,1190000,877263000,1054,TWSE_CSV,2026-09-09 14:15:34 +0800
1150909,2026-09-09,上市,1521,大億,25.15,-0.1500,25.30,25.35,25.00,58000,1456050,35,TWSE_CSV,2026-09-09 14:15:34 +0800
1150909,2026-09-09,上市,1522,堤維西,26.85,0.0500,26.75,26.85,26.70,355000,9494950,180,TWSE_CSV,2026-09-09 14:15:34 +0800
1150909,2026-09-09,上市,1524,耿鼎,26.55,-0.0500,26.65,26.65,26.40,407000,10783100,211,TWSE_CSV,2026-09-09 14:15:34 +0800
1150909,2026-09-09,上市,1525,江申,65.60,-0.8000,65.80,66.00,65.60,8000,526500,8,TWSE_CSV,2026-09-09 14:15:34 +0800
1150909,2026-09-09,上市,1526,日馳,15.60,0.3000,15.30,15.65,15.30,85000,1315000,55,TWSE_CSV,2026-09-09 14:15:34 +0800
1150909,2026-09-09,上市,1527,鑽全,32.70,-0.1000,32.65,32.75,32.55,108000,3521500,40,TWSE_CSV,2026-09-09 14:15:34 +0800
1150909,2026-09-09,上市,1528,恩德,20.25,-0.8000,21.80,21.80,20.25,6981000,145188800,3915,TWSE_CSV,2026-09-09 14:15:34 +0800
1150909,2026-09-09,上市,1529,樂事綠能,16.05,0.2500,15.80,16.10,15.70,308000,4902800,196,TWSE_CSV,2026-09-09 14:15:34 +0800
1150909,2026-09-09,上市,1530,亞崴,28.50,0.0000,28.45,28.70,28.40,16000,456650,13,TWSE_CSV,2026-09-09 14:15:34 +0800
1150909,2026-09-09,上市,1531,高林股,11.85,0.0500,11.80,11.90,11.80,20000,236750,19,TWSE_CSV,2026-09-09 14:15:34 +0800
1150909,2026-09-09,上市,1532,勤美,22.75,0.0000,22.70,23.05,22.65,418000,9551700,188,TWSE_CSV,2026-09-09 14:15:34 +0800
1150909,2026-09-09,上市,1533,車王電,31.10,0.1500,31.95,31.95,30.60,83000,2578750,61,TWSE_CSV,2026-09-09 14:15:34 +0800
1150909,2026-09-09,上市,1535,中宇,45.30,-0.3500,45.20,45.50,45.20,46000,2087500,27,TWSE_CSV,2026-09-09 14:15:34 +0800
1150909,2026-09-09,上市,1536,和大,48.00,0.1000,47.90,48.30,47.60,642000,30801300,402,TWSE_CSV,2026-09-09 14:15:34 +0800
1150909,2026-09-09,上市,1537,廣隆,115.50,1.5000,114.00,115.50,114.00,43000,4944500,40,TWSE_CSV,2026-09-09 14:15:34 +0800
1150909,2026-09-09,上市,1538,正峰,8.10,-0.1300,8.15,8.20,8.10,22000,178750,8,TWSE_CSV,2026-09-09 14:15:34 +0800
1150909,2026-09-09,上市,1539,巨庭,15.65,0.0500,15.65,15.65,15.50,17000,265350,11,TWSE_CSV,2026-09-09 14:15:34 +0800
1150909,2026-09-09,上市,1540,喬福,19.55,0.1000,19.70,19.80,19.45,67000,1310200,46,TWSE_CSV,2026-09-09 14:15:34 +0800
1150909,2026-09-09,上市,1541,錩泰,21.40,-0.0500,21.15,21.40,21.10,6000,127250,6,TWSE_CSV,2026-09-09 14:15:34 +0800
1150909,2026-09-09,上市,1558,伸興,107.50,1.5000,107.00,107.50,106.00,128000,13675500,91,TWSE_CSV,2026-09-09 14:15:34 +0800
1150909,2026-09-09,上市,1560,中砂,730.00,13.0000,717.00,733.00,717.00,958000,694726000,620,TWSE_CSV,2026-09-09 14:15:34 +0800
1150909,2026-09-09,上市,1563,巧新,78.20,1.1000,76.40,78.80,75.20,1025000,78739800,709,TWSE_CSV,2026-09-09 14:15:34 +0800
1150909,2026-09-09,上市,1568,倉佑,29.00,0.0500,28.90,29.25,28.90,86000,2497000,64,TWSE_CSV,2026-09-09 14:15:34 +0800
1150909,2026-09-09,上市,1582,信錦,71.80,-0.4000,71.90,72.20,71.60,311000,22362500,256,TWSE_CSV,2026-09-09 14:15:34 +0800
1150909,2026-09-09,上市,1583,程泰,48.80,0.4500,49.35,49.35,48.20,17000,825700,16,TWSE_CSV,2026-09-09 14:15:34 +0800
1150909,2026-09-09,上市,1587,吉茂,23.80,-0.1000,23.90,23.95,23.60,151000,3592200,71,TWSE_CSV,2026-09-09 14:15:34 +0800
1150909,2026-09-09,上市,1590,亞德客-KY,1330.00,-5.0000,1305.00,1330.00,1285.00,1146000,1503665000,910,TWSE_CSV,2026-09-09 14:15:34 +0800
1150909,2026-09-09,上市,1597,直得,151.50,8.5000,142.00,154.00,142.00,3930000,590690000,3039,TWSE_CSV,2026-09-09 14:15:34 +0800
1150909,2026-09-09,上市,1598,岱宇,21.10,0.5500,20.85,21.60,20.85,693000,14647200,395,TWSE_CSV,2026-09-09 14:15:34 +0800
1150909,2026-09-09,上市,1603,華電,30.40,0.3500,30.00,30.40,30.00,158000,4781400,97,TWSE_CSV,2026-09-09 14:15:34 +0800
1150909,2026-09-09,上市,1604,聲寶,23.60,-0.0500,23.60,23.65,23.50,177000,4169050,71,TWSE_CSV,2026-09-09 14:15:34 +0800
1150909,2026-09-09,上市,1605,華新,38.35,0.2500,38.25,38.75,38.00,13781000,528596500,5907,TWSE_CSV,2026-09-09 14:15:34 +0800
1150909,2026-09-09,上市,1608,華榮,37.00,0.3500,37.10,37.50,36.85,3080000,114439100,1700,TWSE_CSV,2026-09-09 14:15:34 +0800
1150909,2026-09-09,上市,1609,大亞,38.10,0.5000,37.80,38.15,37.65,4042000,153504950,2034,TWSE_CSV,2026-09-09 14:15:34 +0800
1150909,2026-09-09,上市,1611,中電,11.75,0.1000,11.65,11.80,11.65,542000,6331900,222,TWSE_CSV,2026-09-09 14:15:34 +0800
1150909,2026-09-09,上市,1612,宏泰,35.20,0.5000,34.80,35.25,34.80,937000,32877350,442,TWSE_CSV,2026-09-09 14:15:34 +0800
1150909,2026-09-09,上市,1614,三洋電,30.60,-0.0500,30.65,30.70,30.50,62000,1897400,41,TWSE_CSV,2026-09-09 14:15:34 +0800
1150909,2026-09-09,上市,1615,大山,43.95,0.0500,43.85,44.05,43.85,75000,3295300,58,TWSE_CSV,2026-09-09 14:15:34 +0800
1150909,2026-09-09,上市,1616,億泰,19.15,0.4000,18.75,19.40,17.75,1880000,34810600,953,TWSE_CSV,2026-09-09 14:15:34 +0800
1150909,2026-09-09,上市,1617,榮星,17.80,0.2500,17.65,18.00,17.65,303000,5414950,173,TWSE_CSV,2026-09-09 14:15:34 +0800
1150909,2026-09-09,上市,1618,合機,39.30,-0.2000,39.70,39.70,39.25,244000,9616300,158,TWSE_CSV,2026-09-09 14:15:34 +0800
1150909,2026-09-09,上市,1623,大東電,218.50,14.5000,204.50,220.00,204.50,331000,70836500,216,TWSE_CSV,2026-09-09 14:15:34 +0800
1150909,2026-09-09,上市,1626,艾美特-KY,9.76,0.0400,9.72,9.82,9.72,39000,380490,18,TWSE_CSV,2026-09-09 14:15:34 +0800
1150909,2026-09-09,上市,1702,南僑,32.60,0.0000,32.55,32.60,32.45,81000,2634600,67,TWSE_CSV,2026-09-09 14:15:34 +0800
1150909,2026-09-09,上市,1707,葡萄王,91.20,0.7000,90.50,91.20,90.50,274000,24908300,208,TWSE_CSV,2026-09-09 14:15:34 +0800
1150909,2026-09-09,上市,1708,東鹼,50.20,0.0000,50.10,50.70,50.00,1373000,69026300,871,TWSE_CSV,2026-09-09 14:15:34 +0800
1150909,2026-09-09,上市,1709,和益,35.60,2.0000,33.50,36.00,33.50,13570000,479079350,7534,TWSE_CSV,2026-09-09 14:15:34 +0800
1150909,2026-09-09,上市,1710,東聯,16.20,0.3500,15.80,16.25,15.80,4904000,78992500,1139,TWSE_CSV,2026-09-09 14:15:34 +0800
1150909,2026-09-09,上市,1711,永光,39.85,0.3500,39.65,40.40,39.25,2059000,81853400,1289,TWSE_CSV,2026-09-09 14:15:34 +0800
1150909,2026-09-09,上市,1712,興農,40.85,0.0000,40.60,40.90,40.60,509000,20776900,393,TWSE_CSV,2026-09-09 14:15:34 +0800
1150909,2026-09-09,上市,1713,國化,42.85,-0.5000,43.25,43.30,42.55,944000,40490200,216,TWSE_CSV,2026-09-09 14:15:34 +0800
1150909,2026-09-09,上市,1714,和桐,16.80,0.5500,16.30,16.85,16.30,7484000,124426000,2767,TWSE_CSV,2026-09-09 14:15:34 +0800
1150909,2026-09-09,上市,1717,長興,72.30,0.0000,72.10,72.90,72.00,5953000,431193500,3943,TWSE_CSV,2026-09-09 14:15:34 +0800
1150909,2026-09-09,上市,1718,中纖,10.85,0.4500,10.50,10.95,10.50,21900000,235657950,5566,TWSE_CSV,2026-09-09 14:15:34 +0800
1150909,2026-09-09,上市,1720,生達,56.20,0.2000,56.00,56.40,56.00,211000,11840100,139,TWSE_CSV,2026-09-09 14:15:34 +0800
1150909,2026-09-09,上市,1721,國慶科技,23.70,-0.9000,26.85,26.85,23.10,4553000,111549550,2401,TWSE_CSV,2026-09-09 14:15:34 +0800
1150909,2026-09-09,上市,1722,台肥,44.20,-0.3500,44.50,44.85,44.15,3603000,159810000,1871,TWSE_CSV,2026-09-09 14:15:34 +0800
1150909,2026-09-09,上市,1723,中碳,83.60,-0.3000,83.80,85.00,82.70,666000,55719500,410,TWSE_CSV,2026-09-09 14:15:34 +0800
1150909,2026-09-09,上市,1725,元禎,32.95,0.6500,32.40,33.65,32.35,85000,2820950,76,TWSE_CSV,2026-09-09 14:15:34 +0800
1150909,2026-09-09,上市,1726,永記,77.20,-0.3000,77.20,77.90,77.20,25000,1935000,25,TWSE_CSV,2026-09-09 14:15:34 +0800
1150909,2026-09-09,上市,1727,中華化,91.10,0.5000,90.50,92.70,90.20,1486000,135435100,1139,TWSE_CSV,2026-09-09 14:15:34 +0800
1150909,2026-09-09,上市,1730,花仙子,51.40,0.1000,51.30,51.50,51.30,21000,1078300,13,TWSE_CSV,2026-09-09 14:15:34 +0800
1150909,2026-09-09,上市,1731,美吾華,20.90,-0.1000,21.00,21.05,20.85,56000,1171200,41,TWSE_CSV,2026-09-09 14:15:34 +0800
1150909,2026-09-09,上市,1732,毛寶,26.05,-0.1500,26.20,26.20,25.90,64000,1663600,51,TWSE_CSV,2026-09-09 14:15:34 +0800
1150909,2026-09-09,上市,1733,五鼎,31.35,0.2000,31.25,31.35,31.05,67000,2086850,54,TWSE_CSV,2026-09-09 14:15:34 +0800
1150909,2026-09-09,上市,1734,杏輝,31.10,0.0000,31.10,31.15,30.90,162000,5025000,103,TWSE_CSV,2026-09-09 14:15:34 +0800
1150909,2026-09-09,上市,1735,日勝化,20.30,0.1000,20.00,20.45,20.00,29000,587650,27,TWSE_CSV,2026-09-09 14:15:34 +0800
1150909,2026-09-09,上市,1736,喬山,126.00,-0.5000,127.50,133.50,126.00,716000,92030000,460,TWSE_CSV,2026-09-09 14:15:34 +0800
1150909,2026-09-09,上市,1737,臺鹽,30.70,0.0500,30.65,30.70,30.60,167000,5117200,105,TWSE_CSV,2026-09-09 14:15:34 +0800
1150909,2026-09-09,上市,1752,南光,31.70,0.2000,31.55,31.75,31.45,39000,1231800,31,TWSE_CSV,2026-09-09 14:15:34 +0800
1150909,2026-09-09,上市,1760,寶齡富錦,55.90,-0.1000,56.00,56.00,55.70,35000,1955200,35,TWSE_CSV,2026-09-09 14:15:34 +0800
1150909,2026-09-09,上市,1762,中化生,34.60,-0.4000,34.90,35.00,34.40,185000,6392600,119,TWSE_CSV,2026-09-09 14:15:34 +0800
1150909,2026-09-09,上市,1773,勝一,164.50,0.5000,164.00,165.00,162.50,335000,54893500,285,TWSE_CSV,2026-09-09 14:15:34 +0800
1150909,2026-09-09,上市,1776,展宇,17.40,0.1500,17.10,17.45,17.05,35000,607250,19,TWSE_CSV,2026-09-09 14:15:34 +0800
1150909,2026-09-09,上市,1783,和康生,37.60,-0.2000,37.80,37.85,37.55,59000,2221550,53,TWSE_CSV,2026-09-09 14:15:34 +0800
1150909,2026-09-09,上市,1786,科妍,44.70,-1.6000,44.85,45.40,44.40,358000,16001550,256,TWSE_CSV,2026-09-09 14:15:34 +0800
1150909,2026-09-09,上市,1789,神隆,19.15,0.0000,19.05,19.30,19.00,257000,4920700,135,TWSE_CSV,2026-09-09 14:15:34 +0800
1150909,2026-09-09,上市,1795,美時,179.00,-1.5000,180.00,180.00,178.00,681000,121928500,550,TWSE_CSV,2026-09-09 14:15:34 +0800
1150909,2026-09-09,上市,1802,台玻,60.20,0.3000,60.30,60.90,59.80,11774000,709890800,5953,TWSE_CSV,2026-09-09 14:15:34 +0800
1150909,2026-09-09,上市,1805,寶徠,10.10,0.1400,10.00,10.10,10.00,29000,290900,17,TWSE_CSV,2026-09-09 14:15:34 +0800
1150909,2026-09-09,上市,1806,冠軍,8.02,-0.0100,8.01,8.08,8.01,109000,876000,80,TWSE_CSV,2026-09-09 14:15:34 +0800
1150909,2026-09-09,上市,1808,潤隆,35.10,0.2500,34.65,35.45,34.65,2555000,89934250,1010,TWSE_CSV,2026-09-09 14:15:34 +0800
1150909,2026-09-09,上市,1809,中釉,39.00,0.9000,38.30,39.50,38.25,1922000,74860150,1209,TWSE_CSV,2026-09-09 14:15:34 +0800
1150909,2026-09-09,上市,1810,和成,24.00,0.0000,24.00,24.20,23.90,1130000,27113300,667,TWSE_CSV,2026-09-09 14:15:34 +0800
1150909,2026-09-09,上市,1817,凱撒衛,39.90,-0.1000,40.05,40.05,39.90,21000,839750,19,TWSE_CSV,2026-09-09 14:15:34 +0800
1150909,2026-09-09,上市,1903,士紙,47.85,0.0000,47.75,47.95,47.75,14000,669500,14,TWSE_CSV,2026-09-09 14:15:34 +0800
1150909,2026-09-09,上市,1904,正隆,24.55,0.1000,24.40,24.80,24.05,1538000,37656250,711,TWSE_CSV,2026-09-09 14:15:34 +0800
1150909,2026-09-09,上市,1905,華紙,13.45,0.2500,13.15,13.45,13.10,1155000,15361600,555,TWSE_CSV,2026-09-09 14:15:34 +0800
1150909,2026-09-09,上市,1906,寶隆,11.10,0.0000,11.10,11.15,11.05,45000,499700,26,TWSE_CSV,2026-09-09 14:15:34 +0800
1150909,2026-09-09,上市,1907,永豐餘,29.20,0.0500,28.95,29.25,28.90,669000,19476400,358,TWSE_CSV,2026-09-09 14:15:34 +0800
1150909,2026-09-09,上市,1909,榮成,10.70,-0.0500,10.70,10.75,10.60,2875000,30692850,744,TWSE_CSV,2026-09-09 14:15:34 +0800
1150909,2026-09-09,上市,2002,中鋼,19.25,0.1500,19.00,19.25,18.95,33297000,636974600,6774,TWSE_CSV,2026-09-09 14:15:34 +0800
1150909,2026-09-09,上市,2006,東和鋼鐵,82.00,0.1000,81.60,82.30,80.70,967000,78756400,741,TWSE_CSV,2026-09-09 14:15:34 +0800
1150909,2026-09-09,上市,2007,燁興,6.97,0.0500,6.91,6.98,6.88,180000,1245140,71,TWSE_CSV,2026-09-09 14:15:34 +0800
1150909,2026-09-09,上市,2008,高興昌,30.70,-0.0500,30.55,31.00,30.55,16000,491500,13,TWSE_CSV,2026-09-09 14:15:34 +0800
1150909,2026-09-09,上市,2009,第一銅,40.50,-0.1000,41.05,41.25,40.15,3846000,156308450,2280,TWSE_CSV,2026-09-09 14:15:34 +0800
1150909,2026-09-09,上市,2010,春源,22.55,0.1500,22.30,22.60,22.30,636000,14277000,344,TWSE_CSV,2026-09-09 14:15:34 +0800
1150909,2026-09-09,上市,2012,春雨,14.50,0.0500,14.45,14.50,14.40,34000,490900,27,TWSE_CSV,2026-09-09 14:15:34 +0800
1150909,2026-09-09,上市,2013,中鋼構,41.90,0.2000,41.95,41.95,41.55,59000,2462500,46,TWSE_CSV,2026-09-09 14:15:34 +0800
1150909,2026-09-09,上市,2014,中鴻,17.05,0.0500,16.90,17.10,16.85,1530000,25923350,613,TWSE_CSV,2026-09-09 14:15:34 +0800
1150909,2026-09-09,上市,2015,豐興,64.90,0.2000,64.10,64.90,64.10,58000,3746400,53,TWSE_CSV,2026-09-09 14:15:34 +0800
1150909,2026-09-09,上市,2017,官田鋼,8.91,-0.0600,9.01,9.01,8.90,268000,2390790,148,TWSE_CSV,2026-09-09 14:15:34 +0800
1150909,2026-09-09,上市,2020,美亞,21.90,0.1000,21.75,21.90,21.75,168000,3668150,97,TWSE_CSV,2026-09-09 14:15:34 +0800
1150909,2026-09-09,上市,2022,聚亨,7.45,-0.0100,7.40,7.46,7.40,224000,1664780,91,TWSE_CSV,2026-09-09 14:15:34 +0800
1150909,2026-09-09,上市,2023,燁輝,14.00,0.0500,13.90,14.05,13.90,633000,8852750,278,TWSE_CSV,2026-09-09 14:15:34 +0800
1150909,2026-09-09,上市,2024,志聯,13.20,0.0000,13.20,13.20,13.20,3000,39600,3,TWSE_CSV,2026-09-09 14:15:34 +0800
1150909,2026-09-09,上市,2025,千興,12.55,0.0000,12.45,12.65,12.40,188000,2353050,111,TWSE_CSV,2026-09-09 14:15:34 +0800
1150909,2026-09-09,上市,2027,大成鋼,48.60,-0.7500,49.10,49.60,48.40,14128000,688501300,5747,TWSE_CSV,2026-09-09 14:15:34 +0800
1150909,2026-09-09,上市,2028,威致,15.75,0.1000,15.65,15.80,15.60,30000,471450,25,TWSE_CSV,2026-09-09 14:15:34 +0800
1150909,2026-09-09,上市,2029,盛餘,21.50,0.2000,21.45,21.60,21.45,278000,5976000,126,TWSE_CSV,2026-09-09 14:15:34 +0800
1150909,2026-09-09,上市,2030,彰源,23.70,-0.1000,23.95,23.95,23.20,2231000,52608250,1136,TWSE_CSV,2026-09-09 14:15:34 +0800
1150909,2026-09-09,上市,2031,新光鋼,44.85,0.0000,44.45,44.95,44.20,387000,17266150,249,TWSE_CSV,2026-09-09 14:15:34 +0800
1150909,2026-09-09,上市,2032,新鋼,17.00,-0.0500,16.95,17.00,16.80,225000,3804500,119,TWSE_CSV,2026-09-09 14:15:34 +0800
1150909,2026-09-09,上市,2033,佳大,27.30,1.8500,25.45,27.85,25.45,1757000,47336150,1059,TWSE_CSV,2026-09-09 14:15:34 +0800
1150909,2026-09-09,上市,2034,允強,20.75,-0.2000,21.00,21.00,20.50,1007000,20741100,486,TWSE_CSV,2026-09-09 14:15:34 +0800
1150909,2026-09-09,上市,2038,海光,12.35,-0.0500,12.40,12.45,12.35,100000,1239000,59,TWSE_CSV,2026-09-09 14:15:34 +0800
1150909,2026-09-09,上市,2049,上銀,370.50,20.5000,352.00,381.50,352.00,8260000,3079371500,5888,TWSE_CSV,2026-09-09 14:15:34 +0800
1150909,2026-09-09,上市,2059,川湖,12400.00,-120.0000,12440.00,12785.00,12285.00,407000,5087270000,393,TWSE_CSV,2026-09-09 14:15:34 +0800
1150909,2026-09-09,上市,2062,橋椿,19.55,0.2500,19.50,19.55,19.40,619000,12048950,283,TWSE_CSV,2026-09-09 14:15:34 +0800
1150909,2026-09-09,上市,2069,運錩,23.30,0.9000,22.70,24.50,22.65,3722000,86392350,1641,TWSE_CSV,2026-09-09 14:15:34 +0800
1150909,2026-09-09,上市,2072,世紀風電,133.00,2.0000,131.50,133.00,131.00,191000,25235500,166,TWSE_CSV,2026-09-09 14:15:34 +0800
1150909,2026-09-09,上市,2101,南港,30.85,0.2000,30.70,30.95,30.55,1362000,41928950,676,TWSE_CSV,2026-09-09 14:15:34 +0800
1150909,2026-09-09,上市,2102,泰豐,17.70,-0.1000,17.75,18.00,17.60,353000,6245550,150,TWSE_CSV,2026-09-09 14:15:34 +0800
1150909,2026-09-09,上市,2103,台橡,26.50,0.7500,25.80,26.60,25.70,4072000,106788700,1602,TWSE_CSV,2026-09-09 14:15:34 +0800
1150909,2026-09-09,上市,2104,國際中橡,10.80,0.7000,10.10,10.95,10.10,10212000,109034900,2695,TWSE_CSV,2026-09-09 14:15:34 +0800
1150909,2026-09-09,上市,2105,正新,30.80,0.2000,30.55,30.90,30.50,2928000,89874250,1327,TWSE_CSV,2026-09-09 14:15:34 +0800
1150909,2026-09-09,上市,2106,建大,17.05,0.1000,16.90,17.10,16.90,786000,13360000,325,TWSE_CSV,2026-09-09 14:15:34 +0800
1150909,2026-09-09,上市,2107,厚生,26.90,0.1500,26.70,27.15,26.70,304000,8195950,157,TWSE_CSV,2026-09-09 14:15:34 +0800
1150909,2026-09-09,上市,2108,南帝,29.50,0.3500,29.25,29.55,29.00,425000,12456250,280,TWSE_CSV,2026-09-09 14:15:34 +0800
1150909,2026-09-09,上市,2109,華豐,14.90,-0.0500,14.90,14.95,14.80,62000,922750,33,TWSE_CSV,2026-09-09 14:15:34 +0800
1150909,2026-09-09,上市,2114,鑫永銓,89.80,0.0000,89.50,89.80,89.50,9000,806700,8,TWSE_CSV,2026-09-09 14:15:34 +0800
1150909,2026-09-09,上市,2115,六暉-KY,24.20,0.4000,24.20,24.65,24.10,181000,4407250,104,TWSE_CSV,2026-09-09 14:15:34 +0800
1150909,2026-09-09,上市,2201,裕隆,30.50,0.0500,30.25,30.60,30.15,2275000,68940800,1458,TWSE_CSV,2026-09-09 14:15:34 +0800
1150909,2026-09-09,上市,2204,中華,53.40,0.1000,53.20,53.60,53.10,360000,19193100,230,TWSE_CSV,2026-09-09 14:15:34 +0800
1150909,2026-09-09,上市,2206,三陽工業,64.20,0.5000,63.00,64.30,63.00,566000,36189000,382,TWSE_CSV,2026-09-09 14:15:34 +0800
1150909,2026-09-09,上市,2207,和泰車,530.00,-5.0000,529.00,531.00,525.00,133000,70214000,124,TWSE_CSV,2026-09-09 14:15:34 +0800
1150909,2026-09-09,上市,2208,台船,18.90,0.1000,18.80,19.00,18.80,1377000,25944450,549,TWSE_CSV,2026-09-09 14:15:34 +0800
1150909,2026-09-09,上市,2211,長榮鋼,84.00,0.8000,82.90,84.00,82.90,339000,28316500,231,TWSE_CSV,2026-09-09 14:15:34 +0800
1150909,2026-09-09,上市,2227,裕日車,47.85,-0.1500,47.70,47.90,47.60,17000,812350,17,TWSE_CSV,2026-09-09 14:15:34 +0800
1150909,2026-09-09,上市,2228,劍麟,76.00,0.5000,75.40,76.50,74.60,118000,8951000,92,TWSE_CSV,2026-09-09 14:15:34 +0800
1150909,2026-09-09,上市,2231,為升,90.20,1.0000,89.20,90.40,89.20,115000,10335600,96,TWSE_CSV,2026-09-09 14:15:34 +0800
1150909,2026-09-09,上市,2233,宇隆,166.00,5.0000,162.00,168.50,162.00,671000,111005000,475,TWSE_CSV,2026-09-09 14:15:34 +0800
1150909,2026-09-09,上市,2236,百達-KY,122.00,0.0000,122.50,122.50,119.00,190000,22943500,159,TWSE_CSV,2026-09-09 14:15:34 +0800
1150909,2026-09-09,上市,2237,華德動能-創,28.00,0.2500,28.05,28.25,27.85,263000,7377150,137,TWSE_CSV,2026-09-09 14:15:34 +0800
1150909,2026-09-09,上市,2239,英利-KY,19.95,0.0500,19.90,20.00,19.65,34000,675350,29,TWSE_CSV,2026-09-09 14:15:34 +0800
1150909,2026-09-09,上市,2241,艾姆勒,34.25,0.0500,34.65,34.70,34.20,128000,4396150,92,TWSE_CSV,2026-09-09 14:15:34 +0800
1150909,2026-09-09,上市,2243,宏旭-KY,49.95,4.5000,46.30,49.95,45.70,485000,23820400,335,TWSE_CSV,2026-09-09 14:15:34 +0800
1150909,2026-09-09,上市,2247,汎德永業,232.50,-0.5000,232.50,232.50,230.50,13000,3011500,13,TWSE_CSV,2026-09-09 14:15:34 +0800
1150909,2026-09-09,上市,2248,華勝-KY,60.30,0.0000,60.50,60.90,60.10,42000,2530100,19,TWSE_CSV,2026-09-09 14:15:34 +0800
1150909,2026-09-09,上市,2250,IKKA-KY,56.20,-0.2000,56.10,57.70,56.10,37000,2098100,33,TWSE_CSV,2026-09-09 14:15:34 +0800
1150909,2026-09-09,上市,2254,巨鎧精密-創,65.20,2.1000,63.10,65.20,63.00,1538000,98935500,567,TWSE_CSV,2026-09-09 14:15:34 +0800
1150909,2026-09-09,上市,2258,鴻華先進-創,31.80,-0.0500,31.50,31.85,31.30,286000,9014400,173,TWSE_CSV,2026-09-09 14:15:34 +0800
1150909,2026-09-09,上市,2301,光寶科,292.50,1.5000,293.00,298.50,291.00,13398000,3940659500,8597,TWSE_CSV,2026-09-09 14:15:34 +0800
1150909,2026-09-09,上市,2302,麗正,42.00,0.2000,42.40,43.15,41.85,1043000,44161300,746,TWSE_CSV,2026-09-09 14:15:34 +0800
1150909,2026-09-09,上市,2303,聯電,141.50,4.5000,141.00,144.50,137.00,267948000,37802508000,109264,TWSE_CSV,2026-09-09 14:15:34 +0800
1150909,2026-09-09,上市,2305,全友,35.00,1.8000,33.70,35.00,32.55,12233000,414211750,6784,TWSE_CSV,2026-09-09 14:15:34 +0800
1150909,2026-09-09,上市,2308,台達電,1795.00,-10.0000,1780.00,1855.00,1780.00,7461000,13543305000,5692,TWSE_CSV,2026-09-09 14:15:34 +0800
1150909,2026-09-09,上市,2312,金寶,31.80,0.5000,31.40,32.00,31.35,5106000,162169700,2452,TWSE_CSV,2026-09-09 14:15:34 +0800
1150909,2026-09-09,上市,2313,華通,228.00,-3.0000,231.50,234.50,227.50,20327000,4671456500,13312,TWSE_CSV,2026-09-09 14:15:34 +0800
1150909,2026-09-09,上市,2314,台揚,11.00,0.0500,10.75,11.00,10.75,96000,1046350,62,TWSE_CSV,2026-09-09 14:15:34 +0800
1150909,2026-09-09,上市,2316,楠梓電,161.00,3.0000,159.00,164.00,158.50,1815000,293232500,1299,TWSE_CSV,2026-09-09 14:15:34 +0800
1150909,2026-09-09,上市,2317,鴻海,252.00,0.5000,250.50,254.00,250.50,19236000,4856354000,10160,TWSE_CSV,2026-09-09 14:15:34 +0800
1150909,2026-09-09,上市,2321,東訊,15.10,1.3000,14.80,15.10,14.80,7000,104600,6,TWSE_CSV,2026-09-09 14:15:34 +0800
1150909,2026-09-09,上市,2323,中環,10.75,0.0500,10.70,10.85,10.65,3434000,36914750,782,TWSE_CSV,2026-09-09 14:15:34 +0800
1150909,2026-09-09,上市,2324,仁寶,38.90,-0.1500,38.80,39.35,38.60,33448000,1305026100,13278,TWSE_CSV,2026-09-09 14:15:34 +0800
1150909,2026-09-09,上市,2327,國巨*,565.00,-2.0000,574.00,585.00,563.00,26864000,15329151000,18680,TWSE_CSV,2026-09-09 14:15:34 +0800
1150909,2026-09-09,上市,2328,廣宇,46.30,0.3000,46.15,46.55,46.10,1215000,56293300,681,TWSE_CSV,2026-09-09 14:15:34 +0800
1150909,2026-09-09,上市,2329,華泰,42.65,-0.0500,42.40,43.35,42.40,1191000,51022650,786,TWSE_CSV,2026-09-09 14:15:34 +0800
1150909,2026-09-09,上市,2330,台積電,2465.00,-5.0000,2480.00,2490.00,2460.00,15553000,38476750000,7875,TWSE_CSV,2026-09-09 14:15:34 +0800
1150909,2026-09-09,上市,2331,精英,19.00,0.0000,19.00,19.10,18.90,850000,16135750,514,TWSE_CSV,2026-09-09 14:15:34 +0800
1150909,2026-09-09,上市,2332,友訊,19.15,0.4000,18.85,19.30,18.85,5828000,111509150,2452,TWSE_CSV,2026-09-09 14:15:34 +0800
1150909,2026-09-09,上市,2337,旺宏,126.50,0.5000,127.50,130.00,124.00,32611000,4137452000,17045,TWSE_CSV,2026-09-09 14:15:34 +0800
1150909,2026-09-09,上市,2338,光罩,41.50,3.7500,41.50,41.50,41.50,4400000,182600000,1435,TWSE_CSV,2026-09-09 14:15:34 +0800
1150909,2026-09-09,上市,2340,台亞,32.20,-0.1500,32.35,32.80,31.85,1776000,57266600,1187,TWSE_CSV,2026-09-09 14:15:34 +0800
1150909,2026-09-09,上市,2342,茂矽,39.00,0.0500,39.20,39.80,38.65,1127000,44128700,839,TWSE_CSV,2026-09-09 14:15:34 +0800
1150909,2026-09-09,上市,2344,華邦電,183.00,-5.0000,190.50,190.50,180.50,137792000,25374239000,75614,TWSE_CSV,2026-09-09 14:15:34 +0800
1150909,2026-09-09,上市,2345,智邦,2015.00,60.0000,1960.00,2070.00,1960.00,3377000,6859470000,2723,TWSE_CSV,2026-09-09 14:15:34 +0800
1150909,2026-09-09,上市,2347,聯強,88.60,-0.3000,88.30,88.70,87.80,1985000,175234800,1247,TWSE_CSV,2026-09-09 14:15:34 +0800
1150909,2026-09-09,上市,2348,海悅,71.20,-0.7000,71.60,71.60,69.90,552000,38932800,382,TWSE_CSV,2026-09-09 14:15:34 +0800
1150909,2026-09-09,上市,2349,錸德,10.70,0.0500,10.85,10.85,10.65,1567000,16811850,475,TWSE_CSV,2026-09-09 14:15:34 +0800
1150909,2026-09-09,上市,2351,順德,237.50,10.0000,228.00,240.00,225.50,4960000,1166721000,3786,TWSE_CSV,2026-09-09 14:15:34 +0800
1150909,2026-09-09,上市,2352,佳世達,28.80,0.1500,28.60,29.05,28.60,2345000,67622600,1204,TWSE_CSV,2026-09-09 14:15:34 +0800
1150909,2026-09-09,上市,2353,宏碁,31.80,0.7500,31.40,32.10,31.25,14361000,455817850,5584,TWSE_CSV,2026-09-09 14:15:34 +0800
1150909,2026-09-09,上市,2354,鴻準,64.50,0.0000,64.20,65.30,64.20,6840000,442712200,3897,TWSE_CSV,2026-09-09 14:15:34 +0800
1150909,2026-09-09,上市,2355,敬鵬,42.65,0.7500,41.90,42.85,41.90,1366000,58072900,843,TWSE_CSV,2026-09-09 14:15:34 +0800
1150909,2026-09-09,上市,2356,英業達,64.30,0.3000,63.10,65.10,63.00,14861000,957099600,7245,TWSE_CSV,2026-09-09 14:15:34 +0800
1150909,2026-09-09,上市,2357,華碩,979.00,11.0000,966.00,985.00,963.00,1786000,1745816000,1565,TWSE_CSV,2026-09-09 14:15:34 +0800
1150909,2026-09-09,上市,2359,所羅門,133.50,-2.0000,135.50,136.00,132.50,3472000,464159500,2436,TWSE_CSV,2026-09-09 14:15:34 +0800
1150909,2026-09-09,上市,2360,致茂,2335.00,70.0000,2270.00,2490.00,2265.00,4675000,11167910000,3877,TWSE_CSV,2026-09-09 14:15:34 +0800
1150909,2026-09-09,上市,2362,藍天,48.30,0.7500,47.60,48.45,47.55,540000,26001550,345,TWSE_CSV,2026-09-09 14:15:34 +0800
1150909,2026-09-09,上市,2363,矽統,52.60,0.8000,53.90,55.30,52.20,9214000,491474200,5513,TWSE_CSV,2026-09-09 14:15:34 +0800
1150909,2026-09-09,上市,2364,倫飛,65.60,-0.1000,65.50,66.00,65.20,143000,9366500,125,TWSE_CSV,2026-09-09 14:15:34 +0800
1150909,2026-09-09,上市,2365,昆盈,28.55,0.1000,28.45,28.70,28.35,389000,11113600,275,TWSE_CSV,2026-09-09 14:15:34 +0800
1150909,2026-09-09,上市,2367,燿華,42.20,0.7000,41.70,42.30,41.50,3049000,128109200,1762,TWSE_CSV,2026-09-09 14:15:34 +0800
1150909,2026-09-09,上市,2368,金像電,1100.00,25.0000,1100.00,1145.00,1095.00,5634000,6302190000,4400,TWSE_CSV,2026-09-09 14:15:34 +0800
1150909,2026-09-09,上市,2369,菱生,30.30,0.1000,30.20,30.80,30.20,3183000,97151100,1736,TWSE_CSV,2026-09-09 14:15:34 +0800
1150909,2026-09-09,上市,2371,大同,28.05,0.2500,27.70,28.10,27.70,3308000,92417350,1362,TWSE_CSV,2026-09-09 14:15:34 +0800
1150909,2026-09-09,上市,2373,震旦行,53.20,-0.2000,53.40,53.40,53.10,12000,640000,12,TWSE_CSV,2026-09-09 14:15:34 +0800
1150909,2026-09-09,上市,2374,佳能,67.70,0.3000,68.10,68.40,67.50,1894000,128549600,1063,TWSE_CSV,2026-09-09 14:15:34 +0800
1150909,2026-09-09,上市,2375,凱美,123.00,0.0000,124.00,127.50,122.00,1923000,238787500,1467,TWSE_CSV,2026-09-09 14:15:34 +0800
1150909,2026-09-09,上市,2376,技嘉,349.50,-7.5000,355.50,358.50,349.50,4566000,1611775500,3268,TWSE_CSV,2026-09-09 14:15:34 +0800
1150909,2026-09-09,上市,2377,微星,156.50,4.0000,152.50,158.00,152.00,9833000,1534916000,5933,TWSE_CSV,2026-09-09 14:15:34 +0800
1150909,2026-09-09,上市,2379,瑞昱,705.00,13.0000,699.00,733.00,698.00,2974000,2118883000,2297,TWSE_CSV,2026-09-09 14:15:34 +0800
1150909,2026-09-09,上市,2380,虹光,17.65,-0.0500,17.65,17.85,17.60,39000,689250,28,TWSE_CSV,2026-09-09 14:15:34 +0800
1150909,2026-09-09,上市,2382,廣達,342.00,14.0000,336.50,344.00,335.00,25822000,8799179500,13970,TWSE_CSV,2026-09-09 14:15:34 +0800
1150909,2026-09-09,上市,2383,台光電,5375.00,35.0000,5350.00,5645.00,5350.00,1624000,8907655000,1522,TWSE_CSV,2026-09-09 14:15:34 +0800
1150909,2026-09-09,上市,2385,群光,106.50,1.0000,105.00,107.00,104.00,2533000,268493000,1545,TWSE_CSV,2026-09-09 14:15:34 +0800
1150909,2026-09-09,上市,2387,精元,36.70,0.4500,36.20,36.95,36.20,257000,9398750,168,TWSE_CSV,2026-09-09 14:15:34 +0800
1150909,2026-09-09,上市,2388,威盛,77.90,1.8000,76.80,78.50,76.00,3187000,245497000,2276,TWSE_CSV,2026-09-09 14:15:34 +0800
1150909,2026-09-09,上市,2390,云辰,10.10,0.0500,10.10,10.10,10.00,368000,3700200,176,TWSE_CSV,2026-09-09 14:15:34 +0800
1150909,2026-09-09,上市,2392,正崴,42.80,0.0000,43.10,43.10,42.30,1661000,70949950,1183,TWSE_CSV,2026-09-09 14:15:34 +0800
1150909,2026-09-09,上市,2393,億光,62.70,0.1000,62.30,63.00,62.30,1183000,74074600,840,TWSE_CSV,2026-09-09 14:15:34 +0800
1150909,2026-09-09,上市,2395,研華,653.00,-4.0000,653.00,663.00,645.00,2101000,1376582000,1758,TWSE_CSV,2026-09-09 14:15:34 +0800
1150909,2026-09-09,上市,2397,友通,59.90,0.1000,59.90,60.00,59.30,303000,18077500,192,TWSE_CSV,2026-09-09 14:15:34 +0800
1150909,2026-09-09,上市,2399,映泰,45.80,0.1500,46.10,46.60,45.40,1776000,81456100,1232,TWSE_CSV,2026-09-09 14:15:34 +0800
1150909,2026-09-09,上市,2401,凌陽,25.15,0.3000,25.00,25.15,24.95,1327000,33251050,709,TWSE_CSV,2026-09-09 14:15:34 +0800
1150909,2026-09-09,上市,2402,毅嘉,54.60,0.0000,54.60,55.00,54.20,1052000,57411500,699,TWSE_CSV,2026-09-09 14:15:34 +0800
1150909,2026-09-09,上市,2404,漢唐,1065.00,10.0000,1055.00,1080.00,1055.00,1150000,1229315000,858,TWSE_CSV,2026-09-09 14:15:34 +0800
1150909,2026-09-09,上市,2405,輔信,15.00,0.1000,15.00,15.10,14.90,808000,12116550,343,TWSE_CSV,2026-09-09 14:15:34 +0800
1150909,2026-09-09,上市,2406,國碩,27.35,0.4500,27.25,27.40,26.90,2252000,61217650,1022,TWSE_CSV,2026-09-09 14:15:34 +0800
1150909,2026-09-09,上市,2408,南亞科,523.00,-8.0000,535.00,535.00,521.00,36320000,19144614000,24569,TWSE_CSV,2026-09-09 14:15:34 +0800
1150909,2026-09-09,上市,2409,友達,30.50,0.9000,30.55,32.20,30.15,587619000,18353802600,168144,TWSE_CSV,2026-09-09 14:15:34 +0800
1150909,2026-09-09,上市,2412,中華電,139.50,0.5000,138.00,139.50,137.50,9698000,1347361500,4515,TWSE_CSV,2026-09-09 14:15:34 +0800
1150909,2026-09-09,上市,2413,環科,50.50,4.5500,46.90,50.50,46.80,9875000,487350950,6490,TWSE_CSV,2026-09-09 14:15:34 +0800
1150909,2026-09-09,上市,2414,精技,52.80,1.1000,52.50,53.10,52.50,291000,15357300,202,TWSE_CSV,2026-09-09 14:15:34 +0800
1150909,2026-09-09,上市,2415,錩新,28.20,0.3000,28.20,28.80,27.85,104000,2956000,89,TWSE_CSV,2026-09-09 14:15:34 +0800
1150909,2026-09-09,上市,2417,圓剛,38.10,-0.2000,38.30,38.50,37.85,539000,20603500,354,TWSE_CSV,2026-09-09 14:15:34 +0800
1150909,2026-09-09,上市,2419,仲琦,27.20,0.5000,27.00,27.35,26.70,1071000,28956900,613,TWSE_CSV,2026-09-09 14:15:34 +0800
1150909,2026-09-09,上市,2420,新巨,54.20,0.5000,54.00,54.80,54.00,316000,17221000,216,TWSE_CSV,2026-09-09 14:15:34 +0800
1150909,2026-09-09,上市,2421,建準,167.50,-0.5000,165.50,169.00,160.00,4581000,757608000,3399,TWSE_CSV,2026-09-09 14:15:34 +0800
1150909,2026-09-09,上市,2423,固緯,74.00,0.1000,73.40,74.50,73.40,36000,2657900,32,TWSE_CSV,2026-09-09 14:15:34 +0800
1150909,2026-09-09,上市,2424,隴華,7.97,0.0100,7.74,8.28,7.74,24000,191880,19,TWSE_CSV,2026-09-09 14:15:34 +0800
1150909,2026-09-09,上市,2425,承啟,37.50,0.3000,37.20,37.80,37.10,433000,16176350,285,TWSE_CSV,2026-09-09 14:15:34 +0800
1150909,2026-09-09,上市,2426,鼎元,99.50,2.0000,102.00,107.00,98.70,55795000,5763277500,29434,TWSE_CSV,2026-09-09 14:15:34 +0800
1150909,2026-09-09,上市,2427,三商電,22.30,0.2500,22.20,22.40,21.95,258000,5714050,179,TWSE_CSV,2026-09-09 14:15:34 +0800
1150909,2026-09-09,上市,2428,興勤,248.50,-5.0000,252.00,255.50,248.00,1205000,301756500,991,TWSE_CSV,2026-09-09 14:15:34 +0800
1150909,2026-09-09,上市,2429,銘旺科,30.40,0.0000,30.40,30.75,30.05,164000,4992250,107,TWSE_CSV,2026-09-09 14:15:34 +0800
1150909,2026-09-09,上市,2430,燦坤,18.00,0.1000,17.75,18.00,17.75,29000,518250,20,TWSE_CSV,2026-09-09 14:15:34 +0800
1150909,2026-09-09,上市,2431,聯昌,9.99,0.0600,9.95,10.05,9.95,85000,849710,49,TWSE_CSV,2026-09-09 14:15:34 +0800
1150909,2026-09-09,上市,2432,倚天酷碁-創,27.65,-0.3500,27.75,27.90,27.65,18000,499500,16,TWSE_CSV,2026-09-09 14:15:34 +0800
1150909,2026-09-09,上市,2433,互盛電,41.25,-0.2500,41.45,41.60,41.15,41000,1692250,35,TWSE_CSV,2026-09-09 14:15:34 +0800
1150909,2026-09-09,上市,2434,統懋,60.90,-0.8000,63.10,64.80,59.20,647000,39605600,558,TWSE_CSV,2026-09-09 14:15:34 +0800
1150909,2026-09-09,上市,2436,偉詮電,69.00,1.9000,67.30,69.60,66.60,8080000,550816800,5609,TWSE_CSV,2026-09-09 14:15:34 +0800
1150909,2026-09-09,上市,2438,翔耀,20.40,0.4000,20.45,20.75,20.10,82000,1666950,73,TWSE_CSV,2026-09-09 14:15:34 +0800
1150909,2026-09-09,上市,2439,美律,74.90,-1.2000,75.60,75.80,74.40,2341000,175480200,1408,TWSE_CSV,2026-09-09 14:15:34 +0800
1150909,2026-09-09,上市,2440,太空梭,14.20,-0.0500,14.30,14.35,14.05,193000,2729850,122,TWSE_CSV,2026-09-09 14:15:34 +0800
1150909,2026-09-09,上市,2441,超豐,114.50,0.0000,115.00,118.50,114.50,2981000,346551500,1893,TWSE_CSV,2026-09-09 14:15:34 +0800
1150909,2026-09-09,上市,2442,新美齊,16.00,0.0500,15.90,16.00,15.75,851000,13513200,383,TWSE_CSV,2026-09-09 14:15:34 +0800
1150909,2026-09-09,上市,2444,兆勁,11.30,-0.2500,11.60,11.70,11.25,290000,3306400,148,TWSE_CSV,2026-09-09 14:15:34 +0800
1150909,2026-09-09,上市,2449,京元電子,270.00,1.5000,271.00,276.50,269.00,12174000,3303900500,7925,TWSE_CSV,2026-09-09 14:15:34 +0800
1150909,2026-09-09,上市,2450,神腦,28.25,0.1000,28.20,28.25,28.15,59000,1663100,38,TWSE_CSV,2026-09-09 14:15:34 +0800
1150909,2026-09-09,上市,2451,創見,287.50,1.5000,288.00,290.50,286.00,1580000,455285000,1207,TWSE_CSV,2026-09-09 14:15:34 +0800
1150909,2026-09-09,上市,2453,凌群,51.90,0.1000,51.90,52.30,51.80,142000,7380200,96,TWSE_CSV,2026-09-09 14:15:34 +0800
1150909,2026-09-09,上市,2454,聯發科,4625.00,-85.0000,4780.00,4780.00,4625.00,4715000,22056785000,3879,TWSE_CSV,2026-09-09 14:15:34 +0800
1150909,2026-09-09,上市,2455,全新,533.00,18.0000,536.00,552.00,523.00,2416000,1302950000,1918,TWSE_CSV,2026-09-09 14:15:34 +0800
1150909,2026-09-09,上市,2457,飛宏,22.75,0.2000,22.55,23.00,22.55,687000,15665450,392,TWSE_CSV,2026-09-09 14:15:34 +0800
1150909,2026-09-09,上市,2458,義隆,130.00,-0.5000,130.50,131.00,129.00,1004000,130595000,814,TWSE_CSV,2026-09-09 14:15:34 +0800
1150909,2026-09-09,上市,2459,敦吉,66.10,0.0000,66.10,66.30,65.80,23000,1518000,22,TWSE_CSV,2026-09-09 14:15:34 +0800
1150909,2026-09-09,上市,2460,建通,30.90,2.8000,28.20,30.90,28.20,846000,25243000,416,TWSE_CSV,2026-09-09 14:15:34 +0800
1150909,2026-09-09,上市,2461,光群雷,18.35,-0.0500,18.40,18.40,18.20,732000,13407600,292,TWSE_CSV,2026-09-09 14:15:34 +0800
1150909,2026-09-09,上市,2462,良得電,19.55,0.3500,19.65,19.65,19.20,120000,2342850,90,TWSE_CSV,2026-09-09 14:15:34 +0800
1150909,2026-09-09,上市,2464,盟立,197.50,3.0000,194.50,198.00,192.00,7528000,1470728500,5545,TWSE_CSV,2026-09-09 14:15:34 +0800
1150909,2026-09-09,上市,2465,麗臺,96.10,-0.8000,97.00,99.80,96.00,3382000,330184400,2519,TWSE_CSV,2026-09-09 14:15:34 +0800
1150909,2026-09-09,上市,2466,冠西電,103.50,4.9000,98.70,104.00,98.70,939000,96216500,676,TWSE_CSV,2026-09-09 14:15:34 +0800
1150909,2026-09-09,上市,2467,志聖,581.00,-29.0000,600.00,600.00,576.00,1935000,1133154000,1737,TWSE_CSV,2026-09-09 14:15:34 +0800
1150909,2026-09-09,上市,2468,華經,32.45,-0.0500,32.80,32.80,32.40,150000,4885100,106,TWSE_CSV,2026-09-09 14:15:34 +0800
1150909,2026-09-09,上市,2471,資通,49.40,0.0000,49.45,49.80,49.30,45000,2225250,33,TWSE_CSV,2026-09-09 14:15:34 +0800
1150909,2026-09-09,上市,2472,立隆電,215.00,-0.5000,216.50,220.50,213.00,1330000,286591500,1183,TWSE_CSV,2026-09-09 14:15:34 +0800
1150909,2026-09-09,上市,2474,可成,206.00,1.0000,205.50,208.00,205.50,2067000,427362500,1146,TWSE_CSV,2026-09-09 14:15:34 +0800
1150909,2026-09-09,上市,2476,鉅祥,120.00,0.5000,119.00,120.50,118.50,857000,102430000,531,TWSE_CSV,2026-09-09 14:15:34 +0800
1150909,2026-09-09,上市,2477,美隆電,22.00,0.4000,21.80,22.10,21.80,103000,2263050,70,TWSE_CSV,2026-09-09 14:15:34 +0800
1150909,2026-09-09,上市,2478,大毅,122.50,1.5000,121.50,124.50,121.00,1614000,198104500,1219,TWSE_CSV,2026-09-09 14:15:34 +0800
1150909,2026-09-09,上市,2480,敦陽科,155.50,0.0000,155.00,156.50,155.00,81000,12616500,65,TWSE_CSV,2026-09-09 14:15:34 +0800
1150909,2026-09-09,上市,2481,強茂,152.00,-0.5000,153.50,159.50,150.00,22943000,3519848500,14475,TWSE_CSV,2026-09-09 14:15:34 +0800
1150909,2026-09-09,上市,2482,連宇,15.95,0.1000,15.85,15.95,15.80,26000,412350,26,TWSE_CSV,2026-09-09 14:15:34 +0800
1150909,2026-09-09,上市,2483,百容,32.30,0.4000,32.35,32.40,31.75,555000,17815500,333,TWSE_CSV,2026-09-09 14:15:34 +0800
1150909,2026-09-09,上市,2484,希華,70.50,1.5000,71.60,73.10,69.50,7972000,567127500,5325,TWSE_CSV,2026-09-09 14:15:34 +0800
1150909,2026-09-09,上市,2485,兆赫,40.65,0.7500,40.00,41.10,40.00,1575000,64074200,1030,TWSE_CSV,2026-09-09 14:15:34 +0800
1150909,2026-09-09,上市,2486,一詮,249.50,4.0000,247.50,255.50,246.00,4152000,1040497000,3086,TWSE_CSV,2026-09-09 14:15:34 +0800
1150909,2026-09-09,上市,2488,漢平,48.25,-0.1000,48.40,49.30,48.25,105000,5079300,78,TWSE_CSV,2026-09-09 14:15:34 +0800
1150909,2026-09-09,上市,2489,瑞軒,39.45,0.3000,39.85,40.55,39.00,16815000,667849900,9686,TWSE_CSV,2026-09-09 14:15:34 +0800
1150909,2026-09-09,上市,2491,吉祥全,41.75,1.1500,40.55,41.90,40.40,918000,37752250,616,TWSE_CSV,2026-09-09 14:15:34 +0800
1150909,2026-09-09,上市,2492,華新科,319.50,1.0000,319.00,323.00,312.00,25675000,8144515500,17692,TWSE_CSV,2026-09-09 14:15:34 +0800
1150909,2026-09-09,上市,2493,揚博,180.00,0.5000,180.50,182.00,177.50,542000,97303500,483,TWSE_CSV,2026-09-09 14:15:34 +0800
1150909,2026-09-09,上市,2495,普安,36.95,0.9000,35.90,37.20,35.90,897000,33055200,615,TWSE_CSV,2026-09-09 14:15:34 +0800
1150909,2026-09-09,上市,2496,卓越,55.00,-0.1000,55.70,55.70,55.00,13000,718200,12,TWSE_CSV,2026-09-09 14:15:34 +0800
1150909,2026-09-09,上市,2497,怡利電,44.00,0.1000,43.80,44.05,43.65,184000,8075900,125,TWSE_CSV,2026-09-09 14:15:34 +0800
1150909,2026-09-09,上市,2498,宏達電,40.50,0.3000,40.40,40.75,40.25,2106000,85364450,1089,TWSE_CSV,2026-09-09 14:15:34 +0800
1150909,2026-09-09,上市,2501,國建,22.40,0.0000,22.35,22.40,22.25,472000,10549050,302,TWSE_CSV,2026-09-09 14:15:34 +0800
1150909,2026-09-09,上市,2504,國產,31.55,-0.0500,31.35,31.60,31.30,581000,18255550,339,TWSE_CSV,2026-09-09 14:15:34 +0800
1150909,2026-09-09,上市,2505,國揚,17.35,0.1000,17.20,17.35,17.20,187000,3231550,149,TWSE_CSV,2026-09-09 14:15:34 +0800
1150909,2026-09-09,上市,2506,太設,8.61,0.0300,8.58,8.63,8.51,262000,2244520,48,TWSE_CSV,2026-09-09 14:15:34 +0800
1150909,2026-09-09,上市,2509,全坤建,14.80,-0.1500,14.85,14.85,14.80,31000,459300,23,TWSE_CSV,2026-09-09 14:15:34 +0800
1150909,2026-09-09,上市,2511,太子,8.49,0.0200,8.45,8.51,8.45,531000,4508240,204,TWSE_CSV,2026-09-09 14:15:34 +0800
1150909,2026-09-09,上市,2514,龍邦,11.70,0.1000,11.60,11.80,11.60,48000,561350,34,TWSE_CSV,2026-09-09 14:15:34 +0800
1150909,2026-09-09,上市,2515,中工,12.05,0.1500,11.90,12.10,11.90,4012000,48156950,710,TWSE_CSV,2026-09-09 14:15:34 +0800
1150909,2026-09-09,上市,2516,新建,14.60,0.5000,14.20,14.75,14.10,493000,7109650,168,TWSE_CSV,2026-09-09 14:15:34 +0800
1150909,2026-09-09,上市,2520,冠德,36.90,0.1000,36.65,37.10,36.55,924000,34051700,415,TWSE_CSV,2026-09-09 14:15:34 +0800
1150909,2026-09-09,上市,2524,京城,35.25,-0.4500,35.00,35.75,35.00,32000,1135450,32,TWSE_CSV,2026-09-09 14:15:34 +0800
1150909,2026-09-09,上市,2527,宏璟,44.00,0.6500,43.30,44.00,43.25,485000,21169500,271,TWSE_CSV,2026-09-09 14:15:34 +0800
1150909,2026-09-09,上市,2528,皇普,20.20,0.0500,20.10,20.20,20.00,127000,2554650,88,TWSE_CSV,2026-09-09 14:15:34 +0800
1150909,2026-09-09,上市,2530,華建,19.80,-0.0500,19.80,19.90,19.60,700000,13843850,317,TWSE_CSV,2026-09-09 14:15:34 +0800
1150909,2026-09-09,上市,2534,宏盛,17.05,0.1500,16.85,17.05,16.85,213000,3617150,126,TWSE_CSV,2026-09-09 14:15:34 +0800
1150909,2026-09-09,上市,2535,達欣工,88.70,-0.4000,88.90,89.00,88.00,219000,19364200,195,TWSE_CSV,2026-09-09 14:15:34 +0800
1150909,2026-09-09,上市,2536,宏普,19.00,0.1500,18.85,19.10,18.80,746000,14103000,235,TWSE_CSV,2026-09-09 14:15:34 +0800
1150909,2026-09-09,上市,2537,聯上發,11.45,0.0500,11.40,11.50,11.35,329000,3749050,150,TWSE_CSV,2026-09-09 14:15:34 +0800
1150909,2026-09-09,上市,2538,基泰,8.83,-0.0400,8.87,8.88,8.76,474000,4170850,216,TWSE_CSV,2026-09-09 14:15:34 +0800
1150909,2026-09-09,上市,2539,櫻花建,35.75,0.5000,35.00,35.80,35.00,720000,25565400,360,TWSE_CSV,2026-09-09 14:15:34 +0800
1150909,2026-09-09,上市,2540,愛山林,49.10,0.9000,48.10,49.10,48.10,681000,33196800,447,TWSE_CSV,2026-09-09 14:15:34 +0800
1150909,2026-09-09,上市,2542,興富發,48.20,0.5000,47.55,48.35,47.45,8042000,386847800,3326,TWSE_CSV,2026-09-09 14:15:34 +0800
1150909,2026-09-09,上市,2543,皇昌,39.40,0.3500,38.80,39.60,38.80,621000,24346450,440,TWSE_CSV,2026-09-09 14:15:34 +0800
1150909,2026-09-09,上市,2545,皇翔,34.60,-0.2000,34.50,34.75,34.50,106000,3665900,72,TWSE_CSV,2026-09-09 14:15:34 +0800
1150909,2026-09-09,上市,2546,根基,104.00,-1.0000,104.50,105.00,103.50,45000,4694500,44,TWSE_CSV,2026-09-09 14:15:34 +0800
1150909,2026-09-09,上市,2547,日勝生,10.05,0.0900,9.96,10.10,9.96,1013000,10135780,318,TWSE_CSV,2026-09-09 14:15:34 +0800
1150909,2026-09-09,上市,2548,華固,95.60,1.0000,94.60,95.60,94.20,629000,59789600,439,TWSE_CSV,2026-09-09 14:15:34 +0800
1150909,2026-09-09,上市,2597,潤弘,175.00,4.0000,168.50,175.00,168.50,461000,79632000,324,TWSE_CSV,2026-09-09 14:15:34 +0800
1150909,2026-09-09,上市,2601,益航,6.85,0.0500,6.81,6.88,6.77,2218000,15136770,777,TWSE_CSV,2026-09-09 14:15:34 +0800
1150909,2026-09-09,上市,2603,長榮,234.00,5.0000,229.00,234.00,227.00,8490000,1967087500,4355,TWSE_CSV,2026-09-09 14:15:34 +0800
1150909,2026-09-09,上市,2605,新興,36.95,0.4500,36.55,37.20,35.85,13922000,510038050,6333,TWSE_CSV,2026-09-09 14:15:34 +0800
1150909,2026-09-09,上市,2606,裕民,79.70,1.9000,77.40,79.90,76.50,4639000,365344200,2959,TWSE_CSV,2026-09-09 14:15:34 +0800
1150909,2026-09-09,上市,2607,榮運,53.50,0.3000,53.20,53.70,53.10,322000,17189400,214,TWSE_CSV,2026-09-09 14:15:34 +0800
1150909,2026-09-09,上市,2608,嘉里大榮,28.45,0.0500,28.40,28.50,28.40,78000,2219050,64,TWSE_CSV,2026-09-09 14:15:34 +0800
1150909,2026-09-09,上市,2609,陽明,58.50,1.2000,57.10,58.60,56.50,31364000,1820572800,13323,TWSE_CSV,2026-09-09 14:15:34 +0800
1150909,2026-09-09,上市,2610,華航,20.45,-0.1500,20.50,20.60,20.40,8783000,179771500,2292,TWSE_CSV,2026-09-09 14:15:34 +0800
1150909,2026-09-09,上市,2611,志信,14.05,0.0500,13.90,14.20,13.90,295000,4141750,202,TWSE_CSV,2026-09-09 14:15:34 +0800
1150909,2026-09-09,上市,2612,中航,65.00,1.0000,64.00,65.20,63.30,775000,50101900,527,TWSE_CSV,2026-09-09 14:15:34 +0800
1150909,2026-09-09,上市,2613,中櫃,22.75,-0.1500,23.10,23.10,22.60,342000,7785650,221,TWSE_CSV,2026-09-09 14:15:34 +0800
1150909,2026-09-09,上市,2614,東森,18.15,0.0000,18.20,18.25,18.05,714000,12953100,298,TWSE_CSV,2026-09-09 14:15:34 +0800
1150909,2026-09-09,上市,2615,萬海,116.00,4.0000,113.00,117.50,110.50,25186000,2888405000,11805,TWSE_CSV,2026-09-09 14:15:34 +0800
1150909,2026-09-09,上市,2616,山隆,13.35,0.0000,13.40,13.40,13.30,78000,1041300,48,TWSE_CSV,2026-09-09 14:15:34 +0800
1150909,2026-09-09,上市,2617,台航,33.40,1.0500,32.05,33.60,31.95,3498000,115691300,1928,TWSE_CSV,2026-09-09 14:15:34 +0800
1150909,2026-09-09,上市,2618,長榮航,42.55,0.1000,42.45,42.70,42.20,11500000,487561950,4172,TWSE_CSV,2026-09-09 14:15:34 +0800
1150909,2026-09-09,上市,2630,亞航,48.65,-0.3500,48.40,49.20,48.40,645000,31474050,464,TWSE_CSV,2026-09-09 14:15:34 +0800
1150909,2026-09-09,上市,2633,台灣高鐵,26.10,0.0000,26.00,26.10,26.00,1895000,49380400,757,TWSE_CSV,2026-09-09 14:15:34 +0800
1150909,2026-09-09,上市,2634,漢翔,65.30,-0.6000,65.40,66.20,65.20,7297000,478395000,4084,TWSE_CSV,2026-09-09 14:15:34 +0800
1150909,2026-09-09,上市,2636,台驊控股,69.20,0.5000,68.70,69.20,68.40,253000,17426800,162,TWSE_CSV,2026-09-09 14:15:34 +0800
1150909,2026-09-09,上市,2637,慧洋-KY,100.50,2.4000,97.30,101.00,96.60,2929000,291779000,1984,TWSE_CSV,2026-09-09 14:15:34 +0800
1150909,2026-09-09,上市,2642,宅配通,20.25,0.0500,20.25,20.35,20.20,26000,526950,25,TWSE_CSV,2026-09-09 14:15:34 +0800
1150909,2026-09-09,上市,2645,長榮航太,174.50,2.0000,171.50,176.00,171.50,864000,150751000,584,TWSE_CSV,2026-09-09 14:15:34 +0800
1150909,2026-09-09,上市,2646,星宇航空,20.55,-0.0500,20.60,20.65,20.45,3098000,63698200,1212,TWSE_CSV,2026-09-09 14:15:34 +0800
1150909,2026-09-09,上市,2701,萬企,10.45,0.1000,10.35,10.45,10.35,53000,550300,29,TWSE_CSV,2026-09-09 14:15:34 +0800
1150909,2026-09-09,上市,2702,華園,12.70,0.0000,12.70,12.70,12.65,7000,88700,7,TWSE_CSV,2026-09-09 14:15:34 +0800
1150909,2026-09-09,上市,2704,國賓,46.30,0.7500,45.50,46.30,45.50,88000,4050150,84,TWSE_CSV,2026-09-09 14:15:34 +0800
1150909,2026-09-09,上市,2705,六福,15.65,0.0500,15.65,15.70,15.50,102000,1592300,44,TWSE_CSV,2026-09-09 14:15:34 +0800
1150909,2026-09-09,上市,2706,第一店,12.20,0.0000,12.20,12.20,12.15,54000,658450,31,TWSE_CSV,2026-09-09 14:15:34 +0800
1150909,2026-09-09,上市,2707,晶華,178.00,0.0000,177.50,178.00,177.00,84000,14914000,66,TWSE_CSV,2026-09-09 14:15:34 +0800
1150909,2026-09-09,上市,2712,遠雄來,14.45,0.1500,14.50,14.50,14.25,10000,143250,8,TWSE_CSV,2026-09-09 14:15:34 +0800
1150909,2026-09-09,上市,2722,夏都,21.45,-0.1000,21.65,21.65,21.45,16000,344900,15,TWSE_CSV,2026-09-09 14:15:34 +0800
1150909,2026-09-09,上市,2723,美食-KY,79.20,-2.5000,81.00,81.50,78.60,487000,38826000,373,TWSE_CSV,2026-09-09 14:15:34 +0800
1150909,2026-09-09,上市,2727,王品,229.00,-1.0000,229.00,229.50,229.00,121000,27746500,107,TWSE_CSV,2026-09-09 14:15:34 +0800
1150909,2026-09-09,上市,2731,雄獅,142.00,-1.0000,142.50,142.50,141.50,368000,52274500,302,TWSE_CSV,2026-09-09 14:15:34 +0800
1150909,2026-09-09,上市,2739,寒舍,37.70,0.0000,37.35,38.00,37.35,54000,2027600,49,TWSE_CSV,2026-09-09 14:15:34 +0800
1150909,2026-09-09,上市,2748,雲品,39.40,0.0000,39.50,39.90,39.10,111000,4381950,83,TWSE_CSV,2026-09-09 14:15:34 +0800
1150909,2026-09-09,上市,2753,八方雲集,178.50,-0.5000,178.50,179.00,178.50,102000,18215500,90,TWSE_CSV,2026-09-09 14:15:34 +0800
1150909,2026-09-09,上市,2762,世界健身-KY,81.20,-0.6000,81.40,82.10,80.70,128000,10397000,104,TWSE_CSV,2026-09-09 14:15:34 +0800
1150909,2026-09-09,上市,2801,彰銀,26.85,-0.4000,27.25,27.55,26.85,28738000,777138700,7817,TWSE_CSV,2026-09-09 14:15:34 +0800
1150909,2026-09-09,上市,2812,台中銀,19.15,-0.2500,19.20,19.20,18.90,28215000,536709600,6377,TWSE_CSV,2026-09-09 14:15:34 +0800
1150909,2026-09-09,上市,2816,旺旺保,38.75,-0.4000,39.35,39.35,38.50,329000,12734350,205,TWSE_CSV,2026-09-09 14:15:34 +0800
1150909,2026-09-09,上市,2820,華票,16.95,-0.0500,17.00,17.05,16.90,1644000,27893750,553,TWSE_CSV,2026-09-09 14:15:34 +0800
1150909,2026-09-09,上市,2832,台產,57.80,-0.2000,58.00,58.00,57.50,258000,14892500,154,TWSE_CSV,2026-09-09 14:15:34 +0800
1150909,2026-09-09,上市,2834,臺企銀,17.95,0.2500,17.75,17.95,17.70,59012000,1053022800,7972,TWSE_CSV,2026-09-09 14:15:34 +0800
1150909,2026-09-09,上市,2836,高雄銀,12.35,0.1000,12.35,12.35,12.20,1903000,23401100,457,TWSE_CSV,2026-09-09 14:15:34 +0800
1150909,2026-09-09,上市,2838,聯邦銀,21.00,-0.3000,21.05,21.20,20.95,1718000,36137150,685,TWSE_CSV,2026-09-09 14:15:34 +0800
1150909,2026-09-09,上市,2845,遠東銀,13.55,-0.1500,13.65,13.65,13.50,7746000,105088700,2248,TWSE_CSV,2026-09-09 14:15:34 +0800
1150909,2026-09-09,上市,2849,安泰銀,16.05,-0.1500,16.20,16.20,15.90,329000,5286550,140,TWSE_CSV,2026-09-09 14:15:34 +0800
1150909,2026-09-09,上市,2850,新產,158.00,0.5000,156.50,158.50,156.00,135000,21231500,121,TWSE_CSV,2026-09-09 14:15:34 +0800
1150909,2026-09-09,上市,2851,中再保,45.50,-0.1500,45.55,45.65,44.50,2325000,105380700,1587,TWSE_CSV,2026-09-09 14:15:34 +0800
1150909,2026-09-09,上市,2852,第一保,28.05,0.0000,28.05,28.15,28.00,136000,3816550,75,TWSE_CSV,2026-09-09 14:15:34 +0800
1150909,2026-09-09,上市,2855,統一證,52.10,-0.1000,52.30,52.30,51.40,5455000,283192200,2982,TWSE_CSV,2026-09-09 14:15:34 +0800
1150909,2026-09-09,上市,2880,華南金,44.35,-0.8000,44.85,45.25,44.05,8873000,393642100,3665,TWSE_CSV,2026-09-09 14:15:34 +0800
1150909,2026-09-09,上市,2881,富邦金,147.00,-2.0000,148.50,149.00,145.00,16299000,2394487500,5463,TWSE_CSV,2026-09-09 14:15:34 +0800
1150909,2026-09-09,上市,2882,國泰金,110.50,-3.0000,112.50,113.00,109.00,23257000,2568091500,8115,TWSE_CSV,2026-09-09 14:15:34 +0800
1150909,2026-09-09,上市,2883,凱基金,36.75,-0.5500,37.05,37.25,36.00,51889000,1893199850,14549,TWSE_CSV,2026-09-09 14:15:34 +0800
1150909,2026-09-09,上市,2884,玉山金,44.25,-1.3000,46.00,46.05,43.80,62035000,2743398500,19970,TWSE_CSV,2026-09-09 14:15:34 +0800
1150909,2026-09-09,上市,2885,元大金,69.70,-0.9000,70.40,70.70,69.00,20592000,1434681800,6196,TWSE_CSV,2026-09-09 14:15:34 +0800
1150909,2026-09-09,上市,2886,兆豐金,50.30,-0.3000,50.00,50.50,49.60,14733000,737385500,4710,TWSE_CSV,2026-09-09 14:15:34 +0800
1150909,2026-09-09,上市,2887,台新新光金,42.40,-0.4000,42.75,43.05,41.55,68421000,2878319700,19412,TWSE_CSV,2026-09-09 14:15:34 +0800
1150909,2026-09-09,上市,2889,國票金,16.70,0.1000,16.55,16.75,16.50,14805000,246316450,2396,TWSE_CSV,2026-09-09 14:15:34 +0800
1150909,2026-09-09,上市,2890,永豐金,43.20,-0.2500,43.50,44.10,42.85,25736000,1111973400,7659,TWSE_CSV,2026-09-09 14:15:34 +0800
1150909,2026-09-09,上市,2891,中信金,66.60,-1.6000,67.40,67.40,66.20,28787000,1920203000,10637,TWSE_CSV,2026-09-09 14:15:34 +0800
1150909,2026-09-09,上市,2892,第一金,37.80,-0.0500,37.95,38.10,37.15,30479000,1145828150,9616,TWSE_CSV,2026-09-09 14:15:34 +0800
1150909,2026-09-09,上市,2897,王道銀行,10.85,-0.1000,10.85,10.90,10.80,2049000,22242500,495,TWSE_CSV,2026-09-09 14:15:34 +0800
1150909,2026-09-09,上市,2901,欣欣,23.70,-0.0500,23.70,23.75,23.50,6000,141850,5,TWSE_CSV,2026-09-09 14:15:34 +0800
1150909,2026-09-09,上市,2903,遠百,22.40,-0.0500,22.30,22.50,22.30,690000,15442100,322,TWSE_CSV,2026-09-09 14:15:34 +0800
1150909,2026-09-09,上市,2904,匯僑,12.70,0.0000,12.70,12.70,12.65,21000,266150,17,TWSE_CSV,2026-09-09 14:15:34 +0800
1150909,2026-09-09,上市,2905,三商,18.05,-0.2000,18.30,18.30,17.90,1028000,18536800,448,TWSE_CSV,2026-09-09 14:15:34 +0800
1150909,2026-09-09,上市,2906,高林,13.80,0.0500,13.70,13.80,13.70,70000,962100,45,TWSE_CSV,2026-09-09 14:15:34 +0800
1150909,2026-09-09,上市,2908,特力,22.25,0.0000,22.15,22.30,22.00,208000,4620150,89,TWSE_CSV,2026-09-09 14:15:34 +0800
1150909,2026-09-09,上市,2910,統領,23.95,-0.1000,24.25,24.40,23.95,8000,194450,8,TWSE_CSV,2026-09-09 14:15:34 +0800
1150909,2026-09-09,上市,2911,麗嬰房,6.41,-0.0100,6.41,6.49,6.35,62000,397470,44,TWSE_CSV,2026-09-09 14:15:34 +0800
1150909,2026-09-09,上市,2912,統一超,217.50,0.5000,216.00,218.50,216.00,1188000,258358500,741,TWSE_CSV,2026-09-09 14:15:34 +0800
1150909,2026-09-09,上市,2913,農林,11.10,0.1000,11.00,11.10,10.95,683000,7515350,239,TWSE_CSV,2026-09-09 14:15:34 +0800
1150909,2026-09-09,上市,2915,潤泰全,57.40,0.0000,57.00,57.60,56.90,937000,53667900,494,TWSE_CSV,2026-09-09 14:15:34 +0800
1150909,2026-09-09,上市,2923,鼎固-KY,27.80,1.1000,26.55,28.25,26.55,138000,3835000,109,TWSE_CSV,2026-09-09 14:15:34 +0800
1150909,2026-09-09,上市,2929,淘帝-KY,5.79,0.0800,5.64,5.86,5.62,54000,307210,40,TWSE_CSV,2026-09-09 14:15:34 +0800
1150909,2026-09-09,上市,2939,永邑-KY,19.70,-0.3000,19.60,19.70,19.30,28000,545300,21,TWSE_CSV,2026-09-09 14:15:34 +0800
1150909,2026-09-09,上市,2945,三商家購,39.55,0.0000,39.75,40.00,39.55,36000,1429300,24,TWSE_CSV,2026-09-09 14:15:34 +0800
1150909,2026-09-09,上市,3002,歐格,17.25,-0.1000,17.65,17.85,17.25,116000,2026500,78,TWSE_CSV,2026-09-09 14:15:34 +0800
1150909,2026-09-09,上市,3003,健和興,59.60,0.9000,59.00,59.70,58.40,653000,38630200,422,TWSE_CSV,2026-09-09 14:15:34 +0800
1150909,2026-09-09,上市,3004,豐達科,122.50,1.5000,121.50,125.00,121.00,582000,71603500,375,TWSE_CSV,2026-09-09 14:15:34 +0800
1150909,2026-09-09,上市,3005,神基,115.00,2.5000,113.00,116.00,113.00,2001000,229101500,1094,TWSE_CSV,2026-09-09 14:15:34 +0800
1150909,2026-09-09,上市,3006,晶豪科,306.50,8.0000,300.00,311.00,294.50,16931000,5156611000,11692,TWSE_CSV,2026-09-09 14:15:34 +0800
1150909,2026-09-09,上市,3008,大立光,6870.00,370.0000,6660.00,6930.00,6550.00,1197000,8132250000,1143,TWSE_CSV,2026-09-09 14:15:34 +0800
1150909,2026-09-09,上市,3010,華立,125.00,-2.0000,125.50,127.00,123.50,973000,121564000,596,TWSE_CSV,2026-09-09 14:15:34 +0800
1150909,2026-09-09,上市,3011,今皓,10.00,0.0300,9.96,10.00,9.89,348000,3460830,181,TWSE_CSV,2026-09-09 14:15:34 +0800
1150909,2026-09-09,上市,3013,晟銘電,87.00,3.2000,84.00,87.70,84.00,923000,79177000,679,TWSE_CSV,2026-09-09 14:15:34 +0800
1150909,2026-09-09,上市,3014,聯陽,131.00,1.0000,130.50,132.00,130.50,553000,72558000,433,TWSE_CSV,2026-09-09 14:15:34 +0800
1150909,2026-09-09,上市,3015,全漢,52.50,0.1000,52.30,52.70,52.10,264000,13824900,221,TWSE_CSV,2026-09-09 14:15:34 +0800
1150909,2026-09-09,上市,3016,嘉晶,100.00,-1.5000,102.00,102.50,99.40,3307000,332539500,2379,TWSE_CSV,2026-09-09 14:15:34 +0800
1150909,2026-09-09,上市,3017,奇鋐,3380.00,95.0000,3285.00,3395.00,3265.00,2270000,7599635000,2054,TWSE_CSV,2026-09-09 14:15:34 +0800
1150909,2026-09-09,上市,3018,隆銘綠能,11.40,0.2000,11.20,11.40,11.15,29000,326350,21,TWSE_CSV,2026-09-09 14:15:34 +0800
1150909,2026-09-09,上市,3019,亞光,142.50,4.0000,139.50,143.50,139.00,3369000,477600500,2415,TWSE_CSV,2026-09-09 14:15:34 +0800
1150909,2026-09-09,上市,3021,鴻名,24.75,-0.3500,24.90,26.50,24.50,931000,23597150,645,TWSE_CSV,2026-09-09 14:15:34 +0800
1150909,2026-09-09,上市,3022,威強電,85.70,-0.7000,86.50,86.70,85.30,1479000,126917800,992,TWSE_CSV,2026-09-09 14:15:34 +0800
1150909,2026-09-09,上市,3023,信邦,329.00,6.0000,323.00,329.50,323.00,388000,126935000,341,TWSE_CSV,2026-09-09 14:15:34 +0800
1150909,2026-09-09,上市,3024,憶聲,13.95,0.1500,13.80,14.05,13.70,757000,10536550,307,TWSE_CSV,2026-09-09 14:15:34 +0800
1150909,2026-09-09,上市,3025,星通,50.60,0.2000,50.50,50.90,50.00,246000,12399600,161,TWSE_CSV,2026-09-09 14:15:34 +0800
1150909,2026-09-09,上市,3026,禾伸堂,758.00,11.0000,775.00,793.00,747.00,12560000,9671153000,10204,TWSE_CSV,2026-09-09 14:15:34 +0800
1150909,2026-09-09,上市,3027,盛達,18.05,0.0000,17.95,18.10,17.95,35000,631500,32,TWSE_CSV,2026-09-09 14:15:34 +0800
1150909,2026-09-09,上市,3028,增你強,62.00,-0.3000,62.20,62.30,61.30,868000,53626900,707,TWSE_CSV,2026-09-09 14:15:34 +0800
1150909,2026-09-09,上市,3029,零壹,111.00,-0.5000,112.00,112.00,110.00,631000,70012000,478,TWSE_CSV,2026-09-09 14:15:34 +0800
1150909,2026-09-09,上市,3030,德律,271.00,1.0000,272.00,276.50,270.50,633000,173130000,539,TWSE_CSV,2026-09-09 14:15:34 +0800
1150909,2026-09-09,上市,3031,佰鴻,24.35,0.5500,23.80,24.70,23.80,674000,16311950,399,TWSE_CSV,2026-09-09 14:15:34 +0800
1150909,2026-09-09,上市,3032,偉訓,78.40,-0.2000,79.00,79.00,78.00,227000,17792700,154,TWSE_CSV,2026-09-09 14:15:34 +0800
1150909,2026-09-09,上市,3033,威健,41.85,-1.4500,43.05,43.10,41.30,9981000,416519050,5888,TWSE_CSV,2026-09-09 14:15:34 +0800
1150909,2026-09-09,上市,3034,聯詠,543.00,9.0000,532.00,552.00,532.00,3637000,1982376000,2584,TWSE_CSV,2026-09-09 14:15:34 +0800
1150909,2026-09-09,上市,3035,智原,176.50,1.5000,177.00,179.50,175.50,1888000,334505500,1247,TWSE_CSV,2026-09-09 14:15:34 +0800
1150909,2026-09-09,上市,3036,文曄,191.50,2.0000,189.00,191.50,188.00,3559000,676772500,2339,TWSE_CSV,2026-09-09 14:15:34 +0800
1150909,2026-09-09,上市,3037,欣興,993.00,39.0000,980.00,1005.00,980.00,20213000,20058856000,15019,TWSE_CSV,2026-09-09 14:15:34 +0800
1150909,2026-09-09,上市,3038,全台,20.00,0.0000,20.00,20.10,19.80,345000,6880250,160,TWSE_CSV,2026-09-09 14:15:34 +0800
1150909,2026-09-09,上市,3040,遠見,35.70,-0.1000,35.10,35.70,34.20,393000,13738750,243,TWSE_CSV,2026-09-09 14:15:34 +0800
1150909,2026-09-09,上市,3041,揚智,22.95,0.4500,22.55,23.10,22.50,467000,10659150,316,TWSE_CSV,2026-09-09 14:15:34 +0800
1150909,2026-09-09,上市,3042,晶技,184.50,12.5000,180.00,188.50,178.00,20014000,3674977500,11703,TWSE_CSV,2026-09-09 14:15:34 +0800
1150909,2026-09-09,上市,3043,科風,20.90,0.0500,20.90,20.90,20.70,55000,1143500,37,TWSE_CSV,2026-09-09 14:15:34 +0800
1150909,2026-09-09,上市,3044,健鼎,509.00,25.0000,482.00,514.00,482.00,4244000,2150119000,3375,TWSE_CSV,2026-09-09 14:15:34 +0800
1150909,2026-09-09,上市,3045,台灣大,119.50,1.5000,117.50,119.50,117.00,8085000,958524000,2705,TWSE_CSV,2026-09-09 14:15:34 +0800
1150909,2026-09-09,上市,3046,建碁,54.40,0.4000,54.00,54.50,53.80,141000,7647800,123,TWSE_CSV,2026-09-09 14:15:34 +0800
1150909,2026-09-09,上市,3047,訊舟,13.75,0.5000,13.45,13.75,13.45,667000,9107100,387,TWSE_CSV,2026-09-09 14:15:34 +0800
1150909,2026-09-09,上市,3048,益登,51.60,-0.4000,52.30,52.60,51.50,1092000,56536800,803,TWSE_CSV,2026-09-09 14:15:34 +0800
1150909,2026-09-09,上市,3049,精金,12.50,0.0000,12.50,12.75,12.50,5910000,74470450,1721,TWSE_CSV,2026-09-09 14:15:34 +0800
1150909,2026-09-09,上市,3050,鈺德,11.35,0.0500,11.30,11.35,11.20,244000,2753850,121,TWSE_CSV,2026-09-09 14:15:34 +0800
1150909,2026-09-09,上市,3051,力特,21.50,0.2500,21.25,21.70,21.25,294000,6311350,163,TWSE_CSV,2026-09-09 14:15:34 +0800
1150909,2026-09-09,上市,3052,夆典,10.55,0.0500,10.45,10.55,10.45,76000,796400,47,TWSE_CSV,2026-09-09 14:15:34 +0800
1150909,2026-09-09,上市,3054,立萬利,56.90,-0.1000,57.90,58.40,56.20,56000,3203400,49,TWSE_CSV,2026-09-09 14:15:34 +0800
1150909,2026-09-09,上市,3055,蔚華科,149.50,3.5000,155.00,159.00,143.00,13347000,2016676500,9792,TWSE_CSV,2026-09-09 14:15:34 +0800
1150909,2026-09-09,上市,3056,富華新,14.00,0.0500,13.90,14.00,13.85,571000,7953050,203,TWSE_CSV,2026-09-09 14:15:34 +0800
1150909,2026-09-09,上市,3057,喬鼎,16.60,0.0000,16.95,16.95,16.50,65000,1079100,52,TWSE_CSV,2026-09-09 14:15:34 +0800
1150909,2026-09-09,上市,3058,立德,8.06,0.0400,8.03,8.12,8.03,318000,2568550,159,TWSE_CSV,2026-09-09 14:15:34 +0800
1150909,2026-09-09,上市,3059,華晶科,38.00,0.0000,37.65,38.00,37.65,943000,35735100,610,TWSE_CSV,2026-09-09 14:15:34 +0800
1150909,2026-09-09,上市,3060,銘異,26.85,0.9000,26.70,27.15,26.50,1020000,27345950,681,TWSE_CSV,2026-09-09 14:15:34 +0800
1150909,2026-09-09,上市,3062,建漢,20.60,0.2000,20.40,20.75,20.40,636000,13123200,347,TWSE_CSV,2026-09-09 14:15:34 +0800
1150909,2026-09-09,上市,3090,日電貿,166.00,-1.5000,168.00,171.00,166.00,2597000,434642000,2039,TWSE_CSV,2026-09-09 14:15:34 +0800
1150909,2026-09-09,上市,3092,鴻碩,23.80,0.1500,23.65,24.30,23.65,194000,4635500,116,TWSE_CSV,2026-09-09 14:15:34 +0800
1150909,2026-09-09,上市,3094,聯傑,40.80,-0.4500,41.30,41.90,40.70,4138000,169860600,2656,TWSE_CSV,2026-09-09 14:15:34 +0800
1150909,2026-09-09,上市,3130,一零四,209.50,-0.5000,210.00,210.00,209.00,33000,6904000,32,TWSE_CSV,2026-09-09 14:15:34 +0800
1150909,2026-09-09,上市,3135,凌航,170.00,-1.0000,172.00,173.50,169.50,803000,137421500,639,TWSE_CSV,2026-09-09 14:15:34 +0800
1150909,2026-09-09,上市,3138,耀登,92.30,1.1000,92.40,92.90,91.60,109000,10071600,86,TWSE_CSV,2026-09-09 14:15:34 +0800
1150909,2026-09-09,上市,3149,正達,62.50,2.3000,60.80,63.00,60.80,4698000,292075800,2906,TWSE_CSV,2026-09-09 14:15:34 +0800
1150909,2026-09-09,上市,3150,鈺寶-創,15.95,-0.1500,15.90,16.00,15.85,8000,127500,7,TWSE_CSV,2026-09-09 14:15:34 +0800
1150909,2026-09-09,上市,3164,景岳,16.00,0.2500,15.75,16.00,15.60,17000,268900,14,TWSE_CSV,2026-09-09 14:15:34 +0800
1150909,2026-09-09,上市,3167,大量,900.00,-38.0000,939.00,952.00,880.00,7164000,6560340000,5994,TWSE_CSV,2026-09-09 14:15:34 +0800
1150909,2026-09-09,上市,3168,眾福科,42.80,-0.7000,42.25,43.20,42.25,19000,808750,11,TWSE_CSV,2026-09-09 14:15:34 +0800
1150909,2026-09-09,上市,3189,景碩,812.00,12.0000,812.00,835.00,805.00,14800000,12117507000,11452,TWSE_CSV,2026-09-09 14:15:34 +0800
1150909,2026-09-09,上市,3209,全科,45.50,0.1500,45.50,45.60,45.05,579000,26261850,392,TWSE_CSV,2026-09-09 14:15:34 +0800
1150909,2026-09-09,上市,3229,晟鈦,60.70,5.5000,56.00,60.70,55.50,5319000,316552500,3157,TWSE_CSV,2026-09-09 14:15:34 +0800
1150909,2026-09-09,上市,3231,緯創,189.00,2.5000,185.50,191.00,184.00,66395000,12521468500,25678,TWSE_CSV,2026-09-09 14:15:34 +0800
1150909,2026-09-09,上市,3257,虹冠電,47.30,-0.5000,47.80,47.80,47.00,282000,13396500,216,TWSE_CSV,2026-09-09 14:15:34 +0800
1150909,2026-09-09,上市,3266,昇陽,14.00,0.0000,14.00,14.00,13.95,15000,209700,15,TWSE_CSV,2026-09-09 14:15:34 +0800
1150909,2026-09-09,上市,3296,勝德,24.00,0.0000,24.00,24.15,24.00,11000,264350,11,TWSE_CSV,2026-09-09 14:15:34 +0800
1150909,2026-09-09,上市,3305,昇貿,104.50,1.0000,105.00,105.00,103.00,820000,85333000,605,TWSE_CSV,2026-09-09 14:15:34 +0800
1150909,2026-09-09,上市,3308,聯德,21.65,-0.1000,21.55,21.70,21.55,14000,302950,13,TWSE_CSV,2026-09-09 14:15:34 +0800
1150909,2026-09-09,上市,3311,閎暉,32.30,0.7500,31.75,32.40,31.60,122000,3894500,97,TWSE_CSV,2026-09-09 14:15:34 +0800
1150909,2026-09-09,上市,3312,弘憶股,49.55,-0.5500,49.45,51.50,49.40,859000,42910000,640,TWSE_CSV,2026-09-09 14:15:34 +0800
1150909,2026-09-09,上市,3321,同泰,17.35,0.1500,17.05,17.40,17.00,204000,3496000,103,TWSE_CSV,2026-09-09 14:15:34 +0800
1150909,2026-09-09,上市,3338,泰碩,68.10,-0.1000,69.20,70.10,67.00,951000,64989200,754,TWSE_CSV,2026-09-09 14:15:34 +0800
1150909,2026-09-09,上市,3346,麗清,18.50,0.1000,18.30,18.55,18.30,97000,1791100,77,TWSE_CSV,2026-09-09 14:15:34 +0800
1150909,2026-09-09,上市,3356,奇偶,59.40,-0.2000,60.00,60.00,59.20,622000,36991000,422,TWSE_CSV,2026-09-09 14:15:34 +0800
1150909,2026-09-09,上市,3376,新日興,206.00,2.5000,204.50,210.50,201.00,5354000,1101792000,3719,TWSE_CSV,2026-09-09 14:15:34 +0800
1150909,2026-09-09,上市,3380,明泰,30.40,0.5000,30.10,31.00,30.10,2988000,91028500,1742,TWSE_CSV,2026-09-09 14:15:34 +0800
1150909,2026-09-09,上市,3406,玉晶光,1110.00,100.0000,1030.00,1110.00,980.00,5416000,5742876000,3936,TWSE_CSV,2026-09-09 14:15:34 +0800
1150909,2026-09-09,上市,3413,京鼎,282.00,0.5000,284.00,285.00,281.50,480000,135775500,411,TWSE_CSV,2026-09-09 14:15:34 +0800
1150909,2026-09-09,上市,3416,融程電,160.50,0.0000,160.50,163.00,160.50,244000,39412000,210,TWSE_CSV,2026-09-09 14:15:34 +0800
1150909,2026-09-09,上市,3419,譁裕,11.20,-0.0500,11.25,11.30,11.20,103000,1156450,64,TWSE_CSV,2026-09-09 14:15:34 +0800
1150909,2026-09-09,上市,3432,台端,14.60,0.5000,14.10,14.60,14.10,49000,702500,17,TWSE_CSV,2026-09-09 14:15:34 +0800
1150909,2026-09-09,上市,3437,榮創,18.65,0.7000,17.95,19.00,17.95,1191000,22144900,667,TWSE_CSV,2026-09-09 14:15:34 +0800
1150909,2026-09-09,上市,3443,創意,5925.00,-35.0000,5955.00,6075.00,5875.00,955000,5699195000,910,TWSE_CSV,2026-09-09 14:15:34 +0800
1150909,2026-09-09,上市,3447,展達,27.50,-0.6000,28.00,28.10,27.30,85000,2352450,74,TWSE_CSV,2026-09-09 14:15:34 +0800
1150909,2026-09-09,上市,3450,聯鈞,520.00,-7.0000,538.00,548.00,510.00,3477000,1808684000,2972,TWSE_CSV,2026-09-09 14:15:34 +0800
1150909,2026-09-09,上市,3481,群創,50.10,1.3000,49.35,51.60,49.35,301197000,15274405650,100297,TWSE_CSV,2026-09-09 14:15:34 +0800
1150909,2026-09-09,上市,3494,誠研,7.07,-0.0100,7.02,7.07,7.00,54000,379280,38,TWSE_CSV,2026-09-09 14:15:34 +0800
1150909,2026-09-09,上市,3501,維熹,39.25,-0.3000,39.50,39.80,39.25,105000,4132050,86,TWSE_CSV,2026-09-09 14:15:34 +0800
1150909,2026-09-09,上市,3504,揚明光,86.00,2.8000,83.70,87.50,83.10,2586000,222712900,2028,TWSE_CSV,2026-09-09 14:15:34 +0800
1150909,2026-09-09,上市,3515,華擎,225.50,4.0000,221.50,226.00,221.50,249000,55681500,211,TWSE_CSV,2026-09-09 14:15:34 +0800
1150909,2026-09-09,上市,3518,柏騰,29.25,0.1500,29.10,29.50,29.05,299000,8738250,187,TWSE_CSV,2026-09-09 14:15:34 +0800
1150909,2026-09-09,上市,3528,安馳,83.70,2.4000,82.10,83.80,81.30,157000,12970900,125,TWSE_CSV,2026-09-09 14:15:34 +0800
1150909,2026-09-09,上市,3530,晶相光,56.70,-0.1000,57.00,57.10,56.60,69000,3921000,64,TWSE_CSV,2026-09-09 14:15:34 +0800
1150909,2026-09-09,上市,3532,台勝科,424.00,26.0000,412.00,425.50,401.50,9009000,3757195500,7114,TWSE_CSV,2026-09-09 14:15:34 +0800
1150909,2026-09-09,上市,3533,嘉澤,1625.00,5.0000,1610.00,1650.00,1600.00,454000,740910000,414,TWSE_CSV,2026-09-09 14:15:34 +0800
1150909,2026-09-09,上市,3535,晶彩科,89.60,0.4000,90.20,92.70,89.50,902000,82017300,750,TWSE_CSV,2026-09-09 14:15:34 +0800
1150909,2026-09-09,上市,3543,州巧,43.05,-0.3000,43.45,44.10,42.80,812000,35145400,531,TWSE_CSV,2026-09-09 14:15:34 +0800
1150909,2026-09-09,上市,3545,敦泰,50.80,-0.3000,51.00,51.20,50.60,483000,24588600,276,TWSE_CSV,2026-09-09 14:15:34 +0800
1150909,2026-09-09,上市,3550,聯穎,22.90,0.2500,22.70,22.95,22.50,618000,14019450,384,TWSE_CSV,2026-09-09 14:15:34 +0800
1150909,2026-09-09,上市,3557,嘉威,24.05,-0.4500,24.20,24.70,24.05,32000,776100,23,TWSE_CSV,2026-09-09 14:15:34 +0800
1150909,2026-09-09,上市,3563,牧德,688.00,-7.0000,694.00,701.00,678.00,316000,217558000,277,TWSE_CSV,2026-09-09 14:15:34 +0800
1150909,2026-09-09,上市,3576,聯合再生,16.95,0.0500,16.90,17.10,16.70,5619000,94731250,2244,TWSE_CSV,2026-09-09 14:15:34 +0800
1150909,2026-09-09,上市,3583,辛耘,730.00,-10.0000,740.00,758.00,728.00,975000,721334000,924,TWSE_CSV,2026-09-09 14:15:34 +0800
1150909,2026-09-09,上市,3588,通嘉,53.00,0.6000,52.60,53.30,52.00,211000,11091700,151,TWSE_CSV,2026-09-09 14:15:34 +0800
1150909,2026-09-09,上市,3591,艾笛森,23.65,0.2500,23.40,24.00,23.00,1266000,29512050,737,TWSE_CSV,2026-09-09 14:15:34 +0800
1150909,2026-09-09,上市,3592,瑞鼎,222.00,3.5000,220.50,223.50,220.50,289000,64208000,263,TWSE_CSV,2026-09-09 14:15:34 +0800
1150909,2026-09-09,上市,3593,力銘,10.40,0.0000,10.55,10.55,10.40,6000,62700,6,TWSE_CSV,2026-09-09 14:15:34 +0800
1150909,2026-09-09,上市,3596,智易,157.50,2.0000,156.00,159.00,155.50,734000,115430500,466,TWSE_CSV,2026-09-09 14:15:34 +0800
1150909,2026-09-09,上市,3605,宏致,129.50,5.5000,123.00,134.50,121.50,25056000,3242948000,15378,TWSE_CSV,2026-09-09 14:15:34 +0800
1150909,2026-09-09,上市,3607,谷崧,13.65,0.1000,13.55,13.65,13.55,70000,951200,53,TWSE_CSV,2026-09-09 14:15:34 +0800
1150909,2026-09-09,上市,3617,碩天,241.00,-4.0000,247.50,247.50,240.00,314000,76169500,282,TWSE_CSV,2026-09-09 14:15:34 +0800
1150909,2026-09-09,上市,3622,洋華,48.50,-1.1000,49.40,49.40,48.35,421000,20451200,328,TWSE_CSV,2026-09-09 14:15:34 +0800
1150909,2026-09-09,上市,3645,達邁,73.90,0.2000,73.00,74.10,72.40,2332000,170923000,1612,TWSE_CSV,2026-09-09 14:15:34 +0800
1150909,2026-09-09,上市,3652,精聯,33.45,1.4500,33.15,33.80,32.80,138000,4589800,107,TWSE_CSV,2026-09-09 14:15:34 +0800
1150909,2026-09-09,上市,3653,健策,5760.00,210.0000,5705.00,5845.00,5600.00,1062000,6122470000,979,TWSE_CSV,2026-09-09 14:15:34 +0800
1150909,2026-09-09,上市,3661,世芯-KY,3905.00,-125.0000,3985.00,3990.00,3850.00,2914000,11359660000,2574,TWSE_CSV,2026-09-09 14:15:34 +0800
1150909,2026-09-09,上市,3665,貿聯-KY,1975.00,40.0000,1935.00,2015.00,1890.00,2267000,4460555000,1967,TWSE_CSV,2026-09-09 14:15:34 +0800
1150909,2026-09-09,上市,3669,圓展,33.00,0.2500,32.75,33.00,32.75,79000,2599550,60,TWSE_CSV,2026-09-09 14:15:34 +0800
1150909,2026-09-09,上市,3673,TPK-KY,64.20,0.3000,64.00,65.30,64.00,2356000,152177300,1403,TWSE_CSV,2026-09-09 14:15:34 +0800
1150909,2026-09-09,上市,3679,新至陞,107.00,-0.5000,107.50,107.50,106.50,25000,2675500,19,TWSE_CSV,2026-09-09 14:15:34 +0800
1150909,2026-09-09,上市,3686,達能,14.20,0.0000,14.10,14.25,14.10,131000,1852450,52,TWSE_CSV,2026-09-09 14:15:34 +0800
1150909,2026-09-09,上市,3694,海華,49.65,0.2500,50.00,50.30,49.30,372000,18507450,282,TWSE_CSV,2026-09-09 14:15:34 +0800
1150909,2026-09-09,上市,3701,大眾控,42.00,1.4000,40.85,42.80,40.80,1771000,74668350,1276,TWSE_CSV,2026-09-09 14:15:34 +0800
1150909,2026-09-09,上市,3702,大聯大,105.00,0.5000,104.00,107.00,103.00,9797000,1032670000,4874,TWSE_CSV,2026-09-09 14:15:34 +0800
1150909,2026-09-09,上市,3703,欣陸,19.95,0.1000,19.70,20.00,19.70,692000,13800950,264,TWSE_CSV,2026-09-09 14:15:34 +0800
1150909,2026-09-09,上市,3704,合勤控,39.40,0.5000,39.00,39.60,39.00,561000,22058100,378,TWSE_CSV,2026-09-09 14:15:34 +0800
1150909,2026-09-09,上市,3705,永信,56.30,0.2000,56.20,56.60,56.00,169000,9534900,107,TWSE_CSV,2026-09-09 14:15:34 +0800
1150909,2026-09-09,上市,3706,神達,81.80,0.0000,81.60,82.30,81.10,16641000,1357847600,10715,TWSE_CSV,2026-09-09 14:15:34 +0800
1150909,2026-09-09,上市,3708,上緯投控,99.10,-0.5000,99.80,100.00,99.10,456000,45422300,322,TWSE_CSV,2026-09-09 14:15:34 +0800
1150909,2026-09-09,上市,3711,日月光投控,640.00,22.0000,621.00,645.00,621.00,21438000,13648905000,13273,TWSE_CSV,2026-09-09 14:15:34 +0800
1150909,2026-09-09,上市,3712,永崴投控,20.75,0.1000,20.60,20.90,20.55,148000,3061400,115,TWSE_CSV,2026-09-09 14:15:34 +0800
1150909,2026-09-09,上市,3714,富采,63.70,-1.2000,65.70,67.20,63.60,14498000,946941600,8646,TWSE_CSV,2026-09-09 14:15:34 +0800
1150909,2026-09-09,上市,3715,定穎投控,135.00,8.5000,126.50,138.00,125.00,16709000,2206801000,10841,TWSE_CSV,2026-09-09 14:15:34 +0800
1150909,2026-09-09,上市,3716,中化控股,34.10,0.1000,34.10,34.20,33.80,205000,6972850,118,TWSE_CSV,2026-09-09 14:15:34 +0800
1150909,2026-09-09,上市,3717,聯嘉投控,21.75,0.3500,21.10,22.30,21.10,1175000,25676150,570,TWSE_CSV,2026-09-09 14:15:34 +0800
1150909,2026-09-09,上市,4104,佳醫,71.00,-0.1000,70.80,71.20,70.80,62000,4400400,45,TWSE_CSV,2026-09-09 14:15:34 +0800
1150909,2026-09-09,上市,4106,雃博,24.40,-0.1000,24.30,24.40,24.00,239000,5785650,121,TWSE_CSV,2026-09-09 14:15:34 +0800
1150909,2026-09-09,上市,4108,懷特,11.30,0.1000,11.35,11.45,11.20,95000,1078700,58,TWSE_CSV,2026-09-09 14:15:34 +0800
1150909,2026-09-09,上市,4119,旭富,57.70,3.9000,53.80,58.40,53.50,698000,39316800,422,TWSE_CSV,2026-09-09 14:15:34 +0800
1150909,2026-09-09,上市,4133,亞諾法,20.35,0.0500,20.30,20.50,20.25,56000,1138350,44,TWSE_CSV,2026-09-09 14:15:34 +0800
1150909,2026-09-09,上市,4137,麗豐-KY,77.00,-0.1000,77.00,78.10,75.20,454000,34859600,352,TWSE_CSV,2026-09-09 14:15:34 +0800
1150909,2026-09-09,上市,4142,國光生,17.75,0.2000,17.60,17.75,17.50,440000,7775250,239,TWSE_CSV,2026-09-09 14:15:34 +0800
1150909,2026-09-09,上市,4148,全宇生技-KY,31.15,0.0500,31.80,31.80,31.15,15000,472150,15,TWSE_CSV,2026-09-09 14:15:34 +0800
1150909,2026-09-09,上市,4155,訊映,14.10,-0.0500,14.20,14.20,14.00,206000,2895600,124,TWSE_CSV,2026-09-09 14:15:34 +0800
1150909,2026-09-09,上市,4164,承業醫,25.75,-0.0500,25.85,25.85,25.70,196000,5054750,127,TWSE_CSV,2026-09-09 14:15:34 +0800
1150909,2026-09-09,上市,4169,泰宗,149.50,0.5000,150.00,150.00,149.00,73000,10923000,60,TWSE_CSV,2026-09-09 14:15:34 +0800
1150909,2026-09-09,上市,4178,永笙-KY,16.85,0.0000,16.85,17.00,16.80,95000,1599750,40,TWSE_CSV,2026-09-09 14:15:34 +0800
1150909,2026-09-09,上市,4190,佐登-KY,26.00,0.0000,26.00,26.00,26.00,2000,52000,2,TWSE_CSV,2026-09-09 14:15:34 +0800
1150909,2026-09-09,上市,4195,基米-創,13.95,0.1500,13.55,14.10,13.40,83000,1141050,43,TWSE_CSV,2026-09-09 14:15:34 +0800
1150909,2026-09-09,上市,4306,炎洲,15.20,0.1000,15.15,15.20,15.10,682000,10322650,248,TWSE_CSV,2026-09-09 14:15:34 +0800
1150909,2026-09-09,上市,4414,如興,8.18,0.0200,8.16,8.22,8.13,87000,710050,32,TWSE_CSV,2026-09-09 14:15:34 +0800
1150909,2026-09-09,上市,4426,利勤,7.56,0.0100,7.55,7.63,7.55,46000,349260,32,TWSE_CSV,2026-09-09 14:15:34 +0800
1150909,2026-09-09,上市,4438,廣越,58.00,0.4000,57.50,58.00,57.00,64000,3675400,50,TWSE_CSV,2026-09-09 14:15:34 +0800
1150909,2026-09-09,上市,4439,冠星-KY,95.50,-0.6000,95.50,96.10,95.50,12000,1148300,11,TWSE_CSV,2026-09-09 14:15:34 +0800
1150909,2026-09-09,上市,4440,宜新實業,17.60,0.0000,17.60,17.65,17.60,13000,228950,11,TWSE_CSV,2026-09-09 14:15:34 +0800
1150909,2026-09-09,上市,4441,振大環球,174.00,-1.0000,174.00,175.00,173.50,43000,7499500,37,TWSE_CSV,2026-09-09 14:15:34 +0800
1150909,2026-09-09,上市,4526,東台,31.85,-0.3000,31.40,32.25,31.40,2120000,67510750,1314,TWSE_CSV,2026-09-09 14:15:34 +0800
1150909,2026-09-09,上市,4532,瑞智,23.75,0.0000,23.70,23.95,23.60,913000,21722650,438,TWSE_CSV,2026-09-09 14:15:34 +0800
1150909,2026-09-09,上市,4536,拓凱,166.00,3.5000,162.50,166.00,162.00,165000,27185000,122,TWSE_CSV,2026-09-09 14:15:34 +0800
1150909,2026-09-09,上市,4540,全球傳動,57.70,0.0000,57.90,59.10,57.40,1189000,69217600,820,TWSE_CSV,2026-09-09 14:15:34 +0800
1150909,2026-09-09,上市,4545,銘鈺,31.70,0.0500,31.80,31.95,31.65,25000,794850,25,TWSE_CSV,2026-09-09 14:15:34 +0800
1150909,2026-09-09,上市,4551,智伸科,168.00,5.0000,164.50,169.50,164.50,992000,166160500,760,TWSE_CSV,2026-09-09 14:15:34 +0800
1150909,2026-09-09,上市,4552,力達-KY,16.30,0.2500,16.00,16.40,16.00,194000,3128700,93,TWSE_CSV,2026-09-09 14:15:34 +0800
1150909,2026-09-09,上市,4555,氣立,43.10,0.1500,43.05,43.45,42.85,124000,5350800,93,TWSE_CSV,2026-09-09 14:15:34 +0800
1150909,2026-09-09,上市,4557,永新-KY,49.95,0.3000,50.00,50.20,49.75,22000,1099850,19,TWSE_CSV,2026-09-09 14:15:34 +0800
1150909,2026-09-09,上市,4560,強信-KY,29.25,0.1000,29.15,29.25,28.95,243000,7072050,118,TWSE_CSV,2026-09-09 14:15:34 +0800
1150909,2026-09-09,上市,4562,穎漢,30.00,-0.0500,29.90,30.30,29.85,144000,4319950,94,TWSE_CSV,2026-09-09 14:15:34 +0800
1150909,2026-09-09,上市,4564,元翎,15.70,-0.1000,15.60,15.80,15.60,650000,10177550,376,TWSE_CSV,2026-09-09 14:15:34 +0800
1150909,2026-09-09,上市,4566,時碩工業,63.90,1.2000,63.50,64.10,62.80,545000,34721900,416,TWSE_CSV,2026-09-09 14:15:34 +0800
1150909,2026-09-09,上市,4569,六方科-KY,159.50,-12.0000,165.00,165.00,158.00,239000,38422500,201,TWSE_CSV,2026-09-09 14:15:34 +0800
1150909,2026-09-09,上市,4571,鈞興-KY,151.50,-3.5000,154.00,154.00,151.00,266000,40500500,203,TWSE_CSV,2026-09-09 14:15:34 +0800
1150909,2026-09-09,上市,4572,駐龍,140.50,-1.0000,141.00,141.00,140.00,9000,1265500,9,TWSE_CSV,2026-09-09 14:15:34 +0800
1150909,2026-09-09,上市,4576,大銀微系統,244.00,8.5000,239.00,249.00,236.50,4194000,1017864000,3382,TWSE_CSV,2026-09-09 14:15:34 +0800
1150909,2026-09-09,上市,4581,光隆精密-KY,47.35,0.0000,47.90,47.95,47.35,8000,381100,5,TWSE_CSV,2026-09-09 14:15:34 +0800
1150909,2026-09-09,上市,4582,聚恆-創,23.10,0.1000,22.95,23.10,22.80,54000,1240200,35,TWSE_CSV,2026-09-09 14:15:34 +0800
1150909,2026-09-09,上市,4583,台灣精銳,455.00,-8.0000,461.50,463.00,448.00,89000,40383000,75,TWSE_CSV,2026-09-09 14:15:34 +0800
1150909,2026-09-09,上市,4585,達明,292.00,-5.0000,295.00,295.50,291.00,271000,79457000,233,TWSE_CSV,2026-09-09 14:15:34 +0800
1150909,2026-09-09,上市,4588,玖鼎電力,51.30,-0.1000,50.00,51.40,49.90,110000,5557700,69,TWSE_CSV,2026-09-09 14:15:34 +0800
1150909,2026-09-09,上市,4590,富田-創,93.40,4.3000,91.50,95.30,91.30,1157000,108310100,719,TWSE_CSV,2026-09-09 14:15:34 +0800
1150909,2026-09-09,上市,4720,德淵,18.55,0.0500,18.50,18.60,18.35,289000,5339650,189,TWSE_CSV,2026-09-09 14:15:34 +0800
1150909,2026-09-09,上市,4722,國精化,193.00,0.0000,193.50,195.50,190.50,455000,87671500,390,TWSE_CSV,2026-09-09 14:15:34 +0800
1150909,2026-09-09,上市,4736,泰博,125.50,1.0000,124.50,126.50,124.50,177000,22215000,138,TWSE_CSV,2026-09-09 14:15:34 +0800
1150909,2026-09-09,上市,4737,華廣,58.20,-0.6000,58.80,58.80,57.70,98000,5706000,84,TWSE_CSV,2026-09-09 14:15:34 +0800
1150909,2026-09-09,上市,4739,康普,77.60,-4.5000,77.50,78.80,74.80,4563000,350823800,3150,TWSE_CSV,2026-09-09 14:15:34 +0800
1150909,2026-09-09,上市,4746,台耀,45.80,0.2500,45.20,46.20,45.20,464000,21204100,324,TWSE_CSV,2026-09-09 14:15:34 +0800
1150909,2026-09-09,上市,4755,三福化,114.00,-1.0000,115.00,115.50,113.50,190000,21745500,136,TWSE_CSV,2026-09-09 14:15:34 +0800
1150909,2026-09-09,上市,4763,材料*-KY,48.30,-0.8500,49.25,49.45,48.30,5999000,291792150,3430,TWSE_CSV,2026-09-09 14:15:34 +0800
1150909,2026-09-09,上市,4764,雙鍵,226.50,8.0000,219.50,233.50,219.50,684000,154189500,539,TWSE_CSV,2026-09-09 14:15:34 +0800
1150909,2026-09-09,上市,4766,南寶,340.50,-5.5000,343.00,343.00,340.00,144000,49129000,139,TWSE_CSV,2026-09-09 14:15:34 +0800
1150909,2026-09-09,上市,4770,上品,249.50,15.5000,232.00,250.00,229.00,1324000,318818500,951,TWSE_CSV,2026-09-09 14:15:34 +0800
1150909,2026-09-09,上市,4771,望隼,212.00,0.5000,213.00,214.50,208.50,145000,30661500,106,TWSE_CSV,2026-09-09 14:15:34 +0800
1150909,2026-09-09,上市,4807,日成-KY,29.00,1.4000,27.60,29.40,27.30,173000,4950900,140,TWSE_CSV,2026-09-09 14:15:34 +0800
1150909,2026-09-09,上市,4904,遠傳,104.00,0.0000,102.50,104.50,102.50,4195000,433772000,2134,TWSE_CSV,2026-09-09 14:15:34 +0800
1150909,2026-09-09,上市,4906,正文,36.60,0.5000,36.20,36.85,36.20,2637000,96503350,1434,TWSE_CSV,2026-09-09 14:15:34 +0800
1150909,2026-09-09,上市,4912,聯德控股-KY,97.50,-3.0000,98.60,99.50,97.20,952000,93518500,512,TWSE_CSV,2026-09-09 14:15:34 +0800
1150909,2026-09-09,上市,4915,致伸,61.40,0.9000,60.40,61.70,60.40,3950000,242172400,2176,TWSE_CSV,2026-09-09 14:15:34 +0800
1150909,2026-09-09,上市,4916,事欣科,96.00,0.7000,95.30,96.30,95.30,764000,73101500,580,TWSE_CSV,2026-09-09 14:15:34 +0800
1150909,2026-09-09,上市,4919,新唐,119.00,1.0000,118.50,120.50,117.50,1819000,216547500,1185,TWSE_CSV,2026-09-09 14:15:34 +0800
1150909,2026-09-09,上市,4927,泰鼎-KY,42.55,-0.5000,44.05,44.25,41.70,4032000,171247450,2510,TWSE_CSV,2026-09-09 14:15:34 +0800
1150909,2026-09-09,上市,4930,燦星網,16.15,-0.0500,16.05,16.15,16.00,10000,160550,9,TWSE_CSV,2026-09-09 14:15:34 +0800
1150909,2026-09-09,上市,4934,太極,13.90,0.2000,13.70,13.90,13.55,308000,4215850,163,TWSE_CSV,2026-09-09 14:15:34 +0800
1150909,2026-09-09,上市,4935,茂林-KY,33.10,0.0000,33.40,33.40,32.80,83000,2733250,61,TWSE_CSV,2026-09-09 14:15:34 +0800
1150909,2026-09-09,上市,4938,和碩,91.10,-0.6000,91.90,92.40,91.10,6443000,590691300,3091,TWSE_CSV,2026-09-09 14:15:34 +0800
1150909,2026-09-09,上市,4942,嘉彰,32.70,-0.0500,32.70,32.85,32.65,64000,2094650,46,TWSE_CSV,2026-09-09 14:15:34 +0800
1150909,2026-09-09,上市,4943,康控-KY,7.29,0.2900,7.00,7.29,6.71,39000,268450,24,TWSE_CSV,2026-09-09 14:15:34 +0800
1150909,2026-09-09,上市,4949,有成精密,76.90,0.4000,76.20,78.90,76.20,345000,26680700,273,TWSE_CSV,2026-09-09 14:15:34 +0800
1150909,2026-09-09,上市,4952,凌通,48.05,-0.5500,48.70,49.05,48.00,276000,13323500,223,TWSE_CSV,2026-09-09 14:15:34 +0800
1150909,2026-09-09,上市,4956,光鋐,34.00,-0.1000,34.20,35.45,33.85,1429000,49129600,965,TWSE_CSV,2026-09-09 14:15:34 +0800
1150909,2026-09-09,上市,4958,臻鼎-KY,502.00,-3.0000,508.00,515.00,502.00,18146000,9212748000,13608,TWSE_CSV,2026-09-09 14:15:34 +0800
1150909,2026-09-09,上市,4960,誠美材,20.85,0.2000,20.70,21.05,20.65,1374000,28611700,629,TWSE_CSV,2026-09-09 14:15:34 +0800
1150909,2026-09-09,上市,4961,天鈺,177.00,-0.5000,178.00,178.50,172.50,1397000,245373500,1164,TWSE_CSV,2026-09-09 14:15:34 +0800
1150909,2026-09-09,上市,4967,十銓,281.50,1.0000,283.00,287.00,279.00,4659000,1317772500,3238,TWSE_CSV,2026-09-09 14:15:34 +0800
1150909,2026-09-09,上市,4968,立積,89.80,0.8000,90.00,90.50,89.00,225000,20155600,184,TWSE_CSV,2026-09-09 14:15:34 +0800
1150909,2026-09-09,上市,4976,佳凌,37.70,1.0000,37.50,38.00,36.85,1437000,53924300,1001,TWSE_CSV,2026-09-09 14:15:34 +0800
1150909,2026-09-09,上市,4977,眾達-KY,170.50,-2.5000,178.00,183.50,169.00,4894000,861072000,3903,TWSE_CSV,2026-09-09 14:15:34 +0800
1150909,2026-09-09,上市,4989,榮科,61.50,1.2000,61.20,61.90,60.90,1698000,104171900,1225,TWSE_CSV,2026-09-09 14:15:34 +0800
1150909,2026-09-09,上市,4994,傳奇,84.50,2.6000,79.70,86.80,79.70,16000,1327100,15,TWSE_CSV,2026-09-09 14:15:34 +0800
1150909,2026-09-09,上市,4999,鑫禾,18.05,0.0000,18.05,18.15,18.00,56000,1011550,42,TWSE_CSV,2026-09-09 14:15:34 +0800
1150909,2026-09-09,上市,5007,三星,56.60,0.0000,56.50,56.60,56.30,26000,1469200,22,TWSE_CSV,2026-09-09 14:15:34 +0800
1150909,2026-09-09,上市,5203,訊連,56.30,-0.3000,56.30,56.60,55.80,130000,7295500,110,TWSE_CSV,2026-09-09 14:15:34 +0800
1150909,2026-09-09,上市,5215,科嘉-KY,38.85,0.4500,38.90,38.95,38.70,14000,543550,13,TWSE_CSV,2026-09-09 14:15:34 +0800
1150909,2026-09-09,上市,5222,全訊,104.50,0.5000,104.00,104.50,103.00,134000,13922000,89,TWSE_CSV,2026-09-09 14:15:34 +0800
1150909,2026-09-09,上市,5225,東科-KY,53.90,-0.8000,54.70,54.70,53.70,354000,19154400,225,TWSE_CSV,2026-09-09 14:15:34 +0800
1150909,2026-09-09,上市,5234,達興材料,296.50,0.5000,296.00,297.50,292.00,124000,36543000,123,TWSE_CSV,2026-09-09 14:15:34 +0800
1150909,2026-09-09,上市,5236,凌陽創新,135.50,1.0000,135.00,135.50,134.00,43000,5801000,33,TWSE_CSV,2026-09-09 14:15:34 +0800
1150909,2026-09-09,上市,5243,乙盛-KY,92.20,0.6000,92.00,93.40,91.60,553000,51116200,445,TWSE_CSV,2026-09-09 14:15:34 +0800
1150909,2026-09-09,上市,5244,弘凱,34.65,0.1500,34.50,34.80,34.20,74000,2553700,70,TWSE_CSV,2026-09-09 14:15:34 +0800
1150909,2026-09-09,上市,5258,虹堡,44.35,0.0500,44.55,44.60,44.10,163000,7238850,131,TWSE_CSV,2026-09-09 14:15:34 +0800
1150909,2026-09-09,上市,5269,祥碩,1395.00,-5.0000,1400.00,1410.00,1385.00,257000,358565000,218,TWSE_CSV,2026-09-09 14:15:34 +0800
1150909,2026-09-09,上市,5283,禾聯碩,54.70,0.7000,54.80,54.80,54.20,55000,2995100,46,TWSE_CSV,2026-09-09 14:15:34 +0800
1150909,2026-09-09,上市,5284,jpp-KY,314.00,4.5000,311.00,314.50,309.00,136000,42351000,126,TWSE_CSV,2026-09-09 14:15:34 +0800
1150909,2026-09-09,上市,5285,界霖,84.00,-1.9000,83.60,85.80,82.70,1069000,90084700,724,TWSE_CSV,2026-09-09 14:15:34 +0800
1150909,2026-09-09,上市,5288,豐祥-KY,182.50,-3.5000,184.00,187.50,182.50,123000,22630500,110,TWSE_CSV,2026-09-09 14:15:34 +0800
1150909,2026-09-09,上市,5292,華懋,223.50,6.0000,215.00,225.00,214.50,157000,34336000,126,TWSE_CSV,2026-09-09 14:15:34 +0800
1150909,2026-09-09,上市,5306,桂盟,93.70,1.0000,92.50,94.40,92.00,73000,6816600,60,TWSE_CSV,2026-09-09 14:15:34 +0800
1150909,2026-09-09,上市,5388,中磊,73.00,-0.5000,73.80,73.80,72.80,1937000,141689200,1310,TWSE_CSV,2026-09-09 14:15:34 +0800
1150909,2026-09-09,上市,5434,崇越,535.00,3.0000,532.00,544.00,532.00,478000,257091000,437,TWSE_CSV,2026-09-09 14:15:34 +0800
1150909,2026-09-09,上市,5469,瀚宇博,72.40,1.3000,71.20,72.80,71.20,788000,57009000,524,TWSE_CSV,2026-09-09 14:15:34 +0800
1150909,2026-09-09,上市,5471,松翰,54.10,-0.9000,55.40,55.40,54.00,1554000,84691900,1056,TWSE_CSV,2026-09-09 14:15:34 +0800
1150909,2026-09-09,上市,5484,慧友,41.65,-1.6500,43.50,43.50,41.60,1055000,44912950,644,TWSE_CSV,2026-09-09 14:15:34 +0800
1150909,2026-09-09,上市,5515,建國,52.40,0.3000,52.10,52.40,51.10,203000,10509200,183,TWSE_CSV,2026-09-09 14:15:34 +0800
1150909,2026-09-09,上市,5519,隆大,26.65,-0.1500,26.70,26.70,26.55,218000,5807550,150,TWSE_CSV,2026-09-09 14:15:34 +0800
1150909,2026-09-09,上市,5521,工信,10.65,0.1000,10.50,10.65,10.50,676000,7167650,245,TWSE_CSV,2026-09-09 14:15:34 +0800
1150909,2026-09-09,上市,5522,遠雄,63.50,-0.1000,62.90,63.70,62.80,267000,16873100,202,TWSE_CSV,2026-09-09 14:15:34 +0800
1150909,2026-09-09,上市,5525,順天,22.20,0.0000,22.20,22.20,22.05,43000,952050,39,TWSE_CSV,2026-09-09 14:15:34 +0800
1150909,2026-09-09,上市,5531,鄉林,7.24,0.0000,7.24,7.29,7.21,244000,1768480,173,TWSE_CSV,2026-09-09 14:15:34 +0800
1150909,2026-09-09,上市,5533,皇鼎,13.95,0.0500,13.90,13.95,13.90,124000,1723900,28,TWSE_CSV,2026-09-09 14:15:34 +0800
1150909,2026-09-09,上市,5534,長虹,75.80,-0.1000,75.50,75.90,75.50,277000,20976300,180,TWSE_CSV,2026-09-09 14:15:34 +0800
1150909,2026-09-09,上市,5538,東明-KY,36.70,-0.1000,37.05,37.05,36.55,26000,955350,23,TWSE_CSV,2026-09-09 14:15:34 +0800
1150909,2026-09-09,上市,5546,永固-KY,14.65,0.0500,14.30,14.70,14.20,44000,638250,32,TWSE_CSV,2026-09-09 14:15:34 +0800
1150909,2026-09-09,上市,5607,遠雄港,55.80,0.9000,54.80,55.90,54.60,677000,37573600,529,TWSE_CSV,2026-09-09 14:15:34 +0800
1150909,2026-09-09,上市,5608,四維航,17.30,0.0500,17.05,17.30,16.95,3411000,58595950,1274,TWSE_CSV,2026-09-09 14:15:34 +0800
1150909,2026-09-09,上市,5706,鳳凰,44.45,-0.4000,44.70,44.95,43.90,122000,5422750,95,TWSE_CSV,2026-09-09 14:15:34 +0800
1150909,2026-09-09,上市,5871,中租-KY,112.00,-3.0000,114.00,114.00,112.00,7712000,867044500,3078,TWSE_CSV,2026-09-09 14:15:34 +0800
1150909,2026-09-09,上市,5876,上海商銀,47.50,-1.2500,48.25,48.60,47.20,6217000,296029650,2766,TWSE_CSV,2026-09-09 14:15:34 +0800
1150909,2026-09-09,上市,5880,合庫金,26.85,0.0000,26.70,26.85,26.45,15034000,401406350,3721,TWSE_CSV,2026-09-09 14:15:34 +0800
1150909,2026-09-09,上市,5906,台南-KY,41.55,0.0000,39.90,41.55,39.80,8000,325750,7,TWSE_CSV,2026-09-09 14:15:34 +0800
1150909,2026-09-09,上市,5907,大洋-KY,4.88,0.0800,4.82,4.96,4.82,616000,3003150,132,TWSE_CSV,2026-09-09 14:15:34 +0800
1150909,2026-09-09,上市,6005,群益證,32.20,-0.4500,32.60,32.60,32.10,5036000,162775050,2551,TWSE_CSV,2026-09-09 14:15:34 +0800
1150909,2026-09-09,上市,6024,群益期,60.90,-0.3000,60.90,61.00,60.40,301000,18272300,202,TWSE_CSV,2026-09-09 14:15:34 +0800
1150909,2026-09-09,上市,6108,競國,23.35,1.1000,22.25,23.70,22.10,1700000,39305700,921,TWSE_CSV,2026-09-09 14:15:34 +0800
1150909,2026-09-09,上市,6112,邁達特,44.30,-0.2500,44.35,44.60,44.20,194000,8604400,164,TWSE_CSV,2026-09-09 14:15:34 +0800
1150909,2026-09-09,上市,6115,鎰勝,44.00,-0.1000,43.90,44.40,43.90,50000,2203650,41,TWSE_CSV,2026-09-09 14:15:34 +0800
1150909,2026-09-09,上市,6116,彩晶,14.65,0.3500,14.45,15.10,14.45,73306000,1088673400,17754,TWSE_CSV,2026-09-09 14:15:34 +0800
1150909,2026-09-09,上市,6117,迎廣,62.00,-0.6000,62.50,63.50,61.80,134000,8354600,96,TWSE_CSV,2026-09-09 14:15:34 +0800
1150909,2026-09-09,上市,6120,達運,12.35,0.1500,12.25,12.80,12.25,2702000,33878400,879,TWSE_CSV,2026-09-09 14:15:34 +0800
1150909,2026-09-09,上市,6128,上福,19.25,-0.2000,19.45,19.45,19.20,205000,3968900,66,TWSE_CSV,2026-09-09 14:15:34 +0800
1150909,2026-09-09,上市,6133,金橋,22.65,0.0000,23.30,23.55,22.50,1929000,44078550,1073,TWSE_CSV,2026-09-09 14:15:34 +0800
1150909,2026-09-09,上市,6136,富爾特,24.65,0.0000,24.75,24.75,24.60,262000,6446400,61,TWSE_CSV,2026-09-09 14:15:34 +0800
1150909,2026-09-09,上市,6139,亞翔,750.00,8.0000,748.00,762.00,746.00,1520000,1142868000,1308,TWSE_CSV,2026-09-09 14:15:34 +0800
1150909,2026-09-09,上市,6141,柏承,50.50,1.1000,49.05,52.90,49.05,2229000,114365150,1248,TWSE_CSV,2026-09-09 14:15:34 +0800
1150909,2026-09-09,上市,6142,友勁,8.55,0.0400,8.54,8.60,8.49,214000,1826560,93,TWSE_CSV,2026-09-09 14:15:34 +0800
1150909,2026-09-09,上市,6152,百一,14.75,1.3000,14.45,14.75,14.45,2190000,32187350,663,TWSE_CSV,2026-09-09 14:15:34 +0800
1150909,2026-09-09,上市,6153,嘉聯益,17.85,0.4500,17.50,17.90,17.50,3005000,53414600,1308,TWSE_CSV,2026-09-09 14:15:34 +0800
1150909,2026-09-09,上市,6155,鈞寶,57.70,1.3000,56.70,58.70,56.60,1017000,58841700,711,TWSE_CSV,2026-09-09 14:15:34 +0800
1150909,2026-09-09,上市,6164,華興,11.65,0.1000,11.55,11.70,11.55,198000,2293450,113,TWSE_CSV,2026-09-09 14:15:34 +0800
1150909,2026-09-09,上市,6165,浪凡,47.85,0.2500,47.40,48.00,47.40,171000,8157300,91,TWSE_CSV,2026-09-09 14:15:34 +0800
1150909,2026-09-09,上市,6166,凌華,115.50,1.0000,114.00,115.50,114.00,654000,75138500,529,TWSE_CSV,2026-09-09 14:15:34 +0800
1150909,2026-09-09,上市,6168,宏齊,29.60,1.0500,29.00,30.20,28.90,5622000,166122900,3083,TWSE_CSV,2026-09-09 14:15:34 +0800
1150909,2026-09-09,上市,6176,瑞儀,90.20,-0.9000,90.50,91.30,90.10,3052000,276108400,1716,TWSE_CSV,2026-09-09 14:15:34 +0800
1150909,2026-09-09,上市,6177,達麗,48.45,0.7000,47.45,48.45,47.45,1167000,56167750,492,TWSE_CSV,2026-09-09 14:15:34 +0800
1150909,2026-09-09,上市,6183,關貿,92.60,0.1000,91.60,92.60,91.60,15000,1385800,15,TWSE_CSV,2026-09-09 14:15:34 +0800
1150909,2026-09-09,上市,6184,大豐電,39.75,-0.1500,39.65,39.75,39.35,403000,15902200,229,TWSE_CSV,2026-09-09 14:15:34 +0800
1150909,2026-09-09,上市,6189,豐藝,46.65,-0.2000,46.80,47.00,46.60,345000,16119400,293,TWSE_CSV,2026-09-09 14:15:34 +0800
1150909,2026-09-09,上市,6191,精成科,83.10,1.4000,81.70,84.30,81.70,1670000,139255400,1019,TWSE_CSV,2026-09-09 14:15:34 +0800
1150909,2026-09-09,上市,6192,巨路,114.50,-0.5000,114.50,115.00,114.00,63000,7215500,52,TWSE_CSV,2026-09-09 14:15:34 +0800
1150909,2026-09-09,上市,6196,帆宣,534.00,31.0000,512.00,538.00,512.00,3523000,1862212000,3028,TWSE_CSV,2026-09-09 14:15:34 +0800
1150909,2026-09-09,上市,6197,佳必琪,302.50,2.0000,305.00,308.00,301.50,704000,214323500,601,TWSE_CSV,2026-09-09 14:15:34 +0800
1150909,2026-09-09,上市,6201,亞弘電,45.00,0.2000,46.35,46.35,44.85,49000,2222150,46,TWSE_CSV,2026-09-09 14:15:34 +0800
1150909,2026-09-09,上市,6202,盛群,57.20,0.3000,57.10,57.60,56.70,648000,37028000,477,TWSE_CSV,2026-09-09 14:15:34 +0800
1150909,2026-09-09,上市,6205,詮欣,64.20,-0.5000,64.70,65.00,64.10,225000,14498600,167,TWSE_CSV,2026-09-09 14:15:34 +0800
1150909,2026-09-09,上市,6206,飛捷,137.50,3.5000,136.50,138.50,135.50,926000,126927000,707,TWSE_CSV,2026-09-09 14:15:34 +0800
1150909,2026-09-09,上市,6209,今國光,79.10,1.6000,77.90,80.30,77.50,6231000,493886200,4265,TWSE_CSV,2026-09-09 14:15:34 +0800
1150909,2026-09-09,上市,6213,聯茂,523.00,13.0000,513.00,542.00,512.00,14661000,7718394000,10572,TWSE_CSV,2026-09-09 14:15:34 +0800
1150909,2026-09-09,上市,6214,精誠,187.50,2.5000,184.00,187.50,184.00,1164000,216401500,564,TWSE_CSV,2026-09-09 14:15:34 +0800
1150909,2026-09-09,上市,6215,和椿,97.40,1.8000,96.70,98.20,96.00,351000,34048600,243,TWSE_CSV,2026-09-09 14:15:34 +0800
1150909,2026-09-09,上市,6216,居易,20.10,0.2500,19.90,20.20,19.90,110000,2204950,100,TWSE_CSV,2026-09-09 14:15:34 +0800
1150909,2026-09-09,上市,6224,聚鼎,84.50,-0.1000,83.90,86.50,83.90,1046000,89033700,777,TWSE_CSV,2026-09-09 14:15:34 +0800
1150909,2026-09-09,上市,6225,天瀚,67.60,6.1000,61.40,67.60,61.40,112000,7421500,86,TWSE_CSV,2026-09-09 14:15:34 +0800
1150909,2026-09-09,上市,6226,光鼎,29.65,0.0500,30.05,31.80,29.55,15167000,459597000,8233,TWSE_CSV,2026-09-09 14:15:34 +0800
1150909,2026-09-09,上市,6230,尼得科超眾,108.50,0.5000,107.50,108.50,107.50,24000,2587500,24,TWSE_CSV,2026-09-09 14:15:34 +0800
1150909,2026-09-09,上市,6235,華孚,38.45,0.0500,39.00,39.00,38.20,200000,7679800,149,TWSE_CSV,2026-09-09 14:15:34 +0800
1150909,2026-09-09,上市,6239,力成,281.00,5.5000,278.00,288.00,278.00,12617000,3577148500,8328,TWSE_CSV,2026-09-09 14:15:34 +0800
1150909,2026-09-09,上市,6243,迅杰,38.15,0.4000,38.00,38.55,38.00,193000,7375500,160,TWSE_CSV,2026-09-09 14:15:34 +0800
1150909,2026-09-09,上市,6257,矽格,213.00,4.0000,210.00,215.50,210.00,4996000,1067770500,3746,TWSE_CSV,2026-09-09 14:15:34 +0800
1150909,2026-09-09,上市,6269,台郡,69.30,3.5000,66.50,71.00,66.50,7693000,533985500,4966,TWSE_CSV,2026-09-09 14:15:34 +0800
1150909,2026-09-09,上市,6271,同欣電,226.50,3.5000,225.00,229.50,222.00,4838000,1089073500,3532,TWSE_CSV,2026-09-09 14:15:34 +0800
1150909,2026-09-09,上市,6272,驊陞,29.10,0.5000,29.50,30.20,29.00,641000,18946250,429,TWSE_CSV,2026-09-09 14:15:34 +0800
1150909,2026-09-09,上市,6277,宏正,78.40,0.3000,77.80,78.80,77.70,98000,7650000,86,TWSE_CSV,2026-09-09 14:15:34 +0800
1150909,2026-09-09,上市,6278,台表科,193.50,5.0000,190.50,196.00,190.50,2780000,538923500,2130,TWSE_CSV,2026-09-09 14:15:34 +0800
1150909,2026-09-09,上市,6281,全國電,51.50,0.1000,51.40,51.60,51.40,34000,1750900,25,TWSE_CSV,2026-09-09 14:15:34 +0800
1150909,2026-09-09,上市,6282,康舒,43.70,0.4500,43.25,44.15,43.10,4267000,186680900,2614,TWSE_CSV,2026-09-09 14:15:34 +0800
1150909,2026-09-09,上市,6283,淳安,19.95,-0.1000,19.95,20.00,19.85,58000,1153600,42,TWSE_CSV,2026-09-09 14:15:34 +0800
1150909,2026-09-09,上市,6285,啟碁,233.50,-2.5000,236.00,240.50,233.50,2430000,572485500,1772,TWSE_CSV,2026-09-09 14:15:34 +0800
1150909,2026-09-09,上市,6405,悅城,38.90,0.2500,39.20,40.35,38.70,476000,18760350,347,TWSE_CSV,2026-09-09 14:15:34 +0800
1150909,2026-09-09,上市,6409,旭隼,926.00,-32.0000,952.00,952.00,904.00,423000,392057000,390,TWSE_CSV,2026-09-09 14:15:34 +0800
1150909,2026-09-09,上市,6412,群電,74.70,0.0000,74.50,75.20,74.40,467000,34879400,341,TWSE_CSV,2026-09-09 14:15:34 +0800
1150909,2026-09-09,上市,6414,樺漢,378.50,2.5000,378.00,381.50,377.00,671000,254301500,569,TWSE_CSV,2026-09-09 14:15:34 +0800
1150909,2026-09-09,上市,6415,矽力*-KY,417.00,7.0000,410.50,422.50,410.00,1855000,775335500,1571,TWSE_CSV,2026-09-09 14:15:34 +0800
1150909,2026-09-09,上市,6416,瑞祺電通,105.50,0.0000,105.50,107.00,103.50,891000,93512000,689,TWSE_CSV,2026-09-09 14:15:34 +0800
1150909,2026-09-09,上市,6426,統新,321.00,14.0000,305.50,324.50,288.00,6130000,1868086000,4981,TWSE_CSV,2026-09-09 14:15:34 +0800
1150909,2026-09-09,上市,6431,光麗-KY,19.20,-0.0500,19.25,19.50,19.00,35000,668250,26,TWSE_CSV,2026-09-09 14:15:34 +0800
1150909,2026-09-09,上市,6438,迅得,152.00,-0.5000,156.00,156.50,152.00,292000,44960500,252,TWSE_CSV,2026-09-09 14:15:34 +0800
1150909,2026-09-09,上市,6442,光聖,1700.00,5.0000,1760.00,1860.00,1700.00,3328000,5922995000,2816,TWSE_CSV,2026-09-09 14:15:34 +0800
1150909,2026-09-09,上市,6443,元晶,23.95,-0.0500,24.20,24.30,23.90,2602000,62557400,1416,TWSE_CSV,2026-09-09 14:15:34 +0800
1150909,2026-09-09,上市,6446,藥華藥,1345.00,-60.0000,1395.00,1405.00,1340.00,4328000,5964215000,3323,TWSE_CSV,2026-09-09 14:15:34 +0800
1150909,2026-09-09,上市,6449,鈺邦,225.50,0.5000,226.50,231.00,220.00,1531000,343570500,1319,TWSE_CSV,2026-09-09 14:15:34 +0800
1150909,2026-09-09,上市,6451,訊芯-KY,427.00,-8.0000,435.00,451.50,423.50,3636000,1581874500,2972,TWSE_CSV,2026-09-09 14:15:34 +0800
1150909,2026-09-09,上市,6456,GIS-KY,67.50,0.7000,66.40,68.70,66.40,1767000,119776400,1147,TWSE_CSV,2026-09-09 14:15:34 +0800
1150909,2026-09-09,上市,6464,台數科,77.70,-0.3000,77.80,77.90,77.60,16000,1244600,15,TWSE_CSV,2026-09-09 14:15:34 +0800
1150909,2026-09-09,上市,6472,保瑞,407.50,-5.0000,414.50,414.50,406.00,478000,195677000,417,TWSE_CSV,2026-09-09 14:15:34 +0800
1150909,2026-09-09,上市,6477,安集,34.40,0.2000,34.30,35.10,34.30,336000,11602250,228,TWSE_CSV,2026-09-09 14:15:34 +0800
1150909,2026-09-09,上市,6491,晶碩,373.00,-3.0000,375.00,375.00,371.00,132000,49158500,130,TWSE_CSV,2026-09-09 14:15:34 +0800
1150909,2026-09-09,上市,6504,南六,37.90,0.5500,37.45,38.00,37.45,21000,795450,17,TWSE_CSV,2026-09-09 14:15:34 +0800
1150909,2026-09-09,上市,6505,台塑化,87.50,7.9000,80.60,87.50,80.00,45351000,3876819100,21573,TWSE_CSV,2026-09-09 14:15:34 +0800
1150909,2026-09-09,上市,6515,穎崴,7280.00,-420.0000,7850.00,8260.00,7215.00,1427000,11070870000,1332,TWSE_CSV,2026-09-09 14:15:34 +0800
1150909,2026-09-09,上市,6525,捷敏-KY,130.50,0.0000,132.50,132.50,129.50,793000,103841000,578,TWSE_CSV,2026-09-09 14:15:34 +0800
1150909,2026-09-09,上市,6526,達發,643.00,0.0000,643.00,652.00,641.00,304000,196520000,275,TWSE_CSV,2026-09-09 14:15:34 +0800
1150909,2026-09-09,上市,6531,愛普*,999.00,68.0000,941.00,1015.00,936.00,5101000,5016367000,4269,TWSE_CSV,2026-09-09 14:15:34 +0800
1150909,2026-09-09,上市,6533,晶心科,253.50,-2.5000,257.50,258.00,253.00,530000,135203500,459,TWSE_CSV,2026-09-09 14:15:34 +0800
1150909,2026-09-09,上市,6534,正瀚-創,92.20,0.1000,91.70,92.40,90.90,35000,3214800,27,TWSE_CSV,2026-09-09 14:15:34 +0800
1150909,2026-09-09,上市,6541,泰福-KY,31.55,-0.2500,31.80,31.90,31.35,218000,6887300,177,TWSE_CSV,2026-09-09 14:15:34 +0800
1150909,2026-09-09,上市,6550,北極星藥業-KY,10.25,0.1000,10.00,10.30,9.99,2662000,26788140,792,TWSE_CSV,2026-09-09 14:15:34 +0800
1150909,2026-09-09,上市,6552,易華電,23.65,-0.1000,23.75,23.85,23.65,36000,853600,31,TWSE_CSV,2026-09-09 14:15:34 +0800
1150909,2026-09-09,上市,6558,興能高,24.00,0.4500,23.85,24.05,23.85,111000,2656850,70,TWSE_CSV,2026-09-09 14:15:34 +0800
1150909,2026-09-09,上市,6573,虹揚-KY,16.10,-0.2000,16.30,16.30,15.85,228000,3667100,108,TWSE_CSV,2026-09-09 14:15:34 +0800
1150909,2026-09-09,上市,6579,研揚,149.00,1.5000,150.00,150.00,148.00,186000,27788500,161,TWSE_CSV,2026-09-09 14:15:34 +0800
1150909,2026-09-09,上市,6581,鋼聯,111.00,-0.5000,111.50,111.50,110.50,20000,2217000,18,TWSE_CSV,2026-09-09 14:15:34 +0800
1150909,2026-09-09,上市,6582,申豐,32.00,0.0500,31.95,32.20,31.70,21000,669400,15,TWSE_CSV,2026-09-09 14:15:34 +0800
1150909,2026-09-09,上市,6585,鼎基,105.50,-5.5000,108.00,108.00,105.00,393000,41710000,327,TWSE_CSV,2026-09-09 14:15:34 +0800
1150909,2026-09-09,上市,6589,台康生技,48.20,0.7500,47.40,48.20,47.40,310000,14855550,210,TWSE_CSV,2026-09-09 14:15:34 +0800
1150909,2026-09-09,上市,6591,動力-KY,42.70,0.6000,42.20,42.80,42.15,130000,5521200,90,TWSE_CSV,2026-09-09 14:15:34 +0800
1150909,2026-09-09,上市,6592,和潤企業,60.50,0.2000,60.00,60.60,60.00,169000,10196600,129,TWSE_CSV,2026-09-09 14:15:34 +0800
1150909,2026-09-09,上市,6598,ABC-KY,28.40,0.0000,28.45,28.70,28.20,225000,6410600,98,TWSE_CSV,2026-09-09 14:15:34 +0800
1150909,2026-09-09,上市,6605,帝寶,136.00,0.5000,135.50,136.00,135.00,134000,18168500,102,TWSE_CSV,2026-09-09 14:15:34 +0800
1150909,2026-09-09,上市,6606,建德工業,25.75,-0.1000,26.00,26.10,25.50,51000,1311300,42,TWSE_CSV,2026-09-09 14:15:34 +0800
1150909,2026-09-09,上市,6614,資拓宏宇,35.70,-0.1500,35.70,35.80,35.65,21000,750200,20,TWSE_CSV,2026-09-09 14:15:34 +0800
1150909,2026-09-09,上市,6625,必應,76.00,0.1000,75.20,76.00,75.20,39000,2947700,34,TWSE_CSV,2026-09-09 14:15:34 +0800
1150909,2026-09-09,上市,6641,基士德-KY,17.15,0.0500,17.20,17.20,17.10,6000,102750,5,TWSE_CSV,2026-09-09 14:15:34 +0800
1150909,2026-09-09,上市,6645,金萬林-創,12.40,0.2000,12.50,12.50,12.20,9000,111500,9,TWSE_CSV,2026-09-09 14:15:34 +0800
1150909,2026-09-09,上市,6655,科定,121.50,-1.0000,121.50,122.00,118.00,27000,3252000,20,TWSE_CSV,2026-09-09 14:15:34 +0800
1150909,2026-09-09,上市,6657,華安,36.60,3.1500,33.45,36.75,33.15,1104000,39131550,701,TWSE_CSV,2026-09-09 14:15:34 +0800
1150909,2026-09-09,上市,6658,聯策,176.50,5.0000,174.00,178.50,174.00,221000,38906500,195,TWSE_CSV,2026-09-09 14:15:34 +0800
1150909,2026-09-09,上市,6666,羅麗芬-KY,44.90,-0.0500,44.20,44.90,44.20,8000,357900,8,TWSE_CSV,2026-09-09 14:15:34 +0800
1150909,2026-09-09,上市,6668,中揚光,41.85,1.6500,40.35,42.90,40.15,1553000,64858050,1075,TWSE_CSV,2026-09-09 14:15:34 +0800
1150909,2026-09-09,上市,6669,緯穎,2325.00,-15.0000,2355.00,2425.00,2320.00,3440000,8112770000,3041,TWSE_CSV,2026-09-09 14:15:34 +0800
1150909,2026-09-09,上市,6670,復盛應用,279.50,0.5000,279.00,280.00,277.00,147000,40980500,129,TWSE_CSV,2026-09-09 14:15:34 +0800
1150909,2026-09-09,上市,6671,三能-KY,23.00,-0.1000,23.00,23.00,23.00,4000,92000,4,TWSE_CSV,2026-09-09 14:15:34 +0800
1150909,2026-09-09,上市,6672,騰輝電子-KY,299.50,5.5000,299.50,314.00,293.50,8828000,2688137000,7094,TWSE_CSV,2026-09-09 14:15:34 +0800
1150909,2026-09-09,上市,6674,鋐寶科技,16.10,-0.0500,16.15,16.45,16.10,16000,258600,16,TWSE_CSV,2026-09-09 14:15:34 +0800
1150909,2026-09-09,上市,6689,伊雲谷,61.40,0.4000,61.00,61.90,61.00,72000,4420500,56,TWSE_CSV,2026-09-09 14:15:34 +0800
1150909,2026-09-09,上市,6691,洋基工程,619.00,4.0000,616.00,627.00,616.00,340000,211212000,326,TWSE_CSV,2026-09-09 14:15:34 +0800
1150909,2026-09-09,上市,6695,芯鼎,47.10,0.0000,47.10,47.70,46.95,194000,9143450,129,TWSE_CSV,2026-09-09 14:15:34 +0800
1150909,2026-09-09,上市,6698,旭暉應材,31.35,-0.1500,31.60,32.25,31.35,208000,6584300,141,TWSE_CSV,2026-09-09 14:15:34 +0800
1150909,2026-09-09,上市,6706,惠特,124.00,1.0000,124.50,127.50,121.50,1019000,126541500,887,TWSE_CSV,2026-09-09 14:15:34 +0800
1150909,2026-09-09,上市,6715,嘉基,354.50,29.5000,330.00,357.50,330.00,1645000,581635500,1219,TWSE_CSV,2026-09-09 14:15:34 +0800
1150909,2026-09-09,上市,6719,力智,182.50,-1.0000,184.00,186.00,182.50,723000,132872500,506,TWSE_CSV,2026-09-09 14:15:34 +0800
1150909,2026-09-09,上市,6722,輝創,32.85,0.3000,32.40,32.90,32.20,29000,946000,26,TWSE_CSV,2026-09-09 14:15:34 +0800
1150909,2026-09-09,上市,6742,澤米,45.20,0.9500,44.85,45.50,44.25,295000,13292900,246,TWSE_CSV,2026-09-09 14:15:34 +0800
1150909,2026-09-09,上市,6743,安普新,29.10,0.1000,29.00,29.10,28.80,183000,5307450,105,TWSE_CSV,2026-09-09 14:15:34 +0800
1150909,2026-09-09,上市,6753,龍德造船,135.00,0.5000,134.00,135.50,133.50,372000,50104000,311,TWSE_CSV,2026-09-09 14:15:34 +0800
1150909,2026-09-09,上市,6754,匯僑設計,42.60,-0.1500,42.60,42.60,42.00,12000,509450,12,TWSE_CSV,2026-09-09 14:15:34 +0800
1150909,2026-09-09,上市,6756,威鋒電子,99.30,1.0000,98.90,99.60,97.20,121000,11918200,103,TWSE_CSV,2026-09-09 14:15:34 +0800
1150909,2026-09-09,上市,6757,台灣虎航,54.90,-0.5000,55.00,55.20,54.80,500000,27466700,359,TWSE_CSV,2026-09-09 14:15:34 +0800
1150909,2026-09-09,上市,6768,志強-KY,63.40,-0.3000,63.60,63.70,63.20,153000,9718700,112,TWSE_CSV,2026-09-09 14:15:34 +0800
1150909,2026-09-09,上市,6770,力積電,72.40,0.0000,72.80,74.30,71.40,113362000,8246409000,51718,TWSE_CSV,2026-09-09 14:15:34 +0800
1150909,2026-09-09,上市,6771,平和環保-創,41.50,-0.3000,41.10,42.00,41.10,28000,1160300,25,TWSE_CSV,2026-09-09 14:15:34 +0800
1150909,2026-09-09,上市,6776,展碁國際,52.70,0.3000,52.40,52.70,52.20,45000,2357900,35,TWSE_CSV,2026-09-09 14:15:34 +0800
1150909,2026-09-09,上市,6781,AES-KY,1065.00,0.0000,1070.00,1085.00,1055.00,262000,279540000,251,TWSE_CSV,2026-09-09 14:15:34 +0800
1150909,2026-09-09,上市,6782,視陽,235.00,2.5000,235.50,235.50,228.50,360000,83890000,321,TWSE_CSV,2026-09-09 14:15:34 +0800
1150909,2026-09-09,上市,6789,采鈺,475.50,12.5000,464.50,485.00,464.50,1310000,624543500,1188,TWSE_CSV,2026-09-09 14:15:34 +0800
1150909,2026-09-09,上市,6790,永豐實,37.95,-0.0500,37.90,38.05,37.90,46000,1745700,35,TWSE_CSV,2026-09-09 14:15:34 +0800
1150909,2026-09-09,上市,6792,詠業,59.20,-1.0000,60.00,60.00,58.30,73000,4293100,53,TWSE_CSV,2026-09-09 14:15:34 +0800
1150909,2026-09-09,上市,6794,向榮生技,76.50,1.5000,75.80,76.50,74.10,21000,1576600,16,TWSE_CSV,2026-09-09 14:15:34 +0800
1150909,2026-09-09,上市,6796,晉弘,55.70,-1.1000,56.30,57.00,55.20,146000,8205000,101,TWSE_CSV,2026-09-09 14:15:34 +0800
1150909,2026-09-09,上市,6799,來頡,80.40,2.1000,78.40,80.40,78.30,123000,9765300,98,TWSE_CSV,2026-09-09 14:15:34 +0800
1150909,2026-09-09,上市,6805,富世達,2295.00,140.0000,2170.00,2325.00,2155.00,1494000,3384110000,1395,TWSE_CSV,2026-09-09 14:15:34 +0800
1150909,2026-09-09,上市,6807,峰源-KY,34.20,0.8500,34.00,34.20,33.80,6000,204000,6,TWSE_CSV,2026-09-09 14:15:34 +0800
1150909,2026-09-09,上市,6830,汎銓,576.00,0.0000,588.00,601.00,573.00,1677000,981257000,1498,TWSE_CSV,2026-09-09 14:15:34 +0800
1150909,2026-09-09,上市,6831,邁科,575.00,15.0000,568.00,593.00,562.00,894000,519931000,777,TWSE_CSV,2026-09-09 14:15:34 +0800
1150909,2026-09-09,上市,6834,天二科技,101.00,2.3000,99.20,107.00,98.50,6692000,687037700,4668,TWSE_CSV,2026-09-09 14:15:34 +0800
1150909,2026-09-09,上市,6835,圓裕,31.10,-0.0500,31.40,31.40,30.65,12000,372800,12,TWSE_CSV,2026-09-09 14:15:34 +0800
1150909,2026-09-09,上市,6838,台新藥,23.95,0.0000,23.95,24.10,23.70,89000,2122950,69,TWSE_CSV,2026-09-09 14:15:34 +0800
1150909,2026-09-09,上市,6854,錼創科技-KY創,90.60,-0.4000,89.70,91.70,89.70,149000,13578700,127,TWSE_CSV,2026-09-09 14:15:34 +0800
1150909,2026-09-09,上市,6861,睿生光電,185.50,-10.0000,198.00,200.00,182.00,941000,178595500,805,TWSE_CSV,2026-09-09 14:15:34 +0800
1150909,2026-09-09,上市,6862,三集瑞-KY,136.50,-1.5000,134.50,139.50,134.50,110000,15046000,90,TWSE_CSV,2026-09-09 14:15:34 +0800
1150909,2026-09-09,上市,6863,永道-KY,99.90,-1.1000,101.00,101.50,99.90,81000,8135900,63,TWSE_CSV,2026-09-09 14:15:34 +0800
1150909,2026-09-09,上市,6869,雲豹能源,64.20,0.1000,63.80,64.30,63.80,161000,10305800,122,TWSE_CSV,2026-09-09 14:15:34 +0800
1150909,2026-09-09,上市,6873,泓德能源,68.80,0.5000,68.00,69.10,67.90,157000,10745400,130,TWSE_CSV,2026-09-09 14:15:34 +0800
1150909,2026-09-09,上市,6885,全福生技,26.65,1.3000,25.50,26.70,25.35,631000,16441300,409,TWSE_CSV,2026-09-09 14:15:34 +0800
1150909,2026-09-09,上市,6887,寶綠特-KY,38.00,0.2500,38.85,38.85,37.45,18000,681050,16,TWSE_CSV,2026-09-09 14:15:34 +0800
1150909,2026-09-09,上市,6890,來億-KY,157.00,-5.0000,160.00,160.00,155.00,494000,77467500,396,TWSE_CSV,2026-09-09 14:15:34 +0800
1150909,2026-09-09,上市,6901,鑽石投資,15.10,-0.1500,15.00,15.15,14.95,726000,10912550,398,TWSE_CSV,2026-09-09 14:15:34 +0800
1150909,2026-09-09,上市,6902,GOGOLOOK,128.00,1.0000,126.00,128.00,125.00,54000,6815000,45,TWSE_CSV,2026-09-09 14:15:34 +0800
1150909,2026-09-09,上市,6906,現觀科,81.20,-0.7000,83.50,83.50,80.20,73000,5956200,67,TWSE_CSV,2026-09-09 14:15:34 +0800
1150909,2026-09-09,上市,6908,宏碁遊戲-創,30.10,-0.3000,30.40,30.40,29.90,21000,631350,17,TWSE_CSV,2026-09-09 14:15:34 +0800
1150909,2026-09-09,上市,6909,創控,40.05,0.1000,40.05,40.55,40.00,174000,6987100,119,TWSE_CSV,2026-09-09 14:15:34 +0800
1150909,2026-09-09,上市,6914,阜爾運通,121.00,0.5000,121.50,121.50,120.50,25000,3025000,24,TWSE_CSV,2026-09-09 14:15:34 +0800
1150909,2026-09-09,上市,6916,華凌,19.05,0.2500,18.70,19.15,18.60,31000,587600,28,TWSE_CSV,2026-09-09 14:15:34 +0800
1150909,2026-09-09,上市,6918,愛派司,77.40,-0.1000,77.80,77.80,77.00,22000,1700600,12,TWSE_CSV,2026-09-09 14:15:34 +0800
1150909,2026-09-09,上市,6919,康霈*,82.40,0.8000,81.80,83.50,80.80,4949000,406352600,2797,TWSE_CSV,2026-09-09 14:15:34 +0800
1150909,2026-09-09,上市,6921,嘉雨思-創,63.90,1.0000,63.90,63.90,63.90,2000,127800,2,TWSE_CSV,2026-09-09 14:15:34 +0800
1150909,2026-09-09,上市,6923,中台,76.40,0.0000,76.00,76.50,75.20,36000,2730100,34,TWSE_CSV,2026-09-09 14:15:34 +0800
1150909,2026-09-09,上市,6924,榮惠-KY創,125.50,0.0000,125.50,126.00,123.00,13000,1622500,13,TWSE_CSV,2026-09-09 14:15:34 +0800
1150909,2026-09-09,上市,6928,攸泰科技,48.30,0.3000,48.00,48.80,47.70,19000,916450,19,TWSE_CSV,2026-09-09 14:15:34 +0800
1150909,2026-09-09,上市,6931,青松健康,40.30,-0.3500,40.65,40.65,40.25,16000,646100,16,TWSE_CSV,2026-09-09 14:15:34 +0800
1150909,2026-09-09,上市,6933,AMAX-KY,338.00,20.5000,320.50,338.00,310.50,529000,173465500,431,TWSE_CSV,2026-09-09 14:15:34 +0800
1150909,2026-09-09,上市,6934,心誠鎂,76.70,-0.1000,76.80,78.90,75.90,16000,1231400,15,TWSE_CSV,2026-09-09 14:15:34 +0800
1150909,2026-09-09,上市,6936,永鴻生技,32.70,-0.1000,32.55,32.75,32.35,23000,747050,21,TWSE_CSV,2026-09-09 14:15:34 +0800
1150909,2026-09-09,上市,6937,天虹,291.00,3.5000,291.50,293.00,286.00,269000,77838500,219,TWSE_CSV,2026-09-09 14:15:34 +0800
1150909,2026-09-09,上市,6944,兆聯實業,715.00,9.0000,710.00,723.00,710.00,220000,157826000,196,TWSE_CSV,2026-09-09 14:15:34 +0800
1150909,2026-09-09,上市,6947,台鎔科技,70.00,1.3000,69.60,70.00,68.50,173000,11934300,105,TWSE_CSV,2026-09-09 14:15:34 +0800
1150909,2026-09-09,上市,6949,沛爾生醫*-創,54.90,-5.5000,59.80,60.40,54.40,34409000,1913200300,8559,TWSE_CSV,2026-09-09 14:15:34 +0800
1150909,2026-09-09,上市,6951,青新-創,70.80,-0.2000,70.80,70.90,70.40,47000,3320700,43,TWSE_CSV,2026-09-09 14:15:34 +0800
1150909,2026-09-09,上市,6952,大武山,38.90,-0.2500,37.80,39.30,37.80,4000,155050,4,TWSE_CSV,2026-09-09 14:15:34 +0800
1150909,2026-09-09,上市,6955,邦睿生技-創,98.70,-1.2000,99.20,99.20,98.70,4000,395900,4,TWSE_CSV,2026-09-09 14:15:34 +0800
1150909,2026-09-09,上市,6957,裕慶-KY,220.50,4.5000,216.00,221.50,214.00,71000,15552500,60,TWSE_CSV,2026-09-09 14:15:34 +0800
1150909,2026-09-09,上市,6958,日盛台駿,17.45,0.0500,17.55,17.55,17.45,19000,332050,19,TWSE_CSV,2026-09-09 14:15:34 +0800
1150909,2026-09-09,上市,6962,奕力-KY,31.10,-0.1500,31.30,31.40,30.95,1111000,34602750,645,TWSE_CSV,2026-09-09 14:15:34 +0800
1150909,2026-09-09,上市,6965,中傑-KY,73.80,-1.1000,74.10,75.00,73.30,26000,1918800,25,TWSE_CSV,2026-09-09 14:15:34 +0800
1150909,2026-09-09,上市,6969,成信實業*-創,34.50,-2.4500,34.75,35.55,34.20,446000,15570550,238,TWSE_CSV,2026-09-09 14:15:34 +0800
1150909,2026-09-09,上市,6988,威力暘-創,12.00,0.0500,11.95,12.00,11.70,42000,499400,17,TWSE_CSV,2026-09-09 14:15:34 +0800
1150909,2026-09-09,上市,6994,富威電力,34.00,-1.2000,35.20,35.20,33.90,980000,33642700,501,TWSE_CSV,2026-09-09 14:15:34 +0800
1150909,2026-09-09,上市,7610,聯友金屬-創,2030.00,-35.0000,2065.00,2110.00,1985.00,1115000,2266775000,954,TWSE_CSV,2026-09-09 14:15:34 +0800
1150909,2026-09-09,上市,7631,聚賢研發-創,144.00,2.0000,143.00,144.00,142.00,17000,2432500,17,TWSE_CSV,2026-09-09 14:15:34 +0800
1150909,2026-09-09,上市,7689,大鵬科CLMX,163.50,-1.5000,166.50,166.50,163.00,44000,7202000,42,TWSE_CSV,2026-09-09 14:15:34 +0800
1150909,2026-09-09,上市,7705,三商餐飲,29.95,0.1500,29.95,29.95,29.95,6000,179700,6,TWSE_CSV,2026-09-09 14:15:34 +0800
1150909,2026-09-09,上市,7711,永擎,610.00,16.0000,594.00,617.00,575.00,1802000,1078997000,1570,TWSE_CSV,2026-09-09 14:15:34 +0800
1150909,2026-09-09,上市,7721,微程式,63.00,2.3000,61.00,63.00,61.00,90000,5600300,69,TWSE_CSV,2026-09-09 14:15:34 +0800
1150909,2026-09-09,上市,7722,LINEPAY,272.00,-0.5000,272.00,273.00,270.50,31000,8422500,27,TWSE_CSV,2026-09-09 14:15:34 +0800
1150909,2026-09-09,上市,7730,暉盛-創,175.00,2.5000,172.50,176.00,172.50,26000,4543000,26,TWSE_CSV,2026-09-09 14:15:34 +0800
1150909,2026-09-09,上市,7732,金興精密,34.70,0.2000,34.80,34.80,34.70,5000,173600,5,TWSE_CSV,2026-09-09 14:15:34 +0800
1150909,2026-09-09,上市,7736,虎山,69.90,0.5000,70.00,70.00,69.40,7000,487400,7,TWSE_CSV,2026-09-09 14:15:34 +0800
1150909,2026-09-09,上市,7740,熙特爾-創,133.00,4.0000,128.00,133.00,126.50,116000,14949500,106,TWSE_CSV,2026-09-09 14:15:34 +0800
1150909,2026-09-09,上市,7749,意騰-KY,355.50,0.5000,355.00,356.00,347.50,205000,72155000,172,TWSE_CSV,2026-09-09 14:15:34 +0800
1150909,2026-09-09,上市,7750,新代,2270.00,-45.0000,2320.00,2320.00,2270.00,99000,226440000,98,TWSE_CSV,2026-09-09 14:15:34 +0800
1150909,2026-09-09,上市,7760,享溫馨,32.90,-0.1000,33.00,33.00,32.85,9000,295950,9,TWSE_CSV,2026-09-09 14:15:34 +0800
1150909,2026-09-09,上市,7765,中華資安,218.50,0.0000,217.50,219.00,217.50,50000,10909500,47,TWSE_CSV,2026-09-09 14:15:34 +0800
1150909,2026-09-09,上市,7768,頌勝科技,276.50,1.0000,272.00,278.50,271.50,52000,14229500,37,TWSE_CSV,2026-09-09 14:15:34 +0800
1150909,2026-09-09,上市,7769,鴻勁,6720.00,-250.0000,7100.00,7150.00,6655.00,787000,5443510000,771,TWSE_CSV,2026-09-09 14:15:34 +0800
1150909,2026-09-09,上市,7780,大研生醫*,16.65,0.1000,16.55,16.65,16.50,385000,6390750,243,TWSE_CSV,2026-09-09 14:15:34 +0800
1150909,2026-09-09,上市,7786,東方風能,115.50,0.5000,115.00,117.50,112.00,232000,26584500,162,TWSE_CSV,2026-09-09 14:15:34 +0800
1150909,2026-09-09,上市,7788,松川精密,320.50,29.0000,304.50,320.50,304.50,2899000,918515000,1721,TWSE_CSV,2026-09-09 14:15:34 +0800
1150909,2026-09-09,上市,7791,皇家可口,55.60,-1.6000,57.00,57.20,55.00,53000,2984600,34,TWSE_CSV,2026-09-09 14:15:34 +0800
1150909,2026-09-09,上市,7795,長廣,548.00,-7.0000,550.00,560.00,536.00,1367000,747533000,1202,TWSE_CSV,2026-09-09 14:15:34 +0800
1150909,2026-09-09,上市,7799,禾榮科,386.50,4.0000,391.50,395.00,383.50,285000,110823500,251,TWSE_CSV,2026-09-09 14:15:34 +0800
1150909,2026-09-09,上市,7803,雲象科技-創,19.30,0.0500,19.20,19.65,19.20,23000,444150,18,TWSE_CSV,2026-09-09 14:15:34 +0800
1150909,2026-09-09,上市,7818,溢泰實業,60.00,-0.2000,59.40,60.50,59.40,75000,4512100,47,TWSE_CSV,2026-09-09 14:15:34 +0800
1150909,2026-09-09,上市,7821,神數,40.00,0.3500,39.70,40.15,39.65,95000,3790750,75,TWSE_CSV,2026-09-09 14:15:34 +0800
1150909,2026-09-09,上市,7822,倍利科,902.00,3.0000,901.00,934.00,900.00,119000,108536000,115,TWSE_CSV,2026-09-09 14:15:34 +0800
1150909,2026-09-09,上市,7823,奧義賽博-KY創,80.10,-0.6000,81.00,81.00,80.10,12000,968700,10,TWSE_CSV,2026-09-09 14:15:34 +0800
1150909,2026-09-09,上市,7827,漢康-KY創,151.50,0.5000,150.50,153.00,149.50,137000,20685000,104,TWSE_CSV,2026-09-09 14:15:34 +0800
1150909,2026-09-09,上市,7835,永悅健康-創,22.90,-0.2000,22.90,22.90,21.70,30000,662700,25,TWSE_CSV,2026-09-09 14:15:34 +0800
1150909,2026-09-09,上市,7855,和運租車,42.15,0.0500,42.10,42.25,42.05,551000,23207500,320,TWSE_CSV,2026-09-09 14:15:34 +0800
1150909,2026-09-09,上市,8011,台通,15.55,0.0500,15.70,15.70,15.50,223000,3469150,122,TWSE_CSV,2026-09-09 14:15:34 +0800
1150909,2026-09-09,上市,8016,矽創,284.00,6.0000,279.00,284.00,276.00,687000,193585500,640,TWSE_CSV,2026-09-09 14:15:34 +0800
1150909,2026-09-09,上市,8021,尖點,442.50,-7.5000,448.00,451.50,439.50,1255000,556533500,1083,TWSE_CSV,2026-09-09 14:15:34 +0800
1150909,2026-09-09,上市,8028,昇陽半導體,236.00,-0.5000,237.50,240.50,235.00,1469000,348807000,1226,TWSE_CSV,2026-09-09 14:15:34 +0800
1150909,2026-09-09,上市,8033,雷虎,174.50,0.0000,175.00,176.00,173.50,1330000,232559000,955,TWSE_CSV,2026-09-09 14:15:34 +0800
1150909,2026-09-09,上市,8039,台虹,289.50,-5.0000,294.50,299.00,282.00,32744000,9490418000,22761,TWSE_CSV,2026-09-09 14:15:34 +0800
1150909,2026-09-09,上市,8045,達運光電,48.30,-0.6000,48.95,49.35,47.80,152000,7370300,109,TWSE_CSV,2026-09-09 14:15:34 +0800
1150909,2026-09-09,上市,8046,南電,1110.00,85.0000,1075.00,1125.00,1065.00,11612000,12789335000,8481,TWSE_CSV,2026-09-09 14:15:34 +0800
1150909,2026-09-09,上市,8070,長華*,49.85,-0.1500,50.10,50.80,49.85,1208000,60662100,739,TWSE_CSV,2026-09-09 14:15:34 +0800
1150909,2026-09-09,上市,8072,陞泰,26.05,0.0000,25.70,26.10,25.70,62000,1608400,59,TWSE_CSV,2026-09-09 14:15:34 +0800
1150909,2026-09-09,上市,8081,致新,251.00,2.5000,250.00,252.00,250.00,217000,54393500,177,TWSE_CSV,2026-09-09 14:15:34 +0800
1150909,2026-09-09,上市,8101,華冠,11.75,-0.2000,11.65,11.75,11.65,4000,46800,4,TWSE_CSV,2026-09-09 14:15:34 +0800
1150909,2026-09-09,上市,8103,瀚荃,113.00,-6.5000,116.00,117.00,112.00,4216000,480139000,2929,TWSE_CSV,2026-09-09 14:15:34 +0800
1150909,2026-09-09,上市,8104,錸寶,30.10,0.0000,30.25,30.25,30.00,172000,5182050,137,TWSE_CSV,2026-09-09 14:15:34 +0800
1150909,2026-09-09,上市,8105,凌巨,15.25,0.1500,14.95,15.45,14.95,2068000,31505500,824,TWSE_CSV,2026-09-09 14:15:34 +0800
1150909,2026-09-09,上市,8110,華東,43.30,-0.4500,43.80,44.50,43.20,2164000,94421650,1471,TWSE_CSV,2026-09-09 14:15:34 +0800
1150909,2026-09-09,上市,8112,至上,86.50,-3.0000,86.30,86.70,84.60,20988000,1801725600,13150,TWSE_CSV,2026-09-09 14:15:34 +0800
1150909,2026-09-09,上市,8114,振樺電,180.00,0.0000,181.00,181.50,178.00,508000,91227500,442,TWSE_CSV,2026-09-09 14:15:34 +0800
1150909,2026-09-09,上市,8131,福懋科,63.50,1.6000,63.20,65.60,63.20,8854000,568445700,5403,TWSE_CSV,2026-09-09 14:15:34 +0800
1150909,2026-09-09,上市,8150,南茂,91.50,1.2000,90.80,95.40,90.70,38083000,3546773700,22344,TWSE_CSV,2026-09-09 14:15:34 +0800
1150909,2026-09-09,上市,8162,微矽電子-創,60.20,-1.0000,61.40,61.40,59.50,43000,2581500,40,TWSE_CSV,2026-09-09 14:15:34 +0800
1150909,2026-09-09,上市,8163,達方,30.20,0.0500,30.05,30.25,30.00,602000,18133350,315,TWSE_CSV,2026-09-09 14:15:34 +0800
1150909,2026-09-09,上市,8201,無敵,11.70,0.1500,11.55,11.80,11.55,17000,198800,15,TWSE_CSV,2026-09-09 14:15:34 +0800
1150909,2026-09-09,上市,8210,勤誠,916.00,9.0000,907.00,931.00,901.00,1359000,1248664000,1249,TWSE_CSV,2026-09-09 14:15:34 +0800
1150909,2026-09-09,上市,8213,志超,32.80,0.2500,32.40,32.85,32.40,182000,5946850,137,TWSE_CSV,2026-09-09 14:15:34 +0800
1150909,2026-09-09,上市,8215,明基材,25.50,0.3500,25.15,25.80,25.15,406000,10339800,291,TWSE_CSV,2026-09-09 14:15:34 +0800
1150909,2026-09-09,上市,8222,寶一,35.90,-0.5500,36.75,36.75,35.80,469000,16932250,308,TWSE_CSV,2026-09-09 14:15:34 +0800
1150909,2026-09-09,上市,8249,菱光,39.80,0.0500,39.55,39.90,39.45,161000,6378150,135,TWSE_CSV,2026-09-09 14:15:34 +0800
1150909,2026-09-09,上市,8261,富鼎,170.50,0.0000,170.50,173.50,169.00,1655000,282963000,1344,TWSE_CSV,2026-09-09 14:15:34 +0800
1150909,2026-09-09,上市,8271,宇瞻,217.50,-2.0000,220.50,222.00,217.00,1384000,302981500,1147,TWSE_CSV,2026-09-09 14:15:34 +0800
1150909,2026-09-09,上市,8341,日友,74.90,0.3000,74.70,75.30,74.70,132000,9891800,94,TWSE_CSV,2026-09-09 14:15:34 +0800
1150909,2026-09-09,上市,8367,建新國際,40.90,0.2000,40.70,41.10,40.70,6000,245600,6,TWSE_CSV,2026-09-09 14:15:34 +0800
1150909,2026-09-09,上市,8374,羅昇,80.40,0.3000,81.20,81.40,78.50,225000,18141500,179,TWSE_CSV,2026-09-09 14:15:34 +0800
1150909,2026-09-09,上市,8404,百和興業-KY,15.00,-0.5500,15.60,15.60,14.95,810000,12244950,344,TWSE_CSV,2026-09-09 14:15:34 +0800
1150909,2026-09-09,上市,8411,福貞-KY,12.95,0.1500,12.90,12.95,12.90,38000,491300,22,TWSE_CSV,2026-09-09 14:15:34 +0800
1150909,2026-09-09,上市,8422,可寧衛*,26.25,-0.3500,26.50,26.55,26.20,2911000,76537400,1569,TWSE_CSV,2026-09-09 14:15:34 +0800
1150909,2026-09-09,上市,8429,金麗-KY,5.98,0.0200,5.97,5.99,5.96,50000,298580,30,TWSE_CSV,2026-09-09 14:15:34 +0800
1150909,2026-09-09,上市,8438,昶昕,69.00,1.0000,68.50,70.30,68.00,109000,7482100,75,TWSE_CSV,2026-09-09 14:15:34 +0800
1150909,2026-09-09,上市,8442,威宏-KY,46.40,-0.2500,47.00,47.00,46.15,37000,1716800,34,TWSE_CSV,2026-09-09 14:15:34 +0800
1150909,2026-09-09,上市,8443,阿瘦,11.20,0.0500,11.20,11.20,11.15,33000,368300,18,TWSE_CSV,2026-09-09 14:15:34 +0800
1150909,2026-09-09,上市,8454,富邦媒,238.50,-1.0000,239.00,241.00,237.00,285000,68217000,232,TWSE_CSV,2026-09-09 14:15:34 +0800
1150909,2026-09-09,上市,8462,柏文,165.50,-1.5000,167.50,167.50,165.00,31000,5136000,28,TWSE_CSV,2026-09-09 14:15:34 +0800
1150909,2026-09-09,上市,8463,潤泰材,21.50,0.0000,21.50,21.50,21.40,15000,322300,15,TWSE_CSV,2026-09-09 14:15:34 +0800
1150909,2026-09-09,上市,8464,億豐,375.00,3.5000,369.00,375.50,367.00,195000,72543000,182,TWSE_CSV,2026-09-09 14:15:34 +0800
1150909,2026-09-09,上市,8466,美吉吉-KY,14.70,-0.3000,14.80,14.95,14.50,65000,949150,23,TWSE_CSV,2026-09-09 14:15:34 +0800
1150909,2026-09-09,上市,8467,波力-KY,90.70,0.3000,93.00,93.00,90.00,12000,1091800,12,TWSE_CSV,2026-09-09 14:15:34 +0800
1150909,2026-09-09,上市,8473,山林水,39.95,0.4500,39.50,39.95,39.45,441000,17508450,278,TWSE_CSV,2026-09-09 14:15:34 +0800
1150909,2026-09-09,上市,8476,台境*,19.80,0.4000,19.45,20.00,19.15,189000,3688050,125,TWSE_CSV,2026-09-09 14:15:34 +0800
1150909,2026-09-09,上市,8478,東哥遊艇,141.00,-0.5000,140.50,142.00,140.50,36000,5080000,36,TWSE_CSV,2026-09-09 14:15:34 +0800
1150909,2026-09-09,上市,8481,政伸,41.20,-0.2000,41.00,41.35,40.80,5000,205700,5,TWSE_CSV,2026-09-09 14:15:34 +0800
1150909,2026-09-09,上市,8482,商億-KY,50.90,1.3000,49.85,51.00,49.70,4000,201450,4,TWSE_CSV,2026-09-09 14:15:34 +0800
1150909,2026-09-09,上市,8487,愛爾達-創,70.90,-0.4000,71.20,71.20,70.40,3000,212500,3,TWSE_CSV,2026-09-09 14:15:34 +0800
1150909,2026-09-09,上市,8488,吉源-KY,10.25,-0.1000,10.25,10.30,10.25,28000,287250,28,TWSE_CSV,2026-09-09 14:15:34 +0800
1150909,2026-09-09,上市,8499,鼎炫-KY,257.50,0.5000,264.00,264.00,253.00,9000,2304500,9,TWSE_CSV,2026-09-09 14:15:34 +0800
1150909,2026-09-09,上市,8926,台汽電,59.30,2.1000,57.30,59.60,57.30,5801000,340529300,3453,TWSE_CSV,2026-09-09 14:15:34 +0800
1150909,2026-09-09,上市,8940,新天地,14.90,0.0500,14.95,14.95,14.80,23000,342450,18,TWSE_CSV,2026-09-09 14:15:34 +0800
1150909,2026-09-09,上市,8996,高力,1345.00,120.0000,1255.00,1345.00,1240.00,5802000,7613250000,4591,TWSE_CSV,2026-09-09 14:15:34 +0800
1150909,2026-09-09,上市,9103,美德醫療-DR,5.07,-0.0400,5.07,5.12,5.04,465000,2360100,166,TWSE_CSV,2026-09-09 14:15:34 +0800
1150909,2026-09-09,上市,910322,康師傅-DR,24.00,0.0000,24.65,24.65,23.95,23000,557300,7,TWSE_CSV,2026-09-09 14:15:34 +0800
1150909,2026-09-09,上市,9105,泰金寶-DR,8.89,0.2100,8.69,8.93,8.67,20858000,183709220,3812,TWSE_CSV,2026-09-09 14:15:34 +0800
1150909,2026-09-09,上市,910861,神州-DR,3.64,-0.0100,3.73,3.73,3.64,31000,113460,18,TWSE_CSV,2026-09-09 14:15:34 +0800
1150909,2026-09-09,上市,9110,越南控-DR,2.96,-0.0200,2.82,2.96,2.80,31000,87370,9,TWSE_CSV,2026-09-09 14:15:34 +0800
1150909,2026-09-09,上市,911608,明輝-DR,2.70,0.0000,2.70,2.75,2.61,42000,113370,27,TWSE_CSV,2026-09-09 14:15:34 +0800
1150909,2026-09-09,上市,911622,泰聚亨-DR,3.62,0.0000,3.64,3.64,3.52,7000,25130,6,TWSE_CSV,2026-09-09 14:15:34 +0800
1150909,2026-09-09,上市,911868,同方友友-DR,1.16,0.0000,1.16,1.16,1.15,479000,553770,86,TWSE_CSV,2026-09-09 14:15:34 +0800
1150909,2026-09-09,上市,912000,晨訊科-DR,2.42,-0.0100,2.46,2.46,2.42,210000,511100,50,TWSE_CSV,2026-09-09 14:15:34 +0800
1150909,2026-09-09,上市,9136,巨騰-DR,10.35,-0.1000,10.45,10.45,10.20,113000,1167150,63,TWSE_CSV,2026-09-09 14:15:34 +0800
1150909,2026-09-09,上市,9802,鈺齊-KY,71.20,0.0000,71.20,73.00,71.10,693000,49740900,497,TWSE_CSV,2026-09-09 14:15:34 +0800
1150909,2026-09-09,上市,9902,台火,13.60,-0.0500,13.60,13.70,13.50,244000,3298050,88,TWSE_CSV,2026-09-09 14:15:34 +0800
1150909,2026-09-09,上市,9904,寶成,24.55,-0.1500,24.55,24.65,24.45,10377000,254423700,2990,TWSE_CSV,2026-09-09 14:15:34 +0800
1150909,2026-09-09,上市,9905,大華,21.35,-0.0500,21.40,21.45,21.30,97000,2071650,59,TWSE_CSV,2026-09-09 14:15:34 +0800
1150909,2026-09-09,上市,9906,欣巴巴,41.40,-0.4000,41.80,42.05,41.35,49000,2036350,40,TWSE_CSV,2026-09-09 14:15:34 +0800
1150909,2026-09-09,上市,9907,統一實,15.35,0.1000,15.20,15.40,15.20,638000,9787600,321,TWSE_CSV,2026-09-09 14:15:34 +0800
1150909,2026-09-09,上市,9908,大台北,29.05,-0.0500,29.00,29.15,28.95,103000,2991100,85,TWSE_CSV,2026-09-09 14:15:34 +0800
1150909,2026-09-09,上市,9910,豐泰,68.60,-3.2000,71.50,71.90,68.50,1951000,135278400,1406,TWSE_CSV,2026-09-09 14:15:34 +0800
1150909,2026-09-09,上市,9911,櫻花,82.00,0.3000,81.60,82.00,81.60,128000,10475900,106,TWSE_CSV,2026-09-09 14:15:34 +0800
1150909,2026-09-09,上市,9912,偉聯,12.65,-0.1500,12.80,12.80,12.60,80000,1018600,33,TWSE_CSV,2026-09-09 14:15:34 +0800
1150909,2026-09-09,上市,9914,美利達,79.20,2.2000,76.70,79.70,76.10,1252000,97817600,1000,TWSE_CSV,2026-09-09 14:15:34 +0800
1150909,2026-09-09,上市,9917,中保科,106.00,-0.5000,106.50,106.50,106.00,309000,32830500,230,TWSE_CSV,2026-09-09 14:15:34 +0800
1150909,2026-09-09,上市,9918,欣天然,43.40,0.2000,43.30,43.40,43.30,10000,433650,10,TWSE_CSV,2026-09-09 14:15:34 +0800
1150909,2026-09-09,上市,9919,康那香,14.15,0.1000,14.10,14.25,14.05,284000,4014500,150,TWSE_CSV,2026-09-09 14:15:34 +0800
1150909,2026-09-09,上市,9921,巨大,98.50,2.9000,95.40,99.50,94.40,1803000,175746200,1462,TWSE_CSV,2026-09-09 14:15:34 +0800
1150909,2026-09-09,上市,9924,福興,38.60,0.1500,38.60,38.70,38.45,53000,2045100,35,TWSE_CSV,2026-09-09 14:15:34 +0800
1150909,2026-09-09,上市,9925,新保,39.75,0.1500,39.50,39.80,39.50,284000,11277750,199,TWSE_CSV,2026-09-09 14:15:34 +0800
1150909,2026-09-09,上市,9926,新海,49.20,-0.3000,49.30,49.40,49.10,10000,493300,10,TWSE_CSV,2026-09-09 14:15:34 +0800
1150909,2026-09-09,上市,9927,泰銘,70.10,0.6000,69.50,70.20,69.50,114000,7967400,77,TWSE_CSV,2026-09-09 14:15:34 +0800
1150909,2026-09-09,上市,9928,中視,17.75,0.0000,17.80,17.90,17.65,44000,782600,37,TWSE_CSV,2026-09-09 14:15:34 +0800
1150909,2026-09-09,上市,9929,秋雨,11.55,0.3000,11.40,11.55,11.40,17000,194400,7,TWSE_CSV,2026-09-09 14:15:34 +0800
1150909,2026-09-09,上市,9930,中聯資源,62.60,-0.1000,62.30,62.70,62.20,123000,7679200,88,TWSE_CSV,2026-09-09 14:15:34 +0800
1150909,2026-09-09,上市,9931,欣高,34.20,0.1000,33.95,34.20,33.95,31000,1058350,27,TWSE_CSV,2026-09-09 14:15:34 +0800
1150909,2026-09-09,上市,9933,中鼎,40.15,1.0500,38.85,40.15,38.80,1700000,67537150,1158,TWSE_CSV,2026-09-09 14:15:34 +0800
1150909,2026-09-09,上市,9934,成霖,10.60,-0.2000,10.80,10.80,10.55,1276000,13616650,383,TWSE_CSV,2026-09-09 14:15:34 +0800
1150909,2026-09-09,上市,9935,慶豐富,19.65,0.1500,19.50,19.65,19.45,119000,2321500,75,TWSE_CSV,2026-09-09 14:15:34 +0800
1150909,2026-09-09,上市,9937,全國,55.70,0.5000,55.00,55.70,55.00,17000,943100,17,TWSE_CSV,2026-09-09 14:15:34 +0800
1150909,2026-09-09,上市,9938,百和,39.90,-0.4500,40.30,40.30,39.70,1727000,68892700,1092,TWSE_CSV,2026-09-09 14:15:34 +0800
1150909,2026-09-09,上市,9939,宏全,127.50,-1.0000,128.00,128.50,126.50,598000,76061000,450,TWSE_CSV,2026-09-09 14:15:34 +0800
1150909,2026-09-09,上市,9940,信義,20.30,0.0500,20.15,20.35,20.15,117000,2370000,80,TWSE_CSV,2026-09-09 14:15:34 +0800
1150909,2026-09-09,上市,9941,裕融,80.30,-0.7000,80.50,80.80,79.70,818000,65473400,636,TWSE_CSV,2026-09-09 14:15:34 +0800
1150909,2026-09-09,上市,9942,茂順,114.00,0.0000,113.50,114.00,113.50,48000,5456500,41,TWSE_CSV,2026-09-09 14:15:34 +0800
1150909,2026-09-09,上市,9943,好樂迪,51.00,0.0000,51.00,51.50,51.00,75000,3834200,49,TWSE_CSV,2026-09-09 14:15:34 +0800
1150909,2026-09-09,上市,9944,新麗,17.40,0.2000,17.20,17.40,17.15,24000,413400,13,TWSE_CSV,2026-09-09 14:15:34 +0800
1150909,2026-09-09,上市,9945,潤泰新,28.20,0.1500,28.00,28.20,27.80,3030000,84932150,1115,TWSE_CSV,2026-09-09 14:15:34 +0800
1150909,2026-09-09,上市,9946,三發地產,17.05,-0.0500,17.15,17.20,17.05,117000,2003250,71,TWSE_CSV,2026-09-09 14:15:34 +0800
1150909,2026-09-09,上市,9955,佳龍,23.50,-0.3000,23.55,23.60,23.35,148000,3475850,124,TWSE_CSV,2026-09-09 14:15:34 +0800
1150909,2026-09-09,上市,9958,世紀鋼,91.70,1.6000,90.00,91.80,89.60,1234000,112197900,871,TWSE_CSV,2026-09-09 14:15:34 +0800
1150909,2026-09-09,上櫃,00411A,主動統一前沿科技,9.95,+0.19,9.89,9.99,9.89,25512000,254027120,1867,TPEX_CSV,2026-09-09 14:15:34 +0800
1150909,2026-09-09,上櫃,006201,元大富櫃50,45.20,-0.03,45.30,46.31,45.20,94000,4296130,49,TPEX_CSV,2026-09-09 14:15:34 +0800
1150909,2026-09-09,上櫃,00679B,元大美債20年,25.58,-0.02,25.58,25.60,25.53,17810000,455321400,2131,TPEX_CSV,2026-09-09 14:15:34 +0800
1150909,2026-09-09,上櫃,00687B,國泰20年美債,26.91,-0.01,26.90,26.93,26.85,9347000,251330770,1404,TPEX_CSV,2026-09-09 14:15:34 +0800
1150909,2026-09-09,上櫃,00687C,國泰20年美債+櫃U,9.11,-0.01,9.11,9.11,9.11,25000,227750,2,TPEX_CSV,2026-09-09 14:15:34 +0800
1150909,2026-09-09,上櫃,00694B,富邦美債1-3,41.37,-0.06,41.40,41.40,41.36,371000,15349930,88,TPEX_CSV,2026-09-09 14:15:34 +0800
1150909,2026-09-09,上櫃,00695B,富邦美債7-10,34.25,-0.06,34.25,34.27,34.22,111000,3800220,17,TPEX_CSV,2026-09-09 14:15:34 +0800
1150909,2026-09-09,上櫃,00696B,富邦美債20年,27.86,-0.02,27.88,27.90,27.81,1134000,31573890,64,TPEX_CSV,2026-09-09 14:15:34 +0800
1150909,2026-09-09,上櫃,00697B,元大美債7-10,34.80,-0.08,34.88,34.88,34.79,311000,10827600,113,TPEX_CSV,2026-09-09 14:15:34 +0800
1150909,2026-09-09,上櫃,00719B,元大美債1-3,30.77,-0.04,30.81,30.81,30.73,2115000,65061700,502,TPEX_CSV,2026-09-09 14:15:34 +0800
1150909,2026-09-09,上櫃,00720B,元大投資級公司債,31.54,-0.04,31.58,31.59,31.51,4083000,128838680,765,TPEX_CSV,2026-09-09 14:15:34 +0800
1150909,2026-09-09,上櫃,00722B,群益投資級電信債,33.92,-0.02,33.92,33.94,33.86,5009000,169870980,208,TPEX_CSV,2026-09-09 14:15:34 +0800
1150909,2026-09-09,上櫃,00723B,群益投資級科技債,29.13,+0.04,29.11,29.13,29.11,106000,3087160,7,TPEX_CSV,2026-09-09 14:15:34 +0800
1150909,2026-09-09,上櫃,00724B,群益投資級金融債,32.37,-0.05,32.39,32.39,32.32,4304000,139280210,125,TPEX_CSV,2026-09-09 14:15:34 +0800
1150909,2026-09-09,上櫃,00725B,國泰投資級公司債,33.64,0.00,33.61,33.67,33.60,1453000,48854880,432,TPEX_CSV,2026-09-09 14:15:34 +0800
1150909,2026-09-09,上櫃,00726B,國泰新興投等債,31.86,-0.07,31.85,31.87,31.83,210000,6688070,41,TPEX_CSV,2026-09-09 14:15:34 +0800
1150909,2026-09-09,上櫃,00727B,國泰優選非投等債,38.89,-0.07,38.92,38.99,38.89,125000,4869250,14,TPEX_CSV,2026-09-09 14:15:34 +0800
1150909,2026-09-09,上櫃,00734B,台新JPM新興債,15.30,-0.11,15.22,15.39,15.22,336000,5142590,19,TPEX_CSV,2026-09-09 14:15:34 +0800
1150909,2026-09-09,上櫃,00740B,富邦全球投等債,36.97,-0.02,36.97,37.02,36.94,2438000,90147920,443,TPEX_CSV,2026-09-09 14:15:34 +0800
1150909,2026-09-09,上櫃,00741B,富邦全球非投等債,36.93,+0.01,36.88,36.94,36.88,118000,4357710,10,TPEX_CSV,2026-09-09 14:15:34 +0800
1150909,2026-09-09,上櫃,00746B,富邦A級公司債,34.04,-0.05,34.06,34.06,34.02,191000,6502210,13,TPEX_CSV,2026-09-09 14:15:34 +0800
1150909,2026-09-09,上櫃,00749B,凱基新興債10+,30.51,-0.10,30.46,30.58,30.45,118000,3600410,17,TPEX_CSV,2026-09-09 14:15:34 +0800
1150909,2026-09-09,上櫃,00750B,凱基科技債10+,31.42,-0.03,31.42,31.42,31.42,100000,3142000,2,TPEX_CSV,2026-09-09 14:15:34 +0800
1150909,2026-09-09,上櫃,00751B,元大AAA至A公司債,30.06,-0.03,30.09,30.14,30.04,3966000,119246670,986,TPEX_CSV,2026-09-09 14:15:34 +0800
1150909,2026-09-09,上櫃,00754B,群益AAA-AA公司債,31.12,0.00,31.06,31.12,31.06,107000,3329540,7,TPEX_CSV,2026-09-09 14:15:34 +0800
1150909,2026-09-09,上櫃,00755B,群益投資級公用債,31.23,-0.06,31.27,31.27,31.20,115000,3591110,17,TPEX_CSV,2026-09-09 14:15:34 +0800
1150909,2026-09-09,上櫃,00756B,群益投等新興公債,30.00,-0.14,30.05,30.06,30.00,168000,5045770,39,TPEX_CSV,2026-09-09 14:15:34 +0800
1150909,2026-09-09,上櫃,00758B,復華能源債,49.54,-0.28,49.54,49.54,49.54,100000,4954000,2,TPEX_CSV,2026-09-09 14:15:34 +0800
1150909,2026-09-09,上櫃,00759B,復華製藥債,52.10,-0.10,52.10,52.10,52.10,100000,5210000,2,TPEX_CSV,2026-09-09 14:15:34 +0800
1150909,2026-09-09,上櫃,00760B,復華新興企業債,51.80,-0.10,51.70,51.80,51.65,102000,5283350,4,TPEX_CSV,2026-09-09 14:15:34 +0800
1150909,2026-09-09,上櫃,00761B,國泰A級公司債,32.69,+0.01,32.64,32.70,32.63,259000,8454920,52,TPEX_CSV,2026-09-09 14:15:34 +0800
1150909,2026-09-09,上櫃,00764B,群益25年美債,26.80,-0.01,26.81,26.83,26.75,10975000,293932050,125,TPEX_CSV,2026-09-09 14:15:34 +0800
1150909,2026-09-09,上櫃,00768B,復華20年美債,47.61,-0.05,47.60,47.61,47.51,215000,10221800,40,TPEX_CSV,2026-09-09 14:15:34 +0800
1150909,2026-09-09,上櫃,00772B,中信高評級公司債,32.08,-0.04,32.14,32.14,32.05,1510000,48448620,427,TPEX_CSV,2026-09-09 14:15:34 +0800
1150909,2026-09-09,上櫃,00773B,中信優先金融債,34.35,-0.04,34.39,34.39,34.31,1736000,59617070,121,TPEX_CSV,2026-09-09 14:15:34 +0800
1150909,2026-09-09,上櫃,00777B,凱基AAA至A公司債,30.86,-0.11,30.94,30.94,30.78,159000,4908460,16,TPEX_CSV,2026-09-09 14:15:34 +0800
1150909,2026-09-09,上櫃,00778B,凱基金融債20+,32.83,-0.09,32.83,32.83,32.83,101000,3315830,4,TPEX_CSV,2026-09-09 14:15:34 +0800
1150909,2026-09-09,上櫃,00779B,凱基美債25+,27.12,-0.04,27.10,27.12,27.10,323000,8753760,4,TPEX_CSV,2026-09-09 14:15:34 +0800
1150909,2026-09-09,上櫃,00780B,國泰A級金融債,35.95,-0.02,35.93,35.95,35.91,104000,3737700,6,TPEX_CSV,2026-09-09 14:15:34 +0800
1150909,2026-09-09,上櫃,00781B,國泰A級科技債,26.89,-0.04,26.93,26.93,26.87,126000,3388250,23,TPEX_CSV,2026-09-09 14:15:34 +0800
1150909,2026-09-09,上櫃,00782B,國泰A級公用債,29.06,-0.08,29.10,29.10,29.00,137000,3980820,25,TPEX_CSV,2026-09-09 14:15:34 +0800
1150909,2026-09-09,上櫃,00785B,富邦金融投等債,33.42,-0.08,33.45,33.45,33.42,51000,1705920,3,TPEX_CSV,2026-09-09 14:15:34 +0800
1150909,2026-09-09,上櫃,00786B,元大10年IG銀行債,31.34,-0.14,31.44,31.44,31.27,133000,4175410,17,TPEX_CSV,2026-09-09 14:15:34 +0800
1150909,2026-09-09,上櫃,00787B,元大10年IG醫療債,31.39,-0.07,31.41,31.41,31.39,8000,251180,8,TPEX_CSV,2026-09-09 14:15:34 +0800
1150909,2026-09-09,上櫃,00788B,元大10年IG電能債,28.76,-0.06,28.80,28.80,28.76,7000,201460,5,TPEX_CSV,2026-09-09 14:15:34 +0800
1150909,2026-09-09,上櫃,00789B,復華公司債A3,45.60,-0.13,45.60,45.60,45.55,111000,5061350,4,TPEX_CSV,2026-09-09 14:15:34 +0800
1150909,2026-09-09,上櫃,00791B,復華信用債1-5,56.15,-0.10,56.15,56.15,56.15,100000,5615000,2,TPEX_CSV,2026-09-09 14:15:34 +0800
1150909,2026-09-09,上櫃,00792B,群益A級公司債,30.50,-0.04,30.52,30.52,30.45,99000,3018260,13,TPEX_CSV,2026-09-09 14:15:34 +0800
1150909,2026-09-09,上櫃,00793B,群益AAA-A醫療債,29.58,+0.09,29.58,29.58,29.58,20000,591600,2,TPEX_CSV,2026-09-09 14:15:34 +0800
1150909,2026-09-09,上櫃,00795B,中信美國公債20年,25.69,0.00,25.70,25.72,25.64,7350000,188749200,366,TPEX_CSV,2026-09-09 14:15:34 +0800
1150909,2026-09-09,上櫃,00799B,國泰A級醫療債,28.21,-0.05,28.26,28.26,28.17,235000,6629090,38,TPEX_CSV,2026-09-09 14:15:34 +0800
1150909,2026-09-09,上櫃,00834B,第一金金融債10+,32.76,-0.09,32.81,32.81,32.76,102000,3346540,4,TPEX_CSV,2026-09-09 14:15:34 +0800
1150909,2026-09-09,上櫃,00836B,永豐10年A公司債,27.56,-0.05,27.60,27.60,27.56,76000,2095880,11,TPEX_CSV,2026-09-09 14:15:34 +0800
1150909,2026-09-09,上櫃,00840B,凱基IG精選15+,28.44,-0.04,28.43,28.44,28.43,101000,2871440,3,TPEX_CSV,2026-09-09 14:15:34 +0800
1150909,2026-09-09,上櫃,00841B,凱基AAA-AA公司債,27.09,-0.04,27.09,27.09,27.09,100000,2709000,2,TPEX_CSV,2026-09-09 14:15:34 +0800
1150909,2026-09-09,上櫃,00842B,台新美元銀行債,29.01,-0.09,29.11,29.11,29.00,308000,8942380,108,TPEX_CSV,2026-09-09 14:15:34 +0800
1150909,2026-09-09,上櫃,00844B,台新15年IG金融債,30.15,-0.02,30.19,30.19,30.15,81000,2442190,3,TPEX_CSV,2026-09-09 14:15:34 +0800
1150909,2026-09-09,上櫃,00845B,富邦新興投等債,32.13,-0.01,31.97,32.16,31.97,147000,4722140,9,TPEX_CSV,2026-09-09 14:15:34 +0800
1150909,2026-09-09,上櫃,00846B,富邦歐洲銀行債,34.73,-0.09,34.62,34.75,34.62,102000,3542370,4,TPEX_CSV,2026-09-09 14:15:34 +0800
1150909,2026-09-09,上櫃,00847B,中信美國市政債,24.28,-0.05,24.33,24.33,24.08,469000,11393010,46,TPEX_CSV,2026-09-09 14:15:34 +0800
1150909,2026-09-09,上櫃,00848B,中信新興亞洲債,33.10,-0.03,33.12,33.12,33.08,309000,10226080,7,TPEX_CSV,2026-09-09 14:15:34 +0800
1150909,2026-09-09,上櫃,00849B,中信EM主權債0-5,36.90,-0.01,36.79,36.92,36.79,319000,11771190,11,TPEX_CSV,2026-09-09 14:15:34 +0800
1150909,2026-09-09,上櫃,00853B,統一美債10年Aa-A,26.47,-0.03,26.47,26.49,26.45,1026000,27168010,30,TPEX_CSV,2026-09-09 14:15:34 +0800
1150909,2026-09-09,上櫃,00856B,永豐1-3年美公債,37.08,+0.04,37.08,37.08,37.08,2000,74160,2,TPEX_CSV,2026-09-09 14:15:34 +0800
1150909,2026-09-09,上櫃,00857B,永豐20年美公債,22.35,-0.01,22.37,22.37,22.30,684000,15282690,81,TPEX_CSV,2026-09-09 14:15:34 +0800
1150909,2026-09-09,上櫃,00858,永豐美國500大,35.57,-0.16,35.60,35.63,35.55,280000,9960540,159,TPEX_CSV,2026-09-09 14:15:34 +0800
1150909,2026-09-09,上櫃,00859B,群益0-1年美債,40.67,-0.08,40.77,40.80,40.67,2163000,88021430,199,TPEX_CSV,2026-09-09 14:15:34 +0800
1150909,2026-09-09,上櫃,00860B,群益1-5Y投資級債,37.55,-0.05,37.51,37.55,37.51,60000,2252600,3,TPEX_CSV,2026-09-09 14:15:34 +0800
1150909,2026-09-09,上櫃,00862B,中信投資級公司債,30.41,-0.03,30.44,30.44,30.38,378000,11492110,22,TPEX_CSV,2026-09-09 14:15:34 +0800
1150909,2026-09-09,上櫃,00863B,中信全球電信債,30.58,-0.05,30.58,30.58,30.55,399000,12199590,19,TPEX_CSV,2026-09-09 14:15:34 +0800
1150909,2026-09-09,上櫃,00864B,中信美國公債0-1,45.58,-0.02,45.65,45.65,45.56,976000,44488470,159,TPEX_CSV,2026-09-09 14:15:34 +0800
1150909,2026-09-09,上櫃,00867B,台新A-BBB電信債,29.07,-0.07,29.07,29.07,29.07,2000,58140,2,TPEX_CSV,2026-09-09 14:15:34 +0800
1150909,2026-09-09,上櫃,00870B,元大15年EM主權債,27.19,-0.01,27.19,27.19,27.19,1000,27190,1,TPEX_CSV,2026-09-09 14:15:34 +0800
1150909,2026-09-09,上櫃,00877,復華中國5G,37.50,-0.21,37.69,38.23,37.50,1149000,43500550,442,TPEX_CSV,2026-09-09 14:15:34 +0800
1150909,2026-09-09,上櫃,00884B,中信低碳新興債,28.43,-0.04,28.40,28.43,28.40,310000,8810300,8,TPEX_CSV,2026-09-09 14:15:34 +0800
1150909,2026-09-09,上櫃,00886,永豐美國科技,47.02,-0.17,46.99,47.02,46.99,22000,1034380,4,TPEX_CSV,2026-09-09 14:15:34 +0800
1150909,2026-09-09,上櫃,00887,永豐中國科技50大,15.68,-0.19,15.80,15.85,15.68,4060000,63918680,1220,TPEX_CSV,2026-09-09 14:15:34 +0800
1150909,2026-09-09,上櫃,00888,永豐台灣ESG,34.67,+0.30,34.63,34.95,34.60,5961000,207247650,1423,TPEX_CSV,2026-09-09 14:15:34 +0800
1150909,2026-09-09,上櫃,00890B,凱基ESG BBB債15+,30.94,+0.01,30.88,30.94,30.88,101000,3118940,3,TPEX_CSV,2026-09-09 14:15:34 +0800
1150909,2026-09-09,上櫃,00928,中信上櫃ESG 30,32.72,+0.07,32.68,33.54,32.50,794000,26381000,140,TPEX_CSV,2026-09-09 14:15:34 +0800
1150909,2026-09-09,上櫃,00931B,統一美債20年,12.94,+0.01,12.93,12.95,12.90,3188000,41224120,194,TPEX_CSV,2026-09-09 14:15:34 +0800
1150909,2026-09-09,上櫃,00933B,國泰10Y+金融債,15.38,-0.02,15.40,15.40,15.36,7636000,117446120,1187,TPEX_CSV,2026-09-09 14:15:34 +0800
1150909,2026-09-09,上櫃,00937B,群益ESG投等債20+,14.20,+0.01,14.20,14.21,14.17,30378000,431109720,3325,TPEX_CSV,2026-09-09 14:15:34 +0800
1150909,2026-09-09,上櫃,00942B,台新美A公司債20+,13.61,-0.01,13.64,13.64,13.59,766000,10423710,62,TPEX_CSV,2026-09-09 14:15:34 +0800
1150909,2026-09-09,上櫃,00948B,中信優息投資級債,9.07,0.00,9.06,9.08,9.05,2104000,19064540,216,TPEX_CSV,2026-09-09 14:15:34 +0800
1150909,2026-09-09,上櫃,00950B,凱基A級公司債,13.44,-0.03,13.45,13.46,13.43,1850000,24866670,214,TPEX_CSV,2026-09-09 14:15:34 +0800
1150909,2026-09-09,上櫃,00955,中信日本商社,16.55,-0.03,16.57,16.58,16.45,4881000,80567690,1539,TPEX_CSV,2026-09-09 14:15:34 +0800
1150909,2026-09-09,上櫃,00957B,兆豐US優選投等債,12.83,-0.03,12.86,12.86,12.83,89000,1142790,32,TPEX_CSV,2026-09-09 14:15:34 +0800
1150909,2026-09-09,上櫃,00958B,永豐ESG銀行債15+,8.91,-0.02,8.92,8.92,8.90,961000,8563460,56,TPEX_CSV,2026-09-09 14:15:34 +0800
1150909,2026-09-09,上櫃,00959B,大華投等美債15Y+,8.99,-0.01,9.00,9.00,8.98,887000,7973580,183,TPEX_CSV,2026-09-09 14:15:34 +0800
1150909,2026-09-09,上櫃,00966B,統一ESG投等債15+,13.31,-0.01,13.32,13.32,13.29,1628000,21653030,32,TPEX_CSV,2026-09-09 14:15:34 +0800
1150909,2026-09-09,上櫃,00967B,元大優息美債,8.81,-0.02,8.85,8.85,8.81,287000,2530640,44,TPEX_CSV,2026-09-09 14:15:34 +0800
1150909,2026-09-09,上櫃,00968B,元大優息投等債,8.90,0.00,8.88,8.92,8.88,1104000,9811960,130,TPEX_CSV,2026-09-09 14:15:34 +0800
1150909,2026-09-09,上櫃,00969B,元大零息超長美債,7.96,0.00,7.96,7.96,7.92,549000,4359720,26,TPEX_CSV,2026-09-09 14:15:34 +0800
1150909,2026-09-09,上櫃,00970B,台新BBB投等債20+,8.98,+0.01,8.98,8.99,8.96,678000,6082450,92,TPEX_CSV,2026-09-09 14:15:34 +0800
1150909,2026-09-09,上櫃,009806,台新標普500,13.43,-0.10,13.45,13.45,13.42,34000,457060,3,TPEX_CSV,2026-09-09 14:15:34 +0800
1150909,2026-09-09,上櫃,009807,台新標普科技精選,16.88,-0.02,16.90,16.90,16.88,24000,405480,8,TPEX_CSV,2026-09-09 14:15:34 +0800
1150909,2026-09-09,上櫃,00980B,台新特選IG債10+,9.09,-0.01,9.09,9.10,9.08,363000,3298300,18,TPEX_CSV,2026-09-09 14:15:34 +0800
1150909,2026-09-09,上櫃,00980D,主動聯博投等入息,19.93,0.00,19.95,19.96,19.92,301000,6000790,84,TPEX_CSV,2026-09-09 14:15:34 +0800
1150909,2026-09-09,上櫃,00980T,平衡凱基美國TOP,11.75,-0.07,11.80,11.80,11.75,140000,1645360,17,TPEX_CSV,2026-09-09 14:15:34 +0800
1150909,2026-09-09,上櫃,009814,富邦標普500,11.27,-0.06,11.28,11.28,11.26,606000,6829440,284,TPEX_CSV,2026-09-09 14:15:34 +0800
1150909,2026-09-09,上櫃,009815,大華美國MAG7+,11.49,-0.03,11.52,11.52,11.49,1161000,13354160,288,TPEX_CSV,2026-09-09 14:15:34 +0800
1150909,2026-09-09,上櫃,00981B,第一金優選非投債,9.07,-0.02,9.09,9.09,9.07,8267000,75027790,1075,TPEX_CSV,2026-09-09 14:15:34 +0800
1150909,2026-09-09,上櫃,00981D,主動中信非投等債,10.22,-0.01,10.22,10.23,10.21,3059000,31248420,426,TPEX_CSV,2026-09-09 14:15:34 +0800
1150909,2026-09-09,上櫃,009822,華南永昌未來金融,9.95,-0.03,9.95,9.95,9.93,603000,5993510,45,TPEX_CSV,2026-09-09 14:15:34 +0800
1150909,2026-09-09,上櫃,009823,群益S&P500,10.34,-0.05,10.35,10.35,10.33,2898000,29948890,994,TPEX_CSV,2026-09-09 14:15:34 +0800
1150909,2026-09-09,上櫃,009825,聯邦美國金融創新,10.18,-0.03,10.18,10.18,10.16,990000,10067280,95,TPEX_CSV,2026-09-09 14:15:34 +0800
1150909,2026-09-09,上櫃,00982B,FT投資級債20+,9.43,+0.02,9.42,9.43,9.41,503000,4738400,13,TPEX_CSV,2026-09-09 14:15:34 +0800
1150909,2026-09-09,上櫃,00983B,大華優利美公債20,14.97,-0.03,15.00,15.00,14.95,85000,1272560,19,TPEX_CSV,2026-09-09 14:15:34 +0800
1150909,2026-09-09,上櫃,00984B,大華優利美A債15,15.57,-0.02,15.59,15.59,15.56,476000,7412390,97,TPEX_CSV,2026-09-09 14:15:34 +0800
1150909,2026-09-09,上櫃,00985D,主動貝萊德優投等,9.75,-0.01,9.75,9.75,9.73,906000,8825990,185,TPEX_CSV,2026-09-09 14:15:34 +0800
1150909,2026-09-09,上櫃,00986B,FT金融債10+,----,---,----,----,----,0,0,0,TPEX_CSV,2026-09-09 14:15:34 +0800
1150909,2026-09-09,上櫃,00986D,主動復華金融債息,14.21,-0.02,14.21,14.23,14.21,446000,6339450,74,TPEX_CSV,2026-09-09 14:15:34 +0800
1150909,2026-09-09,上櫃,00987B,野村10+澳洲公債,15.81,0.00,15.78,15.82,15.78,706000,11163310,37,TPEX_CSV,2026-09-09 14:15:34 +0800
1150909,2026-09-09,上櫃,00987D,主動統一美債量化,9.95,+0.01,9.96,9.96,9.94,1401000,13937690,43,TPEX_CSV,2026-09-09 14:15:34 +0800
1150909,2026-09-09,上櫃,00988B,玉山嚴選非投債,19.35,-0.01,19.38,19.38,19.35,1368000,26487290,289,TPEX_CSV,2026-09-09 14:15:34 +0800
1150909,2026-09-09,上櫃,00989B,台新美國非投等債,9.97,-0.02,10.00,10.00,9.97,5637000,56271200,394,TPEX_CSV,2026-09-09 14:15:34 +0800
1150909,2026-09-09,上櫃,00990B,國泰收益非投等債,9.88,-0.02,9.90,9.90,9.88,1166000,11526970,216,TPEX_CSV,2026-09-09 14:15:34 +0800
1150909,2026-09-09,上櫃,00998A,主動復華金融股息,17.90,-0.19,18.00,18.00,17.90,8865000,158941700,2896,TPEX_CSV,2026-09-09 14:15:34 +0800
1150909,2026-09-09,上櫃,1240,茂生農經,55.30,0.00,55.30,55.30,55.30,2000,110600,2,TPEX_CSV,2026-09-09 14:15:34 +0800
1150909,2026-09-09,上櫃,1259,安心,64.90,-0.10,64.00,65.40,64.00,17000,1102400,16,TPEX_CSV,2026-09-09 14:15:34 +0800
1150909,2026-09-09,上櫃,1264,德麥,250.50,0.00,250.50,250.50,250.00,8000,2003500,8,TPEX_CSV,2026-09-09 14:15:34 +0800
1150909,2026-09-09,上櫃,1268,漢來美食,171.50,0.00,172.00,172.00,170.50,15000,2568500,15,TPEX_CSV,2026-09-09 14:15:34 +0800
1150909,2026-09-09,上櫃,1294,漢田生技,53.00,-0.50,53.20,53.60,52.90,21000,1117900,19,TPEX_CSV,2026-09-09 14:15:34 +0800
1150909,2026-09-09,上櫃,1295,生合,45.40,-0.20,45.60,45.60,45.35,25000,1136050,13,TPEX_CSV,2026-09-09 14:15:34 +0800
1150909,2026-09-09,上櫃,1336,台翰,16.45,0.00,16.50,16.55,16.25,139000,2279100,77,TPEX_CSV,2026-09-09 14:15:34 +0800
1150909,2026-09-09,上櫃,1565,精華,98.60,0.00,97.60,98.90,97.10,219000,21473900,141,TPEX_CSV,2026-09-09 14:15:34 +0800
1150909,2026-09-09,上櫃,1569,濱川,49.35,+0.45,48.30,50.10,47.65,813000,39680200,460,TPEX_CSV,2026-09-09 14:15:34 +0800
1150909,2026-09-09,上櫃,1570,力肯,32.55,-0.05,32.50,32.65,32.50,38000,1236850,20,TPEX_CSV,2026-09-09 14:15:34 +0800
1150909,2026-09-09,上櫃,1580,新麥,99.00,-2.00,101.00,101.00,98.50,254000,25200700,202,TPEX_CSV,2026-09-09 14:15:34 +0800
1150909,2026-09-09,上櫃,1584,精剛,17.90,+0.20,17.70,17.90,17.60,251000,4441500,125,TPEX_CSV,2026-09-09 14:15:34 +0800
1150909,2026-09-09,上櫃,1586,和勤,18.00,0.00,18.05,18.15,17.90,213000,3829900,120,TPEX_CSV,2026-09-09 14:15:34 +0800
1150909,2026-09-09,上櫃,1591,駿吉-KY,37.30,-1.80,39.30,39.75,37.00,860000,32730650,589,TPEX_CSV,2026-09-09 14:15:34 +0800
1150909,2026-09-09,上櫃,1593,祺驊,31.50,-0.10,31.40,31.60,31.30,9000,282650,8,TPEX_CSV,2026-09-09 14:15:34 +0800
1150909,2026-09-09,上櫃,1595,川寶,64.30,-1.10,65.40,66.30,63.80,324000,21005700,232,TPEX_CSV,2026-09-09 14:15:34 +0800
1150909,2026-09-09,上櫃,1599,宏佳騰,23.00,+0.05,22.95,23.20,22.80,14000,321600,14,TPEX_CSV,2026-09-09 14:15:34 +0800
1150909,2026-09-09,上櫃,1742,台蠟,17.65,0.00,17.75,17.75,17.45,13000,228800,9,TPEX_CSV,2026-09-09 14:15:34 +0800
1150909,2026-09-09,上櫃,1777,生泰,74.90,+0.10,74.80,74.90,74.40,54000,4035800,34,TPEX_CSV,2026-09-09 14:15:34 +0800
1150909,2026-09-09,上櫃,1780,立弘,24.80,0.00,24.25,24.80,24.00,107000,2617700,50,TPEX_CSV,2026-09-09 14:15:34 +0800
1150909,2026-09-09,上櫃,1781,合世,9.99,-0.01,10.00,10.10,9.99,17000,170690,15,TPEX_CSV,2026-09-09 14:15:34 +0800
1150909,2026-09-09,上櫃,1784,訊聯,59.90,+0.50,59.40,60.00,59.20,41000,2449100,35,TPEX_CSV,2026-09-09 14:15:34 +0800
1150909,2026-09-09,上櫃,1785,光洋科,101.50,+1.50,100.50,102.00,100.50,1930000,195342000,1235,TPEX_CSV,2026-09-09 14:15:34 +0800
1150909,2026-09-09,上櫃,1788,杏昌,128.00,0.00,128.00,128.00,128.00,11000,1408000,11,TPEX_CSV,2026-09-09 14:15:34 +0800
1150909,2026-09-09,上櫃,1796,金穎生技,30.20,+0.05,30.20,30.30,30.20,4000,120900,3,TPEX_CSV,2026-09-09 14:15:34 +0800
1150909,2026-09-09,上櫃,1799,易威,29.90,-0.25,30.05,30.05,29.90,86000,2577900,63,TPEX_CSV,2026-09-09 14:15:34 +0800
1150909,2026-09-09,上櫃,1813,寶利徠,11.35,0.00,11.30,11.35,11.30,8000,90650,7,TPEX_CSV,2026-09-09 14:15:34 +0800
1150909,2026-09-09,上櫃,1815,富喬,126.00,除權息,134.00,135.00,126.00,68959000,8893714500,37089,TPEX_CSV,2026-09-09 14:15:34 +0800
1150909,2026-09-09,上櫃,2035,唐榮,----,---,----,----,----,0,0,0,TPEX_CSV,2026-09-09 14:15:34 +0800
1150909,2026-09-09,上櫃,2061,風青,47.10,-0.10,47.50,47.90,46.65,1770000,83713300,1017,TPEX_CSV,2026-09-09 14:15:34 +0800
1150909,2026-09-09,上櫃,2063,世鎧,23.90,-0.30,24.00,24.10,23.90,25000,599950,24,TPEX_CSV,2026-09-09 14:15:34 +0800
1150909,2026-09-09,上櫃,2064,晉椿,----,---,----,----,----,0,0,0,TPEX_CSV,2026-09-09 14:15:34 +0800
1150909,2026-09-09,上櫃,2065,世豐,36.00,-0.30,36.30,36.40,36.00,54000,1953750,39,TPEX_CSV,2026-09-09 14:15:34 +0800
1150909,2026-09-09,上櫃,2066,世德,53.20,-0.10,53.30,53.50,53.20,15000,800500,15,TPEX_CSV,2026-09-09 14:15:34 +0800
1150909,2026-09-09,上櫃,2067,嘉鋼,4.73,-0.24,4.56,4.95,4.56,31000,142940,14,TPEX_CSV,2026-09-09 14:15:34 +0800
1150909,2026-09-09,上櫃,2070,精湛,62.00,+0.30,61.30,62.00,61.20,91000,5600300,65,TPEX_CSV,2026-09-09 14:15:34 +0800
1150909,2026-09-09,上櫃,2073,雄順,25.85,+0.25,24.60,25.85,24.60,5000,125050,5,TPEX_CSV,2026-09-09 14:15:34 +0800
1150909,2026-09-09,上櫃,2221,大甲,87.80,+2.00,85.80,90.00,85.60,2759000,241673500,2117,TPEX_CSV,2026-09-09 14:15:34 +0800
1150909,2026-09-09,上櫃,2230,泰茂,22.15,0.00,22.20,22.55,22.10,46000,1021500,36,TPEX_CSV,2026-09-09 14:15:34 +0800
1150909,2026-09-09,上櫃,2235,謚源,28.30,+1.45,26.70,28.30,26.55,75000,2057450,46,TPEX_CSV,2026-09-09 14:15:34 +0800
1150909,2026-09-09,上櫃,2596,綠意,35.10,+0.60,34.80,35.45,34.50,298000,10414500,108,TPEX_CSV,2026-09-09 14:15:34 +0800
1150909,2026-09-09,上櫃,2640,大車隊,154.00,0.00,154.00,154.00,153.50,8000,1231500,8,TPEX_CSV,2026-09-09 14:15:34 +0800
1150909,2026-09-09,上櫃,2641,正德,18.25,+0.30,17.95,18.30,17.90,1701000,30807450,656,TPEX_CSV,2026-09-09 14:15:34 +0800
1150909,2026-09-09,上櫃,2643,捷迅,62.80,-0.20,62.90,63.00,62.70,19000,1192500,14,TPEX_CSV,2026-09-09 14:15:34 +0800
1150909,2026-09-09,上櫃,2718,全心投控,41.35,+0.30,40.75,41.35,40.70,25000,1024650,19,TPEX_CSV,2026-09-09 14:15:34 +0800
1150909,2026-09-09,上櫃,2719,燦星旅,19.15,-0.15,19.30,19.30,19.15,22000,422050,19,TPEX_CSV,2026-09-09 14:15:34 +0800
1150909,2026-09-09,上櫃,2724,藝舍-KY,----,---,----,----,----,0,0,0,TPEX_CSV,2026-09-09 14:15:34 +0800
1150909,2026-09-09,上櫃,2726,雅茗-KY,8.16,+0.08,8.24,8.24,7.95,7000,56770,5,TPEX_CSV,2026-09-09 14:15:34 +0800
1150909,2026-09-09,上櫃,2729,瓦城,155.00,-0.50,155.00,155.50,154.00,10000,1545500,8,TPEX_CSV,2026-09-09 14:15:34 +0800
1150909,2026-09-09,上櫃,2732,六角,62.80,-0.30,64.00,64.00,62.80,17000,1071400,15,TPEX_CSV,2026-09-09 14:15:34 +0800
1150909,2026-09-09,上櫃,2734,易飛網,14.60,-0.30,14.90,14.95,14.60,42000,617450,34,TPEX_CSV,2026-09-09 14:15:34 +0800
1150909,2026-09-09,上櫃,2736,富野,11.55,-0.05,11.55,11.65,11.40,47000,539900,18,TPEX_CSV,2026-09-09 14:15:34 +0800
1150909,2026-09-09,上櫃,2740,華軒,31.25,+0.30,30.95,31.25,30.95,2000,62200,2,TPEX_CSV,2026-09-09 14:15:34 +0800
1150909,2026-09-09,上櫃,2743,山富,53.40,-1.00,54.10,54.10,53.30,111000,5952700,79,TPEX_CSV,2026-09-09 14:15:34 +0800
1150909,2026-09-09,上櫃,2745,五福,87.50,-0.10,87.90,87.90,87.00,34000,2967100,32,TPEX_CSV,2026-09-09 14:15:34 +0800
1150909,2026-09-09,上櫃,2751,王座,53.20,+1.40,53.00,53.60,52.30,28000,1489700,23,TPEX_CSV,2026-09-09 14:15:34 +0800
1150909,2026-09-09,上櫃,2752,豆府,----,---,----,----,----,0,0,0,TPEX_CSV,2026-09-09 14:15:34 +0800
1150909,2026-09-09,上櫃,2754,亞洲藏壽司,68.00,0.00,68.00,68.00,68.00,1000,68000,1,TPEX_CSV,2026-09-09 14:15:34 +0800
1150909,2026-09-09,上櫃,2755,揚秦,99.20,-0.70,100.00,100.00,99.10,48000,4769500,42,TPEX_CSV,2026-09-09 14:15:34 +0800
1150909,2026-09-09,上櫃,2756,聯發國際,64.00,+1.80,62.90,64.10,62.90,38000,2408600,25,TPEX_CSV,2026-09-09 14:15:34 +0800
1150909,2026-09-09,上櫃,2916,滿心,40.20,+0.15,40.15,40.20,40.05,22000,882850,19,TPEX_CSV,2026-09-09 14:15:34 +0800
1150909,2026-09-09,上櫃,2924,宏太-KY,17.05,-0.70,16.40,17.45,16.40,8000,135300,8,TPEX_CSV,2026-09-09 14:15:34 +0800
1150909,2026-09-09,上櫃,2926,誠品生活,29.80,-0.20,29.80,29.80,29.80,3000,89400,1,TPEX_CSV,2026-09-09 14:15:34 +0800
1150909,2026-09-09,上櫃,2937,集雅社,44.00,+0.45,43.55,44.00,43.50,4000,174550,4,TPEX_CSV,2026-09-09 14:15:34 +0800
1150909,2026-09-09,上櫃,2941,米斯特,30.95,-0.10,31.90,31.90,30.95,3000,93800,3,TPEX_CSV,2026-09-09 14:15:34 +0800
1150909,2026-09-09,上櫃,2947,振宇五金,61.90,+0.90,61.50,61.90,61.50,18000,1107400,8,TPEX_CSV,2026-09-09 14:15:34 +0800
1150909,2026-09-09,上櫃,2948,寶陞,38.00,0.00,36.90,38.35,36.90,3000,113250,3,TPEX_CSV,2026-09-09 14:15:34 +0800
1150909,2026-09-09,上櫃,2949,欣新網,----,---,----,----,----,0,0,0,TPEX_CSV,2026-09-09 14:15:34 +0800
1150909,2026-09-09,上櫃,3064,泰偉,----,---,----,----,----,0,0,0,TPEX_CSV,2026-09-09 14:15:34 +0800
1150909,2026-09-09,上櫃,3066,李洲,23.65,-0.30,24.30,24.80,23.65,763000,18411500,514,TPEX_CSV,2026-09-09 14:15:34 +0800
1150909,2026-09-09,上櫃,3067,全域,16.50,-0.10,16.40,16.50,16.40,2000,32900,2,TPEX_CSV,2026-09-09 14:15:34 +0800
1150909,2026-09-09,上櫃,3071,協禧,24.25,-0.20,24.45,24.65,24.15,110000,2673300,72,TPEX_CSV,2026-09-09 14:15:34 +0800
1150909,2026-09-09,上櫃,3073,天方能源,22.20,+0.05,22.25,22.25,22.20,3000,66700,3,TPEX_CSV,2026-09-09 14:15:34 +0800
1150909,2026-09-09,上櫃,3078,僑威,44.55,-0.65,44.80,45.25,44.55,577000,25810200,384,TPEX_CSV,2026-09-09 14:15:34 +0800
1150909,2026-09-09,上櫃,3081,聯亞,2850.00,-15.00,3085.00,3150.00,2820.00,4728000,14129000000,3642,TPEX_CSV,2026-09-09 14:15:34 +0800
1150909,2026-09-09,上櫃,3083,網龍,22.85,+0.15,22.70,22.90,22.70,23000,522800,17,TPEX_CSV,2026-09-09 14:15:34 +0800
1150909,2026-09-09,上櫃,3085,新零售,----,---,----,----,----,0,0,0,TPEX_CSV,2026-09-09 14:15:34 +0800
1150909,2026-09-09,上櫃,3086,華義*,29.45,+0.35,29.10,30.30,29.10,59000,1750050,49,TPEX_CSV,2026-09-09 14:15:34 +0800
1150909,2026-09-09,上櫃,3088,艾訊,126.50,+5.50,123.50,127.50,123.00,1102000,138399500,811,TPEX_CSV,2026-09-09 14:15:34 +0800
1150909,2026-09-09,上櫃,3093,港建*,44.55,-0.45,44.30,44.90,43.50,362000,16024150,271,TPEX_CSV,2026-09-09 14:15:34 +0800
1150909,2026-09-09,上櫃,3095,及成,36.60,-0.05,35.80,36.60,35.50,3000,107900,3,TPEX_CSV,2026-09-09 14:15:34 +0800
1150909,2026-09-09,上櫃,3105,穩懋,464.00,+22.50,462.00,478.00,457.50,35781000,16760165000,25516,TPEX_CSV,2026-09-09 14:15:34 +0800
1150909,2026-09-09,上櫃,3114,好德,30.05,+0.05,30.00,30.25,29.80,196000,5882450,128,TPEX_CSV,2026-09-09 14:15:34 +0800
1150909,2026-09-09,上櫃,3115,富榮綱,8.73,-0.46,9.10,9.10,8.70,9000,79010,8,TPEX_CSV,2026-09-09 14:15:34 +0800
1150909,2026-09-09,上櫃,3118,進階,31.30,-0.10,31.45,31.70,31.30,19000,599550,11,TPEX_CSV,2026-09-09 14:15:34 +0800
1150909,2026-09-09,上櫃,3122,笙泉,24.70,+0.10,24.50,24.70,24.45,32000,784400,26,TPEX_CSV,2026-09-09 14:15:34 +0800
1150909,2026-09-09,上櫃,3128,昇銳,19.90,+0.10,20.00,20.10,19.85,21000,419250,21,TPEX_CSV,2026-09-09 14:15:34 +0800
1150909,2026-09-09,上櫃,3131,弘塑,2555.00,-80.00,2665.00,2745.00,2500.00,848000,2207350000,814,TPEX_CSV,2026-09-09 14:15:34 +0800
1150909,2026-09-09,上櫃,3141,晶宏,93.90,-1.50,96.70,96.70,93.30,2813000,266452300,2098,TPEX_CSV,2026-09-09 14:15:34 +0800
1150909,2026-09-09,上櫃,3147,大綜,226.50,+8.50,222.50,227.50,221.00,366000,81888500,277,TPEX_CSV,2026-09-09 14:15:34 +0800
1150909,2026-09-09,上櫃,3152,璟德,231.00,-1.00,231.50,231.50,229.50,113000,26026500,96,TPEX_CSV,2026-09-09 14:15:34 +0800
1150909,2026-09-09,上櫃,3158,嘉實,83.60,0.00,84.00,84.00,83.50,5000,418700,4,TPEX_CSV,2026-09-09 14:15:34 +0800
1150909,2026-09-09,上櫃,3162,精確,73.60,+4.00,71.50,74.80,71.00,2236000,163784400,1434,TPEX_CSV,2026-09-09 14:15:34 +0800
1150909,2026-09-09,上櫃,3163,波若威,724.00,-2.00,752.00,777.00,720.00,3924000,2925160000,3284,TPEX_CSV,2026-09-09 14:15:34 +0800
1150909,2026-09-09,上櫃,3169,亞信,101.50,-1.50,103.00,103.00,101.50,107000,10914000,101,TPEX_CSV,2026-09-09 14:15:34 +0800
1150909,2026-09-09,上櫃,3171,炎洲流通,59.90,-2.10,61.50,61.50,59.50,83000,4997700,67,TPEX_CSV,2026-09-09 14:15:34 +0800
1150909,2026-09-09,上櫃,3176,基亞,36.20,-0.30,36.30,36.45,35.35,485000,17447650,373,TPEX_CSV,2026-09-09 14:15:34 +0800
1150909,2026-09-09,上櫃,3178,公準,62.00,+2.50,61.00,65.40,60.50,438000,27613000,336,TPEX_CSV,2026-09-09 14:15:34 +0800
1150909,2026-09-09,上櫃,3188,鑫龍騰,24.30,0.00,24.25,24.35,24.20,68000,1649950,51,TPEX_CSV,2026-09-09 14:15:34 +0800
1150909,2026-09-09,上櫃,3191,雲嘉南,16.90,-0.50,17.05,17.25,16.70,104000,1756650,43,TPEX_CSV,2026-09-09 14:15:34 +0800
1150909,2026-09-09,上櫃,3205,佰研,46.80,0.00,47.00,47.00,46.60,12000,562200,10,TPEX_CSV,2026-09-09 14:15:34 +0800
1150909,2026-09-09,上櫃,3206,志豐,35.45,+0.45,35.30,35.60,34.75,55000,1938900,36,TPEX_CSV,2026-09-09 14:15:34 +0800
1150909,2026-09-09,上櫃,3207,耀勝,38.65,-0.80,38.80,39.55,38.65,244000,9520650,133,TPEX_CSV,2026-09-09 14:15:34 +0800
1150909,2026-09-09,上櫃,3211,順達,367.00,-8.50,378.00,381.50,365.00,4826000,1791960500,3881,TPEX_CSV,2026-09-09 14:15:34 +0800
1150909,2026-09-09,上櫃,3213,茂訊,126.50,+3.50,123.00,126.50,123.00,536000,66730000,340,TPEX_CSV,2026-09-09 14:15:34 +0800
1150909,2026-09-09,上櫃,3217,優群,128.50,-5.00,131.00,131.00,125.50,992000,126833500,769,TPEX_CSV,2026-09-09 14:15:34 +0800
1150909,2026-09-09,上櫃,3218,大學光,137.00,0.00,137.00,138.00,136.50,112000,15363000,104,TPEX_CSV,2026-09-09 14:15:34 +0800
1150909,2026-09-09,上櫃,3219,倚強科,88.80,-0.20,90.50,92.80,88.60,666000,60374500,540,TPEX_CSV,2026-09-09 14:15:34 +0800
1150909,2026-09-09,上櫃,3221,台嘉碩,48.35,-0.20,49.35,50.90,48.30,1917000,94005850,1385,TPEX_CSV,2026-09-09 14:15:34 +0800
1150909,2026-09-09,上櫃,3224,三顧,33.45,+0.65,32.85,33.45,32.50,51000,1675100,23,TPEX_CSV,2026-09-09 14:15:34 +0800
1150909,2026-09-09,上櫃,3226,龍鋒,55.60,+0.40,55.20,56.00,54.40,48000,2659800,29,TPEX_CSV,2026-09-09 14:15:34 +0800
1150909,2026-09-09,上櫃,3227,原相,185.50,-1.00,186.00,187.00,185.00,640000,118986500,558,TPEX_CSV,2026-09-09 14:15:34 +0800
1150909,2026-09-09,上櫃,3228,金麗科,173.50,-4.00,177.50,178.50,173.00,279000,48799000,221,TPEX_CSV,2026-09-09 14:15:34 +0800
1150909,2026-09-09,上櫃,3230,錦明,41.85,+0.05,41.85,42.30,41.85,173000,7269350,144,TPEX_CSV,2026-09-09 14:15:34 +0800
1150909,2026-09-09,上櫃,3232,昱捷,19.60,-0.10,19.75,19.75,19.55,20000,392300,16,TPEX_CSV,2026-09-09 14:15:34 +0800
1150909,2026-09-09,上櫃,3234,光環,200.00,+3.00,200.00,206.00,194.00,3375000,678204000,2282,TPEX_CSV,2026-09-09 14:15:34 +0800
1150909,2026-09-09,上櫃,3236,千如,44.20,+0.75,43.50,44.60,43.25,1380000,60655800,1065,TPEX_CSV,2026-09-09 14:15:34 +0800
1150909,2026-09-09,上櫃,3252,海灣,15.30,-0.05,15.55,15.55,15.10,27000,412150,17,TPEX_CSV,2026-09-09 14:15:34 +0800
1150909,2026-09-09,上櫃,3259,鑫創,11.70,+0.60,11.10,11.70,11.10,45000,502500,23,TPEX_CSV,2026-09-09 14:15:34 +0800
1150909,2026-09-09,上櫃,3260,威剛,414.50,+0.50,417.50,424.50,413.50,7069000,2953743000,4795,TPEX_CSV,2026-09-09 14:15:34 +0800
1150909,2026-09-09,上櫃,3264,欣銓,233.00,+8.00,225.00,235.50,225.00,7212000,1669002000,4869,TPEX_CSV,2026-09-09 14:15:34 +0800
1150909,2026-09-09,上櫃,3265,台星科,167.50,+1.00,168.50,170.50,166.50,367000,61771000,332,TPEX_CSV,2026-09-09 14:15:34 +0800
1150909,2026-09-09,上櫃,3268,海德威,18.10,-0.20,18.05,18.20,17.95,24000,433000,17,TPEX_CSV,2026-09-09 14:15:34 +0800
1150909,2026-09-09,上櫃,3272,東碩,14.10,-0.15,14.15,14.35,14.05,44000,623450,36,TPEX_CSV,2026-09-09 14:15:34 +0800
1150909,2026-09-09,上櫃,3276,宇環,14.15,+0.10,14.10,14.20,14.05,47000,662850,35,TPEX_CSV,2026-09-09 14:15:34 +0800
1150909,2026-09-09,上櫃,3284,太普高,19.85,-0.10,20.35,20.40,19.85,129000,2574100,66,TPEX_CSV,2026-09-09 14:15:34 +0800
1150909,2026-09-09,上櫃,3285,微端,41.55,+0.60,42.15,42.15,41.30,5000,208100,5,TPEX_CSV,2026-09-09 14:15:34 +0800
1150909,2026-09-09,上櫃,3287,廣寰科,35.80,+0.25,35.95,36.15,35.55,153000,5469800,121,TPEX_CSV,2026-09-09 14:15:34 +0800
1150909,2026-09-09,上櫃,3288,點晶,20.95,+0.30,22.10,22.10,20.60,13000,276700,12,TPEX_CSV,2026-09-09 14:15:34 +0800
1150909,2026-09-09,上櫃,3289,宜特,140.00,+2.00,139.00,141.00,138.50,293000,40925000,241,TPEX_CSV,2026-09-09 14:15:34 +0800
1150909,2026-09-09,上櫃,3290,東浦,46.65,+1.35,45.60,46.70,45.60,409000,18975300,273,TPEX_CSV,2026-09-09 14:15:34 +0800
1150909,2026-09-09,上櫃,3293,鈊象,708.00,0.00,711.00,711.00,705.00,944000,667861000,750,TPEX_CSV,2026-09-09 14:15:34 +0800
1150909,2026-09-09,上櫃,3294,英濟,29.70,0.00,29.85,30.00,29.60,174000,5181700,145,TPEX_CSV,2026-09-09 14:15:34 +0800
1150909,2026-09-09,上櫃,3297,杭特,27.10,0.00,27.40,27.65,27.10,18000,490650,14,TPEX_CSV,2026-09-09 14:15:34 +0800
1150909,2026-09-09,上櫃,3303,岱稜,52.00,+0.60,51.40,52.00,51.20,97000,5006300,84,TPEX_CSV,2026-09-09 14:15:34 +0800
1150909,2026-09-09,上櫃,3306,鼎天,44.50,-0.05,45.10,45.15,44.50,59000,2632550,43,TPEX_CSV,2026-09-09 14:15:34 +0800
1150909,2026-09-09,上櫃,3310,佳穎,67.50,-0.10,66.30,67.50,66.30,12000,804500,12,TPEX_CSV,2026-09-09 14:15:34 +0800
1150909,2026-09-09,上櫃,3313,斐成,10.90,0.00,10.90,10.95,10.60,119000,1284850,62,TPEX_CSV,2026-09-09 14:15:34 +0800
1150909,2026-09-09,上櫃,3317,尼克森,57.60,+1.10,56.50,57.90,56.50,600000,34388800,454,TPEX_CSV,2026-09-09 14:15:34 +0800
1150909,2026-09-09,上櫃,3322,建舜電,11.05,+0.05,11.20,11.20,11.00,73000,807950,50,TPEX_CSV,2026-09-09 14:15:34 +0800
1150909,2026-09-09,上櫃,3323,加百裕,27.50,-0.20,27.40,27.90,27.40,333000,9196250,219,TPEX_CSV,2026-09-09 14:15:34 +0800
1150909,2026-09-09,上櫃,3324,雙鴻,1385.00,+45.00,1375.00,1400.00,1320.00,1351000,1852260000,1113,TPEX_CSV,2026-09-09 14:15:34 +0800
1150909,2026-09-09,上櫃,3325,旭品,11.25,+0.10,11.15,11.35,11.15,73000,820200,33,TPEX_CSV,2026-09-09 14:15:34 +0800
1150909,2026-09-09,上櫃,3332,幸康,60.60,0.00,60.60,60.60,59.30,5000,300500,5,TPEX_CSV,2026-09-09 14:15:34 +0800
1150909,2026-09-09,上櫃,3339,泰谷,42.95,-0.15,43.10,44.35,42.95,870000,37728700,570,TPEX_CSV,2026-09-09 14:15:34 +0800
1150909,2026-09-09,上櫃,3349,寶德,20.40,-1.60,21.50,21.65,20.40,196000,4108700,98,TPEX_CSV,2026-09-09 14:15:34 +0800
1150909,2026-09-09,上櫃,3354,律勝,28.70,+0.40,28.50,29.80,27.85,3542000,102183050,2532,TPEX_CSV,2026-09-09 14:15:34 +0800
1150909,2026-09-09,上櫃,3357,臺慶科,208.00,+1.50,207.00,210.50,207.00,492000,102560000,428,TPEX_CSV,2026-09-09 14:15:34 +0800
1150909,2026-09-09,上櫃,3360,尚立,14.80,+0.10,14.70,14.80,14.60,179000,2634600,113,TPEX_CSV,2026-09-09 14:15:34 +0800
1150909,2026-09-09,上櫃,3362,先進光,189.50,+2.00,192.00,196.50,187.50,5390000,1033358500,4247,TPEX_CSV,2026-09-09 14:15:34 +0800
1150909,2026-09-09,上櫃,3363,上詮,708.00,-3.00,730.00,756.00,701.00,6138000,4433672000,5070,TPEX_CSV,2026-09-09 14:15:34 +0800
1150909,2026-09-09,上櫃,3372,典範,14.50,+0.15,14.55,14.55,14.30,203000,2928500,142,TPEX_CSV,2026-09-09 14:15:34 +0800
1150909,2026-09-09,上櫃,3373,熱映,15.95,-0.05,16.00,16.15,15.95,30000,480300,23,TPEX_CSV,2026-09-09 14:15:34 +0800
1150909,2026-09-09,上櫃,3374,精材,478.50,+3.50,471.00,487.00,471.00,2339000,1123629500,1904,TPEX_CSV,2026-09-09 14:15:34 +0800
1150909,2026-09-09,上櫃,3379,彬台,28.00,-0.10,28.20,28.30,28.00,51000,1435150,40,TPEX_CSV,2026-09-09 14:15:34 +0800
1150909,2026-09-09,上櫃,3388,崇越電,85.00,0.00,84.20,85.80,84.20,598000,50781500,435,TPEX_CSV,2026-09-09 14:15:34 +0800
1150909,2026-09-09,上櫃,3390,旭軟,21.75,0.00,21.70,21.80,21.55,78000,1690100,56,TPEX_CSV,2026-09-09 14:15:34 +0800
1150909,2026-09-09,上櫃,3402,漢科,126.00,+3.50,122.50,127.00,122.50,323000,40526000,245,TPEX_CSV,2026-09-09 14:15:34 +0800
1150909,2026-09-09,上櫃,3430,奇鈦科,105.00,-1.00,105.50,107.00,104.50,163000,17175500,131,TPEX_CSV,2026-09-09 14:15:34 +0800
1150909,2026-09-09,上櫃,3434,哲固,29.20,-0.05,29.30,29.30,29.15,37000,1079200,23,TPEX_CSV,2026-09-09 14:15:34 +0800
1150909,2026-09-09,上櫃,3438,類比科,62.60,-0.20,63.00,64.30,62.30,62000,3895800,58,TPEX_CSV,2026-09-09 14:15:34 +0800
1150909,2026-09-09,上櫃,3441,聯一光,143.50,+11.50,132.50,144.00,129.00,21508000,2988372500,15198,TPEX_CSV,2026-09-09 14:15:34 +0800
1150909,2026-09-09,上櫃,3444,利機,82.30,-0.80,82.60,83.50,81.00,225000,18413000,183,TPEX_CSV,2026-09-09 14:15:34 +0800
1150909,2026-09-09,上櫃,3455,由田,232.00,+2.50,230.00,236.50,229.00,572000,132768500,459,TPEX_CSV,2026-09-09 14:15:34 +0800
1150909,2026-09-09,上櫃,3465,進泰電子,29.15,+0.10,29.05,29.95,29.05,36000,1059000,28,TPEX_CSV,2026-09-09 14:15:34 +0800
1150909,2026-09-09,上櫃,3466,德晉,24.25,-0.10,24.70,24.70,24.00,161000,3904800,113,TPEX_CSV,2026-09-09 14:15:34 +0800
1150909,2026-09-09,上櫃,3467,台灣精材,51.70,+0.40,51.70,52.00,51.10,50000,2566200,34,TPEX_CSV,2026-09-09 14:15:34 +0800
1150909,2026-09-09,上櫃,3479,安勤,131.50,+9.00,125.50,132.50,124.00,1495000,194421500,1155,TPEX_CSV,2026-09-09 14:15:34 +0800
1150909,2026-09-09,上櫃,3483,力致,80.50,+2.50,78.00,81.30,77.80,530000,42108800,385,TPEX_CSV,2026-09-09 14:15:34 +0800
1150909,2026-09-09,上櫃,3484,崧騰,45.10,-0.30,45.10,45.35,45.00,218000,9836200,141,TPEX_CSV,2026-09-09 14:15:34 +0800
1150909,2026-09-09,上櫃,3485,敘豐,207.50,-0.50,211.50,212.00,207.00,56000,11682500,55,TPEX_CSV,2026-09-09 14:15:34 +0800
1150909,2026-09-09,上櫃,3489,森寶,21.70,-0.75,22.35,22.40,21.55,272000,5957050,144,TPEX_CSV,2026-09-09 14:15:34 +0800
1150909,2026-09-09,上櫃,3490,單井,44.20,+0.75,43.55,44.75,43.50,1392000,61232350,892,TPEX_CSV,2026-09-09 14:15:34 +0800
1150909,2026-09-09,上櫃,3491,昇達科,1455.00,-35.00,1500.00,1550.00,1450.00,1322000,1979585000,1169,TPEX_CSV,2026-09-09 14:15:34 +0800
1150909,2026-09-09,上櫃,3492,長盛,19.20,-0.10,19.20,19.25,19.15,34000,652350,28,TPEX_CSV,2026-09-09 14:15:34 +0800
1150909,2026-09-09,上櫃,3498,陽程,191.00,+1.50,190.50,197.50,187.00,2493000,477077000,2023,TPEX_CSV,2026-09-09 14:15:34 +0800
1150909,2026-09-09,上櫃,3499,環天科,13.75,+0.05,13.60,14.00,13.55,92000,1259750,70,TPEX_CSV,2026-09-09 14:15:34 +0800
1150909,2026-09-09,上櫃,3508,位速,21.05,-0.15,21.10,21.20,20.60,179000,3729450,111,TPEX_CSV,2026-09-09 14:15:34 +0800
1150909,2026-09-09,上櫃,3511,矽瑪,19.45,+0.45,18.80,19.70,18.80,198000,3840550,113,TPEX_CSV,2026-09-09 14:15:34 +0800
1150909,2026-09-09,上櫃,3512,皇龍,19.30,+0.10,19.20,19.30,19.15,35000,671600,22,TPEX_CSV,2026-09-09 14:15:34 +0800
1150909,2026-09-09,上櫃,3516,亞帝歐,26.45,+0.10,26.85,26.85,26.10,38000,1002050,28,TPEX_CSV,2026-09-09 14:15:34 +0800
1150909,2026-09-09,上櫃,3520,華盈,17.55,+0.15,17.45,17.70,17.40,167000,2918600,81,TPEX_CSV,2026-09-09 14:15:34 +0800
1150909,2026-09-09,上櫃,3521,台鋼建設,12.30,+0.15,12.10,12.30,12.10,2000,24400,2,TPEX_CSV,2026-09-09 14:15:34 +0800
1150909,2026-09-09,上櫃,3522,御嵿,12.00,0.00,12.00,12.00,11.90,88000,1052800,37,TPEX_CSV,2026-09-09 14:15:34 +0800
1150909,2026-09-09,上櫃,3523,迎輝,15.00,-0.40,15.40,15.40,15.00,13000,195600,11,TPEX_CSV,2026-09-09 14:15:34 +0800
1150909,2026-09-09,上櫃,3526,凡甲,278.00,+1.00,279.50,280.00,276.50,180000,50067500,170,TPEX_CSV,2026-09-09 14:15:34 +0800
1150909,2026-09-09,上櫃,3527,聚積,49.70,0.00,49.70,50.20,49.50,28000,1390200,25,TPEX_CSV,2026-09-09 14:15:34 +0800
1150909,2026-09-09,上櫃,3529,力旺,2780.00,-45.00,2800.00,2875.00,2680.00,2124000,5935855000,2000,TPEX_CSV,2026-09-09 14:15:34 +0800
1150909,2026-09-09,上櫃,3531,先益,21.15,-0.25,21.15,21.15,21.00,7000,147600,7,TPEX_CSV,2026-09-09 14:15:34 +0800
1150909,2026-09-09,上櫃,3537,堡達,53.40,-0.20,54.00,54.50,53.20,214000,11502000,168,TPEX_CSV,2026-09-09 14:15:34 +0800
1150909,2026-09-09,上櫃,3540,曜越,22.70,-0.30,23.20,23.20,22.70,218000,4981150,187,TPEX_CSV,2026-09-09 14:15:34 +0800
1150909,2026-09-09,上櫃,3541,西柏,22.05,+0.25,21.90,22.10,21.90,56000,1232500,40,TPEX_CSV,2026-09-09 14:15:34 +0800
1150909,2026-09-09,上櫃,3546,宇峻,73.80,+0.30,73.80,74.00,73.20,97000,7133800,84,TPEX_CSV,2026-09-09 14:15:34 +0800
1150909,2026-09-09,上櫃,3548,兆利,84.60,+3.30,81.30,84.90,81.30,225000,18787600,199,TPEX_CSV,2026-09-09 14:15:34 +0800
1150909,2026-09-09,上櫃,3551,世禾,178.50,-2.50,182.00,182.00,178.00,169000,30364500,151,TPEX_CSV,2026-09-09 14:15:34 +0800
1150909,2026-09-09,上櫃,3552,同致,42.30,-0.20,42.50,42.60,41.95,151000,6358400,127,TPEX_CSV,2026-09-09 14:15:34 +0800
1150909,2026-09-09,上櫃,3555,博士旺,193.50,-1.00,199.50,203.00,193.50,57000,11250500,57,TPEX_CSV,2026-09-09 14:15:34 +0800
1150909,2026-09-09,上櫃,3556,禾瑞亞,57.00,+0.80,55.70,57.50,55.70,214000,12191100,174,TPEX_CSV,2026-09-09 14:15:34 +0800
1150909,2026-09-09,上櫃,3558,神準,121.00,-2.50,123.00,123.00,121.00,60000,7304500,55,TPEX_CSV,2026-09-09 14:15:34 +0800
1150909,2026-09-09,上櫃,3564,其陽,48.30,+0.10,48.30,49.55,47.75,261000,12659200,183,TPEX_CSV,2026-09-09 14:15:34 +0800
1150909,2026-09-09,上櫃,3567,逸昌,25.35,+0.05,25.30,25.45,25.30,21000,532500,18,TPEX_CSV,2026-09-09 14:15:34 +0800
1150909,2026-09-09,上櫃,3570,大塚,162.50,0.00,162.50,163.50,162.50,14000,2281000,12,TPEX_CSV,2026-09-09 14:15:34 +0800
1150909,2026-09-09,上櫃,3577,泓格,110.50,+2.00,109.50,111.50,108.50,182000,20027000,138,TPEX_CSV,2026-09-09 14:15:34 +0800
1150909,2026-09-09,上櫃,3580,友威科,86.40,+0.90,86.40,87.00,85.40,151000,12988300,122,TPEX_CSV,2026-09-09 14:15:34 +0800
1150909,2026-09-09,上櫃,3581,博磊,107.50,+2.00,105.50,112.00,105.50,363000,39383000,290,TPEX_CSV,2026-09-09 14:15:34 +0800
1150909,2026-09-09,上櫃,3587,閎康,251.00,+5.00,251.00,256.50,251.00,539000,136639500,440,TPEX_CSV,2026-09-09 14:15:34 +0800
1150909,2026-09-09,上櫃,3594,磐儀,47.20,-0.10,47.00,48.00,47.00,251000,11897900,202,TPEX_CSV,2026-09-09 14:15:34 +0800
1150909,2026-09-09,上櫃,3597,映興,26.20,-0.30,26.50,26.50,26.00,23000,604050,19,TPEX_CSV,2026-09-09 14:15:34 +0800
1150909,2026-09-09,上櫃,3609,三一東林,19.50,-0.05,19.60,20.30,19.50,192000,3804800,96,TPEX_CSV,2026-09-09 14:15:34 +0800
1150909,2026-09-09,上櫃,3611,鼎翰,182.00,-0.50,182.50,183.50,182.00,18000,3286000,18,TPEX_CSV,2026-09-09 14:15:34 +0800
1150909,2026-09-09,上櫃,3615,安可,35.70,+0.05,35.90,36.80,35.70,337000,12158900,243,TPEX_CSV,2026-09-09 14:15:34 +0800
1150909,2026-09-09,上櫃,3623,富晶通,24.65,-0.05,24.70,25.25,24.65,147000,3661100,108,TPEX_CSV,2026-09-09 14:15:34 +0800
1150909,2026-09-09,上櫃,3624,光頡,103.50,+6.90,102.00,106.00,99.80,23348000,2420678600,12471,TPEX_CSV,2026-09-09 14:15:34 +0800
1150909,2026-09-09,上櫃,3625,西勝,12.15,-0.15,11.90,12.30,11.90,139000,1693100,54,TPEX_CSV,2026-09-09 14:15:34 +0800
1150909,2026-09-09,上櫃,3628,盈正,71.90,+3.70,68.20,72.00,68.20,162000,11469800,116,TPEX_CSV,2026-09-09 14:15:34 +0800
1150909,2026-09-09,上櫃,3629,地心引力,20.05,-1.30,20.05,20.05,20.05,1000,20050,1,TPEX_CSV,2026-09-09 14:15:34 +0800
1150909,2026-09-09,上櫃,3630,新鉅科,26.70,+0.10,26.85,27.25,26.65,459000,12325750,333,TPEX_CSV,2026-09-09 14:15:34 +0800
1150909,2026-09-09,上櫃,3631,晟楠,39.30,+1.40,38.20,39.60,37.70,152000,5914150,108,TPEX_CSV,2026-09-09 14:15:34 +0800
1150909,2026-09-09,上櫃,3632,研勤,7.11,-0.08,7.19,7.19,7.11,21000,149660,18,TPEX_CSV,2026-09-09 14:15:34 +0800
1150909,2026-09-09,上櫃,3646,艾恩特,24.00,0.00,24.00,24.00,24.00,1000,24000,1,TPEX_CSV,2026-09-09 14:15:34 +0800
1150909,2026-09-09,上櫃,3663,鑫科,61.00,0.00,61.10,62.00,60.90,234000,14338100,188,TPEX_CSV,2026-09-09 14:15:34 +0800
1150909,2026-09-09,上櫃,3664,安瑞-KY,7.60,+0.58,6.50,7.66,6.50,14000,104140,13,TPEX_CSV,2026-09-09 14:15:34 +0800
1150909,2026-09-09,上櫃,3666,光耀,25.00,0.00,24.80,25.00,24.70,61000,1517900,53,TPEX_CSV,2026-09-09 14:15:34 +0800
1150909,2026-09-09,上櫃,3672,康聯訊,11.85,0.00,11.85,11.85,11.80,10000,118350,8,TPEX_CSV,2026-09-09 14:15:34 +0800
1150909,2026-09-09,上櫃,3675,德微,271.50,-2.50,271.50,278.00,270.50,323000,88030000,278,TPEX_CSV,2026-09-09 14:15:34 +0800
1150909,2026-09-09,上櫃,3680,家登,566.00,+45.00,573.00,573.00,563.00,7513000,4293339000,3694,TPEX_CSV,2026-09-09 14:15:34 +0800
1150909,2026-09-09,上櫃,3684,榮昌,54.20,+0.10,55.90,55.90,54.00,8000,435100,8,TPEX_CSV,2026-09-09 14:15:34 +0800
1150909,2026-09-09,上櫃,3685,元創精密,36.55,-0.10,36.50,37.25,36.10,253000,9250600,120,TPEX_CSV,2026-09-09 14:15:34 +0800
1150909,2026-09-09,上櫃,3687,歐買尬,62.20,-0.20,61.80,62.60,61.80,21000,1302600,19,TPEX_CSV,2026-09-09 14:15:34 +0800
1150909,2026-09-09,上櫃,3689,湧德,112.50,+2.00,110.00,112.50,110.00,508000,56709000,389,TPEX_CSV,2026-09-09 14:15:34 +0800
1150909,2026-09-09,上櫃,3691,碩禾,98.30,+1.00,98.80,99.20,97.90,120000,11822900,99,TPEX_CSV,2026-09-09 14:15:34 +0800
1150909,2026-09-09,上櫃,3693,營邦,700.00,+31.00,675.00,704.00,664.00,2530000,1745212000,2135,TPEX_CSV,2026-09-09 14:15:34 +0800
1150909,2026-09-09,上櫃,3707,漢磊,60.10,+0.10,60.00,60.60,59.80,2049000,123347200,1292,TPEX_CSV,2026-09-09 14:15:34 +0800
1150909,2026-09-09,上櫃,3709,鑫聯大投控,63.00,+1.00,62.20,63.00,62.00,279000,17447100,224,TPEX_CSV,2026-09-09 14:15:34 +0800
1150909,2026-09-09,上櫃,3710,連展投控,5.13,+0.13,5.00,5.20,4.90,766000,3899230,195,TPEX_CSV,2026-09-09 14:15:34 +0800
1150909,2026-09-09,上櫃,3713,新晶投控,14.60,+0.30,15.50,15.50,14.50,40000,607050,22,TPEX_CSV,2026-09-09 14:15:34 +0800
1150909,2026-09-09,上櫃,3718,中光電投控,68.10,+2.00,66.30,69.00,66.20,4431000,299809900,3063,TPEX_CSV,2026-09-09 14:15:34 +0800
1150909,2026-09-09,上櫃,4102,永日,18.90,-0.05,18.80,18.90,18.55,34000,637900,31,TPEX_CSV,2026-09-09 14:15:34 +0800
1150909,2026-09-09,上櫃,4105,東洋,77.20,+0.30,77.20,77.30,76.50,390000,29988100,278,TPEX_CSV,2026-09-09 14:15:34 +0800
1150909,2026-09-09,上櫃,4107,邦特,113.00,0.00,113.00,113.00,112.50,25000,2824000,18,TPEX_CSV,2026-09-09 14:15:34 +0800
1150909,2026-09-09,上櫃,4109,加捷生醫,11.05,+0.05,11.10,11.10,10.95,157000,1731850,74,TPEX_CSV,2026-09-09 14:15:34 +0800
1150909,2026-09-09,上櫃,4111,濟生,28.95,+0.25,28.50,28.95,28.50,47000,1350100,37,TPEX_CSV,2026-09-09 14:15:34 +0800
1150909,2026-09-09,上櫃,4113,聯上,15.95,+0.15,16.00,16.00,15.60,86000,1360650,42,TPEX_CSV,2026-09-09 14:15:34 +0800
1150909,2026-09-09,上櫃,4114,健喬,29.95,+0.35,29.80,30.10,29.80,591000,17676250,323,TPEX_CSV,2026-09-09 14:15:34 +0800
1150909,2026-09-09,上櫃,4116,明基醫,39.70,-0.30,40.00,40.00,39.70,15000,598700,15,TPEX_CSV,2026-09-09 14:15:34 +0800
1150909,2026-09-09,上櫃,4120,友華,46.00,0.00,45.80,46.00,45.50,6000,274300,6,TPEX_CSV,2026-09-09 14:15:34 +0800
1150909,2026-09-09,上櫃,4121,優盛,12.85,+0.05,12.80,12.85,12.75,36000,460400,23,TPEX_CSV,2026-09-09 14:15:34 +0800
1150909,2026-09-09,上櫃,4123,晟德,30.55,+0.15,30.40,30.85,30.30,1961000,60019200,1152,TPEX_CSV,2026-09-09 14:15:34 +0800
1150909,2026-09-09,上櫃,4126,太醫,77.80,-0.20,77.90,77.90,77.70,57000,4435400,40,TPEX_CSV,2026-09-09 14:15:34 +0800
1150909,2026-09-09,上櫃,4127,天良,62.80,+0.80,62.10,62.90,62.00,101000,6304500,82,TPEX_CSV,2026-09-09 14:15:34 +0800
1150909,2026-09-09,上櫃,4128,中天,14.80,-0.15,15.00,15.10,14.75,438000,6503400,273,TPEX_CSV,2026-09-09 14:15:34 +0800
1150909,2026-09-09,上櫃,4129,聯合,82.60,-0.90,82.50,83.50,81.80,232000,19113600,187,TPEX_CSV,2026-09-09 14:15:34 +0800
1150909,2026-09-09,上櫃,4131,浩泰,30.70,+0.20,30.40,30.85,30.00,8000,242450,8,TPEX_CSV,2026-09-09 14:15:34 +0800
1150909,2026-09-09,上櫃,4138,曜亞,53.80,+1.00,53.30,53.80,52.90,94000,5035900,42,TPEX_CSV,2026-09-09 14:15:34 +0800
1150909,2026-09-09,上櫃,4139,馬光-KY,41.00,0.00,41.15,41.15,41.00,7000,287900,5,TPEX_CSV,2026-09-09 14:15:34 +0800
1150909,2026-09-09,上櫃,4147,中裕,62.80,-2.50,66.00,66.00,62.50,1131000,71793700,769,TPEX_CSV,2026-09-09 14:15:34 +0800
1150909,2026-09-09,上櫃,4153,鈺緯,31.95,-0.05,31.65,31.95,31.55,11000,349050,11,TPEX_CSV,2026-09-09 14:15:34 +0800
1150909,2026-09-09,上櫃,4154,樂威科-KY,----,---,----,----,----,0,0,0,TPEX_CSV,2026-09-09 14:15:34 +0800
1150909,2026-09-09,上櫃,4157,太景*-KY,9.03,+0.02,9.10,9.10,8.99,602000,5438940,220,TPEX_CSV,2026-09-09 14:15:34 +0800
1150909,2026-09-09,上櫃,4160,訊聯基因,39.15,除權,38.55,39.40,38.40,77000,2980750,63,TPEX_CSV,2026-09-09 14:15:34 +0800
1150909,2026-09-09,上櫃,4161,聿新科,22.45,-0.05,22.45,22.65,22.40,21000,471850,13,TPEX_CSV,2026-09-09 14:15:34 +0800
1150909,2026-09-09,上櫃,4162,智擎,55.80,-0.60,56.40,56.80,55.70,293000,16465000,225,TPEX_CSV,2026-09-09 14:15:34 +0800
1150909,2026-09-09,上櫃,4163,鐿鈦,130.00,+0.50,129.50,131.00,128.50,82000,10640000,59,TPEX_CSV,2026-09-09 14:15:34 +0800
1150909,2026-09-09,上櫃,4166,友霖,23.90,-1.25,24.80,24.80,23.85,409000,9877950,207,TPEX_CSV,2026-09-09 14:15:34 +0800
1150909,2026-09-09,上櫃,4167,松瑞藥,19.10,+0.20,19.05,19.20,18.95,865000,16501750,409,TPEX_CSV,2026-09-09 14:15:34 +0800
1150909,2026-09-09,上櫃,4168,醣聯,21.60,-0.25,21.85,21.85,21.50,74000,1604050,58,TPEX_CSV,2026-09-09 14:15:34 +0800
1150909,2026-09-09,上櫃,4171,瑞基,16.60,0.00,16.60,16.60,16.45,151000,2493200,59,TPEX_CSV,2026-09-09 14:15:34 +0800
1150909,2026-09-09,上櫃,4173,久裕,17.05,-0.10,17.15,17.15,17.00,27000,460400,23,TPEX_CSV,2026-09-09 14:15:34 +0800
1150909,2026-09-09,上櫃,4174,浩鼎,26.45,+0.45,26.35,27.00,26.15,595000,15849200,414,TPEX_CSV,2026-09-09 14:15:34 +0800
1150909,2026-09-09,上櫃,4175,杏一,51.20,-0.10,51.00,51.50,51.00,7000,358700,7,TPEX_CSV,2026-09-09 14:15:34 +0800
1150909,2026-09-09,上櫃,4183,福永生技,----,---,----,----,----,0,0,0,TPEX_CSV,2026-09-09 14:15:34 +0800
1150909,2026-09-09,上櫃,4188,安克,14.05,+1.25,12.85,14.05,12.80,362000,4989100,227,TPEX_CSV,2026-09-09 14:15:34 +0800
1150909,2026-09-09,上櫃,4192,杏國,18.55,-0.20,18.40,18.70,18.40,5000,92550,4,TPEX_CSV,2026-09-09 14:15:34 +0800
1150909,2026-09-09,上櫃,4198,欣大健康,49.95,+3.55,45.30,50.00,45.20,18000,860200,17,TPEX_CSV,2026-09-09 14:15:34 +0800
1150909,2026-09-09,上櫃,4205,中華食,69.20,-0.10,69.20,69.30,69.10,11000,760800,11,TPEX_CSV,2026-09-09 14:15:34 +0800
1150909,2026-09-09,上櫃,4207,環泰,19.70,-0.25,19.70,19.90,19.70,56000,1106400,30,TPEX_CSV,2026-09-09 14:15:34 +0800
1150909,2026-09-09,上櫃,4303,信立,36.35,+0.70,36.00,36.80,35.05,968000,34918250,648,TPEX_CSV,2026-09-09 14:15:34 +0800
1150909,2026-09-09,上櫃,4304,勝昱,16.40,-0.25,16.70,17.00,16.40,86000,1424050,61,TPEX_CSV,2026-09-09 14:15:34 +0800
1150909,2026-09-09,上櫃,4305,世坤,42.05,-1.15,43.00,43.00,42.05,2000,85050,2,TPEX_CSV,2026-09-09 14:15:34 +0800
1150909,2026-09-09,上櫃,4401,東隆興,13.90,-0.10,14.10,14.10,13.85,41000,569700,20,TPEX_CSV,2026-09-09 14:15:34 +0800
1150909,2026-09-09,上櫃,4402,郡都開發,14.30,+0.05,14.45,14.45,13.50,52000,718900,42,TPEX_CSV,2026-09-09 14:15:34 +0800
1150909,2026-09-09,上櫃,4406,新昕纖,10.00,+0.05,9.95,10.00,9.95,17000,169430,4,TPEX_CSV,2026-09-09 14:15:34 +0800
1150909,2026-09-09,上櫃,4413,飛寶企業,19.55,-0.45,20.00,20.00,19.00,58000,1128350,22,TPEX_CSV,2026-09-09 14:15:34 +0800
1150909,2026-09-09,上櫃,4416,三圓,11.90,-0.15,12.05,12.10,11.80,493000,5879900,238,TPEX_CSV,2026-09-09 14:15:34 +0800
1150909,2026-09-09,上櫃,4417,金洲,47.80,+0.60,47.25,47.80,46.75,103000,4865350,71,TPEX_CSV,2026-09-09 14:15:34 +0800
1150909,2026-09-09,上櫃,4419,皇家美食,45.30,-0.65,45.70,45.70,45.00,47000,2126900,35,TPEX_CSV,2026-09-09 14:15:34 +0800
1150909,2026-09-09,上櫃,4420,光明,38.80,-0.05,38.85,39.15,38.80,41000,1596800,33,TPEX_CSV,2026-09-09 14:15:34 +0800
1150909,2026-09-09,上櫃,4430,耀億,17.25,-0.15,17.10,17.80,17.00,13000,225550,12,TPEX_CSV,2026-09-09 14:15:34 +0800
1150909,2026-09-09,上櫃,4432,銘旺實,15.50,-0.15,15.60,15.60,15.45,23000,357000,16,TPEX_CSV,2026-09-09 14:15:34 +0800
1150909,2026-09-09,上櫃,4433,興采,18.75,+0.05,18.50,18.75,18.40,72000,1336400,42,TPEX_CSV,2026-09-09 14:15:34 +0800
1150909,2026-09-09,上櫃,4442,竣邦-KY,51.80,-0.90,52.20,52.20,51.00,68000,3498600,38,TPEX_CSV,2026-09-09 14:15:34 +0800
1150909,2026-09-09,上櫃,4502,健信,15.75,0.00,16.65,16.65,15.75,27000,435150,19,TPEX_CSV,2026-09-09 14:15:34 +0800
1150909,2026-09-09,上櫃,4503,金雨,23.25,-0.05,23.10,23.60,23.00,251000,5814800,153,TPEX_CSV,2026-09-09 14:15:34 +0800
1150909,2026-09-09,上櫃,4506,崇友,121.50,-0.50,121.50,121.50,121.00,38000,4613500,34,TPEX_CSV,2026-09-09 14:15:34 +0800
1150909,2026-09-09,上櫃,4510,高鋒,44.10,-0.20,45.05,45.10,43.95,571000,25303150,448,TPEX_CSV,2026-09-09 14:15:34 +0800
1150909,2026-09-09,上櫃,4513,福裕,15.60,+0.05,15.60,15.75,15.55,123000,1920400,77,TPEX_CSV,2026-09-09 14:15:34 +0800
1150909,2026-09-09,上櫃,4523,永彰,23.50,+0.05,23.40,23.60,23.35,24000,562650,18,TPEX_CSV,2026-09-09 14:15:34 +0800
1150909,2026-09-09,上櫃,4527,方土霖,40.70,-0.25,40.25,40.90,40.10,35000,1419500,27,TPEX_CSV,2026-09-09 14:15:34 +0800
1150909,2026-09-09,上櫃,4528,江興鍛,15.00,+0.10,14.95,15.00,14.85,12000,178900,12,TPEX_CSV,2026-09-09 14:15:34 +0800
1150909,2026-09-09,上櫃,4529,淳紳,3.73,+0.02,3.71,3.73,3.71,35000,130530,5,TPEX_CSV,2026-09-09 14:15:34 +0800
1150909,2026-09-09,上櫃,4530,天意能創,25.95,0.00,26.85,27.70,25.95,14000,366000,12,TPEX_CSV,2026-09-09 14:15:34 +0800
1150909,2026-09-09,上櫃,4533,協易機,25.35,+0.10,25.30,25.35,25.05,443000,11150800,239,TPEX_CSV,2026-09-09 14:15:34 +0800
1150909,2026-09-09,上櫃,4534,慶騰,28.95,+0.05,29.00,29.45,28.65,338000,9798950,223,TPEX_CSV,2026-09-09 14:15:34 +0800
1150909,2026-09-09,上櫃,4535,至興,28.00,+0.15,27.85,28.00,27.30,5000,138600,5,TPEX_CSV,2026-09-09 14:15:34 +0800
1150909,2026-09-09,上櫃,4538,大詠城,17.75,+0.30,17.85,17.85,17.60,11000,195050,10,TPEX_CSV,2026-09-09 14:15:34 +0800
1150909,2026-09-09,上櫃,4541,晟田,60.00,-0.30,60.80,61.20,59.90,1309000,78934500,922,TPEX_CSV,2026-09-09 14:15:34 +0800
1150909,2026-09-09,上櫃,4542,科嶠,282.50,+7.50,280.50,290.00,280.50,317000,90181500,294,TPEX_CSV,2026-09-09 14:15:34 +0800
1150909,2026-09-09,上櫃,4543,萬在,28.90,-0.10,29.00,29.10,28.65,74000,2136150,55,TPEX_CSV,2026-09-09 14:15:34 +0800
1150909,2026-09-09,上櫃,4549,桓達,97.40,-3.10,99.30,99.80,97.00,97000,9485500,64,TPEX_CSV,2026-09-09 14:15:34 +0800
1150909,2026-09-09,上櫃,4550,長佳,23.95,-0.05,24.00,24.00,23.95,3000,71900,3,TPEX_CSV,2026-09-09 14:15:34 +0800
1150909,2026-09-09,上櫃,4554,橙的,29.00,-0.15,30.00,30.00,29.00,21000,616600,18,TPEX_CSV,2026-09-09 14:15:34 +0800
1150909,2026-09-09,上櫃,4556,旭然,78.20,+0.70,77.50,83.70,75.10,967000,76927200,808,TPEX_CSV,2026-09-09 14:15:34 +0800
1150909,2026-09-09,上櫃,4558,寶緯,17.10,-0.10,17.20,17.45,16.35,48000,807850,36,TPEX_CSV,2026-09-09 14:15:34 +0800
1150909,2026-09-09,上櫃,4561,健椿,41.25,+0.15,40.80,41.50,40.80,114000,4691750,75,TPEX_CSV,2026-09-09 14:15:34 +0800
1150909,2026-09-09,上櫃,4563,百德,43.80,-0.40,44.00,45.55,43.55,83000,3685800,73,TPEX_CSV,2026-09-09 14:15:34 +0800
1150909,2026-09-09,上櫃,4568,科際精密,----,---,----,----,----,0,0,0,TPEX_CSV,2026-09-09 14:15:34 +0800
1150909,2026-09-09,上櫃,4577,達航科技,89.00,-2.00,92.50,93.30,88.40,709000,63989500,566,TPEX_CSV,2026-09-09 14:15:34 +0800
1150909,2026-09-09,上櫃,4580,捷流閥業,82.10,+0.70,81.10,82.40,81.10,53000,4340600,44,TPEX_CSV,2026-09-09 14:15:34 +0800
1150909,2026-09-09,上櫃,4584,君帆,38.50,0.00,38.50,38.50,38.50,5000,192500,1,TPEX_CSV,2026-09-09 14:15:34 +0800
1150909,2026-09-09,上櫃,4609,唐鋒,4.15,-0.30,4.39,4.39,4.14,23000,95830,12,TPEX_CSV,2026-09-09 14:15:34 +0800
1150909,2026-09-09,上櫃,4702,中美實,9.37,-0.01,9.38,9.46,9.31,55000,515220,39,TPEX_CSV,2026-09-09 14:15:34 +0800
1150909,2026-09-09,上櫃,4706,大恭,36.90,+1.60,35.35,38.40,34.65,80000,2932050,63,TPEX_CSV,2026-09-09 14:15:34 +0800
1150909,2026-09-09,上櫃,4707,磐亞,27.20,-1.10,28.00,28.85,26.70,5861000,160630150,2632,TPEX_CSV,2026-09-09 14:15:34 +0800
1150909,2026-09-09,上櫃,4711,永純,16.60,-0.10,16.65,16.75,16.50,25000,415600,15,TPEX_CSV,2026-09-09 14:15:34 +0800
1150909,2026-09-09,上櫃,4714,永捷,11.20,+0.40,10.90,11.35,10.70,1660000,18479800,782,TPEX_CSV,2026-09-09 14:15:34 +0800
1150909,2026-09-09,上櫃,4716,大立,17.05,+0.05,17.05,17.25,16.90,313000,5332700,175,TPEX_CSV,2026-09-09 14:15:34 +0800
1150909,2026-09-09,上櫃,4721,美琪瑪,71.20,-0.10,70.60,71.30,70.40,286000,20229300,198,TPEX_CSV,2026-09-09 14:15:34 +0800
1150909,2026-09-09,上櫃,4726,永昕,23.90,0.00,24.00,24.35,23.90,124000,2985900,96,TPEX_CSV,2026-09-09 14:15:34 +0800
1150909,2026-09-09,上櫃,4728,雙美,----,---,----,----,----,0,0,0,TPEX_CSV,2026-09-09 14:15:34 +0800
1150909,2026-09-09,上櫃,4729,熒茂,18.40,-0.20,18.60,18.60,18.40,103000,1901250,57,TPEX_CSV,2026-09-09 14:15:34 +0800
1150909,2026-09-09,上櫃,4735,豪展,35.75,-0.90,36.65,36.85,35.25,45000,1626650,34,TPEX_CSV,2026-09-09 14:15:34 +0800
1150909,2026-09-09,上櫃,4741,泓瀚,40.20,+0.10,40.15,41.10,40.15,50000,2021550,47,TPEX_CSV,2026-09-09 14:15:34 +0800
1150909,2026-09-09,上櫃,4743,合一,45.80,-1.15,47.50,47.50,45.60,1306000,60355150,825,TPEX_CSV,2026-09-09 14:15:34 +0800
1150909,2026-09-09,上櫃,4744,皇將,26.80,-0.10,26.95,26.95,26.80,42000,1127350,30,TPEX_CSV,2026-09-09 14:15:34 +0800
1150909,2026-09-09,上櫃,4745,合富-KY,11.75,+0.10,11.65,11.75,11.60,4000,46650,4,TPEX_CSV,2026-09-09 14:15:34 +0800
1150909,2026-09-09,上櫃,4747,強生*,25.30,+0.05,24.70,25.50,24.70,58000,1456950,36,TPEX_CSV,2026-09-09 14:15:34 +0800
1150909,2026-09-09,上櫃,4749,新應材,770.00,-10.00,780.00,797.00,768.00,656000,510741000,613,TPEX_CSV,2026-09-09 14:15:34 +0800
1150909,2026-09-09,上櫃,4754,國碳科,37.80,-0.75,38.50,38.50,37.50,99000,3765850,73,TPEX_CSV,2026-09-09 14:15:34 +0800
1150909,2026-09-09,上櫃,4760,勤凱,266.50,-6.00,276.50,278.00,266.50,496000,134344000,441,TPEX_CSV,2026-09-09 14:15:34 +0800
1150909,2026-09-09,上櫃,4767,誠泰科技,29.40,+0.40,28.70,29.45,28.70,19000,557000,19,TPEX_CSV,2026-09-09 14:15:34 +0800
1150909,2026-09-09,上櫃,4768,晶呈科技,303.00,+2.00,301.00,304.00,296.50,207000,62079000,177,TPEX_CSV,2026-09-09 14:15:34 +0800
1150909,2026-09-09,上櫃,4772,台特化,246.00,-3.50,253.00,253.00,244.50,533000,131474500,461,TPEX_CSV,2026-09-09 14:15:34 +0800
1150909,2026-09-09,上櫃,4806,桂田文創,9.10,+0.22,9.14,9.14,8.64,5000,44650,5,TPEX_CSV,2026-09-09 14:15:34 +0800
1150909,2026-09-09,上櫃,4903,聯光通,36.50,+1.00,36.50,36.65,36.15,493000,17924550,329,TPEX_CSV,2026-09-09 14:15:34 +0800
1150909,2026-09-09,上櫃,4905,台聯電,85.00,-0.30,87.60,87.60,84.30,22000,1871600,21,TPEX_CSV,2026-09-09 14:15:34 +0800
1150909,2026-09-09,上櫃,4907,富宇,43.85,-1.15,45.00,45.75,43.85,190000,8441550,146,TPEX_CSV,2026-09-09 14:15:34 +0800
1150909,2026-09-09,上櫃,4908,前鼎,242.00,+14.50,238.50,243.00,229.50,2885000,686182500,2097,TPEX_CSV,2026-09-09 14:15:34 +0800
1150909,2026-09-09,上櫃,4909,新復興,35.30,-0.15,35.45,35.85,35.30,251000,8899450,188,TPEX_CSV,2026-09-09 14:15:34 +0800
1150909,2026-09-09,上櫃,4911,德英,29.40,+0.15,29.25,29.40,29.00,31000,907300,12,TPEX_CSV,2026-09-09 14:15:34 +0800
1150909,2026-09-09,上櫃,4923,力士,57.80,+2.80,53.40,58.30,51.10,1341000,74138600,961,TPEX_CSV,2026-09-09 14:15:34 +0800
1150909,2026-09-09,上櫃,4924,欣厚-KY,12.65,-0.35,13.20,13.20,12.55,210000,2699950,123,TPEX_CSV,2026-09-09 14:15:34 +0800
1150909,2026-09-09,上櫃,4931,新盛力,252.50,+11.00,243.00,264.00,242.00,6877000,1748787000,5296,TPEX_CSV,2026-09-09 14:15:34 +0800
1150909,2026-09-09,上櫃,4933,友輝,51.70,-1.70,51.70,52.40,51.10,186000,9610400,147,TPEX_CSV,2026-09-09 14:15:34 +0800
1150909,2026-09-09,上櫃,4939,亞電,90.70,+1.20,90.10,91.20,87.50,2977000,267472100,2228,TPEX_CSV,2026-09-09 14:15:34 +0800
1150909,2026-09-09,上櫃,4946,辣椒,93.70,-0.30,92.10,93.70,92.00,7000,651500,7,TPEX_CSV,2026-09-09 14:15:34 +0800
1150909,2026-09-09,上櫃,4950,金耘國際,16.00,+0.15,15.80,16.00,15.50,17000,266500,12,TPEX_CSV,2026-09-09 14:15:34 +0800
1150909,2026-09-09,上櫃,4951,精拓科,80.90,+1.60,80.30,82.90,80.00,292000,23716000,237,TPEX_CSV,2026-09-09 14:15:34 +0800
1150909,2026-09-09,上櫃,4953,緯致,118.00,0.00,117.50,118.50,117.00,155000,18267000,137,TPEX_CSV,2026-09-09 14:15:34 +0800
1150909,2026-09-09,上櫃,4966,譜瑞-KY,550.00,+3.00,549.00,555.00,547.00,326000,179396000,307,TPEX_CSV,2026-09-09 14:15:34 +0800
1150909,2026-09-09,上櫃,4971,IET-KY,621.00,+16.00,634.00,664.00,606.00,2392000,1508543000,2160,TPEX_CSV,2026-09-09 14:15:34 +0800
1150909,2026-09-09,上櫃,4972,湯石照明,16.50,0.00,16.50,16.50,16.50,1000,16500,1,TPEX_CSV,2026-09-09 14:15:34 +0800
1150909,2026-09-09,上櫃,4973,廣穎,147.50,-0.50,148.00,151.00,147.50,714000,105960500,548,TPEX_CSV,2026-09-09 14:15:34 +0800
1150909,2026-09-09,上櫃,4974,亞泰,74.50,+3.10,71.50,75.50,71.10,658000,48925000,485,TPEX_CSV,2026-09-09 14:15:34 +0800
1150909,2026-09-09,上櫃,4979,華星光,610.00,+5.00,631.00,658.00,602.00,15851000,9916711000,11963,TPEX_CSV,2026-09-09 14:15:34 +0800
1150909,2026-09-09,上櫃,4991,環宇-KY,499.00,+6.00,511.00,520.00,495.00,710000,359697000,604,TPEX_CSV,2026-09-09 14:15:34 +0800
1150909,2026-09-09,上櫃,4995,晶達,50.10,+0.10,50.10,50.10,49.60,13000,648550,11,TPEX_CSV,2026-09-09 14:15:34 +0800
1150909,2026-09-09,上櫃,5009,榮剛,32.55,-0.25,32.90,32.90,32.40,1448000,47085650,703,TPEX_CSV,2026-09-09 14:15:34 +0800
1150909,2026-09-09,上櫃,5011,久陽,18.35,0.00,18.55,18.65,18.35,149000,2749350,89,TPEX_CSV,2026-09-09 14:15:34 +0800
1150909,2026-09-09,上櫃,5013,強新,28.15,+0.15,28.30,28.30,27.60,14000,392150,12,TPEX_CSV,2026-09-09 14:15:34 +0800
1150909,2026-09-09,上櫃,5014,建錩,9.97,-0.08,10.00,10.00,9.82,303000,3006930,110,TPEX_CSV,2026-09-09 14:15:34 +0800
1150909,2026-09-09,上櫃,5015,華祺,22.10,+0.20,22.10,22.10,22.10,2000,44200,2,TPEX_CSV,2026-09-09 14:15:34 +0800
1150909,2026-09-09,上櫃,5016,松和,24.55,0.00,24.65,24.65,24.55,5000,123050,4,TPEX_CSV,2026-09-09 14:15:34 +0800
1150909,2026-09-09,上櫃,5201,凱衛,29.35,+1.45,27.65,29.65,27.65,431000,12192500,134,TPEX_CSV,2026-09-09 14:15:34 +0800
1150909,2026-09-09,上櫃,5202,力新,11.70,-0.10,11.85,11.85,11.70,84000,989250,47,TPEX_CSV,2026-09-09 14:15:34 +0800
1150909,2026-09-09,上櫃,5205,中茂,19.90,+0.15,19.90,19.90,19.90,1000,19900,1,TPEX_CSV,2026-09-09 14:15:34 +0800
1150909,2026-09-09,上櫃,5206,坤悅,23.15,-0.10,23.30,23.30,23.10,83000,1926000,52,TPEX_CSV,2026-09-09 14:15:34 +0800
1150909,2026-09-09,上櫃,5209,新鼎,168.00,+15.00,168.00,168.00,165.50,244000,40985000,119,TPEX_CSV,2026-09-09 14:15:34 +0800
1150909,2026-09-09,上櫃,5210,寶碩,28.45,-0.05,28.60,28.60,28.25,117000,3330200,65,TPEX_CSV,2026-09-09 14:15:34 +0800
1150909,2026-09-09,上櫃,5211,蒙恬,21.15,+1.90,19.90,21.15,19.90,519000,10827700,355,TPEX_CSV,2026-09-09 14:15:34 +0800
1150909,2026-09-09,上櫃,5212,凌網,46.30,+0.10,46.20,46.30,46.20,6000,277550,6,TPEX_CSV,2026-09-09 14:15:34 +0800
1150909,2026-09-09,上櫃,5213,亞昕,21.05,-0.10,21.25,21.45,20.95,216000,4548200,139,TPEX_CSV,2026-09-09 14:15:34 +0800
1150909,2026-09-09,上櫃,5220,萬達光電,19.55,0.00,19.90,19.90,19.55,40000,786500,29,TPEX_CSV,2026-09-09 14:15:34 +0800
1150909,2026-09-09,上櫃,5223,安力-KY,23.00,-0.25,23.00,23.20,22.90,29000,667950,21,TPEX_CSV,2026-09-09 14:15:34 +0800
1150909,2026-09-09,上櫃,5227,立凱-KY,31.30,+1.80,29.50,31.70,29.50,394000,12161450,271,TPEX_CSV,2026-09-09 14:15:34 +0800
1150909,2026-09-09,上櫃,5228,鈺鎧,40.85,-0.65,41.50,41.90,40.60,344000,14114650,226,TPEX_CSV,2026-09-09 14:15:34 +0800
1150909,2026-09-09,上櫃,5230,雷笛克光學,18.65,-0.40,19.30,19.30,18.30,738000,13791650,471,TPEX_CSV,2026-09-09 14:15:34 +0800
1150909,2026-09-09,上櫃,5245,智晶,22.45,-0.35,22.80,22.80,22.35,36000,807750,25,TPEX_CSV,2026-09-09 14:15:34 +0800
1150909,2026-09-09,上櫃,5251,天鉞電,25.45,-0.05,25.25,25.50,25.20,36000,911450,24,TPEX_CSV,2026-09-09 14:15:34 +0800
1150909,2026-09-09,上櫃,5263,智崴,101.00,-3.50,105.00,105.00,100.50,223000,22825500,174,TPEX_CSV,2026-09-09 14:15:34 +0800
1150909,2026-09-09,上櫃,5272,笙科,17.00,+0.30,16.85,17.10,16.85,69000,1173150,46,TPEX_CSV,2026-09-09 14:15:34 +0800
1150909,2026-09-09,上櫃,5274,信驊,18605.00,-615.00,19565.00,19575.00,18100.00,399000,7464795000,393,TPEX_CSV,2026-09-09 14:15:34 +0800
1150909,2026-09-09,上櫃,5276,達輝-KY,----,---,----,----,----,0,0,0,TPEX_CSV,2026-09-09 14:15:34 +0800
1150909,2026-09-09,上櫃,5278,尚凡*,23.95,+0.10,23.85,23.95,23.70,57000,1359050,48,TPEX_CSV,2026-09-09 14:15:34 +0800
1150909,2026-09-09,上櫃,5287,數字,135.50,0.00,135.00,136.00,134.00,92000,12399500,64,TPEX_CSV,2026-09-09 14:15:34 +0800
1150909,2026-09-09,上櫃,5289,宜鼎,1355.00,-15.00,1375.00,1395.00,1345.00,1056000,1440910000,960,TPEX_CSV,2026-09-09 14:15:34 +0800
1150909,2026-09-09,上櫃,5291,邑昇,61.90,-4.40,63.00,63.20,60.30,1692000,104519500,1215,TPEX_CSV,2026-09-09 14:15:34 +0800
1150909,2026-09-09,上櫃,5299,杰力,92.60,+0.50,93.60,93.80,92.30,125000,11626900,108,TPEX_CSV,2026-09-09 14:15:34 +0800
1150909,2026-09-09,上櫃,5301,寶得利,5.35,+0.03,5.32,5.35,5.32,14000,74630,6,TPEX_CSV,2026-09-09 14:15:34 +0800
1150909,2026-09-09,上櫃,5302,太欣,9.95,-0.25,10.00,10.05,9.80,800000,7969360,287,TPEX_CSV,2026-09-09 14:15:34 +0800
1150909,2026-09-09,上櫃,5309,系統電,51.10,+0.40,51.20,51.60,50.60,678000,34578200,487,TPEX_CSV,2026-09-09 14:15:34 +0800
1150909,2026-09-09,上櫃,5310,天剛,24.15,+0.35,23.50,24.15,23.50,2000,47650,2,TPEX_CSV,2026-09-09 14:15:34 +0800
1150909,2026-09-09,上櫃,5312,寶島科,90.80,-0.90,91.90,91.90,90.80,15000,1367900,14,TPEX_CSV,2026-09-09 14:15:34 +0800
1150909,2026-09-09,上櫃,5314,世紀*,42.55,+3.85,42.55,42.55,39.40,49416000,2053127000,22255,TPEX_CSV,2026-09-09 14:15:34 +0800
1150909,2026-09-09,上櫃,5315,光聯,18.20,-0.20,18.40,18.45,18.15,380000,6950750,180,TPEX_CSV,2026-09-09 14:15:34 +0800
1150909,2026-09-09,上櫃,5321,美而快,77.20,-1.20,81.00,81.00,76.60,375000,29331600,301,TPEX_CSV,2026-09-09 14:15:34 +0800
1150909,2026-09-09,上櫃,5324,士開,12.30,+0.10,12.20,12.30,12.20,125000,1529850,32,TPEX_CSV,2026-09-09 14:15:34 +0800
1150909,2026-09-09,上櫃,5328,華容,58.80,-0.30,59.70,60.90,58.10,1968000,116251100,1438,TPEX_CSV,2026-09-09 14:15:34 +0800
1150909,2026-09-09,上櫃,5340,建榮,84.80,+2.30,84.00,88.80,83.50,9074000,779605000,5949,TPEX_CSV,2026-09-09 14:15:34 +0800
1150909,2026-09-09,上櫃,5344,立衛,13.45,0.00,13.15,13.65,13.15,22000,296550,16,TPEX_CSV,2026-09-09 14:15:34 +0800
1150909,2026-09-09,上櫃,5345,馥鴻,20.60,-1.20,20.60,20.60,20.60,4000,82400,3,TPEX_CSV,2026-09-09 14:15:34 +0800
1150909,2026-09-09,上櫃,5347,世界,157.00,+5.00,154.00,159.50,152.50,13750000,2147646500,7479,TPEX_CSV,2026-09-09 14:15:34 +0800
1150909,2026-09-09,上櫃,5348,正能量智能,16.55,0.00,16.55,16.55,16.55,1000,16550,1,TPEX_CSV,2026-09-09 14:15:34 +0800
1150909,2026-09-09,上櫃,5351,鈺創,118.00,+1.00,117.50,119.50,116.00,8941000,1052022000,5346,TPEX_CSV,2026-09-09 14:15:34 +0800
1150909,2026-09-09,上櫃,5353,台林,27.75,-0.15,27.25,27.85,27.25,27000,745650,23,TPEX_CSV,2026-09-09 14:15:34 +0800
1150909,2026-09-09,上櫃,5355,佳總,5.89,+0.13,5.76,5.89,5.72,51000,294290,25,TPEX_CSV,2026-09-09 14:15:34 +0800
1150909,2026-09-09,上櫃,5356,協益,26.00,0.00,26.20,26.20,25.85,45000,1169400,35,TPEX_CSV,2026-09-09 14:15:34 +0800
1150909,2026-09-09,上櫃,5364,力麗店,8.39,+0.03,8.33,8.45,8.29,27000,225690,23,TPEX_CSV,2026-09-09 14:15:34 +0800
1150909,2026-09-09,上櫃,5381,光譜,23.75,-0.05,24.00,24.10,23.70,392000,9342750,208,TPEX_CSV,2026-09-09 14:15:34 +0800
1150909,2026-09-09,上櫃,5386,青雲,283.00,+25.50,283.00,283.00,283.00,671000,189893000,461,TPEX_CSV,2026-09-09 14:15:34 +0800
1150909,2026-09-09,上櫃,5392,能率,41.60,+0.45,42.00,42.00,41.45,621000,25934850,423,TPEX_CSV,2026-09-09 14:15:34 +0800
1150909,2026-09-09,上櫃,5398,慕康生醫,14.15,-0.10,14.25,14.25,14.15,34000,483900,22,TPEX_CSV,2026-09-09 14:15:34 +0800
1150909,2026-09-09,上櫃,5403,中菲,92.80,+0.20,93.00,93.50,92.80,28000,2607400,25,TPEX_CSV,2026-09-09 14:15:34 +0800
1150909,2026-09-09,上櫃,5410,國眾,35.20,-0.15,34.95,35.40,34.95,204000,7182900,108,TPEX_CSV,2026-09-09 14:15:34 +0800
1150909,2026-09-09,上櫃,5425,台半,90.00,+0.40,89.70,91.60,89.60,3554000,320778000,2427,TPEX_CSV,2026-09-09 14:15:34 +0800
1150909,2026-09-09,上櫃,5426,振發,28.20,+0.40,28.25,28.35,27.75,605000,16956300,323,TPEX_CSV,2026-09-09 14:15:34 +0800
1150909,2026-09-09,上櫃,5432,新門,157.00,-5.00,167.50,167.50,156.00,182000,28902500,158,TPEX_CSV,2026-09-09 14:15:34 +0800
1150909,2026-09-09,上櫃,5438,東友,16.65,-0.10,16.80,16.80,16.60,38000,634500,30,TPEX_CSV,2026-09-09 14:15:34 +0800
1150909,2026-09-09,上櫃,5439,高技,264.50,+7.00,257.50,266.50,257.50,1361000,359269000,980,TPEX_CSV,2026-09-09 14:15:34 +0800
1150909,2026-09-09,上櫃,5443,均豪,111.50,-3.00,113.00,113.50,110.00,3011000,335966500,2358,TPEX_CSV,2026-09-09 14:15:34 +0800
1150909,2026-09-09,上櫃,5450,南良,14.55,-0.10,14.65,14.75,14.55,50000,731550,26,TPEX_CSV,2026-09-09 14:15:34 +0800
1150909,2026-09-09,上櫃,5452,佶優,26.55,+0.20,26.40,26.65,26.30,476000,12582700,272,TPEX_CSV,2026-09-09 14:15:34 +0800
1150909,2026-09-09,上櫃,5455,昇益,29.60,-0.15,29.60,29.60,29.60,1000,29600,1,TPEX_CSV,2026-09-09 14:15:34 +0800
1150909,2026-09-09,上櫃,5457,宣德,26.75,+0.05,26.75,26.90,26.70,259000,6935900,173,TPEX_CSV,2026-09-09 14:15:34 +0800
1150909,2026-09-09,上櫃,5460,同協,16.95,-0.20,17.25,17.25,16.60,262000,4422800,170,TPEX_CSV,2026-09-09 14:15:34 +0800
1150909,2026-09-09,上櫃,5464,霖宏,82.80,+7.50,74.50,82.80,74.50,1659000,133088700,863,TPEX_CSV,2026-09-09 14:15:34 +0800
1150909,2026-09-09,上櫃,5465,富驊,24.40,+0.15,24.10,24.50,24.10,67000,1632000,37,TPEX_CSV,2026-09-09 14:15:34 +0800
1150909,2026-09-09,上櫃,5468,凱鈺,26.70,+2.40,26.20,26.70,26.20,333000,8872100,181,TPEX_CSV,2026-09-09 14:15:34 +0800
1150909,2026-09-09,上櫃,5474,聰泰,154.00,+1.50,154.00,154.50,153.00,133000,20443000,127,TPEX_CSV,2026-09-09 14:15:34 +0800
1150909,2026-09-09,上櫃,5475,德宏,193.00,+3.00,190.00,203.50,188.50,5675000,1109767000,4230,TPEX_CSV,2026-09-09 14:15:34 +0800
1150909,2026-09-09,上櫃,5478,智冠,97.40,0.00,97.40,97.40,97.20,38000,3698700,34,TPEX_CSV,2026-09-09 14:15:34 +0800
1150909,2026-09-09,上櫃,5481,新華,20.80,+0.60,20.15,20.80,20.05,55000,1114950,30,TPEX_CSV,2026-09-09 14:15:34 +0800
1150909,2026-09-09,上櫃,5483,中美晶,181.00,+1.00,182.00,182.50,179.50,4633000,838457500,3281,TPEX_CSV,2026-09-09 14:15:34 +0800
1150909,2026-09-09,上櫃,5487,通泰,28.85,-0.35,29.20,29.50,28.65,92000,2665000,59,TPEX_CSV,2026-09-09 14:15:34 +0800
1150909,2026-09-09,上櫃,5488,松普,11.75,0.00,11.70,11.85,11.45,585000,6841450,245,TPEX_CSV,2026-09-09 14:15:34 +0800
1150909,2026-09-09,上櫃,5489,彩富,41.05,+0.40,41.70,41.70,40.65,15000,613750,13,TPEX_CSV,2026-09-09 14:15:34 +0800
1150909,2026-09-09,上櫃,5490,同亨,25.85,0.00,25.85,25.95,25.65,321000,8267850,221,TPEX_CSV,2026-09-09 14:15:34 +0800
1150909,2026-09-09,上櫃,5493,三聯,84.10,+0.90,83.20,84.20,83.00,35000,2928600,28,TPEX_CSV,2026-09-09 14:15:34 +0800
1150909,2026-09-09,上櫃,5498,凱崴,53.40,-0.20,53.60,54.50,53.10,1004000,53776900,676,TPEX_CSV,2026-09-09 14:15:34 +0800
1150909,2026-09-09,上櫃,5508,永信建,53.80,-0.60,53.60,54.40,53.40,130000,6996000,94,TPEX_CSV,2026-09-09 14:15:34 +0800
1150909,2026-09-09,上櫃,5511,德昌,70.50,+0.90,69.20,70.60,69.20,121000,8474400,90,TPEX_CSV,2026-09-09 14:15:34 +0800
1150909,2026-09-09,上櫃,5512,力麒,7.76,+0.02,7.74,7.80,7.71,565000,4385820,180,TPEX_CSV,2026-09-09 14:15:34 +0800
1150909,2026-09-09,上櫃,5514,三豐,15.10,+0.10,14.75,15.10,14.50,309000,4587850,42,TPEX_CSV,2026-09-09 14:15:34 +0800
1150909,2026-09-09,上櫃,5516,雙喜,12.10,-0.10,12.00,12.10,11.85,6000,71500,4,TPEX_CSV,2026-09-09 14:15:34 +0800
1150909,2026-09-09,上櫃,5520,力泰,----,---,----,----,----,0,0,0,TPEX_CSV,2026-09-09 14:15:34 +0800
1150909,2026-09-09,上櫃,5523,豐謙,30.35,0.00,30.35,30.35,30.35,2000,60700,2,TPEX_CSV,2026-09-09 14:15:34 +0800
1150909,2026-09-09,上櫃,5529,鉅陞,25.00,0.00,25.00,25.00,24.80,58000,1444900,27,TPEX_CSV,2026-09-09 14:15:34 +0800
1150909,2026-09-09,上櫃,5530,龍巖,49.00,-0.40,49.65,49.65,48.90,205000,10064800,152,TPEX_CSV,2026-09-09 14:15:34 +0800
1150909,2026-09-09,上櫃,5536,聖暉*,862.00,+11.00,857.00,881.00,852.00,547000,475136000,468,TPEX_CSV,2026-09-09 14:15:34 +0800
1150909,2026-09-09,上櫃,5543,桓鼎-KY,27.80,+0.55,27.80,27.80,27.70,3000,83300,3,TPEX_CSV,2026-09-09 14:15:34 +0800
1150909,2026-09-09,上櫃,5547,久舜,19.90,-0.30,20.35,20.35,19.85,41000,817100,33,TPEX_CSV,2026-09-09 14:15:34 +0800
1150909,2026-09-09,上櫃,5548,安倉,20.45,+0.10,20.35,20.45,20.20,17000,345450,11,TPEX_CSV,2026-09-09 14:15:34 +0800
1150909,2026-09-09,上櫃,5601,台聯櫃,----,---,----,----,----,0,0,0,TPEX_CSV,2026-09-09 14:15:34 +0800
1150909,2026-09-09,上櫃,5603,陸海,13.90,+0.10,13.80,13.95,13.75,55000,760500,31,TPEX_CSV,2026-09-09 14:15:34 +0800
1150909,2026-09-09,上櫃,5604,中連,31.65,+0.10,31.75,31.75,31.60,7000,221750,6,TPEX_CSV,2026-09-09 14:15:34 +0800
1150909,2026-09-09,上櫃,5609,中菲行,78.50,-0.30,78.40,78.80,78.40,98000,7702700,79,TPEX_CSV,2026-09-09 14:15:34 +0800
1150909,2026-09-09,上櫃,5701,劍湖山,4.30,+0.05,4.24,4.32,4.12,74000,310770,38,TPEX_CSV,2026-09-09 14:15:34 +0800
1150909,2026-09-09,上櫃,5703,亞都,13.70,-0.15,13.70,13.70,13.70,3000,41100,3,TPEX_CSV,2026-09-09 14:15:34 +0800
1150909,2026-09-09,上櫃,5704,老爺知,23.05,-0.05,23.00,23.20,23.00,9000,207550,9,TPEX_CSV,2026-09-09 14:15:34 +0800
1150909,2026-09-09,上櫃,5864,致和證,36.30,-0.95,37.35,37.45,36.15,3170000,116122800,1382,TPEX_CSV,2026-09-09 14:15:34 +0800
1150909,2026-09-09,上櫃,5878,台名,38.15,0.00,38.05,38.20,38.05,4000,152450,4,TPEX_CSV,2026-09-09 14:15:34 +0800
1150909,2026-09-09,上櫃,5902,德記,34.30,0.00,33.75,34.40,33.75,136000,4598750,25,TPEX_CSV,2026-09-09 14:15:34 +0800
1150909,2026-09-09,上櫃,5903,全家,184.50,-0.50,185.00,185.00,184.50,13000,2400500,13,TPEX_CSV,2026-09-09 14:15:34 +0800
1150909,2026-09-09,上櫃,5904,寶雅*,72.90,+1.20,71.70,73.30,71.40,4868000,354133900,2697,TPEX_CSV,2026-09-09 14:15:34 +0800
1150909,2026-09-09,上櫃,5905,南仁湖,7.51,-0.04,7.55,7.60,7.49,674000,5075300,334,TPEX_CSV,2026-09-09 14:15:34 +0800
1150909,2026-09-09,上櫃,6015,宏遠證,17.45,-0.40,18.20,18.20,17.25,5632000,98849600,1873,TPEX_CSV,2026-09-09 14:15:34 +0800
1150909,2026-09-09,上櫃,6016,康和證,22.90,-0.25,23.35,23.35,22.55,7378000,168495350,2295,TPEX_CSV,2026-09-09 14:15:34 +0800
1150909,2026-09-09,上櫃,6020,大展證,20.70,-0.10,20.80,20.80,20.70,8000,166300,7,TPEX_CSV,2026-09-09 14:15:34 +0800
1150909,2026-09-09,上櫃,6021,美好證,42.70,+0.20,42.10,42.85,42.10,355000,15118050,163,TPEX_CSV,2026-09-09 14:15:34 +0800
1150909,2026-09-09,上櫃,6023,元大期,85.50,+2.60,83.10,85.50,82.80,1939000,162977500,1327,TPEX_CSV,2026-09-09 14:15:34 +0800
1150909,2026-09-09,上櫃,6026,福邦證,15.20,-0.20,15.40,15.40,15.15,853000,12974200,371,TPEX_CSV,2026-09-09 14:15:34 +0800
1150909,2026-09-09,上櫃,6028,公勝保經,95.80,+0.50,95.30,95.80,95.30,5000,478400,5,TPEX_CSV,2026-09-09 14:15:34 +0800
1150909,2026-09-09,上櫃,6101,寬魚國際,37.05,+0.05,36.80,38.00,36.45,321000,11869300,273,TPEX_CSV,2026-09-09 14:15:34 +0800
1150909,2026-09-09,上櫃,6103,合邦,33.45,-1.95,34.45,35.30,33.45,10000,341350,8,TPEX_CSV,2026-09-09 14:15:34 +0800
1150909,2026-09-09,上櫃,6104,創惟,93.20,+0.70,92.70,93.90,92.50,273000,25454100,230,TPEX_CSV,2026-09-09 14:15:34 +0800
1150909,2026-09-09,上櫃,6109,亞元,10.65,-0.10,10.60,10.75,10.55,130000,1381600,57,TPEX_CSV,2026-09-09 14:15:34 +0800
1150909,2026-09-09,上櫃,6111,光聚晶電,36.20,+0.40,35.90,36.55,35.90,72000,2611850,61,TPEX_CSV,2026-09-09 14:15:34 +0800
1150909,2026-09-09,上櫃,6113,亞矽,22.50,-0.25,22.85,23.10,22.50,116000,2642050,70,TPEX_CSV,2026-09-09 14:15:34 +0800
1150909,2026-09-09,上櫃,6114,久威,24.60,-0.15,24.75,24.75,24.50,14000,344550,10,TPEX_CSV,2026-09-09 14:15:34 +0800
1150909,2026-09-09,上櫃,6118,建達,15.10,-0.10,15.20,15.20,15.10,57000,863800,45,TPEX_CSV,2026-09-09 14:15:34 +0800
1150909,2026-09-09,上櫃,6121,新普,383.00,+4.50,381.00,383.50,377.50,367000,140012000,332,TPEX_CSV,2026-09-09 14:15:34 +0800
1150909,2026-09-09,上櫃,6122,擎邦,50.50,0.00,50.80,51.00,49.50,312000,15698500,252,TPEX_CSV,2026-09-09 14:15:34 +0800
1150909,2026-09-09,上櫃,6123,上奇,42.85,-0.65,43.30,43.30,42.80,70000,3009750,40,TPEX_CSV,2026-09-09 14:15:34 +0800
1150909,2026-09-09,上櫃,6124,業強,26.70,-0.85,27.50,27.50,26.55,33000,889000,26,TPEX_CSV,2026-09-09 14:15:34 +0800
1150909,2026-09-09,上櫃,6125,廣運,50.00,-0.10,49.60,50.30,49.60,584000,29186550,421,TPEX_CSV,2026-09-09 14:15:34 +0800
1150909,2026-09-09,上櫃,6126,信音,28.85,+0.05,28.70,29.10,28.70,340000,9812550,253,TPEX_CSV,2026-09-09 14:15:34 +0800
1150909,2026-09-09,上櫃,6127,九豪,51.80,+3.60,48.50,51.90,48.10,3552000,178313650,2167,TPEX_CSV,2026-09-09 14:15:34 +0800
1150909,2026-09-09,上櫃,6130,上亞科技,24.65,0.00,24.75,24.95,24.50,76000,1874950,44,TPEX_CSV,2026-09-09 14:15:34 +0800
1150909,2026-09-09,上櫃,6134,萬旭,28.50,0.00,27.85,28.80,27.85,176000,5018000,90,TPEX_CSV,2026-09-09 14:15:34 +0800
1150909,2026-09-09,上櫃,6138,茂達,272.50,-3.50,275.50,279.00,272.00,361000,99108500,314,TPEX_CSV,2026-09-09 14:15:34 +0800
1150909,2026-09-09,上櫃,6140,訊達,16.20,-0.20,16.40,16.40,16.10,42000,680700,30,TPEX_CSV,2026-09-09 14:15:34 +0800
1150909,2026-09-09,上櫃,6143,振曜,83.60,-0.70,84.30,84.30,83.30,329000,27508500,270,TPEX_CSV,2026-09-09 14:15:34 +0800
1150909,2026-09-09,上櫃,6144,得利影,13.25,-0.05,13.15,13.25,12.95,6000,78750,6,TPEX_CSV,2026-09-09 14:15:34 +0800
1150909,2026-09-09,上櫃,6146,耕興,181.00,+1.00,180.00,182.50,180.00,187000,33881000,158,TPEX_CSV,2026-09-09 14:15:34 +0800
1150909,2026-09-09,上櫃,6147,頎邦,198.00,+11.50,189.00,203.00,189.00,47727000,9475924500,26550,TPEX_CSV,2026-09-09 14:15:34 +0800
1150909,2026-09-09,上櫃,6148,驊宏資,28.35,0.00,27.55,28.55,27.55,69000,1942700,57,TPEX_CSV,2026-09-09 14:15:34 +0800
1150909,2026-09-09,上櫃,6150,撼訊,60.80,+1.90,58.80,62.30,58.80,293000,17889800,216,TPEX_CSV,2026-09-09 14:15:34 +0800
1150909,2026-09-09,上櫃,6151,晉倫,34.85,+0.45,34.75,35.00,34.40,88000,3047750,74,TPEX_CSV,2026-09-09 14:15:34 +0800
1150909,2026-09-09,上櫃,6154,順發,14.00,+0.15,14.10,14.10,13.85,8000,111450,7,TPEX_CSV,2026-09-09 14:15:34 +0800
1150909,2026-09-09,上櫃,6156,松上,20.55,+0.35,20.20,20.65,20.20,316000,6462500,203,TPEX_CSV,2026-09-09 14:15:34 +0800
1150909,2026-09-09,上櫃,6158,禾昌,17.00,0.00,16.95,17.00,16.85,32000,541250,21,TPEX_CSV,2026-09-09 14:15:34 +0800
1150909,2026-09-09,上櫃,6160,欣技,14.45,+0.05,14.40,14.55,14.25,24000,346300,18,TPEX_CSV,2026-09-09 14:15:34 +0800
1150909,2026-09-09,上櫃,6161,捷波,50.80,+0.70,50.40,51.00,50.30,63000,3188000,41,TPEX_CSV,2026-09-09 14:15:34 +0800
1150909,2026-09-09,上櫃,6163,華電網,40.35,除息,40.50,40.65,40.30,181000,7323400,142,TPEX_CSV,2026-09-09 14:15:34 +0800
1150909,2026-09-09,上櫃,6167,久正,10.20,0.00,10.30,10.30,10.20,76000,778400,43,TPEX_CSV,2026-09-09 14:15:34 +0800
1150909,2026-09-09,上櫃,6169,昱泉,----,---,----,----,----,0,0,0,TPEX_CSV,2026-09-09 14:15:34 +0800
1150909,2026-09-09,上櫃,6170,統振,48.10,+0.15,47.95,48.40,47.95,468000,22497250,177,TPEX_CSV,2026-09-09 14:15:34 +0800
1150909,2026-09-09,上櫃,6171,大城地產,25.90,-0.40,26.55,26.60,25.90,45000,1170750,31,TPEX_CSV,2026-09-09 14:15:34 +0800
1150909,2026-09-09,上櫃,6173,信昌電,268.50,-5.00,278.00,281.50,267.00,12343000,3365126000,9444,TPEX_CSV,2026-09-09 14:15:34 +0800
1150909,2026-09-09,上櫃,6174,安碁,43.00,-0.40,44.00,45.00,42.75,666000,28974000,512,TPEX_CSV,2026-09-09 14:15:34 +0800
1150909,2026-09-09,上櫃,6175,立敦,71.00,+0.60,70.60,71.40,70.00,429000,30325900,345,TPEX_CSV,2026-09-09 14:15:34 +0800
1150909,2026-09-09,上櫃,6179,亞通,36.40,+3.30,33.05,36.40,32.50,25818000,909352400,12260,TPEX_CSV,2026-09-09 14:15:34 +0800
1150909,2026-09-09,上櫃,6180,橘子,41.00,-0.50,41.50,41.50,40.95,251000,10310900,186,TPEX_CSV,2026-09-09 14:15:34 +0800
1150909,2026-09-09,上櫃,6182,合晶,110.50,+1.50,110.00,112.50,109.00,19606000,2162512500,11526,TPEX_CSV,2026-09-09 14:15:34 +0800
1150909,2026-09-09,上櫃,6185,幃翔,12.90,+0.15,12.75,12.95,12.70,234000,3003400,96,TPEX_CSV,2026-09-09 14:15:34 +0800
1150909,2026-09-09,上櫃,6186,新潤,30.50,0.00,30.55,30.75,30.15,622000,18881350,381,TPEX_CSV,2026-09-09 14:15:34 +0800
1150909,2026-09-09,上櫃,6187,萬潤,1330.00,-55.00,1410.00,1425.00,1325.00,2844000,3898270000,2620,TPEX_CSV,2026-09-09 14:15:34 +0800
1150909,2026-09-09,上櫃,6188,廣明,64.40,-0.60,65.00,65.20,64.30,652000,42145500,479,TPEX_CSV,2026-09-09 14:15:34 +0800
1150909,2026-09-09,上櫃,6190,萬泰科,69.00,+3.00,66.40,69.40,66.40,1716000,117085100,1152,TPEX_CSV,2026-09-09 14:15:34 +0800
1150909,2026-09-09,上櫃,6194,育富,29.90,+0.10,29.80,29.90,29.75,28000,833550,14,TPEX_CSV,2026-09-09 14:15:34 +0800
1150909,2026-09-09,上櫃,6195,詩肯,28.00,+0.20,27.80,28.00,27.80,34000,951250,15,TPEX_CSV,2026-09-09 14:15:34 +0800
1150909,2026-09-09,上櫃,6198,瑞築,----,---,----,----,----,0,0,0,TPEX_CSV,2026-09-09 14:15:34 +0800
1150909,2026-09-09,上櫃,6199,天品,97.10,+0.60,96.50,97.70,96.10,1367000,132559300,567,TPEX_CSV,2026-09-09 14:15:34 +0800
1150909,2026-09-09,上櫃,6203,海韻電,60.00,-0.40,60.20,60.40,60.00,72000,4331400,51,TPEX_CSV,2026-09-09 14:15:34 +0800
1150909,2026-09-09,上櫃,6204,艾華,87.00,-0.80,88.50,89.70,87.00,77000,6765400,74,TPEX_CSV,2026-09-09 14:15:34 +0800
1150909,2026-09-09,上櫃,6207,雷科,116.00,-0.50,115.50,119.50,112.00,8894000,1032363000,6551,TPEX_CSV,2026-09-09 14:15:34 +0800
1150909,2026-09-09,上櫃,6208,日揚,78.80,+2.70,76.50,79.30,76.50,232000,18148400,191,TPEX_CSV,2026-09-09 14:15:34 +0800
1150909,2026-09-09,上櫃,6210,慶生,17.50,0.00,17.50,17.50,17.50,6000,105000,4,TPEX_CSV,2026-09-09 14:15:34 +0800
1150909,2026-09-09,上櫃,6212,理銘,31.40,-1.00,31.30,31.40,30.55,4000,123800,4,TPEX_CSV,2026-09-09 14:15:34 +0800
1150909,2026-09-09,上櫃,6217,中探針,180.00,+2.00,179.00,186.00,178.00,2584000,468582500,2081,TPEX_CSV,2026-09-09 14:15:34 +0800
1150909,2026-09-09,上櫃,6218,豪勉,46.90,+0.20,46.70,48.95,46.15,4880000,230513450,3438,TPEX_CSV,2026-09-09 14:15:34 +0800
1150909,2026-09-09,上櫃,6219,富旺,12.10,-0.05,12.15,12.20,12.10,93000,1126950,43,TPEX_CSV,2026-09-09 14:15:34 +0800
1150909,2026-09-09,上櫃,6220,岳豐,25.65,+0.05,25.50,25.80,25.50,49000,1255450,37,TPEX_CSV,2026-09-09 14:15:34 +0800
1150909,2026-09-09,上櫃,6221,晉泰,21.15,0.00,21.10,21.30,21.00,72000,1520600,42,TPEX_CSV,2026-09-09 14:15:34 +0800
1150909,2026-09-09,上櫃,6222,立軒,20.05,-0.30,20.35,20.40,20.05,6000,121300,6,TPEX_CSV,2026-09-09 14:15:34 +0800
1150909,2026-09-09,上櫃,6223,旺矽,5615.00,-180.00,6060.00,6060.00,5540.00,1459000,8499280000,1360,TPEX_CSV,2026-09-09 14:15:34 +0800
1150909,2026-09-09,上櫃,6227,茂綸,117.00,+5.00,114.00,118.00,113.00,406000,46752000,328,TPEX_CSV,2026-09-09 14:15:34 +0800
1150909,2026-09-09,上櫃,6228,全譜,----,---,----,----,----,0,0,0,TPEX_CSV,2026-09-09 14:15:34 +0800
1150909,2026-09-09,上櫃,6229,研通,23.65,0.00,24.20,24.20,23.65,29000,691900,19,TPEX_CSV,2026-09-09 14:15:34 +0800
1150909,2026-09-09,上櫃,6231,系微,226.50,-8.50,242.50,243.00,226.50,1054000,244249000,923,TPEX_CSV,2026-09-09 14:15:34 +0800
1150909,2026-09-09,上櫃,6233,旺玖,20.35,+0.05,20.30,20.80,20.30,54000,1102150,47,TPEX_CSV,2026-09-09 14:15:34 +0800
1150909,2026-09-09,上櫃,6234,高僑,35.00,+0.70,35.70,36.70,34.95,355000,12586250,275,TPEX_CSV,2026-09-09 14:15:34 +0800
1150909,2026-09-09,上櫃,6236,中湛,----,---,----,----,----,0,0,0,TPEX_CSV,2026-09-09 14:15:34 +0800
1150909,2026-09-09,上櫃,6237,驊訊,33.60,-0.25,33.95,34.00,33.55,110000,3709850,87,TPEX_CSV,2026-09-09 14:15:34 +0800
1150909,2026-09-09,上櫃,6240,松崗,22.20,-0.30,22.50,22.90,21.30,49000,1084800,36,TPEX_CSV,2026-09-09 14:15:34 +0800
1150909,2026-09-09,上櫃,6241,鑫永洋,15.35,-0.05,15.85,15.85,15.10,21000,321900,19,TPEX_CSV,2026-09-09 14:15:34 +0800
1150909,2026-09-09,上櫃,6242,立康,34.10,-0.10,34.10,34.10,34.10,2000,68200,1,TPEX_CSV,2026-09-09 14:15:34 +0800
1150909,2026-09-09,上櫃,6244,茂迪,23.00,+0.20,22.90,23.15,22.75,1150000,26396450,685,TPEX_CSV,2026-09-09 14:15:34 +0800
1150909,2026-09-09,上櫃,6245,立端,81.50,+2.20,79.70,81.50,79.70,661000,53539400,431,TPEX_CSV,2026-09-09 14:15:34 +0800
1150909,2026-09-09,上櫃,6246,臺龍,13.20,0.00,13.40,13.40,13.10,11000,144900,10,TPEX_CSV,2026-09-09 14:15:34 +0800
1150909,2026-09-09,上櫃,6248,沛波,16.95,+0.05,16.85,16.95,16.75,117000,1969050,65,TPEX_CSV,2026-09-09 14:15:34 +0800
1150909,2026-09-09,上櫃,6259,百徽,29.00,-0.10,29.10,29.55,28.70,171000,4973350,136,TPEX_CSV,2026-09-09 14:15:34 +0800
1150909,2026-09-09,上櫃,6261,久元,78.80,+0.60,78.20,79.90,78.20,322000,25448200,270,TPEX_CSV,2026-09-09 14:15:34 +0800
1150909,2026-09-09,上櫃,6263,普萊德,157.00,-2.50,161.00,161.00,155.50,186000,29323500,164,TPEX_CSV,2026-09-09 14:15:34 +0800
1150909,2026-09-09,上櫃,6264,富裔,6.00,0.00,5.95,6.00,5.92,37000,220570,18,TPEX_CSV,2026-09-09 14:15:34 +0800
1150909,2026-09-09,上櫃,6265,方土昶,53.10,-0.70,54.10,54.30,53.00,1970000,105279900,1277,TPEX_CSV,2026-09-09 14:15:34 +0800
1150909,2026-09-09,上櫃,6266,泰詠,25.00,+0.35,25.20,25.20,24.85,272000,6814450,147,TPEX_CSV,2026-09-09 14:15:34 +0800
1150909,2026-09-09,上櫃,6270,倍微,28.60,-0.15,28.80,28.95,28.55,167000,4784300,114,TPEX_CSV,2026-09-09 14:15:34 +0800
1150909,2026-09-09,上櫃,6274,台燿,1345.00,0.00,1360.00,1405.00,1315.00,8129000,10953215000,6208,TPEX_CSV,2026-09-09 14:15:34 +0800
1150909,2026-09-09,上櫃,6275,元山,45.60,+0.20,45.60,45.65,45.10,126000,5726550,104,TPEX_CSV,2026-09-09 14:15:34 +0800
1150909,2026-09-09,上櫃,6276,安鈦克,20.60,+0.05,20.70,20.80,20.05,38000,777150,24,TPEX_CSV,2026-09-09 14:15:34 +0800
1150909,2026-09-09,上櫃,6279,胡連,112.50,-1.00,113.50,113.50,112.00,357000,40223500,306,TPEX_CSV,2026-09-09 14:15:34 +0800
1150909,2026-09-09,上櫃,6284,佳邦,77.60,0.00,77.60,78.50,77.10,440000,34173100,287,TPEX_CSV,2026-09-09 14:15:34 +0800
1150909,2026-09-09,上櫃,6290,良維,275.00,+10.50,272.50,284.00,271.00,5089000,1409442000,3457,TPEX_CSV,2026-09-09 14:15:34 +0800
1150909,2026-09-09,上櫃,6291,沛亨,480.00,+16.50,474.00,506.00,473.50,2575000,1255691000,2303,TPEX_CSV,2026-09-09 14:15:34 +0800
1150909,2026-09-09,上櫃,6292,迅德,66.30,+0.60,66.10,66.50,65.60,405000,26738400,321,TPEX_CSV,2026-09-09 14:15:34 +0800
1150909,2026-09-09,上櫃,6294,智基,28.75,-0.05,29.80,29.80,28.70,11000,321250,11,TPEX_CSV,2026-09-09 14:15:34 +0800
1150909,2026-09-09,上櫃,6411,晶焱,79.00,+0.20,78.80,79.50,78.50,136000,10743000,111,TPEX_CSV,2026-09-09 14:15:34 +0800
1150909,2026-09-09,上櫃,6417,韋僑,106.00,+1.50,105.00,107.50,104.00,33000,3463000,32,TPEX_CSV,2026-09-09 14:15:34 +0800
1150909,2026-09-09,上櫃,6418,詠昇,35.00,+0.50,33.70,35.20,33.65,156000,5366400,90,TPEX_CSV,2026-09-09 14:15:34 +0800
1150909,2026-09-09,上櫃,6419,京晨科,155.00,+6.00,150.00,155.50,149.50,140000,21486500,113,TPEX_CSV,2026-09-09 14:15:34 +0800
1150909,2026-09-09,上櫃,6423,億而得,84.90,+1.10,83.80,85.00,82.40,46000,3825800,29,TPEX_CSV,2026-09-09 14:15:34 +0800
1150909,2026-09-09,上櫃,6425,易發,65.80,+3.20,62.70,66.10,62.40,1005000,65720400,761,TPEX_CSV,2026-09-09 14:15:34 +0800
1150909,2026-09-09,上櫃,6432,今展科,56.40,-0.70,57.10,57.80,56.20,372000,21105800,279,TPEX_CSV,2026-09-09 14:15:34 +0800
1150909,2026-09-09,上櫃,6435,大中,245.50,-0.50,249.50,253.00,244.00,184000,45597000,178,TPEX_CSV,2026-09-09 14:15:34 +0800
1150909,2026-09-09,上櫃,6441,廣錠,23.75,-1.65,23.00,24.90,22.95,1007000,23963550,607,TPEX_CSV,2026-09-09 14:15:34 +0800
1150909,2026-09-09,上櫃,6461,益得,25.75,-1.15,29.40,29.40,24.85,230000,6087250,128,TPEX_CSV,2026-09-09 14:15:34 +0800
1150909,2026-09-09,上櫃,6462,神盾,100.00,+0.70,99.80,101.00,99.50,300000,30078000,202,TPEX_CSV,2026-09-09 14:15:34 +0800
1150909,2026-09-09,上櫃,6465,威潤,43.90,-0.75,44.65,44.65,42.60,236000,10262800,171,TPEX_CSV,2026-09-09 14:15:34 +0800
1150909,2026-09-09,上櫃,6469,大樹,67.50,-0.30,67.70,67.80,67.20,170000,11476000,133,TPEX_CSV,2026-09-09 14:15:34 +0800
1150909,2026-09-09,上櫃,6470,宇智,43.45,+1.75,41.70,43.90,41.70,104000,4478750,73,TPEX_CSV,2026-09-09 14:15:34 +0800
1150909,2026-09-09,上櫃,6474,華豫寧,36.50,-0.45,36.80,36.85,36.40,20000,730250,19,TPEX_CSV,2026-09-09 14:15:34 +0800
1150909,2026-09-09,上櫃,6482,弘煜科,24.20,-0.30,24.10,24.25,24.10,25000,605200,19,TPEX_CSV,2026-09-09 14:15:34 +0800
1150909,2026-09-09,上櫃,6485,點序,60.80,+0.40,60.40,61.40,60.10,99000,6035900,83,TPEX_CSV,2026-09-09 14:15:34 +0800
1150909,2026-09-09,上櫃,6486,互動,81.20,-0.70,82.10,82.10,80.80,165000,13390200,129,TPEX_CSV,2026-09-09 14:15:34 +0800
1150909,2026-09-09,上櫃,6488,環球晶,955.00,0.00,961.00,965.00,946.00,4255000,4061128000,3456,TPEX_CSV,2026-09-09 14:15:34 +0800
1150909,2026-09-09,上櫃,6492,生華科,34.00,-0.25,34.25,34.25,33.85,113000,3842500,92,TPEX_CSV,2026-09-09 14:15:34 +0800
1150909,2026-09-09,上櫃,6494,九齊,51.30,-2.30,52.40,52.50,51.20,225000,11644300,164,TPEX_CSV,2026-09-09 14:15:34 +0800
1150909,2026-09-09,上櫃,6496,科懋,24.30,-0.15,24.05,24.30,24.05,2000,48350,2,TPEX_CSV,2026-09-09 14:15:34 +0800
1150909,2026-09-09,上櫃,6498,久禾光,70.90,+0.50,70.50,72.30,70.50,171000,12172300,155,TPEX_CSV,2026-09-09 14:15:34 +0800
1150909,2026-09-09,上櫃,6499,益安,71.60,-0.40,72.00,73.20,71.10,204000,14660400,148,TPEX_CSV,2026-09-09 14:15:34 +0800
1150909,2026-09-09,上櫃,6506,雙邦,18.25,0.00,18.30,18.30,18.20,48000,876050,29,TPEX_CSV,2026-09-09 14:15:34 +0800
1150909,2026-09-09,上櫃,6508,惠光,25.25,-0.65,25.50,25.55,25.15,24000,607900,20,TPEX_CSV,2026-09-09 14:15:34 +0800
1150909,2026-09-09,上櫃,6509,聚和,45.80,+0.20,45.60,45.85,45.35,545000,24831400,340,TPEX_CSV,2026-09-09 14:15:34 +0800
1150909,2026-09-09,上櫃,6510,精測,3610.00,-10.00,3810.00,3935.00,3570.00,1759000,6675610000,1590,TPEX_CSV,2026-09-09 14:15:34 +0800
1150909,2026-09-09,上櫃,6512,啟發電,20.50,-0.35,20.20,20.50,20.20,3000,60900,3,TPEX_CSV,2026-09-09 14:15:34 +0800
1150909,2026-09-09,上櫃,6516,勤崴國際,56.90,-0.40,57.30,57.70,56.40,34000,1932600,34,TPEX_CSV,2026-09-09 14:15:34 +0800
1150909,2026-09-09,上櫃,6517,保勝光學,66.80,+1.30,65.90,67.50,65.20,190000,12651800,176,TPEX_CSV,2026-09-09 14:15:34 +0800
1150909,2026-09-09,上櫃,6523,達爾膚,89.60,+0.20,89.20,89.60,89.10,12000,1071400,12,TPEX_CSV,2026-09-09 14:15:34 +0800
1150909,2026-09-09,上櫃,6527,明達醫,76.10,+1.10,74.50,77.00,74.10,119000,9036400,104,TPEX_CSV,2026-09-09 14:15:34 +0800
1150909,2026-09-09,上櫃,6530,創威,96.00,-2.50,100.50,103.00,95.10,3847000,379252800,3013,TPEX_CSV,2026-09-09 14:15:34 +0800
1150909,2026-09-09,上櫃,6532,瑞耘,99.80,+1.90,99.50,100.50,97.70,831000,82800600,627,TPEX_CSV,2026-09-09 14:15:34 +0800
1150909,2026-09-09,上櫃,6535,順藥,81.90,+4.10,80.70,83.50,78.70,342000,27827400,321,TPEX_CSV,2026-09-09 14:15:34 +0800
1150909,2026-09-09,上櫃,6538,倉和,349.00,+28.00,320.00,353.00,316.50,1132000,388623000,837,TPEX_CSV,2026-09-09 14:15:34 +0800
1150909,2026-09-09,上櫃,6542,隆中,----,---,----,----,----,0,0,0,TPEX_CSV,2026-09-09 14:15:34 +0800
1150909,2026-09-09,上櫃,6546,正基,60.70,-0.10,61.60,61.60,60.50,173000,10515200,125,TPEX_CSV,2026-09-09 14:15:34 +0800
1150909,2026-09-09,上櫃,6547,高端疫苗,68.10,+4.10,64.10,68.30,63.60,6563000,436015200,3391,TPEX_CSV,2026-09-09 14:15:34 +0800
1150909,2026-09-09,上櫃,6548,長科*,71.70,+1.10,70.60,72.70,70.60,1688000,121110700,1184,TPEX_CSV,2026-09-09 14:15:34 +0800
1150909,2026-09-09,上櫃,6556,勝品,61.00,-0.40,61.00,61.20,61.00,3000,183200,3,TPEX_CSV,2026-09-09 14:15:34 +0800
1150909,2026-09-09,上櫃,6560,欣普羅,30.65,+0.15,30.50,31.00,30.10,36000,1090700,26,TPEX_CSV,2026-09-09 14:15:34 +0800
1150909,2026-09-09,上櫃,6561,是方,317.50,-2.50,319.50,320.00,317.50,56000,17840000,53,TPEX_CSV,2026-09-09 14:15:34 +0800
1150909,2026-09-09,上櫃,6568,宏觀,136.50,+2.00,136.00,137.00,134.00,48000,6491000,45,TPEX_CSV,2026-09-09 14:15:34 +0800
1150909,2026-09-09,上櫃,6569,醫揚,90.00,-0.70,90.70,91.30,89.80,69000,6227200,50,TPEX_CSV,2026-09-09 14:15:34 +0800
1150909,2026-09-09,上櫃,6570,維田,48.45,0.00,48.50,49.40,48.45,50000,2434050,36,TPEX_CSV,2026-09-09 14:15:34 +0800
1150909,2026-09-09,上櫃,6574,霈方,119.00,0.00,119.00,119.00,118.00,17000,2016000,17,TPEX_CSV,2026-09-09 14:15:34 +0800
1150909,2026-09-09,上櫃,6576,逸達,81.50,-0.60,81.50,82.20,80.50,146000,11913100,92,TPEX_CSV,2026-09-09 14:15:34 +0800
1150909,2026-09-09,上櫃,6577,勁豐,78.30,-2.00,79.00,79.90,77.50,152000,11931100,101,TPEX_CSV,2026-09-09 14:15:34 +0800
1150909,2026-09-09,上櫃,6578,達邦蛋白,17.95,0.00,18.20,18.20,17.85,16000,286950,14,TPEX_CSV,2026-09-09 14:15:34 +0800
1150909,2026-09-09,上櫃,6584,南俊國際,586.00,-16.00,582.00,600.00,582.00,543000,321055000,479,TPEX_CSV,2026-09-09 14:15:34 +0800
1150909,2026-09-09,上櫃,6588,東典光電,115.00,+1.50,114.50,118.50,111.50,2690000,307720000,2186,TPEX_CSV,2026-09-09 14:15:34 +0800
1150909,2026-09-09,上櫃,6590,普鴻,59.00,+0.10,58.70,59.00,58.70,3000,176400,3,TPEX_CSV,2026-09-09 14:15:34 +0800
1150909,2026-09-09,上櫃,6593,台灣銘板,31.80,0.00,31.85,32.00,31.80,21000,668700,19,TPEX_CSV,2026-09-09 14:15:34 +0800
1150909,2026-09-09,上櫃,6596,寬宏藝術,95.00,+0.10,94.80,95.30,94.80,47000,4463400,43,TPEX_CSV,2026-09-09 14:15:34 +0800
1150909,2026-09-09,上櫃,6597,立誠,73.00,+0.50,68.20,73.00,68.20,7000,504800,6,TPEX_CSV,2026-09-09 14:15:34 +0800
1150909,2026-09-09,上櫃,6603,富強鑫,24.95,除息,25.00,25.20,24.75,622000,15547150,328,TPEX_CSV,2026-09-09 14:15:34 +0800
1150909,2026-09-09,上櫃,6609,瀧澤科,39.70,+0.30,39.40,39.95,39.25,144000,5694400,106,TPEX_CSV,2026-09-09 14:15:34 +0800
1150909,2026-09-09,上櫃,6612,奈米醫材,70.00,-0.10,70.00,71.50,69.80,25000,1755800,20,TPEX_CSV,2026-09-09 14:15:34 +0800
1150909,2026-09-09,上櫃,6613,朋億*,264.50,+6.00,260.00,264.50,258.50,159000,41707000,147,TPEX_CSV,2026-09-09 14:15:34 +0800
1150909,2026-09-09,上櫃,6615,慧智,33.80,-0.10,34.05,34.05,33.80,5000,169650,5,TPEX_CSV,2026-09-09 14:15:34 +0800
1150909,2026-09-09,上櫃,6616,特昇-KY,8.50,+0.11,8.15,8.50,8.15,45000,379220,11,TPEX_CSV,2026-09-09 14:15:34 +0800
1150909,2026-09-09,上櫃,6617,共信-KY,131.00,-3.50,130.50,133.00,128.00,997000,129984500,701,TPEX_CSV,2026-09-09 14:15:34 +0800
1150909,2026-09-09,上櫃,6620,漢達,132.00,+8.00,127.50,132.00,127.00,2892000,374107500,1821,TPEX_CSV,2026-09-09 14:15:34 +0800
1150909,2026-09-09,上櫃,6624,萬年清,40.45,+1.30,40.45,40.45,40.45,1000,40450,1,TPEX_CSV,2026-09-09 14:15:34 +0800
1150909,2026-09-09,上櫃,6629,泰金-KY,106.50,0.00,108.00,108.00,106.00,6000,642500,6,TPEX_CSV,2026-09-09 14:15:34 +0800
1150909,2026-09-09,上櫃,6637,醫影,54.20,+0.10,54.10,54.90,54.00,22000,1194000,21,TPEX_CSV,2026-09-09 14:15:34 +0800
1150909,2026-09-09,上櫃,6640,均華,1200.00,-15.00,1215.00,1270.00,1140.00,543000,650820000,509,TPEX_CSV,2026-09-09 14:15:34 +0800
1150909,2026-09-09,上櫃,6642,富致,77.20,+0.40,76.20,78.10,76.20,110000,8520400,91,TPEX_CSV,2026-09-09 14:15:34 +0800
1150909,2026-09-09,上櫃,6643,M31,433.00,-5.00,445.50,446.00,432.50,429000,188325000,411,TPEX_CSV,2026-09-09 14:15:34 +0800
1150909,2026-09-09,上櫃,6649,台生材,35.65,+0.65,36.05,36.05,35.45,43000,1540500,29,TPEX_CSV,2026-09-09 14:15:34 +0800
1150909,2026-09-09,上櫃,6651,全宇昕,142.00,-0.50,141.50,143.00,140.00,73000,10315500,60,TPEX_CSV,2026-09-09 14:15:34 +0800
1150909,2026-09-09,上櫃,6654,天正國際,206.00,-16.50,225.50,225.50,206.00,72000,15441500,70,TPEX_CSV,2026-09-09 14:15:34 +0800
1150909,2026-09-09,上櫃,6661,威健生技,17.15,+0.85,16.65,17.15,16.65,3000,50500,3,TPEX_CSV,2026-09-09 14:15:34 +0800
1150909,2026-09-09,上櫃,6662,樂斯科,29.10,+0.60,28.80,29.50,28.25,5000,144150,5,TPEX_CSV,2026-09-09 14:15:34 +0800
1150909,2026-09-09,上櫃,6664,群翊,353.50,-3.00,360.00,366.50,353.50,376000,135086500,323,TPEX_CSV,2026-09-09 14:15:34 +0800
1150909,2026-09-09,上櫃,6667,信紘科,250.50,+0.50,252.00,253.50,248.00,221000,55440000,200,TPEX_CSV,2026-09-09 14:15:34 +0800
1150909,2026-09-09,上櫃,6679,鈺太,199.50,0.00,199.00,200.00,197.00,181000,35906000,127,TPEX_CSV,2026-09-09 14:15:34 +0800
1150909,2026-09-09,上櫃,6680,鑫創電子,53.30,+1.10,50.40,54.30,50.40,4000,210100,4,TPEX_CSV,2026-09-09 14:15:34 +0800
1150909,2026-09-09,上櫃,6683,雍智科技,1370.00,-35.00,1435.00,1505.00,1350.00,1215000,1725075000,1101,TPEX_CSV,2026-09-09 14:15:34 +0800
1150909,2026-09-09,上櫃,6684,安格,45.80,+0.40,44.85,45.80,44.85,48000,2177650,44,TPEX_CSV,2026-09-09 14:15:34 +0800
1150909,2026-09-09,上櫃,6690,安碁資訊,161.50,-0.50,162.00,162.50,161.50,17000,2754000,17,TPEX_CSV,2026-09-09 14:15:34 +0800
1150909,2026-09-09,上櫃,6692,進能服,23.80,+0.15,23.00,23.80,23.00,2000,46800,2,TPEX_CSV,2026-09-09 14:15:34 +0800
1150909,2026-09-09,上櫃,6693,廣閎科,182.00,-5.50,185.50,187.50,181.00,959000,176546000,726,TPEX_CSV,2026-09-09 14:15:34 +0800
1150909,2026-09-09,上櫃,6697,東捷資訊,40.40,-0.20,40.55,40.55,40.30,11000,444700,9,TPEX_CSV,2026-09-09 14:15:34 +0800
1150909,2026-09-09,上櫃,6703,軒郁,100.50,-1.50,101.50,101.50,100.50,81000,8165000,60,TPEX_CSV,2026-09-09 14:15:34 +0800
1150909,2026-09-09,上櫃,6708,天擎,37.80,-0.20,38.00,38.00,37.25,16000,601800,12,TPEX_CSV,2026-09-09 14:15:34 +0800
1150909,2026-09-09,上櫃,6712,長聖,158.00,+2.00,156.00,159.50,155.00,242000,38308000,210,TPEX_CSV,2026-09-09 14:15:34 +0800
1150909,2026-09-09,上櫃,6716,應廣,119.50,+1.50,118.00,123.00,118.00,708000,85547000,601,TPEX_CSV,2026-09-09 14:15:34 +0800
1150909,2026-09-09,上櫃,6720,久昌,131.00,-0.50,130.00,131.00,128.00,17000,2201000,16,TPEX_CSV,2026-09-09 14:15:34 +0800
1150909,2026-09-09,上櫃,6721,信實,----,---,----,----,----,0,0,0,TPEX_CSV,2026-09-09 14:15:34 +0800
1150909,2026-09-09,上櫃,6725,矽科宏晟,226.50,+3.50,223.00,228.00,223.00,43000,9699000,37,TPEX_CSV,2026-09-09 14:15:34 +0800
1150909,2026-09-09,上櫃,6727,亞泰金屬,508.00,-18.00,526.00,540.00,499.50,1489000,769216500,1295,TPEX_CSV,2026-09-09 14:15:34 +0800
1150909,2026-09-09,上櫃,6728,上洋,108.00,+1.00,109.00,109.00,108.00,38000,4109500,19,TPEX_CSV,2026-09-09 14:15:34 +0800
1150909,2026-09-09,上櫃,6730,常廣,32.00,-0.05,31.90,32.05,31.75,29000,925250,18,TPEX_CSV,2026-09-09 14:15:34 +0800
1150909,2026-09-09,上櫃,6732,昇佳電子,147.50,+1.00,146.00,147.50,146.00,62000,9115000,51,TPEX_CSV,2026-09-09 14:15:34 +0800
1150909,2026-09-09,上櫃,6733,博晟生醫,25.90,-0.10,25.85,26.10,25.70,63000,1634250,44,TPEX_CSV,2026-09-09 14:15:34 +0800
1150909,2026-09-09,上櫃,6735,美達科技,61.90,-0.20,62.00,63.10,61.90,101000,6287700,78,TPEX_CSV,2026-09-09 14:15:34 +0800
1150909,2026-09-09,上櫃,6739,竹陞科技,1200.00,+55.00,1165.00,1215.00,1150.00,408000,483435000,364,TPEX_CSV,2026-09-09 14:15:34 +0800
1150909,2026-09-09,上櫃,6741,91APP*-KY,59.60,+0.20,59.70,60.00,59.40,95000,5659700,65,TPEX_CSV,2026-09-09 14:15:34 +0800
1150909,2026-09-09,上櫃,6751,智聯服務,41.25,-0.25,41.50,41.50,40.90,7000,287950,6,TPEX_CSV,2026-09-09 14:15:34 +0800
1150909,2026-09-09,上櫃,6752,叡揚,97.10,+1.90,97.10,97.10,97.10,1000,97100,1,TPEX_CSV,2026-09-09 14:15:34 +0800
1150909,2026-09-09,上櫃,6761,穩得,179.50,+4.50,175.00,180.50,175.00,162000,28926500,140,TPEX_CSV,2026-09-09 14:15:34 +0800
1150909,2026-09-09,上櫃,6762,達亞,168.00,0.00,156.50,168.00,156.50,9000,1474000,9,TPEX_CSV,2026-09-09 14:15:34 +0800
1150909,2026-09-09,上櫃,6763,綠界科技*,40.90,-0.10,41.40,42.00,40.70,170000,6972100,140,TPEX_CSV,2026-09-09 14:15:34 +0800
1150909,2026-09-09,上櫃,6767,台微醫,24.50,-0.30,25.00,25.00,24.50,14000,349150,8,TPEX_CSV,2026-09-09 14:15:34 +0800
1150909,2026-09-09,上櫃,6785,昱展新藥,94.60,+1.60,94.00,96.00,92.40,55000,5177300,51,TPEX_CSV,2026-09-09 14:15:34 +0800
1150909,2026-09-09,上櫃,6788,華景電,347.00,-1.00,343.00,358.50,335.50,756000,261061500,614,TPEX_CSV,2026-09-09 14:15:34 +0800
1150909,2026-09-09,上櫃,6791,虎門科技,99.10,-0.20,100.00,100.00,98.90,4000,397000,4,TPEX_CSV,2026-09-09 14:15:34 +0800
1150909,2026-09-09,上櫃,6803,崑鼎,269.00,-2.00,269.00,269.00,268.00,76000,20415500,76,TPEX_CSV,2026-09-09 14:15:34 +0800
1150909,2026-09-09,上櫃,6804,明係,18.15,+0.15,17.85,18.20,17.85,110000,1980600,35,TPEX_CSV,2026-09-09 14:15:34 +0800
1150909,2026-09-09,上櫃,6811,宏碁資訊,223.00,-1.00,224.00,224.00,222.50,50000,11150000,49,TPEX_CSV,2026-09-09 14:15:34 +0800
1150909,2026-09-09,上櫃,6821,聯寶,40.20,-0.45,40.20,41.80,40.00,155000,6258350,126,TPEX_CSV,2026-09-09 14:15:34 +0800
1150909,2026-09-09,上櫃,6823,濾能,61.00,+1.00,60.20,61.30,60.10,28000,1700700,24,TPEX_CSV,2026-09-09 14:15:34 +0800
1150909,2026-09-09,上櫃,6829,千附精密,254.00,+13.00,249.50,264.00,247.00,2006000,515193000,1549,TPEX_CSV,2026-09-09 14:15:34 +0800
1150909,2026-09-09,上櫃,6840,東研信超,95.60,+2.40,93.20,95.60,91.20,450000,42068600,380,TPEX_CSV,2026-09-09 14:15:34 +0800
1150909,2026-09-09,上櫃,6841,長佳智能,53.10,-0.10,53.30,53.80,53.00,99000,5274000,89,TPEX_CSV,2026-09-09 14:15:34 +0800
1150909,2026-09-09,上櫃,6843,進典,37.85,-0.35,38.45,38.50,37.85,25000,950750,16,TPEX_CSV,2026-09-09 14:15:34 +0800
1150909,2026-09-09,上櫃,6844,諾貝兒,59.90,0.00,59.80,59.90,59.50,15000,896000,13,TPEX_CSV,2026-09-09 14:15:34 +0800
1150909,2026-09-09,上櫃,6846,綠茵,58.70,+0.20,58.70,58.70,58.70,1000,58700,1,TPEX_CSV,2026-09-09 14:15:34 +0800
1150909,2026-09-09,上櫃,6855,數泓科,120.00,+1.00,120.00,120.00,119.50,7000,838000,7,TPEX_CSV,2026-09-09 14:15:34 +0800
1150909,2026-09-09,上櫃,6856,鑫傳,41.40,-0.60,41.40,41.40,41.40,2000,82800,2,TPEX_CSV,2026-09-09 14:15:34 +0800
1150909,2026-09-09,上櫃,6859,伯特光,117.50,+6.00,113.50,120.00,113.50,87000,10208000,70,TPEX_CSV,2026-09-09 14:15:34 +0800
1150909,2026-09-09,上櫃,6865,偉康科技,25.80,-0.70,24.45,26.25,24.45,14000,354500,14,TPEX_CSV,2026-09-09 14:15:34 +0800
1150909,2026-09-09,上櫃,6870,騰雲,289.00,-2.50,293.00,298.50,288.50,108000,31510000,92,TPEX_CSV,2026-09-09 14:15:34 +0800
1150909,2026-09-09,上櫃,6872,浩宇生醫,24.60,+2.20,24.60,24.60,24.60,412000,10135200,164,TPEX_CSV,2026-09-09 14:15:34 +0800
1150909,2026-09-09,上櫃,6874,倍力,68.60,+0.20,68.30,68.60,68.20,14000,957700,14,TPEX_CSV,2026-09-09 14:15:34 +0800
1150909,2026-09-09,上櫃,6875,國邑*,32.00,-0.30,32.00,32.50,32.00,92000,2956100,50,TPEX_CSV,2026-09-09 14:15:34 +0800
1150909,2026-09-09,上櫃,6877,鏵友益,117.50,0.00,118.00,119.00,116.00,52000,6089000,50,TPEX_CSV,2026-09-09 14:15:34 +0800
1150909,2026-09-09,上櫃,6881,潤德,213.00,0.00,213.00,213.00,213.00,1000,213000,1,TPEX_CSV,2026-09-09 14:15:34 +0800
1150909,2026-09-09,上櫃,6884,海柏特,30.70,+0.65,30.50,30.70,30.50,14000,428600,12,TPEX_CSV,2026-09-09 14:15:34 +0800
1150909,2026-09-09,上櫃,6894,衛司特,338.00,-2.00,334.50,341.00,331.00,37000,12493000,36,TPEX_CSV,2026-09-09 14:15:34 +0800
1150909,2026-09-09,上櫃,6895,宏碩系統,154.50,+3.00,152.00,155.00,150.00,11000,1684000,11,TPEX_CSV,2026-09-09 14:15:34 +0800
1150909,2026-09-09,上櫃,6899,創為精密,49.80,-0.15,49.80,49.85,49.80,4000,199300,4,TPEX_CSV,2026-09-09 14:15:34 +0800
1150909,2026-09-09,上櫃,6903,巨漢,316.00,+6.00,311.00,319.00,311.00,191000,60310500,170,TPEX_CSV,2026-09-09 14:15:34 +0800
1150909,2026-09-09,上櫃,6904,伯鑫,----,---,----,----,----,0,0,0,TPEX_CSV,2026-09-09 14:15:34 +0800
1150909,2026-09-09,上櫃,6907,雅特力-KY,195.50,-8.50,202.00,204.50,194.00,3654000,720884000,2985,TPEX_CSV,2026-09-09 14:15:34 +0800
1150909,2026-09-09,上櫃,6910,德鴻,24.60,-0.30,25.00,25.00,24.60,8000,198600,6,TPEX_CSV,2026-09-09 14:15:34 +0800
1150909,2026-09-09,上櫃,6913,鴻呈,131.00,+0.50,132.50,133.00,130.50,344000,45302500,279,TPEX_CSV,2026-09-09 14:15:34 +0800
1150909,2026-09-09,上櫃,6922,宸曜,196.50,+3.50,196.00,198.50,193.00,94000,18373000,83,TPEX_CSV,2026-09-09 14:15:34 +0800
1150909,2026-09-09,上櫃,6925,意藍,49.25,-0.25,49.35,49.40,49.25,13000,641600,13,TPEX_CSV,2026-09-09 14:15:34 +0800
1150909,2026-09-09,上櫃,6929,佑全,22.35,-0.10,21.20,22.35,21.00,14000,300150,13,TPEX_CSV,2026-09-09 14:15:34 +0800
1150909,2026-09-09,上櫃,6945,圓祥生技,95.40,-0.40,97.20,97.20,95.40,68000,6513100,60,TPEX_CSV,2026-09-09 14:15:34 +0800
1150909,2026-09-09,上櫃,6953,家碩,247.50,+13.00,250.00,257.50,247.50,235000,59283000,215,TPEX_CSV,2026-09-09 14:15:34 +0800
1150909,2026-09-09,上櫃,6961,旅天下,49.50,-0.25,49.50,49.50,49.45,35000,1731900,24,TPEX_CSV,2026-09-09 14:15:34 +0800
1150909,2026-09-09,上櫃,6967,汎瑋材料,66.00,-4.00,68.70,68.70,65.00,289000,19321300,240,TPEX_CSV,2026-09-09 14:15:34 +0800
1150909,2026-09-09,上櫃,6968,萬達寵物,41.75,+0.05,41.70,41.75,41.40,17000,708150,15,TPEX_CSV,2026-09-09 14:15:34 +0800
1150909,2026-09-09,上櫃,6971,惠民實業,25.00,除息,25.00,25.10,24.55,63000,1566500,52,TPEX_CSV,2026-09-09 14:15:34 +0800
1150909,2026-09-09,上櫃,6982,大井泵浦,45.00,-1.30,44.00,45.95,44.00,17000,763750,17,TPEX_CSV,2026-09-09 14:15:34 +0800
1150909,2026-09-09,上櫃,6983,華洋精機,351.50,+7.50,349.50,364.00,349.50,72000,25604000,72,TPEX_CSV,2026-09-09 14:15:34 +0800
1150909,2026-09-09,上櫃,6986,和迅,40.75,-0.55,41.00,41.00,40.05,65000,2630450,45,TPEX_CSV,2026-09-09 14:15:34 +0800
1150909,2026-09-09,上櫃,6996,力領科技,170.50,+1.00,170.00,171.00,169.50,51000,8677000,43,TPEX_CSV,2026-09-09 14:15:34 +0800
1150909,2026-09-09,上櫃,6997,博弘,68.00,0.00,68.20,68.20,68.00,4000,272200,2,TPEX_CSV,2026-09-09 14:15:34 +0800
1150909,2026-09-09,上櫃,7402,邑錡,102.00,+1.00,103.00,103.00,101.50,141000,14353500,100,TPEX_CSV,2026-09-09 14:15:34 +0800
1150909,2026-09-09,上櫃,7547,碩網,49.25,-0.25,49.50,49.50,48.55,18000,882850,17,TPEX_CSV,2026-09-09 14:15:34 +0800
1150909,2026-09-09,上櫃,7556,意德士,255.00,+9.00,264.00,264.00,254.00,41000,10513000,40,TPEX_CSV,2026-09-09 14:15:34 +0800
1150909,2026-09-09,上櫃,7584,樂意,26.40,-0.65,27.45,27.45,26.30,7000,186400,7,TPEX_CSV,2026-09-09 14:15:34 +0800
1150909,2026-09-09,上櫃,7642,昶瑞機電,77.30,+1.60,75.00,77.30,74.90,7000,528600,7,TPEX_CSV,2026-09-09 14:15:34 +0800
1150909,2026-09-09,上櫃,7703,銳澤,205.50,+5.50,202.00,206.00,202.00,165000,33666500,116,TPEX_CSV,2026-09-09 14:15:34 +0800
1150909,2026-09-09,上櫃,7704,明遠精密,61.10,+0.40,61.00,61.40,60.00,47000,2862100,33,TPEX_CSV,2026-09-09 14:15:34 +0800
1150909,2026-09-09,上櫃,7708,全家餐飲,92.30,0.00,92.30,92.30,92.30,1000,92300,1,TPEX_CSV,2026-09-09 14:15:34 +0800
1150909,2026-09-09,上櫃,7709,榮田,91.50,-0.50,92.40,92.90,88.20,495000,44647900,428,TPEX_CSV,2026-09-09 14:15:34 +0800
1150909,2026-09-09,上櫃,7712,博盛半導體,151.00,+1.00,152.00,152.00,150.00,91000,13754500,73,TPEX_CSV,2026-09-09 14:15:34 +0800
1150909,2026-09-09,上櫃,7713,威力德生醫,73.90,0.00,74.00,74.00,73.90,3000,221800,3,TPEX_CSV,2026-09-09 14:15:34 +0800
1150909,2026-09-09,上櫃,7714,創泓科技,158.50,+3.00,158.50,159.50,156.00,124000,19583000,100,TPEX_CSV,2026-09-09 14:15:34 +0800
1150909,2026-09-09,上櫃,7715,裕山,28.65,-0.05,29.00,29.00,28.30,18000,512900,15,TPEX_CSV,2026-09-09 14:15:34 +0800
1150909,2026-09-09,上櫃,7716,昱臺國際,23.75,-0.15,23.85,23.85,23.30,3000,70900,3,TPEX_CSV,2026-09-09 14:15:34 +0800
1150909,2026-09-09,上櫃,7717,萊德光電-KY,509.00,+43.00,476.00,512.00,472.00,1343000,664689500,1186,TPEX_CSV,2026-09-09 14:15:34 +0800
1150909,2026-09-09,上櫃,7718,友鋮,46.55,-0.05,46.60,46.60,46.20,15000,696200,10,TPEX_CSV,2026-09-09 14:15:34 +0800
1150909,2026-09-09,上櫃,7723,築間,19.00,+0.40,18.60,19.10,18.50,71000,1329650,58,TPEX_CSV,2026-09-09 14:15:34 +0800
1150909,2026-09-09,上櫃,7728,光焱科技,627.00,-1.00,618.00,627.00,611.00,12000,7394000,12,TPEX_CSV,2026-09-09 14:15:34 +0800
1150909,2026-09-09,上櫃,7734,印能科技,2980.00,+70.00,2965.00,3020.00,2910.00,171000,506425000,166,TPEX_CSV,2026-09-09 14:15:34 +0800
1150909,2026-09-09,上櫃,7738,東聯互動,165.00,-3.00,171.00,171.00,164.00,32000,5297000,29,TPEX_CSV,2026-09-09 14:15:34 +0800
1150909,2026-09-09,上櫃,7743,金利食安,21.95,+0.05,22.60,22.60,21.50,25000,544100,18,TPEX_CSV,2026-09-09 14:15:34 +0800
1150909,2026-09-09,上櫃,7744,崴寶,529.00,+6.00,526.00,537.00,517.00,146000,76669000,121,TPEX_CSV,2026-09-09 14:15:34 +0800
1150909,2026-09-09,上櫃,7747,昕奇雲端,112.00,-1.00,112.00,112.00,112.00,1000,112000,1,TPEX_CSV,2026-09-09 14:15:34 +0800
1150909,2026-09-09,上櫃,7751,竑騰,1610.00,+65.00,1585.00,1640.00,1585.00,197000,318805000,183,TPEX_CSV,2026-09-09 14:15:34 +0800
1150909,2026-09-09,上櫃,7753,星亞,36.65,+0.15,36.60,36.65,36.60,4000,146550,3,TPEX_CSV,2026-09-09 14:15:34 +0800
1150909,2026-09-09,上櫃,7757,金色三麥,89.90,+0.90,89.80,89.90,89.80,6000,539300,4,TPEX_CSV,2026-09-09 14:15:34 +0800
1150909,2026-09-09,上櫃,7767,仁大資訊,44.90,-0.10,45.00,45.00,44.65,37000,1659750,30,TPEX_CSV,2026-09-09 14:15:34 +0800
1150909,2026-09-09,上櫃,7770,君曜,37.00,+2.50,34.50,37.10,34.50,35000,1252450,28,TPEX_CSV,2026-09-09 14:15:34 +0800
1150909,2026-09-09,上櫃,7772,耀穎,130.00,-1.00,144.00,144.00,122.00,1600000,219040500,1141,TPEX_CSV,2026-09-09 14:15:34 +0800
1150909,2026-09-09,上櫃,7777,能率亞洲,38.20,+0.60,38.00,38.40,37.50,674000,25684250,459,TPEX_CSV,2026-09-09 14:15:34 +0800
1150909,2026-09-09,上櫃,7782,光速火箭,25.65,-0.35,25.85,25.85,25.05,21000,534700,14,TPEX_CSV,2026-09-09 14:15:34 +0800
1150909,2026-09-09,上櫃,7792,安葆,322.50,+6.00,317.00,328.50,312.50,452000,145370000,371,TPEX_CSV,2026-09-09 14:15:34 +0800
1150909,2026-09-09,上櫃,7794,宏碁智新,32.50,-0.50,32.60,33.00,32.30,87000,2836350,76,TPEX_CSV,2026-09-09 14:15:34 +0800
1150909,2026-09-09,上櫃,7805,威聯通,510.00,+2.00,507.00,511.00,506.00,38000,19319000,34,TPEX_CSV,2026-09-09 14:15:34 +0800
1150909,2026-09-09,上櫃,7810,捷創科技,223.00,+4.00,221.50,224.50,209.00,152000,32982000,128,TPEX_CSV,2026-09-09 14:15:34 +0800
1150909,2026-09-09,上櫃,7811,民盛,74.00,-0.20,73.50,74.20,73.50,33000,2437100,21,TPEX_CSV,2026-09-09 14:15:34 +0800
1150909,2026-09-09,上櫃,7814,海昌生技,29.10,-0.60,29.95,29.95,28.95,10000,294950,10,TPEX_CSV,2026-09-09 14:15:34 +0800
1150909,2026-09-09,上櫃,7819,精誠金融,34.25,-0.25,34.50,34.60,34.20,37000,1274500,27,TPEX_CSV,2026-09-09 14:15:34 +0800
1150909,2026-09-09,上櫃,7820,立盈,117.50,-1.00,118.50,118.50,117.50,2000,236000,2,TPEX_CSV,2026-09-09 14:15:34 +0800
1150909,2026-09-09,上櫃,7828,創新服務,2080.00,+45.00,2130.00,2230.00,2035.00,687000,1464825000,637,TPEX_CSV,2026-09-09 14:15:34 +0800
1150909,2026-09-09,上櫃,7839,達人網,43.00,-0.95,43.50,43.70,42.25,10000,432650,10,TPEX_CSV,2026-09-09 14:15:34 +0800
1150909,2026-09-09,上櫃,7842,天能綠電,99.90,+1.70,96.10,100.50,96.10,48000,4759100,44,TPEX_CSV,2026-09-09 14:15:34 +0800
1150909,2026-09-09,上櫃,8024,佑華,13.15,+0.10,13.80,13.80,12.85,58000,771900,45,TPEX_CSV,2026-09-09 14:15:34 +0800
1150909,2026-09-09,上櫃,8027,鈦昇,178.00,+1.00,180.00,184.50,177.00,2525000,454680000,2038,TPEX_CSV,2026-09-09 14:15:34 +0800
1150909,2026-09-09,上櫃,8032,光菱,35.20,-0.50,35.20,35.90,35.20,55000,1945350,44,TPEX_CSV,2026-09-09 14:15:34 +0800
1150909,2026-09-09,上櫃,8034,榮群,20.30,-0.30,21.05,21.05,20.30,77000,1579050,52,TPEX_CSV,2026-09-09 14:15:34 +0800
1150909,2026-09-09,上櫃,8038,長園科,30.80,-0.20,30.60,31.00,30.60,79000,2438900,52,TPEX_CSV,2026-09-09 14:15:34 +0800
1150909,2026-09-09,上櫃,8040,九暘,79.20,+0.20,78.10,81.40,77.80,1507000,119735200,1093,TPEX_CSV,2026-09-09 14:15:34 +0800
1150909,2026-09-09,上櫃,8042,金山電,112.50,-0.50,115.00,117.00,112.00,4856000,552792000,3445,TPEX_CSV,2026-09-09 14:15:34 +0800
1150909,2026-09-09,上櫃,8043,蜜望實,140.00,+2.00,136.50,146.00,136.50,2849000,401583500,2275,TPEX_CSV,2026-09-09 14:15:34 +0800
1150909,2026-09-09,上櫃,8044,網家,23.40,-0.15,23.55,23.60,23.25,267000,6242700,195,TPEX_CSV,2026-09-09 14:15:34 +0800
1150909,2026-09-09,上櫃,8047,星雲,46.00,+3.90,42.10,46.00,41.30,83000,3552050,41,TPEX_CSV,2026-09-09 14:15:34 +0800
1150909,2026-09-09,上櫃,8048,德勝,50.40,+0.40,50.40,50.80,49.95,81000,4062850,71,TPEX_CSV,2026-09-09 14:15:34 +0800
1150909,2026-09-09,上櫃,8049,晶采,24.55,+0.25,24.40,24.55,24.35,83000,2028450,55,TPEX_CSV,2026-09-09 14:15:34 +0800
1150909,2026-09-09,上櫃,8050,廣積,55.80,+0.50,55.10,56.10,54.90,418000,23142600,282,TPEX_CSV,2026-09-09 14:15:34 +0800
1150909,2026-09-09,上櫃,8054,安國,83.50,+0.20,83.20,84.10,82.60,585000,48731600,470,TPEX_CSV,2026-09-09 14:15:34 +0800
1150909,2026-09-09,上櫃,8059,凱碩,13.40,0.00,13.40,13.45,13.25,139000,1854200,76,TPEX_CSV,2026-09-09 14:15:34 +0800
1150909,2026-09-09,上櫃,8064,東捷,134.00,-0.50,130.00,141.50,121.50,30627000,4058820000,20170,TPEX_CSV,2026-09-09 14:15:34 +0800
1150909,2026-09-09,上櫃,8066,來思達,14.45,+0.05,14.45,14.50,14.30,13000,186850,12,TPEX_CSV,2026-09-09 14:15:34 +0800
1150909,2026-09-09,上櫃,8067,志旭,12.20,+0.10,12.10,12.20,12.10,2000,24300,2,TPEX_CSV,2026-09-09 14:15:34 +0800
1150909,2026-09-09,上櫃,8068,全達,16.60,-0.20,16.75,16.80,16.55,73000,1216450,54,TPEX_CSV,2026-09-09 14:15:34 +0800
1150909,2026-09-09,上櫃,8069,元太,149.50,+2.50,149.50,153.50,149.50,5587000,842045000,3337,TPEX_CSV,2026-09-09 14:15:34 +0800
1150909,2026-09-09,上櫃,8071,能率網通,22.85,+0.40,22.40,23.00,22.10,717000,16192500,324,TPEX_CSV,2026-09-09 14:15:34 +0800
1150909,2026-09-09,上櫃,8074,鉅橡,52.10,-0.40,52.00,53.30,52.00,315000,16554900,244,TPEX_CSV,2026-09-09 14:15:34 +0800
1150909,2026-09-09,上櫃,8076,伍豐,21.85,-0.15,21.95,22.00,21.80,423000,9275100,219,TPEX_CSV,2026-09-09 14:15:34 +0800
1150909,2026-09-09,上櫃,8077,洛碁,43.50,-0.45,43.50,43.50,43.50,2000,87000,2,TPEX_CSV,2026-09-09 14:15:34 +0800
1150909,2026-09-09,上櫃,8080,泰霖,28.50,-0.10,28.25,28.50,28.20,4000,113200,3,TPEX_CSV,2026-09-09 14:15:34 +0800
1150909,2026-09-09,上櫃,8083,瑞穎,158.00,+0.50,157.50,158.00,157.50,19000,2998000,17,TPEX_CSV,2026-09-09 14:15:34 +0800
1150909,2026-09-09,上櫃,8084,巨虹,45.40,+0.10,45.95,45.95,44.75,700000,31695400,472,TPEX_CSV,2026-09-09 14:15:34 +0800
1150909,2026-09-09,上櫃,8085,福華,15.05,-0.10,15.10,15.20,14.90,277000,4162050,132,TPEX_CSV,2026-09-09 14:15:34 +0800
1150909,2026-09-09,上櫃,8086,宏捷科,113.50,+3.50,111.50,114.50,111.50,1934000,219108000,1393,TPEX_CSV,2026-09-09 14:15:34 +0800
1150909,2026-09-09,上櫃,8087,麗升能源,26.50,-0.15,26.20,26.55,26.15,6000,157700,6,TPEX_CSV,2026-09-09 14:15:34 +0800
1150909,2026-09-09,上櫃,8088,品安,43.25,+0.05,43.85,43.85,43.00,267000,11571250,202,TPEX_CSV,2026-09-09 14:15:34 +0800
1150909,2026-09-09,上櫃,8089,康全電訊,18.10,+1.20,17.70,18.50,17.30,503000,8978050,357,TPEX_CSV,2026-09-09 14:15:34 +0800
1150909,2026-09-09,上櫃,8091,翔名,212.00,-1.50,218.00,222.00,212.00,675000,145297000,585,TPEX_CSV,2026-09-09 14:15:34 +0800
1150909,2026-09-09,上櫃,8092,建暐,12.75,-0.15,13.05,13.05,12.70,14000,179400,12,TPEX_CSV,2026-09-09 14:15:34 +0800
1150909,2026-09-09,上櫃,8093,保銳,26.15,-0.25,25.70,26.60,25.55,43000,1111350,30,TPEX_CSV,2026-09-09 14:15:34 +0800
1150909,2026-09-09,上櫃,8096,擎亞,99.90,除息,99.00,103.00,98.00,4505000,451852300,2819,TPEX_CSV,2026-09-09 14:15:34 +0800
1150909,2026-09-09,上櫃,8097,常珵,48.65,+0.10,48.20,48.95,48.00,92000,4471950,39,TPEX_CSV,2026-09-09 14:15:34 +0800
1150909,2026-09-09,上櫃,8099,大世科,59.00,+0.90,59.00,59.00,58.40,32000,1880200,31,TPEX_CSV,2026-09-09 14:15:34 +0800
1150909,2026-09-09,上櫃,8102,傑霖科技,63.10,-4.10,63.10,64.20,62.60,51000,3225700,32,TPEX_CSV,2026-09-09 14:15:34 +0800
1150909,2026-09-09,上櫃,8107,大億金茂,12.30,-0.05,12.30,12.40,12.30,9000,111000,7,TPEX_CSV,2026-09-09 14:15:34 +0800
1150909,2026-09-09,上櫃,8109,博大,129.50,+1.00,128.00,129.50,127.50,94000,12078500,80,TPEX_CSV,2026-09-09 14:15:34 +0800
1150909,2026-09-09,上櫃,8111,立碁,72.00,+2.50,70.10,72.90,69.60,11346000,811243100,7420,TPEX_CSV,2026-09-09 14:15:34 +0800
1150909,2026-09-09,上櫃,8121,越峰,26.95,-0.05,27.35,27.35,26.85,393000,10605000,253,TPEX_CSV,2026-09-09 14:15:34 +0800
1150909,2026-09-09,上櫃,8147,正淩,134.50,-2.50,135.50,138.00,134.00,168000,22746000,133,TPEX_CSV,2026-09-09 14:15:34 +0800
1150909,2026-09-09,上櫃,8155,博智,348.00,+6.50,344.50,350.00,341.50,247000,85623000,230,TPEX_CSV,2026-09-09 14:15:34 +0800
1150909,2026-09-09,上櫃,8171,天宇,20.00,+0.40,19.70,20.50,19.70,330000,6592350,127,TPEX_CSV,2026-09-09 14:15:34 +0800
1150909,2026-09-09,上櫃,8176,智捷,9.76,-0.04,9.80,9.81,9.76,14000,137170,11,TPEX_CSV,2026-09-09 14:15:34 +0800
1150909,2026-09-09,上櫃,8182,加高,39.30,+0.65,39.95,40.60,39.05,470000,18616900,339,TPEX_CSV,2026-09-09 14:15:34 +0800
1150909,2026-09-09,上櫃,8183,精星,28.75,+0.75,28.70,29.70,28.50,567000,16359650,378,TPEX_CSV,2026-09-09 14:15:34 +0800
1150909,2026-09-09,上櫃,8227,巨有科技,198.00,+18.00,183.00,198.00,178.50,7282000,1394727000,4929,TPEX_CSV,2026-09-09 14:15:34 +0800
1150909,2026-09-09,上櫃,8234,新漢,65.60,-1.30,67.50,67.60,65.50,758000,50192000,586,TPEX_CSV,2026-09-09 14:15:34 +0800
1150909,2026-09-09,上櫃,8240,華宏,52.30,0.00,52.30,53.80,51.40,1142000,59738700,836,TPEX_CSV,2026-09-09 14:15:34 +0800
1150909,2026-09-09,上櫃,8255,朋程,138.50,-1.00,139.50,141.00,137.50,370000,51406000,265,TPEX_CSV,2026-09-09 14:15:34 +0800
1150909,2026-09-09,上櫃,8272,全景軟體,63.00,-0.80,62.50,63.50,62.50,10000,628700,9,TPEX_CSV,2026-09-09 14:15:34 +0800
1150909,2026-09-09,上櫃,8277,商丞,8.05,-0.03,7.75,8.10,7.75,310000,2480170,73,TPEX_CSV,2026-09-09 14:15:34 +0800
1150909,2026-09-09,上櫃,8279,生展,79.00,+0.80,78.00,79.00,77.70,26000,2035300,21,TPEX_CSV,2026-09-09 14:15:34 +0800
1150909,2026-09-09,上櫃,8284,三竹,66.60,+0.40,66.20,66.60,66.20,4000,265600,4,TPEX_CSV,2026-09-09 14:15:34 +0800
1150909,2026-09-09,上櫃,8289,泰藝,43.35,+0.10,43.75,44.50,43.25,264000,11582500,220,TPEX_CSV,2026-09-09 14:15:34 +0800
1150909,2026-09-09,上櫃,8291,尚茂,29.95,-0.05,30.00,30.00,29.20,29000,858000,24,TPEX_CSV,2026-09-09 14:15:34 +0800
1150909,2026-09-09,上櫃,8299,群聯,2085.00,0.00,2100.00,2125.00,2070.00,1866000,3908130000,1608,TPEX_CSV,2026-09-09 14:15:34 +0800
1150909,2026-09-09,上櫃,8342,益張,85.00,-1.00,87.00,87.00,85.00,4000,342000,4,TPEX_CSV,2026-09-09 14:15:34 +0800
1150909,2026-09-09,上櫃,8349,恒耀,38.50,-0.35,38.95,38.95,38.20,136000,5239550,87,TPEX_CSV,2026-09-09 14:15:34 +0800
1150909,2026-09-09,上櫃,8354,冠好,17.35,+0.05,17.20,17.35,16.80,65000,1106000,42,TPEX_CSV,2026-09-09 14:15:34 +0800
1150909,2026-09-09,上櫃,8358,金居,526.00,+6.00,534.00,535.00,519.00,3207000,1689849000,2661,TPEX_CSV,2026-09-09 14:15:34 +0800
1150909,2026-09-09,上櫃,8383,千附,68.10,+3.40,66.40,70.20,66.40,3140000,215044700,2163,TPEX_CSV,2026-09-09 14:15:34 +0800
1150909,2026-09-09,上櫃,8390,金益鼎,97.80,-0.10,98.40,98.60,97.00,300000,29352600,224,TPEX_CSV,2026-09-09 14:15:34 +0800
1150909,2026-09-09,上櫃,8401,白紗科,22.75,0.00,22.75,22.85,22.50,89000,2018350,43,TPEX_CSV,2026-09-09 14:15:34 +0800
1150909,2026-09-09,上櫃,8403,盛弘,18.95,0.00,19.00,19.10,18.85,32000,606200,28,TPEX_CSV,2026-09-09 14:15:34 +0800
1150909,2026-09-09,上櫃,8409,商之器,18.30,+0.05,18.30,18.30,18.30,1000,18300,1,TPEX_CSV,2026-09-09 14:15:34 +0800
1150909,2026-09-09,上櫃,8410,森田,29.30,+0.05,29.30,29.30,29.30,1000,29300,1,TPEX_CSV,2026-09-09 14:15:34 +0800
1150909,2026-09-09,上櫃,8415,大國鋼,36.70,-0.35,36.85,37.05,36.65,446000,16389850,246,TPEX_CSV,2026-09-09 14:15:34 +0800
1150909,2026-09-09,上櫃,8416,實威,170.00,+1.50,168.50,170.00,168.50,4000,675500,4,TPEX_CSV,2026-09-09 14:15:34 +0800
1150909,2026-09-09,上櫃,8421,旭源,12.90,+0.20,12.75,12.90,12.65,123000,1574800,75,TPEX_CSV,2026-09-09 14:15:34 +0800
1150909,2026-09-09,上櫃,8423,保綠-KY,18.15,0.00,18.15,18.15,18.15,3000,54450,3,TPEX_CSV,2026-09-09 14:15:34 +0800
1150909,2026-09-09,上櫃,8424,惠普,68.60,+0.10,68.60,68.60,68.60,2000,137200,2,TPEX_CSV,2026-09-09 14:15:34 +0800
1150909,2026-09-09,上櫃,8426,紅木-KY,20.75,-0.05,20.80,20.80,20.75,9000,187050,9,TPEX_CSV,2026-09-09 14:15:34 +0800
1150909,2026-09-09,上櫃,8431,匯鑽科,61.20,-2.10,63.30,63.60,61.00,1870000,115838600,1296,TPEX_CSV,2026-09-09 14:15:34 +0800
1150909,2026-09-09,上櫃,8432,東生華,50.30,0.00,50.30,50.80,50.20,13000,653900,13,TPEX_CSV,2026-09-09 14:15:34 +0800
1150909,2026-09-09,上櫃,8433,弘帆,54.10,-0.20,54.30,54.30,54.10,5000,271200,4,TPEX_CSV,2026-09-09 14:15:34 +0800
1150909,2026-09-09,上櫃,8435,鉅邁,53.70,+0.30,53.30,53.70,53.20,20000,1067100,14,TPEX_CSV,2026-09-09 14:15:34 +0800
1150909,2026-09-09,上櫃,8436,大江,108.00,-1.00,109.00,109.00,107.00,783000,84477500,521,TPEX_CSV,2026-09-09 14:15:34 +0800
1150909,2026-09-09,上櫃,8437,大地-KY,9.13,-0.05,9.05,9.15,9.05,6000,54610,6,TPEX_CSV,2026-09-09 14:15:34 +0800
1150909,2026-09-09,上櫃,8440,綠電,19.90,-0.10,19.85,20.00,19.85,41000,815850,28,TPEX_CSV,2026-09-09 14:15:34 +0800
1150909,2026-09-09,上櫃,8444,綠河-KY,5.00,0.00,5.00,5.00,5.00,20000,100000,11,TPEX_CSV,2026-09-09 14:15:34 +0800
1150909,2026-09-09,上櫃,8446,華研,86.10,+1.00,85.40,86.20,85.30,56000,4807200,47,TPEX_CSV,2026-09-09 14:15:34 +0800
1150909,2026-09-09,上櫃,8450,霹靂,14.40,-0.10,14.25,14.40,14.15,7000,99700,7,TPEX_CSV,2026-09-09 14:15:34 +0800
1150909,2026-09-09,上櫃,8455,大拓-KY,22.40,-0.35,23.45,23.45,22.40,2000,45850,2,TPEX_CSV,2026-09-09 14:15:34 +0800
1150909,2026-09-09,上櫃,8472,夠麻吉,76.10,+1.90,74.20,79.00,74.20,29000,2215700,28,TPEX_CSV,2026-09-09 14:15:34 +0800
1150909,2026-09-09,上櫃,8477,創業家,15.40,0.00,15.40,15.40,15.05,15000,227250,8,TPEX_CSV,2026-09-09 14:15:34 +0800
1150909,2026-09-09,上櫃,8489,三貝德,21.95,-0.05,21.85,22.00,21.80,20000,437050,13,TPEX_CSV,2026-09-09 14:15:34 +0800
1150909,2026-09-09,上櫃,8905,裕國,34.85,+0.20,34.65,35.00,34.65,3000,104500,3,TPEX_CSV,2026-09-09 14:15:34 +0800
1150909,2026-09-09,上櫃,8906,花王,28.55,-0.50,28.70,28.70,28.55,11000,315050,9,TPEX_CSV,2026-09-09 14:15:34 +0800
1150909,2026-09-09,上櫃,8908,欣雄,40.50,+0.10,40.20,40.50,39.95,17000,684450,15,TPEX_CSV,2026-09-09 14:15:34 +0800
1150909,2026-09-09,上櫃,8916,光隆,41.00,0.00,41.00,41.00,40.80,40000,1637200,26,TPEX_CSV,2026-09-09 14:15:34 +0800
1150909,2026-09-09,上櫃,8917,欣泰,53.20,+0.20,52.90,53.20,52.90,2000,106100,2,TPEX_CSV,2026-09-09 14:15:34 +0800
1150909,2026-09-09,上櫃,8921,沈氏,16.40,+0.15,16.40,16.40,16.40,1000,16400,1,TPEX_CSV,2026-09-09 14:15:34 +0800
1150909,2026-09-09,上櫃,8923,時報,18.05,-0.10,18.05,18.05,18.05,1000,18050,1,TPEX_CSV,2026-09-09 14:15:34 +0800
1150909,2026-09-09,上櫃,8924,大田,50.60,+0.30,50.40,50.70,50.30,27000,1363700,25,TPEX_CSV,2026-09-09 14:15:34 +0800
1150909,2026-09-09,上櫃,8927,北基,18.80,-0.30,19.15,19.15,18.80,180000,3421400,129,TPEX_CSV,2026-09-09 14:15:34 +0800
1150909,2026-09-09,上櫃,8928,鉅明,23.50,-0.30,23.55,23.60,23.20,42000,982200,25,TPEX_CSV,2026-09-09 14:15:34 +0800
1150909,2026-09-09,上櫃,8929,富堡,13.00,-0.05,13.00,13.00,13.00,5000,65000,3,TPEX_CSV,2026-09-09 14:15:34 +0800
1150909,2026-09-09,上櫃,8930,青鋼,29.50,-0.15,29.75,29.75,29.00,66000,1933150,29,TPEX_CSV,2026-09-09 14:15:34 +0800
1150909,2026-09-09,上櫃,8931,大汽電,40.95,+0.05,40.75,41.25,40.55,77000,3139300,19,TPEX_CSV,2026-09-09 14:15:34 +0800
1150909,2026-09-09,上櫃,8932,智通*,93.40,+1.00,92.80,95.50,92.60,2565000,240445900,1191,TPEX_CSV,2026-09-09 14:15:34 +0800
1150909,2026-09-09,上櫃,8933,愛地雅,4.58,+0.02,4.60,4.60,4.41,133000,592430,60,TPEX_CSV,2026-09-09 14:15:34 +0800
1150909,2026-09-09,上櫃,8935,邦泰,18.05,+0.10,18.00,18.10,17.80,77000,1385350,43,TPEX_CSV,2026-09-09 14:15:34 +0800
1150909,2026-09-09,上櫃,8936,國統,51.20,+1.10,50.10,51.30,50.10,952000,48352700,540,TPEX_CSV,2026-09-09 14:15:34 +0800
1150909,2026-09-09,上櫃,8937,合騏*,30.45,+2.75,27.50,30.45,27.50,746000,22445850,303,TPEX_CSV,2026-09-09 14:15:34 +0800
1150909,2026-09-09,上櫃,8938,明安,51.90,-0.10,51.70,52.10,51.50,41000,2121300,30,TPEX_CSV,2026-09-09 14:15:34 +0800
1150909,2026-09-09,上櫃,8941,關中,44.40,0.00,44.00,44.40,44.00,2000,88400,2,TPEX_CSV,2026-09-09 14:15:34 +0800
1150909,2026-09-09,上櫃,8942,森鉅,41.90,+0.05,41.85,41.95,41.75,95000,3973950,67,TPEX_CSV,2026-09-09 14:15:34 +0800
1150909,2026-09-09,上櫃,9949,琉園,24.00,-0.40,24.00,24.00,23.90,26000,622450,13,TPEX_CSV,2026-09-09 14:15:34 +0800
1150909,2026-09-09,上櫃,9950,萬國通,10.30,-0.10,10.30,10.40,10.30,14000,144300,8,TPEX_CSV,2026-09-09 14:15:34 +0800
1150909,2026-09-09,上櫃,9951,皇田,49.60,-0.50,49.80,49.80,49.40,143000,7081300,91,TPEX_CSV,2026-09-09 14:15:34 +0800
1150909,2026-09-09,上櫃,9960,邁達康,32.40,+2.40,31.00,33.00,31.00,211000,6878950,130,TPEX_CSV,2026-09-09 14:15:34 +0800
1150909,2026-09-09,上櫃,9962,有益,10.05,0.00,10.05,10.10,10.05,29000,291750,17,TPEX_CSV,2026-09-09 14:15:34 +0800
