日期,西元日期,市場,股票代號,股票名稱,收盤價,漲跌,開盤價,最高價,最低價,成交股數,成交金額,成交筆數,資料來源,下載時間
1150731,2026-07-31,上市,00400A,主動國泰動能高息,12.94,1.1100,12.70,13.00,12.69,102260000,1314403040,7143,TWSE_CSV,2026-07-31 14:15:36 +0800
1150731,2026-07-31,上市,00401A,主動摩根台灣鑫收,12.55,0.9700,12.25,12.58,12.25,8204000,102406670,440,TWSE_CSV,2026-07-31 14:15:36 +0800
1150731,2026-07-31,上市,00402A,主動安聯美國科技,9.51,0.6100,9.44,9.51,9.43,4284000,40556370,724,TWSE_CSV,2026-07-31 14:15:36 +0800
1150731,2026-07-31,上市,00403A,主動統一升級50,9.25,0.7800,9.12,9.29,9.06,544289000,4997862650,48353,TWSE_CSV,2026-07-31 14:15:36 +0800
1150731,2026-07-31,上市,00404A,主動聯博動能50,9.26,0.7600,9.03,9.29,9.03,5773000,53018050,658,TWSE_CSV,2026-07-31 14:15:36 +0800
1150731,2026-07-31,上市,00405A,主動富邦台灣龍耀,7.30,0.6200,7.23,7.34,7.20,184168000,1341025870,11972,TWSE_CSV,2026-07-31 14:15:36 +0800
1150731,2026-07-31,上市,00406A,主動中信台灣收益,8.59,0.0000,8.50,8.60,8.44,72131000,614740940,8278,TWSE_CSV,2026-07-31 14:15:36 +0800
1150731,2026-07-31,上市,00407A,主動凱基台灣,8.48,0.6600,8.38,8.48,8.38,51066000,430474090,6089,TWSE_CSV,2026-07-31 14:15:36 +0800
1150731,2026-07-31,上市,00408A,主動第一金優股息,9.76,0.5600,9.68,9.77,9.65,1706000,16551890,316,TWSE_CSV,2026-07-31 14:15:36 +0800
1150731,2026-07-31,上市,0050,元大台灣50,102.85,9.3500,100.00,102.85,99.80,334568000,33993675650,104951,TWSE_CSV,2026-07-31 14:15:36 +0800
1150731,2026-07-31,上市,0051,元大中型100,133.95,9.5000,128.50,133.95,128.50,65000,8463050,47,TWSE_CSV,2026-07-31 14:15:36 +0800
1150731,2026-07-31,上市,0052,富邦科技,59.70,5.4000,58.30,59.70,58.25,72528000,4297333950,12543,TWSE_CSV,2026-07-31 14:15:36 +0800
1150731,2026-07-31,上市,0053,元大電子,227.35,20.6500,224.00,227.35,222.05,31000,7001350,17,TWSE_CSV,2026-07-31 14:15:36 +0800
1150731,2026-07-31,上市,0055,元大MSCI金融,44.69,2.1800,42.58,44.74,42.58,1843000,80712980,308,TWSE_CSV,2026-07-31 14:15:36 +0800
1150731,2026-07-31,上市,0056,元大高股息,49.48,3.1900,48.70,49.79,48.70,90712000,4456683060,22563,TWSE_CSV,2026-07-31 14:15:36 +0800
1150731,2026-07-31,上市,0057,富邦摩台,306.10,25.6500,302.05,306.10,301.50,28000,8502300,13,TWSE_CSV,2026-07-31 14:15:36 +0800
1150731,2026-07-31,上市,0061,元大寶滬深,24.89,0.7000,24.60,25.01,24.60,761000,18943760,108,TWSE_CSV,2026-07-31 14:15:36 +0800
1150731,2026-07-31,上市,006203,元大MSCI台灣,184.75,14.6000,182.40,184.75,182.40,16000,2932900,14,TWSE_CSV,2026-07-31 14:15:36 +0800
1150731,2026-07-31,上市,006204,永豐臺灣加權,215.35,13.6500,211.75,215.35,211.75,14000,3001700,10,TWSE_CSV,2026-07-31 14:15:36 +0800
1150731,2026-07-31,上市,006205,富邦上証,41.33,0.6000,41.28,41.68,41.11,174000,7215030,58,TWSE_CSV,2026-07-31 14:15:36 +0800
1150731,2026-07-31,上市,006206,元大上證50,38.65,0.5100,38.32,39.15,38.32,90000,3473080,26,TWSE_CSV,2026-07-31 14:15:36 +0800
1150731,2026-07-31,上市,006207,復華滬深,32.97,0.5900,33.11,33.17,32.78,280000,9221070,21,TWSE_CSV,2026-07-31 14:15:36 +0800
1150731,2026-07-31,上市,006208,富邦台50,235.35,20.9500,229.25,235.80,229.20,5866000,1368143000,2485,TWSE_CSV,2026-07-31 14:15:36 +0800
1150731,2026-07-31,上市,00625K,富邦上証+R,0.00,0.0000,0.00,0.00,0.00,0,0,0,TWSE_CSV,2026-07-31 14:15:36 +0800
1150731,2026-07-31,上市,00631L,元大台灣50正2,33.70,5.3200,31.96,33.74,31.92,563806000,18475005290,101048,TWSE_CSV,2026-07-31 14:15:36 +0800
1150731,2026-07-31,上市,00632R,元大台灣50反1,10.44,-1.0500,10.71,10.72,10.43,399281000,4223061680,34898,TWSE_CSV,2026-07-31 14:15:36 +0800
1150731,2026-07-31,上市,00633L,富邦上証正2,49.12,1.5200,48.51,50.55,48.51,3372000,168442440,743,TWSE_CSV,2026-07-31 14:15:36 +0800
1150731,2026-07-31,上市,00634R,富邦上証反1,3.12,-0.0400,3.10,3.12,3.07,1910000,5888200,40,TWSE_CSV,2026-07-31 14:15:36 +0800
1150731,2026-07-31,上市,00635U,期元大S&P黃金,42.44,0.4100,42.57,42.65,42.32,2501000,106230260,789,TWSE_CSV,2026-07-31 14:15:36 +0800
1150731,2026-07-31,上市,00636,國泰中國A50,28.33,0.3500,28.27,28.70,28.27,297000,8474250,65,TWSE_CSV,2026-07-31 14:15:36 +0800
1150731,2026-07-31,上市,00636K,國泰中國A50+U,8.77,0.1500,8.77,8.77,8.77,200,1754,2,TWSE_CSV,2026-07-31 14:15:36 +0800
1150731,2026-07-31,上市,00637L,元大滬深300正2,20.45,0.6400,20.61,21.02,20.41,28018000,581202220,4059,TWSE_CSV,2026-07-31 14:15:36 +0800
1150731,2026-07-31,上市,00638R,元大滬深300反1,6.71,-0.0900,6.70,6.71,6.59,417000,2773020,27,TWSE_CSV,2026-07-31 14:15:36 +0800
1150731,2026-07-31,上市,00639,富邦深100,16.83,0.4700,16.79,16.96,16.68,1629000,27457670,159,TWSE_CSV,2026-07-31 14:15:36 +0800
1150731,2026-07-31,上市,00640L,富邦日本正2,104.40,3.3000,105.00,106.00,103.00,115000,12044050,77,TWSE_CSV,2026-07-31 14:15:36 +0800
1150731,2026-07-31,上市,00641R,富邦日本反1,3.73,-0.1000,3.71,3.75,3.69,3244000,12060910,161,TWSE_CSV,2026-07-31 14:15:36 +0800
1150731,2026-07-31,上市,00642U,期元大S&P石油,26.84,-0.9700,27.05,27.27,26.82,7278000,196363690,1045,TWSE_CSV,2026-07-31 14:15:36 +0800
1150731,2026-07-31,上市,00643,群益深証中小,18.48,0.4800,18.25,18.56,18.25,1649000,30348240,120,TWSE_CSV,2026-07-31 14:15:36 +0800
1150731,2026-07-31,上市,00643K,群益深証中小+R,0.00,0.0000,0.00,0.00,0.00,0,0,0,TWSE_CSV,2026-07-31 14:15:36 +0800
1150731,2026-07-31,上市,00645,富邦日本,56.75,0.9000,56.95,57.10,56.35,74000,4191900,34,TWSE_CSV,2026-07-31 14:15:36 +0800
1150731,2026-07-31,上市,00646,元大S&P500,76.20,1.4000,75.90,76.20,75.90,1252000,95308100,434,TWSE_CSV,2026-07-31 14:15:36 +0800
1150731,2026-07-31,上市,00647L,元大S&P500正2,134.40,5.3000,133.50,134.40,133.35,21000,2808100,16,TWSE_CSV,2026-07-31 14:15:36 +0800
1150731,2026-07-31,上市,00648R,元大S&P500反1,4.04,-0.0900,4.03,4.07,4.02,7909000,31981150,310,TWSE_CSV,2026-07-31 14:15:36 +0800
1150731,2026-07-31,上市,00650L,復華香港正2,17.87,0.0700,18.24,18.34,17.67,3618000,65038420,702,TWSE_CSV,2026-07-31 14:15:36 +0800
1150731,2026-07-31,上市,00651R,復華香港反1,5.13,-0.0100,5.05,5.15,5.05,684000,3489990,37,TWSE_CSV,2026-07-31 14:15:36 +0800
1150731,2026-07-31,上市,00652,富邦印度,33.87,0.1900,33.75,33.94,33.71,274000,9280870,74,TWSE_CSV,2026-07-31 14:15:36 +0800
1150731,2026-07-31,上市,00653L,富邦印度正2,47.88,0.5000,47.72,47.96,47.68,124000,5934990,58,TWSE_CSV,2026-07-31 14:15:36 +0800
1150731,2026-07-31,上市,00654R,富邦印度反1,6.69,-0.0300,6.70,6.70,6.66,160000,1070590,13,TWSE_CSV,2026-07-31 14:15:36 +0800
1150731,2026-07-31,上市,00655L,國泰中國A50正2,34.29,0.9000,34.15,35.30,34.15,1667000,58211500,306,TWSE_CSV,2026-07-31 14:15:36 +0800
1150731,2026-07-31,上市,00656R,國泰中國A50反1,5.92,-0.0700,5.83,5.92,5.81,565000,3330730,10,TWSE_CSV,2026-07-31 14:15:36 +0800
1150731,2026-07-31,上市,00657,國泰日經225,76.20,3.5000,76.75,77.00,75.60,11000,839650,9,TWSE_CSV,2026-07-31 14:15:36 +0800
1150731,2026-07-31,上市,00657K,國泰日經225+U,23.05,0.5700,23.05,23.05,23.05,200,4610,2,TWSE_CSV,2026-07-31 14:15:36 +0800
1150731,2026-07-31,上市,00660,元大歐洲50,46.82,1.2100,46.55,46.88,46.55,15000,701880,10,TWSE_CSV,2026-07-31 14:15:36 +0800
1150731,2026-07-31,上市,00661,元大日經225,83.40,3.7500,84.30,84.80,82.75,82000,6890450,32,TWSE_CSV,2026-07-31 14:15:36 +0800
1150731,2026-07-31,上市,00662,富邦NASDAQ,118.55,4.6500,118.15,118.55,117.80,2661000,314615100,816,TWSE_CSV,2026-07-31 14:15:36 +0800
1150731,2026-07-31,上市,00663L,國泰臺灣加權正2,94.90,14.7000,91.15,95.25,91.00,19245000,1790232050,5181,TWSE_CSV,2026-07-31 14:15:36 +0800
1150731,2026-07-31,上市,00664R,國泰臺灣加權反1,1.68,-0.1700,1.73,1.74,1.68,64292000,110083840,2532,TWSE_CSV,2026-07-31 14:15:36 +0800
1150731,2026-07-31,上市,00665L,富邦恒生國企正2,9.87,-0.0300,10.01,10.16,9.69,30848000,305750690,1934,TWSE_CSV,2026-07-31 14:15:36 +0800
1150731,2026-07-31,上市,00666R,富邦恒生國企反1,8.90,-0.0100,8.91,8.99,8.84,105000,935250,29,TWSE_CSV,2026-07-31 14:15:36 +0800
1150731,2026-07-31,上市,00668,國泰美國道瓊,62.05,0.9000,61.80,62.05,61.80,36000,2230350,20,TWSE_CSV,2026-07-31 14:15:36 +0800
1150731,2026-07-31,上市,00668K,國泰美國道瓊+U,19.08,0.2300,19.08,19.08,19.08,200,3816,2,TWSE_CSV,2026-07-31 14:15:36 +0800
1150731,2026-07-31,上市,00669R,國泰美國道瓊反1,5.30,-0.1100,5.31,5.33,5.30,1839000,9764200,152,TWSE_CSV,2026-07-31 14:15:36 +0800
1150731,2026-07-31,上市,00670L,富邦NASDAQ正2,188.25,14.0000,187.45,188.25,185.95,948000,177617300,394,TWSE_CSV,2026-07-31 14:15:36 +0800
1150731,2026-07-31,上市,00671R,富邦NASDAQ反1,2.52,-0.1100,2.52,2.54,2.51,11129000,28043540,398,TWSE_CSV,2026-07-31 14:15:36 +0800
1150731,2026-07-31,上市,00673R,期元大S&P原油反1,13.07,0.4500,12.86,13.07,12.86,26464000,342972540,1523,TWSE_CSV,2026-07-31 14:15:36 +0800
1150731,2026-07-31,上市,00674R,期元大S&P黃金反1,30.19,-0.2300,30.17,30.21,30.14,31000,935470,16,TWSE_CSV,2026-07-31 14:15:36 +0800
1150731,2026-07-31,上市,00675L,富邦臺灣加權正2,286.60,44.3500,274.60,288.00,274.60,3869000,1087474300,1793,TWSE_CSV,2026-07-31 14:15:36 +0800
1150731,2026-07-31,上市,00676R,富邦臺灣加權反1,5.76,-0.6000,5.86,5.92,5.76,21698000,126652330,2099,TWSE_CSV,2026-07-31 14:15:36 +0800
1150731,2026-07-31,上市,00678,群益那斯達克生技,41.04,0.4900,40.97,41.05,40.83,127000,5204880,21,TWSE_CSV,2026-07-31 14:15:36 +0800
1150731,2026-07-31,上市,00680L,元大美債20正2,6.57,0.1000,6.53,6.57,6.52,10235000,67009710,496,TWSE_CSV,2026-07-31 14:15:36 +0800
1150731,2026-07-31,上市,00681R,元大美債20反1,21.76,-0.1500,21.80,21.80,21.72,111000,2411180,7,TWSE_CSV,2026-07-31 14:15:36 +0800
1150731,2026-07-31,上市,00682U,期元大美元指數,20.49,-0.1300,20.47,20.49,20.47,6000,122860,3,TWSE_CSV,2026-07-31 14:15:36 +0800
1150731,2026-07-31,上市,00683L,期元大美元指正2,21.69,-0.3100,21.75,21.75,21.65,158000,3425450,19,TWSE_CSV,2026-07-31 14:15:36 +0800
1150731,2026-07-31,上市,00684R,期元大美元指反1,15.01,0.0000,14.95,15.01,14.95,6000,89980,4,TWSE_CSV,2026-07-31 14:15:36 +0800
1150731,2026-07-31,上市,00685L,群益臺灣加權正2,10.83,1.6700,10.37,10.87,10.36,597705000,6337815790,66187,TWSE_CSV,2026-07-31 14:15:36 +0800
1150731,2026-07-31,上市,00686R,群益臺灣加權反1,1.03,-0.1100,1.05,1.06,1.03,27244000,28332840,996,TWSE_CSV,2026-07-31 14:15:36 +0800
1150731,2026-07-31,上市,00688L,國泰20年美債正2,6.52,0.0900,6.50,6.53,6.49,6234000,40602620,232,TWSE_CSV,2026-07-31 14:15:36 +0800
1150731,2026-07-31,上市,00689R,國泰20年美債反1,22.83,-0.1600,22.83,22.86,22.82,599000,13684560,46,TWSE_CSV,2026-07-31 14:15:36 +0800
1150731,2026-07-31,上市,00690,兆豐藍籌30,72.80,6.6000,71.20,72.80,71.20,239000,17192250,152,TWSE_CSV,2026-07-31 14:15:36 +0800
1150731,2026-07-31,上市,00692,富邦公司治理,87.95,7.3000,85.85,88.35,85.85,3038000,265481200,517,TWSE_CSV,2026-07-31 14:15:36 +0800
1150731,2026-07-31,上市,00693U,期街口S&P黃豆,21.86,0.1100,21.80,21.87,21.77,524000,11433980,80,TWSE_CSV,2026-07-31 14:15:36 +0800
1150731,2026-07-31,上市,00700,富邦恒生國企,17.99,-0.0600,18.20,18.30,17.87,955000,17213910,106,TWSE_CSV,2026-07-31 14:15:36 +0800
1150731,2026-07-31,上市,00701,國泰股利精選30,39.47,1.8100,38.17,39.47,38.17,752000,29407380,224,TWSE_CSV,2026-07-31 14:15:36 +0800
1150731,2026-07-31,上市,00702,國泰標普低波高息,25.32,-0.2100,25.40,25.40,25.29,37000,937460,24,TWSE_CSV,2026-07-31 14:15:36 +0800
1150731,2026-07-31,上市,00703,台新MSCI中國,20.17,0.1000,20.07,20.25,20.07,38000,766910,12,TWSE_CSV,2026-07-31 14:15:36 +0800
1150731,2026-07-31,上市,00706L,期元大S&P日圓正2,18.71,0.6300,18.65,18.75,18.60,6584000,123178600,702,TWSE_CSV,2026-07-31 14:15:36 +0800
1150731,2026-07-31,上市,00707R,期元大S&P日圓反1,32.59,0.0000,32.73,32.73,32.59,7000,228700,3,TWSE_CSV,2026-07-31 14:15:36 +0800
1150731,2026-07-31,上市,00708L,期元大S&P黃金正2,71.25,1.3000,71.65,71.85,70.80,2846000,202981700,857,TWSE_CSV,2026-07-31 14:15:36 +0800
1150731,2026-07-31,上市,00709,富邦歐洲,41.50,0.6800,41.37,41.50,41.26,21000,869210,14,TWSE_CSV,2026-07-31 14:15:36 +0800
1150731,2026-07-31,上市,00710B,復華彭博非投等債,19.27,0.0100,19.29,19.33,19.25,639000,12306450,50,TWSE_CSV,2026-07-31 14:15:36 +0800
1150731,2026-07-31,上市,00711B,復華彭博新興債,15.83,-0.0100,15.81,15.83,15.81,103000,1628490,5,TWSE_CSV,2026-07-31 14:15:36 +0800
1150731,2026-07-31,上市,00712,復華富時不動產,8.90,0.0000,8.93,8.93,8.89,17634000,157047810,1491,TWSE_CSV,2026-07-31 14:15:36 +0800
1150731,2026-07-31,上市,00713,元大台灣高息低波,61.20,0.9000,61.20,61.75,61.15,8945000,550017000,1968,TWSE_CSV,2026-07-31 14:15:36 +0800
1150731,2026-07-31,上市,00714,群益道瓊美國地產,22.80,-0.2500,22.63,22.80,22.63,20000,455270,12,TWSE_CSV,2026-07-31 14:15:36 +0800
1150731,2026-07-31,上市,00715L,期街口布蘭特正2,44.96,-3.3000,46.01,46.33,44.90,10850000,494300980,2325,TWSE_CSV,2026-07-31 14:15:36 +0800
1150731,2026-07-31,上市,00717,富邦美國特別股,14.85,0.0800,14.87,14.87,14.83,184000,2732160,52,TWSE_CSV,2026-07-31 14:15:36 +0800
1150731,2026-07-31,上市,00728,第一金工業30,61.75,5.0500,59.75,61.75,59.75,310000,18732450,68,TWSE_CSV,2026-07-31 14:15:36 +0800
1150731,2026-07-31,上市,00730,富邦臺灣優質高息,28.17,1.6300,28.99,28.99,27.88,305000,8551090,53,TWSE_CSV,2026-07-31 14:15:36 +0800
1150731,2026-07-31,上市,00731,復華富時高息低波,91.05,3.6000,89.90,91.15,89.90,980000,88556600,77,TWSE_CSV,2026-07-31 14:15:36 +0800
1150731,2026-07-31,上市,00733,富邦臺灣中小,57.70,4.0000,57.15,58.70,57.15,2121000,122923850,365,TWSE_CSV,2026-07-31 14:15:36 +0800
1150731,2026-07-31,上市,00735,國泰臺韓科技,97.90,14.2000,95.75,98.00,94.25,8942000,858449350,3156,TWSE_CSV,2026-07-31 14:15:36 +0800
1150731,2026-07-31,上市,00736,國泰新興市場,31.41,0.8900,31.45,31.45,31.27,120000,3761060,14,TWSE_CSV,2026-07-31 14:15:36 +0800
1150731,2026-07-31,上市,00737,國泰AI機器人,38.67,0.8700,38.40,38.67,38.40,117000,4506940,64,TWSE_CSV,2026-07-31 14:15:36 +0800
1150731,2026-07-31,上市,00738U,期元大道瓊白銀,47.17,1.1400,47.35,47.50,46.89,2236000,105514570,780,TWSE_CSV,2026-07-31 14:15:36 +0800
1150731,2026-07-31,上市,00739,元大MSCI A股,28.08,0.4700,28.00,28.29,28.00,47000,1324320,7,TWSE_CSV,2026-07-31 14:15:36 +0800
1150731,2026-07-31,上市,00752,中信中國50,24.09,0.1500,24.15,24.25,23.78,2909000,69957080,1113,TWSE_CSV,2026-07-31 14:15:36 +0800
1150731,2026-07-31,上市,00753L,中信中國50正2,9.83,0.1400,9.95,10.01,9.67,16736000,165133430,1834,TWSE_CSV,2026-07-31 14:15:36 +0800
1150731,2026-07-31,上市,00757,統一FANG+,131.55,5.2000,130.55,131.60,130.55,3134000,410671950,495,TWSE_CSV,2026-07-31 14:15:36 +0800
1150731,2026-07-31,上市,00762,元大全球AI,107.80,9.0000,103.50,107.80,103.50,311000,33280000,95,TWSE_CSV,2026-07-31 14:15:36 +0800
1150731,2026-07-31,上市,00763U,期街口道瓊銅,34.72,0.8500,34.70,34.77,34.54,1015000,35149510,278,TWSE_CSV,2026-07-31 14:15:36 +0800
1150731,2026-07-31,上市,00770,國泰北美科技,66.50,3.0500,65.65,66.50,65.65,342000,22688700,80,TWSE_CSV,2026-07-31 14:15:36 +0800
1150731,2026-07-31,上市,00771,元大US高息特別股,15.82,0.1100,15.72,15.82,15.72,19000,299090,9,TWSE_CSV,2026-07-31 14:15:36 +0800
1150731,2026-07-31,上市,00775B,台新投等債15+,32.05,0.3000,32.00,32.05,32.00,240000,7688000,7,TWSE_CSV,2026-07-31 14:15:36 +0800
1150731,2026-07-31,上市,00783,富邦中証500,27.86,1.0300,27.38,28.00,27.38,134000,3712200,13,TWSE_CSV,2026-07-31 14:15:36 +0800
1150731,2026-07-31,上市,00830,國泰費城半導體,84.00,8.1500,83.20,84.05,82.60,12227000,1020038300,3942,TWSE_CSV,2026-07-31 14:15:36 +0800
1150731,2026-07-31,上市,00850,元大臺灣ESG永續,85.90,7.0500,83.45,86.20,83.45,2361000,201051250,326,TWSE_CSV,2026-07-31 14:15:36 +0800
1150731,2026-07-31,上市,00851,台新全球AI,67.70,3.5500,67.00,67.70,67.00,8000,536700,5,TWSE_CSV,2026-07-31 14:15:36 +0800
1150731,2026-07-31,上市,00852L,國泰美國道瓊正2,35.06,1.0900,34.52,35.07,34.52,189000,6551580,37,TWSE_CSV,2026-07-31 14:15:36 +0800
1150731,2026-07-31,上市,00861,元大全球未來通訊,85.30,6.2500,84.10,85.30,84.10,99000,8372950,29,TWSE_CSV,2026-07-31 14:15:36 +0800
1150731,2026-07-31,上市,00865B,國泰US短期公債,49.59,0.0500,49.49,49.60,49.41,2010000,99525600,379,TWSE_CSV,2026-07-31 14:15:36 +0800
1150731,2026-07-31,上市,00875,國泰網路資安,51.80,0.8000,51.50,51.80,51.45,50000,2581750,26,TWSE_CSV,2026-07-31 14:15:36 +0800
1150731,2026-07-31,上市,00876,元大全球5G,84.95,8.1500,85.00,85.00,83.15,436000,36805700,85,TWSE_CSV,2026-07-31 14:15:36 +0800
1150731,2026-07-31,上市,00878,國泰永續高股息,32.43,1.6800,32.09,32.47,32.00,51792000,1667230840,11512,TWSE_CSV,2026-07-31 14:15:36 +0800
1150731,2026-07-31,上市,00881,國泰台灣科技龍頭,50.60,4.5600,49.71,50.60,49.67,24627000,1237155880,4023,TWSE_CSV,2026-07-31 14:15:36 +0800
1150731,2026-07-31,上市,00882,中信中國高股息,15.38,-0.1600,15.58,15.62,15.38,8632000,133427910,1289,TWSE_CSV,2026-07-31 14:15:36 +0800
1150731,2026-07-31,上市,00885,富邦越南,18.15,0.1400,18.23,18.34,18.14,2425000,44255730,598,TWSE_CSV,2026-07-31 14:15:36 +0800
1150731,2026-07-31,上市,00891,中信關鍵半導體,33.20,3.0100,32.70,33.20,32.59,17810000,586450270,4701,TWSE_CSV,2026-07-31 14:15:36 +0800
1150731,2026-07-31,上市,00892,富邦台灣半導體,38.09,3.3900,38.00,38.15,37.50,7138000,269968700,891,TWSE_CSV,2026-07-31 14:15:36 +0800
1150731,2026-07-31,上市,00893,國泰智能電動車,43.07,3.0400,42.52,43.19,42.52,605000,26009840,213,TWSE_CSV,2026-07-31 14:15:36 +0800
1150731,2026-07-31,上市,00894,中信小資高價30,43.75,3.9700,43.08,43.75,43.08,1616000,70450160,403,TWSE_CSV,2026-07-31 14:15:36 +0800
1150731,2026-07-31,上市,00895,富邦未來車,49.07,3.4300,48.00,49.09,48.00,1983000,96736240,97,TWSE_CSV,2026-07-31 14:15:36 +0800
1150731,2026-07-31,上市,00896,中信綠能及電動車,25.51,1.9100,24.88,25.59,24.88,3886000,98658780,730,TWSE_CSV,2026-07-31 14:15:36 +0800
1150731,2026-07-31,上市,00897,富邦基因免疫生技,11.20,0.2100,11.12,11.20,11.12,379000,4226940,90,TWSE_CSV,2026-07-31 14:15:36 +0800
1150731,2026-07-31,上市,00898,國泰基因免疫革命,9.53,0.2100,9.47,9.55,9.47,665000,6329160,151,TWSE_CSV,2026-07-31 14:15:36 +0800
1150731,2026-07-31,上市,00899,FT潔淨能源,23.85,1.1400,23.99,23.99,23.80,21000,501290,15,TWSE_CSV,2026-07-31 14:15:36 +0800
1150731,2026-07-31,上市,00900,富邦特選高股息30,18.24,0.6900,18.14,18.33,18.11,7124000,129648680,1238,TWSE_CSV,2026-07-31 14:15:36 +0800
1150731,2026-07-31,上市,00901,永豐智能車供應鏈,42.48,3.8600,41.20,42.48,41.20,915000,38406850,66,TWSE_CSV,2026-07-31 14:15:36 +0800
1150731,2026-07-31,上市,00902,中信電池及儲能,12.73,0.4400,12.60,12.79,12.60,864000,10978680,231,TWSE_CSV,2026-07-31 14:15:36 +0800
1150731,2026-07-31,上市,00903,富邦元宇宙,20.35,0.9900,20.17,20.35,20.17,1562000,31660170,41,TWSE_CSV,2026-07-31 14:15:36 +0800
1150731,2026-07-31,上市,00904,台新臺灣半導體30,37.57,3.4100,36.89,37.57,36.89,4365000,163794780,423,TWSE_CSV,2026-07-31 14:15:36 +0800
1150731,2026-07-31,上市,00905,FT臺灣Smart,24.49,2.1000,24.06,24.51,24.00,2563000,62097780,508,TWSE_CSV,2026-07-31 14:15:36 +0800
1150731,2026-07-31,上市,00907,永豐優息存股,16.98,0.4200,16.80,17.05,16.79,2721000,46191370,440,TWSE_CSV,2026-07-31 14:15:36 +0800
1150731,2026-07-31,上市,00908,富邦入息REITs+,15.84,0.0100,15.90,15.90,15.80,143000,2264200,18,TWSE_CSV,2026-07-31 14:15:36 +0800
1150731,2026-07-31,上市,00909,國泰數位支付服務,45.56,3.9700,45.46,45.81,44.99,1616000,73359620,418,TWSE_CSV,2026-07-31 14:15:36 +0800
1150731,2026-07-31,上市,00910,第一金太空衛星,55.45,3.9000,54.50,55.45,54.25,902000,49267550,335,TWSE_CSV,2026-07-31 14:15:36 +0800
1150731,2026-07-31,上市,00911,兆豐洲際半導體,53.65,5.3200,53.20,53.70,52.40,1544000,82030950,236,TWSE_CSV,2026-07-31 14:15:36 +0800
1150731,2026-07-31,上市,00912,中信臺灣智慧50,32.08,2.8500,31.04,32.10,31.01,1239000,39406330,164,TWSE_CSV,2026-07-31 14:15:36 +0800
1150731,2026-07-31,上市,00913,兆豐台灣晶圓製造,44.31,4.0200,44.02,44.31,43.92,3859000,170737670,367,TWSE_CSV,2026-07-31 14:15:36 +0800
1150731,2026-07-31,上市,00915,凱基優選高股息30,31.65,1.5800,31.00,31.71,31.00,3895000,122760090,611,TWSE_CSV,2026-07-31 14:15:36 +0800
1150731,2026-07-31,上市,00916,國泰全球品牌50,26.50,0.4000,26.40,26.50,26.22,1099000,29051240,262,TWSE_CSV,2026-07-31 14:15:36 +0800
1150731,2026-07-31,上市,00917,中信特選金融,24.09,0.2600,24.00,24.12,23.97,255000,6135390,100,TWSE_CSV,2026-07-31 14:15:36 +0800
1150731,2026-07-31,上市,00918,大華優利高填息30,32.73,1.4900,32.00,32.88,32.00,37940000,1234961970,6864,TWSE_CSV,2026-07-31 14:15:36 +0800
1150731,2026-07-31,上市,00919,群益台灣精選高息,29.57,1.3200,29.31,29.63,29.20,82708000,2430499260,17456,TWSE_CSV,2026-07-31 14:15:36 +0800
1150731,2026-07-31,上市,00920,富邦ESG綠色電力,23.89,1.6300,24.00,24.00,23.74,140000,3340290,17,TWSE_CSV,2026-07-31 14:15:36 +0800
1150731,2026-07-31,上市,00921,兆豐龍頭等權重,22.69,0.9500,22.62,22.76,22.55,164000,3723630,28,TWSE_CSV,2026-07-31 14:15:36 +0800
1150731,2026-07-31,上市,00922,國泰台灣領袖50,39.03,3.3900,37.83,39.05,37.83,12411000,478526100,3200,TWSE_CSV,2026-07-31 14:15:36 +0800
1150731,2026-07-31,上市,00923,群益台ESG低碳50,40.44,3.6500,39.53,40.46,39.42,8837000,353337080,1159,TWSE_CSV,2026-07-31 14:15:36 +0800
1150731,2026-07-31,上市,00924,復華S&P500成長,32.48,1.0000,32.32,32.51,32.31,2149000,69698710,441,TWSE_CSV,2026-07-31 14:15:36 +0800
1150731,2026-07-31,上市,00926,凱基全球菁英55,25.90,0.6600,25.69,25.90,25.69,685000,17674770,94,TWSE_CSV,2026-07-31 14:15:36 +0800
1150731,2026-07-31,上市,00927,群益半導體收益,34.49,3.0600,34.07,34.57,33.91,33597000,1149018080,5420,TWSE_CSV,2026-07-31 14:15:36 +0800
1150731,2026-07-31,上市,00929,復華台灣科技優息,27.47,1.4700,27.42,27.59,27.11,34108000,931514280,6397,TWSE_CSV,2026-07-31 14:15:36 +0800
1150731,2026-07-31,上市,00930,永豐ESG低碳高息,23.55,0.8600,23.45,23.62,23.45,871000,20527440,135,TWSE_CSV,2026-07-31 14:15:36 +0800
1150731,2026-07-31,上市,00932,兆豐永續高息等權,16.98,0.5700,16.93,17.05,16.93,673000,11434330,56,TWSE_CSV,2026-07-31 14:15:36 +0800
1150731,2026-07-31,上市,00934,中信成長高股息,27.01,1.6600,26.45,27.09,26.45,3067000,82544130,543,TWSE_CSV,2026-07-31 14:15:36 +0800
1150731,2026-07-31,上市,00935,野村臺灣新科技50,52.65,4.7500,51.65,52.65,51.65,29183000,1531424100,4053,TWSE_CSV,2026-07-31 14:15:36 +0800
1150731,2026-07-31,上市,00936,台新永續高息中小,20.56,1.1100,20.03,20.56,20.03,2216000,45314210,282,TWSE_CSV,2026-07-31 14:15:36 +0800
1150731,2026-07-31,上市,00938,凱基優選30,25.30,1.6000,24.46,25.30,24.46,1739000,43293760,115,TWSE_CSV,2026-07-31 14:15:36 +0800
1150731,2026-07-31,上市,00939,統一台灣高息動能,22.27,0.0000,21.89,22.30,21.89,7841000,172998130,1487,TWSE_CSV,2026-07-31 14:15:36 +0800
1150731,2026-07-31,上市,00940,元大台灣價值高息,12.09,0.5700,12.01,12.10,11.96,23375000,281339740,2940,TWSE_CSV,2026-07-31 14:15:36 +0800
1150731,2026-07-31,上市,00941,中信上游半導體,25.84,1.8200,25.80,25.85,25.61,4180000,107586430,420,TWSE_CSV,2026-07-31 14:15:36 +0800
1150731,2026-07-31,上市,00943,兆豐電子高息等權,20.74,0.9000,20.69,20.81,20.63,1666000,34567110,53,TWSE_CSV,2026-07-31 14:15:36 +0800
1150731,2026-07-31,上市,00944,野村趨勢動能高息,19.99,0.9300,19.80,19.99,19.80,497000,9914410,42,TWSE_CSV,2026-07-31 14:15:36 +0800
1150731,2026-07-31,上市,00945B,凱基美國非投等債,14.68,0.0300,14.65,14.69,14.65,4308000,63219150,250,TWSE_CSV,2026-07-31 14:15:36 +0800
1150731,2026-07-31,上市,00946,群益科技高息成長,14.45,0.7000,14.51,14.58,14.23,2028000,29107970,372,TWSE_CSV,2026-07-31 14:15:36 +0800
1150731,2026-07-31,上市,00947,台新臺灣IC設計,30.91,2.7800,30.94,30.94,30.59,17500000,540153350,2456,TWSE_CSV,2026-07-31 14:15:36 +0800
1150731,2026-07-31,上市,00949,復華日本龍頭,21.35,0.5300,21.12,21.48,21.12,996000,21244410,202,TWSE_CSV,2026-07-31 14:15:36 +0800
1150731,2026-07-31,上市,00951,台新日本半導體,16.93,1.8700,16.81,17.12,16.60,3657000,61813010,868,TWSE_CSV,2026-07-31 14:15:36 +0800
1150731,2026-07-31,上市,00952,凱基台灣AI50,17.17,1.3900,16.42,17.17,16.42,5774000,97699060,424,TWSE_CSV,2026-07-31 14:15:36 +0800
1150731,2026-07-31,上市,00953B,群益優選非投等債,9.83,0.0300,9.81,9.85,9.81,34398000,338133590,4221,TWSE_CSV,2026-07-31 14:15:36 +0800
1150731,2026-07-31,上市,00954,中信日本半導體,18.03,2.0300,17.80,18.19,17.70,2476000,44554400,721,TWSE_CSV,2026-07-31 14:15:36 +0800
1150731,2026-07-31,上市,00956,中信日經高股息,13.05,0.0500,13.15,13.22,13.03,659000,8621770,80,TWSE_CSV,2026-07-31 14:15:36 +0800
1150731,2026-07-31,上市,00960,野村全球航運龍頭,18.78,0.1800,18.74,18.82,18.74,722000,13573460,120,TWSE_CSV,2026-07-31 14:15:36 +0800
1150731,2026-07-31,上市,00961,FT臺灣永續高息,12.95,0.4000,12.89,12.97,12.85,17017000,219686300,2184,TWSE_CSV,2026-07-31 14:15:36 +0800
1150731,2026-07-31,上市,00962,台新AI優息動能,14.20,0.8400,14.14,14.25,14.01,688000,9708040,82,TWSE_CSV,2026-07-31 14:15:36 +0800
1150731,2026-07-31,上市,00963,中信全球高股息,13.47,0.0600,13.44,13.48,13.37,1695000,22780650,202,TWSE_CSV,2026-07-31 14:15:36 +0800
1150731,2026-07-31,上市,00964,中信亞太高股息,13.81,0.3300,13.78,13.91,13.77,1976000,27327610,151,TWSE_CSV,2026-07-31 14:15:36 +0800
1150731,2026-07-31,上市,00965,元大航太防衛科技,25.05,0.8600,24.75,25.05,24.75,1351000,33719680,345,TWSE_CSV,2026-07-31 14:15:36 +0800
1150731,2026-07-31,上市,00971,野村美國研發龍頭,17.09,0.4300,16.76,17.10,16.76,159000,2708260,51,TWSE_CSV,2026-07-31 14:15:36 +0800
1150731,2026-07-31,上市,00972,野村日本動能高息,21.36,0.2400,21.32,21.62,21.32,352000,7536300,68,TWSE_CSV,2026-07-31 14:15:36 +0800
1150731,2026-07-31,上市,009800,中信NASDAQ,12.82,0.5100,12.73,12.82,12.73,906000,11577030,232,TWSE_CSV,2026-07-31 14:15:36 +0800
1150731,2026-07-31,上市,009801,中信美國創新科技,12.16,0.5700,12.07,12.16,12.02,3297000,39866140,95,TWSE_CSV,2026-07-31 14:15:36 +0800
1150731,2026-07-31,上市,009802,富邦旗艦50,17.89,1.5100,17.46,17.95,17.46,5839000,103566140,844,TWSE_CSV,2026-07-31 14:15:36 +0800
1150731,2026-07-31,上市,009803,玉山市值動能50,20.48,1.8000,19.92,20.50,19.92,3704000,75041570,571,TWSE_CSV,2026-07-31 14:15:36 +0800
1150731,2026-07-31,上市,009804,聯邦台精彩50,21.12,1.8700,20.60,21.14,20.37,1703000,35530080,371,TWSE_CSV,2026-07-31 14:15:36 +0800
1150731,2026-07-31,上市,009805,台新美國電力基建,15.73,0.7100,15.69,15.74,15.68,3229000,50707280,666,TWSE_CSV,2026-07-31 14:15:36 +0800
1150731,2026-07-31,上市,009808,華南永昌優選50,30.15,2.4500,29.30,30.16,29.30,668000,19947340,68,TWSE_CSV,2026-07-31 14:15:36 +0800
1150731,2026-07-31,上市,009809,富邦淨零ESG50,17.29,1.2900,17.00,17.31,16.98,949000,16323300,49,TWSE_CSV,2026-07-31 14:15:36 +0800
1150731,2026-07-31,上市,00980A,主動野村臺灣優選,21.46,1.9000,21.51,21.51,21.01,52333000,1120852490,2775,TWSE_CSV,2026-07-31 14:15:36 +0800
1150731,2026-07-31,上市,009810,玉山全球藍籌100,21.12,0.4200,21.08,21.13,21.08,329000,6940770,48,TWSE_CSV,2026-07-31 14:15:36 +0800
1150731,2026-07-31,上市,009811,統一美國50,13.06,0.2900,13.05,13.09,13.02,1791000,23365460,859,TWSE_CSV,2026-07-31 14:15:36 +0800
1150731,2026-07-31,上市,009812,野村日本東證,12.67,0.3900,12.58,12.80,12.58,467000,5950670,102,TWSE_CSV,2026-07-31 14:15:36 +0800
1150731,2026-07-31,上市,009813,貝萊德標普卓越50,11.08,0.2500,11.00,11.09,11.00,1480000,16378080,240,TWSE_CSV,2026-07-31 14:15:36 +0800
1150731,2026-07-31,上市,009816,凱基台灣TOP50,14.65,1.2400,14.31,14.73,14.31,281703000,4091979370,29489,TWSE_CSV,2026-07-31 14:15:36 +0800
1150731,2026-07-31,上市,009817,國泰日本不動產,9.42,0.0500,9.37,9.51,9.36,2859000,27090190,221,TWSE_CSV,2026-07-31 14:15:36 +0800
1150731,2026-07-31,上市,009818,華南永昌NASDAQxT,19.60,0.7700,19.40,19.60,19.40,213000,4157640,39,TWSE_CSV,2026-07-31 14:15:36 +0800
1150731,2026-07-31,上市,009819,中信數據及電力,10.02,0.4500,9.96,10.03,9.96,6534000,65334600,983,TWSE_CSV,2026-07-31 14:15:36 +0800
1150731,2026-07-31,上市,00981A,主動統一台股增長,26.13,2.3700,26.06,26.13,25.86,871625000,22727719390,53465,TWSE_CSV,2026-07-31 14:15:36 +0800
1150731,2026-07-31,上市,00981T,平衡凱基雙核收息,11.91,0.3300,11.80,11.93,11.80,3571000,42344710,246,TWSE_CSV,2026-07-31 14:15:36 +0800
1150731,2026-07-31,上市,009820,元大納斯達克精選,9.47,0.5100,9.38,9.51,9.38,9023000,85351260,641,TWSE_CSV,2026-07-31 14:15:36 +0800
1150731,2026-07-31,上市,009821,野村稀土關鍵資源,13.02,0.6500,12.83,13.02,12.83,5627000,72813680,1181,TWSE_CSV,2026-07-31 14:15:36 +0800
1150731,2026-07-31,上市,009824,群益美國科技巨頭,9.91,0.3900,9.86,9.94,9.84,4448000,43975270,1074,TWSE_CSV,2026-07-31 14:15:36 +0800
1150731,2026-07-31,上市,00982A,主動群益台灣強棒,20.39,1.8500,20.14,20.39,20.11,62885000,1277949350,6150,TWSE_CSV,2026-07-31 14:15:36 +0800
1150731,2026-07-31,上市,00982D,主動富邦動態入息,9.88,0.0700,9.84,9.88,9.84,286000,2819670,28,TWSE_CSV,2026-07-31 14:15:36 +0800
1150731,2026-07-31,上市,00982T,平衡兆豐台美動能,14.60,0.7900,14.14,14.61,14.14,99000,1414840,26,TWSE_CSV,2026-07-31 14:15:36 +0800
1150731,2026-07-31,上市,00983A,主動中信ARK創新,11.37,0.4500,11.25,11.37,11.25,797000,9024870,92,TWSE_CSV,2026-07-31 14:15:36 +0800
1150731,2026-07-31,上市,00983D,主動富邦複合收益,10.12,0.0200,10.10,10.15,10.10,247000,2500380,42,TWSE_CSV,2026-07-31 14:15:36 +0800
1150731,2026-07-31,上市,00984A,主動安聯台灣高息,14.09,0.8200,14.00,14.20,14.00,8525000,120076300,1369,TWSE_CSV,2026-07-31 14:15:36 +0800
1150731,2026-07-31,上市,00984D,主動聯博全球非投,10.17,0.0000,10.12,10.18,10.12,19967000,202736940,1103,TWSE_CSV,2026-07-31 14:15:36 +0800
1150731,2026-07-31,上市,00985A,主動野村台灣50,19.89,1.5600,19.55,19.98,19.55,6268000,124140190,729,TWSE_CSV,2026-07-31 14:15:36 +0800
1150731,2026-07-31,上市,00985B,群益ESG投等債0-5,10.43,0.0200,10.39,10.43,10.39,4342000,45235760,243,TWSE_CSV,2026-07-31 14:15:36 +0800
1150731,2026-07-31,上市,00986A,主動台新龍頭成長,14.21,0.8300,14.07,14.39,14.07,463000,6562450,58,TWSE_CSV,2026-07-31 14:15:36 +0800
1150731,2026-07-31,上市,00987A,主動台新優勢成長,13.48,1.2200,13.21,13.48,13.16,10967000,147385260,570,TWSE_CSV,2026-07-31 14:15:36 +0800
1150731,2026-07-31,上市,00988A,主動統一全球創新,16.26,2.1000,16.00,16.30,15.96,95869000,1544771220,14393,TWSE_CSV,2026-07-31 14:15:36 +0800
1150731,2026-07-31,上市,00989A,主動摩根美國科技,16.42,0.8500,16.16,16.44,16.16,490000,8023680,83,TWSE_CSV,2026-07-31 14:15:36 +0800
1150731,2026-07-31,上市,00990A,主動元大AI新經濟,15.56,1.9100,15.10,15.56,15.10,37906000,582154790,5728,TWSE_CSV,2026-07-31 14:15:36 +0800
1150731,2026-07-31,上市,00991A,主動復華未來50,15.41,1.4000,15.40,15.41,15.20,789009000,12146217560,34229,TWSE_CSV,2026-07-31 14:15:36 +0800
1150731,2026-07-31,上市,00992A,主動群益科技創新,14.82,1.3400,14.70,14.82,14.63,138244000,2047005220,6236,TWSE_CSV,2026-07-31 14:15:36 +0800
1150731,2026-07-31,上市,00993A,主動安聯台灣,11.77,1.0700,11.52,11.77,11.52,15799000,185362130,1227,TWSE_CSV,2026-07-31 14:15:36 +0800
1150731,2026-07-31,上市,00994A,主動第一金台股優,14.90,1.3500,14.74,14.90,14.68,12344000,183525000,754,TWSE_CSV,2026-07-31 14:15:36 +0800
1150731,2026-07-31,上市,00995A,主動中信台灣卓越,15.12,1.3500,14.94,15.14,14.86,24990000,377488320,920,TWSE_CSV,2026-07-31 14:15:36 +0800
1150731,2026-07-31,上市,00996A,主動兆豐台灣豐收,12.06,1.0900,11.88,12.06,11.85,20345000,245076720,992,TWSE_CSV,2026-07-31 14:15:36 +0800
1150731,2026-07-31,上市,00997A,主動群益美國增長,11.20,0.9600,10.99,11.20,10.99,9925000,110318680,1998,TWSE_CSV,2026-07-31 14:15:36 +0800
1150731,2026-07-31,上市,00999A,主動野村臺灣高息,10.16,0.7600,9.96,10.16,9.96,17552000,176894290,1509,TWSE_CSV,2026-07-31 14:15:36 +0800
1150731,2026-07-31,上市,1101,台泥,24.30,0.2500,24.35,24.80,24.25,24497000,599546650,5934,TWSE_CSV,2026-07-31 14:15:36 +0800
1150731,2026-07-31,上市,1102,亞泥,33.00,-0.2000,33.30,33.60,32.70,32790000,1082103700,5480,TWSE_CSV,2026-07-31 14:15:36 +0800
1150731,2026-07-31,上市,1103,嘉泥,13.10,-0.0500,13.20,13.45,13.10,837000,11032100,267,TWSE_CSV,2026-07-31 14:15:36 +0800
1150731,2026-07-31,上市,1104,環泥,26.80,-0.4000,27.20,27.55,26.80,897000,24431250,530,TWSE_CSV,2026-07-31 14:15:36 +0800
1150731,2026-07-31,上市,1108,幸福,11.95,0.1000,12.05,12.10,11.90,355000,4257800,173,TWSE_CSV,2026-07-31 14:15:36 +0800
1150731,2026-07-31,上市,1109,信大,13.80,0.0000,13.80,13.85,13.65,181000,2485000,89,TWSE_CSV,2026-07-31 14:15:36 +0800
1150731,2026-07-31,上市,1110,東泥,16.15,0.0500,16.00,16.25,15.80,1053000,16836650,203,TWSE_CSV,2026-07-31 14:15:36 +0800
1150731,2026-07-31,上市,1201,味全,12.20,-0.2000,12.40,12.45,12.20,397000,4871250,217,TWSE_CSV,2026-07-31 14:15:36 +0800
1150731,2026-07-31,上市,1203,味王,48.95,0.0000,48.35,49.85,48.35,14000,688250,14,TWSE_CSV,2026-07-31 14:15:36 +0800
1150731,2026-07-31,上市,1210,大成,56.00,-1.4000,57.80,57.90,55.80,5008000,282873000,2711,TWSE_CSV,2026-07-31 14:15:36 +0800
1150731,2026-07-31,上市,1213,大飲,7.23,0.1200,7.25,7.25,7.23,3000,21730,3,TWSE_CSV,2026-07-31 14:15:36 +0800
1150731,2026-07-31,上市,1215,卜蜂,104.00,-3.0000,108.00,108.00,104.00,1394000,146421500,1019,TWSE_CSV,2026-07-31 14:15:36 +0800
1150731,2026-07-31,上市,1216,統一,73.80,-1.8000,76.60,76.60,73.60,33561000,2493892600,11558,TWSE_CSV,2026-07-31 14:15:36 +0800
1150731,2026-07-31,上市,1217,愛之味,9.95,0.0100,9.94,10.05,9.91,954000,9496700,302,TWSE_CSV,2026-07-31 14:15:36 +0800
1150731,2026-07-31,上市,1218,泰山,15.95,-0.3000,16.25,16.25,15.85,2168000,34701650,756,TWSE_CSV,2026-07-31 14:15:36 +0800
1150731,2026-07-31,上市,1219,福壽,11.40,-0.2500,11.70,11.95,11.35,1321000,15182050,483,TWSE_CSV,2026-07-31 14:15:36 +0800
1150731,2026-07-31,上市,1220,台榮,11.20,0.0000,11.20,11.25,11.15,47000,526450,37,TWSE_CSV,2026-07-31 14:15:36 +0800
1150731,2026-07-31,上市,1225,福懋油,25.80,-0.4500,26.50,26.55,25.65,380000,9874950,245,TWSE_CSV,2026-07-31 14:15:36 +0800
1150731,2026-07-31,上市,1227,佳格,29.25,-0.7000,29.95,30.20,29.25,2558000,75782600,1103,TWSE_CSV,2026-07-31 14:15:36 +0800
1150731,2026-07-31,上市,1229,聯華,40.35,-0.1000,41.35,41.40,40.35,2013000,81949400,1146,TWSE_CSV,2026-07-31 14:15:36 +0800
1150731,2026-07-31,上市,1231,聯華食,81.50,-0.5000,85.00,85.00,81.50,672000,55477200,504,TWSE_CSV,2026-07-31 14:15:36 +0800
1150731,2026-07-31,上市,1232,大統益,154.50,-1.5000,157.00,159.00,154.50,326000,50926500,223,TWSE_CSV,2026-07-31 14:15:36 +0800
1150731,2026-07-31,上市,1233,天仁,28.90,-0.0500,28.60,29.00,28.55,16000,461850,14,TWSE_CSV,2026-07-31 14:15:36 +0800
1150731,2026-07-31,上市,1234,黑松,33.75,-0.4000,34.20,34.30,33.40,246000,8291100,165,TWSE_CSV,2026-07-31 14:15:36 +0800
1150731,2026-07-31,上市,1235,興泰,37.00,0.0000,37.30,37.30,36.85,12000,444400,12,TWSE_CSV,2026-07-31 14:15:36 +0800
1150731,2026-07-31,上市,1236,宏亞,24.55,0.7000,23.90,24.65,23.90,155000,3758100,107,TWSE_CSV,2026-07-31 14:15:36 +0800
1150731,2026-07-31,上市,1256,鮮活果汁-KY,183.00,9.5000,187.00,187.00,176.50,55000,9931500,55,TWSE_CSV,2026-07-31 14:15:36 +0800
1150731,2026-07-31,上市,1301,台塑,55.00,1.0000,57.00,57.80,54.40,48822000,2707394600,17647,TWSE_CSV,2026-07-31 14:15:36 +0800
1150731,2026-07-31,上市,1303,南亞,159.50,14.5000,159.50,159.50,159.50,8069000,1287005500,3104,TWSE_CSV,2026-07-31 14:15:36 +0800
1150731,2026-07-31,上市,1304,台聚,11.25,0.2000,11.35,11.50,11.15,4628000,52280700,1419,TWSE_CSV,2026-07-31 14:15:36 +0800
1150731,2026-07-31,上市,1305,華夏,11.10,0.3000,11.10,11.20,11.00,1478000,16398400,611,TWSE_CSV,2026-07-31 14:15:36 +0800
1150731,2026-07-31,上市,1307,三芳,31.75,1.1000,30.90,31.80,30.90,585000,18465900,378,TWSE_CSV,2026-07-31 14:15:36 +0800
1150731,2026-07-31,上市,1308,亞聚,12.55,0.1000,12.80,12.95,12.45,1804000,22811750,696,TWSE_CSV,2026-07-31 14:15:36 +0800
1150731,2026-07-31,上市,1309,台達化,12.50,0.3500,12.65,12.80,12.35,2286000,28582650,902,TWSE_CSV,2026-07-31 14:15:36 +0800
1150731,2026-07-31,上市,1310,台苯,7.33,0.2700,7.07,7.34,7.07,8678000,62576380,2491,TWSE_CSV,2026-07-31 14:15:36 +0800
1150731,2026-07-31,上市,1312,國喬,11.30,0.4000,11.35,11.45,11.25,4302000,48741900,1382,TWSE_CSV,2026-07-31 14:15:36 +0800
1150731,2026-07-31,上市,1313,聯成,10.35,0.1000,10.70,10.70,10.30,4020000,42079000,1134,TWSE_CSV,2026-07-31 14:15:36 +0800
1150731,2026-07-31,上市,1314,中石化,7.57,0.2000,7.60,7.66,7.51,32299000,245415190,5234,TWSE_CSV,2026-07-31 14:15:36 +0800
1150731,2026-07-31,上市,1315,達新,64.20,0.8000,64.00,64.90,63.70,91000,5839800,71,TWSE_CSV,2026-07-31 14:15:36 +0800
1150731,2026-07-31,上市,1316,上曜,9.95,0.2700,9.80,10.10,9.80,1267000,12646110,580,TWSE_CSV,2026-07-31 14:15:36 +0800
1150731,2026-07-31,上市,1319,東陽,71.20,-0.2000,72.10,73.40,71.20,3352000,241303900,1918,TWSE_CSV,2026-07-31 14:15:36 +0800
1150731,2026-07-31,上市,1321,大洋,32.60,0.4500,32.30,32.65,32.30,156000,5066200,112,TWSE_CSV,2026-07-31 14:15:36 +0800
1150731,2026-07-31,上市,1323,永裕,19.90,0.2500,19.85,19.90,19.65,26000,515850,17,TWSE_CSV,2026-07-31 14:15:36 +0800
1150731,2026-07-31,上市,1324,地球,9.99,0.0500,10.05,10.05,9.99,30000,300180,26,TWSE_CSV,2026-07-31 14:15:36 +0800
1150731,2026-07-31,上市,1325,恆大,26.10,0.4000,26.10,26.25,25.85,287000,7469950,174,TWSE_CSV,2026-07-31 14:15:36 +0800
1150731,2026-07-31,上市,1326,台化,57.40,1.0000,60.00,61.30,56.70,46919000,2727583100,19458,TWSE_CSV,2026-07-31 14:15:36 +0800
1150731,2026-07-31,上市,1337,再生-KY,4.66,0.1100,4.85,4.85,4.57,457000,2136470,201,TWSE_CSV,2026-07-31 14:15:36 +0800
1150731,2026-07-31,上市,1338,廣華-KY,15.50,0.3500,15.40,15.50,15.25,114000,1755500,54,TWSE_CSV,2026-07-31 14:15:36 +0800
1150731,2026-07-31,上市,1339,昭輝,44.15,0.5500,43.80,44.20,43.50,63000,2760850,47,TWSE_CSV,2026-07-31 14:15:36 +0800
1150731,2026-07-31,上市,1340,勝悅-KY,5.09,0.0700,5.16,5.16,5.09,86000,439100,55,TWSE_CSV,2026-07-31 14:15:36 +0800
1150731,2026-07-31,上市,1341,富林-KY,59.00,1.0000,58.00,59.00,58.00,4000,233000,4,TWSE_CSV,2026-07-31 14:15:36 +0800
1150731,2026-07-31,上市,1342,八貫,96.90,-5.6000,103.50,104.00,96.90,2288000,225021300,1605,TWSE_CSV,2026-07-31 14:15:36 +0800
1150731,2026-07-31,上市,1402,遠東新,27.15,0.0000,27.40,27.65,27.00,23011000,626888900,4921,TWSE_CSV,2026-07-31 14:15:36 +0800
1150731,2026-07-31,上市,1409,新纖,20.75,0.5500,21.00,21.20,20.50,14202000,297046250,4485,TWSE_CSV,2026-07-31 14:15:36 +0800
1150731,2026-07-31,上市,1410,南染,26.40,1.1000,25.50,26.50,25.05,55000,1418900,38,TWSE_CSV,2026-07-31 14:15:36 +0800
1150731,2026-07-31,上市,1413,宏洲,9.55,0.0300,9.55,9.78,9.50,28000,267910,23,TWSE_CSV,2026-07-31 14:15:36 +0800
1150731,2026-07-31,上市,1414,東和,19.00,0.9000,18.30,19.00,18.30,323000,6037450,237,TWSE_CSV,2026-07-31 14:15:36 +0800
1150731,2026-07-31,上市,1416,廣豐,10.75,0.0500,10.75,10.80,10.70,107000,1150200,51,TWSE_CSV,2026-07-31 14:15:36 +0800
1150731,2026-07-31,上市,1417,嘉裕,8.22,0.0400,8.19,8.46,8.18,123000,1018310,64,TWSE_CSV,2026-07-31 14:15:36 +0800
1150731,2026-07-31,上市,1418,東華,18.25,0.3000,18.35,18.35,18.00,11000,199800,10,TWSE_CSV,2026-07-31 14:15:36 +0800
1150731,2026-07-31,上市,1419,新紡,67.60,-0.8000,68.50,69.20,67.50,125000,8520500,118,TWSE_CSV,2026-07-31 14:15:36 +0800
1150731,2026-07-31,上市,1423,利華,35.85,0.5000,36.00,36.00,35.35,5000,178950,5,TWSE_CSV,2026-07-31 14:15:36 +0800
1150731,2026-07-31,上市,1432,大魯閣,15.10,0.0500,15.05,15.30,15.05,167000,2529950,109,TWSE_CSV,2026-07-31 14:15:36 +0800
1150731,2026-07-31,上市,1434,福懋,17.25,-0.1000,17.80,18.15,17.25,4857000,84903050,1826,TWSE_CSV,2026-07-31 14:15:36 +0800
1150731,2026-07-31,上市,1435,中福,22.20,1.1000,21.00,22.25,19.80,45000,935400,28,TWSE_CSV,2026-07-31 14:15:36 +0800
1150731,2026-07-31,上市,1436,華友聯,36.30,0.8000,35.90,36.50,35.90,163000,5908300,130,TWSE_CSV,2026-07-31 14:15:36 +0800
1150731,2026-07-31,上市,1437,勤益控,31.70,0.2500,31.50,31.80,31.35,242000,7653200,110,TWSE_CSV,2026-07-31 14:15:36 +0800
1150731,2026-07-31,上市,1438,三地開發,23.30,0.1000,23.85,23.90,23.00,90000,2098750,64,TWSE_CSV,2026-07-31 14:15:36 +0800
1150731,2026-07-31,上市,1439,雋揚,27.80,0.7500,27.00,27.80,27.00,129000,3535350,38,TWSE_CSV,2026-07-31 14:15:36 +0800
1150731,2026-07-31,上市,1440,南紡,12.15,0.0000,12.40,12.50,12.15,1902000,23436800,654,TWSE_CSV,2026-07-31 14:15:36 +0800
1150731,2026-07-31,上市,1441,大東,8.92,0.0700,8.86,9.37,8.86,7000,63010,5,TWSE_CSV,2026-07-31 14:15:36 +0800
1150731,2026-07-31,上市,1442,名軒,28.60,-1.2500,30.00,30.35,28.60,1014000,29799950,621,TWSE_CSV,2026-07-31 14:15:36 +0800
1150731,2026-07-31,上市,1443,立益物流,26.25,0.5500,26.35,26.40,25.75,7000,183800,7,TWSE_CSV,2026-07-31 14:15:36 +0800
1150731,2026-07-31,上市,1444,力麗,7.05,0.0300,7.14,7.24,7.03,1522000,10790320,540,TWSE_CSV,2026-07-31 14:15:36 +0800
1150731,2026-07-31,上市,1445,大宇,10.90,0.3500,11.00,11.00,10.70,33000,358700,21,TWSE_CSV,2026-07-31 14:15:36 +0800
1150731,2026-07-31,上市,1446,宏和,13.70,0.1000,13.70,13.90,13.65,178000,2456500,72,TWSE_CSV,2026-07-31 14:15:36 +0800
1150731,2026-07-31,上市,1447,力鵬,6.78,0.0700,6.90,7.00,6.74,2282000,15575230,899,TWSE_CSV,2026-07-31 14:15:36 +0800
1150731,2026-07-31,上市,1449,佳和,12.10,0.3000,12.20,12.25,12.00,350000,4222250,156,TWSE_CSV,2026-07-31 14:15:36 +0800
1150731,2026-07-31,上市,1451,年興,17.50,0.1000,17.40,17.55,17.40,110000,1920850,58,TWSE_CSV,2026-07-31 14:15:36 +0800
1150731,2026-07-31,上市,1452,宏益,11.40,0.1000,11.40,11.40,11.25,33000,373600,16,TWSE_CSV,2026-07-31 14:15:36 +0800
1150731,2026-07-31,上市,1453,大將,11.15,0.1500,11.10,11.20,11.10,22000,245450,19,TWSE_CSV,2026-07-31 14:15:36 +0800
1150731,2026-07-31,上市,1454,台富,12.95,0.1500,13.00,13.00,12.90,17000,219900,16,TWSE_CSV,2026-07-31 14:15:36 +0800
1150731,2026-07-31,上市,1455,集盛,8.55,-0.0300,8.75,8.75,8.55,733000,6298630,296,TWSE_CSV,2026-07-31 14:15:36 +0800
1150731,2026-07-31,上市,1456,怡華,14.00,0.1500,14.00,14.20,13.85,38000,531150,32,TWSE_CSV,2026-07-31 14:15:36 +0800
1150731,2026-07-31,上市,1457,宜進,14.30,0.0500,14.30,14.30,14.25,43000,613200,19,TWSE_CSV,2026-07-31 14:15:36 +0800
1150731,2026-07-31,上市,1460,宏遠,6.70,0.0900,6.66,6.82,6.66,292000,1957660,122,TWSE_CSV,2026-07-31 14:15:36 +0800
1150731,2026-07-31,上市,1463,強盛新,17.85,-0.0500,17.85,17.90,17.75,53000,943800,27,TWSE_CSV,2026-07-31 14:15:36 +0800
1150731,2026-07-31,上市,1464,得力,10.35,0.0500,10.45,10.55,10.30,339000,3520350,133,TWSE_CSV,2026-07-31 14:15:36 +0800
1150731,2026-07-31,上市,1465,偉全,12.70,0.3000,12.50,12.80,12.45,66000,831700,55,TWSE_CSV,2026-07-31 14:15:36 +0800
1150731,2026-07-31,上市,1466,聚隆,15.40,-0.2500,15.85,16.30,15.40,684000,10688450,369,TWSE_CSV,2026-07-31 14:15:36 +0800
1150731,2026-07-31,上市,1467,南緯,9.34,-0.0900,9.44,9.73,9.34,818000,7774940,336,TWSE_CSV,2026-07-31 14:15:36 +0800
1150731,2026-07-31,上市,1468,昶和,14.05,0.3500,13.65,14.05,13.65,44000,609850,39,TWSE_CSV,2026-07-31 14:15:36 +0800
1150731,2026-07-31,上市,1470,大統新創,23.60,0.6500,23.00,23.85,23.00,24000,558100,9,TWSE_CSV,2026-07-31 14:15:36 +0800
1150731,2026-07-31,上市,1471,首利,9.48,0.2800,9.27,9.65,9.27,196000,1864310,70,TWSE_CSV,2026-07-31 14:15:36 +0800
1150731,2026-07-31,上市,1472,三洋實業,89.60,0.0000,91.00,91.00,88.60,89000,8088400,12,TWSE_CSV,2026-07-31 14:15:36 +0800
1150731,2026-07-31,上市,1473,台南,19.90,0.2000,19.75,19.95,19.55,56000,1106550,35,TWSE_CSV,2026-07-31 14:15:36 +0800
1150731,2026-07-31,上市,1474,弘裕,10.20,0.1500,10.30,10.35,10.10,59000,599800,40,TWSE_CSV,2026-07-31 14:15:36 +0800
1150731,2026-07-31,上市,1475,業旺,27.20,0.1000,27.10,27.20,26.50,24000,642450,18,TWSE_CSV,2026-07-31 14:15:36 +0800
1150731,2026-07-31,上市,1476,儒鴻,346.00,-6.0000,347.50,357.50,346.00,3185000,1113308000,1672,TWSE_CSV,2026-07-31 14:15:36 +0800
1150731,2026-07-31,上市,1477,聚陽,219.50,-1.5000,222.50,224.50,218.00,2417000,536245500,1623,TWSE_CSV,2026-07-31 14:15:36 +0800
1150731,2026-07-31,上市,1503,士電,195.00,12.0000,194.00,197.00,193.00,1463000,285310500,954,TWSE_CSV,2026-07-31 14:15:36 +0800
1150731,2026-07-31,上市,1504,東元,64.80,4.3000,63.50,65.30,63.50,9033000,581765700,4721,TWSE_CSV,2026-07-31 14:15:36 +0800
1150731,2026-07-31,上市,1506,正道,10.45,0.1000,10.40,10.50,10.25,89000,923150,51,TWSE_CSV,2026-07-31 14:15:36 +0800
1150731,2026-07-31,上市,1512,瑞利,6.70,0.0600,6.64,6.81,6.62,65000,434400,38,TWSE_CSV,2026-07-31 14:15:36 +0800
1150731,2026-07-31,上市,1513,中興電,153.50,6.5000,154.00,156.50,153.50,4298000,664070000,2516,TWSE_CSV,2026-07-31 14:15:36 +0800
1150731,2026-07-31,上市,1514,亞力,97.60,5.6000,97.00,99.60,97.00,1596000,156587900,1011,TWSE_CSV,2026-07-31 14:15:36 +0800
1150731,2026-07-31,上市,1515,力山,28.80,1.4000,27.80,30.10,27.80,535000,15417550,318,TWSE_CSV,2026-07-31 14:15:36 +0800
1150731,2026-07-31,上市,1516,川飛,15.30,0.4000,14.70,15.30,14.70,11000,165750,10,TWSE_CSV,2026-07-31 14:15:36 +0800
1150731,2026-07-31,上市,1517,利奇,11.40,0.2000,11.40,11.70,11.20,582000,6648800,304,TWSE_CSV,2026-07-31 14:15:36 +0800
1150731,2026-07-31,上市,1519,華城,705.00,42.0000,700.00,725.00,698.00,1809000,1292084000,1384,TWSE_CSV,2026-07-31 14:15:36 +0800
1150731,2026-07-31,上市,1521,大億,25.10,0.3500,24.75,25.20,24.75,34000,848450,24,TWSE_CSV,2026-07-31 14:15:36 +0800
1150731,2026-07-31,上市,1522,堤維西,28.10,1.1000,27.25,28.25,27.25,449000,12509900,305,TWSE_CSV,2026-07-31 14:15:36 +0800
1150731,2026-07-31,上市,1524,耿鼎,26.35,0.9500,25.90,26.50,25.90,378000,9907750,240,TWSE_CSV,2026-07-31 14:15:36 +0800
1150731,2026-07-31,上市,1525,江申,68.40,0.4000,67.40,68.50,67.40,10000,679400,7,TWSE_CSV,2026-07-31 14:15:36 +0800
1150731,2026-07-31,上市,1526,日馳,18.15,-0.4000,19.55,19.55,18.00,2108000,39202750,1153,TWSE_CSV,2026-07-31 14:15:36 +0800
1150731,2026-07-31,上市,1527,鑽全,33.75,0.1000,33.95,33.95,33.65,383000,12950050,225,TWSE_CSV,2026-07-31 14:15:36 +0800
1150731,2026-07-31,上市,1528,恩德,17.25,0.9500,17.00,17.30,16.80,1188000,20336650,685,TWSE_CSV,2026-07-31 14:15:36 +0800
1150731,2026-07-31,上市,1529,樂事綠能,17.25,0.6000,17.00,17.50,17.00,323000,5589250,205,TWSE_CSV,2026-07-31 14:15:36 +0800
1150731,2026-07-31,上市,1530,亞崴,27.75,0.7500,27.40,27.95,27.20,39000,1074200,35,TWSE_CSV,2026-07-31 14:15:36 +0800
1150731,2026-07-31,上市,1531,高林股,12.90,0.0500,12.95,13.00,12.80,378000,4867150,67,TWSE_CSV,2026-07-31 14:15:36 +0800
1150731,2026-07-31,上市,1532,勤美,21.35,0.0000,21.85,22.10,21.35,1088000,23460550,443,TWSE_CSV,2026-07-31 14:15:36 +0800
1150731,2026-07-31,上市,1533,車王電,32.55,1.1000,32.30,32.65,32.00,57000,1845650,52,TWSE_CSV,2026-07-31 14:15:36 +0800
1150731,2026-07-31,上市,1535,中宇,45.80,0.2500,45.55,46.70,45.55,89000,4120000,69,TWSE_CSV,2026-07-31 14:15:36 +0800
1150731,2026-07-31,上市,1536,和大,46.65,1.6500,46.50,47.40,46.30,1238000,57800900,825,TWSE_CSV,2026-07-31 14:15:36 +0800
1150731,2026-07-31,上市,1537,廣隆,126.50,0.5000,126.50,127.50,126.50,96000,12190000,69,TWSE_CSV,2026-07-31 14:15:36 +0800
1150731,2026-07-31,上市,1538,正峰,0.00,0.0000,0.00,0.00,0.00,0,0,0,TWSE_CSV,2026-07-31 14:15:36 +0800
1150731,2026-07-31,上市,1539,巨庭,16.00,0.1500,16.15,16.15,15.75,65000,1031150,29,TWSE_CSV,2026-07-31 14:15:36 +0800
1150731,2026-07-31,上市,1540,喬福,19.40,0.6000,19.15,19.60,19.15,218000,4234300,202,TWSE_CSV,2026-07-31 14:15:36 +0800
1150731,2026-07-31,上市,1541,錩泰,21.45,0.8500,20.95,21.50,20.75,24000,503400,16,TWSE_CSV,2026-07-31 14:15:36 +0800
1150731,2026-07-31,上市,1558,伸興,91.80,-0.1000,91.90,92.80,91.80,130000,12002200,81,TWSE_CSV,2026-07-31 14:15:36 +0800
1150731,2026-07-31,上市,1560,中砂,640.00,58.0000,631.00,640.00,622.00,1682000,1068872000,1297,TWSE_CSV,2026-07-31 14:15:36 +0800
1150731,2026-07-31,上市,1563,巧新,54.40,1.5000,55.00,57.40,53.70,1149000,63752600,606,TWSE_CSV,2026-07-31 14:15:36 +0800
1150731,2026-07-31,上市,1568,倉佑,26.60,0.7000,27.10,27.45,26.30,1130000,30012550,534,TWSE_CSV,2026-07-31 14:15:36 +0800
1150731,2026-07-31,上市,1582,信錦,66.00,3.5000,65.20,66.90,64.80,728000,47759600,524,TWSE_CSV,2026-07-31 14:15:36 +0800
1150731,2026-07-31,上市,1583,程泰,49.65,0.0500,50.30,50.30,49.25,7000,348150,7,TWSE_CSV,2026-07-31 14:15:36 +0800
1150731,2026-07-31,上市,1587,吉茂,23.85,0.6000,23.80,24.00,23.50,151000,3598950,116,TWSE_CSV,2026-07-31 14:15:36 +0800
1150731,2026-07-31,上市,1590,亞德客-KY,1325.00,-15.0000,1310.00,1370.00,1280.00,1903000,2504635000,1491,TWSE_CSV,2026-07-31 14:15:36 +0800
1150731,2026-07-31,上市,1597,直得,114.00,10.0000,111.50,114.00,109.50,964000,108444000,683,TWSE_CSV,2026-07-31 14:15:36 +0800
1150731,2026-07-31,上市,1598,岱宇,20.10,0.3000,20.30,20.70,20.00,450000,9109350,292,TWSE_CSV,2026-07-31 14:15:36 +0800
1150731,2026-07-31,上市,1603,華電,29.00,0.6000,28.65,29.10,28.65,226000,6531850,149,TWSE_CSV,2026-07-31 14:15:36 +0800
1150731,2026-07-31,上市,1604,聲寶,23.35,-0.1500,23.50,23.60,23.35,619000,14541600,173,TWSE_CSV,2026-07-31 14:15:36 +0800
1150731,2026-07-31,上市,1605,華新,31.45,2.8500,30.45,31.45,30.25,26140000,814538250,8427,TWSE_CSV,2026-07-31 14:15:36 +0800
1150731,2026-07-31,上市,1608,華榮,29.35,2.4000,28.20,29.50,28.20,2738000,79365550,1488,TWSE_CSV,2026-07-31 14:15:36 +0800
1150731,2026-07-31,上市,1609,大亞,33.85,1.3500,33.60,34.75,33.60,4425000,150722800,2226,TWSE_CSV,2026-07-31 14:15:36 +0800
1150731,2026-07-31,上市,1611,中電,11.70,0.3500,11.45,11.75,11.45,620000,7217050,304,TWSE_CSV,2026-07-31 14:15:36 +0800
1150731,2026-07-31,上市,1612,宏泰,30.40,0.8000,30.35,30.90,30.30,927000,28373750,609,TWSE_CSV,2026-07-31 14:15:36 +0800
1150731,2026-07-31,上市,1614,三洋電,31.35,0.4000,31.55,31.55,31.10,13000,406150,12,TWSE_CSV,2026-07-31 14:15:36 +0800
1150731,2026-07-31,上市,1615,大山,42.00,0.2500,42.70,42.70,41.80,113000,4754050,96,TWSE_CSV,2026-07-31 14:15:36 +0800
1150731,2026-07-31,上市,1616,億泰,18.55,0.5500,18.35,18.70,18.35,352000,6502800,211,TWSE_CSV,2026-07-31 14:15:36 +0800
1150731,2026-07-31,上市,1617,榮星,16.20,0.7000,16.25,16.60,15.85,776000,12589750,383,TWSE_CSV,2026-07-31 14:15:36 +0800
1150731,2026-07-31,上市,1618,合機,38.10,1.6000,37.50,38.20,37.50,384000,14559900,249,TWSE_CSV,2026-07-31 14:15:36 +0800
1150731,2026-07-31,上市,1623,大東電,213.50,8.5000,212.00,213.50,208.50,80000,16880500,75,TWSE_CSV,2026-07-31 14:15:36 +0800
1150731,2026-07-31,上市,1626,艾美特-KY,9.91,0.3400,9.65,9.92,9.60,108000,1048380,63,TWSE_CSV,2026-07-31 14:15:36 +0800
1150731,2026-07-31,上市,1702,南僑,33.75,-0.4500,34.20,34.50,33.70,243000,8246800,189,TWSE_CSV,2026-07-31 14:15:36 +0800
1150731,2026-07-31,上市,1707,葡萄王,89.30,-1.8000,91.70,91.90,89.30,873000,78848300,699,TWSE_CSV,2026-07-31 14:15:36 +0800
1150731,2026-07-31,上市,1708,東鹼,48.25,2.0500,48.45,49.00,47.10,3139000,150800750,1837,TWSE_CSV,2026-07-31 14:15:36 +0800
1150731,2026-07-31,上市,1709,和益,23.10,0.5500,23.50,23.65,22.70,2520000,58150900,1239,TWSE_CSV,2026-07-31 14:15:36 +0800
1150731,2026-07-31,上市,1710,東聯,12.90,0.2000,13.40,13.50,12.90,6611000,86674600,1961,TWSE_CSV,2026-07-31 14:15:36 +0800
1150731,2026-07-31,上市,1711,永光,31.80,2.6000,31.70,31.90,31.10,4151000,130957300,2332,TWSE_CSV,2026-07-31 14:15:36 +0800
1150731,2026-07-31,上市,1712,興農,39.00,-0.7500,39.95,40.00,38.90,1358000,53361550,846,TWSE_CSV,2026-07-31 14:15:36 +0800
1150731,2026-07-31,上市,1713,國化,46.10,-0.0500,46.60,47.00,46.05,186000,8613900,149,TWSE_CSV,2026-07-31 14:15:36 +0800
1150731,2026-07-31,上市,1714,和桐,13.05,0.4500,13.85,13.85,12.75,14708000,192240750,3952,TWSE_CSV,2026-07-31 14:15:36 +0800
1150731,2026-07-31,上市,1717,長興,59.90,4.2000,60.00,60.90,59.40,10908000,655587200,6558,TWSE_CSV,2026-07-31 14:15:36 +0800
1150731,2026-07-31,上市,1718,中纖,8.73,0.0900,9.19,9.31,8.64,41247000,363432000,10653,TWSE_CSV,2026-07-31 14:15:36 +0800
1150731,2026-07-31,上市,1720,生達,56.70,-0.8000,58.00,58.30,56.50,425000,24274400,369,TWSE_CSV,2026-07-31 14:15:36 +0800
1150731,2026-07-31,上市,1721,三晃,19.20,1.1000,18.95,19.50,18.95,466000,8924950,265,TWSE_CSV,2026-07-31 14:15:36 +0800
1150731,2026-07-31,上市,1722,台肥,45.80,0.0000,46.20,46.50,45.80,3444000,158857700,1284,TWSE_CSV,2026-07-31 14:15:36 +0800
1150731,2026-07-31,上市,1723,中碳,81.30,-2.9000,86.00,86.40,81.30,1053000,87099600,852,TWSE_CSV,2026-07-31 14:15:36 +0800
1150731,2026-07-31,上市,1725,元禎,29.90,1.1500,29.85,30.00,29.50,43000,1280950,38,TWSE_CSV,2026-07-31 14:15:36 +0800
1150731,2026-07-31,上市,1726,永記,78.10,0.3000,78.10,78.10,77.50,13000,1013100,13,TWSE_CSV,2026-07-31 14:15:36 +0800
1150731,2026-07-31,上市,1727,中華化,67.80,5.5000,68.50,68.50,66.40,1935000,130447900,1107,TWSE_CSV,2026-07-31 14:15:36 +0800
1150731,2026-07-31,上市,1730,花仙子,51.20,0.2000,51.00,51.40,51.00,27000,1384300,21,TWSE_CSV,2026-07-31 14:15:36 +0800
1150731,2026-07-31,上市,1731,美吾華,20.55,0.0500,20.45,20.60,20.45,53000,1088100,37,TWSE_CSV,2026-07-31 14:15:36 +0800
1150731,2026-07-31,上市,1732,毛寶,26.30,0.3000,26.50,26.50,26.00,174000,4561000,124,TWSE_CSV,2026-07-31 14:15:36 +0800
1150731,2026-07-31,上市,1733,五鼎,31.30,-0.4500,31.75,31.95,31.15,319000,10040800,149,TWSE_CSV,2026-07-31 14:15:36 +0800
1150731,2026-07-31,上市,1734,杏輝,31.70,0.0000,32.00,32.00,31.45,389000,12304150,198,TWSE_CSV,2026-07-31 14:15:36 +0800
1150731,2026-07-31,上市,1735,日勝化,19.15,0.9500,18.80,19.45,18.75,147000,2795800,88,TWSE_CSV,2026-07-31 14:15:36 +0800
1150731,2026-07-31,上市,1736,喬山,123.00,-4.5000,128.00,132.00,123.00,947000,120000000,621,TWSE_CSV,2026-07-31 14:15:36 +0800
1150731,2026-07-31,上市,1737,臺鹽,32.05,0.0000,32.10,32.20,32.05,94000,3018700,61,TWSE_CSV,2026-07-31 14:15:36 +0800
1150731,2026-07-31,上市,1752,南光,31.70,0.1000,31.40,31.70,31.40,58000,1829850,39,TWSE_CSV,2026-07-31 14:15:36 +0800
1150731,2026-07-31,上市,1760,寶齡富錦,58.60,0.6000,58.80,59.20,58.40,133000,7822200,112,TWSE_CSV,2026-07-31 14:15:36 +0800
1150731,2026-07-31,上市,1762,中化生,32.60,0.4000,32.50,32.90,32.10,212000,6855350,106,TWSE_CSV,2026-07-31 14:15:36 +0800
1150731,2026-07-31,上市,1773,勝一,150.50,4.0000,153.00,155.00,150.50,826000,125902000,602,TWSE_CSV,2026-07-31 14:15:36 +0800
1150731,2026-07-31,上市,1776,展宇,16.90,0.2000,16.85,16.95,16.55,79000,1323450,34,TWSE_CSV,2026-07-31 14:15:36 +0800
1150731,2026-07-31,上市,1783,和康生,39.85,0.0500,40.45,40.45,39.85,34000,1364650,25,TWSE_CSV,2026-07-31 14:15:36 +0800
1150731,2026-07-31,上市,1786,科妍,49.40,0.9000,48.50,49.85,48.50,159000,7815300,119,TWSE_CSV,2026-07-31 14:15:36 +0800
1150731,2026-07-31,上市,1789,神隆,19.40,0.3000,19.50,19.75,19.30,468000,9118150,244,TWSE_CSV,2026-07-31 14:15:36 +0800
1150731,2026-07-31,上市,1795,美時,175.00,2.0000,179.00,179.50,175.00,1420000,250857000,893,TWSE_CSV,2026-07-31 14:15:36 +0800
1150731,2026-07-31,上市,1802,台玻,45.70,3.1000,45.90,46.60,45.00,26139000,1192925300,12261,TWSE_CSV,2026-07-31 14:15:36 +0800
1150731,2026-07-31,上市,1805,寶徠,9.93,-0.0700,10.00,10.00,9.76,71000,702370,30,TWSE_CSV,2026-07-31 14:15:36 +0800
1150731,2026-07-31,上市,1806,冠軍,8.03,0.0900,8.08,8.16,8.01,165000,1325930,110,TWSE_CSV,2026-07-31 14:15:36 +0800
1150731,2026-07-31,上市,1808,潤隆,33.00,0.5500,32.80,33.85,32.60,3367000,112116900,1384,TWSE_CSV,2026-07-31 14:15:36 +0800
1150731,2026-07-31,上市,1809,中釉,32.20,2.4000,31.90,32.30,31.40,1454000,46336350,976,TWSE_CSV,2026-07-31 14:15:36 +0800
1150731,2026-07-31,上市,1810,和成,24.40,0.9000,24.75,25.20,24.10,8841000,217349400,4013,TWSE_CSV,2026-07-31 14:15:36 +0800
1150731,2026-07-31,上市,1817,凱撒衛,38.65,0.1000,38.80,38.80,38.35,35000,1348150,17,TWSE_CSV,2026-07-31 14:15:36 +0800
1150731,2026-07-31,上市,1903,士紙,47.10,-0.3000,48.00,48.55,46.00,767000,35972250,462,TWSE_CSV,2026-07-31 14:15:36 +0800
1150731,2026-07-31,上市,1904,正隆,20.95,-0.3000,21.25,21.75,20.95,2120000,44938250,1106,TWSE_CSV,2026-07-31 14:15:36 +0800
1150731,2026-07-31,上市,1905,華紙,12.65,0.1500,12.75,12.90,12.65,2737000,34968600,930,TWSE_CSV,2026-07-31 14:15:36 +0800
1150731,2026-07-31,上市,1906,寶隆,11.00,0.0500,10.90,11.05,10.90,25000,274850,25,TWSE_CSV,2026-07-31 14:15:36 +0800
1150731,2026-07-31,上市,1907,永豐餘,29.05,0.0500,28.80,29.65,28.80,4360000,126824000,1202,TWSE_CSV,2026-07-31 14:15:36 +0800
1150731,2026-07-31,上市,1909,榮成,9.85,-0.2000,10.00,10.25,9.85,4593000,45921790,1193,TWSE_CSV,2026-07-31 14:15:36 +0800
1150731,2026-07-31,上市,2002,中鋼,18.95,0.0000,19.10,19.25,18.95,37521000,715436200,8029,TWSE_CSV,2026-07-31 14:15:36 +0800
1150731,2026-07-31,上市,2006,東和鋼鐵,74.60,1.2000,73.40,74.80,72.90,7999000,594696100,1901,TWSE_CSV,2026-07-31 14:15:36 +0800
1150731,2026-07-31,上市,2007,燁興,7.09,0.0900,7.01,7.17,7.00,241000,1701180,106,TWSE_CSV,2026-07-31 14:15:36 +0800
1150731,2026-07-31,上市,2008,高興昌,30.95,-0.0500,30.95,31.00,30.90,16000,495050,16,TWSE_CSV,2026-07-31 14:15:36 +0800
1150731,2026-07-31,上市,2009,第一銅,35.10,0.8000,36.00,36.35,35.00,1025000,36415900,617,TWSE_CSV,2026-07-31 14:15:36 +0800
1150731,2026-07-31,上市,2010,春源,21.15,0.2500,21.15,21.45,21.00,1433000,30467850,677,TWSE_CSV,2026-07-31 14:15:36 +0800
1150731,2026-07-31,上市,2012,春雨,15.85,0.2000,16.05,16.05,15.75,25000,394850,21,TWSE_CSV,2026-07-31 14:15:36 +0800
1150731,2026-07-31,上市,2013,中鋼構,40.90,0.4000,40.95,41.25,40.80,76000,3107800,60,TWSE_CSV,2026-07-31 14:15:36 +0800
1150731,2026-07-31,上市,2014,中鴻,16.60,0.0000,16.85,17.05,16.60,3294000,55382550,1098,TWSE_CSV,2026-07-31 14:15:36 +0800
1150731,2026-07-31,上市,2015,豐興,65.20,-1.3000,65.50,67.60,65.20,601000,39737300,402,TWSE_CSV,2026-07-31 14:15:36 +0800
1150731,2026-07-31,上市,2017,官田鋼,8.80,0.1600,8.94,8.94,8.75,244000,2151160,126,TWSE_CSV,2026-07-31 14:15:36 +0800
1150731,2026-07-31,上市,2020,美亞,21.10,-0.1000,21.20,21.45,21.05,201000,4271400,129,TWSE_CSV,2026-07-31 14:15:36 +0800
1150731,2026-07-31,上市,2022,聚亨,7.59,0.0500,7.64,7.69,7.50,534000,4047130,264,TWSE_CSV,2026-07-31 14:15:36 +0800
1150731,2026-07-31,上市,2023,燁輝,13.65,0.0000,13.70,13.95,13.60,2174000,29713600,584,TWSE_CSV,2026-07-31 14:15:36 +0800
1150731,2026-07-31,上市,2024,志聯,13.70,0.1500,13.55,13.80,13.55,9000,123250,9,TWSE_CSV,2026-07-31 14:15:36 +0800
1150731,2026-07-31,上市,2025,千興,12.15,0.1500,12.15,12.35,12.00,410000,4987000,173,TWSE_CSV,2026-07-31 14:15:36 +0800
1150731,2026-07-31,上市,2027,大成鋼,43.20,-0.5000,43.80,44.15,42.90,18997000,823774300,8034,TWSE_CSV,2026-07-31 14:15:36 +0800
1150731,2026-07-31,上市,2028,威致,15.45,0.3000,15.25,15.50,15.25,71000,1092450,52,TWSE_CSV,2026-07-31 14:15:36 +0800
1150731,2026-07-31,上市,2029,盛餘,20.70,0.0500,20.60,20.80,20.60,177000,3658850,85,TWSE_CSV,2026-07-31 14:15:36 +0800
1150731,2026-07-31,上市,2030,彰源,16.85,-0.1000,17.30,17.30,16.80,691000,11768000,279,TWSE_CSV,2026-07-31 14:15:36 +0800
1150731,2026-07-31,上市,2031,新光鋼,37.90,-0.6000,38.95,39.50,37.90,1218000,46618200,772,TWSE_CSV,2026-07-31 14:15:36 +0800
1150731,2026-07-31,上市,2032,新鋼,15.55,0.0000,15.75,15.90,15.55,179000,2815800,92,TWSE_CSV,2026-07-31 14:15:36 +0800
1150731,2026-07-31,上市,2033,佳大,15.30,0.6500,14.70,15.30,14.70,115000,1735700,61,TWSE_CSV,2026-07-31 14:15:36 +0800
1150731,2026-07-31,上市,2034,允強,18.40,-0.1500,18.70,18.80,18.30,1675000,30999500,642,TWSE_CSV,2026-07-31 14:15:36 +0800
1150731,2026-07-31,上市,2038,海光,12.20,0.1000,12.15,12.50,12.15,107000,1310350,78,TWSE_CSV,2026-07-31 14:15:36 +0800
1150731,2026-07-31,上市,2049,上銀,304.50,21.5000,303.50,310.50,302.50,2000000,612082500,1578,TWSE_CSV,2026-07-31 14:15:36 +0800
1150731,2026-07-31,上市,2059,川湖,7850.00,710.0000,7850.00,7850.00,7760.00,212000,1663510000,156,TWSE_CSV,2026-07-31 14:15:36 +0800
1150731,2026-07-31,上市,2062,橋椿,18.85,0.5500,18.60,18.85,18.50,191000,3565700,144,TWSE_CSV,2026-07-31 14:15:36 +0800
1150731,2026-07-31,上市,2069,運錩,18.15,0.2000,17.95,18.25,17.95,219000,3963200,79,TWSE_CSV,2026-07-31 14:15:36 +0800
1150731,2026-07-31,上市,2072,世紀風電,154.00,7.0000,151.00,160.00,151.00,613000,95057500,432,TWSE_CSV,2026-07-31 14:15:36 +0800
1150731,2026-07-31,上市,2101,南港,33.25,0.8000,33.05,33.75,33.00,2004000,66632400,752,TWSE_CSV,2026-07-31 14:15:36 +0800
1150731,2026-07-31,上市,2102,泰豐,19.35,0.2000,19.15,19.45,19.15,355000,6862250,162,TWSE_CSV,2026-07-31 14:15:36 +0800
1150731,2026-07-31,上市,2103,台橡,21.25,0.7500,21.40,21.65,20.90,6056000,128861100,2097,TWSE_CSV,2026-07-31 14:15:36 +0800
1150731,2026-07-31,上市,2104,國際中橡,9.65,0.0000,9.81,9.85,9.64,4314000,41869820,1275,TWSE_CSV,2026-07-31 14:15:36 +0800
1150731,2026-07-31,上市,2105,正新,30.45,-0.1000,31.00,31.35,30.30,24551000,750028250,4414,TWSE_CSV,2026-07-31 14:15:36 +0800
1150731,2026-07-31,上市,2106,建大,18.15,-0.1500,18.40,19.10,18.15,2760000,51515700,1052,TWSE_CSV,2026-07-31 14:15:36 +0800
1150731,2026-07-31,上市,2107,厚生,25.65,0.1000,25.65,25.95,25.65,224000,5785250,115,TWSE_CSV,2026-07-31 14:15:36 +0800
1150731,2026-07-31,上市,2108,南帝,27.50,0.9500,26.90,27.80,26.90,564000,15446200,335,TWSE_CSV,2026-07-31 14:15:36 +0800
1150731,2026-07-31,上市,2109,華豐,14.45,0.2500,14.35,14.45,14.25,112000,1607450,72,TWSE_CSV,2026-07-31 14:15:36 +0800
1150731,2026-07-31,上市,2114,鑫永銓,87.70,0.7000,87.30,88.00,86.40,35000,3053100,32,TWSE_CSV,2026-07-31 14:15:36 +0800
1150731,2026-07-31,上市,2115,六暉-KY,21.75,0.0500,21.70,22.15,21.45,105000,2275800,49,TWSE_CSV,2026-07-31 14:15:36 +0800
1150731,2026-07-31,上市,2201,裕隆,28.00,0.8500,27.50,28.75,27.50,5828000,163427300,2110,TWSE_CSV,2026-07-31 14:15:36 +0800
1150731,2026-07-31,上市,2204,中華,53.10,0.9000,52.60,54.20,52.60,1655000,88338600,1051,TWSE_CSV,2026-07-31 14:15:36 +0800
1150731,2026-07-31,上市,2206,三陽工業,64.80,0.1000,65.00,66.70,64.80,2198000,144295800,1070,TWSE_CSV,2026-07-31 14:15:36 +0800
1150731,2026-07-31,上市,2207,和泰車,558.00,7.0000,547.00,573.00,540.00,1161000,652576000,984,TWSE_CSV,2026-07-31 14:15:36 +0800
1150731,2026-07-31,上市,2208,台船,19.00,0.8000,18.80,19.25,18.65,3092000,58855050,1376,TWSE_CSV,2026-07-31 14:15:36 +0800
1150731,2026-07-31,上市,2211,長榮鋼,87.00,-1.4000,88.50,89.60,86.90,948000,83421300,687,TWSE_CSV,2026-07-31 14:15:36 +0800
1150731,2026-07-31,上市,2227,裕日車,50.20,0.0000,50.00,50.50,49.60,21000,1052850,18,TWSE_CSV,2026-07-31 14:15:36 +0800
1150731,2026-07-31,上市,2228,劍麟,78.10,1.2000,78.30,79.50,78.10,82000,6446700,67,TWSE_CSV,2026-07-31 14:15:36 +0800
1150731,2026-07-31,上市,2231,為升,95.70,5.7000,95.80,95.80,93.10,208000,19698900,176,TWSE_CSV,2026-07-31 14:15:36 +0800
1150731,2026-07-31,上市,2233,宇隆,190.50,17.0000,189.00,190.50,185.00,539000,101652500,382,TWSE_CSV,2026-07-31 14:15:36 +0800
1150731,2026-07-31,上市,2236,百達-KY,130.50,-1.0000,134.50,138.50,128.00,1039000,136810000,806,TWSE_CSV,2026-07-31 14:15:36 +0800
1150731,2026-07-31,上市,2239,英利-KY,19.90,0.3000,19.40,20.20,19.40,30000,593350,30,TWSE_CSV,2026-07-31 14:15:36 +0800
1150731,2026-07-31,上市,2241,艾姆勒,31.10,0.6500,31.95,32.05,30.45,653000,20232600,430,TWSE_CSV,2026-07-31 14:15:36 +0800
1150731,2026-07-31,上市,2243,宏旭-KY,41.55,1.7000,40.45,42.55,40.45,633000,26174450,404,TWSE_CSV,2026-07-31 14:15:36 +0800
1150731,2026-07-31,上市,2247,汎德永業,230.00,-0.5000,232.00,234.50,229.00,55000,12679500,53,TWSE_CSV,2026-07-31 14:15:36 +0800
1150731,2026-07-31,上市,2248,華勝-KY,59.40,1.9000,58.80,59.50,57.90,56000,3281800,54,TWSE_CSV,2026-07-31 14:15:36 +0800
1150731,2026-07-31,上市,2250,IKKA-KY,56.40,1.4000,58.70,58.70,56.20,184000,10488000,167,TWSE_CSV,2026-07-31 14:15:36 +0800
1150731,2026-07-31,上市,2254,巨鎧精密-創,61.40,-0.5000,61.10,61.40,61.00,4000,244600,4,TWSE_CSV,2026-07-31 14:15:36 +0800
1150731,2026-07-31,上市,2258,鴻華先進-創,32.00,0.6500,31.80,32.40,31.70,378000,12054250,169,TWSE_CSV,2026-07-31 14:15:36 +0800
1150731,2026-07-31,上市,2301,光寶科,209.00,19.0000,209.00,209.00,209.00,9182000,1919038000,3337,TWSE_CSV,2026-07-31 14:15:36 +0800
1150731,2026-07-31,上市,2302,麗正,36.75,3.3000,36.60,36.75,35.10,2557000,92553100,1477,TWSE_CSV,2026-07-31 14:15:36 +0800
1150731,2026-07-31,上市,2303,聯電,121.00,11.0000,121.00,121.00,121.00,44670000,5405070000,10847,TWSE_CSV,2026-07-31 14:15:36 +0800
1150731,2026-07-31,上市,2305,全友,30.10,2.5500,29.60,30.20,29.10,9454000,280883650,3446,TWSE_CSV,2026-07-31 14:15:36 +0800
1150731,2026-07-31,上市,2308,台達電,1640.00,110.0000,1680.00,1680.00,1590.00,30060000,49561330000,18681,TWSE_CSV,2026-07-31 14:15:36 +0800
1150731,2026-07-31,上市,2312,金寶,30.00,2.3500,29.80,30.35,29.15,15878000,472738200,6498,TWSE_CSV,2026-07-31 14:15:36 +0800
1150731,2026-07-31,上市,2313,華通,169.00,15.0000,168.50,169.00,166.50,14460000,2439569500,6584,TWSE_CSV,2026-07-31 14:15:36 +0800
1150731,2026-07-31,上市,2314,台揚,11.45,0.1000,11.45,11.50,11.45,123000,1409750,79,TWSE_CSV,2026-07-31 14:15:36 +0800
1150731,2026-07-31,上市,2316,楠梓電,142.00,12.5000,142.00,142.00,142.00,657000,93294000,335,TWSE_CSV,2026-07-31 14:15:36 +0800
1150731,2026-07-31,上市,2317,鴻海,250.50,21.0000,245.00,252.00,242.50,96039000,23824928000,46681,TWSE_CSV,2026-07-31 14:15:36 +0800
1150731,2026-07-31,上市,2321,東訊,14.40,-0.4000,14.40,14.40,14.40,5000,72000,1,TWSE_CSV,2026-07-31 14:15:36 +0800
1150731,2026-07-31,上市,2323,中環,9.94,0.5600,9.72,10.05,9.72,5878000,58121580,1859,TWSE_CSV,2026-07-31 14:15:36 +0800
1150731,2026-07-31,上市,2324,仁寶,36.00,2.2500,36.50,36.50,35.30,76132000,2733308150,21163,TWSE_CSV,2026-07-31 14:15:36 +0800
1150731,2026-07-31,上市,2327,國巨*,502.00,45.5000,502.00,502.00,502.00,5964000,2993928000,2586,TWSE_CSV,2026-07-31 14:15:36 +0800
1150731,2026-07-31,上市,2328,廣宇,41.15,2.3500,41.05,42.00,40.60,2653000,109419900,1384,TWSE_CSV,2026-07-31 14:15:36 +0800
1150731,2026-07-31,上市,2329,華泰,40.55,3.0000,41.00,41.00,39.80,3892000,157449450,1802,TWSE_CSV,2026-07-31 14:15:36 +0800
1150731,2026-07-31,上市,2330,台積電,2425.00,220.0000,2350.00,2425.00,2345.00,56896000,136371955000,31921,TWSE_CSV,2026-07-31 14:15:36 +0800
1150731,2026-07-31,上市,2331,精英,18.40,0.9500,18.15,18.50,18.10,1161000,21243050,629,TWSE_CSV,2026-07-31 14:15:36 +0800
1150731,2026-07-31,上市,2332,友訊,21.25,-0.3500,21.90,22.85,20.65,115706000,2520782000,36978,TWSE_CSV,2026-07-31 14:15:36 +0800
1150731,2026-07-31,上市,2337,旺宏,100.50,8.7000,100.50,100.50,100.50,11321000,1137760500,4045,TWSE_CSV,2026-07-31 14:15:36 +0800
1150731,2026-07-31,上市,2338,光罩,36.70,3.2000,35.75,36.80,35.25,1795000,64846450,1097,TWSE_CSV,2026-07-31 14:15:36 +0800
1150731,2026-07-31,上市,2340,台亞,27.40,2.3500,26.95,27.55,26.25,2286000,61700650,1309,TWSE_CSV,2026-07-31 14:15:36 +0800
1150731,2026-07-31,上市,2342,茂矽,32.15,2.2000,32.60,32.65,31.40,2170000,69461100,1374,TWSE_CSV,2026-07-31 14:15:36 +0800
1150731,2026-07-31,上市,2344,華邦電,130.00,11.5000,130.00,130.00,130.00,17519000,2277470000,4293,TWSE_CSV,2026-07-31 14:15:36 +0800
1150731,2026-07-31,上市,2345,智邦,2125.00,190.0000,2125.00,2125.00,2125.00,899000,1910375000,350,TWSE_CSV,2026-07-31 14:15:36 +0800
1150731,2026-07-31,上市,2347,聯強,93.70,7.6000,88.20,94.70,88.20,11721000,1096293400,4632,TWSE_CSV,2026-07-31 14:15:36 +0800
1150731,2026-07-31,上市,2348,海悅,76.90,0.6000,77.70,77.70,75.20,575000,43874200,403,TWSE_CSV,2026-07-31 14:15:36 +0800
1150731,2026-07-31,上市,2349,錸德,10.65,0.5500,10.45,10.70,10.45,1476000,15634650,555,TWSE_CSV,2026-07-31 14:15:36 +0800
1150731,2026-07-31,上市,2351,順德,145.50,12.0000,146.50,146.50,141.00,2236000,323498500,1552,TWSE_CSV,2026-07-31 14:15:36 +0800
1150731,2026-07-31,上市,2352,佳世達,27.35,0.9000,27.85,28.05,27.35,7524000,207827250,3473,TWSE_CSV,2026-07-31 14:15:36 +0800
1150731,2026-07-31,上市,2353,宏碁,28.85,0.9500,28.70,29.30,28.70,35392000,1026205850,11105,TWSE_CSV,2026-07-31 14:15:36 +0800
1150731,2026-07-31,上市,2354,鴻準,56.50,3.4000,54.90,57.10,54.80,8055000,453372000,4006,TWSE_CSV,2026-07-31 14:15:36 +0800
1150731,2026-07-31,上市,2355,敬鵬,36.65,2.1500,36.55,37.05,36.00,3821000,139730700,2492,TWSE_CSV,2026-07-31 14:15:36 +0800
1150731,2026-07-31,上市,2356,英業達,61.80,4.3000,63.20,63.20,60.40,29391000,1813279400,14362,TWSE_CSV,2026-07-31 14:15:36 +0800
1150731,2026-07-31,上市,2357,華碩,810.00,73.0000,773.00,810.00,767.00,9246000,7319618000,6237,TWSE_CSV,2026-07-31 14:15:36 +0800
1150731,2026-07-31,上市,2359,所羅門,121.00,-2.5000,127.00,131.00,121.00,10480000,1310104000,6903,TWSE_CSV,2026-07-31 14:15:36 +0800
1150731,2026-07-31,上市,2360,致茂,2100.00,190.0000,2100.00,2100.00,1980.00,5998000,12393275000,4727,TWSE_CSV,2026-07-31 14:15:36 +0800
1150731,2026-07-31,上市,2362,藍天,41.95,0.5000,42.60,43.60,41.95,1015000,43060350,605,TWSE_CSV,2026-07-31 14:15:36 +0800
1150731,2026-07-31,上市,2363,矽統,49.20,4.4000,48.75,49.25,46.75,8060000,389083800,4423,TWSE_CSV,2026-07-31 14:15:36 +0800
1150731,2026-07-31,上市,2364,倫飛,70.30,2.6000,69.20,70.80,69.20,261000,18269600,184,TWSE_CSV,2026-07-31 14:15:36 +0800
1150731,2026-07-31,上市,2365,昆盈,28.05,2.0500,27.40,28.05,27.20,1000000,27761150,636,TWSE_CSV,2026-07-31 14:15:36 +0800
1150731,2026-07-31,上市,2367,燿華,36.30,2.9000,35.00,36.35,35.00,7770000,279296650,3953,TWSE_CSV,2026-07-31 14:15:36 +0800
1150731,2026-07-31,上市,2368,金像電,793.00,72.0000,793.00,793.00,784.00,2859000,2265383000,1265,TWSE_CSV,2026-07-31 14:15:36 +0800
1150731,2026-07-31,上市,2369,菱生,29.40,2.5000,29.15,29.55,28.50,13312000,387034050,6601,TWSE_CSV,2026-07-31 14:15:36 +0800
1150731,2026-07-31,上市,2371,大同,24.30,0.8000,24.30,24.70,24.25,6760000,165353450,2932,TWSE_CSV,2026-07-31 14:15:36 +0800
1150731,2026-07-31,上市,2373,震旦行,54.00,0.2000,54.60,54.60,53.70,21000,1133800,21,TWSE_CSV,2026-07-31 14:15:36 +0800
1150731,2026-07-31,上市,2374,佳能,63.90,4.3000,63.50,65.30,62.80,2969000,189352400,1707,TWSE_CSV,2026-07-31 14:15:36 +0800
1150731,2026-07-31,上市,2375,凱美,116.50,10.5000,116.00,116.50,112.00,4717000,543618000,3070,TWSE_CSV,2026-07-31 14:15:36 +0800
1150731,2026-07-31,上市,2376,技嘉,336.50,18.0000,331.00,339.50,328.00,8183000,2737123500,4703,TWSE_CSV,2026-07-31 14:15:36 +0800
1150731,2026-07-31,上市,2377,微星,142.00,6.0000,143.50,148.00,139.50,18583000,2658659500,10658,TWSE_CSV,2026-07-31 14:15:36 +0800
1150731,2026-07-31,上市,2379,瑞昱,683.00,-14.0000,752.00,758.00,655.00,12948000,8881143000,10172,TWSE_CSV,2026-07-31 14:15:36 +0800
1150731,2026-07-31,上市,2380,虹光,19.05,0.2500,19.00,19.65,19.00,17000,325450,14,TWSE_CSV,2026-07-31 14:15:36 +0800
1150731,2026-07-31,上市,2382,廣達,291.50,12.5000,299.00,299.00,285.00,47495000,13851738000,25736,TWSE_CSV,2026-07-31 14:15:36 +0800
1150731,2026-07-31,上市,2383,台光電,4745.00,430.0000,4745.00,4745.00,4745.00,1373000,6514885000,506,TWSE_CSV,2026-07-31 14:15:36 +0800
1150731,2026-07-31,上市,2385,群光,106.00,1.5000,105.50,108.00,104.50,7103000,755204500,3523,TWSE_CSV,2026-07-31 14:15:36 +0800
1150731,2026-07-31,上市,2387,精元,37.70,0.3000,37.60,38.40,37.50,320000,12155900,235,TWSE_CSV,2026-07-31 14:15:36 +0800
1150731,2026-07-31,上市,2388,威盛,70.50,5.2000,69.40,71.70,68.60,3936000,275464300,2391,TWSE_CSV,2026-07-31 14:15:36 +0800
1150731,2026-07-31,上市,2390,云辰,10.30,0.2500,10.30,10.50,10.25,462000,4776000,184,TWSE_CSV,2026-07-31 14:15:36 +0800
1150731,2026-07-31,上市,2392,正崴,33.60,0.7500,33.50,34.25,33.50,1659000,56356100,1029,TWSE_CSV,2026-07-31 14:15:36 +0800
1150731,2026-07-31,上市,2393,億光,62.50,1.1000,63.20,63.50,62.30,2609000,163715500,1659,TWSE_CSV,2026-07-31 14:15:36 +0800
1150731,2026-07-31,上市,2395,研華,563.00,16.0000,599.00,599.00,549.00,7918000,4464974000,4338,TWSE_CSV,2026-07-31 14:15:36 +0800
1150731,2026-07-31,上市,2397,友通,53.70,1.0000,55.00,55.70,53.70,442000,23959900,268,TWSE_CSV,2026-07-31 14:15:36 +0800
1150731,2026-07-31,上市,2399,映泰,33.10,2.7000,32.80,33.10,32.10,1898000,61955750,1129,TWSE_CSV,2026-07-31 14:15:36 +0800
1150731,2026-07-31,上市,2401,凌陽,24.85,1.4000,24.60,25.25,24.20,3882000,95802450,2033,TWSE_CSV,2026-07-31 14:15:36 +0800
1150731,2026-07-31,上市,2402,毅嘉,51.80,3.4000,51.50,51.90,50.70,1216000,62616300,887,TWSE_CSV,2026-07-31 14:15:36 +0800
1150731,2026-07-31,上市,2404,漢唐,1100.00,90.0000,1080.00,1110.00,1060.00,4029000,4383505000,2882,TWSE_CSV,2026-07-31 14:15:36 +0800
1150731,2026-07-31,上市,2405,輔信,15.80,1.0000,15.45,15.80,15.25,1233000,19188850,606,TWSE_CSV,2026-07-31 14:15:36 +0800
1150731,2026-07-31,上市,2406,國碩,31.15,2.8000,30.40,31.15,30.20,9055000,280296600,4685,TWSE_CSV,2026-07-31 14:15:36 +0800
1150731,2026-07-31,上市,2408,南亞科,360.50,32.5000,360.50,360.50,360.50,7845000,2828122500,3087,TWSE_CSV,2026-07-31 14:15:36 +0800
1150731,2026-07-31,上市,2409,友達,24.20,2.0000,24.40,24.40,23.55,195806000,4715587200,49345,TWSE_CSV,2026-07-31 14:15:36 +0800
1150731,2026-07-31,上市,2412,中華電,139.50,-1.0000,140.50,140.50,138.50,21537000,3003777500,5575,TWSE_CSV,2026-07-31 14:15:36 +0800
1150731,2026-07-31,上市,2413,環科,37.40,2.8000,37.15,37.60,36.30,638000,23710600,406,TWSE_CSV,2026-07-31 14:15:36 +0800
1150731,2026-07-31,上市,2414,精技,58.00,3.3000,55.70,58.00,55.70,412000,23658600,306,TWSE_CSV,2026-07-31 14:15:36 +0800
1150731,2026-07-31,上市,2415,錩新,30.65,1.3000,30.25,31.25,30.15,276000,8424700,197,TWSE_CSV,2026-07-31 14:15:36 +0800
1150731,2026-07-31,上市,2417,圓剛,39.30,2.3000,39.00,39.50,38.25,754000,29425950,516,TWSE_CSV,2026-07-31 14:15:36 +0800
1150731,2026-07-31,上市,2419,仲琦,23.55,1.3500,23.45,23.65,23.00,791000,18429200,496,TWSE_CSV,2026-07-31 14:15:36 +0800
1150731,2026-07-31,上市,2420,新巨,53.80,0.7000,53.80,54.60,53.50,692000,37357900,499,TWSE_CSV,2026-07-31 14:15:36 +0800
1150731,2026-07-31,上市,2421,建準,131.00,10.5000,127.00,132.00,127.00,2033000,264102500,1568,TWSE_CSV,2026-07-31 14:15:36 +0800
1150731,2026-07-31,上市,2423,固緯,72.40,5.5000,69.10,72.90,69.10,247000,17712200,198,TWSE_CSV,2026-07-31 14:15:36 +0800
1150731,2026-07-31,上市,2424,隴華,8.20,0.5100,8.07,8.30,7.95,14000,113500,11,TWSE_CSV,2026-07-31 14:15:36 +0800
1150731,2026-07-31,上市,2425,承啟,46.95,4.2500,44.60,46.95,44.55,6219000,289306100,3055,TWSE_CSV,2026-07-31 14:15:36 +0800
1150731,2026-07-31,上市,2426,鼎元,50.30,2.8500,51.50,52.00,48.50,10997000,547134300,5961,TWSE_CSV,2026-07-31 14:15:36 +0800
1150731,2026-07-31,上市,2427,三商電,22.40,0.5000,22.50,22.70,22.35,388000,8749250,271,TWSE_CSV,2026-07-31 14:15:36 +0800
1150731,2026-07-31,上市,2428,興勤,218.50,19.5000,218.50,218.50,210.00,1026000,221358500,673,TWSE_CSV,2026-07-31 14:15:36 +0800
1150731,2026-07-31,上市,2429,銘旺科,30.65,1.0500,30.70,31.50,30.40,451000,13877900,285,TWSE_CSV,2026-07-31 14:15:36 +0800
1150731,2026-07-31,上市,2430,燦坤,16.95,0.0000,17.00,17.05,16.85,200000,3391350,105,TWSE_CSV,2026-07-31 14:15:36 +0800
1150731,2026-07-31,上市,2431,聯昌,10.05,0.0900,10.05,10.25,10.00,184000,1857000,109,TWSE_CSV,2026-07-31 14:15:36 +0800
1150731,2026-07-31,上市,2432,倚天酷碁-創,28.55,0.4500,28.30,28.55,27.95,39000,1103400,26,TWSE_CSV,2026-07-31 14:15:36 +0800
1150731,2026-07-31,上市,2433,互盛電,42.00,0.4000,42.20,42.20,41.65,23000,962050,20,TWSE_CSV,2026-07-31 14:15:36 +0800
1150731,2026-07-31,上市,2434,統懋,53.20,1.7000,52.80,53.40,48.00,199000,10023300,157,TWSE_CSV,2026-07-31 14:15:36 +0800
1150731,2026-07-31,上市,2436,偉詮電,54.90,4.4000,54.00,55.30,53.10,2027000,109992500,1171,TWSE_CSV,2026-07-31 14:15:36 +0800
1150731,2026-07-31,上市,2438,翔耀,18.05,1.6000,17.00,18.05,16.75,129000,2242450,70,TWSE_CSV,2026-07-31 14:15:36 +0800
1150731,2026-07-31,上市,2439,美律,80.20,-0.7000,81.20,82.30,80.20,2721000,219424700,1934,TWSE_CSV,2026-07-31 14:15:36 +0800
1150731,2026-07-31,上市,2440,太空梭,15.25,0.7500,14.75,15.35,14.75,205000,3104100,113,TWSE_CSV,2026-07-31 14:15:36 +0800
1150731,2026-07-31,上市,2441,超豐,100.50,6.9000,102.00,102.50,98.10,9997000,1001895400,6138,TWSE_CSV,2026-07-31 14:15:36 +0800
1150731,2026-07-31,上市,2442,新美齊,19.40,0.2000,19.25,19.65,19.25,1572000,30655450,644,TWSE_CSV,2026-07-31 14:15:36 +0800
1150731,2026-07-31,上市,2444,兆勁,10.95,0.4500,10.90,10.95,10.70,175000,1901500,75,TWSE_CSV,2026-07-31 14:15:36 +0800
1150731,2026-07-31,上市,2449,京元電子,223.50,20.0000,223.50,223.50,223.50,6600000,1475100000,1913,TWSE_CSV,2026-07-31 14:15:36 +0800
1150731,2026-07-31,上市,2450,神腦,28.75,0.1000,28.65,28.90,28.55,74000,2125450,58,TWSE_CSV,2026-07-31 14:15:36 +0800
1150731,2026-07-31,上市,2451,創見,293.00,23.5000,289.50,295.00,280.00,16269000,4713404500,10714,TWSE_CSV,2026-07-31 14:15:36 +0800
1150731,2026-07-31,上市,2453,凌群,53.20,2.6000,51.60,53.20,51.60,350000,18436900,261,TWSE_CSV,2026-07-31 14:15:36 +0800
1150731,2026-07-31,上市,2454,聯發科,3555.00,320.0000,3555.00,3555.00,3555.00,2825000,10042875000,1053,TWSE_CSV,2026-07-31 14:15:36 +0800
1150731,2026-07-31,上市,2455,全新,292.00,26.5000,292.00,292.00,278.00,5488000,1583726500,3632,TWSE_CSV,2026-07-31 14:15:36 +0800
1150731,2026-07-31,上市,2457,飛宏,21.15,1.0000,21.25,21.75,20.70,2413000,50877150,1159,TWSE_CSV,2026-07-31 14:15:36 +0800
1150731,2026-07-31,上市,2458,義隆,151.00,3.0000,155.50,157.50,148.50,4575000,691564500,2952,TWSE_CSV,2026-07-31 14:15:36 +0800
1150731,2026-07-31,上市,2459,敦吉,64.50,0.9000,64.60,64.80,64.40,84000,5426400,70,TWSE_CSV,2026-07-31 14:15:36 +0800
1150731,2026-07-31,上市,2460,建通,30.30,2.0500,29.75,30.50,29.50,381000,11409600,203,TWSE_CSV,2026-07-31 14:15:36 +0800
1150731,2026-07-31,上市,2461,光群雷,16.00,0.4000,15.80,16.35,15.80,816000,13140700,307,TWSE_CSV,2026-07-31 14:15:36 +0800
1150731,2026-07-31,上市,2462,良得電,19.80,0.6500,19.55,19.85,19.40,203000,3996100,143,TWSE_CSV,2026-07-31 14:15:36 +0800
1150731,2026-07-31,上市,2464,盟立,134.50,12.0000,134.50,134.50,131.50,3282000,439266500,1943,TWSE_CSV,2026-07-31 14:15:36 +0800
1150731,2026-07-31,上市,2465,麗臺,73.40,5.8000,72.50,74.30,72.30,770000,56453500,578,TWSE_CSV,2026-07-31 14:15:36 +0800
1150731,2026-07-31,上市,2466,冠西電,91.10,-1.6000,98.70,101.50,91.00,2912000,278628800,2093,TWSE_CSV,2026-07-31 14:15:36 +0800
1150731,2026-07-31,上市,2467,志聖,478.50,35.5000,487.00,487.00,466.00,1742000,836294500,1398,TWSE_CSV,2026-07-31 14:15:36 +0800
1150731,2026-07-31,上市,2468,華經,32.50,1.1000,32.20,33.50,32.20,361000,11824100,289,TWSE_CSV,2026-07-31 14:15:36 +0800
1150731,2026-07-31,上市,2471,資通,48.10,0.9000,48.45,48.70,48.00,116000,5597450,86,TWSE_CSV,2026-07-31 14:15:36 +0800
1150731,2026-07-31,上市,2472,立隆電,220.00,17.0000,223.00,223.00,214.50,3307000,725563500,2357,TWSE_CSV,2026-07-31 14:15:36 +0800
1150731,2026-07-31,上市,2474,可成,183.00,4.5000,184.50,185.50,182.00,2893000,531396000,1919,TWSE_CSV,2026-07-31 14:15:36 +0800
1150731,2026-07-31,上市,2476,鉅祥,113.50,8.0000,115.00,115.00,109.00,1672000,187964500,1027,TWSE_CSV,2026-07-31 14:15:36 +0800
1150731,2026-07-31,上市,2477,美隆電,21.60,0.2000,21.40,21.95,21.40,119000,2571800,76,TWSE_CSV,2026-07-31 14:15:36 +0800
1150731,2026-07-31,上市,2478,大毅,108.50,8.6000,109.50,109.50,104.00,5104000,548463500,3103,TWSE_CSV,2026-07-31 14:15:36 +0800
1150731,2026-07-31,上市,2480,敦陽科,166.00,7.5000,159.50,167.00,159.50,1743000,286992000,899,TWSE_CSV,2026-07-31 14:15:36 +0800
1150731,2026-07-31,上市,2481,強茂,117.50,10.5000,117.50,117.50,112.50,21112000,2450705500,9804,TWSE_CSV,2026-07-31 14:15:36 +0800
1150731,2026-07-31,上市,2482,連宇,16.10,0.1000,16.45,16.55,16.05,289000,4688200,182,TWSE_CSV,2026-07-31 14:15:36 +0800
1150731,2026-07-31,上市,2483,百容,35.25,3.2000,35.25,35.25,33.80,388000,13550900,248,TWSE_CSV,2026-07-31 14:15:36 +0800
1150731,2026-07-31,上市,2484,希華,61.10,3.5000,62.70,63.20,59.80,18407000,1134442300,10877,TWSE_CSV,2026-07-31 14:15:36 +0800
1150731,2026-07-31,上市,2485,兆赫,35.75,3.2500,35.10,35.75,34.85,3897000,137956950,2218,TWSE_CSV,2026-07-31 14:15:36 +0800
1150731,2026-07-31,上市,2486,一詮,188.00,17.0000,188.00,188.00,181.00,6203000,1154116000,3271,TWSE_CSV,2026-07-31 14:15:36 +0800
1150731,2026-07-31,上市,2488,漢平,50.60,1.9000,49.70,50.70,49.45,198000,9930750,138,TWSE_CSV,2026-07-31 14:15:36 +0800
1150731,2026-07-31,上市,2489,瑞軒,26.70,2.2000,26.75,26.95,25.95,9117000,242613800,4373,TWSE_CSV,2026-07-31 14:15:36 +0800
1150731,2026-07-31,上市,2491,吉祥全,22.95,0.8000,23.75,23.75,22.60,376000,8644800,238,TWSE_CSV,2026-07-31 14:15:36 +0800
1150731,2026-07-31,上市,2492,華新科,218.00,19.5000,218.00,218.00,218.00,1426000,310868000,957,TWSE_CSV,2026-07-31 14:15:36 +0800
1150731,2026-07-31,上市,2493,揚博,182.00,16.5000,182.00,182.00,174.00,2510000,450768000,1608,TWSE_CSV,2026-07-31 14:15:36 +0800
1150731,2026-07-31,上市,2495,普安,34.55,2.7000,33.35,34.95,33.35,2498000,85496050,1351,TWSE_CSV,2026-07-31 14:15:36 +0800
1150731,2026-07-31,上市,2496,卓越,59.10,1.0000,58.50,59.30,58.50,8000,471200,8,TWSE_CSV,2026-07-31 14:15:36 +0800
1150731,2026-07-31,上市,2497,怡利電,45.75,1.3000,47.50,48.00,45.05,1294000,59750050,897,TWSE_CSV,2026-07-31 14:15:36 +0800
1150731,2026-07-31,上市,2498,宏達電,39.95,2.1000,39.20,40.35,39.20,4881000,194557350,2499,TWSE_CSV,2026-07-31 14:15:36 +0800
1150731,2026-07-31,上市,2501,國建,22.00,-0.4000,22.40,22.55,22.00,3467000,76899050,1689,TWSE_CSV,2026-07-31 14:15:36 +0800
1150731,2026-07-31,上市,2504,國產,31.20,-0.6500,31.85,32.20,31.20,3164000,100066900,1308,TWSE_CSV,2026-07-31 14:15:36 +0800
1150731,2026-07-31,上市,2505,國揚,17.95,0.3500,17.80,18.00,17.75,281000,5031800,101,TWSE_CSV,2026-07-31 14:15:36 +0800
1150731,2026-07-31,上市,2506,太設,8.75,0.2200,8.59,8.75,8.57,160000,1379010,78,TWSE_CSV,2026-07-31 14:15:36 +0800
1150731,2026-07-31,上市,2509,全坤建,13.00,-0.0500,13.05,13.15,12.90,78000,1012950,41,TWSE_CSV,2026-07-31 14:15:36 +0800
1150731,2026-07-31,上市,2511,太子,8.60,0.3800,8.22,8.62,8.22,8526000,72428700,2660,TWSE_CSV,2026-07-31 14:15:36 +0800
1150731,2026-07-31,上市,2514,龍邦,12.80,0.1000,12.70,12.80,12.65,98000,1246300,69,TWSE_CSV,2026-07-31 14:15:36 +0800
1150731,2026-07-31,上市,2515,中工,11.85,0.2000,11.85,12.10,11.80,6383000,76267550,1219,TWSE_CSV,2026-07-31 14:15:36 +0800
1150731,2026-07-31,上市,2516,新建,14.05,0.1500,13.90,14.10,13.80,120000,1675950,74,TWSE_CSV,2026-07-31 14:15:36 +0800
1150731,2026-07-31,上市,2520,冠德,34.65,-0.4500,35.25,35.70,34.50,1674000,58661050,1192,TWSE_CSV,2026-07-31 14:15:36 +0800
1150731,2026-07-31,上市,2524,京城,35.80,0.5000,35.85,36.00,35.45,92000,3295100,74,TWSE_CSV,2026-07-31 14:15:36 +0800
1150731,2026-07-31,上市,2527,宏璟,44.55,4.0000,43.00,44.60,43.00,1332000,58767600,815,TWSE_CSV,2026-07-31 14:15:36 +0800
1150731,2026-07-31,上市,2528,皇普,19.40,0.1000,19.50,19.90,19.40,277000,5446550,196,TWSE_CSV,2026-07-31 14:15:36 +0800
1150731,2026-07-31,上市,2530,華建,19.90,-1.2000,21.30,21.50,19.90,1794000,36778200,1014,TWSE_CSV,2026-07-31 14:15:36 +0800
1150731,2026-07-31,上市,2534,宏盛,17.10,-0.1000,17.20,17.40,17.10,530000,9120550,256,TWSE_CSV,2026-07-31 14:15:36 +0800
1150731,2026-07-31,上市,2535,達欣工,88.20,1.8000,87.00,89.10,87.00,583000,51329100,511,TWSE_CSV,2026-07-31 14:15:36 +0800
1150731,2026-07-31,上市,2536,宏普,18.20,-0.1500,18.60,18.65,18.10,633000,11601650,291,TWSE_CSV,2026-07-31 14:15:36 +0800
1150731,2026-07-31,上市,2537,聯上發,11.10,0.1000,11.10,11.20,11.10,962000,10709400,309,TWSE_CSV,2026-07-31 14:15:36 +0800
1150731,2026-07-31,上市,2538,基泰,9.50,-0.0600,9.56,9.68,9.48,313000,2984240,138,TWSE_CSV,2026-07-31 14:15:36 +0800
1150731,2026-07-31,上市,2539,櫻花建,42.65,-0.3000,42.95,43.30,42.25,1462000,62558000,801,TWSE_CSV,2026-07-31 14:15:36 +0800
1150731,2026-07-31,上市,2540,愛山林,61.00,2.1000,59.00,61.80,58.30,4316000,262952000,2123,TWSE_CSV,2026-07-31 14:15:36 +0800
1150731,2026-07-31,上市,2542,興富發,44.00,-0.3500,44.20,44.80,44.00,7913000,351219950,3139,TWSE_CSV,2026-07-31 14:15:36 +0800
1150731,2026-07-31,上市,2543,皇昌,37.00,1.4500,36.55,37.30,36.55,1155000,42794400,645,TWSE_CSV,2026-07-31 14:15:36 +0800
1150731,2026-07-31,上市,2545,皇翔,32.80,0.1000,32.70,33.30,32.70,331000,10914400,214,TWSE_CSV,2026-07-31 14:15:36 +0800
1150731,2026-07-31,上市,2546,根基,101.50,3.0000,98.50,102.50,98.50,299000,30127200,231,TWSE_CSV,2026-07-31 14:15:36 +0800
1150731,2026-07-31,上市,2547,日勝生,10.50,0.1500,10.40,10.65,10.40,3023000,31891000,797,TWSE_CSV,2026-07-31 14:15:36 +0800
1150731,2026-07-31,上市,2548,華固,97.40,-1.7000,99.00,99.70,97.40,1865000,183223400,1376,TWSE_CSV,2026-07-31 14:15:36 +0800
1150731,2026-07-31,上市,2597,潤弘,163.50,2.0000,163.00,167.00,162.50,444000,72997500,368,TWSE_CSV,2026-07-31 14:15:36 +0800
1150731,2026-07-31,上市,2601,益航,6.16,0.0700,6.20,6.28,6.13,1643000,10159340,550,TWSE_CSV,2026-07-31 14:15:36 +0800
1150731,2026-07-31,上市,2603,長榮,204.00,3.0000,201.00,205.00,201.00,6703000,1365987000,3229,TWSE_CSV,2026-07-31 14:15:36 +0800
1150731,2026-07-31,上市,2605,新興,30.35,0.4000,30.35,31.50,30.35,3613000,110968150,2002,TWSE_CSV,2026-07-31 14:15:36 +0800
1150731,2026-07-31,上市,2606,裕民,62.60,1.9000,61.70,62.80,61.60,4405000,274394800,2117,TWSE_CSV,2026-07-31 14:15:36 +0800
1150731,2026-07-31,上市,2607,榮運,47.15,0.0000,47.50,48.45,47.15,772000,36861100,468,TWSE_CSV,2026-07-31 14:15:36 +0800
1150731,2026-07-31,上市,2608,嘉里大榮,29.10,-0.4500,29.75,29.75,29.05,532000,15547950,349,TWSE_CSV,2026-07-31 14:15:36 +0800
1150731,2026-07-31,上市,2609,陽明,50.80,0.8000,50.50,51.70,50.30,20229000,1029396300,7626,TWSE_CSV,2026-07-31 14:15:36 +0800
1150731,2026-07-31,上市,2610,華航,22.40,0.7000,22.00,22.65,21.95,76423000,1712869450,16440,TWSE_CSV,2026-07-31 14:15:36 +0800
1150731,2026-07-31,上市,2611,志信,13.35,0.2500,13.30,13.55,13.30,111000,1490250,78,TWSE_CSV,2026-07-31 14:15:36 +0800
1150731,2026-07-31,上市,2612,中航,51.10,1.1000,51.00,51.60,50.90,232000,11867900,153,TWSE_CSV,2026-07-31 14:15:36 +0800
1150731,2026-07-31,上市,2613,中櫃,20.05,-0.1000,20.15,20.40,20.05,467000,9434100,200,TWSE_CSV,2026-07-31 14:15:36 +0800
1150731,2026-07-31,上市,2614,東森,18.15,0.3000,18.05,18.25,18.00,1033000,18640450,303,TWSE_CSV,2026-07-31 14:15:36 +0800
1150731,2026-07-31,上市,2615,萬海,84.70,0.3000,85.50,87.00,84.50,9346000,799775300,5026,TWSE_CSV,2026-07-31 14:15:36 +0800
1150731,2026-07-31,上市,2616,山隆,13.35,0.0000,13.40,13.50,13.30,158000,2113900,117,TWSE_CSV,2026-07-31 14:15:36 +0800
1150731,2026-07-31,上市,2617,台航,28.45,0.3500,28.35,28.90,28.35,511000,14588100,384,TWSE_CSV,2026-07-31 14:15:36 +0800
1150731,2026-07-31,上市,2618,長榮航,43.30,1.5500,42.50,43.85,42.30,68661000,2973684000,18531,TWSE_CSV,2026-07-31 14:15:36 +0800
1150731,2026-07-31,上市,2630,亞航,48.30,2.3500,48.95,49.60,47.30,3186000,154142450,2008,TWSE_CSV,2026-07-31 14:15:36 +0800
1150731,2026-07-31,上市,2633,台灣高鐵,26.05,-0.2500,26.35,26.60,26.05,6657000,175556750,2123,TWSE_CSV,2026-07-31 14:15:36 +0800
1150731,2026-07-31,上市,2634,漢翔,61.90,3.3000,61.40,62.90,59.60,49036000,3011751300,23782,TWSE_CSV,2026-07-31 14:15:36 +0800
1150731,2026-07-31,上市,2636,台驊控股,66.30,1.1000,65.70,66.60,65.60,242000,16019100,183,TWSE_CSV,2026-07-31 14:15:36 +0800
1150731,2026-07-31,上市,2637,慧洋-KY,78.30,0.2000,78.60,81.20,78.30,2557000,203006900,1673,TWSE_CSV,2026-07-31 14:15:36 +0800
1150731,2026-07-31,上市,2642,宅配通,20.10,-0.0500,20.25,20.25,20.05,55000,1108100,45,TWSE_CSV,2026-07-31 14:15:36 +0800
1150731,2026-07-31,上市,2645,長榮航太,183.00,7.0000,185.00,186.00,180.50,3866000,710254000,2783,TWSE_CSV,2026-07-31 14:15:36 +0800
1150731,2026-07-31,上市,2646,星宇航空,21.65,0.1000,21.70,22.00,21.65,6896000,150514900,2938,TWSE_CSV,2026-07-31 14:15:36 +0800
1150731,2026-07-31,上市,2701,萬企,10.75,0.1500,10.65,10.75,10.60,127000,1354300,66,TWSE_CSV,2026-07-31 14:15:36 +0800
1150731,2026-07-31,上市,2702,華園,12.60,0.2000,12.60,12.60,12.35,59000,736500,48,TWSE_CSV,2026-07-31 14:15:36 +0800
1150731,2026-07-31,上市,2704,國賓,47.95,-0.0500,48.25,48.50,47.95,96000,4616500,72,TWSE_CSV,2026-07-31 14:15:36 +0800
1150731,2026-07-31,上市,2705,六福,16.15,0.1000,16.15,16.25,16.05,79000,1274600,58,TWSE_CSV,2026-07-31 14:15:36 +0800
1150731,2026-07-31,上市,2706,第一店,12.60,0.0500,12.65,12.65,12.50,190000,2390950,116,TWSE_CSV,2026-07-31 14:15:36 +0800
1150731,2026-07-31,上市,2707,晶華,178.00,-2.5000,181.50,181.50,177.50,511000,91398000,430,TWSE_CSV,2026-07-31 14:15:36 +0800
1150731,2026-07-31,上市,2712,遠雄來,14.85,0.4000,14.85,14.85,14.50,6000,88200,6,TWSE_CSV,2026-07-31 14:15:36 +0800
1150731,2026-07-31,上市,2722,夏都,21.75,0.8500,21.50,21.90,21.20,49000,1060400,39,TWSE_CSV,2026-07-31 14:15:36 +0800
1150731,2026-07-31,上市,2723,美食-KY,63.20,1.9000,62.20,63.60,62.00,441000,27829500,296,TWSE_CSV,2026-07-31 14:15:36 +0800
1150731,2026-07-31,上市,2727,王品,234.50,2.5000,233.50,242.00,232.00,1143000,270610000,860,TWSE_CSV,2026-07-31 14:15:36 +0800
1150731,2026-07-31,上市,2731,雄獅,147.00,2.5000,144.50,148.50,144.50,630000,92837500,471,TWSE_CSV,2026-07-31 14:15:36 +0800
1150731,2026-07-31,上市,2739,寒舍,35.25,0.4000,35.20,35.50,35.00,112000,3941650,75,TWSE_CSV,2026-07-31 14:15:36 +0800
1150731,2026-07-31,上市,2748,雲品,38.60,0.5000,38.70,38.85,38.10,126000,4863600,87,TWSE_CSV,2026-07-31 14:15:36 +0800
1150731,2026-07-31,上市,2753,八方雲集,181.50,2.5000,181.50,182.50,180.00,472000,85608500,302,TWSE_CSV,2026-07-31 14:15:36 +0800
1150731,2026-07-31,上市,2762,世界健身-KY,89.60,1.6000,88.70,91.20,88.70,125000,11251000,97,TWSE_CSV,2026-07-31 14:15:36 +0800
1150731,2026-07-31,上市,2801,彰銀,25.20,0.4000,24.90,25.70,24.85,72106000,1827221200,11690,TWSE_CSV,2026-07-31 14:15:36 +0800
1150731,2026-07-31,上市,2812,台中銀,20.50,-0.1500,20.75,20.85,20.50,35743000,739566800,5086,TWSE_CSV,2026-07-31 14:15:36 +0800
1150731,2026-07-31,上市,2816,旺旺保,33.75,0.7500,33.25,33.90,33.25,246000,8278400,119,TWSE_CSV,2026-07-31 14:15:36 +0800
1150731,2026-07-31,上市,2820,華票,16.75,0.1000,16.60,16.90,16.60,2553000,42891000,644,TWSE_CSV,2026-07-31 14:15:36 +0800
1150731,2026-07-31,上市,2832,台產,59.40,2.0000,57.40,59.80,57.40,509000,30003500,283,TWSE_CSV,2026-07-31 14:15:36 +0800
1150731,2026-07-31,上市,2834,臺企銀,18.20,0.1000,18.15,18.40,18.10,75472000,1377927900,11072,TWSE_CSV,2026-07-31 14:15:36 +0800
1150731,2026-07-31,上市,2836,高雄銀,12.10,-0.0500,12.25,12.30,12.05,3462000,41949550,1025,TWSE_CSV,2026-07-31 14:15:36 +0800
1150731,2026-07-31,上市,2838,聯邦銀,20.75,0.1500,20.70,21.10,20.70,3092000,64601550,1077,TWSE_CSV,2026-07-31 14:15:36 +0800
1150731,2026-07-31,上市,2845,遠東銀,13.50,0.0500,13.45,13.65,13.35,26191000,353490450,5636,TWSE_CSV,2026-07-31 14:15:36 +0800
1150731,2026-07-31,上市,2849,安泰銀,15.40,0.1000,15.25,15.45,15.15,313000,4787650,176,TWSE_CSV,2026-07-31 14:15:36 +0800
1150731,2026-07-31,上市,2850,新產,161.00,4.0000,158.00,164.50,158.00,1034000,167418500,486,TWSE_CSV,2026-07-31 14:15:36 +0800
1150731,2026-07-31,上市,2851,中再保,34.50,0.5000,34.45,35.15,34.30,2689000,93278900,1742,TWSE_CSV,2026-07-31 14:15:36 +0800
1150731,2026-07-31,上市,2852,第一保,27.00,0.4000,26.60,27.15,26.60,1130000,30519550,380,TWSE_CSV,2026-07-31 14:15:36 +0800
1150731,2026-07-31,上市,2855,統一證,43.30,3.2000,43.00,43.90,42.00,5150000,222484500,2323,TWSE_CSV,2026-07-31 14:15:36 +0800
1150731,2026-07-31,上市,2867,三商壽,9.90,0.3200,9.68,10.05,9.65,46910000,465775040,6077,TWSE_CSV,2026-07-31 14:15:36 +0800
1150731,2026-07-31,上市,2880,華南金,43.70,1.0500,42.20,45.15,42.20,36405000,1593111000,11762,TWSE_CSV,2026-07-31 14:15:36 +0800
1150731,2026-07-31,上市,2881,富邦金,130.00,6.0000,128.00,131.00,127.00,32399000,4196871500,10239,TWSE_CSV,2026-07-31 14:15:36 +0800
1150731,2026-07-31,上市,2882,國泰金,101.50,6.3000,97.00,102.50,96.80,40841000,4089301300,13991,TWSE_CSV,2026-07-31 14:15:36 +0800
1150731,2026-07-31,上市,2883,凱基金,30.85,1.9000,29.60,31.00,29.60,88071000,2691968650,15822,TWSE_CSV,2026-07-31 14:15:36 +0800
1150731,2026-07-31,上市,2884,玉山金,38.65,0.9500,37.75,39.10,37.55,53321000,2059793250,14889,TWSE_CSV,2026-07-31 14:15:36 +0800
1150731,2026-07-31,上市,2885,元大金,68.10,5.0000,64.40,69.00,64.30,44709000,3020784500,12324,TWSE_CSV,2026-07-31 14:15:36 +0800
1150731,2026-07-31,上市,2886,兆豐金,53.10,1.6000,51.50,53.70,51.00,43104000,2281997700,11626,TWSE_CSV,2026-07-31 14:15:36 +0800
1150731,2026-07-31,上市,2887,台新新光金,35.95,2.8000,33.95,36.00,33.75,94233000,3327729250,17638,TWSE_CSV,2026-07-31 14:15:36 +0800
1150731,2026-07-31,上市,2889,國票金,15.60,-0.0500,15.60,15.80,15.60,12588000,197737150,3493,TWSE_CSV,2026-07-31 14:15:36 +0800
1150731,2026-07-31,上市,2890,永豐金,40.60,1.7500,39.10,41.05,39.00,48970000,1977529750,12829,TWSE_CSV,2026-07-31 14:15:36 +0800
1150731,2026-07-31,上市,2891,中信金,64.90,1.8000,64.50,65.50,63.60,47877000,3092054800,12209,TWSE_CSV,2026-07-31 14:15:36 +0800
1150731,2026-07-31,上市,2892,第一金,36.75,1.2500,35.55,36.90,35.40,60314000,2203623350,13978,TWSE_CSV,2026-07-31 14:15:36 +0800
1150731,2026-07-31,上市,2897,王道銀行,10.25,0.0000,10.20,10.40,10.20,6512000,67209900,1208,TWSE_CSV,2026-07-31 14:15:36 +0800
1150731,2026-07-31,上市,2901,欣欣,24.20,0.4500,24.30,24.30,23.75,18000,431250,18,TWSE_CSV,2026-07-31 14:15:36 +0800
1150731,2026-07-31,上市,2903,遠百,22.15,-0.4000,22.50,22.70,22.15,2679000,59766500,1113,TWSE_CSV,2026-07-31 14:15:36 +0800
1150731,2026-07-31,上市,2904,匯僑,13.45,0.1500,13.35,13.45,13.25,31000,413150,24,TWSE_CSV,2026-07-31 14:15:36 +0800
1150731,2026-07-31,上市,2905,三商,17.10,0.5000,16.60,17.15,16.60,1722000,29314400,743,TWSE_CSV,2026-07-31 14:15:36 +0800
1150731,2026-07-31,上市,2906,高林,13.00,-0.2000,13.30,13.30,12.95,322000,4203100,135,TWSE_CSV,2026-07-31 14:15:36 +0800
1150731,2026-07-31,上市,2908,特力,22.10,0.1000,22.00,22.10,21.70,253000,5544550,114,TWSE_CSV,2026-07-31 14:15:36 +0800
1150731,2026-07-31,上市,2910,統領,25.70,-0.9500,26.25,27.00,24.80,139000,3559000,112,TWSE_CSV,2026-07-31 14:15:36 +0800
1150731,2026-07-31,上市,2911,麗嬰房,6.75,0.1200,6.70,6.97,6.65,105000,716540,72,TWSE_CSV,2026-07-31 14:15:36 +0800
1150731,2026-07-31,上市,2912,統一超,224.00,-6.0000,226.50,230.50,223.00,6207000,1396946000,3521,TWSE_CSV,2026-07-31 14:15:36 +0800
1150731,2026-07-31,上市,2913,農林,10.95,-0.1000,11.15,11.30,10.90,3913000,43357900,797,TWSE_CSV,2026-07-31 14:15:36 +0800
1150731,2026-07-31,上市,2915,潤泰全,52.20,0.8000,51.90,53.00,51.90,5515000,289146100,2291,TWSE_CSV,2026-07-31 14:15:36 +0800
1150731,2026-07-31,上市,2923,鼎固-KY,35.10,-1.8000,35.00,36.20,33.25,350000,12151450,265,TWSE_CSV,2026-07-31 14:15:36 +0800
1150731,2026-07-31,上市,2929,淘帝-KY,5.64,0.0500,5.61,5.80,5.61,79000,446280,44,TWSE_CSV,2026-07-31 14:15:36 +0800
1150731,2026-07-31,上市,2939,永邑-KY,19.45,0.3500,19.25,19.80,19.15,21000,406300,19,TWSE_CSV,2026-07-31 14:15:36 +0800
1150731,2026-07-31,上市,2945,三商家購,41.40,0.0500,41.00,41.50,41.00,6000,247400,6,TWSE_CSV,2026-07-31 14:15:36 +0800
1150731,2026-07-31,上市,3002,歐格,16.00,0.9000,15.80,16.15,15.80,96000,1536300,81,TWSE_CSV,2026-07-31 14:15:36 +0800
1150731,2026-07-31,上市,3003,健和興,55.20,1.7000,56.00,56.20,55.20,480000,26748800,293,TWSE_CSV,2026-07-31 14:15:36 +0800
1150731,2026-07-31,上市,3004,豐達科,135.00,9.5000,131.50,135.00,128.00,476000,62766500,346,TWSE_CSV,2026-07-31 14:15:36 +0800
1150731,2026-07-31,上市,3005,神基,114.00,4.0000,114.00,117.50,114.00,7853000,906152500,4115,TWSE_CSV,2026-07-31 14:15:36 +0800
1150731,2026-07-31,上市,3006,晶豪科,180.00,16.0000,180.00,180.00,180.00,1229000,221220000,742,TWSE_CSV,2026-07-31 14:15:36 +0800
1150731,2026-07-31,上市,3008,大立光,4035.00,320.0000,4000.00,4080.00,3880.00,2798000,11170380000,2576,TWSE_CSV,2026-07-31 14:15:36 +0800
1150731,2026-07-31,上市,3010,華立,112.50,4.5000,112.00,115.00,112.00,1024000,115953500,625,TWSE_CSV,2026-07-31 14:15:36 +0800
1150731,2026-07-31,上市,3011,今皓,11.60,0.3000,11.70,11.85,11.50,466000,5416150,184,TWSE_CSV,2026-07-31 14:15:36 +0800
1150731,2026-07-31,上市,3013,晟銘電,76.90,5.0000,76.00,79.00,75.30,1815000,139290200,1189,TWSE_CSV,2026-07-31 14:15:36 +0800
1150731,2026-07-31,上市,3014,聯陽,125.00,5.5000,126.00,127.00,123.50,1873000,234653500,1290,TWSE_CSV,2026-07-31 14:15:36 +0800
1150731,2026-07-31,上市,3015,全漢,52.90,4.0000,51.90,53.60,51.70,787000,41250300,618,TWSE_CSV,2026-07-31 14:15:36 +0800
1150731,2026-07-31,上市,3016,嘉晶,79.90,5.5000,81.80,81.80,76.90,5807000,460560600,3800,TWSE_CSV,2026-07-31 14:15:36 +0800
1150731,2026-07-31,上市,3017,奇鋐,2320.00,210.0000,2320.00,2320.00,2275.00,2353000,5440680000,1593,TWSE_CSV,2026-07-31 14:15:36 +0800
1150731,2026-07-31,上市,3018,隆銘綠能,15.50,-0.5000,16.05,16.05,14.45,210000,3183850,160,TWSE_CSV,2026-07-31 14:15:36 +0800
1150731,2026-07-31,上市,3019,亞光,128.00,9.0000,127.00,130.50,126.00,3765000,482659000,2565,TWSE_CSV,2026-07-31 14:15:36 +0800
1150731,2026-07-31,上市,3021,鴻名,20.15,1.0500,20.00,20.45,19.90,282000,5679150,176,TWSE_CSV,2026-07-31 14:15:36 +0800
1150731,2026-07-31,上市,3022,威強電,85.00,1.5000,85.50,88.90,83.30,3860000,329963700,2050,TWSE_CSV,2026-07-31 14:15:36 +0800
1150731,2026-07-31,上市,3023,信邦,296.00,23.0000,281.50,300.00,281.50,5052000,1498651000,1687,TWSE_CSV,2026-07-31 14:15:36 +0800
1150731,2026-07-31,上市,3024,憶聲,12.10,0.2500,12.40,12.50,12.10,911000,11122100,386,TWSE_CSV,2026-07-31 14:15:36 +0800
1150731,2026-07-31,上市,3025,星通,53.90,3.7000,54.70,54.70,52.30,175000,9322900,128,TWSE_CSV,2026-07-31 14:15:36 +0800
1150731,2026-07-31,上市,3026,禾伸堂,450.00,22.5000,470.00,470.00,416.50,5885000,2623472500,1986,TWSE_CSV,2026-07-31 14:15:36 +0800
1150731,2026-07-31,上市,3027,盛達,18.35,0.8500,18.00,18.40,17.70,372000,6720650,237,TWSE_CSV,2026-07-31 14:15:36 +0800
1150731,2026-07-31,上市,3028,增你強,61.50,4.4000,61.30,61.90,60.40,1615000,98819800,1101,TWSE_CSV,2026-07-31 14:15:36 +0800
1150731,2026-07-31,上市,3029,零壹,109.50,8.0000,104.00,110.00,104.00,4116000,443065500,2558,TWSE_CSV,2026-07-31 14:15:36 +0800
1150731,2026-07-31,上市,3030,德律,268.50,19.5000,267.00,273.00,265.00,1436000,386845000,1006,TWSE_CSV,2026-07-31 14:15:36 +0800
1150731,2026-07-31,上市,3031,佰鴻,21.00,1.0500,20.65,21.05,20.35,995000,20662300,627,TWSE_CSV,2026-07-31 14:15:36 +0800
1150731,2026-07-31,上市,3032,偉訓,78.20,6.3000,74.00,78.70,74.00,559000,43266600,410,TWSE_CSV,2026-07-31 14:15:36 +0800
1150731,2026-07-31,上市,3033,威健,44.30,2.2000,44.95,45.50,43.90,5142000,228900200,2907,TWSE_CSV,2026-07-31 14:15:36 +0800
1150731,2026-07-31,上市,3034,聯詠,519.00,28.0000,530.00,531.00,504.00,7324000,3784789000,4745,TWSE_CSV,2026-07-31 14:15:36 +0800
1150731,2026-07-31,上市,3035,智原,149.50,-1.0000,160.00,162.50,148.50,19035000,2913253000,12284,TWSE_CSV,2026-07-31 14:15:36 +0800
1150731,2026-07-31,上市,3036,文曄,196.50,13.0000,190.00,201.50,189.50,10638000,2090402000,6486,TWSE_CSV,2026-07-31 14:15:36 +0800
1150731,2026-07-31,上市,3037,欣興,787.00,71.0000,787.00,787.00,787.00,2898000,2280726000,1438,TWSE_CSV,2026-07-31 14:15:36 +0800
1150731,2026-07-31,上市,3038,全台,20.80,0.9500,20.00,20.80,20.00,310000,6360200,235,TWSE_CSV,2026-07-31 14:15:36 +0800
1150731,2026-07-31,上市,3040,遠見,35.00,-0.4000,36.25,36.25,34.85,94000,3310150,74,TWSE_CSV,2026-07-31 14:15:36 +0800
1150731,2026-07-31,上市,3041,揚智,21.55,1.4000,21.20,21.65,21.05,923000,19692300,503,TWSE_CSV,2026-07-31 14:15:36 +0800
1150731,2026-07-31,上市,3042,晶技,149.50,12.5000,150.00,150.50,142.50,23888000,3509697000,13283,TWSE_CSV,2026-07-31 14:15:36 +0800
1150731,2026-07-31,上市,3043,科風,19.50,0.8500,19.40,19.55,18.90,41000,791100,36,TWSE_CSV,2026-07-31 14:15:36 +0800
1150731,2026-07-31,上市,3044,健鼎,369.00,27.0000,374.00,374.00,362.50,3306000,1217983000,2235,TWSE_CSV,2026-07-31 14:15:36 +0800
1150731,2026-07-31,上市,3045,台灣大,112.50,-1.5000,113.50,114.50,112.50,19855000,2246260500,4563,TWSE_CSV,2026-07-31 14:15:36 +0800
1150731,2026-07-31,上市,3046,建碁,51.80,0.9000,52.00,52.80,51.70,303000,15833000,221,TWSE_CSV,2026-07-31 14:15:36 +0800
1150731,2026-07-31,上市,3047,訊舟,13.80,0.6000,13.60,14.15,13.60,1284000,17789950,607,TWSE_CSV,2026-07-31 14:15:36 +0800
1150731,2026-07-31,上市,3048,益登,46.25,3.5000,46.80,46.85,45.30,2085000,95783350,1292,TWSE_CSV,2026-07-31 14:15:36 +0800
1150731,2026-07-31,上市,3049,精金,10.00,0.6700,9.70,10.00,9.68,2946000,29034440,1137,TWSE_CSV,2026-07-31 14:15:36 +0800
1150731,2026-07-31,上市,3050,鈺德,11.20,0.4000,11.05,11.20,10.95,506000,5606250,216,TWSE_CSV,2026-07-31 14:15:36 +0800
1150731,2026-07-31,上市,3051,力特,22.15,1.8000,22.00,22.20,21.35,513000,11176550,294,TWSE_CSV,2026-07-31 14:15:36 +0800
1150731,2026-07-31,上市,3052,夆典,10.55,0.1000,10.55,10.60,10.50,252000,2656350,107,TWSE_CSV,2026-07-31 14:15:36 +0800
1150731,2026-07-31,上市,3054,立萬利,48.45,2.9000,48.00,49.15,47.10,103000,4990400,64,TWSE_CSV,2026-07-31 14:15:36 +0800
1150731,2026-07-31,上市,3055,蔚華科,90.40,-2.8000,102.50,102.50,88.10,931000,86495600,634,TWSE_CSV,2026-07-31 14:15:36 +0800
1150731,2026-07-31,上市,3056,富華新,14.00,0.0000,14.10,14.20,13.90,894000,12593800,398,TWSE_CSV,2026-07-31 14:15:36 +0800
1150731,2026-07-31,上市,3057,喬鼎,14.30,0.8000,14.20,14.85,13.75,122000,1767900,88,TWSE_CSV,2026-07-31 14:15:36 +0800
1150731,2026-07-31,上市,3058,立德,8.26,0.2100,8.28,8.44,8.21,231000,1910270,129,TWSE_CSV,2026-07-31 14:15:36 +0800
1150731,2026-07-31,上市,3059,華晶科,38.30,2.0500,38.20,38.50,37.65,1900000,72443150,1035,TWSE_CSV,2026-07-31 14:15:36 +0800
1150731,2026-07-31,上市,3060,銘異,27.15,1.7500,27.35,27.60,26.70,1464000,39714200,804,TWSE_CSV,2026-07-31 14:15:36 +0800
1150731,2026-07-31,上市,3062,建漢,19.30,0.9500,19.00,19.35,18.80,1769000,33846900,999,TWSE_CSV,2026-07-31 14:15:36 +0800
1150731,2026-07-31,上市,3090,日電貿,125.00,11.0000,125.00,125.00,121.00,2105000,261245500,816,TWSE_CSV,2026-07-31 14:15:36 +0800
1150731,2026-07-31,上市,3092,鴻碩,22.65,1.0000,22.60,23.10,22.40,226000,5129450,166,TWSE_CSV,2026-07-31 14:15:36 +0800
1150731,2026-07-31,上市,3094,聯傑,34.85,3.1500,34.55,34.85,34.15,2222000,76943200,1062,TWSE_CSV,2026-07-31 14:15:36 +0800
1150731,2026-07-31,上市,3130,一零四,203.00,-0.5000,204.00,204.00,203.00,42000,8548500,39,TWSE_CSV,2026-07-31 14:15:36 +0800
1150731,2026-07-31,上市,3135,凌航,153.00,13.5000,151.50,153.00,151.50,1380000,210557000,925,TWSE_CSV,2026-07-31 14:15:36 +0800
1150731,2026-07-31,上市,3138,耀登,86.00,4.2000,86.60,88.70,84.50,347000,29811000,281,TWSE_CSV,2026-07-31 14:15:36 +0800
1150731,2026-07-31,上市,3149,正達,65.90,4.2000,67.50,67.80,64.90,8485000,567769400,3763,TWSE_CSV,2026-07-31 14:15:36 +0800
1150731,2026-07-31,上市,3150,鈺寶-創,16.20,1.2000,15.60,16.40,15.60,67000,1069850,51,TWSE_CSV,2026-07-31 14:15:36 +0800
1150731,2026-07-31,上市,3164,景岳,16.50,0.2000,16.30,16.50,16.25,33000,538050,17,TWSE_CSV,2026-07-31 14:15:36 +0800
1150731,2026-07-31,上市,3167,大量,486.00,44.0000,486.00,486.00,460.50,2154000,1035151500,969,TWSE_CSV,2026-07-31 14:15:36 +0800
1150731,2026-07-31,上市,3168,眾福科,41.15,0.8500,41.50,41.70,40.60,51000,2089450,30,TWSE_CSV,2026-07-31 14:15:36 +0800
1150731,2026-07-31,上市,3189,景碩,635.00,57.0000,635.00,635.00,635.00,1308000,830580000,868,TWSE_CSV,2026-07-31 14:15:36 +0800
1150731,2026-07-31,上市,3209,全科,55.80,3.5000,54.60,56.60,54.20,1406000,78300100,917,TWSE_CSV,2026-07-31 14:15:36 +0800
1150731,2026-07-31,上市,3229,晟鈦,43.15,3.9000,40.20,43.15,40.20,855000,36284000,407,TWSE_CSV,2026-07-31 14:15:36 +0800
1150731,2026-07-31,上市,3231,緯創,176.00,16.0000,176.00,176.00,165.50,137434000,23720855000,62618,TWSE_CSV,2026-07-31 14:15:36 +0800
1150731,2026-07-31,上市,3257,虹冠電,50.50,3.6500,49.25,51.40,48.90,316000,15852950,218,TWSE_CSV,2026-07-31 14:15:36 +0800
1150731,2026-07-31,上市,3266,昇陽,13.95,0.0500,13.80,14.00,13.80,65000,905850,50,TWSE_CSV,2026-07-31 14:15:36 +0800
1150731,2026-07-31,上市,3296,勝德,21.80,0.1500,21.70,23.10,21.70,129000,2871500,98,TWSE_CSV,2026-07-31 14:15:36 +0800
1150731,2026-07-31,上市,3305,昇貿,98.40,7.9000,96.70,98.40,95.10,1689000,163966900,1229,TWSE_CSV,2026-07-31 14:15:36 +0800
1150731,2026-07-31,上市,3308,聯德,19.50,0.9500,18.90,19.50,18.90,52000,1003700,38,TWSE_CSV,2026-07-31 14:15:36 +0800
1150731,2026-07-31,上市,3311,閎暉,32.65,1.1000,32.40,33.00,32.30,135000,4392100,102,TWSE_CSV,2026-07-31 14:15:36 +0800
1150731,2026-07-31,上市,3312,弘憶股,43.10,3.4500,42.00,43.15,41.70,1093000,46396500,710,TWSE_CSV,2026-07-31 14:15:36 +0800
1150731,2026-07-31,上市,3321,同泰,17.90,1.0000,17.50,18.00,17.50,156000,2768550,87,TWSE_CSV,2026-07-31 14:15:36 +0800
1150731,2026-07-31,上市,3338,泰碩,58.00,3.2000,57.80,58.90,57.60,248000,14423700,188,TWSE_CSV,2026-07-31 14:15:36 +0800
1150731,2026-07-31,上市,3346,麗清,19.00,0.8000,18.90,19.25,18.75,414000,7853350,210,TWSE_CSV,2026-07-31 14:15:36 +0800
1150731,2026-07-31,上市,3356,奇偶,57.70,3.7000,55.60,57.70,55.60,389000,22180500,257,TWSE_CSV,2026-07-31 14:15:36 +0800
1150731,2026-07-31,上市,3376,新日興,171.00,11.0000,170.00,174.00,168.00,2798000,478300000,1809,TWSE_CSV,2026-07-31 14:15:36 +0800
1150731,2026-07-31,上市,3380,明泰,27.45,1.5500,27.85,27.95,27.05,1176000,32317750,723,TWSE_CSV,2026-07-31 14:15:36 +0800
1150731,2026-07-31,上市,3406,玉晶光,481.00,33.5000,480.00,485.00,471.00,1819000,870463500,1481,TWSE_CSV,2026-07-31 14:15:36 +0800
1150731,2026-07-31,上市,3413,京鼎,298.00,15.5000,307.50,307.50,292.00,3490000,1044041500,2505,TWSE_CSV,2026-07-31 14:15:36 +0800
1150731,2026-07-31,上市,3416,融程電,165.50,6.0000,166.00,169.50,162.00,446000,73559000,376,TWSE_CSV,2026-07-31 14:15:36 +0800
1150731,2026-07-31,上市,3419,譁裕,11.90,0.3000,11.65,12.15,11.60,87000,1039050,59,TWSE_CSV,2026-07-31 14:15:36 +0800
1150731,2026-07-31,上市,3432,台端,15.80,0.9500,16.20,16.20,15.10,36000,565100,27,TWSE_CSV,2026-07-31 14:15:36 +0800
1150731,2026-07-31,上市,3437,榮創,16.75,1.4000,16.20,16.85,16.00,572000,9418150,340,TWSE_CSV,2026-07-31 14:15:36 +0800
1150731,2026-07-31,上市,3443,創意,3805.00,345.0000,3805.00,3805.00,3805.00,717000,2728185000,291,TWSE_CSV,2026-07-31 14:15:36 +0800
1150731,2026-07-31,上市,3447,展達,27.05,1.3000,26.95,27.05,26.60,155000,4164850,121,TWSE_CSV,2026-07-31 14:15:36 +0800
1150731,2026-07-31,上市,3450,聯鈞,372.00,33.5000,372.00,372.00,364.50,2806000,1039016500,1868,TWSE_CSV,2026-07-31 14:15:36 +0800
1150731,2026-07-31,上市,3481,群創,45.50,4.1000,45.35,45.50,44.10,363134000,16358482500,113866,TWSE_CSV,2026-07-31 14:15:36 +0800
1150731,2026-07-31,上市,3494,誠研,7.02,-0.1000,7.37,7.37,7.00,67000,474370,45,TWSE_CSV,2026-07-31 14:15:36 +0800
1150731,2026-07-31,上市,3501,維熹,39.95,0.0500,40.90,40.90,39.95,318000,12795100,212,TWSE_CSV,2026-07-31 14:15:36 +0800
1150731,2026-07-31,上市,3504,揚明光,68.50,6.2000,66.80,68.50,65.40,2138000,144602200,1274,TWSE_CSV,2026-07-31 14:15:36 +0800
1150731,2026-07-31,上市,3515,華擎,194.50,5.0000,195.50,198.00,194.50,416000,81588000,320,TWSE_CSV,2026-07-31 14:15:36 +0800
1150731,2026-07-31,上市,3518,柏騰,25.30,1.9000,24.50,25.45,24.25,321000,7986150,218,TWSE_CSV,2026-07-31 14:15:36 +0800
1150731,2026-07-31,上市,3528,安馳,83.30,5.3000,82.30,83.80,80.20,539000,44188000,455,TWSE_CSV,2026-07-31 14:15:36 +0800
1150731,2026-07-31,上市,3530,晶相光,53.30,3.2000,52.00,54.90,52.00,147000,7745100,124,TWSE_CSV,2026-07-31 14:15:36 +0800
1150731,2026-07-31,上市,3532,台勝科,271.50,-6.0000,305.00,305.00,269.50,2560000,715827500,1366,TWSE_CSV,2026-07-31 14:15:36 +0800
1150731,2026-07-31,上市,3533,嘉澤,1855.00,165.0000,1855.00,1855.00,1795.00,1097000,2022925000,917,TWSE_CSV,2026-07-31 14:15:36 +0800
1150731,2026-07-31,上市,3535,晶彩科,77.10,7.0000,77.00,77.10,76.70,296000,22809700,196,TWSE_CSV,2026-07-31 14:15:36 +0800
1150731,2026-07-31,上市,3543,州巧,33.05,3.0000,30.50,33.05,30.30,5509000,175622400,3001,TWSE_CSV,2026-07-31 14:15:36 +0800
1150731,2026-07-31,上市,3545,敦泰,48.95,4.4500,47.70,48.95,47.20,1571000,76342400,823,TWSE_CSV,2026-07-31 14:15:36 +0800
1150731,2026-07-31,上市,3550,聯穎,19.75,1.2500,19.65,19.85,19.35,963000,18898350,617,TWSE_CSV,2026-07-31 14:15:36 +0800
1150731,2026-07-31,上市,3557,嘉威,25.20,0.2000,25.20,25.50,24.80,55000,1374800,36,TWSE_CSV,2026-07-31 14:15:36 +0800
1150731,2026-07-31,上市,3563,牧德,614.00,53.0000,617.00,617.00,592.00,559000,339496000,503,TWSE_CSV,2026-07-31 14:15:36 +0800
1150731,2026-07-31,上市,3576,聯合再生,16.30,0.6500,16.50,16.80,16.30,9793000,161080150,3920,TWSE_CSV,2026-07-31 14:15:36 +0800
1150731,2026-07-31,上市,3583,辛耘,650.00,56.0000,653.00,653.00,636.00,790000,511738000,674,TWSE_CSV,2026-07-31 14:15:36 +0800
1150731,2026-07-31,上市,3588,通嘉,49.70,3.4000,49.00,50.20,48.20,327000,16124400,221,TWSE_CSV,2026-07-31 14:15:36 +0800
1150731,2026-07-31,上市,3591,艾笛森,19.85,1.8000,18.85,19.85,18.85,1043000,20314650,495,TWSE_CSV,2026-07-31 14:15:36 +0800
1150731,2026-07-31,上市,3592,瑞鼎,227.50,8.0000,232.00,233.50,225.50,670000,152607000,542,TWSE_CSV,2026-07-31 14:15:36 +0800
1150731,2026-07-31,上市,3593,力銘,12.90,0.0500,12.55,12.90,12.55,44000,557450,32,TWSE_CSV,2026-07-31 14:15:36 +0800
1150731,2026-07-31,上市,3596,智易,172.50,4.0000,177.50,177.50,172.50,1588000,276684500,1066,TWSE_CSV,2026-07-31 14:15:36 +0800
1150731,2026-07-31,上市,3605,宏致,79.00,0.7000,84.20,85.20,77.50,9970000,798237600,6407,TWSE_CSV,2026-07-31 14:15:36 +0800
1150731,2026-07-31,上市,3607,谷崧,14.10,0.6000,13.90,14.20,13.85,375000,5256100,189,TWSE_CSV,2026-07-31 14:15:36 +0800
1150731,2026-07-31,上市,3617,碩天,216.00,16.0000,208.00,220.00,208.00,638000,137666000,500,TWSE_CSV,2026-07-31 14:15:36 +0800
1150731,2026-07-31,上市,3622,洋華,53.00,2.2000,52.20,53.50,52.20,275000,14561100,188,TWSE_CSV,2026-07-31 14:15:36 +0800
1150731,2026-07-31,上市,3645,達邁,66.10,6.0000,64.70,66.10,64.20,1272000,83331700,830,TWSE_CSV,2026-07-31 14:15:36 +0800
1150731,2026-07-31,上市,3652,精聯,29.30,0.9000,29.60,29.90,29.00,200000,5866100,128,TWSE_CSV,2026-07-31 14:15:36 +0800
1150731,2026-07-31,上市,3653,健策,3445.00,310.0000,3440.00,3445.00,3330.00,871000,2972765000,724,TWSE_CSV,2026-07-31 14:15:36 +0800
1150731,2026-07-31,上市,3661,世芯-KY,3060.00,275.0000,3060.00,3060.00,2945.00,3135000,9508115000,2116,TWSE_CSV,2026-07-31 14:15:36 +0800
1150731,2026-07-31,上市,3665,貿聯-KY,2100.00,190.0000,2100.00,2100.00,2035.00,2346000,4904515000,1770,TWSE_CSV,2026-07-31 14:15:36 +0800
1150731,2026-07-31,上市,3669,圓展,39.25,1.7000,39.35,40.70,38.10,546000,21400350,418,TWSE_CSV,2026-07-31 14:15:36 +0800
1150731,2026-07-31,上市,3673,TPK-KY,54.70,4.1000,54.70,55.00,53.40,4547000,247222500,2427,TWSE_CSV,2026-07-31 14:15:36 +0800
1150731,2026-07-31,上市,3679,新至陞,110.00,0.5000,110.50,113.00,109.50,140000,15588000,123,TWSE_CSV,2026-07-31 14:15:36 +0800
1150731,2026-07-31,上市,3686,達能,14.60,0.6500,14.25,14.70,14.05,154000,2209200,101,TWSE_CSV,2026-07-31 14:15:36 +0800
1150731,2026-07-31,上市,3694,海華,53.10,4.1000,52.40,53.20,51.30,1003000,52453700,681,TWSE_CSV,2026-07-31 14:15:36 +0800
1150731,2026-07-31,上市,3701,大眾控,36.00,2.5000,35.00,36.50,35.00,549000,19677100,379,TWSE_CSV,2026-07-31 14:15:36 +0800
1150731,2026-07-31,上市,3702,大聯大,112.50,7.0000,110.50,113.50,109.50,10979000,1231774000,4821,TWSE_CSV,2026-07-31 14:15:36 +0800
1150731,2026-07-31,上市,3703,欣陸,20.60,0.0000,20.60,21.00,20.60,1401000,29171050,484,TWSE_CSV,2026-07-31 14:15:36 +0800
1150731,2026-07-31,上市,3704,合勤控,41.40,1.5000,42.30,42.80,40.45,1433000,59245650,980,TWSE_CSV,2026-07-31 14:15:36 +0800
1150731,2026-07-31,上市,3705,永信,53.60,-0.4000,54.30,54.40,53.60,745000,39974600,156,TWSE_CSV,2026-07-31 14:15:36 +0800
1150731,2026-07-31,上市,3706,神達,87.40,3.3000,87.90,90.00,87.40,12392000,1092786200,6150,TWSE_CSV,2026-07-31 14:15:36 +0800
1150731,2026-07-31,上市,3708,上緯投控,91.90,4.1000,90.70,92.20,90.00,363000,33148600,282,TWSE_CSV,2026-07-31 14:15:36 +0800
1150731,2026-07-31,上市,3711,日月光投控,555.00,50.0000,555.00,555.00,555.00,7259000,4028745000,1865,TWSE_CSV,2026-07-31 14:15:36 +0800
1150731,2026-07-31,上市,3712,永崴投控,18.00,1.6000,17.00,18.00,16.75,760000,13237150,347,TWSE_CSV,2026-07-31 14:15:36 +0800
1150731,2026-07-31,上市,3714,富采,48.05,2.5000,48.85,49.00,47.40,6447000,310811700,3375,TWSE_CSV,2026-07-31 14:15:36 +0800
1150731,2026-07-31,上市,3715,定穎投控,99.90,9.0000,99.50,99.90,97.60,3804000,377593100,2203,TWSE_CSV,2026-07-31 14:15:36 +0800
1150731,2026-07-31,上市,3716,中化控股,32.80,-0.1500,32.95,33.40,32.80,204000,6721900,132,TWSE_CSV,2026-07-31 14:15:36 +0800
1150731,2026-07-31,上市,3717,聯嘉投控,22.10,1.8000,21.50,22.30,21.30,3018000,66249550,1220,TWSE_CSV,2026-07-31 14:15:36 +0800
1150731,2026-07-31,上市,4104,佳醫,70.80,-0.2000,71.20,71.30,70.60,158000,11218900,121,TWSE_CSV,2026-07-31 14:15:36 +0800
1150731,2026-07-31,上市,4106,雃博,23.70,0.5500,23.30,23.70,23.15,121000,2834950,84,TWSE_CSV,2026-07-31 14:15:36 +0800
1150731,2026-07-31,上市,4108,懷特,11.30,0.1500,11.15,11.40,11.15,118000,1324850,78,TWSE_CSV,2026-07-31 14:15:36 +0800
1150731,2026-07-31,上市,4119,旭富,47.35,-0.6500,47.70,49.70,47.20,197000,9437050,133,TWSE_CSV,2026-07-31 14:15:36 +0800
1150731,2026-07-31,上市,4133,亞諾法,21.05,0.1500,21.30,21.35,20.75,255000,5348850,160,TWSE_CSV,2026-07-31 14:15:36 +0800
1150731,2026-07-31,上市,4137,麗豐-KY,96.10,2.2000,94.00,96.60,94.00,205000,19612600,176,TWSE_CSV,2026-07-31 14:15:36 +0800
1150731,2026-07-31,上市,4142,國光生,16.55,0.0000,16.85,16.95,16.55,1051000,17553200,549,TWSE_CSV,2026-07-31 14:15:36 +0800
1150731,2026-07-31,上市,4148,全宇生技-KY,30.60,0.2500,30.95,30.95,30.15,15000,456800,15,TWSE_CSV,2026-07-31 14:15:36 +0800
1150731,2026-07-31,上市,4155,訊映,14.40,0.0000,14.75,14.75,14.40,154000,2238050,97,TWSE_CSV,2026-07-31 14:15:36 +0800
1150731,2026-07-31,上市,4164,承業醫,26.05,0.0500,26.50,26.70,25.90,499000,13040900,340,TWSE_CSV,2026-07-31 14:15:36 +0800
1150731,2026-07-31,上市,4169,泰宗,165.00,2.0000,156.00,165.00,147.00,1423000,217765500,924,TWSE_CSV,2026-07-31 14:15:36 +0800
1150731,2026-07-31,上市,4178,永笙-KY,17.30,0.3000,17.45,17.45,17.20,121000,2095100,81,TWSE_CSV,2026-07-31 14:15:36 +0800
1150731,2026-07-31,上市,4190,佐登-KY,25.85,0.4000,25.35,26.00,25.30,25000,644050,20,TWSE_CSV,2026-07-31 14:15:36 +0800
1150731,2026-07-31,上市,4195,基米-創,15.30,0.2000,15.70,15.70,15.25,70000,1077950,47,TWSE_CSV,2026-07-31 14:15:36 +0800
1150731,2026-07-31,上市,4306,炎洲,14.35,0.3000,14.45,14.60,14.20,1535000,22094850,468,TWSE_CSV,2026-07-31 14:15:36 +0800
1150731,2026-07-31,上市,4414,如興,8.40,0.0300,8.39,8.51,8.30,122000,1023220,75,TWSE_CSV,2026-07-31 14:15:36 +0800
1150731,2026-07-31,上市,4426,利勤,8.03,0.0700,7.96,8.13,7.96,98000,786090,56,TWSE_CSV,2026-07-31 14:15:36 +0800
1150731,2026-07-31,上市,4438,廣越,60.70,0.0000,61.40,61.40,60.60,21000,1275300,17,TWSE_CSV,2026-07-31 14:15:36 +0800
1150731,2026-07-31,上市,4439,冠星-KY,102.00,2.0000,102.00,103.00,99.90,36000,3622800,21,TWSE_CSV,2026-07-31 14:15:36 +0800
1150731,2026-07-31,上市,4440,宜新實業,17.55,0.2000,17.45,17.55,17.40,22000,384450,16,TWSE_CSV,2026-07-31 14:15:36 +0800
1150731,2026-07-31,上市,4441,振大環球,174.00,4.0000,174.50,175.00,172.00,33000,5748500,32,TWSE_CSV,2026-07-31 14:15:36 +0800
1150731,2026-07-31,上市,4526,東台,26.90,1.7000,26.60,27.20,26.50,1252000,33586850,770,TWSE_CSV,2026-07-31 14:15:36 +0800
1150731,2026-07-31,上市,4532,瑞智,23.65,0.1500,23.70,24.00,23.45,1080000,25586900,677,TWSE_CSV,2026-07-31 14:15:36 +0800
1150731,2026-07-31,上市,4536,拓凱,165.50,1.0000,167.00,169.50,165.00,266000,44501000,205,TWSE_CSV,2026-07-31 14:15:36 +0800
1150731,2026-07-31,上市,4540,全球傳動,45.35,3.1500,45.20,46.15,44.65,845000,38465100,596,TWSE_CSV,2026-07-31 14:15:36 +0800
1150731,2026-07-31,上市,4545,銘鈺,31.95,1.4500,32.40,32.40,31.55,43000,1366300,36,TWSE_CSV,2026-07-31 14:15:36 +0800
1150731,2026-07-31,上市,4551,智伸科,163.00,14.5000,163.00,163.00,163.00,153000,24939000,91,TWSE_CSV,2026-07-31 14:15:36 +0800
1150731,2026-07-31,上市,4552,力達-KY,17.60,0.3500,18.00,18.00,16.90,472000,8250400,146,TWSE_CSV,2026-07-31 14:15:36 +0800
1150731,2026-07-31,上市,4555,氣立,40.45,2.1000,40.00,40.55,39.30,188000,7542600,134,TWSE_CSV,2026-07-31 14:15:36 +0800
1150731,2026-07-31,上市,4557,永新-KY,50.50,0.4000,51.40,51.40,49.50,53000,2657050,19,TWSE_CSV,2026-07-31 14:15:36 +0800
1150731,2026-07-31,上市,4560,強信-KY,31.50,0.0500,31.55,32.20,31.30,417000,13195200,130,TWSE_CSV,2026-07-31 14:15:36 +0800
1150731,2026-07-31,上市,4562,穎漢,29.00,1.2000,29.00,29.40,28.00,167000,4827100,129,TWSE_CSV,2026-07-31 14:15:36 +0800
1150731,2026-07-31,上市,4564,元翎,16.50,0.6000,16.80,17.15,16.25,1309000,21671500,725,TWSE_CSV,2026-07-31 14:15:36 +0800
1150731,2026-07-31,上市,4566,時碩工業,66.40,3.6000,65.20,67.40,63.30,2508000,164434600,1739,TWSE_CSV,2026-07-31 14:15:36 +0800
1150731,2026-07-31,上市,4569,六方科-KY,157.00,7.0000,159.00,159.00,155.00,55000,8622000,49,TWSE_CSV,2026-07-31 14:15:36 +0800
1150731,2026-07-31,上市,4571,鈞興-KY,147.50,9.0000,146.00,148.50,144.00,146000,21409500,129,TWSE_CSV,2026-07-31 14:15:36 +0800
1150731,2026-07-31,上市,4572,駐龍,143.50,5.0000,141.50,143.50,139.00,20000,2812000,20,TWSE_CSV,2026-07-31 14:15:36 +0800
1150731,2026-07-31,上市,4576,大銀微系統,180.50,16.0000,178.00,180.50,174.00,776000,138370500,591,TWSE_CSV,2026-07-31 14:15:36 +0800
1150731,2026-07-31,上市,4581,光隆精密-KY,50.90,0.9000,50.40,50.90,50.40,2000,101300,2,TWSE_CSV,2026-07-31 14:15:36 +0800
1150731,2026-07-31,上市,4582,聚恆-創,27.35,0.6500,27.30,27.55,26.75,107000,2888650,70,TWSE_CSV,2026-07-31 14:15:36 +0800
1150731,2026-07-31,上市,4583,台灣精銳,445.00,-5.5000,461.50,478.50,424.00,649000,284887500,557,TWSE_CSV,2026-07-31 14:15:36 +0800
1150731,2026-07-31,上市,4585,達明,282.50,12.5000,283.00,287.50,275.50,144000,40429000,133,TWSE_CSV,2026-07-31 14:15:36 +0800
1150731,2026-07-31,上市,4588,玖鼎電力,50.50,1.5000,50.50,51.20,50.10,46000,2329200,37,TWSE_CSV,2026-07-31 14:15:36 +0800
1150731,2026-07-31,上市,4590,富田-創,80.50,3.0000,79.10,81.90,79.10,129000,10390200,104,TWSE_CSV,2026-07-31 14:15:36 +0800
1150731,2026-07-31,上市,4720,德淵,18.50,1.0000,18.50,18.65,18.30,659000,12182800,329,TWSE_CSV,2026-07-31 14:15:36 +0800
1150731,2026-07-31,上市,4722,國精化,170.50,10.0000,176.50,176.50,166.00,1235000,210979500,922,TWSE_CSV,2026-07-31 14:15:36 +0800
1150731,2026-07-31,上市,4736,泰博,128.50,1.5000,128.00,130.50,128.00,138000,17813000,99,TWSE_CSV,2026-07-31 14:15:36 +0800
1150731,2026-07-31,上市,4737,華廣,56.00,-0.2000,56.20,56.70,55.40,71000,3970000,64,TWSE_CSV,2026-07-31 14:15:36 +0800
1150731,2026-07-31,上市,4739,康普,76.00,6.9000,74.80,76.00,73.60,1063000,80110400,663,TWSE_CSV,2026-07-31 14:15:36 +0800
1150731,2026-07-31,上市,4746,台耀,50.70,1.3500,50.90,51.90,50.40,752000,38481700,440,TWSE_CSV,2026-07-31 14:15:36 +0800
1150731,2026-07-31,上市,4755,三福化,108.00,4.5000,109.50,111.00,107.50,369000,40155500,240,TWSE_CSV,2026-07-31 14:15:36 +0800
1150731,2026-07-31,上市,4763,材料*-KY,48.25,0.6500,49.75,50.80,47.80,10438000,510448250,4934,TWSE_CSV,2026-07-31 14:15:36 +0800
1150731,2026-07-31,上市,4764,雙鍵,260.00,23.5000,260.00,260.00,253.50,944000,244302000,667,TWSE_CSV,2026-07-31 14:15:36 +0800
1150731,2026-07-31,上市,4766,南寶,308.50,0.0000,325.00,327.00,308.50,1369000,426061000,417,TWSE_CSV,2026-07-31 14:15:36 +0800
1150731,2026-07-31,上市,4770,上品,214.50,2.5000,219.50,222.50,214.00,210000,45460000,180,TWSE_CSV,2026-07-31 14:15:36 +0800
1150731,2026-07-31,上市,4771,望隼,182.00,0.5000,184.00,187.00,181.50,147000,27074000,116,TWSE_CSV,2026-07-31 14:15:36 +0800
1150731,2026-07-31,上市,4807,日成-KY,37.25,0.2500,40.65,40.65,37.25,118000,4502000,72,TWSE_CSV,2026-07-31 14:15:36 +0800
1150731,2026-07-31,上市,4904,遠傳,105.00,-0.5000,105.50,106.00,104.00,16932000,1775661500,4807,TWSE_CSV,2026-07-31 14:15:36 +0800
1150731,2026-07-31,上市,4906,正文,30.90,1.9500,31.00,31.30,30.25,3136000,96519100,1746,TWSE_CSV,2026-07-31 14:15:36 +0800
1150731,2026-07-31,上市,4912,聯德控股-KY,82.30,3.3000,81.90,83.40,80.70,365000,29801900,243,TWSE_CSV,2026-07-31 14:15:36 +0800
1150731,2026-07-31,上市,4915,致伸,65.40,1.8000,64.50,66.50,64.50,5720000,375287800,2674,TWSE_CSV,2026-07-31 14:15:36 +0800
1150731,2026-07-31,上市,4916,事欣科,95.00,6.5000,95.00,96.00,93.10,2688000,254716300,1830,TWSE_CSV,2026-07-31 14:15:36 +0800
1150731,2026-07-31,上市,4919,新唐,117.00,10.5000,116.50,117.00,113.00,6601000,762191000,4255,TWSE_CSV,2026-07-31 14:15:36 +0800
1150731,2026-07-31,上市,4927,泰鼎-KY,29.20,2.3000,29.00,29.50,28.10,3260000,93730000,1685,TWSE_CSV,2026-07-31 14:15:36 +0800
1150731,2026-07-31,上市,4930,燦星網,15.95,0.1500,15.90,16.05,15.85,65000,1034350,41,TWSE_CSV,2026-07-31 14:15:36 +0800
1150731,2026-07-31,上市,4934,太極,14.05,0.7000,13.80,14.25,13.80,312000,4372600,174,TWSE_CSV,2026-07-31 14:15:36 +0800
1150731,2026-07-31,上市,4935,茂林-KY,34.90,1.2000,35.55,35.55,34.20,83000,2886300,68,TWSE_CSV,2026-07-31 14:15:36 +0800
1150731,2026-07-31,上市,4938,和碩,84.40,3.9000,83.60,84.80,83.00,14092000,1182635300,5851,TWSE_CSV,2026-07-31 14:15:36 +0800
1150731,2026-07-31,上市,4942,嘉彰,34.60,0.3000,34.95,34.95,34.50,86000,2974800,39,TWSE_CSV,2026-07-31 14:15:36 +0800
1150731,2026-07-31,上市,4943,康控-KY,8.84,0.4700,9.06,9.06,8.01,25000,219130,16,TWSE_CSV,2026-07-31 14:15:36 +0800
1150731,2026-07-31,上市,4949,有成精密,60.30,5.3000,60.00,60.50,58.10,476000,28404000,357,TWSE_CSV,2026-07-31 14:15:36 +0800
1150731,2026-07-31,上市,4952,凌通,47.30,4.3000,45.45,47.30,45.35,358000,16655550,274,TWSE_CSV,2026-07-31 14:15:36 +0800
1150731,2026-07-31,上市,4956,光鋐,26.00,1.7500,25.90,26.30,25.55,865000,22453900,509,TWSE_CSV,2026-07-31 14:15:36 +0800
1150731,2026-07-31,上市,4958,臻鼎-KY,413.50,37.5000,413.50,413.50,407.00,15092000,6222507000,8450,TWSE_CSV,2026-07-31 14:15:36 +0800
1150731,2026-07-31,上市,4960,誠美材,19.20,1.2500,19.00,19.50,18.70,2231000,42458850,1099,TWSE_CSV,2026-07-31 14:15:36 +0800
1150731,2026-07-31,上市,4961,天鈺,149.50,6.5000,150.00,155.00,149.50,978000,147845000,695,TWSE_CSV,2026-07-31 14:15:36 +0800
1150731,2026-07-31,上市,4967,十銓,233.50,21.0000,230.00,233.50,222.00,5603000,1285732000,3791,TWSE_CSV,2026-07-31 14:15:36 +0800
1150731,2026-07-31,上市,4968,立積,97.40,8.8000,95.80,97.40,94.00,803000,77120500,648,TWSE_CSV,2026-07-31 14:15:36 +0800
1150731,2026-07-31,上市,4976,佳凌,37.30,3.3500,35.15,37.30,34.90,10237000,371461850,6031,TWSE_CSV,2026-07-31 14:15:36 +0800
1150731,2026-07-31,上市,4977,眾達-KY,117.00,10.5000,116.00,117.00,112.00,1381000,159246000,1030,TWSE_CSV,2026-07-31 14:15:36 +0800
1150731,2026-07-31,上市,4989,榮科,55.60,4.6000,56.00,56.10,54.30,3893000,216457400,2400,TWSE_CSV,2026-07-31 14:15:36 +0800
1150731,2026-07-31,上市,4994,傳奇,92.80,-0.6000,93.40,95.00,92.50,30000,2802100,30,TWSE_CSV,2026-07-31 14:15:36 +0800
1150731,2026-07-31,上市,4999,鑫禾,18.60,0.2500,18.50,19.10,18.35,57000,1053700,44,TWSE_CSV,2026-07-31 14:15:36 +0800
1150731,2026-07-31,上市,5007,三星,56.50,0.0000,56.70,56.70,56.50,10000,565800,9,TWSE_CSV,2026-07-31 14:15:36 +0800
1150731,2026-07-31,上市,5203,訊連,64.20,1.7000,63.50,65.70,63.50,234000,15160100,187,TWSE_CSV,2026-07-31 14:15:36 +0800
1150731,2026-07-31,上市,5215,科嘉-KY,39.00,1.4500,38.80,39.75,38.40,77000,3012900,66,TWSE_CSV,2026-07-31 14:15:36 +0800
1150731,2026-07-31,上市,5222,全訊,111.50,7.5000,107.50,111.50,107.50,262000,28771500,209,TWSE_CSV,2026-07-31 14:15:36 +0800
1150731,2026-07-31,上市,5225,東科-KY,72.50,1.8000,71.20,72.60,71.20,198000,14299800,133,TWSE_CSV,2026-07-31 14:15:36 +0800
1150731,2026-07-31,上市,5234,達興材料,311.50,18.0000,312.00,320.00,308.00,316000,98942000,263,TWSE_CSV,2026-07-31 14:15:36 +0800
1150731,2026-07-31,上市,5236,凌陽創新,142.50,8.5000,141.50,146.50,140.00,164000,23350500,139,TWSE_CSV,2026-07-31 14:15:36 +0800
1150731,2026-07-31,上市,5243,乙盛-KY,77.00,5.1000,77.00,77.70,75.70,1391000,106590400,1080,TWSE_CSV,2026-07-31 14:15:36 +0800
1150731,2026-07-31,上市,5244,弘凱,30.65,1.8500,29.65,31.50,29.65,155000,4723000,111,TWSE_CSV,2026-07-31 14:15:36 +0800
1150731,2026-07-31,上市,5258,虹堡,51.60,2.6000,50.90,52.00,50.50,385000,19735300,307,TWSE_CSV,2026-07-31 14:15:36 +0800
1150731,2026-07-31,上市,5269,祥碩,1315.00,10.0000,1375.00,1380.00,1285.00,1488000,1974720000,1266,TWSE_CSV,2026-07-31 14:15:36 +0800
1150731,2026-07-31,上市,5283,禾聯碩,54.80,1.7000,54.80,54.80,53.60,100000,5429200,83,TWSE_CSV,2026-07-31 14:15:36 +0800
1150731,2026-07-31,上市,5284,jpp-KY,276.50,25.0000,270.00,276.50,267.50,366000,100019000,280,TWSE_CSV,2026-07-31 14:15:36 +0800
1150731,2026-07-31,上市,5285,界霖,70.90,6.1000,70.50,71.20,68.40,1291000,90217800,744,TWSE_CSV,2026-07-31 14:15:36 +0800
1150731,2026-07-31,上市,5288,豐祥-KY,183.00,-2.5000,190.00,192.00,183.00,157000,29247000,144,TWSE_CSV,2026-07-31 14:15:36 +0800
1150731,2026-07-31,上市,5292,華懋,156.00,5.0000,155.00,160.00,153.50,183000,28638000,159,TWSE_CSV,2026-07-31 14:15:36 +0800
1150731,2026-07-31,上市,5306,桂盟,89.00,0.0000,89.00,90.60,88.60,159000,14165700,126,TWSE_CSV,2026-07-31 14:15:36 +0800
1150731,2026-07-31,上市,5388,中磊,82.30,3.2000,83.20,84.30,81.50,6224000,513600000,2038,TWSE_CSV,2026-07-31 14:15:36 +0800
1150731,2026-07-31,上市,5434,崇越,500.00,24.5000,505.00,516.00,498.50,1753000,884468500,1297,TWSE_CSV,2026-07-31 14:15:36 +0800
1150731,2026-07-31,上市,5469,瀚宇博,66.90,4.1000,66.50,68.60,65.10,3992000,267667400,2468,TWSE_CSV,2026-07-31 14:15:36 +0800
1150731,2026-07-31,上市,5471,松翰,51.40,4.6000,49.00,51.40,49.00,2874000,145502200,1962,TWSE_CSV,2026-07-31 14:15:36 +0800
1150731,2026-07-31,上市,5484,慧友,37.70,1.2000,38.40,38.55,37.30,243000,9196800,174,TWSE_CSV,2026-07-31 14:15:36 +0800
1150731,2026-07-31,上市,5515,建國,42.90,0.0000,43.30,43.85,42.65,409000,17617450,258,TWSE_CSV,2026-07-31 14:15:36 +0800
1150731,2026-07-31,上市,5519,隆大,28.20,0.3000,28.15,28.40,28.05,137000,3868550,104,TWSE_CSV,2026-07-31 14:15:36 +0800
1150731,2026-07-31,上市,5521,工信,9.64,0.0400,9.76,9.86,9.58,2574000,25014430,1040,TWSE_CSV,2026-07-31 14:15:36 +0800
1150731,2026-07-31,上市,5522,遠雄,64.90,-0.5000,65.90,66.80,64.90,1303000,85229900,836,TWSE_CSV,2026-07-31 14:15:36 +0800
1150731,2026-07-31,上市,5525,順天,23.00,0.3000,23.00,23.05,22.75,66000,1513900,50,TWSE_CSV,2026-07-31 14:15:36 +0800
1150731,2026-07-31,上市,5531,鄉林,7.86,0.1100,7.84,7.98,7.81,463000,3665410,204,TWSE_CSV,2026-07-31 14:15:36 +0800
1150731,2026-07-31,上市,5533,皇鼎,14.25,-0.0500,14.20,14.35,14.10,117000,1664350,75,TWSE_CSV,2026-07-31 14:15:36 +0800
1150731,2026-07-31,上市,5534,長虹,77.60,-0.8000,78.60,80.10,77.60,1000000,78906400,622,TWSE_CSV,2026-07-31 14:15:36 +0800
1150731,2026-07-31,上市,5538,東明-KY,34.20,0.7000,33.80,34.20,33.40,19000,642200,17,TWSE_CSV,2026-07-31 14:15:36 +0800
1150731,2026-07-31,上市,5546,永固-KY,14.00,0.0000,14.00,14.00,13.25,25000,338700,24,TWSE_CSV,2026-07-31 14:15:36 +0800
1150731,2026-07-31,上市,5607,遠雄港,47.95,0.7500,47.50,48.70,47.50,474000,22782600,316,TWSE_CSV,2026-07-31 14:15:36 +0800
1150731,2026-07-31,上市,5608,四維航,13.05,0.1500,13.10,13.35,13.00,1234000,16180900,474,TWSE_CSV,2026-07-31 14:15:36 +0800
1150731,2026-07-31,上市,5706,鳳凰,44.50,-0.2000,45.80,45.80,44.50,133000,5992750,101,TWSE_CSV,2026-07-31 14:15:36 +0800
1150731,2026-07-31,上市,5871,中租-KY,111.50,1.0000,113.50,114.00,111.50,7072000,793342000,3953,TWSE_CSV,2026-07-31 14:15:36 +0800
1150731,2026-07-31,上市,5876,上海商銀,45.45,0.6500,44.80,45.70,44.80,17558000,797949900,3044,TWSE_CSV,2026-07-31 14:15:36 +0800
1150731,2026-07-31,上市,5880,合庫金,27.60,0.6000,26.80,27.65,26.60,49202000,1349883100,10274,TWSE_CSV,2026-07-31 14:15:36 +0800
1150731,2026-07-31,上市,5906,台南-KY,41.25,1.5500,39.55,41.30,38.35,8000,317450,8,TWSE_CSV,2026-07-31 14:15:36 +0800
1150731,2026-07-31,上市,5907,大洋-KY,4.95,0.3500,4.86,5.00,4.67,655000,3192560,248,TWSE_CSV,2026-07-31 14:15:36 +0800
1150731,2026-07-31,上市,6005,群益證,34.20,1.4500,34.15,34.60,33.75,9631000,330083450,4183,TWSE_CSV,2026-07-31 14:15:36 +0800
1150731,2026-07-31,上市,6024,群益期,58.30,0.0000,57.20,58.70,57.00,1341000,77628600,804,TWSE_CSV,2026-07-31 14:15:36 +0800
1150731,2026-07-31,上市,6108,競國,16.65,0.4000,16.75,17.50,16.65,597000,10160050,313,TWSE_CSV,2026-07-31 14:15:36 +0800
1150731,2026-07-31,上市,6112,邁達特,38.85,0.9500,38.60,39.75,38.60,266000,10404500,189,TWSE_CSV,2026-07-31 14:15:36 +0800
1150731,2026-07-31,上市,6115,鎰勝,45.80,0.6500,46.10,46.10,45.50,126000,5749350,93,TWSE_CSV,2026-07-31 14:15:36 +0800
1150731,2026-07-31,上市,6116,彩晶,12.45,0.6500,12.80,12.90,12.30,40061000,504239550,10768,TWSE_CSV,2026-07-31 14:15:36 +0800
1150731,2026-07-31,上市,6117,迎廣,63.20,1.2000,64.00,64.50,63.10,207000,13199600,156,TWSE_CSV,2026-07-31 14:15:36 +0800
1150731,2026-07-31,上市,6120,達運,12.65,0.2500,12.40,12.85,12.40,5574000,70470900,2050,TWSE_CSV,2026-07-31 14:15:36 +0800
1150731,2026-07-31,上市,6128,上福,20.25,0.4000,20.10,20.25,20.10,35000,705900,23,TWSE_CSV,2026-07-31 14:15:36 +0800
1150731,2026-07-31,上市,6133,金橋,20.05,1.1000,19.90,20.15,19.65,460000,9191100,307,TWSE_CSV,2026-07-31 14:15:36 +0800
1150731,2026-07-31,上市,6136,富爾特,24.50,0.4000,24.55,24.55,24.15,101000,2460200,72,TWSE_CSV,2026-07-31 14:15:36 +0800
1150731,2026-07-31,上市,6139,亞翔,707.00,64.0000,702.00,707.00,690.00,2476000,1736854000,1872,TWSE_CSV,2026-07-31 14:15:36 +0800
1150731,2026-07-31,上市,6141,柏承,30.10,0.8500,31.00,31.00,29.05,2035000,60539650,1081,TWSE_CSV,2026-07-31 14:15:36 +0800
1150731,2026-07-31,上市,6142,友勁,9.45,0.2500,9.40,9.64,9.32,436000,4121390,233,TWSE_CSV,2026-07-31 14:15:36 +0800
1150731,2026-07-31,上市,6152,百一,11.50,0.5000,11.40,11.65,11.30,421000,4855150,226,TWSE_CSV,2026-07-31 14:15:36 +0800
1150731,2026-07-31,上市,6153,嘉聯益,14.05,0.5500,14.30,14.45,13.75,4071000,57290150,1720,TWSE_CSV,2026-07-31 14:15:36 +0800
1150731,2026-07-31,上市,6155,鈞寶,51.20,4.6000,50.90,51.20,50.90,698000,35675300,380,TWSE_CSV,2026-07-31 14:15:36 +0800
1150731,2026-07-31,上市,6164,華興,11.35,0.4500,11.30,11.40,11.15,517000,5834300,237,TWSE_CSV,2026-07-31 14:15:36 +0800
1150731,2026-07-31,上市,6165,浪凡,48.55,1.2500,48.25,49.10,48.25,250000,12180500,160,TWSE_CSV,2026-07-31 14:15:36 +0800
1150731,2026-07-31,上市,6166,凌華,113.00,-12.5000,132.50,132.50,113.00,15613000,1834160000,9887,TWSE_CSV,2026-07-31 14:15:36 +0800
1150731,2026-07-31,上市,6168,宏齊,21.40,1.6000,21.05,21.60,20.80,1272000,26932700,806,TWSE_CSV,2026-07-31 14:15:36 +0800
1150731,2026-07-31,上市,6176,瑞儀,82.30,-2.5000,83.80,87.60,80.70,19748000,1644257400,11381,TWSE_CSV,2026-07-31 14:15:36 +0800
1150731,2026-07-31,上市,6177,達麗,47.30,-0.1500,48.20,48.60,47.05,2354000,112591400,1106,TWSE_CSV,2026-07-31 14:15:36 +0800
1150731,2026-07-31,上市,6183,關貿,93.60,2.3000,91.50,93.60,91.30,16000,1486200,15,TWSE_CSV,2026-07-31 14:15:36 +0800
1150731,2026-07-31,上市,6184,大豐電,42.60,0.3000,42.35,42.80,42.30,63000,2672150,37,TWSE_CSV,2026-07-31 14:15:36 +0800
1150731,2026-07-31,上市,6189,豐藝,47.65,2.7000,45.60,48.35,45.60,949000,44949950,757,TWSE_CSV,2026-07-31 14:15:36 +0800
1150731,2026-07-31,上市,6191,精成科,81.60,4.2000,80.10,82.90,78.70,8266000,664361400,4614,TWSE_CSV,2026-07-31 14:15:36 +0800
1150731,2026-07-31,上市,6192,巨路,111.50,4.5000,109.50,113.00,109.00,516000,57191000,304,TWSE_CSV,2026-07-31 14:15:36 +0800
1150731,2026-07-31,上市,6196,帆宣,468.00,32.0000,471.50,479.00,462.00,2890000,1358304500,1567,TWSE_CSV,2026-07-31 14:15:36 +0800
1150731,2026-07-31,上市,6197,佳必琪,289.00,23.5000,288.00,291.00,283.00,1415000,406896500,1175,TWSE_CSV,2026-07-31 14:15:36 +0800
1150731,2026-07-31,上市,6201,亞弘電,48.95,0.6000,49.50,49.50,48.35,11000,538200,10,TWSE_CSV,2026-07-31 14:15:36 +0800
1150731,2026-07-31,上市,6202,盛群,53.40,4.8000,53.40,53.40,53.40,2049000,109416600,788,TWSE_CSV,2026-07-31 14:15:36 +0800
1150731,2026-07-31,上市,6205,詮欣,54.50,4.0000,52.90,54.70,52.90,394000,21317100,316,TWSE_CSV,2026-07-31 14:15:36 +0800
1150731,2026-07-31,上市,6206,飛捷,125.00,7.0000,123.00,128.00,120.00,4179000,524069500,2578,TWSE_CSV,2026-07-31 14:15:36 +0800
1150731,2026-07-31,上市,6209,今國光,63.50,5.6000,62.20,63.60,61.40,3299000,206133600,1892,TWSE_CSV,2026-07-31 14:15:36 +0800
1150731,2026-07-31,上市,6213,聯茂,263.00,23.5000,263.00,263.00,263.00,2025000,532575000,814,TWSE_CSV,2026-07-31 14:15:36 +0800
1150731,2026-07-31,上市,6214,精誠,154.00,10.5000,148.00,154.50,148.00,8725000,1329682500,3718,TWSE_CSV,2026-07-31 14:15:36 +0800
1150731,2026-07-31,上市,6215,和椿,86.50,6.3000,84.40,86.70,84.30,555000,47612000,429,TWSE_CSV,2026-07-31 14:15:36 +0800
1150731,2026-07-31,上市,6216,居易,21.75,0.2000,21.80,22.55,21.70,102000,2228900,77,TWSE_CSV,2026-07-31 14:15:36 +0800
1150731,2026-07-31,上市,6224,聚鼎,51.90,3.7000,52.00,52.40,50.40,439000,22585100,336,TWSE_CSV,2026-07-31 14:15:36 +0800
1150731,2026-07-31,上市,6225,天瀚,22.50,-0.7000,24.00,24.70,22.15,59000,1367100,45,TWSE_CSV,2026-07-31 14:15:36 +0800
1150731,2026-07-31,上市,6226,光鼎,19.60,-0.7000,20.95,22.00,19.50,28083000,587190700,12342,TWSE_CSV,2026-07-31 14:15:36 +0800
1150731,2026-07-31,上市,6230,尼得科超眾,109.50,4.0000,110.00,111.00,108.00,40000,4392500,39,TWSE_CSV,2026-07-31 14:15:36 +0800
1150731,2026-07-31,上市,6235,華孚,36.65,1.8000,35.60,36.85,35.60,473000,17237800,340,TWSE_CSV,2026-07-31 14:15:36 +0800
1150731,2026-07-31,上市,6239,力成,235.50,21.0000,235.50,235.50,230.50,22297000,5232111000,9168,TWSE_CSV,2026-07-31 14:15:36 +0800
1150731,2026-07-31,上市,6243,迅杰,50.70,4.6000,47.60,50.70,47.60,4153000,206354450,2537,TWSE_CSV,2026-07-31 14:15:36 +0800
1150731,2026-07-31,上市,6257,矽格,186.50,13.0000,188.50,190.50,183.00,7695000,1440133000,4412,TWSE_CSV,2026-07-31 14:15:36 +0800
1150731,2026-07-31,上市,6269,台郡,49.20,3.2000,48.10,50.50,48.00,4042000,199851400,2192,TWSE_CSV,2026-07-31 14:15:36 +0800
1150731,2026-07-31,上市,6271,同欣電,160.00,11.0000,163.50,163.50,155.00,10423000,1655191500,6899,TWSE_CSV,2026-07-31 14:15:36 +0800
1150731,2026-07-31,上市,6272,驊陞,24.00,0.4000,23.90,24.50,23.50,281000,6719200,160,TWSE_CSV,2026-07-31 14:15:36 +0800
1150731,2026-07-31,上市,6277,宏正,80.20,5.5000,76.80,81.50,76.50,761000,60515400,539,TWSE_CSV,2026-07-31 14:15:36 +0800
1150731,2026-07-31,上市,6278,台表科,140.00,9.5000,139.50,143.00,134.50,5476000,762765000,3342,TWSE_CSV,2026-07-31 14:15:36 +0800
1150731,2026-07-31,上市,6281,全國電,51.80,0.0000,52.20,52.20,51.50,64000,3319300,51,TWSE_CSV,2026-07-31 14:15:36 +0800
1150731,2026-07-31,上市,6282,康舒,42.40,3.5500,42.50,42.55,41.10,8794000,369101200,4688,TWSE_CSV,2026-07-31 14:15:36 +0800
1150731,2026-07-31,上市,6283,淳安,20.25,0.5000,20.10,20.30,19.95,114000,2297900,77,TWSE_CSV,2026-07-31 14:15:36 +0800
1150731,2026-07-31,上市,6285,啟碁,222.00,18.0000,223.00,224.00,216.00,6348000,1403976000,3459,TWSE_CSV,2026-07-31 14:15:36 +0800
1150731,2026-07-31,上市,6405,悅城,35.30,3.2000,35.30,35.30,35.30,261000,9213300,105,TWSE_CSV,2026-07-31 14:15:36 +0800
1150731,2026-07-31,上市,6409,旭隼,957.00,69.0000,976.00,976.00,940.00,380000,364821000,365,TWSE_CSV,2026-07-31 14:15:36 +0800
1150731,2026-07-31,上市,6412,群電,76.50,1.1000,77.90,79.50,76.50,1851000,143769900,1144,TWSE_CSV,2026-07-31 14:15:36 +0800
1150731,2026-07-31,上市,6414,樺漢,405.00,2.0000,437.00,442.00,405.00,5239000,2170757500,3895,TWSE_CSV,2026-07-31 14:15:36 +0800
1150731,2026-07-31,上市,6415,矽力*-KY,413.00,37.5000,413.00,413.00,413.00,837000,345681000,337,TWSE_CSV,2026-07-31 14:15:36 +0800
1150731,2026-07-31,上市,6416,瑞祺電通,87.10,0.6000,91.10,92.60,85.50,1006000,88304800,779,TWSE_CSV,2026-07-31 14:15:36 +0800
1150731,2026-07-31,上市,6426,統新,151.00,13.5000,151.00,151.00,148.00,359000,54105500,244,TWSE_CSV,2026-07-31 14:15:36 +0800
1150731,2026-07-31,上市,6431,光麗-KY,16.60,0.3000,16.30,16.70,16.25,34000,561300,27,TWSE_CSV,2026-07-31 14:15:36 +0800
1150731,2026-07-31,上市,6438,迅得,134.00,7.5000,136.50,136.50,132.50,265000,35709500,228,TWSE_CSV,2026-07-31 14:15:36 +0800
1150731,2026-07-31,上市,6442,光聖,1155.00,105.0000,1155.00,1155.00,1120.00,833000,954430000,702,TWSE_CSV,2026-07-31 14:15:36 +0800
1150731,2026-07-31,上市,6443,元晶,23.75,1.5000,23.90,24.25,23.30,6403000,151953650,2895,TWSE_CSV,2026-07-31 14:15:36 +0800
1150731,2026-07-31,上市,6446,藥華藥,1060.00,35.0000,1075.00,1105.00,1045.00,3433000,3667660000,2368,TWSE_CSV,2026-07-31 14:15:36 +0800
1150731,2026-07-31,上市,6449,鈺邦,210.50,19.0000,210.50,210.50,204.50,576000,120267000,394,TWSE_CSV,2026-07-31 14:15:36 +0800
1150731,2026-07-31,上市,6451,訊芯-KY,341.00,19.0000,354.00,354.00,335.00,3797000,1300798000,2944,TWSE_CSV,2026-07-31 14:15:36 +0800
1150731,2026-07-31,上市,6456,GIS-KY,54.90,3.7000,55.90,56.10,54.50,2113000,116618900,1229,TWSE_CSV,2026-07-31 14:15:36 +0800
1150731,2026-07-31,上市,6464,台數科,79.50,1.1000,79.00,79.50,78.70,16000,1268400,14,TWSE_CSV,2026-07-31 14:15:36 +0800
1150731,2026-07-31,上市,6472,保瑞,382.50,0.0000,384.00,392.50,382.50,523000,202408500,426,TWSE_CSV,2026-07-31 14:15:36 +0800
1150731,2026-07-31,上市,6477,安集,35.75,3.1500,34.15,35.85,33.95,2451000,85567900,1469,TWSE_CSV,2026-07-31 14:15:36 +0800
1150731,2026-07-31,上市,6491,晶碩,324.00,2.5000,329.00,341.00,324.00,1375000,450446500,763,TWSE_CSV,2026-07-31 14:15:36 +0800
1150731,2026-07-31,上市,6504,南六,40.00,0.4000,39.60,40.20,39.30,46000,1831850,43,TWSE_CSV,2026-07-31 14:15:36 +0800
1150731,2026-07-31,上市,6505,台塑化,70.80,-0.8000,74.10,76.00,70.30,68309000,4941420800,29603,TWSE_CSV,2026-07-31 14:15:36 +0800
1150731,2026-07-31,上市,6515,穎崴,5815.00,525.0000,5815.00,5815.00,5700.00,179000,1036995000,158,TWSE_CSV,2026-07-31 14:15:36 +0800
1150731,2026-07-31,上市,6525,捷敏-KY,123.00,11.0000,123.00,123.00,120.50,602000,73968000,362,TWSE_CSV,2026-07-31 14:15:36 +0800
1150731,2026-07-31,上市,6526,達發,520.00,27.0000,535.00,535.00,515.00,502000,262799000,404,TWSE_CSV,2026-07-31 14:15:36 +0800
1150731,2026-07-31,上市,6531,愛普*,667.00,60.0000,667.00,667.00,645.00,4959000,3284155000,2986,TWSE_CSV,2026-07-31 14:15:36 +0800
1150731,2026-07-31,上市,6533,晶心科,222.00,20.0000,213.00,222.00,212.00,1009000,221083000,781,TWSE_CSV,2026-07-31 14:15:36 +0800
1150731,2026-07-31,上市,6534,正瀚-創,94.50,0.7000,94.20,95.00,93.20,98000,9216700,77,TWSE_CSV,2026-07-31 14:15:36 +0800
1150731,2026-07-31,上市,6541,泰福-KY,37.30,0.7000,37.10,37.70,37.10,199000,7461350,136,TWSE_CSV,2026-07-31 14:15:36 +0800
1150731,2026-07-31,上市,6550,北極星藥業-KY,10.85,-0.2500,11.35,11.45,10.85,1879000,20612650,713,TWSE_CSV,2026-07-31 14:15:36 +0800
1150731,2026-07-31,上市,6552,易華電,24.10,1.1500,24.50,24.75,23.70,135000,3268650,75,TWSE_CSV,2026-07-31 14:15:36 +0800
1150731,2026-07-31,上市,6558,興能高,23.50,0.9000,23.20,23.95,23.20,331000,7810450,248,TWSE_CSV,2026-07-31 14:15:36 +0800
1150731,2026-07-31,上市,6573,虹揚-KY,16.55,1.5000,16.45,16.55,15.50,511000,8217600,294,TWSE_CSV,2026-07-31 14:15:36 +0800
1150731,2026-07-31,上市,6579,研揚,154.00,5.0000,158.50,159.00,151.00,738000,113813500,603,TWSE_CSV,2026-07-31 14:15:36 +0800
1150731,2026-07-31,上市,6581,鋼聯,109.00,1.0000,109.00,109.00,108.00,23000,2499500,19,TWSE_CSV,2026-07-31 14:15:36 +0800
1150731,2026-07-31,上市,6582,申豐,32.15,0.1500,32.60,32.60,31.95,50000,1605550,37,TWSE_CSV,2026-07-31 14:15:36 +0800
1150731,2026-07-31,上市,6585,鼎基,113.50,6.0000,114.00,115.00,112.00,425000,48161500,307,TWSE_CSV,2026-07-31 14:15:36 +0800
1150731,2026-07-31,上市,6589,台康生技,44.85,-0.2000,46.90,46.90,44.85,644000,29265050,455,TWSE_CSV,2026-07-31 14:15:36 +0800
1150731,2026-07-31,上市,6591,動力-KY,44.00,1.4500,43.10,44.30,43.10,148000,6493650,113,TWSE_CSV,2026-07-31 14:15:36 +0800
1150731,2026-07-31,上市,6592,和潤企業,61.40,0.5000,61.20,62.70,61.00,758000,46971100,496,TWSE_CSV,2026-07-31 14:15:36 +0800
1150731,2026-07-31,上市,6598,ABC-KY,30.10,1.3500,28.75,30.50,28.75,723000,21359950,370,TWSE_CSV,2026-07-31 14:15:36 +0800
1150731,2026-07-31,上市,6605,帝寶,134.00,2.5000,133.00,138.50,133.00,807000,109601500,583,TWSE_CSV,2026-07-31 14:15:36 +0800
1150731,2026-07-31,上市,6606,建德工業,26.00,0.2500,25.90,26.00,25.55,321000,8299000,122,TWSE_CSV,2026-07-31 14:15:36 +0800
1150731,2026-07-31,上市,6614,資拓宏宇,36.85,0.5500,37.30,37.30,36.50,59000,2163250,41,TWSE_CSV,2026-07-31 14:15:36 +0800
1150731,2026-07-31,上市,6625,必應,74.60,1.7000,73.40,75.40,73.40,151000,11284900,96,TWSE_CSV,2026-07-31 14:15:36 +0800
1150731,2026-07-31,上市,6641,基士德-KY,17.50,0.3000,17.65,17.65,17.35,21000,365800,17,TWSE_CSV,2026-07-31 14:15:36 +0800
1150731,2026-07-31,上市,6645,金萬林-創,13.35,0.1500,14.05,14.05,13.30,43000,580250,24,TWSE_CSV,2026-07-31 14:15:36 +0800
1150731,2026-07-31,上市,6655,科定,120.00,0.5000,120.00,120.00,120.00,2000,240000,2,TWSE_CSV,2026-07-31 14:15:36 +0800
1150731,2026-07-31,上市,6657,華安,30.30,0.9000,30.90,31.95,29.85,132000,4008850,89,TWSE_CSV,2026-07-31 14:15:36 +0800
1150731,2026-07-31,上市,6658,聯策,140.00,10.0000,138.50,140.00,135.50,465000,64165500,334,TWSE_CSV,2026-07-31 14:15:36 +0800
1150731,2026-07-31,上市,6666,羅麗芬-KY,44.75,0.2500,44.95,44.95,44.50,20000,893050,13,TWSE_CSV,2026-07-31 14:15:36 +0800
1150731,2026-07-31,上市,6668,中揚光,35.55,2.1000,35.00,36.70,34.40,1475000,52610000,974,TWSE_CSV,2026-07-31 14:15:36 +0800
1150731,2026-07-31,上市,6669,緯穎,5390.00,490.0000,5390.00,5390.00,5300.00,1368000,7363605000,855,TWSE_CSV,2026-07-31 14:15:36 +0800
1150731,2026-07-31,上市,6670,復盛應用,254.00,-7.5000,265.00,270.00,253.50,838000,216622000,702,TWSE_CSV,2026-07-31 14:15:36 +0800
1150731,2026-07-31,上市,6671,三能-KY,22.95,0.0000,23.20,23.20,22.70,7000,160550,7,TWSE_CSV,2026-07-31 14:15:36 +0800
1150731,2026-07-31,上市,6672,騰輝電子-KY,198.00,17.0000,195.00,199.00,191.00,2122000,415941000,1557,TWSE_CSV,2026-07-31 14:15:36 +0800
1150731,2026-07-31,上市,6674,鋐寶科技,15.35,0.0500,15.80,15.80,15.20,32000,490650,30,TWSE_CSV,2026-07-31 14:15:36 +0800
1150731,2026-07-31,上市,6689,伊雲谷,56.70,1.0000,57.50,58.40,56.50,149000,8560200,111,TWSE_CSV,2026-07-31 14:15:36 +0800
1150731,2026-07-31,上市,6691,洋基工程,650.00,43.0000,663.00,663.00,637.00,542000,351139000,468,TWSE_CSV,2026-07-31 14:15:36 +0800
1150731,2026-07-31,上市,6695,芯鼎,49.80,3.9500,48.30,50.30,47.90,436000,21429950,310,TWSE_CSV,2026-07-31 14:15:36 +0800
1150731,2026-07-31,上市,6698,旭暉應材,31.30,1.8000,31.25,31.50,30.55,197000,6107400,135,TWSE_CSV,2026-07-31 14:15:36 +0800
1150731,2026-07-31,上市,6706,惠特,97.00,8.5000,96.90,97.30,93.40,829000,79397400,668,TWSE_CSV,2026-07-31 14:15:36 +0800
1150731,2026-07-31,上市,6715,嘉基,311.00,16.5000,322.00,322.50,303.00,441000,137725000,376,TWSE_CSV,2026-07-31 14:15:36 +0800
1150731,2026-07-31,上市,6719,力智,199.00,11.0000,205.00,205.50,194.50,1724000,343952500,1301,TWSE_CSV,2026-07-31 14:15:36 +0800
1150731,2026-07-31,上市,6722,輝創,33.15,0.2500,33.50,33.50,32.35,42000,1377350,37,TWSE_CSV,2026-07-31 14:15:36 +0800
1150731,2026-07-31,上市,6742,澤米,43.20,3.7000,41.10,43.20,41.10,433000,18244750,329,TWSE_CSV,2026-07-31 14:15:36 +0800
1150731,2026-07-31,上市,6743,安普新,29.85,0.2500,30.10,30.35,29.85,341000,10232800,237,TWSE_CSV,2026-07-31 14:15:36 +0800
1150731,2026-07-31,上市,6753,龍德造船,131.00,8.0000,129.00,132.50,126.50,1666000,215914500,1329,TWSE_CSV,2026-07-31 14:15:36 +0800
1150731,2026-07-31,上市,6754,匯僑設計,42.35,0.4000,41.95,42.60,41.95,17000,717900,16,TWSE_CSV,2026-07-31 14:15:36 +0800
1150731,2026-07-31,上市,6756,威鋒電子,92.50,8.0000,89.40,92.50,87.90,131000,11752900,114,TWSE_CSV,2026-07-31 14:15:36 +0800
1150731,2026-07-31,上市,6757,台灣虎航,57.40,2.5000,55.40,58.40,55.30,3253000,186426000,1751,TWSE_CSV,2026-07-31 14:15:36 +0800
1150731,2026-07-31,上市,6768,志強-KY,69.00,0.0000,69.70,71.20,69.00,242000,16932200,190,TWSE_CSV,2026-07-31 14:15:36 +0800
1150731,2026-07-31,上市,6770,力積電,54.50,4.9500,54.50,54.50,54.50,25133000,1369748500,8101,TWSE_CSV,2026-07-31 14:15:36 +0800
1150731,2026-07-31,上市,6771,平和環保-創,38.20,0.1500,38.80,38.80,37.80,35000,1330400,29,TWSE_CSV,2026-07-31 14:15:36 +0800
1150731,2026-07-31,上市,6776,展碁國際,54.60,2.9000,52.50,54.60,52.50,283000,15221800,200,TWSE_CSV,2026-07-31 14:15:36 +0800
1150731,2026-07-31,上市,6781,AES-KY,916.00,74.0000,904.00,924.00,901.00,377000,343288000,334,TWSE_CSV,2026-07-31 14:15:36 +0800
1150731,2026-07-31,上市,6782,視陽,184.50,5.5000,183.00,187.00,183.00,171000,31695000,144,TWSE_CSV,2026-07-31 14:15:36 +0800
1150731,2026-07-31,上市,6789,采鈺,423.50,38.5000,421.00,423.50,414.50,1382000,581831500,1066,TWSE_CSV,2026-07-31 14:15:36 +0800
1150731,2026-07-31,上市,6790,永豐實,38.70,-0.2500,39.25,39.25,38.65,136000,5287400,106,TWSE_CSV,2026-07-31 14:15:36 +0800
1150731,2026-07-31,上市,6792,詠業,55.10,3.1000,54.00,55.40,53.70,130000,7076400,105,TWSE_CSV,2026-07-31 14:15:36 +0800
1150731,2026-07-31,上市,6794,向榮生技,77.40,1.6000,77.60,77.60,75.70,32000,2445100,28,TWSE_CSV,2026-07-31 14:15:36 +0800
1150731,2026-07-31,上市,6796,晉弘,56.30,1.6000,57.40,57.40,55.00,35000,1952000,31,TWSE_CSV,2026-07-31 14:15:36 +0800
1150731,2026-07-31,上市,6799,來頡,77.60,6.1000,78.00,78.00,75.80,266000,20483200,195,TWSE_CSV,2026-07-31 14:15:36 +0800
1150731,2026-07-31,上市,6805,富世達,1350.00,120.0000,1350.00,1350.00,1335.00,529000,713225000,409,TWSE_CSV,2026-07-31 14:15:36 +0800
1150731,2026-07-31,上市,6807,峰源-KY,35.20,0.5500,34.65,35.25,34.65,6000,210300,5,TWSE_CSV,2026-07-31 14:15:36 +0800
1150731,2026-07-31,上市,6830,汎銓,346.00,30.0000,347.00,347.50,330.00,1279000,436649000,1062,TWSE_CSV,2026-07-31 14:15:36 +0800
1150731,2026-07-31,上市,6831,邁科,525.00,47.5000,525.00,525.00,507.00,496000,258641000,328,TWSE_CSV,2026-07-31 14:15:36 +0800
1150731,2026-07-31,上市,6834,天二科技,79.80,7.2000,79.80,79.80,79.80,366000,29206800,239,TWSE_CSV,2026-07-31 14:15:36 +0800
1150731,2026-07-31,上市,6835,圓裕,31.25,1.2500,31.80,31.80,30.20,35000,1072950,29,TWSE_CSV,2026-07-31 14:15:36 +0800
1150731,2026-07-31,上市,6838,台新藥,23.45,0.0500,23.80,24.10,23.00,147000,3449250,92,TWSE_CSV,2026-07-31 14:15:36 +0800
1150731,2026-07-31,上市,6854,錼創科技-KY創,91.10,8.2000,85.10,91.10,85.10,219000,19482300,177,TWSE_CSV,2026-07-31 14:15:36 +0800
1150731,2026-07-31,上市,6861,睿生光電,191.00,17.0000,191.00,191.00,189.50,99000,18904000,88,TWSE_CSV,2026-07-31 14:15:36 +0800
1150731,2026-07-31,上市,6862,三集瑞-KY,125.00,8.0000,128.00,128.00,124.00,214000,26939000,181,TWSE_CSV,2026-07-31 14:15:36 +0800
1150731,2026-07-31,上市,6863,永道-KY,133.50,9.0000,128.00,133.50,124.50,1051000,135650000,739,TWSE_CSV,2026-07-31 14:15:36 +0800
1150731,2026-07-31,上市,6869,雲豹能源,65.60,0.5000,66.00,68.40,65.30,763000,50989300,453,TWSE_CSV,2026-07-31 14:15:36 +0800
1150731,2026-07-31,上市,6873,泓德能源,78.30,1.3000,79.50,81.90,77.80,308000,24477600,236,TWSE_CSV,2026-07-31 14:15:36 +0800
1150731,2026-07-31,上市,6885,全福生技,20.95,0.6000,20.55,21.10,20.55,130000,2726600,90,TWSE_CSV,2026-07-31 14:15:36 +0800
1150731,2026-07-31,上市,6887,寶綠特-KY,36.60,0.5500,36.25,37.05,36.20,10000,365000,10,TWSE_CSV,2026-07-31 14:15:36 +0800
1150731,2026-07-31,上市,6890,來億-KY,168.00,0.0000,173.00,175.00,168.00,274000,46698500,235,TWSE_CSV,2026-07-31 14:15:36 +0800
1150731,2026-07-31,上市,6901,鑽石投資,16.30,0.5500,16.60,16.60,16.25,1032000,16913300,567,TWSE_CSV,2026-07-31 14:15:36 +0800
1150731,2026-07-31,上市,6902,GOGOLOOK,121.00,1.0000,120.50,123.50,117.00,224000,26962500,166,TWSE_CSV,2026-07-31 14:15:36 +0800
1150731,2026-07-31,上市,6906,現觀科,68.20,0.3000,67.20,69.40,67.20,51000,3499000,47,TWSE_CSV,2026-07-31 14:15:36 +0800
1150731,2026-07-31,上市,6908,宏碁遊戲-創,33.85,1.0000,34.05,34.05,33.50,8000,268900,7,TWSE_CSV,2026-07-31 14:15:36 +0800
1150731,2026-07-31,上市,6909,創控,40.35,2.8500,39.50,40.70,39.25,295000,11776550,204,TWSE_CSV,2026-07-31 14:15:36 +0800
1150731,2026-07-31,上市,6914,阜爾運通,147.50,0.5000,148.00,149.50,147.00,110000,16266000,61,TWSE_CSV,2026-07-31 14:15:36 +0800
1150731,2026-07-31,上市,6916,華凌,17.90,0.9000,18.40,18.40,17.70,33000,590600,30,TWSE_CSV,2026-07-31 14:15:36 +0800
1150731,2026-07-31,上市,6918,愛派司,71.60,2.8000,70.50,71.80,70.50,22000,1561100,17,TWSE_CSV,2026-07-31 14:15:36 +0800
1150731,2026-07-31,上市,6919,康霈*,103.00,0.0000,104.50,105.00,102.00,4273000,441805000,2358,TWSE_CSV,2026-07-31 14:15:36 +0800
1150731,2026-07-31,上市,6921,嘉雨思-創,59.30,2.2000,57.00,60.00,57.00,37000,2175900,26,TWSE_CSV,2026-07-31 14:15:36 +0800
1150731,2026-07-31,上市,6923,中台,77.10,1.3000,76.00,78.00,76.00,99000,7613800,76,TWSE_CSV,2026-07-31 14:15:36 +0800
1150731,2026-07-31,上市,6924,榮惠-KY創,103.00,6.0000,98.90,104.00,98.90,48000,4867100,35,TWSE_CSV,2026-07-31 14:15:36 +0800
1150731,2026-07-31,上市,6928,攸泰科技,48.00,3.2000,47.80,48.00,46.00,117000,5516450,99,TWSE_CSV,2026-07-31 14:15:36 +0800
1150731,2026-07-31,上市,6931,青松健康,37.50,1.3000,36.40,38.00,36.40,88000,3275400,78,TWSE_CSV,2026-07-31 14:15:36 +0800
1150731,2026-07-31,上市,6933,AMAX-KY,150.00,12.5000,150.00,151.00,143.50,352000,52488000,246,TWSE_CSV,2026-07-31 14:15:36 +0800
1150731,2026-07-31,上市,6934,心誠鎂,73.00,-0.5000,73.50,73.70,71.70,17000,1234300,15,TWSE_CSV,2026-07-31 14:15:36 +0800
1150731,2026-07-31,上市,6936,永鴻生技,31.80,0.2000,31.85,31.85,31.80,3000,95500,3,TWSE_CSV,2026-07-31 14:15:36 +0800
1150731,2026-07-31,上市,6937,天虹,254.00,19.0000,253.00,256.00,248.00,319000,80404500,264,TWSE_CSV,2026-07-31 14:15:36 +0800
1150731,2026-07-31,上市,6944,兆聯實業,721.00,62.0000,706.00,724.00,699.00,617000,439771000,569,TWSE_CSV,2026-07-31 14:15:36 +0800
1150731,2026-07-31,上市,6947,台鎔科技,69.20,0.6000,72.10,72.80,69.10,477000,33507600,340,TWSE_CSV,2026-07-31 14:15:36 +0800
1150731,2026-07-31,上市,6949,沛爾生醫-創,796.00,6.0000,866.00,866.00,778.00,171000,136222000,154,TWSE_CSV,2026-07-31 14:15:36 +0800
1150731,2026-07-31,上市,6951,青新-創,71.40,0.9000,71.50,71.50,70.60,7000,499200,7,TWSE_CSV,2026-07-31 14:15:36 +0800
1150731,2026-07-31,上市,6952,大武山,35.65,1.9000,34.80,35.65,34.05,96000,3347650,48,TWSE_CSV,2026-07-31 14:15:36 +0800
1150731,2026-07-31,上市,6955,邦睿生技-創,114.00,1.0000,114.00,118.50,114.00,25000,2911500,18,TWSE_CSV,2026-07-31 14:15:36 +0800
1150731,2026-07-31,上市,6957,裕慶-KY,226.00,18.0000,223.00,226.00,216.00,251000,55630000,211,TWSE_CSV,2026-07-31 14:15:36 +0800
1150731,2026-07-31,上市,6958,日盛台駿,18.80,0.1500,18.65,19.30,18.55,125000,2334250,44,TWSE_CSV,2026-07-31 14:15:36 +0800
1150731,2026-07-31,上市,6962,奕力-KY,30.95,1.9500,30.40,31.10,30.10,1456000,44508500,721,TWSE_CSV,2026-07-31 14:15:36 +0800
1150731,2026-07-31,上市,6965,中傑-KY,79.20,2.3000,77.80,79.50,77.80,18000,1422000,17,TWSE_CSV,2026-07-31 14:15:36 +0800
1150731,2026-07-31,上市,6969,成信實業*-創,32.15,2.9000,32.15,32.15,31.10,287000,9186100,194,TWSE_CSV,2026-07-31 14:15:36 +0800
1150731,2026-07-31,上市,6988,威力暘-創,12.10,0.1500,12.80,12.80,12.05,12000,146250,11,TWSE_CSV,2026-07-31 14:15:36 +0800
1150731,2026-07-31,上市,6994,富威電力,36.70,-0.8000,38.95,38.95,36.70,748000,27866300,527,TWSE_CSV,2026-07-31 14:15:36 +0800
1150731,2026-07-31,上市,7610,聯友金屬-創,1200.00,105.0000,1200.00,1200.00,1200.00,72000,86400000,57,TWSE_CSV,2026-07-31 14:15:36 +0800
1150731,2026-07-31,上市,7631,聚賢研發-創,135.00,5.5000,138.00,138.00,127.00,45000,5960000,42,TWSE_CSV,2026-07-31 14:15:36 +0800
1150731,2026-07-31,上市,7689,大鵬科CLMX,176.00,-1.5000,174.00,177.00,173.50,186000,32561500,128,TWSE_CSV,2026-07-31 14:15:36 +0800
1150731,2026-07-31,上市,7705,三商餐飲,30.40,0.4500,30.00,30.45,30.00,22000,663550,20,TWSE_CSV,2026-07-31 14:15:36 +0800
1150731,2026-07-31,上市,7711,永擎,292.50,15.0000,291.00,293.00,287.00,141000,40974000,124,TWSE_CSV,2026-07-31 14:15:36 +0800
1150731,2026-07-31,上市,7721,微程式,58.20,2.5000,57.60,58.50,57.30,135000,7807200,99,TWSE_CSV,2026-07-31 14:15:36 +0800
1150731,2026-07-31,上市,7722,LINEPAY,270.00,3.0000,276.50,278.50,270.00,95000,25954000,92,TWSE_CSV,2026-07-31 14:15:36 +0800
1150731,2026-07-31,上市,7730,暉盛-創,151.00,13.5000,141.00,151.00,141.00,83000,12148000,73,TWSE_CSV,2026-07-31 14:15:36 +0800
1150731,2026-07-31,上市,7732,金興精密,35.65,1.1000,35.15,35.65,34.60,47000,1658500,31,TWSE_CSV,2026-07-31 14:15:36 +0800
1150731,2026-07-31,上市,7736,虎山,70.40,0.1000,71.20,71.20,69.50,25000,1750500,23,TWSE_CSV,2026-07-31 14:15:36 +0800
1150731,2026-07-31,上市,7740,熙特爾-創,141.00,0.5000,144.00,149.00,141.00,154000,22313000,129,TWSE_CSV,2026-07-31 14:15:36 +0800
1150731,2026-07-31,上市,7749,意騰-KY,320.00,15.0000,325.00,325.00,313.50,156000,49988500,151,TWSE_CSV,2026-07-31 14:15:36 +0800
1150731,2026-07-31,上市,7750,新代,2035.00,185.0000,2000.00,2035.00,2000.00,177000,359165000,148,TWSE_CSV,2026-07-31 14:15:36 +0800
1150731,2026-07-31,上市,7760,享溫馨,34.00,0.0000,33.45,34.00,33.30,75000,2512850,30,TWSE_CSV,2026-07-31 14:15:36 +0800
1150731,2026-07-31,上市,7765,中華資安,225.50,2.5000,225.00,228.50,225.00,30000,6785500,29,TWSE_CSV,2026-07-31 14:15:36 +0800
1150731,2026-07-31,上市,7768,頌勝科技,252.00,18.0000,245.00,252.50,243.50,109000,26988500,92,TWSE_CSV,2026-07-31 14:15:36 +0800
1150731,2026-07-31,上市,7769,鴻勁,6180.00,560.0000,6180.00,6180.00,6180.00,230000,1421400000,131,TWSE_CSV,2026-07-31 14:15:36 +0800
1150731,2026-07-31,上市,7780,大研生醫*,16.80,0.2500,16.65,16.90,16.65,581000,9762300,298,TWSE_CSV,2026-07-31 14:15:36 +0800
1150731,2026-07-31,上市,7786,東方風能,126.50,4.0000,123.50,130.00,123.50,203000,25862500,150,TWSE_CSV,2026-07-31 14:15:36 +0800
1150731,2026-07-31,上市,7788,松川精密,189.50,16.0000,190.50,190.50,183.00,816000,153149000,624,TWSE_CSV,2026-07-31 14:15:36 +0800
1150731,2026-07-31,上市,7791,皇家可口,60.00,0.0000,59.90,60.70,59.80,36000,2157900,35,TWSE_CSV,2026-07-31 14:15:36 +0800
1150731,2026-07-31,上市,7795,長廣,350.50,18.5000,365.00,365.00,350.00,655000,234977500,493,TWSE_CSV,2026-07-31 14:15:36 +0800
1150731,2026-07-31,上市,7799,禾榮科,348.50,8.5000,350.50,358.50,345.50,379000,133042500,311,TWSE_CSV,2026-07-31 14:15:36 +0800
1150731,2026-07-31,上市,7803,雲象科技-創,19.80,0.7500,19.90,19.90,19.25,34000,669950,27,TWSE_CSV,2026-07-31 14:15:36 +0800
1150731,2026-07-31,上市,7818,溢泰實業,64.50,-1.1000,65.50,65.90,64.30,100000,6488000,77,TWSE_CSV,2026-07-31 14:15:36 +0800
1150731,2026-07-31,上市,7821,神數,39.95,0.0500,40.20,40.45,39.90,88000,3525000,54,TWSE_CSV,2026-07-31 14:15:36 +0800
1150731,2026-07-31,上市,7822,倍利科,770.00,41.0000,788.00,790.00,756.00,167000,128503000,149,TWSE_CSV,2026-07-31 14:15:36 +0800
1150731,2026-07-31,上市,7823,奧義賽博-KY創,80.00,3.3000,76.70,80.00,76.70,21000,1627600,16,TWSE_CSV,2026-07-31 14:15:36 +0800
1150731,2026-07-31,上市,7827,漢康-KY創,142.50,2.5000,142.00,144.00,140.00,170000,24042000,116,TWSE_CSV,2026-07-31 14:15:36 +0800
1150731,2026-07-31,上市,7835,永悅健康-創,29.80,-0.8000,29.75,30.00,28.40,91000,2640500,70,TWSE_CSV,2026-07-31 14:15:36 +0800
1150731,2026-07-31,上市,8011,台通,16.45,0.8500,16.00,16.70,16.00,1257000,20466100,412,TWSE_CSV,2026-07-31 14:15:36 +0800
1150731,2026-07-31,上市,8016,矽創,266.50,12.0000,270.00,275.50,262.50,1948000,520863000,1418,TWSE_CSV,2026-07-31 14:15:36 +0800
1150731,2026-07-31,上市,8021,尖點,323.00,29.0000,323.00,323.00,323.00,590000,190570000,295,TWSE_CSV,2026-07-31 14:15:36 +0800
1150731,2026-07-31,上市,8028,昇陽半導體,245.00,17.5000,248.00,250.00,245.00,1474000,366926500,907,TWSE_CSV,2026-07-31 14:15:36 +0800
1150731,2026-07-31,上市,8033,雷虎,165.00,15.0000,165.00,165.00,160.00,1020000,167119000,746,TWSE_CSV,2026-07-31 14:15:36 +0800
1150731,2026-07-31,上市,8039,台虹,173.50,15.5000,171.00,173.50,163.00,32123000,5464389000,16639,TWSE_CSV,2026-07-31 14:15:36 +0800
1150731,2026-07-31,上市,8045,達運光電,55.50,3.1000,55.00,56.90,53.30,174000,9596300,147,TWSE_CSV,2026-07-31 14:15:36 +0800
1150731,2026-07-31,上市,8046,南電,920.00,83.0000,920.00,920.00,920.00,1660000,1527200000,758,TWSE_CSV,2026-07-31 14:15:36 +0800
1150731,2026-07-31,上市,8070,長華*,45.65,4.1000,43.80,45.70,43.80,3111000,140474800,1720,TWSE_CSV,2026-07-31 14:15:36 +0800
1150731,2026-07-31,上市,8072,陞泰,26.50,0.8000,26.25,26.70,26.25,112000,2963900,87,TWSE_CSV,2026-07-31 14:15:36 +0800
1150731,2026-07-31,上市,8081,致新,246.00,14.0000,249.50,249.50,242.00,892000,219608500,737,TWSE_CSV,2026-07-31 14:15:36 +0800
1150731,2026-07-31,上市,8101,華冠,12.80,0.0000,12.80,12.80,12.80,1000,12800,1,TWSE_CSV,2026-07-31 14:15:36 +0800
1150731,2026-07-31,上市,8103,瀚荃,73.10,5.4000,73.40,73.60,70.70,780000,56427400,595,TWSE_CSV,2026-07-31 14:15:36 +0800
1150731,2026-07-31,上市,8104,錸寶,29.65,1.5500,29.30,30.00,29.30,538000,15914850,331,TWSE_CSV,2026-07-31 14:15:36 +0800
1150731,2026-07-31,上市,8105,凌巨,15.75,1.1500,15.85,15.95,15.25,2164000,33603000,1181,TWSE_CSV,2026-07-31 14:15:36 +0800
1150731,2026-07-31,上市,8110,華東,37.10,3.3500,37.10,37.10,36.75,3269000,121212400,1271,TWSE_CSV,2026-07-31 14:15:36 +0800
1150731,2026-07-31,上市,8112,至上,80.30,4.7000,80.60,81.70,78.50,14577000,1169486800,7719,TWSE_CSV,2026-07-31 14:15:36 +0800
1150731,2026-07-31,上市,8114,振樺電,195.50,4.0000,198.50,204.50,193.00,2137000,422803000,1584,TWSE_CSV,2026-07-31 14:15:36 +0800
1150731,2026-07-31,上市,8131,福懋科,56.20,5.1000,56.10,56.20,55.20,4013000,224581400,2120,TWSE_CSV,2026-07-31 14:15:36 +0800
1150731,2026-07-31,上市,8150,南茂,72.60,6.6000,72.60,72.60,72.50,8928000,648169200,2974,TWSE_CSV,2026-07-31 14:15:36 +0800
1150731,2026-07-31,上市,8162,微矽電子-創,48.20,2.7000,47.50,49.15,47.50,317000,15347300,215,TWSE_CSV,2026-07-31 14:15:36 +0800
1150731,2026-07-31,上市,8163,達方,30.60,2.0000,30.00,30.80,29.85,1184000,35923650,720,TWSE_CSV,2026-07-31 14:15:36 +0800
1150731,2026-07-31,上市,8201,無敵,11.60,0.1000,11.85,11.85,11.50,20000,232500,13,TWSE_CSV,2026-07-31 14:15:36 +0800
1150731,2026-07-31,上市,8210,勤誠,1045.00,94.0000,1045.00,1045.00,1010.00,730000,758580000,643,TWSE_CSV,2026-07-31 14:15:36 +0800
1150731,2026-07-31,上市,8213,志超,29.90,1.4000,29.30,30.30,29.15,794000,23623000,570,TWSE_CSV,2026-07-31 14:15:36 +0800
1150731,2026-07-31,上市,8215,明基材,22.70,1.0000,22.80,22.95,22.45,642000,14540900,410,TWSE_CSV,2026-07-31 14:15:36 +0800
1150731,2026-07-31,上市,8222,寶一,35.85,1.7500,35.20,36.55,35.20,997000,35811750,615,TWSE_CSV,2026-07-31 14:15:36 +0800
1150731,2026-07-31,上市,8249,菱光,41.25,1.7500,41.40,41.90,40.65,212000,8713750,182,TWSE_CSV,2026-07-31 14:15:36 +0800
1150731,2026-07-31,上市,8261,富鼎,163.50,5.5000,173.50,173.50,159.50,14431000,2381421500,8559,TWSE_CSV,2026-07-31 14:15:36 +0800
1150731,2026-07-31,上市,8271,宇瞻,223.00,19.0000,223.00,224.00,214.00,9962000,2204936500,6733,TWSE_CSV,2026-07-31 14:15:36 +0800
1150731,2026-07-31,上市,8341,日友,76.40,1.0000,76.10,76.70,76.10,131000,10007400,99,TWSE_CSV,2026-07-31 14:15:36 +0800
1150731,2026-07-31,上市,8367,建新國際,40.65,0.4000,40.15,40.90,40.15,15000,609100,15,TWSE_CSV,2026-07-31 14:15:36 +0800
1150731,2026-07-31,上市,8374,羅昇,70.90,4.1000,69.80,71.00,68.60,216000,15125700,181,TWSE_CSV,2026-07-31 14:15:36 +0800
1150731,2026-07-31,上市,8404,百和興業-KY,16.50,0.1500,16.40,16.70,16.40,232000,3829800,148,TWSE_CSV,2026-07-31 14:15:36 +0800
1150731,2026-07-31,上市,8411,福貞-KY,13.30,0.3500,12.95,13.30,12.80,163000,2125750,95,TWSE_CSV,2026-07-31 14:15:36 +0800
1150731,2026-07-31,上市,8422,可寧衛*,24.75,0.4000,24.95,25.60,24.75,12675000,316142700,2237,TWSE_CSV,2026-07-31 14:15:36 +0800
1150731,2026-07-31,上市,8429,金麗-KY,6.02,0.0100,6.02,6.10,6.00,413000,2484900,101,TWSE_CSV,2026-07-31 14:15:36 +0800
1150731,2026-07-31,上市,8438,昶昕,57.70,4.0000,58.00,58.00,55.80,483000,27438300,383,TWSE_CSV,2026-07-31 14:15:36 +0800
1150731,2026-07-31,上市,8442,威宏-KY,44.15,0.9000,43.35,44.30,43.25,50000,2184550,32,TWSE_CSV,2026-07-31 14:15:36 +0800
1150731,2026-07-31,上市,8443,阿瘦,11.50,0.0500,11.50,11.55,11.30,22000,251600,16,TWSE_CSV,2026-07-31 14:15:36 +0800
1150731,2026-07-31,上市,8454,富邦媒,245.50,-1.0000,252.00,260.50,244.00,1508000,378680000,1309,TWSE_CSV,2026-07-31 14:15:36 +0800
1150731,2026-07-31,上市,8462,柏文,168.50,-3.5000,172.00,174.50,166.50,435000,74199500,355,TWSE_CSV,2026-07-31 14:15:36 +0800
1150731,2026-07-31,上市,8463,潤泰材,21.15,0.3500,21.20,21.25,20.80,31000,654800,30,TWSE_CSV,2026-07-31 14:15:36 +0800
1150731,2026-07-31,上市,8464,億豐,381.00,-1.5000,377.50,391.50,376.50,825000,315221500,731,TWSE_CSV,2026-07-31 14:15:36 +0800
1150731,2026-07-31,上市,8466,美吉吉-KY,16.80,0.4500,16.90,16.90,16.60,30000,501100,18,TWSE_CSV,2026-07-31 14:15:36 +0800
1150731,2026-07-31,上市,8467,波力-KY,100.00,0.0000,100.00,100.00,98.00,15000,1488800,15,TWSE_CSV,2026-07-31 14:15:36 +0800
1150731,2026-07-31,上市,8473,山林水,40.75,0.7500,40.65,41.70,40.45,604000,24707200,386,TWSE_CSV,2026-07-31 14:15:36 +0800
1150731,2026-07-31,上市,8476,台境*,19.35,-0.2500,20.10,20.40,19.20,653000,12844900,347,TWSE_CSV,2026-07-31 14:15:36 +0800
1150731,2026-07-31,上市,8478,東哥遊艇,152.00,3.0000,153.50,154.00,150.50,204000,31038500,155,TWSE_CSV,2026-07-31 14:15:36 +0800
1150731,2026-07-31,上市,8481,政伸,40.05,0.1500,40.55,40.55,40.05,7000,281050,7,TWSE_CSV,2026-07-31 14:15:36 +0800
1150731,2026-07-31,上市,8482,商億-KY,53.00,1.6000,53.40,53.40,53.00,3000,159400,3,TWSE_CSV,2026-07-31 14:15:36 +0800
1150731,2026-07-31,上市,8487,愛爾達-創,75.00,0.9000,74.30,76.00,74.20,24000,1796300,22,TWSE_CSV,2026-07-31 14:15:36 +0800
1150731,2026-07-31,上市,8488,吉源-KY,10.25,0.2700,10.20,10.25,10.20,2000,20450,2,TWSE_CSV,2026-07-31 14:15:36 +0800
1150731,2026-07-31,上市,8499,鼎炫-KY,234.00,7.0000,233.50,241.50,231.50,46000,10821500,46,TWSE_CSV,2026-07-31 14:15:36 +0800
1150731,2026-07-31,上市,8926,台汽電,59.00,0.2000,61.50,62.30,59.00,6479000,389574200,3735,TWSE_CSV,2026-07-31 14:15:36 +0800
1150731,2026-07-31,上市,8940,新天地,15.50,-0.1500,15.65,15.70,15.50,83000,1291950,58,TWSE_CSV,2026-07-31 14:15:36 +0800
1150731,2026-07-31,上市,8996,高力,855.00,77.0000,855.00,855.00,855.00,793000,678015000,202,TWSE_CSV,2026-07-31 14:15:36 +0800
1150731,2026-07-31,上市,9103,美德醫療-DR,5.04,-0.0200,5.07,5.13,5.02,1367000,6912800,417,TWSE_CSV,2026-07-31 14:15:36 +0800
1150731,2026-07-31,上市,910322,康師傅-DR,24.25,-0.6000,25.20,25.50,24.20,27000,666000,20,TWSE_CSV,2026-07-31 14:15:36 +0800
1150731,2026-07-31,上市,9105,泰金寶-DR,8.12,0.6800,7.86,8.18,7.78,26731000,212729000,5087,TWSE_CSV,2026-07-31 14:15:36 +0800
1150731,2026-07-31,上市,910861,神州-DR,3.79,0.0000,3.85,3.85,3.79,51000,193740,20,TWSE_CSV,2026-07-31 14:15:36 +0800
1150731,2026-07-31,上市,9110,越南控-DR,3.28,0.1300,3.15,3.28,3.15,9000,28890,6,TWSE_CSV,2026-07-31 14:15:36 +0800
1150731,2026-07-31,上市,911608,明輝-DR,2.61,0.0100,2.61,2.61,2.61,40000,104400,21,TWSE_CSV,2026-07-31 14:15:36 +0800
1150731,2026-07-31,上市,911622,泰聚亨-DR,3.65,0.0000,3.65,3.65,3.63,105000,383170,32,TWSE_CSV,2026-07-31 14:15:36 +0800
1150731,2026-07-31,上市,911868,同方友友-DR,1.20,0.0000,1.20,1.20,1.19,107000,127610,39,TWSE_CSV,2026-07-31 14:15:36 +0800
1150731,2026-07-31,上市,912000,晨訊科-DR,2.63,0.0500,2.70,2.71,2.60,377000,991330,139,TWSE_CSV,2026-07-31 14:15:36 +0800
1150731,2026-07-31,上市,9136,巨騰-DR,10.90,0.2000,10.95,11.25,10.80,245000,2680550,110,TWSE_CSV,2026-07-31 14:15:36 +0800
1150731,2026-07-31,上市,9802,鈺齊-KY,72.90,1.4000,72.20,73.90,72.20,824000,60325100,504,TWSE_CSV,2026-07-31 14:15:36 +0800
1150731,2026-07-31,上市,9902,台火,13.65,0.4000,13.35,13.70,13.35,88000,1192350,58,TWSE_CSV,2026-07-31 14:15:36 +0800
1150731,2026-07-31,上市,9904,寶成,23.95,-0.0500,24.10,24.45,23.90,23034000,555242250,6969,TWSE_CSV,2026-07-31 14:15:36 +0800
1150731,2026-07-31,上市,9905,大華,20.65,0.1000,20.75,20.95,20.55,86000,1777350,55,TWSE_CSV,2026-07-31 14:15:36 +0800
1150731,2026-07-31,上市,9906,欣巴巴,39.75,1.7500,39.65,39.75,39.15,50000,1977300,41,TWSE_CSV,2026-07-31 14:15:36 +0800
1150731,2026-07-31,上市,9907,統一實,15.00,-0.3500,15.25,15.50,15.00,6809000,103630300,2601,TWSE_CSV,2026-07-31 14:15:36 +0800
1150731,2026-07-31,上市,9908,大台北,29.15,-0.2000,29.15,29.35,29.15,177000,5167350,116,TWSE_CSV,2026-07-31 14:15:36 +0800
1150731,2026-07-31,上市,9910,豐泰,68.40,-2.0000,70.60,71.30,68.40,1725000,119303700,1346,TWSE_CSV,2026-07-31 14:15:36 +0800
1150731,2026-07-31,上市,9911,櫻花,81.90,-0.2000,82.80,83.40,81.50,632000,51758600,566,TWSE_CSV,2026-07-31 14:15:36 +0800
1150731,2026-07-31,上市,9912,偉聯,12.80,0.1500,12.45,12.80,12.45,85000,1080550,49,TWSE_CSV,2026-07-31 14:15:36 +0800
1150731,2026-07-31,上市,9914,美利達,76.80,-1.6000,78.00,78.90,76.50,3875000,300560700,2381,TWSE_CSV,2026-07-31 14:15:36 +0800
1150731,2026-07-31,上市,9917,中保科,109.00,-2.0000,110.50,112.50,109.00,1375000,151899500,748,TWSE_CSV,2026-07-31 14:15:36 +0800
1150731,2026-07-31,上市,9918,欣天然,42.50,0.2000,42.70,42.70,42.20,24000,1017300,19,TWSE_CSV,2026-07-31 14:15:36 +0800
1150731,2026-07-31,上市,9919,康那香,13.65,0.0500,13.65,13.85,13.60,318000,4366200,205,TWSE_CSV,2026-07-31 14:15:36 +0800
1150731,2026-07-31,上市,9921,巨大,84.50,-1.6000,85.80,87.60,84.00,2841000,241825000,1955,TWSE_CSV,2026-07-31 14:15:36 +0800
1150731,2026-07-31,上市,9924,福興,38.75,-0.4500,39.35,39.35,38.70,393000,15278550,332,TWSE_CSV,2026-07-31 14:15:36 +0800
1150731,2026-07-31,上市,9925,新保,40.30,-0.3000,40.75,40.75,40.30,452000,18297050,289,TWSE_CSV,2026-07-31 14:15:36 +0800
1150731,2026-07-31,上市,9926,新海,49.30,-0.3000,49.20,49.70,49.20,10000,494600,10,TWSE_CSV,2026-07-31 14:15:36 +0800
1150731,2026-07-31,上市,9927,泰銘,69.90,1.1000,70.10,70.10,69.60,58000,4056900,48,TWSE_CSV,2026-07-31 14:15:36 +0800
1150731,2026-07-31,上市,9928,中視,18.20,0.2500,18.40,18.40,18.00,65000,1172850,23,TWSE_CSV,2026-07-31 14:15:36 +0800
1150731,2026-07-31,上市,9929,秋雨,11.45,0.4500,11.00,11.55,11.00,6000,68300,6,TWSE_CSV,2026-07-31 14:15:36 +0800
1150731,2026-07-31,上市,9930,中聯資源,63.20,0.1000,63.10,63.70,63.10,217000,13758700,167,TWSE_CSV,2026-07-31 14:15:36 +0800
1150731,2026-07-31,上市,9931,欣高,33.65,0.0500,33.65,33.95,33.65,27000,911050,22,TWSE_CSV,2026-07-31 14:15:36 +0800
1150731,2026-07-31,上市,9933,中鼎,35.25,-0.5000,36.50,36.95,35.25,3714000,133465050,2103,TWSE_CSV,2026-07-31 14:15:36 +0800
1150731,2026-07-31,上市,9934,成霖,10.50,0.1500,10.45,10.60,10.40,671000,7074850,246,TWSE_CSV,2026-07-31 14:15:36 +0800
1150731,2026-07-31,上市,9935,慶豐富,19.65,0.3000,19.45,19.85,19.45,208000,4089050,139,TWSE_CSV,2026-07-31 14:15:36 +0800
1150731,2026-07-31,上市,9937,全國,56.20,0.7000,55.50,56.40,55.50,37000,2069100,32,TWSE_CSV,2026-07-31 14:15:36 +0800
1150731,2026-07-31,上市,9938,百和,45.60,0.3000,45.70,46.35,45.40,1723000,78719550,1045,TWSE_CSV,2026-07-31 14:15:36 +0800
1150731,2026-07-31,上市,9939,宏全,128.00,-1.0000,131.50,131.50,127.50,1697000,218653500,1138,TWSE_CSV,2026-07-31 14:15:36 +0800
1150731,2026-07-31,上市,9940,信義,20.45,-0.4000,20.90,21.00,20.45,724000,14968200,343,TWSE_CSV,2026-07-31 14:15:36 +0800
1150731,2026-07-31,上市,9941,裕融,82.00,0.6000,81.90,83.20,81.90,1297000,107045700,875,TWSE_CSV,2026-07-31 14:15:36 +0800
1150731,2026-07-31,上市,9942,茂順,115.00,3.0000,114.00,115.00,113.50,106000,12128500,88,TWSE_CSV,2026-07-31 14:15:36 +0800
1150731,2026-07-31,上市,9943,好樂迪,52.30,-0.5000,52.80,53.10,52.10,148000,7747100,119,TWSE_CSV,2026-07-31 14:15:36 +0800
1150731,2026-07-31,上市,9944,新麗,17.75,0.0500,17.95,17.95,17.75,27000,482450,18,TWSE_CSV,2026-07-31 14:15:36 +0800
1150731,2026-07-31,上市,9945,潤泰新,27.05,0.3500,27.00,27.50,26.95,13204000,358787700,4945,TWSE_CSV,2026-07-31 14:15:36 +0800
1150731,2026-07-31,上市,9946,三發地產,18.05,0.0000,18.10,18.20,18.00,190000,3429750,124,TWSE_CSV,2026-07-31 14:15:36 +0800
1150731,2026-07-31,上市,9955,佳龍,22.80,0.3500,23.10,23.45,22.80,251000,5783000,165,TWSE_CSV,2026-07-31 14:15:36 +0800
1150731,2026-07-31,上市,9958,世紀鋼,104.50,3.0000,105.00,108.00,104.50,1799000,190045500,957,TWSE_CSV,2026-07-31 14:15:36 +0800
1150731,2026-07-31,上櫃,006201,元大富櫃50,38.07,+3.12,37.72,38.17,37.53,607000,22955720,308,TPEX_CSV,2026-07-31 14:15:36 +0800
1150731,2026-07-31,上櫃,00679B,元大美債20年,26.68,+0.17,26.57,26.69,26.56,15501000,412954940,1427,TPEX_CSV,2026-07-31 14:15:36 +0800
1150731,2026-07-31,上櫃,00687B,國泰20年美債,27.73,+0.13,27.67,27.77,27.67,17958000,498135140,1029,TPEX_CSV,2026-07-31 14:15:36 +0800
1150731,2026-07-31,上櫃,00687C,國泰20年美債+櫃U,9.11,+0.05,9.11,9.11,9.11,25000,227750,2,TPEX_CSV,2026-07-31 14:15:36 +0800
1150731,2026-07-31,上櫃,00694B,富邦美債1-3,42.54,+0.04,42.50,42.59,42.50,69000,2936610,15,TPEX_CSV,2026-07-31 14:15:36 +0800
1150731,2026-07-31,上櫃,00695B,富邦美債7-10,35.50,+0.13,35.32,35.50,35.32,454000,16111140,32,TPEX_CSV,2026-07-31 14:15:36 +0800
1150731,2026-07-31,上櫃,00696B,富邦美債20年,28.72,+0.15,28.62,28.76,28.62,1832000,52657640,56,TPEX_CSV,2026-07-31 14:15:36 +0800
1150731,2026-07-31,上櫃,00697B,元大美債7-10,36.02,+0.11,35.91,36.05,35.91,376000,13544020,84,TPEX_CSV,2026-07-31 14:15:36 +0800
1150731,2026-07-31,上櫃,00719B,元大美債1-3,31.55,+0.01,31.50,31.57,31.50,1449000,45700970,321,TPEX_CSV,2026-07-31 14:15:36 +0800
1150731,2026-07-31,上櫃,00720B,元大投資級公司債,32.39,+0.23,32.28,32.42,32.28,3602000,116667160,526,TPEX_CSV,2026-07-31 14:15:36 +0800
1150731,2026-07-31,上櫃,00722B,群益投資級電信債,34.68,+0.15,34.55,34.69,34.55,454000,15736100,92,TPEX_CSV,2026-07-31 14:15:36 +0800
1150731,2026-07-31,上櫃,00723B,群益投資級科技債,29.86,+0.36,29.74,29.87,29.68,162000,4822920,14,TPEX_CSV,2026-07-31 14:15:36 +0800
1150731,2026-07-31,上櫃,00724B,群益投資級金融債,33.50,+0.23,33.46,33.55,33.43,2352000,78798640,70,TPEX_CSV,2026-07-31 14:15:36 +0800
1150731,2026-07-31,上櫃,00725B,國泰投資級公司債,34.52,+0.25,34.43,34.58,34.40,4301000,148465330,326,TPEX_CSV,2026-07-31 14:15:36 +0800
1150731,2026-07-31,上櫃,00726B,國泰新興投等債,32.66,0.00,32.66,32.71,32.55,435000,14215510,31,TPEX_CSV,2026-07-31 14:15:36 +0800
1150731,2026-07-31,上櫃,00727B,國泰優選非投等債,39.80,+0.12,39.78,39.81,39.78,138000,5492150,9,TPEX_CSV,2026-07-31 14:15:36 +0800
1150731,2026-07-31,上櫃,00734B,台新JPM新興債,15.66,-0.01,15.66,15.66,15.66,20000,313200,1,TPEX_CSV,2026-07-31 14:15:36 +0800
1150731,2026-07-31,上櫃,00740B,富邦全球投等債,38.11,+0.25,38.17,38.17,38.08,446000,16996370,73,TPEX_CSV,2026-07-31 14:15:36 +0800
1150731,2026-07-31,上櫃,00741B,富邦全球非投等債,37.88,+0.07,37.73,37.97,37.73,59000,2239240,7,TPEX_CSV,2026-07-31 14:15:36 +0800
1150731,2026-07-31,上櫃,00746B,富邦A級公司債,35.14,+0.22,34.92,35.15,34.92,58000,2037760,8,TPEX_CSV,2026-07-31 14:15:36 +0800
1150731,2026-07-31,上櫃,00749B,凱基新興債10+,31.26,+0.03,31.23,31.28,31.23,102000,3185540,4,TPEX_CSV,2026-07-31 14:15:36 +0800
1150731,2026-07-31,上櫃,00750B,凱基科技債10+,32.18,+0.20,32.18,32.18,32.18,100000,3218000,2,TPEX_CSV,2026-07-31 14:15:36 +0800
1150731,2026-07-31,上櫃,00751B,元大AAA至A公司債,31.02,+0.27,30.86,31.02,30.86,3725000,115298060,548,TPEX_CSV,2026-07-31 14:15:36 +0800
1150731,2026-07-31,上櫃,00754B,群益AAA-AA公司債,32.53,+0.33,32.42,32.55,32.42,86000,2796040,17,TPEX_CSV,2026-07-31 14:15:36 +0800
1150731,2026-07-31,上櫃,00755B,群益投資級公用債,32.66,+0.15,32.64,32.68,32.59,145000,4734690,11,TPEX_CSV,2026-07-31 14:15:36 +0800
1150731,2026-07-31,上櫃,00756B,群益投等新興公債,31.35,+0.07,31.32,31.39,31.31,91000,2852760,25,TPEX_CSV,2026-07-31 14:15:36 +0800
1150731,2026-07-31,上櫃,00758B,復華能源債,51.30,+0.15,51.30,51.30,51.30,100000,5130000,2,TPEX_CSV,2026-07-31 14:15:36 +0800
1150731,2026-07-31,上櫃,00759B,復華製藥債,54.20,+0.15,54.20,54.20,54.20,100000,5420000,2,TPEX_CSV,2026-07-31 14:15:36 +0800
1150731,2026-07-31,上櫃,00760B,復華新興企業債,53.60,+0.05,53.55,53.65,53.30,117000,6268500,12,TPEX_CSV,2026-07-31 14:15:36 +0800
1150731,2026-07-31,上櫃,00761B,國泰A級公司債,34.20,+0.27,33.85,34.25,33.85,546000,18682980,40,TPEX_CSV,2026-07-31 14:15:36 +0800
1150731,2026-07-31,上櫃,00764B,群益25年美債,27.65,+0.15,27.62,27.71,27.62,7698000,213087910,147,TPEX_CSV,2026-07-31 14:15:36 +0800
1150731,2026-07-31,上櫃,00768B,復華20年美債,49.95,+0.28,49.94,50.05,49.94,296000,14793850,20,TPEX_CSV,2026-07-31 14:15:36 +0800
1150731,2026-07-31,上櫃,00772B,中信高評級公司債,33.27,+0.24,33.15,33.27,33.12,1193000,39652150,200,TPEX_CSV,2026-07-31 14:15:36 +0800
1150731,2026-07-31,上櫃,00773B,中信優先金融債,35.78,+0.24,35.75,35.81,35.75,386000,13807350,46,TPEX_CSV,2026-07-31 14:15:36 +0800
1150731,2026-07-31,上櫃,00777B,凱基AAA至A公司債,31.87,+0.12,31.87,31.87,31.87,110000,3505700,3,TPEX_CSV,2026-07-31 14:15:36 +0800
1150731,2026-07-31,上櫃,00778B,凱基金融債20+,34.39,+0.46,34.21,34.39,34.21,102000,3489780,3,TPEX_CSV,2026-07-31 14:15:36 +0800
1150731,2026-07-31,上櫃,00779B,凱基美債25+,27.98,+0.18,28.00,28.02,27.98,444000,12425510,16,TPEX_CSV,2026-07-31 14:15:36 +0800
1150731,2026-07-31,上櫃,00780B,國泰A級金融債,37.68,+0.08,37.68,37.68,37.68,162000,6104160,4,TPEX_CSV,2026-07-31 14:15:36 +0800
1150731,2026-07-31,上櫃,00781B,國泰A級科技債,27.65,+0.25,27.58,27.65,27.58,119000,3289500,9,TPEX_CSV,2026-07-31 14:15:36 +0800
1150731,2026-07-31,上櫃,00782B,國泰A級公用債,30.04,+0.09,30.04,30.04,30.04,105000,3154200,4,TPEX_CSV,2026-07-31 14:15:36 +0800
1150731,2026-07-31,上櫃,00785B,富邦金融投等債,34.77,+0.17,34.77,34.77,34.77,51000,1773270,3,TPEX_CSV,2026-07-31 14:15:36 +0800
1150731,2026-07-31,上櫃,00786B,元大10年IG銀行債,32.80,+0.20,32.84,32.84,32.78,14000,459420,5,TPEX_CSV,2026-07-31 14:15:36 +0800
1150731,2026-07-31,上櫃,00787B,元大10年IG醫療債,32.43,+0.24,32.39,32.43,32.38,3000,97200,3,TPEX_CSV,2026-07-31 14:15:36 +0800
1150731,2026-07-31,上櫃,00788B,元大10年IG電能債,29.78,+0.17,29.70,29.88,29.70,9000,268410,8,TPEX_CSV,2026-07-31 14:15:36 +0800
1150731,2026-07-31,上櫃,00789B,復華公司債A3,46.87,+0.21,46.87,46.87,46.87,100000,4687000,2,TPEX_CSV,2026-07-31 14:15:36 +0800
1150731,2026-07-31,上櫃,00791B,復華信用債1-5,57.35,-0.30,57.10,57.35,57.10,123000,7053400,7,TPEX_CSV,2026-07-31 14:15:36 +0800
1150731,2026-07-31,上櫃,00792B,群益A級公司債,31.43,+0.29,31.31,31.47,31.30,254000,7963910,22,TPEX_CSV,2026-07-31 14:15:36 +0800
1150731,2026-07-31,上櫃,00793B,群益AAA-A醫療債,30.53,+0.14,30.46,30.55,30.46,14000,427470,7,TPEX_CSV,2026-07-31 14:15:36 +0800
1150731,2026-07-31,上櫃,00795B,中信美國公債20年,26.86,+0.16,26.76,26.87,26.76,5145000,138083230,321,TPEX_CSV,2026-07-31 14:15:36 +0800
1150731,2026-07-31,上櫃,00799B,國泰A級醫療債,29.58,+0.19,29.43,29.60,29.43,127000,3757510,15,TPEX_CSV,2026-07-31 14:15:36 +0800
1150731,2026-07-31,上櫃,00834B,第一金金融債10+,33.78,+0.09,33.91,33.91,33.78,103000,3479730,3,TPEX_CSV,2026-07-31 14:15:36 +0800
1150731,2026-07-31,上櫃,00836B,永豐10年A公司債,28.35,+0.10,28.35,28.35,28.35,1000,28350,1,TPEX_CSV,2026-07-31 14:15:36 +0800
1150731,2026-07-31,上櫃,00840B,凱基IG精選15+,29.50,+0.24,29.50,29.50,29.50,100000,2950000,2,TPEX_CSV,2026-07-31 14:15:36 +0800
1150731,2026-07-31,上櫃,00841B,凱基AAA-AA公司債,28.33,+0.22,28.33,28.33,28.33,100000,2833000,2,TPEX_CSV,2026-07-31 14:15:36 +0800
1150731,2026-07-31,上櫃,00842B,台新美元銀行債,30.01,+0.10,29.95,30.18,29.95,86000,2580180,11,TPEX_CSV,2026-07-31 14:15:36 +0800
1150731,2026-07-31,上櫃,00844B,台新15年IG金融債,31.60,+0.26,31.59,31.60,31.59,265000,8373750,7,TPEX_CSV,2026-07-31 14:15:36 +0800
1150731,2026-07-31,上櫃,00845B,富邦新興投等債,33.56,+0.01,33.56,33.56,33.56,100000,3356000,2,TPEX_CSV,2026-07-31 14:15:36 +0800
1150731,2026-07-31,上櫃,00846B,富邦歐洲銀行債,36.47,+0.14,36.47,36.47,36.47,100000,3647000,2,TPEX_CSV,2026-07-31 14:15:36 +0800
1150731,2026-07-31,上櫃,00847B,中信美國市政債,25.42,+0.09,25.36,25.42,25.36,7000,177780,4,TPEX_CSV,2026-07-31 14:15:36 +0800
1150731,2026-07-31,上櫃,00848B,中信新興亞洲債,----,---,----,----,----,0,0,0,TPEX_CSV,2026-07-31 14:15:36 +0800
1150731,2026-07-31,上櫃,00849B,中信EM主權債0-5,38.01,+0.07,37.94,38.03,37.94,16000,607360,3,TPEX_CSV,2026-07-31 14:15:36 +0800
1150731,2026-07-31,上櫃,00853B,統一美債10年Aa-A,27.28,+0.18,27.26,27.29,27.26,1511000,41209890,24,TPEX_CSV,2026-07-31 14:15:36 +0800
1150731,2026-07-31,上櫃,00856B,永豐1-3年美公債,38.28,+0.01,38.18,38.30,38.18,17000,650180,6,TPEX_CSV,2026-07-31 14:15:36 +0800
1150731,2026-07-31,上櫃,00857B,永豐20年美公債,23.06,+0.12,23.00,23.07,23.00,604000,13922250,79,TPEX_CSV,2026-07-31 14:15:36 +0800
1150731,2026-07-31,上櫃,00858,永豐美國500大,35.44,+0.83,35.29,35.44,35.29,520000,18386370,140,TPEX_CSV,2026-07-31 14:15:36 +0800
1150731,2026-07-31,上櫃,00859B,群益0-1年美債,41.77,+0.03,41.69,41.80,41.67,1177000,49137230,75,TPEX_CSV,2026-07-31 14:15:36 +0800
1150731,2026-07-31,上櫃,00860B,群益1-5Y投資級債,39.04,+0.07,39.04,39.04,39.04,50000,1952000,2,TPEX_CSV,2026-07-31 14:15:36 +0800
1150731,2026-07-31,上櫃,00862B,中信投資級公司債,31.22,+0.22,31.18,31.22,31.18,97000,3027130,10,TPEX_CSV,2026-07-31 14:15:36 +0800
1150731,2026-07-31,上櫃,00863B,中信全球電信債,31.46,+0.31,31.28,31.46,31.28,234000,7344450,12,TPEX_CSV,2026-07-31 14:15:36 +0800
1150731,2026-07-31,上櫃,00864B,中信美國公債0-1,47.32,+0.01,47.21,47.41,47.21,775000,36704930,121,TPEX_CSV,2026-07-31 14:15:36 +0800
1150731,2026-07-31,上櫃,00867B,台新A-BBB電信債,----,---,----,----,----,0,0,0,TPEX_CSV,2026-07-31 14:15:36 +0800
1150731,2026-07-31,上櫃,00870B,元大15年EM主權債,27.79,-0.06,27.79,27.79,27.79,1000,27790,1,TPEX_CSV,2026-07-31 14:15:36 +0800
1150731,2026-07-31,上櫃,00877,復華中國5G,34.50,+1.92,34.90,35.23,33.96,4246000,147333780,1188,TPEX_CSV,2026-07-31 14:15:36 +0800
1150731,2026-07-31,上櫃,00884B,中信低碳新興債,29.13,+0.16,29.13,29.13,29.13,120000,3495600,4,TPEX_CSV,2026-07-31 14:15:36 +0800
1150731,2026-07-31,上櫃,00886,永豐美國科技,45.14,+1.24,44.57,45.14,44.57,44000,1983880,5,TPEX_CSV,2026-07-31 14:15:36 +0800
1150731,2026-07-31,上櫃,00887,永豐中國科技50大,16.57,+0.61,16.60,16.70,16.22,13850000,228879350,1840,TPEX_CSV,2026-07-31 14:15:36 +0800
1150731,2026-07-31,上櫃,00888,永豐台灣ESG,31.47,+2.86,31.00,31.47,30.83,23495000,733984180,3702,TPEX_CSV,2026-07-31 14:15:36 +0800
1150731,2026-07-31,上櫃,00890B,凱基ESG BBB債15+,31.72,+0.22,31.75,31.78,31.72,108000,3431820,5,TPEX_CSV,2026-07-31 14:15:36 +0800
1150731,2026-07-31,上櫃,00928,中信上櫃ESG 30,27.43,+2.12,27.13,27.43,26.84,911000,24722160,263,TPEX_CSV,2026-07-31 14:15:36 +0800
1150731,2026-07-31,上櫃,00931B,統一美債20年,13.35,+0.09,13.28,13.35,13.28,775000,10335310,122,TPEX_CSV,2026-07-31 14:15:36 +0800
1150731,2026-07-31,上櫃,00933B,國泰10Y+金融債,15.99,+0.09,15.96,16.02,15.96,6438000,102971430,605,TPEX_CSV,2026-07-31 14:15:36 +0800
1150731,2026-07-31,上櫃,00937B,群益ESG投等債20+,14.62,+0.11,14.56,14.64,14.56,27413000,400752570,2931,TPEX_CSV,2026-07-31 14:15:36 +0800
1150731,2026-07-31,上櫃,00942B,台新美A公司債20+,14.08,+0.10,14.00,14.10,14.00,1642000,23114960,56,TPEX_CSV,2026-07-31 14:15:36 +0800
1150731,2026-07-31,上櫃,00948B,中信優息投資級債,9.32,+0.06,9.30,9.33,9.30,6988000,65163100,185,TPEX_CSV,2026-07-31 14:15:36 +0800
1150731,2026-07-31,上櫃,00950B,凱基A級公司債,13.98,除息,13.96,13.99,13.94,1522000,21249430,160,TPEX_CSV,2026-07-31 14:15:36 +0800
1150731,2026-07-31,上櫃,00955,中信日本商社,15.32,+0.38,15.21,15.34,15.05,8699000,132871920,1567,TPEX_CSV,2026-07-31 14:15:36 +0800
1150731,2026-07-31,上櫃,00957B,兆豐US優選投等債,13.25,+0.11,13.33,13.33,13.25,99000,1312020,23,TPEX_CSV,2026-07-31 14:15:36 +0800
1150731,2026-07-31,上櫃,00958B,永豐ESG銀行債15+,9.26,+0.07,9.23,9.26,9.23,152000,1405910,20,TPEX_CSV,2026-07-31 14:15:36 +0800
1150731,2026-07-31,上櫃,00959B,大華投等美債15Y+,9.27,除息,9.28,9.29,9.26,682000,6322250,107,TPEX_CSV,2026-07-31 14:15:36 +0800
1150731,2026-07-31,上櫃,00966B,統一ESG投等債15+,13.72,除息,13.70,13.73,13.69,394000,5401900,18,TPEX_CSV,2026-07-31 14:15:36 +0800
1150731,2026-07-31,上櫃,00967B,元大優息美債,9.12,+0.06,9.07,9.13,9.07,899000,8197780,20,TPEX_CSV,2026-07-31 14:15:36 +0800
1150731,2026-07-31,上櫃,00968B,元大優息投等債,9.15,+0.05,9.13,9.16,9.13,1506000,13781600,91,TPEX_CSV,2026-07-31 14:15:36 +0800
1150731,2026-07-31,上櫃,00969B,元大零息超長美債,8.18,+0.06,8.14,8.19,8.14,593000,4843260,42,TPEX_CSV,2026-07-31 14:15:36 +0800
1150731,2026-07-31,上櫃,00970B,台新BBB投等債20+,9.25,+0.07,9.23,9.25,9.23,491000,4537970,51,TPEX_CSV,2026-07-31 14:15:36 +0800
1150731,2026-07-31,上櫃,009806,台新標普500,13.50,+0.25,13.47,13.50,13.47,30000,404410,6,TPEX_CSV,2026-07-31 14:15:36 +0800
1150731,2026-07-31,上櫃,009807,台新標普科技精選,16.39,+0.76,16.42,16.42,16.35,225000,3691480,11,TPEX_CSV,2026-07-31 14:15:36 +0800
1150731,2026-07-31,上櫃,00980B,台新特選IG債10+,9.37,+0.08,9.32,9.37,9.32,129000,1207450,8,TPEX_CSV,2026-07-31 14:15:36 +0800
1150731,2026-07-31,上櫃,00980D,主動聯博投等入息,20.45,+0.05,20.41,20.47,20.41,195000,3989200,57,TPEX_CSV,2026-07-31 14:15:36 +0800
1150731,2026-07-31,上櫃,00980T,平衡凱基美國TOP,11.60,+0.19,11.57,11.63,11.57,156000,1807720,30,TPEX_CSV,2026-07-31 14:15:36 +0800
1150731,2026-07-31,上櫃,009814,富邦標普500,11.22,+0.18,11.19,11.23,11.19,651000,7300650,122,TPEX_CSV,2026-07-31 14:15:36 +0800
1150731,2026-07-31,上櫃,009815,大華美國MAG7+,11.19,+0.45,11.16,11.20,11.13,2579000,28780770,490,TPEX_CSV,2026-07-31 14:15:36 +0800
1150731,2026-07-31,上櫃,00981B,第一金優選非投債,9.30,+0.05,9.27,9.31,9.27,21451000,199349970,598,TPEX_CSV,2026-07-31 14:15:36 +0800
1150731,2026-07-31,上櫃,00981D,主動中信非投等債,10.50,+0.03,10.48,10.51,10.47,3131000,32841270,214,TPEX_CSV,2026-07-31 14:15:36 +0800
1150731,2026-07-31,上櫃,009822,華南永昌未來金融,9.83,+0.39,9.65,9.86,9.65,745000,7304740,113,TPEX_CSV,2026-07-31 14:15:36 +0800
1150731,2026-07-31,上櫃,009823,群益S&P500,10.34,+0.18,10.32,10.35,10.31,3882000,40088670,641,TPEX_CSV,2026-07-31 14:15:36 +0800
1150731,2026-07-31,上櫃,009825,聯邦美國金融創新,9.80,+0.05,9.80,9.92,9.80,1129000,11119130,100,TPEX_CSV,2026-07-31 14:15:36 +0800
1150731,2026-07-31,上櫃,00982B,FT投資級債20+,9.67,+0.07,9.60,9.67,9.60,21000,202650,8,TPEX_CSV,2026-07-31 14:15:36 +0800
1150731,2026-07-31,上櫃,00983B,大華優利美公債20,15.53,除息,15.51,15.53,15.51,58000,900140,6,TPEX_CSV,2026-07-31 14:15:36 +0800
1150731,2026-07-31,上櫃,00984B,大華優利美A債15,16.09,除息,16.08,16.09,16.06,1374000,22081890,110,TPEX_CSV,2026-07-31 14:15:36 +0800
1150731,2026-07-31,上櫃,00985D,主動貝萊德優投等,10.05,+0.04,10.03,10.09,10.02,598000,6007800,73,TPEX_CSV,2026-07-31 14:15:36 +0800
1150731,2026-07-31,上櫃,00986B,FT金融債10+,9.76,除息,9.79,9.79,9.76,3000,29310,3,TPEX_CSV,2026-07-31 14:15:36 +0800
1150731,2026-07-31,上櫃,00986D,主動復華金融債息,14.77,+0.05,14.71,14.78,14.70,2641000,38893170,63,TPEX_CSV,2026-07-31 14:15:36 +0800
1150731,2026-07-31,上櫃,00987B,野村10+澳洲公債,16.23,+0.18,16.03,16.24,16.03,921000,14922050,55,TPEX_CSV,2026-07-31 14:15:36 +0800
1150731,2026-07-31,上櫃,00988B,玉山嚴選非投債,19.93,+0.05,19.88,19.94,19.88,745000,14841050,132,TPEX_CSV,2026-07-31 14:15:36 +0800
1150731,2026-07-31,上櫃,00989B,台新美國非投等債,10.26,+0.03,10.23,10.26,10.23,2668000,27372840,40,TPEX_CSV,2026-07-31 14:15:36 +0800
1150731,2026-07-31,上櫃,00990B,國泰收益非投等債,10.06,+0.02,10.05,10.07,10.05,1324000,13327930,74,TPEX_CSV,2026-07-31 14:15:36 +0800
1150731,2026-07-31,上櫃,00998A,主動復華金融股息,17.67,+0.37,17.44,17.70,17.44,3198000,56426550,463,TPEX_CSV,2026-07-31 14:15:36 +0800
1150731,2026-07-31,上櫃,1240,茂生農經,55.20,+1.50,54.50,55.30,54.50,28000,1539600,27,TPEX_CSV,2026-07-31 14:15:36 +0800
1150731,2026-07-31,上櫃,1259,安心,----,---,----,----,----,0,0,0,TPEX_CSV,2026-07-31 14:15:36 +0800
1150731,2026-07-31,上櫃,1264,德麥,255.50,-0.50,257.00,257.00,255.50,15000,3837500,14,TPEX_CSV,2026-07-31 14:15:36 +0800
1150731,2026-07-31,上櫃,1268,漢來美食,172.50,+4.00,170.00,172.50,169.50,63000,10755500,58,TPEX_CSV,2026-07-31 14:15:36 +0800
1150731,2026-07-31,上櫃,1294,漢田生技,55.40,+0.60,56.60,56.60,55.30,10000,555800,9,TPEX_CSV,2026-07-31 14:15:36 +0800
1150731,2026-07-31,上櫃,1295,生合,46.35,+0.35,46.15,46.60,45.60,28000,1292300,28,TPEX_CSV,2026-07-31 14:15:36 +0800
1150731,2026-07-31,上櫃,1336,台翰,14.90,+0.50,15.00,15.10,14.90,122000,1830250,64,TPEX_CSV,2026-07-31 14:15:36 +0800
1150731,2026-07-31,上櫃,1565,精華,92.00,+0.70,92.10,93.20,91.50,84000,7758000,80,TPEX_CSV,2026-07-31 14:15:36 +0800
1150731,2026-07-31,上櫃,1569,濱川,39.65,+2.20,38.45,40.35,38.45,218000,8638200,179,TPEX_CSV,2026-07-31 14:15:36 +0800
1150731,2026-07-31,上櫃,1570,力肯,33.55,+1.30,32.95,33.95,32.95,48000,1611700,42,TPEX_CSV,2026-07-31 14:15:36 +0800
1150731,2026-07-31,上櫃,1580,新麥,112.50,+0.50,112.50,113.50,112.00,49000,5519000,42,TPEX_CSV,2026-07-31 14:15:36 +0800
1150731,2026-07-31,上櫃,1584,精剛,17.20,+0.35,17.25,17.40,17.00,596000,10201950,326,TPEX_CSV,2026-07-31 14:15:36 +0800
1150731,2026-07-31,上櫃,1586,和勤,18.60,+0.40,18.25,18.80,18.20,555000,10214800,276,TPEX_CSV,2026-07-31 14:15:36 +0800
1150731,2026-07-31,上櫃,1591,駿吉-KY,38.70,+1.60,35.50,40.80,35.50,305000,11792400,232,TPEX_CSV,2026-07-31 14:15:36 +0800
1150731,2026-07-31,上櫃,1593,祺驊,29.85,+0.35,30.15,30.15,29.55,13000,387550,11,TPEX_CSV,2026-07-31 14:15:36 +0800
1150731,2026-07-31,上櫃,1595,川寶,50.00,+4.50,50.00,50.00,50.00,153000,7650000,60,TPEX_CSV,2026-07-31 14:15:36 +0800
1150731,2026-07-31,上櫃,1599,宏佳騰,24.15,+0.25,24.40,24.50,23.90,47000,1137250,37,TPEX_CSV,2026-07-31 14:15:36 +0800
1150731,2026-07-31,上櫃,1742,台蠟,17.90,+1.35,16.65,18.15,15.85,299000,5130300,151,TPEX_CSV,2026-07-31 14:15:36 +0800
1150731,2026-07-31,上櫃,1777,生泰,72.10,+0.10,72.10,72.60,71.60,7000,504400,7,TPEX_CSV,2026-07-31 14:15:36 +0800
1150731,2026-07-31,上櫃,1780,立弘,23.75,-0.05,23.80,23.80,22.90,125000,2927750,73,TPEX_CSV,2026-07-31 14:15:36 +0800
1150731,2026-07-31,上櫃,1781,合世,11.60,+0.40,11.20,11.60,11.20,9000,103300,8,TPEX_CSV,2026-07-31 14:15:36 +0800
1150731,2026-07-31,上櫃,1784,訊聯,57.10,+1.00,57.10,57.50,56.20,89000,5056600,80,TPEX_CSV,2026-07-31 14:15:36 +0800
1150731,2026-07-31,上櫃,1785,光洋科,99.40,+9.00,98.60,99.40,96.50,5318000,523796900,3052,TPEX_CSV,2026-07-31 14:15:36 +0800
1150731,2026-07-31,上櫃,1788,杏昌,130.00,+0.50,130.00,130.00,129.50,10000,1297000,9,TPEX_CSV,2026-07-31 14:15:36 +0800
1150731,2026-07-31,上櫃,1796,金穎生技,30.40,-0.65,31.05,31.40,30.40,39000,1200300,29,TPEX_CSV,2026-07-31 14:15:36 +0800
1150731,2026-07-31,上櫃,1799,易威,32.70,+1.10,34.75,34.75,32.25,347000,11623550,180,TPEX_CSV,2026-07-31 14:15:36 +0800
1150731,2026-07-31,上櫃,1813,寶利徠,11.70,0.00,11.70,11.70,11.65,9000,105250,8,TPEX_CSV,2026-07-31 14:15:36 +0800
1150731,2026-07-31,上櫃,1815,富喬,66.30,+6.00,66.20,66.30,64.50,14068000,925941800,7133,TPEX_CSV,2026-07-31 14:15:36 +0800
1150731,2026-07-31,上櫃,2035,唐榮,26.20,0.00,26.20,26.20,26.20,1000,26200,1,TPEX_CSV,2026-07-31 14:15:36 +0800
1150731,2026-07-31,上櫃,2061,風青,55.50,+4.30,55.00,56.30,53.70,2239000,123788500,1340,TPEX_CSV,2026-07-31 14:15:36 +0800
1150731,2026-07-31,上櫃,2063,世鎧,23.75,+0.15,23.65,23.75,23.50,37000,873200,30,TPEX_CSV,2026-07-31 14:15:36 +0800
1150731,2026-07-31,上櫃,2064,晉椿,11.70,0.00,11.70,11.70,11.70,5000,58500,3,TPEX_CSV,2026-07-31 14:15:36 +0800
1150731,2026-07-31,上櫃,2065,世豐,31.45,0.00,31.50,31.55,31.40,32000,1006700,26,TPEX_CSV,2026-07-31 14:15:36 +0800
1150731,2026-07-31,上櫃,2066,世德,58.80,+1.80,58.40,59.00,58.00,118000,6905400,86,TPEX_CSV,2026-07-31 14:15:36 +0800
1150731,2026-07-31,上櫃,2067,嘉鋼,6.44,+0.21,6.30,6.46,6.25,33000,207310,10,TPEX_CSV,2026-07-31 14:15:36 +0800
1150731,2026-07-31,上櫃,2070,精湛,46.60,+2.60,45.05,47.10,45.05,110000,5090000,82,TPEX_CSV,2026-07-31 14:15:36 +0800
1150731,2026-07-31,上櫃,2073,雄順,28.05,+2.05,28.05,28.05,28.05,1000,28050,1,TPEX_CSV,2026-07-31 14:15:36 +0800
1150731,2026-07-31,上櫃,2221,大甲,43.30,+1.20,43.15,44.10,42.75,203000,8801450,161,TPEX_CSV,2026-07-31 14:15:36 +0800
1150731,2026-07-31,上櫃,2230,泰茂,22.35,+0.60,21.75,23.00,21.75,134000,2990900,99,TPEX_CSV,2026-07-31 14:15:36 +0800
1150731,2026-07-31,上櫃,2235,謚源,26.20,0.00,25.35,26.45,25.35,6000,156650,6,TPEX_CSV,2026-07-31 14:15:36 +0800
1150731,2026-07-31,上櫃,2596,綠意,29.85,+0.55,29.60,30.50,29.60,46000,1372500,22,TPEX_CSV,2026-07-31 14:15:36 +0800
1150731,2026-07-31,上櫃,2640,大車隊,148.00,+3.00,147.00,148.00,147.00,29000,4273000,25,TPEX_CSV,2026-07-31 14:15:36 +0800
1150731,2026-07-31,上櫃,2641,正德,16.75,+0.45,16.70,16.85,16.65,838000,14037950,419,TPEX_CSV,2026-07-31 14:15:36 +0800
1150731,2026-07-31,上櫃,2643,捷迅,59.00,0.00,59.00,59.50,58.30,13000,763100,13,TPEX_CSV,2026-07-31 14:15:36 +0800
1150731,2026-07-31,上櫃,2718,全心投控,42.75,+0.65,42.65,43.85,42.20,73000,3104400,41,TPEX_CSV,2026-07-31 14:15:36 +0800
1150731,2026-07-31,上櫃,2719,燦星旅,21.75,+0.20,21.50,21.75,21.20,19000,409300,17,TPEX_CSV,2026-07-31 14:15:36 +0800
1150731,2026-07-31,上櫃,2724,藝舍-KY,----,---,----,----,----,0,0,0,TPEX_CSV,2026-07-31 14:15:36 +0800
1150731,2026-07-31,上櫃,2726,雅茗-KY,8.67,+0.01,8.88,8.88,8.67,31000,271500,28,TPEX_CSV,2026-07-31 14:15:36 +0800
1150731,2026-07-31,上櫃,2729,瓦城,161.00,-1.00,162.00,165.00,161.00,64000,10461500,58,TPEX_CSV,2026-07-31 14:15:36 +0800
1150731,2026-07-31,上櫃,2732,六角,64.20,+1.90,62.70,64.20,62.70,19000,1201900,19,TPEX_CSV,2026-07-31 14:15:36 +0800
1150731,2026-07-31,上櫃,2734,易飛網,14.40,+0.15,14.30,14.55,14.30,70000,1012000,39,TPEX_CSV,2026-07-31 14:15:36 +0800
1150731,2026-07-31,上櫃,2736,富野,11.65,+0.10,11.95,11.95,11.60,40000,469250,25,TPEX_CSV,2026-07-31 14:15:36 +0800
1150731,2026-07-31,上櫃,2740,華軒,33.65,+0.40,32.90,33.65,32.90,2000,66550,2,TPEX_CSV,2026-07-31 14:15:36 +0800
1150731,2026-07-31,上櫃,2743,山富,58.30,+0.60,57.90,58.80,57.70,45000,2623400,36,TPEX_CSV,2026-07-31 14:15:36 +0800
1150731,2026-07-31,上櫃,2745,五福,87.60,+1.90,88.10,88.90,86.40,146000,12764600,110,TPEX_CSV,2026-07-31 14:15:36 +0800
1150731,2026-07-31,上櫃,2751,王座,51.50,+1.50,51.40,51.50,50.30,6000,307700,5,TPEX_CSV,2026-07-31 14:15:36 +0800
1150731,2026-07-31,上櫃,2752,豆府,174.00,+2.00,174.00,174.00,174.00,3000,522000,2,TPEX_CSV,2026-07-31 14:15:36 +0800
1150731,2026-07-31,上櫃,2754,亞洲藏壽司,68.30,+1.10,67.20,69.20,67.20,45000,3067600,36,TPEX_CSV,2026-07-31 14:15:36 +0800
1150731,2026-07-31,上櫃,2755,揚秦,102.50,+0.50,103.00,103.50,102.00,18000,1850000,18,TPEX_CSV,2026-07-31 14:15:36 +0800
1150731,2026-07-31,上櫃,2756,聯發國際,57.00,+0.50,58.10,58.10,56.60,19000,1085700,17,TPEX_CSV,2026-07-31 14:15:36 +0800
1150731,2026-07-31,上櫃,2916,滿心,39.90,+0.45,39.55,39.95,39.55,55000,2191400,35,TPEX_CSV,2026-07-31 14:15:36 +0800
1150731,2026-07-31,上櫃,2924,宏太-KY,----,---,----,----,----,0,0,0,TPEX_CSV,2026-07-31 14:15:36 +0800
1150731,2026-07-31,上櫃,2926,誠品生活,30.50,0.00,30.70,30.70,29.85,21000,639500,17,TPEX_CSV,2026-07-31 14:15:36 +0800
1150731,2026-07-31,上櫃,2937,集雅社,45.50,0.00,45.95,45.95,45.45,5000,228600,5,TPEX_CSV,2026-07-31 14:15:36 +0800
1150731,2026-07-31,上櫃,2941,米斯特,31.85,+0.65,31.85,31.85,31.85,1000,31850,1,TPEX_CSV,2026-07-31 14:15:36 +0800
1150731,2026-07-31,上櫃,2947,振宇五金,62.00,+0.20,62.00,62.00,62.00,2000,124000,1,TPEX_CSV,2026-07-31 14:15:36 +0800
1150731,2026-07-31,上櫃,2948,寶陞,38.50,+0.30,38.50,38.50,38.50,5000,192500,3,TPEX_CSV,2026-07-31 14:15:36 +0800
1150731,2026-07-31,上櫃,2949,欣新網,58.00,+1.00,58.20,58.20,58.00,2000,116200,2,TPEX_CSV,2026-07-31 14:15:36 +0800
1150731,2026-07-31,上櫃,3064,泰偉,----,---,----,----,----,0,0,0,TPEX_CSV,2026-07-31 14:15:36 +0800
1150731,2026-07-31,上櫃,3066,李洲,19.95,+1.10,19.60,20.30,19.35,320000,6320100,220,TPEX_CSV,2026-07-31 14:15:36 +0800
1150731,2026-07-31,上櫃,3067,全域,17.95,-1.80,17.95,17.95,17.95,3000,53850,2,TPEX_CSV,2026-07-31 14:15:36 +0800
1150731,2026-07-31,上櫃,3071,協禧,25.60,+1.40,26.00,26.00,25.10,178000,4507300,121,TPEX_CSV,2026-07-31 14:15:36 +0800
1150731,2026-07-31,上櫃,3073,天方能源,21.65,+0.35,21.15,21.85,20.65,71000,1526700,39,TPEX_CSV,2026-07-31 14:15:36 +0800
1150731,2026-07-31,上櫃,3078,僑威,52.60,+2.80,51.30,52.80,50.80,769000,39928800,472,TPEX_CSV,2026-07-31 14:15:36 +0800
1150731,2026-07-31,上櫃,3081,聯亞,1630.00,+145.00,1630.00,1630.00,1630.00,336000,547680000,232,TPEX_CSV,2026-07-31 14:15:36 +0800
1150731,2026-07-31,上櫃,3083,網龍,25.20,+0.70,25.00,25.35,24.85,64000,1601500,39,TPEX_CSV,2026-07-31 14:15:36 +0800
1150731,2026-07-31,上櫃,3085,新零售,12.10,+0.10,11.50,12.10,11.50,2000,23600,2,TPEX_CSV,2026-07-31 14:15:36 +0800
1150731,2026-07-31,上櫃,3086,華義*,27.20,+1.35,26.65,27.50,26.55,161000,4345550,125,TPEX_CSV,2026-07-31 14:15:36 +0800
1150731,2026-07-31,上櫃,3088,艾訊,118.00,-2.50,126.50,126.50,114.00,4918000,583707500,3656,TPEX_CSV,2026-07-31 14:15:36 +0800
1150731,2026-07-31,上櫃,3093,港建*,42.95,+2.85,44.10,44.10,42.10,936000,40768950,483,TPEX_CSV,2026-07-31 14:15:36 +0800
1150731,2026-07-31,上櫃,3095,及成,37.40,+0.50,38.00,38.00,36.80,4000,150150,4,TPEX_CSV,2026-07-31 14:15:36 +0800
1150731,2026-07-31,上櫃,3105,穩懋,294.50,+26.50,294.00,294.50,280.00,14812000,4296318500,10058,TPEX_CSV,2026-07-31 14:15:36 +0800
1150731,2026-07-31,上櫃,3114,好德,30.50,+2.00,30.30,30.50,29.35,506000,15203700,355,TPEX_CSV,2026-07-31 14:15:36 +0800
1150731,2026-07-31,上櫃,3115,富榮綱,----,---,----,----,----,0,0,0,TPEX_CSV,2026-07-31 14:15:36 +0800
1150731,2026-07-31,上櫃,3118,進階,31.75,+0.10,32.00,32.00,31.60,6000,190400,5,TPEX_CSV,2026-07-31 14:15:36 +0800
1150731,2026-07-31,上櫃,3122,笙泉,23.95,+1.25,23.00,24.05,23.00,192000,4572350,104,TPEX_CSV,2026-07-31 14:15:36 +0800
1150731,2026-07-31,上櫃,3128,昇銳,21.65,+1.20,20.65,21.95,20.65,131000,2803400,88,TPEX_CSV,2026-07-31 14:15:36 +0800
1150731,2026-07-31,上櫃,3131,弘塑,2370.00,+215.00,2370.00,2370.00,2265.00,519000,1214500000,470,TPEX_CSV,2026-07-31 14:15:36 +0800
1150731,2026-07-31,上櫃,3141,晶宏,65.80,+5.90,63.00,65.80,63.00,1126000,73381600,555,TPEX_CSV,2026-07-31 14:15:36 +0800
1150731,2026-07-31,上櫃,3147,大綜,222.00,+20.00,210.50,222.00,210.50,669000,145056500,574,TPEX_CSV,2026-07-31 14:15:36 +0800
1150731,2026-07-31,上櫃,3152,璟德,221.00,+17.50,213.50,223.00,213.50,154000,33692500,137,TPEX_CSV,2026-07-31 14:15:36 +0800
1150731,2026-07-31,上櫃,3158,嘉實,81.90,+0.30,82.00,82.00,81.60,3000,245500,3,TPEX_CSV,2026-07-31 14:15:36 +0800
1150731,2026-07-31,上櫃,3162,精確,59.00,+3.30,58.40,61.10,57.70,684000,40355200,477,TPEX_CSV,2026-07-31 14:15:36 +0800
1150731,2026-07-31,上櫃,3163,波若威,544.00,+49.00,544.00,544.00,523.00,2488000,1341140000,1912,TPEX_CSV,2026-07-31 14:15:36 +0800
1150731,2026-07-31,上櫃,3169,亞信,98.50,+5.20,96.60,99.60,95.10,174000,16924300,128,TPEX_CSV,2026-07-31 14:15:36 +0800
1150731,2026-07-31,上櫃,3171,炎洲流通,65.60,+1.40,65.70,65.80,64.50,18000,1175200,11,TPEX_CSV,2026-07-31 14:15:36 +0800
1150731,2026-07-31,上櫃,3176,基亞,31.15,+0.05,31.70,31.75,31.15,226000,7099700,149,TPEX_CSV,2026-07-31 14:15:36 +0800
1150731,2026-07-31,上櫃,3178,公準,54.30,+0.40,54.40,56.70,54.00,203000,11123100,158,TPEX_CSV,2026-07-31 14:15:36 +0800
1150731,2026-07-31,上櫃,3188,鑫龍騰,23.05,+0.60,22.70,23.10,22.70,200000,4579400,119,TPEX_CSV,2026-07-31 14:15:36 +0800
1150731,2026-07-31,上櫃,3191,雲嘉南,17.35,+0.35,17.30,17.60,17.00,46000,791500,34,TPEX_CSV,2026-07-31 14:15:36 +0800
1150731,2026-07-31,上櫃,3205,佰研,47.60,-0.15,48.20,49.00,47.40,117000,5592100,80,TPEX_CSV,2026-07-31 14:15:36 +0800
1150731,2026-07-31,上櫃,3206,志豐,32.75,+1.35,31.50,33.00,31.50,47000,1524450,34,TPEX_CSV,2026-07-31 14:15:36 +0800
1150731,2026-07-31,上櫃,3207,耀勝,39.70,+1.35,41.00,41.00,39.50,163000,6506950,128,TPEX_CSV,2026-07-31 14:15:36 +0800
1150731,2026-07-31,上櫃,3211,順達,292.00,+6.50,314.00,314.00,292.00,8770000,2621057000,6614,TPEX_CSV,2026-07-31 14:15:36 +0800
1150731,2026-07-31,上櫃,3213,茂訊,123.00,+5.00,123.00,124.00,120.00,312000,38261500,223,TPEX_CSV,2026-07-31 14:15:36 +0800
1150731,2026-07-31,上櫃,3217,優群,141.50,+4.50,143.00,144.00,141.00,596000,84993000,466,TPEX_CSV,2026-07-31 14:15:36 +0800
1150731,2026-07-31,上櫃,3218,大學光,132.50,-1.00,137.00,137.00,132.50,298000,40054000,246,TPEX_CSV,2026-07-31 14:15:36 +0800
1150731,2026-07-31,上櫃,3219,倚強科,58.60,+3.50,58.40,59.50,57.40,86000,5004900,80,TPEX_CSV,2026-07-31 14:15:36 +0800
1150731,2026-07-31,上櫃,3221,台嘉碩,44.20,+4.00,43.50,44.20,42.85,2319000,101240200,1354,TPEX_CSV,2026-07-31 14:15:36 +0800
1150731,2026-07-31,上櫃,3224,三顧,35.00,+0.55,35.00,35.25,34.25,37000,1284300,31,TPEX_CSV,2026-07-31 14:15:36 +0800
1150731,2026-07-31,上櫃,3226,龍鋒,49.40,+0.50,49.00,49.40,48.70,28000,1371700,20,TPEX_CSV,2026-07-31 14:15:36 +0800
1150731,2026-07-31,上櫃,3227,原相,192.00,+11.00,190.00,194.50,189.50,1479000,283827000,1092,TPEX_CSV,2026-07-31 14:15:36 +0800
1150731,2026-07-31,上櫃,3228,金麗科,140.50,+10.00,137.00,143.50,134.00,545000,75619000,314,TPEX_CSV,2026-07-31 14:15:36 +0800
1150731,2026-07-31,上櫃,3230,錦明,36.30,+1.80,36.85,37.00,35.20,705000,25375700,519,TPEX_CSV,2026-07-31 14:15:36 +0800
1150731,2026-07-31,上櫃,3232,昱捷,19.35,+0.05,19.85,19.90,19.35,16000,313150,15,TPEX_CSV,2026-07-31 14:15:36 +0800
1150731,2026-07-31,上櫃,3234,光環,95.70,+8.70,95.60,95.70,95.60,342000,32726200,207,TPEX_CSV,2026-07-31 14:15:36 +0800
1150731,2026-07-31,上櫃,3236,千如,38.75,+3.50,38.30,38.75,38.00,1014000,39174650,545,TPEX_CSV,2026-07-31 14:15:36 +0800
1150731,2026-07-31,上櫃,3252,海灣,15.95,-0.20,16.15,16.15,15.85,45000,722750,19,TPEX_CSV,2026-07-31 14:15:36 +0800
1150731,2026-07-31,上櫃,3259,鑫創,14.95,+0.05,14.70,15.30,14.55,74000,1097200,47,TPEX_CSV,2026-07-31 14:15:36 +0800
1150731,2026-07-31,上櫃,3260,威剛,398.50,+20.00,409.00,413.50,395.00,23949000,9691783000,16366,TPEX_CSV,2026-07-31 14:15:36 +0800
1150731,2026-07-31,上櫃,3264,欣銓,177.00,+16.00,177.00,177.00,172.00,5092000,896613500,3137,TPEX_CSV,2026-07-31 14:15:36 +0800
1150731,2026-07-31,上櫃,3265,台星科,144.00,+11.00,144.00,146.00,140.00,658000,94247500,481,TPEX_CSV,2026-07-31 14:15:36 +0800
1150731,2026-07-31,上櫃,3268,海德威,21.70,+1.60,20.55,22.00,20.50,227000,4826000,141,TPEX_CSV,2026-07-31 14:15:36 +0800
1150731,2026-07-31,上櫃,3272,東碩,13.65,+0.30,13.45,13.70,13.45,45000,609600,32,TPEX_CSV,2026-07-31 14:15:36 +0800
1150731,2026-07-31,上櫃,3276,宇環,15.40,+0.40,15.45,15.85,15.35,154000,2385750,104,TPEX_CSV,2026-07-31 14:15:36 +0800
1150731,2026-07-31,上櫃,3284,太普高,20.30,+0.05,21.05,21.25,20.20,502000,10374850,314,TPEX_CSV,2026-07-31 14:15:36 +0800
1150731,2026-07-31,上櫃,3285,微端,36.95,+0.80,36.15,37.00,36.00,53000,1944500,41,TPEX_CSV,2026-07-31 14:15:36 +0800
1150731,2026-07-31,上櫃,3287,廣寰科,28.35,+1.35,27.45,28.50,27.45,91000,2551550,60,TPEX_CSV,2026-07-31 14:15:36 +0800
1150731,2026-07-31,上櫃,3288,點晶,25.70,+1.65,24.50,26.00,24.50,46000,1165050,43,TPEX_CSV,2026-07-31 14:15:36 +0800
1150731,2026-07-31,上櫃,3289,宜特,140.50,+11.00,139.00,141.50,136.50,977000,136535000,607,TPEX_CSV,2026-07-31 14:15:36 +0800
1150731,2026-07-31,上櫃,3290,東浦,51.50,+0.70,53.80,54.00,50.60,1405000,72730200,822,TPEX_CSV,2026-07-31 14:15:36 +0800
1150731,2026-07-31,上櫃,3293,鈊象,776.00,+27.00,758.00,793.00,754.00,4030000,3136469000,3216,TPEX_CSV,2026-07-31 14:15:36 +0800
1150731,2026-07-31,上櫃,3294,英濟,28.85,+2.10,28.00,29.00,28.00,422000,12026850,280,TPEX_CSV,2026-07-31 14:15:36 +0800
1150731,2026-07-31,上櫃,3297,杭特,25.60,+1.30,25.75,25.75,24.90,50000,1266500,47,TPEX_CSV,2026-07-31 14:15:36 +0800
1150731,2026-07-31,上櫃,3303,岱稜,55.00,+4.50,52.40,55.50,52.20,1212000,65694700,737,TPEX_CSV,2026-07-31 14:15:36 +0800
1150731,2026-07-31,上櫃,3306,鼎天,43.75,+1.45,43.80,44.00,43.35,203000,8871450,128,TPEX_CSV,2026-07-31 14:15:36 +0800
1150731,2026-07-31,上櫃,3310,佳穎,66.80,+1.20,65.60,66.80,65.60,11000,730200,10,TPEX_CSV,2026-07-31 14:15:36 +0800
1150731,2026-07-31,上櫃,3313,斐成,10.20,+0.10,10.30,10.40,10.15,59000,602100,40,TPEX_CSV,2026-07-31 14:15:36 +0800
1150731,2026-07-31,上櫃,3317,尼克森,63.70,+4.40,64.20,65.00,62.50,747000,47617800,580,TPEX_CSV,2026-07-31 14:15:36 +0800
1150731,2026-07-31,上櫃,3322,建舜電,10.90,+0.40,11.00,11.10,10.85,505000,5528250,217,TPEX_CSV,2026-07-31 14:15:36 +0800
1150731,2026-07-31,上櫃,3323,加百裕,27.65,+1.20,27.60,27.95,27.05,450000,12390400,347,TPEX_CSV,2026-07-31 14:15:36 +0800
1150731,2026-07-31,上櫃,3324,雙鴻,902.00,+82.00,894.00,902.00,887.00,1556000,1396596000,1184,TPEX_CSV,2026-07-31 14:15:36 +0800
1150731,2026-07-31,上櫃,3325,旭品,11.80,+0.20,12.00,12.10,11.60,123000,1448550,57,TPEX_CSV,2026-07-31 14:15:36 +0800
1150731,2026-07-31,上櫃,3332,幸康,62.00,+2.50,62.00,62.00,61.00,7000,431500,6,TPEX_CSV,2026-07-31 14:15:36 +0800
1150731,2026-07-31,上櫃,3339,泰谷,33.30,+2.60,32.35,33.40,32.35,483000,15932500,307,TPEX_CSV,2026-07-31 14:15:36 +0800
1150731,2026-07-31,上櫃,3349,寶德,22.10,-0.85,22.95,23.00,22.10,26000,591250,22,TPEX_CSV,2026-07-31 14:15:36 +0800
1150731,2026-07-31,上櫃,3354,律勝,19.80,+1.20,19.15,19.90,19.15,123000,2426300,88,TPEX_CSV,2026-07-31 14:15:36 +0800
1150731,2026-07-31,上櫃,3357,臺慶科,194.00,+17.50,193.50,194.00,188.00,1684000,322891500,1145,TPEX_CSV,2026-07-31 14:15:36 +0800
1150731,2026-07-31,上櫃,3360,尚立,15.70,+0.80,15.60,15.85,15.35,854000,13302450,491,TPEX_CSV,2026-07-31 14:15:36 +0800
1150731,2026-07-31,上櫃,3362,先進光,172.00,+15.50,168.00,172.00,164.50,9495000,1607169000,6617,TPEX_CSV,2026-07-31 14:15:36 +0800
1150731,2026-07-31,上櫃,3363,上詮,480.50,+43.50,480.50,480.50,473.00,1443000,691589000,999,TPEX_CSV,2026-07-31 14:15:36 +0800
1150731,2026-07-31,上櫃,3372,典範,15.10,+1.00,14.80,15.40,14.70,662000,9949400,352,TPEX_CSV,2026-07-31 14:15:36 +0800
1150731,2026-07-31,上櫃,3373,熱映,16.10,+0.05,16.35,16.35,15.90,117000,1885750,96,TPEX_CSV,2026-07-31 14:15:36 +0800
1150731,2026-07-31,上櫃,3374,精材,277.00,+25.00,277.00,277.00,277.00,1990000,551230000,761,TPEX_CSV,2026-07-31 14:15:36 +0800
1150731,2026-07-31,上櫃,3379,彬台,25.00,+1.00,24.70,25.50,24.70,165000,4127150,128,TPEX_CSV,2026-07-31 14:15:36 +0800
1150731,2026-07-31,上櫃,3388,崇越電,71.80,+3.70,70.00,72.50,70.00,508000,36302100,332,TPEX_CSV,2026-07-31 14:15:36 +0800
1150731,2026-07-31,上櫃,3390,旭軟,22.20,+0.90,22.00,22.25,21.95,152000,3361600,112,TPEX_CSV,2026-07-31 14:15:36 +0800
1150731,2026-07-31,上櫃,3402,漢科,122.00,+11.00,119.00,122.00,117.00,489000,58493000,375,TPEX_CSV,2026-07-31 14:15:36 +0800
1150731,2026-07-31,上櫃,3430,奇鈦科,97.30,+6.40,95.50,97.90,94.50,248000,23884000,215,TPEX_CSV,2026-07-31 14:15:36 +0800
1150731,2026-07-31,上櫃,3434,哲固,29.90,+0.90,29.95,30.80,29.70,100000,3011600,77,TPEX_CSV,2026-07-31 14:15:36 +0800
1150731,2026-07-31,上櫃,3438,類比科,53.00,+4.75,49.40,53.00,49.40,169000,8675700,104,TPEX_CSV,2026-07-31 14:15:36 +0800
1150731,2026-07-31,上櫃,3441,聯一光,84.00,+7.60,81.70,84.00,78.90,16122000,1334201800,9038,TPEX_CSV,2026-07-31 14:15:36 +0800
1150731,2026-07-31,上櫃,3444,利機,64.40,+2.90,63.20,65.80,63.00,232000,14807500,203,TPEX_CSV,2026-07-31 14:15:36 +0800
1150731,2026-07-31,上櫃,3455,由田,162.50,+12.00,164.50,165.50,160.00,727000,118444000,526,TPEX_CSV,2026-07-31 14:15:36 +0800
1150731,2026-07-31,上櫃,3465,進泰電子,30.20,+0.20,30.45,30.45,30.00,17000,514450,13,TPEX_CSV,2026-07-31 14:15:36 +0800
1150731,2026-07-31,上櫃,3466,德晉,24.85,-0.45,25.55,26.65,24.85,275000,6995700,197,TPEX_CSV,2026-07-31 14:15:36 +0800
1150731,2026-07-31,上櫃,3467,台灣精材,44.80,+1.50,44.60,45.45,44.00,88000,3939500,61,TPEX_CSV,2026-07-31 14:15:36 +0800
1150731,2026-07-31,上櫃,3479,安勤,130.50,+3.50,132.00,134.50,128.00,1818000,237319000,1419,TPEX_CSV,2026-07-31 14:15:36 +0800
1150731,2026-07-31,上櫃,3483,力致,74.20,+3.20,73.80,74.50,73.00,318000,23522200,229,TPEX_CSV,2026-07-31 14:15:36 +0800
1150731,2026-07-31,上櫃,3484,崧騰,48.00,+2.30,46.80,48.45,46.80,222000,10643600,178,TPEX_CSV,2026-07-31 14:15:36 +0800
1150731,2026-07-31,上櫃,3485,敘豐,192.50,+17.50,186.00,192.50,186.00,37000,7095000,29,TPEX_CSV,2026-07-31 14:15:36 +0800
1150731,2026-07-31,上櫃,3489,森寶,22.10,+2.00,22.10,22.10,22.10,293000,6475300,109,TPEX_CSV,2026-07-31 14:15:36 +0800
1150731,2026-07-31,上櫃,3490,單井,27.70,+1.55,27.30,28.00,27.20,1762000,48609450,527,TPEX_CSV,2026-07-31 14:15:36 +0800
1150731,2026-07-31,上櫃,3491,昇達科,969.00,+46.00,979.00,1010.00,909.00,4640000,4475686000,4166,TPEX_CSV,2026-07-31 14:15:36 +0800
1150731,2026-07-31,上櫃,3492,長盛,21.90,+0.35,21.75,21.90,21.70,21000,457400,16,TPEX_CSV,2026-07-31 14:15:36 +0800
1150731,2026-07-31,上櫃,3498,陽程,90.00,+3.70,92.10,94.40,89.80,1060000,96797300,739,TPEX_CSV,2026-07-31 14:15:36 +0800
1150731,2026-07-31,上櫃,3499,環天科,12.80,+0.40,12.50,12.90,12.50,29000,369900,20,TPEX_CSV,2026-07-31 14:15:36 +0800
1150731,2026-07-31,上櫃,3508,位速,16.00,+1.15,16.10,16.10,15.20,65000,1012050,32,TPEX_CSV,2026-07-31 14:15:36 +0800
1150731,2026-07-31,上櫃,3511,矽瑪,19.10,+1.00,18.90,19.50,18.85,367000,7034700,205,TPEX_CSV,2026-07-31 14:15:36 +0800
1150731,2026-07-31,上櫃,3512,皇龍,19.60,+0.25,19.10,19.60,19.00,89000,1712000,56,TPEX_CSV,2026-07-31 14:15:36 +0800
1150731,2026-07-31,上櫃,3516,亞帝歐,24.70,+1.10,24.30,25.70,24.30,18000,442250,14,TPEX_CSV,2026-07-31 14:15:36 +0800
1150731,2026-07-31,上櫃,3520,華盈,18.45,+0.55,17.90,19.00,17.75,2577000,46905100,1321,TPEX_CSV,2026-07-31 14:15:36 +0800
1150731,2026-07-31,上櫃,3521,台鋼建設,12.35,+0.15,12.30,12.55,12.30,12000,148650,12,TPEX_CSV,2026-07-31 14:15:36 +0800
1150731,2026-07-31,上櫃,3522,御嵿,12.10,+0.80,12.00,12.10,11.50,105000,1231350,58,TPEX_CSV,2026-07-31 14:15:36 +0800
1150731,2026-07-31,上櫃,3523,迎輝,16.40,+0.65,16.90,16.90,15.25,17000,268050,16,TPEX_CSV,2026-07-31 14:15:36 +0800
1150731,2026-07-31,上櫃,3526,凡甲,300.00,+10.50,302.00,306.00,295.50,361000,108574500,301,TPEX_CSV,2026-07-31 14:15:36 +0800
1150731,2026-07-31,上櫃,3527,聚積,50.80,+1.95,51.30,52.00,50.40,69000,3519600,59,TPEX_CSV,2026-07-31 14:15:36 +0800
1150731,2026-07-31,上櫃,3529,力旺,2475.00,+185.00,2515.00,2515.00,2355.00,2072000,5095200000,1601,TPEX_CSV,2026-07-31 14:15:36 +0800
1150731,2026-07-31,上櫃,3531,先益,22.50,+1.75,22.50,22.50,22.50,1000,22500,1,TPEX_CSV,2026-07-31 14:15:36 +0800
1150731,2026-07-31,上櫃,3537,堡達,48.90,+3.70,49.30,49.50,47.55,636000,30880550,461,TPEX_CSV,2026-07-31 14:15:36 +0800
1150731,2026-07-31,上櫃,3540,曜越,19.45,+0.15,19.75,20.05,19.45,343000,6775400,200,TPEX_CSV,2026-07-31 14:15:36 +0800
1150731,2026-07-31,上櫃,3541,西柏,20.60,+0.10,20.60,20.65,20.50,53000,1090900,35,TPEX_CSV,2026-07-31 14:15:36 +0800
1150731,2026-07-31,上櫃,3546,宇峻,74.10,+1.20,73.40,75.00,73.40,150000,11096500,109,TPEX_CSV,2026-07-31 14:15:36 +0800
1150731,2026-07-31,上櫃,3548,兆利,71.00,+4.60,70.60,71.90,69.80,180000,12693700,152,TPEX_CSV,2026-07-31 14:15:36 +0800
1150731,2026-07-31,上櫃,3551,世禾,170.50,+15.50,165.50,170.50,164.50,436000,73230500,353,TPEX_CSV,2026-07-31 14:15:36 +0800
1150731,2026-07-31,上櫃,3552,同致,44.80,+0.30,45.80,46.20,44.80,89000,4025850,71,TPEX_CSV,2026-07-31 14:15:36 +0800
1150731,2026-07-31,上櫃,3555,博士旺,141.50,+6.50,143.00,144.00,140.00,36000,5112500,32,TPEX_CSV,2026-07-31 14:15:36 +0800
1150731,2026-07-31,上櫃,3556,禾瑞亞,58.30,+4.20,57.30,58.50,57.00,351000,20269300,267,TPEX_CSV,2026-07-31 14:15:36 +0800
1150731,2026-07-31,上櫃,3558,神準,118.50,+4.00,119.50,120.00,118.00,93000,11075000,78,TPEX_CSV,2026-07-31 14:15:36 +0800
1150731,2026-07-31,上櫃,3564,其陽,41.85,+2.15,41.75,42.25,41.30,125000,5217150,90,TPEX_CSV,2026-07-31 14:15:36 +0800
1150731,2026-07-31,上櫃,3567,逸昌,25.60,+0.45,26.20,26.20,25.40,42000,1079050,33,TPEX_CSV,2026-07-31 14:15:36 +0800
1150731,2026-07-31,上櫃,3570,大塚,164.50,+3.50,162.50,164.50,162.50,15000,2453000,14,TPEX_CSV,2026-07-31 14:15:36 +0800
1150731,2026-07-31,上櫃,3577,泓格,117.00,+5.00,123.00,123.00,113.50,1240000,145853500,921,TPEX_CSV,2026-07-31 14:15:36 +0800
1150731,2026-07-31,上櫃,3580,友威科,71.00,+5.00,70.90,71.60,69.50,380000,26865500,264,TPEX_CSV,2026-07-31 14:15:36 +0800
1150731,2026-07-31,上櫃,3581,博磊,98.40,+7.50,99.00,99.30,94.30,395000,38394500,299,TPEX_CSV,2026-07-31 14:15:36 +0800
1150731,2026-07-31,上櫃,3587,閎康,----,---,----,----,----,0,0,0,TPEX_CSV,2026-07-31 14:15:36 +0800
1150731,2026-07-31,上櫃,3594,磐儀,50.00,+3.00,49.50,50.80,49.00,777000,38869550,581,TPEX_CSV,2026-07-31 14:15:36 +0800
1150731,2026-07-31,上櫃,3597,映興,26.20,+1.25,24.95,27.30,24.95,62000,1589200,52,TPEX_CSV,2026-07-31 14:15:36 +0800
1150731,2026-07-31,上櫃,3609,三一東林,23.95,+0.45,23.50,24.00,22.90,284000,6679450,133,TPEX_CSV,2026-07-31 14:15:36 +0800
1150731,2026-07-31,上櫃,3611,鼎翰,183.50,+2.00,183.00,184.50,182.50,37000,6788500,33,TPEX_CSV,2026-07-31 14:15:36 +0800
1150731,2026-07-31,上櫃,3615,安可,33.00,+2.40,32.75,33.05,31.95,805000,26310350,498,TPEX_CSV,2026-07-31 14:15:36 +0800
1150731,2026-07-31,上櫃,3623,富晶通,19.65,+0.35,20.45,20.45,19.60,24000,472400,24,TPEX_CSV,2026-07-31 14:15:36 +0800
1150731,2026-07-31,上櫃,3624,光頡,62.50,+5.60,62.50,62.50,56.90,2465000,147100300,1189,TPEX_CSV,2026-07-31 14:15:36 +0800
1150731,2026-07-31,上櫃,3625,西勝,16.25,+1.45,15.35,16.25,15.35,301000,4786300,146,TPEX_CSV,2026-07-31 14:15:36 +0800
1150731,2026-07-31,上櫃,3628,盈正,64.30,+2.60,64.80,64.80,63.00,72000,4602300,58,TPEX_CSV,2026-07-31 14:15:36 +0800
1150731,2026-07-31,上櫃,3629,地心引力,12.80,0.00,12.80,12.80,12.80,4000,51200,3,TPEX_CSV,2026-07-31 14:15:36 +0800
1150731,2026-07-31,上櫃,3630,新鉅科,26.55,+1.15,26.20,27.10,26.05,1433000,38154350,905,TPEX_CSV,2026-07-31 14:15:36 +0800
1150731,2026-07-31,上櫃,3631,晟楠,31.60,-0.05,32.45,32.45,31.30,16000,509600,13,TPEX_CSV,2026-07-31 14:15:36 +0800
1150731,2026-07-31,上櫃,3632,研勤,8.25,+0.57,8.34,8.34,8.25,5000,41340,5,TPEX_CSV,2026-07-31 14:15:36 +0800
1150731,2026-07-31,上櫃,3646,艾恩特,23.10,+0.10,23.90,24.00,23.10,26000,605550,13,TPEX_CSV,2026-07-31 14:15:36 +0800
1150731,2026-07-31,上櫃,3663,鑫科,57.40,+3.90,56.90,58.00,56.70,515000,29504000,357,TPEX_CSV,2026-07-31 14:15:36 +0800
1150731,2026-07-31,上櫃,3664,安瑞-KY,6.16,+0.56,6.16,6.16,6.16,25000,154000,17,TPEX_CSV,2026-07-31 14:15:36 +0800
1150731,2026-07-31,上櫃,3666,光耀,25.15,+0.15,25.35,25.35,24.90,33000,828500,28,TPEX_CSV,2026-07-31 14:15:36 +0800
1150731,2026-07-31,上櫃,3672,康聯訊,12.90,+0.35,13.05,13.05,12.60,20000,256650,10,TPEX_CSV,2026-07-31 14:15:36 +0800
1150731,2026-07-31,上櫃,3675,德微,216.50,+19.50,216.50,216.50,216.50,68000,14722000,62,TPEX_CSV,2026-07-31 14:15:36 +0800
1150731,2026-07-31,上櫃,3680,家登,399.00,+29.50,398.00,403.50,393.50,1162000,463811000,925,TPEX_CSV,2026-07-31 14:15:36 +0800
1150731,2026-07-31,上櫃,3684,榮昌,48.50,+0.75,48.30,48.50,48.00,14000,675100,10,TPEX_CSV,2026-07-31 14:15:36 +0800
1150731,2026-07-31,上櫃,3685,元創精密,36.35,+1.90,34.50,36.45,34.20,1498000,53348100,491,TPEX_CSV,2026-07-31 14:15:36 +0800
1150731,2026-07-31,上櫃,3687,歐買尬,65.30,+1.50,65.10,66.80,64.80,68000,4445500,65,TPEX_CSV,2026-07-31 14:15:36 +0800
1150731,2026-07-31,上櫃,3689,湧德,105.00,+9.50,101.00,105.00,101.00,1173000,120876500,773,TPEX_CSV,2026-07-31 14:15:36 +0800
1150731,2026-07-31,上櫃,3691,碩禾,104.00,+6.80,102.50,105.50,102.00,631000,65512500,470,TPEX_CSV,2026-07-31 14:15:36 +0800
1150731,2026-07-31,上櫃,3693,營邦,447.00,+40.50,435.50,447.00,435.50,344000,152726500,288,TPEX_CSV,2026-07-31 14:15:36 +0800
1150731,2026-07-31,上櫃,3707,漢磊,52.50,+3.75,52.90,53.20,51.40,4573000,240360900,2667,TPEX_CSV,2026-07-31 14:15:36 +0800
1150731,2026-07-31,上櫃,3709,鑫聯大投控,71.30,+5.30,70.00,71.60,69.10,720000,50857800,479,TPEX_CSV,2026-07-31 14:15:36 +0800
1150731,2026-07-31,上櫃,3710,連展投控,5.10,+0.08,5.16,5.18,4.93,315000,1597130,112,TPEX_CSV,2026-07-31 14:15:36 +0800
1150731,2026-07-31,上櫃,3713,新晶投控,14.55,+0.25,14.60,14.60,14.50,14000,203450,8,TPEX_CSV,2026-07-31 14:15:36 +0800
1150731,2026-07-31,上櫃,4102,永日,19.20,0.00,19.20,19.20,18.90,31000,592850,26,TPEX_CSV,2026-07-31 14:15:36 +0800
1150731,2026-07-31,上櫃,4105,東洋,74.40,-1.00,76.30,76.50,74.40,2688000,201131800,1657,TPEX_CSV,2026-07-31 14:15:36 +0800
1150731,2026-07-31,上櫃,4107,邦特,113.50,+2.00,112.50,114.00,112.50,46000,5202500,42,TPEX_CSV,2026-07-31 14:15:36 +0800
1150731,2026-07-31,上櫃,4109,加捷生醫,11.25,+0.10,11.60,11.60,11.20,168000,1894200,95,TPEX_CSV,2026-07-31 14:15:36 +0800
1150731,2026-07-31,上櫃,4111,濟生,29.85,+0.10,29.75,29.90,29.75,32000,954500,20,TPEX_CSV,2026-07-31 14:15:36 +0800
1150731,2026-07-31,上櫃,4113,聯上,14.40,+0.15,14.35,14.60,14.30,136000,1955150,57,TPEX_CSV,2026-07-31 14:15:36 +0800
1150731,2026-07-31,上櫃,4114,健喬,29.00,-0.05,29.40,29.40,28.90,1594000,46260750,880,TPEX_CSV,2026-07-31 14:15:36 +0800
1150731,2026-07-31,上櫃,4116,明基醫,38.65,+0.85,38.75,39.00,38.30,49000,1887550,45,TPEX_CSV,2026-07-31 14:15:36 +0800
1150731,2026-07-31,上櫃,4120,友華,47.35,+0.35,47.00,47.35,46.90,70000,3302100,27,TPEX_CSV,2026-07-31 14:15:36 +0800
1150731,2026-07-31,上櫃,4121,優盛,12.90,+0.25,12.65,13.00,12.65,39000,501650,29,TPEX_CSV,2026-07-31 14:15:36 +0800
1150731,2026-07-31,上櫃,4123,晟德,37.75,+0.30,38.10,38.60,37.65,2288000,87016300,1235,TPEX_CSV,2026-07-31 14:15:36 +0800
1150731,2026-07-31,上櫃,4126,太醫,75.90,+0.30,76.60,76.60,75.50,38000,2882000,32,TPEX_CSV,2026-07-31 14:15:36 +0800
1150731,2026-07-31,上櫃,4127,天良,73.80,+3.50,70.30,77.00,70.10,206000,15175200,161,TPEX_CSV,2026-07-31 14:15:36 +0800
1150731,2026-07-31,上櫃,4128,中天,13.85,+0.20,14.10,14.15,13.75,1463000,20296400,645,TPEX_CSV,2026-07-31 14:15:36 +0800
1150731,2026-07-31,上櫃,4129,聯合,83.50,+0.80,84.50,85.70,82.60,183000,15309000,107,TPEX_CSV,2026-07-31 14:15:36 +0800
1150731,2026-07-31,上櫃,4131,浩泰,33.80,0.00,34.05,34.05,33.80,2000,67850,2,TPEX_CSV,2026-07-31 14:15:36 +0800
1150731,2026-07-31,上櫃,4138,曜亞,51.10,+0.60,51.40,51.40,50.60,24000,1220700,17,TPEX_CSV,2026-07-31 14:15:36 +0800
1150731,2026-07-31,上櫃,4139,馬光-KY,38.00,+2.00,32.60,38.00,32.60,32000,1064800,13,TPEX_CSV,2026-07-31 14:15:36 +0800
1150731,2026-07-31,上櫃,4147,中裕,55.00,-1.20,58.00,58.30,55.00,1010000,56646200,581,TPEX_CSV,2026-07-31 14:15:36 +0800
1150731,2026-07-31,上櫃,4153,鈺緯,31.70,0.00,31.70,32.00,31.70,5000,158800,4,TPEX_CSV,2026-07-31 14:15:36 +0800
1150731,2026-07-31,上櫃,4154,樂威科-KY,11.50,+0.20,11.65,11.65,11.05,5000,56550,5,TPEX_CSV,2026-07-31 14:15:36 +0800
1150731,2026-07-31,上櫃,4157,太景*-KY,8.13,+0.23,8.04,8.34,8.04,846000,6890650,467,TPEX_CSV,2026-07-31 14:15:36 +0800
1150731,2026-07-31,上櫃,4160,訊聯基因,39.90,+1.05,38.85,40.00,38.70,6000,236400,6,TPEX_CSV,2026-07-31 14:15:36 +0800
1150731,2026-07-31,上櫃,4161,聿新科,22.40,+0.40,22.45,22.90,22.25,22000,493700,18,TPEX_CSV,2026-07-31 14:15:36 +0800
1150731,2026-07-31,上櫃,4162,智擎,61.40,-0.10,63.40,63.40,61.30,491000,30377800,371,TPEX_CSV,2026-07-31 14:15:36 +0800
1150731,2026-07-31,上櫃,4163,鐿鈦,125.50,+3.50,126.00,126.50,125.00,77000,9688500,57,TPEX_CSV,2026-07-31 14:15:36 +0800
1150731,2026-07-31,上櫃,4166,友霖,24.75,-0.85,25.60,26.15,24.65,550000,13820100,317,TPEX_CSV,2026-07-31 14:15:36 +0800
1150731,2026-07-31,上櫃,4167,松瑞藥,16.90,+0.20,17.05,17.10,16.90,853000,14493650,385,TPEX_CSV,2026-07-31 14:15:36 +0800
1150731,2026-07-31,上櫃,4168,醣聯,22.25,+0.20,21.90,22.55,21.90,91000,2022250,58,TPEX_CSV,2026-07-31 14:15:36 +0800
1150731,2026-07-31,上櫃,4171,瑞基,17.35,+0.55,17.30,17.50,17.10,84000,1453700,63,TPEX_CSV,2026-07-31 14:15:36 +0800
1150731,2026-07-31,上櫃,4173,久裕,17.65,+0.10,17.60,17.70,17.55,78000,1374800,40,TPEX_CSV,2026-07-31 14:15:36 +0800
1150731,2026-07-31,上櫃,4174,浩鼎,25.10,+0.20,25.30,25.80,25.10,257000,6500750,193,TPEX_CSV,2026-07-31 14:15:36 +0800
1150731,2026-07-31,上櫃,4175,杏一,49.80,+0.20,49.80,50.00,49.60,11000,548700,11,TPEX_CSV,2026-07-31 14:15:36 +0800
1150731,2026-07-31,上櫃,4183,福永生技,14.30,-0.40,14.20,14.40,14.20,12000,172050,8,TPEX_CSV,2026-07-31 14:15:36 +0800
1150731,2026-07-31,上櫃,4188,安克,9.45,-0.03,9.48,9.69,9.30,26000,246120,18,TPEX_CSV,2026-07-31 14:15:36 +0800
1150731,2026-07-31,上櫃,4192,杏國,19.50,+0.50,19.05,19.50,18.75,8000,151950,6,TPEX_CSV,2026-07-31 14:15:36 +0800
1150731,2026-07-31,上櫃,4198,欣大健康,40.00,-3.00,42.95,42.95,40.00,11000,449700,11,TPEX_CSV,2026-07-31 14:15:36 +0800
1150731,2026-07-31,上櫃,4205,中華食,68.90,-0.40,69.30,69.30,68.20,55000,3784800,47,TPEX_CSV,2026-07-31 14:15:36 +0800
1150731,2026-07-31,上櫃,4207,環泰,19.65,+0.25,19.45,19.75,19.45,42000,823450,15,TPEX_CSV,2026-07-31 14:15:36 +0800
1150731,2026-07-31,上櫃,4303,信立,41.35,+1.75,40.05,41.55,40.05,423000,17396100,306,TPEX_CSV,2026-07-31 14:15:36 +0800
1150731,2026-07-31,上櫃,4304,勝昱,16.45,-0.70,15.80,17.00,15.80,18000,292800,14,TPEX_CSV,2026-07-31 14:15:36 +0800
1150731,2026-07-31,上櫃,4305,世坤,----,---,----,----,----,0,0,0,TPEX_CSV,2026-07-31 14:15:36 +0800
1150731,2026-07-31,上櫃,4401,東隆興,13.75,+0.05,13.55,13.80,13.55,39000,533650,25,TPEX_CSV,2026-07-31 14:15:36 +0800
1150731,2026-07-31,上櫃,4402,郡都開發,15.80,-0.10,15.90,16.00,15.55,47000,741050,29,TPEX_CSV,2026-07-31 14:15:36 +0800
1150731,2026-07-31,上櫃,4406,新昕纖,10.30,+0.30,10.00,10.30,10.00,10000,100950,10,TPEX_CSV,2026-07-31 14:15:36 +0800
1150731,2026-07-31,上櫃,4413,飛寶企業,13.90,-0.15,14.05,14.20,13.70,10000,138450,7,TPEX_CSV,2026-07-31 14:15:36 +0800
1150731,2026-07-31,上櫃,4416,三圓,10.15,-0.10,10.25,10.45,10.05,122000,1247400,74,TPEX_CSV,2026-07-31 14:15:36 +0800
1150731,2026-07-31,上櫃,4417,金洲,43.00,+0.40,43.40,43.85,42.65,75000,3229250,58,TPEX_CSV,2026-07-31 14:15:36 +0800
1150731,2026-07-31,上櫃,4419,皇家美食,45.20,+0.20,45.20,45.20,45.20,1000,45200,1,TPEX_CSV,2026-07-31 14:15:36 +0800
1150731,2026-07-31,上櫃,4420,光明,34.90,+0.80,35.00,35.05,34.70,29000,1014350,19,TPEX_CSV,2026-07-31 14:15:36 +0800
1150731,2026-07-31,上櫃,4430,耀億,17.50,+0.55,16.90,17.90,16.90,50000,861250,31,TPEX_CSV,2026-07-31 14:15:36 +0800
1150731,2026-07-31,上櫃,4432,銘旺實,15.50,+0.05,15.60,15.65,15.50,28000,436500,18,TPEX_CSV,2026-07-31 14:15:36 +0800
1150731,2026-07-31,上櫃,4433,興采,19.50,+0.15,19.20,19.50,19.10,46000,882900,28,TPEX_CSV,2026-07-31 14:15:36 +0800
1150731,2026-07-31,上櫃,4442,竣邦-KY,72.60,+6.30,72.90,72.90,59.70,2938000,200671000,1064,TPEX_CSV,2026-07-31 14:15:36 +0800
1150731,2026-07-31,上櫃,4502,健信,15.75,+0.15,15.80,15.80,15.60,16000,251000,15,TPEX_CSV,2026-07-31 14:15:36 +0800
1150731,2026-07-31,上櫃,4503,金雨,32.50,+2.00,31.75,32.95,31.70,126000,4038000,91,TPEX_CSV,2026-07-31 14:15:36 +0800
1150731,2026-07-31,上櫃,4506,崇友,123.00,+1.50,122.00,124.00,122.00,130000,16021000,95,TPEX_CSV,2026-07-31 14:15:36 +0800
1150731,2026-07-31,上櫃,4510,高鋒,35.20,+2.20,34.40,35.90,33.85,548000,19134700,372,TPEX_CSV,2026-07-31 14:15:36 +0800
1150731,2026-07-31,上櫃,4513,福裕,16.95,+0.25,17.55,17.80,16.90,1142000,19640150,602,TPEX_CSV,2026-07-31 14:15:36 +0800
1150731,2026-07-31,上櫃,4523,永彰,25.10,+0.70,25.00,25.65,24.60,130000,3245050,73,TPEX_CSV,2026-07-31 14:15:36 +0800
1150731,2026-07-31,上櫃,4527,方土霖,39.00,+0.30,38.90,39.40,38.90,15000,584850,14,TPEX_CSV,2026-07-31 14:15:36 +0800
1150731,2026-07-31,上櫃,4528,江興鍛,15.25,+0.05,15.20,15.35,15.20,12000,183250,10,TPEX_CSV,2026-07-31 14:15:36 +0800
1150731,2026-07-31,上櫃,4529,淳紳,4.11,+0.06,4.05,4.37,4.03,17000,69340,15,TPEX_CSV,2026-07-31 14:15:36 +0800
1150731,2026-07-31,上櫃,4530,宏易,24.15,0.00,23.55,24.15,23.55,7000,165600,5,TPEX_CSV,2026-07-31 14:15:36 +0800
1150731,2026-07-31,上櫃,4533,協易機,23.45,+1.25,23.05,23.50,22.80,438000,10160000,257,TPEX_CSV,2026-07-31 14:15:36 +0800
1150731,2026-07-31,上櫃,4534,慶騰,30.05,+2.70,30.00,30.05,29.85,300000,9010250,151,TPEX_CSV,2026-07-31 14:15:36 +0800
1150731,2026-07-31,上櫃,4535,至興,28.10,+0.30,27.80,28.10,27.80,20000,559400,14,TPEX_CSV,2026-07-31 14:15:36 +0800
1150731,2026-07-31,上櫃,4538,大詠城,17.35,0.00,17.50,17.50,17.35,4000,69750,4,TPEX_CSV,2026-07-31 14:15:36 +0800
1150731,2026-07-31,上櫃,4541,晟田,60.00,+3.40,60.40,61.80,58.20,5559000,333215000,3522,TPEX_CSV,2026-07-31 14:15:36 +0800
1150731,2026-07-31,上櫃,4542,科嶠,231.00,+3.50,250.00,250.00,220.50,1976000,460103500,1581,TPEX_CSV,2026-07-31 14:15:36 +0800
1150731,2026-07-31,上櫃,4543,萬在,30.30,+1.05,30.00,30.80,30.00,70000,2119250,62,TPEX_CSV,2026-07-31 14:15:36 +0800
1150731,2026-07-31,上櫃,4549,桓達,91.50,+5.20,88.00,92.80,88.00,140000,12683100,113,TPEX_CSV,2026-07-31 14:15:36 +0800
1150731,2026-07-31,上櫃,4550,長佳,24.30,+0.35,24.05,24.35,24.05,6000,145650,6,TPEX_CSV,2026-07-31 14:15:36 +0800
1150731,2026-07-31,上櫃,4554,橙的,30.20,+0.55,30.05,30.30,29.90,31000,933250,27,TPEX_CSV,2026-07-31 14:15:36 +0800
1150731,2026-07-31,上櫃,4556,旭然,79.20,-6.30,90.30,90.30,79.10,1689000,140099300,1279,TPEX_CSV,2026-07-31 14:15:36 +0800
1150731,2026-07-31,上櫃,4558,寶緯,16.00,-0.05,16.05,16.20,16.00,28000,449400,9,TPEX_CSV,2026-07-31 14:15:36 +0800
1150731,2026-07-31,上櫃,4561,健椿,34.20,+1.90,33.05,34.20,33.05,124000,4203200,85,TPEX_CSV,2026-07-31 14:15:36 +0800
1150731,2026-07-31,上櫃,4563,百德,37.80,+1.75,37.50,38.45,37.50,77000,2923200,59,TPEX_CSV,2026-07-31 14:15:36 +0800
1150731,2026-07-31,上櫃,4568,科際精密,38.70,-0.05,39.50,39.55,38.70,8000,314200,7,TPEX_CSV,2026-07-31 14:15:36 +0800
1150731,2026-07-31,上櫃,4577,達航科技,64.60,+1.90,65.50,67.60,63.10,768000,50140000,580,TPEX_CSV,2026-07-31 14:15:36 +0800
1150731,2026-07-31,上櫃,4580,捷流閥業,81.20,+1.50,80.90,82.70,80.30,31000,2520500,31,TPEX_CSV,2026-07-31 14:15:36 +0800
1150731,2026-07-31,上櫃,4584,君帆,38.40,+0.20,38.00,38.60,38.00,12000,461750,9,TPEX_CSV,2026-07-31 14:15:36 +0800
1150731,2026-07-31,上櫃,4609,唐鋒,5.31,+0.33,4.98,5.31,4.98,6000,30870,5,TPEX_CSV,2026-07-31 14:15:36 +0800
1150731,2026-07-31,上櫃,4702,中美實,9.30,+0.17,9.47,9.49,9.20,118000,1101180,51,TPEX_CSV,2026-07-31 14:15:36 +0800
1150731,2026-07-31,上櫃,4706,大恭,32.15,-0.60,32.50,32.50,32.15,5000,162150,5,TPEX_CSV,2026-07-31 14:15:36 +0800
1150731,2026-07-31,上櫃,4707,磐亞,23.20,-0.05,23.45,25.05,23.00,10060000,240042600,4426,TPEX_CSV,2026-07-31 14:15:36 +0800
1150731,2026-07-31,上櫃,4711,永純,15.75,+0.30,15.50,15.75,15.50,72000,1126250,50,TPEX_CSV,2026-07-31 14:15:36 +0800
1150731,2026-07-31,上櫃,4714,永捷,10.00,0.00,10.25,10.30,9.99,1085000,10957170,490,TPEX_CSV,2026-07-31 14:15:36 +0800
1150731,2026-07-31,上櫃,4716,大立,16.50,+0.15,16.90,17.45,16.50,654000,11000550,373,TPEX_CSV,2026-07-31 14:15:36 +0800
1150731,2026-07-31,上櫃,4721,美琪瑪,67.90,+4.90,66.40,68.80,66.20,460000,30962200,366,TPEX_CSV,2026-07-31 14:15:36 +0800
1150731,2026-07-31,上櫃,4726,永昕,24.20,+0.05,24.95,24.95,24.10,96000,2363550,53,TPEX_CSV,2026-07-31 14:15:36 +0800
1150731,2026-07-31,上櫃,4728,雙美,383.00,+2.00,383.00,383.00,383.00,1000,383000,1,TPEX_CSV,2026-07-31 14:15:36 +0800
1150731,2026-07-31,上櫃,4729,熒茂,19.05,+1.55,18.00,19.05,18.00,241000,4516100,146,TPEX_CSV,2026-07-31 14:15:36 +0800
1150731,2026-07-31,上櫃,4735,豪展,30.50,+0.50,30.50,30.50,29.80,9000,271950,8,TPEX_CSV,2026-07-31 14:15:36 +0800
1150731,2026-07-31,上櫃,4741,泓瀚,41.95,+3.50,40.05,42.25,39.25,366000,14893250,266,TPEX_CSV,2026-07-31 14:15:36 +0800
1150731,2026-07-31,上櫃,4743,合一,41.75,+0.60,42.85,42.85,41.60,1944000,81592100,1077,TPEX_CSV,2026-07-31 14:15:36 +0800
1150731,2026-07-31,上櫃,4744,皇將,30.05,+1.10,30.00,31.00,29.00,47000,1418000,26,TPEX_CSV,2026-07-31 14:15:36 +0800
1150731,2026-07-31,上櫃,4745,合富-KY,10.90,+0.50,10.60,11.00,10.50,288000,3064850,134,TPEX_CSV,2026-07-31 14:15:36 +0800
1150731,2026-07-31,上櫃,4747,強生,48.20,-0.40,46.00,48.20,46.00,126000,5905800,100,TPEX_CSV,2026-07-31 14:15:36 +0800
1150731,2026-07-31,上櫃,4749,新應材,722.00,+50.00,739.00,739.00,717.00,811000,590850000,672,TPEX_CSV,2026-07-31 14:15:36 +0800
1150731,2026-07-31,上櫃,4754,國碳科,36.30,+0.05,36.40,36.60,36.30,10000,364400,8,TPEX_CSV,2026-07-31 14:15:36 +0800
1150731,2026-07-31,上櫃,4760,勤凱,213.00,+15.50,214.00,216.00,211.00,355000,75687500,304,TPEX_CSV,2026-07-31 14:15:36 +0800
1150731,2026-07-31,上櫃,4767,誠泰科技,26.20,0.00,26.40,26.40,26.00,11000,288050,11,TPEX_CSV,2026-07-31 14:15:36 +0800
1150731,2026-07-31,上櫃,4768,晶呈科技,280.00,+21.00,277.50,281.50,274.00,346000,96262000,312,TPEX_CSV,2026-07-31 14:15:36 +0800
1150731,2026-07-31,上櫃,4772,台特化,216.50,+9.50,221.50,224.50,216.50,630000,138180500,475,TPEX_CSV,2026-07-31 14:15:36 +0800
1150731,2026-07-31,上櫃,4806,桂田文創,10.05,+0.16,10.05,10.05,10.05,1000,10050,1,TPEX_CSV,2026-07-31 14:15:36 +0800
1150731,2026-07-31,上櫃,4903,聯光通,34.60,+2.55,35.20,35.20,34.20,1224000,42394250,749,TPEX_CSV,2026-07-31 14:15:36 +0800
1150731,2026-07-31,上櫃,4905,台聯電,66.50,+1.50,66.00,69.20,66.00,11000,738400,11,TPEX_CSV,2026-07-31 14:15:36 +0800
1150731,2026-07-31,上櫃,4907,富宇,42.40,+1.60,40.85,43.15,40.70,284000,11808900,198,TPEX_CSV,2026-07-31 14:15:36 +0800
1150731,2026-07-31,上櫃,4908,前鼎,132.00,+12.00,132.00,132.00,128.50,414000,54636000,237,TPEX_CSV,2026-07-31 14:15:36 +0800
1150731,2026-07-31,上櫃,4909,新復興,36.35,+2.80,34.60,36.35,34.60,403000,14334900,321,TPEX_CSV,2026-07-31 14:15:36 +0800
1150731,2026-07-31,上櫃,4911,德英,29.30,-0.65,29.20,30.00,29.10,26000,765150,23,TPEX_CSV,2026-07-31 14:15:36 +0800
1150731,2026-07-31,上櫃,4923,力士,39.60,+2.75,39.30,40.00,38.40,276000,10799450,195,TPEX_CSV,2026-07-31 14:15:36 +0800
1150731,2026-07-31,上櫃,4924,欣厚-KY,10.00,+0.67,9.80,10.25,9.80,46000,460840,38,TPEX_CSV,2026-07-31 14:15:36 +0800
1150731,2026-07-31,上櫃,4931,新盛力,177.50,+16.00,177.50,177.50,174.50,1693000,299727000,1158,TPEX_CSV,2026-07-31 14:15:36 +0800
1150731,2026-07-31,上櫃,4933,友輝,54.20,+2.00,53.60,54.70,53.60,83000,4491200,72,TPEX_CSV,2026-07-31 14:15:36 +0800
1150731,2026-07-31,上櫃,4939,亞電,50.80,+4.25,51.00,51.20,47.65,11920000,593391300,7528,TPEX_CSV,2026-07-31 14:15:36 +0800
1150731,2026-07-31,上櫃,4946,辣椒,70.90,+3.50,68.00,71.00,68.00,25000,1753700,25,TPEX_CSV,2026-07-31 14:15:36 +0800
1150731,2026-07-31,上櫃,4950,金耘國際,15.80,+0.70,15.10,15.80,15.10,11000,170400,10,TPEX_CSV,2026-07-31 14:15:36 +0800
1150731,2026-07-31,上櫃,4951,精拓科,78.10,+4.60,76.20,79.30,76.20,233000,18091400,191,TPEX_CSV,2026-07-31 14:15:36 +0800
1150731,2026-07-31,上櫃,4953,緯致,120.50,+3.50,122.00,123.00,120.00,186000,22525500,160,TPEX_CSV,2026-07-31 14:15:36 +0800
1150731,2026-07-31,上櫃,4966,譜瑞-KY,562.00,+30.00,573.00,580.00,550.00,797000,448761000,695,TPEX_CSV,2026-07-31 14:15:36 +0800
1150731,2026-07-31,上櫃,4971,IET-KY,347.50,+31.50,347.50,347.50,340.50,354000,122914000,211,TPEX_CSV,2026-07-31 14:15:36 +0800
1150731,2026-07-31,上櫃,4972,湯石照明,16.50,0.00,16.50,16.50,16.30,31000,510150,18,TPEX_CSV,2026-07-31 14:15:36 +0800
1150731,2026-07-31,上櫃,4973,廣穎,129.00,+11.50,129.00,129.00,126.50,975000,125320500,707,TPEX_CSV,2026-07-31 14:15:36 +0800
1150731,2026-07-31,上櫃,4974,亞泰,67.20,+2.60,67.00,67.30,66.30,111000,7414100,95,TPEX_CSV,2026-07-31 14:15:36 +0800
1150731,2026-07-31,上櫃,4979,華星光,370.00,+23.50,380.50,380.50,360.00,2556000,950980000,1940,TPEX_CSV,2026-07-31 14:15:36 +0800
1150731,2026-07-31,上櫃,4991,環宇-KY,353.00,+32.00,353.00,353.00,350.00,344000,121289500,277,TPEX_CSV,2026-07-31 14:15:36 +0800
1150731,2026-07-31,上櫃,4995,晶達,47.00,+1.50,46.10,47.35,46.05,85000,3978800,69,TPEX_CSV,2026-07-31 14:15:36 +0800
1150731,2026-07-31,上櫃,5009,榮剛,31.80,+0.30,32.05,32.45,31.50,8473000,269769900,1836,TPEX_CSV,2026-07-31 14:15:36 +0800
1150731,2026-07-31,上櫃,5011,久陽,16.85,-0.05,17.25,17.85,16.85,626000,10788000,269,TPEX_CSV,2026-07-31 14:15:36 +0800
1150731,2026-07-31,上櫃,5013,強新,25.65,+0.80,25.20,25.65,25.20,16000,407800,5,TPEX_CSV,2026-07-31 14:15:36 +0800
1150731,2026-07-31,上櫃,5014,建錩,10.95,0.00,11.00,11.15,10.90,802000,8843900,258,TPEX_CSV,2026-07-31 14:15:36 +0800
1150731,2026-07-31,上櫃,5015,華祺,21.20,+0.20,21.00,21.50,21.00,11000,233600,4,TPEX_CSV,2026-07-31 14:15:36 +0800
1150731,2026-07-31,上櫃,5016,松和,23.70,0.00,23.70,23.70,23.70,7000,165900,4,TPEX_CSV,2026-07-31 14:15:36 +0800
1150731,2026-07-31,上櫃,5201,凱衛,26.35,+0.35,26.25,26.75,25.85,29000,760600,24,TPEX_CSV,2026-07-31 14:15:36 +0800
1150731,2026-07-31,上櫃,5202,力新,11.65,+0.30,11.80,11.90,11.55,289000,3377650,144,TPEX_CSV,2026-07-31 14:15:36 +0800
1150731,2026-07-31,上櫃,5205,中茂,21.80,-0.30,22.05,22.05,20.55,7000,151300,7,TPEX_CSV,2026-07-31 14:15:36 +0800
1150731,2026-07-31,上櫃,5206,坤悅,20.40,+0.30,20.55,20.55,20.30,62000,1267350,34,TPEX_CSV,2026-07-31 14:15:36 +0800
1150731,2026-07-31,上櫃,5209,新鼎,156.00,+3.00,155.00,156.50,154.00,59000,9169000,51,TPEX_CSV,2026-07-31 14:15:36 +0800
1150731,2026-07-31,上櫃,5210,寶碩,28.85,+0.65,28.70,29.60,28.70,252000,7363800,117,TPEX_CSV,2026-07-31 14:15:36 +0800
1150731,2026-07-31,上櫃,5211,蒙恬,18.90,+0.50,18.80,19.60,18.80,18000,342600,18,TPEX_CSV,2026-07-31 14:15:36 +0800
1150731,2026-07-31,上櫃,5212,凌網,46.70,+0.20,46.50,46.70,46.20,3000,139400,3,TPEX_CSV,2026-07-31 14:15:36 +0800
1150731,2026-07-31,上櫃,5213,亞昕,21.65,+0.25,21.60,21.75,21.50,169000,3657500,90,TPEX_CSV,2026-07-31 14:15:36 +0800
1150731,2026-07-31,上櫃,5220,萬達光電,20.10,+0.35,19.95,20.10,19.80,30000,597700,25,TPEX_CSV,2026-07-31 14:15:36 +0800
1150731,2026-07-31,上櫃,5223,安力-KY,22.95,+0.55,23.00,23.00,22.55,3000,68500,3,TPEX_CSV,2026-07-31 14:15:36 +0800
1150731,2026-07-31,上櫃,5227,立凱-KY,36.80,+1.05,38.35,38.35,35.85,549000,20286250,343,TPEX_CSV,2026-07-31 14:15:36 +0800
1150731,2026-07-31,上櫃,5228,鈺鎧,37.05,+3.00,36.40,37.25,36.15,368000,13540800,271,TPEX_CSV,2026-07-31 14:15:36 +0800
1150731,2026-07-31,上櫃,5230,雷笛克光學,17.35,+0.50,17.30,17.60,17.15,296000,5151050,138,TPEX_CSV,2026-07-31 14:15:36 +0800
1150731,2026-07-31,上櫃,5245,智晶,22.30,0.00,22.40,22.95,22.30,15000,338000,15,TPEX_CSV,2026-07-31 14:15:36 +0800
1150731,2026-07-31,上櫃,5251,天鉞電,24.90,+0.80,24.25,25.00,24.25,92000,2279900,75,TPEX_CSV,2026-07-31 14:15:36 +0800
1150731,2026-07-31,上櫃,5263,智崴,93.40,+1.20,93.00,94.60,92.50,230000,21524800,202,TPEX_CSV,2026-07-31 14:15:36 +0800
1150731,2026-07-31,上櫃,5272,笙科,17.40,+0.70,17.20,17.40,17.05,126000,2183100,77,TPEX_CSV,2026-07-31 14:15:36 +0800
1150731,2026-07-31,上櫃,5274,信驊,14525.00,+1320.00,14525.00,14525.00,14405.00,109000,1582970000,91,TPEX_CSV,2026-07-31 14:15:36 +0800
1150731,2026-07-31,上櫃,5276,達輝-KY,19.00,+0.85,18.40,19.00,18.00,8000,146850,8,TPEX_CSV,2026-07-31 14:15:36 +0800
1150731,2026-07-31,上櫃,5278,尚凡*,24.00,+0.60,23.60,24.20,23.60,140000,3357850,113,TPEX_CSV,2026-07-31 14:15:36 +0800
1150731,2026-07-31,上櫃,5287,數字,145.00,+0.50,147.00,147.00,144.50,46000,6683000,41,TPEX_CSV,2026-07-31 14:15:36 +0800
1150731,2026-07-31,上櫃,5289,宜鼎,1295.00,+115.00,1295.00,1295.00,1295.00,427000,552965000,256,TPEX_CSV,2026-07-31 14:15:36 +0800
1150731,2026-07-31,上櫃,5291,邑昇,45.65,+3.00,45.80,45.80,43.80,257000,11603800,205,TPEX_CSV,2026-07-31 14:15:36 +0800
1150731,2026-07-31,上櫃,5299,杰力,104.00,+7.20,103.00,106.00,100.50,1179000,122071000,913,TPEX_CSV,2026-07-31 14:15:36 +0800
1150731,2026-07-31,上櫃,5301,寶得利,5.40,0.00,5.41,5.42,5.40,40000,216420,16,TPEX_CSV,2026-07-31 14:15:36 +0800
1150731,2026-07-31,上櫃,5302,太欣,10.00,+0.33,9.90,10.20,9.90,494000,4971750,195,TPEX_CSV,2026-07-31 14:15:36 +0800
1150731,2026-07-31,上櫃,5309,系統電,49.25,+4.45,47.70,49.25,47.30,1836000,88791700,1073,TPEX_CSV,2026-07-31 14:15:36 +0800
1150731,2026-07-31,上櫃,5310,天剛,25.60,+1.60,25.60,25.60,25.60,1000,25600,1,TPEX_CSV,2026-07-31 14:15:36 +0800
1150731,2026-07-31,上櫃,5312,寶島科,88.80,+1.00,90.00,90.20,88.60,92000,8218900,52,TPEX_CSV,2026-07-31 14:15:36 +0800
1150731,2026-07-31,上櫃,5314,世紀*,51.90,+4.65,50.40,51.90,50.00,2900000,148012200,1499,TPEX_CSV,2026-07-31 14:15:36 +0800
1150731,2026-07-31,上櫃,5315,光聯,19.30,+0.40,19.20,19.40,19.20,289000,5570800,164,TPEX_CSV,2026-07-31 14:15:36 +0800
1150731,2026-07-31,上櫃,5321,美而快,53.30,+1.30,53.50,56.70,53.10,178000,9661100,156,TPEX_CSV,2026-07-31 14:15:36 +0800
1150731,2026-07-31,上櫃,5324,士開,11.95,0.00,12.05,12.05,11.80,59000,704300,32,TPEX_CSV,2026-07-31 14:15:36 +0800
1150731,2026-07-31,上櫃,5328,華容,63.80,+5.50,64.10,64.10,62.10,18277000,1163137000,9005,TPEX_CSV,2026-07-31 14:15:36 +0800
1150731,2026-07-31,上櫃,5340,建榮,61.20,+5.20,59.90,61.20,59.30,956000,57687600,702,TPEX_CSV,2026-07-31 14:15:36 +0800
1150731,2026-07-31,上櫃,5344,立衛,14.40,+0.85,13.95,14.80,13.95,34000,490350,24,TPEX_CSV,2026-07-31 14:15:36 +0800
1150731,2026-07-31,上櫃,5345,馥鴻,23.45,+1.70,23.90,23.90,22.30,34000,790950,26,TPEX_CSV,2026-07-31 14:15:36 +0800
1150731,2026-07-31,上櫃,5347,世界,151.50,+13.50,151.50,151.50,145.50,30537000,4564162500,12381,TPEX_CSV,2026-07-31 14:15:36 +0800
1150731,2026-07-31,上櫃,5348,正能量智能,16.95,+0.60,16.40,16.95,16.40,15000,246650,12,TPEX_CSV,2026-07-31 14:15:36 +0800
1150731,2026-07-31,上櫃,5351,鈺創,72.70,+6.60,72.70,72.70,72.60,2651000,192727400,1280,TPEX_CSV,2026-07-31 14:15:36 +0800
1150731,2026-07-31,上櫃,5353,台林,27.55,+0.75,27.55,27.60,27.20,69000,1895600,49,TPEX_CSV,2026-07-31 14:15:36 +0800
1150731,2026-07-31,上櫃,5355,佳總,5.03,+0.01,5.06,5.35,4.66,83000,404350,46,TPEX_CSV,2026-07-31 14:15:36 +0800
1150731,2026-07-31,上櫃,5356,協益,24.25,+0.10,24.30,24.40,24.25,93000,2258300,62,TPEX_CSV,2026-07-31 14:15:36 +0800
1150731,2026-07-31,上櫃,5364,力麗店,8.77,+0.20,8.62,8.77,8.62,66000,572170,39,TPEX_CSV,2026-07-31 14:15:36 +0800
1150731,2026-07-31,上櫃,5371,中光電,73.70,+5.20,75.30,75.30,72.00,8412000,618848600,5356,TPEX_CSV,2026-07-31 14:15:36 +0800
1150731,2026-07-31,上櫃,5381,光譜,22.60,+1.45,21.85,22.85,21.80,587000,13036950,300,TPEX_CSV,2026-07-31 14:15:36 +0800
1150731,2026-07-31,上櫃,5386,青雲,227.50,+20.50,224.50,227.50,219.00,956000,214573000,710,TPEX_CSV,2026-07-31 14:15:36 +0800
1150731,2026-07-31,上櫃,5392,能率,37.80,+3.40,36.50,37.80,35.90,1781000,66453850,906,TPEX_CSV,2026-07-31 14:15:36 +0800
1150731,2026-07-31,上櫃,5398,慕康生醫,14.15,-0.35,14.25,14.30,14.10,73000,1035950,46,TPEX_CSV,2026-07-31 14:15:36 +0800
1150731,2026-07-31,上櫃,5403,中菲,93.30,-0.20,94.20,94.40,92.50,118000,11011700,104,TPEX_CSV,2026-07-31 14:15:36 +0800
1150731,2026-07-31,上櫃,5410,國眾,35.00,+1.20,34.85,36.00,34.40,996000,34984250,518,TPEX_CSV,2026-07-31 14:15:36 +0800
1150731,2026-07-31,上櫃,5425,台半,73.10,+5.90,73.30,73.80,70.50,6278000,455549100,4222,TPEX_CSV,2026-07-31 14:15:36 +0800
1150731,2026-07-31,上櫃,5426,振發,23.75,+1.30,24.00,24.00,23.30,589000,13954800,381,TPEX_CSV,2026-07-31 14:15:36 +0800
1150731,2026-07-31,上櫃,5432,新門,101.00,+2.70,104.50,105.50,101.00,67000,6895500,63,TPEX_CSV,2026-07-31 14:15:36 +0800
1150731,2026-07-31,上櫃,5438,東友,16.35,+0.55,15.95,16.35,15.95,49000,795450,45,TPEX_CSV,2026-07-31 14:15:36 +0800
1150731,2026-07-31,上櫃,5439,高技,199.50,+14.00,203.00,203.50,197.00,3162000,629757000,2261,TPEX_CSV,2026-07-31 14:15:36 +0800
1150731,2026-07-31,上櫃,5443,均豪,86.00,+7.70,85.50,86.10,83.50,1004000,85443700,797,TPEX_CSV,2026-07-31 14:15:36 +0800
1150731,2026-07-31,上櫃,5450,南良,14.35,+0.20,14.50,14.75,14.20,283000,4081350,155,TPEX_CSV,2026-07-31 14:15:36 +0800
1150731,2026-07-31,上櫃,5452,佶優,24.75,+1.85,24.15,24.75,24.15,526000,12841600,326,TPEX_CSV,2026-07-31 14:15:36 +0800
1150731,2026-07-31,上櫃,5455,昇益,28.30,+0.20,28.00,28.30,28.00,5000,140300,3,TPEX_CSV,2026-07-31 14:15:36 +0800
1150731,2026-07-31,上櫃,5457,宣德,27.55,+1.35,27.00,27.70,27.00,410000,11249900,266,TPEX_CSV,2026-07-31 14:15:36 +0800
1150731,2026-07-31,上櫃,5460,同協,16.00,+0.40,16.25,16.25,15.75,32000,508050,27,TPEX_CSV,2026-07-31 14:15:36 +0800
1150731,2026-07-31,上櫃,5464,霖宏,65.40,+5.90,64.90,65.40,63.30,745000,48327300,398,TPEX_CSV,2026-07-31 14:15:36 +0800
1150731,2026-07-31,上櫃,5465,富驊,21.60,+0.25,21.95,21.95,21.40,37000,795500,23,TPEX_CSV,2026-07-31 14:15:36 +0800
1150731,2026-07-31,上櫃,5468,凱鈺,24.00,+1.20,24.00,24.50,23.65,100000,2406850,75,TPEX_CSV,2026-07-31 14:15:36 +0800
1150731,2026-07-31,上櫃,5474,聰泰,141.00,+6.00,141.00,142.50,139.50,173000,24396500,156,TPEX_CSV,2026-07-31 14:15:36 +0800
1150731,2026-07-31,上櫃,5475,德宏,111.00,+10.00,111.00,111.00,110.50,455000,50504500,267,TPEX_CSV,2026-07-31 14:15:36 +0800
1150731,2026-07-31,上櫃,5478,智冠,99.50,+1.10,99.10,100.00,99.00,60000,5972300,60,TPEX_CSV,2026-07-31 14:15:36 +0800
1150731,2026-07-31,上櫃,5481,新華,20.00,-0.25,20.10,20.10,19.60,156000,3086100,83,TPEX_CSV,2026-07-31 14:15:36 +0800
1150731,2026-07-31,上櫃,5483,中美晶,157.00,+4.50,167.50,167.50,155.00,91718000,14609303500,42300,TPEX_CSV,2026-07-31 14:15:36 +0800
1150731,2026-07-31,上櫃,5487,通泰,28.90,+0.90,28.80,29.70,28.35,54000,1551500,45,TPEX_CSV,2026-07-31 14:15:36 +0800
1150731,2026-07-31,上櫃,5488,松普,12.40,+0.35,12.55,12.60,12.25,666000,8300900,280,TPEX_CSV,2026-07-31 14:15:36 +0800
1150731,2026-07-31,上櫃,5489,彩富,40.40,+0.30,40.65,41.65,39.90,84000,3401250,74,TPEX_CSV,2026-07-31 14:15:36 +0800
1150731,2026-07-31,上櫃,5490,同亨,33.05,+1.80,32.75,33.35,31.10,1780000,57579550,1176,TPEX_CSV,2026-07-31 14:15:36 +0800
1150731,2026-07-31,上櫃,5493,三聯,74.10,+2.80,73.00,75.00,73.00,100000,7424000,77,TPEX_CSV,2026-07-31 14:15:36 +0800
1150731,2026-07-31,上櫃,5498,凱崴,41.95,+3.80,41.40,41.95,41.10,1001000,41698550,687,TPEX_CSV,2026-07-31 14:15:36 +0800
1150731,2026-07-31,上櫃,5508,永信建,50.20,+0.20,51.00,51.90,50.20,326000,16654800,228,TPEX_CSV,2026-07-31 14:15:36 +0800
1150731,2026-07-31,上櫃,5511,德昌,69.90,-1.20,71.70,71.70,69.60,418000,29577900,155,TPEX_CSV,2026-07-31 14:15:36 +0800
1150731,2026-07-31,上櫃,5512,力麒,7.70,+0.06,7.73,7.75,7.70,666000,5137790,204,TPEX_CSV,2026-07-31 14:15:36 +0800
1150731,2026-07-31,上櫃,5514,三豐,14.00,+0.30,14.10,14.10,13.75,13000,180150,8,TPEX_CSV,2026-07-31 14:15:36 +0800
1150731,2026-07-31,上櫃,5516,雙喜,10.85,+0.20,10.70,10.85,10.70,20000,215700,13,TPEX_CSV,2026-07-31 14:15:36 +0800
1150731,2026-07-31,上櫃,5520,力泰,----,---,----,----,----,0,0,0,TPEX_CSV,2026-07-31 14:15:36 +0800
1150731,2026-07-31,上櫃,5523,豐謙,30.40,+0.15,30.15,30.40,30.15,109000,3297950,25,TPEX_CSV,2026-07-31 14:15:36 +0800
1150731,2026-07-31,上櫃,5529,鉅陞,20.90,+0.10,20.80,21.00,20.65,7000,146200,7,TPEX_CSV,2026-07-31 14:15:36 +0800
1150731,2026-07-31,上櫃,5530,龍巖,47.40,+0.30,47.60,48.30,47.20,217000,10307550,153,TPEX_CSV,2026-07-31 14:15:36 +0800
1150731,2026-07-31,上櫃,5536,聖暉*,925.00,+19.00,980.00,990.00,913.00,1549000,1447102000,1292,TPEX_CSV,2026-07-31 14:15:36 +0800
1150731,2026-07-31,上櫃,5543,桓鼎-KY,27.60,-0.60,27.95,27.95,27.60,11000,305850,11,TPEX_CSV,2026-07-31 14:15:36 +0800
1150731,2026-07-31,上櫃,5547,久舜,20.40,+0.40,20.00,20.40,19.80,41000,823700,14,TPEX_CSV,2026-07-31 14:15:36 +0800
1150731,2026-07-31,上櫃,5548,安倉,20.50,+0.10,20.45,20.50,20.30,27000,551600,12,TPEX_CSV,2026-07-31 14:15:36 +0800
1150731,2026-07-31,上櫃,5601,台聯櫃,29.00,0.00,29.00,29.00,28.25,33000,955550,20,TPEX_CSV,2026-07-31 14:15:36 +0800
1150731,2026-07-31,上櫃,5603,陸海,14.10,+0.10,14.20,14.20,14.05,194000,2729650,56,TPEX_CSV,2026-07-31 14:15:36 +0800
1150731,2026-07-31,上櫃,5604,中連,30.25,+0.10,30.20,30.35,30.20,87000,2632050,10,TPEX_CSV,2026-07-31 14:15:36 +0800
1150731,2026-07-31,上櫃,5609,中菲行,78.50,+0.20,79.50,79.50,78.50,159000,12520600,73,TPEX_CSV,2026-07-31 14:15:36 +0800
1150731,2026-07-31,上櫃,5701,劍湖山,4.39,+0.19,4.60,4.60,4.20,96000,421470,41,TPEX_CSV,2026-07-31 14:15:36 +0800
1150731,2026-07-31,上櫃,5703,亞都,13.65,-0.25,13.95,13.95,13.65,6000,82700,5,TPEX_CSV,2026-07-31 14:15:36 +0800
1150731,2026-07-31,上櫃,5704,老爺知,21.90,+0.50,21.65,21.90,21.65,9000,195600,6,TPEX_CSV,2026-07-31 14:15:36 +0800
1150731,2026-07-31,上櫃,5864,致和證,30.50,+2.75,29.75,30.50,29.40,4679000,141586600,993,TPEX_CSV,2026-07-31 14:15:36 +0800
1150731,2026-07-31,上櫃,5878,台名,38.40,-0.10,38.40,38.40,38.40,1000,38400,1,TPEX_CSV,2026-07-31 14:15:36 +0800
1150731,2026-07-31,上櫃,5902,德記,34.10,+0.10,34.20,34.20,34.00,13000,444100,5,TPEX_CSV,2026-07-31 14:15:36 +0800
1150731,2026-07-31,上櫃,5903,全家,189.50,+0.50,189.00,190.00,188.50,27000,5112500,24,TPEX_CSV,2026-07-31 14:15:36 +0800
1150731,2026-07-31,上櫃,5905,南仁湖,8.20,+0.03,8.21,8.30,8.13,318000,2604690,143,TPEX_CSV,2026-07-31 14:15:36 +0800
1150731,2026-07-31,上櫃,6015,宏遠證,15.65,+1.10,15.20,15.80,15.20,2167000,33595800,751,TPEX_CSV,2026-07-31 14:15:36 +0800
1150731,2026-07-31,上櫃,6016,康和證,20.60,+1.60,20.00,20.70,19.90,4300000,87108050,1569,TPEX_CSV,2026-07-31 14:15:36 +0800
1150731,2026-07-31,上櫃,6020,大展證,21.45,+0.70,21.00,21.45,20.85,37000,777850,28,TPEX_CSV,2026-07-31 14:15:36 +0800
1150731,2026-07-31,上櫃,6021,美好證,34.10,+2.45,33.00,34.20,33.00,131000,4406950,88,TPEX_CSV,2026-07-31 14:15:36 +0800
1150731,2026-07-31,上櫃,6023,元大期,87.60,+1.60,86.50,87.90,86.50,560000,48830200,269,TPEX_CSV,2026-07-31 14:15:36 +0800
1150731,2026-07-31,上櫃,6026,福邦證,14.10,+0.75,13.80,14.20,13.80,1445000,20203600,557,TPEX_CSV,2026-07-31 14:15:36 +0800
1150731,2026-07-31,上櫃,6028,公勝保經,79.30,+0.60,80.40,80.40,79.30,9000,715200,8,TPEX_CSV,2026-07-31 14:15:36 +0800
1150731,2026-07-31,上櫃,6101,寬魚國際,34.85,+0.25,36.95,36.95,34.50,131000,4572750,104,TPEX_CSV,2026-07-31 14:15:36 +0800
1150731,2026-07-31,上櫃,6103,合邦,28.40,0.00,28.40,28.40,28.40,1000,28400,1,TPEX_CSV,2026-07-31 14:15:36 +0800
1150731,2026-07-31,上櫃,6104,創惟,91.60,+7.60,88.00,91.90,88.00,718000,64594000,512,TPEX_CSV,2026-07-31 14:15:36 +0800
1150731,2026-07-31,上櫃,6109,亞元,11.60,+0.25,11.50,11.85,11.45,94000,1091250,50,TPEX_CSV,2026-07-31 14:15:36 +0800
1150731,2026-07-31,上櫃,6111,光聚晶電,38.20,+0.85,38.45,38.70,37.80,180000,6876200,104,TPEX_CSV,2026-07-31 14:15:36 +0800
1150731,2026-07-31,上櫃,6113,亞矽,21.15,+1.05,21.90,21.90,20.90,80000,1687400,63,TPEX_CSV,2026-07-31 14:15:36 +0800
1150731,2026-07-31,上櫃,6114,久威,26.35,+0.60,26.00,26.35,26.00,15000,394400,15,TPEX_CSV,2026-07-31 14:15:36 +0800
1150731,2026-07-31,上櫃,6118,建達,15.55,+0.40,15.50,15.80,15.50,123000,1923100,82,TPEX_CSV,2026-07-31 14:15:36 +0800
1150731,2026-07-31,上櫃,6121,新普,352.50,+6.00,364.00,364.00,349.50,2299000,814242500,1754,TPEX_CSV,2026-07-31 14:15:36 +0800
1150731,2026-07-31,上櫃,6122,擎邦,50.30,+1.50,49.85,50.70,49.85,660000,33227800,434,TPEX_CSV,2026-07-31 14:15:36 +0800
1150731,2026-07-31,上櫃,6123,上奇,42.40,+0.50,42.20,42.65,41.95,58000,2453500,43,TPEX_CSV,2026-07-31 14:15:36 +0800
1150731,2026-07-31,上櫃,6124,業強,25.05,+0.70,24.90,25.70,24.90,8000,202550,8,TPEX_CSV,2026-07-31 14:15:36 +0800
1150731,2026-07-31,上櫃,6125,廣運,45.00,+2.10,44.60,45.70,44.50,652000,29331250,464,TPEX_CSV,2026-07-31 14:15:36 +0800
1150731,2026-07-31,上櫃,6126,信音,30.45,+1.85,29.95,30.75,29.80,572000,17293750,341,TPEX_CSV,2026-07-31 14:15:36 +0800
1150731,2026-07-31,上櫃,6127,九豪,45.95,+3.75,46.00,46.25,44.55,2528000,115305050,1678,TPEX_CSV,2026-07-31 14:15:36 +0800
1150731,2026-07-31,上櫃,6129,普誠,13.95,+0.75,13.95,14.05,13.75,416000,5778650,226,TPEX_CSV,2026-07-31 14:15:36 +0800
1150731,2026-07-31,上櫃,6130,上亞科技,24.20,0.00,24.70,24.75,24.10,78000,1888400,50,TPEX_CSV,2026-07-31 14:15:36 +0800
1150731,2026-07-31,上櫃,6134,萬旭,24.95,+2.10,24.10,25.05,24.10,286000,7040850,174,TPEX_CSV,2026-07-31 14:15:36 +0800
1150731,2026-07-31,上櫃,6138,茂達,265.00,除息,270.00,271.00,257.50,1016000,269509000,757,TPEX_CSV,2026-07-31 14:15:36 +0800
1150731,2026-07-31,上櫃,6140,訊達,16.30,+0.75,16.00,16.40,15.90,65000,1046150,44,TPEX_CSV,2026-07-31 14:15:36 +0800
1150731,2026-07-31,上櫃,6143,振曜,87.60,+4.60,86.90,87.90,85.30,431000,37488100,359,TPEX_CSV,2026-07-31 14:15:36 +0800
1150731,2026-07-31,上櫃,6144,得利影,13.05,-0.35,13.60,13.60,13.05,11000,145650,11,TPEX_CSV,2026-07-31 14:15:36 +0800
1150731,2026-07-31,上櫃,6146,耕興,192.50,+6.50,190.00,196.00,190.00,1069000,206009500,392,TPEX_CSV,2026-07-31 14:15:36 +0800
1150731,2026-07-31,上櫃,6147,頎邦,130.00,+11.50,130.00,130.00,126.00,20185000,2607211500,6857,TPEX_CSV,2026-07-31 14:15:36 +0800
1150731,2026-07-31,上櫃,6148,驊宏資,26.50,+1.30,26.40,26.95,26.20,135000,3577250,110,TPEX_CSV,2026-07-31 14:15:36 +0800
1150731,2026-07-31,上櫃,6150,撼訊,55.90,+3.80,54.90,56.80,53.40,227000,12502100,191,TPEX_CSV,2026-07-31 14:15:36 +0800
1150731,2026-07-31,上櫃,6151,晉倫,34.15,+1.40,34.20,34.35,33.60,141000,4801000,98,TPEX_CSV,2026-07-31 14:15:36 +0800
1150731,2026-07-31,上櫃,6154,順發,13.50,+0.05,13.50,13.50,13.50,5000,67500,5,TPEX_CSV,2026-07-31 14:15:36 +0800
1150731,2026-07-31,上櫃,6156,松上,20.65,+1.10,20.30,20.90,20.25,929000,19132950,474,TPEX_CSV,2026-07-31 14:15:36 +0800
1150731,2026-07-31,上櫃,6158,禾昌,17.60,+0.55,17.75,17.75,17.20,38000,659650,29,TPEX_CSV,2026-07-31 14:15:36 +0800
1150731,2026-07-31,上櫃,6160,欣技,14.25,+0.55,13.90,14.25,13.85,106000,1484800,38,TPEX_CSV,2026-07-31 14:15:36 +0800
1150731,2026-07-31,上櫃,6161,捷波,47.00,+2.15,46.50,47.80,46.00,67000,3132450,51,TPEX_CSV,2026-07-31 14:15:36 +0800
1150731,2026-07-31,上櫃,6163,華電網,38.50,+2.65,39.20,39.20,37.75,767000,29507850,500,TPEX_CSV,2026-07-31 14:15:36 +0800
1150731,2026-07-31,上櫃,6167,久正,10.40,+0.55,10.15,10.70,10.10,318000,3287700,151,TPEX_CSV,2026-07-31 14:15:36 +0800
1150731,2026-07-31,上櫃,6169,昱泉,13.55,+0.10,13.95,13.95,13.55,3000,41050,2,TPEX_CSV,2026-07-31 14:15:36 +0800
1150731,2026-07-31,上櫃,6170,統振,46.40,+0.05,46.50,47.10,46.40,208000,9738550,113,TPEX_CSV,2026-07-31 14:15:36 +0800
1150731,2026-07-31,上櫃,6171,大城地產,23.70,+0.90,23.50,23.80,23.10,8000,188500,8,TPEX_CSV,2026-07-31 14:15:36 +0800
1150731,2026-07-31,上櫃,6173,信昌電,145.50,+13.00,145.50,145.50,134.00,2270000,322274000,1180,TPEX_CSV,2026-07-31 14:15:36 +0800
1150731,2026-07-31,上櫃,6174,安碁,39.50,+1.05,40.80,42.20,39.35,2912000,117195500,2090,TPEX_CSV,2026-07-31 14:15:36 +0800
1150731,2026-07-31,上櫃,6175,立敦,71.00,+4.50,72.80,72.90,70.00,1659000,118446600,1147,TPEX_CSV,2026-07-31 14:15:36 +0800
1150731,2026-07-31,上櫃,6179,亞通,24.25,+1.40,23.50,24.60,23.40,775000,18730400,455,TPEX_CSV,2026-07-31 14:15:36 +0800
1150731,2026-07-31,上櫃,6180,橘子,41.95,+0.90,42.35,43.55,41.95,413000,17663000,284,TPEX_CSV,2026-07-31 14:15:36 +0800
1150731,2026-07-31,上櫃,6182,合晶,89.00,+4.30,92.90,93.10,84.00,26567000,2368113700,13746,TPEX_CSV,2026-07-31 14:15:36 +0800
1150731,2026-07-31,上櫃,6185,幃翔,13.90,+0.30,13.65,14.30,13.65,463000,6410700,206,TPEX_CSV,2026-07-31 14:15:36 +0800
1150731,2026-07-31,上櫃,6186,新潤,41.65,+0.05,42.15,42.45,41.45,1398000,58456450,732,TPEX_CSV,2026-07-31 14:15:36 +0800
1150731,2026-07-31,上櫃,6187,萬潤,929.00,+84.00,929.00,929.00,922.00,871000,808767000,582,TPEX_CSV,2026-07-31 14:15:36 +0800
1150731,2026-07-31,上櫃,6188,廣明,66.30,+4.20,65.30,67.90,64.80,1356000,90033900,776,TPEX_CSV,2026-07-31 14:15:36 +0800
1150731,2026-07-31,上櫃,6190,萬泰科,61.80,+4.60,61.10,62.00,60.00,1491000,91272600,925,TPEX_CSV,2026-07-31 14:15:36 +0800
1150731,2026-07-31,上櫃,6194,育富,29.55,+0.35,29.50,29.55,29.50,13000,383600,11,TPEX_CSV,2026-07-31 14:15:36 +0800
1150731,2026-07-31,上櫃,6195,詩肯,26.90,+0.20,26.70,26.90,26.70,19000,508450,15,TPEX_CSV,2026-07-31 14:15:36 +0800
1150731,2026-07-31,上櫃,6198,瑞築,18.70,0.00,18.70,18.70,18.70,1000,18700,1,TPEX_CSV,2026-07-31 14:15:36 +0800
1150731,2026-07-31,上櫃,6199,天品,99.90,+5.80,94.20,102.00,94.20,596000,59166700,369,TPEX_CSV,2026-07-31 14:15:36 +0800
1150731,2026-07-31,上櫃,6203,海韻電,64.70,+0.90,65.80,65.80,64.40,70000,4539600,61,TPEX_CSV,2026-07-31 14:15:36 +0800
1150731,2026-07-31,上櫃,6204,艾華,65.80,+4.30,65.50,67.00,64.40,122000,7987600,91,TPEX_CSV,2026-07-31 14:15:36 +0800
1150731,2026-07-31,上櫃,6207,雷科,94.70,+7.90,95.00,95.20,90.80,4375000,409103200,3039,TPEX_CSV,2026-07-31 14:15:36 +0800
1150731,2026-07-31,上櫃,6208,日揚,81.50,+2.40,85.80,85.80,81.10,359000,29470000,304,TPEX_CSV,2026-07-31 14:15:36 +0800
1150731,2026-07-31,上櫃,6210,慶生,18.35,-0.65,18.50,18.85,18.00,49000,891800,40,TPEX_CSV,2026-07-31 14:15:36 +0800
1150731,2026-07-31,上櫃,6212,理銘,29.20,+0.60,29.20,29.20,29.20,1000,29200,1,TPEX_CSV,2026-07-31 14:15:36 +0800
1150731,2026-07-31,上櫃,6217,中探針,111.00,+9.50,111.50,111.50,93.60,3178000,332770800,1997,TPEX_CSV,2026-07-31 14:15:36 +0800
1150731,2026-07-31,上櫃,6218,豪勉,31.25,+2.10,30.90,31.95,30.30,277000,8615650,169,TPEX_CSV,2026-07-31 14:15:36 +0800
1150731,2026-07-31,上櫃,6219,富旺,12.45,+0.35,12.30,12.90,12.25,89000,1112900,56,TPEX_CSV,2026-07-31 14:15:36 +0800
1150731,2026-07-31,上櫃,6220,岳豐,24.40,+0.75,24.25,24.80,24.00,334000,8161550,214,TPEX_CSV,2026-07-31 14:15:36 +0800
1150731,2026-07-31,上櫃,6221,晉泰,20.95,+0.15,20.80,21.30,20.80,44000,924950,27,TPEX_CSV,2026-07-31 14:15:36 +0800
1150731,2026-07-31,上櫃,6222,立軒,20.65,+0.30,20.10,20.85,20.00,8000,162300,8,TPEX_CSV,2026-07-31 14:15:36 +0800
1150731,2026-07-31,上櫃,6223,旺矽,5280.00,+480.00,5280.00,5280.00,5280.00,149000,786720000,101,TPEX_CSV,2026-07-31 14:15:36 +0800
1150731,2026-07-31,上櫃,6227,茂綸,113.50,+5.50,113.50,117.00,113.00,319000,36502500,227,TPEX_CSV,2026-07-31 14:15:36 +0800
1150731,2026-07-31,上櫃,6228,全譜,16.95,-0.55,17.60,17.60,16.95,5000,87000,4,TPEX_CSV,2026-07-31 14:15:36 +0800
1150731,2026-07-31,上櫃,6229,研通,22.65,+0.90,22.15,22.70,22.10,67000,1504950,46,TPEX_CSV,2026-07-31 14:15:36 +0800
1150731,2026-07-31,上櫃,6231,系微,207.50,+14.50,205.50,210.00,204.00,203000,42049500,192,TPEX_CSV,2026-07-31 14:15:36 +0800
1150731,2026-07-31,上櫃,6233,旺玖,19.85,+1.15,20.00,20.00,19.50,123000,2422050,97,TPEX_CSV,2026-07-31 14:15:36 +0800
1150731,2026-07-31,上櫃,6234,高僑,32.15,+2.80,31.00,32.15,31.00,454000,14311650,298,TPEX_CSV,2026-07-31 14:15:36 +0800
1150731,2026-07-31,上櫃,6236,中湛,----,---,----,----,----,0,0,0,TPEX_CSV,2026-07-31 14:15:36 +0800
1150731,2026-07-31,上櫃,6237,驊訊,32.80,+2.80,32.70,33.00,31.60,257000,8296300,187,TPEX_CSV,2026-07-31 14:15:36 +0800
1150731,2026-07-31,上櫃,6240,松崗,18.00,-0.40,18.40,18.40,18.00,6000,109000,6,TPEX_CSV,2026-07-31 14:15:36 +0800
1150731,2026-07-31,上櫃,6241,鑫永洋,16.75,+1.00,16.00,16.85,16.00,282000,4678600,147,TPEX_CSV,2026-07-31 14:15:36 +0800
1150731,2026-07-31,上櫃,6242,立康,34.40,-0.25,33.90,34.40,33.90,11000,374250,11,TPEX_CSV,2026-07-31 14:15:36 +0800
1150731,2026-07-31,上櫃,6244,茂迪,21.90,+1.50,21.30,22.25,21.30,3565000,77900850,1773,TPEX_CSV,2026-07-31 14:15:36 +0800
1150731,2026-07-31,上櫃,6245,立端,75.70,+2.00,76.40,77.60,74.50,706000,53423400,486,TPEX_CSV,2026-07-31 14:15:36 +0800
1150731,2026-07-31,上櫃,6246,臺龍,12.55,+0.95,12.00,12.75,11.75,84000,1042450,52,TPEX_CSV,2026-07-31 14:15:36 +0800
1150731,2026-07-31,上櫃,6248,沛波,17.30,+0.10,17.20,17.40,17.20,45000,777450,31,TPEX_CSV,2026-07-31 14:15:36 +0800
1150731,2026-07-31,上櫃,6259,百徽,29.70,+2.70,28.80,29.70,28.80,225000,6660500,103,TPEX_CSV,2026-07-31 14:15:36 +0800
1150731,2026-07-31,上櫃,6261,久元,73.40,+2.70,74.00,74.80,73.00,405000,29893300,333,TPEX_CSV,2026-07-31 14:15:36 +0800
1150731,2026-07-31,上櫃,6263,普萊德,145.50,+5.00,145.00,148.50,144.50,149000,21796500,129,TPEX_CSV,2026-07-31 14:15:36 +0800
1150731,2026-07-31,上櫃,6264,富裔,6.05,+0.01,6.05,6.05,5.90,54000,321360,29,TPEX_CSV,2026-07-31 14:15:36 +0800
1150731,2026-07-31,上櫃,6265,方土昶,42.40,+3.80,42.20,42.45,41.25,1640000,69028100,1012,TPEX_CSV,2026-07-31 14:15:36 +0800
1150731,2026-07-31,上櫃,6266,泰詠,24.25,+0.30,24.20,24.50,24.15,62000,1505650,48,TPEX_CSV,2026-07-31 14:15:36 +0800
1150731,2026-07-31,上櫃,6270,倍微,27.75,+1.75,28.00,28.00,27.40,293000,8118850,211,TPEX_CSV,2026-07-31 14:15:36 +0800
1150731,2026-07-31,上櫃,6274,台燿,1110.00,+100.00,1110.00,1110.00,1110.00,790000,876900000,372,TPEX_CSV,2026-07-31 14:15:36 +0800
1150731,2026-07-31,上櫃,6275,元山,41.55,+1.15,41.50,41.80,41.10,138000,5712800,98,TPEX_CSV,2026-07-31 14:15:36 +0800
1150731,2026-07-31,上櫃,6276,安鈦克,19.95,+0.75,20.10,20.10,19.50,21000,417600,15,TPEX_CSV,2026-07-31 14:15:36 +0800
1150731,2026-07-31,上櫃,6279,胡連,116.00,+4.00,114.00,119.50,114.00,1524000,177943500,596,TPEX_CSV,2026-07-31 14:15:36 +0800
1150731,2026-07-31,上櫃,6284,佳邦,71.60,+6.50,71.30,71.60,68.80,965000,68316100,625,TPEX_CSV,2026-07-31 14:15:36 +0800
1150731,2026-07-31,上櫃,6290,良維,208.00,+18.50,205.00,208.00,200.50,2415000,493597000,1676,TPEX_CSV,2026-07-31 14:15:36 +0800
1150731,2026-07-31,上櫃,6291,沛亨,324.00,+26.00,327.50,327.50,318.50,389000,126485500,298,TPEX_CSV,2026-07-31 14:15:36 +0800
1150731,2026-07-31,上櫃,6292,迅德,53.70,+4.80,53.70,53.70,53.70,171000,9182700,82,TPEX_CSV,2026-07-31 14:15:36 +0800
1150731,2026-07-31,上櫃,6294,智基,26.95,+0.65,26.50,27.00,26.20,27000,719900,18,TPEX_CSV,2026-07-31 14:15:36 +0800
1150731,2026-07-31,上櫃,6411,晶焱,74.00,+4.00,73.20,74.40,72.60,274000,20162900,220,TPEX_CSV,2026-07-31 14:15:36 +0800
1150731,2026-07-31,上櫃,6417,韋僑,112.00,+5.00,109.50,113.00,109.00,120000,13359500,116,TPEX_CSV,2026-07-31 14:15:36 +0800
1150731,2026-07-31,上櫃,6418,詠昇,29.10,+1.10,28.05,29.50,28.05,80000,2325350,66,TPEX_CSV,2026-07-31 14:15:36 +0800
1150731,2026-07-31,上櫃,6419,京晨科,123.50,+10.00,119.00,124.50,117.50,202000,24470500,167,TPEX_CSV,2026-07-31 14:15:36 +0800
1150731,2026-07-31,上櫃,6423,億而得,71.50,+4.80,68.60,71.70,67.90,51000,3561300,46,TPEX_CSV,2026-07-31 14:15:36 +0800
1150731,2026-07-31,上櫃,6425,易發,50.70,+1.70,51.10,51.40,50.00,258000,13095400,220,TPEX_CSV,2026-07-31 14:15:36 +0800
1150731,2026-07-31,上櫃,6432,今展科,77.30,+7.00,76.30,77.30,75.10,2767000,211998900,1684,TPEX_CSV,2026-07-31 14:15:36 +0800
1150731,2026-07-31,上櫃,6435,大中,227.00,+19.50,228.00,228.00,221.50,606000,136764500,487,TPEX_CSV,2026-07-31 14:15:36 +0800
1150731,2026-07-31,上櫃,6441,廣錠,19.10,+0.10,19.05,19.60,19.05,47000,905050,41,TPEX_CSV,2026-07-31 14:15:36 +0800
1150731,2026-07-31,上櫃,6461,益得,15.70,+0.40,15.45,16.70,15.35,273000,4329900,124,TPEX_CSV,2026-07-31 14:15:36 +0800
1150731,2026-07-31,上櫃,6462,神盾,93.70,+5.70,92.10,96.50,91.50,482000,44842300,374,TPEX_CSV,2026-07-31 14:15:36 +0800
1150731,2026-07-31,上櫃,6465,威潤,48.00,+1.75,48.35,48.95,47.65,149000,7194400,98,TPEX_CSV,2026-07-31 14:15:36 +0800
1150731,2026-07-31,上櫃,6469,大樹,78.20,+1.20,78.20,78.70,77.30,667000,52032800,411,TPEX_CSV,2026-07-31 14:15:36 +0800
1150731,2026-07-31,上櫃,6470,宇智,42.45,除息,41.20,42.80,41.20,191000,7981750,137,TPEX_CSV,2026-07-31 14:15:36 +0800
1150731,2026-07-31,上櫃,6474,華豫寧,37.00,+0.70,36.70,37.00,36.35,8000,292350,8,TPEX_CSV,2026-07-31 14:15:36 +0800
1150731,2026-07-31,上櫃,6482,弘煜科,27.85,+0.70,28.00,28.00,27.60,6000,166400,5,TPEX_CSV,2026-07-31 14:15:36 +0800
1150731,2026-07-31,上櫃,6485,點序,57.30,+5.20,56.30,57.30,55.40,389000,22198900,237,TPEX_CSV,2026-07-31 14:15:36 +0800
1150731,2026-07-31,上櫃,6486,互動,74.20,-0.30,75.00,75.40,74.00,106000,7896000,87,TPEX_CSV,2026-07-31 14:15:36 +0800
1150731,2026-07-31,上櫃,6488,環球晶,855.00,+77.00,855.00,855.00,802.00,18646000,15701819000,12614,TPEX_CSV,2026-07-31 14:15:36 +0800
1150731,2026-07-31,上櫃,6492,生華科,38.95,-0.05,39.00,39.25,38.45,284000,11039450,210,TPEX_CSV,2026-07-31 14:15:36 +0800
1150731,2026-07-31,上櫃,6494,九齊,49.15,+4.15,46.45,49.35,46.45,139000,6678650,112,TPEX_CSV,2026-07-31 14:15:36 +0800
1150731,2026-07-31,上櫃,6496,科懋,24.60,+0.25,23.85,24.60,23.85,3000,72650,3,TPEX_CSV,2026-07-31 14:15:36 +0800
1150731,2026-07-31,上櫃,6498,久禾光,69.10,+1.90,71.30,71.50,68.70,301000,20894000,216,TPEX_CSV,2026-07-31 14:15:36 +0800
1150731,2026-07-31,上櫃,6499,益安,57.10,+1.30,57.00,58.60,56.40,310000,17767700,210,TPEX_CSV,2026-07-31 14:15:36 +0800
1150731,2026-07-31,上櫃,6506,雙邦,16.55,+0.40,16.30,16.55,16.30,21000,345900,17,TPEX_CSV,2026-07-31 14:15:36 +0800
1150731,2026-07-31,上櫃,6508,惠光,25.60,+0.45,25.50,26.60,25.20,41000,1063450,34,TPEX_CSV,2026-07-31 14:15:36 +0800
1150731,2026-07-31,上櫃,6509,聚和,42.95,+1.75,42.60,43.80,42.60,1340000,57865550,708,TPEX_CSV,2026-07-31 14:15:36 +0800
1150731,2026-07-31,上櫃,6510,精測,2495.00,+225.00,2485.00,2495.00,2405.00,739000,1825325000,613,TPEX_CSV,2026-07-31 14:15:36 +0800
1150731,2026-07-31,上櫃,6512,啟發電,19.75,+0.15,20.70,20.70,19.65,3000,60100,3,TPEX_CSV,2026-07-31 14:15:36 +0800
1150731,2026-07-31,上櫃,6516,勤崴國際,56.90,+0.90,57.30,57.30,56.20,34000,1921800,27,TPEX_CSV,2026-07-31 14:15:36 +0800
1150731,2026-07-31,上櫃,6517,保勝光學,62.40,+3.10,62.40,64.60,62.30,893000,56344200,669,TPEX_CSV,2026-07-31 14:15:36 +0800
1150731,2026-07-31,上櫃,6523,達爾膚,90.60,+1.00,91.00,91.00,90.10,19000,1722800,15,TPEX_CSV,2026-07-31 14:15:36 +0800
1150731,2026-07-31,上櫃,6527,明達醫,67.50,+1.00,67.50,67.50,67.40,6000,404700,3,TPEX_CSV,2026-07-31 14:15:36 +0800
1150731,2026-07-31,上櫃,6530,創威,67.60,+6.10,66.20,67.60,64.50,410000,27322000,318,TPEX_CSV,2026-07-31 14:15:36 +0800
1150731,2026-07-31,上櫃,6532,瑞耘,65.50,+5.30,62.50,65.80,62.50,283000,18316700,177,TPEX_CSV,2026-07-31 14:15:36 +0800
1150731,2026-07-31,上櫃,6535,順藥,87.00,-1.30,89.00,90.10,87.00,177000,15509700,164,TPEX_CSV,2026-07-31 14:15:36 +0800
1150731,2026-07-31,上櫃,6538,倉和,138.00,+9.50,134.00,140.50,128.00,3873000,522101500,2644,TPEX_CSV,2026-07-31 14:15:36 +0800
1150731,2026-07-31,上櫃,6542,隆中,47.50,+0.30,47.30,47.50,47.30,5000,236700,4,TPEX_CSV,2026-07-31 14:15:36 +0800
1150731,2026-07-31,上櫃,6546,正基,55.00,+3.00,54.60,55.80,54.00,226000,12358500,177,TPEX_CSV,2026-07-31 14:15:36 +0800
1150731,2026-07-31,上櫃,6547,高端疫苗,45.80,+0.20,46.25,47.20,45.70,1584000,73332500,936,TPEX_CSV,2026-07-31 14:15:36 +0800
1150731,2026-07-31,上櫃,6548,長科*,65.00,+5.90,64.00,65.00,62.40,4284000,275423900,1985,TPEX_CSV,2026-07-31 14:15:36 +0800
1150731,2026-07-31,上櫃,6556,勝品,65.20,+1.00,65.20,65.20,65.20,2000,130400,2,TPEX_CSV,2026-07-31 14:15:36 +0800
1150731,2026-07-31,上櫃,6560,欣普羅,32.00,+1.90,32.55,33.00,32.00,40000,1291350,32,TPEX_CSV,2026-07-31 14:15:36 +0800
1150731,2026-07-31,上櫃,6561,是方,330.50,+3.00,331.00,338.00,330.50,154000,51434500,126,TPEX_CSV,2026-07-31 14:15:36 +0800
1150731,2026-07-31,上櫃,6568,宏觀,132.00,+12.00,128.00,132.00,125.00,150000,19329000,114,TPEX_CSV,2026-07-31 14:15:36 +0800
1150731,2026-07-31,上櫃,6569,醫揚,97.20,+2.00,99.00,99.00,96.10,30000,2910900,28,TPEX_CSV,2026-07-31 14:15:36 +0800
1150731,2026-07-31,上櫃,6570,維田,50.50,+3.40,51.00,51.00,49.10,88000,4406250,68,TPEX_CSV,2026-07-31 14:15:36 +0800
1150731,2026-07-31,上櫃,6574,霈方,115.50,+1.50,116.00,117.50,114.50,81000,9377000,79,TPEX_CSV,2026-07-31 14:15:36 +0800
1150731,2026-07-31,上櫃,6576,逸達,79.20,+0.70,80.00,80.00,78.30,96000,7586300,68,TPEX_CSV,2026-07-31 14:15:36 +0800
1150731,2026-07-31,上櫃,6577,勁豐,79.00,+1.00,80.60,81.50,78.70,181000,14364200,128,TPEX_CSV,2026-07-31 14:15:36 +0800
1150731,2026-07-31,上櫃,6578,達邦蛋白,16.50,+0.40,16.50,16.50,16.20,30000,490150,21,TPEX_CSV,2026-07-31 14:15:36 +0800
1150731,2026-07-31,上櫃,6584,南俊國際,425.50,+18.00,448.00,448.00,420.00,840000,361719000,778,TPEX_CSV,2026-07-31 14:15:36 +0800
1150731,2026-07-31,上櫃,6588,東典光電,89.10,+8.10,83.00,89.10,82.10,2803000,241213300,2122,TPEX_CSV,2026-07-31 14:15:36 +0800
1150731,2026-07-31,上櫃,6590,普鴻,65.20,+0.90,65.10,66.00,65.10,5000,326800,5,TPEX_CSV,2026-07-31 14:15:36 +0800
1150731,2026-07-31,上櫃,6593,台灣銘板,32.40,+0.20,32.00,33.25,32.00,68000,2197800,43,TPEX_CSV,2026-07-31 14:15:36 +0800
1150731,2026-07-31,上櫃,6596,寬宏藝術,88.00,+1.90,86.20,88.80,86.20,72000,6317400,63,TPEX_CSV,2026-07-31 14:15:36 +0800
1150731,2026-07-31,上櫃,6597,立誠,60.90,+5.30,55.60,61.00,55.60,10000,594400,9,TPEX_CSV,2026-07-31 14:15:36 +0800
1150731,2026-07-31,上櫃,6603,富強鑫,26.15,+1.35,25.20,26.45,25.20,2741000,71204350,1223,TPEX_CSV,2026-07-31 14:15:36 +0800
1150731,2026-07-31,上櫃,6609,瀧澤科,36.35,+1.15,35.60,36.90,35.60,160000,5807150,119,TPEX_CSV,2026-07-31 14:15:36 +0800
1150731,2026-07-31,上櫃,6612,奈米醫材,70.10,+0.30,69.90,71.00,69.90,24000,1690300,18,TPEX_CSV,2026-07-31 14:15:36 +0800
1150731,2026-07-31,上櫃,6613,朋億*,271.00,+14.50,275.00,279.00,269.00,373000,101818000,302,TPEX_CSV,2026-07-31 14:15:36 +0800
1150731,2026-07-31,上櫃,6615,慧智,34.00,+0.85,34.80,34.80,34.00,11000,375900,9,TPEX_CSV,2026-07-31 14:15:36 +0800
1150731,2026-07-31,上櫃,6616,特昇-KY,9.02,+0.05,9.05,9.05,9.00,5000,45070,3,TPEX_CSV,2026-07-31 14:15:36 +0800
1150731,2026-07-31,上櫃,6617,共信-KY,76.00,+1.10,76.10,77.60,74.80,334000,25401000,270,TPEX_CSV,2026-07-31 14:15:36 +0800
1150731,2026-07-31,上櫃,6620,漢達,87.90,-8.40,98.30,99.60,87.70,5161000,488952200,3630,TPEX_CSV,2026-07-31 14:15:36 +0800
1150731,2026-07-31,上櫃,6624,萬年清,----,---,----,----,----,0,0,0,TPEX_CSV,2026-07-31 14:15:36 +0800
1150731,2026-07-31,上櫃,6629,泰金-KY,100.50,+0.50,103.00,103.00,100.50,18000,1825000,16,TPEX_CSV,2026-07-31 14:15:36 +0800
1150731,2026-07-31,上櫃,6637,醫影,62.00,+1.00,61.50,62.20,61.50,22000,1363100,20,TPEX_CSV,2026-07-31 14:15:36 +0800
1150731,2026-07-31,上櫃,6640,均華,823.00,+67.00,810.00,829.00,800.00,144000,117312000,138,TPEX_CSV,2026-07-31 14:15:36 +0800
1150731,2026-07-31,上櫃,6642,富致,73.70,+6.00,71.20,74.00,71.20,245000,17805000,222,TPEX_CSV,2026-07-31 14:15:36 +0800
1150731,2026-07-31,上櫃,6643,M31,392.50,+25.50,385.00,403.00,383.00,584000,229162500,472,TPEX_CSV,2026-07-31 14:15:36 +0800
1150731,2026-07-31,上櫃,6649,台生材,37.00,-0.50,37.00,37.35,35.45,293000,10638200,253,TPEX_CSV,2026-07-31 14:15:36 +0800
1150731,2026-07-31,上櫃,6651,全宇昕,119.00,+10.00,116.00,119.00,115.00,152000,17826000,117,TPEX_CSV,2026-07-31 14:15:36 +0800
1150731,2026-07-31,上櫃,6654,天正國際,149.00,+4.00,147.50,159.50,146.50,106000,15951500,97,TPEX_CSV,2026-07-31 14:15:36 +0800
1150731,2026-07-31,上櫃,6661,威健生技,16.90,-0.10,17.00,17.00,16.45,4000,67250,4,TPEX_CSV,2026-07-31 14:15:36 +0800
1150731,2026-07-31,上櫃,6662,樂斯科,31.20,+0.90,30.50,31.20,30.50,3000,92400,3,TPEX_CSV,2026-07-31 14:15:36 +0800
1150731,2026-07-31,上櫃,6664,群翊,339.00,+29.50,331.00,340.00,324.50,367000,122677000,291,TPEX_CSV,2026-07-31 14:15:36 +0800
1150731,2026-07-31,上櫃,6667,信紘科,226.00,+13.50,223.50,230.50,222.50,183000,41176000,158,TPEX_CSV,2026-07-31 14:15:36 +0800
1150731,2026-07-31,上櫃,6679,鈺太,205.00,+7.50,206.50,209.00,200.50,255000,52046000,233,TPEX_CSV,2026-07-31 14:15:36 +0800
1150731,2026-07-31,上櫃,6680,鑫創電子,53.10,-1.60,52.80,55.00,52.80,8000,431600,8,TPEX_CSV,2026-07-31 14:15:36 +0800
1150731,2026-07-31,上櫃,6683,雍智科技,927.00,+84.00,927.00,927.00,910.00,284000,262528000,235,TPEX_CSV,2026-07-31 14:15:36 +0800
1150731,2026-07-31,上櫃,6684,安格,46.85,+1.05,47.60,48.05,46.00,135000,6373750,114,TPEX_CSV,2026-07-31 14:15:36 +0800
1150731,2026-07-31,上櫃,6690,安碁資訊,161.00,+3.50,159.50,161.00,159.50,56000,8973500,49,TPEX_CSV,2026-07-31 14:15:36 +0800
1150731,2026-07-31,上櫃,6692,進能服,22.85,+0.60,22.20,22.85,22.20,12000,271100,9,TPEX_CSV,2026-07-31 14:15:36 +0800
1150731,2026-07-31,上櫃,6693,廣閎科,150.00,+13.50,150.00,150.00,150.00,144000,21600000,84,TPEX_CSV,2026-07-31 14:15:36 +0800
1150731,2026-07-31,上櫃,6697,東捷資訊,39.65,-0.35,39.95,40.30,39.30,18000,716300,15,TPEX_CSV,2026-07-31 14:15:36 +0800
1150731,2026-07-31,上櫃,6703,軒郁,105.50,+1.50,106.50,106.50,104.50,49000,5160500,41,TPEX_CSV,2026-07-31 14:15:36 +0800
1150731,2026-07-31,上櫃,6708,天擎,39.00,+1.50,37.75,39.00,36.90,20000,756550,20,TPEX_CSV,2026-07-31 14:15:36 +0800
1150731,2026-07-31,上櫃,6712,長聖,145.50,+2.00,148.50,148.50,144.50,325000,47411500,257,TPEX_CSV,2026-07-31 14:15:36 +0800
1150731,2026-07-31,上櫃,6716,應廣,77.60,+7.00,74.10,77.60,73.80,181000,13735700,158,TPEX_CSV,2026-07-31 14:15:36 +0800
1150731,2026-07-31,上櫃,6720,久昌,135.00,+1.00,134.00,135.00,131.00,61000,8131000,50,TPEX_CSV,2026-07-31 14:15:36 +0800
1150731,2026-07-31,上櫃,6721,信實,52.00,-0.10,52.10,52.10,52.00,13000,676800,13,TPEX_CSV,2026-07-31 14:15:36 +0800
1150731,2026-07-31,上櫃,6725,矽科宏晟,247.00,+14.50,248.50,253.00,241.00,105000,25971000,91,TPEX_CSV,2026-07-31 14:15:36 +0800
1150731,2026-07-31,上櫃,6727,亞泰金屬,306.00,+27.50,306.00,306.00,306.00,131000,40086000,79,TPEX_CSV,2026-07-31 14:15:36 +0800
1150731,2026-07-31,上櫃,6728,上洋,108.00,+1.00,108.50,108.50,107.00,47000,5060000,41,TPEX_CSV,2026-07-31 14:15:36 +0800
1150731,2026-07-31,上櫃,6730,常廣,34.45,+1.05,34.20,34.45,33.85,8000,272250,4,TPEX_CSV,2026-07-31 14:15:36 +0800
1150731,2026-07-31,上櫃,6732,昇佳電子,151.50,+5.00,152.00,157.00,149.50,281000,42753000,246,TPEX_CSV,2026-07-31 14:15:36 +0800
1150731,2026-07-31,上櫃,6733,博晟生醫,27.50,+1.30,26.25,28.35,26.20,369000,10077500,266,TPEX_CSV,2026-07-31 14:15:36 +0800
1150731,2026-07-31,上櫃,6735,美達科技,62.20,+4.50,61.70,62.50,60.10,116000,7148400,102,TPEX_CSV,2026-07-31 14:15:36 +0800
1150731,2026-07-31,上櫃,6739,竹陞科技,821.00,+53.00,844.00,844.00,800.00,345000,284030000,339,TPEX_CSV,2026-07-31 14:15:36 +0800
1150731,2026-07-31,上櫃,6741,91APP*-KY,55.30,+0.90,55.30,55.70,54.80,88000,4859400,69,TPEX_CSV,2026-07-31 14:15:36 +0800
1150731,2026-07-31,上櫃,6751,智聯服務,39.55,+0.40,39.55,39.55,39.55,2000,79100,2,TPEX_CSV,2026-07-31 14:15:36 +0800
1150731,2026-07-31,上櫃,6752,叡揚,94.90,+0.90,94.90,95.80,94.00,27000,2554300,27,TPEX_CSV,2026-07-31 14:15:36 +0800
1150731,2026-07-31,上櫃,6761,穩得,138.00,+12.00,134.50,138.00,133.50,168000,22854500,158,TPEX_CSV,2026-07-31 14:15:36 +0800
1150731,2026-07-31,上櫃,6762,達亞,165.00,-5.00,170.00,170.00,165.00,5000,844000,5,TPEX_CSV,2026-07-31 14:15:36 +0800
1150731,2026-07-31,上櫃,6763,綠界科技*,40.75,+0.55,41.40,41.50,40.30,587000,23863850,454,TPEX_CSV,2026-07-31 14:15:36 +0800
1150731,2026-07-31,上櫃,6767,台微醫,24.95,+0.55,24.45,25.00,24.45,9000,224400,8,TPEX_CSV,2026-07-31 14:15:36 +0800
1150731,2026-07-31,上櫃,6785,昱展新藥,94.30,+1.30,99.70,99.70,93.30,83000,7824800,81,TPEX_CSV,2026-07-31 14:15:36 +0800
1150731,2026-07-31,上櫃,6788,華景電,322.50,+29.00,318.50,322.50,314.50,265000,84657500,209,TPEX_CSV,2026-07-31 14:15:36 +0800
1150731,2026-07-31,上櫃,6791,虎門科技,102.00,+4.70,98.00,102.00,98.00,24000,2418600,24,TPEX_CSV,2026-07-31 14:15:36 +0800
1150731,2026-07-31,上櫃,6803,崑鼎,270.50,0.00,273.00,273.00,270.00,32000,8669500,30,TPEX_CSV,2026-07-31 14:15:36 +0800
1150731,2026-07-31,上櫃,6804,明係,18.00,-0.35,19.20,19.20,18.00,117000,2143800,74,TPEX_CSV,2026-07-31 14:15:36 +0800
1150731,2026-07-31,上櫃,6811,宏碁資訊,216.50,+1.00,234.00,234.00,215.50,373000,82558000,282,TPEX_CSV,2026-07-31 14:15:36 +0800
1150731,2026-07-31,上櫃,6821,聯寶,39.10,+1.95,39.80,40.00,38.60,160000,6325500,110,TPEX_CSV,2026-07-31 14:15:36 +0800
1150731,2026-07-31,上櫃,6823,濾能,63.50,+3.00,62.40,64.00,62.20,82000,5168000,70,TPEX_CSV,2026-07-31 14:15:36 +0800
1150731,2026-07-31,上櫃,6829,千附精密,171.50,+12.50,170.00,172.50,164.50,696000,117747500,517,TPEX_CSV,2026-07-31 14:15:36 +0800
1150731,2026-07-31,上櫃,6840,東研信超,60.00,+2.00,59.40,60.50,58.60,48000,2851500,32,TPEX_CSV,2026-07-31 14:15:36 +0800
1150731,2026-07-31,上櫃,6841,長佳智能,53.50,+0.40,54.50,54.90,52.90,340000,18223400,257,TPEX_CSV,2026-07-31 14:15:36 +0800
1150731,2026-07-31,上櫃,6843,進典,39.50,+1.00,39.25,39.50,39.25,5000,196850,5,TPEX_CSV,2026-07-31 14:15:36 +0800
1150731,2026-07-31,上櫃,6844,諾貝兒,60.80,+0.80,61.00,61.00,59.90,6000,364100,5,TPEX_CSV,2026-07-31 14:15:36 +0800
1150731,2026-07-31,上櫃,6846,綠茵,60.80,+0.80,60.10,62.20,60.00,6000,364200,6,TPEX_CSV,2026-07-31 14:15:36 +0800
1150731,2026-07-31,上櫃,6855,數泓科,117.00,+4.00,117.00,117.00,117.00,1000,117000,1,TPEX_CSV,2026-07-31 14:15:36 +0800
1150731,2026-07-31,上櫃,6856,鑫傳,44.30,+0.45,44.35,44.35,43.80,6000,264100,6,TPEX_CSV,2026-07-31 14:15:36 +0800
1150731,2026-07-31,上櫃,6859,伯特光,99.10,+1.30,101.00,104.50,99.10,52000,5252300,50,TPEX_CSV,2026-07-31 14:15:36 +0800
1150731,2026-07-31,上櫃,6865,偉康科技,25.05,0.00,25.05,25.15,24.35,9000,224050,8,TPEX_CSV,2026-07-31 14:15:36 +0800
1150731,2026-07-31,上櫃,6870,騰雲,246.50,+22.00,230.00,246.50,230.00,95000,23029000,87,TPEX_CSV,2026-07-31 14:15:36 +0800
1150731,2026-07-31,上櫃,6872,浩宇生醫,15.45,+0.20,15.25,15.50,15.00,79000,1193900,35,TPEX_CSV,2026-07-31 14:15:36 +0800
1150731,2026-07-31,上櫃,6874,倍力,77.00,+1.60,77.80,78.00,76.20,26000,2011800,24,TPEX_CSV,2026-07-31 14:15:36 +0800
1150731,2026-07-31,上櫃,6875,國邑*,33.15,+0.30,32.85,33.50,32.80,41000,1355500,34,TPEX_CSV,2026-07-31 14:15:36 +0800
1150731,2026-07-31,上櫃,6877,鏵友益,112.00,+8.50,107.00,112.00,105.00,59000,6442500,47,TPEX_CSV,2026-07-31 14:15:36 +0800
1150731,2026-07-31,上櫃,6881,潤德,200.00,+1.00,201.00,201.00,200.00,10000,2005000,7,TPEX_CSV,2026-07-31 14:15:36 +0800
1150731,2026-07-31,上櫃,6884,海柏特,30.45,+1.05,29.70,30.45,29.70,8000,242100,5,TPEX_CSV,2026-07-31 14:15:36 +0800
1150731,2026-07-31,上櫃,6894,衛司特,323.00,+27.50,315.00,323.50,308.00,98000,30965000,88,TPEX_CSV,2026-07-31 14:15:36 +0800
1150731,2026-07-31,上櫃,6895,宏碩系統,118.00,+5.00,115.00,123.50,115.00,44000,5220500,40,TPEX_CSV,2026-07-31 14:15:36 +0800
1150731,2026-07-31,上櫃,6899,創為精密,49.95,+0.95,49.65,50.20,49.65,26000,1299350,23,TPEX_CSV,2026-07-31 14:15:36 +0800
1150731,2026-07-31,上櫃,6903,巨漢,297.00,+21.50,299.00,303.00,293.00,443000,131763500,396,TPEX_CSV,2026-07-31 14:15:36 +0800
1150731,2026-07-31,上櫃,6904,伯鑫,118.50,+4.00,117.50,118.50,114.50,4000,467500,4,TPEX_CSV,2026-07-31 14:15:36 +0800
1150731,2026-07-31,上櫃,6907,雅特力-KY,165.00,+15.00,163.50,165.00,160.00,1081000,176705500,723,TPEX_CSV,2026-07-31 14:15:36 +0800
1150731,2026-07-31,上櫃,6910,德鴻,24.40,+0.40,24.45,24.75,24.30,12000,293850,12,TPEX_CSV,2026-07-31 14:15:36 +0800
1150731,2026-07-31,上櫃,6913,鴻呈,120.50,+5.50,118.50,121.00,118.50,88000,10504500,74,TPEX_CSV,2026-07-31 14:15:36 +0800
1150731,2026-07-31,上櫃,6922,宸曜,170.00,+7.50,173.00,173.50,166.00,166000,28357500,156,TPEX_CSV,2026-07-31 14:15:36 +0800
1150731,2026-07-31,上櫃,6925,意藍,51.10,+1.40,50.20,51.50,50.20,41000,2093000,36,TPEX_CSV,2026-07-31 14:15:36 +0800
1150731,2026-07-31,上櫃,6929,佑全,23.30,+1.80,23.40,23.40,23.20,18000,418800,14,TPEX_CSV,2026-07-31 14:15:36 +0800
1150731,2026-07-31,上櫃,6945,圓祥生技,87.20,+0.20,89.70,89.70,87.20,128000,11251600,106,TPEX_CSV,2026-07-31 14:15:36 +0800
1150731,2026-07-31,上櫃,6953,家碩,205.00,+10.50,199.00,205.50,199.00,42000,8513500,40,TPEX_CSV,2026-07-31 14:15:36 +0800
1150731,2026-07-31,上櫃,6961,旅天下,52.00,+0.10,52.00,52.00,52.00,1000,52000,1,TPEX_CSV,2026-07-31 14:15:36 +0800
1150731,2026-07-31,上櫃,6967,汎瑋材料,68.20,+0.70,67.90,70.00,67.90,45000,3086400,39,TPEX_CSV,2026-07-31 14:15:36 +0800
1150731,2026-07-31,上櫃,6968,萬達寵物,43.45,+0.65,43.00,43.45,42.90,31000,1336050,21,TPEX_CSV,2026-07-31 14:15:36 +0800
1150731,2026-07-31,上櫃,6971,惠民實業,25.85,-0.10,26.10,26.10,25.85,17000,440850,13,TPEX_CSV,2026-07-31 14:15:36 +0800
1150731,2026-07-31,上櫃,6982,大井泵浦,48.00,+1.65,47.00,48.00,46.55,35000,1645150,30,TPEX_CSV,2026-07-31 14:15:36 +0800
1150731,2026-07-31,上櫃,6983,華洋精機,301.50,+14.50,299.00,306.00,299.00,20000,6033000,20,TPEX_CSV,2026-07-31 14:15:36 +0800
1150731,2026-07-31,上櫃,6986,和迅,44.50,+0.55,43.90,44.50,43.70,71000,3130950,50,TPEX_CSV,2026-07-31 14:15:36 +0800
1150731,2026-07-31,上櫃,6996,力領科技,173.00,+6.00,173.00,173.50,170.00,47000,8084000,46,TPEX_CSV,2026-07-31 14:15:36 +0800
1150731,2026-07-31,上櫃,6997,博弘,----,---,----,----,----,0,0,0,TPEX_CSV,2026-07-31 14:15:36 +0800
1150731,2026-07-31,上櫃,7402,邑錡,102.00,+8.00,99.40,102.50,98.90,517000,52003200,387,TPEX_CSV,2026-07-31 14:15:36 +0800
1150731,2026-07-31,上櫃,7547,碩網,45.80,+1.25,45.65,46.00,45.65,8000,367050,8,TPEX_CSV,2026-07-31 14:15:36 +0800
1150731,2026-07-31,上櫃,7556,意德士,210.00,+14.00,203.00,211.50,203.00,31000,6469500,31,TPEX_CSV,2026-07-31 14:15:36 +0800
1150731,2026-07-31,上櫃,7584,樂意,24.95,-0.55,25.00,25.10,24.30,15000,368500,14,TPEX_CSV,2026-07-31 14:15:36 +0800
1150731,2026-07-31,上櫃,7642,昶瑞機電,76.90,+0.30,78.00,79.40,74.70,38000,2944400,38,TPEX_CSV,2026-07-31 14:15:36 +0800
1150731,2026-07-31,上櫃,7703,銳澤,162.00,+9.00,161.00,162.00,158.50,41000,6563500,40,TPEX_CSV,2026-07-31 14:15:36 +0800
1150731,2026-07-31,上櫃,7704,明遠精密,54.30,+2.70,52.00,56.50,52.00,89000,4863400,61,TPEX_CSV,2026-07-31 14:15:36 +0800
1150731,2026-07-31,上櫃,7708,全家餐飲,89.80,+0.20,88.60,89.80,88.60,22000,1966000,12,TPEX_CSV,2026-07-31 14:15:36 +0800
1150731,2026-07-31,上櫃,7709,榮田,67.60,+4.40,69.40,69.40,67.00,75000,5129800,70,TPEX_CSV,2026-07-31 14:15:36 +0800
1150731,2026-07-31,上櫃,7712,博盛半導體,126.50,+11.00,125.00,127.00,121.00,443000,55631500,263,TPEX_CSV,2026-07-31 14:15:36 +0800
1150731,2026-07-31,上櫃,7713,威力德生醫,70.00,0.00,70.10,70.50,69.90,9000,630900,9,TPEX_CSV,2026-07-31 14:15:36 +0800
1150731,2026-07-31,上櫃,7714,創泓科技,137.50,+12.50,135.00,137.50,133.00,306000,41708000,237,TPEX_CSV,2026-07-31 14:15:36 +0800
1150731,2026-07-31,上櫃,7715,裕山,31.35,+2.35,30.45,31.90,30.00,83000,2580500,57,TPEX_CSV,2026-07-31 14:15:36 +0800
1150731,2026-07-31,上櫃,7716,昱臺國際,24.00,0.00,24.00,24.00,24.00,1000,24000,1,TPEX_CSV,2026-07-31 14:15:36 +0800
1150731,2026-07-31,上櫃,7717,萊德光電-KY,357.00,+23.00,352.00,367.00,351.00,186000,66767500,170,TPEX_CSV,2026-07-31 14:15:36 +0800
1150731,2026-07-31,上櫃,7718,友鋮,47.00,+0.10,46.95,48.00,46.90,78000,3692600,54,TPEX_CSV,2026-07-31 14:15:36 +0800
1150731,2026-07-31,上櫃,7723,築間,18.75,+0.20,18.55,19.20,18.45,76000,1414850,49,TPEX_CSV,2026-07-31 14:15:36 +0800
1150731,2026-07-31,上櫃,7728,光焱科技,544.00,+43.00,550.00,550.00,521.00,56000,30064000,49,TPEX_CSV,2026-07-31 14:15:36 +0800
1150731,2026-07-31,上櫃,7734,印能科技,3370.00,+305.00,3355.00,3370.00,3305.00,216000,725490000,188,TPEX_CSV,2026-07-31 14:15:36 +0800
1150731,2026-07-31,上櫃,7738,東聯互動,165.50,+0.50,168.00,171.50,165.00,26000,4348000,26,TPEX_CSV,2026-07-31 14:15:36 +0800
1150731,2026-07-31,上櫃,7743,金利食安,19.90,+0.40,19.80,19.90,19.80,4000,79500,4,TPEX_CSV,2026-07-31 14:15:36 +0800
1150731,2026-07-31,上櫃,7744,崴寶,400.50,+27.00,409.00,409.00,394.00,20000,8027000,20,TPEX_CSV,2026-07-31 14:15:36 +0800
1150731,2026-07-31,上櫃,7747,昕奇雲端,116.00,0.00,116.00,116.00,116.00,1000,116000,1,TPEX_CSV,2026-07-31 14:15:36 +0800
1150731,2026-07-31,上櫃,7751,竑騰,1230.00,+110.00,1200.00,1230.00,1195.00,262000,318550000,209,TPEX_CSV,2026-07-31 14:15:36 +0800
1150731,2026-07-31,上櫃,7753,星亞,37.35,+1.60,36.60,37.35,36.60,11000,405900,10,TPEX_CSV,2026-07-31 14:15:36 +0800
1150731,2026-07-31,上櫃,7757,金色三麥,89.20,+0.40,90.00,90.00,89.20,6000,536000,5,TPEX_CSV,2026-07-31 14:15:36 +0800
1150731,2026-07-31,上櫃,7767,仁大資訊,46.50,+0.15,46.35,47.65,46.35,65000,3036250,56,TPEX_CSV,2026-07-31 14:15:36 +0800
1150731,2026-07-31,上櫃,7770,君曜,40.15,-0.20,40.30,40.30,39.15,6000,237200,5,TPEX_CSV,2026-07-31 14:15:36 +0800
1150731,2026-07-31,上櫃,7772,耀穎,84.10,+1.80,86.70,88.00,84.10,68000,5834600,61,TPEX_CSV,2026-07-31 14:15:36 +0800
1150731,2026-07-31,上櫃,7777,能率亞洲,36.90,+3.35,35.25,36.90,35.25,1181000,42993500,737,TPEX_CSV,2026-07-31 14:15:36 +0800
1150731,2026-07-31,上櫃,7782,光速火箭,26.10,0.00,25.95,27.00,25.50,45000,1162350,17,TPEX_CSV,2026-07-31 14:15:36 +0800
1150731,2026-07-31,上櫃,7792,安葆,191.50,+11.00,188.00,197.00,188.00,135000,25927000,124,TPEX_CSV,2026-07-31 14:15:36 +0800
1150731,2026-07-31,上櫃,7794,宏碁智新,28.25,+1.05,27.80,28.35,27.80,23000,648250,22,TPEX_CSV,2026-07-31 14:15:36 +0800
1150731,2026-07-31,上櫃,7805,威聯通,606.00,+24.00,602.00,616.00,601.00,42000,25450000,36,TPEX_CSV,2026-07-31 14:15:36 +0800
1150731,2026-07-31,上櫃,7810,捷創科技,177.00,+5.50,183.00,183.00,177.00,20000,3608500,20,TPEX_CSV,2026-07-31 14:15:36 +0800
1150731,2026-07-31,上櫃,7811,民盛,71.00,0.00,71.20,71.50,71.00,30000,2134500,16,TPEX_CSV,2026-07-31 14:15:36 +0800
1150731,2026-07-31,上櫃,7814,海昌生技,30.25,-0.75,31.30,31.30,30.05,29000,882650,28,TPEX_CSV,2026-07-31 14:15:36 +0800
1150731,2026-07-31,上櫃,7819,精誠金融,33.65,-0.65,34.30,34.95,33.60,137000,4669050,76,TPEX_CSV,2026-07-31 14:15:36 +0800
1150731,2026-07-31,上櫃,7820,立盈,100.00,+3.00,98.20,100.00,98.20,18000,1796300,11,TPEX_CSV,2026-07-31 14:15:36 +0800
1150731,2026-07-31,上櫃,7828,創新服務,1340.00,+120.00,1340.00,1340.00,1280.00,506000,664870000,421,TPEX_CSV,2026-07-31 14:15:36 +0800
1150731,2026-07-31,上櫃,7839,達人網,45.55,+0.05,45.35,45.55,44.50,35000,1589400,18,TPEX_CSV,2026-07-31 14:15:36 +0800
1150731,2026-07-31,上櫃,7842,天能綠電,79.90,+1.30,78.60,79.90,76.30,24000,1870100,22,TPEX_CSV,2026-07-31 14:15:36 +0800
1150731,2026-07-31,上櫃,8024,佑華,14.00,+0.45,13.60,14.40,13.60,60000,837200,48,TPEX_CSV,2026-07-31 14:15:36 +0800
1150731,2026-07-31,上櫃,8027,鈦昇,158.00,+14.00,158.00,158.00,158.00,527000,83266000,265,TPEX_CSV,2026-07-31 14:15:36 +0800
1150731,2026-07-31,上櫃,8032,光菱,34.60,+1.60,34.50,34.60,33.75,62000,2121150,59,TPEX_CSV,2026-07-31 14:15:36 +0800
1150731,2026-07-31,上櫃,8034,榮群,18.40,+0.80,18.00,18.60,18.00,53000,973200,47,TPEX_CSV,2026-07-31 14:15:36 +0800
1150731,2026-07-31,上櫃,8038,長園科,31.55,+1.25,31.90,32.10,31.20,121000,3816800,86,TPEX_CSV,2026-07-31 14:15:36 +0800
1150731,2026-07-31,上櫃,8040,九暘,66.00,+4.80,66.80,66.80,64.00,575000,37498200,401,TPEX_CSV,2026-07-31 14:15:36 +0800
1150731,2026-07-31,上櫃,8042,金山電,98.70,+8.90,98.70,98.70,97.90,871000,85877000,479,TPEX_CSV,2026-07-31 14:15:36 +0800
1150731,2026-07-31,上櫃,8043,蜜望實,126.50,+11.50,126.00,126.50,125.50,1296000,163722000,836,TPEX_CSV,2026-07-31 14:15:36 +0800
1150731,2026-07-31,上櫃,8044,網家,25.60,+0.20,26.05,26.20,25.60,276000,7159500,161,TPEX_CSV,2026-07-31 14:15:36 +0800
1150731,2026-07-31,上櫃,8047,星雲,44.20,+2.10,42.00,44.20,42.00,29000,1245900,19,TPEX_CSV,2026-07-31 14:15:36 +0800
1150731,2026-07-31,上櫃,8048,德勝,50.40,+2.10,49.50,50.90,49.50,145000,7274100,121,TPEX_CSV,2026-07-31 14:15:36 +0800
1150731,2026-07-31,上櫃,8049,晶采,25.80,+0.50,25.70,25.85,25.60,212000,5454550,120,TPEX_CSV,2026-07-31 14:15:36 +0800
1150731,2026-07-31,上櫃,8050,廣積,54.60,-0.20,55.50,56.10,52.50,7192000,390369200,4385,TPEX_CSV,2026-07-31 14:15:36 +0800
1150731,2026-07-31,上櫃,8054,安國,80.00,+4.40,80.70,81.60,79.00,643000,51540700,524,TPEX_CSV,2026-07-31 14:15:36 +0800
1150731,2026-07-31,上櫃,8059,凱碩,14.50,+0.50,14.25,15.00,14.25,61000,892950,46,TPEX_CSV,2026-07-31 14:15:36 +0800
1150731,2026-07-31,上櫃,8064,東捷,91.90,+8.30,91.30,91.90,89.10,2130000,194222900,1089,TPEX_CSV,2026-07-31 14:15:36 +0800
1150731,2026-07-31,上櫃,8066,來思達,14.85,-0.05,14.85,14.85,14.80,8000,118500,7,TPEX_CSV,2026-07-31 14:15:36 +0800
1150731,2026-07-31,上櫃,8067,志旭,13.35,+0.70,13.05,13.50,12.50,5000,65300,5,TPEX_CSV,2026-07-31 14:15:36 +0800
1150731,2026-07-31,上櫃,8068,全達,17.20,+0.65,17.10,17.45,17.00,120000,2065850,87,TPEX_CSV,2026-07-31 14:15:36 +0800
1150731,2026-07-31,上櫃,8069,元太,189.00,+7.00,191.00,194.50,184.50,9771000,1849176000,6067,TPEX_CSV,2026-07-31 14:15:36 +0800
1150731,2026-07-31,上櫃,8071,能率網通,20.95,+1.35,20.95,21.30,20.45,1055000,22080100,649,TPEX_CSV,2026-07-31 14:15:36 +0800
1150731,2026-07-31,上櫃,8074,鉅橡,49.50,+4.50,49.25,49.50,47.40,490000,23834700,369,TPEX_CSV,2026-07-31 14:15:36 +0800
1150731,2026-07-31,上櫃,8076,伍豐,22.35,+0.35,22.40,22.75,22.25,722000,16217550,408,TPEX_CSV,2026-07-31 14:15:36 +0800
1150731,2026-07-31,上櫃,8077,洛碁,43.75,+0.15,43.75,43.75,43.75,1000,43750,1,TPEX_CSV,2026-07-31 14:15:36 +0800
1150731,2026-07-31,上櫃,8080,泰霖,29.50,+2.05,27.50,29.80,27.50,61000,1780400,22,TPEX_CSV,2026-07-31 14:15:36 +0800
1150731,2026-07-31,上櫃,8083,瑞穎,161.50,+4.00,159.00,161.50,159.00,158000,25223000,142,TPEX_CSV,2026-07-31 14:15:36 +0800
1150731,2026-07-31,上櫃,8084,巨虹,43.55,+2.55,42.80,43.80,41.60,311000,13286500,281,TPEX_CSV,2026-07-31 14:15:36 +0800
1150731,2026-07-31,上櫃,8085,福華,11.10,+0.15,11.30,11.50,11.05,307000,3432900,145,TPEX_CSV,2026-07-31 14:15:36 +0800
1150731,2026-07-31,上櫃,8086,宏捷科,110.00,+7.00,110.00,112.00,108.00,1754000,192792000,1130,TPEX_CSV,2026-07-31 14:15:36 +0800
1150731,2026-07-31,上櫃,8087,麗升能源,28.30,+1.40,27.10,28.30,27.10,11000,301950,7,TPEX_CSV,2026-07-31 14:15:36 +0800
1150731,2026-07-31,上櫃,8088,品安,43.80,+3.95,43.30,43.80,43.30,316000,13817450,196,TPEX_CSV,2026-07-31 14:15:36 +0800
1150731,2026-07-31,上櫃,8089,康全電訊,18.45,+0.10,18.50,18.75,18.05,167000,3075750,120,TPEX_CSV,2026-07-31 14:15:36 +0800
1150731,2026-07-31,上櫃,8091,翔名,210.50,+17.00,209.00,212.50,207.50,661000,139338000,505,TPEX_CSV,2026-07-31 14:15:36 +0800
1150731,2026-07-31,上櫃,8092,建暐,14.00,+1.10,12.95,14.10,12.90,88000,1175900,59,TPEX_CSV,2026-07-31 14:15:36 +0800
1150731,2026-07-31,上櫃,8093,保銳,20.15,+0.15,20.70,21.00,20.05,32000,662200,21,TPEX_CSV,2026-07-31 14:15:36 +0800
1150731,2026-07-31,上櫃,8096,擎亞,112.50,+10.00,112.50,112.50,112.50,1190000,133875000,503,TPEX_CSV,2026-07-31 14:15:36 +0800
1150731,2026-07-31,上櫃,8097,常珵,51.80,+0.70,51.20,52.20,51.20,38000,1972400,27,TPEX_CSV,2026-07-31 14:15:36 +0800
1150731,2026-07-31,上櫃,8099,大世科,56.40,+0.10,57.60,58.50,55.50,126000,7166000,97,TPEX_CSV,2026-07-31 14:15:36 +0800
1150731,2026-07-31,上櫃,8102,傑霖科技,71.90,+3.70,68.20,71.90,68.20,3000,209800,3,TPEX_CSV,2026-07-31 14:15:36 +0800
1150731,2026-07-31,上櫃,8107,大億金茂,11.30,+0.25,11.35,11.60,11.30,38000,436700,23,TPEX_CSV,2026-07-31 14:15:36 +0800
1150731,2026-07-31,上櫃,8109,博大,118.50,+2.50,121.00,122.00,116.50,337000,40196000,280,TPEX_CSV,2026-07-31 14:15:36 +0800
1150731,2026-07-31,上櫃,8111,立碁,56.30,-0.10,59.70,60.60,56.20,17564000,1017116100,10586,TPEX_CSV,2026-07-31 14:15:36 +0800
1150731,2026-07-31,上櫃,8121,越峰,28.05,+1.50,28.00,28.35,27.50,961000,26842600,585,TPEX_CSV,2026-07-31 14:15:36 +0800
1150731,2026-07-31,上櫃,8147,正淩,112.00,+6.00,116.00,116.00,110.00,272000,30602000,214,TPEX_CSV,2026-07-31 14:15:36 +0800
1150731,2026-07-31,上櫃,8155,博智,272.50,+24.50,272.00,272.50,269.00,549000,149398000,274,TPEX_CSV,2026-07-31 14:15:36 +0800
1150731,2026-07-31,上櫃,8171,天宇,19.25,+0.15,19.25,19.95,19.05,70000,1348350,59,TPEX_CSV,2026-07-31 14:15:36 +0800
1150731,2026-07-31,上櫃,8176,智捷,9.83,+0.18,9.68,9.86,9.67,68000,664490,35,TPEX_CSV,2026-07-31 14:15:36 +0800
1150731,2026-07-31,上櫃,8182,加高,36.45,+2.45,36.50,36.95,35.60,868000,31518100,650,TPEX_CSV,2026-07-31 14:15:36 +0800
1150731,2026-07-31,上櫃,8183,精星,29.00,+1.45,28.15,29.30,27.85,386000,10981850,281,TPEX_CSV,2026-07-31 14:15:36 +0800
1150731,2026-07-31,上櫃,8227,巨有科技,141.00,+11.00,142.50,143.00,137.50,401000,56450500,300,TPEX_CSV,2026-07-31 14:15:36 +0800
1150731,2026-07-31,上櫃,8234,新漢,60.30,+4.50,58.60,60.90,58.50,511000,30438600,391,TPEX_CSV,2026-07-31 14:15:36 +0800
1150731,2026-07-31,上櫃,8240,華宏,38.65,+2.30,38.80,38.80,37.75,324000,12415250,212,TPEX_CSV,2026-07-31 14:15:36 +0800
1150731,2026-07-31,上櫃,8255,朋程,136.00,+9.50,136.50,138.00,134.50,504000,68662500,341,TPEX_CSV,2026-07-31 14:15:36 +0800
1150731,2026-07-31,上櫃,8272,全景軟體,65.00,-1.50,65.30,67.40,63.40,23000,1478300,21,TPEX_CSV,2026-07-31 14:15:36 +0800
1150731,2026-07-31,上櫃,8277,商丞,8.00,+0.40,7.73,8.20,7.73,46000,364680,38,TPEX_CSV,2026-07-31 14:15:36 +0800
1150731,2026-07-31,上櫃,8279,生展,87.80,+0.30,87.10,87.80,87.00,3000,261900,3,TPEX_CSV,2026-07-31 14:15:36 +0800
1150731,2026-07-31,上櫃,8284,三竹,62.70,+1.20,61.60,63.20,61.60,27000,1675100,18,TPEX_CSV,2026-07-31 14:15:36 +0800
1150731,2026-07-31,上櫃,8289,泰藝,39.85,+3.20,39.40,40.30,38.70,736000,29079450,484,TPEX_CSV,2026-07-31 14:15:36 +0800
1150731,2026-07-31,上櫃,8291,尚茂,40.00,+0.50,39.85,40.05,39.85,18000,720000,14,TPEX_CSV,2026-07-31 14:15:36 +0800
1150731,2026-07-31,上櫃,8299,群聯,1640.00,+145.00,1640.00,1640.00,1640.00,1236000,2027040000,856,TPEX_CSV,2026-07-31 14:15:36 +0800
1150731,2026-07-31,上櫃,8342,益張,88.50,0.00,88.50,88.50,88.50,1000,88500,1,TPEX_CSV,2026-07-31 14:15:36 +0800
1150731,2026-07-31,上櫃,8349,恒耀,39.70,+0.30,40.10,40.10,39.20,84000,3321050,58,TPEX_CSV,2026-07-31 14:15:36 +0800
1150731,2026-07-31,上櫃,8354,冠好,15.85,+0.90,15.00,15.85,14.85,86000,1320750,51,TPEX_CSV,2026-07-31 14:15:36 +0800
1150731,2026-07-31,上櫃,8358,金居,298.00,+27.00,298.00,298.00,295.00,5817000,1731971000,2366,TPEX_CSV,2026-07-31 14:15:36 +0800
1150731,2026-07-31,上櫃,8383,千附,68.50,+6.20,67.50,68.50,65.90,1491000,100516900,950,TPEX_CSV,2026-07-31 14:15:36 +0800
1150731,2026-07-31,上櫃,8390,金益鼎,90.20,+3.00,90.20,91.30,89.50,445000,40260700,331,TPEX_CSV,2026-07-31 14:15:36 +0800
1150731,2026-07-31,上櫃,8401,白紗科,22.60,+0.10,22.90,23.05,22.15,70000,1581150,45,TPEX_CSV,2026-07-31 14:15:36 +0800
1150731,2026-07-31,上櫃,8403,盛弘,18.95,0.00,19.05,19.05,18.90,123000,2332900,78,TPEX_CSV,2026-07-31 14:15:36 +0800
1150731,2026-07-31,上櫃,8409,商之器,18.50,+0.35,18.50,18.50,17.95,6000,110450,6,TPEX_CSV,2026-07-31 14:15:36 +0800
1150731,2026-07-31,上櫃,8410,森田,30.65,+0.40,31.45,31.45,30.30,23000,702100,18,TPEX_CSV,2026-07-31 14:15:36 +0800
1150731,2026-07-31,上櫃,8415,大國鋼,37.00,-1.40,38.80,38.80,37.00,1276000,47837150,729,TPEX_CSV,2026-07-31 14:15:36 +0800
1150731,2026-07-31,上櫃,8416,實威,167.00,-0.50,168.50,168.50,167.00,6000,1005500,6,TPEX_CSV,2026-07-31 14:15:36 +0800
1150731,2026-07-31,上櫃,8421,旭源,15.30,-0.10,15.35,16.20,15.20,666000,10351350,380,TPEX_CSV,2026-07-31 14:15:36 +0800
1150731,2026-07-31,上櫃,8423,保綠-KY,17.55,+0.05,17.50,18.00,17.50,31000,549950,13,TPEX_CSV,2026-07-31 14:15:36 +0800
1150731,2026-07-31,上櫃,8424,惠普,68.40,-0.20,68.60,68.80,68.40,8000,548800,6,TPEX_CSV,2026-07-31 14:15:36 +0800
1150731,2026-07-31,上櫃,8426,紅木-KY,21.00,+0.55,20.60,21.30,20.60,27000,568150,24,TPEX_CSV,2026-07-31 14:15:36 +0800
1150731,2026-07-31,上櫃,8431,匯鑽科,45.90,+1.75,45.75,46.75,44.25,349000,15901050,264,TPEX_CSV,2026-07-31 14:15:36 +0800
1150731,2026-07-31,上櫃,8432,東生華,49.65,+0.85,49.00,49.65,48.80,42000,2062700,23,TPEX_CSV,2026-07-31 14:15:36 +0800
1150731,2026-07-31,上櫃,8433,弘帆,52.60,0.00,52.80,53.00,52.60,16000,843500,14,TPEX_CSV,2026-07-31 14:15:36 +0800
1150731,2026-07-31,上櫃,8435,鉅邁,52.70,+0.60,52.70,53.00,52.70,10000,528600,7,TPEX_CSV,2026-07-31 14:15:36 +0800
1150731,2026-07-31,上櫃,8436,大江,113.00,+1.00,114.50,115.00,113.00,336000,38267000,248,TPEX_CSV,2026-07-31 14:15:36 +0800
1150731,2026-07-31,上櫃,8437,大地-KY,8.95,+0.22,8.88,9.10,8.82,62000,550680,44,TPEX_CSV,2026-07-31 14:15:36 +0800
1150731,2026-07-31,上櫃,8440,綠電,19.00,+0.75,18.60,19.20,18.60,63000,1194300,44,TPEX_CSV,2026-07-31 14:15:36 +0800
1150731,2026-07-31,上櫃,8444,綠河-KY,5.44,+0.45,5.47,5.47,5.44,2000,10910,2,TPEX_CSV,2026-07-31 14:15:36 +0800
1150731,2026-07-31,上櫃,8446,華研,84.60,+0.20,85.60,85.60,84.10,89000,7522100,61,TPEX_CSV,2026-07-31 14:15:36 +0800
1150731,2026-07-31,上櫃,8450,霹靂,14.75,0.00,14.75,15.05,14.40,33000,484450,30,TPEX_CSV,2026-07-31 14:15:36 +0800
1150731,2026-07-31,上櫃,8455,大拓-KY,24.35,+1.35,24.35,24.35,24.35,3000,73050,2,TPEX_CSV,2026-07-31 14:15:36 +0800
1150731,2026-07-31,上櫃,8472,夠麻吉,68.20,-0.90,69.30,71.30,68.20,14000,972600,14,TPEX_CSV,2026-07-31 14:15:36 +0800
1150731,2026-07-31,上櫃,8477,創業家,15.90,+0.55,15.50,15.90,15.50,9000,140500,3,TPEX_CSV,2026-07-31 14:15:36 +0800
1150731,2026-07-31,上櫃,8489,三貝德,21.90,+0.10,21.70,22.25,21.70,82000,1797350,45,TPEX_CSV,2026-07-31 14:15:36 +0800
1150731,2026-07-31,上櫃,8905,裕國,30.45,除息,29.10,30.45,29.10,119000,3604200,104,TPEX_CSV,2026-07-31 14:15:36 +0800
1150731,2026-07-31,上櫃,8906,花王,25.60,+0.55,25.60,25.60,25.40,15000,382200,9,TPEX_CSV,2026-07-31 14:15:36 +0800
1150731,2026-07-31,上櫃,8908,欣雄,39.95,+0.25,39.90,40.00,39.45,45000,1793650,29,TPEX_CSV,2026-07-31 14:15:36 +0800
1150731,2026-07-31,上櫃,8916,光隆,42.85,+0.20,42.90,43.15,42.65,74000,3175800,51,TPEX_CSV,2026-07-31 14:15:36 +0800
1150731,2026-07-31,上櫃,8917,欣泰,51.90,+0.40,50.90,51.90,50.90,6000,308000,6,TPEX_CSV,2026-07-31 14:15:36 +0800
1150731,2026-07-31,上櫃,8921,沈氏,17.65,+0.25,17.65,17.65,17.65,1000,17650,1,TPEX_CSV,2026-07-31 14:15:36 +0800
1150731,2026-07-31,上櫃,8923,時報,18.60,-0.55,19.30,19.30,18.60,28000,527600,15,TPEX_CSV,2026-07-31 14:15:36 +0800
1150731,2026-07-31,上櫃,8924,大田,53.60,-0.50,54.20,55.00,53.50,204000,10998500,148,TPEX_CSV,2026-07-31 14:15:36 +0800
1150731,2026-07-31,上櫃,8927,北基,19.10,-0.40,19.70,19.80,19.10,331000,6403250,229,TPEX_CSV,2026-07-31 14:15:36 +0800
1150731,2026-07-31,上櫃,8928,鉅明,22.45,+0.60,22.60,22.60,22.05,6000,134000,6,TPEX_CSV,2026-07-31 14:15:36 +0800
1150731,2026-07-31,上櫃,8929,富堡,13.20,-0.05,13.40,13.40,13.10,22000,291300,20,TPEX_CSV,2026-07-31 14:15:36 +0800
1150731,2026-07-31,上櫃,8930,青鋼,29.95,+0.15,29.80,30.00,29.80,17000,508600,15,TPEX_CSV,2026-07-31 14:15:36 +0800
1150731,2026-07-31,上櫃,8931,大汽電,41.40,+0.50,41.95,41.95,41.00,16000,667700,7,TPEX_CSV,2026-07-31 14:15:36 +0800
1150731,2026-07-31,上櫃,8932,智通*,88.70,+2.10,93.50,93.90,85.90,6199000,556638800,3482,TPEX_CSV,2026-07-31 14:15:36 +0800
1150731,2026-07-31,上櫃,8933,愛地雅,4.29,0.00,4.30,4.31,4.28,81000,348220,38,TPEX_CSV,2026-07-31 14:15:36 +0800
1150731,2026-07-31,上櫃,8935,邦泰,17.05,+0.15,17.25,17.45,17.05,151000,2599450,83,TPEX_CSV,2026-07-31 14:15:36 +0800
1150731,2026-07-31,上櫃,8936,國統,51.80,+1.60,51.50,51.90,51.30,1062000,54807700,648,TPEX_CSV,2026-07-31 14:15:36 +0800
1150731,2026-07-31,上櫃,8937,合騏*,24.00,+1.10,22.95,24.00,22.75,70000,1627600,55,TPEX_CSV,2026-07-31 14:15:36 +0800
1150731,2026-07-31,上櫃,8938,明安,54.00,-0.70,55.40,55.40,53.90,192000,10476100,157,TPEX_CSV,2026-07-31 14:15:36 +0800
1150731,2026-07-31,上櫃,8941,關中,43.35,+0.10,43.35,43.35,43.35,4000,173400,3,TPEX_CSV,2026-07-31 14:15:36 +0800
1150731,2026-07-31,上櫃,8942,森鉅,36.60,+0.60,36.60,37.00,36.10,171000,6270400,109,TPEX_CSV,2026-07-31 14:15:36 +0800
1150731,2026-07-31,上櫃,9949,琉園,23.30,+0.30,23.00,23.80,23.00,47000,1097100,35,TPEX_CSV,2026-07-31 14:15:36 +0800
1150731,2026-07-31,上櫃,9950,萬國通,10.25,+0.05,10.15,10.30,10.05,105000,1071250,30,TPEX_CSV,2026-07-31 14:15:36 +0800
1150731,2026-07-31,上櫃,9951,皇田,52.70,+0.70,52.60,53.10,52.40,29000,1531600,21,TPEX_CSV,2026-07-31 14:15:36 +0800
1150731,2026-07-31,上櫃,9960,邁達康,32.00,+1.65,32.00,32.00,32.00,10000,320000,8,TPEX_CSV,2026-07-31 14:15:36 +0800
1150731,2026-07-31,上櫃,9962,有益,9.78,-0.01,9.82,9.82,9.75,23000,224760,21,TPEX_CSV,2026-07-31 14:15:36 +0800
