日期,西元日期,市場,股票代號,股票名稱,收盤價,漲跌,開盤價,最高價,最低價,成交股數,成交金額,成交筆數,資料來源,下載時間
1150812,2026-08-12,上市,00400A,主動國泰動能高息,14.36,0.3600,14.10,14.37,14.10,42642000,608482470,6941,TWSE_CSV,2026-08-12 14:15:34 +0800
1150812,2026-08-12,上市,00401A,主動摩根台灣鑫收,13.57,0.1200,13.51,13.58,13.49,6578000,89087620,778,TWSE_CSV,2026-08-12 14:15:34 +0800
1150812,2026-08-12,上市,00402A,主動安聯美國科技,9.79,-0.0200,9.81,9.81,9.78,3349000,32796550,518,TWSE_CSV,2026-08-12 14:15:34 +0800
1150812,2026-08-12,上市,00403A,主動統一升級50,10.10,0.1600,9.96,10.12,9.96,318117000,3201580400,38292,TWSE_CSV,2026-08-12 14:15:34 +0800
1150812,2026-08-12,上市,00404A,主動聯博動能50,9.67,0.0800,9.63,9.68,9.60,4491000,43343950,428,TWSE_CSV,2026-08-12 14:15:34 +0800
1150812,2026-08-12,上市,00405A,主動富邦台灣龍耀,8.42,0.2700,8.24,8.42,8.22,77293000,643553650,8552,TWSE_CSV,2026-08-12 14:15:34 +0800
1150812,2026-08-12,上市,00406A,主動中信台灣收益,9.53,0.1300,9.43,9.53,9.43,42488000,403497440,5114,TWSE_CSV,2026-08-12 14:15:34 +0800
1150812,2026-08-12,上市,00407A,主動凱基台灣,9.66,0.1100,9.56,9.68,9.56,67524000,651403740,6050,TWSE_CSV,2026-08-12 14:15:34 +0800
1150812,2026-08-12,上市,00408A,主動第一金優股息,10.45,0.1400,10.37,10.45,10.36,2138000,22269660,286,TWSE_CSV,2026-08-12 14:15:34 +0800
1150812,2026-08-12,上市,00410A,主動永豐科技趨勢,11.09,0.3000,10.80,11.09,10.80,10428000,114929150,874,TWSE_CSV,2026-08-12 14:15:34 +0800
1150812,2026-08-12,上市,0050,元大台灣50,105.20,0.6000,105.00,105.25,104.45,57767000,6067637500,26749,TWSE_CSV,2026-08-12 14:15:34 +0800
1150812,2026-08-12,上市,0051,元大中型100,144.90,2.2000,143.90,146.00,143.90,74000,10752500,36,TWSE_CSV,2026-08-12 14:15:34 +0800
1150812,2026-08-12,上市,0052,富邦科技,61.50,0.4500,61.30,61.65,61.10,16569000,1018264400,5321,TWSE_CSV,2026-08-12 14:15:34 +0800
1150812,2026-08-12,上市,0053,元大電子,239.50,2.0500,239.20,239.50,238.20,26000,6215550,18,TWSE_CSV,2026-08-12 14:15:34 +0800
1150812,2026-08-12,上市,0055,元大MSCI金融,43.75,-0.0300,43.78,44.00,43.36,161000,7038470,83,TWSE_CSV,2026-08-12 14:15:34 +0800
1150812,2026-08-12,上市,0056,元大高股息,52.70,0.4000,52.50,53.05,52.50,34178000,1803127900,12027,TWSE_CSV,2026-08-12 14:15:34 +0800
1150812,2026-08-12,上市,0057,富邦摩台,313.50,0.4000,313.95,314.10,313.20,8000,2508550,7,TWSE_CSV,2026-08-12 14:15:34 +0800
1150812,2026-08-12,上市,0061,元大寶滬深,25.10,0.1000,25.00,25.10,24.98,110000,2753450,50,TWSE_CSV,2026-08-12 14:15:34 +0800
1150812,2026-08-12,上市,006203,元大MSCI台灣,190.75,1.1000,190.40,191.10,190.40,5000,953350,4,TWSE_CSV,2026-08-12 14:15:34 +0800
1150812,2026-08-12,上市,006204,永豐臺灣加權,226.15,0.9500,225.30,226.20,225.30,82000,18546450,10,TWSE_CSV,2026-08-12 14:15:34 +0800
1150812,2026-08-12,上市,006205,富邦上証,41.58,-0.2600,41.50,41.73,41.49,237000,9851370,66,TWSE_CSV,2026-08-12 14:15:34 +0800
1150812,2026-08-12,上市,006206,元大上證50,38.53,-0.0700,38.21,38.66,38.21,25000,959750,14,TWSE_CSV,2026-08-12 14:15:34 +0800
1150812,2026-08-12,上市,006207,復華滬深,33.33,-0.1400,33.33,33.45,33.33,110000,3673610,9,TWSE_CSV,2026-08-12 14:15:34 +0800
1150812,2026-08-12,上市,006208,富邦台50,240.90,2.0000,239.95,241.50,239.15,3959000,953039650,1975,TWSE_CSV,2026-08-12 14:15:34 +0800
1150812,2026-08-12,上市,00625K,富邦上証+R,0.00,0.0000,0.00,0.00,0.00,0,0,0,TWSE_CSV,2026-08-12 14:15:34 +0800
1150812,2026-08-12,上市,00631L,元大台灣50正2,35.45,0.5800,35.08,35.49,34.94,172771000,6097046840,34735,TWSE_CSV,2026-08-12 14:15:34 +0800
1150812,2026-08-12,上市,00632R,元大台灣50反1,10.06,-0.1000,10.12,10.15,10.05,129179000,1303072400,13632,TWSE_CSV,2026-08-12 14:15:34 +0800
1150812,2026-08-12,上市,00633L,富邦上証正2,50.10,-0.2500,50.15,50.65,49.78,1008000,50574090,328,TWSE_CSV,2026-08-12 14:15:34 +0800
1150812,2026-08-12,上市,00634R,富邦上証反1,3.07,0.0000,3.08,3.08,3.05,269000,824900,24,TWSE_CSV,2026-08-12 14:15:34 +0800
1150812,2026-08-12,上市,00635U,期元大S&P黃金,45.66,0.0200,45.53,45.86,45.46,4623000,211153730,1703,TWSE_CSV,2026-08-12 14:15:34 +0800
1150812,2026-08-12,上市,00636,國泰中國A50,28.47,-0.0100,28.37,28.53,28.35,187000,5324480,36,TWSE_CSV,2026-08-12 14:15:34 +0800
1150812,2026-08-12,上市,00636K,國泰中國A50+U,8.89,-0.0300,8.89,8.89,8.89,200,1778,2,TWSE_CSV,2026-08-12 14:15:34 +0800
1150812,2026-08-12,上市,00637L,元大滬深300正2,20.88,-0.0600,20.92,21.03,20.71,11284000,235406010,1387,TWSE_CSV,2026-08-12 14:15:34 +0800
1150812,2026-08-12,上市,00638R,元大滬深300反1,6.60,0.0300,6.63,6.63,6.58,29000,191290,11,TWSE_CSV,2026-08-12 14:15:34 +0800
1150812,2026-08-12,上市,00639,富邦深100,17.25,0.0000,17.14,17.30,17.12,285000,4916160,71,TWSE_CSV,2026-08-12 14:15:34 +0800
1150812,2026-08-12,上市,00640L,富邦日本正2,110.35,0.4500,109.05,110.35,109.05,19000,2086850,18,TWSE_CSV,2026-08-12 14:15:34 +0800
1150812,2026-08-12,上市,00641R,富邦日本反1,3.69,0.0000,3.69,3.69,3.68,622000,2292360,64,TWSE_CSV,2026-08-12 14:15:34 +0800
1150812,2026-08-12,上市,00642U,期元大S&P石油,27.51,0.3200,27.53,27.67,27.50,1963000,54117670,639,TWSE_CSV,2026-08-12 14:15:34 +0800
1150812,2026-08-12,上市,00643,群益深証中小,19.24,-0.0700,19.19,19.34,19.16,2218000,42859310,73,TWSE_CSV,2026-08-12 14:15:34 +0800
1150812,2026-08-12,上市,00643K,群益深証中小+R,0.00,0.0000,0.00,0.00,0.00,0,0,0,TWSE_CSV,2026-08-12 14:15:34 +0800
1150812,2026-08-12,上市,00645,富邦日本,58.30,0.0500,58.10,58.30,58.05,183000,10647000,44,TWSE_CSV,2026-08-12 14:15:34 +0800
1150812,2026-08-12,上市,00646,元大S&P500,78.35,-0.4000,78.50,78.50,78.25,1235000,96718750,695,TWSE_CSV,2026-08-12 14:15:34 +0800
1150812,2026-08-12,上市,00647L,元大S&P500正2,142.00,-1.5500,141.75,142.35,141.75,18000,2556750,14,TWSE_CSV,2026-08-12 14:15:34 +0800
1150812,2026-08-12,上市,00648R,元大S&P500反1,3.91,0.0200,3.90,3.92,3.90,390000,1523270,46,TWSE_CSV,2026-08-12 14:15:34 +0800
1150812,2026-08-12,上市,00650L,復華香港正2,17.12,-0.6000,17.60,17.60,17.11,3242000,55819540,884,TWSE_CSV,2026-08-12 14:15:34 +0800
1150812,2026-08-12,上市,00651R,復華香港反1,5.21,0.0900,5.14,5.21,5.14,207000,1074890,40,TWSE_CSV,2026-08-12 14:15:34 +0800
1150812,2026-08-12,上市,00652,富邦印度,33.78,-0.1500,33.93,34.00,33.78,155000,5262710,74,TWSE_CSV,2026-08-12 14:15:34 +0800
1150812,2026-08-12,上市,00653L,富邦印度正2,47.73,-0.5000,48.21,48.28,47.73,215000,10353470,48,TWSE_CSV,2026-08-12 14:15:34 +0800
1150812,2026-08-12,上市,00654R,富邦印度反1,6.68,0.0300,6.62,6.68,6.61,9000,59830,5,TWSE_CSV,2026-08-12 14:15:34 +0800
1150812,2026-08-12,上市,00655L,國泰中國A50正2,34.96,-0.0700,34.95,35.29,34.70,431000,15075460,131,TWSE_CSV,2026-08-12 14:15:34 +0800
1150812,2026-08-12,上市,00656R,國泰中國A50反1,5.80,0.0200,5.81,5.81,5.80,12000,69630,6,TWSE_CSV,2026-08-12 14:15:34 +0800
1150812,2026-08-12,上市,00657,國泰日經225,79.75,0.5500,79.10,79.80,79.10,223000,17681750,14,TWSE_CSV,2026-08-12 14:15:34 +0800
1150812,2026-08-12,上市,00657K,國泰日經225+U,24.82,0.1800,24.82,24.82,24.82,200,4964,2,TWSE_CSV,2026-08-12 14:15:34 +0800
1150812,2026-08-12,上市,00660,元大歐洲50,47.91,0.0800,47.75,47.91,47.74,4000,191140,4,TWSE_CSV,2026-08-12 14:15:34 +0800
1150812,2026-08-12,上市,00661,元大日經225,87.50,0.4000,86.90,87.50,86.85,46000,4010500,29,TWSE_CSV,2026-08-12 14:15:34 +0800
1150812,2026-08-12,上市,00662,富邦NASDAQ,122.30,-0.6500,122.45,122.50,122.15,2135000,261239600,843,TWSE_CSV,2026-08-12 14:15:34 +0800
1150812,2026-08-12,上市,00663L,國泰臺灣加權正2,101.80,1.6500,101.55,102.20,100.50,5150000,523482900,1830,TWSE_CSV,2026-08-12 14:15:34 +0800
1150812,2026-08-12,上市,00664R,國泰臺灣加權反1,1.63,-0.0100,1.64,1.65,1.62,17418000,28441200,1153,TWSE_CSV,2026-08-12 14:15:34 +0800
1150812,2026-08-12,上市,00665L,富邦恒生國企正2,9.40,-0.3300,9.68,9.68,9.39,15300000,144979990,1635,TWSE_CSV,2026-08-12 14:15:34 +0800
1150812,2026-08-12,上市,00666R,富邦恒生國企反1,9.08,0.1100,8.98,9.10,8.98,197000,1788330,53,TWSE_CSV,2026-08-12 14:15:34 +0800
1150812,2026-08-12,上市,00668,國泰美國道瓊,63.20,-0.2000,63.40,63.40,63.15,20000,1264250,12,TWSE_CSV,2026-08-12 14:15:34 +0800
1150812,2026-08-12,上市,00668K,國泰美國道瓊+U,19.67,-0.0400,19.67,19.67,19.67,200,3934,2,TWSE_CSV,2026-08-12 14:15:34 +0800
1150812,2026-08-12,上市,00669R,國泰美國道瓊反1,5.16,0.0100,5.17,5.18,5.16,331000,1711760,61,TWSE_CSV,2026-08-12 14:15:34 +0800
1150812,2026-08-12,上市,00670L,富邦NASDAQ正2,202.30,-1.9000,201.95,202.75,201.95,417000,84383100,239,TWSE_CSV,2026-08-12 14:15:34 +0800
1150812,2026-08-12,上市,00671R,富邦NASDAQ反1,2.43,0.0100,2.42,2.43,2.42,1450000,3514850,68,TWSE_CSV,2026-08-12 14:15:34 +0800
1150812,2026-08-12,上市,00673R,期元大S&P原油反1,12.65,-0.2000,12.65,12.67,12.57,19718000,248919010,2842,TWSE_CSV,2026-08-12 14:15:34 +0800
1150812,2026-08-12,上市,00674R,期元大S&P黃金反1,27.91,-0.0600,27.98,27.99,27.82,136000,3797280,39,TWSE_CSV,2026-08-12 14:15:34 +0800
1150812,2026-08-12,上市,00675L,富邦臺灣加權正2,308.35,5.5000,307.10,308.85,303.85,1116000,342751850,626,TWSE_CSV,2026-08-12 14:15:34 +0800
1150812,2026-08-12,上市,00676R,富邦臺灣加權反1,5.57,-0.0500,5.58,5.61,5.56,5952000,33219240,724,TWSE_CSV,2026-08-12 14:15:34 +0800
1150812,2026-08-12,上市,00678,群益那斯達克生技,42.22,-0.2100,42.28,42.28,42.15,237000,10007120,21,TWSE_CSV,2026-08-12 14:15:34 +0800
1150812,2026-08-12,上市,00680L,元大美債20正2,6.45,0.0200,6.46,6.46,6.43,8691000,56007870,417,TWSE_CSV,2026-08-12 14:15:34 +0800
1150812,2026-08-12,上市,00681R,元大美債20反1,21.78,-0.1500,21.78,21.78,21.78,5000,108900,1,TWSE_CSV,2026-08-12 14:15:34 +0800
1150812,2026-08-12,上市,00682U,期元大美元指數,20.56,0.0000,20.57,20.57,20.56,32000,658170,3,TWSE_CSV,2026-08-12 14:15:34 +0800
1150812,2026-08-12,上市,00683L,期元大美元指正2,21.56,-0.0500,21.56,21.58,21.55,75000,1617100,7,TWSE_CSV,2026-08-12 14:15:34 +0800
1150812,2026-08-12,上市,00684R,期元大美元指反1,15.12,0.0800,15.17,15.17,15.12,271000,4108160,11,TWSE_CSV,2026-08-12 14:15:34 +0800
1150812,2026-08-12,上市,00685L,群益臺灣加權正2,11.60,0.1800,11.58,11.65,11.46,205105000,2374775710,23602,TWSE_CSV,2026-08-12 14:15:34 +0800
1150812,2026-08-12,上市,00686R,群益臺灣加權反1,1.00,-0.0100,1.00,1.01,0.99,7313000,7312320,278,TWSE_CSV,2026-08-12 14:15:34 +0800
1150812,2026-08-12,上市,00688L,國泰20年美債正2,6.42,0.0300,6.41,6.43,6.41,3734000,23969620,181,TWSE_CSV,2026-08-12 14:15:34 +0800
1150812,2026-08-12,上市,00689R,國泰20年美債反1,22.88,-0.1400,22.88,22.88,22.88,10000,228800,1,TWSE_CSV,2026-08-12 14:15:34 +0800
1150812,2026-08-12,上市,00690,兆豐藍籌30,77.85,0.6000,77.25,77.95,77.10,177000,13752600,104,TWSE_CSV,2026-08-12 14:15:34 +0800
1150812,2026-08-12,上市,00692,富邦公司治理,90.30,0.7500,90.10,90.45,89.75,991000,89452100,508,TWSE_CSV,2026-08-12 14:15:34 +0800
1150812,2026-08-12,上市,00693U,期街口S&P黃豆,21.48,-0.1300,21.41,21.48,21.41,422000,9046660,132,TWSE_CSV,2026-08-12 14:15:34 +0800
1150812,2026-08-12,上市,00700,富邦恒生國企,17.47,-0.3800,17.70,17.70,17.45,129000,2258880,46,TWSE_CSV,2026-08-12 14:15:34 +0800
1150812,2026-08-12,上市,00701,國泰股利精選30,38.73,0.0000,38.89,38.90,38.57,377000,14587490,203,TWSE_CSV,2026-08-12 14:15:34 +0800
1150812,2026-08-12,上市,00702,國泰標普低波高息,25.21,0.0200,25.19,25.22,25.19,109000,2747770,7,TWSE_CSV,2026-08-12 14:15:34 +0800
1150812,2026-08-12,上市,00703,台新MSCI中國,19.80,-0.4500,19.87,19.87,19.80,4000,79350,4,TWSE_CSV,2026-08-12 14:15:34 +0800
1150812,2026-08-12,上市,00706L,期元大S&P日圓正2,18.99,-0.0700,19.01,19.03,18.98,331000,6288850,129,TWSE_CSV,2026-08-12 14:15:34 +0800
1150812,2026-08-12,上市,00707R,期元大S&P日圓反1,32.20,0.0500,32.20,32.20,32.20,3000,96600,1,TWSE_CSV,2026-08-12 14:15:34 +0800
1150812,2026-08-12,上市,00708L,期元大S&P黃金正2,82.10,0.0000,81.60,82.85,81.55,4226000,346867200,1407,TWSE_CSV,2026-08-12 14:15:34 +0800
1150812,2026-08-12,上市,00709,富邦歐洲,41.65,-0.0200,41.75,41.88,41.62,303000,12642370,94,TWSE_CSV,2026-08-12 14:15:34 +0800
1150812,2026-08-12,上市,00710B,復華彭博非投等債,19.28,-0.0100,19.31,19.31,19.26,129000,2487060,17,TWSE_CSV,2026-08-12 14:15:34 +0800
1150812,2026-08-12,上市,00711B,復華彭博新興債,15.78,-0.0600,15.81,15.82,15.78,105000,1659970,7,TWSE_CSV,2026-08-12 14:15:34 +0800
1150812,2026-08-12,上市,00712,復華富時不動產,8.91,0.0700,8.89,8.92,8.88,16867000,150150550,1502,TWSE_CSV,2026-08-12 14:15:34 +0800
1150812,2026-08-12,上市,00713,元大台灣高息低波,61.20,0.1500,61.20,61.25,61.00,2136000,130627300,918,TWSE_CSV,2026-08-12 14:15:34 +0800
1150812,2026-08-12,上市,00714,群益道瓊美國地產,21.99,-0.1400,21.97,21.99,21.97,76000,1670620,73,TWSE_CSV,2026-08-12 14:15:34 +0800
1150812,2026-08-12,上市,00715L,期街口布蘭特正2,48.63,1.3800,48.67,49.20,48.55,6204000,302992560,1639,TWSE_CSV,2026-08-12 14:15:34 +0800
1150812,2026-08-12,上市,00717,富邦美國特別股,15.01,0.0800,14.95,15.01,14.95,491000,7359020,74,TWSE_CSV,2026-08-12 14:15:34 +0800
1150812,2026-08-12,上市,00728,第一金工業30,65.90,1.2500,65.25,66.00,65.05,1150000,75079850,113,TWSE_CSV,2026-08-12 14:15:34 +0800
1150812,2026-08-12,上市,00730,富邦臺灣優質高息,29.25,0.0600,29.30,29.40,29.21,86000,2519490,33,TWSE_CSV,2026-08-12 14:15:34 +0800
1150812,2026-08-12,上市,00731,復華富時高息低波,91.10,0.0000,91.40,91.65,90.75,581000,52952600,19,TWSE_CSV,2026-08-12 14:15:34 +0800
1150812,2026-08-12,上市,00733,富邦臺灣中小,66.70,1.0000,65.75,67.35,65.75,439000,29325350,224,TWSE_CSV,2026-08-12 14:15:34 +0800
1150812,2026-08-12,上市,00735,國泰臺韓科技,100.50,2.7000,99.10,100.80,98.75,3350000,335187950,1532,TWSE_CSV,2026-08-12 14:15:34 +0800
1150812,2026-08-12,上市,00736,國泰新興市場,31.75,-0.1100,31.83,31.83,31.73,102000,3236580,4,TWSE_CSV,2026-08-12 14:15:34 +0800
1150812,2026-08-12,上市,00737,國泰AI機器人,41.69,0.0500,41.64,41.70,41.00,113000,4684950,50,TWSE_CSV,2026-08-12 14:15:34 +0800
1150812,2026-08-12,上市,00738U,期元大道瓊白銀,52.15,-0.1000,52.05,52.70,52.00,3425000,178903100,1027,TWSE_CSV,2026-08-12 14:15:34 +0800
1150812,2026-08-12,上市,00739,元大MSCI A股,28.57,-0.1800,28.51,28.71,28.51,21000,600730,10,TWSE_CSV,2026-08-12 14:15:34 +0800
1150812,2026-08-12,上市,00752,中信中國50,23.60,-0.5800,24.17,24.17,23.58,1631000,38653320,572,TWSE_CSV,2026-08-12 14:15:34 +0800
1150812,2026-08-12,上市,00753L,中信中國50正2,9.70,-0.3500,9.90,9.95,9.70,10332000,100991370,1976,TWSE_CSV,2026-08-12 14:15:34 +0800
1150812,2026-08-12,上市,00757,統一FANG+,140.85,-1.4000,141.20,141.20,140.70,485000,68306400,201,TWSE_CSV,2026-08-12 14:15:34 +0800
1150812,2026-08-12,上市,00762,元大全球AI,112.75,-0.1500,113.10,113.10,112.30,181000,20404150,38,TWSE_CSV,2026-08-12 14:15:34 +0800
1150812,2026-08-12,上市,00763U,期街口道瓊銅,35.36,0.0600,35.39,35.45,35.23,267000,9440000,87,TWSE_CSV,2026-08-12 14:15:34 +0800
1150812,2026-08-12,上市,00770,國泰北美科技,69.45,-0.5000,69.70,69.70,69.45,95000,6606500,45,TWSE_CSV,2026-08-12 14:15:34 +0800
1150812,2026-08-12,上市,00771,元大US高息特別股,15.67,-0.0100,15.67,15.67,15.66,20000,313370,17,TWSE_CSV,2026-08-12 14:15:34 +0800
1150812,2026-08-12,上市,00775B,台新投等債15+,31.80,0.0000,31.80,31.80,31.80,80000,2544000,2,TWSE_CSV,2026-08-12 14:15:34 +0800
1150812,2026-08-12,上市,00783,富邦中証500,29.32,-0.0100,28.95,29.32,28.95,13000,378850,9,TWSE_CSV,2026-08-12 14:15:34 +0800
1150812,2026-08-12,上市,00830,國泰費城半導體,86.85,0.1000,87.00,87.00,86.65,2750000,238777950,1051,TWSE_CSV,2026-08-12 14:15:34 +0800
1150812,2026-08-12,上市,00850,元大臺灣ESG永續,90.50,0.5500,90.40,90.65,90.10,407000,36799850,198,TWSE_CSV,2026-08-12 14:15:34 +0800
1150812,2026-08-12,上市,00851,台新全球AI,71.50,-0.2000,71.60,71.70,71.50,6000,429350,5,TWSE_CSV,2026-08-12 14:15:34 +0800
1150812,2026-08-12,上市,00852L,國泰美國道瓊正2,36.53,-0.2300,36.57,36.57,36.47,40000,1460040,15,TWSE_CSV,2026-08-12 14:15:34 +0800
1150812,2026-08-12,上市,00861,元大全球未來通訊,88.15,0.6000,87.55,88.25,87.50,97000,8540350,68,TWSE_CSV,2026-08-12 14:15:34 +0800
1150812,2026-08-12,上市,00865B,國泰US短期公債,49.30,-0.0600,49.36,49.37,49.29,2121000,104604900,551,TWSE_CSV,2026-08-12 14:15:34 +0800
1150812,2026-08-12,上市,00875,國泰網路資安,57.40,-0.2500,57.60,57.60,57.20,110000,6309750,43,TWSE_CSV,2026-08-12 14:15:34 +0800
1150812,2026-08-12,上市,00876,元大全球5G,89.65,0.9000,88.65,89.80,88.65,128000,11435700,60,TWSE_CSV,2026-08-12 14:15:34 +0800
1150812,2026-08-12,上市,00878,國泰永續高股息,33.52,0.0500,33.58,33.79,33.41,43727000,1466169010,14063,TWSE_CSV,2026-08-12 14:15:34 +0800
1150812,2026-08-12,上市,00881,國泰台灣科技龍頭,54.15,0.6500,53.85,54.15,53.60,34763000,1875844650,11297,TWSE_CSV,2026-08-12 14:15:34 +0800
1150812,2026-08-12,上市,00882,中信中國高股息,14.93,-0.1100,15.05,15.05,14.86,7294000,108776460,1940,TWSE_CSV,2026-08-12 14:15:34 +0800
1150812,2026-08-12,上市,00885,富邦越南,18.47,0.1100,18.29,18.51,18.26,1216000,22370130,374,TWSE_CSV,2026-08-12 14:15:34 +0800
1150812,2026-08-12,上市,00891,中信關鍵半導體,35.93,0.4700,35.70,35.94,35.59,13414000,480516620,4528,TWSE_CSV,2026-08-12 14:15:34 +0800
1150812,2026-08-12,上市,00892,富邦台灣半導體,40.99,0.5800,40.67,41.08,40.65,3564000,145827720,572,TWSE_CSV,2026-08-12 14:15:34 +0800
1150812,2026-08-12,上市,00893,國泰智能電動車,43.69,0.1200,43.68,43.73,43.67,242000,10575390,104,TWSE_CSV,2026-08-12 14:15:34 +0800
1150812,2026-08-12,上市,00894,中信小資高價30,48.59,0.8600,47.85,48.60,47.85,1017000,49109380,473,TWSE_CSV,2026-08-12 14:15:34 +0800
1150812,2026-08-12,上市,00895,富邦未來車,50.60,0.2000,50.30,50.65,50.30,191000,9652100,80,TWSE_CSV,2026-08-12 14:15:34 +0800
1150812,2026-08-12,上市,00896,中信綠能及電動車,27.81,0.2900,27.60,27.90,27.60,2243000,62416720,579,TWSE_CSV,2026-08-12 14:15:34 +0800
1150812,2026-08-12,上市,00897,富邦基因免疫生技,11.83,-0.0900,11.87,11.87,11.82,230000,2721490,64,TWSE_CSV,2026-08-12 14:15:34 +0800
1150812,2026-08-12,上市,00898,國泰基因免疫革命,10.28,0.0200,10.30,10.31,10.26,2491000,25621180,359,TWSE_CSV,2026-08-12 14:15:34 +0800
1150812,2026-08-12,上市,00899,FT潔淨能源,23.90,0.0500,23.86,23.98,23.82,35000,835280,12,TWSE_CSV,2026-08-12 14:15:34 +0800
1150812,2026-08-12,上市,00900,富邦特選高股息30,18.94,0.2100,18.82,18.96,18.82,5585000,105581550,1268,TWSE_CSV,2026-08-12 14:15:34 +0800
1150812,2026-08-12,上市,00901,永豐智能車供應鏈,45.60,0.6000,45.25,45.60,45.25,177000,8035220,44,TWSE_CSV,2026-08-12 14:15:34 +0800
1150812,2026-08-12,上市,00902,中信電池及儲能,13.68,0.1000,13.72,13.73,13.63,593000,8122370,182,TWSE_CSV,2026-08-12 14:15:34 +0800
1150812,2026-08-12,上市,00903,富邦元宇宙,21.88,0.1200,21.87,21.88,21.83,78000,1704940,35,TWSE_CSV,2026-08-12 14:15:34 +0800
1150812,2026-08-12,上市,00904,台新臺灣半導體30,40.33,0.3300,40.03,40.45,40.03,691000,27864070,198,TWSE_CSV,2026-08-12 14:15:34 +0800
1150812,2026-08-12,上市,00905,FT臺灣Smart,26.08,0.1500,26.03,26.15,26.00,882000,23013070,329,TWSE_CSV,2026-08-12 14:15:34 +0800
1150812,2026-08-12,上市,00907,永豐優息存股,16.79,0.0400,16.80,16.83,16.73,382000,6413360,114,TWSE_CSV,2026-08-12 14:15:34 +0800
1150812,2026-08-12,上市,00908,富邦入息REITs+,15.54,-0.0400,15.58,15.58,15.52,96000,1492950,17,TWSE_CSV,2026-08-12 14:15:34 +0800
1150812,2026-08-12,上市,00909,國泰數位支付服務,43.85,0.2200,43.65,43.85,43.65,265000,11613860,146,TWSE_CSV,2026-08-12 14:15:34 +0800
1150812,2026-08-12,上市,00910,第一金太空衛星,63.95,0.9500,63.90,63.95,63.75,797000,50907400,404,TWSE_CSV,2026-08-12 14:15:34 +0800
1150812,2026-08-12,上市,00911,兆豐洲際半導體,54.65,0.0500,54.70,54.75,54.45,143000,7809750,69,TWSE_CSV,2026-08-12 14:15:34 +0800
1150812,2026-08-12,上市,00912,中信臺灣智慧50,34.09,0.3000,34.00,34.10,33.88,697000,23683340,107,TWSE_CSV,2026-08-12 14:15:34 +0800
1150812,2026-08-12,上市,00913,兆豐台灣晶圓製造,48.79,0.6600,48.81,49.06,48.54,1471000,71719290,472,TWSE_CSV,2026-08-12 14:15:34 +0800
1150812,2026-08-12,上市,00915,凱基優選高股息30,32.02,0.1100,31.93,32.14,31.93,1754000,56178540,250,TWSE_CSV,2026-08-12 14:15:34 +0800
1150812,2026-08-12,上市,00916,國泰全球品牌50,27.30,-0.1000,27.40,27.40,27.28,400000,10924380,136,TWSE_CSV,2026-08-12 14:15:34 +0800
1150812,2026-08-12,上市,00917,中信特選金融,24.32,0.0400,24.30,24.33,24.29,179000,4351150,89,TWSE_CSV,2026-08-12 14:15:34 +0800
1150812,2026-08-12,上市,00918,大華優利高填息30,33.75,0.2600,33.60,33.84,33.60,12406000,418645240,2768,TWSE_CSV,2026-08-12 14:15:34 +0800
1150812,2026-08-12,上市,00919,群益台灣精選高息,30.19,0.0700,30.33,30.50,30.12,41550000,1257073580,10688,TWSE_CSV,2026-08-12 14:15:34 +0800
1150812,2026-08-12,上市,00920,富邦ESG綠色電力,24.77,0.3100,24.46,24.80,24.46,335000,8293600,51,TWSE_CSV,2026-08-12 14:15:34 +0800
1150812,2026-08-12,上市,00921,兆豐龍頭等權重,23.83,0.0500,23.90,23.95,23.82,62000,1479960,21,TWSE_CSV,2026-08-12 14:15:34 +0800
1150812,2026-08-12,上市,00922,國泰台灣領袖50,40.59,0.2100,40.45,40.69,40.38,5511000,223521350,1385,TWSE_CSV,2026-08-12 14:15:34 +0800
1150812,2026-08-12,上市,00923,群益台ESG低碳50,42.15,0.2200,42.20,42.29,41.98,11422000,481489240,3685,TWSE_CSV,2026-08-12 14:15:34 +0800
1150812,2026-08-12,上市,00924,復華S&P500成長,33.89,-0.2300,33.94,33.94,33.84,1117000,37852210,361,TWSE_CSV,2026-08-12 14:15:34 +0800
1150812,2026-08-12,上市,00926,凱基全球菁英55,26.82,-0.2300,26.90,26.90,26.80,606000,16251490,71,TWSE_CSV,2026-08-12 14:15:34 +0800
1150812,2026-08-12,上市,00927,群益半導體收益,36.69,0.2600,36.65,36.85,36.56,8636000,317205290,2629,TWSE_CSV,2026-08-12 14:15:34 +0800
1150812,2026-08-12,上市,00929,復華台灣科技優息,29.53,0.3600,29.35,29.63,29.35,24369000,719799310,5369,TWSE_CSV,2026-08-12 14:15:34 +0800
1150812,2026-08-12,上市,00930,永豐ESG低碳高息,24.15,0.0200,24.16,24.25,24.13,255000,6161220,63,TWSE_CSV,2026-08-12 14:15:34 +0800
1150812,2026-08-12,上市,00932,兆豐永續高息等權,17.81,0.0900,17.87,17.87,17.78,114000,2031560,47,TWSE_CSV,2026-08-12 14:15:34 +0800
1150812,2026-08-12,上市,00934,中信成長高股息,28.74,0.1600,28.73,28.85,28.70,1385000,39863280,375,TWSE_CSV,2026-08-12 14:15:34 +0800
1150812,2026-08-12,上市,00935,野村臺灣新科技50,57.30,0.4500,57.15,57.50,56.90,4430000,253762750,1544,TWSE_CSV,2026-08-12 14:15:34 +0800
1150812,2026-08-12,上市,00936,台新永續高息中小,21.80,0.2400,21.73,21.88,21.73,1126000,24565200,212,TWSE_CSV,2026-08-12 14:15:34 +0800
1150812,2026-08-12,上市,00938,凱基優選30,24.91,0.0600,25.00,25.00,24.73,1779000,44309420,187,TWSE_CSV,2026-08-12 14:15:34 +0800
1150812,2026-08-12,上市,00939,統一台灣高息動能,22.25,-0.0100,22.30,22.39,22.19,1733000,38561370,382,TWSE_CSV,2026-08-12 14:15:34 +0800
1150812,2026-08-12,上市,00940,元大台灣價值高息,12.43,0.0900,12.40,12.47,12.38,14863000,184618970,1717,TWSE_CSV,2026-08-12 14:15:34 +0800
1150812,2026-08-12,上市,00941,中信上游半導體,26.87,0.3400,26.56,26.90,26.56,988000,26494440,362,TWSE_CSV,2026-08-12 14:15:34 +0800
1150812,2026-08-12,上市,00943,兆豐電子高息等權,21.91,0.1300,21.92,21.98,21.85,286000,6252140,22,TWSE_CSV,2026-08-12 14:15:34 +0800
1150812,2026-08-12,上市,00944,野村趨勢動能高息,20.99,0.0900,21.10,21.10,20.96,139000,2919230,20,TWSE_CSV,2026-08-12 14:15:34 +0800
1150812,2026-08-12,上市,00945B,凱基美國非投等債,14.69,-0.0100,14.70,14.71,14.68,3253000,47802450,342,TWSE_CSV,2026-08-12 14:15:34 +0800
1150812,2026-08-12,上市,00946,群益科技高息成長,15.43,0.0700,15.44,15.54,15.40,1337000,20711500,304,TWSE_CSV,2026-08-12 14:15:34 +0800
1150812,2026-08-12,上市,00947,台新臺灣IC設計,37.07,0.3600,37.00,37.60,36.90,6467000,240663280,1798,TWSE_CSV,2026-08-12 14:15:34 +0800
1150812,2026-08-12,上市,00949,復華日本龍頭,22.14,-0.1100,22.25,22.25,22.06,309000,6828130,99,TWSE_CSV,2026-08-12 14:15:34 +0800
1150812,2026-08-12,上市,00951,台新日本半導體,18.04,0.1800,17.85,18.10,17.76,1808000,32437560,339,TWSE_CSV,2026-08-12 14:15:34 +0800
1150812,2026-08-12,上市,00952,凱基台灣AI50,18.32,0.2000,18.12,18.41,18.12,1343000,24658210,290,TWSE_CSV,2026-08-12 14:15:34 +0800
1150812,2026-08-12,上市,00953B,群益優選非投等債,9.76,-0.0100,9.77,9.78,9.76,12518000,122254220,1973,TWSE_CSV,2026-08-12 14:15:34 +0800
1150812,2026-08-12,上市,00954,中信日本半導體,19.25,0.2500,18.95,19.33,18.92,1613000,30870020,297,TWSE_CSV,2026-08-12 14:15:34 +0800
1150812,2026-08-12,上市,00956,中信日經高股息,13.32,-0.0800,13.40,13.40,13.28,498000,6634180,54,TWSE_CSV,2026-08-12 14:15:34 +0800
1150812,2026-08-12,上市,00960,野村全球航運龍頭,18.74,-0.2300,18.81,18.87,18.74,234000,4390270,88,TWSE_CSV,2026-08-12 14:15:34 +0800
1150812,2026-08-12,上市,00961,FT臺灣永續高息,13.18,0.0500,13.18,13.25,13.15,22954000,302866760,3584,TWSE_CSV,2026-08-12 14:15:34 +0800
1150812,2026-08-12,上市,00962,台新AI優息動能,15.41,0.3000,15.28,15.46,15.27,1304000,20108900,231,TWSE_CSV,2026-08-12 14:15:34 +0800
1150812,2026-08-12,上市,00963,中信全球高股息,13.24,-0.1100,13.28,13.28,13.21,4217000,55804960,527,TWSE_CSV,2026-08-12 14:15:34 +0800
1150812,2026-08-12,上市,00964,中信亞太高股息,14.38,0.0300,14.36,14.46,14.36,1471000,21212370,152,TWSE_CSV,2026-08-12 14:15:34 +0800
1150812,2026-08-12,上市,00965,元大航太防衛科技,27.15,0.1800,26.93,27.15,26.93,4472000,120939160,1225,TWSE_CSV,2026-08-12 14:15:34 +0800
1150812,2026-08-12,上市,00971,野村美國研發龍頭,18.00,-0.0900,18.03,18.03,17.99,175000,3150490,36,TWSE_CSV,2026-08-12 14:15:34 +0800
1150812,2026-08-12,上市,00972,野村日本動能高息,21.78,-0.2100,21.83,21.85,21.73,41000,892740,16,TWSE_CSV,2026-08-12 14:15:34 +0800
1150812,2026-08-12,上市,009800,中信NASDAQ,13.23,-0.0700,13.26,13.26,13.21,904000,11965590,188,TWSE_CSV,2026-08-12 14:15:34 +0800
1150812,2026-08-12,上市,009801,中信美國創新科技,12.47,-0.0800,12.53,12.53,12.43,1228000,15300500,289,TWSE_CSV,2026-08-12 14:15:34 +0800
1150812,2026-08-12,上市,009802,富邦旗艦50,19.29,0.0600,19.27,19.35,19.21,2124000,40946780,465,TWSE_CSV,2026-08-12 14:15:34 +0800
1150812,2026-08-12,上市,009803,玉山市值動能50,21.36,0.1700,21.24,21.39,21.23,1877000,40032490,350,TWSE_CSV,2026-08-12 14:15:34 +0800
1150812,2026-08-12,上市,009804,聯邦台精彩50,22.16,0.1600,22.08,22.23,22.05,725000,16031360,228,TWSE_CSV,2026-08-12 14:15:34 +0800
1150812,2026-08-12,上市,009805,台新美國電力基建,16.13,0.1200,16.17,16.20,16.13,2920000,47178430,498,TWSE_CSV,2026-08-12 14:15:34 +0800
1150812,2026-08-12,上市,009808,華南永昌優選50,30.98,0.2400,30.72,31.00,30.72,84000,2596510,36,TWSE_CSV,2026-08-12 14:15:34 +0800
1150812,2026-08-12,上市,009809,富邦淨零ESG50,17.58,0.0500,17.65,17.65,17.53,143000,2516810,27,TWSE_CSV,2026-08-12 14:15:34 +0800
1150812,2026-08-12,上市,00980A,主動野村臺灣優選,24.73,0.4400,24.55,24.75,24.49,13082000,322573390,2272,TWSE_CSV,2026-08-12 14:15:34 +0800
1150812,2026-08-12,上市,009810,玉山全球藍籌100,21.74,-0.1400,21.72,21.77,21.72,35000,761350,22,TWSE_CSV,2026-08-12 14:15:34 +0800
1150812,2026-08-12,上市,009811,統一美國50,13.48,-0.1200,13.54,13.54,13.47,479000,6460540,152,TWSE_CSV,2026-08-12 14:15:34 +0800
1150812,2026-08-12,上市,009812,野村日本東證,13.07,0.0000,13.07,13.07,13.01,121000,1577750,60,TWSE_CSV,2026-08-12 14:15:34 +0800
1150812,2026-08-12,上市,009813,貝萊德標普卓越50,11.45,-0.0800,11.51,11.51,11.45,620000,7100420,173,TWSE_CSV,2026-08-12 14:15:34 +0800
1150812,2026-08-12,上市,009816,凱基台灣TOP50,15.26,0.1000,15.21,15.28,15.17,78988000,1203540360,14937,TWSE_CSV,2026-08-12 14:15:34 +0800
1150812,2026-08-12,上市,009817,國泰日本不動產,9.15,-0.0400,9.17,9.19,9.12,694000,6344170,204,TWSE_CSV,2026-08-12 14:15:34 +0800
1150812,2026-08-12,上市,009818,華南永昌NASDAQxT,20.29,-0.1100,20.30,20.30,20.23,190000,3853610,19,TWSE_CSV,2026-08-12 14:15:34 +0800
1150812,2026-08-12,上市,009819,中信數據及電力,10.37,0.0000,10.37,10.40,10.36,4213000,43693180,734,TWSE_CSV,2026-08-12 14:15:34 +0800
1150812,2026-08-12,上市,00981A,主動統一台股增長,29.34,0.6100,28.89,29.36,28.89,167388000,4880318600,35719,TWSE_CSV,2026-08-12 14:15:34 +0800
1150812,2026-08-12,上市,00981T,平衡凱基雙核收息,11.97,0.0100,11.99,11.99,11.96,2055000,24599740,199,TWSE_CSV,2026-08-12 14:15:34 +0800
1150812,2026-08-12,上市,009820,元大納斯達克精選,10.07,0.0100,10.08,10.10,10.07,13865000,139727900,815,TWSE_CSV,2026-08-12 14:15:34 +0800
1150812,2026-08-12,上市,009821,野村稀土關鍵資源,15.05,-0.0200,15.07,15.09,14.99,16805000,252937290,2996,TWSE_CSV,2026-08-12 14:15:34 +0800
1150812,2026-08-12,上市,009824,群益美國科技巨頭,10.12,-0.0900,10.16,10.16,10.10,5301000,53659690,946,TWSE_CSV,2026-08-12 14:15:34 +0800
1150812,2026-08-12,上市,009826,貝萊德世界股票,10.29,-0.0300,10.29,10.30,10.27,22724000,233747090,4416,TWSE_CSV,2026-08-12 14:15:34 +0800
1150812,2026-08-12,上市,00982A,主動群益台灣強棒,22.82,0.3200,22.55,22.91,22.54,21269000,484672760,4429,TWSE_CSV,2026-08-12 14:15:34 +0800
1150812,2026-08-12,上市,00982D,主動富邦動態入息,9.85,0.0200,9.84,9.85,9.83,425000,4181720,45,TWSE_CSV,2026-08-12 14:15:34 +0800
1150812,2026-08-12,上市,00982T,平衡兆豐台美動能,15.47,0.0900,15.43,15.50,15.43,107000,1656300,19,TWSE_CSV,2026-08-12 14:15:34 +0800
1150812,2026-08-12,上市,00983A,主動中信ARK創新,12.11,-0.0200,12.13,12.13,12.10,477000,5774400,129,TWSE_CSV,2026-08-12 14:15:34 +0800
1150812,2026-08-12,上市,00983D,主動富邦複合收益,10.07,-0.0200,10.11,10.11,10.07,1000000,10080250,117,TWSE_CSV,2026-08-12 14:15:34 +0800
1150812,2026-08-12,上市,00984A,主動安聯台灣高息,15.31,0.1300,15.26,15.34,15.24,5026000,76871270,986,TWSE_CSV,2026-08-12 14:15:34 +0800
1150812,2026-08-12,上市,00984D,主動聯博全球非投,10.14,-0.0200,10.16,10.16,10.14,22115000,224316600,2082,TWSE_CSV,2026-08-12 14:15:34 +0800
1150812,2026-08-12,上市,00985A,主動野村台灣50,22.24,0.4300,21.96,22.26,21.96,3059000,67818300,896,TWSE_CSV,2026-08-12 14:15:34 +0800
1150812,2026-08-12,上市,00985B,群益ESG投等債0-5,10.34,0.0100,10.33,10.34,10.33,2430000,25111450,177,TWSE_CSV,2026-08-12 14:15:34 +0800
1150812,2026-08-12,上市,00986A,主動台新龍頭成長,14.85,-0.0500,14.83,14.87,14.79,330000,4896880,44,TWSE_CSV,2026-08-12 14:15:34 +0800
1150812,2026-08-12,上市,00987A,主動台新優勢成長,15.84,0.4600,15.52,15.85,15.52,2001000,31488320,519,TWSE_CSV,2026-08-12 14:15:34 +0800
1150812,2026-08-12,上市,00988A,主動統一全球創新,16.76,0.2100,16.69,16.79,16.60,35215000,588332020,5796,TWSE_CSV,2026-08-12 14:15:34 +0800
1150812,2026-08-12,上市,00989A,主動摩根美國科技,17.47,-0.0600,17.51,17.51,17.44,177000,3091970,48,TWSE_CSV,2026-08-12 14:15:34 +0800
1150812,2026-08-12,上市,00990A,主動元大AI新經濟,15.90,0.0200,15.88,15.93,15.85,15902000,252814930,2475,TWSE_CSV,2026-08-12 14:15:34 +0800
1150812,2026-08-12,上市,00991A,主動復華未來50,17.79,0.2700,17.67,17.85,17.59,71664000,1271662360,11735,TWSE_CSV,2026-08-12 14:15:34 +0800
1150812,2026-08-12,上市,00991B,貝萊德A級公司債,15.00,-0.0100,15.03,15.03,14.99,193000,2896410,28,TWSE_CSV,2026-08-12 14:15:34 +0800
1150812,2026-08-12,上市,00992A,主動群益科技創新,17.29,0.3300,17.02,17.30,17.02,34225000,588289190,5813,TWSE_CSV,2026-08-12 14:15:34 +0800
1150812,2026-08-12,上市,00993A,主動安聯台灣,13.40,0.2600,13.27,13.40,13.25,7617000,101634420,1132,TWSE_CSV,2026-08-12 14:15:34 +0800
1150812,2026-08-12,上市,00994A,主動第一金台股優,17.08,0.3200,16.84,17.08,16.81,2919000,49551370,834,TWSE_CSV,2026-08-12 14:15:34 +0800
1150812,2026-08-12,上市,00995A,主動中信台灣卓越,17.06,0.3900,16.79,17.09,16.79,4677000,79385900,845,TWSE_CSV,2026-08-12 14:15:34 +0800
1150812,2026-08-12,上市,00996A,主動兆豐台灣豐收,13.91,0.2000,13.82,13.97,13.75,3195000,44382940,584,TWSE_CSV,2026-08-12 14:15:34 +0800
1150812,2026-08-12,上市,00997A,主動群益美國增長,11.52,0.0600,11.50,11.55,11.46,6846000,78727200,1248,TWSE_CSV,2026-08-12 14:15:34 +0800
1150812,2026-08-12,上市,00999A,主動野村臺灣高息,11.19,0.1300,11.11,11.20,11.11,20327000,226871870,2633,TWSE_CSV,2026-08-12 14:15:34 +0800
1150812,2026-08-12,上市,1101,台泥,24.45,-0.2000,24.65,24.75,24.45,13875000,340533750,3795,TWSE_CSV,2026-08-12 14:15:34 +0800
1150812,2026-08-12,上市,1102,亞泥,32.35,-0.1000,32.60,32.65,32.30,7067000,229332950,2622,TWSE_CSV,2026-08-12 14:15:34 +0800
1150812,2026-08-12,上市,1103,嘉泥,13.20,0.0000,13.30,13.30,13.20,271000,3594250,103,TWSE_CSV,2026-08-12 14:15:34 +0800
1150812,2026-08-12,上市,1104,環泥,26.65,0.0000,26.75,26.95,26.65,671000,17943200,460,TWSE_CSV,2026-08-12 14:15:34 +0800
1150812,2026-08-12,上市,1108,幸福,11.70,-0.1500,11.85,11.85,11.65,699000,8205850,288,TWSE_CSV,2026-08-12 14:15:34 +0800
1150812,2026-08-12,上市,1109,信大,13.55,0.0000,13.60,13.60,13.50,47000,637800,38,TWSE_CSV,2026-08-12 14:15:34 +0800
1150812,2026-08-12,上市,1110,東泥,16.30,0.0000,16.30,16.45,16.20,213000,3478750,102,TWSE_CSV,2026-08-12 14:15:34 +0800
1150812,2026-08-12,上市,1201,味全,12.25,0.1000,12.20,12.30,12.20,275000,3367400,136,TWSE_CSV,2026-08-12 14:15:34 +0800
1150812,2026-08-12,上市,1203,味王,45.90,-0.0500,46.20,46.95,45.90,12000,557500,12,TWSE_CSV,2026-08-12 14:15:34 +0800
1150812,2026-08-12,上市,1210,大成,53.00,-0.9000,52.70,53.00,51.60,4958000,259266600,2682,TWSE_CSV,2026-08-12 14:15:34 +0800
1150812,2026-08-12,上市,1213,大飲,7.68,-0.0900,7.89,8.00,7.68,10000,77790,9,TWSE_CSV,2026-08-12 14:15:34 +0800
1150812,2026-08-12,上市,1215,卜蜂,108.50,-0.5000,109.50,110.00,108.00,471000,51258000,374,TWSE_CSV,2026-08-12 14:15:34 +0800
1150812,2026-08-12,上市,1216,統一,76.30,0.4000,75.80,76.30,75.40,9897000,752750300,3038,TWSE_CSV,2026-08-12 14:15:34 +0800
1150812,2026-08-12,上市,1217,愛之味,9.90,0.0400,9.84,9.93,9.84,398000,3937400,183,TWSE_CSV,2026-08-12 14:15:34 +0800
1150812,2026-08-12,上市,1218,泰山,15.55,-0.1500,15.75,15.75,15.55,589000,9199350,262,TWSE_CSV,2026-08-12 14:15:34 +0800
1150812,2026-08-12,上市,1219,福壽,10.95,0.1000,10.80,11.00,10.70,489000,5319900,182,TWSE_CSV,2026-08-12 14:15:34 +0800
1150812,2026-08-12,上市,1220,台榮,11.05,-0.1000,11.10,11.15,11.05,124000,1376600,79,TWSE_CSV,2026-08-12 14:15:34 +0800
1150812,2026-08-12,上市,1225,福懋油,24.90,0.3000,25.25,25.25,24.65,70000,1745800,52,TWSE_CSV,2026-08-12 14:15:34 +0800
1150812,2026-08-12,上市,1227,佳格,28.70,-0.2000,28.80,28.85,28.45,968000,27771900,591,TWSE_CSV,2026-08-12 14:15:34 +0800
1150812,2026-08-12,上市,1229,聯華,41.50,-0.4000,41.90,41.95,41.35,1687000,70209450,1060,TWSE_CSV,2026-08-12 14:15:34 +0800
1150812,2026-08-12,上市,1231,聯華食,81.40,0.2000,81.80,82.20,81.20,317000,25871800,213,TWSE_CSV,2026-08-12 14:15:34 +0800
1150812,2026-08-12,上市,1232,大統益,155.00,0.5000,156.00,156.00,154.00,163000,25242500,124,TWSE_CSV,2026-08-12 14:15:34 +0800
1150812,2026-08-12,上市,1233,天仁,27.90,-0.1000,27.85,28.00,27.75,11000,306450,9,TWSE_CSV,2026-08-12 14:15:34 +0800
1150812,2026-08-12,上市,1234,黑松,33.65,0.1500,33.60,33.80,33.50,107000,3600300,63,TWSE_CSV,2026-08-12 14:15:34 +0800
1150812,2026-08-12,上市,1235,興泰,35.55,-0.7000,36.25,36.75,35.55,9000,325400,9,TWSE_CSV,2026-08-12 14:15:34 +0800
1150812,2026-08-12,上市,1236,宏亞,24.90,-0.3000,24.95,24.95,24.50,107000,2653200,83,TWSE_CSV,2026-08-12 14:15:34 +0800
1150812,2026-08-12,上市,1256,鮮活果汁-KY,180.00,0.5000,180.00,180.50,178.00,20000,3589000,19,TWSE_CSV,2026-08-12 14:15:34 +0800
1150812,2026-08-12,上市,1301,台塑,56.20,0.6000,55.70,56.50,55.60,14591000,819645900,5866,TWSE_CSV,2026-08-12 14:15:34 +0800
1150812,2026-08-12,上市,1303,南亞,189.00,-1.0000,195.00,197.50,187.00,77481000,14806532000,44317,TWSE_CSV,2026-08-12 14:15:34 +0800
1150812,2026-08-12,上市,1304,台聚,12.10,0.1500,12.05,12.10,11.90,1921000,23079400,592,TWSE_CSV,2026-08-12 14:15:34 +0800
1150812,2026-08-12,上市,1305,華夏,11.75,0.1500,11.65,11.80,11.55,1115000,13046100,483,TWSE_CSV,2026-08-12 14:15:34 +0800
1150812,2026-08-12,上市,1307,三芳,30.90,-0.1000,31.10,31.30,30.90,589000,18288150,402,TWSE_CSV,2026-08-12 14:15:34 +0800
1150812,2026-08-12,上市,1308,亞聚,13.70,0.1000,13.65,13.75,13.60,1118000,15293800,517,TWSE_CSV,2026-08-12 14:15:34 +0800
1150812,2026-08-12,上市,1309,台達化,13.15,0.1500,13.05,13.15,12.95,1327000,17342350,566,TWSE_CSV,2026-08-12 14:15:34 +0800
1150812,2026-08-12,上市,1310,台苯,8.09,0.0800,8.08,8.10,8.01,2160000,17416340,840,TWSE_CSV,2026-08-12 14:15:34 +0800
1150812,2026-08-12,上市,1312,國喬,11.75,-0.1000,11.90,11.90,11.70,3942000,46434450,1165,TWSE_CSV,2026-08-12 14:15:34 +0800
1150812,2026-08-12,上市,1313,聯成,11.40,0.1000,11.35,11.45,11.25,1355000,15373400,502,TWSE_CSV,2026-08-12 14:15:34 +0800
1150812,2026-08-12,上市,1314,中石化,7.78,0.0800,7.66,7.87,7.66,18685000,145120800,4788,TWSE_CSV,2026-08-12 14:15:34 +0800
1150812,2026-08-12,上市,1315,達新,63.60,-0.8000,64.70,64.70,63.50,19000,1213800,17,TWSE_CSV,2026-08-12 14:15:34 +0800
1150812,2026-08-12,上市,1316,上曜,10.25,0.2000,10.10,10.30,10.10,1870000,19076400,598,TWSE_CSV,2026-08-12 14:15:34 +0800
1150812,2026-08-12,上市,1319,東陽,79.20,0.4000,79.00,79.40,78.10,3276000,258334800,1736,TWSE_CSV,2026-08-12 14:15:34 +0800
1150812,2026-08-12,上市,1321,大洋,32.30,0.3500,32.05,32.45,32.00,142000,4582350,96,TWSE_CSV,2026-08-12 14:15:34 +0800
1150812,2026-08-12,上市,1323,永裕,21.60,0.0500,21.20,21.70,20.95,145000,3079100,90,TWSE_CSV,2026-08-12 14:15:34 +0800
1150812,2026-08-12,上市,1324,地球,10.05,0.0500,10.05,10.05,10.05,5000,50250,5,TWSE_CSV,2026-08-12 14:15:34 +0800
1150812,2026-08-12,上市,1325,恆大,26.55,0.2500,26.30,27.00,26.30,323000,8635850,214,TWSE_CSV,2026-08-12 14:15:34 +0800
1150812,2026-08-12,上市,1326,台化,59.60,1.4000,58.70,60.00,58.70,20006000,1191033700,9567,TWSE_CSV,2026-08-12 14:15:34 +0800
1150812,2026-08-12,上市,1337,再生-KY,4.69,-0.0200,4.71,4.76,4.67,222000,1043170,112,TWSE_CSV,2026-08-12 14:15:34 +0800
1150812,2026-08-12,上市,1338,廣華-KY,15.10,-0.0500,15.05,15.10,14.95,83000,1247150,39,TWSE_CSV,2026-08-12 14:15:34 +0800
1150812,2026-08-12,上市,1339,昭輝,46.05,0.6500,45.25,46.05,45.00,155000,7073150,115,TWSE_CSV,2026-08-12 14:15:34 +0800
1150812,2026-08-12,上市,1340,勝悅-KY,5.20,-0.0200,5.22,5.24,5.18,163000,847750,84,TWSE_CSV,2026-08-12 14:15:34 +0800
1150812,2026-08-12,上市,1341,富林-KY,59.70,1.0000,58.90,59.80,58.90,13000,772300,9,TWSE_CSV,2026-08-12 14:15:34 +0800
1150812,2026-08-12,上市,1342,八貫,103.00,0.5000,102.00,103.50,102.00,148000,15219000,125,TWSE_CSV,2026-08-12 14:15:34 +0800
1150812,2026-08-12,上市,1402,遠東新,27.55,0.2500,27.30,27.90,27.30,23480000,648063950,5603,TWSE_CSV,2026-08-12 14:15:34 +0800
1150812,2026-08-12,上市,1409,新纖,24.80,0.5500,24.35,25.30,24.35,14351000,356302950,5751,TWSE_CSV,2026-08-12 14:15:34 +0800
1150812,2026-08-12,上市,1410,南染,26.05,0.5000,25.70,26.25,25.65,41000,1064650,41,TWSE_CSV,2026-08-12 14:15:34 +0800
1150812,2026-08-12,上市,1413,宏洲,9.31,-0.1800,9.23,9.45,9.23,13000,121330,12,TWSE_CSV,2026-08-12 14:15:34 +0800
1150812,2026-08-12,上市,1414,東和,19.05,-0.2500,19.70,19.70,19.00,195000,3730100,154,TWSE_CSV,2026-08-12 14:15:34 +0800
1150812,2026-08-12,上市,1416,廣豐,11.40,0.4500,11.20,11.50,11.20,4608000,51946850,613,TWSE_CSV,2026-08-12 14:15:34 +0800
1150812,2026-08-12,上市,1417,嘉裕,8.30,0.0000,8.30,8.35,8.26,144000,1197700,54,TWSE_CSV,2026-08-12 14:15:34 +0800
1150812,2026-08-12,上市,1418,東華,18.05,0.0500,17.85,18.05,17.80,5000,89550,5,TWSE_CSV,2026-08-12 14:15:34 +0800
1150812,2026-08-12,上市,1419,新紡,65.30,-0.1000,65.20,65.60,65.00,34000,2221600,34,TWSE_CSV,2026-08-12 14:15:34 +0800
1150812,2026-08-12,上市,1423,利華,35.60,-0.5000,36.00,36.20,35.50,26000,930700,13,TWSE_CSV,2026-08-12 14:15:34 +0800
1150812,2026-08-12,上市,1432,大魯閣,15.15,-0.1500,15.30,15.30,15.15,103000,1567150,75,TWSE_CSV,2026-08-12 14:15:34 +0800
1150812,2026-08-12,上市,1434,福懋,17.70,-0.0500,17.80,17.95,17.70,1159000,20604950,575,TWSE_CSV,2026-08-12 14:15:34 +0800
1150812,2026-08-12,上市,1435,中福,23.70,0.1000,23.60,24.80,23.60,29000,708400,27,TWSE_CSV,2026-08-12 14:15:34 +0800
1150812,2026-08-12,上市,1436,華友聯,37.85,0.6000,37.50,38.20,37.20,237000,8941600,144,TWSE_CSV,2026-08-12 14:15:34 +0800
1150812,2026-08-12,上市,1437,勤益控,30.40,0.0000,30.45,30.70,30.30,188000,5735100,88,TWSE_CSV,2026-08-12 14:15:34 +0800
1150812,2026-08-12,上市,1438,三地開發,22.40,-0.0500,22.45,22.45,22.25,22000,492450,12,TWSE_CSV,2026-08-12 14:15:34 +0800
1150812,2026-08-12,上市,1439,雋揚,28.85,0.0000,29.45,29.45,28.50,34000,983700,21,TWSE_CSV,2026-08-12 14:15:34 +0800
1150812,2026-08-12,上市,1440,南紡,13.60,-0.1000,13.65,13.95,13.60,2334000,32119700,894,TWSE_CSV,2026-08-12 14:15:34 +0800
1150812,2026-08-12,上市,1441,大東,8.97,0.0900,8.88,8.99,8.88,3000,26840,3,TWSE_CSV,2026-08-12 14:15:34 +0800
1150812,2026-08-12,上市,1442,名軒,29.65,-0.2000,29.65,30.10,29.65,162000,4836900,111,TWSE_CSV,2026-08-12 14:15:34 +0800
1150812,2026-08-12,上市,1443,立益物流,25.75,0.0000,25.75,25.90,25.60,4000,103000,4,TWSE_CSV,2026-08-12 14:15:34 +0800
1150812,2026-08-12,上市,1444,力麗,7.25,0.1100,7.15,7.30,7.10,1610000,11548230,502,TWSE_CSV,2026-08-12 14:15:34 +0800
1150812,2026-08-12,上市,1445,大宇,10.20,0.0000,10.15,10.35,10.15,78000,796850,39,TWSE_CSV,2026-08-12 14:15:34 +0800
1150812,2026-08-12,上市,1446,宏和,14.00,0.0000,13.90,14.05,13.90,106000,1481100,54,TWSE_CSV,2026-08-12 14:15:34 +0800
1150812,2026-08-12,上市,1447,力鵬,7.05,0.0500,7.00,7.13,6.95,1929000,13541530,651,TWSE_CSV,2026-08-12 14:15:34 +0800
1150812,2026-08-12,上市,1449,佳和,12.65,0.0000,12.70,12.75,12.60,229000,2901650,125,TWSE_CSV,2026-08-12 14:15:34 +0800
1150812,2026-08-12,上市,1451,年興,17.40,-0.1000,17.50,17.50,17.40,51000,888650,31,TWSE_CSV,2026-08-12 14:15:34 +0800
1150812,2026-08-12,上市,1452,宏益,11.35,0.0500,11.30,11.40,11.25,69000,781350,31,TWSE_CSV,2026-08-12 14:15:34 +0800
1150812,2026-08-12,上市,1453,大將,11.25,0.2500,11.00,11.30,11.00,108000,1202550,33,TWSE_CSV,2026-08-12 14:15:34 +0800
1150812,2026-08-12,上市,1454,台富,12.80,0.0000,12.65,12.95,12.65,12000,154400,12,TWSE_CSV,2026-08-12 14:15:34 +0800
1150812,2026-08-12,上市,1455,集盛,9.97,0.3700,9.61,9.99,9.61,2061000,20299630,736,TWSE_CSV,2026-08-12 14:15:34 +0800
1150812,2026-08-12,上市,1456,怡華,13.80,0.0000,13.80,14.25,13.80,38000,530100,21,TWSE_CSV,2026-08-12 14:15:34 +0800
1150812,2026-08-12,上市,1457,宜進,14.40,0.2500,14.25,14.70,14.25,273000,3959750,121,TWSE_CSV,2026-08-12 14:15:34 +0800
1150812,2026-08-12,上市,1459,聯發,14.45,0.7500,13.85,15.05,13.70,509000,7323550,280,TWSE_CSV,2026-08-12 14:15:34 +0800
1150812,2026-08-12,上市,1460,宏遠,6.66,-0.0100,6.67,6.75,6.63,278000,1855800,112,TWSE_CSV,2026-08-12 14:15:34 +0800
1150812,2026-08-12,上市,1463,強盛新,17.70,-0.1500,17.75,17.80,17.70,33000,584850,17,TWSE_CSV,2026-08-12 14:15:34 +0800
1150812,2026-08-12,上市,1464,得力,10.25,0.0500,10.25,10.35,10.20,197000,2021000,116,TWSE_CSV,2026-08-12 14:15:34 +0800
1150812,2026-08-12,上市,1465,偉全,12.40,0.0500,12.35,12.40,12.15,240000,2937650,176,TWSE_CSV,2026-08-12 14:15:34 +0800
1150812,2026-08-12,上市,1466,聚隆,16.60,-0.1500,16.75,16.75,16.45,193000,3191450,151,TWSE_CSV,2026-08-12 14:15:34 +0800
1150812,2026-08-12,上市,1467,南緯,9.15,-0.0200,9.26,9.26,9.00,264000,2399880,178,TWSE_CSV,2026-08-12 14:15:34 +0800
1150812,2026-08-12,上市,1468,昶和,13.40,0.0000,13.35,13.40,13.15,36000,478500,30,TWSE_CSV,2026-08-12 14:15:34 +0800
1150812,2026-08-12,上市,1470,大統新創,23.45,0.0500,23.10,23.95,23.10,10000,233100,8,TWSE_CSV,2026-08-12 14:15:34 +0800
1150812,2026-08-12,上市,1471,首利,9.50,0.0800,9.35,9.58,9.35,224000,2129770,109,TWSE_CSV,2026-08-12 14:15:34 +0800
1150812,2026-08-12,上市,1472,三洋實業,89.50,0.5000,88.90,89.50,88.90,2000,178400,2,TWSE_CSV,2026-08-12 14:15:34 +0800
1150812,2026-08-12,上市,1473,台南,20.15,-0.0500,20.10,20.20,19.95,37000,742250,31,TWSE_CSV,2026-08-12 14:15:34 +0800
1150812,2026-08-12,上市,1474,弘裕,10.10,0.0000,10.10,10.10,10.00,33000,331900,25,TWSE_CSV,2026-08-12 14:15:34 +0800
1150812,2026-08-12,上市,1475,業旺,27.10,-0.0500,26.85,27.15,26.85,32000,866800,23,TWSE_CSV,2026-08-12 14:15:34 +0800
1150812,2026-08-12,上市,1476,儒鴻,324.50,-7.5000,335.00,335.50,324.00,1718000,560614500,1354,TWSE_CSV,2026-08-12 14:15:34 +0800
1150812,2026-08-12,上市,1477,聚陽,219.00,-2.5000,223.50,224.00,218.50,2472000,545238000,1482,TWSE_CSV,2026-08-12 14:15:34 +0800
1150812,2026-08-12,上市,1503,士電,199.00,2.0000,197.00,201.50,197.00,1299000,259416000,1043,TWSE_CSV,2026-08-12 14:15:34 +0800
1150812,2026-08-12,上市,1504,東元,67.30,-0.1000,67.40,68.20,67.20,5774000,390331600,3166,TWSE_CSV,2026-08-12 14:15:34 +0800
1150812,2026-08-12,上市,1506,正道,10.50,-0.1000,10.65,10.65,10.35,211000,2205550,70,TWSE_CSV,2026-08-12 14:15:34 +0800
1150812,2026-08-12,上市,1512,瑞利,6.65,0.0900,6.56,6.70,6.55,53000,350560,35,TWSE_CSV,2026-08-12 14:15:34 +0800
1150812,2026-08-12,上市,1513,中興電,165.50,5.0000,161.50,168.00,161.00,7045000,1167071500,4548,TWSE_CSV,2026-08-12 14:15:34 +0800
1150812,2026-08-12,上市,1514,亞力,102.00,0.0000,102.50,104.00,102.00,1903000,195474000,1270,TWSE_CSV,2026-08-12 14:15:34 +0800
1150812,2026-08-12,上市,1515,力山,31.25,0.0500,31.20,32.30,30.60,859000,26842650,558,TWSE_CSV,2026-08-12 14:15:34 +0800
1150812,2026-08-12,上市,1516,川飛,15.45,0.0500,15.40,15.45,15.10,27000,409900,14,TWSE_CSV,2026-08-12 14:15:34 +0800
1150812,2026-08-12,上市,1517,利奇,12.05,-0.2500,12.20,12.20,11.80,1265000,15119250,629,TWSE_CSV,2026-08-12 14:15:34 +0800
1150812,2026-08-12,上市,1519,華城,720.00,17.0000,708.00,727.00,708.00,2214000,1595424000,1846,TWSE_CSV,2026-08-12 14:15:34 +0800
1150812,2026-08-12,上市,1521,大億,25.50,0.5000,25.40,25.50,25.00,18000,456450,16,TWSE_CSV,2026-08-12 14:15:34 +0800
1150812,2026-08-12,上市,1522,堤維西,28.50,0.2500,28.35,28.65,28.10,592000,16803250,391,TWSE_CSV,2026-08-12 14:15:34 +0800
1150812,2026-08-12,上市,1524,耿鼎,27.15,-0.0500,27.35,27.35,27.05,222000,6027350,167,TWSE_CSV,2026-08-12 14:15:34 +0800
1150812,2026-08-12,上市,1525,江申,67.30,-0.2000,67.90,67.90,67.30,3000,202900,3,TWSE_CSV,2026-08-12 14:15:34 +0800
1150812,2026-08-12,上市,1526,日馳,18.55,-0.4500,18.50,18.65,18.20,738000,13583950,416,TWSE_CSV,2026-08-12 14:15:34 +0800
1150812,2026-08-12,上市,1527,鑽全,32.80,0.1000,32.95,33.00,32.75,148000,4867800,110,TWSE_CSV,2026-08-12 14:15:34 +0800
1150812,2026-08-12,上市,1528,恩德,19.40,0.4000,19.00,19.50,18.90,776000,14975050,513,TWSE_CSV,2026-08-12 14:15:34 +0800
1150812,2026-08-12,上市,1529,樂事綠能,17.10,0.2000,17.10,17.30,16.90,278000,4758850,156,TWSE_CSV,2026-08-12 14:15:34 +0800
1150812,2026-08-12,上市,1530,亞崴,28.65,-0.1500,29.20,29.45,28.55,68000,1968000,45,TWSE_CSV,2026-08-12 14:15:34 +0800
1150812,2026-08-12,上市,1531,高林股,12.95,-0.1000,13.05,13.05,12.95,103000,1336750,48,TWSE_CSV,2026-08-12 14:15:34 +0800
1150812,2026-08-12,上市,1532,勤美,22.00,0.1500,21.95,22.05,21.75,271000,5948000,162,TWSE_CSV,2026-08-12 14:15:34 +0800
1150812,2026-08-12,上市,1533,車王電,32.10,0.0000,31.75,32.70,31.00,238000,7597150,167,TWSE_CSV,2026-08-12 14:15:34 +0800
1150812,2026-08-12,上市,1535,中宇,46.10,0.0500,46.00,46.65,46.00,43000,1990200,33,TWSE_CSV,2026-08-12 14:15:34 +0800
1150812,2026-08-12,上市,1536,和大,52.00,0.8000,51.20,52.80,51.20,2079000,108458400,1142,TWSE_CSV,2026-08-12 14:15:34 +0800
1150812,2026-08-12,上市,1537,廣隆,127.50,0.5000,127.00,128.50,127.00,112000,14324500,90,TWSE_CSV,2026-08-12 14:15:34 +0800
1150812,2026-08-12,上市,1538,正峰,0.00,0.0000,0.00,0.00,0.00,0,0,0,TWSE_CSV,2026-08-12 14:15:34 +0800
1150812,2026-08-12,上市,1539,巨庭,16.25,-0.1500,16.35,16.40,16.15,43000,698550,39,TWSE_CSV,2026-08-12 14:15:34 +0800
1150812,2026-08-12,上市,1540,喬福,19.80,0.1500,19.70,20.00,19.70,176000,3502150,114,TWSE_CSV,2026-08-12 14:15:34 +0800
1150812,2026-08-12,上市,1541,錩泰,21.60,0.1000,21.60,22.50,21.55,22000,478600,20,TWSE_CSV,2026-08-12 14:15:34 +0800
1150812,2026-08-12,上市,1558,伸興,97.00,1.6000,95.60,97.40,95.60,128000,12361300,101,TWSE_CSV,2026-08-12 14:15:34 +0800
1150812,2026-08-12,上市,1560,中砂,728.00,41.0000,704.00,735.00,680.00,3180000,2264425000,2570,TWSE_CSV,2026-08-12 14:15:34 +0800
1150812,2026-08-12,上市,1563,巧新,65.30,3.2000,63.40,65.50,61.70,3093000,196738200,2086,TWSE_CSV,2026-08-12 14:15:34 +0800
1150812,2026-08-12,上市,1568,倉佑,28.90,0.4000,28.65,29.25,28.65,315000,9138050,230,TWSE_CSV,2026-08-12 14:15:34 +0800
1150812,2026-08-12,上市,1582,信錦,75.40,0.1000,75.50,75.60,74.80,499000,37508300,379,TWSE_CSV,2026-08-12 14:15:34 +0800
1150812,2026-08-12,上市,1583,程泰,49.65,0.1000,49.95,49.95,49.25,8000,397800,8,TWSE_CSV,2026-08-12 14:15:34 +0800
1150812,2026-08-12,上市,1587,吉茂,24.50,0.2500,24.20,24.50,24.20,200000,4884450,106,TWSE_CSV,2026-08-12 14:15:34 +0800
1150812,2026-08-12,上市,1590,亞德客-KY,1595.00,35.0000,1530.00,1615.00,1530.00,560000,891210000,485,TWSE_CSV,2026-08-12 14:15:34 +0800
1150812,2026-08-12,上市,1597,直得,149.00,1.0000,147.00,151.50,146.50,1222000,182594000,985,TWSE_CSV,2026-08-12 14:15:34 +0800
1150812,2026-08-12,上市,1598,岱宇,20.60,0.0000,20.60,20.70,20.40,254000,5211150,108,TWSE_CSV,2026-08-12 14:15:34 +0800
1150812,2026-08-12,上市,1603,華電,29.95,0.5500,29.55,30.25,29.55,429000,12849500,243,TWSE_CSV,2026-08-12 14:15:34 +0800
1150812,2026-08-12,上市,1604,聲寶,23.15,-0.1000,23.25,23.30,23.15,139000,3225300,72,TWSE_CSV,2026-08-12 14:15:34 +0800
1150812,2026-08-12,上市,1605,華新,40.00,1.7000,38.50,41.00,38.30,93713000,3769630450,33157,TWSE_CSV,2026-08-12 14:15:34 +0800
1150812,2026-08-12,上市,1608,華榮,37.95,1.5000,36.30,39.20,36.30,19433000,740478300,9623,TWSE_CSV,2026-08-12 14:15:34 +0800
1150812,2026-08-12,上市,1609,大亞,37.70,0.5500,37.25,38.20,37.15,5181000,196348500,2590,TWSE_CSV,2026-08-12 14:15:34 +0800
1150812,2026-08-12,上市,1611,中電,11.95,0.0500,11.85,12.00,11.85,299000,3568200,147,TWSE_CSV,2026-08-12 14:15:34 +0800
1150812,2026-08-12,上市,1612,宏泰,34.65,0.6500,34.10,34.95,34.05,2288000,79225600,1290,TWSE_CSV,2026-08-12 14:15:34 +0800
1150812,2026-08-12,上市,1614,三洋電,30.80,-0.1500,31.00,31.00,30.60,61000,1876450,45,TWSE_CSV,2026-08-12 14:15:34 +0800
1150812,2026-08-12,上市,1615,大山,44.80,2.5500,43.10,45.60,43.10,698000,31233600,492,TWSE_CSV,2026-08-12 14:15:34 +0800
1150812,2026-08-12,上市,1616,億泰,19.90,0.3000,19.60,20.00,19.60,388000,7699650,179,TWSE_CSV,2026-08-12 14:15:34 +0800
1150812,2026-08-12,上市,1617,榮星,19.00,0.0000,19.00,19.15,18.85,573000,10893150,355,TWSE_CSV,2026-08-12 14:15:34 +0800
1150812,2026-08-12,上市,1618,合機,41.35,0.5500,41.00,41.50,41.00,1056000,43621600,629,TWSE_CSV,2026-08-12 14:15:34 +0800
1150812,2026-08-12,上市,1623,大東電,213.00,5.0000,209.00,214.50,209.00,96000,20396000,91,TWSE_CSV,2026-08-12 14:15:34 +0800
1150812,2026-08-12,上市,1626,艾美特-KY,9.54,0.0000,9.55,9.60,9.51,73000,697390,44,TWSE_CSV,2026-08-12 14:15:34 +0800
1150812,2026-08-12,上市,1702,南僑,33.20,-0.1500,33.30,33.40,33.10,139000,4619700,93,TWSE_CSV,2026-08-12 14:15:34 +0800
1150812,2026-08-12,上市,1707,葡萄王,89.00,-0.6000,89.60,90.10,89.00,401000,35861500,293,TWSE_CSV,2026-08-12 14:15:34 +0800
1150812,2026-08-12,上市,1708,東鹼,49.30,0.0500,49.65,50.50,49.20,2237000,111242550,1333,TWSE_CSV,2026-08-12 14:15:34 +0800
1150812,2026-08-12,上市,1709,和益,28.00,0.6000,27.45,28.30,27.05,5115000,142267550,2301,TWSE_CSV,2026-08-12 14:15:34 +0800
1150812,2026-08-12,上市,1710,東聯,15.25,0.3000,15.20,15.35,15.00,4825000,73143000,1822,TWSE_CSV,2026-08-12 14:15:34 +0800
1150812,2026-08-12,上市,1711,永光,39.25,1.4000,38.20,40.30,38.05,10084000,397982950,5333,TWSE_CSV,2026-08-12 14:15:34 +0800
1150812,2026-08-12,上市,1712,興農,39.10,-0.3000,39.40,39.60,39.10,1099000,43203500,719,TWSE_CSV,2026-08-12 14:15:34 +0800
1150812,2026-08-12,上市,1713,國化,46.00,1.1000,44.90,46.65,44.55,344000,15660000,221,TWSE_CSV,2026-08-12 14:15:34 +0800
1150812,2026-08-12,上市,1714,和桐,17.40,0.7500,16.65,17.50,16.65,24639000,421751100,8922,TWSE_CSV,2026-08-12 14:15:34 +0800
1150812,2026-08-12,上市,1717,長興,78.60,6.7000,72.50,79.00,72.30,44133000,3431806500,23074,TWSE_CSV,2026-08-12 14:15:34 +0800
1150812,2026-08-12,上市,1718,中纖,11.20,1.0000,10.30,11.20,10.30,43127000,466165550,9696,TWSE_CSV,2026-08-12 14:15:34 +0800
1150812,2026-08-12,上市,1720,生達,56.50,0.1000,56.50,56.80,56.20,214000,12104900,161,TWSE_CSV,2026-08-12 14:15:34 +0800
1150812,2026-08-12,上市,1721,三晃,20.20,0.4000,19.80,20.50,19.80,827000,16784650,419,TWSE_CSV,2026-08-12 14:15:34 +0800
1150812,2026-08-12,上市,1722,台肥,46.10,0.0000,46.00,46.25,46.00,1131000,52145350,610,TWSE_CSV,2026-08-12 14:15:34 +0800
1150812,2026-08-12,上市,1723,中碳,84.80,-0.4000,84.80,86.00,84.70,282000,24010200,232,TWSE_CSV,2026-08-12 14:15:34 +0800
1150812,2026-08-12,上市,1725,元禎,30.90,0.3000,31.00,31.20,30.80,51000,1581350,39,TWSE_CSV,2026-08-12 14:15:34 +0800
1150812,2026-08-12,上市,1726,永記,77.50,0.1000,77.40,78.00,77.10,26000,2012300,24,TWSE_CSV,2026-08-12 14:15:34 +0800
1150812,2026-08-12,上市,1727,中華化,79.30,2.7000,77.00,82.30,76.60,3125000,249686500,2116,TWSE_CSV,2026-08-12 14:15:34 +0800
1150812,2026-08-12,上市,1730,花仙子,51.60,0.2000,51.40,51.70,51.40,41000,2112800,31,TWSE_CSV,2026-08-12 14:15:34 +0800
1150812,2026-08-12,上市,1731,美吾華,20.95,-0.1000,21.00,21.05,20.85,96000,2009700,44,TWSE_CSV,2026-08-12 14:15:34 +0800
1150812,2026-08-12,上市,1732,毛寶,26.50,0.4000,26.25,26.50,26.20,148000,3900600,85,TWSE_CSV,2026-08-12 14:15:34 +0800
1150812,2026-08-12,上市,1733,五鼎,30.70,-0.1500,31.00,31.00,30.60,355000,10921650,124,TWSE_CSV,2026-08-12 14:15:34 +0800
1150812,2026-08-12,上市,1734,杏輝,31.70,0.1500,31.50,31.85,31.50,158000,4998300,117,TWSE_CSV,2026-08-12 14:15:34 +0800
1150812,2026-08-12,上市,1735,日勝化,20.65,0.5000,20.20,20.95,20.15,193000,3984400,107,TWSE_CSV,2026-08-12 14:15:34 +0800
1150812,2026-08-12,上市,1736,喬山,139.00,-6.0000,148.00,148.00,138.50,1471000,210897500,1185,TWSE_CSV,2026-08-12 14:15:34 +0800
1150812,2026-08-12,上市,1737,臺鹽,32.00,0.1000,32.05,32.15,31.90,92000,2944600,65,TWSE_CSV,2026-08-12 14:15:34 +0800
1150812,2026-08-12,上市,1752,南光,32.10,0.0000,32.20,32.20,32.10,43000,1382050,27,TWSE_CSV,2026-08-12 14:15:34 +0800
1150812,2026-08-12,上市,1760,寶齡富錦,58.80,-0.5000,59.50,59.50,58.70,131000,7716000,111,TWSE_CSV,2026-08-12 14:15:34 +0800
1150812,2026-08-12,上市,1762,中化生,35.45,-0.6500,36.00,36.35,35.20,243000,8650650,154,TWSE_CSV,2026-08-12 14:15:34 +0800
1150812,2026-08-12,上市,1773,勝一,161.00,0.0000,162.00,164.00,161.00,474000,76960500,416,TWSE_CSV,2026-08-12 14:15:34 +0800
1150812,2026-08-12,上市,1776,展宇,17.25,0.2000,17.55,17.55,17.00,56000,960000,39,TWSE_CSV,2026-08-12 14:15:34 +0800
1150812,2026-08-12,上市,1783,和康生,40.35,0.1000,40.30,41.00,40.25,129000,5204050,59,TWSE_CSV,2026-08-12 14:15:34 +0800
1150812,2026-08-12,上市,1786,科妍,51.60,0.4000,51.40,52.20,51.20,142000,7322400,107,TWSE_CSV,2026-08-12 14:15:34 +0800
1150812,2026-08-12,上市,1789,神隆,18.85,-0.1000,18.80,19.15,18.80,302000,5715550,178,TWSE_CSV,2026-08-12 14:15:34 +0800
1150812,2026-08-12,上市,1795,美時,188.50,-0.5000,189.00,190.00,187.00,705000,132804000,519,TWSE_CSV,2026-08-12 14:15:34 +0800
1150812,2026-08-12,上市,1802,台玻,57.60,1.7000,56.80,59.80,56.70,37820000,2204130200,19285,TWSE_CSV,2026-08-12 14:15:34 +0800
1150812,2026-08-12,上市,1805,寶徠,10.05,0.0600,9.99,10.10,9.99,72000,721760,38,TWSE_CSV,2026-08-12 14:15:34 +0800
1150812,2026-08-12,上市,1806,冠軍,7.97,-0.0300,8.00,8.01,7.95,149000,1188360,65,TWSE_CSV,2026-08-12 14:15:34 +0800
1150812,2026-08-12,上市,1808,潤隆,32.75,0.3000,32.45,32.90,32.25,843000,27448800,438,TWSE_CSV,2026-08-12 14:15:34 +0800
1150812,2026-08-12,上市,1809,中釉,40.70,-1.2500,40.70,41.45,40.25,2168000,88315900,1531,TWSE_CSV,2026-08-12 14:15:34 +0800
1150812,2026-08-12,上市,1810,和成,24.20,-0.6000,24.50,24.70,24.10,3654000,88718200,1760,TWSE_CSV,2026-08-12 14:15:34 +0800
1150812,2026-08-12,上市,1817,凱撒衛,39.50,0.9500,40.00,40.30,39.30,327000,12991000,219,TWSE_CSV,2026-08-12 14:15:34 +0800
1150812,2026-08-12,上市,1903,士紙,47.55,0.4500,47.70,47.90,47.30,76000,3616400,64,TWSE_CSV,2026-08-12 14:15:34 +0800
1150812,2026-08-12,上市,1904,正隆,25.15,0.6500,24.70,25.25,24.35,6100000,152018400,2514,TWSE_CSV,2026-08-12 14:15:34 +0800
1150812,2026-08-12,上市,1905,華紙,13.75,0.3500,13.50,14.00,13.45,2895000,39737150,1242,TWSE_CSV,2026-08-12 14:15:34 +0800
1150812,2026-08-12,上市,1906,寶隆,12.10,1.0000,11.20,12.20,11.20,590000,7012350,289,TWSE_CSV,2026-08-12 14:15:34 +0800
1150812,2026-08-12,上市,1907,永豐餘,30.15,-0.1000,30.25,30.60,30.00,1152000,34756500,670,TWSE_CSV,2026-08-12 14:15:34 +0800
1150812,2026-08-12,上市,1909,榮成,0.00,0.0000,0.00,0.00,0.00,0,0,0,TWSE_CSV,2026-08-12 14:15:34 +0800
1150812,2026-08-12,上市,2002,中鋼,19.75,0.0000,19.85,19.85,19.65,44265000,874373900,8776,TWSE_CSV,2026-08-12 14:15:34 +0800
1150812,2026-08-12,上市,2006,東和鋼鐵,83.80,-1.7000,85.40,85.40,82.90,3158000,265483000,2204,TWSE_CSV,2026-08-12 14:15:34 +0800
1150812,2026-08-12,上市,2007,燁興,7.07,-0.0700,7.03,7.13,7.03,80000,566250,50,TWSE_CSV,2026-08-12 14:15:34 +0800
1150812,2026-08-12,上市,2008,高興昌,30.55,-0.2000,30.55,30.95,30.50,21000,642550,15,TWSE_CSV,2026-08-12 14:15:34 +0800
1150812,2026-08-12,上市,2009,第一銅,41.35,1.3000,40.05,41.95,40.05,6292000,261081700,3235,TWSE_CSV,2026-08-12 14:15:34 +0800
1150812,2026-08-12,上市,2010,春源,22.95,-0.0500,23.00,23.20,22.80,1207000,27679400,639,TWSE_CSV,2026-08-12 14:15:34 +0800
1150812,2026-08-12,上市,2012,春雨,15.00,-0.1500,15.15,15.15,14.95,92000,1384350,54,TWSE_CSV,2026-08-12 14:15:34 +0800
1150812,2026-08-12,上市,2013,中鋼構,41.45,0.0500,41.75,41.75,41.40,99000,4117950,71,TWSE_CSV,2026-08-12 14:15:34 +0800
1150812,2026-08-12,上市,2014,中鴻,17.45,-0.2000,17.50,17.60,17.45,2088000,36547800,897,TWSE_CSV,2026-08-12 14:15:34 +0800
1150812,2026-08-12,上市,2015,豐興,63.50,-1.1000,64.80,64.80,63.50,291000,18571400,210,TWSE_CSV,2026-08-12 14:15:34 +0800
1150812,2026-08-12,上市,2017,官田鋼,8.89,-0.0100,9.03,9.03,8.87,248000,2218150,131,TWSE_CSV,2026-08-12 14:15:34 +0800
1150812,2026-08-12,上市,2020,美亞,21.15,-0.0500,21.25,21.25,21.10,207000,4379950,122,TWSE_CSV,2026-08-12 14:15:34 +0800
1150812,2026-08-12,上市,2022,聚亨,7.83,0.0300,7.84,7.90,7.76,322000,2510830,155,TWSE_CSV,2026-08-12 14:15:34 +0800
1150812,2026-08-12,上市,2023,燁輝,13.80,-0.0500,13.80,13.95,13.80,853000,11821800,371,TWSE_CSV,2026-08-12 14:15:34 +0800
1150812,2026-08-12,上市,2024,志聯,13.30,-0.2000,13.50,13.50,13.15,61000,810050,50,TWSE_CSV,2026-08-12 14:15:34 +0800
1150812,2026-08-12,上市,2025,千興,12.65,-0.0500,12.70,12.70,12.45,436000,5483600,190,TWSE_CSV,2026-08-12 14:15:34 +0800
1150812,2026-08-12,上市,2027,大成鋼,46.85,0.4000,46.45,47.60,46.20,9999000,469900900,4462,TWSE_CSV,2026-08-12 14:15:34 +0800
1150812,2026-08-12,上市,2028,威致,15.50,-0.0500,15.55,15.70,15.35,93000,1443550,58,TWSE_CSV,2026-08-12 14:15:34 +0800
1150812,2026-08-12,上市,2029,盛餘,21.45,0.1500,21.40,21.50,21.30,338000,7238350,189,TWSE_CSV,2026-08-12 14:15:34 +0800
1150812,2026-08-12,上市,2030,彰源,21.55,0.4000,21.15,21.60,20.55,5322000,113201900,2189,TWSE_CSV,2026-08-12 14:15:34 +0800
1150812,2026-08-12,上市,2031,新光鋼,45.35,-0.7500,46.35,46.35,45.15,1654000,75470600,982,TWSE_CSV,2026-08-12 14:15:34 +0800
1150812,2026-08-12,上市,2032,新鋼,17.35,0.0500,17.50,17.60,17.20,677000,11746100,324,TWSE_CSV,2026-08-12 14:15:34 +0800
1150812,2026-08-12,上市,2033,佳大,22.00,1.4500,20.75,22.00,20.55,2259000,47477550,1050,TWSE_CSV,2026-08-12 14:15:34 +0800
1150812,2026-08-12,上市,2034,允強,20.20,-0.2500,20.30,20.50,20.10,1117000,22623300,520,TWSE_CSV,2026-08-12 14:15:34 +0800
1150812,2026-08-12,上市,2038,海光,12.80,-0.2000,12.95,12.95,12.75,215000,2760450,143,TWSE_CSV,2026-08-12 14:15:34 +0800
1150812,2026-08-12,上市,2049,上銀,369.00,1.0000,367.00,374.00,363.50,3324000,1227137500,2473,TWSE_CSV,2026-08-12 14:15:34 +0800
1150812,2026-08-12,上市,2059,川湖,12045.00,-270.0000,12250.00,12295.00,11790.00,309000,3689290000,303,TWSE_CSV,2026-08-12 14:15:34 +0800
1150812,2026-08-12,上市,2062,橋椿,18.70,-0.0500,18.65,18.85,18.65,91000,1704300,66,TWSE_CSV,2026-08-12 14:15:34 +0800
1150812,2026-08-12,上市,2069,運錩,19.90,-0.1500,20.20,20.25,19.90,629000,12655250,290,TWSE_CSV,2026-08-12 14:15:34 +0800
1150812,2026-08-12,上市,2072,世紀風電,151.00,-1.5000,152.50,153.50,150.50,334000,50645500,276,TWSE_CSV,2026-08-12 14:15:34 +0800
1150812,2026-08-12,上市,2101,南港,34.30,0.5000,33.85,34.45,33.85,1373000,46994500,690,TWSE_CSV,2026-08-12 14:15:34 +0800
1150812,2026-08-12,上市,2102,泰豐,19.00,0.2000,18.80,19.15,18.80,158000,3007450,98,TWSE_CSV,2026-08-12 14:15:34 +0800
1150812,2026-08-12,上市,2103,台橡,27.35,-1.3000,28.25,28.35,27.25,16189000,446957050,5231,TWSE_CSV,2026-08-12 14:15:34 +0800
1150812,2026-08-12,上市,2104,國際中橡,10.35,-0.0500,10.40,10.40,10.30,2384000,24651250,666,TWSE_CSV,2026-08-12 14:15:34 +0800
1150812,2026-08-12,上市,2105,正新,32.10,0.3000,31.90,32.35,31.80,5025000,161325350,2180,TWSE_CSV,2026-08-12 14:15:34 +0800
1150812,2026-08-12,上市,2106,建大,18.20,-0.7000,18.55,18.60,18.15,2323000,42610300,976,TWSE_CSV,2026-08-12 14:15:34 +0800
1150812,2026-08-12,上市,2107,厚生,25.35,-0.1500,25.50,25.75,25.30,211000,5370700,110,TWSE_CSV,2026-08-12 14:15:34 +0800
1150812,2026-08-12,上市,2108,南帝,30.85,1.1000,29.95,30.95,29.85,2553000,77961550,1308,TWSE_CSV,2026-08-12 14:15:34 +0800
1150812,2026-08-12,上市,2109,華豐,14.75,0.1000,14.65,14.75,14.65,133000,1954250,56,TWSE_CSV,2026-08-12 14:15:34 +0800
1150812,2026-08-12,上市,2114,鑫永銓,88.40,0.4000,88.10,88.40,87.50,45000,3959800,25,TWSE_CSV,2026-08-12 14:15:34 +0800
1150812,2026-08-12,上市,2115,六暉-KY,23.05,0.0500,22.90,23.20,22.90,119000,2738750,48,TWSE_CSV,2026-08-12 14:15:34 +0800
1150812,2026-08-12,上市,2201,裕隆,28.35,0.6000,27.85,28.60,27.80,3788000,107068900,1770,TWSE_CSV,2026-08-12 14:15:34 +0800
1150812,2026-08-12,上市,2204,中華,51.50,-0.3000,51.90,51.90,51.50,606000,31275200,436,TWSE_CSV,2026-08-12 14:15:34 +0800
1150812,2026-08-12,上市,2206,三陽工業,60.80,-1.2000,61.60,62.00,60.50,1006000,61459500,584,TWSE_CSV,2026-08-12 14:15:34 +0800
1150812,2026-08-12,上市,2207,和泰車,504.00,-7.0000,513.00,516.00,504.00,270000,136750000,258,TWSE_CSV,2026-08-12 14:15:34 +0800
1150812,2026-08-12,上市,2208,台船,19.05,-0.1000,19.15,19.25,19.05,1788000,34162950,643,TWSE_CSV,2026-08-12 14:15:34 +0800
1150812,2026-08-12,上市,2211,長榮鋼,87.60,-0.9000,88.50,88.50,87.60,460000,40453000,331,TWSE_CSV,2026-08-12 14:15:34 +0800
1150812,2026-08-12,上市,2227,裕日車,48.85,-0.1500,48.75,49.20,48.75,21000,1027450,17,TWSE_CSV,2026-08-12 14:15:34 +0800
1150812,2026-08-12,上市,2228,劍麟,75.30,1.1000,74.30,75.80,74.30,91000,6850500,82,TWSE_CSV,2026-08-12 14:15:34 +0800
1150812,2026-08-12,上市,2231,為升,99.00,-4.0000,102.00,102.00,99.00,236000,23573900,187,TWSE_CSV,2026-08-12 14:15:34 +0800
1150812,2026-08-12,上市,2233,宇隆,204.00,3.0000,202.00,206.00,200.50,758000,153597000,565,TWSE_CSV,2026-08-12 14:15:34 +0800
1150812,2026-08-12,上市,2236,百達-KY,130.00,-6.0000,135.50,135.50,129.50,281000,36941500,240,TWSE_CSV,2026-08-12 14:15:34 +0800
1150812,2026-08-12,上市,2237,華德動能-創,27.45,0.4000,27.05,27.80,27.00,596000,16263550,359,TWSE_CSV,2026-08-12 14:15:34 +0800
1150812,2026-08-12,上市,2239,英利-KY,19.35,0.1500,19.40,19.60,19.10,74000,1428800,64,TWSE_CSV,2026-08-12 14:15:34 +0800
1150812,2026-08-12,上市,2241,艾姆勒,33.25,-0.1000,33.80,33.80,33.05,276000,9195000,210,TWSE_CSV,2026-08-12 14:15:34 +0800
1150812,2026-08-12,上市,2243,宏旭-KY,41.00,0.7000,41.00,41.00,40.10,135000,5473850,98,TWSE_CSV,2026-08-12 14:15:34 +0800
1150812,2026-08-12,上市,2247,汎德永業,228.50,-0.5000,229.00,230.00,227.00,23000,5251000,23,TWSE_CSV,2026-08-12 14:15:34 +0800
1150812,2026-08-12,上市,2248,華勝-KY,56.40,-0.5000,58.30,58.50,55.90,127000,7197500,106,TWSE_CSV,2026-08-12 14:15:34 +0800
1150812,2026-08-12,上市,2250,IKKA-KY,60.30,0.6000,60.50,61.00,60.00,50000,3025300,47,TWSE_CSV,2026-08-12 14:15:34 +0800
1150812,2026-08-12,上市,2254,巨鎧精密-創,60.70,-0.2000,61.20,61.20,60.10,4000,243200,4,TWSE_CSV,2026-08-12 14:15:34 +0800
1150812,2026-08-12,上市,2258,鴻華先進-創,31.95,0.8000,31.15,32.40,31.15,726000,23243600,409,TWSE_CSV,2026-08-12 14:15:34 +0800
1150812,2026-08-12,上市,2301,光寶科,259.50,-9.0000,267.00,267.00,254.00,36152000,9373535000,22702,TWSE_CSV,2026-08-12 14:15:34 +0800
1150812,2026-08-12,上市,2302,麗正,45.55,-0.5000,45.65,47.65,45.05,6509000,300095600,4092,TWSE_CSV,2026-08-12 14:15:34 +0800
1150812,2026-08-12,上市,2303,聯電,123.00,0.0000,123.00,125.50,121.00,91861000,11300024500,40646,TWSE_CSV,2026-08-12 14:15:34 +0800
1150812,2026-08-12,上市,2305,全友,27.80,0.5500,27.25,28.25,27.00,4077000,112152550,2272,TWSE_CSV,2026-08-12 14:15:34 +0800
1150812,2026-08-12,上市,2308,台達電,1790.00,-15.0000,1810.00,1830.00,1785.00,8486000,15294825000,6188,TWSE_CSV,2026-08-12 14:15:34 +0800
1150812,2026-08-12,上市,2312,金寶,33.50,0.6500,33.00,34.10,32.90,21629000,727848700,9202,TWSE_CSV,2026-08-12 14:15:34 +0800
1150812,2026-08-12,上市,2313,華通,209.00,-2.5000,211.50,214.00,208.50,13252000,2785572500,8645,TWSE_CSV,2026-08-12 14:15:34 +0800
1150812,2026-08-12,上市,2314,台揚,11.45,-0.0500,11.55,11.60,11.45,153000,1759350,91,TWSE_CSV,2026-08-12 14:15:34 +0800
1150812,2026-08-12,上市,2316,楠梓電,161.50,-10.5000,165.00,166.00,160.50,3495000,569355500,2544,TWSE_CSV,2026-08-12 14:15:34 +0800
1150812,2026-08-12,上市,2317,鴻海,270.00,7.0000,264.50,270.50,264.00,57458000,15444183500,30811,TWSE_CSV,2026-08-12 14:15:34 +0800
1150812,2026-08-12,上市,2321,東訊,15.35,-0.2500,15.30,15.35,15.30,5000,76700,2,TWSE_CSV,2026-08-12 14:15:34 +0800
1150812,2026-08-12,上市,2323,中環,10.30,0.1000,10.20,10.35,10.15,2691000,27650300,756,TWSE_CSV,2026-08-12 14:15:34 +0800
1150812,2026-08-12,上市,2324,仁寶,39.90,3.6000,36.75,39.90,36.60,170369000,6661675500,60330,TWSE_CSV,2026-08-12 14:15:34 +0800
1150812,2026-08-12,上市,2327,國巨*,602.00,-15.0000,607.00,625.00,600.00,54025000,33097471000,41732,TWSE_CSV,2026-08-12 14:15:34 +0800
1150812,2026-08-12,上市,2328,廣宇,46.50,0.4000,46.10,46.85,46.10,1632000,76057800,1043,TWSE_CSV,2026-08-12 14:15:34 +0800
1150812,2026-08-12,上市,2329,華泰,44.70,0.2000,45.00,45.50,44.70,1863000,83868700,1174,TWSE_CSV,2026-08-12 14:15:34 +0800
1150812,2026-08-12,上市,2330,台積電,2415.00,20.0000,2405.00,2415.00,2390.00,17595000,42342245000,9778,TWSE_CSV,2026-08-12 14:15:34 +0800
1150812,2026-08-12,上市,2331,精英,19.30,0.1000,19.20,19.40,19.15,1607000,30956350,651,TWSE_CSV,2026-08-12 14:15:34 +0800
1150812,2026-08-12,上市,2332,友訊,22.30,-0.3000,22.90,22.90,22.20,21057000,471821500,8060,TWSE_CSV,2026-08-12 14:15:34 +0800
1150812,2026-08-12,上市,2337,旺宏,136.50,4.0000,135.00,140.00,134.50,103579000,14179880000,52990,TWSE_CSV,2026-08-12 14:15:34 +0800
1150812,2026-08-12,上市,2338,光罩,40.45,0.5500,39.55,40.90,39.55,1055000,42689250,701,TWSE_CSV,2026-08-12 14:15:34 +0800
1150812,2026-08-12,上市,2340,台亞,31.75,0.7000,31.30,32.20,31.30,1981000,62919850,1157,TWSE_CSV,2026-08-12 14:15:34 +0800
1150812,2026-08-12,上市,2342,茂矽,38.40,1.3500,37.60,39.15,37.55,2662000,102325950,1753,TWSE_CSV,2026-08-12 14:15:34 +0800
1150812,2026-08-12,上市,2344,華邦電,177.00,-1.0000,186.50,193.00,174.50,204743000,37183114000,113858,TWSE_CSV,2026-08-12 14:15:34 +0800
1150812,2026-08-12,上市,2345,智邦,2215.00,80.0000,2140.00,2255.00,2125.00,2759000,6092670000,2412,TWSE_CSV,2026-08-12 14:15:34 +0800
1150812,2026-08-12,上市,2347,聯強,91.60,0.6000,91.00,93.50,91.00,5760000,529725200,2304,TWSE_CSV,2026-08-12 14:15:34 +0800
1150812,2026-08-12,上市,2348,海悅,70.60,0.1000,70.50,70.80,69.80,378000,26587800,241,TWSE_CSV,2026-08-12 14:15:34 +0800
1150812,2026-08-12,上市,2349,錸德,11.10,0.0500,11.10,11.20,11.00,1166000,12950000,392,TWSE_CSV,2026-08-12 14:15:34 +0800
1150812,2026-08-12,上市,2351,順德,172.00,2.5000,169.50,172.50,168.50,1448000,247794500,1069,TWSE_CSV,2026-08-12 14:15:34 +0800
1150812,2026-08-12,上市,2352,佳世達,28.90,0.0000,29.15,29.30,28.80,4671000,135570450,2276,TWSE_CSV,2026-08-12 14:15:34 +0800
1150812,2026-08-12,上市,2353,宏碁,31.75,0.7000,31.00,31.95,30.85,24803000,786512800,8416,TWSE_CSV,2026-08-12 14:15:34 +0800
1150812,2026-08-12,上市,2354,鴻準,63.00,0.3000,63.10,64.60,62.80,16499000,1050232800,8975,TWSE_CSV,2026-08-12 14:15:34 +0800
1150812,2026-08-12,上市,2355,敬鵬,42.80,0.3000,42.45,42.95,42.45,1622000,69383650,1003,TWSE_CSV,2026-08-12 14:15:34 +0800
1150812,2026-08-12,上市,2356,英業達,69.00,3.9000,66.00,71.10,65.90,78948000,5457919100,36151,TWSE_CSV,2026-08-12 14:15:34 +0800
1150812,2026-08-12,上市,2357,華碩,852.00,13.0000,831.00,860.00,831.00,2924000,2488917000,2266,TWSE_CSV,2026-08-12 14:15:34 +0800
1150812,2026-08-12,上市,2359,所羅門,143.00,2.5000,140.00,144.00,139.00,4291000,608383000,2895,TWSE_CSV,2026-08-12 14:15:34 +0800
1150812,2026-08-12,上市,2360,致茂,2195.00,115.0000,2110.00,2230.00,2095.00,2494000,5466285000,2152,TWSE_CSV,2026-08-12 14:15:34 +0800
1150812,2026-08-12,上市,2362,藍天,48.90,1.6000,47.50,49.60,47.50,3366000,164049000,1817,TWSE_CSV,2026-08-12 14:15:34 +0800
1150812,2026-08-12,上市,2363,矽統,55.40,-1.6000,56.90,58.50,55.30,7505000,422677700,4387,TWSE_CSV,2026-08-12 14:15:34 +0800
1150812,2026-08-12,上市,2364,倫飛,78.50,2.5000,79.80,81.40,77.90,1014000,80553400,669,TWSE_CSV,2026-08-12 14:15:34 +0800
1150812,2026-08-12,上市,2365,昆盈,31.20,0.1500,30.90,31.35,30.90,733000,22832250,416,TWSE_CSV,2026-08-12 14:15:34 +0800
1150812,2026-08-12,上市,2367,燿華,45.75,1.0000,44.75,45.75,44.50,6401000,289600350,3525,TWSE_CSV,2026-08-12 14:15:34 +0800
1150812,2026-08-12,上市,2368,金像電,1000.00,36.0000,1015.00,1045.00,964.00,19399000,19414171000,14795,TWSE_CSV,2026-08-12 14:15:34 +0800
1150812,2026-08-12,上市,2369,菱生,33.15,0.0500,33.30,33.90,33.10,4437000,148421200,2547,TWSE_CSV,2026-08-12 14:15:34 +0800
1150812,2026-08-12,上市,2371,大同,26.35,0.4000,26.25,26.90,26.15,9331000,246568900,3125,TWSE_CSV,2026-08-12 14:15:34 +0800
1150812,2026-08-12,上市,2373,震旦行,53.30,-0.1000,53.40,53.70,53.20,24000,1282800,24,TWSE_CSV,2026-08-12 14:15:34 +0800
1150812,2026-08-12,上市,2374,佳能,71.50,0.4000,71.30,72.10,71.20,2179000,156035900,1486,TWSE_CSV,2026-08-12 14:15:34 +0800
1150812,2026-08-12,上市,2375,凱美,127.00,-1.5000,126.50,131.50,125.00,6479000,828024000,4966,TWSE_CSV,2026-08-12 14:15:34 +0800
1150812,2026-08-12,上市,2376,技嘉,375.50,25.0000,352.00,381.00,352.00,17379000,6484339500,11440,TWSE_CSV,2026-08-12 14:15:34 +0800
1150812,2026-08-12,上市,2377,微星,169.00,15.0000,157.00,169.00,152.00,45456000,7564984000,17640,TWSE_CSV,2026-08-12 14:15:34 +0800
1150812,2026-08-12,上市,2379,瑞昱,766.00,-6.0000,772.00,776.00,760.00,1436000,1101351000,1238,TWSE_CSV,2026-08-12 14:15:34 +0800
1150812,2026-08-12,上市,2380,虹光,20.60,1.3000,19.90,20.60,19.50,56000,1114100,43,TWSE_CSV,2026-08-12 14:15:34 +0800
1150812,2026-08-12,上市,2382,廣達,325.50,10.0000,317.00,330.00,316.50,22742000,7366854000,12631,TWSE_CSV,2026-08-12 14:15:34 +0800
1150812,2026-08-12,上市,2383,台光電,5730.00,195.0000,5500.00,5730.00,5480.00,1464000,8280275000,1371,TWSE_CSV,2026-08-12 14:15:34 +0800
1150812,2026-08-12,上市,2385,群光,105.00,0.5000,104.50,106.00,103.50,2990000,313329000,1430,TWSE_CSV,2026-08-12 14:15:34 +0800
1150812,2026-08-12,上市,2387,精元,37.05,-0.1000,37.15,37.35,36.95,604000,22382750,352,TWSE_CSV,2026-08-12 14:15:34 +0800
1150812,2026-08-12,上市,2388,威盛,77.50,-1.7000,79.60,79.80,76.80,4895000,381726200,2970,TWSE_CSV,2026-08-12 14:15:34 +0800
1150812,2026-08-12,上市,2390,云辰,10.60,0.2000,10.55,10.70,10.50,523000,5552950,217,TWSE_CSV,2026-08-12 14:15:34 +0800
1150812,2026-08-12,上市,2392,正崴,39.80,0.2000,39.80,40.95,39.70,3085000,123710250,1524,TWSE_CSV,2026-08-12 14:15:34 +0800
1150812,2026-08-12,上市,2393,億光,63.30,-0.9000,65.00,65.00,62.90,5447000,348313700,3231,TWSE_CSV,2026-08-12 14:15:34 +0800
1150812,2026-08-12,上市,2395,研華,686.00,25.0000,672.00,699.00,667.00,5881000,4050413000,4107,TWSE_CSV,2026-08-12 14:15:34 +0800
1150812,2026-08-12,上市,2397,友通,66.70,-1.0000,67.30,68.10,66.40,1075000,72107800,686,TWSE_CSV,2026-08-12 14:15:34 +0800
1150812,2026-08-12,上市,2399,映泰,45.10,2.6500,42.80,45.60,42.65,11498000,514862850,6272,TWSE_CSV,2026-08-12 14:15:34 +0800
1150812,2026-08-12,上市,2401,凌陽,27.70,0.3000,28.00,28.70,27.60,3927000,109839900,1936,TWSE_CSV,2026-08-12 14:15:34 +0800
1150812,2026-08-12,上市,2402,毅嘉,56.70,1.1000,56.00,57.50,55.90,1906000,108645600,1312,TWSE_CSV,2026-08-12 14:15:34 +0800
1150812,2026-08-12,上市,2404,漢唐,1135.00,-15.0000,1150.00,1170.00,1135.00,1108000,1270415000,940,TWSE_CSV,2026-08-12 14:15:34 +0800
1150812,2026-08-12,上市,2405,輔信,15.90,-0.0500,15.95,16.10,15.85,1318000,21003100,589,TWSE_CSV,2026-08-12 14:15:34 +0800
1150812,2026-08-12,上市,2406,國碩,31.65,-0.1000,31.80,32.20,31.60,4243000,135218400,2269,TWSE_CSV,2026-08-12 14:15:34 +0800
1150812,2026-08-12,上市,2408,南亞科,482.50,-6.5000,497.00,511.00,480.50,91724000,45147638500,62646,TWSE_CSV,2026-08-12 14:15:34 +0800
1150812,2026-08-12,上市,2409,友達,26.25,0.1500,26.40,26.90,26.15,169295000,4476078450,46853,TWSE_CSV,2026-08-12 14:15:34 +0800
1150812,2026-08-12,上市,2412,中華電,136.00,0.0000,137.00,137.00,135.50,8740000,1188890500,4246,TWSE_CSV,2026-08-12 14:15:34 +0800
1150812,2026-08-12,上市,2413,環科,45.75,1.5000,44.60,46.30,44.50,1418000,64778400,900,TWSE_CSV,2026-08-12 14:15:34 +0800
1150812,2026-08-12,上市,2414,精技,52.80,0.9000,51.70,52.80,51.50,605000,31664800,371,TWSE_CSV,2026-08-12 14:15:34 +0800
1150812,2026-08-12,上市,2415,錩新,31.30,1.1500,30.25,31.75,30.15,223000,6924000,154,TWSE_CSV,2026-08-12 14:15:34 +0800
1150812,2026-08-12,上市,2417,圓剛,45.20,1.4000,44.50,46.05,44.25,5822000,263586450,3339,TWSE_CSV,2026-08-12 14:15:34 +0800
1150812,2026-08-12,上市,2419,仲琦,24.95,0.3000,24.70,25.05,24.70,351000,8749400,223,TWSE_CSV,2026-08-12 14:15:34 +0800
1150812,2026-08-12,上市,2420,新巨,56.80,-0.3000,57.40,57.50,56.70,471000,26833800,401,TWSE_CSV,2026-08-12 14:15:34 +0800
1150812,2026-08-12,上市,2421,建準,150.50,-1.0000,151.00,153.50,150.50,1707000,258592500,1323,TWSE_CSV,2026-08-12 14:15:34 +0800
1150812,2026-08-12,上市,2423,固緯,75.00,2.1000,73.10,75.80,73.10,114000,8493000,87,TWSE_CSV,2026-08-12 14:15:34 +0800
1150812,2026-08-12,上市,2424,隴華,8.98,0.3300,8.65,9.13,8.26,10000,88350,10,TWSE_CSV,2026-08-12 14:15:34 +0800
1150812,2026-08-12,上市,2425,承啟,41.90,-4.0500,41.60,42.35,41.40,11480000,477256500,5782,TWSE_CSV,2026-08-12 14:15:34 +0800
1150812,2026-08-12,上市,2426,鼎元,68.90,4.2000,65.00,71.00,65.00,17247000,1192791500,9920,TWSE_CSV,2026-08-12 14:15:34 +0800
1150812,2026-08-12,上市,2427,三商電,21.75,0.0500,21.70,21.85,21.70,293000,6373450,186,TWSE_CSV,2026-08-12 14:15:34 +0800
1150812,2026-08-12,上市,2428,興勤,254.50,23.0000,245.00,254.50,242.50,2239000,561137500,1621,TWSE_CSV,2026-08-12 14:15:34 +0800
1150812,2026-08-12,上市,2429,銘旺科,31.25,-0.5000,31.00,31.50,30.95,318000,9940750,172,TWSE_CSV,2026-08-12 14:15:34 +0800
1150812,2026-08-12,上市,2430,燦坤,17.15,0.0500,17.10,17.25,17.10,35000,601350,29,TWSE_CSV,2026-08-12 14:15:34 +0800
1150812,2026-08-12,上市,2431,聯昌,10.35,-0.1000,10.45,10.50,10.30,151000,1567250,64,TWSE_CSV,2026-08-12 14:15:34 +0800
1150812,2026-08-12,上市,2432,倚天酷碁-創,28.50,0.1000,28.50,28.50,28.15,12000,340000,12,TWSE_CSV,2026-08-12 14:15:34 +0800
1150812,2026-08-12,上市,2433,互盛電,41.85,-0.0500,41.90,41.90,41.80,14000,585950,12,TWSE_CSV,2026-08-12 14:15:34 +0800
1150812,2026-08-12,上市,2434,統懋,53.90,4.9000,49.40,53.90,49.35,886000,46252950,606,TWSE_CSV,2026-08-12 14:15:34 +0800
1150812,2026-08-12,上市,2436,偉詮電,67.60,0.6000,67.70,68.90,66.60,5382000,365420400,3343,TWSE_CSV,2026-08-12 14:15:34 +0800
1150812,2026-08-12,上市,2438,翔耀,18.80,-0.4500,19.25,19.50,18.70,261000,4994250,179,TWSE_CSV,2026-08-12 14:15:34 +0800
1150812,2026-08-12,上市,2439,美律,81.10,-0.8000,82.50,82.50,81.00,1849000,150568600,1576,TWSE_CSV,2026-08-12 14:15:34 +0800
1150812,2026-08-12,上市,2440,太空梭,15.65,-0.1000,15.50,15.65,15.40,269000,4176450,135,TWSE_CSV,2026-08-12 14:15:34 +0800
1150812,2026-08-12,上市,2441,超豐,125.50,1.5000,125.00,130.50,125.00,9309000,1185565000,5813,TWSE_CSV,2026-08-12 14:15:34 +0800
1150812,2026-08-12,上市,2442,新美齊,19.60,0.1000,19.50,19.65,19.50,1450000,28386500,508,TWSE_CSV,2026-08-12 14:15:34 +0800
1150812,2026-08-12,上市,2444,兆勁,11.50,0.3000,11.50,11.75,11.40,245000,2835550,115,TWSE_CSV,2026-08-12 14:15:34 +0800
1150812,2026-08-12,上市,2449,京元電子,259.00,13.0000,246.00,260.00,243.50,21152000,5391382500,14285,TWSE_CSV,2026-08-12 14:15:34 +0800
1150812,2026-08-12,上市,2450,神腦,28.20,-0.0500,28.30,28.30,28.15,134000,3781500,90,TWSE_CSV,2026-08-12 14:15:34 +0800
1150812,2026-08-12,上市,2451,創見,294.50,8.5000,287.00,300.00,286.50,6850000,2025366500,4596,TWSE_CSV,2026-08-12 14:15:34 +0800
1150812,2026-08-12,上市,2453,凌群,52.70,0.5000,52.40,52.90,52.40,119000,6254500,88,TWSE_CSV,2026-08-12 14:15:34 +0800
1150812,2026-08-12,上市,2454,聯發科,4015.00,-5.0000,3950.00,4030.00,3950.00,5503000,22004635000,4311,TWSE_CSV,2026-08-12 14:15:34 +0800
1150812,2026-08-12,上市,2455,全新,384.50,17.0000,372.00,388.00,372.00,3753000,1432212000,3250,TWSE_CSV,2026-08-12 14:15:34 +0800
1150812,2026-08-12,上市,2457,飛宏,23.50,0.2500,23.10,23.70,23.10,943000,22202400,543,TWSE_CSV,2026-08-12 14:15:34 +0800
1150812,2026-08-12,上市,2458,義隆,146.00,0.5000,146.00,147.00,144.50,2637000,384465000,1518,TWSE_CSV,2026-08-12 14:15:34 +0800
1150812,2026-08-12,上市,2459,敦吉,66.20,0.4000,65.90,66.30,65.50,97000,6409200,67,TWSE_CSV,2026-08-12 14:15:34 +0800
1150812,2026-08-12,上市,2460,建通,30.80,-0.5500,31.60,31.60,30.45,667000,20477500,384,TWSE_CSV,2026-08-12 14:15:34 +0800
1150812,2026-08-12,上市,2461,光群雷,18.00,0.7500,18.20,18.90,17.85,3111000,56801650,1458,TWSE_CSV,2026-08-12 14:15:34 +0800
1150812,2026-08-12,上市,2462,良得電,19.70,0.0500,19.80,20.00,19.70,131000,2594050,103,TWSE_CSV,2026-08-12 14:15:34 +0800
1150812,2026-08-12,上市,2464,盟立,196.50,9.0000,185.50,205.00,185.50,28555000,5645579000,18835,TWSE_CSV,2026-08-12 14:15:34 +0800
1150812,2026-08-12,上市,2465,麗臺,95.50,8.6000,87.50,95.50,87.20,8772000,823994800,4548,TWSE_CSV,2026-08-12 14:15:34 +0800
1150812,2026-08-12,上市,2466,冠西電,94.00,2.0000,91.80,94.80,91.80,830000,77791400,610,TWSE_CSV,2026-08-12 14:15:34 +0800
1150812,2026-08-12,上市,2467,志聖,552.00,20.0000,535.00,568.00,535.00,1638000,908687000,1426,TWSE_CSV,2026-08-12 14:15:34 +0800
1150812,2026-08-12,上市,2468,華經,34.75,0.1500,34.65,35.00,34.65,161000,5605200,104,TWSE_CSV,2026-08-12 14:15:34 +0800
1150812,2026-08-12,上市,2471,資通,50.10,0.0000,50.10,50.40,49.85,117000,5863450,77,TWSE_CSV,2026-08-12 14:15:34 +0800
1150812,2026-08-12,上市,2472,立隆電,250.00,5.5000,244.50,258.00,242.50,4379000,1097523500,3298,TWSE_CSV,2026-08-12 14:15:34 +0800
1150812,2026-08-12,上市,2474,可成,205.00,-1.0000,206.00,209.00,204.50,3561000,734235500,2104,TWSE_CSV,2026-08-12 14:15:34 +0800
1150812,2026-08-12,上市,2476,鉅祥,128.00,3.5000,124.50,128.00,123.00,2190000,277745500,1287,TWSE_CSV,2026-08-12 14:15:34 +0800
1150812,2026-08-12,上市,2477,美隆電,21.80,-0.1500,22.00,22.40,21.80,253000,5575750,104,TWSE_CSV,2026-08-12 14:15:34 +0800
1150812,2026-08-12,上市,2478,大毅,128.50,7.5000,123.00,133.00,121.00,14341000,1849052000,8763,TWSE_CSV,2026-08-12 14:15:34 +0800
1150812,2026-08-12,上市,2480,敦陽科,154.00,1.0000,154.50,155.00,153.50,111000,17130500,98,TWSE_CSV,2026-08-12 14:15:34 +0800
1150812,2026-08-12,上市,2481,強茂,139.00,-2.5000,143.50,144.00,138.50,15034000,2117987000,9729,TWSE_CSV,2026-08-12 14:15:34 +0800
1150812,2026-08-12,上市,2482,連宇,16.15,0.1500,16.10,16.25,15.95,168000,2701100,95,TWSE_CSV,2026-08-12 14:15:34 +0800
1150812,2026-08-12,上市,2483,百容,36.45,1.4000,35.25,36.75,35.25,1286000,46465650,925,TWSE_CSV,2026-08-12 14:15:34 +0800
1150812,2026-08-12,上市,2484,希華,73.90,0.6000,72.70,75.30,72.70,10589000,782166100,7031,TWSE_CSV,2026-08-12 14:15:34 +0800
1150812,2026-08-12,上市,2485,兆赫,44.00,1.0500,43.20,44.10,43.00,3399000,148243200,1932,TWSE_CSV,2026-08-12 14:15:34 +0800
1150812,2026-08-12,上市,2486,一詮,230.00,-0.5000,231.00,236.00,229.50,3629000,841875000,2622,TWSE_CSV,2026-08-12 14:15:34 +0800
1150812,2026-08-12,上市,2488,漢平,50.40,0.1000,50.30,50.80,50.20,134000,6763500,83,TWSE_CSV,2026-08-12 14:15:34 +0800
1150812,2026-08-12,上市,2489,瑞軒,33.00,0.2500,33.05,33.30,32.75,6848000,226294050,3525,TWSE_CSV,2026-08-12 14:15:34 +0800
1150812,2026-08-12,上市,2491,吉祥全,34.50,0.3000,34.80,35.55,34.35,328000,11469400,228,TWSE_CSV,2026-08-12 14:15:34 +0800
1150812,2026-08-12,上市,2492,華新科,288.00,-12.5000,298.00,312.00,288.00,65754000,19522954000,46759,TWSE_CSV,2026-08-12 14:15:34 +0800
1150812,2026-08-12,上市,2493,揚博,243.00,3.5000,244.00,248.50,234.50,5309000,1288256500,3935,TWSE_CSV,2026-08-12 14:15:34 +0800
1150812,2026-08-12,上市,2495,普安,39.95,1.1000,39.25,40.50,39.25,1867000,74719950,1159,TWSE_CSV,2026-08-12 14:15:34 +0800
1150812,2026-08-12,上市,2496,卓越,59.70,0.5000,59.20,59.80,59.20,15000,893600,15,TWSE_CSV,2026-08-12 14:15:34 +0800
1150812,2026-08-12,上市,2497,怡利電,48.80,1.2500,47.80,48.95,47.80,378000,18307100,266,TWSE_CSV,2026-08-12 14:15:34 +0800
1150812,2026-08-12,上市,2498,宏達電,40.50,0.0000,40.50,41.20,40.45,2528000,103031800,1320,TWSE_CSV,2026-08-12 14:15:34 +0800
1150812,2026-08-12,上市,2501,國建,23.15,0.7000,22.50,23.20,22.45,3154000,72342850,1290,TWSE_CSV,2026-08-12 14:15:34 +0800
1150812,2026-08-12,上市,2504,國產,31.20,0.2500,31.10,31.35,31.00,1559000,48644800,758,TWSE_CSV,2026-08-12 14:15:34 +0800
1150812,2026-08-12,上市,2505,國揚,18.15,0.0000,18.20,18.25,18.10,195000,3544800,76,TWSE_CSV,2026-08-12 14:15:34 +0800
1150812,2026-08-12,上市,2506,太設,8.60,0.0300,8.57,8.69,8.57,169000,1459910,75,TWSE_CSV,2026-08-12 14:15:34 +0800
1150812,2026-08-12,上市,2509,全坤建,13.55,0.0500,13.50,13.65,13.50,47000,636650,37,TWSE_CSV,2026-08-12 14:15:34 +0800
1150812,2026-08-12,上市,2511,太子,8.29,0.0400,8.23,8.34,8.23,644000,5345740,287,TWSE_CSV,2026-08-12 14:15:34 +0800
1150812,2026-08-12,上市,2514,龍邦,12.20,0.0000,12.25,12.30,12.15,74000,905100,45,TWSE_CSV,2026-08-12 14:15:34 +0800
1150812,2026-08-12,上市,2515,中工,11.95,-0.1000,12.05,12.20,11.95,5323000,64039300,996,TWSE_CSV,2026-08-12 14:15:34 +0800
1150812,2026-08-12,上市,2516,新建,13.95,-0.1500,14.10,14.15,13.90,280000,3925300,71,TWSE_CSV,2026-08-12 14:15:34 +0800
1150812,2026-08-12,上市,2520,冠德,35.25,0.8000,34.45,35.30,34.00,1875000,65669250,952,TWSE_CSV,2026-08-12 14:15:34 +0800
1150812,2026-08-12,上市,2524,京城,34.65,0.0500,34.40,34.70,34.20,69000,2378650,52,TWSE_CSV,2026-08-12 14:15:34 +0800
1150812,2026-08-12,上市,2527,宏璟,46.35,-0.4000,46.75,47.05,46.15,658000,30547900,391,TWSE_CSV,2026-08-12 14:15:34 +0800
1150812,2026-08-12,上市,2528,皇普,20.60,0.4000,20.35,20.65,20.10,390000,8013250,93,TWSE_CSV,2026-08-12 14:15:34 +0800
1150812,2026-08-12,上市,2530,華建,19.40,0.1500,19.20,19.60,19.20,362000,7032900,236,TWSE_CSV,2026-08-12 14:15:34 +0800
1150812,2026-08-12,上市,2534,宏盛,17.00,-0.0500,17.05,17.15,17.00,166000,2835450,103,TWSE_CSV,2026-08-12 14:15:34 +0800
1150812,2026-08-12,上市,2535,達欣工,88.80,0.3000,88.80,89.40,88.40,200000,17751500,167,TWSE_CSV,2026-08-12 14:15:34 +0800
1150812,2026-08-12,上市,2536,宏普,21.25,0.3000,20.90,21.45,20.80,1788000,38054250,934,TWSE_CSV,2026-08-12 14:15:34 +0800
1150812,2026-08-12,上市,2537,聯上發,11.05,0.1000,10.95,11.05,10.95,733000,8056800,200,TWSE_CSV,2026-08-12 14:15:34 +0800
1150812,2026-08-12,上市,2538,基泰,9.13,0.0000,9.13,9.17,9.13,157000,1436400,82,TWSE_CSV,2026-08-12 14:15:34 +0800
1150812,2026-08-12,上市,2539,櫻花建,42.15,0.6000,41.80,42.65,41.55,1210000,51259700,607,TWSE_CSV,2026-08-12 14:15:34 +0800
1150812,2026-08-12,上市,2540,愛山林,44.50,0.5000,43.55,44.85,42.45,4259000,185881800,2121,TWSE_CSV,2026-08-12 14:15:34 +0800
1150812,2026-08-12,上市,2542,興富發,44.80,0.2500,44.70,44.85,44.50,6276000,280619100,2779,TWSE_CSV,2026-08-12 14:15:34 +0800
1150812,2026-08-12,上市,2543,皇昌,41.00,1.7000,39.75,41.00,38.95,2067000,83305950,1076,TWSE_CSV,2026-08-12 14:15:34 +0800
1150812,2026-08-12,上市,2545,皇翔,34.95,1.0500,33.90,35.00,33.90,483000,16783050,332,TWSE_CSV,2026-08-12 14:15:34 +0800
1150812,2026-08-12,上市,2546,根基,99.60,3.4000,96.90,100.00,94.40,475000,46675100,375,TWSE_CSV,2026-08-12 14:15:34 +0800
1150812,2026-08-12,上市,2547,日勝生,10.10,-0.4500,10.15,10.15,9.82,8185000,81925440,2001,TWSE_CSV,2026-08-12 14:15:34 +0800
1150812,2026-08-12,上市,2548,華固,93.60,0.0000,93.40,94.30,93.20,1074000,100749800,834,TWSE_CSV,2026-08-12 14:15:34 +0800
1150812,2026-08-12,上市,2597,潤弘,167.00,-0.5000,168.00,168.50,166.50,141000,23601500,124,TWSE_CSV,2026-08-12 14:15:34 +0800
1150812,2026-08-12,上市,2601,益航,6.16,-0.0700,6.16,6.23,6.08,2337000,14395260,649,TWSE_CSV,2026-08-12 14:15:34 +0800
1150812,2026-08-12,上市,2603,長榮,214.50,-3.5000,217.00,217.00,213.00,9362000,2008953500,5499,TWSE_CSV,2026-08-12 14:15:34 +0800
1150812,2026-08-12,上市,2605,新興,32.55,-0.2000,32.80,33.10,32.30,3699000,120463950,1614,TWSE_CSV,2026-08-12 14:15:34 +0800
1150812,2026-08-12,上市,2606,裕民,67.40,1.0000,67.90,68.40,66.80,3820000,257980800,1813,TWSE_CSV,2026-08-12 14:15:34 +0800
1150812,2026-08-12,上市,2607,榮運,50.50,1.8000,49.50,50.70,49.45,1266000,63467400,645,TWSE_CSV,2026-08-12 14:15:34 +0800
1150812,2026-08-12,上市,2608,嘉里大榮,28.60,0.0000,28.60,28.70,28.55,262000,7494400,137,TWSE_CSV,2026-08-12 14:15:34 +0800
1150812,2026-08-12,上市,2609,陽明,51.70,-0.3000,52.00,52.10,51.30,10261000,528646900,4756,TWSE_CSV,2026-08-12 14:15:34 +0800
1150812,2026-08-12,上市,2610,華航,20.25,0.0000,20.25,20.40,20.10,25444000,515020550,7081,TWSE_CSV,2026-08-12 14:15:34 +0800
1150812,2026-08-12,上市,2611,志信,13.90,-0.1500,14.05,14.10,13.90,145000,2023750,86,TWSE_CSV,2026-08-12 14:15:34 +0800
1150812,2026-08-12,上市,2612,中航,55.00,0.9000,54.10,55.20,54.10,161000,8832600,113,TWSE_CSV,2026-08-12 14:15:34 +0800
1150812,2026-08-12,上市,2613,中櫃,20.45,-0.0500,20.75,20.75,20.40,95000,1947900,72,TWSE_CSV,2026-08-12 14:15:34 +0800
1150812,2026-08-12,上市,2614,東森,17.95,-0.0500,18.15,18.15,17.95,295000,5306700,187,TWSE_CSV,2026-08-12 14:15:34 +0800
1150812,2026-08-12,上市,2615,萬海,87.10,0.0000,87.70,87.70,86.00,7040000,611110200,3632,TWSE_CSV,2026-08-12 14:15:34 +0800
1150812,2026-08-12,上市,2616,山隆,13.40,0.0500,13.40,13.45,13.35,111000,1488850,82,TWSE_CSV,2026-08-12 14:15:34 +0800
1150812,2026-08-12,上市,2617,台航,29.00,-0.2000,29.40,29.45,28.95,919000,26759000,435,TWSE_CSV,2026-08-12 14:15:34 +0800
1150812,2026-08-12,上市,2618,長榮航,42.15,0.4000,41.90,42.60,41.45,22070000,929046750,8282,TWSE_CSV,2026-08-12 14:15:34 +0800
1150812,2026-08-12,上市,2630,亞航,47.90,-0.9000,48.80,48.80,47.65,1659000,79651150,1123,TWSE_CSV,2026-08-12 14:15:34 +0800
1150812,2026-08-12,上市,2633,台灣高鐵,25.80,0.1000,25.80,25.85,25.75,3199000,82519750,863,TWSE_CSV,2026-08-12 14:15:34 +0800
1150812,2026-08-12,上市,2634,漢翔,61.70,-1.1000,61.80,62.20,61.40,13006000,803311500,6942,TWSE_CSV,2026-08-12 14:15:34 +0800
1150812,2026-08-12,上市,2636,台驊控股,67.60,-0.5000,68.30,68.60,67.60,165000,11194500,130,TWSE_CSV,2026-08-12 14:15:34 +0800
1150812,2026-08-12,上市,2637,慧洋-KY,88.00,0.7000,87.30,88.80,86.80,1468000,128772500,869,TWSE_CSV,2026-08-12 14:15:34 +0800
1150812,2026-08-12,上市,2642,宅配通,20.40,-0.0500,20.35,20.50,20.30,34000,693200,26,TWSE_CSV,2026-08-12 14:15:34 +0800
1150812,2026-08-12,上市,2645,長榮航太,182.00,-9.0000,186.00,186.00,179.00,3482000,634479500,2596,TWSE_CSV,2026-08-12 14:15:34 +0800
1150812,2026-08-12,上市,2646,星宇航空,20.55,-0.2000,20.65,20.70,20.45,5870000,120578900,2451,TWSE_CSV,2026-08-12 14:15:34 +0800
1150812,2026-08-12,上市,2701,萬企,10.65,0.0000,10.65,10.75,10.65,50000,535650,30,TWSE_CSV,2026-08-12 14:15:34 +0800
1150812,2026-08-12,上市,2702,華園,12.45,0.0000,12.45,12.50,12.40,14000,174250,12,TWSE_CSV,2026-08-12 14:15:34 +0800
1150812,2026-08-12,上市,2704,國賓,45.35,-0.8000,46.55,46.75,45.35,125000,5726700,84,TWSE_CSV,2026-08-12 14:15:34 +0800
1150812,2026-08-12,上市,2705,六福,16.05,-0.0500,16.15,16.20,16.05,50000,805950,41,TWSE_CSV,2026-08-12 14:15:34 +0800
1150812,2026-08-12,上市,2706,第一店,12.50,0.0000,12.60,12.60,12.45,55000,689950,39,TWSE_CSV,2026-08-12 14:15:34 +0800
1150812,2026-08-12,上市,2707,晶華,179.00,-1.0000,179.50,179.50,178.00,141000,25213500,117,TWSE_CSV,2026-08-12 14:15:34 +0800
1150812,2026-08-12,上市,2712,遠雄來,14.35,-0.1500,14.35,14.85,14.35,6000,87150,6,TWSE_CSV,2026-08-12 14:15:34 +0800
1150812,2026-08-12,上市,2722,夏都,21.80,-0.2000,22.05,22.10,21.60,28000,610800,27,TWSE_CSV,2026-08-12 14:15:34 +0800
1150812,2026-08-12,上市,2723,美食-KY,61.60,-0.4000,62.10,62.10,61.00,382000,23442300,264,TWSE_CSV,2026-08-12 14:15:34 +0800
1150812,2026-08-12,上市,2727,王品,234.00,-2.5000,236.50,238.00,233.50,300000,70505500,259,TWSE_CSV,2026-08-12 14:15:34 +0800
1150812,2026-08-12,上市,2731,雄獅,145.50,0.0000,146.50,146.50,144.00,428000,62060000,346,TWSE_CSV,2026-08-12 14:15:34 +0800
1150812,2026-08-12,上市,2739,寒舍,34.50,0.2000,34.50,34.60,34.45,50000,1725750,29,TWSE_CSV,2026-08-12 14:15:34 +0800
1150812,2026-08-12,上市,2748,雲品,38.45,-0.0500,38.50,38.50,38.20,68000,2607400,55,TWSE_CSV,2026-08-12 14:15:34 +0800
1150812,2026-08-12,上市,2753,八方雲集,183.00,0.0000,184.00,184.50,181.50,147000,26807500,104,TWSE_CSV,2026-08-12 14:15:34 +0800
1150812,2026-08-12,上市,2762,世界健身-KY,83.60,1.1000,82.70,84.50,82.70,47000,3932400,42,TWSE_CSV,2026-08-12 14:15:34 +0800
1150812,2026-08-12,上市,2801,彰銀,23.70,0.6000,23.10,23.70,23.10,24629000,578416000,3754,TWSE_CSV,2026-08-12 14:15:34 +0800
1150812,2026-08-12,上市,2812,台中銀,18.65,0.1500,18.55,18.75,18.45,10318000,191592350,2445,TWSE_CSV,2026-08-12 14:15:34 +0800
1150812,2026-08-12,上市,2816,旺旺保,34.10,0.1000,34.05,34.25,33.75,255000,8688000,115,TWSE_CSV,2026-08-12 14:15:34 +0800
1150812,2026-08-12,上市,2820,華票,16.20,0.0000,16.30,16.35,16.20,2578000,41954750,584,TWSE_CSV,2026-08-12 14:15:34 +0800
1150812,2026-08-12,上市,2832,台產,58.50,0.3000,58.20,58.70,58.20,45000,2630800,39,TWSE_CSV,2026-08-12 14:15:34 +0800
1150812,2026-08-12,上市,2834,臺企銀,16.50,0.1000,16.45,16.55,16.40,20032000,329893500,3756,TWSE_CSV,2026-08-12 14:15:34 +0800
1150812,2026-08-12,上市,2836,高雄銀,11.90,0.0500,11.85,11.95,11.80,975000,11568200,347,TWSE_CSV,2026-08-12 14:15:34 +0800
1150812,2026-08-12,上市,2838,聯邦銀,19.90,0.0000,20.00,20.05,19.75,1873000,37286850,792,TWSE_CSV,2026-08-12 14:15:34 +0800
1150812,2026-08-12,上市,2845,遠東銀,13.10,0.0000,13.15,13.20,13.10,6087000,80048200,1259,TWSE_CSV,2026-08-12 14:15:34 +0800
1150812,2026-08-12,上市,2849,安泰銀,14.45,0.0500,14.50,14.65,14.45,104000,1510800,79,TWSE_CSV,2026-08-12 14:15:34 +0800
1150812,2026-08-12,上市,2850,新產,158.00,-1.0000,160.00,160.00,157.50,205000,32586500,141,TWSE_CSV,2026-08-12 14:15:34 +0800
1150812,2026-08-12,上市,2851,中再保,36.70,0.8000,36.05,37.05,36.00,1533000,56229550,842,TWSE_CSV,2026-08-12 14:15:34 +0800
1150812,2026-08-12,上市,2852,第一保,26.90,0.2000,26.90,26.95,26.80,192000,5163650,97,TWSE_CSV,2026-08-12 14:15:34 +0800
1150812,2026-08-12,上市,2855,統一證,47.50,1.3000,46.40,48.00,46.40,5861000,277860750,3232,TWSE_CSV,2026-08-12 14:15:34 +0800
1150812,2026-08-12,上市,2867,三商壽,9.43,-0.0500,9.45,9.54,9.34,12420000,116958230,3379,TWSE_CSV,2026-08-12 14:15:34 +0800
1150812,2026-08-12,上市,2880,華南金,43.20,-0.4500,43.90,43.95,42.85,30073000,1303783950,10814,TWSE_CSV,2026-08-12 14:15:34 +0800
1150812,2026-08-12,上市,2881,富邦金,127.00,-1.0000,127.50,129.50,126.50,9054000,1152575500,3465,TWSE_CSV,2026-08-12 14:15:34 +0800
1150812,2026-08-12,上市,2882,國泰金,99.70,0.1000,100.00,101.00,98.50,17313000,1719594100,7280,TWSE_CSV,2026-08-12 14:15:34 +0800
1150812,2026-08-12,上市,2883,凱基金,31.20,0.1500,31.00,31.40,30.55,28996000,899147000,7306,TWSE_CSV,2026-08-12 14:15:34 +0800
1150812,2026-08-12,上市,2884,玉山金,36.75,-0.1500,37.20,37.25,36.30,27765000,1017803900,8695,TWSE_CSV,2026-08-12 14:15:34 +0800
1150812,2026-08-12,上市,2885,元大金,68.60,0.2000,68.90,69.40,67.90,12097000,827385100,4451,TWSE_CSV,2026-08-12 14:15:34 +0800
1150812,2026-08-12,上市,2886,兆豐金,48.70,-0.7000,49.40,49.45,48.55,31126000,1518777700,12103,TWSE_CSV,2026-08-12 14:15:34 +0800
1150812,2026-08-12,上市,2887,台新新光金,35.65,0.1000,35.65,36.00,35.10,35094000,1247205500,8038,TWSE_CSV,2026-08-12 14:15:34 +0800
1150812,2026-08-12,上市,2889,國票金,15.20,0.0000,15.25,15.30,15.15,4279000,65123000,1211,TWSE_CSV,2026-08-12 14:15:34 +0800
1150812,2026-08-12,上市,2890,永豐金,39.85,0.8000,39.15,39.90,39.00,19182000,758908450,4184,TWSE_CSV,2026-08-12 14:15:34 +0800
1150812,2026-08-12,上市,2891,中信金,66.60,-0.2000,66.30,67.00,65.50,37505000,2479480800,13598,TWSE_CSV,2026-08-12 14:15:34 +0800
1150812,2026-08-12,上市,2892,第一金,33.15,0.4500,32.70,33.15,32.45,42736000,1400758950,17376,TWSE_CSV,2026-08-12 14:15:34 +0800
1150812,2026-08-12,上市,2897,王道銀行,10.10,-0.0500,10.10,10.15,10.05,2625000,26511500,661,TWSE_CSV,2026-08-12 14:15:34 +0800
1150812,2026-08-12,上市,2901,欣欣,24.10,0.3500,23.50,24.15,23.50,7000,167550,7,TWSE_CSV,2026-08-12 14:15:34 +0800
1150812,2026-08-12,上市,2903,遠百,22.00,0.1000,22.05,22.10,21.90,1289000,28382650,703,TWSE_CSV,2026-08-12 14:15:34 +0800
1150812,2026-08-12,上市,2904,匯僑,13.00,0.0000,13.00,13.05,13.00,30000,391000,19,TWSE_CSV,2026-08-12 14:15:34 +0800
1150812,2026-08-12,上市,2905,三商,16.40,0.0000,16.40,16.50,16.30,471000,7709950,197,TWSE_CSV,2026-08-12 14:15:34 +0800
1150812,2026-08-12,上市,2906,高林,13.50,0.0500,13.65,13.65,13.50,105000,1424350,67,TWSE_CSV,2026-08-12 14:15:34 +0800
1150812,2026-08-12,上市,2908,特力,21.85,0.0500,21.70,21.85,21.60,136000,2959900,66,TWSE_CSV,2026-08-12 14:15:34 +0800
1150812,2026-08-12,上市,2910,統領,24.40,0.6000,23.80,25.00,23.80,10000,243600,9,TWSE_CSV,2026-08-12 14:15:34 +0800
1150812,2026-08-12,上市,2911,麗嬰房,7.00,0.0300,6.97,7.03,6.91,90000,627780,53,TWSE_CSV,2026-08-12 14:15:34 +0800
1150812,2026-08-12,上市,2912,統一超,219.50,0.5000,219.50,221.00,219.00,1160000,254790000,876,TWSE_CSV,2026-08-12 14:15:34 +0800
1150812,2026-08-12,上市,2913,農林,11.00,0.0000,11.00,11.10,10.95,1065000,11738650,371,TWSE_CSV,2026-08-12 14:15:34 +0800
1150812,2026-08-12,上市,2915,潤泰全,54.50,0.9000,53.60,54.50,53.60,3480000,188258700,1341,TWSE_CSV,2026-08-12 14:15:34 +0800
1150812,2026-08-12,上市,2923,鼎固-KY,27.25,1.2500,25.70,27.70,25.70,178000,4765050,126,TWSE_CSV,2026-08-12 14:15:34 +0800
1150812,2026-08-12,上市,2929,淘帝-KY,5.89,-0.0700,5.97,5.97,5.72,505000,2949670,210,TWSE_CSV,2026-08-12 14:15:34 +0800
1150812,2026-08-12,上市,2939,永邑-KY,19.90,-0.5500,20.05,20.05,19.35,21000,413100,19,TWSE_CSV,2026-08-12 14:15:34 +0800
1150812,2026-08-12,上市,2945,三商家購,40.25,-0.2500,40.25,40.55,40.15,40000,1610000,30,TWSE_CSV,2026-08-12 14:15:34 +0800
1150812,2026-08-12,上市,3002,歐格,17.20,0.4000,16.85,17.30,16.85,98000,1679600,72,TWSE_CSV,2026-08-12 14:15:34 +0800
1150812,2026-08-12,上市,3003,健和興,69.70,-0.8000,70.40,71.10,67.50,1774000,123519400,1328,TWSE_CSV,2026-08-12 14:15:34 +0800
1150812,2026-08-12,上市,3004,豐達科,126.00,-1.0000,126.50,126.50,125.00,174000,21921000,148,TWSE_CSV,2026-08-12 14:15:34 +0800
1150812,2026-08-12,上市,3005,神基,114.50,0.0000,114.00,116.00,114.00,2102000,241511000,1056,TWSE_CSV,2026-08-12 14:15:34 +0800
1150812,2026-08-12,上市,3006,晶豪科,274.00,6.5000,275.50,279.00,269.00,3550000,972791000,2781,TWSE_CSV,2026-08-12 14:15:34 +0800
1150812,2026-08-12,上市,3008,大立光,4585.00,230.0000,4390.00,4685.00,4355.00,1942000,8798000000,1759,TWSE_CSV,2026-08-12 14:15:34 +0800
1150812,2026-08-12,上市,3010,華立,132.50,7.5000,130.50,135.50,130.00,3891000,520210500,2199,TWSE_CSV,2026-08-12 14:15:34 +0800
1150812,2026-08-12,上市,3011,今皓,11.30,-0.2000,11.50,11.60,11.30,525000,5985050,227,TWSE_CSV,2026-08-12 14:15:34 +0800
1150812,2026-08-12,上市,3013,晟銘電,86.70,0.7000,86.50,90.00,86.50,1072000,94225200,867,TWSE_CSV,2026-08-12 14:15:34 +0800
1150812,2026-08-12,上市,3014,聯陽,135.00,0.5000,135.00,136.00,134.50,689000,92955000,560,TWSE_CSV,2026-08-12 14:15:34 +0800
1150812,2026-08-12,上市,3015,全漢,55.70,-1.3000,57.60,57.60,55.50,800000,45102400,544,TWSE_CSV,2026-08-12 14:15:34 +0800
1150812,2026-08-12,上市,3016,嘉晶,104.00,2.5000,102.50,109.00,102.50,8321000,883298500,5650,TWSE_CSV,2026-08-12 14:15:34 +0800
1150812,2026-08-12,上市,3017,奇鋐,2910.00,150.0000,2765.00,2915.00,2755.00,3888000,11102505000,3466,TWSE_CSV,2026-08-12 14:15:34 +0800
1150812,2026-08-12,上市,3018,隆銘綠能,12.45,-0.5000,13.00,13.00,12.45,85000,1078150,57,TWSE_CSV,2026-08-12 14:15:34 +0800
1150812,2026-08-12,上市,3019,亞光,137.50,-0.5000,137.00,138.50,134.50,3148000,429858000,2084,TWSE_CSV,2026-08-12 14:15:34 +0800
1150812,2026-08-12,上市,3021,鴻名,21.05,-0.0500,21.15,21.50,21.00,128000,2711550,73,TWSE_CSV,2026-08-12 14:15:34 +0800
1150812,2026-08-12,上市,3022,威強電,105.50,-2.5000,107.50,107.50,104.00,3505000,370423500,2213,TWSE_CSV,2026-08-12 14:15:34 +0800
1150812,2026-08-12,上市,3023,信邦,315.50,-3.0000,320.50,324.00,315.50,1065000,339014000,805,TWSE_CSV,2026-08-12 14:15:34 +0800
1150812,2026-08-12,上市,3024,憶聲,13.35,0.1500,13.30,13.45,13.05,1202000,15934800,400,TWSE_CSV,2026-08-12 14:15:34 +0800
1150812,2026-08-12,上市,3025,星通,56.70,1.7000,55.20,57.10,55.20,231000,13055900,190,TWSE_CSV,2026-08-12 14:15:34 +0800
1150812,2026-08-12,上市,3026,禾伸堂,685.00,39.0000,646.00,710.00,631.00,23702000,16050922000,18098,TWSE_CSV,2026-08-12 14:15:34 +0800
1150812,2026-08-12,上市,3027,盛達,18.40,0.0500,18.20,18.65,18.20,182000,3366450,120,TWSE_CSV,2026-08-12 14:15:34 +0800
1150812,2026-08-12,上市,3028,增你強,69.70,-0.7000,70.50,72.50,69.50,1485000,104453600,1137,TWSE_CSV,2026-08-12 14:15:34 +0800
1150812,2026-08-12,上市,3029,零壹,108.50,0.5000,108.50,109.50,107.50,743000,80520500,508,TWSE_CSV,2026-08-12 14:15:34 +0800
1150812,2026-08-12,上市,3030,德律,307.50,5.0000,302.50,311.00,302.50,1641000,505546500,1171,TWSE_CSV,2026-08-12 14:15:34 +0800
1150812,2026-08-12,上市,3031,佰鴻,23.30,0.3500,23.00,23.55,22.95,396000,9254650,273,TWSE_CSV,2026-08-12 14:15:34 +0800
1150812,2026-08-12,上市,3032,偉訓,81.50,2.9000,79.90,83.20,79.50,594000,48476400,438,TWSE_CSV,2026-08-12 14:15:34 +0800
1150812,2026-08-12,上市,3033,威健,50.30,-0.1000,50.60,52.80,50.20,8623000,441937300,4498,TWSE_CSV,2026-08-12 14:15:34 +0800
1150812,2026-08-12,上市,3034,聯詠,537.00,-1.0000,538.00,544.00,532.00,2982000,1600756000,2001,TWSE_CSV,2026-08-12 14:15:34 +0800
1150812,2026-08-12,上市,3035,智原,179.00,3.0000,176.50,180.00,176.50,2317000,413665500,1753,TWSE_CSV,2026-08-12 14:15:34 +0800
1150812,2026-08-12,上市,3036,文曄,217.50,-2.5000,220.00,222.00,216.00,10061000,2198548000,6486,TWSE_CSV,2026-08-12 14:15:34 +0800
1150812,2026-08-12,上市,3037,欣興,1000.00,8.0000,999.00,1010.00,990.00,7170000,7165404000,5345,TWSE_CSV,2026-08-12 14:15:34 +0800
1150812,2026-08-12,上市,3038,全台,20.50,0.0000,20.60,20.60,20.40,158000,3238000,91,TWSE_CSV,2026-08-12 14:15:34 +0800
1150812,2026-08-12,上市,3040,遠見,37.70,-0.3000,37.30,38.50,37.30,67000,2536600,53,TWSE_CSV,2026-08-12 14:15:34 +0800
1150812,2026-08-12,上市,3041,揚智,23.45,0.0000,23.45,24.30,23.45,678000,16144150,511,TWSE_CSV,2026-08-12 14:15:34 +0800
1150812,2026-08-12,上市,3042,晶技,181.50,2.5000,179.00,185.00,175.50,13353000,2398843000,7456,TWSE_CSV,2026-08-12 14:15:34 +0800
1150812,2026-08-12,上市,3043,科風,20.60,0.2500,20.45,20.75,20.45,81000,1663200,34,TWSE_CSV,2026-08-12 14:15:34 +0800
1150812,2026-08-12,上市,3044,健鼎,485.50,44.0000,485.50,485.50,485.50,2852000,1384646000,1413,TWSE_CSV,2026-08-12 14:15:34 +0800
1150812,2026-08-12,上市,3045,台灣大,109.50,0.0000,109.50,110.00,109.00,6631000,725015500,2802,TWSE_CSV,2026-08-12 14:15:34 +0800
1150812,2026-08-12,上市,3046,建碁,62.30,2.0000,61.70,62.40,61.00,1093000,67475400,768,TWSE_CSV,2026-08-12 14:15:34 +0800
1150812,2026-08-12,上市,3047,訊舟,14.35,0.0500,14.40,14.45,14.25,369000,5296150,210,TWSE_CSV,2026-08-12 14:15:34 +0800
1150812,2026-08-12,上市,3048,益登,59.70,0.9000,59.80,62.40,59.60,9739000,593056700,6156,TWSE_CSV,2026-08-12 14:15:34 +0800
1150812,2026-08-12,上市,3049,精金,10.75,0.0000,10.80,10.95,10.70,1511000,16323050,583,TWSE_CSV,2026-08-12 14:15:34 +0800
1150812,2026-08-12,上市,3050,鈺德,11.55,0.0000,11.65,11.70,11.50,502000,5802950,222,TWSE_CSV,2026-08-12 14:15:34 +0800
1150812,2026-08-12,上市,3051,力特,23.25,0.1000,23.15,23.40,23.00,393000,9109700,251,TWSE_CSV,2026-08-12 14:15:34 +0800
1150812,2026-08-12,上市,3052,夆典,10.85,0.0500,10.85,10.95,10.85,276000,3008650,117,TWSE_CSV,2026-08-12 14:15:34 +0800
1150812,2026-08-12,上市,3054,立萬利,48.35,0.3500,48.00,49.15,48.00,84000,4054350,52,TWSE_CSV,2026-08-12 14:15:34 +0800
1150812,2026-08-12,上市,3055,蔚華科,117.00,10.5000,109.50,117.00,107.00,1872000,213626500,1311,TWSE_CSV,2026-08-12 14:15:34 +0800
1150812,2026-08-12,上市,3056,富華新,14.10,0.0000,14.15,14.15,14.00,414000,5818050,197,TWSE_CSV,2026-08-12 14:15:34 +0800
1150812,2026-08-12,上市,3057,喬鼎,16.30,-0.4500,16.40,16.55,16.00,164000,2676900,114,TWSE_CSV,2026-08-12 14:15:34 +0800
1150812,2026-08-12,上市,3058,立德,8.31,0.0700,8.36,8.36,8.25,435000,3614280,172,TWSE_CSV,2026-08-12 14:15:34 +0800
1150812,2026-08-12,上市,3059,華晶科,40.80,0.4500,40.40,41.10,40.35,1866000,76070500,1144,TWSE_CSV,2026-08-12 14:15:34 +0800
1150812,2026-08-12,上市,3060,銘異,28.90,0.1000,28.90,29.55,28.90,786000,22901700,480,TWSE_CSV,2026-08-12 14:15:34 +0800
1150812,2026-08-12,上市,3062,建漢,21.30,0.4000,21.00,21.40,20.90,1421000,30169550,772,TWSE_CSV,2026-08-12 14:15:34 +0800
1150812,2026-08-12,上市,3090,日電貿,170.50,-4.0000,175.50,177.00,168.00,20046000,3462816000,14875,TWSE_CSV,2026-08-12 14:15:34 +0800
1150812,2026-08-12,上市,3092,鴻碩,23.95,0.4500,23.90,24.15,23.75,72000,1725300,63,TWSE_CSV,2026-08-12 14:15:34 +0800
1150812,2026-08-12,上市,3094,聯傑,36.70,-0.9000,37.30,38.00,36.60,1212000,44953150,858,TWSE_CSV,2026-08-12 14:15:34 +0800
1150812,2026-08-12,上市,3130,一零四,207.00,4.0000,203.50,207.00,203.00,133000,27302000,118,TWSE_CSV,2026-08-12 14:15:34 +0800
1150812,2026-08-12,上市,3135,凌航,165.50,-1.5000,168.00,171.00,164.50,1896000,315642000,1422,TWSE_CSV,2026-08-12 14:15:34 +0800
1150812,2026-08-12,上市,3138,耀登,97.60,1.6000,96.00,98.70,96.00,121000,11769800,111,TWSE_CSV,2026-08-12 14:15:34 +0800
1150812,2026-08-12,上市,3149,正達,68.30,0.8000,67.80,72.00,67.50,25276000,1739110800,10413,TWSE_CSV,2026-08-12 14:15:34 +0800
1150812,2026-08-12,上市,3150,鈺寶-創,17.90,0.1000,17.75,18.10,17.75,40000,717150,29,TWSE_CSV,2026-08-12 14:15:34 +0800
1150812,2026-08-12,上市,3164,景岳,16.40,-0.1500,16.45,16.45,16.30,10000,163750,10,TWSE_CSV,2026-08-12 14:15:34 +0800
1150812,2026-08-12,上市,3167,大量,672.00,37.0000,642.00,673.00,635.00,393000,259982000,340,TWSE_CSV,2026-08-12 14:15:34 +0800
1150812,2026-08-12,上市,3168,眾福科,42.50,0.3500,42.15,42.60,41.70,21000,885800,15,TWSE_CSV,2026-08-12 14:15:34 +0800
1150812,2026-08-12,上市,3189,景碩,858.00,16.0000,847.00,864.00,827.00,3247000,2761472000,2625,TWSE_CSV,2026-08-12 14:15:34 +0800
1150812,2026-08-12,上市,3209,全科,55.50,-1.3000,56.90,56.90,55.20,2422000,134702500,1584,TWSE_CSV,2026-08-12 14:15:34 +0800
1150812,2026-08-12,上市,3229,晟鈦,55.90,4.9000,50.80,56.00,49.70,2427000,127829550,1159,TWSE_CSV,2026-08-12 14:15:34 +0800
1150812,2026-08-12,上市,3231,緯創,193.50,2.5000,189.50,195.00,189.00,42435000,8180719500,20709,TWSE_CSV,2026-08-12 14:15:34 +0800
1150812,2026-08-12,上市,3257,虹冠電,52.00,0.2000,52.20,52.40,51.70,238000,12385100,127,TWSE_CSV,2026-08-12 14:15:34 +0800
1150812,2026-08-12,上市,3266,昇陽,13.95,0.1000,13.85,14.00,13.80,30000,417500,23,TWSE_CSV,2026-08-12 14:15:34 +0800
1150812,2026-08-12,上市,3296,勝德,23.35,0.2500,23.20,23.55,23.15,16000,373700,14,TWSE_CSV,2026-08-12 14:15:34 +0800
1150812,2026-08-12,上市,3305,昇貿,116.00,3.5000,113.50,117.50,112.50,2554000,295529000,1731,TWSE_CSV,2026-08-12 14:15:34 +0800
1150812,2026-08-12,上市,3308,聯德,19.50,0.2000,19.85,19.85,19.30,18000,349550,18,TWSE_CSV,2026-08-12 14:15:34 +0800
1150812,2026-08-12,上市,3311,閎暉,32.00,-0.3500,32.30,33.10,32.00,270000,8747100,184,TWSE_CSV,2026-08-12 14:15:34 +0800
1150812,2026-08-12,上市,3312,弘憶股,51.70,1.8000,49.85,52.10,49.00,1686000,85388250,1109,TWSE_CSV,2026-08-12 14:15:34 +0800
1150812,2026-08-12,上市,3321,同泰,18.85,-0.1500,18.85,19.30,18.80,185000,3505550,108,TWSE_CSV,2026-08-12 14:15:34 +0800
1150812,2026-08-12,上市,3338,泰碩,64.10,1.0000,63.50,64.50,63.10,323000,20635200,226,TWSE_CSV,2026-08-12 14:15:34 +0800
1150812,2026-08-12,上市,3346,麗清,21.45,0.4500,21.00,21.45,21.00,211000,4486050,162,TWSE_CSV,2026-08-12 14:15:34 +0800
1150812,2026-08-12,上市,3356,奇偶,60.00,1.4000,59.50,60.80,59.40,664000,39842000,429,TWSE_CSV,2026-08-12 14:15:34 +0800
1150812,2026-08-12,上市,3376,新日興,192.00,8.0000,187.00,197.50,186.00,4177000,807107000,2812,TWSE_CSV,2026-08-12 14:15:34 +0800
1150812,2026-08-12,上市,3380,明泰,28.40,0.1500,28.45,28.90,28.25,1380000,39446000,784,TWSE_CSV,2026-08-12 14:15:34 +0800
1150812,2026-08-12,上市,3406,玉晶光,578.00,40.0000,546.00,584.00,535.00,2680000,1515581000,2073,TWSE_CSV,2026-08-12 14:15:34 +0800
1150812,2026-08-12,上市,3413,京鼎,303.50,-2.0000,306.00,306.50,303.00,830000,252659000,685,TWSE_CSV,2026-08-12 14:15:34 +0800
1150812,2026-08-12,上市,3416,融程電,187.50,1.5000,186.00,189.00,185.00,292000,54628500,253,TWSE_CSV,2026-08-12 14:15:34 +0800
1150812,2026-08-12,上市,3419,譁裕,12.10,-0.0500,12.15,12.15,11.95,84000,1010400,51,TWSE_CSV,2026-08-12 14:15:34 +0800
1150812,2026-08-12,上市,3432,台端,16.00,-0.0500,16.05,16.05,15.25,61000,942800,34,TWSE_CSV,2026-08-12 14:15:34 +0800
1150812,2026-08-12,上市,3437,榮創,17.90,0.4000,17.80,18.20,17.60,439000,7874450,246,TWSE_CSV,2026-08-12 14:15:34 +0800
1150812,2026-08-12,上市,3443,創意,5130.00,175.0000,5025.00,5180.00,4945.00,2520000,12786825000,2233,TWSE_CSV,2026-08-12 14:15:34 +0800
1150812,2026-08-12,上市,3447,展達,27.60,0.4500,27.15,27.85,27.15,102000,2820400,84,TWSE_CSV,2026-08-12 14:15:34 +0800
1150812,2026-08-12,上市,3450,聯鈞,507.00,33.5000,484.50,508.00,484.50,1329000,659749500,1095,TWSE_CSV,2026-08-12 14:15:34 +0800
1150812,2026-08-12,上市,3481,群創,50.40,0.3000,51.00,52.10,50.30,187621000,9563685900,69637,TWSE_CSV,2026-08-12 14:15:34 +0800
1150812,2026-08-12,上市,3494,誠研,7.11,0.0100,7.10,7.11,7.00,25000,176930,23,TWSE_CSV,2026-08-12 14:15:34 +0800
1150812,2026-08-12,上市,3501,維熹,40.10,0.9500,39.40,40.45,39.40,243000,9721800,191,TWSE_CSV,2026-08-12 14:15:34 +0800
1150812,2026-08-12,上市,3504,揚明光,76.10,2.5000,73.60,78.00,73.60,1678000,127994200,1389,TWSE_CSV,2026-08-12 14:15:34 +0800
1150812,2026-08-12,上市,3515,華擎,224.50,8.5000,218.50,233.50,216.50,2240000,505976000,1662,TWSE_CSV,2026-08-12 14:15:34 +0800
1150812,2026-08-12,上市,3518,柏騰,28.30,0.4000,28.10,28.60,28.00,217000,6143650,156,TWSE_CSV,2026-08-12 14:15:34 +0800
1150812,2026-08-12,上市,3528,安馳,89.30,-1.7000,91.30,91.30,87.30,594000,53062800,435,TWSE_CSV,2026-08-12 14:15:34 +0800
1150812,2026-08-12,上市,3530,晶相光,56.60,1.1000,56.30,57.40,56.20,115000,6525400,100,TWSE_CSV,2026-08-12 14:15:34 +0800
1150812,2026-08-12,上市,3532,台勝科,312.00,28.0000,289.00,312.00,286.50,5839000,1803931000,3031,TWSE_CSV,2026-08-12 14:15:34 +0800
1150812,2026-08-12,上市,3533,嘉澤,2010.00,20.0000,1965.00,2025.00,1950.00,1779000,3556575000,1593,TWSE_CSV,2026-08-12 14:15:34 +0800
1150812,2026-08-12,上市,3535,晶彩科,92.50,3.5000,89.60,93.50,89.60,703000,64719000,615,TWSE_CSV,2026-08-12 14:15:34 +0800
1150812,2026-08-12,上市,3543,州巧,39.70,2.6000,37.55,40.50,37.45,2752000,108373950,1815,TWSE_CSV,2026-08-12 14:15:34 +0800
1150812,2026-08-12,上市,3545,敦泰,50.80,0.4000,51.40,51.50,50.60,591000,30145400,413,TWSE_CSV,2026-08-12 14:15:34 +0800
1150812,2026-08-12,上市,3550,聯穎,23.50,0.4500,23.25,23.90,23.15,1808000,42601750,1174,TWSE_CSV,2026-08-12 14:15:34 +0800
1150812,2026-08-12,上市,3557,嘉威,25.15,0.0000,26.00,26.00,25.10,28000,715450,18,TWSE_CSV,2026-08-12 14:15:34 +0800
1150812,2026-08-12,上市,3563,牧德,717.00,40.0000,690.00,725.00,684.00,833000,585351000,719,TWSE_CSV,2026-08-12 14:15:34 +0800
1150812,2026-08-12,上市,3576,聯合再生,17.30,0.0000,17.30,17.55,17.25,5670000,98606400,2275,TWSE_CSV,2026-08-12 14:15:34 +0800
1150812,2026-08-12,上市,3583,辛耘,734.00,32.0000,702.00,739.00,702.00,1116000,812814000,1035,TWSE_CSV,2026-08-12 14:15:34 +0800
1150812,2026-08-12,上市,3588,通嘉,55.40,-0.4000,55.90,56.00,55.10,168000,9330700,121,TWSE_CSV,2026-08-12 14:15:34 +0800
1150812,2026-08-12,上市,3591,艾笛森,21.25,-0.2000,21.25,21.60,21.15,700000,14957950,411,TWSE_CSV,2026-08-12 14:15:34 +0800
1150812,2026-08-12,上市,3592,瑞鼎,238.00,-1.0000,238.00,240.50,237.50,298000,71115000,252,TWSE_CSV,2026-08-12 14:15:34 +0800
1150812,2026-08-12,上市,3593,力銘,12.25,-0.1500,12.00,12.30,12.00,14000,170550,10,TWSE_CSV,2026-08-12 14:15:34 +0800
1150812,2026-08-12,上市,3596,智易,168.50,-0.5000,170.50,172.00,168.50,1426000,242345500,1065,TWSE_CSV,2026-08-12 14:15:34 +0800
1150812,2026-08-12,上市,3605,宏致,120.00,0.0000,111.00,120.00,111.00,8271000,983509000,3744,TWSE_CSV,2026-08-12 14:15:34 +0800
1150812,2026-08-12,上市,3607,谷崧,14.25,0.1000,14.25,14.60,14.25,234000,3366750,164,TWSE_CSV,2026-08-12 14:15:34 +0800
1150812,2026-08-12,上市,3617,碩天,235.00,6.0000,231.00,238.00,231.00,406000,95408000,334,TWSE_CSV,2026-08-12 14:15:34 +0800
1150812,2026-08-12,上市,3622,洋華,55.10,0.2000,55.00,55.40,54.90,169000,9328300,116,TWSE_CSV,2026-08-12 14:15:34 +0800
1150812,2026-08-12,上市,3645,達邁,71.20,3.4000,67.80,73.30,67.80,2131000,152100700,1486,TWSE_CSV,2026-08-12 14:15:34 +0800
1150812,2026-08-12,上市,3652,精聯,37.20,-0.1500,37.50,38.50,36.50,3269000,121926400,974,TWSE_CSV,2026-08-12 14:15:34 +0800
1150812,2026-08-12,上市,3653,健策,4470.00,405.0000,4125.00,4470.00,4125.00,699000,3021245000,637,TWSE_CSV,2026-08-12 14:15:34 +0800
1150812,2026-08-12,上市,3661,世芯-KY,4055.00,100.0000,3960.00,4100.00,3950.00,1908000,7702745000,1751,TWSE_CSV,2026-08-12 14:15:34 +0800
1150812,2026-08-12,上市,3665,貿聯-KY,2155.00,-45.0000,2195.00,2195.00,2130.00,2886000,6233650000,2548,TWSE_CSV,2026-08-12 14:15:34 +0800
1150812,2026-08-12,上市,3669,圓展,39.50,1.0000,38.80,40.50,38.80,711000,28259500,443,TWSE_CSV,2026-08-12 14:15:34 +0800
1150812,2026-08-12,上市,3673,TPK-KY,63.20,0.3000,63.20,64.00,63.10,2883000,183096300,1697,TWSE_CSV,2026-08-12 14:15:34 +0800
1150812,2026-08-12,上市,3679,新至陞,109.00,0.5000,109.50,111.00,109.00,35000,3844000,34,TWSE_CSV,2026-08-12 14:15:34 +0800
1150812,2026-08-12,上市,3686,達能,14.80,0.1500,14.65,14.80,14.55,56000,821050,39,TWSE_CSV,2026-08-12 14:15:34 +0800
1150812,2026-08-12,上市,3694,海華,53.20,-0.6000,53.70,54.30,53.10,753000,40299300,509,TWSE_CSV,2026-08-12 14:15:34 +0800
1150812,2026-08-12,上市,3701,大眾控,41.50,0.3000,41.50,41.95,41.05,510000,21238900,379,TWSE_CSV,2026-08-12 14:15:34 +0800
1150812,2026-08-12,上市,3702,大聯大,122.50,-3.0000,125.00,125.50,121.00,14470000,1777511500,6435,TWSE_CSV,2026-08-12 14:15:34 +0800
1150812,2026-08-12,上市,3703,欣陸,20.00,-0.1500,20.20,20.30,20.00,1683000,33783450,589,TWSE_CSV,2026-08-12 14:15:34 +0800
1150812,2026-08-12,上市,3704,合勤控,42.60,-2.8000,44.55,44.55,42.30,6488000,278594050,3708,TWSE_CSV,2026-08-12 14:15:34 +0800
1150812,2026-08-12,上市,3705,永信,54.00,0.3000,53.70,54.50,53.70,219000,11881200,121,TWSE_CSV,2026-08-12 14:15:34 +0800
1150812,2026-08-12,上市,3706,神達,92.40,2.4000,89.50,93.40,89.50,17667000,1630021700,9944,TWSE_CSV,2026-08-12 14:15:34 +0800
1150812,2026-08-12,上市,3708,上緯投控,104.00,1.5000,101.50,105.00,101.50,723000,74917500,469,TWSE_CSV,2026-08-12 14:15:34 +0800
1150812,2026-08-12,上市,3711,日月光投控,621.00,-8.0000,633.00,634.00,619.00,16769000,10471085000,12574,TWSE_CSV,2026-08-12 14:15:34 +0800
1150812,2026-08-12,上市,3712,永崴投控,22.80,0.4000,22.40,23.95,22.25,1248000,28456750,723,TWSE_CSV,2026-08-12 14:15:34 +0800
1150812,2026-08-12,上市,3714,富采,58.30,2.3000,57.00,58.60,56.80,7150000,413533100,3815,TWSE_CSV,2026-08-12 14:15:34 +0800
1150812,2026-08-12,上市,3715,定穎投控,118.00,-4.0000,118.50,119.50,117.00,6945000,821262500,4474,TWSE_CSV,2026-08-12 14:15:34 +0800
1150812,2026-08-12,上市,3716,中化控股,34.95,-0.5500,35.65,35.65,34.85,337000,11825150,219,TWSE_CSV,2026-08-12 14:15:34 +0800
1150812,2026-08-12,上市,3717,聯嘉投控,22.90,0.0000,23.00,23.15,22.75,1440000,33041100,628,TWSE_CSV,2026-08-12 14:15:34 +0800
1150812,2026-08-12,上市,4104,佳醫,71.20,-0.3000,71.50,71.70,70.90,153000,10891700,110,TWSE_CSV,2026-08-12 14:15:34 +0800
1150812,2026-08-12,上市,4106,雃博,24.80,0.2000,24.50,24.80,24.45,193000,4758650,111,TWSE_CSV,2026-08-12 14:15:34 +0800
1150812,2026-08-12,上市,4108,懷特,10.95,-0.1500,11.10,11.10,10.90,469000,5141850,213,TWSE_CSV,2026-08-12 14:15:34 +0800
1150812,2026-08-12,上市,4119,旭富,55.10,2.2000,52.80,55.40,52.40,491000,26606600,317,TWSE_CSV,2026-08-12 14:15:34 +0800
1150812,2026-08-12,上市,4133,亞諾法,20.90,-0.0500,20.85,21.10,20.80,110000,2297900,78,TWSE_CSV,2026-08-12 14:15:34 +0800
1150812,2026-08-12,上市,4137,麗豐-KY,94.10,-1.9000,96.00,96.10,93.90,374000,35455100,301,TWSE_CSV,2026-08-12 14:15:34 +0800
1150812,2026-08-12,上市,4142,國光生,17.25,-0.1500,17.65,17.70,17.20,1305000,22736450,644,TWSE_CSV,2026-08-12 14:15:34 +0800
1150812,2026-08-12,上市,4148,全宇生技-KY,33.25,0.7500,33.45,34.30,32.55,100000,3331100,93,TWSE_CSV,2026-08-12 14:15:34 +0800
1150812,2026-08-12,上市,4155,訊映,14.80,0.1500,14.65,15.05,14.60,530000,7822250,271,TWSE_CSV,2026-08-12 14:15:34 +0800
1150812,2026-08-12,上市,4164,承業醫,27.25,0.5500,26.70,27.40,26.35,512000,13770550,314,TWSE_CSV,2026-08-12 14:15:34 +0800
1150812,2026-08-12,上市,4169,泰宗,152.00,-1.5000,151.50,155.50,150.00,215000,32714000,166,TWSE_CSV,2026-08-12 14:15:34 +0800
1150812,2026-08-12,上市,4178,永笙-KY,17.75,-0.2500,17.90,18.00,17.65,71000,1263250,55,TWSE_CSV,2026-08-12 14:15:34 +0800
1150812,2026-08-12,上市,4190,佐登-KY,24.95,-0.2500,25.00,25.45,24.95,13000,326200,10,TWSE_CSV,2026-08-12 14:15:34 +0800
1150812,2026-08-12,上市,4195,基米-創,15.20,0.2000,15.05,15.35,15.00,170000,2566500,87,TWSE_CSV,2026-08-12 14:15:34 +0800
1150812,2026-08-12,上市,4306,炎洲,14.50,0.2000,14.45,14.55,14.40,760000,11004700,237,TWSE_CSV,2026-08-12 14:15:34 +0800
1150812,2026-08-12,上市,4414,如興,8.68,0.4000,8.31,8.78,8.31,484000,4154160,210,TWSE_CSV,2026-08-12 14:15:34 +0800
1150812,2026-08-12,上市,4426,利勤,7.95,0.0000,7.95,8.04,7.93,84000,669650,51,TWSE_CSV,2026-08-12 14:15:34 +0800
1150812,2026-08-12,上市,4438,廣越,61.30,-0.1000,61.30,61.60,60.70,90000,5514600,58,TWSE_CSV,2026-08-12 14:15:34 +0800
1150812,2026-08-12,上市,4439,冠星-KY,100.50,-2.0000,102.00,102.50,100.50,23000,2336500,23,TWSE_CSV,2026-08-12 14:15:34 +0800
1150812,2026-08-12,上市,4440,宜新實業,17.40,0.0000,17.20,17.50,17.20,18000,312600,15,TWSE_CSV,2026-08-12 14:15:34 +0800
1150812,2026-08-12,上市,4441,振大環球,201.00,0.0000,202.00,212.00,200.50,265000,54057500,220,TWSE_CSV,2026-08-12 14:15:34 +0800
1150812,2026-08-12,上市,4526,東台,31.95,1.3000,30.75,32.00,30.75,1992000,63155500,1191,TWSE_CSV,2026-08-12 14:15:34 +0800
1150812,2026-08-12,上市,4532,瑞智,23.80,0.1000,23.75,23.95,23.75,478000,11395000,286,TWSE_CSV,2026-08-12 14:15:34 +0800
1150812,2026-08-12,上市,4536,拓凱,170.50,-1.0000,170.50,172.50,169.50,234000,39881000,157,TWSE_CSV,2026-08-12 14:15:34 +0800
1150812,2026-08-12,上市,4540,全球傳動,60.60,2.3000,58.30,60.90,58.00,4110000,246783200,2764,TWSE_CSV,2026-08-12 14:15:34 +0800
1150812,2026-08-12,上市,4545,銘鈺,33.10,0.5000,32.60,33.30,32.60,70000,2305050,64,TWSE_CSV,2026-08-12 14:15:34 +0800
1150812,2026-08-12,上市,4551,智伸科,172.50,15.5000,157.50,172.50,157.00,1635000,275889500,1037,TWSE_CSV,2026-08-12 14:15:34 +0800
1150812,2026-08-12,上市,4552,力達-KY,17.65,-0.0500,17.60,17.80,17.55,76000,1339850,45,TWSE_CSV,2026-08-12 14:15:34 +0800
1150812,2026-08-12,上市,4555,氣立,50.10,2.2500,48.10,50.50,48.10,450000,22471500,349,TWSE_CSV,2026-08-12 14:15:34 +0800
1150812,2026-08-12,上市,4557,永新-KY,49.95,-0.0500,50.60,50.60,49.70,50000,2495600,36,TWSE_CSV,2026-08-12 14:15:34 +0800
1150812,2026-08-12,上市,4560,強信-KY,32.25,0.2500,32.15,32.50,32.00,189000,6098850,86,TWSE_CSV,2026-08-12 14:15:34 +0800
1150812,2026-08-12,上市,4562,穎漢,33.50,1.5000,32.40,33.95,32.40,547000,18226750,399,TWSE_CSV,2026-08-12 14:15:34 +0800
1150812,2026-08-12,上市,4564,元翎,16.85,0.0000,17.00,17.00,16.60,561000,9380200,374,TWSE_CSV,2026-08-12 14:15:34 +0800
1150812,2026-08-12,上市,4566,時碩工業,72.40,2.0000,70.80,72.90,70.60,2235000,160266800,1569,TWSE_CSV,2026-08-12 14:15:34 +0800
1150812,2026-08-12,上市,4569,六方科-KY,163.00,0.0000,164.00,166.50,162.50,47000,7744500,45,TWSE_CSV,2026-08-12 14:15:34 +0800
1150812,2026-08-12,上市,4571,鈞興-KY,172.00,4.0000,169.00,172.50,168.50,222000,38089500,178,TWSE_CSV,2026-08-12 14:15:34 +0800
1150812,2026-08-12,上市,4572,駐龍,140.00,-1.5000,140.50,140.50,139.50,12000,1681000,12,TWSE_CSV,2026-08-12 14:15:34 +0800
1150812,2026-08-12,上市,4576,大銀微系統,227.00,8.5000,217.00,231.00,217.00,2176000,492321500,1705,TWSE_CSV,2026-08-12 14:15:34 +0800
1150812,2026-08-12,上市,4581,光隆精密-KY,48.20,0.0000,47.15,48.65,47.10,35000,1688550,24,TWSE_CSV,2026-08-12 14:15:34 +0800
1150812,2026-08-12,上市,4582,聚恆-創,25.35,-1.8500,26.80,26.80,25.15,869000,22218000,387,TWSE_CSV,2026-08-12 14:15:34 +0800
1150812,2026-08-12,上市,4583,台灣精銳,497.00,-3.0000,510.00,510.00,492.50,370000,184773000,262,TWSE_CSV,2026-08-12 14:15:34 +0800
1150812,2026-08-12,上市,4585,達明,311.00,2.5000,309.50,313.00,307.50,168000,52183500,138,TWSE_CSV,2026-08-12 14:15:34 +0800
1150812,2026-08-12,上市,4588,玖鼎電力,52.90,0.8000,52.00,52.90,52.00,78000,4087800,58,TWSE_CSV,2026-08-12 14:15:34 +0800
1150812,2026-08-12,上市,4590,富田-創,91.20,1.4000,91.50,93.50,90.70,941000,86759900,627,TWSE_CSV,2026-08-12 14:15:34 +0800
1150812,2026-08-12,上市,4720,德淵,20.05,0.1500,19.90,20.40,19.90,386000,7795200,257,TWSE_CSV,2026-08-12 14:15:34 +0800
1150812,2026-08-12,上市,4722,國精化,210.00,-5.0000,216.50,222.00,209.00,1363000,290963000,1083,TWSE_CSV,2026-08-12 14:15:34 +0800
1150812,2026-08-12,上市,4736,泰博,134.00,2.5000,131.50,134.00,131.50,297000,39563500,200,TWSE_CSV,2026-08-12 14:15:34 +0800
1150812,2026-08-12,上市,4737,華廣,56.10,-0.4000,57.50,57.50,56.00,56000,3158400,43,TWSE_CSV,2026-08-12 14:15:34 +0800
1150812,2026-08-12,上市,4739,康普,87.00,-0.4000,87.70,89.20,86.60,1635000,143257900,878,TWSE_CSV,2026-08-12 14:15:34 +0800
1150812,2026-08-12,上市,4746,台耀,53.80,-1.2000,55.40,55.50,53.00,589000,31816200,443,TWSE_CSV,2026-08-12 14:15:34 +0800
1150812,2026-08-12,上市,4755,三福化,119.50,0.5000,119.00,121.00,119.00,112000,13400000,95,TWSE_CSV,2026-08-12 14:15:34 +0800
1150812,2026-08-12,上市,4763,材料*-KY,52.60,1.0000,52.10,55.00,51.90,20304000,1082070900,9730,TWSE_CSV,2026-08-12 14:15:34 +0800
1150812,2026-08-12,上市,4764,雙鍵,249.50,9.0000,240.50,258.00,240.50,1816000,454252500,1453,TWSE_CSV,2026-08-12 14:15:34 +0800
1150812,2026-08-12,上市,4766,南寶,343.50,0.5000,342.50,346.00,341.00,144000,49476000,133,TWSE_CSV,2026-08-12 14:15:34 +0800
1150812,2026-08-12,上市,4770,上品,223.50,5.5000,218.50,227.00,218.50,278000,62210500,235,TWSE_CSV,2026-08-12 14:15:34 +0800
1150812,2026-08-12,上市,4771,望隼,203.50,2.0000,199.50,206.00,199.50,273000,55339500,198,TWSE_CSV,2026-08-12 14:15:34 +0800
1150812,2026-08-12,上市,4807,日成-KY,31.15,-0.0500,31.35,31.50,30.10,293000,9026450,175,TWSE_CSV,2026-08-12 14:15:34 +0800
1150812,2026-08-12,上市,4904,遠傳,101.00,0.0000,100.50,102.00,100.50,4751000,482241000,2529,TWSE_CSV,2026-08-12 14:15:34 +0800
1150812,2026-08-12,上市,4906,正文,36.50,0.5000,36.35,36.90,36.00,3299000,120226000,1722,TWSE_CSV,2026-08-12 14:15:34 +0800
1150812,2026-08-12,上市,4912,聯德控股-KY,94.70,5.5000,88.70,95.00,88.70,644000,59489500,464,TWSE_CSV,2026-08-12 14:15:34 +0800
1150812,2026-08-12,上市,4915,致伸,60.40,0.4000,60.10,60.80,59.90,3139000,189763500,1707,TWSE_CSV,2026-08-12 14:15:34 +0800
1150812,2026-08-12,上市,4916,事欣科,103.00,-1.5000,105.00,105.00,102.50,2703000,279220500,1917,TWSE_CSV,2026-08-12 14:15:34 +0800
1150812,2026-08-12,上市,4919,新唐,125.50,0.5000,126.50,127.50,125.00,2261000,284856500,1709,TWSE_CSV,2026-08-12 14:15:34 +0800
1150812,2026-08-12,上市,4927,泰鼎-KY,34.50,0.6500,34.20,34.80,33.85,1864000,64189950,1039,TWSE_CSV,2026-08-12 14:15:34 +0800
1150812,2026-08-12,上市,4930,燦星網,16.30,0.0000,16.15,16.30,16.05,42000,676800,25,TWSE_CSV,2026-08-12 14:15:34 +0800
1150812,2026-08-12,上市,4934,太極,14.25,0.0500,14.35,14.45,14.20,314000,4492350,136,TWSE_CSV,2026-08-12 14:15:34 +0800
1150812,2026-08-12,上市,4935,茂林-KY,34.80,-0.1000,34.90,34.90,34.55,29000,1009250,26,TWSE_CSV,2026-08-12 14:15:34 +0800
1150812,2026-08-12,上市,4938,和碩,91.40,2.4000,88.90,91.50,88.90,15420000,1400552000,7892,TWSE_CSV,2026-08-12 14:15:34 +0800
1150812,2026-08-12,上市,4942,嘉彰,34.50,0.4000,34.10,34.60,34.05,55000,1890300,36,TWSE_CSV,2026-08-12 14:15:34 +0800
1150812,2026-08-12,上市,4943,康控-KY,8.19,-0.4100,8.65,8.65,8.19,52000,434900,23,TWSE_CSV,2026-08-12 14:15:34 +0800
1150812,2026-08-12,上市,4949,有成精密,70.00,-4.4000,72.70,73.70,69.60,1155000,82197400,853,TWSE_CSV,2026-08-12 14:15:34 +0800
1150812,2026-08-12,上市,4952,凌通,49.45,0.4500,49.70,49.90,49.15,202000,9967300,158,TWSE_CSV,2026-08-12 14:15:34 +0800
1150812,2026-08-12,上市,4956,光鋐,31.70,1.0000,30.70,31.70,30.70,822000,25787400,511,TWSE_CSV,2026-08-12 14:15:34 +0800
1150812,2026-08-12,上市,4958,臻鼎-KY,471.50,-18.5000,485.00,486.00,468.50,51110000,24302326500,38206,TWSE_CSV,2026-08-12 14:15:34 +0800
1150812,2026-08-12,上市,4960,誠美材,22.75,2.0500,20.65,22.75,20.55,8127000,180462050,3677,TWSE_CSV,2026-08-12 14:15:34 +0800
1150812,2026-08-12,上市,4961,天鈺,173.00,0.0000,173.00,174.50,171.50,513000,88756000,409,TWSE_CSV,2026-08-12 14:15:34 +0800
1150812,2026-08-12,上市,4967,十銓,279.50,5.0000,277.00,281.00,276.00,3579000,997227500,2710,TWSE_CSV,2026-08-12 14:15:34 +0800
1150812,2026-08-12,上市,4968,立積,96.90,0.2000,97.70,97.70,96.70,280000,27190600,220,TWSE_CSV,2026-08-12 14:15:34 +0800
1150812,2026-08-12,上市,4976,佳凌,37.05,1.5000,35.55,37.75,35.00,2411000,88762250,1665,TWSE_CSV,2026-08-12 14:15:34 +0800
1150812,2026-08-12,上市,4977,眾達-KY,154.00,7.5000,147.00,158.00,147.00,5249000,800728500,4182,TWSE_CSV,2026-08-12 14:15:34 +0800
1150812,2026-08-12,上市,4989,榮科,69.00,1.0000,69.10,71.90,68.80,9088000,637121900,6076,TWSE_CSV,2026-08-12 14:15:34 +0800
1150812,2026-08-12,上市,4994,傳奇,87.10,0.0000,88.00,89.00,86.00,10000,870900,10,TWSE_CSV,2026-08-12 14:15:34 +0800
1150812,2026-08-12,上市,4999,鑫禾,19.30,0.3500,18.75,19.30,18.75,31000,589050,22,TWSE_CSV,2026-08-12 14:15:34 +0800
1150812,2026-08-12,上市,5007,三星,56.50,0.1000,56.50,56.60,56.40,261000,14736700,35,TWSE_CSV,2026-08-12 14:15:34 +0800
1150812,2026-08-12,上市,5203,訊連,61.80,0.0000,62.40,62.40,61.30,304000,18769900,249,TWSE_CSV,2026-08-12 14:15:34 +0800
1150812,2026-08-12,上市,5215,科嘉-KY,38.95,0.4500,38.50,38.95,38.35,91000,3520900,70,TWSE_CSV,2026-08-12 14:15:34 +0800
1150812,2026-08-12,上市,5222,全訊,118.00,3.0000,115.00,118.00,114.50,193000,22411000,146,TWSE_CSV,2026-08-12 14:15:34 +0800
1150812,2026-08-12,上市,5225,東科-KY,62.00,-1.0000,63.00,63.00,61.20,691000,42707700,546,TWSE_CSV,2026-08-12 14:15:34 +0800
1150812,2026-08-12,上市,5234,達興材料,337.50,2.5000,335.00,339.50,335.00,82000,27714500,70,TWSE_CSV,2026-08-12 14:15:34 +0800
1150812,2026-08-12,上市,5236,凌陽創新,142.00,0.0000,142.50,143.50,142.00,68000,9698000,68,TWSE_CSV,2026-08-12 14:15:34 +0800
1150812,2026-08-12,上市,5243,乙盛-KY,91.40,3.1000,89.00,91.70,88.60,1305000,118499600,913,TWSE_CSV,2026-08-12 14:15:34 +0800
1150812,2026-08-12,上市,5244,弘凱,34.00,0.7500,33.25,34.00,33.25,166000,5619650,127,TWSE_CSV,2026-08-12 14:15:34 +0800
1150812,2026-08-12,上市,5258,虹堡,50.90,-0.5000,50.10,51.60,48.25,995000,49353150,668,TWSE_CSV,2026-08-12 14:15:34 +0800
1150812,2026-08-12,上市,5269,祥碩,1440.00,5.0000,1435.00,1445.00,1425.00,513000,736460000,445,TWSE_CSV,2026-08-12 14:15:34 +0800
1150812,2026-08-12,上市,5283,禾聯碩,54.10,0.1000,54.00,54.40,53.70,46000,2486800,44,TWSE_CSV,2026-08-12 14:15:34 +0800
1150812,2026-08-12,上市,5284,jpp-KY,299.50,-1.0000,301.50,304.50,299.50,156000,47000000,140,TWSE_CSV,2026-08-12 14:15:34 +0800
1150812,2026-08-12,上市,5285,界霖,80.80,1.8000,80.00,80.80,79.50,676000,54176600,513,TWSE_CSV,2026-08-12 14:15:34 +0800
1150812,2026-08-12,上市,5288,豐祥-KY,192.00,-1.5000,194.50,194.50,188.50,137000,26077000,108,TWSE_CSV,2026-08-12 14:15:34 +0800
1150812,2026-08-12,上市,5292,華懋,187.00,7.5000,182.00,190.00,182.00,162000,30180000,151,TWSE_CSV,2026-08-12 14:15:34 +0800
1150812,2026-08-12,上市,5306,桂盟,97.80,-1.8000,99.90,100.00,96.30,496000,48458200,378,TWSE_CSV,2026-08-12 14:15:34 +0800
1150812,2026-08-12,上市,5388,中磊,82.40,-8.7000,88.70,88.70,82.00,19139000,1596745600,10901,TWSE_CSV,2026-08-12 14:15:34 +0800
1150812,2026-08-12,上市,5434,崇越,532.00,10.0000,534.00,543.00,525.00,1026000,548864000,888,TWSE_CSV,2026-08-12 14:15:34 +0800
1150812,2026-08-12,上市,5469,瀚宇博,76.70,0.8000,76.20,77.30,76.00,1563000,119968200,1032,TWSE_CSV,2026-08-12 14:15:34 +0800
1150812,2026-08-12,上市,5471,松翰,56.20,0.0000,56.50,57.00,55.70,1454000,81928200,954,TWSE_CSV,2026-08-12 14:15:34 +0800
1150812,2026-08-12,上市,5484,慧友,41.80,0.1000,42.00,42.45,41.50,243000,10171200,179,TWSE_CSV,2026-08-12 14:15:34 +0800
1150812,2026-08-12,上市,5515,建國,45.90,2.2500,43.65,46.00,43.65,963000,43550400,635,TWSE_CSV,2026-08-12 14:15:34 +0800
1150812,2026-08-12,上市,5519,隆大,28.00,0.2500,27.75,28.15,27.75,262000,7337250,196,TWSE_CSV,2026-08-12 14:15:34 +0800
1150812,2026-08-12,上市,5521,工信,10.30,-0.0500,10.30,10.30,10.20,1300000,13310800,382,TWSE_CSV,2026-08-12 14:15:34 +0800
1150812,2026-08-12,上市,5522,遠雄,63.00,-2.1000,64.40,64.40,62.50,2010000,126782500,1325,TWSE_CSV,2026-08-12 14:15:34 +0800
1150812,2026-08-12,上市,5525,順天,21.75,-0.3000,21.85,22.00,21.70,82000,1790700,66,TWSE_CSV,2026-08-12 14:15:34 +0800
1150812,2026-08-12,上市,5531,鄉林,7.37,-0.0800,7.43,7.47,7.35,502000,3712370,256,TWSE_CSV,2026-08-12 14:15:34 +0800
1150812,2026-08-12,上市,5533,皇鼎,13.90,-0.0500,13.80,13.95,13.80,170000,2359900,39,TWSE_CSV,2026-08-12 14:15:34 +0800
1150812,2026-08-12,上市,5534,長虹,78.30,0.5000,77.80,78.40,77.60,617000,48118000,472,TWSE_CSV,2026-08-12 14:15:34 +0800
1150812,2026-08-12,上市,5538,東明-KY,33.25,-0.7000,34.75,34.75,33.15,249000,8354950,159,TWSE_CSV,2026-08-12 14:15:34 +0800
1150812,2026-08-12,上市,5546,永固-KY,13.70,0.1500,13.85,13.85,13.45,22000,301450,13,TWSE_CSV,2026-08-12 14:15:34 +0800
1150812,2026-08-12,上市,5607,遠雄港,51.60,1.4000,49.95,51.70,49.75,850000,43127600,500,TWSE_CSV,2026-08-12 14:15:34 +0800
1150812,2026-08-12,上市,5608,四維航,14.30,0.3500,14.65,14.75,14.30,1992000,28845750,801,TWSE_CSV,2026-08-12 14:15:34 +0800
1150812,2026-08-12,上市,5706,鳳凰,45.65,0.1500,45.95,45.95,45.55,71000,3245650,60,TWSE_CSV,2026-08-12 14:15:34 +0800
1150812,2026-08-12,上市,5871,中租-KY,113.50,-2.0000,115.00,115.50,113.00,4272000,486629500,2221,TWSE_CSV,2026-08-12 14:15:34 +0800
1150812,2026-08-12,上市,5876,上海商銀,42.85,-0.2500,43.10,43.10,42.60,4309000,184308450,2105,TWSE_CSV,2026-08-12 14:15:34 +0800
1150812,2026-08-12,上市,5880,合庫金,24.10,0.1000,24.00,24.10,23.85,18262000,438179250,5047,TWSE_CSV,2026-08-12 14:15:34 +0800
1150812,2026-08-12,上市,5906,台南-KY,38.50,-0.9500,38.50,38.50,38.50,2000,77000,1,TWSE_CSV,2026-08-12 14:15:34 +0800
1150812,2026-08-12,上市,5907,大洋-KY,4.92,-0.0400,4.95,4.96,4.90,88000,434630,41,TWSE_CSV,2026-08-12 14:15:34 +0800
1150812,2026-08-12,上市,6005,群益證,30.60,0.6000,30.10,30.80,30.05,9006000,273826800,3457,TWSE_CSV,2026-08-12 14:15:34 +0800
1150812,2026-08-12,上市,6024,群益期,61.40,-0.2000,61.50,62.00,61.40,260000,15996700,172,TWSE_CSV,2026-08-12 14:15:34 +0800
1150812,2026-08-12,上市,6108,競國,19.95,0.4000,19.85,20.20,19.65,1836000,36635350,779,TWSE_CSV,2026-08-12 14:15:34 +0800
1150812,2026-08-12,上市,6112,邁達特,46.15,-0.2500,46.40,46.60,46.00,473000,21871050,330,TWSE_CSV,2026-08-12 14:15:34 +0800
1150812,2026-08-12,上市,6115,鎰勝,45.20,0.1000,45.10,45.45,45.10,84000,3801000,66,TWSE_CSV,2026-08-12 14:15:34 +0800
1150812,2026-08-12,上市,6116,彩晶,14.15,-0.0500,14.25,14.55,14.10,26092000,372122450,8405,TWSE_CSV,2026-08-12 14:15:34 +0800
1150812,2026-08-12,上市,6117,迎廣,66.80,0.3000,66.80,67.10,66.60,253000,16915600,189,TWSE_CSV,2026-08-12 14:15:34 +0800
1150812,2026-08-12,上市,6120,達運,12.75,-0.1500,13.05,13.10,12.75,2138000,27436100,839,TWSE_CSV,2026-08-12 14:15:34 +0800
1150812,2026-08-12,上市,6128,上福,20.45,0.2000,20.25,20.55,20.25,120000,2446200,49,TWSE_CSV,2026-08-12 14:15:34 +0800
1150812,2026-08-12,上市,6133,金橋,22.25,0.2500,22.10,22.45,22.05,637000,14147750,371,TWSE_CSV,2026-08-12 14:15:34 +0800
1150812,2026-08-12,上市,6136,富爾特,25.40,0.3500,24.70,25.40,24.70,147000,3713900,99,TWSE_CSV,2026-08-12 14:15:34 +0800
1150812,2026-08-12,上市,6139,亞翔,811.00,-1.0000,824.00,837.00,808.00,2946000,2410952000,2546,TWSE_CSV,2026-08-12 14:15:34 +0800
1150812,2026-08-12,上市,6141,柏承,36.90,2.2500,35.35,37.10,35.00,1261000,45574600,718,TWSE_CSV,2026-08-12 14:15:34 +0800
1150812,2026-08-12,上市,6142,友勁,9.28,-0.0700,9.52,9.52,9.26,420000,3915250,196,TWSE_CSV,2026-08-12 14:15:34 +0800
1150812,2026-08-12,上市,6152,百一,16.10,1.3000,14.90,16.20,14.85,5497000,85974100,2157,TWSE_CSV,2026-08-12 14:15:34 +0800
1150812,2026-08-12,上市,6153,嘉聯益,17.20,0.4000,16.90,17.45,16.85,3840000,66064200,1471,TWSE_CSV,2026-08-12 14:15:34 +0800
1150812,2026-08-12,上市,6155,鈞寶,58.40,3.2000,54.80,60.00,54.70,3157000,181865300,2310,TWSE_CSV,2026-08-12 14:15:34 +0800
1150812,2026-08-12,上市,6164,華興,11.90,0.1500,11.85,12.05,11.75,513000,6093600,233,TWSE_CSV,2026-08-12 14:15:34 +0800
1150812,2026-08-12,上市,6165,浪凡,49.60,-0.5000,50.50,51.50,49.60,437000,21920950,283,TWSE_CSV,2026-08-12 14:15:34 +0800
1150812,2026-08-12,上市,6166,凌華,137.00,1.0000,134.00,139.00,134.00,1694000,231988500,1208,TWSE_CSV,2026-08-12 14:15:34 +0800
1150812,2026-08-12,上市,6168,宏齊,25.10,0.5000,24.60,25.80,24.60,1185000,29958900,724,TWSE_CSV,2026-08-12 14:15:34 +0800
1150812,2026-08-12,上市,6176,瑞儀,81.30,-0.4000,81.60,83.00,81.00,5173000,421583000,3840,TWSE_CSV,2026-08-12 14:15:34 +0800
1150812,2026-08-12,上市,6177,達麗,47.70,-0.5500,48.20,48.20,47.60,1521000,72777600,939,TWSE_CSV,2026-08-12 14:15:34 +0800
1150812,2026-08-12,上市,6183,關貿,94.40,0.9000,94.10,94.50,93.60,59000,5547200,35,TWSE_CSV,2026-08-12 14:15:34 +0800
1150812,2026-08-12,上市,6184,大豐電,42.20,0.0500,42.15,42.25,42.15,36000,1519450,25,TWSE_CSV,2026-08-12 14:15:34 +0800
1150812,2026-08-12,上市,6189,豐藝,49.60,0.3000,49.30,49.60,49.10,429000,21195200,259,TWSE_CSV,2026-08-12 14:15:34 +0800
1150812,2026-08-12,上市,6191,精成科,87.10,1.0000,86.90,88.20,86.50,1894000,165675400,1377,TWSE_CSV,2026-08-12 14:15:34 +0800
1150812,2026-08-12,上市,6192,巨路,120.50,-0.5000,122.00,122.50,120.00,234000,28329000,183,TWSE_CSV,2026-08-12 14:15:34 +0800
1150812,2026-08-12,上市,6196,帆宣,499.00,-11.0000,511.00,516.00,498.00,1081000,543175000,1013,TWSE_CSV,2026-08-12 14:15:34 +0800
1150812,2026-08-12,上市,6197,佳必琪,305.50,4.0000,302.50,307.50,301.00,1089000,332169500,840,TWSE_CSV,2026-08-12 14:15:34 +0800
1150812,2026-08-12,上市,6201,亞弘電,45.70,0.2500,45.45,45.70,45.40,12000,546600,12,TWSE_CSV,2026-08-12 14:15:34 +0800
1150812,2026-08-12,上市,6202,盛群,63.80,-0.5000,64.50,65.80,63.50,2243000,144002200,1573,TWSE_CSV,2026-08-12 14:15:34 +0800
1150812,2026-08-12,上市,6205,詮欣,64.40,2.8000,62.60,67.00,62.50,643000,41672300,527,TWSE_CSV,2026-08-12 14:15:34 +0800
1150812,2026-08-12,上市,6206,飛捷,146.00,3.0000,141.50,146.00,139.00,2205000,314999500,1668,TWSE_CSV,2026-08-12 14:15:34 +0800
1150812,2026-08-12,上市,6209,今國光,75.00,0.0000,75.00,77.40,75.00,4581000,348309400,2935,TWSE_CSV,2026-08-12 14:15:34 +0800
1150812,2026-08-12,上市,6213,聯茂,464.00,12.0000,459.00,475.00,451.50,7890000,3668165500,5784,TWSE_CSV,2026-08-12 14:15:34 +0800
1150812,2026-08-12,上市,6214,精誠,142.50,-0.5000,143.00,144.00,142.00,699000,99928500,512,TWSE_CSV,2026-08-12 14:15:34 +0800
1150812,2026-08-12,上市,6215,和椿,104.50,2.0000,103.50,108.00,102.50,1648000,173234000,1229,TWSE_CSV,2026-08-12 14:15:34 +0800
1150812,2026-08-12,上市,6216,居易,22.80,0.3000,22.70,23.00,22.40,251000,5715500,157,TWSE_CSV,2026-08-12 14:15:34 +0800
1150812,2026-08-12,上市,6224,聚鼎,61.20,1.4000,59.70,62.50,59.10,693000,42268200,464,TWSE_CSV,2026-08-12 14:15:34 +0800
1150812,2026-08-12,上市,6225,天瀚,33.45,3.0000,33.45,33.45,33.45,25000,836250,9,TWSE_CSV,2026-08-12 14:15:34 +0800
1150812,2026-08-12,上市,6226,光鼎,20.30,0.0000,20.85,20.90,20.10,5875000,119620850,2881,TWSE_CSV,2026-08-12 14:15:34 +0800
1150812,2026-08-12,上市,6230,尼得科超眾,108.50,-1.0000,108.50,109.50,107.00,54000,5831500,51,TWSE_CSV,2026-08-12 14:15:34 +0800
1150812,2026-08-12,上市,6235,華孚,39.20,0.0000,38.90,39.90,38.40,621000,24234450,427,TWSE_CSV,2026-08-12 14:15:34 +0800
1150812,2026-08-12,上市,6239,力成,281.50,-1.0000,284.00,287.00,280.50,13609000,3851308000,9429,TWSE_CSV,2026-08-12 14:15:34 +0800
1150812,2026-08-12,上市,6243,迅杰,44.55,-1.0500,45.20,45.75,44.50,1016000,45628700,757,TWSE_CSV,2026-08-12 14:15:34 +0800
1150812,2026-08-12,上市,6257,矽格,211.00,6.5000,206.50,217.00,206.00,7146000,1515443500,4866,TWSE_CSV,2026-08-12 14:15:34 +0800
1150812,2026-08-12,上市,6269,台郡,66.90,-0.5000,65.80,69.70,65.50,7124000,482439100,4649,TWSE_CSV,2026-08-12 14:15:34 +0800
1150812,2026-08-12,上市,6271,同欣電,198.00,2.5000,195.50,201.00,195.50,4541000,901320500,3139,TWSE_CSV,2026-08-12 14:15:34 +0800
1150812,2026-08-12,上市,6272,驊陞,24.30,-0.7000,25.00,25.45,24.30,182000,4473650,119,TWSE_CSV,2026-08-12 14:15:34 +0800
1150812,2026-08-12,上市,6277,宏正,78.60,-1.4000,80.00,80.00,77.60,325000,25592100,263,TWSE_CSV,2026-08-12 14:15:34 +0800
1150812,2026-08-12,上市,6278,台表科,171.00,3.5000,167.00,172.50,166.00,4005000,681709500,2718,TWSE_CSV,2026-08-12 14:15:34 +0800
1150812,2026-08-12,上市,6281,全國電,51.70,0.2000,51.50,51.80,51.50,38000,1961700,34,TWSE_CSV,2026-08-12 14:15:34 +0800
1150812,2026-08-12,上市,6282,康舒,47.15,-2.7000,47.40,48.10,47.05,21891000,1038863250,12539,TWSE_CSV,2026-08-12 14:15:34 +0800
1150812,2026-08-12,上市,6283,淳安,20.20,0.0500,20.10,20.35,20.00,78000,1572700,64,TWSE_CSV,2026-08-12 14:15:34 +0800
1150812,2026-08-12,上市,6285,啟碁,251.50,-2.5000,252.50,253.50,249.00,4896000,1229663000,3249,TWSE_CSV,2026-08-12 14:15:34 +0800
1150812,2026-08-12,上市,6405,悅城,41.00,0.6000,40.40,41.45,40.40,432000,17681350,298,TWSE_CSV,2026-08-12 14:15:34 +0800
1150812,2026-08-12,上市,6409,旭隼,995.00,-15.0000,1010.00,1025.00,994.00,264000,264843000,242,TWSE_CSV,2026-08-12 14:15:34 +0800
1150812,2026-08-12,上市,6412,群電,79.80,1.0000,79.40,80.30,79.00,842000,67241900,674,TWSE_CSV,2026-08-12 14:15:34 +0800
1150812,2026-08-12,上市,6414,樺漢,455.50,7.0000,447.00,459.50,446.00,1467000,666269500,1239,TWSE_CSV,2026-08-12 14:15:34 +0800
1150812,2026-08-12,上市,6415,矽力*-KY,449.00,-17.5000,466.00,472.00,447.00,4070000,1842756000,3444,TWSE_CSV,2026-08-12 14:15:34 +0800
1150812,2026-08-12,上市,6416,瑞祺電通,100.00,0.3000,99.70,100.50,97.30,677000,66955300,561,TWSE_CSV,2026-08-12 14:15:34 +0800
1150812,2026-08-12,上市,6426,統新,222.00,4.0000,233.00,233.00,220.00,809000,182501000,630,TWSE_CSV,2026-08-12 14:15:34 +0800
1150812,2026-08-12,上市,6431,光麗-KY,18.80,-0.2000,18.35,18.95,18.00,80000,1475050,40,TWSE_CSV,2026-08-12 14:15:34 +0800
1150812,2026-08-12,上市,6438,迅得,149.50,4.5000,147.00,150.00,145.50,359000,53113500,281,TWSE_CSV,2026-08-12 14:15:34 +0800
1150812,2026-08-12,上市,6442,光聖,1595.00,145.0000,1470.00,1595.00,1470.00,2835000,4422435000,2251,TWSE_CSV,2026-08-12 14:15:34 +0800
1150812,2026-08-12,上市,6443,元晶,26.75,-0.1500,26.90,27.00,26.70,2317000,62150450,1298,TWSE_CSV,2026-08-12 14:15:34 +0800
1150812,2026-08-12,上市,6446,藥華藥,1440.00,-20.0000,1465.00,1550.00,1415.00,5748000,8487525000,4700,TWSE_CSV,2026-08-12 14:15:34 +0800
1150812,2026-08-12,上市,6449,鈺邦,244.00,6.0000,240.00,249.50,240.00,853000,208902000,727,TWSE_CSV,2026-08-12 14:15:34 +0800
1150812,2026-08-12,上市,6451,訊芯-KY,451.00,18.0000,433.50,455.00,428.50,1115000,496689000,967,TWSE_CSV,2026-08-12 14:15:34 +0800
1150812,2026-08-12,上市,6456,GIS-KY,68.60,-2.0000,71.60,72.10,68.00,4119000,289288700,2617,TWSE_CSV,2026-08-12 14:15:34 +0800
1150812,2026-08-12,上市,6464,台數科,76.20,0.0000,76.50,77.10,76.20,13000,995200,12,TWSE_CSV,2026-08-12 14:15:34 +0800
1150812,2026-08-12,上市,6472,保瑞,424.00,0.5000,430.00,434.00,418.50,708000,301494500,615,TWSE_CSV,2026-08-12 14:15:34 +0800
1150812,2026-08-12,上市,6477,安集,34.25,-0.7000,34.60,34.80,34.00,930000,31903150,630,TWSE_CSV,2026-08-12 14:15:34 +0800
1150812,2026-08-12,上市,6491,晶碩,378.00,0.0000,383.00,386.50,374.00,463000,175756000,422,TWSE_CSV,2026-08-12 14:15:34 +0800
1150812,2026-08-12,上市,6504,南六,38.70,0.0000,38.90,38.90,38.20,10000,385250,10,TWSE_CSV,2026-08-12 14:15:34 +0800
1150812,2026-08-12,上市,6505,台塑化,70.20,-0.9000,71.80,72.90,70.20,14972000,1064716500,8072,TWSE_CSV,2026-08-12 14:15:34 +0800
1150812,2026-08-12,上市,6515,穎崴,7170.00,250.0000,7020.00,7195.00,6995.00,149000,1058550000,148,TWSE_CSV,2026-08-12 14:15:34 +0800
1150812,2026-08-12,上市,6525,捷敏-KY,143.00,2.5000,142.00,145.00,141.00,1304000,186603500,1001,TWSE_CSV,2026-08-12 14:15:34 +0800
1150812,2026-08-12,上市,6526,達發,619.00,-1.0000,622.00,628.00,617.00,204000,126781000,194,TWSE_CSV,2026-08-12 14:15:34 +0800
1150812,2026-08-12,上市,6531,愛普*,878.00,47.0000,831.00,885.00,828.00,1311000,1139785000,1150,TWSE_CSV,2026-08-12 14:15:34 +0800
1150812,2026-08-12,上市,6533,晶心科,254.50,4.5000,250.00,255.00,245.00,1560000,389032500,1353,TWSE_CSV,2026-08-12 14:15:34 +0800
1150812,2026-08-12,上市,6534,正瀚-創,94.70,1.0000,93.80,94.70,93.10,102000,9598700,87,TWSE_CSV,2026-08-12 14:15:34 +0800
1150812,2026-08-12,上市,6541,泰福-KY,38.90,-0.3000,39.70,40.00,38.85,169000,6638100,140,TWSE_CSV,2026-08-12 14:15:34 +0800
1150812,2026-08-12,上市,6550,北極星藥業-KY,10.95,-0.0500,11.05,11.15,10.90,626000,6889950,325,TWSE_CSV,2026-08-12 14:15:34 +0800
1150812,2026-08-12,上市,6552,易華電,25.30,0.9000,24.70,25.90,24.50,240000,6086400,149,TWSE_CSV,2026-08-12 14:15:34 +0800
1150812,2026-08-12,上市,6558,興能高,26.95,0.1500,26.60,27.15,26.60,179000,4821400,134,TWSE_CSV,2026-08-12 14:15:34 +0800
1150812,2026-08-12,上市,6573,虹揚-KY,16.85,-0.2000,17.05,17.25,16.70,259000,4362800,145,TWSE_CSV,2026-08-12 14:15:34 +0800
1150812,2026-08-12,上市,6579,研揚,160.00,1.0000,158.00,161.50,158.00,402000,64412000,335,TWSE_CSV,2026-08-12 14:15:34 +0800
1150812,2026-08-12,上市,6581,鋼聯,107.50,-0.5000,107.50,108.00,107.00,25000,2682000,22,TWSE_CSV,2026-08-12 14:15:34 +0800
1150812,2026-08-12,上市,6582,申豐,31.70,0.0500,31.65,31.80,31.55,27000,855850,20,TWSE_CSV,2026-08-12 14:15:34 +0800
1150812,2026-08-12,上市,6585,鼎基,118.00,1.0000,117.50,119.50,117.50,337000,39870000,230,TWSE_CSV,2026-08-12 14:15:34 +0800
1150812,2026-08-12,上市,6589,台康生技,51.10,-1.5000,52.60,52.70,51.00,852000,43957900,585,TWSE_CSV,2026-08-12 14:15:34 +0800
1150812,2026-08-12,上市,6591,動力-KY,44.30,0.1500,44.20,44.65,43.85,154000,6800000,135,TWSE_CSV,2026-08-12 14:15:34 +0800
1150812,2026-08-12,上市,6592,和潤企業,61.50,0.5000,61.00,61.50,61.00,425000,26040400,335,TWSE_CSV,2026-08-12 14:15:34 +0800
1150812,2026-08-12,上市,6598,ABC-KY,27.65,0.0000,27.65,27.95,27.55,250000,6934900,144,TWSE_CSV,2026-08-12 14:15:34 +0800
1150812,2026-08-12,上市,6605,帝寶,137.50,-1.0000,137.50,139.00,137.00,312000,42986500,229,TWSE_CSV,2026-08-12 14:15:34 +0800
1150812,2026-08-12,上市,6606,建德工業,26.85,-0.2500,27.20,27.35,26.85,250000,6776500,137,TWSE_CSV,2026-08-12 14:15:34 +0800
1150812,2026-08-12,上市,6614,資拓宏宇,36.15,0.0500,36.10,36.20,35.90,28000,1008300,22,TWSE_CSV,2026-08-12 14:15:34 +0800
1150812,2026-08-12,上市,6625,必應,77.70,1.4000,77.70,78.50,77.10,175000,13604900,150,TWSE_CSV,2026-08-12 14:15:34 +0800
1150812,2026-08-12,上市,6641,基士德-KY,17.90,-0.0500,18.10,18.20,17.75,16000,286700,13,TWSE_CSV,2026-08-12 14:15:34 +0800
1150812,2026-08-12,上市,6645,金萬林-創,13.35,0.0500,13.40,13.40,13.10,21000,278400,14,TWSE_CSV,2026-08-12 14:15:34 +0800
1150812,2026-08-12,上市,6655,科定,117.50,-1.0000,117.00,118.00,116.00,7000,818500,7,TWSE_CSV,2026-08-12 14:15:34 +0800
1150812,2026-08-12,上市,6657,華安,30.80,0.4500,29.85,30.95,29.85,71000,2165900,65,TWSE_CSV,2026-08-12 14:15:34 +0800
1150812,2026-08-12,上市,6658,聯策,167.00,7.0000,161.00,167.50,161.00,277000,45861500,249,TWSE_CSV,2026-08-12 14:15:34 +0800
1150812,2026-08-12,上市,6666,羅麗芬-KY,42.20,0.0000,42.85,42.85,42.10,13000,551950,13,TWSE_CSV,2026-08-12 14:15:34 +0800
1150812,2026-08-12,上市,6668,中揚光,37.55,1.8500,35.70,38.60,35.65,1310000,49106650,904,TWSE_CSV,2026-08-12 14:15:34 +0800
1150812,2026-08-12,上市,6669,緯穎,6025.00,95.0000,5905.00,6140.00,5900.00,1032000,6206590000,986,TWSE_CSV,2026-08-12 14:15:34 +0800
1150812,2026-08-12,上市,6670,復盛應用,264.00,-5.0000,270.00,273.00,263.00,229000,60875500,203,TWSE_CSV,2026-08-12 14:15:34 +0800
1150812,2026-08-12,上市,6671,三能-KY,23.00,0.3500,22.85,23.00,22.80,4000,91650,4,TWSE_CSV,2026-08-12 14:15:34 +0800
1150812,2026-08-12,上市,6672,騰輝電子-KY,268.00,11.0000,252.50,270.00,252.00,5252000,1379344000,4157,TWSE_CSV,2026-08-12 14:15:34 +0800
1150812,2026-08-12,上市,6674,鋐寶科技,15.30,0.0500,15.45,15.45,15.30,8000,123000,8,TWSE_CSV,2026-08-12 14:15:34 +0800
1150812,2026-08-12,上市,6689,伊雲谷,62.30,-2.7000,63.90,64.80,62.10,201000,12657000,172,TWSE_CSV,2026-08-12 14:15:34 +0800
1150812,2026-08-12,上市,6691,洋基工程,733.00,5.0000,730.00,739.00,715.00,440000,320920000,364,TWSE_CSV,2026-08-12 14:15:34 +0800
1150812,2026-08-12,上市,6695,芯鼎,51.00,1.8500,50.00,52.20,49.90,856000,43800600,571,TWSE_CSV,2026-08-12 14:15:34 +0800
1150812,2026-08-12,上市,6698,旭暉應材,32.55,0.1500,32.25,33.05,32.20,84000,2747750,62,TWSE_CSV,2026-08-12 14:15:34 +0800
1150812,2026-08-12,上市,6706,惠特,124.00,7.0000,116.50,126.00,116.50,2374000,291196000,1894,TWSE_CSV,2026-08-12 14:15:34 +0800
1150812,2026-08-12,上市,6715,嘉基,396.50,36.0000,356.00,396.50,356.00,779000,303778000,539,TWSE_CSV,2026-08-12 14:15:34 +0800
1150812,2026-08-12,上市,6719,力智,206.00,-0.5000,206.50,211.00,205.50,726000,150662500,598,TWSE_CSV,2026-08-12 14:15:34 +0800
1150812,2026-08-12,上市,6722,輝創,33.10,0.0500,33.05,33.30,32.95,18000,595150,16,TWSE_CSV,2026-08-12 14:15:34 +0800
1150812,2026-08-12,上市,6742,澤米,44.30,1.2500,43.60,44.55,43.05,313000,13774750,254,TWSE_CSV,2026-08-12 14:15:34 +0800
1150812,2026-08-12,上市,6743,安普新,27.50,-0.6000,28.00,28.00,27.45,263000,7281150,197,TWSE_CSV,2026-08-12 14:15:34 +0800
1150812,2026-08-12,上市,6753,龍德造船,142.00,1.0000,143.00,145.50,140.00,1512000,215337500,1128,TWSE_CSV,2026-08-12 14:15:34 +0800
1150812,2026-08-12,上市,6754,匯僑設計,41.95,-0.5500,42.70,42.70,41.95,14000,590450,11,TWSE_CSV,2026-08-12 14:15:34 +0800
1150812,2026-08-12,上市,6756,威鋒電子,98.20,-1.7000,100.00,100.00,97.40,151000,14879700,122,TWSE_CSV,2026-08-12 14:15:34 +0800
1150812,2026-08-12,上市,6757,台灣虎航,55.70,-0.4000,55.70,56.20,55.40,942000,52587300,552,TWSE_CSV,2026-08-12 14:15:34 +0800
1150812,2026-08-12,上市,6768,志強-KY,65.60,-1.9000,68.20,68.20,65.40,698000,46098100,489,TWSE_CSV,2026-08-12 14:15:34 +0800
1150812,2026-08-12,上市,6770,力積電,73.70,6.7000,68.00,73.70,67.90,425613000,30851797900,137097,TWSE_CSV,2026-08-12 14:15:34 +0800
1150812,2026-08-12,上市,6771,平和環保-創,40.00,1.5000,40.05,40.20,39.35,112000,4455900,68,TWSE_CSV,2026-08-12 14:15:34 +0800
1150812,2026-08-12,上市,6776,展碁國際,53.80,0.1000,54.20,54.20,53.70,71000,3826300,59,TWSE_CSV,2026-08-12 14:15:34 +0800
1150812,2026-08-12,上市,6781,AES-KY,1145.00,-30.0000,1190.00,1195.00,1140.00,1286000,1493510000,1145,TWSE_CSV,2026-08-12 14:15:34 +0800
1150812,2026-08-12,上市,6782,視陽,207.50,-4.5000,212.50,213.00,206.00,359000,74927000,294,TWSE_CSV,2026-08-12 14:15:34 +0800
1150812,2026-08-12,上市,6789,采鈺,452.50,12.5000,446.00,457.00,442.50,1179000,532455500,1036,TWSE_CSV,2026-08-12 14:15:34 +0800
1150812,2026-08-12,上市,6790,永豐實,38.05,-0.2000,38.40,38.40,38.05,127000,4846200,85,TWSE_CSV,2026-08-12 14:15:34 +0800
1150812,2026-08-12,上市,6792,詠業,58.60,0.5000,58.10,59.20,58.10,21000,1237300,19,TWSE_CSV,2026-08-12 14:15:34 +0800
1150812,2026-08-12,上市,6794,向榮生技,75.00,0.3000,74.70,75.50,74.00,30000,2235700,27,TWSE_CSV,2026-08-12 14:15:34 +0800
1150812,2026-08-12,上市,6796,晉弘,60.80,0.8000,58.90,61.70,58.90,33000,1999800,31,TWSE_CSV,2026-08-12 14:15:34 +0800
1150812,2026-08-12,上市,6799,來頡,85.50,-0.1000,85.60,86.50,85.50,195000,16770600,152,TWSE_CSV,2026-08-12 14:15:34 +0800
1150812,2026-08-12,上市,6805,富世達,1835.00,45.0000,1790.00,1860.00,1780.00,1812000,3316500000,1675,TWSE_CSV,2026-08-12 14:15:34 +0800
1150812,2026-08-12,上市,6807,峰源-KY,38.45,0.5000,38.00,38.45,37.60,7000,266850,7,TWSE_CSV,2026-08-12 14:15:34 +0800
1150812,2026-08-12,上市,6830,汎銓,432.00,23.5000,410.50,433.00,410.50,1717000,730009000,1519,TWSE_CSV,2026-08-12 14:15:34 +0800
1150812,2026-08-12,上市,6831,邁科,678.00,61.0000,629.00,678.00,618.00,1224000,814856000,920,TWSE_CSV,2026-08-12 14:15:34 +0800
1150812,2026-08-12,上市,6834,天二科技,107.00,1.0000,104.00,110.50,103.00,8878000,944968000,6259,TWSE_CSV,2026-08-12 14:15:34 +0800
1150812,2026-08-12,上市,6835,圓裕,31.25,0.2000,31.30,31.75,31.25,20000,629450,20,TWSE_CSV,2026-08-12 14:15:34 +0800
1150812,2026-08-12,上市,6838,台新藥,23.05,-0.2500,23.60,23.60,23.00,87000,2009050,52,TWSE_CSV,2026-08-12 14:15:34 +0800
1150812,2026-08-12,上市,6854,錼創科技-KY創,95.30,1.6000,93.50,95.80,93.40,130000,12315500,110,TWSE_CSV,2026-08-12 14:15:34 +0800
1150812,2026-08-12,上市,6861,睿生光電,212.00,-6.0000,216.50,221.50,212.00,269000,58393000,218,TWSE_CSV,2026-08-12 14:15:34 +0800
1150812,2026-08-12,上市,6862,三集瑞-KY,146.00,-2.0000,149.50,150.00,146.00,189000,28042000,159,TWSE_CSV,2026-08-12 14:15:34 +0800
1150812,2026-08-12,上市,6863,永道-KY,117.00,-5.0000,120.00,123.50,116.00,409000,48775000,343,TWSE_CSV,2026-08-12 14:15:34 +0800
1150812,2026-08-12,上市,6869,雲豹能源,67.30,0.0000,67.30,67.50,66.40,200000,13392300,159,TWSE_CSV,2026-08-12 14:15:34 +0800
1150812,2026-08-12,上市,6873,泓德能源,74.90,0.1000,75.00,75.20,73.30,365000,27149000,288,TWSE_CSV,2026-08-12 14:15:34 +0800
1150812,2026-08-12,上市,6885,全福生技,20.50,-0.1000,20.40,20.60,20.25,224000,4561000,130,TWSE_CSV,2026-08-12 14:15:34 +0800
1150812,2026-08-12,上市,6887,寶綠特-KY,35.60,-0.8500,36.00,36.15,35.10,39000,1384400,35,TWSE_CSV,2026-08-12 14:15:34 +0800
1150812,2026-08-12,上市,6890,來億-KY,179.50,5.0000,174.50,182.00,174.50,219000,39118500,205,TWSE_CSV,2026-08-12 14:15:34 +0800
1150812,2026-08-12,上市,6901,鑽石投資,16.90,0.0500,16.90,17.40,16.80,3755000,64062700,1942,TWSE_CSV,2026-08-12 14:15:34 +0800
1150812,2026-08-12,上市,6902,GOGOLOOK,130.00,2.0000,128.50,130.50,128.00,66000,8523000,50,TWSE_CSV,2026-08-12 14:15:34 +0800
1150812,2026-08-12,上市,6906,現觀科,71.30,-1.2000,73.00,74.30,70.60,68000,4927800,65,TWSE_CSV,2026-08-12 14:15:34 +0800
1150812,2026-08-12,上市,6908,宏碁遊戲-創,33.70,0.9500,32.55,33.70,32.00,11000,357700,7,TWSE_CSV,2026-08-12 14:15:34 +0800
1150812,2026-08-12,上市,6909,創控,41.90,1.1000,40.80,42.40,40.80,214000,8907000,153,TWSE_CSV,2026-08-12 14:15:34 +0800
1150812,2026-08-12,上市,6914,阜爾運通,147.50,0.0000,148.00,148.00,146.00,126000,18504500,100,TWSE_CSV,2026-08-12 14:15:34 +0800
1150812,2026-08-12,上市,6916,華凌,18.95,0.2500,18.90,19.15,18.80,18000,342300,16,TWSE_CSV,2026-08-12 14:15:34 +0800
1150812,2026-08-12,上市,6918,愛派司,72.80,-1.0000,73.80,74.00,72.80,14000,1024100,11,TWSE_CSV,2026-08-12 14:15:34 +0800
1150812,2026-08-12,上市,6919,康霈*,110.50,2.5000,109.00,113.00,109.00,4512000,500971500,2166,TWSE_CSV,2026-08-12 14:15:34 +0800
1150812,2026-08-12,上市,6921,嘉雨思-創,63.90,0.2000,62.80,66.00,62.00,49000,3185000,17,TWSE_CSV,2026-08-12 14:15:34 +0800
1150812,2026-08-12,上市,6923,中台,77.30,2.4000,75.20,77.70,75.20,92000,7089800,76,TWSE_CSV,2026-08-12 14:15:34 +0800
1150812,2026-08-12,上市,6924,榮惠-KY創,116.00,-3.5000,117.00,118.00,112.00,76000,8676500,50,TWSE_CSV,2026-08-12 14:15:34 +0800
1150812,2026-08-12,上市,6928,攸泰科技,48.40,-0.1000,48.60,49.25,48.10,56000,2723400,49,TWSE_CSV,2026-08-12 14:15:34 +0800
1150812,2026-08-12,上市,6931,青松健康,39.60,0.1000,39.15,39.60,39.15,41000,1612750,39,TWSE_CSV,2026-08-12 14:15:34 +0800
1150812,2026-08-12,上市,6933,AMAX-KY,194.00,6.0000,189.50,197.00,184.00,953000,183175000,759,TWSE_CSV,2026-08-12 14:15:34 +0800
1150812,2026-08-12,上市,6934,心誠鎂,72.00,-0.5000,73.00,73.00,71.50,22000,1594000,15,TWSE_CSV,2026-08-12 14:15:34 +0800
1150812,2026-08-12,上市,6936,永鴻生技,32.30,0.2500,32.05,32.55,31.95,20000,642450,20,TWSE_CSV,2026-08-12 14:15:34 +0800
1150812,2026-08-12,上市,6937,天虹,291.50,4.5000,290.00,292.50,286.50,497000,143880000,381,TWSE_CSV,2026-08-12 14:15:34 +0800
1150812,2026-08-12,上市,6944,兆聯實業,747.00,7.0000,745.00,762.00,742.00,212000,159076000,204,TWSE_CSV,2026-08-12 14:15:34 +0800
1150812,2026-08-12,上市,6947,台鎔科技,75.20,-0.8000,77.00,77.30,75.10,200000,15114600,164,TWSE_CSV,2026-08-12 14:15:34 +0800
1150812,2026-08-12,上市,6949,沛爾生醫-創,1010.00,-10.0000,982.00,1020.00,982.00,137000,137359000,125,TWSE_CSV,2026-08-12 14:15:34 +0800
1150812,2026-08-12,上市,6951,青新-創,72.30,0.9000,72.40,72.40,71.60,17000,1225600,14,TWSE_CSV,2026-08-12 14:15:34 +0800
1150812,2026-08-12,上市,6952,大武山,38.80,-0.5000,39.00,39.40,38.50,14000,544950,12,TWSE_CSV,2026-08-12 14:15:34 +0800
1150812,2026-08-12,上市,6955,邦睿生技-創,125.00,0.0000,123.00,125.00,123.00,8000,990500,5,TWSE_CSV,2026-08-12 14:15:34 +0800
1150812,2026-08-12,上市,6957,裕慶-KY,218.00,2.5000,217.00,219.00,215.00,61000,13227500,52,TWSE_CSV,2026-08-12 14:15:34 +0800
1150812,2026-08-12,上市,6958,日盛台駿,17.40,-0.1000,17.50,17.60,17.40,28000,489750,26,TWSE_CSV,2026-08-12 14:15:34 +0800
1150812,2026-08-12,上市,6962,奕力-KY,34.00,0.2000,33.90,34.30,33.70,1323000,44996600,683,TWSE_CSV,2026-08-12 14:15:34 +0800
1150812,2026-08-12,上市,6965,中傑-KY,75.50,-0.4000,75.10,76.00,74.60,30000,2252300,24,TWSE_CSV,2026-08-12 14:15:34 +0800
1150812,2026-08-12,上市,6969,成信實業*-創,33.25,0.4500,32.80,33.35,32.60,109000,3589250,71,TWSE_CSV,2026-08-12 14:15:34 +0800
1150812,2026-08-12,上市,6988,威力暘-創,13.00,0.3000,12.70,13.15,12.70,81000,1046900,35,TWSE_CSV,2026-08-12 14:15:34 +0800
1150812,2026-08-12,上市,6994,富威電力,36.60,0.3000,36.50,37.25,36.35,302000,11070150,216,TWSE_CSV,2026-08-12 14:15:34 +0800
1150812,2026-08-12,上市,7610,聯友金屬-創,1895.00,25.0000,1870.00,1895.00,1790.00,199000,367810000,163,TWSE_CSV,2026-08-12 14:15:34 +0800
1150812,2026-08-12,上市,7631,聚賢研發-創,139.50,1.5000,140.00,142.00,139.50,43000,6026500,35,TWSE_CSV,2026-08-12 14:15:34 +0800
1150812,2026-08-12,上市,7689,大鵬科CLMX,174.00,1.0000,173.00,174.00,171.00,99000,17073500,82,TWSE_CSV,2026-08-12 14:15:34 +0800
1150812,2026-08-12,上市,7705,三商餐飲,30.80,0.0000,30.65,30.80,30.50,23000,706150,21,TWSE_CSV,2026-08-12 14:15:34 +0800
1150812,2026-08-12,上市,7711,永擎,447.50,40.5000,445.00,447.50,434.00,1799000,800753500,1238,TWSE_CSV,2026-08-12 14:15:34 +0800
1150812,2026-08-12,上市,7721,微程式,64.00,0.8000,63.20,66.50,63.20,98000,6327900,90,TWSE_CSV,2026-08-12 14:15:34 +0800
1150812,2026-08-12,上市,7722,LINEPAY,291.50,0.0000,298.00,309.00,291.50,147000,44116000,142,TWSE_CSV,2026-08-12 14:15:34 +0800
1150812,2026-08-12,上市,7730,暉盛-創,168.00,5.0000,164.00,168.00,163.50,41000,6800000,38,TWSE_CSV,2026-08-12 14:15:34 +0800
1150812,2026-08-12,上市,7732,金興精密,35.10,0.4000,34.40,35.50,34.00,93000,3222400,73,TWSE_CSV,2026-08-12 14:15:34 +0800
1150812,2026-08-12,上市,7736,虎山,69.90,-0.1000,70.00,70.00,69.40,10000,695900,10,TWSE_CSV,2026-08-12 14:15:34 +0800
1150812,2026-08-12,上市,7740,熙特爾-創,148.00,-11.5000,152.50,155.00,144.00,801000,119319000,530,TWSE_CSV,2026-08-12 14:15:34 +0800
1150812,2026-08-12,上市,7749,意騰-KY,359.50,0.0000,358.50,370.00,358.50,91000,33158000,86,TWSE_CSV,2026-08-12 14:15:34 +0800
1150812,2026-08-12,上市,7750,新代,2390.00,35.0000,2360.00,2435.00,2360.00,119000,285540000,109,TWSE_CSV,2026-08-12 14:15:34 +0800
1150812,2026-08-12,上市,7760,享溫馨,32.45,-0.1500,33.00,33.10,32.40,68000,2238700,20,TWSE_CSV,2026-08-12 14:15:34 +0800
1150812,2026-08-12,上市,7765,中華資安,230.00,4.5000,227.50,234.50,227.50,106000,24409000,74,TWSE_CSV,2026-08-12 14:15:34 +0800
1150812,2026-08-12,上市,7768,頌勝科技,270.00,13.5000,259.00,270.00,259.00,122000,32523000,98,TWSE_CSV,2026-08-12 14:15:34 +0800
1150812,2026-08-12,上市,7769,鴻勁,6480.00,130.0000,6380.00,6600.00,6380.00,361000,2341315000,351,TWSE_CSV,2026-08-12 14:15:34 +0800
1150812,2026-08-12,上市,7780,大研生醫*,16.80,0.0000,16.70,16.85,16.70,484000,8120250,276,TWSE_CSV,2026-08-12 14:15:34 +0800
1150812,2026-08-12,上市,7786,東方風能,130.50,0.0000,131.00,133.50,128.50,180000,23477500,135,TWSE_CSV,2026-08-12 14:15:34 +0800
1150812,2026-08-12,上市,7788,松川精密,256.00,17.5000,241.00,261.50,240.50,1721000,438753000,1397,TWSE_CSV,2026-08-12 14:15:34 +0800
1150812,2026-08-12,上市,7791,皇家可口,59.20,-0.3000,59.30,59.50,59.10,47000,2786000,40,TWSE_CSV,2026-08-12 14:15:34 +0800
1150812,2026-08-12,上市,7795,長廣,506.00,46.0000,506.00,506.00,506.00,356000,180136000,241,TWSE_CSV,2026-08-12 14:15:34 +0800
1150812,2026-08-12,上市,7799,禾榮科,362.00,3.0000,365.00,371.00,361.50,200000,73033500,177,TWSE_CSV,2026-08-12 14:15:34 +0800
1150812,2026-08-12,上市,7803,雲象科技-創,19.60,-0.1500,19.60,20.00,19.60,22000,434150,18,TWSE_CSV,2026-08-12 14:15:34 +0800
1150812,2026-08-12,上市,7818,溢泰實業,63.40,0.4000,62.70,63.70,62.70,79000,4995500,61,TWSE_CSV,2026-08-12 14:15:34 +0800
1150812,2026-08-12,上市,7821,神數,39.70,0.0000,40.00,40.00,39.65,104000,4136850,69,TWSE_CSV,2026-08-12 14:15:34 +0800
1150812,2026-08-12,上市,7822,倍利科,880.00,26.0000,859.00,886.00,856.00,169000,147523000,162,TWSE_CSV,2026-08-12 14:15:34 +0800
1150812,2026-08-12,上市,7823,奧義賽博-KY創,85.40,0.9000,83.40,86.90,83.00,55000,4656600,40,TWSE_CSV,2026-08-12 14:15:34 +0800
1150812,2026-08-12,上市,7827,漢康-KY創,162.00,1.0000,160.00,164.50,159.50,358000,57887000,294,TWSE_CSV,2026-08-12 14:15:34 +0800
1150812,2026-08-12,上市,7835,永悅健康-創,25.00,0.2000,25.00,25.50,24.80,66000,1668600,34,TWSE_CSV,2026-08-12 14:15:34 +0800
1150812,2026-08-12,上市,7855,和運租車,44.40,0.6500,44.10,44.90,43.10,6229000,273974200,3778,TWSE_CSV,2026-08-12 14:15:34 +0800
1150812,2026-08-12,上市,8011,台通,16.30,0.1000,16.20,16.50,16.20,1155000,18851450,272,TWSE_CSV,2026-08-12 14:15:34 +0800
1150812,2026-08-12,上市,8016,矽創,311.50,5.5000,309.50,316.00,307.00,787000,244913500,679,TWSE_CSV,2026-08-12 14:15:34 +0800
1150812,2026-08-12,上市,8021,尖點,427.00,-12.0000,439.50,441.00,421.00,1084000,466898500,857,TWSE_CSV,2026-08-12 14:15:34 +0800
1150812,2026-08-12,上市,8028,昇陽半導體,265.00,4.0000,262.50,268.00,261.00,2758000,731606000,2210,TWSE_CSV,2026-08-12 14:15:34 +0800
1150812,2026-08-12,上市,8033,雷虎,173.00,-16.0000,185.00,185.00,172.50,13214000,2329596000,8929,TWSE_CSV,2026-08-12 14:15:34 +0800
1150812,2026-08-12,上市,8039,台虹,227.00,11.0000,215.00,231.00,210.50,30106000,6673285000,19857,TWSE_CSV,2026-08-12 14:15:34 +0800
1150812,2026-08-12,上市,8045,達運光電,52.90,0.5000,52.50,53.20,52.40,68000,3583500,61,TWSE_CSV,2026-08-12 14:15:34 +0800
1150812,2026-08-12,上市,8046,南電,1265.00,115.0000,1170.00,1265.00,1130.00,12437000,15090090000,8795,TWSE_CSV,2026-08-12 14:15:34 +0800
1150812,2026-08-12,上市,8070,長華*,48.70,0.1500,49.00,49.75,48.65,1544000,75761550,873,TWSE_CSV,2026-08-12 14:15:34 +0800
1150812,2026-08-12,上市,8072,陞泰,26.45,0.5000,26.00,26.45,26.00,83000,2181350,57,TWSE_CSV,2026-08-12 14:15:34 +0800
1150812,2026-08-12,上市,8081,致新,268.00,-2.0000,271.50,272.00,268.00,743000,200625500,635,TWSE_CSV,2026-08-12 14:15:34 +0800
1150812,2026-08-12,上市,8101,華冠,11.70,0.3500,11.25,11.70,11.20,7000,80650,7,TWSE_CSV,2026-08-12 14:15:34 +0800
1150812,2026-08-12,上市,8103,瀚荃,81.10,1.0000,80.70,83.80,80.70,846000,69376600,606,TWSE_CSV,2026-08-12 14:15:34 +0800
1150812,2026-08-12,上市,8104,錸寶,32.15,0.3000,32.05,32.40,32.00,266000,8571000,177,TWSE_CSV,2026-08-12 14:15:34 +0800
1150812,2026-08-12,上市,8105,凌巨,17.15,0.0000,17.15,17.40,17.10,1688000,29048800,836,TWSE_CSV,2026-08-12 14:15:34 +0800
1150812,2026-08-12,上市,8110,華東,46.80,0.5000,47.00,48.00,46.70,6388000,301161900,3706,TWSE_CSV,2026-08-12 14:15:34 +0800
1150812,2026-08-12,上市,8112,至上,96.90,-3.1000,100.00,101.50,96.60,36655000,3603235200,20211,TWSE_CSV,2026-08-12 14:15:34 +0800
1150812,2026-08-12,上市,8114,振樺電,215.00,3.5000,211.50,217.00,211.00,581000,123941500,509,TWSE_CSV,2026-08-12 14:15:34 +0800
1150812,2026-08-12,上市,8131,福懋科,64.10,0.9000,63.60,65.10,63.60,2869000,184375600,1599,TWSE_CSV,2026-08-12 14:15:34 +0800
1150812,2026-08-12,上市,8150,南茂,92.20,-6.8000,96.60,97.40,92.00,85138000,8000267000,49246,TWSE_CSV,2026-08-12 14:15:34 +0800
1150812,2026-08-12,上市,8162,微矽電子-創,57.80,1.9000,57.30,58.80,57.00,160000,9260200,121,TWSE_CSV,2026-08-12 14:15:34 +0800
1150812,2026-08-12,上市,8163,達方,31.90,0.0000,32.00,32.40,31.80,931000,29894750,600,TWSE_CSV,2026-08-12 14:15:34 +0800
1150812,2026-08-12,上市,8201,無敵,11.90,-0.1000,11.95,12.10,11.75,24000,284800,20,TWSE_CSV,2026-08-12 14:15:34 +0800
1150812,2026-08-12,上市,8210,勤誠,1005.00,-10.0000,1015.00,1045.00,1005.00,1321000,1349145000,1213,TWSE_CSV,2026-08-12 14:15:34 +0800
1150812,2026-08-12,上市,8213,志超,33.30,0.7500,33.35,33.60,32.30,1211000,40124200,727,TWSE_CSV,2026-08-12 14:15:34 +0800
1150812,2026-08-12,上市,8215,明基材,25.35,0.5500,24.80,25.45,24.80,591000,14939850,358,TWSE_CSV,2026-08-12 14:15:34 +0800
1150812,2026-08-12,上市,8222,寶一,39.10,0.4500,38.70,39.55,38.35,742000,29051950,505,TWSE_CSV,2026-08-12 14:15:34 +0800
1150812,2026-08-12,上市,8249,菱光,42.50,0.2500,42.25,42.65,42.15,355000,15056750,190,TWSE_CSV,2026-08-12 14:15:34 +0800
1150812,2026-08-12,上市,8261,富鼎,184.00,0.0000,184.00,190.00,183.50,4750000,883149000,3489,TWSE_CSV,2026-08-12 14:15:34 +0800
1150812,2026-08-12,上市,8271,宇瞻,232.00,-2.5000,236.00,238.50,231.00,4689000,1097534000,3352,TWSE_CSV,2026-08-12 14:15:34 +0800
1150812,2026-08-12,上市,8341,日友,76.60,-0.3000,76.90,77.40,76.50,169000,13004100,112,TWSE_CSV,2026-08-12 14:15:34 +0800
1150812,2026-08-12,上市,8367,建新國際,40.20,-0.2500,40.45,40.75,40.15,22000,888650,17,TWSE_CSV,2026-08-12 14:15:34 +0800
1150812,2026-08-12,上市,8374,羅昇,86.10,3.9000,82.50,86.90,82.50,697000,59562700,525,TWSE_CSV,2026-08-12 14:15:34 +0800
1150812,2026-08-12,上市,8404,百和興業-KY,16.20,0.0500,16.35,16.60,16.20,212000,3468400,125,TWSE_CSV,2026-08-12 14:15:34 +0800
1150812,2026-08-12,上市,8411,福貞-KY,13.05,0.0500,13.00,13.10,12.90,85000,1103050,69,TWSE_CSV,2026-08-12 14:15:34 +0800
1150812,2026-08-12,上市,8422,可寧衛*,26.90,0.2500,26.85,27.15,26.60,4852000,130354050,2094,TWSE_CSV,2026-08-12 14:15:34 +0800
1150812,2026-08-12,上市,8429,金麗-KY,6.02,0.0000,6.02,6.05,6.00,214000,1287240,67,TWSE_CSV,2026-08-12 14:15:34 +0800
1150812,2026-08-12,上市,8438,昶昕,68.00,1.0000,66.90,68.50,66.90,406000,27582700,267,TWSE_CSV,2026-08-12 14:15:34 +0800
1150812,2026-08-12,上市,8442,威宏-KY,44.00,-0.0500,43.95,44.05,43.50,39000,1709350,31,TWSE_CSV,2026-08-12 14:15:34 +0800
1150812,2026-08-12,上市,8443,阿瘦,11.40,-0.1000,11.40,11.40,11.40,5000,57000,5,TWSE_CSV,2026-08-12 14:15:34 +0800
1150812,2026-08-12,上市,8454,富邦媒,267.50,-3.5000,272.00,272.50,267.00,484000,130134500,442,TWSE_CSV,2026-08-12 14:15:34 +0800
1150812,2026-08-12,上市,8462,柏文,179.00,9.5000,171.50,181.00,171.50,406000,72238500,321,TWSE_CSV,2026-08-12 14:15:34 +0800
1150812,2026-08-12,上市,8463,潤泰材,20.75,-0.0500,20.80,20.85,20.60,99000,2048100,48,TWSE_CSV,2026-08-12 14:15:34 +0800
1150812,2026-08-12,上市,8464,億豐,391.00,-7.0000,398.00,404.50,388.50,637000,251505500,531,TWSE_CSV,2026-08-12 14:15:34 +0800
1150812,2026-08-12,上市,8466,美吉吉-KY,16.25,-0.3500,16.35,16.45,16.10,47000,762500,34,TWSE_CSV,2026-08-12 14:15:34 +0800
1150812,2026-08-12,上市,8467,波力-KY,102.50,-3.5000,105.00,108.00,101.50,60000,6200500,50,TWSE_CSV,2026-08-12 14:15:34 +0800
1150812,2026-08-12,上市,8473,山林水,42.85,0.8000,42.40,43.10,41.75,525000,22334000,282,TWSE_CSV,2026-08-12 14:15:34 +0800
1150812,2026-08-12,上市,8476,台境*,20.15,0.2500,20.40,20.50,20.05,290000,5864950,169,TWSE_CSV,2026-08-12 14:15:34 +0800
1150812,2026-08-12,上市,8478,東哥遊艇,146.00,-1.0000,148.00,148.00,145.50,150000,21969500,118,TWSE_CSV,2026-08-12 14:15:34 +0800
1150812,2026-08-12,上市,8481,政伸,40.80,0.0500,40.80,40.80,40.70,11000,448600,10,TWSE_CSV,2026-08-12 14:15:34 +0800
1150812,2026-08-12,上市,8482,商億-KY,49.05,-1.0500,50.00,50.00,49.05,3000,149050,3,TWSE_CSV,2026-08-12 14:15:34 +0800
1150812,2026-08-12,上市,8487,愛爾達-創,72.40,0.3000,72.10,72.40,72.10,6000,433200,6,TWSE_CSV,2026-08-12 14:15:34 +0800
1150812,2026-08-12,上市,8488,吉源-KY,10.00,-0.1500,10.25,10.75,9.90,260000,2666440,51,TWSE_CSV,2026-08-12 14:15:34 +0800
1150812,2026-08-12,上市,8499,鼎炫-KY,265.50,0.5000,266.00,270.00,265.00,44000,11749500,39,TWSE_CSV,2026-08-12 14:15:34 +0800
1150812,2026-08-12,上市,8926,台汽電,56.80,1.0000,56.20,57.20,56.00,3613000,205089600,2308,TWSE_CSV,2026-08-12 14:15:34 +0800
1150812,2026-08-12,上市,8940,新天地,15.30,0.0000,15.30,15.35,15.15,38000,579600,37,TWSE_CSV,2026-08-12 14:15:34 +0800
1150812,2026-08-12,上市,8996,高力,1170.00,105.0000,1070.00,1170.00,1065.00,2725000,3132085000,1875,TWSE_CSV,2026-08-12 14:15:34 +0800
1150812,2026-08-12,上市,9103,美德醫療-DR,5.22,0.0400,5.26,5.30,5.20,662000,3468500,204,TWSE_CSV,2026-08-12 14:15:34 +0800
1150812,2026-08-12,上市,910322,康師傅-DR,24.35,0.9000,23.90,24.45,23.90,22000,533150,21,TWSE_CSV,2026-08-12 14:15:34 +0800
1150812,2026-08-12,上市,9105,泰金寶-DR,8.33,0.0600,8.28,8.46,8.28,14366000,120199700,3086,TWSE_CSV,2026-08-12 14:15:34 +0800
1150812,2026-08-12,上市,910861,神州-DR,3.99,0.0600,3.88,3.99,3.85,48000,188980,36,TWSE_CSV,2026-08-12 14:15:34 +0800
1150812,2026-08-12,上市,9110,越南控-DR,0.00,0.0000,0.00,0.00,0.00,0,0,0,TWSE_CSV,2026-08-12 14:15:34 +0800
1150812,2026-08-12,上市,911608,明輝-DR,2.61,0.0100,2.59,2.61,2.59,37000,96210,13,TWSE_CSV,2026-08-12 14:15:34 +0800
1150812,2026-08-12,上市,911622,泰聚亨-DR,0.00,0.0000,0.00,0.00,0.00,0,0,0,TWSE_CSV,2026-08-12 14:15:34 +0800
1150812,2026-08-12,上市,911868,同方友友-DR,1.19,0.0100,1.19,1.19,1.18,64000,75910,29,TWSE_CSV,2026-08-12 14:15:34 +0800
1150812,2026-08-12,上市,912000,晨訊科-DR,2.63,-0.0200,2.63,2.64,2.61,173000,453790,64,TWSE_CSV,2026-08-12 14:15:34 +0800
1150812,2026-08-12,上市,9136,巨騰-DR,11.40,0.0000,11.50,11.50,11.20,150000,1707300,47,TWSE_CSV,2026-08-12 14:15:34 +0800
1150812,2026-08-12,上市,9802,鈺齊-KY,72.80,-2.1000,74.70,75.20,72.30,870000,63650000,587,TWSE_CSV,2026-08-12 14:15:34 +0800
1150812,2026-08-12,上市,9902,台火,13.85,0.0500,13.85,13.90,13.75,76000,1051750,45,TWSE_CSV,2026-08-12 14:15:34 +0800
1150812,2026-08-12,上市,9904,寶成,23.95,-0.1000,24.05,24.15,23.90,11934000,286327550,2853,TWSE_CSV,2026-08-12 14:15:34 +0800
1150812,2026-08-12,上市,9905,大華,21.65,0.1000,21.55,21.65,21.45,229000,4939550,120,TWSE_CSV,2026-08-12 14:15:34 +0800
1150812,2026-08-12,上市,9906,欣巴巴,41.60,0.7500,41.60,41.95,40.80,74000,3060600,66,TWSE_CSV,2026-08-12 14:15:34 +0800
1150812,2026-08-12,上市,9907,統一實,14.90,0.1000,14.80,14.95,14.80,1411000,20995700,544,TWSE_CSV,2026-08-12 14:15:34 +0800
1150812,2026-08-12,上市,9908,大台北,29.00,-0.0500,29.10,29.10,29.00,140000,4069950,81,TWSE_CSV,2026-08-12 14:15:34 +0800
1150812,2026-08-12,上市,9910,豐泰,71.00,-0.3000,71.90,73.20,70.50,1490000,106495000,987,TWSE_CSV,2026-08-12 14:15:34 +0800
1150812,2026-08-12,上市,9911,櫻花,82.10,-0.2000,82.50,82.50,82.00,236000,19393500,161,TWSE_CSV,2026-08-12 14:15:34 +0800
1150812,2026-08-12,上市,9912,偉聯,12.55,0.1000,12.45,12.70,12.40,57000,718900,24,TWSE_CSV,2026-08-12 14:15:34 +0800
1150812,2026-08-12,上市,9914,美利達,93.30,-1.0000,94.60,96.80,91.30,9764000,913308400,6855,TWSE_CSV,2026-08-12 14:15:34 +0800
1150812,2026-08-12,上市,9917,中保科,107.50,0.0000,107.50,108.00,107.50,129000,13887000,114,TWSE_CSV,2026-08-12 14:15:34 +0800
1150812,2026-08-12,上市,9918,欣天然,42.80,0.1500,42.50,43.05,42.50,87000,3733250,33,TWSE_CSV,2026-08-12 14:15:34 +0800
1150812,2026-08-12,上市,9919,康那香,14.00,0.1000,14.10,14.20,14.00,310000,4359650,146,TWSE_CSV,2026-08-12 14:15:34 +0800
1150812,2026-08-12,上市,9921,巨大,109.00,-2.5000,111.50,113.50,104.50,9873000,1074662000,5992,TWSE_CSV,2026-08-12 14:15:34 +0800
1150812,2026-08-12,上市,9924,福興,38.45,-0.0500,38.50,38.65,38.40,196000,7542100,152,TWSE_CSV,2026-08-12 14:15:34 +0800
1150812,2026-08-12,上市,9925,新保,40.10,-0.0500,40.20,40.20,40.00,451000,18092000,278,TWSE_CSV,2026-08-12 14:15:34 +0800
1150812,2026-08-12,上市,9926,新海,49.00,-0.0500,49.50,49.50,49.00,7000,344550,7,TWSE_CSV,2026-08-12 14:15:34 +0800
1150812,2026-08-12,上市,9927,泰銘,69.60,0.4000,69.50,69.60,69.20,107000,7425400,88,TWSE_CSV,2026-08-12 14:15:34 +0800
1150812,2026-08-12,上市,9928,中視,18.35,0.1000,18.40,18.40,18.25,26000,476650,22,TWSE_CSV,2026-08-12 14:15:34 +0800
1150812,2026-08-12,上市,9929,秋雨,11.45,0.0000,11.70,11.70,11.35,15000,172250,10,TWSE_CSV,2026-08-12 14:15:34 +0800
1150812,2026-08-12,上市,9930,中聯資源,62.30,0.0000,62.10,62.80,61.80,63000,3928000,59,TWSE_CSV,2026-08-12 14:15:34 +0800
1150812,2026-08-12,上市,9931,欣高,33.85,0.0500,33.75,33.90,33.70,10000,338250,10,TWSE_CSV,2026-08-12 14:15:34 +0800
1150812,2026-08-12,上市,9933,中鼎,42.00,3.3500,40.60,42.50,40.60,9679000,405739500,4680,TWSE_CSV,2026-08-12 14:15:34 +0800
1150812,2026-08-12,上市,9934,成霖,11.85,0.4500,11.30,12.00,11.30,3087000,36244300,984,TWSE_CSV,2026-08-12 14:15:34 +0800
1150812,2026-08-12,上市,9935,慶豐富,20.15,0.0500,20.35,20.50,19.90,217000,4357900,137,TWSE_CSV,2026-08-12 14:15:34 +0800
1150812,2026-08-12,上市,9937,全國,55.00,-0.1000,55.20,55.20,54.90,25000,1376100,21,TWSE_CSV,2026-08-12 14:15:34 +0800
1150812,2026-08-12,上市,9938,百和,42.50,0.0000,42.55,42.85,42.20,1062000,45058100,766,TWSE_CSV,2026-08-12 14:15:34 +0800
1150812,2026-08-12,上市,9939,宏全,134.00,-1.5000,134.50,135.00,133.00,942000,126247000,675,TWSE_CSV,2026-08-12 14:15:34 +0800
1150812,2026-08-12,上市,9940,信義,21.70,0.6500,21.15,21.80,21.15,746000,16067950,350,TWSE_CSV,2026-08-12 14:15:34 +0800
1150812,2026-08-12,上市,9941,裕融,85.70,0.3000,85.90,86.20,85.40,831000,71315700,564,TWSE_CSV,2026-08-12 14:15:34 +0800
1150812,2026-08-12,上市,9942,茂順,116.00,-1.5000,118.00,118.50,115.50,173000,20192500,124,TWSE_CSV,2026-08-12 14:15:34 +0800
1150812,2026-08-12,上市,9943,好樂迪,51.50,-0.4000,51.90,52.10,51.40,111000,5735300,79,TWSE_CSV,2026-08-12 14:15:34 +0800
1150812,2026-08-12,上市,9944,新麗,17.65,0.4000,17.45,17.65,17.30,80000,1395450,41,TWSE_CSV,2026-08-12 14:15:34 +0800
1150812,2026-08-12,上市,9945,潤泰新,27.20,0.1500,27.05,27.35,27.00,5311000,144339450,1549,TWSE_CSV,2026-08-12 14:15:34 +0800
1150812,2026-08-12,上市,9946,三發地產,18.85,0.7000,18.35,19.00,18.35,518000,9701400,284,TWSE_CSV,2026-08-12 14:15:34 +0800
1150812,2026-08-12,上市,9955,佳龍,24.65,-0.4500,24.60,24.85,24.30,375000,9227600,231,TWSE_CSV,2026-08-12 14:15:34 +0800
1150812,2026-08-12,上市,9958,世紀鋼,107.00,-6.5000,109.00,109.00,106.00,4082000,436947000,2764,TWSE_CSV,2026-08-12 14:15:34 +0800
1150812,2026-08-12,上櫃,006201,元大富櫃50,45.21,+1.41,44.20,45.26,44.20,484000,21736610,153,TPEX_CSV,2026-08-12 14:15:34 +0800
1150812,2026-08-12,上櫃,00679B,元大美債20年,26.39,+0.07,26.36,26.39,26.34,7432000,195934830,2020,TPEX_CSV,2026-08-12 14:15:34 +0800
1150812,2026-08-12,上櫃,00687B,國泰20年美債,27.46,+0.07,27.43,27.48,27.41,8062000,221230900,1999,TPEX_CSV,2026-08-12 14:15:34 +0800
1150812,2026-08-12,上櫃,00687C,國泰20年美債+櫃U,9.07,+0.03,9.07,9.07,9.07,25000,226750,2,TPEX_CSV,2026-08-12 14:15:34 +0800
1150812,2026-08-12,上櫃,00694B,富邦美債1-3,42.34,-0.02,42.47,42.47,42.31,133000,5630280,16,TPEX_CSV,2026-08-12 14:15:34 +0800
1150812,2026-08-12,上櫃,00695B,富邦美債7-10,35.25,+0.06,35.21,35.26,35.21,884000,31156040,422,TPEX_CSV,2026-08-12 14:15:34 +0800
1150812,2026-08-12,上櫃,00696B,富邦美債20年,28.42,+0.06,28.42,28.44,28.38,2924000,83038540,67,TPEX_CSV,2026-08-12 14:15:34 +0800
1150812,2026-08-12,上櫃,00697B,元大美債7-10,35.81,+0.02,35.77,35.82,35.77,181000,6478840,50,TPEX_CSV,2026-08-12 14:15:34 +0800
1150812,2026-08-12,上櫃,00719B,元大美債1-3,31.48,-0.02,31.54,31.54,31.47,1598000,50312480,575,TPEX_CSV,2026-08-12 14:15:34 +0800
1150812,2026-08-12,上櫃,00720B,元大投資級公司債,32.20,+0.01,32.24,32.24,32.18,4597000,148004140,598,TPEX_CSV,2026-08-12 14:15:34 +0800
1150812,2026-08-12,上櫃,00722B,群益投資級電信債,34.50,0.00,34.50,34.50,34.47,2436000,83995770,185,TPEX_CSV,2026-08-12 14:15:34 +0800
1150812,2026-08-12,上櫃,00723B,群益投資級科技債,29.76,+0.08,29.80,29.80,29.73,248000,7379170,17,TPEX_CSV,2026-08-12 14:15:34 +0800
1150812,2026-08-12,上櫃,00724B,群益投資級金融債,33.27,+0.02,33.25,33.27,33.24,3459000,114977880,68,TPEX_CSV,2026-08-12 14:15:34 +0800
1150812,2026-08-12,上櫃,00725B,國泰投資級公司債,34.37,+0.02,34.36,34.40,34.35,1279000,43954170,282,TPEX_CSV,2026-08-12 14:15:34 +0800
1150812,2026-08-12,上櫃,00726B,國泰新興投等債,32.58,-0.06,32.56,32.62,32.56,174000,5670730,16,TPEX_CSV,2026-08-12 14:15:34 +0800
1150812,2026-08-12,上櫃,00727B,國泰優選非投等債,39.74,-0.06,39.72,39.77,39.72,109000,4331820,8,TPEX_CSV,2026-08-12 14:15:34 +0800
1150812,2026-08-12,上櫃,00734B,台新JPM新興債,15.65,-0.01,15.66,15.66,15.65,211000,3302260,7,TPEX_CSV,2026-08-12 14:15:34 +0800
1150812,2026-08-12,上櫃,00740B,富邦全球投等債,37.92,+0.02,38.02,38.02,37.89,1430000,54201690,56,TPEX_CSV,2026-08-12 14:15:34 +0800
1150812,2026-08-12,上櫃,00741B,富邦全球非投等債,37.86,-0.05,37.87,37.91,37.86,123000,4661000,13,TPEX_CSV,2026-08-12 14:15:34 +0800
1150812,2026-08-12,上櫃,00746B,富邦A級公司債,34.93,+0.04,34.89,34.93,34.89,61000,2129040,9,TPEX_CSV,2026-08-12 14:15:34 +0800
1150812,2026-08-12,上櫃,00749B,凱基新興債10+,31.23,0.00,31.23,31.23,31.23,100000,3123000,2,TPEX_CSV,2026-08-12 14:15:34 +0800
1150812,2026-08-12,上櫃,00750B,凱基科技債10+,32.07,+0.02,32.07,32.07,32.07,100000,3207000,2,TPEX_CSV,2026-08-12 14:15:34 +0800
1150812,2026-08-12,上櫃,00751B,元大AAA至A公司債,30.74,+0.01,30.74,30.79,30.71,3248000,99830280,1495,TPEX_CSV,2026-08-12 14:15:34 +0800
1150812,2026-08-12,上櫃,00754B,群益AAA-AA公司債,32.27,+0.06,32.25,32.27,32.24,141000,4548070,7,TPEX_CSV,2026-08-12 14:15:34 +0800
1150812,2026-08-12,上櫃,00755B,群益投資級公用債,32.40,+0.02,32.38,32.40,32.38,109000,3529960,10,TPEX_CSV,2026-08-12 14:15:34 +0800
1150812,2026-08-12,上櫃,00756B,群益投等新興公債,31.45,+0.07,31.37,31.45,31.37,111000,3485730,10,TPEX_CSV,2026-08-12 14:15:34 +0800
1150812,2026-08-12,上櫃,00758B,復華能源債,51.15,0.00,51.15,51.15,51.15,100000,5115000,2,TPEX_CSV,2026-08-12 14:15:34 +0800
1150812,2026-08-12,上櫃,00759B,復華製藥債,53.70,-0.15,53.85,53.85,53.70,103000,5546200,5,TPEX_CSV,2026-08-12 14:15:34 +0800
1150812,2026-08-12,上櫃,00760B,復華新興企業債,53.65,-0.05,53.60,53.70,53.60,103000,5525900,4,TPEX_CSV,2026-08-12 14:15:34 +0800
1150812,2026-08-12,上櫃,00761B,國泰A級公司債,33.88,+0.01,33.89,33.90,33.87,140000,4743330,24,TPEX_CSV,2026-08-12 14:15:34 +0800
1150812,2026-08-12,上櫃,00764B,群益25年美債,27.37,+0.07,27.38,27.38,27.33,1992000,54460780,56,TPEX_CSV,2026-08-12 14:15:34 +0800
1150812,2026-08-12,上櫃,00768B,復華20年美債,49.42,+0.13,49.47,49.47,49.34,520000,25676740,41,TPEX_CSV,2026-08-12 14:15:34 +0800
1150812,2026-08-12,上櫃,00772B,中信高評級公司債,33.02,+0.02,33.00,33.05,33.00,1782000,58837860,269,TPEX_CSV,2026-08-12 14:15:34 +0800
1150812,2026-08-12,上櫃,00773B,中信優先金融債,35.48,+0.03,35.47,35.48,35.45,540000,19143690,31,TPEX_CSV,2026-08-12 14:15:34 +0800
1150812,2026-08-12,上櫃,00777B,凱基AAA至A公司債,31.68,+0.01,31.70,31.70,31.68,101000,3199700,3,TPEX_CSV,2026-08-12 14:15:34 +0800
1150812,2026-08-12,上櫃,00778B,凱基金融債20+,33.83,+0.08,33.83,33.83,33.83,100000,3383000,2,TPEX_CSV,2026-08-12 14:15:34 +0800
1150812,2026-08-12,上櫃,00779B,凱基美債25+,27.65,+0.04,27.62,27.65,27.62,303000,8377890,5,TPEX_CSV,2026-08-12 14:15:34 +0800
1150812,2026-08-12,上櫃,00780B,國泰A級金融債,37.50,-0.05,37.54,37.54,37.50,124000,4652490,13,TPEX_CSV,2026-08-12 14:15:34 +0800
1150812,2026-08-12,上櫃,00781B,國泰A級科技債,27.40,0.00,27.41,27.43,27.40,343000,9403310,22,TPEX_CSV,2026-08-12 14:15:34 +0800
1150812,2026-08-12,上櫃,00782B,國泰A級公用債,29.70,+0.01,29.79,29.79,29.70,110000,3267240,10,TPEX_CSV,2026-08-12 14:15:34 +0800
1150812,2026-08-12,上櫃,00785B,富邦金融投等債,34.54,+0.07,34.50,34.54,34.50,52000,1794080,4,TPEX_CSV,2026-08-12 14:15:34 +0800
1150812,2026-08-12,上櫃,00786B,元大10年IG銀行債,32.58,+0.01,32.64,32.64,32.58,72000,2347680,7,TPEX_CSV,2026-08-12 14:15:34 +0800
1150812,2026-08-12,上櫃,00787B,元大10年IG醫療債,32.12,0.00,32.18,32.18,32.10,22000,706500,4,TPEX_CSV,2026-08-12 14:15:34 +0800
1150812,2026-08-12,上櫃,00788B,元大10年IG電能債,29.46,+0.03,29.43,29.50,29.43,45000,1325270,12,TPEX_CSV,2026-08-12 14:15:34 +0800
1150812,2026-08-12,上櫃,00789B,復華公司債A3,46.55,+0.09,46.55,46.55,46.53,114000,5306540,6,TPEX_CSV,2026-08-12 14:15:34 +0800
1150812,2026-08-12,上櫃,00791B,復華信用債1-5,57.40,-0.20,57.45,57.45,57.40,110000,6319000,3,TPEX_CSV,2026-08-12 14:15:34 +0800
1150812,2026-08-12,上櫃,00792B,群益A級公司債,31.09,+0.02,31.10,31.10,31.08,105000,3263970,7,TPEX_CSV,2026-08-12 14:15:34 +0800
1150812,2026-08-12,上櫃,00793B,群益AAA-A醫療債,30.15,+0.03,30.13,30.15,30.13,21000,632750,2,TPEX_CSV,2026-08-12 14:15:34 +0800
1150812,2026-08-12,上櫃,00795B,中信美國公債20年,26.54,+0.05,26.56,26.56,26.51,2373000,62972040,301,TPEX_CSV,2026-08-12 14:15:34 +0800
1150812,2026-08-12,上櫃,00799B,國泰A級醫療債,29.24,+0.01,29.23,29.24,29.23,149000,4355310,29,TPEX_CSV,2026-08-12 14:15:34 +0800
1150812,2026-08-12,上櫃,00834B,第一金金融債10+,33.53,+0.05,33.53,33.53,33.53,100000,3353000,2,TPEX_CSV,2026-08-12 14:15:34 +0800
1150812,2026-08-12,上櫃,00836B,永豐10年A公司債,28.22,+0.02,28.22,28.22,28.22,2000,56440,2,TPEX_CSV,2026-08-12 14:15:34 +0800
1150812,2026-08-12,上櫃,00840B,凱基IG精選15+,29.17,0.00,29.17,29.17,29.17,100000,2917000,2,TPEX_CSV,2026-08-12 14:15:34 +0800
1150812,2026-08-12,上櫃,00841B,凱基AAA-AA公司債,28.02,0.00,28.02,28.02,28.02,100000,2802000,2,TPEX_CSV,2026-08-12 14:15:34 +0800
1150812,2026-08-12,上櫃,00842B,台新美元銀行債,29.74,-0.11,29.80,29.80,29.71,699000,20787560,122,TPEX_CSV,2026-08-12 14:15:34 +0800
1150812,2026-08-12,上櫃,00844B,台新15年IG金融債,31.24,+0.01,31.23,31.24,31.22,92000,2873920,4,TPEX_CSV,2026-08-12 14:15:34 +0800
1150812,2026-08-12,上櫃,00845B,富邦新興投等債,33.45,0.00,33.42,33.45,33.42,101000,3375450,3,TPEX_CSV,2026-08-12 14:15:34 +0800
1150812,2026-08-12,上櫃,00846B,富邦歐洲銀行債,36.20,-0.01,36.15,36.20,36.15,101000,3656150,3,TPEX_CSV,2026-08-12 14:15:34 +0800
1150812,2026-08-12,上櫃,00847B,中信美國市政債,25.24,+0.04,25.25,25.27,25.24,222000,5606430,12,TPEX_CSV,2026-08-12 14:15:34 +0800
1150812,2026-08-12,上櫃,00848B,中信新興亞洲債,33.81,-0.04,33.80,33.81,33.80,204000,6897230,6,TPEX_CSV,2026-08-12 14:15:34 +0800
1150812,2026-08-12,上櫃,00849B,中信EM主權債0-5,37.78,+0.02,37.79,37.80,37.74,222000,8385240,11,TPEX_CSV,2026-08-12 14:15:34 +0800
1150812,2026-08-12,上櫃,00853B,統一美債10年Aa-A,27.05,+0.07,27.00,27.05,27.00,1022000,27604220,26,TPEX_CSV,2026-08-12 14:15:34 +0800
1150812,2026-08-12,上櫃,00856B,永豐1-3年美公債,37.96,+0.03,37.96,37.96,37.96,1000,37960,1,TPEX_CSV,2026-08-12 14:15:34 +0800
1150812,2026-08-12,上櫃,00857B,永豐20年美公債,22.82,+0.08,22.80,22.82,22.78,800000,18236310,77,TPEX_CSV,2026-08-12 14:15:34 +0800
1150812,2026-08-12,上櫃,00858,永豐美國500大,36.48,-0.20,36.55,36.55,36.48,207000,7556090,107,TPEX_CSV,2026-08-12 14:15:34 +0800
1150812,2026-08-12,上櫃,00859B,群益0-1年美債,41.55,-0.02,41.57,41.57,41.53,3180000,132109220,132,TPEX_CSV,2026-08-12 14:15:34 +0800
1150812,2026-08-12,上櫃,00860B,群益1-5Y投資級債,38.79,-0.02,38.79,38.81,38.79,117000,4539480,10,TPEX_CSV,2026-08-12 14:15:34 +0800
1150812,2026-08-12,上櫃,00862B,中信投資級公司債,30.96,+0.04,31.00,31.00,30.95,211000,6532790,10,TPEX_CSV,2026-08-12 14:15:34 +0800
1150812,2026-08-12,上櫃,00863B,中信全球電信債,31.09,0.00,31.06,31.09,31.06,202000,6280150,6,TPEX_CSV,2026-08-12 14:15:34 +0800
1150812,2026-08-12,上櫃,00864B,中信美國公債0-1,47.10,-0.05,47.15,47.15,47.07,962000,45315570,219,TPEX_CSV,2026-08-12 14:15:34 +0800
1150812,2026-08-12,上櫃,00867B,台新A-BBB電信債,30.12,+0.11,30.12,30.12,30.12,1000,30120,1,TPEX_CSV,2026-08-12 14:15:34 +0800
1150812,2026-08-12,上櫃,00870B,元大15年EM主權債,27.88,0.00,27.88,27.88,27.88,1000,27880,1,TPEX_CSV,2026-08-12 14:15:34 +0800
1150812,2026-08-12,上櫃,00877,復華中國5G,37.90,+0.48,37.42,38.55,37.31,3378000,128558250,1010,TPEX_CSV,2026-08-12 14:15:34 +0800
1150812,2026-08-12,上櫃,00884B,中信低碳新興債,29.07,-0.03,29.09,29.09,29.05,208000,6047660,7,TPEX_CSV,2026-08-12 14:15:34 +0800
1150812,2026-08-12,上櫃,00886,永豐美國科技,47.25,-0.13,47.25,47.25,47.25,21000,992250,3,TPEX_CSV,2026-08-12 14:15:34 +0800
1150812,2026-08-12,上櫃,00887,永豐中國科技50大,17.21,-0.08,17.20,17.37,17.09,4055000,69903110,935,TPEX_CSV,2026-08-12 14:15:34 +0800
1150812,2026-08-12,上櫃,00888,永豐台灣ESG,32.61,+0.02,32.79,32.85,32.51,6244000,203858220,1740,TPEX_CSV,2026-08-12 14:15:34 +0800
1150812,2026-08-12,上櫃,00890B,凱基ESG BBB債15+,31.61,+0.05,31.63,31.63,31.59,107000,3382330,4,TPEX_CSV,2026-08-12 14:15:34 +0800
1150812,2026-08-12,上櫃,00928,中信上櫃ESG 30,33.14,+0.88,32.30,33.22,32.30,1456000,48184570,373,TPEX_CSV,2026-08-12 14:15:34 +0800
1150812,2026-08-12,上櫃,00931B,統一美債20年,13.20,+0.03,13.20,13.20,13.18,2117000,27926200,145,TPEX_CSV,2026-08-12 14:15:34 +0800
1150812,2026-08-12,上櫃,00933B,國泰10Y+金融債,15.91,0.00,15.91,15.92,15.89,6941000,110366890,989,TPEX_CSV,2026-08-12 14:15:34 +0800
1150812,2026-08-12,上櫃,00937B,群益ESG投等債20+,14.56,+0.01,14.56,14.57,14.54,38104000,554348370,4826,TPEX_CSV,2026-08-12 14:15:34 +0800
1150812,2026-08-12,上櫃,00942B,台新美A公司債20+,13.98,+0.01,13.97,13.98,13.96,435000,6076310,55,TPEX_CSV,2026-08-12 14:15:34 +0800
1150812,2026-08-12,上櫃,00948B,中信優息投資級債,9.27,-0.02,9.29,9.29,9.27,3007000,27902110,286,TPEX_CSV,2026-08-12 14:15:34 +0800
1150812,2026-08-12,上櫃,00950B,凱基A級公司債,13.85,0.00,13.86,13.86,13.84,6092000,84417210,402,TPEX_CSV,2026-08-12 14:15:34 +0800
1150812,2026-08-12,上櫃,00955,中信日本商社,15.58,-0.19,15.72,15.73,15.55,5364000,83735120,830,TPEX_CSV,2026-08-12 14:15:34 +0800
1150812,2026-08-12,上櫃,00957B,兆豐US優選投等債,13.19,+0.01,13.19,13.19,13.18,580000,7644520,30,TPEX_CSV,2026-08-12 14:15:34 +0800
1150812,2026-08-12,上櫃,00958B,永豐ESG銀行債15+,9.19,0.00,9.19,9.20,9.18,242000,2223310,25,TPEX_CSV,2026-08-12 14:15:34 +0800
1150812,2026-08-12,上櫃,00959B,大華投等美債15Y+,9.24,-0.01,9.25,9.25,9.23,514000,4749060,117,TPEX_CSV,2026-08-12 14:15:34 +0800
1150812,2026-08-12,上櫃,00966B,統一ESG投等債15+,13.65,+0.02,13.63,13.65,13.63,1107000,15102430,35,TPEX_CSV,2026-08-12 14:15:34 +0800
1150812,2026-08-12,上櫃,00967B,元大優息美債,9.05,+0.02,9.02,9.05,9.02,88000,794460,9,TPEX_CSV,2026-08-12 14:15:34 +0800
1150812,2026-08-12,上櫃,00968B,元大優息投等債,9.12,+0.01,9.14,9.14,9.10,2646000,24107050,110,TPEX_CSV,2026-08-12 14:15:34 +0800
1150812,2026-08-12,上櫃,00969B,元大零息超長美債,8.05,+0.02,8.06,8.06,8.04,579000,4658540,35,TPEX_CSV,2026-08-12 14:15:34 +0800
1150812,2026-08-12,上櫃,00970B,台新BBB投等債20+,9.21,+0.01,9.20,9.21,9.19,800000,7358710,99,TPEX_CSV,2026-08-12 14:15:34 +0800
1150812,2026-08-12,上櫃,009806,台新標普500,13.88,-0.09,13.89,13.90,13.88,65000,903010,17,TPEX_CSV,2026-08-12 14:15:34 +0800
1150812,2026-08-12,上櫃,009807,台新標普科技精選,17.12,-0.03,17.12,17.12,17.10,184000,3149670,10,TPEX_CSV,2026-08-12 14:15:34 +0800
1150812,2026-08-12,上櫃,00980B,台新特選IG債10+,9.33,0.00,9.33,9.33,9.32,525000,4897150,20,TPEX_CSV,2026-08-12 14:15:34 +0800
1150812,2026-08-12,上櫃,00980D,主動聯博投等入息,20.42,0.00,20.42,20.42,20.41,455000,9290560,56,TPEX_CSV,2026-08-12 14:15:34 +0800
1150812,2026-08-12,上櫃,00980T,平衡凱基美國TOP,11.99,-0.09,12.08,12.08,11.99,595000,7141880,23,TPEX_CSV,2026-08-12 14:15:34 +0800
1150812,2026-08-12,上櫃,009814,富邦標普500,11.57,-0.04,11.60,11.60,11.55,1283000,14856010,593,TPEX_CSV,2026-08-12 14:15:34 +0800
1150812,2026-08-12,上櫃,009815,大華美國MAG7+,11.67,-0.11,11.70,11.71,11.66,3403000,39727400,404,TPEX_CSV,2026-08-12 14:15:34 +0800
1150812,2026-08-12,上櫃,00981B,第一金優選非投債,9.33,-0.01,9.35,9.35,9.32,11577000,107987450,907,TPEX_CSV,2026-08-12 14:15:34 +0800
1150812,2026-08-12,上櫃,00981D,主動中信非投等債,10.50,0.00,10.51,10.51,10.49,1631000,17119500,229,TPEX_CSV,2026-08-12 14:15:34 +0800
1150812,2026-08-12,上櫃,009822,華南永昌未來金融,9.53,+0.06,9.47,9.57,9.47,803000,7648460,54,TPEX_CSV,2026-08-12 14:15:34 +0800
1150812,2026-08-12,上櫃,009823,群益S&P500,10.62,-0.05,10.65,10.65,10.62,2193000,23312220,676,TPEX_CSV,2026-08-12 14:15:34 +0800
1150812,2026-08-12,上櫃,009825,聯邦美國金融創新,10.09,+0.05,10.05,10.10,10.05,9141000,92143080,483,TPEX_CSV,2026-08-12 14:15:34 +0800
1150812,2026-08-12,上櫃,00982B,FT投資級債20+,9.62,+0.02,9.61,9.62,9.61,2000,19230,2,TPEX_CSV,2026-08-12 14:15:34 +0800
1150812,2026-08-12,上櫃,00983B,大華優利美公債20,15.36,+0.06,15.34,15.36,15.34,10000,153470,4,TPEX_CSV,2026-08-12 14:15:34 +0800
1150812,2026-08-12,上櫃,00984B,大華優利美A債15,16.02,+0.01,16.02,16.02,16.00,445000,7122040,83,TPEX_CSV,2026-08-12 14:15:34 +0800
1150812,2026-08-12,上櫃,00985D,主動貝萊德優投等,10.00,-0.01,10.01,10.01,9.99,1982000,19820210,218,TPEX_CSV,2026-08-12 14:15:34 +0800
1150812,2026-08-12,上櫃,00986B,FT金融債10+,9.73,+0.03,9.74,9.74,9.72,501000,4876390,13,TPEX_CSV,2026-08-12 14:15:34 +0800
1150812,2026-08-12,上櫃,00986D,主動復華金融債息,14.66,-0.01,14.68,14.69,14.66,970000,14226230,194,TPEX_CSV,2026-08-12 14:15:34 +0800
1150812,2026-08-12,上櫃,00987B,野村10+澳洲公債,16.20,-0.01,16.20,16.20,16.18,270000,4373760,30,TPEX_CSV,2026-08-12 14:15:34 +0800
1150812,2026-08-12,上櫃,00988B,玉山嚴選非投債,19.97,-0.01,19.98,19.99,19.96,4549000,90854240,407,TPEX_CSV,2026-08-12 14:15:34 +0800
1150812,2026-08-12,上櫃,00989B,台新美國非投等債,10.29,-0.01,10.30,10.31,10.28,7159000,73666260,324,TPEX_CSV,2026-08-12 14:15:34 +0800
1150812,2026-08-12,上櫃,00990B,國泰收益非投等債,10.08,-0.02,10.10,10.11,10.08,2150000,21701720,107,TPEX_CSV,2026-08-12 14:15:34 +0800
1150812,2026-08-12,上櫃,00998A,主動復華金融股息,17.98,-0.08,18.05,18.05,17.97,2566000,46185940,735,TPEX_CSV,2026-08-12 14:15:34 +0800
1150812,2026-08-12,上櫃,1240,茂生農經,56.40,+0.60,56.00,56.40,55.90,21000,1178700,11,TPEX_CSV,2026-08-12 14:15:34 +0800
1150812,2026-08-12,上櫃,1259,安心,61.90,+0.70,59.90,63.10,59.90,43000,2658600,30,TPEX_CSV,2026-08-12 14:15:34 +0800
1150812,2026-08-12,上櫃,1264,德麥,258.50,+0.50,260.00,260.00,258.00,14000,3616000,14,TPEX_CSV,2026-08-12 14:15:34 +0800
1150812,2026-08-12,上櫃,1268,漢來美食,180.50,-2.00,183.00,183.50,177.50,85000,15348500,70,TPEX_CSV,2026-08-12 14:15:34 +0800
1150812,2026-08-12,上櫃,1294,漢田生技,59.10,0.00,58.70,59.80,57.50,27000,1583600,25,TPEX_CSV,2026-08-12 14:15:34 +0800
1150812,2026-08-12,上櫃,1295,生合,46.80,+0.05,46.75,46.85,46.40,19000,886450,17,TPEX_CSV,2026-08-12 14:15:34 +0800
1150812,2026-08-12,上櫃,1336,台翰,16.20,0.00,16.50,16.80,16.00,1348000,22071900,628,TPEX_CSV,2026-08-12 14:15:34 +0800
1150812,2026-08-12,上櫃,1565,精華,96.40,+1.80,95.40,96.60,95.00,220000,21027300,182,TPEX_CSV,2026-08-12 14:15:34 +0800
1150812,2026-08-12,上櫃,1569,濱川,41.30,0.00,41.40,41.80,40.75,286000,11776500,202,TPEX_CSV,2026-08-12 14:15:34 +0800
1150812,2026-08-12,上櫃,1570,力肯,33.90,+0.20,33.40,34.00,33.35,15000,505100,14,TPEX_CSV,2026-08-12 14:15:34 +0800
1150812,2026-08-12,上櫃,1580,新麥,110.50,-3.00,110.00,111.50,109.00,490000,53937500,375,TPEX_CSV,2026-08-12 14:15:34 +0800
1150812,2026-08-12,上櫃,1584,精剛,18.00,+0.10,17.90,18.00,17.85,330000,5910600,172,TPEX_CSV,2026-08-12 14:15:34 +0800
1150812,2026-08-12,上櫃,1586,和勤,18.35,+0.05,18.35,18.45,18.20,344000,6309900,136,TPEX_CSV,2026-08-12 14:15:34 +0800
1150812,2026-08-12,上櫃,1591,駿吉-KY,37.15,+0.65,37.80,37.80,36.60,141000,5243450,95,TPEX_CSV,2026-08-12 14:15:34 +0800
1150812,2026-08-12,上櫃,1593,祺驊,31.60,0.00,31.60,31.60,31.45,29000,915500,23,TPEX_CSV,2026-08-12 14:15:34 +0800
1150812,2026-08-12,上櫃,1595,川寶,65.60,+1.80,65.40,68.10,64.00,500000,33146400,378,TPEX_CSV,2026-08-12 14:15:34 +0800
1150812,2026-08-12,上櫃,1599,宏佳騰,23.80,-0.05,23.85,23.85,23.55,12000,284850,12,TPEX_CSV,2026-08-12 14:15:34 +0800
1150812,2026-08-12,上櫃,1742,台蠟,17.65,-0.25,17.65,17.75,17.35,104000,1822150,56,TPEX_CSV,2026-08-12 14:15:34 +0800
1150812,2026-08-12,上櫃,1777,生泰,74.70,-0.10,74.80,74.80,73.60,37000,2739600,27,TPEX_CSV,2026-08-12 14:15:34 +0800
1150812,2026-08-12,上櫃,1780,立弘,23.05,0.00,22.95,23.05,22.55,62000,1413900,28,TPEX_CSV,2026-08-12 14:15:34 +0800
1150812,2026-08-12,上櫃,1781,合世,11.00,-0.05,11.20,11.35,10.90,77000,850200,33,TPEX_CSV,2026-08-12 14:15:34 +0800
1150812,2026-08-12,上櫃,1784,訊聯,61.80,+0.30,61.50,62.40,61.50,63000,3895700,58,TPEX_CSV,2026-08-12 14:15:34 +0800
1150812,2026-08-12,上櫃,1785,光洋科,106.50,-0.50,107.00,110.00,103.00,17878000,1913987500,8805,TPEX_CSV,2026-08-12 14:15:34 +0800
1150812,2026-08-12,上櫃,1788,杏昌,130.00,-0.50,129.50,130.00,129.50,31000,4019500,20,TPEX_CSV,2026-08-12 14:15:34 +0800
1150812,2026-08-12,上櫃,1796,金穎生技,----,---,----,----,----,0,0,0,TPEX_CSV,2026-08-12 14:15:34 +0800
1150812,2026-08-12,上櫃,1799,易威,30.15,-0.85,30.90,30.90,30.00,452000,13699450,274,TPEX_CSV,2026-08-12 14:15:34 +0800
1150812,2026-08-12,上櫃,1813,寶利徠,11.45,0.00,11.45,11.45,11.40,26000,297500,6,TPEX_CSV,2026-08-12 14:15:34 +0800
1150812,2026-08-12,上櫃,1815,富喬,90.00,+1.30,89.30,90.90,89.30,6138000,553352300,4170,TPEX_CSV,2026-08-12 14:15:34 +0800
1150812,2026-08-12,上櫃,2035,唐榮,----,---,----,----,----,0,0,0,TPEX_CSV,2026-08-12 14:15:34 +0800
1150812,2026-08-12,上櫃,2061,風青,62.50,-0.60,62.40,64.60,62.40,1924000,121934000,1376,TPEX_CSV,2026-08-12 14:15:34 +0800
1150812,2026-08-12,上櫃,2063,世鎧,24.20,-0.40,24.55,24.60,24.10,24000,584650,16,TPEX_CSV,2026-08-12 14:15:34 +0800
1150812,2026-08-12,上櫃,2064,晉椿,12.25,-0.30,12.35,12.55,12.15,36000,441550,21,TPEX_CSV,2026-08-12 14:15:34 +0800
1150812,2026-08-12,上櫃,2065,世豐,36.45,-1.05,36.45,37.45,36.20,171000,6279950,117,TPEX_CSV,2026-08-12 14:15:34 +0800
1150812,2026-08-12,上櫃,2066,世德,61.50,-0.10,63.00,63.00,61.00,117000,7195300,57,TPEX_CSV,2026-08-12 14:15:34 +0800
1150812,2026-08-12,上櫃,2067,嘉鋼,6.38,-0.07,6.48,6.48,6.25,18000,113390,12,TPEX_CSV,2026-08-12 14:15:34 +0800
1150812,2026-08-12,上櫃,2070,精湛,63.40,+4.40,59.80,64.20,59.30,448000,27951600,338,TPEX_CSV,2026-08-12 14:15:34 +0800
1150812,2026-08-12,上櫃,2073,雄順,25.60,-1.25,27.45,27.50,25.60,10000,265700,10,TPEX_CSV,2026-08-12 14:15:34 +0800
1150812,2026-08-12,上櫃,2221,大甲,50.20,+1.10,48.95,52.00,47.80,465000,23088500,355,TPEX_CSV,2026-08-12 14:15:34 +0800
1150812,2026-08-12,上櫃,2230,泰茂,26.00,-1.20,27.30,27.30,25.95,229000,6058300,179,TPEX_CSV,2026-08-12 14:15:34 +0800
1150812,2026-08-12,上櫃,2235,謚源,28.00,+0.45,27.55,28.00,27.55,5000,138600,5,TPEX_CSV,2026-08-12 14:15:34 +0800
1150812,2026-08-12,上櫃,2596,綠意,32.15,0.00,32.25,32.40,32.00,49000,1579000,34,TPEX_CSV,2026-08-12 14:15:34 +0800
1150812,2026-08-12,上櫃,2640,大車隊,149.00,+0.50,149.00,151.00,149.00,19000,2851000,18,TPEX_CSV,2026-08-12 14:15:34 +0800
1150812,2026-08-12,上櫃,2641,正德,17.50,+0.20,17.75,17.80,17.35,1033000,18095500,448,TPEX_CSV,2026-08-12 14:15:34 +0800
1150812,2026-08-12,上櫃,2643,捷迅,62.70,-0.20,62.90,63.00,62.70,16000,1005000,13,TPEX_CSV,2026-08-12 14:15:34 +0800
1150812,2026-08-12,上櫃,2718,全心投控,45.55,+0.95,45.80,46.00,45.55,30000,1374300,24,TPEX_CSV,2026-08-12 14:15:34 +0800
1150812,2026-08-12,上櫃,2719,燦星旅,21.20,0.00,21.20,21.20,21.20,3000,63600,3,TPEX_CSV,2026-08-12 14:15:34 +0800
1150812,2026-08-12,上櫃,2724,藝舍-KY,10.85,0.00,10.50,10.85,10.50,24000,252400,7,TPEX_CSV,2026-08-12 14:15:34 +0800
1150812,2026-08-12,上櫃,2726,雅茗-KY,8.88,+0.04,8.84,8.90,8.80,23000,203860,18,TPEX_CSV,2026-08-12 14:15:34 +0800
1150812,2026-08-12,上櫃,2729,瓦城,161.00,0.00,162.00,162.50,160.50,11000,1776500,10,TPEX_CSV,2026-08-12 14:15:34 +0800
1150812,2026-08-12,上櫃,2732,六角,63.50,-0.40,63.80,63.90,63.50,28000,1781300,26,TPEX_CSV,2026-08-12 14:15:34 +0800
1150812,2026-08-12,上櫃,2734,易飛網,15.00,-0.05,14.95,15.10,14.85,63000,938750,20,TPEX_CSV,2026-08-12 14:15:34 +0800
1150812,2026-08-12,上櫃,2736,富野,11.50,+0.05,11.45,11.65,11.45,58000,668450,26,TPEX_CSV,2026-08-12 14:15:34 +0800
1150812,2026-08-12,上櫃,2740,華軒,30.75,-0.10,30.75,30.75,30.75,1000,30750,1,TPEX_CSV,2026-08-12 14:15:34 +0800
1150812,2026-08-12,上櫃,2743,山富,56.80,0.00,57.00,57.40,56.70,74000,4208800,59,TPEX_CSV,2026-08-12 14:15:34 +0800
1150812,2026-08-12,上櫃,2745,五福,88.50,-0.30,88.80,89.50,88.30,81000,7179200,69,TPEX_CSV,2026-08-12 14:15:34 +0800
1150812,2026-08-12,上櫃,2751,王座,54.00,0.00,53.90,54.00,53.30,11000,591200,9,TPEX_CSV,2026-08-12 14:15:34 +0800
1150812,2026-08-12,上櫃,2752,豆府,178.50,0.00,178.50,178.50,178.50,4000,714000,4,TPEX_CSV,2026-08-12 14:15:34 +0800
1150812,2026-08-12,上櫃,2754,亞洲藏壽司,72.60,+0.20,72.40,72.70,71.90,108000,7795200,58,TPEX_CSV,2026-08-12 14:15:34 +0800
1150812,2026-08-12,上櫃,2755,揚秦,104.50,+1.00,103.00,104.50,103.00,27000,2801000,26,TPEX_CSV,2026-08-12 14:15:34 +0800
1150812,2026-08-12,上櫃,2756,聯發國際,56.50,0.00,56.50,56.80,56.20,14000,789500,11,TPEX_CSV,2026-08-12 14:15:34 +0800
1150812,2026-08-12,上櫃,2916,滿心,41.00,+0.10,41.05,41.10,40.90,21000,860900,17,TPEX_CSV,2026-08-12 14:15:34 +0800
1150812,2026-08-12,上櫃,2924,宏太-KY,16.40,-0.95,17.35,17.35,15.90,12000,196750,11,TPEX_CSV,2026-08-12 14:15:34 +0800
1150812,2026-08-12,上櫃,2926,誠品生活,30.65,+0.30,30.35,30.65,30.15,20000,607950,13,TPEX_CSV,2026-08-12 14:15:34 +0800
1150812,2026-08-12,上櫃,2937,集雅社,46.00,+0.55,46.00,46.50,46.00,24000,1106250,22,TPEX_CSV,2026-08-12 14:15:34 +0800
1150812,2026-08-12,上櫃,2941,米斯特,----,---,----,----,----,0,0,0,TPEX_CSV,2026-08-12 14:15:34 +0800
1150812,2026-08-12,上櫃,2947,振宇五金,62.10,-0.70,62.10,62.10,62.10,2000,124200,2,TPEX_CSV,2026-08-12 14:15:34 +0800
1150812,2026-08-12,上櫃,2948,寶陞,38.25,+2.25,38.35,38.35,38.25,2000,76600,2,TPEX_CSV,2026-08-12 14:15:34 +0800
1150812,2026-08-12,上櫃,2949,欣新網,61.00,-1.20,61.10,61.10,61.00,2000,122100,2,TPEX_CSV,2026-08-12 14:15:34 +0800
1150812,2026-08-12,上櫃,3064,泰偉,----,---,----,----,----,0,0,0,TPEX_CSV,2026-08-12 14:15:34 +0800
1150812,2026-08-12,上櫃,3066,李洲,23.75,+2.15,22.00,23.75,22.00,1485000,34685300,836,TPEX_CSV,2026-08-12 14:15:34 +0800
1150812,2026-08-12,上櫃,3067,全域,17.95,0.00,17.95,17.95,17.95,1000,17950,1,TPEX_CSV,2026-08-12 14:15:34 +0800
1150812,2026-08-12,上櫃,3071,協禧,25.15,+0.20,24.95,25.45,24.90,350000,8790200,211,TPEX_CSV,2026-08-12 14:15:34 +0800
1150812,2026-08-12,上櫃,3073,天方能源,23.15,+0.35,22.80,24.50,22.80,193000,4596000,146,TPEX_CSV,2026-08-12 14:15:34 +0800
1150812,2026-08-12,上櫃,3078,僑威,54.20,-0.20,54.60,54.80,53.90,504000,27293900,329,TPEX_CSV,2026-08-12 14:15:34 +0800
1150812,2026-08-12,上櫃,3081,聯亞,2725.00,+245.00,2560.00,2725.00,2560.00,1179000,3138490000,1053,TPEX_CSV,2026-08-12 14:15:34 +0800
1150812,2026-08-12,上櫃,3083,網龍,24.55,0.00,24.60,24.65,24.45,59000,1447550,50,TPEX_CSV,2026-08-12 14:15:34 +0800
1150812,2026-08-12,上櫃,3085,新零售,12.10,+0.25,12.20,12.20,12.10,3000,36400,2,TPEX_CSV,2026-08-12 14:15:34 +0800
1150812,2026-08-12,上櫃,3086,華義*,26.85,+0.20,26.75,27.10,26.55,87000,2332050,63,TPEX_CSV,2026-08-12 14:15:34 +0800
1150812,2026-08-12,上櫃,3088,艾訊,140.00,+0.50,139.50,140.50,138.00,875000,121987500,707,TPEX_CSV,2026-08-12 14:15:34 +0800
1150812,2026-08-12,上櫃,3093,港建*,48.95,-0.15,49.90,49.90,48.75,330000,16201900,209,TPEX_CSV,2026-08-12 14:15:34 +0800
1150812,2026-08-12,上櫃,3095,及成,38.00,0.00,38.00,38.00,37.45,6000,226650,6,TPEX_CSV,2026-08-12 14:15:34 +0800
1150812,2026-08-12,上櫃,3105,穩懋,400.00,+29.00,372.00,408.00,370.50,29876000,11710498500,22412,TPEX_CSV,2026-08-12 14:15:34 +0800
1150812,2026-08-12,上櫃,3114,好德,36.25,-0.30,35.80,36.85,35.80,457000,16585050,341,TPEX_CSV,2026-08-12 14:15:34 +0800
1150812,2026-08-12,上櫃,3115,富榮綱,8.80,-0.06,8.80,8.80,8.80,1000,8800,1,TPEX_CSV,2026-08-12 14:15:34 +0800
1150812,2026-08-12,上櫃,3118,進階,----,---,----,----,----,0,0,0,TPEX_CSV,2026-08-12 14:15:34 +0800
1150812,2026-08-12,上櫃,3122,笙泉,26.10,+0.15,25.80,26.20,25.80,32000,834450,31,TPEX_CSV,2026-08-12 14:15:34 +0800
1150812,2026-08-12,上櫃,3128,昇銳,22.10,+0.35,22.00,22.40,21.90,71000,1567150,52,TPEX_CSV,2026-08-12 14:15:34 +0800
1150812,2026-08-12,上櫃,3131,弘塑,2555.00,+165.00,2405.00,2570.00,2405.00,643000,1608185000,578,TPEX_CSV,2026-08-12 14:15:34 +0800
1150812,2026-08-12,上櫃,3141,晶宏,75.00,-2.70,77.20,78.40,74.40,839000,63954600,630,TPEX_CSV,2026-08-12 14:15:34 +0800
1150812,2026-08-12,上櫃,3147,大綜,229.50,+3.50,228.00,237.00,228.00,514000,119152500,448,TPEX_CSV,2026-08-12 14:15:34 +0800
1150812,2026-08-12,上櫃,3152,璟德,230.50,+6.00,224.50,232.50,223.00,116000,26555500,107,TPEX_CSV,2026-08-12 14:15:34 +0800
1150812,2026-08-12,上櫃,3158,嘉實,83.90,-0.10,84.50,84.50,83.70,8000,672500,8,TPEX_CSV,2026-08-12 14:15:34 +0800
1150812,2026-08-12,上櫃,3162,精確,66.20,+0.10,66.30,67.30,65.80,692000,45913600,403,TPEX_CSV,2026-08-12 14:15:34 +0800
1150812,2026-08-12,上櫃,3163,波若威,718.00,+35.00,685.00,735.00,682.00,7026000,4989509000,5893,TPEX_CSV,2026-08-12 14:15:34 +0800
1150812,2026-08-12,上櫃,3169,亞信,101.50,-0.50,102.00,103.00,101.50,38000,3871500,34,TPEX_CSV,2026-08-12 14:15:34 +0800
1150812,2026-08-12,上櫃,3171,炎洲流通,64.70,+1.20,65.40,65.40,64.30,22000,1426100,18,TPEX_CSV,2026-08-12 14:15:34 +0800
1150812,2026-08-12,上櫃,3176,基亞,33.70,+0.25,33.90,33.90,33.05,221000,7400600,165,TPEX_CSV,2026-08-12 14:15:34 +0800
1150812,2026-08-12,上櫃,3178,公準,58.80,+0.70,58.10,58.80,57.40,65000,3766700,50,TPEX_CSV,2026-08-12 14:15:34 +0800
1150812,2026-08-12,上櫃,3188,鑫龍騰,23.55,+0.45,23.40,23.65,23.15,318000,7443150,174,TPEX_CSV,2026-08-12 14:15:34 +0800
1150812,2026-08-12,上櫃,3191,雲嘉南,18.65,+0.10,18.60,19.00,17.55,53000,980450,36,TPEX_CSV,2026-08-12 14:15:34 +0800
1150812,2026-08-12,上櫃,3205,佰研,48.90,-0.90,50.80,50.80,48.00,62000,3046100,40,TPEX_CSV,2026-08-12 14:15:34 +0800
1150812,2026-08-12,上櫃,3206,志豐,34.85,+0.05,35.60,35.75,34.50,44000,1545800,35,TPEX_CSV,2026-08-12 14:15:34 +0800
1150812,2026-08-12,上櫃,3207,耀勝,43.00,-1.00,43.10,44.20,42.80,111000,4811900,77,TPEX_CSV,2026-08-12 14:15:34 +0800
1150812,2026-08-12,上櫃,3211,順達,412.00,+12.00,400.50,418.00,393.00,13458000,5468246500,10583,TPEX_CSV,2026-08-12 14:15:34 +0800
1150812,2026-08-12,上櫃,3213,茂訊,134.00,-2.00,136.00,136.00,133.00,316000,42378500,228,TPEX_CSV,2026-08-12 14:15:34 +0800
1150812,2026-08-12,上櫃,3217,優群,148.00,0.00,148.00,150.00,147.50,436000,64718000,311,TPEX_CSV,2026-08-12 14:15:34 +0800
1150812,2026-08-12,上櫃,3218,大學光,142.50,-3.50,147.00,147.00,141.50,337000,48169500,270,TPEX_CSV,2026-08-12 14:15:34 +0800
1150812,2026-08-12,上櫃,3219,倚強科,73.60,+1.00,73.60,78.00,73.00,415000,31270500,320,TPEX_CSV,2026-08-12 14:15:34 +0800
1150812,2026-08-12,上櫃,3221,台嘉碩,49.00,+0.75,48.10,49.60,47.95,2131000,104053000,1459,TPEX_CSV,2026-08-12 14:15:34 +0800
1150812,2026-08-12,上櫃,3224,三顧,36.30,-0.25,36.95,36.95,36.05,26000,944900,24,TPEX_CSV,2026-08-12 14:15:34 +0800
1150812,2026-08-12,上櫃,3226,龍鋒,51.50,+0.10,51.50,51.50,51.10,28000,1439300,19,TPEX_CSV,2026-08-12 14:15:34 +0800
1150812,2026-08-12,上櫃,3227,原相,204.00,-5.00,205.00,206.00,202.50,1358000,277024500,1056,TPEX_CSV,2026-08-12 14:15:34 +0800
1150812,2026-08-12,上櫃,3228,金麗科,146.00,0.00,144.50,146.50,144.00,137000,19942000,116,TPEX_CSV,2026-08-12 14:15:34 +0800
1150812,2026-08-12,上櫃,3230,錦明,40.95,-0.80,42.05,42.60,40.95,650000,27027900,407,TPEX_CSV,2026-08-12 14:15:34 +0800
1150812,2026-08-12,上櫃,3232,昱捷,19.90,+0.20,19.90,19.90,19.70,21000,416800,19,TPEX_CSV,2026-08-12 14:15:34 +0800
1150812,2026-08-12,上櫃,3234,光環,133.00,+11.50,117.00,133.50,117.00,5601000,731930500,3314,TPEX_CSV,2026-08-12 14:15:34 +0800
1150812,2026-08-12,上櫃,3236,千如,45.20,-0.95,45.65,46.60,44.70,4846000,221253100,3466,TPEX_CSV,2026-08-12 14:15:34 +0800
1150812,2026-08-12,上櫃,3252,海灣,16.10,+0.05,16.60,16.60,15.95,25000,402350,13,TPEX_CSV,2026-08-12 14:15:34 +0800
1150812,2026-08-12,上櫃,3259,鑫創,14.10,-0.20,14.10,14.15,14.00,52000,733650,29,TPEX_CSV,2026-08-12 14:15:34 +0800
1150812,2026-08-12,上櫃,3260,威剛,409.50,+4.00,408.50,422.00,408.50,11906000,4925549500,8203,TPEX_CSV,2026-08-12 14:15:34 +0800
1150812,2026-08-12,上櫃,3264,欣銓,216.50,-3.00,221.00,225.50,216.00,7596000,1670883500,4316,TPEX_CSV,2026-08-12 14:15:34 +0800
1150812,2026-08-12,上櫃,3265,台星科,175.00,+15.50,160.50,175.00,160.50,2753000,474229000,1692,TPEX_CSV,2026-08-12 14:15:34 +0800
1150812,2026-08-12,上櫃,3268,海德威,19.75,-0.25,19.95,20.05,19.55,107000,2115300,73,TPEX_CSV,2026-08-12 14:15:34 +0800
1150812,2026-08-12,上櫃,3272,東碩,13.90,-0.05,13.95,13.95,13.80,21000,291500,18,TPEX_CSV,2026-08-12 14:15:34 +0800
1150812,2026-08-12,上櫃,3276,宇環,15.10,+0.25,14.90,15.25,14.90,170000,2553900,96,TPEX_CSV,2026-08-12 14:15:34 +0800
1150812,2026-08-12,上櫃,3284,太普高,21.20,+0.25,21.15,22.10,21.00,356000,7647350,201,TPEX_CSV,2026-08-12 14:15:34 +0800
1150812,2026-08-12,上櫃,3285,微端,38.00,+0.70,37.20,38.60,37.05,33000,1250900,25,TPEX_CSV,2026-08-12 14:15:34 +0800
1150812,2026-08-12,上櫃,3287,廣寰科,35.45,+3.20,35.45,35.45,35.45,435000,15420750,172,TPEX_CSV,2026-08-12 14:15:34 +0800
1150812,2026-08-12,上櫃,3288,點晶,21.80,-0.40,21.70,22.00,21.70,28000,613650,21,TPEX_CSV,2026-08-12 14:15:34 +0800
1150812,2026-08-12,上櫃,3289,宜特,140.50,+0.50,141.00,142.50,139.50,475000,66976500,342,TPEX_CSV,2026-08-12 14:15:34 +0800
1150812,2026-08-12,上櫃,3290,東浦,56.00,+0.90,55.60,56.80,55.30,499000,28040900,359,TPEX_CSV,2026-08-12 14:15:34 +0800
1150812,2026-08-12,上櫃,3293,鈊象,781.00,-23.00,806.00,806.00,778.00,1548000,1215065000,1366,TPEX_CSV,2026-08-12 14:15:34 +0800
1150812,2026-08-12,上櫃,3294,英濟,31.80,+0.40,31.75,32.65,31.65,394000,12651100,288,TPEX_CSV,2026-08-12 14:15:34 +0800
1150812,2026-08-12,上櫃,3297,杭特,28.35,-0.05,27.65,28.80,27.65,48000,1360600,34,TPEX_CSV,2026-08-12 14:15:34 +0800
1150812,2026-08-12,上櫃,3303,岱稜,53.40,-0.80,54.30,55.10,53.40,596000,32169400,388,TPEX_CSV,2026-08-12 14:15:34 +0800
1150812,2026-08-12,上櫃,3306,鼎天,44.80,+0.30,44.90,45.40,44.60,84000,3770850,66,TPEX_CSV,2026-08-12 14:15:34 +0800
1150812,2026-08-12,上櫃,3310,佳穎,69.10,-1.60,70.30,71.00,69.10,39000,2719500,26,TPEX_CSV,2026-08-12 14:15:34 +0800
1150812,2026-08-12,上櫃,3313,斐成,10.50,+0.20,10.30,10.90,10.20,150000,1555300,82,TPEX_CSV,2026-08-12 14:15:34 +0800
1150812,2026-08-12,上櫃,3317,尼克森,69.80,+0.60,70.10,70.80,69.70,444000,31155600,323,TPEX_CSV,2026-08-12 14:15:34 +0800
1150812,2026-08-12,上櫃,3322,建舜電,11.35,-0.10,11.50,11.55,11.30,425000,4857700,168,TPEX_CSV,2026-08-12 14:15:34 +0800
1150812,2026-08-12,上櫃,3323,加百裕,32.40,+0.20,32.20,32.40,31.70,404000,13000100,280,TPEX_CSV,2026-08-12 14:15:34 +0800
1150812,2026-08-12,上櫃,3324,雙鴻,1050.00,+5.00,1035.00,1070.00,1035.00,1895000,1989470000,1635,TPEX_CSV,2026-08-12 14:15:34 +0800
1150812,2026-08-12,上櫃,3325,旭品,11.90,+0.20,11.80,12.10,11.80,29000,344800,23,TPEX_CSV,2026-08-12 14:15:34 +0800
1150812,2026-08-12,上櫃,3332,幸康,62.50,-0.40,62.50,62.50,62.50,2000,125000,2,TPEX_CSV,2026-08-12 14:15:34 +0800
1150812,2026-08-12,上櫃,3339,泰谷,38.90,+1.05,37.55,39.55,37.55,1730000,67130000,1104,TPEX_CSV,2026-08-12 14:15:34 +0800
1150812,2026-08-12,上櫃,3349,寶德,23.20,-0.05,23.25,23.25,22.45,120000,2736850,69,TPEX_CSV,2026-08-12 14:15:34 +0800
1150812,2026-08-12,上櫃,3354,律勝,20.70,+0.05,20.60,21.00,20.45,98000,2035100,83,TPEX_CSV,2026-08-12 14:15:34 +0800
1150812,2026-08-12,上櫃,3357,臺慶科,230.50,+11.50,218.00,234.00,217.00,3465000,784220000,2703,TPEX_CSV,2026-08-12 14:15:34 +0800
1150812,2026-08-12,上櫃,3360,尚立,17.45,+1.55,16.00,17.45,16.00,1386000,23682500,653,TPEX_CSV,2026-08-12 14:15:34 +0800
1150812,2026-08-12,上櫃,3362,先進光,179.00,+4.50,174.50,179.50,172.00,958000,169250500,819,TPEX_CSV,2026-08-12 14:15:34 +0800
1150812,2026-08-12,上櫃,3363,上詮,630.00,+24.00,616.00,652.00,612.00,4379000,2770811000,3760,TPEX_CSV,2026-08-12 14:15:34 +0800
1150812,2026-08-12,上櫃,3372,典範,16.10,-0.15,16.20,16.40,16.10,413000,6723550,246,TPEX_CSV,2026-08-12 14:15:34 +0800
1150812,2026-08-12,上櫃,3373,熱映,16.50,+0.10,16.55,16.75,16.50,57000,946550,40,TPEX_CSV,2026-08-12 14:15:34 +0800
1150812,2026-08-12,上櫃,3374,精材,330.00,-4.00,332.00,338.00,324.00,10523000,3489246500,7614,TPEX_CSV,2026-08-12 14:15:34 +0800
1150812,2026-08-12,上櫃,3379,彬台,29.55,-0.05,30.00,30.50,29.55,253000,7576750,185,TPEX_CSV,2026-08-12 14:15:34 +0800
1150812,2026-08-12,上櫃,3388,崇越電,75.60,+3.00,72.90,75.70,72.40,1113000,82573800,639,TPEX_CSV,2026-08-12 14:15:34 +0800
1150812,2026-08-12,上櫃,3390,旭軟,22.45,+0.25,22.40,22.70,22.35,167000,3764450,104,TPEX_CSV,2026-08-12 14:15:34 +0800
1150812,2026-08-12,上櫃,3402,漢科,128.50,+2.00,128.00,129.00,127.50,145000,18616500,122,TPEX_CSV,2026-08-12 14:15:34 +0800
1150812,2026-08-12,上櫃,3430,奇鈦科,113.00,+1.00,112.00,114.00,112.00,283000,31933000,259,TPEX_CSV,2026-08-12 14:15:34 +0800
1150812,2026-08-12,上櫃,3434,哲固,30.00,+0.10,29.90,30.05,29.55,30000,892350,16,TPEX_CSV,2026-08-12 14:15:34 +0800
1150812,2026-08-12,上櫃,3438,類比科,59.60,-0.20,59.20,60.40,59.20,60000,3589500,49,TPEX_CSV,2026-08-12 14:15:34 +0800
1150812,2026-08-12,上櫃,3441,聯一光,87.20,+7.90,79.30,87.20,79.20,10760000,910513900,6908,TPEX_CSV,2026-08-12 14:15:34 +0800
1150812,2026-08-12,上櫃,3444,利機,77.90,+1.60,76.40,79.90,76.40,302000,23530700,238,TPEX_CSV,2026-08-12 14:15:34 +0800
1150812,2026-08-12,上櫃,3455,由田,222.00,+20.00,202.00,222.00,201.50,1348000,292802000,853,TPEX_CSV,2026-08-12 14:15:34 +0800
1150812,2026-08-12,上櫃,3465,進泰電子,29.80,-0.25,29.75,30.05,29.75,23000,686450,21,TPEX_CSV,2026-08-12 14:15:34 +0800
1150812,2026-08-12,上櫃,3466,德晉,25.55,-0.30,25.35,26.30,25.35,125000,3198800,94,TPEX_CSV,2026-08-12 14:15:34 +0800
1150812,2026-08-12,上櫃,3467,台灣精材,45.60,-0.30,45.90,46.80,45.25,60000,2742750,51,TPEX_CSV,2026-08-12 14:15:34 +0800
1150812,2026-08-12,上櫃,3479,安勤,140.50,-0.50,140.00,142.00,140.00,543000,76455500,443,TPEX_CSV,2026-08-12 14:15:34 +0800
1150812,2026-08-12,上櫃,3483,力致,75.10,+1.60,75.00,75.60,74.00,316000,23677700,245,TPEX_CSV,2026-08-12 14:15:34 +0800
1150812,2026-08-12,上櫃,3484,崧騰,50.40,+0.20,50.10,50.50,49.90,188000,9429100,126,TPEX_CSV,2026-08-12 14:15:34 +0800
1150812,2026-08-12,上櫃,3485,敘豐,217.00,+12.00,207.00,225.50,207.00,296000,64947500,252,TPEX_CSV,2026-08-12 14:15:34 +0800
1150812,2026-08-12,上櫃,3489,森寶,26.10,+0.15,25.95,26.10,25.90,572000,14877300,191,TPEX_CSV,2026-08-12 14:15:34 +0800
1150812,2026-08-12,上櫃,3490,單井,33.50,+1.50,32.25,33.95,32.05,5433000,179186550,1608,TPEX_CSV,2026-08-12 14:15:34 +0800
1150812,2026-08-12,上櫃,3491,昇達科,1320.00,+45.00,1250.00,1350.00,1250.00,1108000,1453235000,1011,TPEX_CSV,2026-08-12 14:15:34 +0800
1150812,2026-08-12,上櫃,3492,長盛,21.85,-0.10,22.00,22.00,21.85,68000,1490900,28,TPEX_CSV,2026-08-12 14:15:34 +0800
1150812,2026-08-12,上櫃,3498,陽程,131.00,+6.50,126.00,133.00,124.50,2159000,280047000,1626,TPEX_CSV,2026-08-12 14:15:34 +0800
1150812,2026-08-12,上櫃,3499,環天科,13.00,-0.05,12.75,13.00,12.75,37000,474700,24,TPEX_CSV,2026-08-12 14:15:34 +0800
1150812,2026-08-12,上櫃,3508,位速,17.60,+0.55,18.00,18.00,17.15,40000,700000,32,TPEX_CSV,2026-08-12 14:15:34 +0800
1150812,2026-08-12,上櫃,3511,矽瑪,20.45,-0.05,20.60,20.70,20.45,145000,2977450,96,TPEX_CSV,2026-08-12 14:15:34 +0800
1150812,2026-08-12,上櫃,3512,皇龍,19.75,+0.05,19.60,19.80,19.60,40000,788650,25,TPEX_CSV,2026-08-12 14:15:34 +0800
1150812,2026-08-12,上櫃,3516,亞帝歐,25.75,-0.35,26.50,26.50,25.55,32000,825450,23,TPEX_CSV,2026-08-12 14:15:34 +0800
1150812,2026-08-12,上櫃,3520,華盈,18.00,-0.50,18.15,18.50,18.00,412000,7502350,221,TPEX_CSV,2026-08-12 14:15:34 +0800
1150812,2026-08-12,上櫃,3521,台鋼建設,12.25,0.00,12.25,12.25,12.20,9000,110100,8,TPEX_CSV,2026-08-12 14:15:34 +0800
1150812,2026-08-12,上櫃,3522,御嵿,11.70,-0.05,11.60,11.85,11.60,49000,576750,35,TPEX_CSV,2026-08-12 14:15:34 +0800
1150812,2026-08-12,上櫃,3523,迎輝,15.60,+0.15,15.30,15.60,15.20,21000,321650,11,TPEX_CSV,2026-08-12 14:15:34 +0800
1150812,2026-08-12,上櫃,3526,凡甲,288.50,+2.00,286.00,291.00,286.00,248000,71645500,209,TPEX_CSV,2026-08-12 14:15:34 +0800
1150812,2026-08-12,上櫃,3527,聚積,52.20,+1.00,52.50,52.60,51.90,37000,1930200,33,TPEX_CSV,2026-08-12 14:15:34 +0800
1150812,2026-08-12,上櫃,3529,力旺,2660.00,0.00,2660.00,2705.00,2635.00,545000,1449995000,531,TPEX_CSV,2026-08-12 14:15:34 +0800
1150812,2026-08-12,上櫃,3531,先益,21.70,+0.35,21.40,21.70,21.40,2000,43100,2,TPEX_CSV,2026-08-12 14:15:34 +0800
1150812,2026-08-12,上櫃,3537,堡達,56.10,-0.90,57.00,58.00,55.60,2336000,132600400,1780,TPEX_CSV,2026-08-12 14:15:34 +0800
1150812,2026-08-12,上櫃,3540,曜越,21.00,+0.25,20.70,21.00,20.70,145000,3021550,76,TPEX_CSV,2026-08-12 14:15:34 +0800
1150812,2026-08-12,上櫃,3541,西柏,22.30,+0.85,21.45,22.30,21.45,70000,1541300,56,TPEX_CSV,2026-08-12 14:15:34 +0800
1150812,2026-08-12,上櫃,3546,宇峻,73.60,-0.30,73.40,73.90,72.60,230000,16850700,155,TPEX_CSV,2026-08-12 14:15:34 +0800
1150812,2026-08-12,上櫃,3548,兆利,77.80,+2.70,76.20,78.90,76.00,260000,20215600,195,TPEX_CSV,2026-08-12 14:15:34 +0800
1150812,2026-08-12,上櫃,3551,世禾,179.50,+1.50,179.00,181.00,179.00,242000,43522000,207,TPEX_CSV,2026-08-12 14:15:34 +0800
1150812,2026-08-12,上櫃,3552,同致,44.80,+0.45,45.00,45.00,44.50,73000,3260000,66,TPEX_CSV,2026-08-12 14:15:34 +0800
1150812,2026-08-12,上櫃,3555,博士旺,164.00,-0.50,166.50,168.50,162.50,37000,6132000,37,TPEX_CSV,2026-08-12 14:15:34 +0800
1150812,2026-08-12,上櫃,3556,禾瑞亞,65.00,+1.20,64.80,66.40,63.70,403000,26276400,276,TPEX_CSV,2026-08-12 14:15:34 +0800
1150812,2026-08-12,上櫃,3558,神準,130.00,0.00,130.00,131.50,128.00,104000,13479000,94,TPEX_CSV,2026-08-12 14:15:34 +0800
1150812,2026-08-12,上櫃,3564,其陽,47.20,+0.70,46.50,47.70,46.20,102000,4797850,85,TPEX_CSV,2026-08-12 14:15:34 +0800
1150812,2026-08-12,上櫃,3567,逸昌,26.25,0.00,26.50,26.50,26.25,21000,552950,20,TPEX_CSV,2026-08-12 14:15:34 +0800
1150812,2026-08-12,上櫃,3570,大塚,163.50,0.00,162.50,163.50,162.00,30000,4878500,24,TPEX_CSV,2026-08-12 14:15:34 +0800
1150812,2026-08-12,上櫃,3577,泓格,130.50,-1.50,132.50,134.50,130.50,491000,64948500,418,TPEX_CSV,2026-08-12 14:15:34 +0800
1150812,2026-08-12,上櫃,3580,友威科,80.40,+2.80,77.60,81.90,77.60,373000,29809700,304,TPEX_CSV,2026-08-12 14:15:34 +0800
1150812,2026-08-12,上櫃,3581,博磊,119.00,+4.00,113.00,122.00,113.00,562000,66562500,417,TPEX_CSV,2026-08-12 14:15:34 +0800
1150812,2026-08-12,上櫃,3587,閎康,253.00,0.00,253.00,256.50,251.50,427000,108026000,348,TPEX_CSV,2026-08-12 14:15:34 +0800
1150812,2026-08-12,上櫃,3594,磐儀,56.70,-0.20,54.60,57.20,54.50,1523000,85182000,942,TPEX_CSV,2026-08-12 14:15:34 +0800
1150812,2026-08-12,上櫃,3597,映興,26.75,-0.40,26.55,26.80,26.40,71000,1883900,37,TPEX_CSV,2026-08-12 14:15:34 +0800
1150812,2026-08-12,上櫃,3609,三一東林,24.85,+0.90,23.60,25.45,23.55,348000,8450850,147,TPEX_CSV,2026-08-12 14:15:34 +0800
1150812,2026-08-12,上櫃,3611,鼎翰,189.00,-0.50,188.00,189.00,188.00,13000,2455500,13,TPEX_CSV,2026-08-12 14:15:34 +0800
1150812,2026-08-12,上櫃,3615,安可,36.50,+0.60,36.05,36.95,36.05,458000,16760800,322,TPEX_CSV,2026-08-12 14:15:34 +0800
1150812,2026-08-12,上櫃,3623,富晶通,21.65,+0.10,22.25,22.25,21.40,32000,692950,27,TPEX_CSV,2026-08-12 14:15:34 +0800
1150812,2026-08-12,上櫃,3624,光頡,86.50,+1.30,86.20,88.40,83.60,5990000,518021300,4327,TPEX_CSV,2026-08-12 14:15:34 +0800
1150812,2026-08-12,上櫃,3625,西勝,16.80,-0.35,17.15,17.35,16.40,391000,6523050,166,TPEX_CSV,2026-08-12 14:15:34 +0800
1150812,2026-08-12,上櫃,3628,盈正,66.40,+1.00,66.10,66.70,65.70,53000,3510600,42,TPEX_CSV,2026-08-12 14:15:34 +0800
1150812,2026-08-12,上櫃,3629,地心引力,13.35,+0.15,13.10,13.35,13.10,8000,106050,6,TPEX_CSV,2026-08-12 14:15:34 +0800
1150812,2026-08-12,上櫃,3630,新鉅科,26.25,+0.30,25.85,26.40,25.80,612000,15971900,381,TPEX_CSV,2026-08-12 14:15:34 +0800
1150812,2026-08-12,上櫃,3631,晟楠,36.00,+1.85,34.15,36.45,34.15,204000,7273750,144,TPEX_CSV,2026-08-12 14:15:34 +0800
1150812,2026-08-12,上櫃,3632,研勤,7.56,-0.44,7.50,7.56,7.50,5000,37740,4,TPEX_CSV,2026-08-12 14:15:34 +0800
1150812,2026-08-12,上櫃,3646,艾恩特,23.45,+0.15,23.30,23.75,23.30,27000,633900,15,TPEX_CSV,2026-08-12 14:15:34 +0800
1150812,2026-08-12,上櫃,3663,鑫科,65.20,+1.80,64.40,69.70,63.70,1373000,91864800,765,TPEX_CSV,2026-08-12 14:15:34 +0800
1150812,2026-08-12,上櫃,3664,安瑞-KY,5.63,-0.47,6.05,6.05,5.63,7000,40570,6,TPEX_CSV,2026-08-12 14:15:34 +0800
1150812,2026-08-12,上櫃,3666,光耀,25.10,+0.05,25.00,25.10,24.85,24000,599700,22,TPEX_CSV,2026-08-12 14:15:34 +0800
1150812,2026-08-12,上櫃,3672,康聯訊,12.50,-0.15,12.70,12.70,12.50,15000,187750,11,TPEX_CSV,2026-08-12 14:15:34 +0800
1150812,2026-08-12,上櫃,3675,德微,275.50,+3.00,275.00,281.00,273.50,389000,107854500,334,TPEX_CSV,2026-08-12 14:15:34 +0800
1150812,2026-08-12,上櫃,3680,家登,452.50,+7.50,452.00,459.50,450.00,670000,304638000,512,TPEX_CSV,2026-08-12 14:15:34 +0800
1150812,2026-08-12,上櫃,3684,榮昌,53.50,+0.60,53.20,53.50,52.50,37000,1954600,22,TPEX_CSV,2026-08-12 14:15:34 +0800
1150812,2026-08-12,上櫃,3685,元創精密,38.00,-0.30,38.30,38.95,37.00,466000,17761300,276,TPEX_CSV,2026-08-12 14:15:34 +0800
1150812,2026-08-12,上櫃,3687,歐買尬,66.10,+0.40,66.60,66.60,65.70,63000,4161000,38,TPEX_CSV,2026-08-12 14:15:34 +0800
1150812,2026-08-12,上櫃,3689,湧德,110.50,+0.50,110.00,111.50,109.00,1255000,138389000,788,TPEX_CSV,2026-08-12 14:15:34 +0800
1150812,2026-08-12,上櫃,3691,碩禾,119.50,+1.50,117.50,121.50,117.50,461000,55152000,338,TPEX_CSV,2026-08-12 14:15:34 +0800
1150812,2026-08-12,上櫃,3693,營邦,502.00,+10.00,492.50,510.00,492.50,444000,222462500,416,TPEX_CSV,2026-08-12 14:15:34 +0800
1150812,2026-08-12,上櫃,3707,漢磊,63.50,+1.60,62.00,65.00,62.00,5090000,325090700,3431,TPEX_CSV,2026-08-12 14:15:34 +0800
1150812,2026-08-12,上櫃,3709,鑫聯大投控,71.20,-0.40,71.90,72.70,70.80,1372000,98188200,861,TPEX_CSV,2026-08-12 14:15:34 +0800
1150812,2026-08-12,上櫃,3710,連展投控,5.08,-0.11,5.04,5.18,4.94,393000,1992290,128,TPEX_CSV,2026-08-12 14:15:34 +0800
1150812,2026-08-12,上櫃,3713,新晶投控,14.90,-0.10,14.95,14.95,14.70,11000,163100,9,TPEX_CSV,2026-08-12 14:15:34 +0800
1150812,2026-08-12,上櫃,4102,永日,19.05,+0.20,18.80,19.15,18.80,46000,875050,33,TPEX_CSV,2026-08-12 14:15:34 +0800
1150812,2026-08-12,上櫃,4105,東洋,77.30,-0.30,77.90,77.90,76.90,594000,45922500,350,TPEX_CSV,2026-08-12 14:15:34 +0800
1150812,2026-08-12,上櫃,4107,邦特,114.50,0.00,114.00,114.50,114.00,25000,2854500,22,TPEX_CSV,2026-08-12 14:15:34 +0800
1150812,2026-08-12,上櫃,4109,加捷生醫,11.20,-0.10,11.25,11.25,11.10,177000,1975750,89,TPEX_CSV,2026-08-12 14:15:34 +0800
1150812,2026-08-12,上櫃,4111,濟生,29.85,0.00,29.80,30.00,29.75,78000,2324950,59,TPEX_CSV,2026-08-12 14:15:34 +0800
1150812,2026-08-12,上櫃,4113,聯上,14.65,0.00,14.50,14.65,14.40,122000,1774900,61,TPEX_CSV,2026-08-12 14:15:34 +0800
1150812,2026-08-12,上櫃,4114,健喬,29.80,-0.25,30.05,30.05,29.65,899000,26794650,434,TPEX_CSV,2026-08-12 14:15:34 +0800
1150812,2026-08-12,上櫃,4116,明基醫,39.50,+0.10,39.20,39.50,39.10,17000,668700,16,TPEX_CSV,2026-08-12 14:15:34 +0800
1150812,2026-08-12,上櫃,4120,友華,49.00,-0.30,49.60,49.60,48.35,43000,2106300,27,TPEX_CSV,2026-08-12 14:15:34 +0800
1150812,2026-08-12,上櫃,4121,優盛,13.10,-0.05,13.15,13.15,13.00,20000,261300,18,TPEX_CSV,2026-08-12 14:15:34 +0800
1150812,2026-08-12,上櫃,4123,晟德,35.10,-3.90,35.10,35.10,35.10,3778000,132607800,1607,TPEX_CSV,2026-08-12 14:15:34 +0800
1150812,2026-08-12,上櫃,4126,太醫,77.10,-0.10,77.70,77.70,77.10,23000,1775800,19,TPEX_CSV,2026-08-12 14:15:34 +0800
1150812,2026-08-12,上櫃,4127,天良,89.00,-0.50,89.50,90.20,88.00,119000,10599800,86,TPEX_CSV,2026-08-12 14:15:34 +0800
1150812,2026-08-12,上櫃,4128,中天,14.65,-0.05,14.80,15.05,14.60,1037000,15329900,595,TPEX_CSV,2026-08-12 14:15:34 +0800
1150812,2026-08-12,上櫃,4129,聯合,86.30,-0.10,87.10,87.10,86.00,25000,2156800,23,TPEX_CSV,2026-08-12 14:15:34 +0800
1150812,2026-08-12,上櫃,4131,浩泰,32.00,-0.20,32.55,32.55,31.50,8000,255650,8,TPEX_CSV,2026-08-12 14:15:34 +0800
1150812,2026-08-12,上櫃,4138,曜亞,51.40,+0.30,51.10,51.40,51.00,10000,511100,8,TPEX_CSV,2026-08-12 14:15:34 +0800
1150812,2026-08-12,上櫃,4139,馬光-KY,36.00,+1.00,36.00,36.00,36.00,1000,36000,1,TPEX_CSV,2026-08-12 14:15:34 +0800
1150812,2026-08-12,上櫃,4147,中裕,68.50,+5.00,63.50,69.80,63.40,5204000,356689900,2585,TPEX_CSV,2026-08-12 14:15:34 +0800
1150812,2026-08-12,上櫃,4153,鈺緯,33.10,+0.10,33.10,33.10,32.60,13000,427100,13,TPEX_CSV,2026-08-12 14:15:34 +0800
1150812,2026-08-12,上櫃,4154,樂威科-KY,12.20,0.00,12.20,13.10,12.20,40000,488900,14,TPEX_CSV,2026-08-12 14:15:34 +0800
1150812,2026-08-12,上櫃,4157,太景*-KY,9.06,+0.04,9.04,9.23,9.03,966000,8807460,425,TPEX_CSV,2026-08-12 14:15:34 +0800
1150812,2026-08-12,上櫃,4160,訊聯基因,40.30,+0.10,40.05,40.30,40.00,8000,321300,8,TPEX_CSV,2026-08-12 14:15:34 +0800
1150812,2026-08-12,上櫃,4161,聿新科,22.95,+0.05,22.90,23.00,22.75,36000,826750,17,TPEX_CSV,2026-08-12 14:15:34 +0800
1150812,2026-08-12,上櫃,4162,智擎,62.90,-0.80,63.50,63.50,62.40,643000,40408600,427,TPEX_CSV,2026-08-12 14:15:34 +0800
1150812,2026-08-12,上櫃,4163,鐿鈦,139.00,-6.50,145.00,145.00,137.50,132000,18570500,108,TPEX_CSV,2026-08-12 14:15:34 +0800
1150812,2026-08-12,上櫃,4166,友霖,24.40,-0.10,24.50,24.55,24.30,78000,1905450,48,TPEX_CSV,2026-08-12 14:15:34 +0800
1150812,2026-08-12,上櫃,4167,松瑞藥,18.45,0.00,18.55,18.55,18.25,488000,8968250,247,TPEX_CSV,2026-08-12 14:15:34 +0800
1150812,2026-08-12,上櫃,4168,醣聯,22.85,-0.05,22.85,22.95,22.65,90000,2049850,47,TPEX_CSV,2026-08-12 14:15:34 +0800
1150812,2026-08-12,上櫃,4171,瑞基,17.25,+0.25,17.20,17.60,17.10,118000,2047300,67,TPEX_CSV,2026-08-12 14:15:34 +0800
1150812,2026-08-12,上櫃,4173,久裕,17.45,-0.30,17.65,17.65,17.40,383000,6698250,306,TPEX_CSV,2026-08-12 14:15:34 +0800
1150812,2026-08-12,上櫃,4174,浩鼎,26.15,-0.40,26.55,26.60,26.15,170000,4476450,119,TPEX_CSV,2026-08-12 14:15:34 +0800
1150812,2026-08-12,上櫃,4175,杏一,50.00,0.00,50.00,50.00,49.80,14000,699100,11,TPEX_CSV,2026-08-12 14:15:34 +0800
1150812,2026-08-12,上櫃,4183,福永生技,14.30,-0.50,14.80,14.80,13.65,7000,101950,6,TPEX_CSV,2026-08-12 14:15:34 +0800
1150812,2026-08-12,上櫃,4188,安克,9.95,-0.04,10.15,10.15,9.31,48000,457290,35,TPEX_CSV,2026-08-12 14:15:34 +0800
1150812,2026-08-12,上櫃,4192,杏國,18.55,-0.45,18.50,18.95,18.10,29000,537250,18,TPEX_CSV,2026-08-12 14:15:34 +0800
1150812,2026-08-12,上櫃,4198,欣大健康,41.95,0.00,41.40,41.95,41.40,9000,374500,9,TPEX_CSV,2026-08-12 14:15:34 +0800
1150812,2026-08-12,上櫃,4205,中華食,70.00,0.00,70.00,70.00,70.00,15000,1050000,15,TPEX_CSV,2026-08-12 14:15:34 +0800
1150812,2026-08-12,上櫃,4207,環泰,20.95,+0.50,20.90,21.00,20.75,323000,6744150,140,TPEX_CSV,2026-08-12 14:15:34 +0800
1150812,2026-08-12,上櫃,4303,信立,47.00,+2.40,45.40,47.70,45.25,1340000,62614850,887,TPEX_CSV,2026-08-12 14:15:34 +0800
1150812,2026-08-12,上櫃,4304,勝昱,16.25,+0.25,16.00,16.30,16.00,29000,465950,10,TPEX_CSV,2026-08-12 14:15:34 +0800
1150812,2026-08-12,上櫃,4305,世坤,43.65,+0.20,43.45,44.60,43.45,16000,701000,9,TPEX_CSV,2026-08-12 14:15:34 +0800
1150812,2026-08-12,上櫃,4401,東隆興,13.90,-0.05,14.00,14.10,13.85,25000,348600,21,TPEX_CSV,2026-08-12 14:15:34 +0800
1150812,2026-08-12,上櫃,4402,郡都開發,16.00,-0.60,16.35,16.40,15.85,7000,112800,7,TPEX_CSV,2026-08-12 14:15:34 +0800
1150812,2026-08-12,上櫃,4406,新昕纖,10.05,-0.05,10.10,10.10,10.05,8000,80500,7,TPEX_CSV,2026-08-12 14:15:34 +0800
1150812,2026-08-12,上櫃,4413,飛寶企業,17.05,+1.55,15.95,17.05,15.95,114000,1925250,72,TPEX_CSV,2026-08-12 14:15:34 +0800
1150812,2026-08-12,上櫃,4416,三圓,10.45,0.00,10.45,10.60,10.40,159000,1660350,59,TPEX_CSV,2026-08-12 14:15:34 +0800
1150812,2026-08-12,上櫃,4417,金洲,48.10,+1.25,46.85,48.15,46.85,515000,24619350,271,TPEX_CSV,2026-08-12 14:15:34 +0800
1150812,2026-08-12,上櫃,4419,皇家美食,47.50,+0.90,46.80,47.50,45.80,12000,555300,9,TPEX_CSV,2026-08-12 14:15:34 +0800
1150812,2026-08-12,上櫃,4420,光明,36.15,+0.85,35.35,36.15,35.35,27000,969650,20,TPEX_CSV,2026-08-12 14:15:34 +0800
1150812,2026-08-12,上櫃,4430,耀億,17.85,+0.45,17.30,18.90,17.30,206000,3702600,97,TPEX_CSV,2026-08-12 14:15:34 +0800
1150812,2026-08-12,上櫃,4432,銘旺實,16.50,+0.50,16.25,16.85,16.25,46000,758900,30,TPEX_CSV,2026-08-12 14:15:34 +0800
1150812,2026-08-12,上櫃,4433,興采,20.05,0.00,20.20,20.20,19.80,10000,200400,9,TPEX_CSV,2026-08-12 14:15:34 +0800
1150812,2026-08-12,上櫃,4442,竣邦-KY,52.80,+0.30,53.40,53.40,52.30,79000,4192100,37,TPEX_CSV,2026-08-12 14:15:34 +0800
1150812,2026-08-12,上櫃,4502,健信,15.70,0.00,15.65,15.70,15.65,8000,125400,5,TPEX_CSV,2026-08-12 14:15:34 +0800
1150812,2026-08-12,上櫃,4503,金雨,26.25,+1.80,23.75,26.30,23.50,2220000,54678100,1234,TPEX_CSV,2026-08-12 14:15:34 +0800
1150812,2026-08-12,上櫃,4506,崇友,123.00,+1.00,123.50,124.50,122.00,78000,9606000,63,TPEX_CSV,2026-08-12 14:15:34 +0800
1150812,2026-08-12,上櫃,4510,高鋒,44.55,+4.05,41.10,44.55,40.80,3744000,164656000,2081,TPEX_CSV,2026-08-12 14:15:34 +0800
1150812,2026-08-12,上櫃,4513,福裕,17.45,+0.45,16.85,17.70,16.85,791000,13683000,423,TPEX_CSV,2026-08-12 14:15:34 +0800
1150812,2026-08-12,上櫃,4523,永彰,25.70,0.00,25.75,25.90,25.70,40000,1031550,21,TPEX_CSV,2026-08-12 14:15:34 +0800
1150812,2026-08-12,上櫃,4527,方土霖,41.00,0.00,41.00,41.00,40.65,21000,859450,19,TPEX_CSV,2026-08-12 14:15:34 +0800
1150812,2026-08-12,上櫃,4528,江興鍛,15.20,+0.05,15.35,15.35,15.15,15000,228300,15,TPEX_CSV,2026-08-12 14:15:34 +0800
1150812,2026-08-12,上櫃,4529,淳紳,4.16,-0.06,4.22,4.27,4.01,21000,85770,10,TPEX_CSV,2026-08-12 14:15:34 +0800
1150812,2026-08-12,上櫃,4530,宏易,25.60,0.00,25.55,25.60,25.55,2000,51150,2,TPEX_CSV,2026-08-12 14:15:34 +0800
1150812,2026-08-12,上櫃,4533,協易機,26.80,+0.10,26.30,26.80,26.10,780000,20709200,488,TPEX_CSV,2026-08-12 14:15:34 +0800
1150812,2026-08-12,上櫃,4534,慶騰,34.20,-0.10,34.55,34.80,33.50,669000,22849100,410,TPEX_CSV,2026-08-12 14:15:34 +0800
1150812,2026-08-12,上櫃,4535,至興,29.00,-0.25,29.25,29.25,29.00,14000,408750,7,TPEX_CSV,2026-08-12 14:15:34 +0800
1150812,2026-08-12,上櫃,4538,大詠城,17.55,+0.10,17.25,17.60,17.25,43000,747350,30,TPEX_CSV,2026-08-12 14:15:34 +0800
1150812,2026-08-12,上櫃,4541,晟田,70.30,+4.00,66.50,71.50,65.10,6375000,441135500,4378,TPEX_CSV,2026-08-12 14:15:34 +0800
1150812,2026-08-12,上櫃,4542,科嶠,282.50,+8.00,267.50,287.50,267.50,752000,210662000,656,TPEX_CSV,2026-08-12 14:15:34 +0800
1150812,2026-08-12,上櫃,4543,萬在,32.20,+0.60,31.85,32.35,31.40,98000,3139000,77,TPEX_CSV,2026-08-12 14:15:34 +0800
1150812,2026-08-12,上櫃,4549,桓達,91.90,-0.80,91.50,92.20,91.00,43000,3939100,42,TPEX_CSV,2026-08-12 14:15:34 +0800
1150812,2026-08-12,上櫃,4550,長佳,24.15,-0.05,24.20,24.20,24.10,22000,531200,9,TPEX_CSV,2026-08-12 14:15:34 +0800
1150812,2026-08-12,上櫃,4554,橙的,31.75,+1.00,30.80,33.80,30.80,181000,5826650,132,TPEX_CSV,2026-08-12 14:15:34 +0800
1150812,2026-08-12,上櫃,4556,旭然,101.00,+8.90,99.00,101.00,98.40,282000,28259400,153,TPEX_CSV,2026-08-12 14:15:34 +0800
1150812,2026-08-12,上櫃,4558,寶緯,18.20,-0.10,18.40,18.40,18.10,10000,181950,9,TPEX_CSV,2026-08-12 14:15:34 +0800
1150812,2026-08-12,上櫃,4561,健椿,46.05,+4.15,46.05,46.05,46.05,573000,26386650,279,TPEX_CSV,2026-08-12 14:15:34 +0800
1150812,2026-08-12,上櫃,4563,百德,39.80,-0.50,40.50,40.80,39.40,78000,3108750,74,TPEX_CSV,2026-08-12 14:15:34 +0800
1150812,2026-08-12,上櫃,4568,科際精密,40.25,0.00,40.25,40.25,40.20,5000,201150,4,TPEX_CSV,2026-08-12 14:15:34 +0800
1150812,2026-08-12,上櫃,4577,達航科技,76.10,+0.50,75.50,77.50,75.50,233000,17868700,177,TPEX_CSV,2026-08-12 14:15:34 +0800
1150812,2026-08-12,上櫃,4580,捷流閥業,79.40,+0.60,78.10,79.50,78.10,49000,3863200,40,TPEX_CSV,2026-08-12 14:15:34 +0800
1150812,2026-08-12,上櫃,4584,君帆,38.30,-1.65,38.25,39.60,38.20,21000,806000,19,TPEX_CSV,2026-08-12 14:15:34 +0800
1150812,2026-08-12,上櫃,4609,唐鋒,4.78,+0.02,4.78,4.78,4.78,5000,23900,3,TPEX_CSV,2026-08-12 14:15:34 +0800
1150812,2026-08-12,上櫃,4702,中美實,9.66,-0.01,9.79,9.79,9.59,60000,578220,36,TPEX_CSV,2026-08-12 14:15:34 +0800
1150812,2026-08-12,上櫃,4706,大恭,33.00,+1.25,32.40,34.50,32.40,21000,710750,16,TPEX_CSV,2026-08-12 14:15:34 +0800
1150812,2026-08-12,上櫃,4707,磐亞,33.00,+3.00,30.30,33.00,30.30,6687000,214442800,3091,TPEX_CSV,2026-08-12 14:15:34 +0800
1150812,2026-08-12,上櫃,4711,永純,16.50,-0.20,16.50,16.75,16.35,199000,3272500,80,TPEX_CSV,2026-08-12 14:15:34 +0800
1150812,2026-08-12,上櫃,4714,永捷,10.65,+0.15,10.45,10.65,10.45,570000,6031300,285,TPEX_CSV,2026-08-12 14:15:34 +0800
1150812,2026-08-12,上櫃,4716,大立,17.40,-1.50,18.90,19.25,17.30,6156000,110942150,2720,TPEX_CSV,2026-08-12 14:15:34 +0800
1150812,2026-08-12,上櫃,4721,美琪瑪,74.80,+1.30,73.80,76.00,73.80,331000,24816300,235,TPEX_CSV,2026-08-12 14:15:34 +0800
1150812,2026-08-12,上櫃,4726,永昕,24.80,+0.25,24.60,25.50,24.60,245000,6096050,149,TPEX_CSV,2026-08-12 14:15:34 +0800
1150812,2026-08-12,上櫃,4728,雙美,----,---,----,----,----,0,0,0,TPEX_CSV,2026-08-12 14:15:34 +0800
1150812,2026-08-12,上櫃,4729,熒茂,20.10,+0.20,20.25,20.25,19.95,93000,1861050,55,TPEX_CSV,2026-08-12 14:15:34 +0800
1150812,2026-08-12,上櫃,4735,豪展,38.35,+3.45,35.80,38.35,35.10,599000,22141050,353,TPEX_CSV,2026-08-12 14:15:34 +0800
1150812,2026-08-12,上櫃,4741,泓瀚,44.10,+1.20,43.55,44.50,43.45,76000,3353850,71,TPEX_CSV,2026-08-12 14:15:34 +0800
1150812,2026-08-12,上櫃,4743,合一,46.85,-0.45,47.50,48.70,46.80,1401000,66604050,915,TPEX_CSV,2026-08-12 14:15:34 +0800
1150812,2026-08-12,上櫃,4744,皇將,28.15,+0.65,27.75,28.70,27.75,22000,623950,16,TPEX_CSV,2026-08-12 14:15:34 +0800
1150812,2026-08-12,上櫃,4745,合富-KY,12.15,+0.20,12.05,12.20,12.05,24000,290850,20,TPEX_CSV,2026-08-12 14:15:34 +0800
1150812,2026-08-12,上櫃,4747,強生,55.80,-0.30,56.50,56.90,55.80,54000,3044200,31,TPEX_CSV,2026-08-12 14:15:34 +0800
1150812,2026-08-12,上櫃,4749,新應材,809.00,+6.00,806.00,823.00,806.00,337000,274127000,315,TPEX_CSV,2026-08-12 14:15:34 +0800
1150812,2026-08-12,上櫃,4754,國碳科,37.70,+0.05,37.60,37.75,37.60,69000,2599350,53,TPEX_CSV,2026-08-12 14:15:34 +0800
1150812,2026-08-12,上櫃,4760,勤凱,257.50,+1.50,253.50,263.50,252.00,348000,90073000,302,TPEX_CSV,2026-08-12 14:15:34 +0800
1150812,2026-08-12,上櫃,4767,誠泰科技,26.50,0.00,26.50,26.50,26.45,9000,238350,6,TPEX_CSV,2026-08-12 14:15:34 +0800
1150812,2026-08-12,上櫃,4768,晶呈科技,322.00,+7.50,316.50,327.50,316.00,221000,71162500,214,TPEX_CSV,2026-08-12 14:15:34 +0800
1150812,2026-08-12,上櫃,4772,台特化,254.00,+2.50,252.00,254.50,250.00,511000,128860000,418,TPEX_CSV,2026-08-12 14:15:34 +0800
1150812,2026-08-12,上櫃,4806,桂田文創,----,---,----,----,----,0,0,0,TPEX_CSV,2026-08-12 14:15:34 +0800
1150812,2026-08-12,上櫃,4903,聯光通,37.40,-0.25,36.50,38.40,36.10,1223000,45714150,861,TPEX_CSV,2026-08-12 14:15:34 +0800
1150812,2026-08-12,上櫃,4905,台聯電,70.00,+0.70,70.20,71.70,69.60,14000,986500,13,TPEX_CSV,2026-08-12 14:15:34 +0800
1150812,2026-08-12,上櫃,4907,富宇,45.80,+0.85,44.90,45.85,44.90,103000,4691100,71,TPEX_CSV,2026-08-12 14:15:34 +0800
1150812,2026-08-12,上櫃,4908,前鼎,162.50,+11.50,152.50,166.00,152.50,2928000,474284000,2299,TPEX_CSV,2026-08-12 14:15:34 +0800
1150812,2026-08-12,上櫃,4909,新復興,39.15,+0.80,38.70,39.30,38.65,253000,9869050,205,TPEX_CSV,2026-08-12 14:15:34 +0800
1150812,2026-08-12,上櫃,4911,德英,28.35,+0.10,28.30,28.50,28.25,11000,312700,6,TPEX_CSV,2026-08-12 14:15:34 +0800
1150812,2026-08-12,上櫃,4923,力士,50.50,+0.50,50.00,50.80,49.15,243000,12133000,213,TPEX_CSV,2026-08-12 14:15:34 +0800
1150812,2026-08-12,上櫃,4924,欣厚-KY,10.05,+0.07,10.00,10.05,9.90,22000,220190,19,TPEX_CSV,2026-08-12 14:15:34 +0800
1150812,2026-08-12,上櫃,4931,新盛力,267.00,+12.00,255.00,268.00,250.50,15878000,4155802000,11853,TPEX_CSV,2026-08-12 14:15:34 +0800
1150812,2026-08-12,上櫃,4933,友輝,55.40,0.00,55.10,55.90,54.90,66000,3653000,49,TPEX_CSV,2026-08-12 14:15:34 +0800
1150812,2026-08-12,上櫃,4939,亞電,60.80,-0.90,61.00,62.80,60.80,5770000,355305000,3914,TPEX_CSV,2026-08-12 14:15:34 +0800
1150812,2026-08-12,上櫃,4946,辣椒,82.10,-0.40,82.50,82.50,82.00,8000,658300,7,TPEX_CSV,2026-08-12 14:15:34 +0800
1150812,2026-08-12,上櫃,4950,金耘國際,----,---,----,----,----,0,0,0,TPEX_CSV,2026-08-12 14:15:34 +0800
1150812,2026-08-12,上櫃,4951,精拓科,80.20,-0.20,80.40,81.20,80.00,105000,8449300,98,TPEX_CSV,2026-08-12 14:15:34 +0800
1150812,2026-08-12,上櫃,4953,緯致,125.00,0.00,125.00,126.00,125.00,142000,17801500,113,TPEX_CSV,2026-08-12 14:15:34 +0800
1150812,2026-08-12,上櫃,4966,譜瑞-KY,591.00,-4.00,592.00,600.00,590.00,599000,355514000,503,TPEX_CSV,2026-08-12 14:15:34 +0800
1150812,2026-08-12,上櫃,4971,IET-KY,500.00,+35.00,478.00,500.00,475.00,586000,287105000,544,TPEX_CSV,2026-08-12 14:15:34 +0800
1150812,2026-08-12,上櫃,4972,湯石照明,16.70,+0.15,16.80,16.80,16.45,10000,166200,9,TPEX_CSV,2026-08-12 14:15:34 +0800
1150812,2026-08-12,上櫃,4973,廣穎,158.50,+2.50,156.00,160.00,155.50,1634000,259292500,1228,TPEX_CSV,2026-08-12 14:15:34 +0800
1150812,2026-08-12,上櫃,4974,亞泰,69.90,+0.60,69.30,70.00,69.00,84000,5843200,66,TPEX_CSV,2026-08-12 14:15:34 +0800
1150812,2026-08-12,上櫃,4979,華星光,561.00,+51.00,529.00,561.00,529.00,17058000,9511641000,7419,TPEX_CSV,2026-08-12 14:15:34 +0800
1150812,2026-08-12,上櫃,4991,環宇-KY,484.50,+3.50,486.00,500.00,460.00,11315000,5463115000,9719,TPEX_CSV,2026-08-12 14:15:34 +0800
1150812,2026-08-12,上櫃,4995,晶達,50.10,-0.70,50.00,50.50,49.85,62000,3102400,27,TPEX_CSV,2026-08-12 14:15:34 +0800
1150812,2026-08-12,上櫃,5009,榮剛,33.15,-0.10,33.20,33.55,33.15,1630000,54353700,865,TPEX_CSV,2026-08-12 14:15:34 +0800
1150812,2026-08-12,上櫃,5011,久陽,18.40,0.00,18.40,18.60,18.25,66000,1215000,45,TPEX_CSV,2026-08-12 14:15:34 +0800
1150812,2026-08-12,上櫃,5013,強新,26.45,+0.30,26.40,26.45,26.25,4000,105350,4,TPEX_CSV,2026-08-12 14:15:34 +0800
1150812,2026-08-12,上櫃,5014,建錩,10.25,-1.00,10.30,10.40,10.15,3117000,31770600,800,TPEX_CSV,2026-08-12 14:15:34 +0800
1150812,2026-08-12,上櫃,5015,華祺,22.15,+0.05,22.20,22.20,22.10,52000,1149800,14,TPEX_CSV,2026-08-12 14:15:34 +0800
1150812,2026-08-12,上櫃,5016,松和,24.60,+0.45,24.50,24.70,24.50,21000,516050,17,TPEX_CSV,2026-08-12 14:15:34 +0800
1150812,2026-08-12,上櫃,5201,凱衛,26.00,0.00,26.00,26.00,25.60,19000,492400,9,TPEX_CSV,2026-08-12 14:15:34 +0800
1150812,2026-08-12,上櫃,5202,力新,12.35,+0.05,12.50,12.50,12.20,76000,941150,29,TPEX_CSV,2026-08-12 14:15:34 +0800
1150812,2026-08-12,上櫃,5205,中茂,21.70,-0.05,21.70,21.70,21.70,1000,21700,1,TPEX_CSV,2026-08-12 14:15:34 +0800
1150812,2026-08-12,上櫃,5206,坤悅,22.80,+0.80,22.05,23.00,22.05,197000,4457900,91,TPEX_CSV,2026-08-12 14:15:34 +0800
1150812,2026-08-12,上櫃,5209,新鼎,163.00,+3.00,162.50,163.00,161.50,60000,9755500,51,TPEX_CSV,2026-08-12 14:15:34 +0800
1150812,2026-08-12,上櫃,5210,寶碩,28.60,+0.05,28.55,29.00,28.30,172000,4943450,95,TPEX_CSV,2026-08-12 14:15:34 +0800
1150812,2026-08-12,上櫃,5211,蒙恬,20.05,0.00,20.15,20.20,19.95,16000,321300,14,TPEX_CSV,2026-08-12 14:15:34 +0800
1150812,2026-08-12,上櫃,5212,凌網,----,---,----,----,----,0,0,0,TPEX_CSV,2026-08-12 14:15:34 +0800
1150812,2026-08-12,上櫃,5213,亞昕,20.95,+0.05,20.85,21.00,20.80,128000,2676750,76,TPEX_CSV,2026-08-12 14:15:34 +0800
1150812,2026-08-12,上櫃,5220,萬達光電,20.25,-0.40,20.35,20.85,20.10,103000,2084450,76,TPEX_CSV,2026-08-12 14:15:34 +0800
1150812,2026-08-12,上櫃,5223,安力-KY,23.75,-0.05,23.95,23.95,23.25,20000,471250,16,TPEX_CSV,2026-08-12 14:15:34 +0800
1150812,2026-08-12,上櫃,5227,立凱-KY,33.80,-0.65,35.50,35.75,33.20,778000,26542850,444,TPEX_CSV,2026-08-12 14:15:34 +0800
1150812,2026-08-12,上櫃,5228,鈺鎧,42.40,+0.55,42.10,43.20,41.50,479000,20241050,389,TPEX_CSV,2026-08-12 14:15:34 +0800
1150812,2026-08-12,上櫃,5230,雷笛克光學,18.35,+0.65,17.80,18.35,17.80,126000,2289150,99,TPEX_CSV,2026-08-12 14:15:34 +0800
1150812,2026-08-12,上櫃,5245,智晶,23.80,+0.10,24.10,24.10,23.70,19000,452900,15,TPEX_CSV,2026-08-12 14:15:34 +0800
1150812,2026-08-12,上櫃,5251,天鉞電,25.60,-0.20,25.20,25.60,24.60,98000,2473300,89,TPEX_CSV,2026-08-12 14:15:34 +0800
1150812,2026-08-12,上櫃,5263,智崴,91.00,-3.70,94.50,94.50,90.70,210000,19196600,196,TPEX_CSV,2026-08-12 14:15:34 +0800
1150812,2026-08-12,上櫃,5272,笙科,17.90,-0.20,18.10,18.50,17.90,111000,2004600,69,TPEX_CSV,2026-08-12 14:15:34 +0800
1150812,2026-08-12,上櫃,5274,信驊,17370.00,+930.00,16450.00,17395.00,16450.00,252000,4322925000,247,TPEX_CSV,2026-08-12 14:15:34 +0800
1150812,2026-08-12,上櫃,5276,達輝-KY,18.80,-0.05,18.85,18.85,18.25,6000,111150,6,TPEX_CSV,2026-08-12 14:15:34 +0800
1150812,2026-08-12,上櫃,5278,尚凡*,24.65,-0.05,24.60,24.70,24.30,85000,2078050,42,TPEX_CSV,2026-08-12 14:15:34 +0800
1150812,2026-08-12,上櫃,5287,數字,152.50,+5.50,151.00,154.50,151.00,159000,24311500,143,TPEX_CSV,2026-08-12 14:15:34 +0800
1150812,2026-08-12,上櫃,5289,宜鼎,1520.00,+50.00,1480.00,1535.00,1480.00,2351000,3559920000,2007,TPEX_CSV,2026-08-12 14:15:34 +0800
1150812,2026-08-12,上櫃,5291,邑昇,56.90,+0.30,57.30,58.00,56.00,492000,27971600,365,TPEX_CSV,2026-08-12 14:15:34 +0800
1150812,2026-08-12,上櫃,5299,杰力,103.00,+2.50,101.00,103.00,100.00,386000,39253500,296,TPEX_CSV,2026-08-12 14:15:34 +0800
1150812,2026-08-12,上櫃,5301,寶得利,5.51,+0.16,5.45,5.51,5.45,5000,27350,5,TPEX_CSV,2026-08-12 14:15:34 +0800
1150812,2026-08-12,上櫃,5302,太欣,11.35,-0.25,11.65,11.85,11.25,652000,7483550,304,TPEX_CSV,2026-08-12 14:15:34 +0800
1150812,2026-08-12,上櫃,5309,系統電,56.00,-0.30,56.30,56.50,55.70,1834000,102687700,1304,TPEX_CSV,2026-08-12 14:15:34 +0800
1150812,2026-08-12,上櫃,5310,天剛,25.00,+0.10,24.05,25.00,24.00,8000,193050,4,TPEX_CSV,2026-08-12 14:15:34 +0800
1150812,2026-08-12,上櫃,5312,寶島科,88.90,+0.20,88.70,90.00,88.70,63000,5614100,40,TPEX_CSV,2026-08-12 14:15:34 +0800
1150812,2026-08-12,上櫃,5314,世紀*,62.50,+1.40,61.10,62.80,60.80,2695000,167149100,1694,TPEX_CSV,2026-08-12 14:15:34 +0800
1150812,2026-08-12,上櫃,5315,光聯,19.15,+0.05,19.10,19.15,19.05,164000,3133550,78,TPEX_CSV,2026-08-12 14:15:34 +0800
1150812,2026-08-12,上櫃,5321,美而快,56.90,+1.30,55.60,57.50,55.60,158000,8935500,92,TPEX_CSV,2026-08-12 14:15:34 +0800
1150812,2026-08-12,上櫃,5324,士開,12.25,0.00,12.30,12.30,12.20,172000,2106450,25,TPEX_CSV,2026-08-12 14:15:34 +0800
1150812,2026-08-12,上櫃,5328,華容,67.20,+1.20,66.70,67.20,65.00,18881000,1250723800,12323,TPEX_CSV,2026-08-12 14:15:34 +0800
1150812,2026-08-12,上櫃,5340,建榮,79.60,+5.60,76.10,81.40,75.40,7338000,581021000,5022,TPEX_CSV,2026-08-12 14:15:34 +0800
1150812,2026-08-12,上櫃,5344,立衛,13.85,+0.05,13.85,13.85,13.80,22000,304000,17,TPEX_CSV,2026-08-12 14:15:34 +0800
1150812,2026-08-12,上櫃,5345,馥鴻,22.60,+0.55,22.60,23.20,22.60,21000,481200,19,TPEX_CSV,2026-08-12 14:15:34 +0800
1150812,2026-08-12,上櫃,5347,世界,159.50,+1.50,160.50,160.50,156.50,15054000,2387192500,9561,TPEX_CSV,2026-08-12 14:15:34 +0800
1150812,2026-08-12,上櫃,5348,正能量智能,16.60,-0.35,16.90,16.90,16.60,6000,99900,3,TPEX_CSV,2026-08-12 14:15:34 +0800
1150812,2026-08-12,上櫃,5351,鈺創,122.00,+2.50,124.50,124.50,120.50,8475000,1038876000,5632,TPEX_CSV,2026-08-12 14:15:34 +0800
1150812,2026-08-12,上櫃,5353,台林,28.40,-0.05,28.35,28.55,28.35,17000,483400,14,TPEX_CSV,2026-08-12 14:15:34 +0800
1150812,2026-08-12,上櫃,5355,佳總,6.07,+0.08,5.91,6.26,5.80,76000,452470,35,TPEX_CSV,2026-08-12 14:15:34 +0800
1150812,2026-08-12,上櫃,5356,協益,25.75,+0.10,25.90,26.10,25.70,107000,2764900,80,TPEX_CSV,2026-08-12 14:15:34 +0800
1150812,2026-08-12,上櫃,5364,力麗店,8.80,0.00,8.80,8.95,8.65,97000,849540,41,TPEX_CSV,2026-08-12 14:15:34 +0800
1150812,2026-08-12,上櫃,5371,中光電,86.50,-1.10,86.90,86.90,84.30,6317000,541433100,4239,TPEX_CSV,2026-08-12 14:15:34 +0800
1150812,2026-08-12,上櫃,5381,光譜,24.35,+0.10,24.85,25.00,24.35,286000,7066550,182,TPEX_CSV,2026-08-12 14:15:34 +0800
1150812,2026-08-12,上櫃,5386,青雲,278.00,+3.50,276.00,282.00,276.00,762000,211905000,676,TPEX_CSV,2026-08-12 14:15:34 +0800
1150812,2026-08-12,上櫃,5392,能率,46.05,+0.75,45.30,46.55,44.85,2295000,105620850,1425,TPEX_CSV,2026-08-12 14:15:34 +0800
1150812,2026-08-12,上櫃,5398,慕康生醫,14.15,+0.15,14.00,14.15,14.00,34000,476450,13,TPEX_CSV,2026-08-12 14:15:34 +0800
1150812,2026-08-12,上櫃,5403,中菲,93.00,+0.60,93.60,93.60,92.70,46000,4277800,29,TPEX_CSV,2026-08-12 14:15:34 +0800
1150812,2026-08-12,上櫃,5410,國眾,35.20,+0.55,34.70,35.20,34.70,320000,11195950,225,TPEX_CSV,2026-08-12 14:15:34 +0800
1150812,2026-08-12,上櫃,5425,台半,86.70,+0.70,86.10,87.30,85.10,5999000,518746800,3464,TPEX_CSV,2026-08-12 14:15:34 +0800
1150812,2026-08-12,上櫃,5426,振發,29.85,-0.95,31.30,31.30,29.75,5062000,153899950,2799,TPEX_CSV,2026-08-12 14:15:34 +0800
1150812,2026-08-12,上櫃,5432,新門,125.00,+10.00,113.50,126.00,113.50,118000,14324000,106,TPEX_CSV,2026-08-12 14:15:34 +0800
1150812,2026-08-12,上櫃,5438,東友,17.25,-0.15,17.45,17.45,17.25,55000,953400,34,TPEX_CSV,2026-08-12 14:15:34 +0800
1150812,2026-08-12,上櫃,5439,高技,245.50,+5.00,240.50,248.00,240.00,1369000,335077500,1074,TPEX_CSV,2026-08-12 14:15:34 +0800
1150812,2026-08-12,上櫃,5443,均豪,113.50,+6.00,108.00,114.50,108.00,4920000,549787000,3348,TPEX_CSV,2026-08-12 14:15:34 +0800
1150812,2026-08-12,上櫃,5450,南良,15.00,-0.15,15.25,15.35,15.00,123000,1860700,79,TPEX_CSV,2026-08-12 14:15:34 +0800
1150812,2026-08-12,上櫃,5452,佶優,27.20,+0.35,26.55,27.35,26.55,353000,9593750,243,TPEX_CSV,2026-08-12 14:15:34 +0800
1150812,2026-08-12,上櫃,5455,昇益,----,---,----,----,----,0,0,0,TPEX_CSV,2026-08-12 14:15:34 +0800
1150812,2026-08-12,上櫃,5457,宣德,27.90,-0.65,27.90,28.25,27.70,487000,13608700,356,TPEX_CSV,2026-08-12 14:15:34 +0800
1150812,2026-08-12,上櫃,5460,同協,16.05,0.00,16.30,16.30,16.05,20000,321800,16,TPEX_CSV,2026-08-12 14:15:34 +0800
1150812,2026-08-12,上櫃,5464,霖宏,67.50,+6.10,62.80,67.50,61.20,1145000,74071500,573,TPEX_CSV,2026-08-12 14:15:34 +0800
1150812,2026-08-12,上櫃,5465,富驊,23.70,+2.15,22.50,23.70,22.45,155000,3649150,118,TPEX_CSV,2026-08-12 14:15:34 +0800
1150812,2026-08-12,上櫃,5468,凱鈺,31.70,+1.15,32.25,33.20,29.50,1666000,53146950,779,TPEX_CSV,2026-08-12 14:15:34 +0800
1150812,2026-08-12,上櫃,5474,聰泰,156.50,+6.50,154.50,158.00,152.50,233000,36257000,214,TPEX_CSV,2026-08-12 14:15:34 +0800
1150812,2026-08-12,上櫃,5475,德宏,148.50,+13.50,136.00,148.50,136.00,15151000,2226241500,5657,TPEX_CSV,2026-08-12 14:15:34 +0800
1150812,2026-08-12,上櫃,5478,智冠,101.50,+2.00,99.90,101.50,99.90,123000,12382700,91,TPEX_CSV,2026-08-12 14:15:34 +0800
1150812,2026-08-12,上櫃,5481,新華,19.80,+0.25,19.55,19.95,19.55,16000,316450,16,TPEX_CSV,2026-08-12 14:15:34 +0800
1150812,2026-08-12,上櫃,5483,中美晶,185.00,+16.50,169.50,185.00,169.50,32331000,5871723500,19720,TPEX_CSV,2026-08-12 14:15:34 +0800
1150812,2026-08-12,上櫃,5487,通泰,28.95,-0.45,29.40,29.50,28.95,85000,2479950,65,TPEX_CSV,2026-08-12 14:15:34 +0800
1150812,2026-08-12,上櫃,5488,松普,13.65,+0.30,13.35,13.75,13.25,432000,5867350,222,TPEX_CSV,2026-08-12 14:15:34 +0800
1150812,2026-08-12,上櫃,5489,彩富,42.15,+0.55,42.95,43.10,42.05,66000,2805550,60,TPEX_CSV,2026-08-12 14:15:34 +0800
1150812,2026-08-12,上櫃,5490,同亨,30.55,+0.35,30.35,30.75,30.20,488000,14868900,344,TPEX_CSV,2026-08-12 14:15:34 +0800
1150812,2026-08-12,上櫃,5493,三聯,80.30,+0.30,80.00,80.80,79.20,56000,4489800,48,TPEX_CSV,2026-08-12 14:15:34 +0800
1150812,2026-08-12,上櫃,5498,凱崴,55.20,+4.10,50.90,56.00,50.90,4016000,217322700,2652,TPEX_CSV,2026-08-12 14:15:34 +0800
1150812,2026-08-12,上櫃,5508,永信建,53.90,-0.70,55.30,55.30,53.50,206000,11129500,149,TPEX_CSV,2026-08-12 14:15:34 +0800
1150812,2026-08-12,上櫃,5511,德昌,72.10,+1.20,73.00,74.60,71.60,266000,19420100,190,TPEX_CSV,2026-08-12 14:15:34 +0800
1150812,2026-08-12,上櫃,5512,力麒,7.91,+0.13,7.89,7.91,7.85,824000,6494330,328,TPEX_CSV,2026-08-12 14:15:34 +0800
1150812,2026-08-12,上櫃,5514,三豐,13.70,-0.20,13.95,14.00,13.70,5000,69050,4,TPEX_CSV,2026-08-12 14:15:34 +0800
1150812,2026-08-12,上櫃,5516,雙喜,13.50,+0.45,13.05,13.55,13.05,85000,1137300,45,TPEX_CSV,2026-08-12 14:15:34 +0800
1150812,2026-08-12,上櫃,5520,力泰,83.30,-0.10,83.30,83.30,83.30,5000,416500,5,TPEX_CSV,2026-08-12 14:15:34 +0800
1150812,2026-08-12,上櫃,5523,豐謙,30.35,0.00,30.20,30.35,30.20,8000,242350,6,TPEX_CSV,2026-08-12 14:15:34 +0800
1150812,2026-08-12,上櫃,5529,鉅陞,21.30,-0.05,21.35,21.40,21.30,72000,1537900,24,TPEX_CSV,2026-08-12 14:15:34 +0800
1150812,2026-08-12,上櫃,5530,龍巖,49.35,-0.30,49.65,49.65,48.95,215000,10583100,153,TPEX_CSV,2026-08-12 14:15:34 +0800
1150812,2026-08-12,上櫃,5536,聖暉*,918.00,-23.00,925.00,938.00,900.00,2087000,1919493000,1730,TPEX_CSV,2026-08-12 14:15:34 +0800
1150812,2026-08-12,上櫃,5543,桓鼎-KY,25.00,-1.20,25.00,25.00,24.80,10000,249600,6,TPEX_CSV,2026-08-12 14:15:34 +0800
1150812,2026-08-12,上櫃,5547,久舜,20.10,+0.30,19.90,20.10,19.85,20000,398300,14,TPEX_CSV,2026-08-12 14:15:34 +0800
1150812,2026-08-12,上櫃,5548,安倉,20.25,-0.20,20.30,20.35,20.20,94000,1909150,32,TPEX_CSV,2026-08-12 14:15:34 +0800
1150812,2026-08-12,上櫃,5601,台聯櫃,29.50,0.00,29.50,29.50,29.50,4000,118000,1,TPEX_CSV,2026-08-12 14:15:34 +0800
1150812,2026-08-12,上櫃,5603,陸海,14.20,0.00,14.15,14.25,14.15,26000,368950,23,TPEX_CSV,2026-08-12 14:15:34 +0800
1150812,2026-08-12,上櫃,5604,中連,30.55,-0.05,30.60,30.75,30.55,8000,244650,6,TPEX_CSV,2026-08-12 14:15:34 +0800
1150812,2026-08-12,上櫃,5609,中菲行,78.70,-0.70,79.50,79.50,78.60,190000,15017000,140,TPEX_CSV,2026-08-12 14:15:34 +0800
1150812,2026-08-12,上櫃,5701,劍湖山,4.25,+0.10,4.22,4.35,4.08,87000,367420,46,TPEX_CSV,2026-08-12 14:15:34 +0800
1150812,2026-08-12,上櫃,5703,亞都,14.50,+0.30,14.20,14.50,14.20,19000,274700,10,TPEX_CSV,2026-08-12 14:15:34 +0800
1150812,2026-08-12,上櫃,5704,老爺知,21.60,+0.05,21.80,21.90,21.55,14000,303600,11,TPEX_CSV,2026-08-12 14:15:34 +0800
1150812,2026-08-12,上櫃,5864,致和證,33.45,+3.00,30.80,33.45,30.80,5924000,193442400,2432,TPEX_CSV,2026-08-12 14:15:34 +0800
1150812,2026-08-12,上櫃,5878,台名,38.50,-0.40,38.50,38.90,38.50,11000,424100,7,TPEX_CSV,2026-08-12 14:15:34 +0800
1150812,2026-08-12,上櫃,5902,德記,34.85,+0.45,34.20,34.85,34.20,30000,1038300,17,TPEX_CSV,2026-08-12 14:15:34 +0800
1150812,2026-08-12,上櫃,5903,全家,185.50,0.00,186.50,186.50,185.00,15000,2782000,15,TPEX_CSV,2026-08-12 14:15:34 +0800
1150812,2026-08-12,上櫃,5904,寶雅*,82.50,-4.60,90.60,92.30,82.50,84375000,7307080400,51164,TPEX_CSV,2026-08-12 14:15:34 +0800
1150812,2026-08-12,上櫃,5905,南仁湖,8.11,+0.03,8.08,8.13,8.08,215000,1742640,83,TPEX_CSV,2026-08-12 14:15:34 +0800
1150812,2026-08-12,上櫃,6015,宏遠證,16.05,+0.95,15.25,16.20,15.25,2622000,41344700,954,TPEX_CSV,2026-08-12 14:15:34 +0800
1150812,2026-08-12,上櫃,6016,康和證,19.85,+1.20,18.70,20.10,18.70,6959000,135567300,2104,TPEX_CSV,2026-08-12 14:15:34 +0800
1150812,2026-08-12,上櫃,6020,大展證,21.10,+0.10,20.90,21.30,20.90,108000,2282200,38,TPEX_CSV,2026-08-12 14:15:34 +0800
1150812,2026-08-12,上櫃,6021,美好證,36.30,+1.40,35.30,36.40,35.30,107000,3846450,82,TPEX_CSV,2026-08-12 14:15:34 +0800
1150812,2026-08-12,上櫃,6023,元大期,85.80,除權,86.10,86.70,85.60,833000,71765400,502,TPEX_CSV,2026-08-12 14:15:34 +0800
1150812,2026-08-12,上櫃,6026,福邦證,14.65,+0.70,14.25,14.70,14.25,1943000,28139150,787,TPEX_CSV,2026-08-12 14:15:34 +0800
1150812,2026-08-12,上櫃,6028,公勝保經,90.40,+3.40,88.40,93.30,88.40,60000,5419400,49,TPEX_CSV,2026-08-12 14:15:34 +0800
1150812,2026-08-12,上櫃,6101,寬魚國際,35.30,+0.20,35.10,35.65,34.90,135000,4752450,106,TPEX_CSV,2026-08-12 14:15:34 +0800
1150812,2026-08-12,上櫃,6103,合邦,29.50,+1.00,29.50,29.50,29.50,1000,29500,1,TPEX_CSV,2026-08-12 14:15:34 +0800
1150812,2026-08-12,上櫃,6104,創惟,93.30,-0.20,94.40,94.60,93.20,274000,25658200,235,TPEX_CSV,2026-08-12 14:15:34 +0800
1150812,2026-08-12,上櫃,6109,亞元,11.15,-0.05,11.40,11.40,10.90,126000,1392750,70,TPEX_CSV,2026-08-12 14:15:34 +0800
1150812,2026-08-12,上櫃,6111,光聚晶電,37.50,-0.10,37.55,37.60,37.00,117000,4378900,74,TPEX_CSV,2026-08-12 14:15:34 +0800
1150812,2026-08-12,上櫃,6113,亞矽,24.65,+0.05,25.00,26.20,24.65,384000,9687200,243,TPEX_CSV,2026-08-12 14:15:34 +0800
1150812,2026-08-12,上櫃,6114,久威,27.35,+0.35,27.15,27.40,27.15,12000,327700,10,TPEX_CSV,2026-08-12 14:15:34 +0800
1150812,2026-08-12,上櫃,6118,建達,15.60,-0.10,15.70,15.70,15.55,42000,656050,32,TPEX_CSV,2026-08-12 14:15:34 +0800
1150812,2026-08-12,上櫃,6121,新普,431.50,-3.00,427.00,440.00,425.00,1385000,597583500,1024,TPEX_CSV,2026-08-12 14:15:34 +0800
1150812,2026-08-12,上櫃,6122,擎邦,46.60,-0.05,46.80,46.85,46.50,171000,7979450,124,TPEX_CSV,2026-08-12 14:15:34 +0800
1150812,2026-08-12,上櫃,6123,上奇,43.75,+0.30,43.85,43.85,43.65,37000,1618950,34,TPEX_CSV,2026-08-12 14:15:34 +0800
1150812,2026-08-12,上櫃,6124,業強,27.50,+0.40,27.10,27.55,26.90,20000,547350,15,TPEX_CSV,2026-08-12 14:15:34 +0800
1150812,2026-08-12,上櫃,6125,廣運,50.20,+0.55,49.65,50.40,49.65,514000,25780550,341,TPEX_CSV,2026-08-12 14:15:34 +0800
1150812,2026-08-12,上櫃,6126,信音,30.55,-0.10,30.85,31.00,30.55,329000,10104850,214,TPEX_CSV,2026-08-12 14:15:34 +0800
1150812,2026-08-12,上櫃,6127,九豪,51.80,+0.20,51.80,53.30,50.90,3570000,185813600,2401,TPEX_CSV,2026-08-12 14:15:34 +0800
1150812,2026-08-12,上櫃,6129,普誠,14.55,-0.05,14.65,14.75,14.50,315000,4589650,166,TPEX_CSV,2026-08-12 14:15:34 +0800
1150812,2026-08-12,上櫃,6130,上亞科技,27.00,+1.50,25.50,28.05,25.45,741000,20311100,417,TPEX_CSV,2026-08-12 14:15:34 +0800
1150812,2026-08-12,上櫃,6134,萬旭,27.90,+0.10,28.15,28.45,27.85,187000,5261400,132,TPEX_CSV,2026-08-12 14:15:34 +0800
1150812,2026-08-12,上櫃,6138,茂達,292.50,+4.50,291.00,297.00,290.50,785000,230305000,666,TPEX_CSV,2026-08-12 14:15:34 +0800
1150812,2026-08-12,上櫃,6140,訊達,17.00,-0.10,17.30,17.30,16.95,29000,494350,20,TPEX_CSV,2026-08-12 14:15:34 +0800
1150812,2026-08-12,上櫃,6143,振曜,88.80,-0.20,89.10,89.80,88.20,459000,40786700,354,TPEX_CSV,2026-08-12 14:15:34 +0800
1150812,2026-08-12,上櫃,6144,得利影,14.80,+0.25,16.00,16.00,14.80,181000,2868800,88,TPEX_CSV,2026-08-12 14:15:34 +0800
1150812,2026-08-12,上櫃,6146,耕興,192.50,+0.50,192.00,193.00,190.50,159000,30531500,150,TPEX_CSV,2026-08-12 14:15:34 +0800
1150812,2026-08-12,上櫃,6147,頎邦,156.50,-5.00,160.50,163.00,156.00,26177000,4155349500,14505,TPEX_CSV,2026-08-12 14:15:34 +0800
1150812,2026-08-12,上櫃,6148,驊宏資,28.50,+0.15,28.80,28.95,28.20,96000,2731500,76,TPEX_CSV,2026-08-12 14:15:34 +0800
1150812,2026-08-12,上櫃,6150,撼訊,60.50,+1.30,59.70,61.60,59.60,232000,14124200,178,TPEX_CSV,2026-08-12 14:15:34 +0800
1150812,2026-08-12,上櫃,6151,晉倫,35.55,+0.40,35.15,35.60,35.05,90000,3184200,60,TPEX_CSV,2026-08-12 14:15:34 +0800
1150812,2026-08-12,上櫃,6154,順發,14.05,+0.25,13.95,14.15,13.95,116000,1631150,57,TPEX_CSV,2026-08-12 14:15:34 +0800
1150812,2026-08-12,上櫃,6156,松上,22.00,+0.25,21.75,22.25,21.75,999000,21988300,495,TPEX_CSV,2026-08-12 14:15:34 +0800
1150812,2026-08-12,上櫃,6158,禾昌,16.75,+0.25,16.60,16.75,16.45,132000,2190900,73,TPEX_CSV,2026-08-12 14:15:34 +0800
1150812,2026-08-12,上櫃,6160,欣技,14.15,0.00,14.30,14.30,13.80,29000,408850,27,TPEX_CSV,2026-08-12 14:15:34 +0800
1150812,2026-08-12,上櫃,6161,捷波,54.00,+0.90,53.20,54.00,52.80,234000,12531700,168,TPEX_CSV,2026-08-12 14:15:34 +0800
1150812,2026-08-12,上櫃,6163,華電網,43.10,+0.10,43.00,44.95,42.85,1195000,52371150,823,TPEX_CSV,2026-08-12 14:15:34 +0800
1150812,2026-08-12,上櫃,6167,久正,10.50,0.00,10.60,10.60,10.45,404000,4248050,149,TPEX_CSV,2026-08-12 14:15:34 +0800
1150812,2026-08-12,上櫃,6169,昱泉,13.00,+0.30,12.70,13.00,12.65,12000,153700,10,TPEX_CSV,2026-08-12 14:15:34 +0800
1150812,2026-08-12,上櫃,6170,統振,47.20,+0.60,46.80,47.20,46.75,165000,7758000,93,TPEX_CSV,2026-08-12 14:15:34 +0800
1150812,2026-08-12,上櫃,6171,大城地產,23.80,-0.05,24.60,24.60,23.80,2000,48400,2,TPEX_CSV,2026-08-12 14:15:34 +0800
1150812,2026-08-12,上櫃,6173,信昌電,203.50,+18.50,186.50,203.50,182.50,26034000,5048289500,16248,TPEX_CSV,2026-08-12 14:15:34 +0800
1150812,2026-08-12,上櫃,6174,安碁,44.05,+1.15,42.95,46.60,42.95,2164000,96192900,1617,TPEX_CSV,2026-08-12 14:15:34 +0800
1150812,2026-08-12,上櫃,6175,立敦,78.50,+1.00,76.90,79.30,76.70,1320000,103150300,985,TPEX_CSV,2026-08-12 14:15:34 +0800
1150812,2026-08-12,上櫃,6179,亞通,27.35,-0.15,27.60,27.85,27.30,929000,25590800,488,TPEX_CSV,2026-08-12 14:15:34 +0800
1150812,2026-08-12,上櫃,6180,橘子,41.55,-0.70,42.00,42.10,41.30,390000,16197050,291,TPEX_CSV,2026-08-12 14:15:34 +0800
1150812,2026-08-12,上櫃,6182,合晶,103.00,+9.00,94.30,103.00,94.10,55450000,5562151700,31005,TPEX_CSV,2026-08-12 14:15:34 +0800
1150812,2026-08-12,上櫃,6185,幃翔,13.70,+0.10,13.70,13.75,13.60,94000,1285900,42,TPEX_CSV,2026-08-12 14:15:34 +0800
1150812,2026-08-12,上櫃,6186,新潤,34.70,-0.70,35.45,35.45,34.40,922000,31987150,618,TPEX_CSV,2026-08-12 14:15:34 +0800
1150812,2026-08-12,上櫃,6187,萬潤,1155.00,+105.00,1060.00,1155.00,1055.00,4335000,4901730000,2987,TPEX_CSV,2026-08-12 14:15:34 +0800
1150812,2026-08-12,上櫃,6188,廣明,71.80,0.00,71.80,72.60,71.60,491000,35433300,344,TPEX_CSV,2026-08-12 14:15:34 +0800
1150812,2026-08-12,上櫃,6190,萬泰科,68.80,0.00,69.90,70.40,68.40,1462000,101756700,980,TPEX_CSV,2026-08-12 14:15:34 +0800
1150812,2026-08-12,上櫃,6194,育富,29.85,0.00,29.95,29.95,29.85,41000,1224300,14,TPEX_CSV,2026-08-12 14:15:34 +0800
1150812,2026-08-12,上櫃,6195,詩肯,28.85,0.00,27.60,28.90,27.15,236000,6602350,133,TPEX_CSV,2026-08-12 14:15:34 +0800
1150812,2026-08-12,上櫃,6198,瑞築,19.50,0.00,19.50,19.50,19.50,3000,58500,3,TPEX_CSV,2026-08-12 14:15:34 +0800
1150812,2026-08-12,上櫃,6199,天品,103.50,+5.00,99.10,104.00,99.10,586000,59320300,361,TPEX_CSV,2026-08-12 14:15:34 +0800
1150812,2026-08-12,上櫃,6203,海韻電,61.10,+0.40,61.30,61.50,60.70,50000,3050400,45,TPEX_CSV,2026-08-12 14:15:34 +0800
1150812,2026-08-12,上櫃,6204,艾華,85.50,+5.00,80.50,85.50,80.00,295000,24685500,255,TPEX_CSV,2026-08-12 14:15:34 +0800
1150812,2026-08-12,上櫃,6207,雷科,111.50,+4.50,107.50,114.50,107.00,5405000,601212500,4001,TPEX_CSV,2026-08-12 14:15:34 +0800
1150812,2026-08-12,上櫃,6208,日揚,81.60,-0.30,82.50,83.00,81.60,233000,19209700,174,TPEX_CSV,2026-08-12 14:15:34 +0800
1150812,2026-08-12,上櫃,6210,慶生,17.45,+0.15,17.50,17.75,17.20,14000,243450,12,TPEX_CSV,2026-08-12 14:15:34 +0800
1150812,2026-08-12,上櫃,6212,理銘,29.20,+0.20,28.55,29.20,28.55,2000,57750,2,TPEX_CSV,2026-08-12 14:15:34 +0800
1150812,2026-08-12,上櫃,6217,中探針,154.00,+1.00,149.00,156.00,149.00,654000,100377500,490,TPEX_CSV,2026-08-12 14:15:34 +0800
1150812,2026-08-12,上櫃,6218,豪勉,36.15,+0.40,36.40,37.80,35.45,1095000,40047600,824,TPEX_CSV,2026-08-12 14:15:34 +0800
1150812,2026-08-12,上櫃,6219,富旺,12.25,-0.10,12.40,12.40,12.20,82000,1005650,55,TPEX_CSV,2026-08-12 14:15:34 +0800
1150812,2026-08-12,上櫃,6220,岳豐,26.25,+0.70,25.50,26.50,25.40,419000,10899500,232,TPEX_CSV,2026-08-12 14:15:34 +0800
1150812,2026-08-12,上櫃,6221,晉泰,22.60,+2.05,21.35,22.60,21.30,339000,7613850,173,TPEX_CSV,2026-08-12 14:15:34 +0800
1150812,2026-08-12,上櫃,6222,立軒,20.10,-0.05,20.00,20.10,20.00,7000,140200,4,TPEX_CSV,2026-08-12 14:15:34 +0800
1150812,2026-08-12,上櫃,6223,旺矽,6600.00,+285.00,6355.00,6600.00,6355.00,485000,3150820000,468,TPEX_CSV,2026-08-12 14:15:34 +0800
1150812,2026-08-12,上櫃,6227,茂綸,125.50,-5.50,131.00,132.00,124.00,966000,122741500,828,TPEX_CSV,2026-08-12 14:15:34 +0800
1150812,2026-08-12,上櫃,6228,全譜,18.00,-0.40,18.30,18.35,18.00,7000,126650,6,TPEX_CSV,2026-08-12 14:15:34 +0800
1150812,2026-08-12,上櫃,6229,研通,23.60,-0.05,23.30,23.65,23.20,27000,633400,22,TPEX_CSV,2026-08-12 14:15:34 +0800
1150812,2026-08-12,上櫃,6231,系微,220.50,+3.00,219.00,225.50,219.00,262000,58280000,237,TPEX_CSV,2026-08-12 14:15:34 +0800
1150812,2026-08-12,上櫃,6233,旺玖,22.25,-0.20,22.45,22.45,22.05,157000,3491900,124,TPEX_CSV,2026-08-12 14:15:34 +0800
1150812,2026-08-12,上櫃,6234,高僑,37.35,+0.70,37.00,37.90,36.90,318000,11882400,233,TPEX_CSV,2026-08-12 14:15:34 +0800
1150812,2026-08-12,上櫃,6236,中湛,15.35,-1.70,15.35,18.75,15.35,67000,1031900,23,TPEX_CSV,2026-08-12 14:15:34 +0800
1150812,2026-08-12,上櫃,6237,驊訊,35.45,+0.95,35.00,35.65,34.90,243000,8580500,184,TPEX_CSV,2026-08-12 14:15:34 +0800
1150812,2026-08-12,上櫃,6240,松崗,20.25,+1.20,18.45,20.90,18.45,58000,1161950,54,TPEX_CSV,2026-08-12 14:15:34 +0800
1150812,2026-08-12,上櫃,6241,鑫永洋,14.35,-0.20,14.55,14.55,14.35,227000,3276700,106,TPEX_CSV,2026-08-12 14:15:34 +0800
1150812,2026-08-12,上櫃,6242,立康,34.10,-0.20,34.30,34.30,34.10,9000,307100,5,TPEX_CSV,2026-08-12 14:15:34 +0800
1150812,2026-08-12,上櫃,6244,茂迪,24.30,+0.20,24.45,24.45,24.15,1074000,26108300,562,TPEX_CSV,2026-08-12 14:15:34 +0800
1150812,2026-08-12,上櫃,6245,立端,88.00,+0.10,87.90,88.50,86.30,709000,62056900,553,TPEX_CSV,2026-08-12 14:15:34 +0800
1150812,2026-08-12,上櫃,6246,臺龍,13.35,+1.20,12.05,13.35,12.00,191000,2489150,119,TPEX_CSV,2026-08-12 14:15:34 +0800
1150812,2026-08-12,上櫃,6248,沛波,17.95,0.00,18.00,18.15,17.95,107000,1929050,63,TPEX_CSV,2026-08-12 14:15:34 +0800
1150812,2026-08-12,上櫃,6259,百徽,31.05,+0.30,30.80,31.95,30.60,663000,20705100,449,TPEX_CSV,2026-08-12 14:15:34 +0800
1150812,2026-08-12,上櫃,6261,久元,79.20,+0.40,78.90,80.00,78.50,330000,26180900,258,TPEX_CSV,2026-08-12 14:15:34 +0800
1150812,2026-08-12,上櫃,6263,普萊德,162.50,+3.00,159.50,163.50,159.50,146000,23688000,124,TPEX_CSV,2026-08-12 14:15:34 +0800
1150812,2026-08-12,上櫃,6264,富裔,6.05,0.00,6.05,6.05,6.00,6000,36200,5,TPEX_CSV,2026-08-12 14:15:34 +0800
1150812,2026-08-12,上櫃,6265,方土昶,56.80,+0.70,56.70,59.00,56.60,7480000,431876300,4366,TPEX_CSV,2026-08-12 14:15:34 +0800
1150812,2026-08-12,上櫃,6266,泰詠,25.15,+0.15,25.00,25.15,24.90,100000,2505350,81,TPEX_CSV,2026-08-12 14:15:34 +0800
1150812,2026-08-12,上櫃,6270,倍微,31.05,+1.05,30.00,31.55,30.00,451000,14002900,315,TPEX_CSV,2026-08-12 14:15:34 +0800
1150812,2026-08-12,上櫃,6274,台燿,1600.00,-5.00,1580.00,1645.00,1580.00,2268000,3657390000,1994,TPEX_CSV,2026-08-12 14:15:34 +0800
1150812,2026-08-12,上櫃,6275,元山,44.60,+0.80,44.25,45.50,43.80,523000,23408250,365,TPEX_CSV,2026-08-12 14:15:34 +0800
1150812,2026-08-12,上櫃,6276,安鈦克,19.40,-0.05,19.00,19.55,18.85,59000,1125000,46,TPEX_CSV,2026-08-12 14:15:34 +0800
1150812,2026-08-12,上櫃,6279,胡連,130.50,0.00,131.00,131.00,129.00,953000,123949500,685,TPEX_CSV,2026-08-12 14:15:34 +0800
1150812,2026-08-12,上櫃,6284,佳邦,79.30,+1.30,78.70,80.60,78.50,959000,76283000,699,TPEX_CSV,2026-08-12 14:15:34 +0800
1150812,2026-08-12,上櫃,6290,良維,218.50,-1.50,221.00,225.50,218.50,1682000,372319500,1226,TPEX_CSV,2026-08-12 14:15:34 +0800
1150812,2026-08-12,上櫃,6291,沛亨,402.50,+36.50,366.50,402.50,366.50,790000,308626500,669,TPEX_CSV,2026-08-12 14:15:34 +0800
1150812,2026-08-12,上櫃,6292,迅德,66.30,+0.60,66.80,69.00,64.60,2363000,158205000,1718,TPEX_CSV,2026-08-12 14:15:34 +0800
1150812,2026-08-12,上櫃,6294,智基,27.40,+0.40,27.00,27.40,27.00,17000,461000,15,TPEX_CSV,2026-08-12 14:15:34 +0800
1150812,2026-08-12,上櫃,6411,晶焱,78.90,+0.80,78.30,79.60,78.30,306000,24171700,248,TPEX_CSV,2026-08-12 14:15:34 +0800
1150812,2026-08-12,上櫃,6417,韋僑,112.00,+1.00,111.50,112.00,110.50,42000,4681000,42,TPEX_CSV,2026-08-12 14:15:34 +0800
1150812,2026-08-12,上櫃,6418,詠昇,32.60,-0.10,33.10,33.10,32.25,22000,717800,22,TPEX_CSV,2026-08-12 14:15:34 +0800
1150812,2026-08-12,上櫃,6419,京晨科,153.00,+1.50,151.50,157.00,151.00,405000,62578500,334,TPEX_CSV,2026-08-12 14:15:34 +0800
1150812,2026-08-12,上櫃,6423,億而得,81.10,+0.70,79.10,82.00,79.00,48000,3903500,42,TPEX_CSV,2026-08-12 14:15:34 +0800
1150812,2026-08-12,上櫃,6425,易發,58.00,+0.10,58.00,59.30,57.90,248000,14493100,185,TPEX_CSV,2026-08-12 14:15:34 +0800
1150812,2026-08-12,上櫃,6432,今展科,74.00,-0.10,74.10,76.20,73.50,1415000,105516900,1046,TPEX_CSV,2026-08-12 14:15:34 +0800
1150812,2026-08-12,上櫃,6435,大中,261.50,+2.00,261.50,265.50,259.00,521000,136692500,434,TPEX_CSV,2026-08-12 14:15:34 +0800
1150812,2026-08-12,上櫃,6441,廣錠,22.60,-0.40,22.90,23.75,22.60,114000,2610600,96,TPEX_CSV,2026-08-12 14:15:34 +0800
1150812,2026-08-12,上櫃,6461,益得,15.85,-0.05,15.90,16.05,15.80,101000,1604450,42,TPEX_CSV,2026-08-12 14:15:34 +0800
1150812,2026-08-12,上櫃,6462,神盾,101.50,-1.00,103.00,105.00,101.50,576000,59150000,391,TPEX_CSV,2026-08-12 14:15:34 +0800
1150812,2026-08-12,上櫃,6465,威潤,47.50,+0.75,46.85,48.55,46.85,142000,6782550,109,TPEX_CSV,2026-08-12 14:15:34 +0800
1150812,2026-08-12,上櫃,6469,大樹,70.70,-0.20,71.40,71.50,70.20,385000,27154700,293,TPEX_CSV,2026-08-12 14:15:34 +0800
1150812,2026-08-12,上櫃,6470,宇智,42.15,-0.15,42.20,42.30,42.05,27000,1139050,25,TPEX_CSV,2026-08-12 14:15:34 +0800
1150812,2026-08-12,上櫃,6474,華豫寧,39.10,0.00,39.15,39.30,38.90,43000,1680550,33,TPEX_CSV,2026-08-12 14:15:34 +0800
1150812,2026-08-12,上櫃,6482,弘煜科,27.30,-0.20,27.50,27.50,27.30,8000,219500,6,TPEX_CSV,2026-08-12 14:15:34 +0800
1150812,2026-08-12,上櫃,6485,點序,66.60,+0.60,65.60,67.20,65.50,265000,17553900,176,TPEX_CSV,2026-08-12 14:15:34 +0800
1150812,2026-08-12,上櫃,6486,互動,74.50,-0.50,74.90,74.90,73.70,76000,5633700,62,TPEX_CSV,2026-08-12 14:15:34 +0800
1150812,2026-08-12,上櫃,6488,環球晶,933.00,+84.00,844.00,933.00,844.00,10564000,9572554000,8398,TPEX_CSV,2026-08-12 14:15:34 +0800
1150812,2026-08-12,上櫃,6492,生華科,37.85,-0.05,37.95,38.10,37.10,423000,15939250,258,TPEX_CSV,2026-08-12 14:15:34 +0800
1150812,2026-08-12,上櫃,6494,九齊,55.30,+0.40,55.50,55.70,54.70,138000,7602700,76,TPEX_CSV,2026-08-12 14:15:34 +0800
1150812,2026-08-12,上櫃,6496,科懋,24.20,-0.75,24.15,24.50,23.90,29000,697750,26,TPEX_CSV,2026-08-12 14:15:34 +0800
1150812,2026-08-12,上櫃,6498,久禾光,75.20,+1.70,73.30,75.20,73.00,118000,8741300,88,TPEX_CSV,2026-08-12 14:15:34 +0800
1150812,2026-08-12,上櫃,6499,益安,63.30,+1.30,61.90,63.40,61.50,161000,10082100,127,TPEX_CSV,2026-08-12 14:15:34 +0800
1150812,2026-08-12,上櫃,6506,雙邦,17.30,+0.15,17.25,17.35,17.25,65000,1124850,35,TPEX_CSV,2026-08-12 14:15:34 +0800
1150812,2026-08-12,上櫃,6508,惠光,26.35,+0.10,26.25,26.80,26.00,28000,738400,25,TPEX_CSV,2026-08-12 14:15:34 +0800
1150812,2026-08-12,上櫃,6509,聚和,48.50,+0.80,47.50,48.60,47.50,854000,41245700,571,TPEX_CSV,2026-08-12 14:15:34 +0800
1150812,2026-08-12,上櫃,6510,精測,2825.00,+25.00,2855.00,2950.00,2815.00,603000,1732315000,596,TPEX_CSV,2026-08-12 14:15:34 +0800
1150812,2026-08-12,上櫃,6512,啟發電,20.30,+0.40,20.40,20.40,20.20,10000,203000,9,TPEX_CSV,2026-08-12 14:15:34 +0800
1150812,2026-08-12,上櫃,6516,勤崴國際,60.80,+0.20,60.70,61.50,60.20,52000,3172500,33,TPEX_CSV,2026-08-12 14:15:34 +0800
1150812,2026-08-12,上櫃,6517,保勝光學,63.00,+1.10,62.20,64.00,62.00,344000,21720000,280,TPEX_CSV,2026-08-12 14:15:34 +0800
1150812,2026-08-12,上櫃,6523,達爾膚,90.00,-0.40,90.00,90.00,89.80,16000,1439100,14,TPEX_CSV,2026-08-12 14:15:34 +0800
1150812,2026-08-12,上櫃,6527,明達醫,73.20,-1.50,74.10,74.10,73.20,31000,2285800,29,TPEX_CSV,2026-08-12 14:15:34 +0800
1150812,2026-08-12,上櫃,6530,創威,87.50,+7.20,80.40,88.10,80.40,2273000,193623300,1757,TPEX_CSV,2026-08-12 14:15:34 +0800
1150812,2026-08-12,上櫃,6532,瑞耘,86.40,+1.40,84.60,86.50,84.60,309000,26551100,261,TPEX_CSV,2026-08-12 14:15:34 +0800
1150812,2026-08-12,上櫃,6535,順藥,88.10,-4.00,90.20,90.60,88.00,213000,18919100,200,TPEX_CSV,2026-08-12 14:15:34 +0800
1150812,2026-08-12,上櫃,6538,倉和,161.50,+14.50,148.50,161.50,147.00,2687000,427006000,1472,TPEX_CSV,2026-08-12 14:15:34 +0800
1150812,2026-08-12,上櫃,6542,隆中,46.40,+0.50,46.40,46.40,46.40,1000,46400,1,TPEX_CSV,2026-08-12 14:15:34 +0800
1150812,2026-08-12,上櫃,6546,正基,68.00,+6.10,62.50,68.00,62.00,1050000,69572100,751,TPEX_CSV,2026-08-12 14:15:34 +0800
1150812,2026-08-12,上櫃,6547,高端疫苗,50.60,-1.40,51.80,52.60,50.40,2476000,126627500,1512,TPEX_CSV,2026-08-12 14:15:34 +0800
1150812,2026-08-12,上櫃,6548,長科*,75.30,+0.70,74.70,76.30,74.70,1694000,128012900,1134,TPEX_CSV,2026-08-12 14:15:34 +0800
1150812,2026-08-12,上櫃,6556,勝品,62.10,+1.90,62.70,64.00,56.00,163000,9526200,117,TPEX_CSV,2026-08-12 14:15:34 +0800
1150812,2026-08-12,上櫃,6560,欣普羅,32.45,-0.05,32.50,32.50,32.10,30000,968950,20,TPEX_CSV,2026-08-12 14:15:34 +0800
1150812,2026-08-12,上櫃,6561,是方,329.00,+4.50,326.00,329.00,323.50,22000,7161500,22,TPEX_CSV,2026-08-12 14:15:34 +0800
1150812,2026-08-12,上櫃,6568,宏觀,140.00,+0.50,141.50,143.00,139.50,79000,11085500,72,TPEX_CSV,2026-08-12 14:15:34 +0800
1150812,2026-08-12,上櫃,6569,醫揚,95.20,+0.20,95.90,96.30,94.80,43000,4094900,30,TPEX_CSV,2026-08-12 14:15:34 +0800
1150812,2026-08-12,上櫃,6570,維田,57.30,+0.30,57.20,57.60,56.40,200000,11420300,112,TPEX_CSV,2026-08-12 14:15:34 +0800
1150812,2026-08-12,上櫃,6574,霈方,132.00,-7.00,131.00,132.50,125.50,351000,44766500,284,TPEX_CSV,2026-08-12 14:15:34 +0800
1150812,2026-08-12,上櫃,6576,逸達,79.50,0.00,79.30,80.20,79.20,65000,5179600,48,TPEX_CSV,2026-08-12 14:15:34 +0800
1150812,2026-08-12,上櫃,6577,勁豐,80.40,+0.10,80.50,81.50,80.10,69000,5570800,58,TPEX_CSV,2026-08-12 14:15:34 +0800
1150812,2026-08-12,上櫃,6578,達邦蛋白,18.30,-0.05,18.70,18.70,18.20,23000,423000,19,TPEX_CSV,2026-08-12 14:15:34 +0800
1150812,2026-08-12,上櫃,6584,南俊國際,543.00,+5.00,553.00,566.00,539.00,884000,487313000,814,TPEX_CSV,2026-08-12 14:15:34 +0800
1150812,2026-08-12,上櫃,6588,東典光電,97.10,+8.80,87.80,97.10,87.80,1849000,175203400,1325,TPEX_CSV,2026-08-12 14:15:34 +0800
1150812,2026-08-12,上櫃,6590,普鴻,66.00,+1.80,63.80,66.00,63.60,7000,448300,7,TPEX_CSV,2026-08-12 14:15:34 +0800
1150812,2026-08-12,上櫃,6593,台灣銘板,32.50,+0.05,32.50,32.65,32.40,18000,584300,15,TPEX_CSV,2026-08-12 14:15:34 +0800
1150812,2026-08-12,上櫃,6596,寬宏藝術,93.70,+6.40,93.00,94.70,92.00,499000,46651100,395,TPEX_CSV,2026-08-12 14:15:34 +0800
1150812,2026-08-12,上櫃,6597,立誠,----,---,----,----,----,0,0,0,TPEX_CSV,2026-08-12 14:15:34 +0800
1150812,2026-08-12,上櫃,6603,富強鑫,27.70,+0.80,27.30,29.40,27.30,6382000,179620250,2948,TPEX_CSV,2026-08-12 14:15:34 +0800
1150812,2026-08-12,上櫃,6609,瀧澤科,39.60,+0.65,38.75,40.15,38.75,206000,8152800,157,TPEX_CSV,2026-08-12 14:15:34 +0800
1150812,2026-08-12,上櫃,6612,奈米醫材,73.90,-0.20,74.50,74.90,73.30,24000,1776200,23,TPEX_CSV,2026-08-12 14:15:34 +0800
1150812,2026-08-12,上櫃,6613,朋億*,266.50,+6.00,264.00,269.50,263.50,291000,77692000,269,TPEX_CSV,2026-08-12 14:15:34 +0800
1150812,2026-08-12,上櫃,6615,慧智,34.35,-0.25,34.30,34.35,34.05,5000,171100,5,TPEX_CSV,2026-08-12 14:15:34 +0800
1150812,2026-08-12,上櫃,6616,特昇-KY,8.71,-0.05,8.68,8.79,8.65,17000,147770,12,TPEX_CSV,2026-08-12 14:15:34 +0800
1150812,2026-08-12,上櫃,6617,共信-KY,102.00,-0.50,102.00,104.00,98.90,737000,74666200,588,TPEX_CSV,2026-08-12 14:15:34 +0800
1150812,2026-08-12,上櫃,6620,漢達,79.50,+2.80,76.70,79.70,76.70,287000,22465000,233,TPEX_CSV,2026-08-12 14:15:34 +0800
1150812,2026-08-12,上櫃,6624,萬年清,40.10,-3.45,43.55,45.05,40.10,10000,413300,10,TPEX_CSV,2026-08-12 14:15:34 +0800
1150812,2026-08-12,上櫃,6629,泰金-KY,114.00,-0.50,112.00,115.00,112.00,38000,4312500,18,TPEX_CSV,2026-08-12 14:15:34 +0800
1150812,2026-08-12,上櫃,6637,醫影,61.20,+0.10,61.10,61.20,60.90,50000,3050300,32,TPEX_CSV,2026-08-12 14:15:34 +0800
1150812,2026-08-12,上櫃,6640,均華,1000.00,+55.00,938.00,1025.00,938.00,314000,308518000,281,TPEX_CSV,2026-08-12 14:15:34 +0800
1150812,2026-08-12,上櫃,6642,富致,86.00,0.00,85.20,87.50,84.30,705000,60593400,525,TPEX_CSV,2026-08-12 14:15:34 +0800
1150812,2026-08-12,上櫃,6643,M31,456.50,+6.50,451.50,461.00,450.00,352000,160302000,315,TPEX_CSV,2026-08-12 14:15:34 +0800
1150812,2026-08-12,上櫃,6649,台生材,35.30,-0.25,35.95,35.95,35.15,19000,673900,16,TPEX_CSV,2026-08-12 14:15:34 +0800
1150812,2026-08-12,上櫃,6651,全宇昕,138.00,+0.50,137.50,140.00,136.50,183000,25365000,142,TPEX_CSV,2026-08-12 14:15:34 +0800
1150812,2026-08-12,上櫃,6654,天正國際,181.00,+10.50,172.00,183.00,172.00,49000,8773000,40,TPEX_CSV,2026-08-12 14:15:34 +0800
1150812,2026-08-12,上櫃,6661,威健生技,----,---,----,----,----,0,0,0,TPEX_CSV,2026-08-12 14:15:34 +0800
1150812,2026-08-12,上櫃,6662,樂斯科,28.80,0.00,28.80,28.80,28.80,5000,144000,1,TPEX_CSV,2026-08-12 14:15:34 +0800
1150812,2026-08-12,上櫃,6664,群翊,366.50,+14.50,355.00,371.00,355.00,335000,122052500,263,TPEX_CSV,2026-08-12 14:15:34 +0800
1150812,2026-08-12,上櫃,6667,信紘科,229.50,+4.00,225.50,230.00,225.00,121000,27543500,102,TPEX_CSV,2026-08-12 14:15:34 +0800
1150812,2026-08-12,上櫃,6679,鈺太,212.00,+1.00,210.00,214.00,209.00,119000,25207000,108,TPEX_CSV,2026-08-12 14:15:34 +0800
1150812,2026-08-12,上櫃,6680,鑫創電子,51.20,-0.70,52.60,52.60,51.20,2000,103800,2,TPEX_CSV,2026-08-12 14:15:34 +0800
1150812,2026-08-12,上櫃,6683,雍智科技,1270.00,+25.00,1255.00,1290.00,1240.00,356000,450235000,327,TPEX_CSV,2026-08-12 14:15:34 +0800
1150812,2026-08-12,上櫃,6684,安格,50.00,0.00,49.55,51.00,49.50,82000,4108400,63,TPEX_CSV,2026-08-12 14:15:34 +0800
1150812,2026-08-12,上櫃,6690,安碁資訊,163.00,-1.00,164.00,164.50,162.00,46000,7507500,40,TPEX_CSV,2026-08-12 14:15:34 +0800
1150812,2026-08-12,上櫃,6692,進能服,23.60,0.00,23.05,24.00,22.85,17000,401100,15,TPEX_CSV,2026-08-12 14:15:34 +0800
1150812,2026-08-12,上櫃,6693,廣閎科,184.50,+11.00,177.00,190.00,176.50,996000,182442000,772,TPEX_CSV,2026-08-12 14:15:34 +0800
1150812,2026-08-12,上櫃,6697,東捷資訊,41.30,+0.20,41.80,41.80,41.15,42000,1741650,34,TPEX_CSV,2026-08-12 14:15:34 +0800
1150812,2026-08-12,上櫃,6703,軒郁,104.50,-3.00,104.00,104.50,101.00,232000,23954000,181,TPEX_CSV,2026-08-12 14:15:34 +0800
1150812,2026-08-12,上櫃,6708,天擎,38.00,-0.90,37.80,38.05,37.60,15000,567950,13,TPEX_CSV,2026-08-12 14:15:34 +0800
1150812,2026-08-12,上櫃,6712,長聖,150.00,-1.00,151.00,152.00,150.00,197000,29629000,161,TPEX_CSV,2026-08-12 14:15:34 +0800
1150812,2026-08-12,上櫃,6716,應廣,109.00,+4.50,105.00,111.00,104.50,859000,92901000,678,TPEX_CSV,2026-08-12 14:15:34 +0800
1150812,2026-08-12,上櫃,6720,久昌,138.50,-2.00,142.00,142.00,138.50,14000,1957500,13,TPEX_CSV,2026-08-12 14:15:34 +0800
1150812,2026-08-12,上櫃,6721,信實,51.60,-0.30,51.80,51.80,51.40,19000,980700,15,TPEX_CSV,2026-08-12 14:15:34 +0800
1150812,2026-08-12,上櫃,6725,矽科宏晟,246.50,+3.50,241.00,249.50,241.00,55000,13571000,50,TPEX_CSV,2026-08-12 14:15:34 +0800
1150812,2026-08-12,上櫃,6727,亞泰金屬,395.00,+4.50,388.00,408.00,388.00,658000,261992500,522,TPEX_CSV,2026-08-12 14:15:34 +0800
1150812,2026-08-12,上櫃,6728,上洋,105.50,0.00,105.50,106.00,105.50,23000,2434000,17,TPEX_CSV,2026-08-12 14:15:34 +0800
1150812,2026-08-12,上櫃,6730,常廣,34.00,-0.55,34.35,34.35,33.80,13000,442150,12,TPEX_CSV,2026-08-12 14:15:34 +0800
1150812,2026-08-12,上櫃,6732,昇佳電子,156.50,+2.00,157.00,158.00,155.00,110000,17254000,96,TPEX_CSV,2026-08-12 14:15:34 +0800
1150812,2026-08-12,上櫃,6733,博晟生醫,25.40,-0.30,25.35,25.65,25.05,121000,3067350,89,TPEX_CSV,2026-08-12 14:15:34 +0800
1150812,2026-08-12,上櫃,6735,美達科技,65.50,+1.00,65.10,66.50,65.10,140000,9220700,124,TPEX_CSV,2026-08-12 14:15:34 +0800
1150812,2026-08-12,上櫃,6739,竹陞科技,1030.00,+25.00,1025.00,1070.00,1010.00,149000,154570000,144,TPEX_CSV,2026-08-12 14:15:34 +0800
1150812,2026-08-12,上櫃,6741,91APP*-KY,55.80,+0.30,55.70,56.10,55.20,244000,13537900,167,TPEX_CSV,2026-08-12 14:15:34 +0800
1150812,2026-08-12,上櫃,6751,智聯服務,42.20,+0.85,42.20,42.20,42.20,1000,42200,1,TPEX_CSV,2026-08-12 14:15:34 +0800
1150812,2026-08-12,上櫃,6752,叡揚,100.50,-1.00,102.50,102.50,100.00,12000,1206000,12,TPEX_CSV,2026-08-12 14:15:34 +0800
1150812,2026-08-12,上櫃,6761,穩得,178.50,+4.50,174.00,178.50,172.00,1084000,191343000,660,TPEX_CSV,2026-08-12 14:15:34 +0800
1150812,2026-08-12,上櫃,6762,達亞,----,---,----,----,----,0,0,0,TPEX_CSV,2026-08-12 14:15:34 +0800
1150812,2026-08-12,上櫃,6763,綠界科技*,43.25,+0.25,43.10,43.50,43.00,140000,6045400,96,TPEX_CSV,2026-08-12 14:15:34 +0800
1150812,2026-08-12,上櫃,6767,台微醫,----,---,----,----,----,0,0,0,TPEX_CSV,2026-08-12 14:15:34 +0800
1150812,2026-08-12,上櫃,6785,昱展新藥,100.00,+1.20,99.00,100.00,98.00,38000,3761400,36,TPEX_CSV,2026-08-12 14:15:34 +0800
1150812,2026-08-12,上櫃,6788,華景電,363.50,+8.00,359.00,371.50,359.00,279000,102042000,250,TPEX_CSV,2026-08-12 14:15:34 +0800
1150812,2026-08-12,上櫃,6791,虎門科技,101.00,0.00,101.00,101.00,100.00,28000,2818500,25,TPEX_CSV,2026-08-12 14:15:34 +0800
1150812,2026-08-12,上櫃,6803,崑鼎,268.50,-0.50,270.50,270.50,268.00,88000,23667500,79,TPEX_CSV,2026-08-12 14:15:34 +0800
1150812,2026-08-12,上櫃,6804,明係,19.55,-0.80,20.35,20.40,19.00,323000,6431650,162,TPEX_CSV,2026-08-12 14:15:34 +0800
1150812,2026-08-12,上櫃,6811,宏碁資訊,227.50,-3.00,230.50,231.00,227.00,101000,23072500,90,TPEX_CSV,2026-08-12 14:15:34 +0800
1150812,2026-08-12,上櫃,6821,聯寶,42.75,+1.60,42.40,44.80,42.40,183000,7896100,153,TPEX_CSV,2026-08-12 14:15:34 +0800
1150812,2026-08-12,上櫃,6823,濾能,62.80,-0.50,62.40,64.10,62.00,64000,4022200,56,TPEX_CSV,2026-08-12 14:15:34 +0800
1150812,2026-08-12,上櫃,6829,千附精密,211.00,+5.00,205.00,214.00,204.00,825000,172641000,666,TPEX_CSV,2026-08-12 14:15:34 +0800
1150812,2026-08-12,上櫃,6840,東研信超,68.80,+0.80,68.60,70.80,67.30,146000,10091900,102,TPEX_CSV,2026-08-12 14:15:34 +0800
1150812,2026-08-12,上櫃,6841,長佳智能,54.20,-1.40,54.70,54.70,53.70,390000,21098600,275,TPEX_CSV,2026-08-12 14:15:34 +0800
1150812,2026-08-12,上櫃,6843,進典,----,---,----,----,----,0,0,0,TPEX_CSV,2026-08-12 14:15:34 +0800
1150812,2026-08-12,上櫃,6844,諾貝兒,61.40,+0.70,60.90,61.50,60.60,23000,1407700,23,TPEX_CSV,2026-08-12 14:15:34 +0800
1150812,2026-08-12,上櫃,6846,綠茵,58.00,-1.60,59.10,59.60,58.00,25000,1465400,23,TPEX_CSV,2026-08-12 14:15:34 +0800
1150812,2026-08-12,上櫃,6855,數泓科,118.00,+1.00,115.50,120.00,115.50,39000,4605500,26,TPEX_CSV,2026-08-12 14:15:34 +0800
1150812,2026-08-12,上櫃,6856,鑫傳,44.80,0.00,44.80,44.80,44.80,1000,44800,1,TPEX_CSV,2026-08-12 14:15:34 +0800
1150812,2026-08-12,上櫃,6859,伯特光,101.50,+2.30,99.20,106.50,99.20,84000,8669300,77,TPEX_CSV,2026-08-12 14:15:34 +0800
1150812,2026-08-12,上櫃,6865,偉康科技,25.25,0.00,25.60,25.60,25.25,6000,152750,5,TPEX_CSV,2026-08-12 14:15:34 +0800
1150812,2026-08-12,上櫃,6870,騰雲,257.00,0.00,265.00,265.00,253.00,38000,9742500,37,TPEX_CSV,2026-08-12 14:15:34 +0800
1150812,2026-08-12,上櫃,6872,浩宇生醫,15.75,-0.05,15.60,15.75,15.45,16000,248500,10,TPEX_CSV,2026-08-12 14:15:34 +0800
1150812,2026-08-12,上櫃,6874,倍力,78.90,+0.70,77.90,78.90,77.80,21000,1639200,19,TPEX_CSV,2026-08-12 14:15:34 +0800
1150812,2026-08-12,上櫃,6875,國邑*,32.15,-0.30,32.70,32.70,31.75,52000,1681850,39,TPEX_CSV,2026-08-12 14:15:34 +0800
1150812,2026-08-12,上櫃,6877,鏵友益,127.50,0.00,127.00,129.00,125.50,51000,6484500,43,TPEX_CSV,2026-08-12 14:15:34 +0800
1150812,2026-08-12,上櫃,6881,潤德,----,---,----,----,----,0,0,0,TPEX_CSV,2026-08-12 14:15:34 +0800
1150812,2026-08-12,上櫃,6884,海柏特,31.10,-0.70,31.10,31.10,31.10,3000,93300,2,TPEX_CSV,2026-08-12 14:15:34 +0800
1150812,2026-08-12,上櫃,6894,衛司特,338.50,-6.50,341.00,349.00,338.00,61000,20793000,59,TPEX_CSV,2026-08-12 14:15:34 +0800
1150812,2026-08-12,上櫃,6895,宏碩系統,117.50,-0.50,118.00,120.00,117.50,20000,2365500,20,TPEX_CSV,2026-08-12 14:15:34 +0800
1150812,2026-08-12,上櫃,6899,創為精密,50.80,-0.20,50.30,51.00,50.30,18000,915000,16,TPEX_CSV,2026-08-12 14:15:34 +0800
1150812,2026-08-12,上櫃,6903,巨漢,324.00,+8.00,318.50,328.00,318.50,356000,115348000,302,TPEX_CSV,2026-08-12 14:15:34 +0800
1150812,2026-08-12,上櫃,6904,伯鑫,----,---,----,----,----,0,0,0,TPEX_CSV,2026-08-12 14:15:34 +0800
1150812,2026-08-12,上櫃,6907,雅特力-KY,170.50,-16.50,182.50,182.50,169.50,3601000,627179000,2598,TPEX_CSV,2026-08-12 14:15:34 +0800
1150812,2026-08-12,上櫃,6910,德鴻,25.15,+0.05,25.10,25.30,25.10,20000,503200,11,TPEX_CSV,2026-08-12 14:15:34 +0800
1150812,2026-08-12,上櫃,6913,鴻呈,150.00,+3.00,150.50,151.50,145.50,1028000,153139500,782,TPEX_CSV,2026-08-12 14:15:34 +0800
1150812,2026-08-12,上櫃,6922,宸曜,204.00,-9.00,213.00,213.00,203.00,407000,84314000,355,TPEX_CSV,2026-08-12 14:15:34 +0800
1150812,2026-08-12,上櫃,6925,意藍,53.80,-0.60,54.40,54.50,53.60,29000,1567900,25,TPEX_CSV,2026-08-12 14:15:34 +0800
1150812,2026-08-12,上櫃,6929,佑全,22.75,-0.35,22.30,23.45,22.10,18000,402500,13,TPEX_CSV,2026-08-12 14:15:34 +0800
1150812,2026-08-12,上櫃,6945,圓祥生技,103.50,-11.00,114.00,114.00,103.50,738000,77429000,515,TPEX_CSV,2026-08-12 14:15:34 +0800
1150812,2026-08-12,上櫃,6953,家碩,220.00,-0.50,219.00,222.00,219.00,20000,4399000,16,TPEX_CSV,2026-08-12 14:15:34 +0800
1150812,2026-08-12,上櫃,6961,旅天下,51.70,+0.10,51.70,51.70,51.70,4000,206800,4,TPEX_CSV,2026-08-12 14:15:34 +0800
1150812,2026-08-12,上櫃,6967,汎瑋材料,70.60,+1.90,68.00,71.50,68.00,34000,2383100,28,TPEX_CSV,2026-08-12 14:15:34 +0800
1150812,2026-08-12,上櫃,6968,萬達寵物,43.90,-0.25,44.00,44.00,43.70,66000,2891850,42,TPEX_CSV,2026-08-12 14:15:34 +0800
1150812,2026-08-12,上櫃,6971,惠民實業,25.45,-0.15,25.20,25.60,25.20,15000,380450,13,TPEX_CSV,2026-08-12 14:15:34 +0800
1150812,2026-08-12,上櫃,6982,大井泵浦,49.00,-0.10,48.80,49.10,47.50,21000,1019100,17,TPEX_CSV,2026-08-12 14:15:34 +0800
1150812,2026-08-12,上櫃,6983,華洋精機,297.00,-2.00,300.00,303.00,297.00,12000,3604000,12,TPEX_CSV,2026-08-12 14:15:34 +0800
1150812,2026-08-12,上櫃,6986,和迅,44.00,-0.35,44.35,44.35,42.60,51000,2203000,44,TPEX_CSV,2026-08-12 14:15:34 +0800
1150812,2026-08-12,上櫃,6996,力領科技,178.00,+1.50,177.50,179.00,175.50,53000,9371000,51,TPEX_CSV,2026-08-12 14:15:34 +0800
1150812,2026-08-12,上櫃,6997,博弘,----,---,----,----,----,0,0,0,TPEX_CSV,2026-08-12 14:15:34 +0800
1150812,2026-08-12,上櫃,7402,邑錡,104.00,-2.50,107.00,107.00,103.00,445000,46370000,360,TPEX_CSV,2026-08-12 14:15:34 +0800
1150812,2026-08-12,上櫃,7547,碩網,54.40,0.00,54.50,54.60,54.40,9000,490500,6,TPEX_CSV,2026-08-12 14:15:34 +0800
1150812,2026-08-12,上櫃,7556,意德士,235.00,+12.00,233.00,241.00,229.50,57000,13393000,57,TPEX_CSV,2026-08-12 14:15:34 +0800
1150812,2026-08-12,上櫃,7584,樂意,26.10,-0.15,27.00,27.00,26.10,2000,53100,2,TPEX_CSV,2026-08-12 14:15:34 +0800
1150812,2026-08-12,上櫃,7642,昶瑞機電,79.00,-0.20,78.00,79.50,77.00,16000,1250500,16,TPEX_CSV,2026-08-12 14:15:34 +0800
1150812,2026-08-12,上櫃,7703,銳澤,180.00,+0.50,180.50,184.50,178.00,177000,31959500,116,TPEX_CSV,2026-08-12 14:15:34 +0800
1150812,2026-08-12,上櫃,7704,明遠精密,63.90,-0.20,62.30,63.90,61.90,47000,2940900,42,TPEX_CSV,2026-08-12 14:15:34 +0800
1150812,2026-08-12,上櫃,7708,全家餐飲,92.70,-0.20,93.00,93.00,92.60,27000,2504700,27,TPEX_CSV,2026-08-12 14:15:34 +0800
1150812,2026-08-12,上櫃,7709,榮田,72.60,0.00,72.60,73.00,71.80,22000,1590400,22,TPEX_CSV,2026-08-12 14:15:34 +0800
1150812,2026-08-12,上櫃,7712,博盛半導體,151.00,+5.50,146.50,152.00,146.00,347000,51677000,264,TPEX_CSV,2026-08-12 14:15:34 +0800
1150812,2026-08-12,上櫃,7713,威力德生醫,70.80,+0.20,70.60,71.00,70.60,6000,424600,6,TPEX_CSV,2026-08-12 14:15:34 +0800
1150812,2026-08-12,上櫃,7714,創泓科技,151.00,-2.50,152.00,153.50,151.00,111000,16854500,95,TPEX_CSV,2026-08-12 14:15:34 +0800
1150812,2026-08-12,上櫃,7715,裕山,33.30,-0.50,33.80,34.00,32.80,127000,4242700,77,TPEX_CSV,2026-08-12 14:15:34 +0800
1150812,2026-08-12,上櫃,7716,昱臺國際,23.90,0.00,23.90,23.90,23.90,1000,23900,1,TPEX_CSV,2026-08-12 14:15:34 +0800
1150812,2026-08-12,上櫃,7717,萊德光電-KY,436.50,+25.50,412.50,440.00,412.50,123000,53024000,114,TPEX_CSV,2026-08-12 14:15:34 +0800
1150812,2026-08-12,上櫃,7718,友鋮,47.95,+0.60,47.45,47.95,47.45,9000,430300,9,TPEX_CSV,2026-08-12 14:15:34 +0800
1150812,2026-08-12,上櫃,7723,築間,20.55,-0.05,20.60,21.20,20.45,138000,2856550,98,TPEX_CSV,2026-08-12 14:15:34 +0800
1150812,2026-08-12,上櫃,7728,光焱科技,600.00,+2.00,618.00,618.00,600.00,7000,4226000,4,TPEX_CSV,2026-08-12 14:15:34 +0800
1150812,2026-08-12,上櫃,7734,印能科技,3350.00,+120.00,3200.00,3385.00,3095.00,291000,941720000,267,TPEX_CSV,2026-08-12 14:15:34 +0800
1150812,2026-08-12,上櫃,7738,東聯互動,172.00,+3.00,168.50,172.00,168.50,32000,5463000,22,TPEX_CSV,2026-08-12 14:15:34 +0800
1150812,2026-08-12,上櫃,7743,金利食安,21.00,-0.10,21.30,21.30,21.00,5000,106100,5,TPEX_CSV,2026-08-12 14:15:34 +0800
1150812,2026-08-12,上櫃,7744,崴寶,457.50,+4.50,457.00,464.50,450.00,62000,28255000,55,TPEX_CSV,2026-08-12 14:15:34 +0800
1150812,2026-08-12,上櫃,7747,昕奇雲端,----,---,----,----,----,0,0,0,TPEX_CSV,2026-08-12 14:15:34 +0800
1150812,2026-08-12,上櫃,7751,竑騰,1315.00,+60.00,1230.00,1320.00,1225.00,341000,436560000,309,TPEX_CSV,2026-08-12 14:15:34 +0800
1150812,2026-08-12,上櫃,7753,星亞,37.95,+0.15,38.10,38.10,37.95,17000,646100,12,TPEX_CSV,2026-08-12 14:15:34 +0800
1150812,2026-08-12,上櫃,7757,金色三麥,91.30,+0.30,91.50,91.60,91.30,5000,457400,5,TPEX_CSV,2026-08-12 14:15:34 +0800
1150812,2026-08-12,上櫃,7767,仁大資訊,49.15,+0.40,48.80,49.85,47.80,70000,3395550,58,TPEX_CSV,2026-08-12 14:15:34 +0800
1150812,2026-08-12,上櫃,7770,君曜,39.70,-0.05,39.00,39.70,39.00,2000,78700,2,TPEX_CSV,2026-08-12 14:15:34 +0800
1150812,2026-08-12,上櫃,7772,耀穎,92.30,+0.70,88.60,94.00,88.60,45000,4152000,39,TPEX_CSV,2026-08-12 14:15:34 +0800
1150812,2026-08-12,上櫃,7777,能率亞洲,40.10,+0.25,39.85,41.70,39.75,1899000,77064000,1265,TPEX_CSV,2026-08-12 14:15:34 +0800
1150812,2026-08-12,上櫃,7782,光速火箭,26.20,+0.65,25.80,27.15,25.80,8000,210350,6,TPEX_CSV,2026-08-12 14:15:34 +0800
1150812,2026-08-12,上櫃,7792,安葆,232.50,+21.00,232.50,232.50,232.50,193000,44872500,61,TPEX_CSV,2026-08-12 14:15:34 +0800
1150812,2026-08-12,上櫃,7794,宏碁智新,29.40,+0.60,28.80,29.40,28.80,9000,260100,8,TPEX_CSV,2026-08-12 14:15:34 +0800
1150812,2026-08-12,上櫃,7805,威聯通,698.00,+11.00,692.00,711.00,689.00,150000,105028000,125,TPEX_CSV,2026-08-12 14:15:34 +0800
1150812,2026-08-12,上櫃,7810,捷創科技,200.00,+4.00,197.00,201.00,197.00,29000,5764000,28,TPEX_CSV,2026-08-12 14:15:34 +0800
1150812,2026-08-12,上櫃,7811,民盛,71.20,+0.10,71.20,71.20,71.10,47000,3342300,20,TPEX_CSV,2026-08-12 14:15:34 +0800
1150812,2026-08-12,上櫃,7814,海昌生技,30.40,-0.60,31.00,31.00,30.40,29000,885300,21,TPEX_CSV,2026-08-12 14:15:34 +0800
1150812,2026-08-12,上櫃,7819,精誠金融,34.50,+0.40,34.20,34.50,34.10,8000,274000,8,TPEX_CSV,2026-08-12 14:15:34 +0800
1150812,2026-08-12,上櫃,7820,立盈,121.50,+0.50,121.00,122.00,115.00,33000,3913500,29,TPEX_CSV,2026-08-12 14:15:34 +0800
1150812,2026-08-12,上櫃,7828,創新服務,1760.00,+155.00,1625.00,1760.00,1625.00,356000,605510000,331,TPEX_CSV,2026-08-12 14:15:34 +0800
1150812,2026-08-12,上櫃,7839,達人網,45.75,0.00,44.30,45.75,44.30,32000,1457400,17,TPEX_CSV,2026-08-12 14:15:34 +0800
1150812,2026-08-12,上櫃,7842,天能綠電,90.50,-3.50,94.00,94.00,87.10,48000,4298000,45,TPEX_CSV,2026-08-12 14:15:34 +0800
1150812,2026-08-12,上櫃,8024,佑華,14.00,+0.20,13.80,14.15,13.80,77000,1074450,41,TPEX_CSV,2026-08-12 14:15:34 +0800
1150812,2026-08-12,上櫃,8027,鈦昇,192.00,+10.50,187.00,198.50,185.00,3206000,616982500,2510,TPEX_CSV,2026-08-12 14:15:34 +0800
1150812,2026-08-12,上櫃,8032,光菱,37.40,-0.70,38.00,38.00,37.15,105000,3922850,89,TPEX_CSV,2026-08-12 14:15:34 +0800
1150812,2026-08-12,上櫃,8034,榮群,18.85,-0.05,19.00,19.00,18.85,82000,1552950,43,TPEX_CSV,2026-08-12 14:15:34 +0800
1150812,2026-08-12,上櫃,8038,長園科,32.20,-0.25,32.35,32.65,31.70,198000,6343850,117,TPEX_CSV,2026-08-12 14:15:34 +0800
1150812,2026-08-12,上櫃,8040,九暘,75.10,+0.40,75.10,75.90,74.70,243000,18277400,177,TPEX_CSV,2026-08-12 14:15:34 +0800
1150812,2026-08-12,上櫃,8042,金山電,113.00,-3.50,113.50,117.00,112.00,6300000,719290000,4543,TPEX_CSV,2026-08-12 14:15:34 +0800
1150812,2026-08-12,上櫃,8043,蜜望實,147.50,0.00,147.50,152.00,142.50,19941000,2955756000,14525,TPEX_CSV,2026-08-12 14:15:34 +0800
1150812,2026-08-12,上櫃,8044,網家,26.80,-0.15,27.25,27.25,26.50,275000,7366200,152,TPEX_CSV,2026-08-12 14:15:34 +0800
1150812,2026-08-12,上櫃,8047,星雲,45.50,-0.55,45.50,45.50,45.50,1000,45500,1,TPEX_CSV,2026-08-12 14:15:34 +0800
1150812,2026-08-12,上櫃,8048,德勝,52.40,+0.50,51.90,53.00,51.90,39000,2041800,39,TPEX_CSV,2026-08-12 14:15:34 +0800
1150812,2026-08-12,上櫃,8049,晶采,26.55,-0.05,26.70,26.70,26.45,255000,6778800,151,TPEX_CSV,2026-08-12 14:15:34 +0800
1150812,2026-08-12,上櫃,8050,廣積,58.80,-2.80,60.20,60.20,58.10,7233000,426397200,4187,TPEX_CSV,2026-08-12 14:15:34 +0800
1150812,2026-08-12,上櫃,8054,安國,84.60,-0.30,85.70,87.00,84.30,797000,67845000,620,TPEX_CSV,2026-08-12 14:15:34 +0800
1150812,2026-08-12,上櫃,8059,凱碩,14.80,-0.05,14.70,15.30,14.70,214000,3184600,70,TPEX_CSV,2026-08-12 14:15:34 +0800
1150812,2026-08-12,上櫃,8064,東捷,105.50,+3.00,102.50,106.00,102.50,2096000,219606000,1540,TPEX_CSV,2026-08-12 14:15:34 +0800
1150812,2026-08-12,上櫃,8066,來思達,14.80,+0.20,14.65,14.80,14.60,24000,350900,15,TPEX_CSV,2026-08-12 14:15:34 +0800
1150812,2026-08-12,上櫃,8067,志旭,13.70,+0.35,13.80,13.85,12.90,41000,552250,26,TPEX_CSV,2026-08-12 14:15:34 +0800
1150812,2026-08-12,上櫃,8068,全達,17.95,0.00,18.15,18.40,17.90,273000,4923500,104,TPEX_CSV,2026-08-12 14:15:34 +0800
1150812,2026-08-12,上櫃,8069,元太,166.00,+1.00,165.00,167.00,160.00,8670000,1420046000,5502,TPEX_CSV,2026-08-12 14:15:34 +0800
1150812,2026-08-12,上櫃,8071,能率網通,25.55,+2.30,23.25,25.55,23.25,1454000,36551950,692,TPEX_CSV,2026-08-12 14:15:34 +0800
1150812,2026-08-12,上櫃,8074,鉅橡,57.40,+1.00,56.10,58.10,56.10,584000,33592000,430,TPEX_CSV,2026-08-12 14:15:34 +0800
1150812,2026-08-12,上櫃,8076,伍豐,23.70,0.00,23.70,23.90,23.55,402000,9530700,212,TPEX_CSV,2026-08-12 14:15:34 +0800
1150812,2026-08-12,上櫃,8077,洛碁,44.45,0.00,44.45,44.45,44.40,4000,177750,4,TPEX_CSV,2026-08-12 14:15:34 +0800
1150812,2026-08-12,上櫃,8080,泰霖,27.80,-0.25,27.55,27.80,27.55,9000,248350,6,TPEX_CSV,2026-08-12 14:15:34 +0800
1150812,2026-08-12,上櫃,8083,瑞穎,159.00,-0.50,160.00,160.00,158.50,68000,10814000,62,TPEX_CSV,2026-08-12 14:15:34 +0800
1150812,2026-08-12,上櫃,8084,巨虹,54.30,+1.50,53.80,55.90,52.20,882000,47547100,628,TPEX_CSV,2026-08-12 14:15:34 +0800
1150812,2026-08-12,上櫃,8085,福華,11.50,+0.15,11.35,11.55,11.30,116000,1323750,60,TPEX_CSV,2026-08-12 14:15:34 +0800
1150812,2026-08-12,上櫃,8086,宏捷科,119.00,+2.50,116.50,122.00,116.50,3018000,359867000,1890,TPEX_CSV,2026-08-12 14:15:34 +0800
1150812,2026-08-12,上櫃,8087,麗升能源,29.00,-0.45,28.55,29.00,28.50,4000,115050,4,TPEX_CSV,2026-08-12 14:15:34 +0800
1150812,2026-08-12,上櫃,8088,品安,49.20,0.00,49.00,50.70,48.90,1358000,67207400,955,TPEX_CSV,2026-08-12 14:15:34 +0800
1150812,2026-08-12,上櫃,8089,康全電訊,18.40,+0.10,18.60,18.70,18.30,81000,1493200,54,TPEX_CSV,2026-08-12 14:15:34 +0800
1150812,2026-08-12,上櫃,8091,翔名,233.00,-6.50,236.00,240.50,233.00,550000,129300000,472,TPEX_CSV,2026-08-12 14:15:34 +0800
1150812,2026-08-12,上櫃,8092,建暐,12.80,-0.25,13.20,13.20,12.80,76000,981900,36,TPEX_CSV,2026-08-12 14:15:34 +0800
1150812,2026-08-12,上櫃,8093,保銳,21.95,+0.10,21.70,21.95,21.65,5000,108800,5,TPEX_CSV,2026-08-12 14:15:34 +0800
1150812,2026-08-12,上櫃,8096,擎亞,125.50,+4.00,122.50,126.50,121.50,4624000,575404500,3050,TPEX_CSV,2026-08-12 14:15:34 +0800
1150812,2026-08-12,上櫃,8097,常珵,51.00,-0.10,50.90,51.10,49.80,131000,6621200,59,TPEX_CSV,2026-08-12 14:15:34 +0800
1150812,2026-08-12,上櫃,8099,大世科,58.00,+0.60,58.30,58.30,57.50,16000,928000,16,TPEX_CSV,2026-08-12 14:15:34 +0800
1150812,2026-08-12,上櫃,8102,傑霖科技,68.80,+0.10,68.00,68.90,68.00,5000,342200,5,TPEX_CSV,2026-08-12 14:15:34 +0800
1150812,2026-08-12,上櫃,8107,大億金茂,12.40,+0.30,12.45,12.60,12.15,135000,1672300,66,TPEX_CSV,2026-08-12 14:15:34 +0800
1150812,2026-08-12,上櫃,8109,博大,130.50,-2.00,133.00,133.00,130.50,153000,20074000,119,TPEX_CSV,2026-08-12 14:15:34 +0800
1150812,2026-08-12,上櫃,8111,立碁,58.80,+0.80,57.40,59.40,57.40,2424000,142149300,1639,TPEX_CSV,2026-08-12 14:15:34 +0800
1150812,2026-08-12,上櫃,8121,越峰,30.30,0.00,30.00,30.85,30.00,738000,22411150,467,TPEX_CSV,2026-08-12 14:15:34 +0800
1150812,2026-08-12,上櫃,8147,正淩,130.00,+3.00,127.00,130.00,127.00,88000,11351000,72,TPEX_CSV,2026-08-12 14:15:34 +0800
1150812,2026-08-12,上櫃,8155,博智,321.50,+5.50,310.00,329.50,310.00,903000,291481500,768,TPEX_CSV,2026-08-12 14:15:34 +0800
1150812,2026-08-12,上櫃,8171,天宇,20.30,-0.20,20.80,20.80,20.10,55000,1115550,46,TPEX_CSV,2026-08-12 14:15:34 +0800
1150812,2026-08-12,上櫃,8176,智捷,9.91,+0.03,9.85,10.15,9.85,114000,1135650,78,TPEX_CSV,2026-08-12 14:15:34 +0800
1150812,2026-08-12,上櫃,8182,加高,41.75,+2.00,39.75,42.20,39.75,1723000,71133050,1200,TPEX_CSV,2026-08-12 14:15:34 +0800
1150812,2026-08-12,上櫃,8183,精星,30.60,+0.45,30.20,30.75,30.20,274000,8381350,148,TPEX_CSV,2026-08-12 14:15:34 +0800
1150812,2026-08-12,上櫃,8227,巨有科技,159.00,+1.00,162.00,163.50,154.00,2317000,369875000,1893,TPEX_CSV,2026-08-12 14:15:34 +0800
1150812,2026-08-12,上櫃,8234,新漢,69.80,-0.90,70.90,71.50,69.00,758000,53142100,549,TPEX_CSV,2026-08-12 14:15:34 +0800
1150812,2026-08-12,上櫃,8240,華宏,43.40,+1.15,41.60,43.50,41.60,200000,8596150,153,TPEX_CSV,2026-08-12 14:15:34 +0800
1150812,2026-08-12,上櫃,8255,朋程,148.00,+6.00,143.00,149.00,143.00,517000,75829000,423,TPEX_CSV,2026-08-12 14:15:34 +0800
1150812,2026-08-12,上櫃,8272,全景軟體,65.00,+0.10,65.90,65.90,64.00,4000,259900,4,TPEX_CSV,2026-08-12 14:15:34 +0800
1150812,2026-08-12,上櫃,8277,商丞,8.12,+0.14,7.80,8.19,7.80,97000,784440,41,TPEX_CSV,2026-08-12 14:15:34 +0800
1150812,2026-08-12,上櫃,8279,生展,88.80,+0.20,88.90,88.90,88.80,2000,177700,2,TPEX_CSV,2026-08-12 14:15:34 +0800
1150812,2026-08-12,上櫃,8284,三竹,62.50,-0.30,62.50,62.70,62.50,15000,938400,11,TPEX_CSV,2026-08-12 14:15:34 +0800
1150812,2026-08-12,上櫃,8289,泰藝,47.20,+2.45,45.00,48.85,44.85,619000,29029300,483,TPEX_CSV,2026-08-12 14:15:34 +0800
1150812,2026-08-12,上櫃,8291,尚茂,39.20,-2.50,41.00,41.00,38.70,31000,1221000,29,TPEX_CSV,2026-08-12 14:15:34 +0800
1150812,2026-08-12,上櫃,8299,群聯,2210.00,+120.00,2110.00,2245.00,2110.00,5656000,12347835000,4421,TPEX_CSV,2026-08-12 14:15:34 +0800
1150812,2026-08-12,上櫃,8342,益張,88.00,-0.10,88.00,88.00,88.00,1000,88000,1,TPEX_CSV,2026-08-12 14:15:34 +0800
1150812,2026-08-12,上櫃,8349,恒耀,39.50,-0.20,39.50,39.50,38.95,66000,2587400,54,TPEX_CSV,2026-08-12 14:15:34 +0800
1150812,2026-08-12,上櫃,8354,冠好,18.20,+0.25,18.00,18.50,17.70,774000,14043400,273,TPEX_CSV,2026-08-12 14:15:34 +0800
1150812,2026-08-12,上櫃,8358,金居,418.50,+38.00,402.50,418.50,402.00,10977000,4528413000,6214,TPEX_CSV,2026-08-12 14:15:34 +0800
1150812,2026-08-12,上櫃,8383,千附,69.70,+1.10,68.50,70.50,67.20,1983000,136973200,1430,TPEX_CSV,2026-08-12 14:15:34 +0800
1150812,2026-08-12,上櫃,8390,金益鼎,100.00,+0.90,99.20,103.50,99.20,485000,49071900,378,TPEX_CSV,2026-08-12 14:15:34 +0800
1150812,2026-08-12,上櫃,8401,白紗科,23.20,+0.20,23.00,23.25,22.95,102000,2352100,45,TPEX_CSV,2026-08-12 14:15:34 +0800
1150812,2026-08-12,上櫃,8403,盛弘,19.30,0.00,19.30,19.35,19.15,83000,1600800,39,TPEX_CSV,2026-08-12 14:15:34 +0800
1150812,2026-08-12,上櫃,8409,商之器,18.10,+0.15,17.90,18.10,17.90,7000,126000,7,TPEX_CSV,2026-08-12 14:15:34 +0800
1150812,2026-08-12,上櫃,8410,森田,31.95,+0.05,31.65,32.10,31.50,17000,539250,12,TPEX_CSV,2026-08-12 14:15:34 +0800
1150812,2026-08-12,上櫃,8415,大國鋼,38.65,+0.45,38.40,38.65,38.05,759000,29163250,425,TPEX_CSV,2026-08-12 14:15:34 +0800
1150812,2026-08-12,上櫃,8416,實威,169.00,0.00,169.00,169.00,169.00,3000,507000,3,TPEX_CSV,2026-08-12 14:15:34 +0800
1150812,2026-08-12,上櫃,8421,旭源,13.55,+0.05,13.50,13.80,13.45,238000,3233650,134,TPEX_CSV,2026-08-12 14:15:34 +0800
1150812,2026-08-12,上櫃,8423,保綠-KY,17.90,-0.10,18.05,18.05,17.85,5000,89700,5,TPEX_CSV,2026-08-12 14:15:34 +0800
1150812,2026-08-12,上櫃,8424,惠普,69.00,0.00,68.80,69.00,68.80,5000,344800,4,TPEX_CSV,2026-08-12 14:15:34 +0800
1150812,2026-08-12,上櫃,8426,紅木-KY,21.40,+0.10,21.30,21.45,20.75,53000,1120700,43,TPEX_CSV,2026-08-12 14:15:34 +0800
1150812,2026-08-12,上櫃,8431,匯鑽科,48.80,+0.05,48.75,49.00,47.90,117000,5688850,109,TPEX_CSV,2026-08-12 14:15:34 +0800
1150812,2026-08-12,上櫃,8432,東生華,50.60,+0.20,50.30,50.90,50.30,11000,557200,10,TPEX_CSV,2026-08-12 14:15:34 +0800
1150812,2026-08-12,上櫃,8433,弘帆,55.20,-0.30,55.40,55.40,55.20,8000,442200,8,TPEX_CSV,2026-08-12 14:15:34 +0800
1150812,2026-08-12,上櫃,8435,鉅邁,54.00,+0.40,53.80,54.00,53.80,22000,1187500,20,TPEX_CSV,2026-08-12 14:15:34 +0800
1150812,2026-08-12,上櫃,8436,大江,124.50,-1.50,126.00,126.00,122.50,981000,121868500,725,TPEX_CSV,2026-08-12 14:15:34 +0800
1150812,2026-08-12,上櫃,8437,大地-KY,9.10,+0.02,9.00,9.38,9.00,78000,707890,41,TPEX_CSV,2026-08-12 14:15:34 +0800
1150812,2026-08-12,上櫃,8440,綠電,20.00,+0.25,19.80,20.00,19.80,46000,914500,37,TPEX_CSV,2026-08-12 14:15:34 +0800
1150812,2026-08-12,上櫃,8444,綠河-KY,5.40,+0.41,4.61,5.47,4.61,3000,15480,3,TPEX_CSV,2026-08-12 14:15:34 +0800
1150812,2026-08-12,上櫃,8446,華研,86.10,+0.50,86.20,86.90,85.80,48000,4139800,41,TPEX_CSV,2026-08-12 14:15:34 +0800
1150812,2026-08-12,上櫃,8450,霹靂,15.15,+0.05,15.20,15.20,14.80,17000,255450,15,TPEX_CSV,2026-08-12 14:15:34 +0800
1150812,2026-08-12,上櫃,8455,大拓-KY,25.10,+0.45,25.10,25.10,25.10,2000,50200,2,TPEX_CSV,2026-08-12 14:15:34 +0800
1150812,2026-08-12,上櫃,8472,夠麻吉,70.50,-2.10,70.50,70.50,70.50,1000,70500,1,TPEX_CSV,2026-08-12 14:15:34 +0800
1150812,2026-08-12,上櫃,8477,創業家,15.65,-0.25,15.90,15.90,15.65,22000,345500,16,TPEX_CSV,2026-08-12 14:15:34 +0800
1150812,2026-08-12,上櫃,8489,三貝德,23.10,+0.15,23.40,23.40,22.70,34000,782350,29,TPEX_CSV,2026-08-12 14:15:34 +0800
1150812,2026-08-12,上櫃,8905,裕國,34.90,+0.25,34.65,34.90,34.50,5000,173250,5,TPEX_CSV,2026-08-12 14:15:34 +0800
1150812,2026-08-12,上櫃,8906,花王,28.35,+0.10,27.70,28.35,27.70,9000,251900,9,TPEX_CSV,2026-08-12 14:15:34 +0800
1150812,2026-08-12,上櫃,8908,欣雄,40.00,+0.10,40.00,40.00,39.80,24000,959350,19,TPEX_CSV,2026-08-12 14:15:34 +0800
1150812,2026-08-12,上櫃,8916,光隆,40.05,除息,40.00,40.20,39.80,316000,12632100,226,TPEX_CSV,2026-08-12 14:15:34 +0800
1150812,2026-08-12,上櫃,8917,欣泰,52.50,-0.50,52.50,52.50,52.50,1000,52500,1,TPEX_CSV,2026-08-12 14:15:34 +0800
1150812,2026-08-12,上櫃,8921,沈氏,17.00,-0.15,17.60,17.60,17.00,4000,68600,3,TPEX_CSV,2026-08-12 14:15:34 +0800
1150812,2026-08-12,上櫃,8923,時報,18.80,-0.20,18.80,18.80,18.80,1000,18800,1,TPEX_CSV,2026-08-12 14:15:34 +0800
1150812,2026-08-12,上櫃,8924,大田,51.80,0.00,51.50,51.80,51.20,65000,3342200,45,TPEX_CSV,2026-08-12 14:15:34 +0800
1150812,2026-08-12,上櫃,8927,北基,20.00,+0.40,19.60,20.10,19.60,97000,1934150,83,TPEX_CSV,2026-08-12 14:15:34 +0800
1150812,2026-08-12,上櫃,8928,鉅明,23.65,+0.05,23.65,23.80,23.50,21000,496450,21,TPEX_CSV,2026-08-12 14:15:34 +0800
1150812,2026-08-12,上櫃,8929,富堡,13.50,+0.05,13.75,14.50,13.50,135000,1882200,95,TPEX_CSV,2026-08-12 14:15:34 +0800
1150812,2026-08-12,上櫃,8930,青鋼,29.90,-0.20,30.10,30.10,29.90,21000,629100,16,TPEX_CSV,2026-08-12 14:15:34 +0800
1150812,2026-08-12,上櫃,8931,大汽電,40.50,+0.10,40.35,40.75,39.90,40000,1605150,35,TPEX_CSV,2026-08-12 14:15:34 +0800
1150812,2026-08-12,上櫃,8932,智通*,107.50,+2.50,105.00,109.00,103.50,2319000,247423500,988,TPEX_CSV,2026-08-12 14:15:34 +0800
1150812,2026-08-12,上櫃,8933,愛地雅,4.54,-0.16,4.63,4.64,4.45,109000,495760,59,TPEX_CSV,2026-08-12 14:15:34 +0800
1150812,2026-08-12,上櫃,8935,邦泰,18.00,-0.10,18.10,18.20,17.70,100000,1797650,78,TPEX_CSV,2026-08-12 14:15:34 +0800
1150812,2026-08-12,上櫃,8936,國統,52.00,0.00,52.00,52.40,51.70,1529000,79466800,907,TPEX_CSV,2026-08-12 14:15:34 +0800
1150812,2026-08-12,上櫃,8937,合騏*,23.95,+0.55,23.60,24.85,23.15,205000,4901000,90,TPEX_CSV,2026-08-12 14:15:34 +0800
1150812,2026-08-12,上櫃,8938,明安,52.60,-0.30,52.50,53.20,52.40,140000,7373000,120,TPEX_CSV,2026-08-12 14:15:34 +0800
1150812,2026-08-12,上櫃,8941,關中,44.10,+0.30,44.05,44.15,43.70,15000,658400,12,TPEX_CSV,2026-08-12 14:15:34 +0800
1150812,2026-08-12,上櫃,8942,森鉅,40.05,+0.60,39.45,40.65,39.45,235000,9423950,164,TPEX_CSV,2026-08-12 14:15:34 +0800
1150812,2026-08-12,上櫃,9949,琉園,24.15,+0.15,24.80,24.80,23.80,12000,290500,12,TPEX_CSV,2026-08-12 14:15:34 +0800
1150812,2026-08-12,上櫃,9950,萬國通,10.40,-0.10,10.40,10.45,10.40,18000,187700,10,TPEX_CSV,2026-08-12 14:15:34 +0800
1150812,2026-08-12,上櫃,9951,皇田,53.30,0.00,53.30,53.80,53.10,88000,4703600,56,TPEX_CSV,2026-08-12 14:15:34 +0800
1150812,2026-08-12,上櫃,9960,邁達康,32.50,+1.35,32.50,32.50,32.50,1000,32500,1,TPEX_CSV,2026-08-12 14:15:34 +0800
1150812,2026-08-12,上櫃,9962,有益,10.40,+0.05,10.30,10.45,10.25,96000,993000,40,TPEX_CSV,2026-08-12 14:15:34 +0800
