日期,西元日期,市場,股票代號,股票名稱,收盤價,漲跌,開盤價,最高價,最低價,成交股數,成交金額,成交筆數,資料來源,下載時間
1150807,2026-08-07,上市,00400A,主動國泰動能高息,13.74,-0.1500,14.05,14.05,13.65,19582000,270692630,4529,TWSE_CSV,2026-08-07 14:15:31 +0800
1150807,2026-08-07,上市,00401A,主動摩根台灣鑫收,13.23,-0.1600,13.50,13.50,13.16,6739000,89560040,995,TWSE_CSV,2026-08-07 14:15:31 +0800
1150807,2026-08-07,上市,00402A,主動安聯美國科技,9.75,-0.0200,9.76,9.78,9.73,5638000,54980970,384,TWSE_CSV,2026-08-07 14:15:31 +0800
1150807,2026-08-07,上市,00403A,主動統一升級50,9.72,-0.1900,9.92,9.93,9.66,150487000,1471062120,28889,TWSE_CSV,2026-08-07 14:15:31 +0800
1150807,2026-08-07,上市,00404A,主動聯博動能50,9.39,-0.0700,9.53,9.53,9.36,5272000,49882970,361,TWSE_CSV,2026-08-07 14:15:31 +0800
1150807,2026-08-07,上市,00405A,主動富邦台灣龍耀,8.02,-0.2300,8.26,8.27,7.99,68608000,555079110,9874,TWSE_CSV,2026-08-07 14:15:31 +0800
1150807,2026-08-07,上市,00406A,主動中信台灣收益,9.23,-0.1200,9.38,9.40,9.20,39557000,366701340,7039,TWSE_CSV,2026-08-07 14:15:31 +0800
1150807,2026-08-07,上市,00407A,主動凱基台灣,9.28,-0.1700,9.47,9.48,9.22,34663000,323963820,4010,TWSE_CSV,2026-08-07 14:15:31 +0800
1150807,2026-08-07,上市,00408A,主動第一金優股息,10.09,-0.1600,10.25,10.28,10.05,1276000,12919030,265,TWSE_CSV,2026-08-07 14:15:31 +0800
1150807,2026-08-07,上市,00410A,主動永豐科技趨勢,10.57,-0.3100,10.86,10.95,10.53,10399000,111232980,818,TWSE_CSV,2026-08-07 14:15:31 +0800
1150807,2026-08-07,上市,0050,元大台灣50,102.85,-0.4500,103.80,104.00,102.05,64522000,6634396700,23537,TWSE_CSV,2026-08-07 14:15:31 +0800
1150807,2026-08-07,上市,0051,元大中型100,139.70,-1.5000,141.10,141.55,139.70,50000,7037550,24,TWSE_CSV,2026-08-07 14:15:31 +0800
1150807,2026-08-07,上市,0052,富邦科技,60.20,-0.2500,60.65,60.75,59.65,24045000,1446015300,4558,TWSE_CSV,2026-08-07 14:15:31 +0800
1150807,2026-08-07,上市,0053,元大電子,231.75,-2.8000,233.15,234.40,230.85,15000,3491950,15,TWSE_CSV,2026-08-07 14:15:31 +0800
1150807,2026-08-07,上市,0055,元大MSCI金融,43.90,0.2800,43.83,44.15,43.56,97000,4244550,50,TWSE_CSV,2026-08-07 14:15:31 +0800
1150807,2026-08-07,上市,0056,元大高股息,51.05,-0.2500,51.40,51.50,51.00,14276000,730716650,6131,TWSE_CSV,2026-08-07 14:15:31 +0800
1150807,2026-08-07,上市,0057,富邦摩台,306.15,-2.9000,309.80,310.75,306.15,27000,8320750,9,TWSE_CSV,2026-08-07 14:15:31 +0800
1150807,2026-08-07,上市,0061,元大寶滬深,25.15,0.3800,24.79,25.15,24.79,204000,5113530,78,TWSE_CSV,2026-08-07 14:15:31 +0800
1150807,2026-08-07,上市,006203,元大MSCI台灣,186.35,-1.3000,186.35,186.35,186.35,1000,186350,1,TWSE_CSV,2026-08-07 14:15:31 +0800
1150807,2026-08-07,上市,006204,永豐臺灣加權,220.70,-1.0500,220.15,220.70,220.15,2000,440850,2,TWSE_CSV,2026-08-07 14:15:31 +0800
1150807,2026-08-07,上市,006205,富邦上証,41.80,0.5500,41.26,41.84,41.26,369000,15379430,111,TWSE_CSV,2026-08-07 14:15:31 +0800
1150807,2026-08-07,上市,006206,元大上證50,38.60,0.4800,38.73,38.73,38.33,27000,1041050,21,TWSE_CSV,2026-08-07 14:15:31 +0800
1150807,2026-08-07,上市,006207,復華滬深,33.45,0.5000,33.11,33.48,33.11,125000,4176000,12,TWSE_CSV,2026-08-07 14:15:31 +0800
1150807,2026-08-07,上市,006208,富邦台50,235.35,-1.2000,237.15,237.90,233.70,1507000,354498300,959,TWSE_CSV,2026-08-07 14:15:31 +0800
1150807,2026-08-07,上市,00625K,富邦上証+R,0.00,0.0000,0.00,0.00,0.00,0,0,0,TWSE_CSV,2026-08-07 14:15:31 +0800
1150807,2026-08-07,上市,00631L,元大台灣50正2,33.68,-0.1700,34.34,34.38,33.30,170817000,5775598360,37564,TWSE_CSV,2026-08-07 14:15:31 +0800
1150807,2026-08-07,上市,00632R,元大台灣50反1,10.35,0.0200,10.26,10.41,10.24,113626000,1174280250,8783,TWSE_CSV,2026-08-07 14:15:31 +0800
1150807,2026-08-07,上市,00633L,富邦上証正2,50.75,1.2600,50.00,50.95,49.89,4551000,229781520,625,TWSE_CSV,2026-08-07 14:15:31 +0800
1150807,2026-08-07,上市,00634R,富邦上証反1,3.05,-0.0500,3.09,3.09,3.05,523000,1598160,58,TWSE_CSV,2026-08-07 14:15:31 +0800
1150807,2026-08-07,上市,00635U,期元大S&P黃金,44.35,0.0800,44.10,44.36,44.00,3673000,162354940,1622,TWSE_CSV,2026-08-07 14:15:31 +0800
1150807,2026-08-07,上市,00636,國泰中國A50,28.69,0.3400,28.47,28.75,28.45,548000,15660440,79,TWSE_CSV,2026-08-07 14:15:31 +0800
1150807,2026-08-07,上市,00636K,國泰中國A50+U,8.90,0.1300,8.90,8.90,8.90,200,1780,2,TWSE_CSV,2026-08-07 14:15:31 +0800
1150807,2026-08-07,上市,00637L,元大滬深300正2,21.12,0.5800,20.71,21.17,20.71,28496000,597936420,3028,TWSE_CSV,2026-08-07 14:15:31 +0800
1150807,2026-08-07,上市,00638R,元大滬深300反1,6.57,-0.0800,6.63,6.63,6.56,118000,775700,25,TWSE_CSV,2026-08-07 14:15:31 +0800
1150807,2026-08-07,上市,00639,富邦深100,17.29,0.3600,17.03,17.29,17.02,414000,7099130,102,TWSE_CSV,2026-08-07 14:15:31 +0800
1150807,2026-08-07,上市,00640L,富邦日本正2,107.25,0.7500,106.80,107.25,106.20,66000,7043300,30,TWSE_CSV,2026-08-07 14:15:31 +0800
1150807,2026-08-07,上市,00641R,富邦日本反1,3.73,0.0000,3.72,3.74,3.71,1338000,4993660,61,TWSE_CSV,2026-08-07 14:15:31 +0800
1150807,2026-08-07,上市,00642U,期元大S&P石油,25.80,1.1600,25.60,25.90,25.59,3579000,91914170,1138,TWSE_CSV,2026-08-07 14:15:31 +0800
1150807,2026-08-07,上市,00643,群益深証中小,19.29,0.4600,18.96,19.29,18.89,3093000,59251310,148,TWSE_CSV,2026-08-07 14:15:31 +0800
1150807,2026-08-07,上市,00643K,群益深証中小+R,3.97,0.0000,3.97,3.97,3.97,25000,99250,4,TWSE_CSV,2026-08-07 14:15:31 +0800
1150807,2026-08-07,上市,00645,富邦日本,57.45,0.1500,57.25,57.45,57.10,92000,5273250,75,TWSE_CSV,2026-08-07 14:15:31 +0800
1150807,2026-08-07,上市,00646,元大S&P500,78.25,-0.2000,78.35,78.35,78.05,1412000,110376250,590,TWSE_CSV,2026-08-07 14:15:31 +0800
1150807,2026-08-07,上市,00647L,元大S&P500正2,141.45,-1.2500,142.05,142.05,141.35,14000,1983300,7,TWSE_CSV,2026-08-07 14:15:31 +0800
1150807,2026-08-07,上市,00648R,元大S&P500反1,3.91,0.0100,3.91,3.93,3.91,621000,2432890,40,TWSE_CSV,2026-08-07 14:15:31 +0800
1150807,2026-08-07,上市,00650L,復華香港正2,17.47,0.1900,17.39,17.50,17.26,1224000,21305130,284,TWSE_CSV,2026-08-07 14:15:31 +0800
1150807,2026-08-07,上市,00651R,復華香港反1,5.17,-0.0300,5.15,5.19,5.14,342000,1765320,35,TWSE_CSV,2026-08-07 14:15:31 +0800
1150807,2026-08-07,上市,00652,富邦印度,34.14,-0.3200,34.46,34.46,34.12,246000,8423630,110,TWSE_CSV,2026-08-07 14:15:31 +0800
1150807,2026-08-07,上市,00653L,富邦印度正2,48.62,-0.3000,48.70,48.81,48.59,33000,1605920,23,TWSE_CSV,2026-08-07 14:15:31 +0800
1150807,2026-08-07,上市,00654R,富邦印度反1,6.58,-0.0200,6.60,6.60,6.58,294000,1934660,7,TWSE_CSV,2026-08-07 14:15:31 +0800
1150807,2026-08-07,上市,00655L,國泰中國A50正2,35.52,1.0400,34.93,35.57,34.80,991000,34900780,277,TWSE_CSV,2026-08-07 14:15:31 +0800
1150807,2026-08-07,上市,00656R,國泰中國A50反1,5.78,-0.0600,5.84,5.84,5.77,713000,4149690,44,TWSE_CSV,2026-08-07 14:15:31 +0800
1150807,2026-08-07,上市,00657,國泰日經225,77.65,-0.2000,76.70,77.65,76.70,100000,7697350,6,TWSE_CSV,2026-08-07 14:15:31 +0800
1150807,2026-08-07,上市,00657K,國泰日經225+U,24.01,-0.1700,24.01,24.01,24.01,200,4802,2,TWSE_CSV,2026-08-07 14:15:31 +0800
1150807,2026-08-07,上市,00660,元大歐洲50,47.47,0.1700,47.36,47.50,47.36,66000,3130910,9,TWSE_CSV,2026-08-07 14:15:31 +0800
1150807,2026-08-07,上市,00661,元大日經225,84.95,-0.3500,84.00,84.95,83.90,33000,2784250,22,TWSE_CSV,2026-08-07 14:15:31 +0800
1150807,2026-08-07,上市,00662,富邦NASDAQ,121.80,-0.2000,122.00,122.05,121.45,1336000,162548950,659,TWSE_CSV,2026-08-07 14:15:31 +0800
1150807,2026-08-07,上市,00663L,國泰臺灣加權正2,96.60,-0.3500,98.40,98.45,95.20,6306000,610501050,1929,TWSE_CSV,2026-08-07 14:15:31 +0800
1150807,2026-08-07,上市,00664R,國泰臺灣加權反1,1.68,0.0100,1.66,1.69,1.65,15789000,26422120,655,TWSE_CSV,2026-08-07 14:15:31 +0800
1150807,2026-08-07,上市,00665L,富邦恒生國企正2,9.63,0.0500,9.60,9.66,9.50,7638000,73166820,701,TWSE_CSV,2026-08-07 14:15:31 +0800
1150807,2026-08-07,上市,00666R,富邦恒生國企反1,9.02,-0.0200,9.04,9.07,9.01,228000,2062300,26,TWSE_CSV,2026-08-07 14:15:31 +0800
1150807,2026-08-07,上市,00668,國泰美國道瓊,63.25,-0.8000,63.25,63.30,63.10,47000,2971750,24,TWSE_CSV,2026-08-07 14:15:31 +0800
1150807,2026-08-07,上市,00668K,國泰美國道瓊+U,19.69,-0.1700,19.69,19.69,19.69,200,3938,2,TWSE_CSV,2026-08-07 14:15:31 +0800
1150807,2026-08-07,上市,00669R,國泰美國道瓊反1,5.18,0.0600,5.17,5.18,5.16,860000,4441500,90,TWSE_CSV,2026-08-07 14:15:31 +0800
1150807,2026-08-07,上市,00670L,富邦NASDAQ正2,200.65,-0.6000,200.80,200.85,199.55,297000,59459050,149,TWSE_CSV,2026-08-07 14:15:31 +0800
1150807,2026-08-07,上市,00671R,富邦NASDAQ反1,2.43,0.0000,2.43,2.44,2.42,5247000,12751170,124,TWSE_CSV,2026-08-07 14:15:31 +0800
1150807,2026-08-07,上市,00673R,期元大S&P原油反1,13.54,-0.6400,13.59,13.63,13.47,14714000,199594060,2062,TWSE_CSV,2026-08-07 14:15:31 +0800
1150807,2026-08-07,上市,00674R,期元大S&P黃金反1,28.81,-0.0300,28.90,28.92,28.74,94000,2709910,39,TWSE_CSV,2026-08-07 14:15:31 +0800
1150807,2026-08-07,上市,00675L,富邦臺灣加權正2,292.00,-1.0000,297.35,298.00,288.00,1450000,424550850,593,TWSE_CSV,2026-08-07 14:15:31 +0800
1150807,2026-08-07,上市,00676R,富邦臺灣加權反1,5.77,0.0400,5.68,5.77,5.66,6610000,37860250,507,TWSE_CSV,2026-08-07 14:15:31 +0800
1150807,2026-08-07,上市,00678,群益那斯達克生技,41.00,0.0300,41.02,41.08,40.99,304000,12468820,20,TWSE_CSV,2026-08-07 14:15:31 +0800
1150807,2026-08-07,上市,00680L,元大美債20正2,6.47,-0.1100,6.47,6.48,6.45,10492000,67830640,847,TWSE_CSV,2026-08-07 14:15:31 +0800
1150807,2026-08-07,上市,00681R,元大美債20反1,21.84,0.2200,21.83,21.84,21.83,2000,43670,2,TWSE_CSV,2026-08-07 14:15:31 +0800
1150807,2026-08-07,上市,00682U,期元大美元指數,0.00,0.0000,0.00,0.00,0.00,0,0,0,TWSE_CSV,2026-08-07 14:15:31 +0800
1150807,2026-08-07,上市,00683L,期元大美元指正2,21.58,0.0500,21.60,21.60,21.58,30000,647900,3,TWSE_CSV,2026-08-07 14:15:31 +0800
1150807,2026-08-07,上市,00684R,期元大美元指反1,0.00,0.0000,0.00,0.00,0.00,0,0,0,TWSE_CSV,2026-08-07 14:15:31 +0800
1150807,2026-08-07,上市,00685L,群益臺灣加權正2,11.01,-0.0400,11.22,11.23,10.86,218541000,2411038730,27547,TWSE_CSV,2026-08-07 14:15:31 +0800
1150807,2026-08-07,上市,00686R,群益臺灣加權反1,1.02,0.0100,1.01,1.03,1.01,16176000,16498970,228,TWSE_CSV,2026-08-07 14:15:31 +0800
1150807,2026-08-07,上市,00688L,國泰20年美債正2,6.44,-0.1300,6.46,6.46,6.43,6143000,39560090,410,TWSE_CSV,2026-08-07 14:15:31 +0800
1150807,2026-08-07,上市,00689R,國泰20年美債反1,22.90,0.1900,22.89,22.92,22.89,112000,2566780,4,TWSE_CSV,2026-08-07 14:15:31 +0800
1150807,2026-08-07,上市,00690,兆豐藍籌30,75.00,-0.8000,76.00,76.50,74.35,294000,22074450,153,TWSE_CSV,2026-08-07 14:15:31 +0800
1150807,2026-08-07,上市,00692,富邦公司治理,88.15,-0.1500,88.70,88.95,87.55,474000,41807050,234,TWSE_CSV,2026-08-07 14:15:31 +0800
1150807,2026-08-07,上市,00693U,期街口S&P黃豆,21.65,0.1500,21.52,21.68,21.52,244000,5276880,91,TWSE_CSV,2026-08-07 14:15:31 +0800
1150807,2026-08-07,上市,00700,富邦恒生國企,17.75,0.0000,17.76,17.76,17.65,272000,4807410,26,TWSE_CSV,2026-08-07 14:15:31 +0800
1150807,2026-08-07,上市,00701,國泰股利精選30,38.59,-0.0100,38.66,38.72,38.55,574000,22145110,101,TWSE_CSV,2026-08-07 14:15:31 +0800
1150807,2026-08-07,上市,00702,國泰標普低波高息,25.23,-0.0200,25.18,25.23,25.18,113000,2846780,8,TWSE_CSV,2026-08-07 14:15:31 +0800
1150807,2026-08-07,上市,00703,台新MSCI中國,20.14,-0.0100,20.29,20.29,19.99,40000,801910,6,TWSE_CSV,2026-08-07 14:15:31 +0800
1150807,2026-08-07,上市,00706L,期元大S&P日圓正2,19.22,-0.1700,19.23,19.27,19.21,469000,9016130,147,TWSE_CSV,2026-08-07 14:15:31 +0800
1150807,2026-08-07,上市,00707R,期元大S&P日圓反1,31.98,0.1300,31.98,31.98,31.98,5000,159900,1,TWSE_CSV,2026-08-07 14:15:31 +0800
1150807,2026-08-07,上市,00708L,期元大S&P黃金正2,77.60,0.4500,76.40,77.70,76.35,3950000,304671500,1284,TWSE_CSV,2026-08-07 14:15:31 +0800
1150807,2026-08-07,上市,00709,富邦歐洲,41.45,0.1900,41.29,41.45,41.17,131000,5416440,93,TWSE_CSV,2026-08-07 14:15:31 +0800
1150807,2026-08-07,上市,00710B,復華彭博非投等債,19.28,-0.0200,19.23,19.32,19.23,154000,2971170,17,TWSE_CSV,2026-08-07 14:15:31 +0800
1150807,2026-08-07,上市,00711B,復華彭博新興債,15.81,-0.0500,15.83,15.83,15.81,102000,1614620,3,TWSE_CSV,2026-08-07 14:15:31 +0800
1150807,2026-08-07,上市,00712,復華富時不動產,8.76,-0.0400,8.80,8.80,8.74,30405000,266436340,5200,TWSE_CSV,2026-08-07 14:15:31 +0800
1150807,2026-08-07,上市,00713,元大台灣高息低波,61.30,0.2000,61.10,61.35,61.10,2197000,134509250,954,TWSE_CSV,2026-08-07 14:15:31 +0800
1150807,2026-08-07,上市,00714,群益道瓊美國地產,22.33,-0.2400,22.35,22.36,22.31,184000,4111630,14,TWSE_CSV,2026-08-07 14:15:31 +0800
1150807,2026-08-07,上市,00715L,期街口布蘭特正2,43.02,4.5400,42.25,43.55,42.25,13159000,561397360,3077,TWSE_CSV,2026-08-07 14:15:31 +0800
1150807,2026-08-07,上市,00717,富邦美國特別股,14.91,-0.0800,14.92,14.94,14.88,62000,924270,20,TWSE_CSV,2026-08-07 14:15:31 +0800
1150807,2026-08-07,上市,00728,第一金工業30,63.65,0.4000,64.45,64.75,63.30,138000,8832700,61,TWSE_CSV,2026-08-07 14:15:31 +0800
1150807,2026-08-07,上市,00730,富邦臺灣優質高息,29.07,0.0000,29.07,29.26,29.05,74000,2156760,29,TWSE_CSV,2026-08-07 14:15:31 +0800
1150807,2026-08-07,上市,00731,復華富時高息低波,91.00,0.5000,90.90,91.10,90.55,679000,61581800,19,TWSE_CSV,2026-08-07 14:15:31 +0800
1150807,2026-08-07,上市,00733,富邦臺灣中小,63.20,-1.4500,64.70,64.70,63.10,381000,24297400,117,TWSE_CSV,2026-08-07 14:15:31 +0800
1150807,2026-08-07,上市,00735,國泰臺韓科技,95.55,-1.3500,97.10,97.15,95.00,2078000,198652350,1032,TWSE_CSV,2026-08-07 14:15:31 +0800
1150807,2026-08-07,上市,00736,國泰新興市場,31.68,-0.1100,31.59,31.68,31.59,103000,3254860,4,TWSE_CSV,2026-08-07 14:15:31 +0800
1150807,2026-08-07,上市,00737,國泰AI機器人,40.48,-0.2400,41.30,41.30,40.42,174000,7040590,41,TWSE_CSV,2026-08-07 14:15:31 +0800
1150807,2026-08-07,上市,00738U,期元大道瓊白銀,50.05,0.3600,49.24,50.15,49.22,2458000,122320030,952,TWSE_CSV,2026-08-07 14:15:31 +0800
1150807,2026-08-07,上市,00739,元大MSCI A股,28.68,0.3600,28.50,28.68,28.42,58000,1651450,12,TWSE_CSV,2026-08-07 14:15:31 +0800
1150807,2026-08-07,上市,00752,中信中國50,23.99,-0.0100,24.00,24.06,23.84,703000,16852780,222,TWSE_CSV,2026-08-07 14:15:31 +0800
1150807,2026-08-07,上市,00753L,中信中國50正2,9.95,0.0700,9.94,9.97,9.81,6748000,66913560,646,TWSE_CSV,2026-08-07 14:15:31 +0800
1150807,2026-08-07,上市,00757,統一FANG+,139.65,-0.5000,140.15,140.15,139.40,664000,92725350,193,TWSE_CSV,2026-08-07 14:15:31 +0800
1150807,2026-08-07,上市,00762,元大全球AI,112.10,-0.5000,112.80,112.80,111.75,100000,11191750,34,TWSE_CSV,2026-08-07 14:15:31 +0800
1150807,2026-08-07,上市,00763U,期街口道瓊銅,35.86,0.1400,35.75,35.97,35.75,767000,27518490,155,TWSE_CSV,2026-08-07 14:15:31 +0800
1150807,2026-08-07,上市,00770,國泰北美科技,69.40,0.0000,69.20,69.55,69.20,66000,4577950,43,TWSE_CSV,2026-08-07 14:15:31 +0800
1150807,2026-08-07,上市,00771,元大US高息特別股,15.68,-0.0300,15.65,15.68,15.62,61000,955250,18,TWSE_CSV,2026-08-07 14:15:31 +0800
1150807,2026-08-07,上市,00775B,台新投等債15+,32.00,-0.3500,32.00,32.00,32.00,160000,5120000,4,TWSE_CSV,2026-08-07 14:15:31 +0800
1150807,2026-08-07,上市,00783,富邦中証500,29.07,0.7700,28.60,29.07,28.60,15000,432520,13,TWSE_CSV,2026-08-07 14:15:31 +0800
1150807,2026-08-07,上市,00830,國泰費城半導體,86.35,0.4500,86.40,86.70,85.95,4216000,363346600,1358,TWSE_CSV,2026-08-07 14:15:31 +0800
1150807,2026-08-07,上市,00850,元大臺灣ESG永續,88.00,-0.5000,88.60,88.85,87.45,403000,35523950,129,TWSE_CSV,2026-08-07 14:15:31 +0800
1150807,2026-08-07,上市,00851,台新全球AI,71.05,-0.7500,71.05,71.05,71.05,2000,142100,2,TWSE_CSV,2026-08-07 14:15:31 +0800
1150807,2026-08-07,上市,00852L,國泰美國道瓊正2,36.60,-0.9600,36.65,36.65,36.53,52000,1903270,30,TWSE_CSV,2026-08-07 14:15:31 +0800
1150807,2026-08-07,上市,00861,元大全球未來通訊,86.95,-0.1000,87.60,87.60,86.70,73000,6332350,19,TWSE_CSV,2026-08-07 14:15:31 +0800
1150807,2026-08-07,上市,00865B,國泰US短期公債,49.32,0.0200,49.33,49.36,49.29,1247000,61498860,310,TWSE_CSV,2026-08-07 14:15:31 +0800
1150807,2026-08-07,上市,00875,國泰網路資安,55.65,0.1000,56.75,56.75,55.50,155000,8622600,38,TWSE_CSV,2026-08-07 14:15:31 +0800
1150807,2026-08-07,上市,00876,元大全球5G,88.00,0.0000,88.90,88.90,87.50,109000,9602750,34,TWSE_CSV,2026-08-07 14:15:31 +0800
1150807,2026-08-07,上市,00878,國泰永續高股息,32.81,-0.0300,32.92,33.05,32.65,46729000,1531589030,15905,TWSE_CSV,2026-08-07 14:15:31 +0800
1150807,2026-08-07,上市,00881,國泰台灣科技龍頭,52.25,-0.5000,53.10,53.20,51.90,39070000,2047039900,13922,TWSE_CSV,2026-08-07 14:15:31 +0800
1150807,2026-08-07,上市,00882,中信中國高股息,14.96,-0.0400,15.00,15.02,14.90,4673000,69859600,1037,TWSE_CSV,2026-08-07 14:15:31 +0800
1150807,2026-08-07,上市,00885,富邦越南,18.22,-0.1200,18.28,18.32,18.14,1570000,28590450,346,TWSE_CSV,2026-08-07 14:15:31 +0800
1150807,2026-08-07,上市,00891,中信關鍵半導體,34.75,-0.3400,35.33,35.33,34.54,26658000,930076470,8874,TWSE_CSV,2026-08-07 14:15:31 +0800
1150807,2026-08-07,上市,00892,富邦台灣半導體,39.92,-0.2000,40.31,40.56,39.57,4726000,189298310,408,TWSE_CSV,2026-08-07 14:15:31 +0800
1150807,2026-08-07,上市,00893,國泰智能電動車,43.46,0.0400,43.50,43.50,43.31,234000,10151450,82,TWSE_CSV,2026-08-07 14:15:31 +0800
1150807,2026-08-07,上市,00894,中信小資高價30,46.67,-0.8300,47.82,47.82,46.43,2967000,139484530,763,TWSE_CSV,2026-08-07 14:15:31 +0800
1150807,2026-08-07,上市,00895,富邦未來車,49.84,-0.3100,49.81,49.90,49.73,151000,7516290,42,TWSE_CSV,2026-08-07 14:15:31 +0800
1150807,2026-08-07,上市,00896,中信綠能及電動車,26.81,-0.1700,27.06,27.16,26.64,2666000,71609820,502,TWSE_CSV,2026-08-07 14:15:31 +0800
1150807,2026-08-07,上市,00897,富邦基因免疫生技,11.33,0.0300,11.34,11.36,11.32,323000,3661660,81,TWSE_CSV,2026-08-07 14:15:31 +0800
1150807,2026-08-07,上市,00898,國泰基因免疫革命,9.68,0.0700,9.62,9.69,9.62,1965000,18975540,150,TWSE_CSV,2026-08-07 14:15:31 +0800
1150807,2026-08-07,上市,00899,FT潔淨能源,23.79,0.0400,23.78,23.80,23.70,32000,760280,24,TWSE_CSV,2026-08-07 14:15:31 +0800
1150807,2026-08-07,上市,00900,富邦特選高股息30,18.64,-0.0300,18.66,18.75,18.60,4052000,75717000,734,TWSE_CSV,2026-08-07 14:15:31 +0800
1150807,2026-08-07,上市,00901,永豐智能車供應鏈,43.67,-0.5700,44.53,44.69,43.48,179000,7930160,27,TWSE_CSV,2026-08-07 14:15:31 +0800
1150807,2026-08-07,上市,00902,中信電池及儲能,13.35,0.2400,13.25,13.36,13.11,907000,12027300,205,TWSE_CSV,2026-08-07 14:15:31 +0800
1150807,2026-08-07,上市,00903,富邦元宇宙,21.44,0.0200,21.42,21.46,21.39,246000,5273840,22,TWSE_CSV,2026-08-07 14:15:31 +0800
1150807,2026-08-07,上市,00904,台新臺灣半導體30,39.15,-0.3100,39.60,39.73,38.95,665000,26184340,202,TWSE_CSV,2026-08-07 14:15:31 +0800
1150807,2026-08-07,上市,00905,FT臺灣Smart,25.30,-0.1400,25.60,25.60,25.10,595000,15106900,241,TWSE_CSV,2026-08-07 14:15:31 +0800
1150807,2026-08-07,上市,00907,永豐優息存股,16.85,0.0800,16.79,16.86,16.77,415000,6982800,114,TWSE_CSV,2026-08-07 14:15:31 +0800
1150807,2026-08-07,上市,00908,富邦入息REITs+,15.56,-0.1400,15.70,15.70,15.56,474000,7386630,21,TWSE_CSV,2026-08-07 14:15:31 +0800
1150807,2026-08-07,上市,00909,國泰數位支付服務,44.29,-0.8100,44.53,44.73,44.29,892000,39564350,273,TWSE_CSV,2026-08-07 14:15:31 +0800
1150807,2026-08-07,上市,00910,第一金太空衛星,61.05,-0.0500,61.35,61.55,61.00,516000,31592600,270,TWSE_CSV,2026-08-07 14:15:31 +0800
1150807,2026-08-07,上市,00911,兆豐洲際半導體,54.25,0.2000,54.45,54.45,54.05,313000,16951750,76,TWSE_CSV,2026-08-07 14:15:31 +0800
1150807,2026-08-07,上市,00912,中信臺灣智慧50,33.08,0.0800,33.29,33.29,32.92,366000,12122900,121,TWSE_CSV,2026-08-07 14:15:31 +0800
1150807,2026-08-07,上市,00913,兆豐台灣晶圓製造,46.35,-0.8600,47.51,47.52,46.00,1323000,61740740,633,TWSE_CSV,2026-08-07 14:15:31 +0800
1150807,2026-08-07,上市,00915,凱基優選高股息30,31.90,-0.0200,31.92,31.99,31.76,2662000,84858060,215,TWSE_CSV,2026-08-07 14:15:31 +0800
1150807,2026-08-07,上市,00916,國泰全球品牌50,27.22,-0.1300,27.35,27.35,27.17,494000,13438700,127,TWSE_CSV,2026-08-07 14:15:31 +0800
1150807,2026-08-07,上市,00917,中信特選金融,24.09,-0.2500,24.24,24.24,24.07,1232000,29705270,159,TWSE_CSV,2026-08-07 14:15:31 +0800
1150807,2026-08-07,上市,00918,大華優利高填息30,33.59,0.0100,33.53,33.68,33.45,11918000,399855800,2658,TWSE_CSV,2026-08-07 14:15:31 +0800
1150807,2026-08-07,上市,00919,群益台灣精選高息,29.74,0.1400,29.76,29.79,29.57,31548000,936953450,7624,TWSE_CSV,2026-08-07 14:15:31 +0800
1150807,2026-08-07,上市,00920,富邦ESG綠色電力,24.58,0.0600,24.53,24.73,24.51,60000,1473470,25,TWSE_CSV,2026-08-07 14:15:31 +0800
1150807,2026-08-07,上市,00921,兆豐龍頭等權重,23.45,0.0000,23.52,23.52,23.44,170000,3990860,17,TWSE_CSV,2026-08-07 14:15:31 +0800
1150807,2026-08-07,上市,00922,國泰台灣領袖50,39.55,-0.2500,40.00,40.09,39.30,3080000,122247890,1099,TWSE_CSV,2026-08-07 14:15:31 +0800
1150807,2026-08-07,上市,00923,群益台ESG低碳50,40.95,-0.3100,41.62,41.62,40.70,13343000,547506020,5222,TWSE_CSV,2026-08-07 14:15:31 +0800
1150807,2026-08-07,上市,00924,復華S&P500成長,33.93,-0.1100,34.04,34.04,33.86,1088000,36905910,267,TWSE_CSV,2026-08-07 14:15:31 +0800
1150807,2026-08-07,上市,00926,凱基全球菁英55,26.95,0.0700,26.94,26.96,26.87,1793000,48277500,355,TWSE_CSV,2026-08-07 14:15:31 +0800
1150807,2026-08-07,上市,00927,群益半導體收益,35.54,-0.4400,36.10,36.16,35.30,8065000,288484140,2904,TWSE_CSV,2026-08-07 14:15:31 +0800
1150807,2026-08-07,上市,00929,復華台灣科技優息,28.59,-0.3500,28.96,29.00,28.51,35528000,1021178210,8271,TWSE_CSV,2026-08-07 14:15:31 +0800
1150807,2026-08-07,上市,00930,永豐ESG低碳高息,23.82,-0.0100,23.95,23.99,23.80,158000,3775880,57,TWSE_CSV,2026-08-07 14:15:31 +0800
1150807,2026-08-07,上市,00932,兆豐永續高息等權,17.53,0.0600,17.56,17.63,17.53,296000,5202560,84,TWSE_CSV,2026-08-07 14:15:31 +0800
1150807,2026-08-07,上市,00934,中信成長高股息,28.20,-0.1400,28.32,28.49,28.07,2340000,66191510,411,TWSE_CSV,2026-08-07 14:15:31 +0800
1150807,2026-08-07,上市,00935,野村臺灣新科技50,55.00,-0.9000,56.20,56.30,54.55,6649000,367819950,1957,TWSE_CSV,2026-08-07 14:15:31 +0800
1150807,2026-08-07,上市,00936,台新永續高息中小,21.43,-0.1300,21.55,21.58,21.40,623000,13391810,130,TWSE_CSV,2026-08-07 14:15:31 +0800
1150807,2026-08-07,上市,00938,凱基優選30,24.76,0.0600,24.80,24.83,24.70,1318000,32663800,50,TWSE_CSV,2026-08-07 14:15:31 +0800
1150807,2026-08-07,上市,00939,統一台灣高息動能,22.25,0.1200,22.18,22.25,22.06,3937000,87365930,464,TWSE_CSV,2026-08-07 14:15:31 +0800
1150807,2026-08-07,上市,00940,元大台灣價值高息,12.40,-0.0500,12.41,12.47,12.34,7146000,88655060,1112,TWSE_CSV,2026-08-07 14:15:31 +0800
1150807,2026-08-07,上市,00941,中信上游半導體,26.15,-0.2000,26.27,26.27,26.02,548000,14291010,120,TWSE_CSV,2026-08-07 14:15:31 +0800
1150807,2026-08-07,上市,00943,兆豐電子高息等權,21.51,-0.1900,21.72,21.72,21.50,293000,6341980,15,TWSE_CSV,2026-08-07 14:15:31 +0800
1150807,2026-08-07,上市,00944,野村趨勢動能高息,20.26,-0.2100,20.50,20.51,20.26,249000,5099460,23,TWSE_CSV,2026-08-07 14:15:31 +0800
1150807,2026-08-07,上市,00945B,凱基美國非投等債,14.68,-0.0200,14.69,14.71,14.68,2330000,34229550,186,TWSE_CSV,2026-08-07 14:15:31 +0800
1150807,2026-08-07,上市,00946,群益科技高息成長,15.01,-0.0500,15.05,15.12,14.95,1979000,29777800,226,TWSE_CSV,2026-08-07 14:15:31 +0800
1150807,2026-08-07,上市,00947,台新臺灣IC設計,35.14,-0.3600,35.53,35.58,34.82,5707000,201185430,1816,TWSE_CSV,2026-08-07 14:15:31 +0800
1150807,2026-08-07,上市,00949,復華日本龍頭,21.77,0.1100,21.64,21.80,21.64,524000,11374930,118,TWSE_CSV,2026-08-07 14:15:31 +0800
1150807,2026-08-07,上市,00951,台新日本半導體,17.51,-0.5600,17.49,17.51,17.05,4607000,79461710,1468,TWSE_CSV,2026-08-07 14:15:31 +0800
1150807,2026-08-07,上市,00952,凱基台灣AI50,17.74,-0.2900,18.03,18.12,17.63,1352000,24099440,269,TWSE_CSV,2026-08-07 14:15:31 +0800
1150807,2026-08-07,上市,00953B,群益優選非投等債,9.75,0.0000,9.75,9.76,9.74,20407000,198966740,2551,TWSE_CSV,2026-08-07 14:15:31 +0800
1150807,2026-08-07,上市,00954,中信日本半導體,18.68,-0.5900,18.56,18.69,18.17,3138000,57718810,1067,TWSE_CSV,2026-08-07 14:15:31 +0800
1150807,2026-08-07,上市,00956,中信日經高股息,13.40,0.1700,13.40,13.43,13.36,487000,6522740,89,TWSE_CSV,2026-08-07 14:15:31 +0800
1150807,2026-08-07,上市,00960,野村全球航運龍頭,18.94,0.3600,18.81,18.95,18.81,151000,2852310,80,TWSE_CSV,2026-08-07 14:15:31 +0800
1150807,2026-08-07,上市,00961,FT臺灣永續高息,13.04,-0.0100,13.13,13.13,13.01,19398000,253063670,3285,TWSE_CSV,2026-08-07 14:15:31 +0800
1150807,2026-08-07,上市,00962,台新AI優息動能,14.93,-0.0900,15.17,15.17,14.85,1133000,16959770,246,TWSE_CSV,2026-08-07 14:15:31 +0800
1150807,2026-08-07,上市,00963,中信全球高股息,13.35,-0.0100,13.38,13.38,13.34,1149000,15348110,188,TWSE_CSV,2026-08-07 14:15:31 +0800
1150807,2026-08-07,上市,00964,中信亞太高股息,14.05,-0.0500,14.11,14.11,14.02,1015000,14276760,103,TWSE_CSV,2026-08-07 14:15:31 +0800
1150807,2026-08-07,上市,00965,元大航太防衛科技,26.59,-0.1300,26.72,26.72,26.52,1702000,45220530,398,TWSE_CSV,2026-08-07 14:15:31 +0800
1150807,2026-08-07,上市,00971,野村美國研發龍頭,17.86,-0.0300,17.89,17.89,17.83,57000,1018210,22,TWSE_CSV,2026-08-07 14:15:31 +0800
1150807,2026-08-07,上市,00972,野村日本動能高息,21.96,0.1800,21.80,22.10,21.80,153000,3368580,43,TWSE_CSV,2026-08-07 14:15:31 +0800
1150807,2026-08-07,上市,009800,中信NASDAQ,13.15,-0.0400,13.19,13.19,13.13,606000,7976160,126,TWSE_CSV,2026-08-07 14:15:31 +0800
1150807,2026-08-07,上市,009801,中信美國創新科技,12.56,-0.0300,12.59,12.59,12.53,360000,4519250,111,TWSE_CSV,2026-08-07 14:15:31 +0800
1150807,2026-08-07,上市,009802,富邦旗艦50,18.50,-0.2400,18.82,18.84,18.33,1614000,30003060,325,TWSE_CSV,2026-08-07 14:15:31 +0800
1150807,2026-08-07,上市,009803,玉山市值動能50,20.84,-0.1300,20.99,20.99,20.64,1066000,22172190,359,TWSE_CSV,2026-08-07 14:15:31 +0800
1150807,2026-08-07,上市,009804,聯邦台精彩50,21.50,-0.1400,21.75,21.77,21.39,736000,15874280,197,TWSE_CSV,2026-08-07 14:15:31 +0800
1150807,2026-08-07,上市,009805,台新美國電力基建,16.14,-0.1700,16.21,16.21,16.13,2381000,38476430,658,TWSE_CSV,2026-08-07 14:15:31 +0800
1150807,2026-08-07,上市,009808,華南永昌優選50,30.12,-0.1600,30.28,30.28,29.88,85000,2556370,33,TWSE_CSV,2026-08-07 14:15:31 +0800
1150807,2026-08-07,上市,009809,富邦淨零ESG50,17.15,-0.1200,17.25,17.25,17.10,41000,702820,10,TWSE_CSV,2026-08-07 14:15:31 +0800
1150807,2026-08-07,上市,00980A,主動野村臺灣優選,23.57,-0.1600,24.00,24.00,23.40,11592000,274842830,2271,TWSE_CSV,2026-08-07 14:15:31 +0800
1150807,2026-08-07,上市,009810,玉山全球藍籌100,21.74,-0.1200,21.86,21.86,21.74,128000,2787750,21,TWSE_CSV,2026-08-07 14:15:31 +0800
1150807,2026-08-07,上市,009811,統一美國50,13.50,-0.0400,13.54,13.55,13.49,305000,4118410,113,TWSE_CSV,2026-08-07 14:15:31 +0800
1150807,2026-08-07,上市,009812,野村日本東證,12.98,0.0200,12.97,12.98,12.92,829000,10726990,63,TWSE_CSV,2026-08-07 14:15:31 +0800
1150807,2026-08-07,上市,009813,貝萊德標普卓越50,11.49,-0.0400,11.50,11.50,11.47,890000,10224650,153,TWSE_CSV,2026-08-07 14:15:31 +0800
1150807,2026-08-07,上市,009816,凱基台灣TOP50,14.88,-0.0800,15.05,15.06,14.78,76609000,1141245350,15278,TWSE_CSV,2026-08-07 14:15:31 +0800
1150807,2026-08-07,上市,009817,國泰日本不動產,9.19,-0.0400,9.30,9.30,9.19,1129000,10429320,91,TWSE_CSV,2026-08-07 14:15:31 +0800
1150807,2026-08-07,上市,009818,華南永昌NASDAQxT,20.37,0.0500,20.34,20.39,20.34,137000,2788300,34,TWSE_CSV,2026-08-07 14:15:31 +0800
1150807,2026-08-07,上市,009819,中信數據及電力,10.31,0.0100,10.32,10.35,10.30,5116000,52788020,743,TWSE_CSV,2026-08-07 14:15:31 +0800
1150807,2026-08-07,上市,00981A,主動統一台股增長,28.03,-0.8100,28.92,28.92,27.86,183237000,5181590010,46302,TWSE_CSV,2026-08-07 14:15:31 +0800
1150807,2026-08-07,上市,00981T,平衡凱基雙核收息,11.91,-0.0700,11.96,11.97,11.89,4133000,49287770,399,TWSE_CSV,2026-08-07 14:15:31 +0800
1150807,2026-08-07,上市,009820,元大納斯達克精選,9.95,0.0000,9.98,9.99,9.93,3809000,37925210,368,TWSE_CSV,2026-08-07 14:15:31 +0800
1150807,2026-08-07,上市,009821,野村稀土關鍵資源,14.34,0.2200,14.14,14.39,14.08,13142000,187939730,2451,TWSE_CSV,2026-08-07 14:15:31 +0800
1150807,2026-08-07,上市,009824,群益美國科技巨頭,10.19,-0.0300,10.21,10.23,10.18,5283000,53883490,632,TWSE_CSV,2026-08-07 14:15:31 +0800
1150807,2026-08-07,上市,009826,貝萊德世界股票,10.22,-0.0600,10.24,10.24,10.20,24154000,246810590,5016,TWSE_CSV,2026-08-07 14:15:31 +0800
1150807,2026-08-07,上市,00982A,主動群益台灣強棒,22.39,-0.3200,22.95,22.98,22.25,30193000,682920920,6900,TWSE_CSV,2026-08-07 14:15:31 +0800
1150807,2026-08-07,上市,00982D,主動富邦動態入息,9.87,-0.0400,9.88,9.88,9.85,761000,7504170,79,TWSE_CSV,2026-08-07 14:15:31 +0800
1150807,2026-08-07,上市,00982T,平衡兆豐台美動能,15.24,0.0000,15.29,15.29,15.23,4000,61000,4,TWSE_CSV,2026-08-07 14:15:31 +0800
1150807,2026-08-07,上市,00983A,主動中信ARK創新,11.53,-0.0800,11.59,11.59,11.52,574000,6621860,84,TWSE_CSV,2026-08-07 14:15:31 +0800
1150807,2026-08-07,上市,00983D,主動富邦複合收益,10.11,-0.0200,10.10,10.11,10.09,294000,2970120,65,TWSE_CSV,2026-08-07 14:15:31 +0800
1150807,2026-08-07,上市,00984A,主動安聯台灣高息,14.87,-0.1000,15.06,15.08,14.82,3658000,54650950,1034,TWSE_CSV,2026-08-07 14:15:31 +0800
1150807,2026-08-07,上市,00984D,主動聯博全球非投,10.15,-0.0100,10.16,10.16,10.14,21533000,218511190,1347,TWSE_CSV,2026-08-07 14:15:31 +0800
1150807,2026-08-07,上市,00985A,主動野村台灣50,21.48,-0.2900,21.83,21.90,21.36,2935000,63243210,367,TWSE_CSV,2026-08-07 14:15:31 +0800
1150807,2026-08-07,上市,00985B,群益ESG投等債0-5,10.33,-0.0100,10.33,10.35,10.32,1921000,19843620,170,TWSE_CSV,2026-08-07 14:15:31 +0800
1150807,2026-08-07,上市,00986A,主動台新龍頭成長,14.81,-0.0100,14.82,14.85,14.77,201000,2973590,33,TWSE_CSV,2026-08-07 14:15:31 +0800
1150807,2026-08-07,上市,00987A,主動台新優勢成長,14.92,-0.5000,15.45,15.45,14.84,2612000,39404440,574,TWSE_CSV,2026-08-07 14:15:31 +0800
1150807,2026-08-07,上市,00988A,主動統一全球創新,16.39,-0.2100,16.61,16.62,16.27,50486000,826170710,9039,TWSE_CSV,2026-08-07 14:15:31 +0800
1150807,2026-08-07,上市,00989A,主動摩根美國科技,17.14,0.1100,17.10,17.15,17.06,3845000,65735730,94,TWSE_CSV,2026-08-07 14:15:31 +0800
1150807,2026-08-07,上市,00990A,主動元大AI新經濟,15.68,-0.1500,15.90,15.90,15.59,18622000,291929430,2842,TWSE_CSV,2026-08-07 14:15:31 +0800
1150807,2026-08-07,上市,00991A,主動復華未來50,16.86,-0.3000,17.25,17.25,16.74,76415000,1296101430,13969,TWSE_CSV,2026-08-07 14:15:31 +0800
1150807,2026-08-07,上市,00991B,貝萊德A級公司債,15.04,-0.1300,15.07,15.08,15.04,365000,5494920,52,TWSE_CSV,2026-08-07 14:15:31 +0800
1150807,2026-08-07,上市,00992A,主動群益科技創新,16.63,-0.3000,17.16,17.16,16.53,37595000,631990600,5221,TWSE_CSV,2026-08-07 14:15:31 +0800
1150807,2026-08-07,上市,00993A,主動安聯台灣,12.75,-0.1800,13.00,13.03,12.69,3268000,41999850,506,TWSE_CSV,2026-08-07 14:15:31 +0800
1150807,2026-08-07,上市,00994A,主動第一金台股優,16.27,-0.2300,16.64,16.64,16.16,1854000,30282610,424,TWSE_CSV,2026-08-07 14:15:31 +0800
1150807,2026-08-07,上市,00995A,主動中信台灣卓越,16.39,-0.4500,16.89,16.89,16.27,3578000,59050770,582,TWSE_CSV,2026-08-07 14:15:31 +0800
1150807,2026-08-07,上市,00996A,主動兆豐台灣豐收,13.27,-0.2100,13.56,13.58,13.16,5179000,69229570,596,TWSE_CSV,2026-08-07 14:15:31 +0800
1150807,2026-08-07,上市,00997A,主動群益美國增長,11.41,-0.0800,11.50,11.50,11.38,5294000,60399270,1190,TWSE_CSV,2026-08-07 14:15:31 +0800
1150807,2026-08-07,上市,00999A,主動野村臺灣高息,10.83,-0.0500,10.98,10.99,10.78,11608000,126666970,1502,TWSE_CSV,2026-08-07 14:15:31 +0800
1150807,2026-08-07,上市,1101,台泥,24.35,0.0000,24.30,24.75,24.30,18277000,447874100,4770,TWSE_CSV,2026-08-07 14:15:31 +0800
1150807,2026-08-07,上市,1102,亞泥,32.85,-0.1000,32.80,33.05,32.80,4769000,157057450,1574,TWSE_CSV,2026-08-07 14:15:31 +0800
1150807,2026-08-07,上市,1103,嘉泥,13.15,0.1500,12.95,13.15,12.95,207000,2711000,111,TWSE_CSV,2026-08-07 14:15:31 +0800
1150807,2026-08-07,上市,1104,環泥,26.60,0.1500,26.40,26.75,26.40,296000,7889400,225,TWSE_CSV,2026-08-07 14:15:31 +0800
1150807,2026-08-07,上市,1108,幸福,12.10,0.0500,12.05,12.10,12.00,227000,2739250,97,TWSE_CSV,2026-08-07 14:15:31 +0800
1150807,2026-08-07,上市,1109,信大,13.50,-0.0500,13.55,13.65,13.50,121000,1638650,45,TWSE_CSV,2026-08-07 14:15:31 +0800
1150807,2026-08-07,上市,1110,東泥,15.90,0.1000,15.75,15.95,15.75,180000,2852150,120,TWSE_CSV,2026-08-07 14:15:31 +0800
1150807,2026-08-07,上市,1201,味全,12.10,0.1000,12.00,12.15,12.00,250000,3021250,151,TWSE_CSV,2026-08-07 14:15:31 +0800
1150807,2026-08-07,上市,1203,味王,47.65,0.1500,47.90,48.00,47.15,15000,712200,11,TWSE_CSV,2026-08-07 14:15:31 +0800
1150807,2026-08-07,上市,1210,大成,52.70,0.0000,52.40,53.10,52.10,4425000,232389000,2162,TWSE_CSV,2026-08-07 14:15:31 +0800
1150807,2026-08-07,上市,1213,大飲,7.72,0.2400,7.60,7.75,7.47,25000,191610,17,TWSE_CSV,2026-08-07 14:15:31 +0800
1150807,2026-08-07,上市,1215,卜蜂,108.00,0.5000,107.00,109.00,107.00,501000,54048000,406,TWSE_CSV,2026-08-07 14:15:31 +0800
1150807,2026-08-07,上市,1216,統一,75.70,2.7000,73.60,75.70,73.50,27586000,2067482900,10029,TWSE_CSV,2026-08-07 14:15:31 +0800
1150807,2026-08-07,上市,1217,愛之味,9.76,-0.0200,9.76,9.83,9.76,339000,3316240,192,TWSE_CSV,2026-08-07 14:15:31 +0800
1150807,2026-08-07,上市,1218,泰山,15.50,-0.0500,15.50,15.65,15.50,931000,14458800,307,TWSE_CSV,2026-08-07 14:15:31 +0800
1150807,2026-08-07,上市,1219,福壽,10.75,0.1000,10.65,10.75,10.60,400000,4284850,187,TWSE_CSV,2026-08-07 14:15:31 +0800
1150807,2026-08-07,上市,1220,台榮,11.15,0.0000,11.10,11.25,11.10,31000,346150,22,TWSE_CSV,2026-08-07 14:15:31 +0800
1150807,2026-08-07,上市,1225,福懋油,24.20,0.5000,23.75,24.70,23.75,214000,5194650,127,TWSE_CSV,2026-08-07 14:15:31 +0800
1150807,2026-08-07,上市,1227,佳格,29.15,0.3000,28.95,29.30,28.85,816000,23795200,448,TWSE_CSV,2026-08-07 14:15:31 +0800
1150807,2026-08-07,上市,1229,聯華,40.65,0.0500,40.60,41.00,40.60,1373000,55971750,752,TWSE_CSV,2026-08-07 14:15:31 +0800
1150807,2026-08-07,上市,1231,聯華食,80.60,0.7000,79.90,81.00,79.90,324000,26148800,243,TWSE_CSV,2026-08-07 14:15:31 +0800
1150807,2026-08-07,上市,1232,大統益,156.50,1.0000,155.50,157.50,155.00,220000,34312000,184,TWSE_CSV,2026-08-07 14:15:31 +0800
1150807,2026-08-07,上市,1233,天仁,28.80,0.0500,28.90,28.90,28.70,17000,489850,11,TWSE_CSV,2026-08-07 14:15:31 +0800
1150807,2026-08-07,上市,1234,黑松,33.45,0.1500,33.30,33.60,33.30,120000,4019850,68,TWSE_CSV,2026-08-07 14:15:31 +0800
1150807,2026-08-07,上市,1235,興泰,36.70,-0.2000,36.70,36.70,36.70,1000,36700,1,TWSE_CSV,2026-08-07 14:15:31 +0800
1150807,2026-08-07,上市,1236,宏亞,25.50,0.5500,24.95,25.90,24.90,390000,9854950,139,TWSE_CSV,2026-08-07 14:15:31 +0800
1150807,2026-08-07,上市,1256,鮮活果汁-KY,178.50,1.5000,177.50,180.00,177.00,46000,8208000,45,TWSE_CSV,2026-08-07 14:15:31 +0800
1150807,2026-08-07,上市,1301,台塑,55.80,0.7000,55.80,57.20,55.40,24513000,1375601100,9983,TWSE_CSV,2026-08-07 14:15:31 +0800
1150807,2026-08-07,上市,1303,南亞,188.00,9.5000,189.00,193.00,178.50,127925000,23710790500,66870,TWSE_CSV,2026-08-07 14:15:31 +0800
1150807,2026-08-07,上市,1304,台聚,11.80,0.2500,11.70,11.95,11.70,2797000,33012300,1169,TWSE_CSV,2026-08-07 14:15:31 +0800
1150807,2026-08-07,上市,1305,華夏,11.55,0.1000,11.50,11.80,11.45,1419000,16465200,531,TWSE_CSV,2026-08-07 14:15:31 +0800
1150807,2026-08-07,上市,1307,三芳,32.50,0.3500,32.20,32.75,32.20,370000,12028800,256,TWSE_CSV,2026-08-07 14:15:31 +0800
1150807,2026-08-07,上市,1308,亞聚,13.40,0.3000,13.10,13.50,13.10,2003000,26777800,791,TWSE_CSV,2026-08-07 14:15:31 +0800
1150807,2026-08-07,上市,1309,台達化,12.80,0.1000,12.70,13.10,12.70,1444000,18577900,657,TWSE_CSV,2026-08-07 14:15:31 +0800
1150807,2026-08-07,上市,1310,台苯,7.97,-0.0300,8.00,8.20,7.95,3854000,30893410,1390,TWSE_CSV,2026-08-07 14:15:31 +0800
1150807,2026-08-07,上市,1312,國喬,11.95,-0.3000,12.15,12.40,11.95,4772000,57680250,1498,TWSE_CSV,2026-08-07 14:15:31 +0800
1150807,2026-08-07,上市,1313,聯成,11.50,-0.1000,11.70,12.00,11.50,4119000,48138150,1380,TWSE_CSV,2026-08-07 14:15:31 +0800
1150807,2026-08-07,上市,1314,中石化,7.80,-0.0100,7.85,7.96,7.76,16957000,132830300,4635,TWSE_CSV,2026-08-07 14:15:31 +0800
1150807,2026-08-07,上市,1315,達新,63.90,0.0000,63.90,63.90,63.90,1000,63900,1,TWSE_CSV,2026-08-07 14:15:31 +0800
1150807,2026-08-07,上市,1316,上曜,10.05,-0.0500,10.15,10.15,10.05,688000,6934000,242,TWSE_CSV,2026-08-07 14:15:31 +0800
1150807,2026-08-07,上市,1319,東陽,76.70,0.2000,77.00,78.30,75.80,4042000,311674200,2500,TWSE_CSV,2026-08-07 14:15:31 +0800
1150807,2026-08-07,上市,1321,大洋,31.90,0.2000,31.95,32.05,31.75,64000,2040100,57,TWSE_CSV,2026-08-07 14:15:31 +0800
1150807,2026-08-07,上市,1323,永裕,19.95,0.1000,19.95,19.95,19.85,20000,398050,10,TWSE_CSV,2026-08-07 14:15:31 +0800
1150807,2026-08-07,上市,1324,地球,10.05,0.0000,10.05,10.10,9.96,16000,160870,13,TWSE_CSV,2026-08-07 14:15:31 +0800
1150807,2026-08-07,上市,1325,恆大,27.40,1.0500,26.50,27.85,26.30,488000,13189200,302,TWSE_CSV,2026-08-07 14:15:31 +0800
1150807,2026-08-07,上市,1326,台化,58.90,0.8000,59.30,60.50,58.10,25550000,1512435100,11679,TWSE_CSV,2026-08-07 14:15:31 +0800
1150807,2026-08-07,上市,1337,再生-KY,4.68,0.0200,4.66,4.68,4.63,222000,1032540,115,TWSE_CSV,2026-08-07 14:15:31 +0800
1150807,2026-08-07,上市,1338,廣華-KY,15.25,0.0000,15.40,15.40,15.05,53000,805200,39,TWSE_CSV,2026-08-07 14:15:31 +0800
1150807,2026-08-07,上市,1339,昭輝,45.00,-0.0500,45.20,45.50,44.80,118000,5328800,86,TWSE_CSV,2026-08-07 14:15:31 +0800
1150807,2026-08-07,上市,1340,勝悅-KY,5.07,0.0100,5.06,5.08,5.05,128000,648380,70,TWSE_CSV,2026-08-07 14:15:31 +0800
1150807,2026-08-07,上市,1341,富林-KY,58.60,-0.7000,58.10,58.60,58.10,4000,233700,3,TWSE_CSV,2026-08-07 14:15:31 +0800
1150807,2026-08-07,上市,1342,八貫,104.00,2.5000,102.50,105.50,102.50,546000,56934500,372,TWSE_CSV,2026-08-07 14:15:31 +0800
1150807,2026-08-07,上市,1402,遠東新,27.50,0.5000,26.90,27.60,26.90,21143000,576866350,5154,TWSE_CSV,2026-08-07 14:15:31 +0800
1150807,2026-08-07,上市,1409,新纖,22.50,-0.1000,22.65,22.80,22.40,4218000,95083600,1704,TWSE_CSV,2026-08-07 14:15:31 +0800
1150807,2026-08-07,上市,1410,南染,26.35,0.9000,25.60,26.35,25.40,22000,568850,19,TWSE_CSV,2026-08-07 14:15:31 +0800
1150807,2026-08-07,上市,1413,宏洲,9.39,0.1200,9.24,9.39,9.24,11000,102700,9,TWSE_CSV,2026-08-07 14:15:31 +0800
1150807,2026-08-07,上市,1414,東和,19.55,0.2000,19.40,19.60,18.95,427000,8201300,256,TWSE_CSV,2026-08-07 14:15:31 +0800
1150807,2026-08-07,上市,1416,廣豐,11.00,0.2500,10.80,11.10,10.75,719000,7877250,202,TWSE_CSV,2026-08-07 14:15:31 +0800
1150807,2026-08-07,上市,1417,嘉裕,8.28,0.0300,8.23,8.28,8.21,103000,848930,34,TWSE_CSV,2026-08-07 14:15:31 +0800
1150807,2026-08-07,上市,1418,東華,18.05,-0.1500,18.00,18.05,17.85,12000,215600,10,TWSE_CSV,2026-08-07 14:15:31 +0800
1150807,2026-08-07,上市,1419,新紡,64.00,-0.2000,63.90,64.60,63.70,55000,3524900,48,TWSE_CSV,2026-08-07 14:15:31 +0800
1150807,2026-08-07,上市,1423,利華,35.55,0.0500,35.50,35.55,35.50,18000,639050,6,TWSE_CSV,2026-08-07 14:15:31 +0800
1150807,2026-08-07,上市,1432,大魯閣,15.10,-0.0500,15.05,15.20,15.05,97000,1465450,67,TWSE_CSV,2026-08-07 14:15:31 +0800
1150807,2026-08-07,上市,1434,福懋,17.25,0.1500,17.10,17.40,17.10,1615000,27911250,713,TWSE_CSV,2026-08-07 14:15:31 +0800
1150807,2026-08-07,上市,1435,中福,23.30,2.1000,21.75,23.30,21.55,78000,1806100,52,TWSE_CSV,2026-08-07 14:15:31 +0800
1150807,2026-08-07,上市,1436,華友聯,36.35,0.9500,35.40,36.55,35.40,302000,10896200,193,TWSE_CSV,2026-08-07 14:15:31 +0800
1150807,2026-08-07,上市,1437,勤益控,29.70,0.2500,29.55,29.85,29.50,185000,5492500,101,TWSE_CSV,2026-08-07 14:15:31 +0800
1150807,2026-08-07,上市,1438,三地開發,22.35,-0.1000,22.20,22.50,22.20,32000,714600,20,TWSE_CSV,2026-08-07 14:15:31 +0800
1150807,2026-08-07,上市,1439,雋揚,27.40,-1.5000,28.35,28.35,27.40,29000,810700,23,TWSE_CSV,2026-08-07 14:15:31 +0800
1150807,2026-08-07,上市,1440,南紡,12.65,0.1500,12.60,12.75,12.50,1389000,17554750,533,TWSE_CSV,2026-08-07 14:15:31 +0800
1150807,2026-08-07,上市,1441,大東,9.00,0.0000,9.00,9.00,9.00,1000,9000,1,TWSE_CSV,2026-08-07 14:15:31 +0800
1150807,2026-08-07,上市,1442,名軒,30.10,0.6000,29.40,30.15,29.40,295000,8834900,180,TWSE_CSV,2026-08-07 14:15:31 +0800
1150807,2026-08-07,上市,1443,立益物流,25.60,-0.2000,25.65,25.65,25.60,2000,51250,2,TWSE_CSV,2026-08-07 14:15:31 +0800
1150807,2026-08-07,上市,1444,力麗,7.26,0.0600,7.20,7.28,7.17,1086000,7824980,387,TWSE_CSV,2026-08-07 14:15:31 +0800
1150807,2026-08-07,上市,1445,大宇,10.60,0.2000,10.40,10.65,10.30,83000,863100,54,TWSE_CSV,2026-08-07 14:15:31 +0800
1150807,2026-08-07,上市,1446,宏和,13.85,0.1000,13.85,13.95,13.75,178000,2465350,95,TWSE_CSV,2026-08-07 14:15:31 +0800
1150807,2026-08-07,上市,1447,力鵬,7.04,-0.1400,7.10,7.24,7.04,2128000,15150590,708,TWSE_CSV,2026-08-07 14:15:31 +0800
1150807,2026-08-07,上市,1449,佳和,12.55,0.1000,12.50,12.55,12.40,403000,5035350,167,TWSE_CSV,2026-08-07 14:15:31 +0800
1150807,2026-08-07,上市,1451,年興,17.75,0.2000,17.65,17.85,17.60,182000,3222300,88,TWSE_CSV,2026-08-07 14:15:31 +0800
1150807,2026-08-07,上市,1452,宏益,11.40,0.3000,11.15,11.40,11.00,117000,1314750,60,TWSE_CSV,2026-08-07 14:15:31 +0800
1150807,2026-08-07,上市,1453,大將,11.10,0.0500,10.95,11.10,10.95,34000,374450,15,TWSE_CSV,2026-08-07 14:15:31 +0800
1150807,2026-08-07,上市,1454,台富,12.80,-0.2000,13.00,13.00,12.80,9000,115700,9,TWSE_CSV,2026-08-07 14:15:31 +0800
1150807,2026-08-07,上市,1455,集盛,9.00,0.1200,8.86,9.10,8.86,653000,5892370,302,TWSE_CSV,2026-08-07 14:15:31 +0800
1150807,2026-08-07,上市,1456,怡華,14.20,0.1000,14.05,14.40,14.05,36000,509700,20,TWSE_CSV,2026-08-07 14:15:31 +0800
1150807,2026-08-07,上市,1457,宜進,14.05,0.0000,14.20,14.20,13.90,217000,3037900,77,TWSE_CSV,2026-08-07 14:15:31 +0800
1150807,2026-08-07,上市,1459,聯發,12.90,-0.0500,12.80,13.05,12.80,118000,1523850,32,TWSE_CSV,2026-08-07 14:15:31 +0800
1150807,2026-08-07,上市,1460,宏遠,6.64,0.1000,6.58,6.68,6.55,266000,1762140,100,TWSE_CSV,2026-08-07 14:15:31 +0800
1150807,2026-08-07,上市,1463,強盛新,17.80,-0.1000,17.70,17.90,17.70,19000,338600,11,TWSE_CSV,2026-08-07 14:15:31 +0800
1150807,2026-08-07,上市,1464,得力,10.35,-0.0500,10.40,10.60,10.35,404000,4227750,185,TWSE_CSV,2026-08-07 14:15:31 +0800
1150807,2026-08-07,上市,1465,偉全,12.35,0.0500,12.30,12.45,12.25,79000,972550,57,TWSE_CSV,2026-08-07 14:15:31 +0800
1150807,2026-08-07,上市,1466,聚隆,16.25,0.3000,16.10,16.25,16.00,203000,3265000,130,TWSE_CSV,2026-08-07 14:15:31 +0800
1150807,2026-08-07,上市,1467,南緯,9.85,-0.1400,10.00,10.10,9.85,370000,3677250,161,TWSE_CSV,2026-08-07 14:15:31 +0800
1150807,2026-08-07,上市,1468,昶和,13.55,0.1000,13.40,13.55,13.15,40000,536800,28,TWSE_CSV,2026-08-07 14:15:31 +0800
1150807,2026-08-07,上市,1470,大統新創,22.70,-0.4000,22.90,22.90,22.70,2000,45600,2,TWSE_CSV,2026-08-07 14:15:31 +0800
1150807,2026-08-07,上市,1471,首利,9.54,0.0900,9.26,9.60,9.26,175000,1661870,113,TWSE_CSV,2026-08-07 14:15:31 +0800
1150807,2026-08-07,上市,1472,三洋實業,88.80,0.3000,87.00,88.80,86.90,29000,2547400,22,TWSE_CSV,2026-08-07 14:15:31 +0800
1150807,2026-08-07,上市,1473,台南,19.85,0.0500,19.80,19.95,19.80,36000,715050,25,TWSE_CSV,2026-08-07 14:15:31 +0800
1150807,2026-08-07,上市,1474,弘裕,10.05,0.0000,10.10,10.10,10.00,17000,170650,14,TWSE_CSV,2026-08-07 14:15:31 +0800
1150807,2026-08-07,上市,1475,業旺,27.30,0.2000,27.40,27.40,27.00,20000,542600,16,TWSE_CSV,2026-08-07 14:15:31 +0800
1150807,2026-08-07,上市,1476,儒鴻,347.00,-17.5000,360.00,363.00,341.50,3019000,1051975500,2377,TWSE_CSV,2026-08-07 14:15:31 +0800
1150807,2026-08-07,上市,1477,聚陽,224.00,-2.0000,226.00,227.50,222.00,1561000,349957500,972,TWSE_CSV,2026-08-07 14:15:31 +0800
1150807,2026-08-07,上市,1503,士電,193.50,-2.0000,199.00,200.50,193.00,1134000,222897500,888,TWSE_CSV,2026-08-07 14:15:31 +0800
1150807,2026-08-07,上市,1504,東元,66.00,-0.7000,67.40,67.80,65.80,4492000,299706300,2661,TWSE_CSV,2026-08-07 14:15:31 +0800
1150807,2026-08-07,上市,1506,正道,10.25,-0.0500,10.30,10.40,10.05,152000,1548250,77,TWSE_CSV,2026-08-07 14:15:31 +0800
1150807,2026-08-07,上市,1512,瑞利,6.61,-0.0300,6.64,6.64,6.57,37000,244590,21,TWSE_CSV,2026-08-07 14:15:31 +0800
1150807,2026-08-07,上市,1513,中興電,157.50,-3.0000,160.50,161.50,157.00,1464000,232818500,1035,TWSE_CSV,2026-08-07 14:15:31 +0800
1150807,2026-08-07,上市,1514,亞力,99.80,-1.7000,101.50,102.00,99.60,948000,95039500,797,TWSE_CSV,2026-08-07 14:15:31 +0800
1150807,2026-08-07,上市,1515,力山,30.40,-1.5500,33.00,33.00,30.40,360000,11131000,252,TWSE_CSV,2026-08-07 14:15:31 +0800
1150807,2026-08-07,上市,1516,川飛,14.50,-1.0500,14.80,14.80,14.20,84000,1222450,39,TWSE_CSV,2026-08-07 14:15:31 +0800
1150807,2026-08-07,上市,1517,利奇,11.55,-0.1500,11.80,11.80,11.50,509000,5911050,245,TWSE_CSV,2026-08-07 14:15:31 +0800
1150807,2026-08-07,上市,1519,華城,653.00,-9.0000,664.00,671.00,650.00,917000,603441000,836,TWSE_CSV,2026-08-07 14:15:31 +0800
1150807,2026-08-07,上市,1521,大億,25.20,-0.0500,25.30,25.30,25.20,8000,201750,8,TWSE_CSV,2026-08-07 14:15:31 +0800
1150807,2026-08-07,上市,1522,堤維西,28.00,-1.7500,29.40,29.40,28.00,1988000,56344050,1183,TWSE_CSV,2026-08-07 14:15:31 +0800
1150807,2026-08-07,上市,1524,耿鼎,27.25,0.2500,27.50,27.55,27.00,705000,19228450,382,TWSE_CSV,2026-08-07 14:15:31 +0800
1150807,2026-08-07,上市,1525,江申,68.70,-0.1000,67.80,68.70,67.80,4000,273000,4,TWSE_CSV,2026-08-07 14:15:31 +0800
1150807,2026-08-07,上市,1526,日馳,18.25,-0.9000,19.25,19.45,18.25,1577000,29568850,836,TWSE_CSV,2026-08-07 14:15:31 +0800
1150807,2026-08-07,上市,1527,鑽全,32.60,0.2000,32.55,32.90,32.55,140000,4574300,94,TWSE_CSV,2026-08-07 14:15:31 +0800
1150807,2026-08-07,上市,1528,恩德,18.55,0.0000,18.70,18.70,18.40,496000,9178550,294,TWSE_CSV,2026-08-07 14:15:31 +0800
1150807,2026-08-07,上市,1529,樂事綠能,17.15,-0.1000,17.25,17.25,17.00,358000,6125400,204,TWSE_CSV,2026-08-07 14:15:31 +0800
1150807,2026-08-07,上市,1530,亞崴,28.00,0.2500,28.10,28.10,28.00,14000,392600,13,TWSE_CSV,2026-08-07 14:15:31 +0800
1150807,2026-08-07,上市,1531,高林股,12.95,0.1000,12.85,13.00,12.85,104000,1344050,30,TWSE_CSV,2026-08-07 14:15:31 +0800
1150807,2026-08-07,上市,1532,勤美,21.80,0.3000,21.50,21.85,21.50,394000,8574800,180,TWSE_CSV,2026-08-07 14:15:31 +0800
1150807,2026-08-07,上市,1533,車王電,33.45,-0.1000,33.55,33.80,33.20,74000,2478400,58,TWSE_CSV,2026-08-07 14:15:31 +0800
1150807,2026-08-07,上市,1535,中宇,45.95,0.2500,45.70,46.35,45.70,61000,2810500,34,TWSE_CSV,2026-08-07 14:15:31 +0800
1150807,2026-08-07,上市,1536,和大,51.40,0.4000,51.00,53.40,51.00,2662000,139545200,1657,TWSE_CSV,2026-08-07 14:15:31 +0800
1150807,2026-08-07,上市,1537,廣隆,127.00,1.0000,126.00,127.50,125.50,118000,14954500,84,TWSE_CSV,2026-08-07 14:15:31 +0800
1150807,2026-08-07,上市,1538,正峰,0.00,0.0000,0.00,0.00,0.00,0,0,0,TWSE_CSV,2026-08-07 14:15:31 +0800
1150807,2026-08-07,上市,1539,巨庭,16.00,-0.1500,16.05,16.05,15.90,117000,1871300,51,TWSE_CSV,2026-08-07 14:15:31 +0800
1150807,2026-08-07,上市,1540,喬福,20.00,-0.2000,20.00,20.60,20.00,247000,4991850,139,TWSE_CSV,2026-08-07 14:15:31 +0800
1150807,2026-08-07,上市,1541,錩泰,21.80,0.1000,21.25,22.00,21.25,15000,326250,11,TWSE_CSV,2026-08-07 14:15:31 +0800
1150807,2026-08-07,上市,1558,伸興,92.40,0.9000,93.10,93.10,91.50,110000,10165400,87,TWSE_CSV,2026-08-07 14:15:31 +0800
1150807,2026-08-07,上市,1560,中砂,662.00,-31.0000,697.00,703.00,662.00,780000,527544000,672,TWSE_CSV,2026-08-07 14:15:31 +0800
1150807,2026-08-07,上市,1563,巧新,58.80,1.2000,58.10,60.10,56.70,1071000,62619000,518,TWSE_CSV,2026-08-07 14:15:31 +0800
1150807,2026-08-07,上市,1568,倉佑,27.90,-0.7000,28.75,28.90,27.85,208000,5860850,182,TWSE_CSV,2026-08-07 14:15:31 +0800
1150807,2026-08-07,上市,1582,信錦,70.30,-1.8000,72.30,72.30,70.00,586000,41660500,444,TWSE_CSV,2026-08-07 14:15:31 +0800
1150807,2026-08-07,上市,1583,程泰,49.00,-0.6500,49.05,49.15,48.75,20000,980150,16,TWSE_CSV,2026-08-07 14:15:31 +0800
1150807,2026-08-07,上市,1587,吉茂,24.35,0.0000,24.60,24.70,24.20,67000,1636700,54,TWSE_CSV,2026-08-07 14:15:31 +0800
1150807,2026-08-07,上市,1590,亞德客-KY,1545.00,-15.0000,1540.00,1590.00,1520.00,965000,1501660000,845,TWSE_CSV,2026-08-07 14:15:31 +0800
1150807,2026-08-07,上市,1597,直得,141.00,-2.0000,144.00,156.50,141.00,5734000,847958000,4454,TWSE_CSV,2026-08-07 14:15:31 +0800
1150807,2026-08-07,上市,1598,岱宇,20.30,0.3000,20.10,20.40,20.00,239000,4849450,112,TWSE_CSV,2026-08-07 14:15:31 +0800
1150807,2026-08-07,上市,1603,華電,28.70,0.0000,29.00,29.20,28.70,125000,3612500,89,TWSE_CSV,2026-08-07 14:15:31 +0800
1150807,2026-08-07,上市,1604,聲寶,23.20,0.1500,23.15,23.20,23.10,171000,3960350,82,TWSE_CSV,2026-08-07 14:15:31 +0800
1150807,2026-08-07,上市,1605,華新,34.55,0.3000,34.50,35.00,34.00,16182000,558793550,7327,TWSE_CSV,2026-08-07 14:15:31 +0800
1150807,2026-08-07,上市,1608,華榮,34.95,0.5500,34.50,35.80,34.50,8747000,307163300,4835,TWSE_CSV,2026-08-07 14:15:31 +0800
1150807,2026-08-07,上市,1609,大亞,37.05,1.1000,37.25,38.80,36.85,9289000,349422200,4914,TWSE_CSV,2026-08-07 14:15:31 +0800
1150807,2026-08-07,上市,1611,中電,11.85,-0.0500,12.00,12.00,11.85,280000,3335500,153,TWSE_CSV,2026-08-07 14:15:31 +0800
1150807,2026-08-07,上市,1612,宏泰,31.65,0.7000,31.00,32.35,31.00,1506000,47762100,802,TWSE_CSV,2026-08-07 14:15:31 +0800
1150807,2026-08-07,上市,1614,三洋電,30.95,-0.2000,31.30,31.35,30.80,48000,1489250,35,TWSE_CSV,2026-08-07 14:15:31 +0800
1150807,2026-08-07,上市,1615,大山,42.20,0.1000,42.10,42.45,42.10,87000,3669700,59,TWSE_CSV,2026-08-07 14:15:31 +0800
1150807,2026-08-07,上市,1616,億泰,19.65,-0.0500,19.75,20.10,19.60,397000,7848200,212,TWSE_CSV,2026-08-07 14:15:31 +0800
1150807,2026-08-07,上市,1617,榮星,18.20,-0.2000,18.35,19.00,18.20,913000,16843950,500,TWSE_CSV,2026-08-07 14:15:31 +0800
1150807,2026-08-07,上市,1618,合機,38.45,-0.1500,38.70,39.05,38.45,430000,16652150,301,TWSE_CSV,2026-08-07 14:15:31 +0800
1150807,2026-08-07,上市,1623,大東電,208.50,-0.5000,210.00,212.00,207.50,40000,8373500,37,TWSE_CSV,2026-08-07 14:15:31 +0800
1150807,2026-08-07,上市,1626,艾美特-KY,9.59,-0.0700,9.80,9.80,9.59,53000,511910,33,TWSE_CSV,2026-08-07 14:15:31 +0800
1150807,2026-08-07,上市,1702,南僑,33.50,0.2000,33.30,33.60,33.30,175000,5852150,98,TWSE_CSV,2026-08-07 14:15:31 +0800
1150807,2026-08-07,上市,1707,葡萄王,89.20,0.8000,88.40,90.20,88.40,230000,20589400,193,TWSE_CSV,2026-08-07 14:15:31 +0800
1150807,2026-08-07,上市,1708,東鹼,48.75,-1.0000,50.20,50.20,48.65,2031000,100154650,1119,TWSE_CSV,2026-08-07 14:15:31 +0800
1150807,2026-08-07,上市,1709,和益,27.80,0.1500,27.80,28.45,27.35,4734000,131948400,2356,TWSE_CSV,2026-08-07 14:15:31 +0800
1150807,2026-08-07,上市,1710,東聯,14.15,0.3000,13.85,14.30,13.65,5741000,80305850,1725,TWSE_CSV,2026-08-07 14:15:31 +0800
1150807,2026-08-07,上市,1711,永光,34.60,-0.9000,35.35,35.85,34.50,1798000,62742450,1120,TWSE_CSV,2026-08-07 14:15:31 +0800
1150807,2026-08-07,上市,1712,興農,38.95,0.3000,38.80,39.10,38.80,456000,17753050,340,TWSE_CSV,2026-08-07 14:15:31 +0800
1150807,2026-08-07,上市,1713,國化,43.55,-0.2500,43.60,43.80,43.55,177000,7727050,107,TWSE_CSV,2026-08-07 14:15:31 +0800
1150807,2026-08-07,上市,1714,和桐,15.75,-0.4500,17.00,17.00,15.50,47101000,755765950,15136,TWSE_CSV,2026-08-07 14:15:31 +0800
1150807,2026-08-07,上市,1717,長興,66.20,0.0000,66.50,67.50,66.00,5487000,366034900,3458,TWSE_CSV,2026-08-07 14:15:31 +0800
1150807,2026-08-07,上市,1718,中纖,9.91,-0.2900,10.10,10.35,9.90,27209000,272841030,7768,TWSE_CSV,2026-08-07 14:15:31 +0800
1150807,2026-08-07,上市,1720,生達,57.00,0.8000,56.20,57.30,56.20,231000,13159800,187,TWSE_CSV,2026-08-07 14:15:31 +0800
1150807,2026-08-07,上市,1721,三晃,19.60,-0.5500,20.10,20.40,19.55,713000,14140650,385,TWSE_CSV,2026-08-07 14:15:31 +0800
1150807,2026-08-07,上市,1722,台肥,45.50,0.3500,45.25,45.70,45.20,2342000,106542300,1118,TWSE_CSV,2026-08-07 14:15:31 +0800
1150807,2026-08-07,上市,1723,中碳,84.80,1.4000,83.40,85.00,83.20,413000,34878000,300,TWSE_CSV,2026-08-07 14:15:31 +0800
1150807,2026-08-07,上市,1725,元禎,30.00,-0.1000,29.90,30.00,29.60,7000,208700,7,TWSE_CSV,2026-08-07 14:15:31 +0800
1150807,2026-08-07,上市,1726,永記,77.30,0.3000,76.90,77.30,76.90,16000,1233300,13,TWSE_CSV,2026-08-07 14:15:31 +0800
1150807,2026-08-07,上市,1727,中華化,72.20,-2.8000,74.60,75.70,72.10,1215000,89587100,787,TWSE_CSV,2026-08-07 14:15:31 +0800
1150807,2026-08-07,上市,1730,花仙子,51.40,0.0000,51.40,51.50,51.30,15000,772100,14,TWSE_CSV,2026-08-07 14:15:31 +0800
1150807,2026-08-07,上市,1731,美吾華,21.10,0.2500,20.95,21.75,20.95,948000,20070250,240,TWSE_CSV,2026-08-07 14:15:31 +0800
1150807,2026-08-07,上市,1732,毛寶,27.20,0.2500,27.00,27.35,26.85,353000,9559800,215,TWSE_CSV,2026-08-07 14:15:31 +0800
1150807,2026-08-07,上市,1733,五鼎,32.00,0.1500,31.85,32.10,31.80,108000,3451150,64,TWSE_CSV,2026-08-07 14:15:31 +0800
1150807,2026-08-07,上市,1734,杏輝,31.80,0.1000,31.70,31.80,31.60,117000,3715450,82,TWSE_CSV,2026-08-07 14:15:31 +0800
1150807,2026-08-07,上市,1735,日勝化,20.50,-0.1000,20.50,20.95,20.30,111000,2288500,55,TWSE_CSV,2026-08-07 14:15:31 +0800
1150807,2026-08-07,上市,1736,喬山,137.00,-5.5000,140.50,141.50,135.00,982000,134811500,603,TWSE_CSV,2026-08-07 14:15:31 +0800
1150807,2026-08-07,上市,1737,臺鹽,31.90,-0.0500,31.80,32.00,31.80,624000,19944100,76,TWSE_CSV,2026-08-07 14:15:31 +0800
1150807,2026-08-07,上市,1752,南光,32.00,0.1000,31.95,32.10,31.65,51000,1631850,31,TWSE_CSV,2026-08-07 14:15:31 +0800
1150807,2026-08-07,上市,1760,寶齡富錦,59.10,0.3000,59.30,60.20,59.00,101000,5996300,81,TWSE_CSV,2026-08-07 14:15:31 +0800
1150807,2026-08-07,上市,1762,中化生,35.75,3.2500,34.50,35.75,34.50,722000,25503100,434,TWSE_CSV,2026-08-07 14:15:31 +0800
1150807,2026-08-07,上市,1773,勝一,155.00,-4.0000,158.50,160.50,154.50,497000,77708000,442,TWSE_CSV,2026-08-07 14:15:31 +0800
1150807,2026-08-07,上市,1776,展宇,17.00,0.1500,17.15,17.15,16.90,72000,1222400,52,TWSE_CSV,2026-08-07 14:15:31 +0800
1150807,2026-08-07,上市,1783,和康生,40.40,0.1500,40.75,40.90,40.00,30000,1206100,26,TWSE_CSV,2026-08-07 14:15:31 +0800
1150807,2026-08-07,上市,1786,科妍,49.80,0.1500,49.65,50.40,49.35,136000,6763350,112,TWSE_CSV,2026-08-07 14:15:31 +0800
1150807,2026-08-07,上市,1789,神隆,18.90,0.2500,18.75,18.90,18.55,675000,12681300,326,TWSE_CSV,2026-08-07 14:15:31 +0800
1150807,2026-08-07,上市,1795,美時,188.00,-0.5000,188.50,192.00,187.00,857000,162425500,646,TWSE_CSV,2026-08-07 14:15:31 +0800
1150807,2026-08-07,上市,1802,台玻,53.10,-1.5000,54.50,55.10,52.70,22117000,1193456500,11717,TWSE_CSV,2026-08-07 14:15:31 +0800
1150807,2026-08-07,上市,1805,寶徠,9.98,-0.0200,10.00,10.00,9.96,101000,1007920,38,TWSE_CSV,2026-08-07 14:15:31 +0800
1150807,2026-08-07,上市,1806,冠軍,7.98,0.0100,8.00,8.07,7.97,194000,1553560,87,TWSE_CSV,2026-08-07 14:15:31 +0800
1150807,2026-08-07,上市,1808,潤隆,33.05,1.2000,31.85,33.15,31.85,1573000,51457000,767,TWSE_CSV,2026-08-07 14:15:31 +0800
1150807,2026-08-07,上市,1809,中釉,37.30,-1.1500,38.40,38.85,37.20,1199000,45470900,755,TWSE_CSV,2026-08-07 14:15:31 +0800
1150807,2026-08-07,上市,1810,和成,24.60,0.1000,24.45,24.80,24.15,3571000,87508350,1662,TWSE_CSV,2026-08-07 14:15:31 +0800
1150807,2026-08-07,上市,1817,凱撒衛,38.30,0.0500,38.60,38.60,38.25,20000,766600,17,TWSE_CSV,2026-08-07 14:15:31 +0800
1150807,2026-08-07,上市,1903,士紙,47.40,0.3500,46.90,47.85,46.90,90000,4263900,82,TWSE_CSV,2026-08-07 14:15:31 +0800
1150807,2026-08-07,上市,1904,正隆,22.80,0.5000,22.30,23.25,22.20,3943000,90364850,1786,TWSE_CSV,2026-08-07 14:15:31 +0800
1150807,2026-08-07,上市,1905,華紙,13.25,-0.2500,13.45,13.50,13.20,1643000,21931600,712,TWSE_CSV,2026-08-07 14:15:31 +0800
1150807,2026-08-07,上市,1906,寶隆,10.95,-0.0500,11.10,11.20,10.95,57000,632450,30,TWSE_CSV,2026-08-07 14:15:31 +0800
1150807,2026-08-07,上市,1907,永豐餘,30.85,0.5000,30.45,31.15,30.45,2309000,71183650,1089,TWSE_CSV,2026-08-07 14:15:31 +0800
1150807,2026-08-07,上市,1909,榮成,10.00,-0.0500,10.00,10.20,9.99,3959000,39920400,748,TWSE_CSV,2026-08-07 14:15:31 +0800
1150807,2026-08-07,上市,2002,中鋼,19.05,0.0500,19.05,19.20,19.00,28712000,548315500,6942,TWSE_CSV,2026-08-07 14:15:31 +0800
1150807,2026-08-07,上市,2006,東和鋼鐵,88.50,2.3000,85.60,88.50,85.30,7307000,640324700,4801,TWSE_CSV,2026-08-07 14:15:31 +0800
1150807,2026-08-07,上市,2007,燁興,7.05,0.0100,7.04,7.19,7.02,344000,2442140,157,TWSE_CSV,2026-08-07 14:15:31 +0800
1150807,2026-08-07,上市,2008,高興昌,30.70,-0.1500,30.55,30.70,30.50,10000,305850,7,TWSE_CSV,2026-08-07 14:15:31 +0800
1150807,2026-08-07,上市,2009,第一銅,39.90,0.7500,39.60,41.00,39.25,4405000,177104350,2512,TWSE_CSV,2026-08-07 14:15:31 +0800
1150807,2026-08-07,上市,2010,春源,22.95,1.5000,22.10,23.25,22.10,5761000,131876750,2450,TWSE_CSV,2026-08-07 14:15:31 +0800
1150807,2026-08-07,上市,2012,春雨,15.05,-0.1000,15.15,15.35,15.00,41000,621300,18,TWSE_CSV,2026-08-07 14:15:31 +0800
1150807,2026-08-07,上市,2013,中鋼構,41.30,0.6000,40.65,41.35,40.65,207000,8512250,127,TWSE_CSV,2026-08-07 14:15:31 +0800
1150807,2026-08-07,上市,2014,中鴻,17.65,0.5000,17.10,17.70,17.10,8329000,145883700,2046,TWSE_CSV,2026-08-07 14:15:31 +0800
1150807,2026-08-07,上市,2015,豐興,65.80,0.8000,65.40,65.80,65.20,208000,13623900,135,TWSE_CSV,2026-08-07 14:15:31 +0800
1150807,2026-08-07,上市,2017,官田鋼,8.90,-0.1100,9.04,9.12,8.88,403000,3623060,183,TWSE_CSV,2026-08-07 14:15:31 +0800
1150807,2026-08-07,上市,2020,美亞,21.55,0.4000,21.20,21.60,21.20,643000,13774300,265,TWSE_CSV,2026-08-07 14:15:31 +0800
1150807,2026-08-07,上市,2022,聚亨,7.70,0.0600,7.67,7.75,7.62,634000,4882000,246,TWSE_CSV,2026-08-07 14:15:31 +0800
1150807,2026-08-07,上市,2023,燁輝,13.80,0.0500,13.80,13.85,13.70,462000,6371700,216,TWSE_CSV,2026-08-07 14:15:31 +0800
1150807,2026-08-07,上市,2024,志聯,13.60,0.1500,13.60,13.75,13.50,6000,81750,6,TWSE_CSV,2026-08-07 14:15:31 +0800
1150807,2026-08-07,上市,2025,千興,12.15,0.1000,11.95,12.25,11.95,265000,3225000,158,TWSE_CSV,2026-08-07 14:15:31 +0800
1150807,2026-08-07,上市,2027,大成鋼,46.60,0.5000,45.95,46.85,45.90,16660000,774548700,6414,TWSE_CSV,2026-08-07 14:15:31 +0800
1150807,2026-08-07,上市,2028,威致,15.40,0.1500,15.30,15.45,15.20,193000,2959800,111,TWSE_CSV,2026-08-07 14:15:31 +0800
1150807,2026-08-07,上市,2029,盛餘,20.70,0.2500,20.40,20.70,20.40,322000,6639350,146,TWSE_CSV,2026-08-07 14:15:31 +0800
1150807,2026-08-07,上市,2030,彰源,18.60,0.6500,18.00,18.60,18.00,1698000,31269850,782,TWSE_CSV,2026-08-07 14:15:31 +0800
1150807,2026-08-07,上市,2031,新光鋼,45.00,4.0500,42.80,45.00,42.50,10397000,461759750,4501,TWSE_CSV,2026-08-07 14:15:31 +0800
1150807,2026-08-07,上市,2032,新鋼,16.95,0.0500,16.75,17.15,16.55,895000,15125350,425,TWSE_CSV,2026-08-07 14:15:31 +0800
1150807,2026-08-07,上市,2033,佳大,17.00,0.6500,16.10,17.10,16.10,501000,8393050,285,TWSE_CSV,2026-08-07 14:15:31 +0800
1150807,2026-08-07,上市,2034,允強,20.10,1.2000,19.10,20.45,19.10,4730000,94784900,2031,TWSE_CSV,2026-08-07 14:15:31 +0800
1150807,2026-08-07,上市,2038,海光,12.80,0.1500,12.75,12.95,12.60,446000,5700000,229,TWSE_CSV,2026-08-07 14:15:31 +0800
1150807,2026-08-07,上市,2049,上銀,387.00,25.0000,370.00,398.00,368.00,16820000,6532522500,12072,TWSE_CSV,2026-08-07 14:15:31 +0800
1150807,2026-08-07,上市,2059,川湖,11110.00,1010.0000,11110.00,11110.00,11110.00,310000,3444100000,167,TWSE_CSV,2026-08-07 14:15:31 +0800
1150807,2026-08-07,上市,2062,橋椿,18.70,0.1000,18.70,18.90,18.65,137000,2567150,72,TWSE_CSV,2026-08-07 14:15:31 +0800
1150807,2026-08-07,上市,2069,運錩,19.60,0.2000,20.00,20.60,19.45,1236000,24526400,507,TWSE_CSV,2026-08-07 14:15:31 +0800
1150807,2026-08-07,上市,2072,世紀風電,154.00,2.0000,153.50,157.50,153.50,584000,90575500,439,TWSE_CSV,2026-08-07 14:15:31 +0800
1150807,2026-08-07,上市,2101,南港,35.50,0.9000,34.45,36.25,34.45,3880000,138130600,1774,TWSE_CSV,2026-08-07 14:15:31 +0800
1150807,2026-08-07,上市,2102,泰豐,18.65,-0.1000,18.70,18.80,18.55,327000,6110150,98,TWSE_CSV,2026-08-07 14:15:31 +0800
1150807,2026-08-07,上市,2103,台橡,25.00,2.2500,25.00,25.00,25.00,4076000,101900000,1197,TWSE_CSV,2026-08-07 14:15:31 +0800
1150807,2026-08-07,上市,2104,國際中橡,9.98,0.1300,9.90,10.20,9.90,3297000,33138490,1238,TWSE_CSV,2026-08-07 14:15:31 +0800
1150807,2026-08-07,上市,2105,正新,31.40,0.4000,31.10,31.75,31.10,5927000,186504750,2439,TWSE_CSV,2026-08-07 14:15:31 +0800
1150807,2026-08-07,上市,2106,建大,18.05,0.0000,18.05,18.40,18.00,902000,16379950,497,TWSE_CSV,2026-08-07 14:15:31 +0800
1150807,2026-08-07,上市,2107,厚生,25.40,-0.1500,25.55,25.65,25.40,135000,3445300,61,TWSE_CSV,2026-08-07 14:15:31 +0800
1150807,2026-08-07,上市,2108,南帝,28.70,1.0000,27.70,29.35,27.70,2844000,82142150,1450,TWSE_CSV,2026-08-07 14:15:31 +0800
1150807,2026-08-07,上市,2109,華豐,14.45,0.0000,14.45,14.50,14.40,63000,910400,35,TWSE_CSV,2026-08-07 14:15:31 +0800
1150807,2026-08-07,上市,2114,鑫永銓,87.70,0.3000,87.00,87.90,87.00,24000,2102600,19,TWSE_CSV,2026-08-07 14:15:31 +0800
1150807,2026-08-07,上市,2115,六暉-KY,22.55,0.4500,22.35,22.75,22.15,103000,2318700,63,TWSE_CSV,2026-08-07 14:15:31 +0800
1150807,2026-08-07,上市,2201,裕隆,27.25,-0.3500,27.50,27.80,27.20,2631000,72301950,1043,TWSE_CSV,2026-08-07 14:15:31 +0800
1150807,2026-08-07,上市,2204,中華,50.80,0.1000,50.90,51.20,50.50,2511000,127371000,2111,TWSE_CSV,2026-08-07 14:15:31 +0800
1150807,2026-08-07,上市,2206,三陽工業,62.00,0.6000,61.10,62.20,61.10,359000,22183400,288,TWSE_CSV,2026-08-07 14:15:31 +0800
1150807,2026-08-07,上市,2207,和泰車,516.00,0.0000,514.00,520.00,511.00,228000,117609000,206,TWSE_CSV,2026-08-07 14:15:31 +0800
1150807,2026-08-07,上市,2208,台船,18.85,-0.0500,19.05,19.10,18.85,1410000,26693750,630,TWSE_CSV,2026-08-07 14:15:31 +0800
1150807,2026-08-07,上市,2211,長榮鋼,88.10,1.9000,86.50,88.20,86.50,946000,82869600,683,TWSE_CSV,2026-08-07 14:15:31 +0800
1150807,2026-08-07,上市,2227,裕日車,49.40,-0.1000,49.50,49.50,49.20,12000,591150,8,TWSE_CSV,2026-08-07 14:15:31 +0800
1150807,2026-08-07,上市,2228,劍麟,76.10,-1.3000,77.40,78.10,76.10,184000,14159400,155,TWSE_CSV,2026-08-07 14:15:31 +0800
1150807,2026-08-07,上市,2231,為升,98.80,-3.7000,101.00,102.50,98.00,668000,66770400,532,TWSE_CSV,2026-08-07 14:15:31 +0800
1150807,2026-08-07,上市,2233,宇隆,201.00,-3.0000,205.50,212.00,199.00,1547000,318469500,1183,TWSE_CSV,2026-08-07 14:15:31 +0800
1150807,2026-08-07,上市,2236,百達-KY,131.00,-4.5000,135.00,136.00,130.00,287000,38007500,209,TWSE_CSV,2026-08-07 14:15:31 +0800
1150807,2026-08-07,上市,2239,英利-KY,19.65,0.3500,19.15,20.30,19.15,128000,2510900,93,TWSE_CSV,2026-08-07 14:15:31 +0800
1150807,2026-08-07,上市,2241,艾姆勒,32.65,-2.4500,34.50,34.65,32.50,1298000,43249750,831,TWSE_CSV,2026-08-07 14:15:31 +0800
1150807,2026-08-07,上市,2243,宏旭-KY,40.05,-2.8500,43.55,43.55,39.30,443000,17952500,252,TWSE_CSV,2026-08-07 14:15:31 +0800
1150807,2026-08-07,上市,2247,汎德永業,228.50,-1.5000,228.00,233.00,228.00,68000,15664000,61,TWSE_CSV,2026-08-07 14:15:31 +0800
1150807,2026-08-07,上市,2248,華勝-KY,58.50,0.2000,58.30,58.80,58.00,33000,1930200,25,TWSE_CSV,2026-08-07 14:15:31 +0800
1150807,2026-08-07,上市,2250,IKKA-KY,59.70,-0.1000,60.40,61.00,59.50,54000,3248500,47,TWSE_CSV,2026-08-07 14:15:31 +0800
1150807,2026-08-07,上市,2254,巨鎧精密-創,0.00,0.0000,0.00,0.00,0.00,0,0,0,TWSE_CSV,2026-08-07 14:15:31 +0800
1150807,2026-08-07,上市,2258,鴻華先進-創,29.85,-0.1000,29.85,30.10,29.65,395000,11776400,219,TWSE_CSV,2026-08-07 14:15:31 +0800
1150807,2026-08-07,上市,2301,光寶科,247.00,-5.5000,256.00,268.00,244.00,32498000,8255300000,19510,TWSE_CSV,2026-08-07 14:15:31 +0800
1150807,2026-08-07,上市,2302,麗正,42.90,-0.1500,43.20,44.50,42.55,3161000,137289150,2096,TWSE_CSV,2026-08-07 14:15:31 +0800
1150807,2026-08-07,上市,2303,聯電,116.00,-5.5000,121.50,121.50,114.00,164836000,19263005500,73229,TWSE_CSV,2026-08-07 14:15:31 +0800
1150807,2026-08-07,上市,2305,全友,26.50,0.0500,26.55,28.55,26.30,10478000,282526050,5410,TWSE_CSV,2026-08-07 14:15:31 +0800
1150807,2026-08-07,上市,2308,台達電,1650.00,-30.0000,1700.00,1715.00,1635.00,9593000,15927580000,7185,TWSE_CSV,2026-08-07 14:15:31 +0800
1150807,2026-08-07,上市,2312,金寶,31.30,-0.9000,32.00,32.05,31.30,6924000,218824300,3534,TWSE_CSV,2026-08-07 14:15:31 +0800
1150807,2026-08-07,上市,2313,華通,208.50,-12.0000,222.00,223.00,205.00,30921000,6593206000,20035,TWSE_CSV,2026-08-07 14:15:31 +0800
1150807,2026-08-07,上市,2314,台揚,12.15,0.0000,12.15,12.15,12.10,56000,679350,41,TWSE_CSV,2026-08-07 14:15:31 +0800
1150807,2026-08-07,上市,2316,楠梓電,159.50,-3.0000,163.50,164.50,158.00,1731000,278013000,1342,TWSE_CSV,2026-08-07 14:15:31 +0800
1150807,2026-08-07,上市,2317,鴻海,260.00,-4.5000,265.50,267.00,258.00,37594000,9829414500,20365,TWSE_CSV,2026-08-07 14:15:31 +0800
1150807,2026-08-07,上市,2321,東訊,15.30,0.0000,14.75,15.30,14.60,6000,89600,6,TWSE_CSV,2026-08-07 14:15:31 +0800
1150807,2026-08-07,上市,2323,中環,10.25,-0.1000,10.35,10.35,10.15,2838000,29049250,921,TWSE_CSV,2026-08-07 14:15:31 +0800
1150807,2026-08-07,上市,2324,仁寶,36.55,-0.7500,37.50,37.50,36.40,30320000,1111897200,9311,TWSE_CSV,2026-08-07 14:15:31 +0800
1150807,2026-08-07,上市,2327,國巨*,540.00,-30.0000,560.00,578.00,531.00,41938000,23053022000,30806,TWSE_CSV,2026-08-07 14:15:31 +0800
1150807,2026-08-07,上市,2328,廣宇,45.15,0.0500,45.25,47.20,44.85,6098000,280475500,4042,TWSE_CSV,2026-08-07 14:15:31 +0800
1150807,2026-08-07,上市,2329,華泰,44.00,-0.6000,44.10,44.90,43.55,1860000,82101000,1132,TWSE_CSV,2026-08-07 14:15:31 +0800
1150807,2026-08-07,上市,2330,台積電,2370.00,5.0000,2390.00,2395.00,2355.00,21920000,52016515000,11067,TWSE_CSV,2026-08-07 14:15:31 +0800
1150807,2026-08-07,上市,2331,精英,19.80,0.4500,19.55,19.95,19.45,1501000,29629300,686,TWSE_CSV,2026-08-07 14:15:31 +0800
1150807,2026-08-07,上市,2332,友訊,22.15,-0.5500,22.55,23.10,22.10,25230000,568393450,9704,TWSE_CSV,2026-08-07 14:15:31 +0800
1150807,2026-08-07,上市,2337,旺宏,121.50,-7.5000,130.50,130.50,120.50,109740000,13647966000,49743,TWSE_CSV,2026-08-07 14:15:31 +0800
1150807,2026-08-07,上市,2338,光罩,38.90,-0.7500,39.65,40.05,38.70,791000,31030750,551,TWSE_CSV,2026-08-07 14:15:31 +0800
1150807,2026-08-07,上市,2340,台亞,31.75,-0.7000,32.65,32.80,31.45,2376000,76011650,1396,TWSE_CSV,2026-08-07 14:15:31 +0800
1150807,2026-08-07,上市,2342,茂矽,36.35,-1.2500,37.50,37.50,36.20,1112000,40970550,819,TWSE_CSV,2026-08-07 14:15:31 +0800
1150807,2026-08-07,上市,2344,華邦電,163.50,-7.5000,170.00,170.50,160.50,174345000,28632733500,89460,TWSE_CSV,2026-08-07 14:15:31 +0800
1150807,2026-08-07,上市,2345,智邦,2215.00,-195.0000,2395.00,2395.00,2185.00,3921000,8882030000,3383,TWSE_CSV,2026-08-07 14:15:31 +0800
1150807,2026-08-07,上市,2347,聯強,93.40,-1.3000,92.90,94.00,90.30,5084000,470853300,2993,TWSE_CSV,2026-08-07 14:15:31 +0800
1150807,2026-08-07,上市,2348,海悅,71.40,1.8000,70.00,71.90,70.00,731000,52137900,519,TWSE_CSV,2026-08-07 14:15:31 +0800
1150807,2026-08-07,上市,2349,錸德,10.95,0.0500,10.85,11.00,10.85,950000,10368950,353,TWSE_CSV,2026-08-07 14:15:31 +0800
1150807,2026-08-07,上市,2351,順德,170.00,-1.5000,179.00,182.50,169.50,4648000,814494500,3204,TWSE_CSV,2026-08-07 14:15:31 +0800
1150807,2026-08-07,上市,2352,佳世達,28.30,-0.5000,29.15,29.30,28.10,5773000,164778200,3072,TWSE_CSV,2026-08-07 14:15:31 +0800
1150807,2026-08-07,上市,2353,宏碁,30.25,0.2500,30.85,31.10,30.10,22078000,672706100,7488,TWSE_CSV,2026-08-07 14:15:31 +0800
1150807,2026-08-07,上市,2354,鴻準,61.80,0.8000,62.70,64.80,60.80,80932000,5077469700,40488,TWSE_CSV,2026-08-07 14:15:31 +0800
1150807,2026-08-07,上市,2355,敬鵬,40.45,-1.1500,41.40,41.60,40.20,2206000,90028950,1261,TWSE_CSV,2026-08-07 14:15:31 +0800
1150807,2026-08-07,上市,2356,英業達,64.00,-1.5000,65.50,65.60,63.60,13743000,885080800,7277,TWSE_CSV,2026-08-07 14:15:31 +0800
1150807,2026-08-07,上市,2357,華碩,817.00,-1.0000,816.00,825.00,805.00,4523000,3670759000,3289,TWSE_CSV,2026-08-07 14:15:31 +0800
1150807,2026-08-07,上市,2359,所羅門,143.50,-1.0000,142.50,146.00,140.50,8749000,1253532500,5776,TWSE_CSV,2026-08-07 14:15:31 +0800
1150807,2026-08-07,上市,2360,致茂,2030.00,55.0000,2070.00,2140.00,2015.00,3082000,6354960000,2696,TWSE_CSV,2026-08-07 14:15:31 +0800
1150807,2026-08-07,上市,2362,藍天,50.50,-0.6000,50.70,51.40,49.40,4168000,210104950,2480,TWSE_CSV,2026-08-07 14:15:31 +0800
1150807,2026-08-07,上市,2363,矽統,53.70,0.7000,54.50,54.70,53.40,7618000,410822100,3854,TWSE_CSV,2026-08-07 14:15:31 +0800
1150807,2026-08-07,上市,2364,倫飛,72.00,0.2000,71.80,74.80,70.90,408000,29905900,321,TWSE_CSV,2026-08-07 14:15:31 +0800
1150807,2026-08-07,上市,2365,昆盈,30.25,0.0000,30.55,31.10,30.05,1806000,55278400,1050,TWSE_CSV,2026-08-07 14:15:31 +0800
1150807,2026-08-07,上市,2367,燿華,41.40,-1.0000,42.50,42.85,40.80,4735000,197155850,2922,TWSE_CSV,2026-08-07 14:15:31 +0800
1150807,2026-08-07,上市,2368,金像電,982.00,-3.0000,985.00,1015.00,941.00,12118000,11895546000,9674,TWSE_CSV,2026-08-07 14:15:31 +0800
1150807,2026-08-07,上市,2369,菱生,33.10,-1.1500,34.50,34.85,33.05,6574000,222345500,3806,TWSE_CSV,2026-08-07 14:15:31 +0800
1150807,2026-08-07,上市,2371,大同,25.95,0.5000,25.50,26.00,25.50,6889000,178073400,2697,TWSE_CSV,2026-08-07 14:15:31 +0800
1150807,2026-08-07,上市,2373,震旦行,53.30,-0.1000,53.30,53.40,53.30,10000,533500,10,TWSE_CSV,2026-08-07 14:15:31 +0800
1150807,2026-08-07,上市,2374,佳能,70.00,0.4000,71.10,71.50,69.40,3469000,244258800,2212,TWSE_CSV,2026-08-07 14:15:31 +0800
1150807,2026-08-07,上市,2375,凱美,117.50,-5.5000,122.50,124.50,114.50,2362000,279874500,1565,TWSE_CSV,2026-08-07 14:15:31 +0800
1150807,2026-08-07,上市,2376,技嘉,344.00,0.0000,348.50,351.00,341.00,5143000,1776885500,2902,TWSE_CSV,2026-08-07 14:15:31 +0800
1150807,2026-08-07,上市,2377,微星,153.00,-1.0000,154.00,155.50,150.50,8658000,1322188000,4993,TWSE_CSV,2026-08-07 14:15:31 +0800
1150807,2026-08-07,上市,2379,瑞昱,750.00,6.0000,737.00,764.00,733.00,2881000,2162419000,2177,TWSE_CSV,2026-08-07 14:15:31 +0800
1150807,2026-08-07,上市,2380,虹光,19.00,0.0500,19.30,19.35,18.95,48000,923750,28,TWSE_CSV,2026-08-07 14:15:31 +0800
1150807,2026-08-07,上市,2382,廣達,298.00,-4.0000,305.00,305.00,295.00,16810000,5018225500,9128,TWSE_CSV,2026-08-07 14:15:31 +0800
1150807,2026-08-07,上市,2383,台光電,5240.00,-65.0000,5400.00,5400.00,5180.00,1298000,6840005000,1197,TWSE_CSV,2026-08-07 14:15:31 +0800
1150807,2026-08-07,上市,2385,群光,101.50,-2.0000,103.50,104.00,101.00,4250000,433225500,2366,TWSE_CSV,2026-08-07 14:15:31 +0800
1150807,2026-08-07,上市,2387,精元,38.40,0.4500,37.95,38.50,37.95,297000,11386750,186,TWSE_CSV,2026-08-07 14:15:31 +0800
1150807,2026-08-07,上市,2388,威盛,77.90,-1.5000,79.40,80.30,77.00,4489000,353866700,2642,TWSE_CSV,2026-08-07 14:15:31 +0800
1150807,2026-08-07,上市,2390,云辰,10.55,0.1000,10.60,10.65,10.50,321000,3386300,143,TWSE_CSV,2026-08-07 14:15:31 +0800
1150807,2026-08-07,上市,2392,正崴,36.95,-0.4500,37.40,38.25,36.90,1197000,45027800,795,TWSE_CSV,2026-08-07 14:15:31 +0800
1150807,2026-08-07,上市,2393,億光,60.90,-0.5000,60.80,62.00,60.00,1524000,92658800,1001,TWSE_CSV,2026-08-07 14:15:31 +0800
1150807,2026-08-07,上市,2395,研華,634.00,12.0000,621.00,648.00,616.00,6117000,3868905000,4853,TWSE_CSV,2026-08-07 14:15:31 +0800
1150807,2026-08-07,上市,2397,友通,66.20,4.4000,62.50,67.80,61.70,1926000,125878600,1254,TWSE_CSV,2026-08-07 14:15:31 +0800
1150807,2026-08-07,上市,2399,映泰,42.55,-0.1500,42.00,42.75,41.10,7019000,294925650,3532,TWSE_CSV,2026-08-07 14:15:31 +0800
1150807,2026-08-07,上市,2401,凌陽,27.05,-0.3500,27.35,27.60,26.90,1811000,49191200,1071,TWSE_CSV,2026-08-07 14:15:31 +0800
1150807,2026-08-07,上市,2402,毅嘉,54.10,-0.8000,54.70,55.50,54.00,1263000,69077700,824,TWSE_CSV,2026-08-07 14:15:31 +0800
1150807,2026-08-07,上市,2404,漢唐,1150.00,-20.0000,1170.00,1180.00,1145.00,1062000,1233610000,895,TWSE_CSV,2026-08-07 14:15:31 +0800
1150807,2026-08-07,上市,2405,輔信,16.30,0.1500,16.30,16.60,16.20,777000,12737800,456,TWSE_CSV,2026-08-07 14:15:31 +0800
1150807,2026-08-07,上市,2406,國碩,31.35,-0.8000,32.15,32.40,31.35,3951000,125254400,2277,TWSE_CSV,2026-08-07 14:15:31 +0800
1150807,2026-08-07,上市,2408,南亞科,457.00,-2.0000,456.50,463.00,445.00,69360000,31564204500,46598,TWSE_CSV,2026-08-07 14:15:31 +0800
1150807,2026-08-07,上市,2409,友達,24.55,0.0000,24.55,25.00,24.10,145161000,3570151950,35008,TWSE_CSV,2026-08-07 14:15:31 +0800
1150807,2026-08-07,上市,2412,中華電,137.50,0.5000,137.00,138.00,136.50,6826000,936099500,2811,TWSE_CSV,2026-08-07 14:15:31 +0800
1150807,2026-08-07,上市,2413,環科,40.80,-1.2500,43.40,43.60,40.70,1053000,44087650,766,TWSE_CSV,2026-08-07 14:15:31 +0800
1150807,2026-08-07,上市,2414,精技,55.70,-0.8000,55.80,57.10,55.00,612000,33984500,465,TWSE_CSV,2026-08-07 14:15:31 +0800
1150807,2026-08-07,上市,2415,錩新,31.55,-0.1500,31.90,32.25,31.55,178000,5659350,126,TWSE_CSV,2026-08-07 14:15:31 +0800
1150807,2026-08-07,上市,2417,圓剛,42.95,1.5500,42.10,43.90,42.00,2428000,104590650,1603,TWSE_CSV,2026-08-07 14:15:31 +0800
1150807,2026-08-07,上市,2419,仲琦,24.20,-0.3500,24.50,24.70,24.20,280000,6842800,207,TWSE_CSV,2026-08-07 14:15:31 +0800
1150807,2026-08-07,上市,2420,新巨,55.30,-0.1000,56.30,56.40,54.70,537000,29845600,360,TWSE_CSV,2026-08-07 14:15:31 +0800
1150807,2026-08-07,上市,2421,建準,151.50,-3.0000,153.50,155.50,149.50,6008000,910752500,3648,TWSE_CSV,2026-08-07 14:15:31 +0800
1150807,2026-08-07,上市,2423,固緯,76.50,1.7000,74.80,76.50,74.30,86000,6463100,72,TWSE_CSV,2026-08-07 14:15:31 +0800
1150807,2026-08-07,上市,2424,隴華,8.63,0.0400,8.63,8.63,8.63,1000,8630,1,TWSE_CSV,2026-08-07 14:15:31 +0800
1150807,2026-08-07,上市,2425,承啟,52.90,4.7500,48.20,52.90,47.55,14376000,744149250,6994,TWSE_CSV,2026-08-07 14:15:31 +0800
1150807,2026-08-07,上市,2426,鼎元,67.80,3.9000,63.20,69.20,62.50,16688000,1096795800,10288,TWSE_CSV,2026-08-07 14:15:31 +0800
1150807,2026-08-07,上市,2427,三商電,21.80,-0.1000,21.90,22.05,21.75,442000,9681950,265,TWSE_CSV,2026-08-07 14:15:31 +0800
1150807,2026-08-07,上市,2428,興勤,224.50,-7.5000,235.00,237.00,220.00,576000,131105000,495,TWSE_CSV,2026-08-07 14:15:31 +0800
1150807,2026-08-07,上市,2429,銘旺科,30.95,-0.4500,31.20,31.85,30.70,353000,11011300,198,TWSE_CSV,2026-08-07 14:15:31 +0800
1150807,2026-08-07,上市,2430,燦坤,17.10,0.3500,16.75,17.35,16.70,147000,2504850,92,TWSE_CSV,2026-08-07 14:15:31 +0800
1150807,2026-08-07,上市,2431,聯昌,10.50,0.0000,10.35,10.50,10.30,133000,1379750,53,TWSE_CSV,2026-08-07 14:15:31 +0800
1150807,2026-08-07,上市,2432,倚天酷碁-創,28.10,-0.3000,28.70,28.70,28.10,37000,1049300,23,TWSE_CSV,2026-08-07 14:15:31 +0800
1150807,2026-08-07,上市,2433,互盛電,41.95,0.1500,41.65,41.95,41.65,22000,921100,21,TWSE_CSV,2026-08-07 14:15:31 +0800
1150807,2026-08-07,上市,2434,統懋,53.20,-3.7000,56.60,56.60,52.80,584000,31640700,459,TWSE_CSV,2026-08-07 14:15:31 +0800
1150807,2026-08-07,上市,2436,偉詮電,61.60,0.2000,61.90,63.90,61.40,5986000,374781500,3441,TWSE_CSV,2026-08-07 14:15:31 +0800
1150807,2026-08-07,上市,2438,翔耀,17.30,-0.2500,17.55,17.55,17.15,30000,519200,21,TWSE_CSV,2026-08-07 14:15:31 +0800
1150807,2026-08-07,上市,2439,美律,80.20,0.0000,80.70,81.20,80.10,1166000,93906800,751,TWSE_CSV,2026-08-07 14:15:31 +0800
1150807,2026-08-07,上市,2440,太空梭,15.25,0.1000,15.15,15.30,15.00,152000,2313700,106,TWSE_CSV,2026-08-07 14:15:31 +0800
1150807,2026-08-07,上市,2441,超豐,117.50,-5.5000,121.50,123.50,117.50,6340000,757575000,3517,TWSE_CSV,2026-08-07 14:15:31 +0800
1150807,2026-08-07,上市,2442,新美齊,19.40,0.4000,19.00,19.40,19.00,1195000,23095100,538,TWSE_CSV,2026-08-07 14:15:31 +0800
1150807,2026-08-07,上市,2444,兆勁,10.90,0.1000,10.80,10.90,10.80,130000,1410500,71,TWSE_CSV,2026-08-07 14:15:31 +0800
1150807,2026-08-07,上市,2449,京元電子,242.00,-7.0000,247.00,251.50,242.00,14447000,3539485500,8874,TWSE_CSV,2026-08-07 14:15:31 +0800
1150807,2026-08-07,上市,2450,神腦,28.30,0.0000,28.30,28.35,28.25,141000,3990000,85,TWSE_CSV,2026-08-07 14:15:31 +0800
1150807,2026-08-07,上市,2451,創見,297.00,4.0000,295.00,301.00,291.50,9576000,2835333000,6638,TWSE_CSV,2026-08-07 14:15:31 +0800
1150807,2026-08-07,上市,2453,凌群,52.80,-0.2000,53.00,53.50,52.80,119000,6335900,92,TWSE_CSV,2026-08-07 14:15:31 +0800
1150807,2026-08-07,上市,2454,聯發科,3900.00,-20.0000,3990.00,4010.00,3825.00,6108000,23954020000,4931,TWSE_CSV,2026-08-07 14:15:31 +0800
1150807,2026-08-07,上市,2455,全新,364.00,-8.0000,378.00,388.00,358.50,14474000,5394741500,11123,TWSE_CSV,2026-08-07 14:15:31 +0800
1150807,2026-08-07,上市,2457,飛宏,22.95,-0.5000,23.40,23.65,22.90,958000,22266600,534,TWSE_CSV,2026-08-07 14:15:31 +0800
1150807,2026-08-07,上市,2458,義隆,141.50,-6.0000,148.00,148.00,140.00,6249000,890786000,4062,TWSE_CSV,2026-08-07 14:15:31 +0800
1150807,2026-08-07,上市,2459,敦吉,65.20,0.6000,64.80,65.50,64.70,139000,9048600,87,TWSE_CSV,2026-08-07 14:15:31 +0800
1150807,2026-08-07,上市,2460,建通,30.25,-0.8000,30.00,30.95,30.00,383000,11633800,232,TWSE_CSV,2026-08-07 14:15:31 +0800
1150807,2026-08-07,上市,2461,光群雷,17.35,0.7000,16.70,17.40,16.70,927000,15851900,435,TWSE_CSV,2026-08-07 14:15:31 +0800
1150807,2026-08-07,上市,2462,良得電,19.45,0.0000,19.60,19.70,19.45,117000,2284400,83,TWSE_CSV,2026-08-07 14:15:31 +0800
1150807,2026-08-07,上市,2464,盟立,173.50,-4.5000,180.00,185.00,172.00,26175000,4687068500,17569,TWSE_CSV,2026-08-07 14:15:31 +0800
1150807,2026-08-07,上市,2465,麗臺,85.10,-0.4000,85.50,87.20,83.60,1479000,125991100,1047,TWSE_CSV,2026-08-07 14:15:31 +0800
1150807,2026-08-07,上市,2466,冠西電,91.40,-4.1000,97.30,98.50,91.30,1086000,102420900,787,TWSE_CSV,2026-08-07 14:15:31 +0800
1150807,2026-08-07,上市,2467,志聖,500.00,-19.0000,523.00,530.00,498.00,783000,397734500,701,TWSE_CSV,2026-08-07 14:15:31 +0800
1150807,2026-08-07,上市,2468,華經,34.60,-0.1500,34.75,34.95,34.35,168000,5803950,116,TWSE_CSV,2026-08-07 14:15:31 +0800
1150807,2026-08-07,上市,2471,資通,48.40,-0.0500,48.40,49.10,48.35,74000,3593550,49,TWSE_CSV,2026-08-07 14:15:31 +0800
1150807,2026-08-07,上市,2472,立隆電,229.50,-8.5000,238.00,239.50,224.50,2121000,487818000,1662,TWSE_CSV,2026-08-07 14:15:31 +0800
1150807,2026-08-07,上市,2474,可成,187.50,0.0000,187.00,189.50,186.50,1912000,359541500,1275,TWSE_CSV,2026-08-07 14:15:31 +0800
1150807,2026-08-07,上市,2476,鉅祥,125.50,-2.0000,125.50,128.00,124.00,1027000,129257500,719,TWSE_CSV,2026-08-07 14:15:31 +0800
1150807,2026-08-07,上市,2477,美隆電,22.35,0.6500,21.85,22.45,21.40,328000,7260400,183,TWSE_CSV,2026-08-07 14:15:31 +0800
1150807,2026-08-07,上市,2478,大毅,114.00,-7.5000,120.00,122.50,113.50,2965000,346932000,2006,TWSE_CSV,2026-08-07 14:15:31 +0800
1150807,2026-08-07,上市,2480,敦陽科,156.50,1.0000,156.00,157.00,155.50,296000,46310500,224,TWSE_CSV,2026-08-07 14:15:31 +0800
1150807,2026-08-07,上市,2481,強茂,133.00,-6.0000,139.00,139.50,132.00,17185000,2314548500,9629,TWSE_CSV,2026-08-07 14:15:31 +0800
1150807,2026-08-07,上市,2482,連宇,16.20,0.0000,16.20,16.45,16.10,108000,1759300,82,TWSE_CSV,2026-08-07 14:15:31 +0800
1150807,2026-08-07,上市,2483,百容,35.45,-2.0000,38.25,38.35,35.05,1899000,69300800,1384,TWSE_CSV,2026-08-07 14:15:31 +0800
1150807,2026-08-07,上市,2484,希華,71.70,0.5000,72.80,74.50,68.90,18256000,1305469400,11607,TWSE_CSV,2026-08-07 14:15:31 +0800
1150807,2026-08-07,上市,2485,兆赫,40.50,-0.5000,41.35,42.30,40.15,4664000,192234650,2863,TWSE_CSV,2026-08-07 14:15:31 +0800
1150807,2026-08-07,上市,2486,一詮,231.00,2.0000,224.50,236.00,222.00,6704000,1535679500,4498,TWSE_CSV,2026-08-07 14:15:31 +0800
1150807,2026-08-07,上市,2488,漢平,49.00,0.4000,48.45,49.05,48.45,73000,3562750,52,TWSE_CSV,2026-08-07 14:15:31 +0800
1150807,2026-08-07,上市,2489,瑞軒,30.85,-0.8500,32.15,33.00,30.75,11586000,366147250,6489,TWSE_CSV,2026-08-07 14:15:31 +0800
1150807,2026-08-07,上市,2491,吉祥全,31.75,-0.2000,33.60,33.60,30.50,1362000,43514400,757,TWSE_CSV,2026-08-07 14:15:31 +0800
1150807,2026-08-07,上市,2492,華新科,251.00,-5.5000,254.50,259.00,243.50,11081000,2760933000,7797,TWSE_CSV,2026-08-07 14:15:31 +0800
1150807,2026-08-07,上市,2493,揚博,215.00,-5.0000,218.00,224.50,211.00,3187000,694918000,2436,TWSE_CSV,2026-08-07 14:15:31 +0800
1150807,2026-08-07,上市,2495,普安,36.85,-2.1500,37.50,38.00,36.75,2812000,104752700,1611,TWSE_CSV,2026-08-07 14:15:31 +0800
1150807,2026-08-07,上市,2496,卓越,59.20,0.1000,59.20,59.50,58.60,37000,2175200,29,TWSE_CSV,2026-08-07 14:15:31 +0800
1150807,2026-08-07,上市,2497,怡利電,47.50,-1.0500,49.15,50.20,47.30,756000,36692250,582,TWSE_CSV,2026-08-07 14:15:31 +0800
1150807,2026-08-07,上市,2498,宏達電,39.90,-0.7000,40.50,40.70,39.90,3142000,126243250,1654,TWSE_CSV,2026-08-07 14:15:31 +0800
1150807,2026-08-07,上市,2501,國建,22.05,0.0500,22.05,22.25,22.00,1162000,25678200,603,TWSE_CSV,2026-08-07 14:15:31 +0800
1150807,2026-08-07,上市,2504,國產,30.75,0.3500,30.40,31.00,30.15,5585000,170340150,2437,TWSE_CSV,2026-08-07 14:15:31 +0800
1150807,2026-08-07,上市,2505,國揚,18.00,0.3000,17.75,18.15,17.75,335000,6044000,176,TWSE_CSV,2026-08-07 14:15:31 +0800
1150807,2026-08-07,上市,2506,太設,8.60,0.0300,8.56,8.64,8.52,231000,1982040,51,TWSE_CSV,2026-08-07 14:15:31 +0800
1150807,2026-08-07,上市,2509,全坤建,13.00,0.0500,12.95,13.00,12.90,64000,828450,29,TWSE_CSV,2026-08-07 14:15:31 +0800
1150807,2026-08-07,上市,2511,太子,8.35,0.0500,8.26,8.36,8.26,640000,5323920,295,TWSE_CSV,2026-08-07 14:15:31 +0800
1150807,2026-08-07,上市,2514,龍邦,12.25,0.1000,12.15,12.30,12.10,145000,1762100,64,TWSE_CSV,2026-08-07 14:15:31 +0800
1150807,2026-08-07,上市,2515,中工,11.95,0.1000,11.80,12.10,11.80,4307000,51649900,856,TWSE_CSV,2026-08-07 14:15:31 +0800
1150807,2026-08-07,上市,2516,新建,14.05,0.2000,14.00,14.05,13.95,54000,756000,30,TWSE_CSV,2026-08-07 14:15:31 +0800
1150807,2026-08-07,上市,2520,冠德,34.70,0.6000,34.10,34.85,34.10,1561000,53966250,860,TWSE_CSV,2026-08-07 14:15:31 +0800
1150807,2026-08-07,上市,2524,京城,34.15,0.1000,34.00,34.85,34.00,69000,2365800,43,TWSE_CSV,2026-08-07 14:15:31 +0800
1150807,2026-08-07,上市,2527,宏璟,47.10,1.1500,45.90,48.95,45.90,1582000,74719750,1007,TWSE_CSV,2026-08-07 14:15:31 +0800
1150807,2026-08-07,上市,2528,皇普,20.60,0.1000,20.60,20.95,20.35,500000,10322150,256,TWSE_CSV,2026-08-07 14:15:31 +0800
1150807,2026-08-07,上市,2530,華建,19.45,0.2000,19.25,19.50,19.15,408000,7905050,248,TWSE_CSV,2026-08-07 14:15:31 +0800
1150807,2026-08-07,上市,2534,宏盛,17.05,-0.0500,16.95,17.10,16.95,143000,2438700,79,TWSE_CSV,2026-08-07 14:15:31 +0800
1150807,2026-08-07,上市,2535,達欣工,90.10,-2.9000,93.00,93.40,89.90,452000,41292000,382,TWSE_CSV,2026-08-07 14:15:31 +0800
1150807,2026-08-07,上市,2536,宏普,19.40,1.4500,18.80,19.60,18.80,2105000,40667200,986,TWSE_CSV,2026-08-07 14:15:31 +0800
1150807,2026-08-07,上市,2537,聯上發,11.05,0.1000,11.00,11.20,11.00,638000,7079450,215,TWSE_CSV,2026-08-07 14:15:31 +0800
1150807,2026-08-07,上市,2538,基泰,9.16,0.0100,9.15,9.22,9.13,216000,1982800,151,TWSE_CSV,2026-08-07 14:15:31 +0800
1150807,2026-08-07,上市,2539,櫻花建,43.30,0.2000,43.40,43.40,42.75,774000,33365200,460,TWSE_CSV,2026-08-07 14:15:31 +0800
1150807,2026-08-07,上市,2540,愛山林,54.90,0.2000,54.50,55.80,54.10,1650000,90872800,1118,TWSE_CSV,2026-08-07 14:15:31 +0800
1150807,2026-08-07,上市,2542,興富發,44.30,0.2000,44.10,44.60,44.00,4838000,214264900,1979,TWSE_CSV,2026-08-07 14:15:31 +0800
1150807,2026-08-07,上市,2543,皇昌,39.25,1.5500,37.50,40.50,37.50,2661000,105584050,1593,TWSE_CSV,2026-08-07 14:15:31 +0800
1150807,2026-08-07,上市,2545,皇翔,32.15,0.2500,31.75,32.30,31.75,317000,10157800,168,TWSE_CSV,2026-08-07 14:15:31 +0800
1150807,2026-08-07,上市,2546,根基,99.10,-0.9000,101.00,101.00,98.00,415000,41360600,331,TWSE_CSV,2026-08-07 14:15:31 +0800
1150807,2026-08-07,上市,2547,日勝生,10.65,0.3000,10.40,10.70,10.40,3884000,41260950,993,TWSE_CSV,2026-08-07 14:15:31 +0800
1150807,2026-08-07,上市,2548,華固,94.40,-0.9000,95.80,95.80,94.10,1896000,179481000,1336,TWSE_CSV,2026-08-07 14:15:31 +0800
1150807,2026-08-07,上市,2597,潤弘,166.00,1.5000,164.00,166.00,164.00,143000,23570500,126,TWSE_CSV,2026-08-07 14:15:31 +0800
1150807,2026-08-07,上市,2601,益航,6.25,-0.0200,6.27,6.36,6.24,1190000,7491770,424,TWSE_CSV,2026-08-07 14:15:31 +0800
1150807,2026-08-07,上市,2603,長榮,207.50,3.5000,205.50,207.50,204.00,5826000,1200843500,3084,TWSE_CSV,2026-08-07 14:15:31 +0800
1150807,2026-08-07,上市,2605,新興,32.55,0.5500,32.00,32.85,31.80,4743000,153364950,1983,TWSE_CSV,2026-08-07 14:15:31 +0800
1150807,2026-08-07,上市,2606,裕民,67.50,3.1000,64.30,67.50,64.10,8416000,558192800,4605,TWSE_CSV,2026-08-07 14:15:31 +0800
1150807,2026-08-07,上市,2607,榮運,47.90,0.6500,47.20,48.00,47.20,455000,21616350,287,TWSE_CSV,2026-08-07 14:15:31 +0800
1150807,2026-08-07,上市,2608,嘉里大榮,28.65,0.0500,28.65,28.80,28.65,200000,5743300,92,TWSE_CSV,2026-08-07 14:15:31 +0800
1150807,2026-08-07,上市,2609,陽明,50.50,0.1000,50.80,50.80,50.00,9769000,491806900,4199,TWSE_CSV,2026-08-07 14:15:31 +0800
1150807,2026-08-07,上市,2610,華航,22.50,0.3500,22.05,22.55,22.00,30413000,681251550,6903,TWSE_CSV,2026-08-07 14:15:31 +0800
1150807,2026-08-07,上市,2611,志信,13.95,0.5500,13.50,14.15,13.50,467000,6509250,206,TWSE_CSV,2026-08-07 14:15:31 +0800
1150807,2026-08-07,上市,2612,中航,55.00,0.5000,54.40,55.40,54.40,397000,21847400,263,TWSE_CSV,2026-08-07 14:15:31 +0800
1150807,2026-08-07,上市,2613,中櫃,20.40,0.1000,20.30,20.40,20.20,154000,3135850,85,TWSE_CSV,2026-08-07 14:15:31 +0800
1150807,2026-08-07,上市,2614,東森,18.05,0.1000,17.95,18.25,17.95,415000,7520250,207,TWSE_CSV,2026-08-07 14:15:31 +0800
1150807,2026-08-07,上市,2615,萬海,84.90,0.6000,84.60,85.20,83.80,3801000,321368300,2547,TWSE_CSV,2026-08-07 14:15:31 +0800
1150807,2026-08-07,上市,2616,山隆,13.30,0.0000,13.30,13.40,13.25,156000,2076300,88,TWSE_CSV,2026-08-07 14:15:31 +0800
1150807,2026-08-07,上市,2617,台航,28.90,-0.2000,29.20,29.20,28.55,900000,25911900,504,TWSE_CSV,2026-08-07 14:15:31 +0800
1150807,2026-08-07,上市,2618,長榮航,44.40,1.1500,43.20,44.60,42.80,37020000,1635266800,12420,TWSE_CSV,2026-08-07 14:15:31 +0800
1150807,2026-08-07,上市,2630,亞航,48.20,-0.8000,49.00,49.45,48.20,1402000,68273300,860,TWSE_CSV,2026-08-07 14:15:31 +0800
1150807,2026-08-07,上市,2633,台灣高鐵,25.80,0.0000,25.85,25.95,25.80,2770000,71627900,851,TWSE_CSV,2026-08-07 14:15:31 +0800
1150807,2026-08-07,上市,2634,漢翔,61.70,-0.5000,61.60,62.60,60.70,13690000,843833100,6927,TWSE_CSV,2026-08-07 14:15:31 +0800
1150807,2026-08-07,上市,2636,台驊控股,65.20,0.4000,64.60,65.80,64.60,160000,10440600,118,TWSE_CSV,2026-08-07 14:15:31 +0800
1150807,2026-08-07,上市,2637,慧洋-KY,87.90,2.4000,85.80,88.40,85.30,3783000,331867300,2306,TWSE_CSV,2026-08-07 14:15:31 +0800
1150807,2026-08-07,上市,2642,宅配通,20.30,-0.2000,20.45,20.45,20.25,36000,730150,25,TWSE_CSV,2026-08-07 14:15:31 +0800
1150807,2026-08-07,上市,2645,長榮航太,193.00,-1.0000,195.00,195.00,190.50,1127000,216259000,785,TWSE_CSV,2026-08-07 14:15:31 +0800
1150807,2026-08-07,上市,2646,星宇航空,21.30,0.1500,21.15,21.35,21.15,2393000,50873400,1054,TWSE_CSV,2026-08-07 14:15:31 +0800
1150807,2026-08-07,上市,2701,萬企,10.65,0.0500,10.55,10.65,10.55,15000,159500,10,TWSE_CSV,2026-08-07 14:15:31 +0800
1150807,2026-08-07,上市,2702,華園,12.45,0.0500,12.60,12.60,12.30,71000,882200,35,TWSE_CSV,2026-08-07 14:15:31 +0800
1150807,2026-08-07,上市,2704,國賓,45.85,0.2500,45.60,46.30,45.60,54000,2489450,48,TWSE_CSV,2026-08-07 14:15:31 +0800
1150807,2026-08-07,上市,2705,六福,16.20,0.1000,16.10,16.25,16.00,86000,1387950,49,TWSE_CSV,2026-08-07 14:15:31 +0800
1150807,2026-08-07,上市,2706,第一店,12.45,0.0000,12.45,12.50,12.40,67000,832750,37,TWSE_CSV,2026-08-07 14:15:31 +0800
1150807,2026-08-07,上市,2707,晶華,179.50,2.5000,177.50,180.00,177.50,171000,30594500,144,TWSE_CSV,2026-08-07 14:15:31 +0800
1150807,2026-08-07,上市,2712,遠雄來,0.00,0.0000,0.00,0.00,0.00,0,0,0,TWSE_CSV,2026-08-07 14:15:31 +0800
1150807,2026-08-07,上市,2722,夏都,21.90,-0.1500,22.25,22.25,21.75,24000,528600,18,TWSE_CSV,2026-08-07 14:15:31 +0800
1150807,2026-08-07,上市,2723,美食-KY,62.10,0.7000,61.10,62.30,61.10,181000,11220200,117,TWSE_CSV,2026-08-07 14:15:31 +0800
1150807,2026-08-07,上市,2727,王品,236.00,12.0000,227.00,239.00,227.00,1560000,367460000,1180,TWSE_CSV,2026-08-07 14:15:31 +0800
1150807,2026-08-07,上市,2731,雄獅,145.00,-1.0000,145.50,146.50,144.50,606000,88045000,349,TWSE_CSV,2026-08-07 14:15:31 +0800
1150807,2026-08-07,上市,2739,寒舍,34.20,0.1000,34.25,34.55,34.10,70000,2395600,43,TWSE_CSV,2026-08-07 14:15:31 +0800
1150807,2026-08-07,上市,2748,雲品,38.35,0.4000,38.05,38.45,38.05,78000,2985950,69,TWSE_CSV,2026-08-07 14:15:31 +0800
1150807,2026-08-07,上市,2753,八方雲集,181.00,1.5000,179.50,182.00,179.50,226000,40938000,181,TWSE_CSV,2026-08-07 14:15:31 +0800
1150807,2026-08-07,上市,2762,世界健身-KY,82.50,-0.3000,83.20,83.20,82.40,10000,828300,10,TWSE_CSV,2026-08-07 14:15:31 +0800
1150807,2026-08-07,上市,2801,彰銀,23.15,0.0000,23.20,23.30,23.00,18048000,417543050,4145,TWSE_CSV,2026-08-07 14:15:31 +0800
1150807,2026-08-07,上市,2812,台中銀,18.65,0.1500,18.55,18.80,18.55,12933000,241658850,3049,TWSE_CSV,2026-08-07 14:15:31 +0800
1150807,2026-08-07,上市,2816,旺旺保,34.00,0.2500,33.90,34.15,33.80,172000,5852900,78,TWSE_CSV,2026-08-07 14:15:31 +0800
1150807,2026-08-07,上市,2820,華票,16.35,0.0500,16.40,16.45,16.30,1385000,22686500,422,TWSE_CSV,2026-08-07 14:15:31 +0800
1150807,2026-08-07,上市,2832,台產,58.60,0.8000,57.90,58.90,57.90,107000,6259400,75,TWSE_CSV,2026-08-07 14:15:31 +0800
1150807,2026-08-07,上市,2834,臺企銀,16.50,-0.0500,16.55,16.60,16.40,31348000,517177100,6018,TWSE_CSV,2026-08-07 14:15:31 +0800
1150807,2026-08-07,上市,2836,高雄銀,11.85,0.0500,11.85,11.90,11.80,968000,11471400,351,TWSE_CSV,2026-08-07 14:15:31 +0800
1150807,2026-08-07,上市,2838,聯邦銀,20.60,0.1500,20.45,20.70,20.40,1152000,23684650,426,TWSE_CSV,2026-08-07 14:15:31 +0800
1150807,2026-08-07,上市,2845,遠東銀,13.20,0.0500,13.15,13.25,13.15,4487000,59205950,1063,TWSE_CSV,2026-08-07 14:15:31 +0800
1150807,2026-08-07,上市,2849,安泰銀,14.50,0.1000,14.35,14.55,14.35,156000,2254250,92,TWSE_CSV,2026-08-07 14:15:31 +0800
1150807,2026-08-07,上市,2850,新產,163.00,6.0000,155.50,163.00,155.50,301000,48351500,235,TWSE_CSV,2026-08-07 14:15:31 +0800
1150807,2026-08-07,上市,2851,中再保,35.45,0.4500,34.85,35.50,34.85,1090000,38541400,766,TWSE_CSV,2026-08-07 14:15:31 +0800
1150807,2026-08-07,上市,2852,第一保,26.85,0.2000,26.60,26.95,26.60,387000,10375100,132,TWSE_CSV,2026-08-07 14:15:31 +0800
1150807,2026-08-07,上市,2855,統一證,44.50,-0.6000,45.00,45.30,44.10,2875000,128560550,1539,TWSE_CSV,2026-08-07 14:15:31 +0800
1150807,2026-08-07,上市,2867,三商壽,9.81,0.0400,9.77,9.86,9.74,11652000,114128120,2202,TWSE_CSV,2026-08-07 14:15:31 +0800
1150807,2026-08-07,上市,2880,華南金,44.40,0.3500,44.15,44.60,43.15,24749000,1089213850,9916,TWSE_CSV,2026-08-07 14:15:31 +0800
1150807,2026-08-07,上市,2881,富邦金,127.00,1.0000,127.00,128.00,126.00,10746000,1363587000,3844,TWSE_CSV,2026-08-07 14:15:31 +0800
1150807,2026-08-07,上市,2882,國泰金,99.40,1.9000,99.40,100.50,98.50,13773000,1367791300,4479,TWSE_CSV,2026-08-07 14:15:31 +0800
1150807,2026-08-07,上市,2883,凱基金,30.85,0.2500,30.50,30.95,30.30,26757000,819114550,7254,TWSE_CSV,2026-08-07 14:15:31 +0800
1150807,2026-08-07,上市,2884,玉山金,38.15,0.2000,37.80,38.30,37.80,17145000,653571500,4333,TWSE_CSV,2026-08-07 14:15:31 +0800
1150807,2026-08-07,上市,2885,元大金,67.70,0.6000,68.60,68.70,67.40,13661000,927517600,4901,TWSE_CSV,2026-08-07 14:15:31 +0800
1150807,2026-08-07,上市,2886,兆豐金,50.90,0.6000,51.20,51.20,50.40,22480000,1145200100,7860,TWSE_CSV,2026-08-07 14:15:31 +0800
1150807,2026-08-07,上市,2887,台新新光金,35.15,0.6500,35.40,35.50,34.80,30873000,1086072350,7833,TWSE_CSV,2026-08-07 14:15:31 +0800
1150807,2026-08-07,上市,2889,國票金,15.30,0.0000,15.25,15.35,15.25,3345000,51165600,1172,TWSE_CSV,2026-08-07 14:15:31 +0800
1150807,2026-08-07,上市,2890,永豐金,38.95,0.2500,39.05,39.25,38.80,8831000,344516550,2844,TWSE_CSV,2026-08-07 14:15:31 +0800
1150807,2026-08-07,上市,2891,中信金,65.60,1.0000,65.70,65.70,64.70,16064000,1048871800,6487,TWSE_CSV,2026-08-07 14:15:31 +0800
1150807,2026-08-07,上市,2892,第一金,35.55,0.0500,35.85,35.85,35.30,32303000,1147422100,6940,TWSE_CSV,2026-08-07 14:15:31 +0800
1150807,2026-08-07,上市,2897,王道銀行,10.15,0.0500,10.15,10.20,10.10,1974000,20048200,404,TWSE_CSV,2026-08-07 14:15:31 +0800
1150807,2026-08-07,上市,2901,欣欣,24.00,0.0000,24.00,24.00,24.00,1000,24000,1,TWSE_CSV,2026-08-07 14:15:31 +0800
1150807,2026-08-07,上市,2903,遠百,22.00,0.1500,21.85,22.05,21.85,1276000,27990050,544,TWSE_CSV,2026-08-07 14:15:31 +0800
1150807,2026-08-07,上市,2904,匯僑,13.20,0.0000,13.20,13.30,13.20,14000,185600,11,TWSE_CSV,2026-08-07 14:15:31 +0800
1150807,2026-08-07,上市,2905,三商,16.40,0.2000,16.15,16.40,16.15,533000,8707750,217,TWSE_CSV,2026-08-07 14:15:31 +0800
1150807,2026-08-07,上市,2906,高林,13.15,0.1500,13.00,13.15,13.00,65000,848500,40,TWSE_CSV,2026-08-07 14:15:31 +0800
1150807,2026-08-07,上市,2908,特力,21.50,-0.2000,21.70,21.70,21.50,73000,1574350,43,TWSE_CSV,2026-08-07 14:15:31 +0800
1150807,2026-08-07,上市,2910,統領,24.25,-0.2000,24.45,24.50,24.25,25000,608450,14,TWSE_CSV,2026-08-07 14:15:31 +0800
1150807,2026-08-07,上市,2911,麗嬰房,6.80,-0.0200,6.81,6.89,6.75,96000,653570,46,TWSE_CSV,2026-08-07 14:15:31 +0800
1150807,2026-08-07,上市,2912,統一超,221.00,1.0000,221.50,222.00,219.50,2352000,519057500,1362,TWSE_CSV,2026-08-07 14:15:31 +0800
1150807,2026-08-07,上市,2913,農林,11.00,0.1000,10.90,11.05,10.90,2391000,26217900,359,TWSE_CSV,2026-08-07 14:15:31 +0800
1150807,2026-08-07,上市,2915,潤泰全,51.90,0.7000,51.70,52.70,51.60,1498000,78140100,786,TWSE_CSV,2026-08-07 14:15:31 +0800
1150807,2026-08-07,上市,2923,鼎固-KY,27.20,-1.0000,28.50,28.50,27.00,135000,3711450,100,TWSE_CSV,2026-08-07 14:15:31 +0800
1150807,2026-08-07,上市,2929,淘帝-KY,5.52,0.0100,5.60,5.60,5.51,66000,365190,34,TWSE_CSV,2026-08-07 14:15:31 +0800
1150807,2026-08-07,上市,2939,永邑-KY,18.90,0.7000,18.40,18.90,18.25,14000,260750,14,TWSE_CSV,2026-08-07 14:15:31 +0800
1150807,2026-08-07,上市,2945,三商家購,41.70,0.1000,41.00,41.70,40.90,11000,455750,10,TWSE_CSV,2026-08-07 14:15:31 +0800
1150807,2026-08-07,上市,3002,歐格,16.55,-0.0500,16.65,17.15,16.55,106000,1783550,88,TWSE_CSV,2026-08-07 14:15:31 +0800
1150807,2026-08-07,上市,3003,健和興,62.50,1.7000,60.50,64.00,60.10,616000,38650300,437,TWSE_CSV,2026-08-07 14:15:31 +0800
1150807,2026-08-07,上市,3004,豐達科,124.00,-5.0000,129.00,129.00,124.00,707000,88710000,539,TWSE_CSV,2026-08-07 14:15:31 +0800
1150807,2026-08-07,上市,3005,神基,115.00,-0.5000,115.50,117.00,114.50,2537000,293443500,1386,TWSE_CSV,2026-08-07 14:15:31 +0800
1150807,2026-08-07,上市,3006,晶豪科,256.50,-1.5000,255.00,263.50,250.50,19215000,4960118000,13691,TWSE_CSV,2026-08-07 14:15:31 +0800
1150807,2026-08-07,上市,3008,大立光,4385.00,-240.0000,4605.00,4625.00,4380.00,1491000,6676240000,1378,TWSE_CSV,2026-08-07 14:15:31 +0800
1150807,2026-08-07,上市,3010,華立,120.50,0.0000,121.00,122.00,118.50,821000,98486000,549,TWSE_CSV,2026-08-07 14:15:31 +0800
1150807,2026-08-07,上市,3011,今皓,11.65,0.1000,11.50,12.10,11.40,837000,9882800,328,TWSE_CSV,2026-08-07 14:15:31 +0800
1150807,2026-08-07,上市,3013,晟銘電,85.10,-1.9000,87.00,88.30,84.40,1042000,89400100,852,TWSE_CSV,2026-08-07 14:15:31 +0800
1150807,2026-08-07,上市,3014,聯陽,135.00,4.5000,131.50,137.00,130.00,5284000,713896500,3703,TWSE_CSV,2026-08-07 14:15:31 +0800
1150807,2026-08-07,上市,3015,全漢,54.80,-2.2000,57.00,57.00,54.70,543000,30054000,364,TWSE_CSV,2026-08-07 14:15:31 +0800
1150807,2026-08-07,上市,3016,嘉晶,98.00,-5.5000,103.50,104.50,97.50,3967000,398034700,2939,TWSE_CSV,2026-08-07 14:15:31 +0800
1150807,2026-08-07,上市,3017,奇鋐,2785.00,-155.0000,2935.00,2935.00,2750.00,3878000,10976305000,3523,TWSE_CSV,2026-08-07 14:15:31 +0800
1150807,2026-08-07,上市,3018,隆銘綠能,14.25,-0.2500,15.00,15.00,14.20,55000,801100,33,TWSE_CSV,2026-08-07 14:15:31 +0800
1150807,2026-08-07,上市,3019,亞光,129.50,-2.0000,131.50,133.00,128.50,2179000,284357500,1550,TWSE_CSV,2026-08-07 14:15:31 +0800
1150807,2026-08-07,上市,3021,鴻名,20.70,-0.0500,20.75,21.20,20.60,158000,3304550,108,TWSE_CSV,2026-08-07 14:15:31 +0800
1150807,2026-08-07,上市,3022,威強電,103.00,2.5000,101.00,106.00,100.00,6778000,700654000,4574,TWSE_CSV,2026-08-07 14:15:31 +0800
1150807,2026-08-07,上市,3023,信邦,318.00,-5.0000,320.00,324.00,314.00,1694000,541938500,1410,TWSE_CSV,2026-08-07 14:15:31 +0800
1150807,2026-08-07,上市,3024,憶聲,12.70,0.1000,12.60,12.75,12.55,1300000,16396500,408,TWSE_CSV,2026-08-07 14:15:31 +0800
1150807,2026-08-07,上市,3025,星通,53.50,-2.5000,54.50,54.50,52.50,429000,22944000,329,TWSE_CSV,2026-08-07 14:15:31 +0800
1150807,2026-08-07,上市,3026,禾伸堂,535.00,-58.0000,595.00,595.00,534.00,1829000,1002142000,1213,TWSE_CSV,2026-08-07 14:15:31 +0800
1150807,2026-08-07,上市,3027,盛達,18.60,0.1000,18.50,18.65,18.30,131000,2423950,93,TWSE_CSV,2026-08-07 14:15:31 +0800
1150807,2026-08-07,上市,3028,增你強,65.90,-6.7000,69.70,69.70,65.80,3981000,268081400,2774,TWSE_CSV,2026-08-07 14:15:31 +0800
1150807,2026-08-07,上市,3029,零壹,109.50,-0.5000,112.00,113.50,109.00,1642000,182049500,1192,TWSE_CSV,2026-08-07 14:15:31 +0800
1150807,2026-08-07,上市,3030,德律,290.00,-5.5000,298.00,301.00,288.00,1017000,299806500,843,TWSE_CSV,2026-08-07 14:15:31 +0800
1150807,2026-08-07,上市,3031,佰鴻,22.70,-0.2500,22.80,23.05,22.55,426000,9713750,272,TWSE_CSV,2026-08-07 14:15:31 +0800
1150807,2026-08-07,上市,3032,偉訓,82.20,-2.2000,84.40,84.70,81.70,538000,44729200,391,TWSE_CSV,2026-08-07 14:15:31 +0800
1150807,2026-08-07,上市,3033,威健,47.05,-0.8000,48.30,48.35,46.50,3608000,170061050,2266,TWSE_CSV,2026-08-07 14:15:31 +0800
1150807,2026-08-07,上市,3034,聯詠,542.00,-1.0000,541.00,546.00,532.00,3406000,1839335000,2305,TWSE_CSV,2026-08-07 14:15:31 +0800
1150807,2026-08-07,上市,3035,智原,172.00,1.0000,172.00,175.00,170.00,3248000,560520000,2526,TWSE_CSV,2026-08-07 14:15:31 +0800
1150807,2026-08-07,上市,3036,文曄,211.50,-22.0000,218.50,223.50,210.50,40831000,8736977500,18795,TWSE_CSV,2026-08-07 14:15:31 +0800
1150807,2026-08-07,上市,3037,欣興,955.00,-18.0000,986.00,999.00,942.00,20998000,20295698000,16813,TWSE_CSV,2026-08-07 14:15:31 +0800
1150807,2026-08-07,上市,3038,全台,20.80,-0.1500,20.95,21.30,20.80,247000,5180850,159,TWSE_CSV,2026-08-07 14:15:31 +0800
1150807,2026-08-07,上市,3040,遠見,38.45,0.3500,38.50,38.70,37.60,85000,3252400,49,TWSE_CSV,2026-08-07 14:15:31 +0800
1150807,2026-08-07,上市,3041,揚智,22.50,-0.2000,22.70,22.85,22.50,367000,8326550,236,TWSE_CSV,2026-08-07 14:15:31 +0800
1150807,2026-08-07,上市,3042,晶技,168.00,-6.0000,176.00,178.00,167.00,11887000,2043973500,7796,TWSE_CSV,2026-08-07 14:15:31 +0800
1150807,2026-08-07,上市,3043,科風,19.95,-0.1000,20.00,20.30,19.40,44000,874700,31,TWSE_CSV,2026-08-07 14:15:31 +0800
1150807,2026-08-07,上市,3044,健鼎,394.00,-3.5000,401.50,403.00,392.50,1980000,786071000,1602,TWSE_CSV,2026-08-07 14:15:31 +0800
1150807,2026-08-07,上市,3045,台灣大,111.50,1.0000,110.50,111.50,110.00,7032000,778914500,2282,TWSE_CSV,2026-08-07 14:15:31 +0800
1150807,2026-08-07,上市,3046,建碁,56.70,0.9000,56.70,57.40,56.00,751000,42686900,542,TWSE_CSV,2026-08-07 14:15:31 +0800
1150807,2026-08-07,上市,3047,訊舟,14.40,-0.1000,14.65,14.65,14.30,290000,4201650,180,TWSE_CSV,2026-08-07 14:15:31 +0800
1150807,2026-08-07,上市,3048,益登,57.50,-0.9000,60.80,61.80,57.40,8828000,522795600,5820,TWSE_CSV,2026-08-07 14:15:31 +0800
1150807,2026-08-07,上市,3049,精金,10.65,0.0500,10.80,10.85,10.55,1703000,18235300,763,TWSE_CSV,2026-08-07 14:15:31 +0800
1150807,2026-08-07,上市,3050,鈺德,11.25,0.0500,11.25,11.30,11.15,337000,3781700,150,TWSE_CSV,2026-08-07 14:15:31 +0800
1150807,2026-08-07,上市,3051,力特,22.90,0.2000,23.30,23.40,22.75,506000,11655850,351,TWSE_CSV,2026-08-07 14:15:31 +0800
1150807,2026-08-07,上市,3052,夆典,10.70,0.0500,10.60,10.70,10.60,129000,1372300,52,TWSE_CSV,2026-08-07 14:15:31 +0800
1150807,2026-08-07,上市,3054,立萬利,50.20,-0.1000,50.00,50.20,49.50,43000,2142500,38,TWSE_CSV,2026-08-07 14:15:31 +0800
1150807,2026-08-07,上市,3055,蔚華科,103.50,-7.0000,113.00,114.00,103.50,310000,33645000,237,TWSE_CSV,2026-08-07 14:15:31 +0800
1150807,2026-08-07,上市,3056,富華新,14.10,0.0500,14.00,14.20,14.00,611000,8599950,297,TWSE_CSV,2026-08-07 14:15:31 +0800
1150807,2026-08-07,上市,3057,喬鼎,15.40,-0.6500,16.00,16.15,15.30,110000,1718250,78,TWSE_CSV,2026-08-07 14:15:31 +0800
1150807,2026-08-07,上市,3058,立德,8.16,-0.0300,8.20,8.27,8.16,217000,1777820,111,TWSE_CSV,2026-08-07 14:15:31 +0800
1150807,2026-08-07,上市,3059,華晶科,40.15,-0.3000,40.75,41.00,39.95,1599000,64572600,948,TWSE_CSV,2026-08-07 14:15:31 +0800
1150807,2026-08-07,上市,3060,銘異,29.00,-0.1500,29.20,29.45,28.65,728000,21180150,442,TWSE_CSV,2026-08-07 14:15:31 +0800
1150807,2026-08-07,上市,3062,建漢,20.30,-0.3500,20.75,20.75,20.20,1113000,22708500,640,TWSE_CSV,2026-08-07 14:15:31 +0800
1150807,2026-08-07,上市,3090,日電貿,150.50,-4.5000,156.50,156.50,147.50,8594000,1300104000,5602,TWSE_CSV,2026-08-07 14:15:31 +0800
1150807,2026-08-07,上市,3092,鴻碩,23.70,0.0500,24.70,24.70,23.10,69000,1629300,59,TWSE_CSV,2026-08-07 14:15:31 +0800
1150807,2026-08-07,上市,3094,聯傑,34.85,-0.7500,35.30,35.80,34.70,773000,27162300,578,TWSE_CSV,2026-08-07 14:15:31 +0800
1150807,2026-08-07,上市,3130,一零四,203.50,0.5000,203.50,204.00,203.00,50000,10183500,44,TWSE_CSV,2026-08-07 14:15:31 +0800
1150807,2026-08-07,上市,3135,凌航,168.00,-18.5000,169.00,171.00,168.00,3631000,611487000,2248,TWSE_CSV,2026-08-07 14:15:31 +0800
1150807,2026-08-07,上市,3138,耀登,95.60,-1.4000,97.30,97.70,94.10,169000,16196200,147,TWSE_CSV,2026-08-07 14:15:31 +0800
1150807,2026-08-07,上市,3149,正達,62.80,-0.3000,63.40,66.00,62.50,8243000,528762500,4864,TWSE_CSV,2026-08-07 14:15:31 +0800
1150807,2026-08-07,上市,3150,鈺寶-創,16.65,0.5000,16.70,17.05,16.40,49000,819100,36,TWSE_CSV,2026-08-07 14:15:31 +0800
1150807,2026-08-07,上市,3164,景岳,16.40,0.1000,16.20,16.60,16.20,33000,542000,25,TWSE_CSV,2026-08-07 14:15:31 +0800
1150807,2026-08-07,上市,3167,大量,691.00,-14.0000,725.00,725.00,665.00,389000,269331000,325,TWSE_CSV,2026-08-07 14:15:31 +0800
1150807,2026-08-07,上市,3168,眾福科,42.45,-0.4000,42.85,42.85,42.10,3000,127400,3,TWSE_CSV,2026-08-07 14:15:31 +0800
1150807,2026-08-07,上市,3189,景碩,823.00,-30.0000,848.00,854.00,808.00,15722000,13045327000,12874,TWSE_CSV,2026-08-07 14:15:31 +0800
1150807,2026-08-07,上市,3209,全科,57.60,-1.4000,59.00,59.30,57.30,1297000,75211800,880,TWSE_CSV,2026-08-07 14:15:31 +0800
1150807,2026-08-07,上市,3229,晟鈦,46.55,0.5500,46.00,48.50,45.70,598000,28051000,385,TWSE_CSV,2026-08-07 14:15:31 +0800
1150807,2026-08-07,上市,3231,緯創,183.50,-6.0000,188.00,188.00,180.50,64367000,11832517500,30811,TWSE_CSV,2026-08-07 14:15:31 +0800
1150807,2026-08-07,上市,3257,虹冠電,50.00,-1.5000,52.10,52.10,49.80,327000,16484950,255,TWSE_CSV,2026-08-07 14:15:31 +0800
1150807,2026-08-07,上市,3266,昇陽,13.90,0.1500,13.75,13.90,13.75,12000,166000,12,TWSE_CSV,2026-08-07 14:15:31 +0800
1150807,2026-08-07,上市,3296,勝德,23.00,-0.4000,23.20,23.25,23.00,22000,508000,19,TWSE_CSV,2026-08-07 14:15:31 +0800
1150807,2026-08-07,上市,3305,昇貿,112.50,-2.0000,115.50,115.50,111.50,1592000,180559500,1044,TWSE_CSV,2026-08-07 14:15:31 +0800
1150807,2026-08-07,上市,3308,聯德,19.65,-0.2000,20.25,20.25,19.65,23000,457650,21,TWSE_CSV,2026-08-07 14:15:31 +0800
1150807,2026-08-07,上市,3311,閎暉,32.20,0.1000,32.40,32.60,32.05,100000,3227550,75,TWSE_CSV,2026-08-07 14:15:31 +0800
1150807,2026-08-07,上市,3312,弘憶股,48.00,0.3000,47.70,48.30,47.25,632000,30156200,437,TWSE_CSV,2026-08-07 14:15:31 +0800
1150807,2026-08-07,上市,3321,同泰,19.10,-1.5500,20.05,20.30,19.00,506000,9939350,273,TWSE_CSV,2026-08-07 14:15:31 +0800
1150807,2026-08-07,上市,3338,泰碩,64.00,-1.2000,65.40,66.10,63.50,328000,21150400,249,TWSE_CSV,2026-08-07 14:15:31 +0800
1150807,2026-08-07,上市,3346,麗清,20.80,0.1000,20.95,21.20,20.60,321000,6690750,224,TWSE_CSV,2026-08-07 14:15:31 +0800
1150807,2026-08-07,上市,3356,奇偶,55.80,-0.3000,56.20,57.10,55.80,228000,12827500,181,TWSE_CSV,2026-08-07 14:15:31 +0800
1150807,2026-08-07,上市,3376,新日興,184.50,-4.0000,188.50,190.00,184.00,1195000,223951500,950,TWSE_CSV,2026-08-07 14:15:31 +0800
1150807,2026-08-07,上市,3380,明泰,27.95,-0.6000,28.70,28.85,27.90,1419000,40027300,963,TWSE_CSV,2026-08-07 14:15:31 +0800
1150807,2026-08-07,上市,3406,玉晶光,546.00,-1.0000,551.00,584.00,542.00,2769000,1543353000,2313,TWSE_CSV,2026-08-07 14:15:31 +0800
1150807,2026-08-07,上市,3413,京鼎,309.00,-11.0000,317.00,320.00,307.00,2229000,691240000,1574,TWSE_CSV,2026-08-07 14:15:31 +0800
1150807,2026-08-07,上市,3416,融程電,191.00,4.5000,186.00,194.00,184.00,1299000,248493500,1006,TWSE_CSV,2026-08-07 14:15:31 +0800
1150807,2026-08-07,上市,3419,譁裕,12.00,0.2000,11.80,12.35,11.80,241000,2912950,140,TWSE_CSV,2026-08-07 14:15:31 +0800
1150807,2026-08-07,上市,3432,台端,15.90,-0.1000,16.30,16.30,15.40,29000,454300,20,TWSE_CSV,2026-08-07 14:15:31 +0800
1150807,2026-08-07,上市,3437,榮創,17.40,-0.4000,17.80,17.95,17.40,242000,4252850,180,TWSE_CSV,2026-08-07 14:15:31 +0800
1150807,2026-08-07,上市,3443,創意,4545.00,65.0000,4505.00,4665.00,4415.00,1791000,8154245000,1658,TWSE_CSV,2026-08-07 14:15:31 +0800
1150807,2026-08-07,上市,3447,展達,28.25,-0.1000,28.85,28.95,27.90,150000,4265400,111,TWSE_CSV,2026-08-07 14:15:31 +0800
1150807,2026-08-07,上市,3450,聯鈞,477.00,-14.5000,491.50,527.00,476.00,16810000,8316311000,13432,TWSE_CSV,2026-08-07 14:15:31 +0800
1150807,2026-08-07,上市,3481,群創,47.55,-2.4500,49.70,50.40,47.55,268352000,13174404100,104078,TWSE_CSV,2026-08-07 14:15:31 +0800
1150807,2026-08-07,上市,3494,誠研,7.05,0.1000,6.95,7.08,6.87,54000,374780,31,TWSE_CSV,2026-08-07 14:15:31 +0800
1150807,2026-08-07,上市,3501,維熹,38.40,-0.1500,38.55,38.70,38.35,52000,2000900,46,TWSE_CSV,2026-08-07 14:15:31 +0800
1150807,2026-08-07,上市,3504,揚明光,73.60,-3.5000,75.60,80.80,73.60,2457000,189250100,1758,TWSE_CSV,2026-08-07 14:15:31 +0800
1150807,2026-08-07,上市,3515,華擎,212.50,-2.0000,212.50,213.00,207.00,904000,190003000,564,TWSE_CSV,2026-08-07 14:15:31 +0800
1150807,2026-08-07,上市,3518,柏騰,28.15,2.5500,26.05,28.15,25.90,721000,19759200,448,TWSE_CSV,2026-08-07 14:15:31 +0800
1150807,2026-08-07,上市,3528,安馳,89.20,-1.1000,91.20,91.20,87.90,367000,32653700,330,TWSE_CSV,2026-08-07 14:15:31 +0800
1150807,2026-08-07,上市,3530,晶相光,54.00,0.1000,54.20,55.10,53.80,194000,10568700,159,TWSE_CSV,2026-08-07 14:15:31 +0800
1150807,2026-08-07,上市,3532,台勝科,312.50,-3.5000,316.00,316.00,308.00,288000,90084000,243,TWSE_CSV,2026-08-07 14:15:31 +0800
1150807,2026-08-07,上市,3533,嘉澤,1910.00,-60.0000,1970.00,1990.00,1900.00,868000,1681520000,769,TWSE_CSV,2026-08-07 14:15:31 +0800
1150807,2026-08-07,上市,3535,晶彩科,85.20,-2.1000,87.30,88.10,84.40,524000,44995900,423,TWSE_CSV,2026-08-07 14:15:31 +0800
1150807,2026-08-07,上市,3543,州巧,36.00,-0.6000,36.60,38.85,35.25,5059000,186055900,2863,TWSE_CSV,2026-08-07 14:15:31 +0800
1150807,2026-08-07,上市,3545,敦泰,50.40,-0.4000,50.60,50.70,49.95,448000,22552800,283,TWSE_CSV,2026-08-07 14:15:31 +0800
1150807,2026-08-07,上市,3550,聯穎,24.55,1.7500,23.00,25.00,22.60,4599000,111177050,2679,TWSE_CSV,2026-08-07 14:15:31 +0800
1150807,2026-08-07,上市,3557,嘉威,26.15,-0.3500,26.90,26.90,26.10,50000,1327400,36,TWSE_CSV,2026-08-07 14:15:31 +0800
1150807,2026-08-07,上市,3563,牧德,655.00,-33.0000,687.00,693.00,653.00,442000,295952000,424,TWSE_CSV,2026-08-07 14:15:31 +0800
1150807,2026-08-07,上市,3576,聯合再生,16.95,-0.4500,17.30,17.65,16.95,7793000,133870950,3106,TWSE_CSV,2026-08-07 14:15:31 +0800
1150807,2026-08-07,上市,3583,辛耘,693.00,-44.0000,739.00,740.00,688.00,1025000,726299000,921,TWSE_CSV,2026-08-07 14:15:31 +0800
1150807,2026-08-07,上市,3588,通嘉,54.30,2.3000,54.00,55.60,53.00,358000,19575200,267,TWSE_CSV,2026-08-07 14:15:31 +0800
1150807,2026-08-07,上市,3591,艾笛森,21.20,-0.4000,21.60,21.60,21.00,773000,16434800,499,TWSE_CSV,2026-08-07 14:15:31 +0800
1150807,2026-08-07,上市,3592,瑞鼎,244.50,-1.0000,242.50,248.50,242.50,514000,126377000,388,TWSE_CSV,2026-08-07 14:15:31 +0800
1150807,2026-08-07,上市,3593,力銘,12.50,0.0000,12.05,12.50,12.05,6000,74250,6,TWSE_CSV,2026-08-07 14:15:31 +0800
1150807,2026-08-07,上市,3596,智易,178.50,-4.0000,184.00,184.00,177.00,977000,175076500,718,TWSE_CSV,2026-08-07 14:15:31 +0800
1150807,2026-08-07,上市,3605,宏致,107.50,-0.5000,108.00,113.00,104.50,11073000,1196262500,6156,TWSE_CSV,2026-08-07 14:15:31 +0800
1150807,2026-08-07,上市,3607,谷崧,14.30,-0.0500,14.25,14.45,14.15,245000,3509000,120,TWSE_CSV,2026-08-07 14:15:31 +0800
1150807,2026-08-07,上市,3617,碩天,232.00,3.5000,229.50,237.00,229.50,550000,128414500,461,TWSE_CSV,2026-08-07 14:15:31 +0800
1150807,2026-08-07,上市,3622,洋華,54.40,0.4000,54.20,55.10,54.00,299000,16301400,186,TWSE_CSV,2026-08-07 14:15:31 +0800
1150807,2026-08-07,上市,3645,達邁,68.40,-0.9000,70.20,70.20,68.10,725000,50097900,478,TWSE_CSV,2026-08-07 14:15:31 +0800
1150807,2026-08-07,上市,3652,精聯,33.90,-0.3000,36.25,36.25,33.50,1861000,64864450,683,TWSE_CSV,2026-08-07 14:15:31 +0800
1150807,2026-08-07,上市,3653,健策,4380.00,-70.0000,4595.00,4600.00,4320.00,1623000,7245305000,1458,TWSE_CSV,2026-08-07 14:15:31 +0800
1150807,2026-08-07,上市,3661,世芯-KY,3715.00,55.0000,3665.00,3845.00,3605.00,2135000,7963390000,1977,TWSE_CSV,2026-08-07 14:15:31 +0800
1150807,2026-08-07,上市,3665,貿聯-KY,2200.00,-170.0000,2300.00,2300.00,2185.00,5303000,11813120000,4714,TWSE_CSV,2026-08-07 14:15:31 +0800
1150807,2026-08-07,上市,3669,圓展,38.35,0.0000,38.85,39.05,37.65,300000,11461350,226,TWSE_CSV,2026-08-07 14:15:31 +0800
1150807,2026-08-07,上市,3673,TPK-KY,60.40,-1.4000,62.40,62.80,60.10,4081000,248988900,2671,TWSE_CSV,2026-08-07 14:15:31 +0800
1150807,2026-08-07,上市,3679,新至陞,110.50,0.0000,110.00,111.00,110.00,15000,1656000,15,TWSE_CSV,2026-08-07 14:15:31 +0800
1150807,2026-08-07,上市,3686,達能,14.70,-0.1500,14.65,14.75,14.30,65000,949700,44,TWSE_CSV,2026-08-07 14:15:31 +0800
1150807,2026-08-07,上市,3694,海華,55.60,-0.5000,56.70,59.10,55.30,3179000,182951600,1734,TWSE_CSV,2026-08-07 14:15:31 +0800
1150807,2026-08-07,上市,3701,大眾控,42.55,-0.9500,43.50,45.25,42.40,5131000,224429050,3353,TWSE_CSV,2026-08-07 14:15:31 +0800
1150807,2026-08-07,上市,3702,大聯大,122.50,-3.0000,126.50,127.00,121.00,9916000,1221366500,4655,TWSE_CSV,2026-08-07 14:15:31 +0800
1150807,2026-08-07,上市,3703,欣陸,20.40,0.0500,20.35,20.55,20.35,1448000,29653000,494,TWSE_CSV,2026-08-07 14:15:31 +0800
1150807,2026-08-07,上市,3704,合勤控,45.85,-1.4000,47.15,47.20,45.20,2545000,117276400,1536,TWSE_CSV,2026-08-07 14:15:31 +0800
1150807,2026-08-07,上市,3705,永信,53.50,0.1000,53.40,53.80,53.20,120000,6409500,73,TWSE_CSV,2026-08-07 14:15:31 +0800
1150807,2026-08-07,上市,3706,神達,91.70,-1.2000,93.50,93.70,91.20,9564000,881400100,5433,TWSE_CSV,2026-08-07 14:15:31 +0800
1150807,2026-08-07,上市,3708,上緯投控,96.00,-1.5000,97.50,98.50,96.00,342000,33224000,250,TWSE_CSV,2026-08-07 14:15:31 +0800
1150807,2026-08-07,上市,3711,日月光投控,585.00,-10.0000,605.00,610.00,578.00,12330000,7300684000,8597,TWSE_CSV,2026-08-07 14:15:31 +0800
1150807,2026-08-07,上市,3712,永崴投控,20.35,0.0500,20.30,20.50,20.10,544000,11052800,305,TWSE_CSV,2026-08-07 14:15:31 +0800
1150807,2026-08-07,上市,3714,富采,59.40,1.7000,57.80,59.90,55.80,10223000,593288500,5387,TWSE_CSV,2026-08-07 14:15:31 +0800
1150807,2026-08-07,上市,3715,定穎投控,114.50,-2.0000,116.00,117.50,113.00,5523000,634995500,3448,TWSE_CSV,2026-08-07 14:15:31 +0800
1150807,2026-08-07,上市,3716,中化控股,34.95,2.9500,35.20,35.20,34.55,1811000,63484700,833,TWSE_CSV,2026-08-07 14:15:31 +0800
1150807,2026-08-07,上市,3717,聯嘉投控,24.05,1.1500,24.80,25.15,23.95,10483000,259887100,3603,TWSE_CSV,2026-08-07 14:15:31 +0800
1150807,2026-08-07,上市,4104,佳醫,70.40,0.5000,69.70,70.50,69.50,127000,8910100,90,TWSE_CSV,2026-08-07 14:15:31 +0800
1150807,2026-08-07,上市,4106,雃博,24.60,-0.3000,24.90,24.90,24.15,477000,11658250,231,TWSE_CSV,2026-08-07 14:15:31 +0800
1150807,2026-08-07,上市,4108,懷特,11.15,0.0000,11.05,11.25,11.05,149000,1661600,65,TWSE_CSV,2026-08-07 14:15:31 +0800
1150807,2026-08-07,上市,4119,旭富,51.60,2.9500,48.30,51.60,48.30,469000,23730900,291,TWSE_CSV,2026-08-07 14:15:31 +0800
1150807,2026-08-07,上市,4133,亞諾法,21.20,-0.2000,21.35,21.70,21.15,114000,2433200,86,TWSE_CSV,2026-08-07 14:15:31 +0800
1150807,2026-08-07,上市,4137,麗豐-KY,95.60,0.7000,94.90,96.30,94.90,100000,9551000,88,TWSE_CSV,2026-08-07 14:15:31 +0800
1150807,2026-08-07,上市,4142,國光生,17.70,0.5500,17.15,17.80,17.15,2191000,38534000,1148,TWSE_CSV,2026-08-07 14:15:31 +0800
1150807,2026-08-07,上市,4148,全宇生技-KY,30.30,-0.5000,30.50,30.65,30.15,57000,1732650,47,TWSE_CSV,2026-08-07 14:15:31 +0800
1150807,2026-08-07,上市,4155,訊映,14.50,0.1000,14.40,14.70,14.30,238000,3456000,134,TWSE_CSV,2026-08-07 14:15:31 +0800
1150807,2026-08-07,上市,4164,承業醫,26.10,0.2000,25.85,26.50,25.85,524000,13720850,353,TWSE_CSV,2026-08-07 14:15:31 +0800
1150807,2026-08-07,上市,4169,泰宗,157.00,-4.0000,160.00,160.00,153.00,149000,23390000,129,TWSE_CSV,2026-08-07 14:15:31 +0800
1150807,2026-08-07,上市,4178,永笙-KY,18.40,-0.4500,18.90,18.90,18.35,141000,2619250,109,TWSE_CSV,2026-08-07 14:15:31 +0800
1150807,2026-08-07,上市,4190,佐登-KY,25.50,0.3000,25.10,25.50,25.05,4000,101150,4,TWSE_CSV,2026-08-07 14:15:31 +0800
1150807,2026-08-07,上市,4195,基米-創,15.35,0.0500,15.40,15.40,15.15,57000,869450,41,TWSE_CSV,2026-08-07 14:15:31 +0800
1150807,2026-08-07,上市,4306,炎洲,14.45,0.0000,14.50,14.55,14.40,402000,5820050,175,TWSE_CSV,2026-08-07 14:15:31 +0800
1150807,2026-08-07,上市,4414,如興,8.32,0.0100,8.25,8.39,8.20,182000,1511480,72,TWSE_CSV,2026-08-07 14:15:31 +0800
1150807,2026-08-07,上市,4426,利勤,7.90,-0.0200,8.05,8.05,7.87,82000,647910,41,TWSE_CSV,2026-08-07 14:15:31 +0800
1150807,2026-08-07,上市,4438,廣越,59.70,-0.8000,60.20,60.20,59.20,100000,5960000,69,TWSE_CSV,2026-08-07 14:15:31 +0800
1150807,2026-08-07,上市,4439,冠星-KY,104.00,2.0000,102.50,105.00,102.50,49000,5094500,40,TWSE_CSV,2026-08-07 14:15:31 +0800
1150807,2026-08-07,上市,4440,宜新實業,17.45,0.0000,17.45,17.45,17.45,7000,122150,6,TWSE_CSV,2026-08-07 14:15:31 +0800
1150807,2026-08-07,上市,4441,振大環球,190.50,-3.0000,192.50,192.50,189.00,111000,21108500,98,TWSE_CSV,2026-08-07 14:15:31 +0800
1150807,2026-08-07,上市,4526,東台,29.95,-0.2000,30.45,31.00,29.80,1382000,41964800,873,TWSE_CSV,2026-08-07 14:15:31 +0800
1150807,2026-08-07,上市,4532,瑞智,24.50,-0.1000,24.75,24.90,24.50,680000,16748850,387,TWSE_CSV,2026-08-07 14:15:31 +0800
1150807,2026-08-07,上市,4536,拓凱,170.00,2.5000,167.00,171.50,167.00,314000,53306500,251,TWSE_CSV,2026-08-07 14:15:31 +0800
1150807,2026-08-07,上市,4540,全球傳動,60.00,4.2000,55.50,61.30,55.10,12893000,775449800,6673,TWSE_CSV,2026-08-07 14:15:31 +0800
1150807,2026-08-07,上市,4545,銘鈺,32.75,-0.8500,34.30,34.30,32.75,72000,2381400,67,TWSE_CSV,2026-08-07 14:15:31 +0800
1150807,2026-08-07,上市,4551,智伸科,167.50,-2.5000,173.50,177.00,166.50,1248000,214439000,1010,TWSE_CSV,2026-08-07 14:15:31 +0800
1150807,2026-08-07,上市,4552,力達-KY,17.70,0.1000,17.55,17.80,17.45,150000,2642600,68,TWSE_CSV,2026-08-07 14:15:31 +0800
1150807,2026-08-07,上市,4555,氣立,46.75,-0.3000,50.60,50.60,46.75,1266000,61197900,890,TWSE_CSV,2026-08-07 14:15:31 +0800
1150807,2026-08-07,上市,4557,永新-KY,48.55,-0.2500,48.90,49.45,48.30,68000,3315450,55,TWSE_CSV,2026-08-07 14:15:31 +0800
1150807,2026-08-07,上市,4560,強信-KY,32.10,0.4000,31.70,32.15,31.50,325000,10311400,130,TWSE_CSV,2026-08-07 14:15:31 +0800
1150807,2026-08-07,上市,4562,穎漢,32.60,1.0000,32.10,34.45,32.10,1376000,45863250,1006,TWSE_CSV,2026-08-07 14:15:31 +0800
1150807,2026-08-07,上市,4564,元翎,16.05,-0.2000,16.20,16.50,16.00,611000,9879750,367,TWSE_CSV,2026-08-07 14:15:31 +0800
1150807,2026-08-07,上市,4566,時碩工業,76.30,6.9000,69.80,76.30,69.80,9727000,737266400,4738,TWSE_CSV,2026-08-07 14:15:31 +0800
1150807,2026-08-07,上市,4569,六方科-KY,165.00,-1.0000,168.00,169.50,164.00,37000,6147500,34,TWSE_CSV,2026-08-07 14:15:31 +0800
1150807,2026-08-07,上市,4571,鈞興-KY,171.50,4.0000,170.50,182.00,170.50,1158000,204184000,934,TWSE_CSV,2026-08-07 14:15:31 +0800
1150807,2026-08-07,上市,4572,駐龍,141.50,0.5000,140.00,141.50,139.50,23000,3232500,20,TWSE_CSV,2026-08-07 14:15:31 +0800
1150807,2026-08-07,上市,4576,大銀微系統,218.00,-0.5000,222.50,238.00,217.50,7777000,1764419000,6294,TWSE_CSV,2026-08-07 14:15:31 +0800
1150807,2026-08-07,上市,4581,光隆精密-KY,50.50,-0.8000,51.30,51.50,50.50,19000,962700,17,TWSE_CSV,2026-08-07 14:15:31 +0800
1150807,2026-08-07,上市,4582,聚恆-創,29.00,0.6000,28.65,29.35,28.65,174000,5044800,85,TWSE_CSV,2026-08-07 14:15:31 +0800
1150807,2026-08-07,上市,4583,台灣精銳,503.00,-2.0000,501.00,523.00,499.50,143000,73069000,140,TWSE_CSV,2026-08-07 14:15:31 +0800
1150807,2026-08-07,上市,4585,達明,308.50,8.0000,303.00,327.50,303.00,1082000,342898500,950,TWSE_CSV,2026-08-07 14:15:31 +0800
1150807,2026-08-07,上市,4588,玖鼎電力,51.30,0.2000,51.60,52.00,51.10,41000,2110700,38,TWSE_CSV,2026-08-07 14:15:31 +0800
1150807,2026-08-07,上市,4590,富田-創,83.10,1.9000,81.60,83.90,80.50,370000,30629500,228,TWSE_CSV,2026-08-07 14:15:31 +0800
1150807,2026-08-07,上市,4720,德淵,19.35,-0.2000,19.70,19.70,19.25,368000,7147150,215,TWSE_CSV,2026-08-07 14:15:31 +0800
1150807,2026-08-07,上市,4722,國精化,232.00,2.0000,230.00,235.00,220.00,1385000,317043500,1183,TWSE_CSV,2026-08-07 14:15:31 +0800
1150807,2026-08-07,上市,4736,泰博,130.50,1.5000,129.50,130.50,129.50,122000,15876500,108,TWSE_CSV,2026-08-07 14:15:31 +0800
1150807,2026-08-07,上市,4737,華廣,55.00,1.0000,54.30,55.00,54.30,29000,1585500,29,TWSE_CSV,2026-08-07 14:15:31 +0800
1150807,2026-08-07,上市,4739,康普,84.20,-3.3000,88.40,90.50,84.10,3421000,297010400,1993,TWSE_CSV,2026-08-07 14:15:31 +0800
1150807,2026-08-07,上市,4746,台耀,54.00,1.1000,52.90,54.90,52.90,917000,49555900,622,TWSE_CSV,2026-08-07 14:15:31 +0800
1150807,2026-08-07,上市,4755,三福化,114.50,-1.5000,115.00,115.50,113.50,112000,12811000,98,TWSE_CSV,2026-08-07 14:15:31 +0800
1150807,2026-08-07,上市,4763,材料*-KY,49.90,0.2500,50.00,51.70,49.50,13700000,690745800,6644,TWSE_CSV,2026-08-07 14:15:31 +0800
1150807,2026-08-07,上市,4764,雙鍵,236.50,-26.0000,259.00,261.00,236.50,2459000,598161000,1864,TWSE_CSV,2026-08-07 14:15:31 +0800
1150807,2026-08-07,上市,4766,南寶,326.50,6.5000,322.00,328.50,322.00,351000,114220000,279,TWSE_CSV,2026-08-07 14:15:31 +0800
1150807,2026-08-07,上市,4770,上品,216.50,4.0000,212.50,218.00,212.50,226000,48884500,201,TWSE_CSV,2026-08-07 14:15:31 +0800
1150807,2026-08-07,上市,4771,望隼,202.50,5.0000,197.00,203.50,197.00,378000,76053000,275,TWSE_CSV,2026-08-07 14:15:31 +0800
1150807,2026-08-07,上市,4807,日成-KY,33.50,-0.7000,33.95,34.20,33.30,174000,5852150,98,TWSE_CSV,2026-08-07 14:15:31 +0800
1150807,2026-08-07,上市,4904,遠傳,103.00,1.0000,101.50,103.50,101.00,6051000,621230000,2626,TWSE_CSV,2026-08-07 14:15:31 +0800
1150807,2026-08-07,上市,4906,正文,33.95,-1.5500,35.40,36.10,33.90,4762000,165032550,2630,TWSE_CSV,2026-08-07 14:15:31 +0800
1150807,2026-08-07,上市,4912,聯德控股-KY,89.00,-1.9000,91.50,91.50,88.60,273000,24439000,213,TWSE_CSV,2026-08-07 14:15:31 +0800
1150807,2026-08-07,上市,4915,致伸,59.50,-2.4000,61.90,61.90,59.50,8636000,521554200,5693,TWSE_CSV,2026-08-07 14:15:31 +0800
1150807,2026-08-07,上市,4916,事欣科,108.00,0.0000,108.00,111.00,106.50,4979000,540652000,3207,TWSE_CSV,2026-08-07 14:15:31 +0800
1150807,2026-08-07,上市,4919,新唐,120.00,-5.0000,123.00,124.50,118.00,5422000,656973000,3700,TWSE_CSV,2026-08-07 14:15:31 +0800
1150807,2026-08-07,上市,4927,泰鼎-KY,33.00,-2.0500,35.40,35.45,32.65,8564000,289337750,4362,TWSE_CSV,2026-08-07 14:15:31 +0800
1150807,2026-08-07,上市,4930,燦星網,16.05,-0.1500,16.30,16.30,16.00,16000,257700,11,TWSE_CSV,2026-08-07 14:15:31 +0800
1150807,2026-08-07,上市,4934,太極,14.15,-0.2500,14.25,14.50,14.10,430000,6118750,176,TWSE_CSV,2026-08-07 14:15:31 +0800
1150807,2026-08-07,上市,4935,茂林-KY,34.80,0.1500,34.95,34.95,34.60,28000,973800,23,TWSE_CSV,2026-08-07 14:15:31 +0800
1150807,2026-08-07,上市,4938,和碩,87.10,-0.9000,88.00,88.20,86.90,5209000,455020400,2471,TWSE_CSV,2026-08-07 14:15:31 +0800
1150807,2026-08-07,上市,4942,嘉彰,34.40,0.2500,33.90,34.40,33.90,89000,3042550,53,TWSE_CSV,2026-08-07 14:15:31 +0800
1150807,2026-08-07,上市,4943,康控-KY,8.75,-0.0300,8.53,8.75,8.53,17000,145550,11,TWSE_CSV,2026-08-07 14:15:31 +0800
1150807,2026-08-07,上市,4949,有成精密,66.80,-0.7000,67.50,67.70,66.20,214000,14322800,165,TWSE_CSV,2026-08-07 14:15:31 +0800
1150807,2026-08-07,上市,4952,凌通,50.50,1.7000,49.30,50.80,48.00,521000,26028950,390,TWSE_CSV,2026-08-07 14:15:31 +0800
1150807,2026-08-07,上市,4956,光鋐,31.10,-0.3000,33.70,33.70,30.90,2524000,81442100,1652,TWSE_CSV,2026-08-07 14:15:31 +0800
1150807,2026-08-07,上市,4958,臻鼎-KY,473.00,-9.0000,494.50,502.00,468.50,32620000,15687289500,24997,TWSE_CSV,2026-08-07 14:15:31 +0800
1150807,2026-08-07,上市,4960,誠美材,20.45,-0.5000,20.90,21.35,20.35,1381000,28597050,780,TWSE_CSV,2026-08-07 14:15:31 +0800
1150807,2026-08-07,上市,4961,天鈺,172.50,5.0000,170.50,175.00,168.00,1461000,251827000,1093,TWSE_CSV,2026-08-07 14:15:31 +0800
1150807,2026-08-07,上市,4967,十銓,280.00,0.0000,284.00,288.50,278.00,8325000,2345937000,6271,TWSE_CSV,2026-08-07 14:15:31 +0800
1150807,2026-08-07,上市,4968,立積,95.20,-2.3000,98.10,98.10,94.50,559000,53682500,440,TWSE_CSV,2026-08-07 14:15:31 +0800
1150807,2026-08-07,上市,4976,佳凌,36.25,-0.9000,36.55,39.10,36.15,3014000,112729350,1996,TWSE_CSV,2026-08-07 14:15:31 +0800
1150807,2026-08-07,上市,4977,眾達-KY,133.50,-5.0000,136.00,141.50,131.50,2089000,284103500,1688,TWSE_CSV,2026-08-07 14:15:31 +0800
1150807,2026-08-07,上市,4989,榮科,65.70,-2.0000,67.70,68.10,65.00,5935000,394889300,3819,TWSE_CSV,2026-08-07 14:15:31 +0800
1150807,2026-08-07,上市,4994,傳奇,87.20,0.5000,86.70,87.70,86.50,21000,1832600,12,TWSE_CSV,2026-08-07 14:15:31 +0800
1150807,2026-08-07,上市,4999,鑫禾,18.35,-0.0500,18.35,18.50,18.25,74000,1356650,39,TWSE_CSV,2026-08-07 14:15:31 +0800
1150807,2026-08-07,上市,5007,三星,56.10,0.1000,56.10,56.40,56.10,22000,1236100,18,TWSE_CSV,2026-08-07 14:15:31 +0800
1150807,2026-08-07,上市,5203,訊連,66.60,-0.4000,66.90,67.50,66.30,114000,7614600,84,TWSE_CSV,2026-08-07 14:15:31 +0800
1150807,2026-08-07,上市,5215,科嘉-KY,37.85,-0.2500,38.10,38.10,37.40,93000,3502800,66,TWSE_CSV,2026-08-07 14:15:31 +0800
1150807,2026-08-07,上市,5222,全訊,112.50,-0.5000,112.50,113.50,111.50,194000,21832500,135,TWSE_CSV,2026-08-07 14:15:31 +0800
1150807,2026-08-07,上市,5225,東科-KY,74.10,-0.8000,75.00,75.30,73.30,263000,19541300,210,TWSE_CSV,2026-08-07 14:15:31 +0800
1150807,2026-08-07,上市,5234,達興材料,326.00,-9.5000,336.00,338.00,325.00,140000,46208000,136,TWSE_CSV,2026-08-07 14:15:31 +0800
1150807,2026-08-07,上市,5236,凌陽創新,142.50,-3.0000,145.50,145.50,141.50,122000,17507500,111,TWSE_CSV,2026-08-07 14:15:31 +0800
1150807,2026-08-07,上市,5243,乙盛-KY,87.10,-2.2000,89.30,89.90,86.60,965000,85015900,757,TWSE_CSV,2026-08-07 14:15:31 +0800
1150807,2026-08-07,上市,5244,弘凱,33.15,-0.4500,33.45,33.75,33.10,168000,5606550,100,TWSE_CSV,2026-08-07 14:15:31 +0800
1150807,2026-08-07,上市,5258,虹堡,51.80,-0.2000,52.70,52.80,51.40,267000,13844300,201,TWSE_CSV,2026-08-07 14:15:31 +0800
1150807,2026-08-07,上市,5269,祥碩,1400.00,-10.0000,1415.00,1430.00,1395.00,522000,736235000,473,TWSE_CSV,2026-08-07 14:15:31 +0800
1150807,2026-08-07,上市,5283,禾聯碩,54.00,0.2000,54.10,54.10,53.40,24000,1289100,24,TWSE_CSV,2026-08-07 14:15:31 +0800
1150807,2026-08-07,上市,5284,jpp-KY,297.00,-6.5000,305.00,309.00,291.50,360000,107963000,301,TWSE_CSV,2026-08-07 14:15:31 +0800
1150807,2026-08-07,上市,5285,界霖,77.10,-0.8000,78.90,79.00,76.00,543000,42047300,374,TWSE_CSV,2026-08-07 14:15:31 +0800
1150807,2026-08-07,上市,5288,豐祥-KY,192.50,4.0000,188.50,194.50,188.50,255000,48966000,182,TWSE_CSV,2026-08-07 14:15:31 +0800
1150807,2026-08-07,上市,5292,華懋,172.00,3.5000,171.50,177.00,166.00,106000,18264000,91,TWSE_CSV,2026-08-07 14:15:31 +0800
1150807,2026-08-07,上市,5306,桂盟,94.70,1.5000,93.10,95.60,93.10,200000,18922300,159,TWSE_CSV,2026-08-07 14:15:31 +0800
1150807,2026-08-07,上市,5388,中磊,91.40,-0.4000,94.60,95.00,90.50,5029000,463260300,3230,TWSE_CSV,2026-08-07 14:15:31 +0800
1150807,2026-08-07,上市,5434,崇越,499.00,-10.0000,507.00,515.00,498.00,745000,374771000,685,TWSE_CSV,2026-08-07 14:15:31 +0800
1150807,2026-08-07,上市,5469,瀚宇博,71.40,0.9000,71.20,72.60,70.80,2305000,165613500,1572,TWSE_CSV,2026-08-07 14:15:31 +0800
1150807,2026-08-07,上市,5471,松翰,54.80,0.4000,54.80,55.60,53.90,1603000,88006400,1085,TWSE_CSV,2026-08-07 14:15:31 +0800
1150807,2026-08-07,上市,5484,慧友,44.80,3.8500,41.85,45.00,41.30,967000,42586800,617,TWSE_CSV,2026-08-07 14:15:31 +0800
1150807,2026-08-07,上市,5515,建國,43.25,0.8500,42.65,44.05,42.50,658000,28570200,434,TWSE_CSV,2026-08-07 14:15:31 +0800
1150807,2026-08-07,上市,5519,隆大,27.95,0.2000,27.75,28.00,27.75,150000,4188650,103,TWSE_CSV,2026-08-07 14:15:31 +0800
1150807,2026-08-07,上市,5521,工信,10.15,0.0000,10.20,10.35,10.10,1485000,15159900,530,TWSE_CSV,2026-08-07 14:15:31 +0800
1150807,2026-08-07,上市,5522,遠雄,64.10,0.3000,64.00,65.00,63.60,3056000,195802000,1814,TWSE_CSV,2026-08-07 14:15:31 +0800
1150807,2026-08-07,上市,5525,順天,22.05,0.3000,21.50,22.10,21.50,109000,2388650,70,TWSE_CSV,2026-08-07 14:15:31 +0800
1150807,2026-08-07,上市,5531,鄉林,7.71,0.0400,7.65,7.75,7.65,270000,2084060,147,TWSE_CSV,2026-08-07 14:15:31 +0800
1150807,2026-08-07,上市,5533,皇鼎,13.90,-0.1000,13.90,14.10,13.75,310000,4297450,98,TWSE_CSV,2026-08-07 14:15:31 +0800
1150807,2026-08-07,上市,5534,長虹,78.40,0.6000,77.70,78.80,77.70,289000,22676400,212,TWSE_CSV,2026-08-07 14:15:31 +0800
1150807,2026-08-07,上市,5538,東明-KY,35.40,1.2000,34.70,37.60,34.50,1123000,41265950,337,TWSE_CSV,2026-08-07 14:15:31 +0800
1150807,2026-08-07,上市,5546,永固-KY,14.00,0.3000,13.20,14.00,13.20,34000,456950,28,TWSE_CSV,2026-08-07 14:15:31 +0800
1150807,2026-08-07,上市,5607,遠雄港,48.95,0.1000,48.65,49.25,48.65,202000,9900900,156,TWSE_CSV,2026-08-07 14:15:31 +0800
1150807,2026-08-07,上市,5608,四維航,13.25,0.0000,13.30,13.35,13.15,710000,9390450,415,TWSE_CSV,2026-08-07 14:15:31 +0800
1150807,2026-08-07,上市,5706,鳳凰,45.35,0.5500,45.05,45.60,45.05,186000,8445100,129,TWSE_CSV,2026-08-07 14:15:31 +0800
1150807,2026-08-07,上市,5871,中租-KY,109.00,0.0000,109.50,110.00,109.00,2421000,264798500,1387,TWSE_CSV,2026-08-07 14:15:31 +0800
1150807,2026-08-07,上市,5876,上海商銀,43.45,0.0000,43.25,43.65,43.15,3763000,163259200,1691,TWSE_CSV,2026-08-07 14:15:31 +0800
1150807,2026-08-07,上市,5880,合庫金,26.20,0.1000,26.10,26.25,26.05,14958000,390980000,3131,TWSE_CSV,2026-08-07 14:15:31 +0800
1150807,2026-08-07,上市,5906,台南-KY,0.00,0.0000,0.00,0.00,0.00,0,0,0,TWSE_CSV,2026-08-07 14:15:31 +0800
1150807,2026-08-07,上市,5907,大洋-KY,4.90,0.0400,4.86,4.99,4.86,149000,734350,58,TWSE_CSV,2026-08-07 14:15:31 +0800
1150807,2026-08-07,上市,6005,群益證,33.85,-0.7000,34.45,34.65,33.70,12061000,411309300,4786,TWSE_CSV,2026-08-07 14:15:31 +0800
1150807,2026-08-07,上市,6024,群益期,59.90,0.6000,59.00,60.00,59.00,243000,14473300,189,TWSE_CSV,2026-08-07 14:15:31 +0800
1150807,2026-08-07,上市,6108,競國,18.90,0.9000,18.15,19.15,18.00,957000,17930800,491,TWSE_CSV,2026-08-07 14:15:31 +0800
1150807,2026-08-07,上市,6112,邁達特,45.90,0.6500,45.25,46.00,44.70,1118000,50970400,717,TWSE_CSV,2026-08-07 14:15:31 +0800
1150807,2026-08-07,上市,6115,鎰勝,45.30,0.2000,45.10,45.70,45.10,255000,11575550,118,TWSE_CSV,2026-08-07 14:15:31 +0800
1150807,2026-08-07,上市,6116,彩晶,13.55,-0.4500,14.05,14.70,13.55,65967000,925990600,16339,TWSE_CSV,2026-08-07 14:15:31 +0800
1150807,2026-08-07,上市,6117,迎廣,65.90,0.5000,65.90,66.80,65.40,235000,15503500,166,TWSE_CSV,2026-08-07 14:15:31 +0800
1150807,2026-08-07,上市,6120,達運,13.45,0.0000,13.55,13.60,13.35,968000,13050250,458,TWSE_CSV,2026-08-07 14:15:31 +0800
1150807,2026-08-07,上市,6128,上福,20.00,-0.1500,20.20,20.20,19.95,101000,2023150,30,TWSE_CSV,2026-08-07 14:15:31 +0800
1150807,2026-08-07,上市,6133,金橋,21.30,0.0500,21.15,21.70,21.15,420000,8959500,250,TWSE_CSV,2026-08-07 14:15:31 +0800
1150807,2026-08-07,上市,6136,富爾特,24.40,-0.3500,24.95,24.95,24.30,64000,1566550,53,TWSE_CSV,2026-08-07 14:15:31 +0800
1150807,2026-08-07,上市,6139,亞翔,802.00,-34.0000,821.00,838.00,800.00,3401000,2772496000,2845,TWSE_CSV,2026-08-07 14:15:31 +0800
1150807,2026-08-07,上市,6141,柏承,34.10,-0.3000,34.40,35.55,33.65,853000,29279100,461,TWSE_CSV,2026-08-07 14:15:31 +0800
1150807,2026-08-07,上市,6142,友勁,9.52,-0.0100,9.49,9.60,9.42,352000,3333630,146,TWSE_CSV,2026-08-07 14:15:31 +0800
1150807,2026-08-07,上市,6152,百一,13.05,1.1500,13.05,13.05,13.05,853000,11131650,285,TWSE_CSV,2026-08-07 14:15:31 +0800
1150807,2026-08-07,上市,6153,嘉聯益,16.40,0.1000,16.45,17.10,16.25,5038000,84262200,2200,TWSE_CSV,2026-08-07 14:15:31 +0800
1150807,2026-08-07,上市,6155,鈞寶,53.30,-2.2000,55.00,55.90,53.10,1060000,57416100,804,TWSE_CSV,2026-08-07 14:15:31 +0800
1150807,2026-08-07,上市,6164,華興,11.75,-0.1000,11.90,11.95,11.75,383000,4542900,172,TWSE_CSV,2026-08-07 14:15:31 +0800
1150807,2026-08-07,上市,6165,浪凡,50.60,1.1000,49.50,50.70,49.40,411000,20641700,236,TWSE_CSV,2026-08-07 14:15:31 +0800
1150807,2026-08-07,上市,6166,凌華,141.00,-4.0000,145.50,147.50,138.50,5167000,736401000,3793,TWSE_CSV,2026-08-07 14:15:31 +0800
1150807,2026-08-07,上市,6168,宏齊,24.20,-0.5000,24.80,25.00,23.95,913000,22213650,603,TWSE_CSV,2026-08-07 14:15:31 +0800
1150807,2026-08-07,上市,6176,瑞儀,83.40,-0.9000,84.40,84.40,82.40,3876000,322595200,2378,TWSE_CSV,2026-08-07 14:15:31 +0800
1150807,2026-08-07,上市,6177,達麗,48.80,1.0000,47.95,49.35,47.95,2385000,116401750,1188,TWSE_CSV,2026-08-07 14:15:31 +0800
1150807,2026-08-07,上市,6183,關貿,91.80,0.4000,91.40,92.00,91.10,31000,2838000,26,TWSE_CSV,2026-08-07 14:15:31 +0800
1150807,2026-08-07,上市,6184,大豐電,42.10,-0.2000,42.10,42.45,42.10,49000,2067900,32,TWSE_CSV,2026-08-07 14:15:31 +0800
1150807,2026-08-07,上市,6189,豐藝,48.60,-0.3500,49.25,49.25,48.25,403000,19590150,291,TWSE_CSV,2026-08-07 14:15:31 +0800
1150807,2026-08-07,上市,6191,精成科,83.50,-1.4000,84.90,85.40,83.20,1681000,141648500,1303,TWSE_CSV,2026-08-07 14:15:31 +0800
1150807,2026-08-07,上市,6192,巨路,115.50,1.5000,114.00,116.00,113.50,127000,14602500,104,TWSE_CSV,2026-08-07 14:15:31 +0800
1150807,2026-08-07,上市,6196,帆宣,493.50,-14.5000,506.00,520.00,491.00,1638000,821015500,1388,TWSE_CSV,2026-08-07 14:15:31 +0800
1150807,2026-08-07,上市,6197,佳必琪,293.50,-23.0000,307.00,307.00,293.00,3604000,1081135000,2827,TWSE_CSV,2026-08-07 14:15:31 +0800
1150807,2026-08-07,上市,6201,亞弘電,45.50,-0.2000,45.90,45.90,45.50,26000,1187250,25,TWSE_CSV,2026-08-07 14:15:31 +0800
1150807,2026-08-07,上市,6202,盛群,59.90,0.6000,58.90,61.80,58.60,3010000,180439300,2109,TWSE_CSV,2026-08-07 14:15:31 +0800
1150807,2026-08-07,上市,6205,詮欣,59.90,0.0000,60.10,60.70,59.00,232000,13883300,196,TWSE_CSV,2026-08-07 14:15:31 +0800
1150807,2026-08-07,上市,6206,飛捷,144.00,-0.5000,145.00,146.50,142.50,2152000,311596500,1452,TWSE_CSV,2026-08-07 14:15:31 +0800
1150807,2026-08-07,上市,6209,今國光,74.30,-2.4000,76.70,77.90,74.30,8050000,609768600,4942,TWSE_CSV,2026-08-07 14:15:31 +0800
1150807,2026-08-07,上市,6213,聯茂,389.00,14.0000,384.50,401.00,366.00,50169000,19436916500,36112,TWSE_CSV,2026-08-07 14:15:31 +0800
1150807,2026-08-07,上市,6214,精誠,146.50,1.0000,145.00,149.00,144.50,1493000,218760500,1056,TWSE_CSV,2026-08-07 14:15:31 +0800
1150807,2026-08-07,上市,6215,和椿,99.00,1.9000,99.50,105.00,98.80,3157000,320692900,2457,TWSE_CSV,2026-08-07 14:15:31 +0800
1150807,2026-08-07,上市,6216,居易,21.90,0.0500,22.00,22.10,21.85,138000,3028250,70,TWSE_CSV,2026-08-07 14:15:31 +0800
1150807,2026-08-07,上市,6224,聚鼎,55.00,-1.5000,56.50,56.60,54.70,184000,10210300,156,TWSE_CSV,2026-08-07 14:15:31 +0800
1150807,2026-08-07,上市,6225,天瀚,25.95,0.7500,26.90,27.70,25.80,138000,3649700,71,TWSE_CSV,2026-08-07 14:15:31 +0800
1150807,2026-08-07,上市,6226,光鼎,22.05,-0.8000,22.75,23.80,21.75,25602000,573946350,9826,TWSE_CSV,2026-08-07 14:15:31 +0800
1150807,2026-08-07,上市,6230,尼得科超眾,109.00,-2.0000,114.50,115.00,108.50,70000,7771000,67,TWSE_CSV,2026-08-07 14:15:31 +0800
1150807,2026-08-07,上市,6235,華孚,39.30,0.2000,39.05,39.75,39.05,392000,15434900,224,TWSE_CSV,2026-08-07 14:15:31 +0800
1150807,2026-08-07,上市,6239,力成,262.50,-7.0000,264.50,270.50,260.00,20372000,5395329000,12474,TWSE_CSV,2026-08-07 14:15:31 +0800
1150807,2026-08-07,上市,6243,迅杰,47.90,2.6000,45.30,49.80,45.30,4386000,211146500,3017,TWSE_CSV,2026-08-07 14:15:31 +0800
1150807,2026-08-07,上市,6257,矽格,199.50,-7.5000,208.00,210.00,199.00,4081000,828016500,2854,TWSE_CSV,2026-08-07 14:15:31 +0800
1150807,2026-08-07,上市,6269,台郡,66.60,2.1000,64.50,70.80,64.40,16261000,1106149000,9469,TWSE_CSV,2026-08-07 14:15:31 +0800
1150807,2026-08-07,上市,6271,同欣電,193.50,1.5000,191.00,203.50,191.00,11327000,2240896500,8329,TWSE_CSV,2026-08-07 14:15:31 +0800
1150807,2026-08-07,上市,6272,驊陞,24.25,-0.9000,25.20,25.50,24.25,90000,2230100,65,TWSE_CSV,2026-08-07 14:15:31 +0800
1150807,2026-08-07,上市,6277,宏正,79.20,3.9000,75.80,80.00,75.80,483000,38005100,393,TWSE_CSV,2026-08-07 14:15:31 +0800
1150807,2026-08-07,上市,6278,台表科,156.00,-6.5000,163.00,164.50,154.00,3896000,613913500,2987,TWSE_CSV,2026-08-07 14:15:31 +0800
1150807,2026-08-07,上市,6281,全國電,51.30,-0.4000,51.40,51.70,51.10,57000,2924000,36,TWSE_CSV,2026-08-07 14:15:31 +0800
1150807,2026-08-07,上市,6282,康舒,47.15,-1.1500,48.40,48.70,46.85,7398000,351760150,4434,TWSE_CSV,2026-08-07 14:15:31 +0800
1150807,2026-08-07,上市,6283,淳安,20.25,0.2500,19.95,20.30,19.90,77000,1549850,61,TWSE_CSV,2026-08-07 14:15:31 +0800
1150807,2026-08-07,上市,6285,啟碁,233.00,-14.0000,248.50,250.50,230.50,7778000,1858706500,5311,TWSE_CSV,2026-08-07 14:15:31 +0800
1150807,2026-08-07,上市,6405,悅城,38.35,-0.6500,39.25,40.50,37.75,380000,14640350,263,TWSE_CSV,2026-08-07 14:15:31 +0800
1150807,2026-08-07,上市,6409,旭隼,1015.00,5.0000,1015.00,1040.00,999.00,664000,674864000,608,TWSE_CSV,2026-08-07 14:15:31 +0800
1150807,2026-08-07,上市,6412,群電,78.20,-0.7000,79.30,79.30,77.70,714000,55835400,555,TWSE_CSV,2026-08-07 14:15:31 +0800
1150807,2026-08-07,上市,6414,樺漢,474.00,6.0000,467.50,485.50,463.00,2274000,1081042500,1952,TWSE_CSV,2026-08-07 14:15:31 +0800
1150807,2026-08-07,上市,6415,矽力*-KY,441.50,-3.5000,446.00,456.50,433.00,2665000,1175429500,2237,TWSE_CSV,2026-08-07 14:15:31 +0800
1150807,2026-08-07,上市,6416,瑞祺電通,103.00,0.0000,102.00,103.50,101.50,579000,59448500,383,TWSE_CSV,2026-08-07 14:15:31 +0800
1150807,2026-08-07,上市,6426,統新,205.50,18.5000,191.50,205.50,189.50,2747000,550847000,1998,TWSE_CSV,2026-08-07 14:15:31 +0800
1150807,2026-08-07,上市,6431,光麗-KY,18.95,0.1500,19.80,19.80,18.30,83000,1587750,42,TWSE_CSV,2026-08-07 14:15:31 +0800
1150807,2026-08-07,上市,6438,迅得,145.00,-2.0000,148.00,149.50,145.00,205000,30175000,197,TWSE_CSV,2026-08-07 14:15:31 +0800
1150807,2026-08-07,上市,6442,光聖,1325.00,-90.0000,1405.00,1440.00,1300.00,2122000,2897815000,1919,TWSE_CSV,2026-08-07 14:15:31 +0800
1150807,2026-08-07,上市,6443,元晶,26.00,-0.7000,26.95,27.10,25.90,2480000,65287350,1528,TWSE_CSV,2026-08-07 14:15:31 +0800
1150807,2026-08-07,上市,6446,藥華藥,1240.00,-50.0000,1285.00,1300.00,1240.00,3004000,3796440000,2359,TWSE_CSV,2026-08-07 14:15:31 +0800
1150807,2026-08-07,上市,6449,鈺邦,225.50,-13.5000,241.00,243.50,221.50,1030000,236259500,805,TWSE_CSV,2026-08-07 14:15:31 +0800
1150807,2026-08-07,上市,6451,訊芯-KY,421.00,-31.0000,452.00,475.00,419.50,7228000,3215409000,5949,TWSE_CSV,2026-08-07 14:15:31 +0800
1150807,2026-08-07,上市,6456,GIS-KY,61.50,0.1000,60.00,64.00,60.00,2947000,183332700,1848,TWSE_CSV,2026-08-07 14:15:31 +0800
1150807,2026-08-07,上市,6464,台數科,78.00,0.7000,77.00,78.40,76.60,32000,2496300,21,TWSE_CSV,2026-08-07 14:15:31 +0800
1150807,2026-08-07,上市,6472,保瑞,417.50,-1.0000,416.50,430.00,411.00,745000,314423500,635,TWSE_CSV,2026-08-07 14:15:31 +0800
1150807,2026-08-07,上市,6477,安集,34.05,-1.2000,35.20,35.40,34.00,847000,29250250,631,TWSE_CSV,2026-08-07 14:15:31 +0800
1150807,2026-08-07,上市,6491,晶碩,373.00,0.0000,369.50,379.50,369.50,739000,277363500,619,TWSE_CSV,2026-08-07 14:15:31 +0800
1150807,2026-08-07,上市,6504,南六,38.70,0.1000,39.40,39.40,38.30,22000,848900,22,TWSE_CSV,2026-08-07 14:15:31 +0800
1150807,2026-08-07,上市,6505,台塑化,71.00,3.9000,70.10,73.00,68.80,41342000,2926742800,20827,TWSE_CSV,2026-08-07 14:15:31 +0800
1150807,2026-08-07,上市,6515,穎崴,6760.00,-15.0000,6930.00,7265.00,6695.00,417000,2908395000,406,TWSE_CSV,2026-08-07 14:15:31 +0800
1150807,2026-08-07,上市,6525,捷敏-KY,135.50,-3.5000,143.50,144.00,135.00,2889000,398175000,1736,TWSE_CSV,2026-08-07 14:15:31 +0800
1150807,2026-08-07,上市,6526,達發,625.00,-12.0000,637.00,639.00,616.00,490000,305465000,457,TWSE_CSV,2026-08-07 14:15:31 +0800
1150807,2026-08-07,上市,6531,愛普*,951.00,51.0000,969.00,975.00,950.00,2103000,2022256000,1715,TWSE_CSV,2026-08-07 14:15:31 +0800
1150807,2026-08-07,上市,6533,晶心科,256.00,23.0000,228.00,256.00,227.50,4352000,1082601500,3160,TWSE_CSV,2026-08-07 14:15:31 +0800
1150807,2026-08-07,上市,6534,正瀚-創,95.30,0.4000,93.90,95.50,93.70,197000,18685100,125,TWSE_CSV,2026-08-07 14:15:31 +0800
1150807,2026-08-07,上市,6541,泰福-KY,38.05,0.2000,37.90,38.45,37.85,169000,6460800,131,TWSE_CSV,2026-08-07 14:15:31 +0800
1150807,2026-08-07,上市,6550,北極星藥業-KY,11.10,-0.1000,11.05,11.30,11.05,475000,5291500,237,TWSE_CSV,2026-08-07 14:15:31 +0800
1150807,2026-08-07,上市,6552,易華電,24.40,-0.2000,25.20,25.25,24.35,111000,2735250,69,TWSE_CSV,2026-08-07 14:15:31 +0800
1150807,2026-08-07,上市,6558,興能高,25.80,-0.4500,26.05,26.50,25.80,231000,6001850,138,TWSE_CSV,2026-08-07 14:15:31 +0800
1150807,2026-08-07,上市,6573,虹揚-KY,17.20,-0.1000,17.40,17.60,16.80,192000,3275850,121,TWSE_CSV,2026-08-07 14:15:31 +0800
1150807,2026-08-07,上市,6579,研揚,171.50,-3.5000,173.00,176.00,170.00,930000,160010000,761,TWSE_CSV,2026-08-07 14:15:31 +0800
1150807,2026-08-07,上市,6581,鋼聯,108.00,-1.0000,107.00,108.00,107.00,19000,2047500,18,TWSE_CSV,2026-08-07 14:15:31 +0800
1150807,2026-08-07,上市,6582,申豐,31.80,0.2000,31.65,32.45,31.60,100000,3193150,61,TWSE_CSV,2026-08-07 14:15:31 +0800
1150807,2026-08-07,上市,6585,鼎基,115.50,-3.0000,117.00,117.00,114.50,377000,43578000,317,TWSE_CSV,2026-08-07 14:15:31 +0800
1150807,2026-08-07,上市,6589,台康生技,48.20,0.2000,48.00,48.80,47.90,461000,22265700,336,TWSE_CSV,2026-08-07 14:15:31 +0800
1150807,2026-08-07,上市,6591,動力-KY,44.70,-0.3000,45.00,45.15,44.20,108000,4810800,83,TWSE_CSV,2026-08-07 14:15:31 +0800
1150807,2026-08-07,上市,6592,和潤企業,60.70,1.1000,59.50,60.80,59.50,467000,28260600,333,TWSE_CSV,2026-08-07 14:15:31 +0800
1150807,2026-08-07,上市,6598,ABC-KY,28.80,-1.3500,30.80,30.80,28.50,633000,18454700,398,TWSE_CSV,2026-08-07 14:15:31 +0800
1150807,2026-08-07,上市,6605,帝寶,141.00,3.0000,138.00,141.00,137.50,614000,85471500,378,TWSE_CSV,2026-08-07 14:15:31 +0800
1150807,2026-08-07,上市,6606,建德工業,25.90,-0.1000,26.00,26.05,25.80,65000,1685200,32,TWSE_CSV,2026-08-07 14:15:31 +0800
1150807,2026-08-07,上市,6614,資拓宏宇,36.25,0.0500,36.30,36.35,35.80,71000,2557900,54,TWSE_CSV,2026-08-07 14:15:31 +0800
1150807,2026-08-07,上市,6625,必應,78.30,1.5000,77.50,78.90,77.30,151000,11807400,120,TWSE_CSV,2026-08-07 14:15:31 +0800
1150807,2026-08-07,上市,6641,基士德-KY,18.00,0.0500,18.20,18.20,17.85,7000,125850,7,TWSE_CSV,2026-08-07 14:15:31 +0800
1150807,2026-08-07,上市,6645,金萬林-創,13.60,0.1500,13.65,13.65,13.60,2000,27250,2,TWSE_CSV,2026-08-07 14:15:31 +0800
1150807,2026-08-07,上市,6655,科定,117.00,-2.5000,117.00,117.00,117.00,4000,468000,4,TWSE_CSV,2026-08-07 14:15:31 +0800
1150807,2026-08-07,上市,6657,華安,31.20,0.2000,31.15,31.55,30.80,89000,2767600,60,TWSE_CSV,2026-08-07 14:15:31 +0800
1150807,2026-08-07,上市,6658,聯策,153.00,1.5000,156.00,161.00,153.00,408000,63541000,333,TWSE_CSV,2026-08-07 14:15:31 +0800
1150807,2026-08-07,上市,6666,羅麗芬-KY,42.50,0.2000,42.95,42.95,42.20,23000,975500,22,TWSE_CSV,2026-08-07 14:15:31 +0800
1150807,2026-08-07,上市,6668,中揚光,34.40,-0.8000,34.70,35.95,34.40,430000,14993700,353,TWSE_CSV,2026-08-07 14:15:31 +0800
1150807,2026-08-07,上市,6669,緯穎,6100.00,-165.0000,6155.00,6265.00,6025.00,1336000,8177255000,1277,TWSE_CSV,2026-08-07 14:15:31 +0800
1150807,2026-08-07,上市,6670,復盛應用,268.00,4.5000,264.50,269.50,263.50,302000,80576500,268,TWSE_CSV,2026-08-07 14:15:31 +0800
1150807,2026-08-07,上市,6671,三能-KY,22.75,-0.2500,22.85,22.90,22.75,6000,137150,4,TWSE_CSV,2026-08-07 14:15:31 +0800
1150807,2026-08-07,上市,6672,騰輝電子-KY,229.00,-3.5000,232.50,233.50,225.00,2465000,563940000,1954,TWSE_CSV,2026-08-07 14:15:31 +0800
1150807,2026-08-07,上市,6674,鋐寶科技,15.25,-0.2500,15.20,15.25,15.00,14000,211350,14,TWSE_CSV,2026-08-07 14:15:31 +0800
1150807,2026-08-07,上市,6689,伊雲谷,61.60,0.5000,61.60,63.00,61.20,186000,11554800,134,TWSE_CSV,2026-08-07 14:15:31 +0800
1150807,2026-08-07,上市,6691,洋基工程,735.00,13.0000,725.00,759.00,725.00,1036000,770431000,880,TWSE_CSV,2026-08-07 14:15:31 +0800
1150807,2026-08-07,上市,6695,芯鼎,49.80,-0.3000,49.95,50.80,49.30,305000,15212550,253,TWSE_CSV,2026-08-07 14:15:31 +0800
1150807,2026-08-07,上市,6698,旭暉應材,34.15,-0.3500,34.50,34.60,33.45,103000,3500250,76,TWSE_CSV,2026-08-07 14:15:31 +0800
1150807,2026-08-07,上市,6706,惠特,109.00,-3.0000,112.00,114.00,108.00,1339000,147975500,1043,TWSE_CSV,2026-08-07 14:15:31 +0800
1150807,2026-08-07,上市,6715,嘉基,333.50,-26.5000,358.50,363.00,332.50,469000,162396000,397,TWSE_CSV,2026-08-07 14:15:31 +0800
1150807,2026-08-07,上市,6719,力智,213.50,-1.0000,213.50,219.00,213.00,751000,161886000,614,TWSE_CSV,2026-08-07 14:15:31 +0800
1150807,2026-08-07,上市,6722,輝創,32.85,0.0500,32.80,32.90,32.55,22000,721300,21,TWSE_CSV,2026-08-07 14:15:31 +0800
1150807,2026-08-07,上市,6742,澤米,43.15,-0.9000,44.50,44.70,43.00,208000,9085100,172,TWSE_CSV,2026-08-07 14:15:31 +0800
1150807,2026-08-07,上市,6743,安普新,24.95,-0.2000,25.35,25.40,24.85,327000,8185550,208,TWSE_CSV,2026-08-07 14:15:31 +0800
1150807,2026-08-07,上市,6753,龍德造船,135.00,3.0000,132.00,138.00,130.50,1259000,169744500,834,TWSE_CSV,2026-08-07 14:15:31 +0800
1150807,2026-08-07,上市,6754,匯僑設計,42.45,-0.2500,42.50,42.50,42.25,5000,212200,5,TWSE_CSV,2026-08-07 14:15:31 +0800
1150807,2026-08-07,上市,6756,威鋒電子,99.50,-3.5000,102.00,103.50,96.10,232000,23146900,197,TWSE_CSV,2026-08-07 14:15:31 +0800
1150807,2026-08-07,上市,6757,台灣虎航,57.40,0.9000,55.90,57.60,55.90,1190000,68112500,821,TWSE_CSV,2026-08-07 14:15:31 +0800
1150807,2026-08-07,上市,6768,志強-KY,66.80,0.1000,66.80,67.50,66.10,537000,35774100,403,TWSE_CSV,2026-08-07 14:15:31 +0800
1150807,2026-08-07,上市,6770,力積電,65.50,-1.1000,67.50,68.40,65.00,216804000,14487053000,94093,TWSE_CSV,2026-08-07 14:15:31 +0800
1150807,2026-08-07,上市,6771,平和環保-創,38.05,-0.0500,38.00,38.25,37.85,8000,304450,8,TWSE_CSV,2026-08-07 14:15:31 +0800
1150807,2026-08-07,上市,6776,展碁國際,53.80,0.6000,53.50,54.20,53.20,164000,8807700,131,TWSE_CSV,2026-08-07 14:15:31 +0800
1150807,2026-08-07,上市,6781,AES-KY,1145.00,55.0000,1115.00,1190.00,1115.00,2453000,2857180000,2064,TWSE_CSV,2026-08-07 14:15:31 +0800
1150807,2026-08-07,上市,6782,視陽,218.00,12.0000,205.00,218.50,205.00,1146000,246294500,801,TWSE_CSV,2026-08-07 14:15:31 +0800
1150807,2026-08-07,上市,6789,采鈺,417.00,-39.5000,453.00,453.00,413.00,2747000,1179330000,2361,TWSE_CSV,2026-08-07 14:15:31 +0800
1150807,2026-08-07,上市,6790,永豐實,38.35,0.1000,38.15,38.45,38.15,46000,1762600,40,TWSE_CSV,2026-08-07 14:15:31 +0800
1150807,2026-08-07,上市,6792,詠業,56.50,1.1000,56.50,58.00,56.40,58000,3310600,52,TWSE_CSV,2026-08-07 14:15:31 +0800
1150807,2026-08-07,上市,6794,向榮生技,74.40,-0.2000,74.70,74.70,73.40,33000,2441900,29,TWSE_CSV,2026-08-07 14:15:31 +0800
1150807,2026-08-07,上市,6796,晉弘,56.30,-0.5000,56.40,57.00,55.60,19000,1069700,17,TWSE_CSV,2026-08-07 14:15:31 +0800
1150807,2026-08-07,上市,6799,來頡,86.30,-5.1000,90.10,92.00,86.20,660000,58220200,509,TWSE_CSV,2026-08-07 14:15:31 +0800
1150807,2026-08-07,上市,6805,富世達,1670.00,-90.0000,1790.00,1825.00,1645.00,2934000,5091560000,2354,TWSE_CSV,2026-08-07 14:15:31 +0800
1150807,2026-08-07,上市,6807,峰源-KY,37.35,0.9500,36.60,37.40,36.60,19000,704250,18,TWSE_CSV,2026-08-07 14:15:31 +0800
1150807,2026-08-07,上市,6830,汎銓,398.00,-27.0000,418.00,425.00,390.50,2003000,815505500,1753,TWSE_CSV,2026-08-07 14:15:31 +0800
1150807,2026-08-07,上市,6831,邁科,637.00,-19.0000,695.00,695.00,626.00,1657000,1098991000,1361,TWSE_CSV,2026-08-07 14:15:31 +0800
1150807,2026-08-07,上市,6834,天二科技,87.90,-4.2000,92.10,92.60,87.80,1398000,125287500,1099,TWSE_CSV,2026-08-07 14:15:31 +0800
1150807,2026-08-07,上市,6835,圓裕,30.90,0.0000,30.85,31.00,30.40,45000,1380800,40,TWSE_CSV,2026-08-07 14:15:31 +0800
1150807,2026-08-07,上市,6838,台新藥,23.20,-0.0500,23.25,23.35,22.85,95000,2187450,62,TWSE_CSV,2026-08-07 14:15:31 +0800
1150807,2026-08-07,上市,6854,錼創科技-KY創,96.80,-0.2000,96.90,98.00,95.00,218000,21014100,182,TWSE_CSV,2026-08-07 14:15:31 +0800
1150807,2026-08-07,上市,6861,睿生光電,207.00,-3.5000,209.50,215.00,204.50,257000,53566000,229,TWSE_CSV,2026-08-07 14:15:31 +0800
1150807,2026-08-07,上市,6862,三集瑞-KY,146.00,2.0000,147.50,147.50,142.50,128000,18555000,121,TWSE_CSV,2026-08-07 14:15:31 +0800
1150807,2026-08-07,上市,6863,永道-KY,130.50,-0.5000,130.50,134.00,129.50,274000,35846500,221,TWSE_CSV,2026-08-07 14:15:31 +0800
1150807,2026-08-07,上市,6869,雲豹能源,68.00,0.2000,68.30,69.80,67.80,439000,30162000,310,TWSE_CSV,2026-08-07 14:15:31 +0800
1150807,2026-08-07,上市,6873,泓德能源,77.70,-0.9000,78.40,79.50,76.90,379000,29578000,279,TWSE_CSV,2026-08-07 14:15:31 +0800
1150807,2026-08-07,上市,6885,全福生技,21.10,0.1000,20.85,21.20,20.85,109000,2296650,66,TWSE_CSV,2026-08-07 14:15:31 +0800
1150807,2026-08-07,上市,6887,寶綠特-KY,36.90,0.4500,37.50,37.50,36.00,65000,2356350,34,TWSE_CSV,2026-08-07 14:15:31 +0800
1150807,2026-08-07,上市,6890,來億-KY,173.00,2.5000,170.00,177.00,170.00,188000,32756000,179,TWSE_CSV,2026-08-07 14:15:31 +0800
1150807,2026-08-07,上市,6901,鑽石投資,17.95,0.4500,17.50,18.70,17.50,3156000,57131950,1647,TWSE_CSV,2026-08-07 14:15:31 +0800
1150807,2026-08-07,上市,6902,GOGOLOOK,120.50,-3.0000,123.00,123.00,120.00,41000,4936000,41,TWSE_CSV,2026-08-07 14:15:31 +0800
1150807,2026-08-07,上市,6906,現觀科,71.20,-2.5000,72.90,72.90,71.10,49000,3510600,46,TWSE_CSV,2026-08-07 14:15:31 +0800
1150807,2026-08-07,上市,6908,宏碁遊戲-創,32.30,-1.3000,33.60,33.60,32.10,9000,293700,9,TWSE_CSV,2026-08-07 14:15:31 +0800
1150807,2026-08-07,上市,6909,創控,40.70,-0.1500,41.00,41.40,40.40,188000,7663600,146,TWSE_CSV,2026-08-07 14:15:31 +0800
1150807,2026-08-07,上市,6914,阜爾運通,147.50,1.0000,147.00,147.50,146.50,39000,5746000,22,TWSE_CSV,2026-08-07 14:15:31 +0800
1150807,2026-08-07,上市,6916,華凌,18.20,0.0000,18.20,18.50,18.20,20000,366450,16,TWSE_CSV,2026-08-07 14:15:31 +0800
1150807,2026-08-07,上市,6918,愛派司,70.50,-0.6000,71.50,71.70,70.50,14000,993400,12,TWSE_CSV,2026-08-07 14:15:31 +0800
1150807,2026-08-07,上市,6919,康霈*,105.00,-2.5000,107.50,108.00,105.00,2933000,310913000,1719,TWSE_CSV,2026-08-07 14:15:31 +0800
1150807,2026-08-07,上市,6921,嘉雨思-創,64.70,0.2000,65.50,65.70,63.00,52000,3344100,27,TWSE_CSV,2026-08-07 14:15:31 +0800
1150807,2026-08-07,上市,6923,中台,75.60,1.0000,73.60,76.60,73.60,104000,7886700,99,TWSE_CSV,2026-08-07 14:15:31 +0800
1150807,2026-08-07,上市,6924,榮惠-KY創,110.00,-4.0000,112.00,112.00,110.00,19000,2114000,17,TWSE_CSV,2026-08-07 14:15:31 +0800
1150807,2026-08-07,上市,6928,攸泰科技,47.75,-0.6500,48.40,48.65,47.00,83000,3966750,66,TWSE_CSV,2026-08-07 14:15:31 +0800
1150807,2026-08-07,上市,6931,青松健康,37.95,0.6500,37.30,38.45,37.30,33000,1246100,28,TWSE_CSV,2026-08-07 14:15:31 +0800
1150807,2026-08-07,上市,6933,AMAX-KY,164.50,-4.5000,168.00,174.00,162.50,540000,91079500,419,TWSE_CSV,2026-08-07 14:15:31 +0800
1150807,2026-08-07,上市,6934,心誠鎂,72.30,-0.9000,73.00,73.00,71.00,58000,4172900,38,TWSE_CSV,2026-08-07 14:15:31 +0800
1150807,2026-08-07,上市,6936,永鴻生技,31.90,0.0000,32.15,32.15,31.80,17000,542450,14,TWSE_CSV,2026-08-07 14:15:31 +0800
1150807,2026-08-07,上市,6937,天虹,246.00,-16.5000,259.00,261.00,246.00,407000,102882500,354,TWSE_CSV,2026-08-07 14:15:31 +0800
1150807,2026-08-07,上市,6944,兆聯實業,771.00,-23.0000,787.00,792.00,769.00,417000,325530000,381,TWSE_CSV,2026-08-07 14:15:31 +0800
1150807,2026-08-07,上市,6947,台鎔科技,80.60,-1.0000,81.60,81.60,79.20,497000,39816300,324,TWSE_CSV,2026-08-07 14:15:31 +0800
1150807,2026-08-07,上市,6949,沛爾生醫-創,943.00,-34.0000,998.00,999.00,921.00,229000,217649000,223,TWSE_CSV,2026-08-07 14:15:31 +0800
1150807,2026-08-07,上市,6951,青新-創,70.80,0.0000,71.00,71.00,70.70,8000,567000,8,TWSE_CSV,2026-08-07 14:15:31 +0800
1150807,2026-08-07,上市,6952,大武山,38.35,1.3500,37.00,38.35,36.75,55000,2062350,35,TWSE_CSV,2026-08-07 14:15:31 +0800
1150807,2026-08-07,上市,6955,邦睿生技-創,122.00,-0.5000,122.00,122.00,122.00,1000,122000,1,TWSE_CSV,2026-08-07 14:15:31 +0800
1150807,2026-08-07,上市,6957,裕慶-KY,208.00,-2.0000,209.00,210.00,208.00,34000,7101500,30,TWSE_CSV,2026-08-07 14:15:31 +0800
1150807,2026-08-07,上市,6958,日盛台駿,18.35,-0.1000,18.40,18.50,18.35,17000,313000,16,TWSE_CSV,2026-08-07 14:15:31 +0800
1150807,2026-08-07,上市,6962,奕力-KY,31.05,-0.3000,31.50,31.55,31.05,876000,27358400,537,TWSE_CSV,2026-08-07 14:15:31 +0800
1150807,2026-08-07,上市,6965,中傑-KY,77.30,0.6000,76.40,77.50,75.50,18000,1384000,17,TWSE_CSV,2026-08-07 14:15:31 +0800
1150807,2026-08-07,上市,6969,成信實業*-創,35.50,0.7000,38.25,38.25,35.50,217000,7895100,133,TWSE_CSV,2026-08-07 14:15:31 +0800
1150807,2026-08-07,上市,6988,威力暘-創,12.65,0.0000,13.40,13.40,12.50,12000,152450,9,TWSE_CSV,2026-08-07 14:15:31 +0800
1150807,2026-08-07,上市,6994,富威電力,36.10,0.1500,36.45,37.20,35.95,701000,25478600,463,TWSE_CSV,2026-08-07 14:15:31 +0800
1150807,2026-08-07,上市,7610,聯友金屬-創,1850.00,100.0000,1750.00,1925.00,1750.00,298000,557800000,246,TWSE_CSV,2026-08-07 14:15:31 +0800
1150807,2026-08-07,上市,7631,聚賢研發-創,131.50,-0.5000,135.00,135.00,130.50,14000,1847500,14,TWSE_CSV,2026-08-07 14:15:31 +0800
1150807,2026-08-07,上市,7689,大鵬科CLMX,164.00,0.0000,162.50,165.00,160.50,181000,29451500,133,TWSE_CSV,2026-08-07 14:15:31 +0800
1150807,2026-08-07,上市,7705,三商餐飲,30.90,-0.6500,31.10,31.15,30.90,18000,557550,17,TWSE_CSV,2026-08-07 14:15:31 +0800
1150807,2026-08-07,上市,7711,永擎,375.00,13.5000,397.50,397.50,370.50,2400000,930034000,1718,TWSE_CSV,2026-08-07 14:15:31 +0800
1150807,2026-08-07,上市,7721,微程式,62.00,0.6000,61.80,62.60,61.50,51000,3160700,42,TWSE_CSV,2026-08-07 14:15:31 +0800
1150807,2026-08-07,上市,7722,LINEPAY,301.50,27.0000,276.50,301.50,275.00,316000,93804500,264,TWSE_CSV,2026-08-07 14:15:31 +0800
1150807,2026-08-07,上市,7730,暉盛-創,153.00,-7.0000,161.50,161.50,153.00,34000,5343000,29,TWSE_CSV,2026-08-07 14:15:31 +0800
1150807,2026-08-07,上市,7732,金興精密,35.35,-0.2500,35.60,35.60,34.95,28000,987700,20,TWSE_CSV,2026-08-07 14:15:31 +0800
1150807,2026-08-07,上市,7736,虎山,69.90,0.0000,70.00,70.00,69.40,5000,348600,5,TWSE_CSV,2026-08-07 14:15:31 +0800
1150807,2026-08-07,上市,7740,熙特爾-創,161.00,6.0000,154.50,165.50,154.50,288000,46447000,203,TWSE_CSV,2026-08-07 14:15:31 +0800
1150807,2026-08-07,上市,7749,意騰-KY,344.00,-3.5000,349.00,351.50,342.00,79000,27347000,75,TWSE_CSV,2026-08-07 14:15:31 +0800
1150807,2026-08-07,上市,7750,新代,2330.00,-35.0000,2400.00,2495.00,2325.00,438000,1053275000,419,TWSE_CSV,2026-08-07 14:15:31 +0800
1150807,2026-08-07,上市,7760,享溫馨,33.10,-0.5500,33.00,33.10,33.00,5000,165400,5,TWSE_CSV,2026-08-07 14:15:31 +0800
1150807,2026-08-07,上市,7765,中華資安,226.50,4.5000,227.00,232.00,225.50,102000,23310500,89,TWSE_CSV,2026-08-07 14:15:31 +0800
1150807,2026-08-07,上市,7768,頌勝科技,257.00,-6.5000,260.00,263.50,256.50,49000,12708000,44,TWSE_CSV,2026-08-07 14:15:31 +0800
1150807,2026-08-07,上市,7769,鴻勁,6320.00,-155.0000,6635.00,6720.00,6305.00,508000,3278640000,486,TWSE_CSV,2026-08-07 14:15:31 +0800
1150807,2026-08-07,上市,7780,大研生醫*,16.75,0.0500,16.70,16.90,16.70,654000,10978550,299,TWSE_CSV,2026-08-07 14:15:31 +0800
1150807,2026-08-07,上市,7786,東方風能,127.00,3.5000,123.50,129.50,123.00,266000,33859500,208,TWSE_CSV,2026-08-07 14:15:31 +0800
1150807,2026-08-07,上市,7788,松川精密,235.00,17.0000,223.00,239.50,221.50,2761000,650918500,1878,TWSE_CSV,2026-08-07 14:15:31 +0800
1150807,2026-08-07,上市,7791,皇家可口,59.60,0.0000,59.50,59.60,59.50,14000,834000,12,TWSE_CSV,2026-08-07 14:15:31 +0800
1150807,2026-08-07,上市,7795,長廣,428.50,7.5000,463.00,463.00,420.00,3410000,1550763500,1588,TWSE_CSV,2026-08-07 14:15:31 +0800
1150807,2026-08-07,上市,7799,禾榮科,355.00,-2.0000,361.00,363.00,353.50,146000,52288000,131,TWSE_CSV,2026-08-07 14:15:31 +0800
1150807,2026-08-07,上市,7803,雲象科技-創,19.80,-0.9000,22.65,22.65,19.50,37000,751150,29,TWSE_CSV,2026-08-07 14:15:31 +0800
1150807,2026-08-07,上市,7818,溢泰實業,61.60,-0.4000,61.80,61.80,61.30,71000,4367700,44,TWSE_CSV,2026-08-07 14:15:31 +0800
1150807,2026-08-07,上市,7821,神數,40.60,0.4500,40.80,40.80,39.95,184000,7416650,86,TWSE_CSV,2026-08-07 14:15:31 +0800
1150807,2026-08-07,上市,7822,倍利科,850.00,-17.0000,867.00,879.00,850.00,80000,68749000,76,TWSE_CSV,2026-08-07 14:15:31 +0800
1150807,2026-08-07,上市,7823,奧義賽博-KY創,85.10,0.1000,85.10,85.80,84.50,32000,2717600,22,TWSE_CSV,2026-08-07 14:15:31 +0800
1150807,2026-08-07,上市,7827,漢康-KY創,156.00,-0.5000,156.00,156.50,151.00,324000,49713000,281,TWSE_CSV,2026-08-07 14:15:31 +0800
1150807,2026-08-07,上市,7835,永悅健康-創,27.30,2.0500,25.50,27.30,24.40,84000,2152850,52,TWSE_CSV,2026-08-07 14:15:31 +0800
1150807,2026-08-07,上市,8011,台通,16.30,-0.1000,16.40,16.50,16.20,312000,5104450,166,TWSE_CSV,2026-08-07 14:15:31 +0800
1150807,2026-08-07,上市,8016,矽創,310.50,2.0000,315.00,323.00,308.50,2438000,769473500,1863,TWSE_CSV,2026-08-07 14:15:31 +0800
1150807,2026-08-07,上市,8021,尖點,395.00,-22.5000,420.00,424.00,392.00,6752000,2729868500,5458,TWSE_CSV,2026-08-07 14:15:31 +0800
1150807,2026-08-07,上市,8028,昇陽半導體,254.00,-20.5000,277.00,277.00,252.50,5670000,1480982500,4258,TWSE_CSV,2026-08-07 14:15:31 +0800
1150807,2026-08-07,上市,8033,雷虎,185.00,-5.0000,190.00,190.00,184.50,580000,107582000,460,TWSE_CSV,2026-08-07 14:15:31 +0800
1150807,2026-08-07,上市,8039,台虹,237.50,21.5000,230.50,237.50,230.50,7096000,1680327500,2708,TWSE_CSV,2026-08-07 14:15:31 +0800
1150807,2026-08-07,上市,8045,達運光電,53.50,-0.9000,54.80,55.50,53.50,63000,3414300,56,TWSE_CSV,2026-08-07 14:15:31 +0800
1150807,2026-08-07,上市,8046,南電,1080.00,-25.0000,1125.00,1125.00,1050.00,3918000,4271100000,2938,TWSE_CSV,2026-08-07 14:15:31 +0800
1150807,2026-08-07,上市,8070,長華*,47.35,0.1000,47.55,48.40,47.15,2331000,111039250,1443,TWSE_CSV,2026-08-07 14:15:31 +0800
1150807,2026-08-07,上市,8072,陞泰,26.10,-0.1000,26.50,26.50,26.00,80000,2097300,60,TWSE_CSV,2026-08-07 14:15:31 +0800
1150807,2026-08-07,上市,8081,致新,256.00,-5.0000,257.50,260.50,255.00,665000,171045000,530,TWSE_CSV,2026-08-07 14:15:31 +0800
1150807,2026-08-07,上市,8101,華冠,0.00,0.0000,0.00,0.00,0.00,0,0,0,TWSE_CSV,2026-08-07 14:15:31 +0800
1150807,2026-08-07,上市,8103,瀚荃,78.70,-5.8000,84.50,84.50,78.60,2045000,164251200,1465,TWSE_CSV,2026-08-07 14:15:31 +0800
1150807,2026-08-07,上市,8104,錸寶,30.90,-0.2500,31.45,31.70,30.85,318000,9881450,187,TWSE_CSV,2026-08-07 14:15:31 +0800
1150807,2026-08-07,上市,8105,凌巨,16.40,-0.1000,16.50,16.65,16.25,1338000,21979300,767,TWSE_CSV,2026-08-07 14:15:31 +0800
1150807,2026-08-07,上市,8110,華東,45.30,-0.7000,46.00,46.45,44.85,4710000,214340000,3123,TWSE_CSV,2026-08-07 14:15:31 +0800
1150807,2026-08-07,上市,8112,至上,91.20,2.2000,89.90,91.90,88.80,21837000,1980763900,13473,TWSE_CSV,2026-08-07 14:15:31 +0800
1150807,2026-08-07,上市,8114,振樺電,225.50,0.0000,225.50,234.50,224.50,1145000,261968500,870,TWSE_CSV,2026-08-07 14:15:31 +0800
1150807,2026-08-07,上市,8131,福懋科,62.70,-1.6000,63.60,64.30,62.00,3496000,220542300,2163,TWSE_CSV,2026-08-07 14:15:31 +0800
1150807,2026-08-07,上市,8150,南茂,86.30,-0.6000,87.30,91.90,84.60,32486000,2841742100,19823,TWSE_CSV,2026-08-07 14:15:31 +0800
1150807,2026-08-07,上市,8162,微矽電子-創,52.80,-1.2000,54.10,54.30,52.60,130000,6926400,87,TWSE_CSV,2026-08-07 14:15:31 +0800
1150807,2026-08-07,上市,8163,達方,31.15,0.3000,31.25,31.65,30.90,981000,30673450,621,TWSE_CSV,2026-08-07 14:15:31 +0800
1150807,2026-08-07,上市,8201,無敵,11.90,0.0500,11.95,12.15,11.75,30000,360450,17,TWSE_CSV,2026-08-07 14:15:31 +0800
1150807,2026-08-07,上市,8210,勤誠,1115.00,-120.0000,1180.00,1180.00,1115.00,2284000,2565910000,1854,TWSE_CSV,2026-08-07 14:15:31 +0800
1150807,2026-08-07,上市,8213,志超,30.30,-0.0500,30.40,30.45,30.05,221000,6698850,135,TWSE_CSV,2026-08-07 14:15:31 +0800
1150807,2026-08-07,上市,8215,明基材,24.50,0.3000,24.10,24.65,24.10,459000,11225500,359,TWSE_CSV,2026-08-07 14:15:31 +0800
1150807,2026-08-07,上市,8222,寶一,37.65,1.1000,36.55,37.70,36.10,641000,23799150,416,TWSE_CSV,2026-08-07 14:15:31 +0800
1150807,2026-08-07,上市,8249,菱光,41.30,-1.0000,42.30,42.45,41.30,286000,11938950,204,TWSE_CSV,2026-08-07 14:15:31 +0800
1150807,2026-08-07,上市,8261,富鼎,172.00,-14.5000,183.00,184.00,169.50,6651000,1168930500,4795,TWSE_CSV,2026-08-07 14:15:31 +0800
1150807,2026-08-07,上市,8271,宇瞻,235.50,-11.5000,240.00,244.50,235.00,9265000,2216899500,6677,TWSE_CSV,2026-08-07 14:15:31 +0800
1150807,2026-08-07,上市,8341,日友,76.00,0.7000,75.50,76.20,75.50,209000,15858200,128,TWSE_CSV,2026-08-07 14:15:31 +0800
1150807,2026-08-07,上市,8367,建新國際,40.05,-0.0500,40.00,40.45,39.95,41000,1641100,29,TWSE_CSV,2026-08-07 14:15:31 +0800
1150807,2026-08-07,上市,8374,羅昇,80.90,1.0000,80.80,85.00,80.50,857000,70819900,696,TWSE_CSV,2026-08-07 14:15:31 +0800
1150807,2026-08-07,上市,8404,百和興業-KY,16.20,0.0500,16.15,16.40,16.10,193000,3126450,135,TWSE_CSV,2026-08-07 14:15:31 +0800
1150807,2026-08-07,上市,8411,福貞-KY,12.80,-0.1500,12.90,12.95,12.75,125000,1604100,58,TWSE_CSV,2026-08-07 14:15:31 +0800
1150807,2026-08-07,上市,8422,可寧衛*,26.30,0.1500,26.15,26.75,26.10,6267000,165648450,2238,TWSE_CSV,2026-08-07 14:15:31 +0800
1150807,2026-08-07,上市,8429,金麗-KY,6.05,-0.0100,6.04,6.11,6.03,57000,345430,33,TWSE_CSV,2026-08-07 14:15:31 +0800
1150807,2026-08-07,上市,8438,昶昕,65.00,-1.2000,67.00,67.30,64.30,510000,33436300,317,TWSE_CSV,2026-08-07 14:15:31 +0800
1150807,2026-08-07,上市,8442,威宏-KY,44.30,0.0000,44.30,44.35,44.25,34000,1506250,19,TWSE_CSV,2026-08-07 14:15:31 +0800
1150807,2026-08-07,上市,8443,阿瘦,11.40,-0.0500,11.30,11.40,11.30,2000,22700,2,TWSE_CSV,2026-08-07 14:15:31 +0800
1150807,2026-08-07,上市,8454,富邦媒,283.50,25.5000,262.00,283.50,261.00,991000,276528500,742,TWSE_CSV,2026-08-07 14:15:31 +0800
1150807,2026-08-07,上市,8462,柏文,168.50,4.0000,165.00,170.50,165.00,201000,33850500,154,TWSE_CSV,2026-08-07 14:15:31 +0800
1150807,2026-08-07,上市,8463,潤泰材,20.80,-0.1000,20.90,20.95,20.75,125000,2603100,85,TWSE_CSV,2026-08-07 14:15:31 +0800
1150807,2026-08-07,上市,8464,億豐,381.00,-1.0000,381.00,383.50,373.00,548000,207956000,509,TWSE_CSV,2026-08-07 14:15:31 +0800
1150807,2026-08-07,上市,8466,美吉吉-KY,16.65,-0.2000,16.85,16.85,16.65,9000,150550,8,TWSE_CSV,2026-08-07 14:15:31 +0800
1150807,2026-08-07,上市,8467,波力-KY,96.50,-1.4000,95.40,97.80,95.40,6000,579300,6,TWSE_CSV,2026-08-07 14:15:31 +0800
1150807,2026-08-07,上市,8473,山林水,40.90,-0.7500,41.75,42.00,40.75,673000,27723000,489,TWSE_CSV,2026-08-07 14:15:31 +0800
1150807,2026-08-07,上市,8476,台境*,20.50,-0.4000,21.00,21.60,20.35,559000,11724550,284,TWSE_CSV,2026-08-07 14:15:31 +0800
1150807,2026-08-07,上市,8478,東哥遊艇,151.50,0.0000,152.50,153.00,150.00,261000,39511500,211,TWSE_CSV,2026-08-07 14:15:31 +0800
1150807,2026-08-07,上市,8481,政伸,40.50,0.5000,40.50,40.50,40.50,1000,40500,1,TWSE_CSV,2026-08-07 14:15:31 +0800
1150807,2026-08-07,上市,8482,商億-KY,48.80,-1.1000,48.75,48.80,48.75,2000,97550,2,TWSE_CSV,2026-08-07 14:15:31 +0800
1150807,2026-08-07,上市,8487,愛爾達-創,72.90,0.5000,72.00,72.90,72.00,19000,1375600,15,TWSE_CSV,2026-08-07 14:15:31 +0800
1150807,2026-08-07,上市,8488,吉源-KY,10.05,-0.1000,10.35,10.75,10.00,284000,2978700,34,TWSE_CSV,2026-08-07 14:15:31 +0800
1150807,2026-08-07,上市,8499,鼎炫-KY,258.00,7.5000,250.50,260.00,250.50,32000,8188500,32,TWSE_CSV,2026-08-07 14:15:31 +0800
1150807,2026-08-07,上市,8926,台汽電,62.00,-1.5000,63.70,64.30,61.80,5272000,329718300,3075,TWSE_CSV,2026-08-07 14:15:31 +0800
1150807,2026-08-07,上市,8940,新天地,15.35,0.0000,15.40,15.40,15.35,14000,215250,11,TWSE_CSV,2026-08-07 14:15:31 +0800
1150807,2026-08-07,上市,8996,高力,1045.00,-90.0000,1080.00,1135.00,1040.00,4479000,4838020000,3134,TWSE_CSV,2026-08-07 14:15:31 +0800
1150807,2026-08-07,上市,9103,美德醫療-DR,5.28,0.0500,5.24,5.29,5.23,689000,3623880,171,TWSE_CSV,2026-08-07 14:15:31 +0800
1150807,2026-08-07,上市,910322,康師傅-DR,22.95,-0.2500,22.95,23.00,22.80,7000,160600,6,TWSE_CSV,2026-08-07 14:15:31 +0800
1150807,2026-08-07,上市,9105,泰金寶-DR,8.08,-0.1000,8.20,8.21,8.08,8750000,71162390,2190,TWSE_CSV,2026-08-07 14:15:31 +0800
1150807,2026-08-07,上市,910861,神州-DR,3.91,0.0000,3.93,3.93,3.90,33000,128990,18,TWSE_CSV,2026-08-07 14:15:31 +0800
1150807,2026-08-07,上市,9110,越南控-DR,3.07,-0.0600,3.07,3.07,3.07,1000,3070,1,TWSE_CSV,2026-08-07 14:15:31 +0800
1150807,2026-08-07,上市,911608,明輝-DR,2.53,-0.0700,2.51,2.60,2.51,46000,118510,10,TWSE_CSV,2026-08-07 14:15:31 +0800
1150807,2026-08-07,上市,911622,泰聚亨-DR,3.76,-0.0300,3.71,3.76,3.70,5000,18570,4,TWSE_CSV,2026-08-07 14:15:31 +0800
1150807,2026-08-07,上市,911868,同方友友-DR,1.19,0.0100,1.19,1.19,1.18,87000,102990,34,TWSE_CSV,2026-08-07 14:15:31 +0800
1150807,2026-08-07,上市,912000,晨訊科-DR,2.62,-0.0400,2.66,2.68,2.62,207000,550160,64,TWSE_CSV,2026-08-07 14:15:31 +0800
1150807,2026-08-07,上市,9136,巨騰-DR,11.35,0.0000,11.50,11.50,11.15,288000,3262250,80,TWSE_CSV,2026-08-07 14:15:31 +0800
1150807,2026-08-07,上市,9802,鈺齊-KY,70.10,0.2000,70.20,70.80,69.30,1094000,76436100,876,TWSE_CSV,2026-08-07 14:15:31 +0800
1150807,2026-08-07,上市,9902,台火,13.65,0.0000,13.60,13.75,13.55,36000,490100,21,TWSE_CSV,2026-08-07 14:15:31 +0800
1150807,2026-08-07,上市,9904,寶成,23.90,0.1500,23.75,24.10,23.75,17341000,415219500,3688,TWSE_CSV,2026-08-07 14:15:31 +0800
1150807,2026-08-07,上市,9905,大華,20.95,0.0000,20.90,20.95,20.90,88000,1842200,48,TWSE_CSV,2026-08-07 14:15:31 +0800
1150807,2026-08-07,上市,9906,欣巴巴,39.00,0.0000,40.20,40.20,38.95,37000,1456300,30,TWSE_CSV,2026-08-07 14:15:31 +0800
1150807,2026-08-07,上市,9907,統一實,14.60,0.2000,14.40,14.70,14.40,3488000,50590900,870,TWSE_CSV,2026-08-07 14:15:31 +0800
1150807,2026-08-07,上市,9908,大台北,29.15,0.1500,29.10,29.20,29.05,75000,2183050,60,TWSE_CSV,2026-08-07 14:15:31 +0800
1150807,2026-08-07,上市,9910,豐泰,69.50,-0.2000,69.70,70.40,68.80,742000,51559800,571,TWSE_CSV,2026-08-07 14:15:31 +0800
1150807,2026-08-07,上市,9911,櫻花,82.60,0.5000,82.10,82.90,82.10,175000,14454600,139,TWSE_CSV,2026-08-07 14:15:31 +0800
1150807,2026-08-07,上市,9912,偉聯,12.40,-0.1500,12.30,12.45,12.30,27000,335650,20,TWSE_CSV,2026-08-07 14:15:31 +0800
1150807,2026-08-07,上市,9914,美利達,80.80,1.3000,79.00,81.40,79.00,1530000,123203600,1040,TWSE_CSV,2026-08-07 14:15:31 +0800
1150807,2026-08-07,上市,9917,中保科,108.00,0.0000,107.50,108.50,107.50,225000,24348500,165,TWSE_CSV,2026-08-07 14:15:31 +0800
1150807,2026-08-07,上市,9918,欣天然,42.45,-0.1500,42.45,42.45,42.45,9000,382050,7,TWSE_CSV,2026-08-07 14:15:31 +0800
1150807,2026-08-07,上市,9919,康那香,14.05,0.1000,14.00,14.20,13.85,216000,3032950,130,TWSE_CSV,2026-08-07 14:15:31 +0800
1150807,2026-08-07,上市,9921,巨大,92.40,2.2000,90.20,93.20,90.00,2982000,274502400,2073,TWSE_CSV,2026-08-07 14:15:31 +0800
1150807,2026-08-07,上市,9924,福興,39.05,0.5000,38.55,39.10,38.55,197000,7650550,126,TWSE_CSV,2026-08-07 14:15:31 +0800
1150807,2026-08-07,上市,9925,新保,40.05,0.0000,40.05,40.10,40.00,297000,11898550,224,TWSE_CSV,2026-08-07 14:15:31 +0800
1150807,2026-08-07,上市,9926,新海,49.30,-0.2000,49.10,49.35,49.05,6000,295100,6,TWSE_CSV,2026-08-07 14:15:31 +0800
1150807,2026-08-07,上市,9927,泰銘,69.40,0.5000,69.00,69.60,69.00,75000,5198600,65,TWSE_CSV,2026-08-07 14:15:31 +0800
1150807,2026-08-07,上市,9928,中視,18.20,0.0500,18.10,18.20,18.05,32000,579800,25,TWSE_CSV,2026-08-07 14:15:31 +0800
1150807,2026-08-07,上市,9929,秋雨,11.45,0.0500,11.30,11.45,11.30,5000,57000,5,TWSE_CSV,2026-08-07 14:15:31 +0800
1150807,2026-08-07,上市,9930,中聯資源,62.30,0.1000,62.00,62.40,61.10,219000,13494400,188,TWSE_CSV,2026-08-07 14:15:31 +0800
1150807,2026-08-07,上市,9931,欣高,33.70,-0.2500,33.65,33.80,33.65,11000,370900,10,TWSE_CSV,2026-08-07 14:15:31 +0800
1150807,2026-08-07,上市,9933,中鼎,37.75,0.6000,36.85,37.95,36.85,2087000,78420250,1350,TWSE_CSV,2026-08-07 14:15:31 +0800
1150807,2026-08-07,上市,9934,成霖,10.95,0.2000,10.85,11.15,10.85,1735000,19041400,509,TWSE_CSV,2026-08-07 14:15:31 +0800
1150807,2026-08-07,上市,9935,慶豐富,20.10,0.5000,20.00,20.35,19.80,1099000,22070150,341,TWSE_CSV,2026-08-07 14:15:31 +0800
1150807,2026-08-07,上市,9937,全國,55.10,-0.3000,54.90,55.20,54.90,21000,1156900,15,TWSE_CSV,2026-08-07 14:15:31 +0800
1150807,2026-08-07,上市,9938,百和,42.10,-0.1500,42.30,42.90,42.05,1380000,58351250,866,TWSE_CSV,2026-08-07 14:15:31 +0800
1150807,2026-08-07,上市,9939,宏全,144.50,2.0000,142.50,145.50,140.00,2994000,430865500,2007,TWSE_CSV,2026-08-07 14:15:31 +0800
1150807,2026-08-07,上市,9940,信義,20.80,0.4500,20.50,20.95,20.45,407000,8459100,213,TWSE_CSV,2026-08-07 14:15:31 +0800
1150807,2026-08-07,上市,9941,裕融,84.30,2.4000,82.20,84.50,82.20,2112000,177287300,1295,TWSE_CSV,2026-08-07 14:15:31 +0800
1150807,2026-08-07,上市,9942,茂順,115.50,0.0000,115.50,116.50,115.50,66000,7649500,56,TWSE_CSV,2026-08-07 14:15:31 +0800
1150807,2026-08-07,上市,9943,好樂迪,51.40,0.1000,51.40,51.60,51.30,74000,3804100,47,TWSE_CSV,2026-08-07 14:15:31 +0800
1150807,2026-08-07,上市,9944,新麗,17.60,0.0000,17.55,17.80,17.55,21000,370800,9,TWSE_CSV,2026-08-07 14:15:31 +0800
1150807,2026-08-07,上市,9945,潤泰新,26.75,0.4000,26.40,26.95,26.40,5703000,152588900,1961,TWSE_CSV,2026-08-07 14:15:31 +0800
1150807,2026-08-07,上市,9946,三發地產,17.95,0.1500,17.80,18.00,17.80,138000,2472500,78,TWSE_CSV,2026-08-07 14:15:31 +0800
1150807,2026-08-07,上市,9955,佳龍,23.90,0.0500,23.60,24.05,23.45,328000,7805650,203,TWSE_CSV,2026-08-07 14:15:31 +0800
1150807,2026-08-07,上市,9958,世紀鋼,113.50,3.0000,110.50,116.00,110.50,3002000,341181500,1932,TWSE_CSV,2026-08-07 14:15:31 +0800
1150807,2026-08-07,上櫃,006201,元大富櫃50,42.60,-1.06,43.83,44.21,42.47,352000,15253970,129,TPEX_CSV,2026-08-07 14:15:31 +0800
1150807,2026-08-07,上櫃,00679B,元大美債20年,26.41,-0.25,26.46,26.48,26.39,18494000,488822890,2739,TPEX_CSV,2026-08-07 14:15:31 +0800
1150807,2026-08-07,上櫃,00687B,國泰20年美債,27.49,-0.27,27.55,27.56,27.45,10398000,285985210,1522,TPEX_CSV,2026-08-07 14:15:31 +0800
1150807,2026-08-07,上櫃,00687C,國泰20年美債+櫃U,9.08,-0.09,9.08,9.08,9.08,25000,227000,2,TPEX_CSV,2026-08-07 14:15:31 +0800
1150807,2026-08-07,上櫃,00694B,富邦美債1-3,42.29,-0.05,42.31,42.32,42.28,164000,6936170,13,TPEX_CSV,2026-08-07 14:15:31 +0800
1150807,2026-08-07,上櫃,00695B,富邦美債7-10,35.23,-0.17,35.33,35.33,35.22,119000,4193440,22,TPEX_CSV,2026-08-07 14:15:31 +0800
1150807,2026-08-07,上櫃,00696B,富邦美債20年,28.46,-0.30,28.50,28.55,28.45,1939000,55276070,88,TPEX_CSV,2026-08-07 14:15:31 +0800
1150807,2026-08-07,上櫃,00697B,元大美債7-10,35.82,-0.12,35.89,35.89,35.79,364000,13042160,70,TPEX_CSV,2026-08-07 14:15:31 +0800
1150807,2026-08-07,上櫃,00719B,元大美債1-3,31.45,-0.02,31.47,31.49,31.44,1467000,46153800,250,TPEX_CSV,2026-08-07 14:15:31 +0800
1150807,2026-08-07,上櫃,00720B,元大投資級公司債,32.36,-0.24,32.42,32.42,32.32,3705000,119886520,692,TPEX_CSV,2026-08-07 14:15:31 +0800
1150807,2026-08-07,上櫃,00722B,群益投資級電信債,34.69,-0.31,34.75,34.76,34.66,2113000,73297610,249,TPEX_CSV,2026-08-07 14:15:31 +0800
1150807,2026-08-07,上櫃,00723B,群益投資級科技債,29.85,-0.30,29.92,29.92,29.81,230000,6864900,74,TPEX_CSV,2026-08-07 14:15:31 +0800
1150807,2026-08-07,上櫃,00724B,群益投資級金融債,33.38,-0.19,33.38,33.45,33.36,5445000,181708790,124,TPEX_CSV,2026-08-07 14:15:31 +0800
1150807,2026-08-07,上櫃,00725B,國泰投資級公司債,34.49,-0.28,34.56,34.57,34.47,2694000,92988430,515,TPEX_CSV,2026-08-07 14:15:31 +0800
1150807,2026-08-07,上櫃,00726B,國泰新興投等債,32.55,-0.17,32.70,32.70,32.55,191000,6221400,20,TPEX_CSV,2026-08-07 14:15:31 +0800
1150807,2026-08-07,上櫃,00727B,國泰優選非投等債,39.75,-0.03,39.74,39.76,39.74,114000,4531570,11,TPEX_CSV,2026-08-07 14:15:31 +0800
1150807,2026-08-07,上櫃,00734B,台新JPM新興債,----,---,----,----,----,0,0,0,TPEX_CSV,2026-08-07 14:15:31 +0800
1150807,2026-08-07,上櫃,00740B,富邦全球投等債,38.07,-0.27,38.14,38.15,38.03,725000,27598530,104,TPEX_CSV,2026-08-07 14:15:31 +0800
1150807,2026-08-07,上櫃,00741B,富邦全球非投等債,37.86,-0.06,37.75,37.92,37.75,104000,3937910,8,TPEX_CSV,2026-08-07 14:15:31 +0800
1150807,2026-08-07,上櫃,00746B,富邦A級公司債,35.01,-0.28,34.97,35.07,34.97,1335000,46743850,50,TPEX_CSV,2026-08-07 14:15:31 +0800
1150807,2026-08-07,上櫃,00749B,凱基新興債10+,31.24,-0.10,31.24,31.24,31.24,101000,3155240,3,TPEX_CSV,2026-08-07 14:15:31 +0800
1150807,2026-08-07,上櫃,00750B,凱基科技債10+,32.21,-0.33,32.30,32.30,32.21,127000,4093100,5,TPEX_CSV,2026-08-07 14:15:31 +0800
1150807,2026-08-07,上櫃,00751B,元大AAA至A公司債,30.92,-0.26,30.93,30.96,30.89,5093000,157462810,1041,TPEX_CSV,2026-08-07 14:15:31 +0800
1150807,2026-08-07,上櫃,00754B,群益AAA-AA公司債,32.43,-0.42,32.46,32.47,32.42,135000,4378540,20,TPEX_CSV,2026-08-07 14:15:31 +0800
1150807,2026-08-07,上櫃,00755B,群益投資級公用債,32.54,-0.25,32.55,32.55,32.53,105000,3415730,7,TPEX_CSV,2026-08-07 14:15:31 +0800
1150807,2026-08-07,上櫃,00756B,群益投等新興公債,31.35,-0.13,31.37,31.37,31.34,273000,8557910,54,TPEX_CSV,2026-08-07 14:15:31 +0800
1150807,2026-08-07,上櫃,00758B,復華能源債,51.25,-0.35,51.25,51.25,51.25,100000,5125000,2,TPEX_CSV,2026-08-07 14:15:31 +0800
1150807,2026-08-07,上櫃,00759B,復華製藥債,54.10,-0.35,54.10,54.10,54.10,100000,5410000,2,TPEX_CSV,2026-08-07 14:15:31 +0800
1150807,2026-08-07,上櫃,00760B,復華新興企業債,53.60,-0.15,53.50,53.65,53.50,130000,6973700,18,TPEX_CSV,2026-08-07 14:15:31 +0800
1150807,2026-08-07,上櫃,00761B,國泰A級公司債,34.03,-0.32,34.07,34.09,34.01,301000,10243210,57,TPEX_CSV,2026-08-07 14:15:31 +0800
1150807,2026-08-07,上櫃,00764B,群益25年美債,27.39,-0.26,27.47,27.47,27.37,5108000,139844070,125,TPEX_CSV,2026-08-07 14:15:31 +0800
1150807,2026-08-07,上櫃,00768B,復華20年美債,49.48,-0.47,49.66,49.66,49.47,516000,25547120,111,TPEX_CSV,2026-08-07 14:15:31 +0800
1150807,2026-08-07,上櫃,00772B,中信高評級公司債,33.16,-0.27,33.18,33.21,33.12,1284000,42568520,371,TPEX_CSV,2026-08-07 14:15:31 +0800
1150807,2026-08-07,上櫃,00773B,中信優先金融債,35.60,-0.26,35.58,35.66,35.58,901000,32080850,59,TPEX_CSV,2026-08-07 14:15:31 +0800
1150807,2026-08-07,上櫃,00777B,凱基AAA至A公司債,31.84,-0.26,31.87,31.87,31.84,112000,3568120,5,TPEX_CSV,2026-08-07 14:15:31 +0800
1150807,2026-08-07,上櫃,00778B,凱基金融債20+,33.91,-0.37,34.15,34.20,33.91,104000,3533410,5,TPEX_CSV,2026-08-07 14:15:31 +0800
1150807,2026-08-07,上櫃,00779B,凱基美債25+,27.69,-0.27,27.92,27.92,27.67,459000,12718860,24,TPEX_CSV,2026-08-07 14:15:31 +0800
1150807,2026-08-07,上櫃,00780B,國泰A級金融債,37.60,-0.09,37.65,37.65,37.60,103000,3872910,5,TPEX_CSV,2026-08-07 14:15:31 +0800
1150807,2026-08-07,上櫃,00781B,國泰A級科技債,27.65,-0.23,27.64,27.74,27.63,156000,4315260,35,TPEX_CSV,2026-08-07 14:15:31 +0800
1150807,2026-08-07,上櫃,00782B,國泰A級公用債,29.83,-0.26,29.90,29.91,29.83,253000,7554430,43,TPEX_CSV,2026-08-07 14:15:31 +0800
1150807,2026-08-07,上櫃,00785B,富邦金融投等債,34.63,-0.29,34.72,34.72,34.63,121000,4193590,7,TPEX_CSV,2026-08-07 14:15:31 +0800
1150807,2026-08-07,上櫃,00786B,元大10年IG銀行債,32.64,-0.31,32.76,32.76,32.64,50000,1636000,10,TPEX_CSV,2026-08-07 14:15:31 +0800
1150807,2026-08-07,上櫃,00787B,元大10年IG醫療債,32.20,-0.25,32.29,32.29,32.20,102000,3290010,18,TPEX_CSV,2026-08-07 14:15:31 +0800
1150807,2026-08-07,上櫃,00788B,元大10年IG電能債,29.58,-0.23,29.69,29.70,29.58,26000,770410,13,TPEX_CSV,2026-08-07 14:15:31 +0800
1150807,2026-08-07,上櫃,00789B,復華公司債A3,46.81,-0.47,46.93,46.93,46.81,121000,5666520,7,TPEX_CSV,2026-08-07 14:15:31 +0800
1150807,2026-08-07,上櫃,00791B,復華信用債1-5,57.45,-0.05,57.50,57.50,57.45,110000,6320000,3,TPEX_CSV,2026-08-07 14:15:31 +0800
1150807,2026-08-07,上櫃,00792B,群益A級公司債,31.20,-0.32,31.27,31.27,31.20,240000,7495160,17,TPEX_CSV,2026-08-07 14:15:31 +0800
1150807,2026-08-07,上櫃,00793B,群益AAA-A醫療債,----,---,----,----,----,0,0,0,TPEX_CSV,2026-08-07 14:15:31 +0800
1150807,2026-08-07,上櫃,00795B,中信美國公債20年,26.58,-0.27,26.64,26.65,26.56,5880000,156396760,705,TPEX_CSV,2026-08-07 14:15:31 +0800
1150807,2026-08-07,上櫃,00799B,國泰A級醫療債,29.35,-0.21,29.50,29.50,29.35,206000,6048770,38,TPEX_CSV,2026-08-07 14:15:31 +0800
1150807,2026-08-07,上櫃,00834B,第一金金融債10+,33.68,-0.05,33.68,33.68,33.68,100000,3368000,2,TPEX_CSV,2026-08-07 14:15:31 +0800
1150807,2026-08-07,上櫃,00836B,永豐10年A公司債,28.30,-0.23,28.37,28.37,28.30,21000,595700,2,TPEX_CSV,2026-08-07 14:15:31 +0800
1150807,2026-08-07,上櫃,00840B,凱基IG精選15+,29.34,-0.28,29.34,29.34,29.34,100000,2934000,2,TPEX_CSV,2026-08-07 14:15:31 +0800
1150807,2026-08-07,上櫃,00841B,凱基AAA-AA公司債,28.24,-0.28,28.21,28.24,28.21,101000,2849240,3,TPEX_CSV,2026-08-07 14:15:31 +0800
1150807,2026-08-07,上櫃,00842B,台新美元銀行債,29.90,-0.10,29.93,29.93,29.87,439000,13121090,72,TPEX_CSV,2026-08-07 14:15:31 +0800
1150807,2026-08-07,上櫃,00844B,台新15年IG金融債,31.38,-0.26,31.38,31.38,31.38,160000,5020800,2,TPEX_CSV,2026-08-07 14:15:31 +0800
1150807,2026-08-07,上櫃,00845B,富邦新興投等債,33.43,-0.06,33.22,33.45,33.22,102000,3409670,4,TPEX_CSV,2026-08-07 14:15:31 +0800
1150807,2026-08-07,上櫃,00846B,富邦歐洲銀行債,36.24,-0.12,36.06,36.25,36.06,102000,3696310,4,TPEX_CSV,2026-08-07 14:15:31 +0800
1150807,2026-08-07,上櫃,00847B,中信美國市政債,25.30,-0.23,25.30,25.30,25.30,200000,5060000,4,TPEX_CSV,2026-08-07 14:15:31 +0800
1150807,2026-08-07,上櫃,00848B,中信新興亞洲債,33.86,-0.15,33.87,33.87,33.86,220000,7451200,5,TPEX_CSV,2026-08-07 14:15:31 +0800
1150807,2026-08-07,上櫃,00849B,中信EM主權債0-5,37.76,-0.03,37.74,37.77,37.74,205000,7740820,6,TPEX_CSV,2026-08-07 14:15:31 +0800
1150807,2026-08-07,上櫃,00853B,統一美債10年Aa-A,27.12,-0.30,27.21,27.21,27.12,1035000,28075230,33,TPEX_CSV,2026-08-07 14:15:31 +0800
1150807,2026-08-07,上櫃,00856B,永豐1-3年美公債,38.02,+0.02,38.02,38.02,38.02,1000,38020,1,TPEX_CSV,2026-08-07 14:15:31 +0800
1150807,2026-08-07,上櫃,00857B,永豐20年美公債,22.84,-0.21,22.88,22.89,22.82,998000,22798490,141,TPEX_CSV,2026-08-07 14:15:31 +0800
1150807,2026-08-07,上櫃,00858,永豐美國500大,36.38,-0.12,36.39,36.40,36.35,86000,3128140,43,TPEX_CSV,2026-08-07 14:15:31 +0800
1150807,2026-08-07,上櫃,00859B,群益0-1年美債,41.54,+0.02,41.56,41.58,41.50,2205000,91590120,75,TPEX_CSV,2026-08-07 14:15:31 +0800
1150807,2026-08-07,上櫃,00860B,群益1-5Y投資級債,38.81,-0.03,38.80,38.81,38.79,117000,4539440,10,TPEX_CSV,2026-08-07 14:15:31 +0800
1150807,2026-08-07,上櫃,00862B,中信投資級公司債,31.09,-0.34,31.18,31.18,31.09,254000,7906020,16,TPEX_CSV,2026-08-07 14:15:31 +0800
1150807,2026-08-07,上櫃,00863B,中信全球電信債,31.23,-0.33,31.30,31.30,31.23,330000,10317000,13,TPEX_CSV,2026-08-07 14:15:31 +0800
1150807,2026-08-07,上櫃,00864B,中信美國公債0-1,47.11,+0.01,47.13,47.17,47.07,746000,35140160,97,TPEX_CSV,2026-08-07 14:15:31 +0800
1150807,2026-08-07,上櫃,00867B,台新A-BBB電信債,30.29,-0.28,30.38,30.38,30.22,110000,3332170,11,TPEX_CSV,2026-08-07 14:15:31 +0800
1150807,2026-08-07,上櫃,00870B,元大15年EM主權債,27.90,-0.02,27.90,27.90,27.90,1000,27900,1,TPEX_CSV,2026-08-07 14:15:31 +0800
1150807,2026-08-07,上櫃,00877,復華中國5G,38.66,+1.79,37.30,38.81,37.07,3788000,144817470,1318,TPEX_CSV,2026-08-07 14:15:31 +0800
1150807,2026-08-07,上櫃,00884B,中信低碳新興債,29.14,-0.10,29.18,29.18,29.13,226000,6585160,8,TPEX_CSV,2026-08-07 14:15:31 +0800
1150807,2026-08-07,上櫃,00886,永豐美國科技,46.46,+0.52,46.62,46.62,46.44,41000,1904620,5,TPEX_CSV,2026-08-07 14:15:31 +0800
1150807,2026-08-07,上櫃,00887,永豐中國科技50大,17.33,+0.44,17.05,17.33,16.90,5802000,99519690,1304,TPEX_CSV,2026-08-07 14:15:31 +0800
1150807,2026-08-07,上櫃,00888,永豐台灣ESG,31.71,-0.39,32.22,32.30,31.52,4599000,146386020,1864,TPEX_CSV,2026-08-07 14:15:31 +0800
1150807,2026-08-07,上櫃,00890B,凱基ESG BBB債15+,31.75,-0.24,31.85,31.85,31.75,111000,3526250,5,TPEX_CSV,2026-08-07 14:15:31 +0800
1150807,2026-08-07,上櫃,00928,中信上櫃ESG 30,31.55,-0.87,33.25,33.25,31.38,1035000,33354800,352,TPEX_CSV,2026-08-07 14:15:31 +0800
1150807,2026-08-07,上櫃,00931B,統一美債20年,13.21,-0.12,13.23,13.24,13.20,2119000,28002570,265,TPEX_CSV,2026-08-07 14:15:31 +0800
1150807,2026-08-07,上櫃,00933B,國泰10Y+金融債,15.95,-0.08,15.96,15.97,15.93,8759000,139662100,1296,TPEX_CSV,2026-08-07 14:15:31 +0800
1150807,2026-08-07,上櫃,00937B,群益ESG投等債20+,14.61,-0.12,14.64,14.65,14.60,46895000,685448360,5607,TPEX_CSV,2026-08-07 14:15:31 +0800
1150807,2026-08-07,上櫃,00942B,台新美A公司債20+,14.03,-0.12,14.04,14.05,14.03,2511000,35261830,87,TPEX_CSV,2026-08-07 14:15:31 +0800
1150807,2026-08-07,上櫃,00948B,中信優息投資級債,9.33,-0.07,9.33,9.34,9.32,13143000,122635980,1017,TPEX_CSV,2026-08-07 14:15:31 +0800
1150807,2026-08-07,上櫃,00950B,凱基A級公司債,13.92,-0.08,13.94,13.95,13.90,3115000,43335030,391,TPEX_CSV,2026-08-07 14:15:31 +0800
1150807,2026-08-07,上櫃,00955,中信日本商社,15.80,+0.19,15.77,15.94,15.76,5458000,86583430,1324,TPEX_CSV,2026-08-07 14:15:31 +0800
1150807,2026-08-07,上櫃,00957B,兆豐US優選投等債,13.24,-0.10,13.28,13.28,13.22,407000,5382680,52,TPEX_CSV,2026-08-07 14:15:31 +0800
1150807,2026-08-07,上櫃,00958B,永豐ESG銀行債15+,9.23,-0.05,9.23,9.23,9.22,198000,1825970,25,TPEX_CSV,2026-08-07 14:15:31 +0800
1150807,2026-08-07,上櫃,00959B,大華投等美債15Y+,9.28,-0.06,9.30,9.30,9.26,842000,7806880,146,TPEX_CSV,2026-08-07 14:15:31 +0800
1150807,2026-08-07,上櫃,00966B,統一ESG投等債15+,13.69,-0.11,13.72,13.72,13.69,742000,10169700,19,TPEX_CSV,2026-08-07 14:15:31 +0800
1150807,2026-08-07,上櫃,00967B,元大優息美債,9.05,-0.08,9.09,9.09,9.04,214000,1937050,51,TPEX_CSV,2026-08-07 14:15:31 +0800
1150807,2026-08-07,上櫃,00968B,元大優息投等債,9.17,-0.06,9.17,9.18,9.15,7680000,70376260,807,TPEX_CSV,2026-08-07 14:15:31 +0800
1150807,2026-08-07,上櫃,00969B,元大零息超長美債,8.09,-0.11,8.12,8.12,8.07,1233000,9965960,124,TPEX_CSV,2026-08-07 14:15:31 +0800
1150807,2026-08-07,上櫃,00970B,台新BBB投等債20+,9.24,-0.07,9.26,9.26,9.23,1291000,11928130,149,TPEX_CSV,2026-08-07 14:15:31 +0800
1150807,2026-08-07,上櫃,009806,台新標普500,13.82,-0.04,13.82,13.84,13.82,36000,497850,9,TPEX_CSV,2026-08-07 14:15:31 +0800
1150807,2026-08-07,上櫃,009807,台新標普科技精選,17.05,0.00,17.09,17.09,17.00,193000,3297030,6,TPEX_CSV,2026-08-07 14:15:31 +0800
1150807,2026-08-07,上櫃,00980B,台新特選IG債10+,9.35,-0.08,9.36,9.36,9.35,186000,1740930,11,TPEX_CSV,2026-08-07 14:15:31 +0800
1150807,2026-08-07,上櫃,00980D,主動聯博投等入息,20.45,-0.05,20.47,20.48,20.43,270000,5521700,71,TPEX_CSV,2026-08-07 14:15:31 +0800
1150807,2026-08-07,上櫃,00980T,平衡凱基美國TOP,12.05,+0.01,12.04,12.09,12.04,4330000,52304790,467,TPEX_CSV,2026-08-07 14:15:31 +0800
1150807,2026-08-07,上櫃,009814,富邦標普500,11.53,-0.05,11.56,11.56,11.52,1185000,13668400,217,TPEX_CSV,2026-08-07 14:15:31 +0800
1150807,2026-08-07,上櫃,009815,大華美國MAG7+,11.69,0.00,11.71,11.72,11.67,2027000,23714170,265,TPEX_CSV,2026-08-07 14:15:31 +0800
1150807,2026-08-07,上櫃,00981B,第一金優選非投債,9.32,-0.01,9.32,9.33,9.31,8385000,78149460,610,TPEX_CSV,2026-08-07 14:15:31 +0800
1150807,2026-08-07,上櫃,00981D,主動中信非投等債,10.47,-0.02,10.49,10.50,10.46,5791000,60665300,278,TPEX_CSV,2026-08-07 14:15:31 +0800
1150807,2026-08-07,上櫃,009822,華南永昌未來金融,9.57,-0.14,9.71,9.71,9.56,201000,1925280,70,TPEX_CSV,2026-08-07 14:15:31 +0800
1150807,2026-08-07,上櫃,009823,群益S&P500,10.61,-0.04,10.65,10.65,10.60,2967000,31479450,497,TPEX_CSV,2026-08-07 14:15:31 +0800
1150807,2026-08-07,上櫃,009825,聯邦美國金融創新,10.05,+0.03,10.05,10.05,10.01,5671000,56902900,248,TPEX_CSV,2026-08-07 14:15:31 +0800
1150807,2026-08-07,上櫃,00982B,FT投資級債20+,9.62,-0.07,9.59,9.62,9.59,18000,172790,6,TPEX_CSV,2026-08-07 14:15:31 +0800
1150807,2026-08-07,上櫃,00983B,大華優利美公債20,15.36,-0.15,15.43,15.43,15.35,650000,9997850,26,TPEX_CSV,2026-08-07 14:15:31 +0800
1150807,2026-08-07,上櫃,00984B,大華優利美A債15,16.07,-0.12,16.09,16.09,16.05,944000,15167880,173,TPEX_CSV,2026-08-07 14:15:31 +0800
1150807,2026-08-07,上櫃,00985D,主動貝萊德優投等,10.05,-0.06,10.05,10.05,10.03,1027000,10308530,203,TPEX_CSV,2026-08-07 14:15:31 +0800
1150807,2026-08-07,上櫃,00986B,FT金融債10+,9.72,-0.03,9.74,9.75,9.67,530000,5161990,23,TPEX_CSV,2026-08-07 14:15:31 +0800
1150807,2026-08-07,上櫃,00986D,主動復華金融債息,14.68,-0.05,14.71,14.72,14.67,1449000,21279590,168,TPEX_CSV,2026-08-07 14:15:31 +0800
1150807,2026-08-07,上櫃,00987B,野村10+澳洲公債,16.14,-0.14,16.21,16.21,16.14,349000,5636660,56,TPEX_CSV,2026-08-07 14:15:31 +0800
1150807,2026-08-07,上櫃,00988B,玉山嚴選非投債,19.98,-0.02,20.00,20.00,19.98,2111000,42205430,218,TPEX_CSV,2026-08-07 14:15:31 +0800
1150807,2026-08-07,上櫃,00989B,台新美國非投等債,10.26,0.00,10.28,10.28,10.26,3880000,39813030,117,TPEX_CSV,2026-08-07 14:15:31 +0800
1150807,2026-08-07,上櫃,00990B,國泰收益非投等債,10.09,0.00,10.11,10.11,10.08,777000,7846150,61,TPEX_CSV,2026-08-07 14:15:31 +0800
1150807,2026-08-07,上櫃,00998A,主動復華金融股息,18.12,+0.02,18.09,18.12,18.08,1030000,18646670,343,TPEX_CSV,2026-08-07 14:15:31 +0800
1150807,2026-08-07,上櫃,1240,茂生農經,54.80,-0.20,55.00,55.00,54.80,3000,164800,3,TPEX_CSV,2026-08-07 14:15:31 +0800
1150807,2026-08-07,上櫃,1259,安心,60.00,+1.30,59.80,60.00,59.80,8000,479200,2,TPEX_CSV,2026-08-07 14:15:31 +0800
1150807,2026-08-07,上櫃,1264,德麥,256.00,+1.00,255.00,256.00,254.50,25000,6388000,17,TPEX_CSV,2026-08-07 14:15:31 +0800
1150807,2026-08-07,上櫃,1268,漢來美食,183.50,+13.00,178.00,185.00,176.50,212000,38532000,184,TPEX_CSV,2026-08-07 14:15:31 +0800
1150807,2026-08-07,上櫃,1294,漢田生技,56.60,+0.40,55.50,61.00,55.50,36000,2086200,36,TPEX_CSV,2026-08-07 14:15:31 +0800
1150807,2026-08-07,上櫃,1295,生合,46.25,+0.05,46.50,46.50,45.85,45000,2074700,41,TPEX_CSV,2026-08-07 14:15:31 +0800
1150807,2026-08-07,上櫃,1336,台翰,14.55,-0.55,15.10,15.10,14.55,335000,4941900,165,TPEX_CSV,2026-08-07 14:15:31 +0800
1150807,2026-08-07,上櫃,1565,精華,93.30,+0.20,92.40,94.10,92.40,85000,7949800,60,TPEX_CSV,2026-08-07 14:15:31 +0800
1150807,2026-08-07,上櫃,1569,濱川,42.35,-2.15,44.30,44.50,42.20,304000,13114350,219,TPEX_CSV,2026-08-07 14:15:31 +0800
1150807,2026-08-07,上櫃,1570,力肯,33.95,+0.20,32.65,33.95,32.60,26000,871850,23,TPEX_CSV,2026-08-07 14:15:31 +0800
1150807,2026-08-07,上櫃,1580,新麥,112.50,0.00,113.00,113.00,112.00,37000,4167000,31,TPEX_CSV,2026-08-07 14:15:31 +0800
1150807,2026-08-07,上櫃,1584,精剛,18.05,+0.55,17.70,18.35,17.45,1314000,23637050,621,TPEX_CSV,2026-08-07 14:15:31 +0800
1150807,2026-08-07,上櫃,1586,和勤,18.20,-0.05,18.20,18.30,18.05,164000,2980800,87,TPEX_CSV,2026-08-07 14:15:31 +0800
1150807,2026-08-07,上櫃,1591,駿吉-KY,35.60,-1.00,35.75,37.35,35.40,190000,6890200,138,TPEX_CSV,2026-08-07 14:15:31 +0800
1150807,2026-08-07,上櫃,1593,祺驊,31.70,+0.65,33.70,33.70,31.40,81000,2595250,62,TPEX_CSV,2026-08-07 14:15:31 +0800
1150807,2026-08-07,上櫃,1595,川寶,60.40,-1.50,62.70,63.10,60.10,415000,25446100,319,TPEX_CSV,2026-08-07 14:15:31 +0800
1150807,2026-08-07,上櫃,1599,宏佳騰,23.80,0.00,23.50,23.80,23.50,12000,282700,11,TPEX_CSV,2026-08-07 14:15:31 +0800
1150807,2026-08-07,上櫃,1742,台蠟,17.80,-0.15,18.00,18.00,17.50,52000,921400,26,TPEX_CSV,2026-08-07 14:15:31 +0800
1150807,2026-08-07,上櫃,1777,生泰,74.80,+0.90,75.00,75.10,74.30,79000,5903700,64,TPEX_CSV,2026-08-07 14:15:31 +0800
1150807,2026-08-07,上櫃,1780,立弘,22.75,-0.60,23.05,23.05,22.20,144000,3271950,60,TPEX_CSV,2026-08-07 14:15:31 +0800
1150807,2026-08-07,上櫃,1781,合世,11.35,-0.10,11.35,11.35,11.35,3000,34050,2,TPEX_CSV,2026-08-07 14:15:31 +0800
1150807,2026-08-07,上櫃,1784,訊聯,60.20,+0.30,60.10,60.80,59.80,72000,4332000,56,TPEX_CSV,2026-08-07 14:15:31 +0800
1150807,2026-08-07,上櫃,1785,光洋科,114.50,-0.50,116.00,116.00,112.50,5310000,607150500,3162,TPEX_CSV,2026-08-07 14:15:31 +0800
1150807,2026-08-07,上櫃,1788,杏昌,130.50,+0.50,130.50,130.50,130.00,27000,3511500,17,TPEX_CSV,2026-08-07 14:15:31 +0800
1150807,2026-08-07,上櫃,1796,金穎生技,30.75,-0.15,30.85,30.85,30.25,12000,366550,12,TPEX_CSV,2026-08-07 14:15:31 +0800
1150807,2026-08-07,上櫃,1799,易威,31.65,-0.50,32.15,32.20,31.60,117000,3730200,97,TPEX_CSV,2026-08-07 14:15:31 +0800
1150807,2026-08-07,上櫃,1813,寶利徠,11.50,0.00,11.40,11.55,11.30,34000,391250,11,TPEX_CSV,2026-08-07 14:15:31 +0800
1150807,2026-08-07,上櫃,1815,富喬,85.90,-0.90,85.20,90.50,84.00,31055000,2713024900,19315,TPEX_CSV,2026-08-07 14:15:31 +0800
1150807,2026-08-07,上櫃,2035,唐榮,----,---,----,----,----,0,0,0,TPEX_CSV,2026-08-07 14:15:31 +0800
1150807,2026-08-07,上櫃,2061,風青,56.20,-2.00,57.20,59.80,56.00,2161000,124602700,1394,TPEX_CSV,2026-08-07 14:15:31 +0800
1150807,2026-08-07,上櫃,2063,世鎧,24.10,+0.30,24.00,24.10,23.90,16000,384100,14,TPEX_CSV,2026-08-07 14:15:31 +0800
1150807,2026-08-07,上櫃,2064,晉椿,11.85,+0.25,11.75,11.85,11.75,4000,47200,2,TPEX_CSV,2026-08-07 14:15:31 +0800
1150807,2026-08-07,上櫃,2065,世豐,33.05,+0.75,32.50,33.25,32.30,70000,2308400,40,TPEX_CSV,2026-08-07 14:15:31 +0800
1150807,2026-08-07,上櫃,2066,世德,63.40,+1.90,62.80,64.70,62.80,238000,14998300,55,TPEX_CSV,2026-08-07 14:15:31 +0800
1150807,2026-08-07,上櫃,2067,嘉鋼,6.41,0.00,6.41,6.41,6.41,1000,6410,1,TPEX_CSV,2026-08-07 14:15:31 +0800
1150807,2026-08-07,上櫃,2070,精湛,59.30,+1.00,64.10,64.10,59.00,1343000,83243900,770,TPEX_CSV,2026-08-07 14:15:31 +0800
1150807,2026-08-07,上櫃,2073,雄順,26.80,0.00,26.80,26.80,26.80,1000,26800,1,TPEX_CSV,2026-08-07 14:15:31 +0800
1150807,2026-08-07,上櫃,2221,大甲,46.95,+0.65,46.80,47.40,45.35,154000,7145000,117,TPEX_CSV,2026-08-07 14:15:31 +0800
1150807,2026-08-07,上櫃,2230,泰茂,26.50,+0.15,27.00,27.00,25.65,184000,4823400,131,TPEX_CSV,2026-08-07 14:15:31 +0800
1150807,2026-08-07,上櫃,2235,謚源,27.70,-0.05,27.70,27.70,27.70,1000,27700,1,TPEX_CSV,2026-08-07 14:15:31 +0800
1150807,2026-08-07,上櫃,2596,綠意,32.15,+1.10,31.25,32.15,31.25,167000,5306650,72,TPEX_CSV,2026-08-07 14:15:31 +0800
1150807,2026-08-07,上櫃,2640,大車隊,144.50,-1.50,146.00,146.00,144.50,7000,1016000,7,TPEX_CSV,2026-08-07 14:15:31 +0800
1150807,2026-08-07,上櫃,2641,正德,17.30,+0.15,17.15,17.40,17.10,923000,15941700,375,TPEX_CSV,2026-08-07 14:15:31 +0800
1150807,2026-08-07,上櫃,2643,捷迅,63.80,+0.30,63.70,63.90,63.20,36000,2287100,30,TPEX_CSV,2026-08-07 14:15:31 +0800
1150807,2026-08-07,上櫃,2718,全心投控,44.75,+0.15,45.00,45.20,44.50,8000,359100,8,TPEX_CSV,2026-08-07 14:15:31 +0800
1150807,2026-08-07,上櫃,2719,燦星旅,21.65,0.00,21.65,21.65,21.65,4000,86600,4,TPEX_CSV,2026-08-07 14:15:31 +0800
1150807,2026-08-07,上櫃,2724,藝舍-KY,10.90,-0.10,10.65,10.90,10.65,3000,32450,2,TPEX_CSV,2026-08-07 14:15:31 +0800
1150807,2026-08-07,上櫃,2726,雅茗-KY,8.68,+0.04,8.63,8.75,8.61,26000,225620,23,TPEX_CSV,2026-08-07 14:15:31 +0800
1150807,2026-08-07,上櫃,2729,瓦城,160.00,+0.50,159.00,160.00,159.00,7000,1116500,7,TPEX_CSV,2026-08-07 14:15:31 +0800
1150807,2026-08-07,上櫃,2732,六角,64.00,0.00,63.20,64.20,63.20,14000,894300,13,TPEX_CSV,2026-08-07 14:15:31 +0800
1150807,2026-08-07,上櫃,2734,易飛網,14.90,+0.05,14.80,14.90,14.70,60000,886750,28,TPEX_CSV,2026-08-07 14:15:31 +0800
1150807,2026-08-07,上櫃,2736,富野,11.50,+0.05,11.60,11.65,11.40,18000,206450,13,TPEX_CSV,2026-08-07 14:15:31 +0800
1150807,2026-08-07,上櫃,2740,華軒,30.90,+0.50,30.90,30.90,30.90,1000,30900,1,TPEX_CSV,2026-08-07 14:15:31 +0800
1150807,2026-08-07,上櫃,2743,山富,57.70,+0.90,56.90,57.70,56.90,65000,3737800,52,TPEX_CSV,2026-08-07 14:15:31 +0800
1150807,2026-08-07,上櫃,2745,五福,88.50,+0.10,89.50,89.50,88.10,58000,5131800,53,TPEX_CSV,2026-08-07 14:15:31 +0800
1150807,2026-08-07,上櫃,2751,王座,51.50,-0.40,51.90,51.90,51.50,5000,258300,5,TPEX_CSV,2026-08-07 14:15:31 +0800
1150807,2026-08-07,上櫃,2752,豆府,175.00,+0.50,175.00,175.00,175.00,4000,700000,4,TPEX_CSV,2026-08-07 14:15:31 +0800
1150807,2026-08-07,上櫃,2754,亞洲藏壽司,71.10,+0.70,70.50,72.50,70.40,86000,6148800,52,TPEX_CSV,2026-08-07 14:15:31 +0800
1150807,2026-08-07,上櫃,2755,揚秦,102.50,-1.00,104.00,105.00,101.00,70000,7192500,50,TPEX_CSV,2026-08-07 14:15:31 +0800
1150807,2026-08-07,上櫃,2756,聯發國際,57.00,0.00,55.60,57.80,55.60,19000,1075800,19,TPEX_CSV,2026-08-07 14:15:31 +0800
1150807,2026-08-07,上櫃,2916,滿心,41.20,0.00,41.20,41.40,41.10,21000,864600,18,TPEX_CSV,2026-08-07 14:15:31 +0800
1150807,2026-08-07,上櫃,2924,宏太-KY,16.95,-0.05,17.45,17.45,15.55,13000,207900,9,TPEX_CSV,2026-08-07 14:15:31 +0800
1150807,2026-08-07,上櫃,2926,誠品生活,30.40,-0.10,30.50,30.70,30.40,5000,152700,5,TPEX_CSV,2026-08-07 14:15:31 +0800
1150807,2026-08-07,上櫃,2937,集雅社,44.90,+0.20,44.90,44.90,44.15,14000,624450,10,TPEX_CSV,2026-08-07 14:15:31 +0800
1150807,2026-08-07,上櫃,2941,米斯特,----,---,----,----,----,0,0,0,TPEX_CSV,2026-08-07 14:15:31 +0800
1150807,2026-08-07,上櫃,2947,振宇五金,62.20,-0.10,62.30,62.50,62.10,33000,2061000,10,TPEX_CSV,2026-08-07 14:15:31 +0800
1150807,2026-08-07,上櫃,2948,寶陞,38.65,+0.65,38.55,39.80,38.50,21000,818000,21,TPEX_CSV,2026-08-07 14:15:31 +0800
1150807,2026-08-07,上櫃,2949,欣新網,60.50,+0.60,60.00,60.50,60.00,2000,120500,2,TPEX_CSV,2026-08-07 14:15:31 +0800
1150807,2026-08-07,上櫃,3064,泰偉,----,---,----,----,----,0,0,0,TPEX_CSV,2026-08-07 14:15:31 +0800
1150807,2026-08-07,上櫃,3066,李洲,23.95,+1.75,22.65,24.40,22.55,1530000,36195500,1022,TPEX_CSV,2026-08-07 14:15:31 +0800
1150807,2026-08-07,上櫃,3067,全域,----,---,----,----,----,0,0,0,TPEX_CSV,2026-08-07 14:15:31 +0800
1150807,2026-08-07,上櫃,3071,協禧,26.00,-0.05,26.00,26.25,25.85,106000,2759400,80,TPEX_CSV,2026-08-07 14:15:31 +0800
1150807,2026-08-07,上櫃,3073,天方能源,22.10,-0.10,22.25,22.50,22.05,87000,1938750,25,TPEX_CSV,2026-08-07 14:15:31 +0800
1150807,2026-08-07,上櫃,3078,僑威,54.10,+0.70,53.50,54.30,53.40,719000,38747000,458,TPEX_CSV,2026-08-07 14:15:31 +0800
1150807,2026-08-07,上櫃,3081,聯亞,2305.00,-70.00,2420.00,2555.00,2275.00,5700000,13754885000,4855,TPEX_CSV,2026-08-07 14:15:31 +0800
1150807,2026-08-07,上櫃,3083,網龍,25.45,+0.15,25.25,25.50,25.10,59000,1492000,33,TPEX_CSV,2026-08-07 14:15:31 +0800
1150807,2026-08-07,上櫃,3085,新零售,11.75,0.00,11.70,11.75,11.70,5000,58700,4,TPEX_CSV,2026-08-07 14:15:31 +0800
1150807,2026-08-07,上櫃,3086,華義*,27.15,-0.45,27.55,27.70,27.10,122000,3341950,70,TPEX_CSV,2026-08-07 14:15:31 +0800
1150807,2026-08-07,上櫃,3088,艾訊,136.50,+2.50,134.00,139.50,132.00,1850000,251419500,1409,TPEX_CSV,2026-08-07 14:15:31 +0800
1150807,2026-08-07,上櫃,3093,港建*,47.40,-1.05,49.15,49.15,47.05,392000,18797400,281,TPEX_CSV,2026-08-07 14:15:31 +0800
1150807,2026-08-07,上櫃,3095,及成,39.40,+0.10,39.40,39.40,39.40,1000,39400,1,TPEX_CSV,2026-08-07 14:15:31 +0800
1150807,2026-08-07,上櫃,3105,穩懋,366.00,-16.00,384.50,394.50,359.50,23497000,8841148500,17625,TPEX_CSV,2026-08-07 14:15:31 +0800
1150807,2026-08-07,上櫃,3114,好德,38.80,+1.90,37.40,39.85,36.90,5360000,204557600,3412,TPEX_CSV,2026-08-07 14:15:31 +0800
1150807,2026-08-07,上櫃,3115,富榮綱,9.29,+0.28,9.32,9.32,9.29,3000,27900,3,TPEX_CSV,2026-08-07 14:15:31 +0800
1150807,2026-08-07,上櫃,3118,進階,32.60,+0.95,31.65,32.65,31.50,8000,256050,7,TPEX_CSV,2026-08-07 14:15:31 +0800
1150807,2026-08-07,上櫃,3122,笙泉,25.00,-0.50,25.05,26.70,25.00,91000,2344050,60,TPEX_CSV,2026-08-07 14:15:31 +0800
1150807,2026-08-07,上櫃,3128,昇銳,21.60,-0.25,22.45,22.45,21.40,158000,3418900,78,TPEX_CSV,2026-08-07 14:15:31 +0800
1150807,2026-08-07,上櫃,3131,弘塑,2385.00,0.00,2385.00,2455.00,2380.00,873000,2115395000,727,TPEX_CSV,2026-08-07 14:15:31 +0800
1150807,2026-08-07,上櫃,3141,晶宏,79.00,+0.60,78.80,83.50,78.70,2958000,239306800,1957,TPEX_CSV,2026-08-07 14:15:31 +0800
1150807,2026-08-07,上櫃,3147,大綜,223.00,-21.50,231.50,232.50,221.50,1874000,424037000,1552,TPEX_CSV,2026-08-07 14:15:31 +0800
1150807,2026-08-07,上櫃,3152,璟德,218.00,-4.50,221.00,223.50,218.00,124000,27227000,117,TPEX_CSV,2026-08-07 14:15:31 +0800
1150807,2026-08-07,上櫃,3158,嘉實,----,---,----,----,----,0,0,0,TPEX_CSV,2026-08-07 14:15:31 +0800
1150807,2026-08-07,上櫃,3162,精確,62.20,-1.10,66.40,66.90,62.00,1094000,69979500,817,TPEX_CSV,2026-08-07 14:15:31 +0800
1150807,2026-08-07,上櫃,3163,波若威,671.00,-39.00,702.00,745.00,668.00,6252000,4406020000,5257,TPEX_CSV,2026-08-07 14:15:31 +0800
1150807,2026-08-07,上櫃,3169,亞信,102.50,-2.00,104.00,106.50,102.50,100000,10424000,72,TPEX_CSV,2026-08-07 14:15:31 +0800
1150807,2026-08-07,上櫃,3171,炎洲流通,66.20,+0.20,66.00,66.30,66.00,8000,528900,7,TPEX_CSV,2026-08-07 14:15:31 +0800
1150807,2026-08-07,上櫃,3176,基亞,33.70,+1.25,32.50,33.75,32.20,309000,10212850,217,TPEX_CSV,2026-08-07 14:15:31 +0800
1150807,2026-08-07,上櫃,3178,公準,57.30,-1.60,58.90,59.10,57.20,37000,2142700,37,TPEX_CSV,2026-08-07 14:15:31 +0800
1150807,2026-08-07,上櫃,3188,鑫龍騰,23.15,0.00,23.20,23.35,23.10,163000,3775950,105,TPEX_CSV,2026-08-07 14:15:31 +0800
1150807,2026-08-07,上櫃,3191,雲嘉南,18.75,+0.15,18.90,18.90,18.60,26000,487300,17,TPEX_CSV,2026-08-07 14:15:31 +0800
1150807,2026-08-07,上櫃,3205,佰研,49.25,+0.75,50.00,50.00,48.55,19000,933150,17,TPEX_CSV,2026-08-07 14:15:31 +0800
1150807,2026-08-07,上櫃,3206,志豐,33.35,-0.15,33.80,33.80,33.35,22000,737100,17,TPEX_CSV,2026-08-07 14:15:31 +0800
1150807,2026-08-07,上櫃,3207,耀勝,41.40,-0.20,41.60,42.35,41.20,183000,7636200,125,TPEX_CSV,2026-08-07 14:15:31 +0800
1150807,2026-08-07,上櫃,3211,順達,338.50,-18.00,358.00,358.50,337.00,10889000,3791123500,7501,TPEX_CSV,2026-08-07 14:15:31 +0800
1150807,2026-08-07,上櫃,3213,茂訊,136.50,-2.00,138.50,140.50,133.00,998000,136112000,691,TPEX_CSV,2026-08-07 14:15:31 +0800
1150807,2026-08-07,上櫃,3217,優群,142.00,-1.00,144.00,145.00,142.00,620000,88751500,458,TPEX_CSV,2026-08-07 14:15:31 +0800
1150807,2026-08-07,上櫃,3218,大學光,142.50,+2.50,140.00,145.50,140.00,481000,68879000,365,TPEX_CSV,2026-08-07 14:15:31 +0800
1150807,2026-08-07,上櫃,3219,倚強科,69.40,-2.10,76.60,78.60,69.40,1239000,91725500,953,TPEX_CSV,2026-08-07 14:15:31 +0800
1150807,2026-08-07,上櫃,3221,台嘉碩,46.15,-1.15,48.00,49.10,46.15,3323000,159266900,2236,TPEX_CSV,2026-08-07 14:15:31 +0800
1150807,2026-08-07,上櫃,3224,三顧,35.00,-0.65,35.30,35.60,34.80,23000,807900,20,TPEX_CSV,2026-08-07 14:15:31 +0800
1150807,2026-08-07,上櫃,3226,龍鋒,51.60,+0.10,51.30,51.60,51.30,21000,1082400,12,TPEX_CSV,2026-08-07 14:15:31 +0800
1150807,2026-08-07,上櫃,3227,原相,205.50,+1.50,205.50,211.00,204.50,1908000,398197500,1196,TPEX_CSV,2026-08-07 14:15:31 +0800
1150807,2026-08-07,上櫃,3228,金麗科,141.50,-5.00,145.00,146.50,138.00,253000,35886500,200,TPEX_CSV,2026-08-07 14:15:31 +0800
1150807,2026-08-07,上櫃,3230,錦明,40.25,-1.10,41.00,41.30,40.10,510000,20720400,377,TPEX_CSV,2026-08-07 14:15:31 +0800
1150807,2026-08-07,上櫃,3232,昱捷,19.55,-0.05,19.60,19.60,19.40,8000,156050,7,TPEX_CSV,2026-08-07 14:15:31 +0800
1150807,2026-08-07,上櫃,3234,光環,107.50,-3.00,111.00,112.50,103.00,946000,102902000,755,TPEX_CSV,2026-08-07 14:15:31 +0800
1150807,2026-08-07,上櫃,3236,千如,40.90,-2.35,43.90,43.95,40.75,2105000,88223750,1454,TPEX_CSV,2026-08-07 14:15:31 +0800
1150807,2026-08-07,上櫃,3252,海灣,15.85,+0.05,15.85,15.90,15.85,10000,158550,5,TPEX_CSV,2026-08-07 14:15:31 +0800
1150807,2026-08-07,上櫃,3259,鑫創,14.80,-0.10,14.15,14.90,14.00,48000,691650,43,TPEX_CSV,2026-08-07 14:15:31 +0800
1150807,2026-08-07,上櫃,3260,威剛,416.00,-5.00,427.00,437.00,413.50,19734000,8362730500,14264,TPEX_CSV,2026-08-07 14:15:31 +0800
1150807,2026-08-07,上櫃,3264,欣銓,207.50,-4.00,211.50,219.00,206.00,9841000,2077516500,6467,TPEX_CSV,2026-08-07 14:15:31 +0800
1150807,2026-08-07,上櫃,3265,台星科,153.50,-4.00,157.50,159.50,153.50,623000,97148000,486,TPEX_CSV,2026-08-07 14:15:31 +0800
1150807,2026-08-07,上櫃,3268,海德威,20.45,-0.35,20.40,20.65,20.40,26000,534450,21,TPEX_CSV,2026-08-07 14:15:31 +0800
1150807,2026-08-07,上櫃,3272,東碩,13.85,-0.30,13.80,13.95,13.80,37000,514050,23,TPEX_CSV,2026-08-07 14:15:31 +0800
1150807,2026-08-07,上櫃,3276,宇環,14.45,-0.45,14.85,15.00,14.45,195000,2841700,118,TPEX_CSV,2026-08-07 14:15:31 +0800
1150807,2026-08-07,上櫃,3284,太普高,21.20,-0.60,21.80,22.10,21.20,323000,6973100,161,TPEX_CSV,2026-08-07 14:15:31 +0800
1150807,2026-08-07,上櫃,3285,微端,39.40,+0.50,38.50,39.40,38.15,19000,738050,16,TPEX_CSV,2026-08-07 14:15:31 +0800
1150807,2026-08-07,上櫃,3287,廣寰科,29.60,-0.10,29.30,29.80,29.30,32000,946000,29,TPEX_CSV,2026-08-07 14:15:31 +0800
1150807,2026-08-07,上櫃,3288,點晶,22.60,-0.25,22.65,23.15,22.55,48000,1092100,45,TPEX_CSV,2026-08-07 14:15:31 +0800
1150807,2026-08-07,上櫃,3289,宜特,138.50,-8.50,142.50,143.50,137.00,1227000,172254500,923,TPEX_CSV,2026-08-07 14:15:31 +0800
1150807,2026-08-07,上櫃,3290,東浦,53.50,-0.10,55.00,55.00,53.20,455000,24502900,329,TPEX_CSV,2026-08-07 14:15:31 +0800
1150807,2026-08-07,上櫃,3293,鈊象,799.00,+15.00,784.00,805.00,784.00,2521000,2009769000,1968,TPEX_CSV,2026-08-07 14:15:31 +0800
1150807,2026-08-07,上櫃,3294,英濟,30.20,-0.15,30.35,30.95,30.20,210000,6396150,138,TPEX_CSV,2026-08-07 14:15:31 +0800
1150807,2026-08-07,上櫃,3297,杭特,27.50,+1.05,27.00,29.05,27.00,283000,7996100,217,TPEX_CSV,2026-08-07 14:15:31 +0800
1150807,2026-08-07,上櫃,3303,岱稜,54.80,+0.70,54.30,54.90,53.70,552000,29899400,355,TPEX_CSV,2026-08-07 14:15:31 +0800
1150807,2026-08-07,上櫃,3306,鼎天,43.65,+0.25,43.35,44.50,43.35,123000,5402600,94,TPEX_CSV,2026-08-07 14:15:31 +0800
1150807,2026-08-07,上櫃,3310,佳穎,68.00,0.00,68.50,68.50,67.70,9000,615200,8,TPEX_CSV,2026-08-07 14:15:31 +0800
1150807,2026-08-07,上櫃,3313,斐成,10.30,0.00,10.30,10.40,10.25,55000,566700,31,TPEX_CSV,2026-08-07 14:15:31 +0800
1150807,2026-08-07,上櫃,3317,尼克森,67.30,-2.50,69.80,70.20,67.20,584000,39881800,393,TPEX_CSV,2026-08-07 14:15:31 +0800
1150807,2026-08-07,上櫃,3322,建舜電,11.25,-0.15,11.40,11.45,11.25,385000,4356350,174,TPEX_CSV,2026-08-07 14:15:31 +0800
1150807,2026-08-07,上櫃,3323,加百裕,30.70,+0.55,30.05,31.00,30.00,646000,19820450,432,TPEX_CSV,2026-08-07 14:15:31 +0800
1150807,2026-08-07,上櫃,3324,雙鴻,1015.00,-45.00,1060.00,1075.00,1000.00,4450000,4619035000,3405,TPEX_CSV,2026-08-07 14:15:31 +0800
1150807,2026-08-07,上櫃,3325,旭品,12.00,+0.05,11.85,12.00,11.85,38000,451950,16,TPEX_CSV,2026-08-07 14:15:31 +0800
1150807,2026-08-07,上櫃,3332,幸康,61.90,0.00,61.90,61.90,61.90,1000,61900,1,TPEX_CSV,2026-08-07 14:15:31 +0800
1150807,2026-08-07,上櫃,3339,泰谷,37.80,-2.80,40.05,41.55,37.45,2617000,102396150,1569,TPEX_CSV,2026-08-07 14:15:31 +0800
1150807,2026-08-07,上櫃,3349,寶德,23.00,+0.55,22.10,23.00,21.70,54000,1199550,41,TPEX_CSV,2026-08-07 14:15:31 +0800
1150807,2026-08-07,上櫃,3354,律勝,20.40,-0.55,20.45,20.55,20.30,61000,1244500,45,TPEX_CSV,2026-08-07 14:15:31 +0800
1150807,2026-08-07,上櫃,3357,臺慶科,207.00,-3.00,219.00,219.50,205.00,1755000,371434500,1348,TPEX_CSV,2026-08-07 14:15:31 +0800
1150807,2026-08-07,上櫃,3360,尚立,16.05,-0.05,16.25,16.60,15.95,478000,7719000,248,TPEX_CSV,2026-08-07 14:15:31 +0800
1150807,2026-08-07,上櫃,3362,先進光,173.50,-2.50,180.00,181.00,173.00,1056000,187903500,899,TPEX_CSV,2026-08-07 14:15:31 +0800
1150807,2026-08-07,上櫃,3363,上詮,582.00,-22.00,604.00,622.00,571.00,2722000,1626406000,2301,TPEX_CSV,2026-08-07 14:15:31 +0800
1150807,2026-08-07,上櫃,3372,典範,15.60,-0.20,16.25,16.25,15.60,462000,7286450,234,TPEX_CSV,2026-08-07 14:15:31 +0800
1150807,2026-08-07,上櫃,3373,熱映,16.65,-0.05,16.95,17.00,16.50,113000,1895750,60,TPEX_CSV,2026-08-07 14:15:31 +0800
1150807,2026-08-07,上櫃,3374,精材,306.50,-9.50,310.00,330.00,301.00,11964000,3745265500,8899,TPEX_CSV,2026-08-07 14:15:31 +0800
1150807,2026-08-07,上櫃,3379,彬台,29.95,+2.70,27.50,29.95,27.30,641000,18842500,404,TPEX_CSV,2026-08-07 14:15:31 +0800
1150807,2026-08-07,上櫃,3388,崇越電,72.60,-0.80,73.20,73.50,72.10,270000,19690200,166,TPEX_CSV,2026-08-07 14:15:31 +0800
1150807,2026-08-07,上櫃,3390,旭軟,22.70,-1.00,23.00,23.25,22.55,428000,9772200,247,TPEX_CSV,2026-08-07 14:15:31 +0800
1150807,2026-08-07,上櫃,3402,漢科,126.00,-3.50,129.50,130.00,125.00,415000,52747500,315,TPEX_CSV,2026-08-07 14:15:31 +0800
1150807,2026-08-07,上櫃,3430,奇鈦科,109.50,-6.50,118.00,118.00,109.50,537000,60977000,449,TPEX_CSV,2026-08-07 14:15:31 +0800
1150807,2026-08-07,上櫃,3434,哲固,30.80,-0.20,31.00,31.05,30.40,99000,3040200,74,TPEX_CSV,2026-08-07 14:15:31 +0800
1150807,2026-08-07,上櫃,3438,類比科,59.40,-1.90,62.20,62.20,59.30,164000,9899200,119,TPEX_CSV,2026-08-07 14:15:31 +0800
1150807,2026-08-07,上櫃,3441,聯一光,84.40,-4.00,87.00,94.30,84.40,17339000,1541122000,11609,TPEX_CSV,2026-08-07 14:15:31 +0800
1150807,2026-08-07,上櫃,3444,利機,75.30,+6.60,69.80,75.50,68.50,555000,41049700,418,TPEX_CSV,2026-08-07 14:15:31 +0800
1150807,2026-08-07,上櫃,3455,由田,190.00,+0.50,189.50,195.00,186.00,723000,136927500,531,TPEX_CSV,2026-08-07 14:15:31 +0800
1150807,2026-08-07,上櫃,3465,進泰電子,29.95,+0.15,29.85,30.05,29.75,35000,1046650,31,TPEX_CSV,2026-08-07 14:15:31 +0800
1150807,2026-08-07,上櫃,3466,德晉,24.50,+0.15,24.50,24.60,24.10,73000,1781300,57,TPEX_CSV,2026-08-07 14:15:31 +0800
1150807,2026-08-07,上櫃,3467,台灣精材,44.50,-2.45,46.80,46.80,44.40,167000,7541300,127,TPEX_CSV,2026-08-07 14:15:31 +0800
1150807,2026-08-07,上櫃,3479,安勤,138.50,-2.50,140.00,144.00,138.00,1174000,165035500,906,TPEX_CSV,2026-08-07 14:15:31 +0800
1150807,2026-08-07,上櫃,3483,力致,74.40,-2.10,76.50,76.90,74.20,365000,27427300,302,TPEX_CSV,2026-08-07 14:15:31 +0800
1150807,2026-08-07,上櫃,3484,崧騰,51.70,-0.40,51.60,52.00,51.40,240000,12422900,176,TPEX_CSV,2026-08-07 14:15:31 +0800
1150807,2026-08-07,上櫃,3485,敘豐,210.50,-4.00,220.00,221.50,210.50,117000,25210000,111,TPEX_CSV,2026-08-07 14:15:31 +0800
1150807,2026-08-07,上櫃,3489,森寶,26.00,+0.10,25.90,26.05,25.90,475000,12330150,169,TPEX_CSV,2026-08-07 14:15:31 +0800
1150807,2026-08-07,上櫃,3490,單井,30.40,+0.70,29.70,30.75,29.60,5058000,152841350,1222,TPEX_CSV,2026-08-07 14:15:31 +0800
1150807,2026-08-07,上櫃,3491,昇達科,1235.00,-115.00,1350.00,1395.00,1230.00,2511000,3297910000,2063,TPEX_CSV,2026-08-07 14:15:31 +0800
1150807,2026-08-07,上櫃,3492,長盛,22.30,0.00,22.10,22.30,22.05,25000,554350,14,TPEX_CSV,2026-08-07 14:15:31 +0800
1150807,2026-08-07,上櫃,3498,陽程,116.50,+5.50,111.50,121.00,110.50,1910000,221353500,1450,TPEX_CSV,2026-08-07 14:15:31 +0800
1150807,2026-08-07,上櫃,3499,環天科,13.00,0.00,12.90,13.00,12.80,9000,115700,9,TPEX_CSV,2026-08-07 14:15:31 +0800
1150807,2026-08-07,上櫃,3508,位速,17.10,-0.15,17.55,17.55,17.00,41000,701750,26,TPEX_CSV,2026-08-07 14:15:31 +0800
1150807,2026-08-07,上櫃,3511,矽瑪,20.15,+0.25,20.20,20.30,19.95,183000,3681900,131,TPEX_CSV,2026-08-07 14:15:31 +0800
1150807,2026-08-07,上櫃,3512,皇龍,19.70,-0.05,19.75,19.75,19.50,12000,236000,9,TPEX_CSV,2026-08-07 14:15:31 +0800
1150807,2026-08-07,上櫃,3516,亞帝歐,26.50,+0.10,26.15,26.75,26.05,51000,1346700,22,TPEX_CSV,2026-08-07 14:15:31 +0800
1150807,2026-08-07,上櫃,3520,華盈,18.35,-0.10,18.45,18.80,18.25,275000,5079450,169,TPEX_CSV,2026-08-07 14:15:31 +0800
1150807,2026-08-07,上櫃,3521,台鋼建設,12.25,+0.10,12.20,12.25,12.10,16000,194600,11,TPEX_CSV,2026-08-07 14:15:31 +0800
1150807,2026-08-07,上櫃,3522,御嵿,11.80,-0.30,12.10,12.10,11.80,44000,525550,29,TPEX_CSV,2026-08-07 14:15:31 +0800
1150807,2026-08-07,上櫃,3523,迎輝,15.30,-0.35,15.05,15.50,15.05,5000,76400,5,TPEX_CSV,2026-08-07 14:15:31 +0800
1150807,2026-08-07,上櫃,3526,凡甲,282.50,-13.50,295.00,296.00,282.00,1109000,318238000,902,TPEX_CSV,2026-08-07 14:15:31 +0800
1150807,2026-08-07,上櫃,3527,聚積,50.80,-0.80,51.90,52.30,50.80,87000,4488200,76,TPEX_CSV,2026-08-07 14:15:31 +0800
1150807,2026-08-07,上櫃,3529,力旺,2725.00,+65.00,2700.00,2770.00,2640.00,784000,2135905000,758,TPEX_CSV,2026-08-07 14:15:31 +0800
1150807,2026-08-07,上櫃,3531,先益,21.60,-0.30,22.45,22.45,21.60,3000,66050,3,TPEX_CSV,2026-08-07 14:15:31 +0800
1150807,2026-08-07,上櫃,3537,堡達,51.40,-1.40,53.10,53.50,51.10,484000,25323800,395,TPEX_CSV,2026-08-07 14:15:31 +0800
1150807,2026-08-07,上櫃,3540,曜越,20.70,+0.30,20.90,20.90,20.40,129000,2661700,95,TPEX_CSV,2026-08-07 14:15:31 +0800
1150807,2026-08-07,上櫃,3541,西柏,20.80,+0.10,20.70,20.80,20.70,18000,373650,14,TPEX_CSV,2026-08-07 14:15:31 +0800
1150807,2026-08-07,上櫃,3546,宇峻,74.60,-0.70,75.90,76.60,74.40,140000,10562900,102,TPEX_CSV,2026-08-07 14:15:31 +0800
1150807,2026-08-07,上櫃,3548,兆利,76.10,-1.40,77.50,78.50,76.10,103000,7924600,83,TPEX_CSV,2026-08-07 14:15:31 +0800
1150807,2026-08-07,上櫃,3551,世禾,174.00,-4.00,181.50,182.00,172.50,486000,85656000,390,TPEX_CSV,2026-08-07 14:15:31 +0800
1150807,2026-08-07,上櫃,3552,同致,44.20,-0.80,45.05,45.05,44.15,141000,6261800,115,TPEX_CSV,2026-08-07 14:15:31 +0800
1150807,2026-08-07,上櫃,3555,博士旺,156.50,-1.00,158.00,162.50,156.00,37000,5867500,34,TPEX_CSV,2026-08-07 14:15:31 +0800
1150807,2026-08-07,上櫃,3556,禾瑞亞,63.80,+0.40,63.80,65.50,63.20,527000,33950200,356,TPEX_CSV,2026-08-07 14:15:31 +0800
1150807,2026-08-07,上櫃,3558,神準,128.00,-1.00,129.00,130.00,128.00,71000,9151500,61,TPEX_CSV,2026-08-07 14:15:31 +0800
1150807,2026-08-07,上櫃,3564,其陽,46.30,+0.25,46.45,46.85,45.50,119000,5511150,90,TPEX_CSV,2026-08-07 14:15:31 +0800
1150807,2026-08-07,上櫃,3567,逸昌,26.35,+0.15,26.20,26.55,26.20,36000,950400,21,TPEX_CSV,2026-08-07 14:15:31 +0800
1150807,2026-08-07,上櫃,3570,大塚,165.00,+1.00,165.50,166.00,164.50,19000,3136000,19,TPEX_CSV,2026-08-07 14:15:31 +0800
1150807,2026-08-07,上櫃,3577,泓格,142.00,+4.00,137.00,144.50,137.00,1440000,203118500,1210,TPEX_CSV,2026-08-07 14:15:31 +0800
1150807,2026-08-07,上櫃,3580,友威科,77.00,-1.60,79.50,79.50,77.00,190000,14778900,150,TPEX_CSV,2026-08-07 14:15:31 +0800
1150807,2026-08-07,上櫃,3581,博磊,110.50,-12.00,123.50,124.00,110.50,1176000,135041500,973,TPEX_CSV,2026-08-07 14:15:31 +0800
1150807,2026-08-07,上櫃,3587,閎康,255.50,-11.50,269.00,269.00,253.00,769000,199507500,629,TPEX_CSV,2026-08-07 14:15:31 +0800
1150807,2026-08-07,上櫃,3594,磐儀,60.00,+2.10,58.70,61.90,58.00,7355000,442039800,4823,TPEX_CSV,2026-08-07 14:15:31 +0800
1150807,2026-08-07,上櫃,3597,映興,26.95,+0.70,26.90,27.30,26.50,41000,1099400,39,TPEX_CSV,2026-08-07 14:15:31 +0800
1150807,2026-08-07,上櫃,3609,三一東林,25.10,-0.30,25.00,25.60,24.35,93000,2302000,74,TPEX_CSV,2026-08-07 14:15:31 +0800
1150807,2026-08-07,上櫃,3611,鼎翰,187.00,+0.50,186.50,187.00,186.50,18000,3363000,18,TPEX_CSV,2026-08-07 14:15:31 +0800
1150807,2026-08-07,上櫃,3615,安可,34.50,-1.25,35.75,36.00,34.50,335000,11764150,245,TPEX_CSV,2026-08-07 14:15:31 +0800
1150807,2026-08-07,上櫃,3623,富晶通,21.00,+0.90,20.70,22.10,20.70,371000,8060900,274,TPEX_CSV,2026-08-07 14:15:31 +0800
1150807,2026-08-07,上櫃,3624,光頡,74.80,-0.80,76.00,76.00,73.20,726000,54289700,428,TPEX_CSV,2026-08-07 14:15:31 +0800
1150807,2026-08-07,上櫃,3625,西勝,16.35,-0.50,16.90,17.20,16.30,313000,5194100,139,TPEX_CSV,2026-08-07 14:15:31 +0800
1150807,2026-08-07,上櫃,3628,盈正,64.40,0.00,64.40,64.40,63.50,25000,1597100,22,TPEX_CSV,2026-08-07 14:15:31 +0800
1150807,2026-08-07,上櫃,3629,地心引力,13.50,-1.25,13.50,13.50,13.50,8000,108000,5,TPEX_CSV,2026-08-07 14:15:31 +0800
1150807,2026-08-07,上櫃,3630,新鉅科,25.90,-0.05,26.10,26.80,25.90,657000,17298050,434,TPEX_CSV,2026-08-07 14:15:31 +0800
1150807,2026-08-07,上櫃,3631,晟楠,31.20,-0.20,32.10,32.10,31.00,21000,656800,18,TPEX_CSV,2026-08-07 14:15:31 +0800
1150807,2026-08-07,上櫃,3632,研勤,8.00,+0.08,8.00,8.00,8.00,5000,40000,5,TPEX_CSV,2026-08-07 14:15:31 +0800
1150807,2026-08-07,上櫃,3646,艾恩特,23.25,+0.05,23.40,23.45,23.25,3000,70100,3,TPEX_CSV,2026-08-07 14:15:31 +0800
1150807,2026-08-07,上櫃,3663,鑫科,62.10,-1.30,64.30,64.30,62.10,340000,21286700,262,TPEX_CSV,2026-08-07 14:15:31 +0800
1150807,2026-08-07,上櫃,3664,安瑞-KY,7.28,+0.58,6.70,7.28,6.70,2000,13980,2,TPEX_CSV,2026-08-07 14:15:31 +0800
1150807,2026-08-07,上櫃,3666,光耀,25.10,0.00,25.10,25.10,24.85,21000,524850,21,TPEX_CSV,2026-08-07 14:15:31 +0800
1150807,2026-08-07,上櫃,3672,康聯訊,12.50,-0.40,12.50,12.50,12.50,2000,25000,2,TPEX_CSV,2026-08-07 14:15:31 +0800
1150807,2026-08-07,上櫃,3675,德微,265.50,-1.50,285.50,285.50,265.00,773000,210627000,655,TPEX_CSV,2026-08-07 14:15:31 +0800
1150807,2026-08-07,上櫃,3680,家登,438.50,-14.50,455.00,462.00,434.00,866000,385031500,727,TPEX_CSV,2026-08-07 14:15:31 +0800
1150807,2026-08-07,上櫃,3684,榮昌,52.50,+1.50,51.00,53.90,51.00,200000,10613600,84,TPEX_CSV,2026-08-07 14:15:31 +0800
1150807,2026-08-07,上櫃,3685,元創精密,39.65,+1.55,38.35,40.70,38.20,1804000,71197750,1007,TPEX_CSV,2026-08-07 14:15:31 +0800
1150807,2026-08-07,上櫃,3687,歐買尬,65.70,-0.60,66.30,67.00,65.70,38000,2515000,35,TPEX_CSV,2026-08-07 14:15:31 +0800
1150807,2026-08-07,上櫃,3689,湧德,107.50,-3.00,111.50,112.00,107.50,2228000,243703000,1476,TPEX_CSV,2026-08-07 14:15:31 +0800
1150807,2026-08-07,上櫃,3691,碩禾,115.00,+2.50,114.00,117.00,110.50,402000,45997500,323,TPEX_CSV,2026-08-07 14:15:31 +0800
1150807,2026-08-07,上櫃,3693,營邦,527.00,-10.00,549.00,562.00,522.00,2409000,1315065000,2131,TPEX_CSV,2026-08-07 14:15:31 +0800
1150807,2026-08-07,上櫃,3707,漢磊,60.10,-2.00,62.60,62.60,59.70,2446000,148890300,1735,TPEX_CSV,2026-08-07 14:15:31 +0800
1150807,2026-08-07,上櫃,3709,鑫聯大投控,79.40,-0.10,79.80,80.40,78.40,626000,49640200,431,TPEX_CSV,2026-08-07 14:15:31 +0800
1150807,2026-08-07,上櫃,3710,連展投控,5.03,-0.04,5.07,5.14,4.95,198000,999680,42,TPEX_CSV,2026-08-07 14:15:31 +0800
1150807,2026-08-07,上櫃,3713,新晶投控,14.40,0.00,14.10,14.45,14.10,19000,269900,13,TPEX_CSV,2026-08-07 14:15:31 +0800
1150807,2026-08-07,上櫃,4102,永日,19.00,-0.05,18.80,19.00,18.80,7000,132600,7,TPEX_CSV,2026-08-07 14:15:31 +0800
1150807,2026-08-07,上櫃,4105,東洋,76.50,+0.40,76.10,77.30,76.10,534000,41059500,299,TPEX_CSV,2026-08-07 14:15:31 +0800
1150807,2026-08-07,上櫃,4107,邦特,116.50,+3.50,113.50,116.50,113.50,83000,9559000,65,TPEX_CSV,2026-08-07 14:15:31 +0800
1150807,2026-08-07,上櫃,4109,加捷生醫,11.25,+0.05,11.20,11.45,11.20,263000,2977850,106,TPEX_CSV,2026-08-07 14:15:31 +0800
1150807,2026-08-07,上櫃,4111,濟生,29.85,0.00,29.70,29.90,29.60,88000,2622700,47,TPEX_CSV,2026-08-07 14:15:31 +0800
1150807,2026-08-07,上櫃,4113,聯上,14.80,+0.05,15.00,15.00,14.55,63000,928150,43,TPEX_CSV,2026-08-07 14:15:31 +0800
1150807,2026-08-07,上櫃,4114,健喬,29.25,+0.30,28.95,29.30,28.95,809000,23573500,368,TPEX_CSV,2026-08-07 14:15:31 +0800
1150807,2026-08-07,上櫃,4116,明基醫,39.65,-1.15,40.50,40.50,39.65,27000,1078350,23,TPEX_CSV,2026-08-07 14:15:31 +0800
1150807,2026-08-07,上櫃,4120,友華,49.10,0.00,49.00,49.30,48.55,65000,3183350,32,TPEX_CSV,2026-08-07 14:15:31 +0800
1150807,2026-08-07,上櫃,4121,優盛,13.00,0.00,13.00,13.15,13.00,60000,782650,31,TPEX_CSV,2026-08-07 14:15:31 +0800
1150807,2026-08-07,上櫃,4123,晟德,39.10,+0.35,38.75,39.25,38.65,2005000,78253900,1006,TPEX_CSV,2026-08-07 14:15:31 +0800
1150807,2026-08-07,上櫃,4126,太醫,77.00,+0.40,76.60,77.00,76.60,44000,3385800,35,TPEX_CSV,2026-08-07 14:15:31 +0800
1150807,2026-08-07,上櫃,4127,天良,89.30,+3.30,86.20,90.00,83.50,333000,29337600,287,TPEX_CSV,2026-08-07 14:15:31 +0800
1150807,2026-08-07,上櫃,4128,中天,14.70,+0.30,14.50,14.90,14.45,818000,11986700,461,TPEX_CSV,2026-08-07 14:15:31 +0800
1150807,2026-08-07,上櫃,4129,聯合,86.50,+1.70,85.00,87.60,85.00,111000,9611700,80,TPEX_CSV,2026-08-07 14:15:31 +0800
1150807,2026-08-07,上櫃,4131,浩泰,32.50,-1.00,32.30,33.15,32.00,17000,550000,14,TPEX_CSV,2026-08-07 14:15:31 +0800
1150807,2026-08-07,上櫃,4138,曜亞,51.20,+0.20,51.00,51.20,51.00,8000,408200,6,TPEX_CSV,2026-08-07 14:15:31 +0800
1150807,2026-08-07,上櫃,4139,馬光-KY,36.15,-2.85,38.80,39.00,36.05,40000,1474100,35,TPEX_CSV,2026-08-07 14:15:31 +0800
1150807,2026-08-07,上櫃,4147,中裕,56.80,-1.70,57.80,58.50,56.40,720000,41240700,514,TPEX_CSV,2026-08-07 14:15:31 +0800
1150807,2026-08-07,上櫃,4153,鈺緯,33.20,+1.20,35.00,35.00,32.70,44000,1495950,37,TPEX_CSV,2026-08-07 14:15:31 +0800
1150807,2026-08-07,上櫃,4154,樂威科-KY,11.30,-0.05,11.70,11.70,11.10,9000,102550,9,TPEX_CSV,2026-08-07 14:15:31 +0800
1150807,2026-08-07,上櫃,4157,太景*-KY,8.77,+0.29,8.58,8.87,8.56,1012000,8816190,400,TPEX_CSV,2026-08-07 14:15:31 +0800
1150807,2026-08-07,上櫃,4160,訊聯基因,40.15,+0.20,40.30,40.40,40.00,13000,522700,13,TPEX_CSV,2026-08-07 14:15:31 +0800
1150807,2026-08-07,上櫃,4161,聿新科,23.70,+1.25,22.70,23.70,22.15,78000,1808450,54,TPEX_CSV,2026-08-07 14:15:31 +0800
1150807,2026-08-07,上櫃,4162,智擎,63.70,+0.50,62.70,64.40,62.60,344000,21824500,271,TPEX_CSV,2026-08-07 14:15:31 +0800
1150807,2026-08-07,上櫃,4163,鐿鈦,144.00,+9.50,138.00,147.50,138.00,896000,129423500,646,TPEX_CSV,2026-08-07 14:15:31 +0800
1150807,2026-08-07,上櫃,4166,友霖,24.95,0.00,25.20,25.25,24.80,115000,2868600,65,TPEX_CSV,2026-08-07 14:15:31 +0800
1150807,2026-08-07,上櫃,4167,松瑞藥,19.75,+1.05,19.50,20.15,19.15,2832000,55753800,1413,TPEX_CSV,2026-08-07 14:15:31 +0800
1150807,2026-08-07,上櫃,4168,醣聯,23.00,-0.25,23.30,23.50,22.90,81000,1885000,38,TPEX_CSV,2026-08-07 14:15:31 +0800
1150807,2026-08-07,上櫃,4171,瑞基,17.05,-0.15,17.15,17.50,17.05,62000,1064150,47,TPEX_CSV,2026-08-07 14:15:31 +0800
1150807,2026-08-07,上櫃,4173,久裕,17.65,-0.05,17.75,17.75,17.60,40000,706050,35,TPEX_CSV,2026-08-07 14:15:31 +0800
1150807,2026-08-07,上櫃,4174,浩鼎,25.95,0.00,26.20,26.25,25.70,250000,6499000,169,TPEX_CSV,2026-08-07 14:15:31 +0800
1150807,2026-08-07,上櫃,4175,杏一,50.20,-0.10,50.20,50.20,50.20,1000,50200,1,TPEX_CSV,2026-08-07 14:15:31 +0800
1150807,2026-08-07,上櫃,4183,福永生技,----,---,----,----,----,0,0,0,TPEX_CSV,2026-08-07 14:15:31 +0800
1150807,2026-08-07,上櫃,4188,安克,10.10,0.00,10.25,10.25,10.10,20000,202850,13,TPEX_CSV,2026-08-07 14:15:31 +0800
1150807,2026-08-07,上櫃,4192,杏國,19.20,+0.05,19.40,20.00,19.20,25000,486400,15,TPEX_CSV,2026-08-07 14:15:31 +0800
1150807,2026-08-07,上櫃,4198,欣大健康,41.70,+0.75,41.70,41.70,41.70,1000,41700,1,TPEX_CSV,2026-08-07 14:15:31 +0800
1150807,2026-08-07,上櫃,4205,中華食,69.80,+0.20,69.50,69.90,69.50,15000,1045000,13,TPEX_CSV,2026-08-07 14:15:31 +0800
1150807,2026-08-07,上櫃,4207,環泰,19.85,0.00,19.85,19.85,19.75,30000,594100,9,TPEX_CSV,2026-08-07 14:15:31 +0800
1150807,2026-08-07,上櫃,4303,信立,45.05,-0.15,45.50,45.60,45.00,264000,11951050,195,TPEX_CSV,2026-08-07 14:15:31 +0800
1150807,2026-08-07,上櫃,4304,勝昱,15.70,-0.20,15.90,16.10,15.70,12000,191050,10,TPEX_CSV,2026-08-07 14:15:31 +0800
1150807,2026-08-07,上櫃,4305,世坤,43.80,-0.15,42.45,43.80,42.45,4000,173800,3,TPEX_CSV,2026-08-07 14:15:31 +0800
1150807,2026-08-07,上櫃,4401,東隆興,13.85,+0.05,13.80,13.95,13.70,8000,110550,8,TPEX_CSV,2026-08-07 14:15:31 +0800
1150807,2026-08-07,上櫃,4402,郡都開發,16.70,-0.35,16.95,16.95,16.25,12000,198450,12,TPEX_CSV,2026-08-07 14:15:31 +0800
1150807,2026-08-07,上櫃,4406,新昕纖,9.96,+0.01,9.64,9.96,9.64,26000,255600,14,TPEX_CSV,2026-08-07 14:15:31 +0800
1150807,2026-08-07,上櫃,4413,飛寶企業,14.90,+0.15,14.20,15.00,14.20,39000,576300,30,TPEX_CSV,2026-08-07 14:15:31 +0800
1150807,2026-08-07,上櫃,4416,三圓,10.55,-0.05,10.60,10.80,10.50,112000,1185300,58,TPEX_CSV,2026-08-07 14:15:31 +0800
1150807,2026-08-07,上櫃,4417,金洲,44.80,+1.30,44.50,45.40,44.40,144000,6465800,115,TPEX_CSV,2026-08-07 14:15:31 +0800
1150807,2026-08-07,上櫃,4419,皇家美食,45.65,+0.45,45.50,45.65,45.50,3000,136650,3,TPEX_CSV,2026-08-07 14:15:31 +0800
1150807,2026-08-07,上櫃,4420,光明,35.45,-0.15,35.80,36.70,35.45,20000,713750,19,TPEX_CSV,2026-08-07 14:15:31 +0800
1150807,2026-08-07,上櫃,4430,耀億,17.40,+0.05,17.30,17.70,17.20,39000,680800,32,TPEX_CSV,2026-08-07 14:15:31 +0800
1150807,2026-08-07,上櫃,4432,銘旺實,15.95,-0.10,16.05,16.05,15.85,18000,287450,16,TPEX_CSV,2026-08-07 14:15:31 +0800
1150807,2026-08-07,上櫃,4433,興采,19.60,0.00,19.80,20.10,19.60,16000,315450,12,TPEX_CSV,2026-08-07 14:15:31 +0800
1150807,2026-08-07,上櫃,4442,竣邦-KY,51.10,-1.70,52.70,53.10,51.00,136000,7027300,121,TPEX_CSV,2026-08-07 14:15:31 +0800
1150807,2026-08-07,上櫃,4502,健信,15.70,0.00,15.65,15.75,15.65,4000,62750,3,TPEX_CSV,2026-08-07 14:15:31 +0800
1150807,2026-08-07,上櫃,4503,金雨,30.15,-3.30,31.65,31.65,30.15,801000,24376600,447,TPEX_CSV,2026-08-07 14:15:31 +0800
1150807,2026-08-07,上櫃,4506,崇友,122.50,+0.50,122.00,122.50,121.50,29000,3537500,20,TPEX_CSV,2026-08-07 14:15:31 +0800
1150807,2026-08-07,上櫃,4510,高鋒,40.10,+1.25,39.50,42.30,39.20,2220000,90737950,1668,TPEX_CSV,2026-08-07 14:15:31 +0800
1150807,2026-08-07,上櫃,4513,福裕,17.85,+0.20,17.75,18.55,17.65,1036000,18787600,632,TPEX_CSV,2026-08-07 14:15:31 +0800
1150807,2026-08-07,上櫃,4523,永彰,25.80,+0.20,25.80,26.05,25.55,44000,1136150,40,TPEX_CSV,2026-08-07 14:15:31 +0800
1150807,2026-08-07,上櫃,4527,方土霖,39.60,-0.40,39.60,39.95,39.55,19000,753950,15,TPEX_CSV,2026-08-07 14:15:31 +0800
1150807,2026-08-07,上櫃,4528,江興鍛,15.20,0.00,15.10,15.40,15.10,15000,227950,10,TPEX_CSV,2026-08-07 14:15:31 +0800
1150807,2026-08-07,上櫃,4529,淳紳,4.19,+0.09,4.10,4.22,4.10,14000,58060,10,TPEX_CSV,2026-08-07 14:15:31 +0800
1150807,2026-08-07,上櫃,4530,宏易,25.60,+1.25,24.05,25.60,24.05,3000,74500,3,TPEX_CSV,2026-08-07 14:15:31 +0800
1150807,2026-08-07,上櫃,4533,協易機,24.60,-0.30,24.95,25.75,24.50,564000,14187150,340,TPEX_CSV,2026-08-07 14:15:31 +0800
1150807,2026-08-07,上櫃,4534,慶騰,34.30,+0.15,33.65,35.90,33.60,1396000,48692550,811,TPEX_CSV,2026-08-07 14:15:31 +0800
1150807,2026-08-07,上櫃,4535,至興,28.30,+0.20,28.15,28.35,28.10,10000,281900,10,TPEX_CSV,2026-08-07 14:15:31 +0800
1150807,2026-08-07,上櫃,4538,大詠城,17.40,-0.15,17.55,17.55,17.40,11000,192100,11,TPEX_CSV,2026-08-07 14:15:31 +0800
1150807,2026-08-07,上櫃,4541,晟田,65.90,+2.20,63.50,66.50,63.50,2173000,141493400,1570,TPEX_CSV,2026-08-07 14:15:31 +0800
1150807,2026-08-07,上櫃,4542,科嶠,290.00,-17.00,316.50,316.50,288.00,1063000,318921500,894,TPEX_CSV,2026-08-07 14:15:31 +0800
1150807,2026-08-07,上櫃,4543,萬在,32.00,-0.40,32.40,33.35,31.85,131000,4251050,97,TPEX_CSV,2026-08-07 14:15:31 +0800
1150807,2026-08-07,上櫃,4549,桓達,90.30,-0.50,91.80,92.50,90.30,94000,8579500,84,TPEX_CSV,2026-08-07 14:15:31 +0800
1150807,2026-08-07,上櫃,4550,長佳,24.40,0.00,24.40,24.40,24.40,2000,48800,2,TPEX_CSV,2026-08-07 14:15:31 +0800
1150807,2026-08-07,上櫃,4554,橙的,30.55,-0.25,31.00,31.20,30.20,59000,1815000,49,TPEX_CSV,2026-08-07 14:15:31 +0800
1150807,2026-08-07,上櫃,4556,旭然,83.00,-0.10,83.10,85.20,82.80,100000,8365800,80,TPEX_CSV,2026-08-07 14:15:31 +0800
1150807,2026-08-07,上櫃,4558,寶緯,17.10,+0.25,16.65,17.10,16.25,76000,1273850,48,TPEX_CSV,2026-08-07 14:15:31 +0800
1150807,2026-08-07,上櫃,4561,健椿,43.85,+3.95,43.20,43.85,42.65,757000,33036350,467,TPEX_CSV,2026-08-07 14:15:31 +0800
1150807,2026-08-07,上櫃,4563,百德,39.60,-0.90,40.00,40.50,39.40,94000,3736200,75,TPEX_CSV,2026-08-07 14:15:31 +0800
1150807,2026-08-07,上櫃,4568,科際精密,39.40,-0.10,39.40,39.40,39.40,4000,157600,2,TPEX_CSV,2026-08-07 14:15:31 +0800
1150807,2026-08-07,上櫃,4577,達航科技,79.30,+1.50,79.10,81.60,76.80,575000,45593700,484,TPEX_CSV,2026-08-07 14:15:31 +0800
1150807,2026-08-07,上櫃,4580,捷流閥業,80.70,+0.20,80.80,81.50,80.10,57000,4592900,46,TPEX_CSV,2026-08-07 14:15:31 +0800
1150807,2026-08-07,上櫃,4584,君帆,39.70,+0.75,39.70,39.70,39.70,1000,39700,1,TPEX_CSV,2026-08-07 14:15:31 +0800
1150807,2026-08-07,上櫃,4609,唐鋒,4.80,-0.33,5.13,5.13,4.76,13000,62290,7,TPEX_CSV,2026-08-07 14:15:31 +0800
1150807,2026-08-07,上櫃,4702,中美實,9.64,+0.13,9.65,9.66,9.46,24000,230690,15,TPEX_CSV,2026-08-07 14:15:31 +0800
1150807,2026-08-07,上櫃,4706,大恭,31.90,0.00,31.90,31.90,31.90,3000,95700,2,TPEX_CSV,2026-08-07 14:15:31 +0800
1150807,2026-08-07,上櫃,4707,磐亞,31.90,-1.95,33.65,34.80,31.80,6925000,228787600,3862,TPEX_CSV,2026-08-07 14:15:31 +0800
1150807,2026-08-07,上櫃,4711,永純,15.95,-0.15,16.00,16.00,15.85,37000,590400,23,TPEX_CSV,2026-08-07 14:15:31 +0800
1150807,2026-08-07,上櫃,4714,永捷,10.40,-0.15,10.55,10.55,10.35,454000,4738900,181,TPEX_CSV,2026-08-07 14:15:31 +0800
1150807,2026-08-07,上櫃,4716,大立,16.65,-0.55,17.25,17.30,16.55,359000,6066100,221,TPEX_CSV,2026-08-07 14:15:31 +0800
1150807,2026-08-07,上櫃,4721,美琪瑪,71.70,-0.30,72.00,73.20,71.10,325000,23356100,239,TPEX_CSV,2026-08-07 14:15:31 +0800
1150807,2026-08-07,上櫃,4726,永昕,24.35,-0.10,24.45,24.75,24.30,83000,2033500,51,TPEX_CSV,2026-08-07 14:15:31 +0800
1150807,2026-08-07,上櫃,4728,雙美,389.00,-4.50,389.00,389.00,389.00,2000,778000,2,TPEX_CSV,2026-08-07 14:15:31 +0800
1150807,2026-08-07,上櫃,4729,熒茂,19.85,+0.10,19.85,19.85,19.50,106000,2090750,88,TPEX_CSV,2026-08-07 14:15:31 +0800
1150807,2026-08-07,上櫃,4735,豪展,31.70,+0.80,30.95,31.70,30.80,58000,1809500,45,TPEX_CSV,2026-08-07 14:15:31 +0800
1150807,2026-08-07,上櫃,4741,泓瀚,44.15,-0.20,45.15,45.70,43.10,117000,5185000,75,TPEX_CSV,2026-08-07 14:15:31 +0800
1150807,2026-08-07,上櫃,4743,合一,45.60,+0.05,45.05,46.50,45.05,1122000,51335800,764,TPEX_CSV,2026-08-07 14:15:31 +0800
1150807,2026-08-07,上櫃,4744,皇將,28.80,+0.55,28.90,28.90,28.80,3000,86600,3,TPEX_CSV,2026-08-07 14:15:31 +0800
1150807,2026-08-07,上櫃,4745,合富-KY,12.20,+0.10,12.15,12.25,12.10,16000,194700,15,TPEX_CSV,2026-08-07 14:15:31 +0800
1150807,2026-08-07,上櫃,4747,強生,49.80,-0.10,49.75,50.50,49.75,30000,1496550,13,TPEX_CSV,2026-08-07 14:15:31 +0800
1150807,2026-08-07,上櫃,4749,新應材,809.00,-14.00,825.00,828.00,808.00,650000,531989000,625,TPEX_CSV,2026-08-07 14:15:31 +0800
1150807,2026-08-07,上櫃,4754,國碳科,36.40,+0.10,36.35,36.40,36.35,7000,254500,7,TPEX_CSV,2026-08-07 14:15:31 +0800
1150807,2026-08-07,上櫃,4760,勤凱,236.50,-13.00,254.50,254.50,236.00,372000,89811000,322,TPEX_CSV,2026-08-07 14:15:31 +0800
1150807,2026-08-07,上櫃,4767,誠泰科技,26.50,-0.15,26.50,26.50,26.50,2000,53000,2,TPEX_CSV,2026-08-07 14:15:31 +0800
1150807,2026-08-07,上櫃,4768,晶呈科技,292.00,-9.00,301.00,304.00,290.00,213000,62917000,196,TPEX_CSV,2026-08-07 14:15:31 +0800
1150807,2026-08-07,上櫃,4772,台特化,233.00,-7.50,242.50,242.50,233.00,388000,91963500,325,TPEX_CSV,2026-08-07 14:15:31 +0800
1150807,2026-08-07,上櫃,4806,桂田文創,----,---,----,----,----,0,0,0,TPEX_CSV,2026-08-07 14:15:31 +0800
1150807,2026-08-07,上櫃,4903,聯光通,38.30,-0.70,39.00,39.80,38.20,1132000,43895300,757,TPEX_CSV,2026-08-07 14:15:31 +0800
1150807,2026-08-07,上櫃,4905,台聯電,66.60,+0.90,67.20,67.20,66.00,36000,2378400,6,TPEX_CSV,2026-08-07 14:15:31 +0800
1150807,2026-08-07,上櫃,4907,富宇,47.60,+2.60,45.25,48.60,45.25,638000,30333500,375,TPEX_CSV,2026-08-07 14:15:31 +0800
1150807,2026-08-07,上櫃,4908,前鼎,143.50,-13.50,156.50,161.50,142.00,3288000,492055500,2602,TPEX_CSV,2026-08-07 14:15:31 +0800
1150807,2026-08-07,上櫃,4909,新復興,38.20,-0.15,39.05,39.05,38.00,201000,7737350,165,TPEX_CSV,2026-08-07 14:15:31 +0800
1150807,2026-08-07,上櫃,4911,德英,27.90,-0.25,28.25,28.25,27.90,60000,1685600,40,TPEX_CSV,2026-08-07 14:15:31 +0800
1150807,2026-08-07,上櫃,4923,力士,45.35,+0.95,45.00,45.45,44.10,244000,10897100,191,TPEX_CSV,2026-08-07 14:15:31 +0800
1150807,2026-08-07,上櫃,4924,欣厚-KY,10.10,+0.10,10.15,10.15,10.05,6000,60550,6,TPEX_CSV,2026-08-07 14:15:31 +0800
1150807,2026-08-07,上櫃,4931,新盛力,216.50,-2.00,217.00,233.00,213.00,16065000,3579028500,12427,TPEX_CSV,2026-08-07 14:15:31 +0800
1150807,2026-08-07,上櫃,4933,友輝,55.00,-1.80,56.40,56.60,54.10,269000,14812400,201,TPEX_CSV,2026-08-07 14:15:31 +0800
1150807,2026-08-07,上櫃,4939,亞電,60.80,-0.60,61.40,67.20,60.70,21724000,1383463200,14022,TPEX_CSV,2026-08-07 14:15:31 +0800
1150807,2026-08-07,上櫃,4946,辣椒,83.70,+4.70,85.20,86.00,82.50,85000,7178800,85,TPEX_CSV,2026-08-07 14:15:31 +0800
1150807,2026-08-07,上櫃,4950,金耘國際,15.70,+0.05,15.65,15.70,15.65,4000,62650,4,TPEX_CSV,2026-08-07 14:15:31 +0800
1150807,2026-08-07,上櫃,4951,精拓科,79.00,-1.50,80.50,80.50,78.80,210000,16707800,162,TPEX_CSV,2026-08-07 14:15:31 +0800
1150807,2026-08-07,上櫃,4953,緯致,125.50,-2.00,130.00,130.00,125.00,417000,52725500,316,TPEX_CSV,2026-08-07 14:15:31 +0800
1150807,2026-08-07,上櫃,4966,譜瑞-KY,598.00,-7.00,602.00,613.00,593.00,1238000,747769000,1137,TPEX_CSV,2026-08-07 14:15:31 +0800
1150807,2026-08-07,上櫃,4971,IET-KY,460.50,-19.50,499.00,499.00,450.00,2796000,1326868500,2438,TPEX_CSV,2026-08-07 14:15:31 +0800
1150807,2026-08-07,上櫃,4972,湯石照明,16.50,0.00,16.40,16.55,16.40,6000,98950,6,TPEX_CSV,2026-08-07 14:15:31 +0800
1150807,2026-08-07,上櫃,4973,廣穎,156.00,-6.50,162.50,164.50,155.00,4230000,675199500,3214,TPEX_CSV,2026-08-07 14:15:31 +0800
1150807,2026-08-07,上櫃,4974,亞泰,68.80,+0.40,68.50,69.20,68.30,45000,3091100,40,TPEX_CSV,2026-08-07 14:15:31 +0800
1150807,2026-08-07,上櫃,4979,華星光,488.00,0.00,494.00,498.00,473.00,2301000,1124504500,1773,TPEX_CSV,2026-08-07 14:15:31 +0800
1150807,2026-08-07,上櫃,4991,環宇-KY,465.00,+23.00,443.00,478.50,443.00,1200000,556614000,816,TPEX_CSV,2026-08-07 14:15:31 +0800
1150807,2026-08-07,上櫃,4995,晶達,48.75,+0.10,49.25,49.25,48.65,13000,634950,13,TPEX_CSV,2026-08-07 14:15:31 +0800
1150807,2026-08-07,上櫃,5009,榮剛,32.85,+0.35,32.50,33.15,32.35,1395000,45869250,846,TPEX_CSV,2026-08-07 14:15:31 +0800
1150807,2026-08-07,上櫃,5011,久陽,17.75,-0.65,18.75,18.75,17.65,304000,5456650,169,TPEX_CSV,2026-08-07 14:15:31 +0800
1150807,2026-08-07,上櫃,5013,強新,25.75,+0.35,26.00,26.00,25.75,19000,492900,10,TPEX_CSV,2026-08-07 14:15:31 +0800
1150807,2026-08-07,上櫃,5014,建錩,10.75,+0.10,10.75,10.85,10.70,252000,2712700,114,TPEX_CSV,2026-08-07 14:15:31 +0800
1150807,2026-08-07,上櫃,5015,華祺,21.45,+0.15,21.60,21.60,21.40,13000,278550,10,TPEX_CSV,2026-08-07 14:15:31 +0800
1150807,2026-08-07,上櫃,5016,松和,24.05,0.00,24.05,24.05,24.05,2000,48100,2,TPEX_CSV,2026-08-07 14:15:31 +0800
1150807,2026-08-07,上櫃,5201,凱衛,26.45,-0.20,26.05,26.60,26.05,18000,476700,14,TPEX_CSV,2026-08-07 14:15:31 +0800
1150807,2026-08-07,上櫃,5202,力新,12.25,-0.15,12.65,12.70,12.20,165000,2045950,79,TPEX_CSV,2026-08-07 14:15:31 +0800
1150807,2026-08-07,上櫃,5205,中茂,21.95,+0.10,21.95,21.95,21.95,1000,21950,1,TPEX_CSV,2026-08-07 14:15:31 +0800
1150807,2026-08-07,上櫃,5206,坤悅,22.20,+0.95,21.60,22.75,21.45,216000,4738550,100,TPEX_CSV,2026-08-07 14:15:31 +0800
1150807,2026-08-07,上櫃,5209,新鼎,157.50,+0.50,157.00,158.50,156.50,46000,7237500,32,TPEX_CSV,2026-08-07 14:15:31 +0800
1150807,2026-08-07,上櫃,5210,寶碩,28.25,+0.45,28.65,28.65,27.80,118000,3308850,76,TPEX_CSV,2026-08-07 14:15:31 +0800
1150807,2026-08-07,上櫃,5211,蒙恬,20.15,+0.35,20.25,21.75,20.15,244000,5167450,179,TPEX_CSV,2026-08-07 14:15:31 +0800
1150807,2026-08-07,上櫃,5212,凌網,47.45,+0.45,46.95,47.45,46.95,2000,94400,2,TPEX_CSV,2026-08-07 14:15:31 +0800
1150807,2026-08-07,上櫃,5213,亞昕,20.95,0.00,21.00,21.15,20.85,301000,6308300,132,TPEX_CSV,2026-08-07 14:15:31 +0800
1150807,2026-08-07,上櫃,5220,萬達光電,20.45,-0.05,20.55,20.55,20.40,4000,81800,3,TPEX_CSV,2026-08-07 14:15:31 +0800
1150807,2026-08-07,上櫃,5223,安力-KY,23.35,+0.40,22.90,23.35,22.70,6000,138150,5,TPEX_CSV,2026-08-07 14:15:31 +0800
1150807,2026-08-07,上櫃,5227,立凱-KY,33.70,-0.30,34.10,34.95,33.65,416000,14201850,237,TPEX_CSV,2026-08-07 14:15:31 +0800
1150807,2026-08-07,上櫃,5228,鈺鎧,40.25,-3.40,43.00,43.85,40.25,1200000,50312200,834,TPEX_CSV,2026-08-07 14:15:31 +0800
1150807,2026-08-07,上櫃,5230,雷笛克光學,17.25,-0.15,17.50,17.65,17.25,92000,1599850,64,TPEX_CSV,2026-08-07 14:15:31 +0800
1150807,2026-08-07,上櫃,5245,智晶,23.30,+0.30,23.35,23.55,23.00,42000,973700,33,TPEX_CSV,2026-08-07 14:15:31 +0800
1150807,2026-08-07,上櫃,5251,天鉞電,25.85,-0.05,26.10,26.30,25.85,109000,2829100,52,TPEX_CSV,2026-08-07 14:15:31 +0800
1150807,2026-08-07,上櫃,5263,智崴,91.40,-1.00,92.50,92.90,91.20,88000,8075000,73,TPEX_CSV,2026-08-07 14:15:31 +0800
1150807,2026-08-07,上櫃,5272,笙科,17.95,-0.30,18.25,18.25,17.95,105000,1900950,76,TPEX_CSV,2026-08-07 14:15:31 +0800
1150807,2026-08-07,上櫃,5274,信驊,16345.00,-405.00,16800.00,17000.00,16170.00,155000,2574475000,154,TPEX_CSV,2026-08-07 14:15:31 +0800
1150807,2026-08-07,上櫃,5276,達輝-KY,18.95,-0.10,18.95,18.95,18.95,1000,18950,1,TPEX_CSV,2026-08-07 14:15:31 +0800
1150807,2026-08-07,上櫃,5278,尚凡*,24.65,0.00,24.65,24.75,24.50,46000,1132050,35,TPEX_CSV,2026-08-07 14:15:31 +0800
1150807,2026-08-07,上櫃,5287,數字,146.50,0.00,146.00,146.50,146.00,12000,1752500,11,TPEX_CSV,2026-08-07 14:15:31 +0800
1150807,2026-08-07,上櫃,5289,宜鼎,1500.00,-110.00,1620.00,1680.00,1495.00,7411000,11797410000,6298,TPEX_CSV,2026-08-07 14:15:31 +0800
1150807,2026-08-07,上櫃,5291,邑昇,56.10,+5.10,56.10,56.10,56.10,629000,35286900,261,TPEX_CSV,2026-08-07 14:15:31 +0800
1150807,2026-08-07,上櫃,5299,杰力,99.20,-3.80,101.50,103.00,99.00,522000,52440700,423,TPEX_CSV,2026-08-07 14:15:31 +0800
1150807,2026-08-07,上櫃,5301,寶得利,5.34,+0.14,5.20,5.34,5.20,12000,62760,6,TPEX_CSV,2026-08-07 14:15:31 +0800
1150807,2026-08-07,上櫃,5302,太欣,10.15,+0.05,10.20,10.30,10.10,378000,3853550,140,TPEX_CSV,2026-08-07 14:15:31 +0800
1150807,2026-08-07,上櫃,5309,系統電,52.00,-1.20,52.80,53.60,51.70,1287000,67552900,890,TPEX_CSV,2026-08-07 14:15:31 +0800
1150807,2026-08-07,上櫃,5310,天剛,25.00,0.00,25.00,25.00,25.00,3000,75000,3,TPEX_CSV,2026-08-07 14:15:31 +0800
1150807,2026-08-07,上櫃,5312,寶島科,88.90,-1.40,89.00,89.50,88.40,173000,15355300,121,TPEX_CSV,2026-08-07 14:15:31 +0800
1150807,2026-08-07,上櫃,5314,世紀*,60.00,+0.50,60.20,60.70,58.80,2493000,148750400,1534,TPEX_CSV,2026-08-07 14:15:31 +0800
1150807,2026-08-07,上櫃,5315,光聯,19.30,+0.05,19.30,19.30,19.15,102000,1961200,53,TPEX_CSV,2026-08-07 14:15:31 +0800
1150807,2026-08-07,上櫃,5321,美而快,54.00,-0.30,55.60,56.00,53.70,184000,10083200,112,TPEX_CSV,2026-08-07 14:15:31 +0800
1150807,2026-08-07,上櫃,5324,士開,12.30,-0.10,12.30,12.40,12.20,155000,1901800,77,TPEX_CSV,2026-08-07 14:15:31 +0800
1150807,2026-08-07,上櫃,5328,華容,60.80,-2.10,63.20,64.80,60.60,11348000,704954900,7718,TPEX_CSV,2026-08-07 14:15:31 +0800
1150807,2026-08-07,上櫃,5340,建榮,70.30,-1.10,72.00,72.40,70.00,1516000,107644000,1194,TPEX_CSV,2026-08-07 14:15:31 +0800
1150807,2026-08-07,上櫃,5344,立衛,13.80,-0.55,14.35,14.35,12.95,271000,3649100,137,TPEX_CSV,2026-08-07 14:15:31 +0800
1150807,2026-08-07,上櫃,5345,馥鴻,22.45,-0.35,23.25,23.70,22.45,29000,674950,20,TPEX_CSV,2026-08-07 14:15:31 +0800
1150807,2026-08-07,上櫃,5347,世界,143.50,-8.00,152.00,152.50,142.00,23574000,3447912500,14754,TPEX_CSV,2026-08-07 14:15:31 +0800
1150807,2026-08-07,上櫃,5348,正能量智能,----,---,----,----,----,0,0,0,TPEX_CSV,2026-08-07 14:15:31 +0800
1150807,2026-08-07,上櫃,5351,鈺創,104.00,+1.00,104.50,110.50,101.50,59876000,6353817000,34817,TPEX_CSV,2026-08-07 14:15:31 +0800
1150807,2026-08-07,上櫃,5353,台林,28.60,-0.20,29.00,29.00,28.30,46000,1313050,31,TPEX_CSV,2026-08-07 14:15:31 +0800
1150807,2026-08-07,上櫃,5355,佳總,5.60,+0.07,5.35,6.05,5.11,93000,547540,31,TPEX_CSV,2026-08-07 14:15:31 +0800
1150807,2026-08-07,上櫃,5356,協益,24.55,+0.15,24.45,24.65,24.45,49000,1204000,41,TPEX_CSV,2026-08-07 14:15:31 +0800
1150807,2026-08-07,上櫃,5364,力麗店,8.83,+0.10,8.89,8.90,8.70,65000,574490,31,TPEX_CSV,2026-08-07 14:15:31 +0800
1150807,2026-08-07,上櫃,5371,中光電,83.00,-3.70,86.70,86.70,81.30,12062000,1007437900,7783,TPEX_CSV,2026-08-07 14:15:31 +0800
1150807,2026-08-07,上櫃,5381,光譜,23.90,+0.15,24.30,24.30,23.60,285000,6780750,149,TPEX_CSV,2026-08-07 14:15:31 +0800
1150807,2026-08-07,上櫃,5386,青雲,271.00,0.00,271.00,273.50,265.00,866000,233124500,718,TPEX_CSV,2026-08-07 14:15:31 +0800
1150807,2026-08-07,上櫃,5392,能率,46.05,-0.15,46.25,47.70,45.80,5398000,253118200,3456,TPEX_CSV,2026-08-07 14:15:31 +0800
1150807,2026-08-07,上櫃,5398,慕康生醫,14.05,-0.05,14.25,14.25,14.05,6000,84500,6,TPEX_CSV,2026-08-07 14:15:31 +0800
1150807,2026-08-07,上櫃,5403,中菲,92.50,+0.80,91.90,92.80,91.90,25000,2313000,23,TPEX_CSV,2026-08-07 14:15:31 +0800
1150807,2026-08-07,上櫃,5410,國眾,34.50,-3.00,35.05,35.40,34.30,1712000,59650400,987,TPEX_CSV,2026-08-07 14:15:31 +0800
1150807,2026-08-07,上櫃,5425,台半,82.50,-2.40,84.30,86.00,81.70,4613000,384050600,3187,TPEX_CSV,2026-08-07 14:15:31 +0800
1150807,2026-08-07,上櫃,5426,振發,26.25,+0.05,26.25,27.40,26.20,712000,19003250,522,TPEX_CSV,2026-08-07 14:15:31 +0800
1150807,2026-08-07,上櫃,5432,新門,107.50,-0.50,114.00,117.00,107.00,131000,14575000,122,TPEX_CSV,2026-08-07 14:15:31 +0800
1150807,2026-08-07,上櫃,5438,東友,16.85,-0.15,17.20,17.25,16.85,89000,1512300,44,TPEX_CSV,2026-08-07 14:15:31 +0800
1150807,2026-08-07,上櫃,5439,高技,241.00,+5.00,234.00,246.50,232.50,2197000,526727500,1646,TPEX_CSV,2026-08-07 14:15:31 +0800
1150807,2026-08-07,上櫃,5443,均豪,95.10,-0.10,95.90,96.10,94.10,914000,86895600,634,TPEX_CSV,2026-08-07 14:15:31 +0800
1150807,2026-08-07,上櫃,5450,南良,14.30,+0.10,14.45,14.90,14.30,142000,2045100,102,TPEX_CSV,2026-08-07 14:15:31 +0800
1150807,2026-08-07,上櫃,5452,佶優,26.25,-0.20,26.45,27.00,26.20,493000,13059250,298,TPEX_CSV,2026-08-07 14:15:31 +0800
1150807,2026-08-07,上櫃,5455,昇益,28.55,+0.05,28.80,28.80,28.50,7000,200550,6,TPEX_CSV,2026-08-07 14:15:31 +0800
1150807,2026-08-07,上櫃,5457,宣德,28.50,+0.10,28.70,28.95,28.40,228000,6512000,144,TPEX_CSV,2026-08-07 14:15:31 +0800
1150807,2026-08-07,上櫃,5460,同協,15.85,-0.05,15.90,15.90,15.80,31000,491200,18,TPEX_CSV,2026-08-07 14:15:31 +0800
1150807,2026-08-07,上櫃,5464,霖宏,62.60,-5.00,66.10,66.50,61.10,1226000,77447600,664,TPEX_CSV,2026-08-07 14:15:31 +0800
1150807,2026-08-07,上櫃,5465,富驊,21.55,-0.05,21.75,21.85,21.45,41000,885000,30,TPEX_CSV,2026-08-07 14:15:31 +0800
1150807,2026-08-07,上櫃,5468,凱鈺,25.30,-0.25,25.55,26.60,25.00,179000,4627150,95,TPEX_CSV,2026-08-07 14:15:31 +0800
1150807,2026-08-07,上櫃,5474,聰泰,146.00,-2.50,150.00,152.50,145.50,166000,24768000,155,TPEX_CSV,2026-08-07 14:15:31 +0800
1150807,2026-08-07,上櫃,5475,德宏,123.50,+0.50,123.50,134.50,121.00,6796000,861654000,5068,TPEX_CSV,2026-08-07 14:15:31 +0800
1150807,2026-08-07,上櫃,5478,智冠,99.50,+0.50,99.10,100.00,99.10,76000,7583700,65,TPEX_CSV,2026-08-07 14:15:31 +0800
1150807,2026-08-07,上櫃,5481,新華,19.65,-0.15,19.95,19.95,19.30,65000,1268900,52,TPEX_CSV,2026-08-07 14:15:31 +0800
1150807,2026-08-07,上櫃,5483,中美晶,168.50,-9.00,175.50,176.00,167.50,18584000,3186659500,12028,TPEX_CSV,2026-08-07 14:15:31 +0800
1150807,2026-08-07,上櫃,5487,通泰,28.65,-0.30,28.95,29.15,28.65,38000,1096750,26,TPEX_CSV,2026-08-07 14:15:31 +0800
1150807,2026-08-07,上櫃,5488,松普,13.50,+0.30,13.20,14.50,13.05,2271000,31724000,806,TPEX_CSV,2026-08-07 14:15:31 +0800
1150807,2026-08-07,上櫃,5489,彩富,41.65,-1.75,42.60,42.70,41.60,60000,2518100,57,TPEX_CSV,2026-08-07 14:15:31 +0800
1150807,2026-08-07,上櫃,5490,同亨,30.70,-2.65,32.20,32.85,30.70,3266000,103321050,1849,TPEX_CSV,2026-08-07 14:15:31 +0800
1150807,2026-08-07,上櫃,5493,三聯,78.60,+0.40,78.40,81.30,78.30,46000,3649100,45,TPEX_CSV,2026-08-07 14:15:31 +0800
1150807,2026-08-07,上櫃,5498,凱崴,48.50,-1.60,50.00,50.50,48.10,1372000,66999800,1050,TPEX_CSV,2026-08-07 14:15:31 +0800
1150807,2026-08-07,上櫃,5508,永信建,53.50,+1.60,51.70,53.90,51.70,481000,25476900,348,TPEX_CSV,2026-08-07 14:15:31 +0800
1150807,2026-08-07,上櫃,5511,德昌,69.70,-0.40,70.10,70.90,69.20,129000,9020700,104,TPEX_CSV,2026-08-07 14:15:31 +0800
1150807,2026-08-07,上櫃,5512,力麒,7.72,0.00,7.72,7.82,7.72,453000,3509650,197,TPEX_CSV,2026-08-07 14:15:31 +0800
1150807,2026-08-07,上櫃,5514,三豐,13.75,+0.20,13.75,13.75,13.75,1000,13750,1,TPEX_CSV,2026-08-07 14:15:31 +0800
1150807,2026-08-07,上櫃,5516,雙喜,12.35,+0.40,12.15,12.60,12.15,67000,829850,50,TPEX_CSV,2026-08-07 14:15:31 +0800
1150807,2026-08-07,上櫃,5520,力泰,83.50,0.00,82.30,83.50,82.00,6000,495900,6,TPEX_CSV,2026-08-07 14:15:31 +0800
1150807,2026-08-07,上櫃,5523,豐謙,30.35,0.00,30.20,30.35,29.00,72000,2174950,60,TPEX_CSV,2026-08-07 14:15:31 +0800
1150807,2026-08-07,上櫃,5529,鉅陞,21.25,+0.05,21.40,21.40,21.00,156000,3290200,56,TPEX_CSV,2026-08-07 14:15:31 +0800
1150807,2026-08-07,上櫃,5530,龍巖,47.30,+0.05,47.25,47.60,47.20,148000,7014800,105,TPEX_CSV,2026-08-07 14:15:31 +0800
1150807,2026-08-07,上櫃,5536,聖暉*,1060.00,-10.00,1085.00,1125.00,1060.00,611000,663335000,566,TPEX_CSV,2026-08-07 14:15:31 +0800
1150807,2026-08-07,上櫃,5543,桓鼎-KY,24.15,-2.30,25.50,25.50,24.15,16000,395500,15,TPEX_CSV,2026-08-07 14:15:31 +0800
1150807,2026-08-07,上櫃,5547,久舜,19.50,-0.10,19.55,19.60,19.50,24000,469700,16,TPEX_CSV,2026-08-07 14:15:31 +0800
1150807,2026-08-07,上櫃,5548,安倉,20.80,+0.35,20.45,20.80,20.45,29000,599900,17,TPEX_CSV,2026-08-07 14:15:31 +0800
1150807,2026-08-07,上櫃,5601,台聯櫃,29.30,+0.40,29.30,29.30,29.30,5000,146500,1,TPEX_CSV,2026-08-07 14:15:31 +0800
1150807,2026-08-07,上櫃,5603,陸海,14.15,0.00,14.15,14.15,14.10,14000,197650,13,TPEX_CSV,2026-08-07 14:15:31 +0800
1150807,2026-08-07,上櫃,5604,中連,30.50,+0.10,30.80,30.80,30.50,5000,153650,5,TPEX_CSV,2026-08-07 14:15:31 +0800
1150807,2026-08-07,上櫃,5609,中菲行,79.00,+0.10,78.90,79.30,78.90,101000,7988400,80,TPEX_CSV,2026-08-07 14:15:31 +0800
1150807,2026-08-07,上櫃,5701,劍湖山,4.38,+0.13,4.16,4.50,4.16,95000,406670,47,TPEX_CSV,2026-08-07 14:15:31 +0800
1150807,2026-08-07,上櫃,5703,亞都,----,---,----,----,----,0,0,0,TPEX_CSV,2026-08-07 14:15:31 +0800
1150807,2026-08-07,上櫃,5704,老爺知,21.60,-0.15,21.80,21.90,21.60,4000,87200,4,TPEX_CSV,2026-08-07 14:15:31 +0800
1150807,2026-08-07,上櫃,5864,致和證,28.80,-0.35,29.15,29.35,28.65,2861000,82406750,1120,TPEX_CSV,2026-08-07 14:15:31 +0800
1150807,2026-08-07,上櫃,5878,台名,----,---,----,----,----,0,0,0,TPEX_CSV,2026-08-07 14:15:31 +0800
1150807,2026-08-07,上櫃,5902,德記,34.30,0.00,34.25,34.30,34.25,6000,205600,4,TPEX_CSV,2026-08-07 14:15:31 +0800
1150807,2026-08-07,上櫃,5903,全家,183.50,0.00,183.50,184.50,183.50,22000,4047500,19,TPEX_CSV,2026-08-07 14:15:31 +0800
1150807,2026-08-07,上櫃,5905,南仁湖,8.19,+0.05,8.15,8.27,8.14,324000,2652360,127,TPEX_CSV,2026-08-07 14:15:31 +0800
1150807,2026-08-07,上櫃,6015,宏遠證,15.30,-0.20,15.55,15.55,15.25,1267000,19481250,444,TPEX_CSV,2026-08-07 14:15:31 +0800
1150807,2026-08-07,上櫃,6016,康和證,19.80,-0.50,20.30,20.30,19.70,4797000,95725700,1563,TPEX_CSV,2026-08-07 14:15:31 +0800
1150807,2026-08-07,上櫃,6020,大展證,20.70,-0.30,21.00,21.10,20.20,112000,2312250,42,TPEX_CSV,2026-08-07 14:15:31 +0800
1150807,2026-08-07,上櫃,6021,美好證,34.10,+0.25,34.00,34.40,33.85,63000,2148950,44,TPEX_CSV,2026-08-07 14:15:31 +0800
1150807,2026-08-07,上櫃,6023,元大期,86.70,-0.30,87.00,87.00,86.20,580000,50243500,346,TPEX_CSV,2026-08-07 14:15:31 +0800
1150807,2026-08-07,上櫃,6026,福邦證,14.10,+0.20,13.95,14.30,13.95,1583000,22412950,454,TPEX_CSV,2026-08-07 14:15:31 +0800
1150807,2026-08-07,上櫃,6028,公勝保經,83.00,+0.60,82.90,83.00,82.50,68000,5639300,36,TPEX_CSV,2026-08-07 14:15:31 +0800
1150807,2026-08-07,上櫃,6101,寬魚國際,35.65,+0.05,35.95,36.25,35.50,214000,7657550,179,TPEX_CSV,2026-08-07 14:15:31 +0800
1150807,2026-08-07,上櫃,6103,合邦,28.55,-0.50,28.55,28.55,28.55,1000,28550,1,TPEX_CSV,2026-08-07 14:15:31 +0800
1150807,2026-08-07,上櫃,6104,創惟,93.00,-2.00,94.60,95.50,92.30,436000,41031400,364,TPEX_CSV,2026-08-07 14:15:31 +0800
1150807,2026-08-07,上櫃,6109,亞元,11.05,+0.15,10.75,11.10,10.75,101000,1104100,58,TPEX_CSV,2026-08-07 14:15:31 +0800
1150807,2026-08-07,上櫃,6111,光聚晶電,37.00,+0.10,36.90,37.25,36.40,111000,4089550,85,TPEX_CSV,2026-08-07 14:15:31 +0800
1150807,2026-08-07,上櫃,6113,亞矽,23.60,+0.80,24.90,25.05,23.55,972000,23810750,587,TPEX_CSV,2026-08-07 14:15:31 +0800
1150807,2026-08-07,上櫃,6114,久威,27.45,+1.70,25.80,28.10,25.80,66000,1805450,45,TPEX_CSV,2026-08-07 14:15:31 +0800
1150807,2026-08-07,上櫃,6118,建達,15.60,-0.15,15.70,15.80,15.55,64000,1006250,35,TPEX_CSV,2026-08-07 14:15:31 +0800
1150807,2026-08-07,上櫃,6121,新普,373.00,-7.50,381.00,381.50,370.50,579000,216628000,437,TPEX_CSV,2026-08-07 14:15:31 +0800
1150807,2026-08-07,上櫃,6122,擎邦,47.05,+0.35,46.60,47.70,46.60,257000,12117500,163,TPEX_CSV,2026-08-07 14:15:31 +0800
1150807,2026-08-07,上櫃,6123,上奇,42.25,-0.20,42.50,42.55,42.20,32000,1355400,29,TPEX_CSV,2026-08-07 14:15:31 +0800
1150807,2026-08-07,上櫃,6124,業強,26.85,+0.05,26.80,26.85,26.80,7000,187800,7,TPEX_CSV,2026-08-07 14:15:31 +0800
1150807,2026-08-07,上櫃,6125,廣運,49.40,+0.35,49.70,52.50,49.40,958000,48626100,723,TPEX_CSV,2026-08-07 14:15:31 +0800
1150807,2026-08-07,上櫃,6126,信音,31.75,+0.20,31.90,31.90,31.50,322000,10199900,200,TPEX_CSV,2026-08-07 14:15:31 +0800
1150807,2026-08-07,上櫃,6127,九豪,48.10,-1.90,49.50,50.60,47.80,2273000,111051000,1575,TPEX_CSV,2026-08-07 14:15:31 +0800
1150807,2026-08-07,上櫃,6129,普誠,14.50,-0.50,15.10,15.20,14.50,453000,6694100,235,TPEX_CSV,2026-08-07 14:15:31 +0800
1150807,2026-08-07,上櫃,6130,上亞科技,24.10,0.00,24.50,25.15,24.10,77000,1879150,57,TPEX_CSV,2026-08-07 14:15:31 +0800
1150807,2026-08-07,上櫃,6134,萬旭,27.10,-0.05,27.75,28.45,27.10,389000,10806950,286,TPEX_CSV,2026-08-07 14:15:31 +0800
1150807,2026-08-07,上櫃,6138,茂達,276.00,-12.50,288.00,289.00,275.00,1092000,306881000,804,TPEX_CSV,2026-08-07 14:15:31 +0800
1150807,2026-08-07,上櫃,6140,訊達,17.05,+0.45,17.10,17.10,16.80,53000,898100,38,TPEX_CSV,2026-08-07 14:15:31 +0800
1150807,2026-08-07,上櫃,6143,振曜,92.60,-1.40,94.00,95.00,92.60,332000,31166000,238,TPEX_CSV,2026-08-07 14:15:31 +0800
1150807,2026-08-07,上櫃,6144,得利影,13.20,0.00,13.25,13.25,13.15,4000,52750,4,TPEX_CSV,2026-08-07 14:15:31 +0800
1150807,2026-08-07,上櫃,6146,耕興,188.00,-2.00,188.00,190.50,187.50,326000,61571500,283,TPEX_CSV,2026-08-07 14:15:31 +0800
1150807,2026-08-07,上櫃,6147,頎邦,146.50,-4.50,151.00,151.00,144.50,14053000,2078075000,7749,TPEX_CSV,2026-08-07 14:15:31 +0800
1150807,2026-08-07,上櫃,6148,驊宏資,28.05,0.00,28.25,28.50,27.80,257000,7209550,172,TPEX_CSV,2026-08-07 14:15:31 +0800
1150807,2026-08-07,上櫃,6150,撼訊,57.60,+0.20,58.00,58.80,57.40,123000,7134300,111,TPEX_CSV,2026-08-07 14:15:31 +0800
1150807,2026-08-07,上櫃,6151,晉倫,35.00,0.00,35.20,35.60,34.70,47000,1642450,39,TPEX_CSV,2026-08-07 14:15:31 +0800
1150807,2026-08-07,上櫃,6154,順發,13.65,-0.10,13.75,13.75,13.65,3000,41100,3,TPEX_CSV,2026-08-07 14:15:31 +0800
1150807,2026-08-07,上櫃,6156,松上,20.60,-0.10,20.50,21.00,20.45,932000,19257150,494,TPEX_CSV,2026-08-07 14:15:31 +0800
1150807,2026-08-07,上櫃,6158,禾昌,16.50,-0.35,16.95,16.95,16.30,97000,1602750,67,TPEX_CSV,2026-08-07 14:15:31 +0800
1150807,2026-08-07,上櫃,6160,欣技,14.05,-0.10,14.25,14.25,14.00,45000,634900,23,TPEX_CSV,2026-08-07 14:15:31 +0800
1150807,2026-08-07,上櫃,6161,捷波,55.70,-0.20,55.90,56.80,54.20,331000,18527000,250,TPEX_CSV,2026-08-07 14:15:31 +0800
1150807,2026-08-07,上櫃,6163,華電網,40.65,-0.60,41.00,41.40,40.35,320000,13059450,262,TPEX_CSV,2026-08-07 14:15:31 +0800
1150807,2026-08-07,上櫃,6167,久正,10.40,0.00,10.45,10.45,10.40,180000,1876450,52,TPEX_CSV,2026-08-07 14:15:31 +0800
1150807,2026-08-07,上櫃,6169,昱泉,12.80,-0.50,12.90,13.00,12.80,13000,167750,9,TPEX_CSV,2026-08-07 14:15:31 +0800
1150807,2026-08-07,上櫃,6170,統振,46.80,+0.55,46.40,46.95,46.40,140000,6529550,79,TPEX_CSV,2026-08-07 14:15:31 +0800
1150807,2026-08-07,上櫃,6171,大城地產,23.80,+0.70,23.30,23.80,23.25,24000,565350,17,TPEX_CSV,2026-08-07 14:15:31 +0800
1150807,2026-08-07,上櫃,6173,信昌電,158.00,-13.00,170.00,172.00,156.00,5455000,886921000,3923,TPEX_CSV,2026-08-07 14:15:31 +0800
1150807,2026-08-07,上櫃,6174,安碁,40.00,-1.50,41.50,42.60,40.00,1355000,55790250,1006,TPEX_CSV,2026-08-07 14:15:31 +0800
1150807,2026-08-07,上櫃,6175,立敦,74.90,-2.00,76.90,77.70,74.00,1110000,83343200,827,TPEX_CSV,2026-08-07 14:15:31 +0800
1150807,2026-08-07,上櫃,6179,亞通,27.05,+0.70,26.20,27.40,26.15,1179000,31726950,609,TPEX_CSV,2026-08-07 14:15:31 +0800
1150807,2026-08-07,上櫃,6180,橘子,41.35,+0.75,40.65,41.40,40.60,262000,10777700,193,TPEX_CSV,2026-08-07 14:15:31 +0800
1150807,2026-08-07,上櫃,6182,合晶,101.00,-7.00,106.00,106.00,100.00,4843000,496307000,2395,TPEX_CSV,2026-08-07 14:15:31 +0800
1150807,2026-08-07,上櫃,6185,幃翔,13.65,-0.05,13.65,13.80,13.55,106000,1443700,57,TPEX_CSV,2026-08-07 14:15:31 +0800
1150807,2026-08-07,上櫃,6186,新潤,36.05,-0.50,36.40,36.50,36.05,832000,30110100,566,TPEX_CSV,2026-08-07 14:15:31 +0800
1150807,2026-08-07,上櫃,6187,萬潤,1130.00,-45.00,1175.00,1185.00,1110.00,2477000,2850495000,2065,TPEX_CSV,2026-08-07 14:15:31 +0800
1150807,2026-08-07,上櫃,6188,廣明,71.10,-0.80,71.50,73.00,71.10,709000,51054900,480,TPEX_CSV,2026-08-07 14:15:31 +0800
1150807,2026-08-07,上櫃,6190,萬泰科,65.80,-2.20,69.00,69.00,65.80,1190000,79764200,817,TPEX_CSV,2026-08-07 14:15:31 +0800
1150807,2026-08-07,上櫃,6194,育富,29.70,+0.05,29.75,29.75,29.60,25000,741450,13,TPEX_CSV,2026-08-07 14:15:31 +0800
1150807,2026-08-07,上櫃,6195,詩肯,27.15,0.00,26.80,27.25,26.80,19000,514600,16,TPEX_CSV,2026-08-07 14:15:31 +0800
1150807,2026-08-07,上櫃,6198,瑞築,19.60,+0.05,19.60,19.60,19.60,1000,19600,1,TPEX_CSV,2026-08-07 14:15:31 +0800
1150807,2026-08-07,上櫃,6199,天品,96.00,-0.30,96.30,99.80,95.70,438000,42671000,365,TPEX_CSV,2026-08-07 14:15:31 +0800
1150807,2026-08-07,上櫃,6203,海韻電,61.00,+0.40,61.40,61.50,60.60,89000,5422300,62,TPEX_CSV,2026-08-07 14:15:31 +0800
1150807,2026-08-07,上櫃,6204,艾華,78.90,+2.10,76.70,79.30,75.80,269000,21005400,227,TPEX_CSV,2026-08-07 14:15:31 +0800
1150807,2026-08-07,上櫃,6207,雷科,99.90,-4.10,103.50,105.50,99.70,2441000,248488500,1645,TPEX_CSV,2026-08-07 14:15:31 +0800
1150807,2026-08-07,上櫃,6208,日揚,81.50,-0.40,83.10,83.60,81.20,196000,16078700,157,TPEX_CSV,2026-08-07 14:15:31 +0800
1150807,2026-08-07,上櫃,6210,慶生,17.10,-0.20,17.15,17.50,16.90,10000,171050,10,TPEX_CSV,2026-08-07 14:15:31 +0800
1150807,2026-08-07,上櫃,6212,理銘,29.35,+0.25,29.10,29.35,29.10,2000,58450,2,TPEX_CSV,2026-08-07 14:15:31 +0800
1150807,2026-08-07,上櫃,6217,中探針,165.00,+3.50,162.00,172.50,157.00,1449000,239324000,923,TPEX_CSV,2026-08-07 14:15:31 +0800
1150807,2026-08-07,上櫃,6218,豪勉,34.30,-0.20,34.00,34.95,34.00,248000,8564300,163,TPEX_CSV,2026-08-07 14:15:31 +0800
1150807,2026-08-07,上櫃,6219,富旺,12.55,+0.15,12.40,12.60,12.40,61000,762850,40,TPEX_CSV,2026-08-07 14:15:31 +0800
1150807,2026-08-07,上櫃,6220,岳豐,26.00,-0.65,26.65,26.65,26.00,151000,3952350,115,TPEX_CSV,2026-08-07 14:15:31 +0800
1150807,2026-08-07,上櫃,6221,晉泰,20.70,-0.10,20.80,20.95,20.60,83000,1722150,51,TPEX_CSV,2026-08-07 14:15:31 +0800
1150807,2026-08-07,上櫃,6222,立軒,21.00,+0.70,21.00,21.00,21.00,1000,21000,1,TPEX_CSV,2026-08-07 14:15:31 +0800
1150807,2026-08-07,上櫃,6223,旺矽,6100.00,-200.00,6345.00,6345.00,6070.00,628000,3872555000,594,TPEX_CSV,2026-08-07 14:15:31 +0800
1150807,2026-08-07,上櫃,6227,茂綸,123.00,-2.00,127.50,127.50,122.00,305000,37907500,267,TPEX_CSV,2026-08-07 14:15:31 +0800
1150807,2026-08-07,上櫃,6228,全譜,18.30,+0.35,18.15,18.30,18.15,3000,54650,3,TPEX_CSV,2026-08-07 14:15:31 +0800
1150807,2026-08-07,上櫃,6229,研通,23.35,-0.35,24.30,24.35,22.45,112000,2608050,92,TPEX_CSV,2026-08-07 14:15:31 +0800
1150807,2026-08-07,上櫃,6231,系微,228.00,-0.50,235.50,239.00,227.50,408000,94660500,355,TPEX_CSV,2026-08-07 14:15:31 +0800
1150807,2026-08-07,上櫃,6233,旺玖,20.75,+0.20,20.60,20.90,20.50,139000,2876400,88,TPEX_CSV,2026-08-07 14:15:31 +0800
1150807,2026-08-07,上櫃,6234,高僑,34.05,-0.65,35.00,35.20,33.90,303000,10413200,236,TPEX_CSV,2026-08-07 14:15:31 +0800
1150807,2026-08-07,上櫃,6236,中湛,----,---,----,----,----,0,0,0,TPEX_CSV,2026-08-07 14:15:31 +0800
1150807,2026-08-07,上櫃,6237,驊訊,33.45,-0.05,33.55,33.95,33.10,141000,4715850,101,TPEX_CSV,2026-08-07 14:15:31 +0800
1150807,2026-08-07,上櫃,6240,松崗,18.85,-0.05,18.80,18.85,18.80,2000,37650,2,TPEX_CSV,2026-08-07 14:15:31 +0800
1150807,2026-08-07,上櫃,6241,鑫永洋,15.85,+0.45,15.45,15.85,15.15,287000,4422250,162,TPEX_CSV,2026-08-07 14:15:31 +0800
1150807,2026-08-07,上櫃,6242,立康,----,---,----,----,----,0,0,0,TPEX_CSV,2026-08-07 14:15:31 +0800
1150807,2026-08-07,上櫃,6244,茂迪,23.10,-0.65,23.95,24.10,23.10,1629000,38180250,912,TPEX_CSV,2026-08-07 14:15:31 +0800
1150807,2026-08-07,上櫃,6245,立端,84.40,+2.00,82.90,85.40,81.70,1266000,106889500,898,TPEX_CSV,2026-08-07 14:15:31 +0800
1150807,2026-08-07,上櫃,6246,臺龍,12.30,-0.15,12.35,12.35,12.25,27000,331650,19,TPEX_CSV,2026-08-07 14:15:31 +0800
1150807,2026-08-07,上櫃,6248,沛波,17.55,-0.05,17.50,17.70,17.50,38000,668000,26,TPEX_CSV,2026-08-07 14:15:31 +0800
1150807,2026-08-07,上櫃,6259,百徽,29.00,-0.90,30.20,30.50,29.00,402000,11842300,262,TPEX_CSV,2026-08-07 14:15:31 +0800
1150807,2026-08-07,上櫃,6261,久元,78.40,-1.70,80.70,80.70,78.40,274000,21750200,250,TPEX_CSV,2026-08-07 14:15:31 +0800
1150807,2026-08-07,上櫃,6263,普萊德,154.00,-3.00,158.00,158.00,153.50,128000,19894000,116,TPEX_CSV,2026-08-07 14:15:31 +0800
1150807,2026-08-07,上櫃,6264,富裔,6.06,0.00,6.00,6.06,6.00,13000,78060,3,TPEX_CSV,2026-08-07 14:15:31 +0800
1150807,2026-08-07,上櫃,6265,方土昶,55.40,+0.70,54.30,56.20,54.00,5711000,313867900,3444,TPEX_CSV,2026-08-07 14:15:31 +0800
1150807,2026-08-07,上櫃,6266,泰詠,24.50,+0.45,24.45,24.95,24.40,187000,4590350,116,TPEX_CSV,2026-08-07 14:15:31 +0800
1150807,2026-08-07,上櫃,6270,倍微,29.55,-0.15,29.80,29.95,29.25,173000,5115700,145,TPEX_CSV,2026-08-07 14:15:31 +0800
1150807,2026-08-07,上櫃,6274,台燿,1440.00,-90.00,1540.00,1540.00,1430.00,8609000,12816455000,6618,TPEX_CSV,2026-08-07 14:15:31 +0800
1150807,2026-08-07,上櫃,6275,元山,44.20,-1.05,45.80,45.80,44.10,248000,11124700,156,TPEX_CSV,2026-08-07 14:15:31 +0800
1150807,2026-08-07,上櫃,6276,安鈦克,20.40,+0.25,19.50,20.55,19.45,43000,854050,31,TPEX_CSV,2026-08-07 14:15:31 +0800
1150807,2026-08-07,上櫃,6279,胡連,126.50,+6.00,121.50,127.00,121.50,3523000,440046000,2242,TPEX_CSV,2026-08-07 14:15:31 +0800
1150807,2026-08-07,上櫃,6284,佳邦,73.30,-2.90,77.00,77.60,73.20,860000,64097600,666,TPEX_CSV,2026-08-07 14:15:31 +0800
1150807,2026-08-07,上櫃,6290,良維,202.00,-12.00,213.00,214.50,200.00,3490000,717282500,2662,TPEX_CSV,2026-08-07 14:15:31 +0800
1150807,2026-08-07,上櫃,6291,沛亨,372.50,-10.50,383.50,385.50,371.00,397000,150337500,339,TPEX_CSV,2026-08-07 14:15:31 +0800
1150807,2026-08-07,上櫃,6292,迅德,58.60,-1.10,59.80,60.20,58.40,79000,4675600,68,TPEX_CSV,2026-08-07 14:15:31 +0800
1150807,2026-08-07,上櫃,6294,智基,26.85,-0.05,26.30,26.85,26.30,7000,186900,6,TPEX_CSV,2026-08-07 14:15:31 +0800
1150807,2026-08-07,上櫃,6411,晶焱,76.60,-1.70,78.10,78.10,76.50,229000,17659400,175,TPEX_CSV,2026-08-07 14:15:31 +0800
1150807,2026-08-07,上櫃,6417,韋僑,118.50,0.00,120.00,120.00,116.00,87000,10274000,74,TPEX_CSV,2026-08-07 14:15:31 +0800
1150807,2026-08-07,上櫃,6418,詠昇,32.05,+0.20,33.35,33.35,32.05,89000,2873600,49,TPEX_CSV,2026-08-07 14:15:31 +0800
1150807,2026-08-07,上櫃,6419,京晨科,140.00,-9.50,141.50,147.00,140.00,441000,62904500,368,TPEX_CSV,2026-08-07 14:15:31 +0800
1150807,2026-08-07,上櫃,6423,億而得,76.10,0.00,76.40,77.30,76.00,44000,3374500,42,TPEX_CSV,2026-08-07 14:15:31 +0800
1150807,2026-08-07,上櫃,6425,易發,55.20,-0.30,55.50,56.90,55.10,141000,7835900,111,TPEX_CSV,2026-08-07 14:15:31 +0800
1150807,2026-08-07,上櫃,6432,今展科,70.90,-2.60,73.50,74.00,70.50,948000,68193400,744,TPEX_CSV,2026-08-07 14:15:31 +0800
1150807,2026-08-07,上櫃,6435,大中,251.50,-7.00,257.50,259.50,249.50,487000,123992000,390,TPEX_CSV,2026-08-07 14:15:31 +0800
1150807,2026-08-07,上櫃,6441,廣錠,23.45,+2.10,23.05,23.45,22.80,297000,6935900,162,TPEX_CSV,2026-08-07 14:15:31 +0800
1150807,2026-08-07,上櫃,6461,益得,16.50,+0.90,15.55,16.50,15.25,164000,2628200,97,TPEX_CSV,2026-08-07 14:15:31 +0800
1150807,2026-08-07,上櫃,6462,神盾,99.60,-0.40,101.50,102.00,99.50,430000,43265000,305,TPEX_CSV,2026-08-07 14:15:31 +0800
1150807,2026-08-07,上櫃,6465,威潤,47.60,+0.70,49.60,51.50,47.15,1215000,61123200,758,TPEX_CSV,2026-08-07 14:15:31 +0800
1150807,2026-08-07,上櫃,6469,大樹,70.10,-0.10,70.10,71.30,69.90,611000,43002500,445,TPEX_CSV,2026-08-07 14:15:31 +0800
1150807,2026-08-07,上櫃,6470,宇智,43.00,-0.40,43.90,43.90,42.80,28000,1206300,26,TPEX_CSV,2026-08-07 14:15:31 +0800
1150807,2026-08-07,上櫃,6474,華豫寧,37.55,-0.25,37.50,37.90,37.45,22000,828250,16,TPEX_CSV,2026-08-07 14:15:31 +0800
1150807,2026-08-07,上櫃,6482,弘煜科,27.80,+0.30,27.50,27.80,27.50,2000,55300,2,TPEX_CSV,2026-08-07 14:15:31 +0800
1150807,2026-08-07,上櫃,6485,點序,61.50,-2.40,63.60,64.10,61.50,288000,18062700,183,TPEX_CSV,2026-08-07 14:15:31 +0800
1150807,2026-08-07,上櫃,6486,互動,74.50,0.00,74.20,74.50,74.10,50000,3711700,38,TPEX_CSV,2026-08-07 14:15:31 +0800
1150807,2026-08-07,上櫃,6488,環球晶,872.00,0.00,879.00,910.00,855.00,9233000,8114074000,7859,TPEX_CSV,2026-08-07 14:15:31 +0800
1150807,2026-08-07,上櫃,6492,生華科,37.70,-1.00,38.70,38.70,37.00,538000,20217750,354,TPEX_CSV,2026-08-07 14:15:31 +0800
1150807,2026-08-07,上櫃,6494,九齊,53.20,+2.70,53.30,54.80,52.20,284000,15160300,190,TPEX_CSV,2026-08-07 14:15:31 +0800
1150807,2026-08-07,上櫃,6496,科懋,24.35,+0.05,23.90,24.35,23.85,8000,193200,8,TPEX_CSV,2026-08-07 14:15:31 +0800
1150807,2026-08-07,上櫃,6498,久禾光,74.50,-0.60,75.30,76.20,74.30,78000,5846100,62,TPEX_CSV,2026-08-07 14:15:31 +0800
1150807,2026-08-07,上櫃,6499,益安,57.50,-0.10,57.60,59.10,56.60,245000,14126700,192,TPEX_CSV,2026-08-07 14:15:31 +0800
1150807,2026-08-07,上櫃,6506,雙邦,16.65,+0.05,16.45,16.65,16.40,31000,512400,26,TPEX_CSV,2026-08-07 14:15:31 +0800
1150807,2026-08-07,上櫃,6508,惠光,26.70,+0.80,27.85,27.85,26.30,55000,1479500,29,TPEX_CSV,2026-08-07 14:15:31 +0800
1150807,2026-08-07,上櫃,6509,聚和,47.50,+0.50,47.25,48.20,46.90,1114000,53023200,758,TPEX_CSV,2026-08-07 14:15:31 +0800
1150807,2026-08-07,上櫃,6510,精測,2695.00,-140.00,2830.00,2885.00,2695.00,309000,857005000,295,TPEX_CSV,2026-08-07 14:15:31 +0800
1150807,2026-08-07,上櫃,6512,啟發電,----,---,----,----,----,0,0,0,TPEX_CSV,2026-08-07 14:15:31 +0800
1150807,2026-08-07,上櫃,6516,勤崴國際,61.10,-0.20,62.00,62.00,60.50,57000,3478500,55,TPEX_CSV,2026-08-07 14:15:31 +0800
1150807,2026-08-07,上櫃,6517,保勝光學,61.00,-2.00,63.00,64.10,60.70,480000,29843800,404,TPEX_CSV,2026-08-07 14:15:31 +0800
1150807,2026-08-07,上櫃,6523,達爾膚,90.40,-0.10,90.50,90.90,90.00,31000,2800600,27,TPEX_CSV,2026-08-07 14:15:31 +0800
1150807,2026-08-07,上櫃,6527,明達醫,76.40,+0.80,76.00,77.20,75.60,54000,4106900,25,TPEX_CSV,2026-08-07 14:15:31 +0800
1150807,2026-08-07,上櫃,6530,創威,75.00,-2.30,78.10,79.60,74.70,720000,55528900,611,TPEX_CSV,2026-08-07 14:15:31 +0800
1150807,2026-08-07,上櫃,6532,瑞耘,82.10,+5.50,76.30,84.20,75.50,1174000,96248600,842,TPEX_CSV,2026-08-07 14:15:31 +0800
1150807,2026-08-07,上櫃,6535,順藥,91.10,+1.00,90.70,92.40,89.60,158000,14353200,145,TPEX_CSV,2026-08-07 14:15:31 +0800
1150807,2026-08-07,上櫃,6538,倉和,145.00,-5.00,148.00,158.50,142.50,1792000,268134000,1314,TPEX_CSV,2026-08-07 14:15:31 +0800
1150807,2026-08-07,上櫃,6542,隆中,47.30,-1.45,47.55,47.55,47.00,10000,472300,10,TPEX_CSV,2026-08-07 14:15:31 +0800
1150807,2026-08-07,上櫃,6546,正基,60.30,+0.30,61.60,62.50,60.10,351000,21517200,282,TPEX_CSV,2026-08-07 14:15:31 +0800
1150807,2026-08-07,上櫃,6547,高端疫苗,51.60,+2.70,48.55,51.80,48.05,5087000,255040650,2841,TPEX_CSV,2026-08-07 14:15:31 +0800
1150807,2026-08-07,上櫃,6548,長科*,72.40,-1.80,74.20,76.20,72.20,3030000,223516400,2116,TPEX_CSV,2026-08-07 14:15:31 +0800
1150807,2026-08-07,上櫃,6556,勝品,68.50,+0.20,66.70,68.50,66.30,12000,803500,11,TPEX_CSV,2026-08-07 14:15:31 +0800
1150807,2026-08-07,上櫃,6560,欣普羅,32.25,-0.20,32.25,32.45,32.15,15000,484700,15,TPEX_CSV,2026-08-07 14:15:31 +0800
1150807,2026-08-07,上櫃,6561,是方,328.50,+1.00,328.50,332.50,327.50,39000,12847500,39,TPEX_CSV,2026-08-07 14:15:31 +0800
1150807,2026-08-07,上櫃,6568,宏觀,137.50,-2.00,140.00,140.00,135.50,58000,7964500,53,TPEX_CSV,2026-08-07 14:15:31 +0800
1150807,2026-08-07,上櫃,6569,醫揚,97.80,-0.60,98.60,99.00,97.20,38000,3730400,33,TPEX_CSV,2026-08-07 14:15:31 +0800
1150807,2026-08-07,上櫃,6570,維田,57.80,+1.00,56.80,59.40,56.70,593000,34448000,414,TPEX_CSV,2026-08-07 14:15:31 +0800
1150807,2026-08-07,上櫃,6574,霈方,140.00,-1.50,141.50,145.50,138.50,121000,17183500,112,TPEX_CSV,2026-08-07 14:15:31 +0800
1150807,2026-08-07,上櫃,6576,逸達,79.50,-0.20,79.70,79.90,78.80,66000,5225900,42,TPEX_CSV,2026-08-07 14:15:31 +0800
1150807,2026-08-07,上櫃,6577,勁豐,78.70,-0.10,78.50,79.00,78.30,57000,4489700,47,TPEX_CSV,2026-08-07 14:15:31 +0800
1150807,2026-08-07,上櫃,6578,達邦蛋白,18.70,-0.10,18.75,18.80,18.30,81000,1510450,56,TPEX_CSV,2026-08-07 14:15:31 +0800
1150807,2026-08-07,上櫃,6584,南俊國際,550.00,+50.00,531.00,550.00,529.00,262000,142966000,183,TPEX_CSV,2026-08-07 14:15:31 +0800
1150807,2026-08-07,上櫃,6588,東典光電,89.80,-4.20,94.00,98.70,88.90,2156000,203682200,1765,TPEX_CSV,2026-08-07 14:15:31 +0800
1150807,2026-08-07,上櫃,6590,普鴻,63.10,-1.20,64.10,64.10,62.80,42000,2657800,38,TPEX_CSV,2026-08-07 14:15:31 +0800
1150807,2026-08-07,上櫃,6593,台灣銘板,32.25,-0.20,32.20,32.40,31.75,33000,1060700,32,TPEX_CSV,2026-08-07 14:15:31 +0800
1150807,2026-08-07,上櫃,6596,寬宏藝術,89.80,+0.70,88.40,90.00,88.40,61000,5470200,57,TPEX_CSV,2026-08-07 14:15:31 +0800
1150807,2026-08-07,上櫃,6597,立誠,65.70,+0.80,64.90,65.70,64.90,5000,325600,5,TPEX_CSV,2026-08-07 14:15:31 +0800
1150807,2026-08-07,上櫃,6603,富強鑫,26.00,+0.25,25.75,26.00,25.00,1127000,28749000,614,TPEX_CSV,2026-08-07 14:15:31 +0800
1150807,2026-08-07,上櫃,6609,瀧澤科,38.70,+0.45,38.30,40.15,38.30,285000,11080900,250,TPEX_CSV,2026-08-07 14:15:31 +0800
1150807,2026-08-07,上櫃,6612,奈米醫材,73.80,+2.20,72.80,74.80,72.60,23000,1699700,23,TPEX_CSV,2026-08-07 14:15:31 +0800
1150807,2026-08-07,上櫃,6613,朋億*,276.00,-30.50,337.00,337.00,276.00,2300000,681767000,1610,TPEX_CSV,2026-08-07 14:15:31 +0800
1150807,2026-08-07,上櫃,6615,慧智,34.05,+0.25,34.90,35.30,33.70,12000,412300,12,TPEX_CSV,2026-08-07 14:15:31 +0800
1150807,2026-08-07,上櫃,6616,特昇-KY,8.71,-0.01,8.79,8.79,8.60,20000,172920,19,TPEX_CSV,2026-08-07 14:15:31 +0800
1150807,2026-08-07,上櫃,6617,共信-KY,96.30,+8.70,88.60,96.30,86.10,1510000,141594300,1187,TPEX_CSV,2026-08-07 14:15:31 +0800
1150807,2026-08-07,上櫃,6620,漢達,84.50,-1.40,85.50,87.10,84.50,413000,35283300,313,TPEX_CSV,2026-08-07 14:15:31 +0800
1150807,2026-08-07,上櫃,6624,萬年清,43.95,+1.00,43.95,43.95,43.95,2000,87900,2,TPEX_CSV,2026-08-07 14:15:31 +0800
1150807,2026-08-07,上櫃,6629,泰金-KY,107.00,+0.50,106.50,107.50,105.00,15000,1598000,13,TPEX_CSV,2026-08-07 14:15:31 +0800
1150807,2026-08-07,上櫃,6637,醫影,62.20,+0.10,62.00,62.50,62.00,43000,2673200,20,TPEX_CSV,2026-08-07 14:15:31 +0800
1150807,2026-08-07,上櫃,6640,均華,918.00,-30.00,948.00,948.00,909.00,102000,94524000,97,TPEX_CSV,2026-08-07 14:15:31 +0800
1150807,2026-08-07,上櫃,6642,富致,80.70,+3.70,82.20,83.90,80.60,836000,68935000,625,TPEX_CSV,2026-08-07 14:15:31 +0800
1150807,2026-08-07,上櫃,6643,M31,437.00,-18.00,456.50,475.50,432.00,1286000,578772500,1185,TPEX_CSV,2026-08-07 14:15:31 +0800
1150807,2026-08-07,上櫃,6649,台生材,36.20,-0.40,36.70,36.90,36.20,10000,364350,9,TPEX_CSV,2026-08-07 14:15:31 +0800
1150807,2026-08-07,上櫃,6651,全宇昕,132.50,+12.00,132.50,132.50,132.50,137000,18152500,85,TPEX_CSV,2026-08-07 14:15:31 +0800
1150807,2026-08-07,上櫃,6654,天正國際,179.00,+8.50,182.50,186.50,170.50,49000,8725000,45,TPEX_CSV,2026-08-07 14:15:31 +0800
1150807,2026-08-07,上櫃,6661,威健生技,17.60,-0.15,17.20,17.60,17.20,4000,69550,4,TPEX_CSV,2026-08-07 14:15:31 +0800
1150807,2026-08-07,上櫃,6662,樂斯科,28.40,除息,28.50,28.80,28.40,42000,1198350,35,TPEX_CSV,2026-08-07 14:15:31 +0800
1150807,2026-08-07,上櫃,6664,群翊,332.00,-13.00,350.00,350.00,332.00,261000,88401000,213,TPEX_CSV,2026-08-07 14:15:31 +0800
1150807,2026-08-07,上櫃,6667,信紘科,230.00,-2.00,231.00,231.00,228.00,190000,43515500,172,TPEX_CSV,2026-08-07 14:15:31 +0800
1150807,2026-08-07,上櫃,6679,鈺太,209.50,-8.00,217.50,221.00,209.00,315000,67181000,262,TPEX_CSV,2026-08-07 14:15:31 +0800
1150807,2026-08-07,上櫃,6680,鑫創電子,----,---,----,----,----,0,0,0,TPEX_CSV,2026-08-07 14:15:31 +0800
1150807,2026-08-07,上櫃,6683,雍智科技,1120.00,-65.00,1160.00,1190.00,1110.00,578000,659395000,497,TPEX_CSV,2026-08-07 14:15:31 +0800
1150807,2026-08-07,上櫃,6684,安格,47.30,+0.10,47.55,48.05,47.20,71000,3374650,64,TPEX_CSV,2026-08-07 14:15:31 +0800
1150807,2026-08-07,上櫃,6690,安碁資訊,164.50,-0.50,163.50,165.00,163.50,14000,2302500,14,TPEX_CSV,2026-08-07 14:15:31 +0800
1150807,2026-08-07,上櫃,6692,進能服,23.00,+0.80,21.75,23.60,21.60,30000,682750,19,TPEX_CSV,2026-08-07 14:15:31 +0800
1150807,2026-08-07,上櫃,6693,廣閎科,185.50,+16.50,171.00,185.50,168.50,602000,106906000,467,TPEX_CSV,2026-08-07 14:15:31 +0800
1150807,2026-08-07,上櫃,6697,東捷資訊,40.00,0.00,39.80,40.00,39.80,16000,637250,7,TPEX_CSV,2026-08-07 14:15:31 +0800
1150807,2026-08-07,上櫃,6703,軒郁,107.00,0.00,107.00,107.50,106.50,38000,4064500,28,TPEX_CSV,2026-08-07 14:15:31 +0800
1150807,2026-08-07,上櫃,6708,天擎,----,---,----,----,----,0,0,0,TPEX_CSV,2026-08-07 14:15:31 +0800
1150807,2026-08-07,上櫃,6712,長聖,154.50,+2.00,152.50,155.00,152.00,358000,54902000,293,TPEX_CSV,2026-08-07 14:15:31 +0800
1150807,2026-08-07,上櫃,6716,應廣,95.70,+8.70,95.70,95.70,95.70,214000,20479800,114,TPEX_CSV,2026-08-07 14:15:31 +0800
1150807,2026-08-07,上櫃,6720,久昌,137.50,+2.50,135.50,138.00,135.50,19000,2599000,19,TPEX_CSV,2026-08-07 14:15:31 +0800
1150807,2026-08-07,上櫃,6721,信實,52.00,+0.60,52.00,52.00,52.00,8000,416000,6,TPEX_CSV,2026-08-07 14:15:31 +0800
1150807,2026-08-07,上櫃,6725,矽科宏晟,245.50,-8.00,254.00,254.00,245.00,70000,17302500,64,TPEX_CSV,2026-08-07 14:15:31 +0800
1150807,2026-08-07,上櫃,6727,亞泰金屬,383.00,-17.00,409.50,409.50,377.00,629000,246228500,548,TPEX_CSV,2026-08-07 14:15:31 +0800
1150807,2026-08-07,上櫃,6728,上洋,105.50,0.00,104.50,105.50,103.00,32000,3339000,27,TPEX_CSV,2026-08-07 14:15:31 +0800
1150807,2026-08-07,上櫃,6730,常廣,34.45,-0.55,34.40,34.45,34.40,5000,172100,5,TPEX_CSV,2026-08-07 14:15:31 +0800
1150807,2026-08-07,上櫃,6732,昇佳電子,158.00,+0.50,159.50,160.00,157.00,107000,16958000,96,TPEX_CSV,2026-08-07 14:15:31 +0800
1150807,2026-08-07,上櫃,6733,博晟生醫,27.10,-0.60,27.60,27.60,27.00,57000,1556350,43,TPEX_CSV,2026-08-07 14:15:31 +0800
1150807,2026-08-07,上櫃,6735,美達科技,65.70,-7.20,69.20,69.50,65.70,560000,37498000,430,TPEX_CSV,2026-08-07 14:15:31 +0800
1150807,2026-08-07,上櫃,6739,竹陞科技,1005.00,-110.00,1105.00,1115.00,1005.00,87000,92335000,87,TPEX_CSV,2026-08-07 14:15:31 +0800
1150807,2026-08-07,上櫃,6741,91APP*-KY,55.50,-0.20,55.70,56.30,55.40,89000,4957600,72,TPEX_CSV,2026-08-07 14:15:31 +0800
1150807,2026-08-07,上櫃,6751,智聯服務,41.85,+0.20,42.00,42.00,41.85,5000,209850,5,TPEX_CSV,2026-08-07 14:15:31 +0800
1150807,2026-08-07,上櫃,6752,叡揚,99.50,-0.10,99.00,100.00,99.00,12000,1194200,11,TPEX_CSV,2026-08-07 14:15:31 +0800
1150807,2026-08-07,上櫃,6761,穩得,153.00,-6.00,162.00,164.00,151.50,373000,58405000,321,TPEX_CSV,2026-08-07 14:15:31 +0800
1150807,2026-08-07,上櫃,6762,達亞,169.00,0.00,169.00,169.00,169.00,1000,169000,1,TPEX_CSV,2026-08-07 14:15:31 +0800
1150807,2026-08-07,上櫃,6763,綠界科技*,43.65,+1.15,42.80,44.35,42.50,588000,25641950,355,TPEX_CSV,2026-08-07 14:15:31 +0800
1150807,2026-08-07,上櫃,6767,台微醫,24.70,0.00,24.70,24.70,24.70,1000,24700,1,TPEX_CSV,2026-08-07 14:15:31 +0800
1150807,2026-08-07,上櫃,6785,昱展新藥,98.60,-0.30,98.00,98.70,97.20,27000,2645800,24,TPEX_CSV,2026-08-07 14:15:31 +0800
1150807,2026-08-07,上櫃,6788,華景電,340.00,-16.50,357.50,358.00,340.00,331000,114979500,282,TPEX_CSV,2026-08-07 14:15:31 +0800
1150807,2026-08-07,上櫃,6791,虎門科技,104.50,0.00,104.50,104.50,103.00,7000,729500,7,TPEX_CSV,2026-08-07 14:15:31 +0800
1150807,2026-08-07,上櫃,6803,崑鼎,270.00,+0.50,270.00,270.50,269.00,43000,11594000,43,TPEX_CSV,2026-08-07 14:15:31 +0800
1150807,2026-08-07,上櫃,6804,明係,18.80,-0.15,18.90,19.15,18.70,117000,2216000,83,TPEX_CSV,2026-08-07 14:15:31 +0800
1150807,2026-08-07,上櫃,6811,宏碁資訊,230.50,-1.00,234.00,234.00,227.50,162000,37332500,141,TPEX_CSV,2026-08-07 14:15:31 +0800
1150807,2026-08-07,上櫃,6821,聯寶,40.85,-1.75,41.55,41.75,40.80,63000,2594250,55,TPEX_CSV,2026-08-07 14:15:31 +0800
1150807,2026-08-07,上櫃,6823,濾能,65.40,-1.80,68.80,68.80,65.40,109000,7300200,91,TPEX_CSV,2026-08-07 14:15:31 +0800
1150807,2026-08-07,上櫃,6829,千附精密,191.50,-4.50,196.00,201.50,189.50,825000,160986000,642,TPEX_CSV,2026-08-07 14:15:31 +0800
1150807,2026-08-07,上櫃,6840,東研信超,66.60,-0.20,65.30,67.60,65.00,43000,2852000,27,TPEX_CSV,2026-08-07 14:15:31 +0800
1150807,2026-08-07,上櫃,6841,長佳智能,56.20,-0.30,56.40,57.10,56.20,188000,10665000,128,TPEX_CSV,2026-08-07 14:15:31 +0800
1150807,2026-08-07,上櫃,6843,進典,----,---,----,----,----,0,0,0,TPEX_CSV,2026-08-07 14:15:31 +0800
1150807,2026-08-07,上櫃,6844,諾貝兒,60.50,0.00,60.20,60.50,60.00,15000,903800,15,TPEX_CSV,2026-08-07 14:15:31 +0800
1150807,2026-08-07,上櫃,6846,綠茵,61.00,0.00,61.00,61.00,60.30,7000,424900,6,TPEX_CSV,2026-08-07 14:15:31 +0800
1150807,2026-08-07,上櫃,6855,數泓科,115.00,-2.00,113.50,115.00,113.50,3000,343500,3,TPEX_CSV,2026-08-07 14:15:31 +0800
1150807,2026-08-07,上櫃,6856,鑫傳,----,---,----,----,----,0,0,0,TPEX_CSV,2026-08-07 14:15:31 +0800
1150807,2026-08-07,上櫃,6859,伯特光,99.20,-1.80,101.00,103.00,98.50,65000,6549200,41,TPEX_CSV,2026-08-07 14:15:31 +0800
1150807,2026-08-07,上櫃,6865,偉康科技,24.70,-0.05,24.75,24.75,24.70,2000,49450,2,TPEX_CSV,2026-08-07 14:15:31 +0800
1150807,2026-08-07,上櫃,6870,騰雲,256.00,-5.50,261.50,265.00,256.00,40000,10386500,38,TPEX_CSV,2026-08-07 14:15:31 +0800
1150807,2026-08-07,上櫃,6872,浩宇生醫,15.30,+0.10,15.30,15.50,15.00,69000,1045750,28,TPEX_CSV,2026-08-07 14:15:31 +0800
1150807,2026-08-07,上櫃,6874,倍力,77.60,+0.60,77.30,77.60,77.00,12000,927800,12,TPEX_CSV,2026-08-07 14:15:31 +0800
1150807,2026-08-07,上櫃,6875,國邑*,32.60,-0.25,33.30,33.30,32.40,38000,1245050,31,TPEX_CSV,2026-08-07 14:15:31 +0800
1150807,2026-08-07,上櫃,6877,鏵友益,122.00,-3.00,123.50,125.00,120.00,53000,6447000,47,TPEX_CSV,2026-08-07 14:15:31 +0800
1150807,2026-08-07,上櫃,6881,潤德,200.50,0.00,200.00,200.50,199.50,9000,1802500,5,TPEX_CSV,2026-08-07 14:15:31 +0800
1150807,2026-08-07,上櫃,6884,海柏特,31.80,+0.40,31.95,31.95,31.00,14000,445000,13,TPEX_CSV,2026-08-07 14:15:31 +0800
1150807,2026-08-07,上櫃,6894,衛司特,347.00,-5.50,353.50,355.50,346.50,22000,7682500,21,TPEX_CSV,2026-08-07 14:15:31 +0800
1150807,2026-08-07,上櫃,6895,宏碩系統,115.00,-2.00,118.00,118.00,114.50,31000,3593000,28,TPEX_CSV,2026-08-07 14:15:31 +0800
1150807,2026-08-07,上櫃,6899,創為精密,50.80,-0.10,50.90,50.90,50.50,13000,659700,11,TPEX_CSV,2026-08-07 14:15:31 +0800
1150807,2026-08-07,上櫃,6903,巨漢,322.00,-4.00,327.00,331.00,319.00,293000,95128500,271,TPEX_CSV,2026-08-07 14:15:31 +0800
1150807,2026-08-07,上櫃,6904,伯鑫,----,---,----,----,----,0,0,0,TPEX_CSV,2026-08-07 14:15:31 +0800
1150807,2026-08-07,上櫃,6907,雅特力-KY,189.00,-6.00,205.00,214.50,188.00,4154000,844198000,3118,TPEX_CSV,2026-08-07 14:15:31 +0800
1150807,2026-08-07,上櫃,6910,德鴻,24.70,0.00,25.00,25.00,24.40,3000,74100,3,TPEX_CSV,2026-08-07 14:15:31 +0800
1150807,2026-08-07,上櫃,6913,鴻呈,146.00,+7.00,142.00,151.00,141.00,2253000,327692500,1585,TPEX_CSV,2026-08-07 14:15:31 +0800
1150807,2026-08-07,上櫃,6922,宸曜,185.50,-9.00,195.50,195.50,185.00,178000,33524500,163,TPEX_CSV,2026-08-07 14:15:31 +0800
1150807,2026-08-07,上櫃,6925,意藍,53.20,-0.70,54.10,54.30,53.20,14000,751500,13,TPEX_CSV,2026-08-07 14:15:31 +0800
1150807,2026-08-07,上櫃,6929,佑全,23.95,+0.65,23.30,24.00,23.30,11000,262850,10,TPEX_CSV,2026-08-07 14:15:31 +0800
1150807,2026-08-07,上櫃,6945,圓祥生技,99.60,+2.70,97.80,102.50,97.40,303000,30471900,233,TPEX_CSV,2026-08-07 14:15:31 +0800
1150807,2026-08-07,上櫃,6953,家碩,215.50,0.00,216.00,220.50,215.00,24000,5187000,19,TPEX_CSV,2026-08-07 14:15:31 +0800
1150807,2026-08-07,上櫃,6961,旅天下,51.30,+0.30,52.00,52.50,51.10,16000,830200,15,TPEX_CSV,2026-08-07 14:15:31 +0800
1150807,2026-08-07,上櫃,6967,汎瑋材料,68.10,-0.90,69.00,69.00,67.50,41000,2802000,39,TPEX_CSV,2026-08-07 14:15:31 +0800
1150807,2026-08-07,上櫃,6968,萬達寵物,45.80,+2.25,43.60,47.00,43.60,219000,10013600,168,TPEX_CSV,2026-08-07 14:15:31 +0800
1150807,2026-08-07,上櫃,6971,惠民實業,25.50,0.00,25.55,25.55,25.45,20000,509700,18,TPEX_CSV,2026-08-07 14:15:31 +0800
1150807,2026-08-07,上櫃,6982,大井泵浦,48.70,+0.65,48.15,48.70,47.40,41000,1978400,33,TPEX_CSV,2026-08-07 14:15:31 +0800
1150807,2026-08-07,上櫃,6983,華洋精機,298.50,-5.50,305.00,305.00,298.50,25000,7528000,22,TPEX_CSV,2026-08-07 14:15:31 +0800
1150807,2026-08-07,上櫃,6986,和迅,44.10,+0.55,43.20,44.20,43.20,47000,2063250,31,TPEX_CSV,2026-08-07 14:15:31 +0800
1150807,2026-08-07,上櫃,6996,力領科技,185.00,-1.00,187.00,188.50,185.00,52000,9715000,48,TPEX_CSV,2026-08-07 14:15:31 +0800
1150807,2026-08-07,上櫃,6997,博弘,70.90,0.00,68.20,70.90,68.20,3000,207300,3,TPEX_CSV,2026-08-07 14:15:31 +0800
1150807,2026-08-07,上櫃,7402,邑錡,103.50,-1.00,104.50,105.50,102.50,219000,22712500,173,TPEX_CSV,2026-08-07 14:15:31 +0800
1150807,2026-08-07,上櫃,7547,碩網,54.30,+4.90,54.20,54.30,54.10,65000,3527500,44,TPEX_CSV,2026-08-07 14:15:31 +0800
1150807,2026-08-07,上櫃,7556,意德士,223.00,0.00,222.00,224.00,219.50,19000,4222500,19,TPEX_CSV,2026-08-07 14:15:31 +0800
1150807,2026-08-07,上櫃,7584,樂意,25.35,-0.15,25.35,25.35,25.35,1000,25350,1,TPEX_CSV,2026-08-07 14:15:31 +0800
1150807,2026-08-07,上櫃,7642,昶瑞機電,80.10,+2.90,78.60,80.30,77.50,27000,2134100,22,TPEX_CSV,2026-08-07 14:15:31 +0800
1150807,2026-08-07,上櫃,7703,銳澤,178.00,-3.50,182.00,183.00,177.50,62000,11132500,41,TPEX_CSV,2026-08-07 14:15:31 +0800
1150807,2026-08-07,上櫃,7704,明遠精密,65.40,-0.40,66.70,68.40,65.20,147000,9877300,110,TPEX_CSV,2026-08-07 14:15:31 +0800
1150807,2026-08-07,上櫃,7708,全家餐飲,93.40,+0.40,93.00,93.40,93.00,10000,930400,9,TPEX_CSV,2026-08-07 14:15:31 +0800
1150807,2026-08-07,上櫃,7709,榮田,71.30,-2.30,74.00,74.80,71.00,59000,4294900,52,TPEX_CSV,2026-08-07 14:15:31 +0800
1150807,2026-08-07,上櫃,7712,博盛半導體,141.00,-1.00,143.50,143.50,138.00,258000,36059000,199,TPEX_CSV,2026-08-07 14:15:31 +0800
1150807,2026-08-07,上櫃,7713,威力德生醫,68.90,-0.20,69.10,69.10,68.90,11000,759000,10,TPEX_CSV,2026-08-07 14:15:31 +0800
1150807,2026-08-07,上櫃,7714,創泓科技,153.00,-0.50,158.00,158.00,152.50,151000,23329500,133,TPEX_CSV,2026-08-07 14:15:31 +0800
1150807,2026-08-07,上櫃,7715,裕山,35.15,-0.85,35.10,35.80,35.00,112000,3954450,51,TPEX_CSV,2026-08-07 14:15:31 +0800
1150807,2026-08-07,上櫃,7716,昱臺國際,23.95,-0.85,24.00,24.00,23.00,19000,443050,17,TPEX_CSV,2026-08-07 14:15:31 +0800
1150807,2026-08-07,上櫃,7717,萊德光電-KY,419.00,-8.00,418.50,436.00,417.00,123000,52378500,103,TPEX_CSV,2026-08-07 14:15:31 +0800
1150807,2026-08-07,上櫃,7718,友鋮,47.25,0.00,47.25,47.25,47.25,7000,330750,6,TPEX_CSV,2026-08-07 14:15:31 +0800
1150807,2026-08-07,上櫃,7723,築間,20.35,+1.85,18.50,20.35,18.50,207000,4148900,116,TPEX_CSV,2026-08-07 14:15:31 +0800
1150807,2026-08-07,上櫃,7728,光焱科技,598.00,-26.00,619.00,625.00,598.00,9000,5486000,8,TPEX_CSV,2026-08-07 14:15:31 +0800
1150807,2026-08-07,上櫃,7734,印能科技,3375.00,-15.00,3465.00,3500.00,3280.00,114000,384605000,104,TPEX_CSV,2026-08-07 14:15:31 +0800
1150807,2026-08-07,上櫃,7738,東聯互動,166.50,+0.50,167.50,167.50,165.50,4000,666500,4,TPEX_CSV,2026-08-07 14:15:31 +0800
1150807,2026-08-07,上櫃,7743,金利食安,21.20,+0.60,21.20,21.20,21.20,2000,42400,2,TPEX_CSV,2026-08-07 14:15:31 +0800
1150807,2026-08-07,上櫃,7744,崴寶,470.00,+19.50,495.50,495.50,458.00,92000,43382500,75,TPEX_CSV,2026-08-07 14:15:31 +0800
1150807,2026-08-07,上櫃,7747,昕奇雲端,----,---,----,----,----,0,0,0,TPEX_CSV,2026-08-07 14:15:31 +0800
1150807,2026-08-07,上櫃,7751,竑騰,1385.00,-20.00,1450.00,1505.00,1370.00,246000,352850000,226,TPEX_CSV,2026-08-07 14:15:31 +0800
1150807,2026-08-07,上櫃,7753,星亞,37.60,-0.45,38.00,38.30,37.60,29000,1096000,26,TPEX_CSV,2026-08-07 14:15:31 +0800
1150807,2026-08-07,上櫃,7757,金色三麥,89.50,+0.50,89.00,89.60,88.80,5000,445800,5,TPEX_CSV,2026-08-07 14:15:31 +0800
1150807,2026-08-07,上櫃,7767,仁大資訊,46.80,-0.70,47.00,47.35,46.80,34000,1597400,26,TPEX_CSV,2026-08-07 14:15:31 +0800
1150807,2026-08-07,上櫃,7770,君曜,39.95,+0.55,39.40,39.95,39.40,2000,79350,2,TPEX_CSV,2026-08-07 14:15:31 +0800
1150807,2026-08-07,上櫃,7772,耀穎,91.00,-3.40,94.50,94.50,90.60,43000,3973100,34,TPEX_CSV,2026-08-07 14:15:31 +0800
1150807,2026-08-07,上櫃,7777,能率亞洲,40.35,-1.35,41.85,42.60,40.25,2541000,105418750,1710,TPEX_CSV,2026-08-07 14:15:31 +0800
1150807,2026-08-07,上櫃,7782,光速火箭,----,---,----,----,----,0,0,0,TPEX_CSV,2026-08-07 14:15:31 +0800
1150807,2026-08-07,上櫃,7792,安葆,207.00,-10.00,220.00,220.00,205.50,220000,46353000,200,TPEX_CSV,2026-08-07 14:15:31 +0800
1150807,2026-08-07,上櫃,7794,宏碁智新,29.30,+0.25,30.00,30.00,29.30,16000,473150,15,TPEX_CSV,2026-08-07 14:15:31 +0800
1150807,2026-08-07,上櫃,7805,威聯通,644.00,+2.00,642.00,648.00,640.00,28000,17996000,26,TPEX_CSV,2026-08-07 14:15:31 +0800
1150807,2026-08-07,上櫃,7810,捷創科技,200.50,+4.50,203.00,203.00,195.00,34000,6731500,34,TPEX_CSV,2026-08-07 14:15:31 +0800
1150807,2026-08-07,上櫃,7811,民盛,71.10,+0.10,71.00,71.10,71.00,33000,2344500,13,TPEX_CSV,2026-08-07 14:15:31 +0800
1150807,2026-08-07,上櫃,7814,海昌生技,30.15,+0.15,30.85,30.85,30.05,38000,1160000,34,TPEX_CSV,2026-08-07 14:15:31 +0800
1150807,2026-08-07,上櫃,7819,精誠金融,34.80,+0.35,34.65,34.80,34.35,15000,517800,15,TPEX_CSV,2026-08-07 14:15:31 +0800
1150807,2026-08-07,上櫃,7820,立盈,110.00,+10.00,110.00,110.00,110.00,16000,1760000,16,TPEX_CSV,2026-08-07 14:15:31 +0800
1150807,2026-08-07,上櫃,7828,創新服務,1710.00,-45.00,1730.00,1780.00,1700.00,73000,125760000,69,TPEX_CSV,2026-08-07 14:15:31 +0800
1150807,2026-08-07,上櫃,7839,達人網,45.00,-0.75,46.00,46.00,44.00,4000,180800,4,TPEX_CSV,2026-08-07 14:15:31 +0800
1150807,2026-08-07,上櫃,7842,天能綠電,83.30,+7.50,81.50,83.30,81.40,54000,4460900,48,TPEX_CSV,2026-08-07 14:15:31 +0800
1150807,2026-08-07,上櫃,8024,佑華,14.40,-0.15,14.70,14.75,14.30,26000,375400,21,TPEX_CSV,2026-08-07 14:15:31 +0800
1150807,2026-08-07,上櫃,8027,鈦昇,172.00,-11.00,181.50,182.00,172.00,1926000,340003500,1488,TPEX_CSV,2026-08-07 14:15:31 +0800
1150807,2026-08-07,上櫃,8032,光菱,36.10,-0.20,36.10,36.10,35.90,72000,2591750,29,TPEX_CSV,2026-08-07 14:15:31 +0800
1150807,2026-08-07,上櫃,8034,榮群,19.10,-0.45,19.60,19.60,19.00,151000,2890500,92,TPEX_CSV,2026-08-07 14:15:31 +0800
1150807,2026-08-07,上櫃,8038,長園科,32.10,-0.15,32.55,32.55,32.00,109000,3501850,77,TPEX_CSV,2026-08-07 14:15:31 +0800
1150807,2026-08-07,上櫃,8040,九暘,73.00,+0.80,72.90,75.30,71.50,533000,39241000,384,TPEX_CSV,2026-08-07 14:15:31 +0800
1150807,2026-08-07,上櫃,8042,金山電,116.50,+4.00,110.50,118.00,107.50,3960000,446650000,2817,TPEX_CSV,2026-08-07 14:15:31 +0800
1150807,2026-08-07,上櫃,8043,蜜望實,126.00,-9.00,132.00,134.50,125.00,2976000,384939500,2368,TPEX_CSV,2026-08-07 14:15:31 +0800
1150807,2026-08-07,上櫃,8044,網家,28.00,+0.65,27.65,28.85,27.55,846000,23942900,573,TPEX_CSV,2026-08-07 14:15:31 +0800
1150807,2026-08-07,上櫃,8047,星雲,48.50,+4.30,44.05,48.50,43.35,37000,1661650,17,TPEX_CSV,2026-08-07 14:15:31 +0800
1150807,2026-08-07,上櫃,8048,德勝,52.20,-1.80,53.90,54.20,52.20,125000,6653400,104,TPEX_CSV,2026-08-07 14:15:31 +0800
1150807,2026-08-07,上櫃,8049,晶采,26.40,+0.10,26.30,26.45,26.30,142000,3747000,70,TPEX_CSV,2026-08-07 14:15:31 +0800
1150807,2026-08-07,上櫃,8050,廣積,69.00,+5.90,63.60,69.40,62.80,16119000,1096976300,9053,TPEX_CSV,2026-08-07 14:15:31 +0800
1150807,2026-08-07,上櫃,8054,安國,82.80,-0.60,86.60,87.00,82.80,1334000,112780300,981,TPEX_CSV,2026-08-07 14:15:31 +0800
1150807,2026-08-07,上櫃,8059,凱碩,15.10,-0.05,15.25,15.95,15.10,123000,1881550,84,TPEX_CSV,2026-08-07 14:15:31 +0800
1150807,2026-08-07,上櫃,8064,東捷,103.00,-2.50,104.50,107.00,101.00,1951000,201659500,1468,TPEX_CSV,2026-08-07 14:15:31 +0800
1150807,2026-08-07,上櫃,8066,來思達,----,---,----,----,----,0,0,0,TPEX_CSV,2026-08-07 14:15:31 +0800
1150807,2026-08-07,上櫃,8067,志旭,13.35,+0.10,12.90,13.55,12.90,11000,145450,9,TPEX_CSV,2026-08-07 14:15:31 +0800
1150807,2026-08-07,上櫃,8068,全達,17.90,-0.25,18.20,18.70,17.90,152000,2759200,104,TPEX_CSV,2026-08-07 14:15:31 +0800
1150807,2026-08-07,上櫃,8069,元太,196.00,0.00,195.00,208.50,195.00,17039000,3426438000,8791,TPEX_CSV,2026-08-07 14:15:31 +0800
1150807,2026-08-07,上櫃,8071,能率網通,23.15,0.00,23.40,24.25,23.05,941000,22153700,598,TPEX_CSV,2026-08-07 14:15:31 +0800
1150807,2026-08-07,上櫃,8074,鉅橡,53.40,-2.10,55.80,56.00,53.30,502000,27257500,312,TPEX_CSV,2026-08-07 14:15:31 +0800
1150807,2026-08-07,上櫃,8076,伍豐,23.15,0.00,23.15,23.35,22.90,346000,7972300,205,TPEX_CSV,2026-08-07 14:15:31 +0800
1150807,2026-08-07,上櫃,8077,洛碁,----,---,----,----,----,0,0,0,TPEX_CSV,2026-08-07 14:15:31 +0800
1150807,2026-08-07,上櫃,8080,泰霖,27.50,+0.25,27.80,27.80,27.50,31000,858950,6,TPEX_CSV,2026-08-07 14:15:31 +0800
1150807,2026-08-07,上櫃,8083,瑞穎,158.50,0.00,159.00,160.00,157.50,41000,6494500,41,TPEX_CSV,2026-08-07 14:15:31 +0800
1150807,2026-08-07,上櫃,8084,巨虹,44.40,+1.95,43.30,44.40,42.50,180000,7818750,152,TPEX_CSV,2026-08-07 14:15:31 +0800
1150807,2026-08-07,上櫃,8085,福華,11.30,+0.15,11.20,11.40,11.15,171000,1916050,86,TPEX_CSV,2026-08-07 14:15:31 +0800
1150807,2026-08-07,上櫃,8086,宏捷科,111.50,-12.00,122.00,122.50,111.50,7195000,821686000,4585,TPEX_CSV,2026-08-07 14:15:31 +0800
1150807,2026-08-07,上櫃,8087,麗升能源,29.50,+0.60,29.45,29.50,29.45,4000,117900,2,TPEX_CSV,2026-08-07 14:15:31 +0800
1150807,2026-08-07,上櫃,8088,品安,47.10,-1.30,48.50,49.50,47.10,2173000,104627700,1551,TPEX_CSV,2026-08-07 14:15:31 +0800
1150807,2026-08-07,上櫃,8089,康全電訊,18.15,-0.35,18.50,18.50,18.10,62000,1132500,48,TPEX_CSV,2026-08-07 14:15:31 +0800
1150807,2026-08-07,上櫃,8091,翔名,225.00,-4.00,227.00,231.00,224.50,292000,66192000,261,TPEX_CSV,2026-08-07 14:15:31 +0800
1150807,2026-08-07,上櫃,8092,建暐,13.15,-0.25,13.55,13.55,12.65,77000,997900,63,TPEX_CSV,2026-08-07 14:15:31 +0800
1150807,2026-08-07,上櫃,8093,保銳,21.00,+0.30,20.10,21.05,20.10,23000,480300,21,TPEX_CSV,2026-08-07 14:15:31 +0800
1150807,2026-08-07,上櫃,8096,擎亞,131.50,-4.00,135.50,141.00,131.50,6829000,930262000,4270,TPEX_CSV,2026-08-07 14:15:31 +0800
1150807,2026-08-07,上櫃,8097,常珵,51.80,0.00,51.20,51.80,51.10,14000,719600,10,TPEX_CSV,2026-08-07 14:15:31 +0800
1150807,2026-08-07,上櫃,8099,大世科,58.10,-0.40,58.60,59.00,57.50,73000,4248500,57,TPEX_CSV,2026-08-07 14:15:31 +0800
1150807,2026-08-07,上櫃,8102,傑霖科技,68.30,+0.10,69.70,69.70,68.20,7000,479000,7,TPEX_CSV,2026-08-07 14:15:31 +0800
1150807,2026-08-07,上櫃,8107,大億金茂,11.65,+0.10,11.55,11.85,11.55,20000,234500,18,TPEX_CSV,2026-08-07 14:15:31 +0800
1150807,2026-08-07,上櫃,8109,博大,132.50,+0.50,132.00,134.50,131.50,261000,34792500,214,TPEX_CSV,2026-08-07 14:15:31 +0800
1150807,2026-08-07,上櫃,8111,立碁,59.40,-3.20,61.60,63.10,59.00,5756000,349755800,3437,TPEX_CSV,2026-08-07 14:15:31 +0800
1150807,2026-08-07,上櫃,8121,越峰,28.35,-0.95,29.35,29.40,28.20,815000,23328450,504,TPEX_CSV,2026-08-07 14:15:31 +0800
1150807,2026-08-07,上櫃,8147,正淩,125.50,-2.50,129.00,129.00,125.00,127000,16049000,99,TPEX_CSV,2026-08-07 14:15:31 +0800
1150807,2026-08-07,上櫃,8155,博智,295.50,-10.50,303.50,307.00,292.00,525000,157192000,452,TPEX_CSV,2026-08-07 14:15:31 +0800
1150807,2026-08-07,上櫃,8171,天宇,19.50,-0.05,19.45,19.60,19.40,29000,565000,23,TPEX_CSV,2026-08-07 14:15:31 +0800
1150807,2026-08-07,上櫃,8176,智捷,9.78,-0.05,9.83,9.92,9.77,62000,609160,47,TPEX_CSV,2026-08-07 14:15:31 +0800
1150807,2026-08-07,上櫃,8182,加高,38.55,-0.85,39.55,40.40,38.50,690000,27068250,541,TPEX_CSV,2026-08-07 14:15:31 +0800
1150807,2026-08-07,上櫃,8183,精星,28.90,-0.20,29.25,29.40,28.90,147000,4277350,102,TPEX_CSV,2026-08-07 14:15:31 +0800
1150807,2026-08-07,上櫃,8227,巨有科技,145.00,-3.00,148.00,149.00,145.00,228000,33455500,183,TPEX_CSV,2026-08-07 14:15:31 +0800
1150807,2026-08-07,上櫃,8234,新漢,70.00,+2.30,68.80,72.40,68.50,1664000,117675300,1205,TPEX_CSV,2026-08-07 14:15:31 +0800
1150807,2026-08-07,上櫃,8240,華宏,42.35,+0.55,42.10,43.50,41.85,390000,16635550,222,TPEX_CSV,2026-08-07 14:15:31 +0800
1150807,2026-08-07,上櫃,8255,朋程,141.00,-2.00,144.00,144.00,140.50,314000,44580500,229,TPEX_CSV,2026-08-07 14:15:31 +0800
1150807,2026-08-07,上櫃,8272,全景軟體,64.40,+0.10,65.80,65.80,63.70,11000,706000,10,TPEX_CSV,2026-08-07 14:15:31 +0800
1150807,2026-08-07,上櫃,8277,商丞,8.10,-0.02,8.12,8.14,7.98,193000,1548540,52,TPEX_CSV,2026-08-07 14:15:31 +0800
1150807,2026-08-07,上櫃,8279,生展,89.00,-2.00,90.20,91.30,88.60,7000,628300,7,TPEX_CSV,2026-08-07 14:15:31 +0800
1150807,2026-08-07,上櫃,8284,三竹,62.20,-0.30,62.50,62.50,62.00,8000,497100,4,TPEX_CSV,2026-08-07 14:15:31 +0800
1150807,2026-08-07,上櫃,8289,泰藝,41.90,-0.95,43.20,43.75,41.80,297000,12603750,237,TPEX_CSV,2026-08-07 14:15:31 +0800
1150807,2026-08-07,上櫃,8291,尚茂,41.00,0.00,41.00,41.00,38.15,52000,2104750,43,TPEX_CSV,2026-08-07 14:15:31 +0800
1150807,2026-08-07,上櫃,8299,群聯,2020.00,-5.00,2060.00,2075.00,1970.00,6639000,13428430000,5173,TPEX_CSV,2026-08-07 14:15:31 +0800
1150807,2026-08-07,上櫃,8342,益張,----,---,----,----,----,0,0,0,TPEX_CSV,2026-08-07 14:15:31 +0800
1150807,2026-08-07,上櫃,8349,恒耀,39.70,0.00,39.75,40.10,39.35,69000,2732050,54,TPEX_CSV,2026-08-07 14:15:31 +0800
1150807,2026-08-07,上櫃,8354,冠好,15.15,-0.25,15.30,15.45,15.15,45000,685300,32,TPEX_CSV,2026-08-07 14:15:31 +0800
1150807,2026-08-07,上櫃,8358,金居,352.00,-32.00,393.00,397.00,350.00,30659000,11315236500,21353,TPEX_CSV,2026-08-07 14:15:31 +0800
1150807,2026-08-07,上櫃,8383,千附,70.00,-1.70,71.50,71.50,69.30,1846000,129749700,1295,TPEX_CSV,2026-08-07 14:15:31 +0800
1150807,2026-08-07,上櫃,8390,金益鼎,97.00,-1.50,98.50,98.90,96.80,327000,31908700,272,TPEX_CSV,2026-08-07 14:15:31 +0800
1150807,2026-08-07,上櫃,8401,白紗科,22.75,+0.05,22.90,22.90,22.60,20000,455050,11,TPEX_CSV,2026-08-07 14:15:31 +0800
1150807,2026-08-07,上櫃,8403,盛弘,18.85,-0.10,18.95,19.00,18.80,101000,1904150,75,TPEX_CSV,2026-08-07 14:15:31 +0800
1150807,2026-08-07,上櫃,8409,商之器,18.35,+0.25,18.15,18.35,18.10,12000,218600,11,TPEX_CSV,2026-08-07 14:15:31 +0800
1150807,2026-08-07,上櫃,8410,森田,31.60,+0.65,31.30,32.00,31.30,50000,1583350,29,TPEX_CSV,2026-08-07 14:15:31 +0800
1150807,2026-08-07,上櫃,8415,大國鋼,38.05,+0.20,38.20,38.20,37.65,375000,14222250,196,TPEX_CSV,2026-08-07 14:15:31 +0800
1150807,2026-08-07,上櫃,8416,實威,169.50,+0.50,167.50,169.50,167.00,6000,1005500,6,TPEX_CSV,2026-08-07 14:15:31 +0800
1150807,2026-08-07,上櫃,8421,旭源,15.30,+0.85,14.50,15.50,14.35,264000,3964400,159,TPEX_CSV,2026-08-07 14:15:31 +0800
1150807,2026-08-07,上櫃,8423,保綠-KY,18.00,0.00,18.05,18.05,18.00,12000,216550,3,TPEX_CSV,2026-08-07 14:15:31 +0800
1150807,2026-08-07,上櫃,8424,惠普,69.20,+0.40,68.80,69.20,68.60,38000,2618300,16,TPEX_CSV,2026-08-07 14:15:31 +0800
1150807,2026-08-07,上櫃,8426,紅木-KY,21.40,-0.05,21.45,21.45,21.30,9000,192350,6,TPEX_CSV,2026-08-07 14:15:31 +0800
1150807,2026-08-07,上櫃,8431,匯鑽科,48.05,-1.95,49.90,50.50,48.00,272000,13304900,229,TPEX_CSV,2026-08-07 14:15:31 +0800
1150807,2026-08-07,上櫃,8432,東生華,50.80,-0.20,51.20,51.20,50.70,45000,2291000,33,TPEX_CSV,2026-08-07 14:15:31 +0800
1150807,2026-08-07,上櫃,8433,弘帆,54.90,+1.00,54.10,54.90,54.10,11000,601500,10,TPEX_CSV,2026-08-07 14:15:31 +0800
1150807,2026-08-07,上櫃,8435,鉅邁,54.00,+1.60,54.00,54.60,53.00,119000,6379500,78,TPEX_CSV,2026-08-07 14:15:31 +0800
1150807,2026-08-07,上櫃,8436,大江,117.00,-2.50,120.50,121.50,117.00,830000,99070500,506,TPEX_CSV,2026-08-07 14:15:31 +0800
1150807,2026-08-07,上櫃,8437,大地-KY,9.10,-0.12,9.44,9.59,8.96,16000,146790,16,TPEX_CSV,2026-08-07 14:15:31 +0800
1150807,2026-08-07,上櫃,8440,綠電,19.55,-0.05,19.60,19.70,19.50,30000,588800,29,TPEX_CSV,2026-08-07 14:15:31 +0800
1150807,2026-08-07,上櫃,8444,綠河-KY,5.35,-0.15,5.55,5.55,5.35,15000,81400,9,TPEX_CSV,2026-08-07 14:15:31 +0800
1150807,2026-08-07,上櫃,8446,華研,85.10,-0.60,86.00,86.00,85.10,42000,3584800,30,TPEX_CSV,2026-08-07 14:15:31 +0800
1150807,2026-08-07,上櫃,8450,霹靂,15.10,+0.40,15.00,15.15,14.75,31000,465000,18,TPEX_CSV,2026-08-07 14:15:31 +0800
1150807,2026-08-07,上櫃,8455,大拓-KY,24.00,-0.15,24.15,24.15,24.00,2000,48150,2,TPEX_CSV,2026-08-07 14:15:31 +0800
1150807,2026-08-07,上櫃,8472,夠麻吉,68.90,+0.90,66.60,68.90,66.00,30000,2025200,20,TPEX_CSV,2026-08-07 14:15:31 +0800
1150807,2026-08-07,上櫃,8477,創業家,15.65,-0.05,15.95,16.00,15.65,10000,159500,9,TPEX_CSV,2026-08-07 14:15:31 +0800
1150807,2026-08-07,上櫃,8489,三貝德,22.90,+0.05,22.60,22.90,22.50,11000,248400,11,TPEX_CSV,2026-08-07 14:15:31 +0800
1150807,2026-08-07,上櫃,8905,裕國,34.75,+0.75,34.00,34.75,33.90,4000,136550,4,TPEX_CSV,2026-08-07 14:15:31 +0800
1150807,2026-08-07,上櫃,8906,花王,26.55,-0.55,25.95,26.85,25.95,3000,79350,3,TPEX_CSV,2026-08-07 14:15:31 +0800
1150807,2026-08-07,上櫃,8908,欣雄,39.50,-0.30,39.60,40.00,39.50,33000,1307700,26,TPEX_CSV,2026-08-07 14:15:31 +0800
1150807,2026-08-07,上櫃,8916,光隆,42.90,-0.40,43.50,43.65,42.85,113000,4870850,88,TPEX_CSV,2026-08-07 14:15:31 +0800
1150807,2026-08-07,上櫃,8917,欣泰,----,---,----,----,----,0,0,0,TPEX_CSV,2026-08-07 14:15:31 +0800
1150807,2026-08-07,上櫃,8921,沈氏,17.30,+0.30,17.30,17.30,17.30,1000,17300,1,TPEX_CSV,2026-08-07 14:15:31 +0800
1150807,2026-08-07,上櫃,8923,時報,18.80,+0.10,18.80,18.80,18.80,1000,18800,1,TPEX_CSV,2026-08-07 14:15:31 +0800
1150807,2026-08-07,上櫃,8924,大田,51.50,-0.40,51.70,51.70,51.00,85000,4361500,73,TPEX_CSV,2026-08-07 14:15:31 +0800
1150807,2026-08-07,上櫃,8927,北基,21.05,+0.05,21.00,21.15,20.90,290000,6094250,159,TPEX_CSV,2026-08-07 14:15:31 +0800
1150807,2026-08-07,上櫃,8928,鉅明,22.85,+0.05,22.60,23.00,22.60,16000,365250,13,TPEX_CSV,2026-08-07 14:15:31 +0800
1150807,2026-08-07,上櫃,8929,富堡,13.30,+0.10,13.30,13.40,13.30,6000,80150,6,TPEX_CSV,2026-08-07 14:15:31 +0800
1150807,2026-08-07,上櫃,8930,青鋼,30.90,+0.10,30.85,31.10,30.85,23000,711700,13,TPEX_CSV,2026-08-07 14:15:31 +0800
1150807,2026-08-07,上櫃,8931,大汽電,40.75,-0.05,40.75,41.05,40.75,14000,571000,10,TPEX_CSV,2026-08-07 14:15:31 +0800
1150807,2026-08-07,上櫃,8932,智通*,98.00,-3.00,99.50,101.00,97.00,1479000,145932300,929,TPEX_CSV,2026-08-07 14:15:31 +0800
1150807,2026-08-07,上櫃,8933,愛地雅,4.49,+0.07,4.50,4.50,4.36,93000,416110,34,TPEX_CSV,2026-08-07 14:15:31 +0800
1150807,2026-08-07,上櫃,8935,邦泰,17.50,+0.15,17.40,17.60,17.35,90000,1574550,49,TPEX_CSV,2026-08-07 14:15:31 +0800
1150807,2026-08-07,上櫃,8936,國統,52.70,+0.40,52.60,52.70,52.20,839000,43989700,478,TPEX_CSV,2026-08-07 14:15:31 +0800
1150807,2026-08-07,上櫃,8937,合騏*,23.80,-0.10,23.95,24.00,23.00,45000,1050350,42,TPEX_CSV,2026-08-07 14:15:31 +0800
1150807,2026-08-07,上櫃,8938,明安,52.90,0.00,52.90,53.00,52.60,96000,5074800,79,TPEX_CSV,2026-08-07 14:15:31 +0800
1150807,2026-08-07,上櫃,8941,關中,43.40,0.00,43.35,43.40,43.35,2000,86750,2,TPEX_CSV,2026-08-07 14:15:31 +0800
1150807,2026-08-07,上櫃,8942,森鉅,38.60,+0.70,37.90,38.95,37.90,169000,6488850,94,TPEX_CSV,2026-08-07 14:15:31 +0800
1150807,2026-08-07,上櫃,9949,琉園,23.55,+0.25,23.30,23.90,23.30,19000,447200,19,TPEX_CSV,2026-08-07 14:15:31 +0800
1150807,2026-08-07,上櫃,9950,萬國通,10.45,0.00,10.50,10.50,10.25,31000,322050,15,TPEX_CSV,2026-08-07 14:15:31 +0800
1150807,2026-08-07,上櫃,9951,皇田,53.00,+0.30,53.10,53.10,52.90,10000,529900,10,TPEX_CSV,2026-08-07 14:15:31 +0800
1150807,2026-08-07,上櫃,9960,邁達康,30.50,-0.60,30.50,31.45,30.05,9000,273150,7,TPEX_CSV,2026-08-07 14:15:31 +0800
1150807,2026-08-07,上櫃,9962,有益,9.98,0.00,10.00,10.10,9.89,109000,1088410,46,TPEX_CSV,2026-08-07 14:15:31 +0800
