日期,西元日期,市場,股票代號,股票名稱,收盤價,漲跌,開盤價,最高價,最低價,成交股數,成交金額,成交筆數,資料來源,下載時間
1150923,2026-09-23,上市,00400A,主動國泰動能高息,15.57,0.0800,15.58,15.63,15.51,26783000,417041040,4044,TWSE_CSV,2026-09-23 14:15:36 +0800
1150923,2026-09-23,上市,00401A,主動摩根台灣鑫收,14.32,-0.0100,14.43,14.43,14.28,5008000,71799100,639,TWSE_CSV,2026-09-23 14:15:36 +0800
1150923,2026-09-23,上市,00402A,主動安聯美國科技,10.08,0.0800,10.05,10.10,10.04,34647000,348720800,3205,TWSE_CSV,2026-09-23 14:15:36 +0800
1150923,2026-09-23,上市,00403A,主動統一升級50,10.81,0.1100,10.77,10.87,10.77,356261000,3857672240,43665,TWSE_CSV,2026-09-23 14:15:36 +0800
1150923,2026-09-23,上市,00404A,主動聯博動能50,9.88,0.0100,9.93,9.93,9.85,6386000,63147610,1071,TWSE_CSV,2026-09-23 14:15:36 +0800
1150923,2026-09-23,上市,00405A,主動富邦台灣龍耀,9.36,0.1300,9.31,9.39,9.28,112998000,1056632750,11368,TWSE_CSV,2026-09-23 14:15:36 +0800
1150923,2026-09-23,上市,00406A,主動中信台灣收益,9.92,0.0800,9.92,9.95,9.87,187111000,1854483940,21512,TWSE_CSV,2026-09-23 14:15:36 +0800
1150923,2026-09-23,上市,00407A,主動凱基台灣,10.12,0.0800,10.11,10.19,10.09,65498000,664197540,6465,TWSE_CSV,2026-09-23 14:15:36 +0800
1150923,2026-09-23,上市,00408A,主動第一金優股息,10.51,0.0400,10.54,10.56,10.46,2125000,22314890,148,TWSE_CSV,2026-09-23 14:15:36 +0800
1150923,2026-09-23,上市,00409A,主動復華全球50,10.14,0.0700,10.14,10.20,10.13,48888000,497002910,3068,TWSE_CSV,2026-09-23 14:15:36 +0800
1150923,2026-09-23,上市,00410A,主動永豐科技趨勢,12.34,0.0900,12.29,12.39,12.26,6370000,78525170,584,TWSE_CSV,2026-09-23 14:15:36 +0800
1150923,2026-09-23,上市,0050,元大台灣50,112.45,0.6000,112.80,113.15,112.30,55272000,6228992250,19116,TWSE_CSV,2026-09-23 14:15:36 +0800
1150923,2026-09-23,上市,0051,元大中型100,147.00,-0.2000,147.70,148.00,146.70,34000,5010800,24,TWSE_CSV,2026-09-23 14:15:36 +0800
1150923,2026-09-23,上市,0052,富邦科技,65.45,0.7000,65.30,65.75,65.25,13263000,868995200,4533,TWSE_CSV,2026-09-23 14:15:36 +0800
1150923,2026-09-23,上市,0053,元大電子,253.00,1.5500,252.90,255.10,252.90,151000,38322050,48,TWSE_CSV,2026-09-23 14:15:36 +0800
1150923,2026-09-23,上市,0055,元大MSCI金融,49.88,-0.5200,50.40,50.40,49.71,1116000,55706640,584,TWSE_CSV,2026-09-23 14:15:36 +0800
1150923,2026-09-23,上市,0056,元大高股息,56.60,-0.2500,57.10,57.15,56.55,24728000,1403369950,11172,TWSE_CSV,2026-09-23 14:15:36 +0800
1150923,2026-09-23,上市,0057,富邦摩台,335.20,1.2000,336.90,336.90,334.40,9000,3021200,9,TWSE_CSV,2026-09-23 14:15:36 +0800
1150923,2026-09-23,上市,0061,元大寶滬深,24.12,-0.1500,24.29,24.29,24.08,40000,966090,23,TWSE_CSV,2026-09-23 14:15:36 +0800
1150923,2026-09-23,上市,006203,元大MSCI台灣,203.45,-0.5000,202.85,203.95,202.65,19000,3859800,14,TWSE_CSV,2026-09-23 14:15:36 +0800
1150923,2026-09-23,上市,006204,永豐臺灣加權,239.55,-0.0500,240.00,240.00,239.55,23000,5510750,5,TWSE_CSV,2026-09-23 14:15:36 +0800
1150923,2026-09-23,上市,006205,富邦上証,40.17,-0.3200,40.60,40.60,40.17,45000,1820920,18,TWSE_CSV,2026-09-23 14:15:36 +0800
1150923,2026-09-23,上市,006206,元大上證50,37.65,-0.2000,37.83,37.83,37.50,5000,188280,4,TWSE_CSV,2026-09-23 14:15:36 +0800
1150923,2026-09-23,上市,006207,復華滬深,32.04,-0.3300,32.20,32.21,32.04,303000,9731060,16,TWSE_CSV,2026-09-23 14:15:36 +0800
1150923,2026-09-23,上市,006208,富邦台50,257.00,1.3000,257.15,258.60,256.70,1076000,277003150,806,TWSE_CSV,2026-09-23 14:15:36 +0800
1150923,2026-09-23,上市,00625K,富邦上証+R,,0.0000,,,,,,,TWSE_CSV,2026-09-23 14:15:36 +0800
1150923,2026-09-23,上市,00631L,元大台灣50正2,38.99,0.4700,39.17,39.43,38.87,136501000,5347288750,27324,TWSE_CSV,2026-09-23 14:15:36 +0800
1150923,2026-09-23,上市,00632R,元大台灣50反1,9.49,-0.0300,9.45,9.50,9.43,67966000,643152640,7404,TWSE_CSV,2026-09-23 14:15:36 +0800
1150923,2026-09-23,上市,00633L,富邦上証正2,47.67,-0.6900,48.60,48.65,47.67,1045000,50192770,339,TWSE_CSV,2026-09-23 14:15:36 +0800
1150923,2026-09-23,上市,00634R,富邦上証反1,3.15,0.0200,3.11,3.15,3.11,412000,1289530,13,TWSE_CSV,2026-09-23 14:15:36 +0800
1150923,2026-09-23,上市,00635U,期元大S&P黃金,44.77,0.0800,44.86,44.87,44.69,1104000,49408330,546,TWSE_CSV,2026-09-23 14:15:36 +0800
1150923,2026-09-23,上市,00636,國泰中國A50,27.39,-0.1800,27.87,27.87,27.38,514000,14095900,56,TWSE_CSV,2026-09-23 14:15:36 +0800
1150923,2026-09-23,上市,00636K,國泰中國A50+U,8.63,-0.0900,8.63,8.63,8.63,200,1726,2,TWSE_CSV,2026-09-23 14:15:36 +0800
1150923,2026-09-23,上市,00637L,元大滬深300正2,19.62,-0.3000,20.01,20.04,19.62,15385000,303950640,1873,TWSE_CSV,2026-09-23 14:15:36 +0800
1150923,2026-09-23,上市,00638R,元大滬深300反1,6.69,0.0400,6.64,6.69,6.62,34000,226000,9,TWSE_CSV,2026-09-23 14:15:36 +0800
1150923,2026-09-23,上市,00639,富邦深100,15.97,-0.2000,16.24,16.24,15.97,145000,2328210,59,TWSE_CSV,2026-09-23 14:15:36 +0800
1150923,2026-09-23,上市,00640L,富邦日本正2,110.70,1.2000,111.00,111.00,110.20,80000,8843950,42,TWSE_CSV,2026-09-23 14:15:36 +0800
1150923,2026-09-23,上市,00641R,富邦日本反1,3.62,-0.0300,3.62,3.63,3.62,236000,854710,22,TWSE_CSV,2026-09-23 14:15:36 +0800
1150923,2026-09-23,上市,00642U,期元大S&P石油,30.66,-1.3900,30.97,30.99,30.42,1628000,50070240,699,TWSE_CSV,2026-09-23 14:15:36 +0800
1150923,2026-09-23,上市,00643,群益深証中小,18.07,-0.2500,18.31,18.31,18.03,2129000,38504880,97,TWSE_CSV,2026-09-23 14:15:36 +0800
1150923,2026-09-23,上市,00643K,群益深証中小+R,,0.0000,,,,,,,TWSE_CSV,2026-09-23 14:15:36 +0800
1150923,2026-09-23,上市,00645,富邦日本,58.70,0.2500,58.75,58.75,58.50,73000,4281400,41,TWSE_CSV,2026-09-23 14:15:36 +0800
1150923,2026-09-23,上市,00646,元大S&P500,77.60,0.0000,77.55,77.65,77.40,2556000,198141450,1075,TWSE_CSV,2026-09-23 14:15:36 +0800
1150923,2026-09-23,上市,00647L,元大S&P500正2,141.00,0.3500,140.25,141.00,140.25,14000,1969600,8,TWSE_CSV,2026-09-23 14:15:36 +0800
1150923,2026-09-23,上市,00648R,元大S&P500反1,3.88,0.0000,3.88,3.89,3.87,148000,573500,20,TWSE_CSV,2026-09-23 14:15:36 +0800
1150923,2026-09-23,上市,00650L,復華香港正2,16.37,-0.3200,16.71,16.72,16.34,2577000,42495350,377,TWSE_CSV,2026-09-23 14:15:36 +0800
1150923,2026-09-23,上市,00651R,復華香港反1,5.24,0.0400,5.26,5.27,5.24,15000,78790,6,TWSE_CSV,2026-09-23 14:15:36 +0800
1150923,2026-09-23,上市,00652,富邦印度,32.05,0.0200,32.37,32.37,31.94,121000,3868130,55,TWSE_CSV,2026-09-23 14:15:36 +0800
1150923,2026-09-23,上市,00653L,富邦印度正2,43.54,0.2200,43.12,43.54,43.12,102000,4423260,24,TWSE_CSV,2026-09-23 14:15:36 +0800
1150923,2026-09-23,上市,00654R,富邦印度反1,6.95,0.0100,6.96,6.96,6.95,8000,55650,4,TWSE_CSV,2026-09-23 14:15:36 +0800
1150923,2026-09-23,上市,00655L,國泰中國A50正2,33.07,-0.5500,33.80,33.82,33.07,471000,15693310,139,TWSE_CSV,2026-09-23 14:15:36 +0800
1150923,2026-09-23,上市,00656R,國泰中國A50反1,5.90,0.0900,5.87,5.90,5.87,234000,1375690,7,TWSE_CSV,2026-09-23 14:15:36 +0800
1150923,2026-09-23,上市,00657,國泰日經225,79.05,0.7500,78.90,79.05,78.70,20000,1575850,7,TWSE_CSV,2026-09-23 14:15:36 +0800
1150923,2026-09-23,上市,00657K,國泰日經225+U,24.31,0.0100,24.31,24.31,24.31,200,4862,2,TWSE_CSV,2026-09-23 14:15:36 +0800
1150923,2026-09-23,上市,00660,元大歐洲50,46.32,0.2400,46.08,46.32,46.00,6000,276700,4,TWSE_CSV,2026-09-23 14:15:36 +0800
1150923,2026-09-23,上市,00661,元大日經225,86.20,0.7000,86.20,86.20,85.95,38000,3271500,26,TWSE_CSV,2026-09-23 14:15:36 +0800
1150923,2026-09-23,上市,00662,富邦NASDAQ,125.00,0.9500,124.90,125.20,124.85,2707000,338346650,1137,TWSE_CSV,2026-09-23 14:15:36 +0800
1150923,2026-09-23,上市,00663L,國泰臺灣加權正2,112.85,1.1000,113.60,114.20,112.50,3843000,435564050,1380,TWSE_CSV,2026-09-23 14:15:36 +0800
1150923,2026-09-23,上市,00664R,國泰臺灣加權反1,1.54,-0.0100,1.53,1.54,1.52,15291000,23416880,808,TWSE_CSV,2026-09-23 14:15:36 +0800
1150923,2026-09-23,上市,00665L,富邦恒生國企正2,9.03,-0.1500,9.19,9.21,9.02,5328000,48392850,600,TWSE_CSV,2026-09-23 14:15:36 +0800
1150923,2026-09-23,上市,00666R,富邦恒生國企反1,9.18,0.0700,9.11,9.18,9.11,101000,926310,14,TWSE_CSV,2026-09-23 14:15:36 +0800
1150923,2026-09-23,上市,00668,國泰美國道瓊,60.35,-0.1500,60.20,60.40,60.20,298000,17968050,17,TWSE_CSV,2026-09-23 14:15:36 +0800
1150923,2026-09-23,上市,00668K,國泰美國道瓊+U,19.01,-0.0500,19.01,19.01,19.01,200,3802,2,TWSE_CSV,2026-09-23 14:15:36 +0800
1150923,2026-09-23,上市,00669R,國泰美國道瓊反1,5.32,0.0100,5.32,5.33,5.31,260000,1383140,16,TWSE_CSV,2026-09-23 14:15:36 +0800
1150923,2026-09-23,上市,00670L,富邦NASDAQ正2,215.20,3.2500,215.00,215.50,214.70,783000,168418400,324,TWSE_CSV,2026-09-23 14:15:36 +0800
1150923,2026-09-23,上市,00671R,富邦NASDAQ反1,2.34,-0.0100,2.34,2.34,2.32,2512000,5858920,145,TWSE_CSV,2026-09-23 14:15:36 +0800
1150923,2026-09-23,上市,00673R,期元大S&P原油反1,10.94,0.4900,10.81,11.00,10.78,46285000,503055920,4423,TWSE_CSV,2026-09-23 14:15:36 +0800
1150923,2026-09-23,上市,00674R,期元大S&P黃金反1,28.13,-0.1000,28.08,28.17,28.08,176000,4951330,14,TWSE_CSV,2026-09-23 14:15:36 +0800
1150923,2026-09-23,上市,00675L,富邦臺灣加權正2,341.60,2.7500,344.35,346.00,340.95,806000,276619900,356,TWSE_CSV,2026-09-23 14:15:36 +0800
1150923,2026-09-23,上市,00676R,富邦臺灣加權反1,5.25,-0.0100,5.22,5.25,5.20,2789000,14566510,306,TWSE_CSV,2026-09-23 14:15:36 +0800
1150923,2026-09-23,上市,00678,群益那斯達克生技,43.54,0.8600,43.01,43.54,43.01,328000,14266860,28,TWSE_CSV,2026-09-23 14:15:36 +0800
1150923,2026-09-23,上市,00680L,元大美債20正2,6.34,0.0400,6.31,6.35,6.30,6080000,38458280,315,TWSE_CSV,2026-09-23 14:15:36 +0800
1150923,2026-09-23,上市,00681R,元大美債20反1,21.77,-0.0600,21.81,21.81,21.77,5000,108970,2,TWSE_CSV,2026-09-23 14:15:36 +0800
1150923,2026-09-23,上市,00682U,期元大美元指數,,0.0000,,,,,,,TWSE_CSV,2026-09-23 14:15:36 +0800
1150923,2026-09-23,上市,00683L,期元大美元指正2,21.98,0.1600,21.89,21.98,21.89,57000,1252700,6,TWSE_CSV,2026-09-23 14:15:36 +0800
1150923,2026-09-23,上市,00684R,期元大美元指反1,14.98,-0.0500,14.94,14.98,14.94,51000,763940,2,TWSE_CSV,2026-09-23 14:15:36 +0800
1150923,2026-09-23,上市,00685L,群益臺灣加權正2,12.89,0.1200,12.99,13.06,12.85,153223000,1984918520,20090,TWSE_CSV,2026-09-23 14:15:36 +0800
1150923,2026-09-23,上市,00686R,群益臺灣加權反1,0.94,0.0000,0.94,0.94,0.93,2951000,2769360,101,TWSE_CSV,2026-09-23 14:15:36 +0800
1150923,2026-09-23,上市,00688L,國泰20年美債正2,6.33,0.0400,6.29,6.34,6.29,1625000,10264560,135,TWSE_CSV,2026-09-23 14:15:36 +0800
1150923,2026-09-23,上市,00689R,國泰20年美債反1,22.80,-0.0600,22.84,22.84,22.80,113000,2576920,3,TWSE_CSV,2026-09-23 14:15:36 +0800
1150923,2026-09-23,上市,00690,兆豐藍籌30,83.35,0.1500,84.20,84.20,83.30,147000,12289800,79,TWSE_CSV,2026-09-23 14:15:36 +0800
1150923,2026-09-23,上市,00692,富邦公司治理,96.50,0.6000,96.55,96.95,96.20,868000,83762900,357,TWSE_CSV,2026-09-23 14:15:36 +0800
1150923,2026-09-23,上市,00693U,期街口S&P黃豆,24.01,-0.1400,24.15,24.15,24.00,625000,15025460,196,TWSE_CSV,2026-09-23 14:15:36 +0800
1150923,2026-09-23,上市,00700,富邦恒生國企,17.02,-0.1600,17.15,17.16,17.02,214000,3653020,26,TWSE_CSV,2026-09-23 14:15:36 +0800
1150923,2026-09-23,上市,00701,國泰股利精選30,41.97,-0.3700,42.47,42.47,41.93,313000,13171160,151,TWSE_CSV,2026-09-23 14:15:36 +0800
1150923,2026-09-23,上市,00702,國泰標普低波高息,23.62,-0.2800,23.80,23.80,23.52,214000,5066320,48,TWSE_CSV,2026-09-23 14:15:36 +0800
1150923,2026-09-23,上市,00703,台新MSCI中國,19.10,-0.1100,19.16,19.16,19.05,37000,706160,6,TWSE_CSV,2026-09-23 14:15:36 +0800
1150923,2026-09-23,上市,00706L,期元大S&P日圓正2,19.21,-0.0300,19.24,19.24,19.20,999000,19191090,135,TWSE_CSV,2026-09-23 14:15:36 +0800
1150923,2026-09-23,上市,00707R,期元大S&P日圓反1,,0.0000,,,,,,,TWSE_CSV,2026-09-23 14:15:36 +0800
1150923,2026-09-23,上市,00708L,期元大S&P黃金正2,78.35,0.3000,78.80,78.85,78.10,1729000,135619750,693,TWSE_CSV,2026-09-23 14:15:36 +0800
1150923,2026-09-23,上市,00709,富邦歐洲,39.81,0.0100,39.83,39.83,39.68,83000,3294950,10,TWSE_CSV,2026-09-23 14:15:36 +0800
1150923,2026-09-23,上市,00710B,復華彭博非投等債,18.78,0.0000,18.75,18.80,18.73,91000,1707440,35,TWSE_CSV,2026-09-23 14:15:36 +0800
1150923,2026-09-23,上市,00711B,復華彭博新興債,15.30,0.0700,15.28,15.30,15.28,116000,1774670,10,TWSE_CSV,2026-09-23 14:15:36 +0800
1150923,2026-09-23,上市,00712,復華富時不動產,7.98,0.0700,7.94,7.98,7.94,35117000,279857540,4841,TWSE_CSV,2026-09-23 14:15:36 +0800
1150923,2026-09-23,上市,00713,元大台灣高息低波,63.65,-0.0500,63.85,63.85,63.40,5120000,325478750,1846,TWSE_CSV,2026-09-23 14:15:36 +0800
1150923,2026-09-23,上市,00714,群益道瓊美國地產,21.00,-0.0300,20.97,21.02,20.97,158000,3320540,7,TWSE_CSV,2026-09-23 14:15:36 +0800
1150923,2026-09-23,上市,00715L,期街口布蘭特正2,60.70,-3.8500,61.65,61.90,60.15,5500000,335688450,1599,TWSE_CSV,2026-09-23 14:15:36 +0800
1150923,2026-09-23,上市,00717,富邦美國特別股,14.62,-0.0200,14.63,14.64,14.62,7000,102430,7,TWSE_CSV,2026-09-23 14:15:36 +0800
1150923,2026-09-23,上市,00728,第一金工業30,70.50,-0.3000,71.15,71.35,70.45,82000,5824400,33,TWSE_CSV,2026-09-23 14:15:36 +0800
1150923,2026-09-23,上市,00730,富邦臺灣優質高息,29.05,0.1900,28.85,29.09,28.83,252000,7307770,76,TWSE_CSV,2026-09-23 14:15:36 +0800
1150923,2026-09-23,上市,00731,復華富時高息低波,98.80,-0.4500,99.15,99.15,98.75,510000,50388650,15,TWSE_CSV,2026-09-23 14:15:36 +0800
1150923,2026-09-23,上市,00733,富邦臺灣中小,69.15,-0.3000,70.15,70.15,68.95,188000,13042650,98,TWSE_CSV,2026-09-23 14:15:36 +0800
1150923,2026-09-23,上市,00735,國泰臺韓科技,109.60,0.8000,109.90,110.35,109.40,744000,81685350,402,TWSE_CSV,2026-09-23 14:15:36 +0800
1150923,2026-09-23,上市,00736,國泰新興市場,32.00,0.0000,31.97,32.00,31.97,101000,3229000,3,TWSE_CSV,2026-09-23 14:15:36 +0800
1150923,2026-09-23,上市,00737,國泰AI機器人,41.22,0.1200,41.00,41.47,41.00,45000,1854490,31,TWSE_CSV,2026-09-23 14:15:36 +0800
1150923,2026-09-23,上市,00738U,期元大道瓊白銀,52.60,0.5500,53.15,53.20,52.55,1608000,85007100,464,TWSE_CSV,2026-09-23 14:15:36 +0800
1150923,2026-09-23,上市,00739,元大MSCI A股,27.69,-0.2400,27.82,27.82,27.61,52000,1438470,9,TWSE_CSV,2026-09-23 14:15:36 +0800
1150923,2026-09-23,上市,00752,中信中國50,22.68,-0.2300,23.00,23.01,22.65,961000,21873570,246,TWSE_CSV,2026-09-23 14:15:36 +0800
1150923,2026-09-23,上市,00753L,中信中國50正2,9.01,-0.2000,9.23,9.25,8.99,13832000,125313170,2038,TWSE_CSV,2026-09-23 14:15:36 +0800
1150923,2026-09-23,上市,00757,統一FANG+,144.80,0.8500,144.25,145.05,144.25,1371000,198400750,537,TWSE_CSV,2026-09-23 14:15:36 +0800
1150923,2026-09-23,上市,00762,元大全球AI,122.70,1.5000,122.20,122.95,122.20,179000,21951300,79,TWSE_CSV,2026-09-23 14:15:36 +0800
1150923,2026-09-23,上市,00763U,期街口道瓊銅,35.52,-0.1200,35.85,35.88,35.52,602000,21480300,166,TWSE_CSV,2026-09-23 14:15:36 +0800
1150923,2026-09-23,上市,00770,國泰北美科技,65.60,0.2500,65.60,65.70,65.45,666000,43695300,221,TWSE_CSV,2026-09-23 14:15:36 +0800
1150923,2026-09-23,上市,00771,元大US高息特別股,15.07,-0.0200,15.09,15.11,15.07,15000,226170,13,TWSE_CSV,2026-09-23 14:15:36 +0800
1150923,2026-09-23,上市,00775B,台新投等債15+,30.85,0.1000,30.83,30.85,30.83,82000,2529680,4,TWSE_CSV,2026-09-23 14:15:36 +0800
1150923,2026-09-23,上市,00783,富邦中証500,28.09,-0.2000,28.21,28.21,28.00,59000,1660160,6,TWSE_CSV,2026-09-23 14:15:36 +0800
1150923,2026-09-23,上市,00830,國泰費城半導體,88.60,2.0500,88.50,88.65,88.25,9334000,825915650,3957,TWSE_CSV,2026-09-23 14:15:36 +0800
1150923,2026-09-23,上市,00850,元大臺灣ESG永續,96.40,0.4000,96.20,97.00,96.20,265000,25587900,142,TWSE_CSV,2026-09-23 14:15:36 +0800
1150923,2026-09-23,上市,00851,台新全球AI,73.30,0.2000,73.10,73.30,73.00,77000,5630150,15,TWSE_CSV,2026-09-23 14:15:36 +0800
1150923,2026-09-23,上市,00852L,國泰美國道瓊正2,33.55,-0.1900,33.49,33.60,33.47,336000,11266870,68,TWSE_CSV,2026-09-23 14:15:36 +0800
1150923,2026-09-23,上市,00861,元大全球未來通訊,88.65,0.7000,89.80,89.80,88.05,40000,3545900,33,TWSE_CSV,2026-09-23 14:15:36 +0800
1150923,2026-09-23,上市,00865B,國泰US短期公債,48.75,0.0800,48.67,48.77,48.67,2677000,130458700,311,TWSE_CSV,2026-09-23 14:15:36 +0800
1150923,2026-09-23,上市,00875,國泰網路資安,57.80,0.0000,57.80,57.90,57.75,206000,11906250,65,TWSE_CSV,2026-09-23 14:15:36 +0800
1150923,2026-09-23,上市,00876,元大全球5G,90.30,1.1500,90.75,90.75,89.80,116000,10475600,79,TWSE_CSV,2026-09-23 14:15:36 +0800
1150923,2026-09-23,上市,00878,國泰永續高股息,35.09,-0.1200,35.30,35.36,35.08,24973000,877885460,10991,TWSE_CSV,2026-09-23 14:15:36 +0800
1150923,2026-09-23,上市,00881,國泰台灣科技龍頭,52.60,0.4000,52.70,52.80,52.40,9175000,482582600,3407,TWSE_CSV,2026-09-23 14:15:36 +0800
1150923,2026-09-23,上市,00882,中信中國高股息,14.78,0.0000,14.79,14.80,14.74,2620000,38700390,544,TWSE_CSV,2026-09-23 14:15:36 +0800
1150923,2026-09-23,上市,00885,富邦越南,18.27,0.0100,18.26,18.30,18.24,1128000,20614220,378,TWSE_CSV,2026-09-23 14:15:36 +0800
1150923,2026-09-23,上市,00891,中信關鍵半導體,37.70,0.2900,37.76,37.92,37.63,12918000,488039730,4056,TWSE_CSV,2026-09-23 14:15:36 +0800
1150923,2026-09-23,上市,00892,富邦台灣半導體,43.71,0.2600,43.85,43.85,43.45,4006000,174513620,657,TWSE_CSV,2026-09-23 14:15:36 +0800
1150923,2026-09-23,上市,00893,國泰智能電動車,46.19,0.4200,45.86,46.37,45.86,799000,36912920,252,TWSE_CSV,2026-09-23 14:15:36 +0800
1150923,2026-09-23,上市,00894,中信小資高價30,50.00,0.2900,50.00,50.30,49.85,986000,49294040,486,TWSE_CSV,2026-09-23 14:15:36 +0800
1150923,2026-09-23,上市,00895,富邦未來車,52.20,0.4500,52.05,52.30,52.05,780000,40734150,113,TWSE_CSV,2026-09-23 14:15:36 +0800
1150923,2026-09-23,上市,00896,中信綠能及電動車,27.58,0.0800,27.63,27.72,27.50,3163000,87238040,1004,TWSE_CSV,2026-09-23 14:15:36 +0800
1150923,2026-09-23,上市,00897,富邦基因免疫生技,13.78,0.3000,13.71,13.80,13.71,1631000,22431420,380,TWSE_CSV,2026-09-23 14:15:36 +0800
1150923,2026-09-23,上市,00898,國泰基因免疫革命,11.76,0.2600,11.67,11.79,11.67,2054000,24128650,331,TWSE_CSV,2026-09-23 14:15:36 +0800
1150923,2026-09-23,上市,00899,FT潔淨能源,22.99,0.0600,22.96,23.02,22.96,18000,413730,14,TWSE_CSV,2026-09-23 14:15:36 +0800
1150923,2026-09-23,上市,00900,富邦特選高股息30,19.58,-0.2000,19.78,19.78,19.56,3320000,65194400,725,TWSE_CSV,2026-09-23 14:15:36 +0800
1150923,2026-09-23,上市,00901,永豐智能車供應鏈,48.39,0.1200,48.69,48.86,48.39,85000,4129450,33,TWSE_CSV,2026-09-23 14:15:36 +0800
1150923,2026-09-23,上市,00902,中信電池及儲能,12.55,-0.0900,12.79,12.79,12.52,1994000,25015980,173,TWSE_CSV,2026-09-23 14:15:36 +0800
1150923,2026-09-23,上市,00903,富邦元宇宙,22.28,0.1100,22.25,22.30,22.23,184000,4093400,45,TWSE_CSV,2026-09-23 14:15:36 +0800
1150923,2026-09-23,上市,00904,台新臺灣半導體30,43.49,0.1100,43.55,43.80,43.49,461000,20130740,167,TWSE_CSV,2026-09-23 14:15:36 +0800
1150923,2026-09-23,上市,00905,FT臺灣Smart,27.63,0.1800,27.65,27.78,27.60,582000,16113060,290,TWSE_CSV,2026-09-23 14:15:36 +0800
1150923,2026-09-23,上市,00907,永豐優息存股,17.83,-0.1000,17.93,17.93,17.81,1016000,18157980,237,TWSE_CSV,2026-09-23 14:15:36 +0800
1150923,2026-09-23,上市,00908,富邦入息REITs+,14.75,0.0100,14.69,14.75,14.69,115000,1694940,11,TWSE_CSV,2026-09-23 14:15:36 +0800
1150923,2026-09-23,上市,00909,國泰數位支付服務,52.70,1.1500,52.25,52.80,52.25,3486000,183182000,1196,TWSE_CSV,2026-09-23 14:15:36 +0800
1150923,2026-09-23,上市,00910,第一金太空衛星,59.45,0.0500,59.20,59.50,59.05,585000,34703950,353,TWSE_CSV,2026-09-23 14:15:36 +0800
1150923,2026-09-23,上市,00911,兆豐洲際半導體,57.15,1.3500,56.65,57.15,56.65,391000,22258250,281,TWSE_CSV,2026-09-23 14:15:36 +0800
1150923,2026-09-23,上市,00912,中信臺灣智慧50,36.65,0.1300,36.61,37.14,36.58,287000,10562360,57,TWSE_CSV,2026-09-23 14:15:36 +0800
1150923,2026-09-23,上市,00913,兆豐台灣晶圓製造,52.60,-0.3000,53.25,53.35,52.50,1755000,92684950,670,TWSE_CSV,2026-09-23 14:15:36 +0800
1150923,2026-09-23,上市,00915,凱基優選高股息30,33.20,0.0300,33.20,33.48,33.18,1502000,49941600,221,TWSE_CSV,2026-09-23 14:15:36 +0800
1150923,2026-09-23,上市,00916,國泰全球品牌50,27.17,-0.0200,27.19,27.23,27.12,443000,12035150,137,TWSE_CSV,2026-09-23 14:15:36 +0800
1150923,2026-09-23,上市,00917,中信特選金融,22.89,-0.3700,22.96,22.96,22.84,1512000,34647130,577,TWSE_CSV,2026-09-23 14:15:36 +0800
1150923,2026-09-23,上市,00918,大華優利高填息30,34.03,-0.0700,34.13,34.19,34.01,38097000,1297156070,15428,TWSE_CSV,2026-09-23 14:15:36 +0800
1150923,2026-09-23,上市,00919,群益台灣精選高息,32.06,-0.1000,32.21,32.25,32.00,53731000,1722983310,22806,TWSE_CSV,2026-09-23 14:15:36 +0800
1150923,2026-09-23,上市,00920,富邦ESG綠色電力,24.93,0.0300,25.01,25.03,24.93,142000,3550900,27,TWSE_CSV,2026-09-23 14:15:36 +0800
1150923,2026-09-23,上市,00921,兆豐龍頭等權重,23.47,-0.0900,23.62,23.62,23.46,184000,4331740,89,TWSE_CSV,2026-09-23 14:15:36 +0800
1150923,2026-09-23,上市,00922,國泰台灣領袖50,43.79,0.0800,43.97,44.11,43.75,6760000,296655880,1932,TWSE_CSV,2026-09-23 14:15:36 +0800
1150923,2026-09-23,上市,00923,群益台ESG低碳50,41.84,0.2500,41.87,42.00,41.74,2396000,100278980,840,TWSE_CSV,2026-09-23 14:15:36 +0800
1150923,2026-09-23,上市,00924,復華S&P500成長,33.88,0.0600,33.87,33.90,33.82,898000,30404290,332,TWSE_CSV,2026-09-23 14:15:36 +0800
1150923,2026-09-23,上市,00926,凱基全球菁英55,26.80,0.1000,26.74,26.80,26.69,602000,16104620,43,TWSE_CSV,2026-09-23 14:15:36 +0800
1150923,2026-09-23,上市,00927,群益半導體收益,39.89,0.0100,40.28,40.29,39.83,11894000,476343880,4127,TWSE_CSV,2026-09-23 14:15:36 +0800
1150923,2026-09-23,上市,00929,復華台灣科技優息,29.14,0.0100,29.22,29.26,29.13,13693000,399515810,4765,TWSE_CSV,2026-09-23 14:15:36 +0800
1150923,2026-09-23,上市,00930,永豐ESG低碳高息,23.96,0.0000,24.08,24.08,23.88,2804000,67113400,1168,TWSE_CSV,2026-09-23 14:15:36 +0800
1150923,2026-09-23,上市,00932,兆豐永續高息等權,17.48,-0.0200,17.50,17.55,17.46,96000,1678350,31,TWSE_CSV,2026-09-23 14:15:36 +0800
1150923,2026-09-23,上市,00934,中信成長高股息,29.91,0.0500,29.95,30.01,29.86,809000,24212740,271,TWSE_CSV,2026-09-23 14:15:36 +0800
1150923,2026-09-23,上市,00935,野村臺灣新科技50,61.45,0.4500,61.55,61.80,61.30,13667000,840768300,2740,TWSE_CSV,2026-09-23 14:15:36 +0800
1150923,2026-09-23,上市,00936,台新永續高息中小,21.42,-0.0700,21.49,21.62,21.41,237000,5096490,86,TWSE_CSV,2026-09-23 14:15:36 +0800
1150923,2026-09-23,上市,00938,凱基優選30,27.04,-0.1800,27.17,27.17,27.00,239000,6474600,78,TWSE_CSV,2026-09-23 14:15:36 +0800
1150923,2026-09-23,上市,00939,統一台灣高息動能,24.23,-0.0700,24.33,24.36,24.16,2375000,57594710,631,TWSE_CSV,2026-09-23 14:15:36 +0800
1150923,2026-09-23,上市,00940,元大台灣價值高息,13.12,-0.0100,13.16,13.17,13.11,6843000,89859430,1253,TWSE_CSV,2026-09-23 14:15:36 +0800
1150923,2026-09-23,上市,00941,中信上游半導體,25.12,0.3400,24.87,25.13,24.87,1147000,28773840,264,TWSE_CSV,2026-09-23 14:15:36 +0800
1150923,2026-09-23,上市,00943,兆豐電子高息等權,20.95,0.0000,20.97,21.02,20.95,65000,1363000,25,TWSE_CSV,2026-09-23 14:15:36 +0800
1150923,2026-09-23,上市,00944,野村趨勢動能高息,22.00,-0.1200,22.13,22.15,21.97,97000,2140920,28,TWSE_CSV,2026-09-23 14:15:36 +0800
1150923,2026-09-23,上市,00945B,凱基美國非投等債,14.31,0.0000,14.31,14.31,14.29,3690000,52764370,326,TWSE_CSV,2026-09-23 14:15:36 +0800
1150923,2026-09-23,上市,00946,群益科技高息成長,15.32,0.0100,15.44,15.44,15.31,1348000,20716410,188,TWSE_CSV,2026-09-23 14:15:36 +0800
1150923,2026-09-23,上市,00947,台新臺灣IC設計,40.77,0.2400,41.08,41.19,40.65,8117000,332883550,1809,TWSE_CSV,2026-09-23 14:15:36 +0800
1150923,2026-09-23,上市,00949,復華日本龍頭,22.19,0.0800,22.12,22.25,22.12,618000,13704920,99,TWSE_CSV,2026-09-23 14:15:36 +0800
1150923,2026-09-23,上市,00951,台新日本半導體,17.50,0.2000,17.38,17.58,17.38,3066000,53538050,378,TWSE_CSV,2026-09-23 14:15:36 +0800
1150923,2026-09-23,上市,00952,凱基台灣AI50,18.28,0.0000,18.31,18.39,18.28,1994000,36602850,208,TWSE_CSV,2026-09-23 14:15:36 +0800
1150923,2026-09-23,上市,00953B,群益優選非投等債,9.56,0.0100,9.56,9.56,9.54,40893000,390517340,4929,TWSE_CSV,2026-09-23 14:15:36 +0800
1150923,2026-09-23,上市,00954,中信日本半導體,18.60,0.1900,18.44,18.64,18.44,1481000,27513400,218,TWSE_CSV,2026-09-23 14:15:36 +0800
1150923,2026-09-23,上市,00956,中信日經高股息,13.73,0.0300,13.74,13.75,13.70,34000,466420,14,TWSE_CSV,2026-09-23 14:15:36 +0800
1150923,2026-09-23,上市,00960,野村全球航運龍頭,22.21,-0.4100,22.46,22.46,22.08,417000,9262020,184,TWSE_CSV,2026-09-23 14:15:36 +0800
1150923,2026-09-23,上市,00961,FT臺灣永續高息,13.21,-0.0500,13.27,13.28,13.20,28107000,371406110,6397,TWSE_CSV,2026-09-23 14:15:36 +0800
1150923,2026-09-23,上市,00962,台新AI優息動能,15.01,-0.0600,15.11,15.14,15.00,3392000,50999030,739,TWSE_CSV,2026-09-23 14:15:36 +0800
1150923,2026-09-23,上市,00963,中信全球高股息,12.74,-0.0300,12.75,12.75,12.72,1591000,20260390,295,TWSE_CSV,2026-09-23 14:15:36 +0800
1150923,2026-09-23,上市,00964,中信亞太高股息,14.75,-0.0800,14.93,14.93,14.72,1905000,28117540,388,TWSE_CSV,2026-09-23 14:15:36 +0800
1150923,2026-09-23,上市,00965,元大航太防衛科技,25.45,-0.0600,25.51,25.52,25.40,1194000,30384660,298,TWSE_CSV,2026-09-23 14:15:36 +0800
1150923,2026-09-23,上市,00971,野村美國研發龍頭,17.90,0.0800,17.88,17.92,17.87,233000,4170180,56,TWSE_CSV,2026-09-23 14:15:36 +0800
1150923,2026-09-23,上市,00972,野村日本動能高息,21.98,0.0800,22.00,22.00,21.91,55000,1208390,5,TWSE_CSV,2026-09-23 14:15:36 +0800
1150923,2026-09-23,上市,009800,中信NASDAQ,13.53,0.1100,13.51,13.55,13.50,2057000,27826660,272,TWSE_CSV,2026-09-23 14:15:36 +0800
1150923,2026-09-23,上市,009801,中信美國創新科技,11.76,0.1000,11.70,11.78,11.70,1596000,18762950,93,TWSE_CSV,2026-09-23 14:15:36 +0800
1150923,2026-09-23,上市,009802,富邦旗艦50,20.14,-0.0300,20.22,20.27,20.14,3364000,67854650,669,TWSE_CSV,2026-09-23 14:15:36 +0800
1150923,2026-09-23,上市,009803,玉山市值動能50,21.66,0.0900,21.70,21.79,21.65,2471000,53682370,727,TWSE_CSV,2026-09-23 14:15:36 +0800
1150923,2026-09-23,上市,009804,聯邦台精彩50,24.10,0.0700,24.15,24.25,24.08,750000,18121980,243,TWSE_CSV,2026-09-23 14:15:36 +0800
1150923,2026-09-23,上市,009805,台新美國電力基建,15.15,0.1900,15.00,15.18,14.99,8329000,125622780,973,TWSE_CSV,2026-09-23 14:15:36 +0800
1150923,2026-09-23,上市,009808,華南永昌優選50,32.29,0.0700,32.38,32.38,32.17,74000,2388070,27,TWSE_CSV,2026-09-23 14:15:36 +0800
1150923,2026-09-23,上市,009809,富邦淨零ESG50,18.69,0.0300,18.66,18.76,18.66,80000,1497330,18,TWSE_CSV,2026-09-23 14:15:36 +0800
1150923,2026-09-23,上市,00980A,主動野村臺灣優選,25.51,0.1700,25.51,25.65,25.43,7923000,202374230,1790,TWSE_CSV,2026-09-23 14:15:36 +0800
1150923,2026-09-23,上市,009810,玉山全球藍籌100,21.52,0.0200,21.46,21.53,21.44,124000,2665720,27,TWSE_CSV,2026-09-23 14:15:36 +0800
1150923,2026-09-23,上市,009811,統一美國50,13.59,0.0200,13.61,13.61,13.57,472000,6415410,182,TWSE_CSV,2026-09-23 14:15:36 +0800
1150923,2026-09-23,上市,009812,野村日本東證,13.04,0.0100,13.09,13.09,13.03,142000,1853680,47,TWSE_CSV,2026-09-23 14:15:36 +0800
1150923,2026-09-23,上市,009813,貝萊德標普卓越50,11.59,0.0100,11.58,11.60,11.56,1806000,20909890,230,TWSE_CSV,2026-09-23 14:15:36 +0800
1150923,2026-09-23,上市,009816,凱基台灣TOP50,16.60,0.0800,16.61,16.68,16.57,80460000,1337573520,13958,TWSE_CSV,2026-09-23 14:15:36 +0800
1150923,2026-09-23,上市,009817,國泰日本不動產,8.87,-0.0300,8.92,8.92,8.87,1727000,15334480,107,TWSE_CSV,2026-09-23 14:15:36 +0800
1150923,2026-09-23,上市,009818,華南永昌NASDAQxT,21.22,0.1400,21.17,21.24,21.17,306000,6484330,76,TWSE_CSV,2026-09-23 14:15:36 +0800
1150923,2026-09-23,上市,009819,中信數據及電力,9.82,0.0400,9.81,9.83,9.80,2121000,20830920,540,TWSE_CSV,2026-09-23 14:15:36 +0800
1150923,2026-09-23,上市,00981A,主動統一台股增長,30.65,0.5000,30.50,30.77,30.41,222066000,6805934470,44363,TWSE_CSV,2026-09-23 14:15:36 +0800
1150923,2026-09-23,上市,00981T,平衡凱基雙核收息,11.88,0.0200,11.86,11.92,11.86,2984000,35499300,166,TWSE_CSV,2026-09-23 14:15:36 +0800
1150923,2026-09-23,上市,009820,元大納斯達克精選,10.48,0.0700,10.47,10.50,10.45,24605000,257783840,1779,TWSE_CSV,2026-09-23 14:15:36 +0800
1150923,2026-09-23,上市,009821,野村稀土關鍵資源,14.33,0.1500,14.40,14.43,14.32,2837000,40720370,675,TWSE_CSV,2026-09-23 14:15:36 +0800
1150923,2026-09-23,上市,009824,群益美國科技巨頭,10.61,0.1000,10.60,10.63,10.59,7904000,83851700,1075,TWSE_CSV,2026-09-23 14:15:36 +0800
1150923,2026-09-23,上市,009826,貝萊德世界股票,10.12,0.0200,10.12,10.12,10.09,9514000,96155820,1572,TWSE_CSV,2026-09-23 14:15:36 +0800
1150923,2026-09-23,上市,009827,玉山未來全球算力,10.43,0.0700,10.34,10.44,10.34,3280000,34139020,655,TWSE_CSV,2026-09-23 14:15:36 +0800
1150923,2026-09-23,上市,009828,中信台日韓PCB,9.85,0.2000,9.71,9.85,9.68,79698000,779946050,7253,TWSE_CSV,2026-09-23 14:15:36 +0800
1150923,2026-09-23,上市,009829,大華韓國KOSPI50,11.12,0.1500,11.13,11.23,11.08,24209000,269789890,1484,TWSE_CSV,2026-09-23 14:15:36 +0800
1150923,2026-09-23,上市,00982A,主動群益台灣強棒,23.06,0.0400,23.12,23.25,22.98,13368000,308665180,2961,TWSE_CSV,2026-09-23 14:15:36 +0800
1150923,2026-09-23,上市,00982D,主動富邦動態入息,9.55,0.0200,9.53,9.55,9.53,357000,3403990,26,TWSE_CSV,2026-09-23 14:15:36 +0800
1150923,2026-09-23,上市,00982T,平衡兆豐台美動能,15.61,0.0100,15.60,15.74,15.60,131000,2053620,32,TWSE_CSV,2026-09-23 14:15:36 +0800
1150923,2026-09-23,上市,00983A,主動中信ARK創新,13.45,0.1500,13.35,13.48,13.35,3721000,50033150,396,TWSE_CSV,2026-09-23 14:15:36 +0800
1150923,2026-09-23,上市,00983D,主動富邦複合收益,9.77,0.0100,9.76,9.78,9.75,453000,4421190,45,TWSE_CSV,2026-09-23 14:15:36 +0800
1150923,2026-09-23,上市,00984A,主動安聯台灣高息,15.56,0.0000,15.64,15.67,15.52,3614000,56262170,906,TWSE_CSV,2026-09-23 14:15:36 +0800
1150923,2026-09-23,上市,00984D,主動聯博全球非投,9.86,0.0000,9.86,9.86,9.84,16112000,158752140,1304,TWSE_CSV,2026-09-23 14:15:36 +0800
1150923,2026-09-23,上市,00985A,主動野村台灣50,23.44,0.0800,23.50,23.62,23.44,1048000,24646650,331,TWSE_CSV,2026-09-23 14:15:36 +0800
1150923,2026-09-23,上市,00985B,群益ESG投等債0-5,10.09,0.0000,10.09,10.09,10.07,6128000,61797310,341,TWSE_CSV,2026-09-23 14:15:36 +0800
1150923,2026-09-23,上市,00986A,主動台新龍頭成長,14.84,0.1000,14.74,14.86,14.74,272000,4033870,41,TWSE_CSV,2026-09-23 14:15:36 +0800
1150923,2026-09-23,上市,00987A,主動台新優勢成長,17.19,0.1700,17.12,17.32,17.12,2399000,41334950,518,TWSE_CSV,2026-09-23 14:15:36 +0800
1150923,2026-09-23,上市,00988A,主動統一全球創新,16.95,0.2200,16.92,16.99,16.89,21694000,367542470,4628,TWSE_CSV,2026-09-23 14:15:36 +0800
1150923,2026-09-23,上市,00989A,主動摩根美國科技,17.75,0.1700,17.66,17.77,17.66,1818000,32221730,167,TWSE_CSV,2026-09-23 14:15:36 +0800
1150923,2026-09-23,上市,00990A,主動元大AI新經濟,15.93,0.1700,15.86,15.96,15.86,14453000,230197790,2346,TWSE_CSV,2026-09-23 14:15:36 +0800
1150923,2026-09-23,上市,00991A,主動復華未來50,18.00,0.1200,18.09,18.16,17.95,56996000,1029527780,9974,TWSE_CSV,2026-09-23 14:15:36 +0800
1150923,2026-09-23,上市,00991B,貝萊德A級公司債,14.81,0.0600,14.77,14.82,14.75,1198000,17695080,18,TWSE_CSV,2026-09-23 14:15:36 +0800
1150923,2026-09-23,上市,00992A,主動群益科技創新,18.69,0.0400,18.73,18.82,18.58,36173000,676583230,4525,TWSE_CSV,2026-09-23 14:15:36 +0800
1150923,2026-09-23,上市,00993A,主動安聯台灣,13.85,0.0700,13.85,13.92,13.80,3467000,48053530,614,TWSE_CSV,2026-09-23 14:15:36 +0800
1150923,2026-09-23,上市,00994A,主動第一金台股優,17.29,0.1800,17.25,17.43,17.25,3437000,59614110,733,TWSE_CSV,2026-09-23 14:15:36 +0800
1150923,2026-09-23,上市,00995A,主動中信台灣卓越,17.76,0.1400,17.73,17.89,17.72,3783000,67260940,438,TWSE_CSV,2026-09-23 14:15:36 +0800
1150923,2026-09-23,上市,00996A,主動兆豐台灣豐收,14.51,0.0200,14.60,14.65,14.50,3466000,50491030,460,TWSE_CSV,2026-09-23 14:15:36 +0800
1150923,2026-09-23,上市,00997A,主動群益美國增長,11.60,0.1500,11.56,11.61,11.56,10875000,126031620,1564,TWSE_CSV,2026-09-23 14:15:36 +0800
1150923,2026-09-23,上市,00999A,主動野村臺灣高息,11.35,0.0900,11.32,11.38,11.31,8568000,97273270,1263,TWSE_CSV,2026-09-23 14:15:36 +0800
1150923,2026-09-23,上市,1101,台泥,25.65,1.1000,24.85,26.10,24.65,130004000,3320253650,29629,TWSE_CSV,2026-09-23 14:15:36 +0800
1150923,2026-09-23,上市,1102,亞泥,35.95,0.5000,35.40,36.10,35.15,11287000,404425550,4264,TWSE_CSV,2026-09-23 14:15:36 +0800
1150923,2026-09-23,上市,1103,嘉泥,13.15,0.0500,13.15,13.25,13.05,360000,4732000,139,TWSE_CSV,2026-09-23 14:15:36 +0800
1150923,2026-09-23,上市,1104,環泥,26.80,0.2000,26.75,27.05,26.65,417000,11203350,264,TWSE_CSV,2026-09-23 14:15:36 +0800
1150923,2026-09-23,上市,1108,幸福,11.05,-0.0500,11.15,11.15,11.05,174000,1929200,72,TWSE_CSV,2026-09-23 14:15:36 +0800
1150923,2026-09-23,上市,1109,信大,13.35,0.0000,13.35,13.40,13.35,58000,775150,27,TWSE_CSV,2026-09-23 14:15:36 +0800
1150923,2026-09-23,上市,1110,東泥,14.90,-0.1500,15.20,15.25,14.90,184000,2764800,154,TWSE_CSV,2026-09-23 14:15:36 +0800
1150923,2026-09-23,上市,1201,味全,11.65,-0.0500,11.70,11.75,11.65,609000,7120000,206,TWSE_CSV,2026-09-23 14:15:36 +0800
1150923,2026-09-23,上市,1203,味王,43.55,0.2000,45.55,45.55,43.30,21000,919650,13,TWSE_CSV,2026-09-23 14:15:36 +0800
1150923,2026-09-23,上市,1210,大成,52.30,0.2000,52.40,52.40,51.80,664000,34513600,481,TWSE_CSV,2026-09-23 14:15:36 +0800
1150923,2026-09-23,上市,1213,大飲,7.43,-0.0100,7.21,7.43,7.20,6000,43990,6,TWSE_CSV,2026-09-23 14:15:36 +0800
1150923,2026-09-23,上市,1215,卜蜂,105.50,0.5000,105.50,106.00,105.00,877000,92478500,626,TWSE_CSV,2026-09-23 14:15:36 +0800
1150923,2026-09-23,上市,1216,統一,75.40,0.8000,74.90,75.40,74.50,7616000,571965900,3603,TWSE_CSV,2026-09-23 14:15:36 +0800
1150923,2026-09-23,上市,1217,愛之味,9.91,-0.0600,10.00,10.00,9.89,545000,5414580,258,TWSE_CSV,2026-09-23 14:15:36 +0800
1150923,2026-09-23,上市,1218,泰山,14.40,-0.0500,14.50,14.50,14.40,283000,4085900,124,TWSE_CSV,2026-09-23 14:15:36 +0800
1150923,2026-09-23,上市,1219,福壽,11.50,0.0000,11.55,11.70,11.45,185000,2136500,120,TWSE_CSV,2026-09-23 14:15:36 +0800
1150923,2026-09-23,上市,1220,台榮,10.75,-0.0500,10.85,10.85,10.75,32000,344850,25,TWSE_CSV,2026-09-23 14:15:36 +0800
1150923,2026-09-23,上市,1225,福懋油,24.65,0.1500,25.75,25.75,24.65,59000,1484750,40,TWSE_CSV,2026-09-23 14:15:36 +0800
1150923,2026-09-23,上市,1227,佳格,28.25,0.0500,28.30,28.30,28.20,238000,6723400,161,TWSE_CSV,2026-09-23 14:15:36 +0800
1150923,2026-09-23,上市,1229,聯華,40.00,0.0500,39.95,40.20,39.95,1516000,60713650,953,TWSE_CSV,2026-09-23 14:15:36 +0800
1150923,2026-09-23,上市,1231,聯華食,79.70,-0.1000,79.80,80.10,79.50,128000,10203900,107,TWSE_CSV,2026-09-23 14:15:36 +0800
1150923,2026-09-23,上市,1232,大統益,154.50,0.0000,154.50,155.00,154.50,59000,9128000,48,TWSE_CSV,2026-09-23 14:15:36 +0800
1150923,2026-09-23,上市,1233,天仁,28.05,-0.0500,28.15,28.15,28.05,15000,421500,8,TWSE_CSV,2026-09-23 14:15:36 +0800
1150923,2026-09-23,上市,1234,黑松,33.05,0.0000,33.10,33.25,33.05,81000,2680850,50,TWSE_CSV,2026-09-23 14:15:36 +0800
1150923,2026-09-23,上市,1235,興泰,41.15,3.7000,38.90,41.15,38.90,215000,8708700,133,TWSE_CSV,2026-09-23 14:15:36 +0800
1150923,2026-09-23,上市,1236,宏亞,25.25,-0.1000,25.25,25.40,25.10,30000,756700,27,TWSE_CSV,2026-09-23 14:15:36 +0800
1150923,2026-09-23,上市,1256,鮮活果汁-KY,167.00,-0.5000,168.00,168.00,166.50,43000,7194000,40,TWSE_CSV,2026-09-23 14:15:36 +0800
1150923,2026-09-23,上市,1301,台塑,63.10,-1.5000,64.80,64.90,62.90,18902000,1200612900,8035,TWSE_CSV,2026-09-23 14:15:36 +0800
1150923,2026-09-23,上市,1303,南亞,227.50,-4.0000,232.00,235.00,223.00,53317000,12155248000,31779,TWSE_CSV,2026-09-23 14:15:36 +0800
1150923,2026-09-23,上市,1304,台聚,12.25,0.0000,12.35,12.45,12.20,1420000,17514200,647,TWSE_CSV,2026-09-23 14:15:36 +0800
1150923,2026-09-23,上市,1305,華夏,12.05,0.0000,12.05,12.30,12.00,834000,10107200,325,TWSE_CSV,2026-09-23 14:15:36 +0800
1150923,2026-09-23,上市,1307,三芳,30.65,0.0000,30.80,30.85,30.60,388000,11923950,214,TWSE_CSV,2026-09-23 14:15:36 +0800
1150923,2026-09-23,上市,1308,亞聚,14.20,0.0500,14.25,14.40,14.10,1046000,14917500,395,TWSE_CSV,2026-09-23 14:15:36 +0800
1150923,2026-09-23,上市,1309,台達化,13.85,0.1000,13.80,14.00,13.75,1206000,16716400,499,TWSE_CSV,2026-09-23 14:15:36 +0800
1150923,2026-09-23,上市,1310,台苯,8.84,0.1100,8.75,8.92,8.75,2102000,18618180,766,TWSE_CSV,2026-09-23 14:15:36 +0800
1150923,2026-09-23,上市,1312,國喬,14.60,-0.1000,14.90,15.15,14.60,13423000,200053350,4514,TWSE_CSV,2026-09-23 14:15:36 +0800
1150923,2026-09-23,上市,1313,聯成,12.15,-0.0500,12.20,12.40,12.15,2028000,24864000,744,TWSE_CSV,2026-09-23 14:15:36 +0800
1150923,2026-09-23,上市,1314,中石化,9.01,0.2700,8.85,9.50,8.85,99290000,908496840,19733,TWSE_CSV,2026-09-23 14:15:36 +0800
1150923,2026-09-23,上市,1315,達新,68.10,-0.1000,68.50,68.50,67.80,7000,476800,7,TWSE_CSV,2026-09-23 14:15:36 +0800
1150923,2026-09-23,上市,1316,上曜,10.60,0.0500,10.55,10.65,10.55,758000,8017350,279,TWSE_CSV,2026-09-23 14:15:36 +0800
1150923,2026-09-23,上市,1319,東陽,78.80,-0.9000,79.70,79.70,78.50,1023000,80612400,875,TWSE_CSV,2026-09-23 14:15:36 +0800
1150923,2026-09-23,上市,1321,大洋,32.50,0.0000,32.65,32.65,32.35,121000,3931950,18,TWSE_CSV,2026-09-23 14:15:36 +0800
1150923,2026-09-23,上市,1323,永裕,21.25,-0.1000,21.35,21.35,21.10,56000,1187700,31,TWSE_CSV,2026-09-23 14:15:36 +0800
1150923,2026-09-23,上市,1324,地球,9.94,-0.0400,9.98,10.00,9.94,41000,408340,29,TWSE_CSV,2026-09-23 14:15:36 +0800
1150923,2026-09-23,上市,1325,恆大,25.75,-0.1000,25.90,25.90,25.70,92000,2374800,79,TWSE_CSV,2026-09-23 14:15:36 +0800
1150923,2026-09-23,上市,1326,台化,65.40,-1.1000,67.00,67.20,65.10,15580000,1024698400,7533,TWSE_CSV,2026-09-23 14:15:36 +0800
1150923,2026-09-23,上市,1337,再生-KY,4.47,0.0500,4.43,4.50,4.41,170000,755350,87,TWSE_CSV,2026-09-23 14:15:36 +0800
1150923,2026-09-23,上市,1338,廣華-KY,14.80,0.0500,14.75,14.80,14.60,155000,2274600,44,TWSE_CSV,2026-09-23 14:15:36 +0800
1150923,2026-09-23,上市,1339,昭輝,42.75,-0.3500,42.80,43.20,42.40,137000,5859100,64,TWSE_CSV,2026-09-23 14:15:36 +0800
1150923,2026-09-23,上市,1340,勝悅-KY,5.25,0.0100,5.27,5.27,5.20,84000,439990,57,TWSE_CSV,2026-09-23 14:15:36 +0800
1150923,2026-09-23,上市,1341,富林-KY,59.80,-0.2000,59.80,59.80,59.80,2000,119600,2,TWSE_CSV,2026-09-23 14:15:36 +0800
1150923,2026-09-23,上市,1342,八貫,101.00,0.5000,100.00,101.50,100.00,234000,23509000,149,TWSE_CSV,2026-09-23 14:15:36 +0800
1150923,2026-09-23,上市,1402,遠東新,27.90,0.0500,27.90,28.20,27.75,5441000,152189450,1948,TWSE_CSV,2026-09-23 14:15:36 +0800
1150923,2026-09-23,上市,1409,新纖,24.10,0.0000,24.35,24.35,24.05,5502000,132785150,2396,TWSE_CSV,2026-09-23 14:15:36 +0800
1150923,2026-09-23,上市,1410,南染,24.30,0.0500,24.30,24.30,24.30,1000,24300,1,TWSE_CSV,2026-09-23 14:15:36 +0800
1150923,2026-09-23,上市,1413,宏洲,9.25,-0.2500,9.50,9.50,9.25,21000,196530,12,TWSE_CSV,2026-09-23 14:15:36 +0800
1150923,2026-09-23,上市,1414,東和,17.30,0.1000,17.25,17.70,17.20,170000,2946500,144,TWSE_CSV,2026-09-23 14:15:36 +0800
1150923,2026-09-23,上市,1416,廣豐,11.50,0.1000,11.45,11.65,11.35,273000,3134800,93,TWSE_CSV,2026-09-23 14:15:36 +0800
1150923,2026-09-23,上市,1417,嘉裕,8.08,0.0600,8.01,8.08,8.00,109000,877150,49,TWSE_CSV,2026-09-23 14:15:36 +0800
1150923,2026-09-23,上市,1418,東華,18.25,0.9000,17.35,18.55,17.35,110000,2018100,34,TWSE_CSV,2026-09-23 14:15:36 +0800
1150923,2026-09-23,上市,1419,新紡,65.70,-0.2000,66.30,66.30,65.30,43000,2826600,35,TWSE_CSV,2026-09-23 14:15:36 +0800
1150923,2026-09-23,上市,1423,利華,34.65,-0.7000,35.00,35.00,34.65,11000,384300,8,TWSE_CSV,2026-09-23 14:15:36 +0800
1150923,2026-09-23,上市,1432,大魯閣,15.05,0.0500,15.00,15.05,14.95,34000,510150,30,TWSE_CSV,2026-09-23 14:15:36 +0800
1150923,2026-09-23,上市,1434,福懋,17.90,-0.0500,18.05,18.05,17.90,887000,15925250,324,TWSE_CSV,2026-09-23 14:15:36 +0800
1150923,2026-09-23,上市,1435,中福,22.35,-0.2500,23.00,23.50,22.35,11000,252750,11,TWSE_CSV,2026-09-23 14:15:36 +0800
1150923,2026-09-23,上市,1436,華友聯,36.60,-0.3000,36.90,37.10,36.55,121000,4444150,87,TWSE_CSV,2026-09-23 14:15:36 +0800
1150923,2026-09-23,上市,1437,勤益控,32.85,0.0500,32.90,33.00,32.80,35000,1150550,32,TWSE_CSV,2026-09-23 14:15:36 +0800
1150923,2026-09-23,上市,1438,三地開發,21.70,0.0000,21.90,21.90,21.70,6000,130550,6,TWSE_CSV,2026-09-23 14:15:36 +0800
1150923,2026-09-23,上市,1439,雋揚,28.10,-0.2000,28.40,28.45,28.10,31000,875350,29,TWSE_CSV,2026-09-23 14:15:36 +0800
1150923,2026-09-23,上市,1440,南紡,13.25,0.0000,13.35,13.45,13.20,1610000,21421200,538,TWSE_CSV,2026-09-23 14:15:36 +0800
1150923,2026-09-23,上市,1442,名軒,27.80,0.0000,28.20,28.20,27.55,783000,21812350,452,TWSE_CSV,2026-09-23 14:15:36 +0800
1150923,2026-09-23,上市,1443,立益物流,23.15,-0.2000,22.95,23.35,22.90,26000,602300,20,TWSE_CSV,2026-09-23 14:15:36 +0800
1150923,2026-09-23,上市,1444,力麗,6.86,0.0000,6.92,6.94,6.85,648000,4455870,279,TWSE_CSV,2026-09-23 14:15:36 +0800
1150923,2026-09-23,上市,1445,大宇,10.05,0.0000,10.05,10.15,10.05,17000,171450,9,TWSE_CSV,2026-09-23 14:15:36 +0800
1150923,2026-09-23,上市,1446,宏和,13.65,0.0000,13.65,13.75,13.60,22000,300950,16,TWSE_CSV,2026-09-23 14:15:36 +0800
1150923,2026-09-23,上市,1447,力鵬,6.42,0.0200,6.45,6.72,6.39,804000,5193020,361,TWSE_CSV,2026-09-23 14:15:36 +0800
1150923,2026-09-23,上市,1449,佳和,12.30,-0.0500,12.35,12.50,12.25,317000,3916700,156,TWSE_CSV,2026-09-23 14:15:36 +0800
1150923,2026-09-23,上市,1451,年興,17.10,0.0000,17.10,17.20,17.05,64000,1094100,27,TWSE_CSV,2026-09-23 14:15:36 +0800
1150923,2026-09-23,上市,1452,宏益,10.80,0.0500,10.75,10.85,10.75,32000,345350,16,TWSE_CSV,2026-09-23 14:15:36 +0800
1150923,2026-09-23,上市,1453,大將,10.85,-0.0500,10.90,10.90,10.85,21000,228200,17,TWSE_CSV,2026-09-23 14:15:36 +0800
1150923,2026-09-23,上市,1454,台富,12.35,-0.2000,12.50,12.55,12.30,29000,360000,20,TWSE_CSV,2026-09-23 14:15:36 +0800
1150923,2026-09-23,上市,1455,集盛,9.73,0.0200,9.78,9.82,9.72,294000,2866910,158,TWSE_CSV,2026-09-23 14:15:36 +0800
1150923,2026-09-23,上市,1456,怡華,13.95,-0.2500,14.30,14.30,13.90,168000,2368800,79,TWSE_CSV,2026-09-23 14:15:36 +0800
1150923,2026-09-23,上市,1457,宜進,14.40,-0.1000,14.50,14.55,14.35,109000,1571300,40,TWSE_CSV,2026-09-23 14:15:36 +0800
1150923,2026-09-23,上市,1459,聯發,15.80,0.0000,15.90,16.00,15.80,175000,2774300,50,TWSE_CSV,2026-09-23 14:15:36 +0800
1150923,2026-09-23,上市,1460,宏遠,6.28,-0.0200,6.34,6.34,6.25,175000,1100140,81,TWSE_CSV,2026-09-23 14:15:36 +0800
1150923,2026-09-23,上市,1463,強盛新,17.60,-0.0500,17.65,17.65,17.60,5000,88050,5,TWSE_CSV,2026-09-23 14:15:36 +0800
1150923,2026-09-23,上市,1464,得力,10.00,0.0000,10.05,10.05,9.99,174000,1740240,65,TWSE_CSV,2026-09-23 14:15:36 +0800
1150923,2026-09-23,上市,1465,偉全,11.60,0.0000,11.55,11.65,11.50,265000,3060900,120,TWSE_CSV,2026-09-23 14:15:36 +0800
1150923,2026-09-23,上市,1466,聚隆,14.95,0.0000,14.95,15.00,14.85,129000,1925500,75,TWSE_CSV,2026-09-23 14:15:36 +0800
1150923,2026-09-23,上市,1467,南緯,8.07,-0.0800,8.15,8.28,8.07,157000,1283780,124,TWSE_CSV,2026-09-23 14:15:36 +0800
1150923,2026-09-23,上市,1468,昶和,13.00,0.0000,12.95,13.10,12.80,67000,864200,38,TWSE_CSV,2026-09-23 14:15:36 +0800
1150923,2026-09-23,上市,1470,大統新創,24.00,-0.4500,24.05,24.05,24.00,4000,96050,4,TWSE_CSV,2026-09-23 14:15:36 +0800
1150923,2026-09-23,上市,1471,首利,9.47,-0.0100,9.50,9.51,9.32,260000,2457900,107,TWSE_CSV,2026-09-23 14:15:36 +0800
1150923,2026-09-23,上市,1472,三洋實業,88.10,1.0000,87.50,88.50,87.50,41000,3610700,26,TWSE_CSV,2026-09-23 14:15:36 +0800
1150923,2026-09-23,上市,1473,台南,19.45,-0.0500,19.50,19.50,19.45,59000,1149200,35,TWSE_CSV,2026-09-23 14:15:36 +0800
1150923,2026-09-23,上市,1474,弘裕,9.98,-0.0200,10.05,10.05,9.97,49000,489130,22,TWSE_CSV,2026-09-23 14:15:36 +0800
1150923,2026-09-23,上市,1475,業旺,26.30,0.2000,25.90,26.55,25.90,6000,156450,4,TWSE_CSV,2026-09-23 14:15:36 +0800
1150923,2026-09-23,上市,1476,儒鴻,281.00,7.0000,275.00,281.50,275.00,1092000,304774000,753,TWSE_CSV,2026-09-23 14:15:36 +0800
1150923,2026-09-23,上市,1477,聚陽,192.50,2.0000,190.50,193.00,190.50,941000,180404500,680,TWSE_CSV,2026-09-23 14:15:36 +0800
1150923,2026-09-23,上市,1503,士電,196.50,-0.5000,199.00,199.00,196.50,506000,99666500,407,TWSE_CSV,2026-09-23 14:15:36 +0800
1150923,2026-09-23,上市,1504,東元,68.60,0.0000,69.00,69.20,68.60,2763000,190112000,1732,TWSE_CSV,2026-09-23 14:15:36 +0800
1150923,2026-09-23,上市,1506,正道,9.70,-0.0300,9.79,9.79,9.68,124000,1203440,65,TWSE_CSV,2026-09-23 14:15:36 +0800
1150923,2026-09-23,上市,1512,瑞利,6.16,-0.0300,6.19,6.25,6.16,62000,383620,17,TWSE_CSV,2026-09-23 14:15:36 +0800
1150923,2026-09-23,上市,1513,中興電,165.50,-0.5000,167.00,167.50,164.50,1371000,226983500,954,TWSE_CSV,2026-09-23 14:15:36 +0800
1150923,2026-09-23,上市,1514,亞力,105.00,3.0000,103.00,105.00,101.50,1438000,148487500,902,TWSE_CSV,2026-09-23 14:15:36 +0800
1150923,2026-09-23,上市,1515,力山,29.55,-0.6000,30.45,30.45,29.55,515000,15370100,355,TWSE_CSV,2026-09-23 14:15:36 +0800
1150923,2026-09-23,上市,1516,川飛,12.90,-0.2000,13.10,13.10,12.85,27000,350200,18,TWSE_CSV,2026-09-23 14:15:36 +0800
1150923,2026-09-23,上市,1517,利奇,10.35,0.0000,10.45,10.45,10.30,190000,1974200,109,TWSE_CSV,2026-09-23 14:15:36 +0800
1150923,2026-09-23,上市,1519,華城,704.00,-8.0000,718.00,718.00,704.00,555000,392559000,409,TWSE_CSV,2026-09-23 14:15:36 +0800
1150923,2026-09-23,上市,1521,大億,25.95,-0.4500,26.70,26.70,25.70,77000,2022250,61,TWSE_CSV,2026-09-23 14:15:36 +0800
1150923,2026-09-23,上市,1522,堤維西,26.35,0.0500,26.35,26.45,26.20,174000,4579200,111,TWSE_CSV,2026-09-23 14:15:36 +0800
1150923,2026-09-23,上市,1524,耿鼎,26.15,0.0500,26.35,26.40,26.05,221000,5793750,128,TWSE_CSV,2026-09-23 14:15:36 +0800
1150923,2026-09-23,上市,1525,江申,64.60,0.0000,64.10,64.60,63.80,9000,578900,9,TWSE_CSV,2026-09-23 14:15:36 +0800
1150923,2026-09-23,上市,1526,日馳,14.85,0.2000,14.65,15.10,14.65,95000,1413800,45,TWSE_CSV,2026-09-23 14:15:36 +0800
1150923,2026-09-23,上市,1527,鑽全,32.60,-0.1000,32.75,32.85,32.55,109000,3564450,65,TWSE_CSV,2026-09-23 14:15:36 +0800
1150923,2026-09-23,上市,1528,恩德,25.65,-0.5000,26.20,26.40,25.50,7261000,187378400,3710,TWSE_CSV,2026-09-23 14:15:36 +0800
1150923,2026-09-23,上市,1529,樂事綠能,15.70,-0.6500,16.35,16.35,15.60,979000,15560600,501,TWSE_CSV,2026-09-23 14:15:36 +0800
1150923,2026-09-23,上市,1530,亞崴,26.65,-0.1500,26.85,26.85,26.60,27000,721450,23,TWSE_CSV,2026-09-23 14:15:36 +0800
1150923,2026-09-23,上市,1531,高林股,11.85,0.1000,11.75,12.00,11.75,1091000,12925400,52,TWSE_CSV,2026-09-23 14:15:36 +0800
1150923,2026-09-23,上市,1532,勤美,22.40,-0.1000,22.60,22.60,22.35,286000,6421150,161,TWSE_CSV,2026-09-23 14:15:36 +0800
1150923,2026-09-23,上市,1533,車王電,30.45,-0.3000,31.25,31.25,30.45,59000,1806100,44,TWSE_CSV,2026-09-23 14:15:36 +0800
1150923,2026-09-23,上市,1535,中宇,45.75,-0.1000,45.85,46.05,45.70,35000,1605900,24,TWSE_CSV,2026-09-23 14:15:36 +0800
1150923,2026-09-23,上市,1536,和大,46.30,-0.0500,46.30,46.55,46.20,470000,21782600,364,TWSE_CSV,2026-09-23 14:15:36 +0800
1150923,2026-09-23,上市,1537,廣隆,115.00,0.0000,115.50,115.50,114.50,59000,6780000,47,TWSE_CSV,2026-09-23 14:15:36 +0800
1150923,2026-09-23,上市,1538,正峰,,0.0000,,,,,,,TWSE_CSV,2026-09-23 14:15:36 +0800
1150923,2026-09-23,上市,1539,巨庭,15.50,-0.1500,15.60,15.60,15.50,5000,77700,5,TWSE_CSV,2026-09-23 14:15:36 +0800
1150923,2026-09-23,上市,1540,喬福,19.45,0.0000,19.45,19.60,19.45,95000,1850150,42,TWSE_CSV,2026-09-23 14:15:36 +0800
1150923,2026-09-23,上市,1541,錩泰,21.40,0.4000,21.40,21.40,21.40,1000,21400,1,TWSE_CSV,2026-09-23 14:15:36 +0800
1150923,2026-09-23,上市,1558,伸興,112.00,0.5000,111.00,113.00,111.00,107000,12021500,80,TWSE_CSV,2026-09-23 14:15:36 +0800
1150923,2026-09-23,上市,1560,中砂,955.00,5.0000,955.00,992.00,947.00,3300000,3188448000,2968,TWSE_CSV,2026-09-23 14:15:36 +0800
1150923,2026-09-23,上市,1563,巧新,73.70,1.3000,73.00,74.20,72.20,328000,24070700,274,TWSE_CSV,2026-09-23 14:15:36 +0800
1150923,2026-09-23,上市,1568,倉佑,30.90,0.3000,30.60,31.35,30.60,282000,8757450,179,TWSE_CSV,2026-09-23 14:15:36 +0800
1150923,2026-09-23,上市,1582,信錦,70.40,-0.2000,70.70,71.30,70.10,222000,15670600,154,TWSE_CSV,2026-09-23 14:15:36 +0800
1150923,2026-09-23,上市,1583,程泰,46.40,0.0000,46.40,46.40,46.40,2000,92800,2,TWSE_CSV,2026-09-23 14:15:36 +0800
1150923,2026-09-23,上市,1587,吉茂,23.45,-0.3000,23.70,23.90,23.45,76000,1789950,51,TWSE_CSV,2026-09-23 14:15:36 +0800
1150923,2026-09-23,上市,1590,亞德客-KY,1230.00,-30.0000,1280.00,1285.00,1220.00,614000,761155000,505,TWSE_CSV,2026-09-23 14:15:36 +0800
1150923,2026-09-23,上市,1597,直得,133.50,-1.5000,137.00,138.00,132.50,739000,99293000,585,TWSE_CSV,2026-09-23 14:15:36 +0800
1150923,2026-09-23,上市,1598,岱宇,20.55,0.1000,20.45,20.80,20.40,144000,2966600,83,TWSE_CSV,2026-09-23 14:15:36 +0800
1150923,2026-09-23,上市,1603,華電,30.25,0.1500,30.20,30.35,30.00,93000,2804350,68,TWSE_CSV,2026-09-23 14:15:36 +0800
1150923,2026-09-23,上市,1604,聲寶,23.55,0.0000,23.60,23.60,23.50,94000,2213250,67,TWSE_CSV,2026-09-23 14:15:36 +0800
1150923,2026-09-23,上市,1605,華新,36.65,-0.3500,37.45,37.45,36.65,11283000,416739500,4742,TWSE_CSV,2026-09-23 14:15:36 +0800
1150923,2026-09-23,上市,1608,華榮,35.75,0.1500,35.80,36.30,35.75,1877000,67604950,1026,TWSE_CSV,2026-09-23 14:15:36 +0800
1150923,2026-09-23,上市,1609,大亞,37.85,-0.2500,38.20,38.25,37.80,2347000,89220500,1250,TWSE_CSV,2026-09-23 14:15:36 +0800
1150923,2026-09-23,上市,1611,中電,11.35,-0.1500,11.50,11.55,11.35,451000,5144550,215,TWSE_CSV,2026-09-23 14:15:36 +0800
1150923,2026-09-23,上市,1612,宏泰,34.95,-0.1000,35.20,35.20,34.95,255000,8928750,162,TWSE_CSV,2026-09-23 14:15:36 +0800
1150923,2026-09-23,上市,1614,三洋電,31.15,0.0500,31.25,31.30,31.05,45000,1401950,38,TWSE_CSV,2026-09-23 14:15:36 +0800
1150923,2026-09-23,上市,1615,大山,42.95,-0.2000,43.35,43.35,42.95,28000,1205350,24,TWSE_CSV,2026-09-23 14:15:36 +0800
1150923,2026-09-23,上市,1616,億泰,18.45,0.0000,18.50,18.75,18.45,171000,3179850,108,TWSE_CSV,2026-09-23 14:15:36 +0800
1150923,2026-09-23,上市,1617,榮星,20.15,0.5500,19.70,21.05,19.20,1949000,39638450,1158,TWSE_CSV,2026-09-23 14:15:36 +0800
1150923,2026-09-23,上市,1618,合機,38.85,-0.3500,39.40,39.45,38.85,222000,8657900,151,TWSE_CSV,2026-09-23 14:15:36 +0800
1150923,2026-09-23,上市,1623,大東電,200.00,-1.0000,201.00,201.00,198.50,65000,12986000,60,TWSE_CSV,2026-09-23 14:15:36 +0800
1150923,2026-09-23,上市,1626,艾美特-KY,9.66,-0.1600,9.81,9.81,9.59,66000,637240,34,TWSE_CSV,2026-09-23 14:15:36 +0800
1150923,2026-09-23,上市,1702,南僑,33.00,-0.2500,33.25,33.25,32.90,229000,7575300,168,TWSE_CSV,2026-09-23 14:15:36 +0800
1150923,2026-09-23,上市,1707,葡萄王,87.10,0.2000,86.90,87.70,86.80,151000,13183600,134,TWSE_CSV,2026-09-23 14:15:36 +0800
1150923,2026-09-23,上市,1708,東鹼,50.10,0.0000,50.50,50.50,49.55,1132000,56456850,707,TWSE_CSV,2026-09-23 14:15:36 +0800
1150923,2026-09-23,上市,1709,和益,48.30,2.3500,47.50,50.50,45.50,84305000,4044060250,39877,TWSE_CSV,2026-09-23 14:15:36 +0800
1150923,2026-09-23,上市,1710,東聯,16.70,-0.0500,16.95,16.95,16.20,8164000,134626100,1995,TWSE_CSV,2026-09-23 14:15:36 +0800
1150923,2026-09-23,上市,1711,永光,38.90,0.2000,39.30,40.20,38.80,2485000,97900450,1493,TWSE_CSV,2026-09-23 14:15:36 +0800
1150923,2026-09-23,上市,1712,興農,39.95,0.0500,39.90,40.20,39.90,387000,15473600,234,TWSE_CSV,2026-09-23 14:15:36 +0800
1150923,2026-09-23,上市,1713,國化,41.50,0.1500,41.35,41.80,41.35,126000,5245600,81,TWSE_CSV,2026-09-23 14:15:36 +0800
1150923,2026-09-23,上市,1714,和桐,15.80,-0.3000,16.20,16.25,15.80,5363000,85481750,1927,TWSE_CSV,2026-09-23 14:15:36 +0800
1150923,2026-09-23,上市,1717,長興,71.10,0.1000,71.70,72.30,70.80,4894000,349315400,2978,TWSE_CSV,2026-09-23 14:15:36 +0800
1150923,2026-09-23,上市,1718,中纖,10.60,-0.1000,10.70,10.85,10.60,6147000,65580850,1861,TWSE_CSV,2026-09-23 14:15:36 +0800
1150923,2026-09-23,上市,1720,生達,56.10,0.1000,56.00,56.30,56.00,113000,6345900,66,TWSE_CSV,2026-09-23 14:15:36 +0800
1150923,2026-09-23,上市,1721,國慶科技,24.40,0.0500,24.10,24.85,23.80,1244000,30276100,702,TWSE_CSV,2026-09-23 14:15:36 +0800
1150923,2026-09-23,上市,1722,台肥,41.75,-0.1000,42.00,42.05,41.70,2687000,112380250,1681,TWSE_CSV,2026-09-23 14:15:36 +0800
1150923,2026-09-23,上市,1723,中碳,80.70,0.0000,80.70,81.30,80.60,285000,23063400,244,TWSE_CSV,2026-09-23 14:15:36 +0800
1150923,2026-09-23,上市,1725,元禎,34.00,0.4500,33.85,34.35,33.80,121000,4115600,67,TWSE_CSV,2026-09-23 14:15:36 +0800
1150923,2026-09-23,上市,1726,永記,76.80,-0.1000,77.00,77.00,76.80,4000,307500,4,TWSE_CSV,2026-09-23 14:15:36 +0800
1150923,2026-09-23,上市,1727,中華化,116.50,10.5000,105.00,116.50,103.00,21142000,2385195000,9747,TWSE_CSV,2026-09-23 14:15:36 +0800
1150923,2026-09-23,上市,1730,花仙子,51.20,-0.1000,51.20,51.30,51.20,13000,666400,11,TWSE_CSV,2026-09-23 14:15:36 +0800
1150923,2026-09-23,上市,1731,美吾華,21.00,0.0500,20.85,21.00,20.80,111000,2318950,68,TWSE_CSV,2026-09-23 14:15:36 +0800
1150923,2026-09-23,上市,1732,毛寶,26.20,0.0000,26.20,26.20,26.00,53000,1386300,43,TWSE_CSV,2026-09-23 14:15:36 +0800
1150923,2026-09-23,上市,1733,五鼎,30.05,-0.0500,30.10,30.40,30.05,47000,1415250,34,TWSE_CSV,2026-09-23 14:15:36 +0800
1150923,2026-09-23,上市,1734,杏輝,32.10,0.1000,32.05,32.10,31.75,160000,5112750,109,TWSE_CSV,2026-09-23 14:15:36 +0800
1150923,2026-09-23,上市,1735,日勝化,20.25,-0.1500,20.40,20.60,20.25,64000,1307400,47,TWSE_CSV,2026-09-23 14:15:36 +0800
1150923,2026-09-23,上市,1736,喬山,126.00,1.5000,125.50,127.50,125.50,192000,24261500,155,TWSE_CSV,2026-09-23 14:15:36 +0800
1150923,2026-09-23,上市,1737,臺鹽,30.20,0.1000,30.30,30.35,30.15,177000,5356750,97,TWSE_CSV,2026-09-23 14:15:36 +0800
1150923,2026-09-23,上市,1752,南光,31.35,-0.0500,31.40,31.60,31.35,43000,1352500,32,TWSE_CSV,2026-09-23 14:15:36 +0800
1150923,2026-09-23,上市,1760,寶齡富錦,53.90,0.3000,53.60,54.10,53.60,52000,2798000,44,TWSE_CSV,2026-09-23 14:15:36 +0800
1150923,2026-09-23,上市,1762,中化生,33.60,-0.0500,33.60,34.00,33.40,45000,1510250,30,TWSE_CSV,2026-09-23 14:15:36 +0800
1150923,2026-09-23,上市,1773,勝一,165.00,3.0000,164.50,167.50,164.00,1004000,166313500,713,TWSE_CSV,2026-09-23 14:15:36 +0800
1150923,2026-09-23,上市,1776,展宇,18.10,-0.0500,18.15,18.15,17.95,13000,235300,12,TWSE_CSV,2026-09-23 14:15:36 +0800
1150923,2026-09-23,上市,1783,和康生,36.60,0.2000,36.40,36.75,36.30,54000,1973550,40,TWSE_CSV,2026-09-23 14:15:36 +0800
1150923,2026-09-23,上市,1786,科妍,43.00,0.1500,42.85,43.45,42.85,70000,3019600,53,TWSE_CSV,2026-09-23 14:15:36 +0800
1150923,2026-09-23,上市,1789,神隆,18.90,0.0500,19.00,19.10,18.90,182000,3457250,124,TWSE_CSV,2026-09-23 14:15:36 +0800
1150923,2026-09-23,上市,1795,美時,177.50,1.0000,177.00,179.00,177.00,424000,75469500,328,TWSE_CSV,2026-09-23 14:15:36 +0800
1150923,2026-09-23,上市,1802,台玻,57.60,-1.2000,59.30,59.50,57.50,15796000,916757500,8933,TWSE_CSV,2026-09-23 14:15:36 +0800
1150923,2026-09-23,上市,1805,寶徠,10.15,-0.1000,10.25,10.25,10.15,73000,744400,22,TWSE_CSV,2026-09-23 14:15:36 +0800
1150923,2026-09-23,上市,1806,冠軍,7.99,0.0100,8.00,8.03,7.95,56000,446880,34,TWSE_CSV,2026-09-23 14:15:36 +0800
1150923,2026-09-23,上市,1808,潤隆,31.90,0.0000,33.25,33.25,31.75,4206000,135170950,2201,TWSE_CSV,2026-09-23 14:15:36 +0800
1150923,2026-09-23,上市,1809,中釉,41.25,0.6500,41.40,41.90,39.75,6744000,277152600,4080,TWSE_CSV,2026-09-23 14:15:36 +0800
1150923,2026-09-23,上市,1810,和成,23.85,0.0000,24.00,24.20,23.85,1171000,28108950,646,TWSE_CSV,2026-09-23 14:15:36 +0800
1150923,2026-09-23,上市,1817,凱撒衛,40.30,0.0000,40.30,40.30,40.20,16000,644350,14,TWSE_CSV,2026-09-23 14:15:36 +0800
1150923,2026-09-23,上市,1903,士紙,47.50,0.3500,47.30,47.70,47.20,77000,3655800,54,TWSE_CSV,2026-09-23 14:15:36 +0800
1150923,2026-09-23,上市,1904,正隆,24.85,-0.1500,25.05,25.15,24.80,891000,22200050,391,TWSE_CSV,2026-09-23 14:15:36 +0800
1150923,2026-09-23,上市,1905,華紙,13.10,-0.0500,13.20,13.30,13.10,1331000,17576500,553,TWSE_CSV,2026-09-23 14:15:36 +0800
1150923,2026-09-23,上市,1906,寶隆,10.70,-0.1500,10.85,10.90,10.65,100000,1073300,54,TWSE_CSV,2026-09-23 14:15:36 +0800
1150923,2026-09-23,上市,1907,永豐餘,28.45,-0.5500,29.15,29.15,28.45,646000,18508700,406,TWSE_CSV,2026-09-23 14:15:36 +0800
1150923,2026-09-23,上市,1909,榮成,10.10,-0.0500,10.10,10.20,10.10,1354000,13717900,384,TWSE_CSV,2026-09-23 14:15:36 +0800
1150923,2026-09-23,上市,2002,中鋼,18.65,0.0000,18.65,18.75,18.60,25534000,476862950,6706,TWSE_CSV,2026-09-23 14:15:36 +0800
1150923,2026-09-23,上市,2006,東和鋼鐵,85.80,-0.3000,86.10,86.80,85.70,1831000,157941200,1369,TWSE_CSV,2026-09-23 14:15:36 +0800
1150923,2026-09-23,上市,2007,燁興,6.89,-0.0600,7.00,7.00,6.89,98000,678730,59,TWSE_CSV,2026-09-23 14:15:36 +0800
1150923,2026-09-23,上市,2008,高興昌,30.50,0.0000,30.50,30.50,30.50,30000,915000,15,TWSE_CSV,2026-09-23 14:15:36 +0800
1150923,2026-09-23,上市,2009,第一銅,39.35,-0.7500,40.90,41.10,39.35,2747000,110195450,1428,TWSE_CSV,2026-09-23 14:15:36 +0800
1150923,2026-09-23,上市,2010,春源,21.90,-0.1500,22.05,22.10,21.90,413000,9064750,260,TWSE_CSV,2026-09-23 14:15:36 +0800
1150923,2026-09-23,上市,2012,春雨,14.15,0.0000,14.20,14.20,14.15,12000,170200,11,TWSE_CSV,2026-09-23 14:15:36 +0800
1150923,2026-09-23,上市,2013,中鋼構,41.30,-0.0500,41.50,41.50,41.30,42000,1737700,24,TWSE_CSV,2026-09-23 14:15:36 +0800
1150923,2026-09-23,上市,2014,中鴻,16.65,0.0500,16.65,16.75,16.55,1914000,31913950,541,TWSE_CSV,2026-09-23 14:15:36 +0800
1150923,2026-09-23,上市,2015,豐興,64.20,0.0000,64.60,64.60,64.00,35000,2248800,31,TWSE_CSV,2026-09-23 14:15:36 +0800
1150923,2026-09-23,上市,2017,官田鋼,8.97,0.0300,9.00,9.05,8.92,259000,2325380,148,TWSE_CSV,2026-09-23 14:15:36 +0800
1150923,2026-09-23,上市,2020,美亞,21.60,0.1000,21.50,21.70,21.45,212000,4575000,119,TWSE_CSV,2026-09-23 14:15:36 +0800
1150923,2026-09-23,上市,2022,聚亨,7.14,0.0000,7.14,7.14,7.10,188000,1337920,94,TWSE_CSV,2026-09-23 14:15:36 +0800
1150923,2026-09-23,上市,2023,燁輝,13.60,0.0000,13.65,13.65,13.55,433000,5894350,183,TWSE_CSV,2026-09-23 14:15:36 +0800
1150923,2026-09-23,上市,2024,志聯,12.80,-0.1500,12.85,12.85,12.80,10000,128350,6,TWSE_CSV,2026-09-23 14:15:36 +0800
1150923,2026-09-23,上市,2025,千興,12.65,0.1000,12.55,12.65,12.45,321000,4035850,140,TWSE_CSV,2026-09-23 14:15:36 +0800
1150923,2026-09-23,上市,2027,大成鋼,46.60,0.1000,46.80,46.95,46.20,7689000,357439850,3490,TWSE_CSV,2026-09-23 14:15:36 +0800
1150923,2026-09-23,上市,2028,威致,15.80,-0.1000,15.90,15.90,15.65,47000,740150,29,TWSE_CSV,2026-09-23 14:15:36 +0800
1150923,2026-09-23,上市,2029,盛餘,21.35,0.2500,21.25,21.40,21.15,221000,4707900,120,TWSE_CSV,2026-09-23 14:15:36 +0800
1150923,2026-09-23,上市,2030,彰源,27.65,0.4000,27.60,29.95,26.35,26605000,751292000,12087,TWSE_CSV,2026-09-23 14:15:36 +0800
1150923,2026-09-23,上市,2031,新光鋼,45.35,-0.3000,45.85,45.85,45.15,380000,17274350,284,TWSE_CSV,2026-09-23 14:15:36 +0800
1150923,2026-09-23,上市,2032,新鋼,17.55,0.1000,17.50,17.65,17.25,624000,10899950,301,TWSE_CSV,2026-09-23 14:15:36 +0800
1150923,2026-09-23,上市,2033,佳大,37.30,0.0000,39.70,40.25,36.20,5840000,223697350,3536,TWSE_CSV,2026-09-23 14:15:36 +0800
1150923,2026-09-23,上市,2034,允強,22.00,0.0500,21.90,22.35,21.50,3428000,75420650,1446,TWSE_CSV,2026-09-23 14:15:36 +0800
1150923,2026-09-23,上市,2038,海光,12.10,0.0000,12.35,12.35,12.10,220000,2686000,135,TWSE_CSV,2026-09-23 14:15:36 +0800
1150923,2026-09-23,上市,2049,上銀,323.50,-7.5000,335.00,335.00,323.00,1545000,504876500,1290,TWSE_CSV,2026-09-23 14:15:36 +0800
1150923,2026-09-23,上市,2059,川湖,12390.00,-280.0000,12670.00,12725.00,12320.00,309000,3855270000,306,TWSE_CSV,2026-09-23 14:15:36 +0800
1150923,2026-09-23,上市,2062,橋椿,18.05,0.0000,18.20,18.20,18.00,69000,1248350,45,TWSE_CSV,2026-09-23 14:15:36 +0800
1150923,2026-09-23,上市,2069,運錩,24.90,-0.7000,27.55,27.55,24.45,3359000,84741150,1794,TWSE_CSV,2026-09-23 14:15:36 +0800
1150923,2026-09-23,上市,2072,世紀風電,127.50,-0.5000,129.00,129.00,127.50,93000,11883500,83,TWSE_CSV,2026-09-23 14:15:36 +0800
1150923,2026-09-23,上市,2101,南港,30.05,0.1000,30.00,30.10,29.90,1199000,35938800,511,TWSE_CSV,2026-09-23 14:15:36 +0800
1150923,2026-09-23,上市,2102,泰豐,16.65,0.0000,16.75,16.90,16.60,653000,10930000,304,TWSE_CSV,2026-09-23 14:15:36 +0800
1150923,2026-09-23,上市,2103,台橡,27.90,0.5500,27.60,28.30,27.55,4236000,118226850,1543,TWSE_CSV,2026-09-23 14:15:36 +0800
1150923,2026-09-23,上市,2104,國際中橡,11.65,1.0500,10.65,11.65,10.65,20962000,236813600,4327,TWSE_CSV,2026-09-23 14:15:36 +0800
1150923,2026-09-23,上市,2105,正新,30.10,0.1000,30.20,30.30,30.05,2714000,81770750,1587,TWSE_CSV,2026-09-23 14:15:36 +0800
1150923,2026-09-23,上市,2106,建大,16.65,0.2000,16.55,16.70,16.45,516000,8570400,280,TWSE_CSV,2026-09-23 14:15:36 +0800
1150923,2026-09-23,上市,2107,厚生,26.90,-0.1000,26.85,27.10,26.85,176000,4760050,80,TWSE_CSV,2026-09-23 14:15:36 +0800
1150923,2026-09-23,上市,2108,南帝,28.75,0.1500,28.95,29.05,28.65,203000,5848600,126,TWSE_CSV,2026-09-23 14:15:36 +0800
1150923,2026-09-23,上市,2109,華豐,14.85,0.0500,14.80,14.90,14.75,219000,3245700,87,TWSE_CSV,2026-09-23 14:15:36 +0800
1150923,2026-09-23,上市,2114,鑫永銓,90.00,0.3000,89.60,90.10,89.00,52000,4663000,28,TWSE_CSV,2026-09-23 14:15:36 +0800
1150923,2026-09-23,上市,2115,六暉-KY,23.75,0.0000,23.80,24.00,23.75,25000,596450,22,TWSE_CSV,2026-09-23 14:15:36 +0800
1150923,2026-09-23,上市,2201,裕隆,29.25,0.0000,29.25,29.50,29.20,2239000,65663000,1107,TWSE_CSV,2026-09-23 14:15:36 +0800
1150923,2026-09-23,上市,2204,中華,52.50,-0.2000,53.00,53.00,52.40,347000,18262700,268,TWSE_CSV,2026-09-23 14:15:36 +0800
1150923,2026-09-23,上市,2206,三陽工業,63.70,-0.1000,63.80,64.10,63.50,324000,20678800,205,TWSE_CSV,2026-09-23 14:15:36 +0800
1150923,2026-09-23,上市,2207,和泰車,520.00,-1.0000,526.00,527.00,519.00,196000,102241000,181,TWSE_CSV,2026-09-23 14:15:36 +0800
1150923,2026-09-23,上市,2208,台船,19.60,0.3500,19.30,19.70,19.30,4410000,86326550,1430,TWSE_CSV,2026-09-23 14:15:36 +0800
1150923,2026-09-23,上市,2211,長榮鋼,80.40,0.4000,80.60,80.60,79.80,471000,37779900,355,TWSE_CSV,2026-09-23 14:15:36 +0800
1150923,2026-09-23,上市,2227,裕日車,45.00,-0.3000,45.20,45.30,45.00,45000,2027050,34,TWSE_CSV,2026-09-23 14:15:36 +0800
1150923,2026-09-23,上市,2228,劍麟,75.70,1.3000,74.50,76.10,74.30,102000,7678500,78,TWSE_CSV,2026-09-23 14:15:36 +0800
1150923,2026-09-23,上市,2231,為升,91.40,-1.1000,93.40,93.50,91.20,77000,7066600,71,TWSE_CSV,2026-09-23 14:15:36 +0800
1150923,2026-09-23,上市,2233,宇隆,163.50,-1.5000,168.00,168.00,163.50,389000,64192000,311,TWSE_CSV,2026-09-23 14:15:36 +0800
1150923,2026-09-23,上市,2236,百達-KY,111.00,-1.5000,112.50,114.00,111.00,308000,34495000,208,TWSE_CSV,2026-09-23 14:15:36 +0800
1150923,2026-09-23,上市,2237,華德動能-創,27.00,0.0000,27.00,27.00,26.70,133000,3574350,63,TWSE_CSV,2026-09-23 14:15:36 +0800
1150923,2026-09-23,上市,2239,英利-KY,18.90,-0.0500,18.95,18.95,18.60,65000,1223500,49,TWSE_CSV,2026-09-23 14:15:36 +0800
1150923,2026-09-23,上市,2241,艾姆勒,43.65,2.6000,40.80,44.00,39.40,6640000,278275450,3894,TWSE_CSV,2026-09-23 14:15:36 +0800
1150923,2026-09-23,上市,2243,宏旭-KY,51.30,-1.3000,53.30,53.30,51.00,200000,10315900,150,TWSE_CSV,2026-09-23 14:15:36 +0800
1150923,2026-09-23,上市,2247,汎德永業,230.00,-2.0000,231.00,232.50,230.00,15000,3466500,15,TWSE_CSV,2026-09-23 14:15:36 +0800
1150923,2026-09-23,上市,2248,華勝-KY,61.90,0.2000,61.90,62.30,61.00,54000,3324200,29,TWSE_CSV,2026-09-23 14:15:36 +0800
1150923,2026-09-23,上市,2250,IKKA-KY,57.00,0.6000,56.40,58.00,56.40,66000,3792600,41,TWSE_CSV,2026-09-23 14:15:36 +0800
1150923,2026-09-23,上市,2254,巨鎧精密-創,86.60,4.5000,82.30,87.10,82.10,3074000,261511600,1331,TWSE_CSV,2026-09-23 14:15:36 +0800
1150923,2026-09-23,上市,2258,鴻華先進-創,30.60,-0.3000,31.45,31.45,30.60,224000,6922300,118,TWSE_CSV,2026-09-23 14:15:36 +0800
1150923,2026-09-23,上市,2301,光寶科,283.50,-1.0000,286.00,287.00,282.00,10221000,2904335000,6726,TWSE_CSV,2026-09-23 14:15:36 +0800
1150923,2026-09-23,上市,2302,麗正,45.75,2.0500,43.95,46.85,43.95,13043000,593277650,7969,TWSE_CSV,2026-09-23 14:15:36 +0800
1150923,2026-09-23,上市,2303,聯電,160.00,0.0000,163.00,163.00,158.00,122691000,19651772500,54310,TWSE_CSV,2026-09-23 14:15:36 +0800
1150923,2026-09-23,上市,2305,全友,63.60,3.6000,61.30,65.60,60.40,6554000,415003800,4129,TWSE_CSV,2026-09-23 14:15:36 +0800
1150923,2026-09-23,上市,2308,台達電,1900.00,0.0000,1910.00,1920.00,1890.00,9000000,17156770000,6389,TWSE_CSV,2026-09-23 14:15:36 +0800
1150923,2026-09-23,上市,2312,金寶,30.60,-0.4500,31.30,31.40,30.55,5840000,180042150,2836,TWSE_CSV,2026-09-23 14:15:36 +0800
1150923,2026-09-23,上市,2313,華通,224.00,2.0000,224.00,226.00,221.00,9526000,2130773000,6198,TWSE_CSV,2026-09-23 14:15:36 +0800
1150923,2026-09-23,上市,2314,台揚,11.10,0.0000,11.30,11.50,11.10,67000,751650,52,TWSE_CSV,2026-09-23 14:15:36 +0800
1150923,2026-09-23,上市,2316,楠梓電,159.00,-1.5000,163.00,163.00,158.50,1241000,198816000,932,TWSE_CSV,2026-09-23 14:15:36 +0800
1150923,2026-09-23,上市,2317,鴻海,256.00,3.0000,255.00,257.00,255.00,34627000,8865522500,16731,TWSE_CSV,2026-09-23 14:15:36 +0800
1150923,2026-09-23,上市,2321,東訊,25.00,1.1000,23.80,26.25,23.80,13000,332750,11,TWSE_CSV,2026-09-23 14:15:36 +0800
1150923,2026-09-23,上市,2323,中環,10.80,-0.0500,10.85,10.90,10.75,4101000,44333000,829,TWSE_CSV,2026-09-23 14:15:36 +0800
1150923,2026-09-23,上市,2324,仁寶,36.80,-0.2500,37.15,37.20,36.80,23172000,855292250,10213,TWSE_CSV,2026-09-23 14:15:36 +0800
1150923,2026-09-23,上市,2327,國巨*,573.00,2.0000,581.00,601.00,570.00,41179000,24003690000,28790,TWSE_CSV,2026-09-23 14:15:36 +0800
1150923,2026-09-23,上市,2328,廣宇,47.10,0.1000,47.50,47.50,46.80,898000,42377600,506,TWSE_CSV,2026-09-23 14:15:36 +0800
1150923,2026-09-23,上市,2329,華泰,44.35,1.0500,43.85,45.30,43.60,4416000,196184850,2655,TWSE_CSV,2026-09-23 14:15:36 +0800
1150923,2026-09-23,上市,2330,台積電,2500.00,40.0000,2475.00,2505.00,2475.00,20325000,50679965000,11233,TWSE_CSV,2026-09-23 14:15:36 +0800
1150923,2026-09-23,上市,2331,精英,19.00,-0.2000,19.45,19.45,19.00,519000,9931950,300,TWSE_CSV,2026-09-23 14:15:36 +0800
1150923,2026-09-23,上市,2332,友訊,20.40,0.2000,20.20,20.85,19.80,12326000,249465750,4547,TWSE_CSV,2026-09-23 14:15:36 +0800
1150923,2026-09-23,上市,2337,旺宏,119.00,1.0000,121.00,123.50,119.00,27240000,3294118500,13152,TWSE_CSV,2026-09-23 14:15:36 +0800
1150923,2026-09-23,上市,2338,光罩,46.45,-0.9000,47.35,48.05,46.30,5603000,263735900,3416,TWSE_CSV,2026-09-23 14:15:36 +0800
1150923,2026-09-23,上市,2340,台亞,34.35,0.2500,34.25,37.30,34.25,8629000,307989450,4911,TWSE_CSV,2026-09-23 14:15:36 +0800
1150923,2026-09-23,上市,2342,茂矽,46.35,4.2000,42.65,46.35,42.45,10958000,499077050,4933,TWSE_CSV,2026-09-23 14:15:36 +0800
1150923,2026-09-23,上市,2344,華邦電,172.50,1.5000,175.00,177.00,172.00,69699000,12166270500,36271,TWSE_CSV,2026-09-23 14:15:36 +0800
1150923,2026-09-23,上市,2345,智邦,1890.00,-25.0000,1935.00,1955.00,1845.00,3860000,7304990000,3263,TWSE_CSV,2026-09-23 14:15:36 +0800
1150923,2026-09-23,上市,2347,聯強,94.50,4.6000,90.90,94.80,90.40,4948000,463111300,3370,TWSE_CSV,2026-09-23 14:15:36 +0800
1150923,2026-09-23,上市,2348,海悅,73.00,0.5000,72.50,73.40,72.50,163000,11900200,138,TWSE_CSV,2026-09-23 14:15:36 +0800
1150923,2026-09-23,上市,2349,錸德,10.35,0.0000,10.35,10.40,10.30,989000,10253800,328,TWSE_CSV,2026-09-23 14:15:36 +0800
1150923,2026-09-23,上市,2351,順德,226.00,-12.5000,240.00,240.00,225.00,5861000,1342422000,4154,TWSE_CSV,2026-09-23 14:15:36 +0800
1150923,2026-09-23,上市,2352,佳世達,29.00,-0.4000,29.70,29.70,29.00,2957000,86194350,1506,TWSE_CSV,2026-09-23 14:15:36 +0800
1150923,2026-09-23,上市,2353,宏碁,31.55,0.1500,31.45,31.85,31.15,11990000,377469300,5104,TWSE_CSV,2026-09-23 14:15:36 +0800
1150923,2026-09-23,上市,2354,鴻準,65.90,0.3000,66.00,66.40,65.60,6376000,420477400,3648,TWSE_CSV,2026-09-23 14:15:36 +0800
1150923,2026-09-23,上市,2355,敬鵬,41.60,0.1000,42.05,42.25,41.50,1194000,49971600,918,TWSE_CSV,2026-09-23 14:15:36 +0800
1150923,2026-09-23,上市,2356,英業達,61.00,-0.2000,62.40,62.60,60.90,14085000,865690100,6476,TWSE_CSV,2026-09-23 14:15:36 +0800
1150923,2026-09-23,上市,2357,華碩,958.00,5.0000,953.00,958.00,942.00,1293000,1231548000,1056,TWSE_CSV,2026-09-23 14:15:36 +0800
1150923,2026-09-23,上市,2359,所羅門,128.00,-2.0000,130.00,131.00,127.00,1624000,208146000,1243,TWSE_CSV,2026-09-23 14:15:36 +0800
1150923,2026-09-23,上市,2360,致茂,2325.00,-115.0000,2445.00,2470.00,2305.00,2511000,5919125000,2126,TWSE_CSV,2026-09-23 14:15:36 +0800
1150923,2026-09-23,上市,2362,藍天,47.75,-0.1500,48.00,48.25,47.65,246000,11760150,198,TWSE_CSV,2026-09-23 14:15:36 +0800
1150923,2026-09-23,上市,2363,矽統,59.20,-1.1000,60.50,61.10,58.60,12892000,767718900,7295,TWSE_CSV,2026-09-23 14:15:36 +0800
1150923,2026-09-23,上市,2364,倫飛,66.30,-1.2000,67.60,68.40,66.00,176000,11719900,145,TWSE_CSV,2026-09-23 14:15:36 +0800
1150923,2026-09-23,上市,2365,昆盈,28.45,-0.2000,28.90,28.90,28.40,338000,9641300,204,TWSE_CSV,2026-09-23 14:15:36 +0800
1150923,2026-09-23,上市,2367,燿華,41.70,-0.2500,42.50,42.75,41.70,2139000,90050150,1459,TWSE_CSV,2026-09-23 14:15:36 +0800
1150923,2026-09-23,上市,2368,金像電,1140.00,100.0000,1085.00,1140.00,1030.00,13467000,14735730000,9634,TWSE_CSV,2026-09-23 14:15:36 +0800
1150923,2026-09-23,上市,2369,菱生,31.65,0.3000,31.50,32.60,31.10,9621000,306756400,5356,TWSE_CSV,2026-09-23 14:15:36 +0800
1150923,2026-09-23,上市,2371,大同,29.00,-0.4500,29.70,29.75,28.95,9371000,273782000,3241,TWSE_CSV,2026-09-23 14:15:36 +0800
1150923,2026-09-23,上市,2373,震旦行,53.10,0.0000,53.10,53.10,53.00,9000,477400,8,TWSE_CSV,2026-09-23 14:15:36 +0800
1150923,2026-09-23,上市,2374,佳能,66.10,-0.4000,67.00,67.00,66.00,1375000,91282400,855,TWSE_CSV,2026-09-23 14:15:36 +0800
1150923,2026-09-23,上市,2375,凱美,118.00,-0.5000,120.00,122.00,117.50,2049000,243972500,1441,TWSE_CSV,2026-09-23 14:15:36 +0800
1150923,2026-09-23,上市,2376,技嘉,365.00,-1.5000,370.00,370.00,363.50,2561000,938647500,1669,TWSE_CSV,2026-09-23 14:15:36 +0800
1150923,2026-09-23,上市,2377,微星,151.00,-2.5000,153.50,154.50,151.00,6051000,921229500,3457,TWSE_CSV,2026-09-23 14:15:36 +0800
1150923,2026-09-23,上市,2379,瑞昱,761.00,6.0000,768.00,794.00,752.00,4712000,3637860000,3688,TWSE_CSV,2026-09-23 14:15:36 +0800
1150923,2026-09-23,上市,2380,虹光,16.70,0.2000,16.50,16.75,16.30,31000,514550,24,TWSE_CSV,2026-09-23 14:15:36 +0800
1150923,2026-09-23,上市,2382,廣達,341.50,-0.5000,342.50,343.00,340.00,9362000,3195893000,4990,TWSE_CSV,2026-09-23 14:15:36 +0800
1150923,2026-09-23,上市,2383,台光電,5020.00,160.0000,4910.00,5110.00,4860.00,2241000,11199515000,2067,TWSE_CSV,2026-09-23 14:15:36 +0800
1150923,2026-09-23,上市,2385,群光,104.00,0.0000,104.00,105.00,103.00,1834000,191150000,1213,TWSE_CSV,2026-09-23 14:15:36 +0800
1150923,2026-09-23,上市,2387,精元,37.00,-0.4000,37.40,37.40,37.00,243000,9051950,173,TWSE_CSV,2026-09-23 14:15:36 +0800
1150923,2026-09-23,上市,2388,威盛,70.80,-0.1000,71.50,74.80,70.80,5873000,426851700,3908,TWSE_CSV,2026-09-23 14:15:36 +0800
1150923,2026-09-23,上市,2390,云辰,10.15,0.0000,10.15,10.25,10.15,201000,2049550,108,TWSE_CSV,2026-09-23 14:15:36 +0800
1150923,2026-09-23,上市,2392,正崴,42.15,-1.3000,43.00,43.10,42.10,2225000,94370600,1570,TWSE_CSV,2026-09-23 14:15:36 +0800
1150923,2026-09-23,上市,2393,億光,62.20,-1.4000,63.80,63.80,62.10,1576000,98475200,1094,TWSE_CSV,2026-09-23 14:15:36 +0800
1150923,2026-09-23,上市,2395,研華,701.00,-2.0000,715.00,721.00,695.00,1899000,1338256000,1682,TWSE_CSV,2026-09-23 14:15:36 +0800
1150923,2026-09-23,上市,2397,友通,62.10,-0.4000,62.90,62.90,62.10,100000,6228700,73,TWSE_CSV,2026-09-23 14:15:36 +0800
1150923,2026-09-23,上市,2399,映泰,47.10,-0.4000,47.90,48.40,47.05,2251000,107223750,1461,TWSE_CSV,2026-09-23 14:15:36 +0800
1150923,2026-09-23,上市,2401,凌陽,25.70,-0.0500,26.05,26.45,25.70,1850000,48119700,984,TWSE_CSV,2026-09-23 14:15:36 +0800
1150923,2026-09-23,上市,2402,毅嘉,53.60,-0.5000,54.20,54.40,53.60,724000,38992100,472,TWSE_CSV,2026-09-23 14:15:36 +0800
1150923,2026-09-23,上市,2404,漢唐,1250.00,110.0000,1160.00,1250.00,1140.00,4671000,5722375000,3393,TWSE_CSV,2026-09-23 14:15:36 +0800
1150923,2026-09-23,上市,2405,輔信,15.00,-0.0500,15.10,15.20,14.95,950000,14250350,389,TWSE_CSV,2026-09-23 14:15:36 +0800
1150923,2026-09-23,上市,2406,國碩,29.90,-0.2000,30.70,30.90,29.55,7634000,230382650,3993,TWSE_CSV,2026-09-23 14:15:36 +0800
1150923,2026-09-23,上市,2408,南亞科,515.00,18.0000,514.00,526.00,513.00,60389000,31413888000,37363,TWSE_CSV,2026-09-23 14:15:36 +0800
1150923,2026-09-23,上市,2409,友達,34.70,-1.9500,36.65,36.65,33.40,944000000,33103082450,277449,TWSE_CSV,2026-09-23 14:15:36 +0800
1150923,2026-09-23,上市,2412,中華電,145.50,0.5000,145.00,145.50,144.50,8270000,1200259000,3614,TWSE_CSV,2026-09-23 14:15:36 +0800
1150923,2026-09-23,上市,2413,環科,52.20,-0.8000,53.00,54.20,52.10,4859000,258168300,3095,TWSE_CSV,2026-09-23 14:15:36 +0800
1150923,2026-09-23,上市,2414,精技,53.10,0.0000,53.10,53.20,52.80,79000,4181500,74,TWSE_CSV,2026-09-23 14:15:36 +0800
1150923,2026-09-23,上市,2415,錩新,26.85,-0.1500,27.15,27.40,26.85,113000,3048750,83,TWSE_CSV,2026-09-23 14:15:36 +0800
1150923,2026-09-23,上市,2417,圓剛,39.00,0.0000,39.20,39.70,39.00,379000,14905250,253,TWSE_CSV,2026-09-23 14:15:36 +0800
1150923,2026-09-23,上市,2419,仲琦,29.00,-0.2500,29.55,29.70,28.80,1720000,50182100,1088,TWSE_CSV,2026-09-23 14:15:36 +0800
1150923,2026-09-23,上市,2420,新巨,53.70,0.0000,53.80,54.20,53.70,179000,9650200,113,TWSE_CSV,2026-09-23 14:15:36 +0800
1150923,2026-09-23,上市,2421,建準,163.00,-4.0000,168.50,169.00,163.00,1655000,272548500,1273,TWSE_CSV,2026-09-23 14:15:36 +0800
1150923,2026-09-23,上市,2423,固緯,73.90,0.1000,72.80,74.00,72.80,40000,2951000,39,TWSE_CSV,2026-09-23 14:15:36 +0800
1150923,2026-09-23,上市,2424,隴華,8.10,-0.1500,8.04,8.10,8.04,12000,96830,12,TWSE_CSV,2026-09-23 14:15:36 +0800
1150923,2026-09-23,上市,2425,承啟,37.10,-0.1000,37.65,37.90,37.10,293000,10972650,226,TWSE_CSV,2026-09-23 14:15:36 +0800
1150923,2026-09-23,上市,2426,鼎元,97.80,-1.0000,99.60,103.00,97.60,25361000,2520575300,15577,TWSE_CSV,2026-09-23 14:15:36 +0800
1150923,2026-09-23,上市,2427,三商電,23.50,-0.1000,23.75,23.80,23.50,428000,10106050,246,TWSE_CSV,2026-09-23 14:15:36 +0800
1150923,2026-09-23,上市,2428,興勤,254.50,-0.5000,258.50,260.50,253.50,628000,160471500,571,TWSE_CSV,2026-09-23 14:15:36 +0800
1150923,2026-09-23,上市,2429,銘旺科,30.75,-0.3500,31.00,31.55,30.75,96000,2971300,67,TWSE_CSV,2026-09-23 14:15:36 +0800
1150923,2026-09-23,上市,2430,燦坤,18.10,-0.0500,18.00,18.10,17.95,33000,595050,23,TWSE_CSV,2026-09-23 14:15:36 +0800
1150923,2026-09-23,上市,2431,聯昌,10.10,-0.1500,10.25,10.25,10.10,76000,773050,37,TWSE_CSV,2026-09-23 14:15:36 +0800
1150923,2026-09-23,上市,2432,倚天酷碁-創,27.25,-0.0500,27.20,27.35,27.05,28000,761750,15,TWSE_CSV,2026-09-23 14:15:36 +0800
1150923,2026-09-23,上市,2433,互盛電,40.25,-0.0500,40.20,40.30,40.20,8000,322200,8,TWSE_CSV,2026-09-23 14:15:36 +0800
1150923,2026-09-23,上市,2434,統懋,67.40,0.7000,70.90,73.00,66.80,2988000,209686500,2188,TWSE_CSV,2026-09-23 14:15:36 +0800
1150923,2026-09-23,上市,2436,偉詮電,69.60,-1.4000,71.40,71.50,69.50,4033000,284407600,2703,TWSE_CSV,2026-09-23 14:15:36 +0800
1150923,2026-09-23,上市,2438,翔耀,19.75,-0.2500,20.00,20.00,19.60,65000,1286500,42,TWSE_CSV,2026-09-23 14:15:36 +0800
1150923,2026-09-23,上市,2439,美律,78.00,-0.1000,78.10,78.50,77.70,1011000,78851600,493,TWSE_CSV,2026-09-23 14:15:36 +0800
1150923,2026-09-23,上市,2440,太空梭,14.35,-0.0500,14.45,14.45,14.25,140000,2005950,68,TWSE_CSV,2026-09-23 14:15:36 +0800
1150923,2026-09-23,上市,2441,超豐,125.00,-2.0000,130.00,131.50,124.00,6630000,838394500,4430,TWSE_CSV,2026-09-23 14:15:36 +0800
1150923,2026-09-23,上市,2442,新美齊,14.55,0.0000,14.60,14.60,14.40,558000,8086700,265,TWSE_CSV,2026-09-23 14:15:36 +0800
1150923,2026-09-23,上市,2444,兆勁,14.95,0.4000,14.75,15.50,14.30,5122000,77133400,2152,TWSE_CSV,2026-09-23 14:15:36 +0800
1150923,2026-09-23,上市,2449,京元電子,304.00,-13.0000,317.50,321.50,302.50,35438000,11012755000,22862,TWSE_CSV,2026-09-23 14:15:36 +0800
1150923,2026-09-23,上市,2450,神腦,28.30,0.0000,28.35,28.35,28.20,73000,2061700,53,TWSE_CSV,2026-09-23 14:15:36 +0800
1150923,2026-09-23,上市,2451,創見,284.50,-0.5000,285.00,289.00,283.00,1728000,492695000,1276,TWSE_CSV,2026-09-23 14:15:36 +0800
1150923,2026-09-23,上市,2453,凌群,53.60,-0.4000,54.20,54.40,53.30,312000,16759100,183,TWSE_CSV,2026-09-23 14:15:36 +0800
1150923,2026-09-23,上市,2454,聯發科,5185.00,5.0000,5220.00,5265.00,5140.00,5902000,30645845000,4900,TWSE_CSV,2026-09-23 14:15:36 +0800
1150923,2026-09-23,上市,2455,全新,552.00,5.0000,541.00,552.00,535.00,3213000,1743723000,2536,TWSE_CSV,2026-09-23 14:15:36 +0800
1150923,2026-09-23,上市,2457,飛宏,22.25,0.1500,22.45,22.45,22.10,805000,17929350,520,TWSE_CSV,2026-09-23 14:15:36 +0800
1150923,2026-09-23,上市,2458,義隆,129.00,-0.5000,130.50,131.00,128.50,1291000,167337500,899,TWSE_CSV,2026-09-23 14:15:36 +0800
1150923,2026-09-23,上市,2459,敦吉,65.40,-0.2000,65.60,65.80,65.30,54000,3532500,38,TWSE_CSV,2026-09-23 14:15:36 +0800
1150923,2026-09-23,上市,2460,建通,30.80,0.5500,30.20,31.30,30.10,298000,9170550,203,TWSE_CSV,2026-09-23 14:15:36 +0800
1150923,2026-09-23,上市,2461,光群雷,17.55,0.2000,17.60,17.60,17.45,184000,3220600,116,TWSE_CSV,2026-09-23 14:15:36 +0800
1150923,2026-09-23,上市,2462,良得電,19.90,0.0000,20.00,20.00,19.70,214000,4238250,82,TWSE_CSV,2026-09-23 14:15:36 +0800
1150923,2026-09-23,上市,2464,盟立,195.00,4.5000,192.00,200.50,186.00,18380000,3549413000,12349,TWSE_CSV,2026-09-23 14:15:36 +0800
1150923,2026-09-23,上市,2465,麗臺,89.20,-1.9000,92.20,92.50,89.20,990000,89507000,748,TWSE_CSV,2026-09-23 14:15:36 +0800
1150923,2026-09-23,上市,2466,冠西電,113.50,-2.0000,117.00,120.00,112.00,2387000,276921000,1711,TWSE_CSV,2026-09-23 14:15:36 +0800
1150923,2026-09-23,上市,2467,志聖,522.00,-6.0000,535.00,537.00,519.00,661000,346694000,557,TWSE_CSV,2026-09-23 14:15:36 +0800
1150923,2026-09-23,上市,2468,華經,45.45,-1.4000,47.25,47.25,44.80,1680000,76810600,1120,TWSE_CSV,2026-09-23 14:15:36 +0800
1150923,2026-09-23,上市,2471,資通,51.80,-0.4000,52.40,52.50,51.30,231000,12018400,151,TWSE_CSV,2026-09-23 14:15:36 +0800
1150923,2026-09-23,上市,2472,立隆電,216.50,-1.0000,221.00,225.50,215.00,2513000,549363500,1944,TWSE_CSV,2026-09-23 14:15:36 +0800
1150923,2026-09-23,上市,2474,可成,209.00,-1.0000,209.00,209.50,207.00,2407000,501914000,1433,TWSE_CSV,2026-09-23 14:15:36 +0800
1150923,2026-09-23,上市,2476,鉅祥,122.00,-1.5000,123.50,124.00,121.00,770000,93904500,442,TWSE_CSV,2026-09-23 14:15:36 +0800
1150923,2026-09-23,上市,2477,美隆電,22.90,-0.3000,23.20,23.20,22.90,87000,2001600,78,TWSE_CSV,2026-09-23 14:15:36 +0800
1150923,2026-09-23,上市,2478,大毅,119.50,-0.5000,122.00,123.00,119.00,1419000,171279500,1108,TWSE_CSV,2026-09-23 14:15:36 +0800
1150923,2026-09-23,上市,2480,敦陽科,161.00,-1.5000,165.00,165.00,160.50,125000,20146000,116,TWSE_CSV,2026-09-23 14:15:36 +0800
1150923,2026-09-23,上市,2481,強茂,173.00,2.0000,175.00,181.00,172.00,39140000,6874929500,24559,TWSE_CSV,2026-09-23 14:15:36 +0800
1150923,2026-09-23,上市,2482,連宇,16.25,-0.1500,16.60,16.60,16.25,89000,1455400,73,TWSE_CSV,2026-09-23 14:15:36 +0800
1150923,2026-09-23,上市,2483,百容,32.50,0.0000,32.80,32.85,32.40,301000,9794500,186,TWSE_CSV,2026-09-23 14:15:36 +0800
1150923,2026-09-23,上市,2484,希華,72.90,3.3000,70.70,75.00,68.60,18235000,1328651500,12545,TWSE_CSV,2026-09-23 14:15:36 +0800
1150923,2026-09-23,上市,2485,兆赫,39.25,-0.5500,40.05,40.35,39.20,1527000,60419150,1065,TWSE_CSV,2026-09-23 14:15:36 +0800
1150923,2026-09-23,上市,2486,一詮,232.00,-1.5000,236.00,237.00,232.00,1931000,451965000,1511,TWSE_CSV,2026-09-23 14:15:36 +0800
1150923,2026-09-23,上市,2488,漢平,49.10,0.0000,49.45,49.50,48.90,30000,1472150,25,TWSE_CSV,2026-09-23 14:15:36 +0800
1150923,2026-09-23,上市,2489,瑞軒,41.05,-0.9000,42.25,42.65,40.85,14459000,600615150,7969,TWSE_CSV,2026-09-23 14:15:36 +0800
1150923,2026-09-23,上市,2491,吉祥全,40.15,0.1000,40.50,42.90,40.00,1065000,43798850,787,TWSE_CSV,2026-09-23 14:15:36 +0800
1150923,2026-09-23,上市,2492,華新科,306.00,-5.0000,314.50,322.50,304.00,18564000,5775177500,13320,TWSE_CSV,2026-09-23 14:15:36 +0800
1150923,2026-09-23,上市,2493,揚博,197.00,2.5000,195.00,199.50,189.00,2942000,571824000,2326,TWSE_CSV,2026-09-23 14:15:36 +0800
1150923,2026-09-23,上市,2495,普安,38.85,0.4000,38.45,39.20,38.40,992000,38466850,660,TWSE_CSV,2026-09-23 14:15:36 +0800
1150923,2026-09-23,上市,2496,卓越,54.70,-0.1000,54.90,54.90,54.70,6000,328600,6,TWSE_CSV,2026-09-23 14:15:36 +0800
1150923,2026-09-23,上市,2497,怡利電,43.40,-0.1000,44.00,44.00,43.35,123000,5353600,94,TWSE_CSV,2026-09-23 14:15:36 +0800
1150923,2026-09-23,上市,2498,宏達電,41.65,1.5500,41.75,44.00,41.40,24522000,1041461400,12031,TWSE_CSV,2026-09-23 14:15:36 +0800
1150923,2026-09-23,上市,2501,國建,21.20,-0.2500,21.50,21.50,21.05,2973000,63191450,1066,TWSE_CSV,2026-09-23 14:15:36 +0800
1150923,2026-09-23,上市,2504,國產,31.10,-0.0500,31.10,31.10,30.60,1711000,52692750,838,TWSE_CSV,2026-09-23 14:15:36 +0800
1150923,2026-09-23,上市,2505,國揚,17.15,0.0000,17.20,17.20,17.00,318000,5440300,102,TWSE_CSV,2026-09-23 14:15:36 +0800
1150923,2026-09-23,上市,2506,太設,8.43,0.0500,8.38,8.44,8.32,235000,1968370,70,TWSE_CSV,2026-09-23 14:15:36 +0800
1150923,2026-09-23,上市,2509,全坤建,14.45,-0.1000,14.55,14.55,14.40,85000,1232900,49,TWSE_CSV,2026-09-23 14:15:36 +0800
1150923,2026-09-23,上市,2511,太子,8.40,-0.0200,8.44,8.44,8.39,571000,4798670,181,TWSE_CSV,2026-09-23 14:15:36 +0800
1150923,2026-09-23,上市,2514,龍邦,11.60,-0.2000,11.80,11.80,11.55,60000,698800,43,TWSE_CSV,2026-09-23 14:15:36 +0800
1150923,2026-09-23,上市,2515,中工,11.95,0.0500,11.95,12.15,11.90,6025000,72469150,1041,TWSE_CSV,2026-09-23 14:15:36 +0800
1150923,2026-09-23,上市,2516,新建,14.80,-0.0500,14.85,15.00,14.80,141000,2096450,65,TWSE_CSV,2026-09-23 14:15:36 +0800
1150923,2026-09-23,上市,2520,冠德,36.95,-0.3000,37.50,37.50,36.65,927000,34227950,485,TWSE_CSV,2026-09-23 14:15:36 +0800
1150923,2026-09-23,上市,2524,京城,35.00,-0.4000,35.95,35.95,35.00,45000,1582750,34,TWSE_CSV,2026-09-23 14:15:36 +0800
1150923,2026-09-23,上市,2527,宏璟,48.40,0.2500,48.75,48.90,47.85,651000,31547250,450,TWSE_CSV,2026-09-23 14:15:36 +0800
1150923,2026-09-23,上市,2528,皇普,19.85,-0.6000,20.55,20.55,19.80,354000,7103850,221,TWSE_CSV,2026-09-23 14:15:36 +0800
1150923,2026-09-23,上市,2530,華建,20.15,-0.2500,20.55,20.55,20.10,347000,7034350,203,TWSE_CSV,2026-09-23 14:15:36 +0800
1150923,2026-09-23,上市,2534,宏盛,16.95,-0.0500,17.00,17.00,16.80,209000,3525200,184,TWSE_CSV,2026-09-23 14:15:36 +0800
1150923,2026-09-23,上市,2535,達欣工,89.90,0.1000,90.70,90.70,89.10,341000,30540800,172,TWSE_CSV,2026-09-23 14:15:36 +0800
1150923,2026-09-23,上市,2536,宏普,19.40,-0.1000,19.55,19.55,19.35,310000,6025550,135,TWSE_CSV,2026-09-23 14:15:36 +0800
1150923,2026-09-23,上市,2537,聯上發,11.40,0.0500,11.45,11.45,11.35,194000,2211400,91,TWSE_CSV,2026-09-23 14:15:36 +0800
1150923,2026-09-23,上市,2538,基泰,8.67,0.0600,8.65,8.77,8.61,285000,2479690,165,TWSE_CSV,2026-09-23 14:15:36 +0800
1150923,2026-09-23,上市,2539,櫻花建,34.90,-0.3500,35.25,35.30,34.90,473000,16571350,275,TWSE_CSV,2026-09-23 14:15:36 +0800
1150923,2026-09-23,上市,2540,愛山林,49.65,0.1500,49.75,50.20,49.40,364000,18137050,260,TWSE_CSV,2026-09-23 14:15:36 +0800
1150923,2026-09-23,上市,2542,興富發,39.55,0.0000,40.00,40.45,39.00,46530000,1838778750,19177,TWSE_CSV,2026-09-23 14:15:36 +0800
1150923,2026-09-23,上市,2543,皇昌,38.30,0.1500,38.30,38.60,38.05,284000,10896900,210,TWSE_CSV,2026-09-23 14:15:36 +0800
1150923,2026-09-23,上市,2545,皇翔,34.00,-0.3000,34.35,34.75,34.00,103000,3543200,69,TWSE_CSV,2026-09-23 14:15:36 +0800
1150923,2026-09-23,上市,2546,根基,106.00,0.0000,106.50,107.50,105.50,90000,9583500,76,TWSE_CSV,2026-09-23 14:15:36 +0800
1150923,2026-09-23,上市,2547,日勝生,9.94,-0.0100,9.95,10.00,9.93,1341000,13370700,373,TWSE_CSV,2026-09-23 14:15:36 +0800
1150923,2026-09-23,上市,2548,華固,93.40,-0.9000,94.70,94.70,93.10,1124000,105101200,764,TWSE_CSV,2026-09-23 14:15:36 +0800
1150923,2026-09-23,上市,2597,潤弘,168.50,0.0000,169.50,171.00,167.00,198000,33512500,178,TWSE_CSV,2026-09-23 14:15:36 +0800
1150923,2026-09-23,上市,2603,長榮,243.00,0.5000,241.50,243.00,239.00,5667000,1368504500,3121,TWSE_CSV,2026-09-23 14:15:36 +0800
1150923,2026-09-23,上市,2605,新興,37.05,-0.0500,37.60,37.65,36.70,6688000,247659550,2893,TWSE_CSV,2026-09-23 14:15:36 +0800
1150923,2026-09-23,上市,2606,裕民,76.70,0.0000,76.90,77.40,76.10,1696000,130273300,1204,TWSE_CSV,2026-09-23 14:15:36 +0800
1150923,2026-09-23,上市,2607,榮運,53.70,0.0000,53.80,53.80,53.60,172000,9233500,139,TWSE_CSV,2026-09-23 14:15:36 +0800
1150923,2026-09-23,上市,2608,嘉里大榮,28.80,0.0000,28.90,29.00,28.80,134000,3867350,71,TWSE_CSV,2026-09-23 14:15:36 +0800
1150923,2026-09-23,上市,2609,陽明,59.90,-0.9000,61.00,61.10,59.50,27474000,1644276400,11342,TWSE_CSV,2026-09-23 14:15:36 +0800
1150923,2026-09-23,上市,2610,華航,20.45,-0.0500,20.55,20.60,20.25,34264000,699375950,5142,TWSE_CSV,2026-09-23 14:15:36 +0800
1150923,2026-09-23,上市,2611,志信,14.15,-0.1000,14.40,14.40,14.15,239000,3403300,140,TWSE_CSV,2026-09-23 14:15:36 +0800
1150923,2026-09-23,上市,2612,中航,62.40,-0.5000,62.90,63.10,62.40,232000,14545500,172,TWSE_CSV,2026-09-23 14:15:36 +0800
1150923,2026-09-23,上市,2613,中櫃,22.30,0.0000,22.30,22.35,22.10,140000,3110350,96,TWSE_CSV,2026-09-23 14:15:36 +0800
1150923,2026-09-23,上市,2614,東森,18.30,0.0500,18.30,18.40,18.20,675000,12368850,341,TWSE_CSV,2026-09-23 14:15:36 +0800
1150923,2026-09-23,上市,2615,萬海,113.50,-3.0000,117.00,117.50,113.50,9796000,1121869500,5450,TWSE_CSV,2026-09-23 14:15:36 +0800
1150923,2026-09-23,上市,2616,山隆,13.25,-0.1000,13.35,13.40,13.25,100000,1328300,60,TWSE_CSV,2026-09-23 14:15:36 +0800
1150923,2026-09-23,上市,2617,台航,32.85,-0.2500,32.90,33.10,32.75,550000,18090050,350,TWSE_CSV,2026-09-23 14:15:36 +0800
1150923,2026-09-23,上市,2618,長榮航,42.85,0.3500,42.85,43.20,42.45,37827000,1619486350,8755,TWSE_CSV,2026-09-23 14:15:36 +0800
1150923,2026-09-23,上市,2630,亞航,46.30,-0.7000,47.20,47.30,46.20,769000,35742550,486,TWSE_CSV,2026-09-23 14:15:36 +0800
1150923,2026-09-23,上市,2633,台灣高鐵,25.60,0.0000,25.70,25.75,25.55,3007000,77154950,1313,TWSE_CSV,2026-09-23 14:15:36 +0800
1150923,2026-09-23,上市,2634,漢翔,62.50,-0.6000,63.60,63.60,62.50,4811000,302260400,3046,TWSE_CSV,2026-09-23 14:15:36 +0800
1150923,2026-09-23,上市,2636,台驊控股,70.80,0.1000,70.80,71.20,70.50,236000,16713200,175,TWSE_CSV,2026-09-23 14:15:36 +0800
1150923,2026-09-23,上市,2637,慧洋-KY,100.50,0.0000,102.00,102.00,100.00,921000,92774000,620,TWSE_CSV,2026-09-23 14:15:36 +0800
1150923,2026-09-23,上市,2642,宅配通,20.40,-0.1000,20.80,20.80,20.40,11000,224900,11,TWSE_CSV,2026-09-23 14:15:36 +0800
1150923,2026-09-23,上市,2645,長榮航太,172.00,-0.5000,172.50,174.00,172.00,606000,104701500,475,TWSE_CSV,2026-09-23 14:15:36 +0800
1150923,2026-09-23,上市,2646,星宇航空,20.35,0.0500,20.30,20.55,20.30,4061000,82854950,1432,TWSE_CSV,2026-09-23 14:15:36 +0800
1150923,2026-09-23,上市,2701,萬企,10.25,-0.1000,10.30,10.30,10.20,166000,1701600,79,TWSE_CSV,2026-09-23 14:15:36 +0800
1150923,2026-09-23,上市,2702,華園,12.80,-0.1000,12.80,12.95,12.75,23000,294600,17,TWSE_CSV,2026-09-23 14:15:36 +0800
1150923,2026-09-23,上市,2704,國賓,45.20,0.1500,46.10,46.10,45.20,33000,1499300,32,TWSE_CSV,2026-09-23 14:15:36 +0800
1150923,2026-09-23,上市,2705,六福,15.15,-0.1000,15.35,15.35,15.10,98000,1485150,56,TWSE_CSV,2026-09-23 14:15:36 +0800
1150923,2026-09-23,上市,2706,第一店,12.10,-0.0500,12.10,12.15,12.10,110000,1331350,33,TWSE_CSV,2026-09-23 14:15:36 +0800
1150923,2026-09-23,上市,2707,晶華,177.50,-0.5000,177.50,178.00,177.00,53000,9409000,41,TWSE_CSV,2026-09-23 14:15:36 +0800
1150923,2026-09-23,上市,2712,遠雄來,13.45,-0.0500,13.45,13.50,13.45,5000,67300,5,TWSE_CSV,2026-09-23 14:15:36 +0800
1150923,2026-09-23,上市,2722,夏都,21.15,-0.0500,21.50,21.50,21.10,19000,404000,14,TWSE_CSV,2026-09-23 14:15:36 +0800
1150923,2026-09-23,上市,2723,美食-KY,78.40,-0.8000,79.90,79.90,78.10,117000,9219900,83,TWSE_CSV,2026-09-23 14:15:36 +0800
1150923,2026-09-23,上市,2727,王品,230.00,2.0000,228.50,230.00,228.50,170000,39007500,153,TWSE_CSV,2026-09-23 14:15:36 +0800
1150923,2026-09-23,上市,2731,雄獅,144.50,1.0000,144.50,145.00,144.00,204000,29489000,189,TWSE_CSV,2026-09-23 14:15:36 +0800
1150923,2026-09-23,上市,2739,寒舍,36.70,-0.3000,37.40,37.40,36.70,26000,957800,26,TWSE_CSV,2026-09-23 14:15:36 +0800
1150923,2026-09-23,上市,2748,雲品,38.65,-0.0500,38.60,39.00,38.55,23000,889850,20,TWSE_CSV,2026-09-23 14:15:36 +0800
1150923,2026-09-23,上市,2753,八方雲集,180.00,-1.0000,180.50,181.00,180.00,122000,21992500,97,TWSE_CSV,2026-09-23 14:15:36 +0800
1150923,2026-09-23,上市,2762,世界健身-KY,79.80,-0.3000,80.00,80.40,79.80,39000,3120900,38,TWSE_CSV,2026-09-23 14:15:36 +0800
1150923,2026-09-23,上市,2801,彰銀,27.85,-0.5000,28.40,28.40,27.75,31645000,883814500,9469,TWSE_CSV,2026-09-23 14:15:36 +0800
1150923,2026-09-23,上市,2812,台中銀,19.15,-0.1000,19.30,19.30,19.10,10592000,202898250,2159,TWSE_CSV,2026-09-23 14:15:36 +0800
1150923,2026-09-23,上市,2816,旺旺保,40.45,0.1000,40.55,40.85,40.20,333000,13516300,240,TWSE_CSV,2026-09-23 14:15:36 +0800
1150923,2026-09-23,上市,2820,華票,17.25,-0.0500,17.35,17.35,17.15,2293000,39549950,1378,TWSE_CSV,2026-09-23 14:15:36 +0800
1150923,2026-09-23,上市,2832,台產,57.80,-0.5000,58.70,58.70,57.80,108000,6267200,85,TWSE_CSV,2026-09-23 14:15:36 +0800
1150923,2026-09-23,上市,2834,臺企銀,17.90,-0.3500,18.15,18.25,17.85,36281000,652343800,8713,TWSE_CSV,2026-09-23 14:15:36 +0800
1150923,2026-09-23,上市,2836,高雄銀,12.15,-0.1500,12.25,12.30,12.15,1309000,15975200,439,TWSE_CSV,2026-09-23 14:15:36 +0800
1150923,2026-09-23,上市,2838,聯邦銀,21.20,-0.3000,21.55,21.55,21.20,1556000,33115250,564,TWSE_CSV,2026-09-23 14:15:36 +0800
1150923,2026-09-23,上市,2845,遠東銀,13.35,-0.1500,13.55,13.55,13.35,6644000,89067600,1761,TWSE_CSV,2026-09-23 14:15:36 +0800
1150923,2026-09-23,上市,2849,安泰銀,15.95,-0.1500,16.20,16.20,15.90,137000,2192550,60,TWSE_CSV,2026-09-23 14:15:36 +0800
1150923,2026-09-23,上市,2850,新產,158.50,-0.5000,160.50,160.50,158.00,108000,17154000,68,TWSE_CSV,2026-09-23 14:15:36 +0800
1150923,2026-09-23,上市,2851,中再保,47.95,0.5500,47.45,48.15,47.05,2390000,114207400,1283,TWSE_CSV,2026-09-23 14:15:36 +0800
1150923,2026-09-23,上市,2852,第一保,28.10,-0.1500,28.30,28.30,28.10,150000,4225150,83,TWSE_CSV,2026-09-23 14:15:36 +0800
1150923,2026-09-23,上市,2855,統一證,57.70,0.8000,57.30,59.40,56.90,5638000,328387300,2968,TWSE_CSV,2026-09-23 14:15:36 +0800
1150923,2026-09-23,上市,2880,華南金,45.80,-0.7500,46.60,46.60,45.60,11329000,520163600,4858,TWSE_CSV,2026-09-23 14:15:36 +0800
1150923,2026-09-23,上市,2881,富邦金,153.00,-1.5000,155.50,155.50,152.50,14713000,2264297500,6113,TWSE_CSV,2026-09-23 14:15:36 +0800
1150923,2026-09-23,上市,2882,國泰金,111.50,-0.5000,112.50,112.50,110.50,16763000,1868263500,4845,TWSE_CSV,2026-09-23 14:15:36 +0800
1150923,2026-09-23,上市,2883,凱基金,39.35,0.0500,39.45,39.50,38.85,34775000,1361948050,9917,TWSE_CSV,2026-09-23 14:15:36 +0800
1150923,2026-09-23,上市,2884,玉山金,45.60,-0.4500,46.10,46.10,45.40,24785000,1132014200,8241,TWSE_CSV,2026-09-23 14:15:36 +0800
1150923,2026-09-23,上市,2885,元大金,69.60,-1.0000,71.30,71.30,69.40,17618000,1233122600,6304,TWSE_CSV,2026-09-23 14:15:36 +0800
1150923,2026-09-23,上市,2886,兆豐金,50.00,-0.5000,50.90,50.90,49.65,20623000,1030096950,9303,TWSE_CSV,2026-09-23 14:15:36 +0800
1150923,2026-09-23,上市,2887,台新新光金,42.95,0.0500,43.30,43.30,42.35,38518000,1650505950,11228,TWSE_CSV,2026-09-23 14:15:36 +0800
1150923,2026-09-23,上市,2889,國票金,16.80,-0.0500,16.85,16.85,16.65,8007000,133961600,2123,TWSE_CSV,2026-09-23 14:15:36 +0800
1150923,2026-09-23,上市,2890,永豐金,45.05,-0.3500,45.70,45.70,44.65,19981000,898873850,6814,TWSE_CSV,2026-09-23 14:15:36 +0800
1150923,2026-09-23,上市,2891,中信金,68.90,-0.7000,70.00,70.00,68.90,20328000,1405478600,6595,TWSE_CSV,2026-09-23 14:15:36 +0800
1150923,2026-09-23,上市,2892,第一金,39.85,-0.0500,40.20,40.20,39.45,17503000,696958800,4185,TWSE_CSV,2026-09-23 14:15:36 +0800
1150923,2026-09-23,上市,2897,王道銀行,11.10,0.0000,11.15,11.15,11.05,2006000,22275100,445,TWSE_CSV,2026-09-23 14:15:36 +0800
1150923,2026-09-23,上市,2901,欣欣,22.95,-1.4500,24.40,26.80,22.80,938000,23309850,434,TWSE_CSV,2026-09-23 14:15:36 +0800
1150923,2026-09-23,上市,2903,遠百,22.25,-0.0500,22.35,22.40,22.25,474000,10577850,350,TWSE_CSV,2026-09-23 14:15:36 +0800
1150923,2026-09-23,上市,2904,匯僑,12.55,-0.0500,12.60,12.60,12.55,11000,138100,9,TWSE_CSV,2026-09-23 14:15:36 +0800
1150923,2026-09-23,上市,2905,三商,18.65,0.1000,18.65,18.80,18.35,1423000,26552000,416,TWSE_CSV,2026-09-23 14:15:36 +0800
1150923,2026-09-23,上市,2906,高林,13.45,-0.1500,13.60,13.60,13.45,132000,1781550,64,TWSE_CSV,2026-09-23 14:15:36 +0800
1150923,2026-09-23,上市,2908,特力,22.15,0.1000,21.95,22.15,21.95,291000,6411700,75,TWSE_CSV,2026-09-23 14:15:36 +0800
1150923,2026-09-23,上市,2910,統領,23.65,-0.1500,23.25,23.85,23.25,13000,305950,11,TWSE_CSV,2026-09-23 14:15:36 +0800
1150923,2026-09-23,上市,2911,麗嬰房,6.13,-0.0700,6.19,6.30,6.13,101000,623110,63,TWSE_CSV,2026-09-23 14:15:36 +0800
1150923,2026-09-23,上市,2912,統一超,213.00,-1.0000,214.50,214.50,213.00,2203000,470463500,1331,TWSE_CSV,2026-09-23 14:15:36 +0800
1150923,2026-09-23,上市,2913,農林,11.15,0.1000,11.00,11.20,11.00,1241000,13774050,396,TWSE_CSV,2026-09-23 14:15:36 +0800
1150923,2026-09-23,上市,2915,潤泰全,60.10,0.8000,59.60,60.30,59.30,2221000,133223800,1040,TWSE_CSV,2026-09-23 14:15:36 +0800
1150923,2026-09-23,上市,2923,鼎固-KY,25.70,-0.7000,26.95,27.15,25.70,89000,2355700,52,TWSE_CSV,2026-09-23 14:15:36 +0800
1150923,2026-09-23,上市,2929,淘帝-KY,5.82,0.0300,5.78,5.83,5.71,97000,558460,43,TWSE_CSV,2026-09-23 14:15:36 +0800
1150923,2026-09-23,上市,2939,永邑-KY,19.60,-0.3500,19.95,19.95,19.50,21000,416600,11,TWSE_CSV,2026-09-23 14:15:36 +0800
1150923,2026-09-23,上市,2945,三商家購,40.00,-0.6000,40.60,40.60,38.65,211000,8260750,133,TWSE_CSV,2026-09-23 14:15:36 +0800
1150923,2026-09-23,上市,3002,歐格,18.90,-0.6000,19.90,19.90,18.80,358000,6849450,249,TWSE_CSV,2026-09-23 14:15:36 +0800
1150923,2026-09-23,上市,3003,健和興,58.60,0.3000,58.60,59.30,58.10,389000,22756000,361,TWSE_CSV,2026-09-23 14:15:36 +0800
1150923,2026-09-23,上市,3004,豐達科,118.00,0.5000,118.50,118.50,116.50,175000,20526500,134,TWSE_CSV,2026-09-23 14:15:36 +0800
1150923,2026-09-23,上市,3005,神基,117.50,-1.0000,118.50,118.50,116.50,1646000,192946500,862,TWSE_CSV,2026-09-23 14:15:36 +0800
1150923,2026-09-23,上市,3006,晶豪科,274.00,-4.5000,282.50,288.00,273.00,9100000,2539353000,6368,TWSE_CSV,2026-09-23 14:15:36 +0800
1150923,2026-09-23,上市,3008,大立光,6190.00,-215.0000,6440.00,6470.00,6140.00,1474000,9229915000,1407,TWSE_CSV,2026-09-23 14:15:36 +0800
1150923,2026-09-23,上市,3010,華立,125.00,0.5000,125.50,126.00,124.50,228000,28585500,195,TWSE_CSV,2026-09-23 14:15:36 +0800
1150923,2026-09-23,上市,3011,今皓,9.87,-0.1800,10.15,10.15,9.85,211000,2097910,133,TWSE_CSV,2026-09-23 14:15:36 +0800
1150923,2026-09-23,上市,3013,晟銘電,84.30,1.2000,83.60,86.60,83.60,1045000,88693300,862,TWSE_CSV,2026-09-23 14:15:36 +0800
1150923,2026-09-23,上市,3014,聯陽,143.00,4.0000,139.00,144.00,137.50,4678000,661234500,3213,TWSE_CSV,2026-09-23 14:15:36 +0800
1150923,2026-09-23,上市,3015,全漢,53.30,0.2000,53.20,54.80,53.10,867000,46792700,458,TWSE_CSV,2026-09-23 14:15:36 +0800
1150923,2026-09-23,上市,3016,嘉晶,145.50,13.0000,145.00,145.50,141.50,30650000,4452621500,9051,TWSE_CSV,2026-09-23 14:15:36 +0800
1150923,2026-09-23,上市,3017,奇鋐,3470.00,80.0000,3425.00,3590.00,3410.00,2485000,8739800000,2237,TWSE_CSV,2026-09-23 14:15:36 +0800
1150923,2026-09-23,上市,3018,隆銘綠能,12.00,0.1000,11.90,12.45,11.90,51000,615450,35,TWSE_CSV,2026-09-23 14:15:36 +0800
1150923,2026-09-23,上市,3019,亞光,135.00,0.0000,135.50,137.00,133.00,2437000,327926000,1637,TWSE_CSV,2026-09-23 14:15:36 +0800
1150923,2026-09-23,上市,3021,鴻名,24.50,-0.8000,25.35,25.55,24.45,363000,8993150,233,TWSE_CSV,2026-09-23 14:15:36 +0800
1150923,2026-09-23,上市,3022,威強電,90.70,-0.8000,92.20,92.60,90.10,833000,75791800,614,TWSE_CSV,2026-09-23 14:15:36 +0800
1150923,2026-09-23,上市,3023,信邦,312.00,-8.5000,320.50,321.00,312.00,667000,210135500,568,TWSE_CSV,2026-09-23 14:15:36 +0800
1150923,2026-09-23,上市,3024,憶聲,14.35,-0.1000,14.45,14.60,14.35,538000,7764200,251,TWSE_CSV,2026-09-23 14:15:36 +0800
1150923,2026-09-23,上市,3025,星通,52.00,0.3000,52.30,52.30,51.70,43000,2230100,38,TWSE_CSV,2026-09-23 14:15:36 +0800
1150923,2026-09-23,上市,3026,禾伸堂,768.00,-12.0000,791.00,803.00,760.00,6027000,4678472000,5059,TWSE_CSV,2026-09-23 14:15:36 +0800
1150923,2026-09-23,上市,3027,盛達,18.70,-0.1000,18.95,19.45,18.65,276000,5247050,210,TWSE_CSV,2026-09-23 14:15:36 +0800
1150923,2026-09-23,上市,3028,增你強,61.70,-0.6000,62.80,62.80,61.70,489000,30322000,391,TWSE_CSV,2026-09-23 14:15:36 +0800
1150923,2026-09-23,上市,3029,零壹,118.50,-2.5000,121.50,122.00,118.50,1507000,179738000,1022,TWSE_CSV,2026-09-23 14:15:36 +0800
1150923,2026-09-23,上市,3030,德律,264.50,-3.5000,270.50,272.00,263.50,613000,162983000,517,TWSE_CSV,2026-09-23 14:15:36 +0800
1150923,2026-09-23,上市,3031,佰鴻,28.30,-0.4000,27.95,29.30,27.35,3330000,93765450,2058,TWSE_CSV,2026-09-23 14:15:36 +0800
1150923,2026-09-23,上市,3032,偉訓,82.00,4.1000,78.10,83.60,78.10,1714000,140100900,1110,TWSE_CSV,2026-09-23 14:15:36 +0800
1150923,2026-09-23,上市,3033,威健,41.60,0.1500,42.50,42.80,41.50,3194000,134390300,1805,TWSE_CSV,2026-09-23 14:15:36 +0800
1150923,2026-09-23,上市,3034,聯詠,545.00,-12.0000,561.00,561.00,542.00,2734000,1501660000,2177,TWSE_CSV,2026-09-23 14:15:36 +0800
1150923,2026-09-23,上市,3035,智原,204.00,1.0000,203.00,209.00,201.00,7307000,1494607500,5551,TWSE_CSV,2026-09-23 14:15:36 +0800
1150923,2026-09-23,上市,3036,文曄,206.00,1.0000,206.50,207.50,204.50,4288000,883030500,2533,TWSE_CSV,2026-09-23 14:15:36 +0800
1150923,2026-09-23,上市,3037,欣興,1160.00,40.0000,1120.00,1200.00,1115.00,21846000,25240785000,14568,TWSE_CSV,2026-09-23 14:15:36 +0800
1150923,2026-09-23,上市,3038,全台,20.30,0.0500,20.35,20.50,20.25,176000,3581200,101,TWSE_CSV,2026-09-23 14:15:36 +0800
1150923,2026-09-23,上市,3040,遠見,35.20,0.3000,34.90,35.40,34.75,25000,874050,25,TWSE_CSV,2026-09-23 14:15:36 +0800
1150923,2026-09-23,上市,3041,揚智,23.60,-0.1000,23.90,24.25,23.60,606000,14467950,357,TWSE_CSV,2026-09-23 14:15:36 +0800
1150923,2026-09-23,上市,3042,晶技,198.00,14.5000,186.50,201.50,179.00,32635000,6376280000,18887,TWSE_CSV,2026-09-23 14:15:36 +0800
1150923,2026-09-23,上市,3043,科風,20.90,0.2000,21.00,21.00,20.65,31000,646500,27,TWSE_CSV,2026-09-23 14:15:36 +0800
1150923,2026-09-23,上市,3044,健鼎,543.00,4.0000,541.00,547.00,525.00,2820000,1515801000,2199,TWSE_CSV,2026-09-23 14:15:36 +0800
1150923,2026-09-23,上市,3045,台灣大,123.00,0.0000,123.00,123.00,121.50,6819000,834351500,1942,TWSE_CSV,2026-09-23 14:15:36 +0800
1150923,2026-09-23,上市,3046,建碁,54.00,-0.1000,54.00,54.10,53.70,100000,5392000,83,TWSE_CSV,2026-09-23 14:15:36 +0800
1150923,2026-09-23,上市,3047,訊舟,14.70,-0.1000,14.90,14.90,14.40,1107000,16184150,551,TWSE_CSV,2026-09-23 14:15:36 +0800
1150923,2026-09-23,上市,3048,益登,50.40,-0.1000,51.00,51.00,50.10,792000,39889400,462,TWSE_CSV,2026-09-23 14:15:36 +0800
1150923,2026-09-23,上市,3049,精金,12.40,-0.4500,12.85,12.95,12.35,5518000,69446200,2132,TWSE_CSV,2026-09-23 14:15:36 +0800
1150923,2026-09-23,上市,3050,鈺德,11.50,-0.1000,11.65,11.70,11.40,537000,6167400,179,TWSE_CSV,2026-09-23 14:15:36 +0800
1150923,2026-09-23,上市,3051,力特,22.50,-0.5500,23.30,23.40,22.50,436000,9924850,285,TWSE_CSV,2026-09-23 14:15:36 +0800
1150923,2026-09-23,上市,3052,夆典,10.40,0.0500,10.45,10.50,10.35,237000,2468600,79,TWSE_CSV,2026-09-23 14:15:36 +0800
1150923,2026-09-23,上市,3054,立萬利,58.50,0.0000,59.00,59.40,57.30,102000,5956600,82,TWSE_CSV,2026-09-23 14:15:36 +0800
1150923,2026-09-23,上市,3055,蔚華科,203.50,-3.0000,206.50,226.00,200.50,24610000,5215902500,18092,TWSE_CSV,2026-09-23 14:15:36 +0800
1150923,2026-09-23,上市,3056,富華新,14.05,-0.2000,14.30,14.30,14.00,549000,7722300,317,TWSE_CSV,2026-09-23 14:15:36 +0800
1150923,2026-09-23,上市,3057,喬鼎,16.15,-0.3500,16.50,16.50,16.15,34000,555600,23,TWSE_CSV,2026-09-23 14:15:36 +0800
1150923,2026-09-23,上市,3058,立德,8.30,0.1000,8.20,8.39,8.20,618000,5133460,250,TWSE_CSV,2026-09-23 14:15:36 +0800
1150923,2026-09-23,上市,3059,華晶科,37.95,0.1000,37.85,38.30,37.85,1066000,40585650,570,TWSE_CSV,2026-09-23 14:15:36 +0800
1150923,2026-09-23,上市,3060,銘異,26.30,-0.4000,26.80,26.95,26.30,436000,11543900,289,TWSE_CSV,2026-09-23 14:15:36 +0800
1150923,2026-09-23,上市,3062,建漢,22.20,-0.1500,22.35,22.40,21.75,2550000,56247300,1312,TWSE_CSV,2026-09-23 14:15:36 +0800
1150923,2026-09-23,上市,3090,日電貿,165.00,0.5000,166.50,170.00,164.00,2076000,345503500,1594,TWSE_CSV,2026-09-23 14:15:36 +0800
1150923,2026-09-23,上市,3092,鴻碩,22.60,-0.3000,22.90,22.90,22.60,89000,2023900,68,TWSE_CSV,2026-09-23 14:15:36 +0800
1150923,2026-09-23,上市,3094,聯傑,54.30,1.7000,53.00,57.80,51.60,27021000,1507457300,14405,TWSE_CSV,2026-09-23 14:15:36 +0800
1150923,2026-09-23,上市,3130,一零四,208.50,-0.5000,209.00,209.50,208.50,41000,8562500,28,TWSE_CSV,2026-09-23 14:15:36 +0800
1150923,2026-09-23,上市,3135,凌航,159.00,-1.0000,162.00,162.50,158.50,501000,80141000,394,TWSE_CSV,2026-09-23 14:15:36 +0800
1150923,2026-09-23,上市,3138,耀登,97.10,-2.9000,100.00,102.00,97.10,545000,54083000,476,TWSE_CSV,2026-09-23 14:15:36 +0800
1150923,2026-09-23,上市,3149,正達,63.20,-0.9000,65.20,65.80,63.10,3642000,233427600,2555,TWSE_CSV,2026-09-23 14:15:36 +0800
1150923,2026-09-23,上市,3150,鈺寶-創,15.50,0.0000,15.50,15.50,15.30,8000,122900,7,TWSE_CSV,2026-09-23 14:15:36 +0800
1150923,2026-09-23,上市,3164,景岳,16.05,-0.1500,16.00,16.20,16.00,17000,273350,16,TWSE_CSV,2026-09-23 14:15:36 +0800
1150923,2026-09-23,上市,3167,大量,890.00,26.0000,873.00,903.00,860.00,6191000,5425855000,5370,TWSE_CSV,2026-09-23 14:15:36 +0800
1150923,2026-09-23,上市,3168,眾福科,42.20,-0.1500,42.35,42.35,42.20,6000,253650,6,TWSE_CSV,2026-09-23 14:15:36 +0800
1150923,2026-09-23,上市,3189,景碩,906.00,-3.0000,905.00,922.00,881.00,29216000,26423260000,20945,TWSE_CSV,2026-09-23 14:15:36 +0800
1150923,2026-09-23,上市,3209,全科,45.75,-0.1000,45.90,46.05,45.50,519000,23741250,334,TWSE_CSV,2026-09-23 14:15:36 +0800
1150923,2026-09-23,上市,3229,晟鈦,57.40,0.1000,57.90,58.40,56.00,1977000,112999200,1321,TWSE_CSV,2026-09-23 14:15:36 +0800
1150923,2026-09-23,上市,3231,緯創,180.00,-0.5000,181.00,182.00,180.00,23195000,4190377000,10864,TWSE_CSV,2026-09-23 14:15:36 +0800
1150923,2026-09-23,上市,3257,虹冠電,48.95,0.0000,49.05,49.50,48.90,78000,3828650,63,TWSE_CSV,2026-09-23 14:15:36 +0800
1150923,2026-09-23,上市,3266,昇陽,13.90,-0.1000,14.10,14.10,13.90,17000,237300,14,TWSE_CSV,2026-09-23 14:15:36 +0800
1150923,2026-09-23,上市,3296,勝德,28.15,0.0500,27.75,28.15,27.40,73000,2037650,58,TWSE_CSV,2026-09-23 14:15:36 +0800
1150923,2026-09-23,上市,3305,昇貿,102.00,-1.0000,104.50,105.00,102.00,605000,62248000,458,TWSE_CSV,2026-09-23 14:15:36 +0800
1150923,2026-09-23,上市,3308,聯德,21.65,0.0500,21.60,21.75,21.50,26000,560650,21,TWSE_CSV,2026-09-23 14:15:36 +0800
1150923,2026-09-23,上市,3311,閎暉,36.70,-0.0500,36.80,37.40,36.60,312000,11519150,229,TWSE_CSV,2026-09-23 14:15:36 +0800
1150923,2026-09-23,上市,3312,弘憶股,50.50,-4.5000,53.30,53.30,50.50,3286000,169355700,2275,TWSE_CSV,2026-09-23 14:15:36 +0800
1150923,2026-09-23,上市,3321,同泰,18.35,-0.3500,18.90,18.90,18.05,188000,3429700,116,TWSE_CSV,2026-09-23 14:15:36 +0800
1150923,2026-09-23,上市,3338,泰碩,67.00,0.2000,66.80,67.70,66.80,187000,12573300,149,TWSE_CSV,2026-09-23 14:15:36 +0800
1150923,2026-09-23,上市,3346,麗清,23.65,-0.4000,23.50,24.70,23.20,1455000,34462200,865,TWSE_CSV,2026-09-23 14:15:36 +0800
1150923,2026-09-23,上市,3356,奇偶,65.30,-1.7000,67.00,67.10,65.30,403000,26595600,291,TWSE_CSV,2026-09-23 14:15:36 +0800
1150923,2026-09-23,上市,3376,新日興,176.50,-4.0000,179.00,180.50,176.50,1824000,323954000,1321,TWSE_CSV,2026-09-23 14:15:36 +0800
1150923,2026-09-23,上市,3380,明泰,31.00,-1.9500,33.00,33.00,31.00,5493000,174201650,3047,TWSE_CSV,2026-09-23 14:15:36 +0800
1150923,2026-09-23,上市,3406,玉晶光,905.00,-18.0000,930.00,942.00,904.00,2788000,2560979000,2433,TWSE_CSV,2026-09-23 14:15:36 +0800
1150923,2026-09-23,上市,3413,京鼎,285.50,2.5000,285.50,286.50,283.00,421000,119794000,349,TWSE_CSV,2026-09-23 14:15:36 +0800
1150923,2026-09-23,上市,3416,融程電,160.50,-1.5000,163.00,163.00,160.50,117000,18855000,109,TWSE_CSV,2026-09-23 14:15:36 +0800
1150923,2026-09-23,上市,3419,譁裕,10.90,-0.1500,11.05,11.05,10.80,186000,2033500,79,TWSE_CSV,2026-09-23 14:15:36 +0800
1150923,2026-09-23,上市,3432,台端,14.70,-0.2500,14.95,14.95,14.70,35000,518850,22,TWSE_CSV,2026-09-23 14:15:36 +0800
1150923,2026-09-23,上市,3437,榮創,21.60,0.0000,21.30,23.00,21.30,3116000,68909300,1964,TWSE_CSV,2026-09-23 14:15:36 +0800
1150923,2026-09-23,上市,3443,創意,8385.00,10.0000,8325.00,8540.00,8200.00,2008000,16823680000,1730,TWSE_CSV,2026-09-23 14:15:36 +0800
1150923,2026-09-23,上市,3447,展達,27.90,0.1000,28.20,28.20,27.80,25000,699100,19,TWSE_CSV,2026-09-23 14:15:36 +0800
1150923,2026-09-23,上市,3450,聯鈞,520.00,-6.0000,533.00,549.00,517.00,7533000,3984543000,6404,TWSE_CSV,2026-09-23 14:15:36 +0800
1150923,2026-09-23,上市,3481,群創,49.60,-0.9000,51.00,51.80,49.50,217658000,10955799000,79095,TWSE_CSV,2026-09-23 14:15:36 +0800
1150923,2026-09-23,上市,3494,誠研,7.11,-0.0100,7.01,7.12,7.01,39000,275350,26,TWSE_CSV,2026-09-23 14:15:36 +0800
1150923,2026-09-23,上市,3501,維熹,37.95,-0.1000,38.05,38.25,37.95,131000,4981800,103,TWSE_CSV,2026-09-23 14:15:36 +0800
1150923,2026-09-23,上市,3504,揚明光,78.00,0.0000,78.30,80.70,77.80,1688000,133331000,1216,TWSE_CSV,2026-09-23 14:15:36 +0800
1150923,2026-09-23,上市,3515,華擎,211.50,-2.0000,214.50,216.00,211.50,251000,53390500,235,TWSE_CSV,2026-09-23 14:15:36 +0800
1150923,2026-09-23,上市,3518,柏騰,32.45,0.2000,32.15,32.80,31.85,567000,18344850,401,TWSE_CSV,2026-09-23 14:15:36 +0800
1150923,2026-09-23,上市,3528,安馳,84.50,0.7000,84.30,84.80,83.60,143000,12041400,119,TWSE_CSV,2026-09-23 14:15:36 +0800
1150923,2026-09-23,上市,3530,晶相光,59.00,0.7000,59.20,59.20,58.20,60000,3528100,47,TWSE_CSV,2026-09-23 14:15:36 +0800
1150923,2026-09-23,上市,3532,台勝科,445.00,10.5000,442.00,460.00,430.50,11243000,5064888500,9371,TWSE_CSV,2026-09-23 14:15:36 +0800
1150923,2026-09-23,上市,3533,嘉澤,1690.00,-55.0000,1755.00,1760.00,1660.00,2593000,4404915000,2081,TWSE_CSV,2026-09-23 14:15:36 +0800
1150923,2026-09-23,上市,3535,晶彩科,86.00,-0.3000,87.00,87.90,86.00,344000,29846600,275,TWSE_CSV,2026-09-23 14:15:36 +0800
1150923,2026-09-23,上市,3543,州巧,46.00,-1.0000,47.00,47.00,45.10,1234000,56609200,817,TWSE_CSV,2026-09-23 14:15:36 +0800
1150923,2026-09-23,上市,3545,敦泰,51.30,-0.7000,52.00,52.70,51.10,404000,20874300,266,TWSE_CSV,2026-09-23 14:15:36 +0800
1150923,2026-09-23,上市,3550,聯穎,23.80,-0.2500,24.15,24.35,23.60,994000,23708650,524,TWSE_CSV,2026-09-23 14:15:36 +0800
1150923,2026-09-23,上市,3557,嘉威,22.90,-0.2000,23.10,23.15,22.90,35000,805600,21,TWSE_CSV,2026-09-23 14:15:36 +0800
1150923,2026-09-23,上市,3563,牧德,753.00,42.0000,720.00,774.00,715.00,2148000,1610276000,1794,TWSE_CSV,2026-09-23 14:15:36 +0800
1150923,2026-09-23,上市,3576,聯合再生,17.75,0.1500,17.60,18.00,17.55,11283000,200643650,3682,TWSE_CSV,2026-09-23 14:15:36 +0800
1150923,2026-09-23,上市,3583,辛耘,691.00,-13.0000,716.00,716.00,690.00,450000,313846000,426,TWSE_CSV,2026-09-23 14:15:36 +0800
1150923,2026-09-23,上市,3588,通嘉,52.10,-1.0000,53.40,53.90,52.10,132000,6965400,100,TWSE_CSV,2026-09-23 14:15:36 +0800
1150923,2026-09-23,上市,3591,艾笛森,24.60,0.2500,24.00,25.55,24.00,1573000,38959100,927,TWSE_CSV,2026-09-23 14:15:36 +0800
1150923,2026-09-23,上市,3592,瑞鼎,223.00,-5.5000,228.00,228.50,223.00,191000,42884500,175,TWSE_CSV,2026-09-23 14:15:36 +0800
1150923,2026-09-23,上市,3593,力銘,9.50,0.7000,8.80,9.68,8.80,34000,320420,26,TWSE_CSV,2026-09-23 14:15:36 +0800
1150923,2026-09-23,上市,3596,智易,152.00,-2.5000,154.50,155.50,152.00,963000,147480500,817,TWSE_CSV,2026-09-23 14:15:36 +0800
1150923,2026-09-23,上市,3605,宏致,180.00,8.5000,174.50,188.50,174.50,32447000,5908177000,20432,TWSE_CSV,2026-09-23 14:15:36 +0800
1150923,2026-09-23,上市,3607,谷崧,13.75,-0.1500,13.90,13.90,13.70,111000,1530900,56,TWSE_CSV,2026-09-23 14:15:36 +0800
1150923,2026-09-23,上市,3617,碩天,243.00,-1.0000,245.50,246.00,240.50,201000,48673000,176,TWSE_CSV,2026-09-23 14:15:36 +0800
1150923,2026-09-23,上市,3622,洋華,44.45,-0.7000,45.50,45.50,44.40,206000,9219600,157,TWSE_CSV,2026-09-23 14:15:36 +0800
1150923,2026-09-23,上市,3645,達邁,72.60,3.3000,71.20,75.10,70.40,8056000,588034000,5643,TWSE_CSV,2026-09-23 14:15:36 +0800
1150923,2026-09-23,上市,3652,精聯,34.45,0.1000,34.55,34.80,34.35,47000,1618950,41,TWSE_CSV,2026-09-23 14:15:36 +0800
1150923,2026-09-23,上市,3653,健策,6410.00,580.0000,6005.00,6410.00,5930.00,1394000,8728400000,1177,TWSE_CSV,2026-09-23 14:15:36 +0800
1150923,2026-09-23,上市,3661,世芯-KY,3760.00,45.0000,3790.00,3845.00,3715.00,1611000,6093520000,1538,TWSE_CSV,2026-09-23 14:15:36 +0800
1150923,2026-09-23,上市,3665,貿聯-KY,2340.00,95.0000,2290.00,2340.00,2240.00,3417000,7865920000,2714,TWSE_CSV,2026-09-23 14:15:36 +0800
1150923,2026-09-23,上市,3669,圓展,32.55,0.0000,32.70,32.80,32.55,52000,1695600,42,TWSE_CSV,2026-09-23 14:15:36 +0800
1150923,2026-09-23,上市,3673,TPK-KY,64.80,-0.8000,66.30,67.50,64.80,4012000,264782700,2459,TWSE_CSV,2026-09-23 14:15:36 +0800
1150923,2026-09-23,上市,3679,新至陞,108.50,-0.5000,109.50,110.00,108.50,38000,4161500,28,TWSE_CSV,2026-09-23 14:15:36 +0800
1150923,2026-09-23,上市,3686,達能,15.00,-0.4000,15.40,15.40,15.00,154000,2323950,97,TWSE_CSV,2026-09-23 14:15:36 +0800
1150923,2026-09-23,上市,3694,海華,50.20,-0.3000,51.20,51.70,50.20,442000,22500100,363,TWSE_CSV,2026-09-23 14:15:36 +0800
1150923,2026-09-23,上市,3701,大眾控,41.25,-0.3500,42.00,42.00,41.05,399000,16490300,266,TWSE_CSV,2026-09-23 14:15:36 +0800
1150923,2026-09-23,上市,3702,大聯大,114.00,1.0000,114.50,116.00,113.00,9294000,1065649500,3689,TWSE_CSV,2026-09-23 14:15:36 +0800
1150923,2026-09-23,上市,3703,欣陸,19.90,0.1500,19.75,19.90,19.70,660000,13073650,233,TWSE_CSV,2026-09-23 14:15:36 +0800
1150923,2026-09-23,上市,3704,合勤控,40.30,-1.0000,41.15,41.30,40.25,1864000,75749700,1217,TWSE_CSV,2026-09-23 14:15:36 +0800
1150923,2026-09-23,上市,3705,永信,56.20,-0.5000,56.70,56.70,56.10,166000,9363700,82,TWSE_CSV,2026-09-23 14:15:36 +0800
1150923,2026-09-23,上市,3706,神達,78.60,-0.7000,79.70,79.70,78.40,5630000,444483300,3291,TWSE_CSV,2026-09-23 14:15:36 +0800
1150923,2026-09-23,上市,3708,上緯投控,97.50,-1.1000,98.50,99.80,97.50,286000,28234500,237,TWSE_CSV,2026-09-23 14:15:36 +0800
1150923,2026-09-23,上市,3711,日月光投控,693.00,0.0000,710.00,711.00,689.00,14576000,10162381000,9540,TWSE_CSV,2026-09-23 14:15:36 +0800
1150923,2026-09-23,上市,3712,永崴投控,20.65,-0.1000,20.90,20.90,20.45,449000,9242650,181,TWSE_CSV,2026-09-23 14:15:36 +0800
1150923,2026-09-23,上市,3714,富采,67.50,-1.4000,68.80,69.40,67.20,12230000,831685800,6929,TWSE_CSV,2026-09-23 14:15:36 +0800
1150923,2026-09-23,上市,3715,定穎投控,125.50,-3.0000,127.00,127.50,124.50,8767000,1102001000,5258,TWSE_CSV,2026-09-23 14:15:36 +0800
1150923,2026-09-23,上市,3716,中化控股,33.95,0.1000,33.90,34.15,33.90,95000,3232150,77,TWSE_CSV,2026-09-23 14:15:36 +0800
1150923,2026-09-23,上市,3717,聯嘉投控,26.05,0.8000,25.55,27.75,25.35,30292000,810384000,9674,TWSE_CSV,2026-09-23 14:15:36 +0800
1150923,2026-09-23,上市,4104,佳醫,72.20,0.0000,72.20,72.30,71.70,80000,5760300,69,TWSE_CSV,2026-09-23 14:15:36 +0800
1150923,2026-09-23,上市,4106,雃博,24.35,0.0000,24.30,24.35,24.20,47000,1141250,25,TWSE_CSV,2026-09-23 14:15:36 +0800
1150923,2026-09-23,上市,4108,懷特,11.65,0.2000,11.45,11.70,11.35,258000,2982800,123,TWSE_CSV,2026-09-23 14:15:36 +0800
1150923,2026-09-23,上市,4119,旭富,56.80,-0.6000,58.30,58.30,56.80,104000,5948000,74,TWSE_CSV,2026-09-23 14:15:36 +0800
1150923,2026-09-23,上市,4133,亞諾法,20.55,-0.0500,20.50,20.60,20.40,25000,512600,21,TWSE_CSV,2026-09-23 14:15:36 +0800
1150923,2026-09-23,上市,4137,麗豐-KY,77.60,-1.2000,78.40,78.90,77.60,80000,6256400,74,TWSE_CSV,2026-09-23 14:15:36 +0800
1150923,2026-09-23,上市,4142,國光生,17.85,0.0000,17.85,17.95,17.80,455000,8127950,236,TWSE_CSV,2026-09-23 14:15:36 +0800
1150923,2026-09-23,上市,4148,全宇生技-KY,32.40,0.2500,32.50,32.70,32.40,26000,845400,24,TWSE_CSV,2026-09-23 14:15:36 +0800
1150923,2026-09-23,上市,4155,訊映,14.70,-0.1500,14.85,15.00,14.60,305000,4508100,157,TWSE_CSV,2026-09-23 14:15:36 +0800
1150923,2026-09-23,上市,4164,承業醫,27.15,0.6500,26.70,27.25,26.50,555000,14961200,316,TWSE_CSV,2026-09-23 14:15:36 +0800
1150923,2026-09-23,上市,4169,泰宗,150.50,0.5000,154.00,154.00,150.50,36000,5437000,32,TWSE_CSV,2026-09-23 14:15:36 +0800
1150923,2026-09-23,上市,4178,永笙-KY,16.60,0.0000,16.75,16.80,16.50,71000,1178000,47,TWSE_CSV,2026-09-23 14:15:36 +0800
1150923,2026-09-23,上市,4190,佐登-KY,25.00,-0.2000,24.95,25.00,24.50,33000,815200,24,TWSE_CSV,2026-09-23 14:15:36 +0800
1150923,2026-09-23,上市,4195,基米-創,13.10,0.2000,12.90,13.15,12.80,133000,1729550,58,TWSE_CSV,2026-09-23 14:15:36 +0800
1150923,2026-09-23,上市,4306,炎洲,14.60,0.0000,14.75,14.80,14.60,396000,5801450,222,TWSE_CSV,2026-09-23 14:15:36 +0800
1150923,2026-09-23,上市,4414,如興,8.34,0.0900,8.25,8.38,8.25,83000,692560,43,TWSE_CSV,2026-09-23 14:15:36 +0800
1150923,2026-09-23,上市,4426,利勤,7.78,-0.0300,7.86,7.88,7.75,89000,694190,55,TWSE_CSV,2026-09-23 14:15:36 +0800
1150923,2026-09-23,上市,4438,廣越,56.50,0.3000,56.30,57.00,56.30,28000,1586100,24,TWSE_CSV,2026-09-23 14:15:36 +0800
1150923,2026-09-23,上市,4439,冠星-KY,98.50,1.0000,96.80,98.50,95.80,27000,2625900,25,TWSE_CSV,2026-09-23 14:15:36 +0800
1150923,2026-09-23,上市,4440,宜新實業,17.50,-0.1000,17.50,17.55,17.45,12000,210000,8,TWSE_CSV,2026-09-23 14:15:36 +0800
1150923,2026-09-23,上市,4441,振大環球,171.00,1.0000,171.00,172.00,170.00,40000,6841000,39,TWSE_CSV,2026-09-23 14:15:36 +0800
1150923,2026-09-23,上市,4526,東台,31.20,-0.7500,32.30,32.30,31.15,813000,25654950,598,TWSE_CSV,2026-09-23 14:15:36 +0800
1150923,2026-09-23,上市,4532,瑞智,24.90,-0.2500,25.30,25.30,24.90,858000,21476600,514,TWSE_CSV,2026-09-23 14:15:36 +0800
1150923,2026-09-23,上市,4536,拓凱,165.50,0.5000,166.00,166.50,164.50,210000,34803000,172,TWSE_CSV,2026-09-23 14:15:36 +0800
1150923,2026-09-23,上市,4540,全球傳動,59.60,-0.3000,60.00,60.20,59.00,990000,58856700,712,TWSE_CSV,2026-09-23 14:15:36 +0800
1150923,2026-09-23,上市,4545,銘鈺,33.40,-0.2000,33.65,33.65,33.35,38000,1271000,30,TWSE_CSV,2026-09-23 14:15:36 +0800
1150923,2026-09-23,上市,4551,智伸科,163.50,6.5000,159.00,168.00,159.00,1260000,205992500,977,TWSE_CSV,2026-09-23 14:15:36 +0800
1150923,2026-09-23,上市,4552,力達-KY,15.85,-0.0500,15.80,15.90,15.80,38000,602850,27,TWSE_CSV,2026-09-23 14:15:36 +0800
1150923,2026-09-23,上市,4555,氣立,41.85,-0.6500,42.55,42.55,41.85,95000,3992750,75,TWSE_CSV,2026-09-23 14:15:36 +0800
1150923,2026-09-23,上市,4557,永新-KY,49.75,0.0500,49.60,50.10,49.55,45000,2235500,35,TWSE_CSV,2026-09-23 14:15:36 +0800
1150923,2026-09-23,上市,4560,強信-KY,28.95,0.0500,29.05,29.05,28.80,120000,3468150,56,TWSE_CSV,2026-09-23 14:15:36 +0800
1150923,2026-09-23,上市,4562,穎漢,30.45,-0.1500,31.00,31.00,30.40,68000,2080100,60,TWSE_CSV,2026-09-23 14:15:36 +0800
1150923,2026-09-23,上市,4564,元翎,16.00,-0.0500,16.10,16.20,15.95,409000,6565000,217,TWSE_CSV,2026-09-23 14:15:36 +0800
1150923,2026-09-23,上市,4566,時碩工業,67.60,2.6000,65.80,67.80,65.00,1466000,97719200,1050,TWSE_CSV,2026-09-23 14:15:36 +0800
1150923,2026-09-23,上市,4569,六方科-KY,154.00,-1.0000,154.50,154.50,154.00,12000,1852000,9,TWSE_CSV,2026-09-23 14:15:36 +0800
1150923,2026-09-23,上市,4571,鈞興-KY,153.00,3.0000,150.00,153.00,150.00,68000,10320000,60,TWSE_CSV,2026-09-23 14:15:36 +0800
1150923,2026-09-23,上市,4572,駐龍,140.00,1.0000,140.00,141.00,139.50,24000,3361000,21,TWSE_CSV,2026-09-23 14:15:36 +0800
1150923,2026-09-23,上市,4576,大銀微系統,223.50,-8.5000,235.00,235.00,222.50,1922000,433985500,1490,TWSE_CSV,2026-09-23 14:15:36 +0800
1150923,2026-09-23,上市,4581,光隆精密-KY,48.45,0.1000,48.40,48.45,48.40,2000,96850,2,TWSE_CSV,2026-09-23 14:15:36 +0800
1150923,2026-09-23,上市,4582,聚恆-創,22.40,-0.2500,22.50,22.50,22.35,31000,696250,17,TWSE_CSV,2026-09-23 14:15:36 +0800
1150923,2026-09-23,上市,4583,台灣精銳,430.50,1.5000,426.00,434.00,426.00,17000,7282500,17,TWSE_CSV,2026-09-23 14:15:36 +0800
1150923,2026-09-23,上市,4585,達明,295.00,-2.5000,299.50,299.50,295.00,60000,17760000,58,TWSE_CSV,2026-09-23 14:15:36 +0800
1150923,2026-09-23,上市,4588,玖鼎電力,54.80,-0.6000,54.60,54.80,54.40,52000,2837300,33,TWSE_CSV,2026-09-23 14:15:36 +0800
1150923,2026-09-23,上市,4590,富田-創,89.70,-1.0000,91.10,91.10,89.70,125000,11265600,95,TWSE_CSV,2026-09-23 14:15:36 +0800
1150923,2026-09-23,上市,4720,德淵,19.20,0.1000,19.15,19.40,19.00,364000,6964200,199,TWSE_CSV,2026-09-23 14:15:36 +0800
1150923,2026-09-23,上市,4722,國精化,189.00,-0.5000,192.00,193.50,189.00,350000,66905500,265,TWSE_CSV,2026-09-23 14:15:36 +0800
1150923,2026-09-23,上市,4736,泰博,132.00,-0.5000,133.00,133.50,132.00,72000,9544500,63,TWSE_CSV,2026-09-23 14:15:36 +0800
1150923,2026-09-23,上市,4737,華廣,57.90,-1.7000,59.60,59.80,57.90,43000,2513200,39,TWSE_CSV,2026-09-23 14:15:36 +0800
1150923,2026-09-23,上市,4739,康普,80.10,0.2000,80.50,80.60,79.30,493000,39408000,330,TWSE_CSV,2026-09-23 14:15:36 +0800
1150923,2026-09-23,上市,4746,台耀,48.65,0.4500,48.20,49.00,48.20,886000,43087550,538,TWSE_CSV,2026-09-23 14:15:36 +0800
1150923,2026-09-23,上市,4755,三福化,115.00,0.0000,116.00,116.50,115.00,46000,5324500,45,TWSE_CSV,2026-09-23 14:15:36 +0800
1150923,2026-09-23,上市,4763,材料*-KY,46.40,-1.6500,48.05,48.05,46.10,11949000,555417300,6352,TWSE_CSV,2026-09-23 14:15:36 +0800
1150923,2026-09-23,上市,4764,雙鍵,189.50,-7.0000,199.00,199.00,189.50,845000,162427500,741,TWSE_CSV,2026-09-23 14:15:36 +0800
1150923,2026-09-23,上市,4766,南寶,341.50,-0.5000,341.50,343.50,341.00,65000,22257000,59,TWSE_CSV,2026-09-23 14:15:36 +0800
1150923,2026-09-23,上市,4770,上品,275.00,25.0000,261.50,275.00,256.50,3244000,877789000,2141,TWSE_CSV,2026-09-23 14:15:36 +0800
1150923,2026-09-23,上市,4771,望隼,218.00,2.0000,217.00,218.00,214.00,139000,30103000,115,TWSE_CSV,2026-09-23 14:15:36 +0800
1150923,2026-09-23,上市,4807,日成-KY,29.85,0.3500,29.50,29.95,29.35,100000,2957750,67,TWSE_CSV,2026-09-23 14:15:36 +0800
1150923,2026-09-23,上市,4904,遠傳,105.50,0.0000,106.00,106.50,105.00,3702000,391605500,2336,TWSE_CSV,2026-09-23 14:15:36 +0800
1150923,2026-09-23,上市,4906,正文,38.10,-0.6000,39.30,39.35,37.60,5937000,226894550,3274,TWSE_CSV,2026-09-23 14:15:36 +0800
1150923,2026-09-23,上市,4912,聯德控股-KY,98.40,1.0000,98.90,98.90,97.10,312000,30559900,232,TWSE_CSV,2026-09-23 14:15:36 +0800
1150923,2026-09-23,上市,4915,致伸,64.40,-0.5000,64.90,65.00,64.20,1816000,116996700,1158,TWSE_CSV,2026-09-23 14:15:36 +0800
1150923,2026-09-23,上市,4916,事欣科,104.50,1.0000,105.50,106.00,102.50,2866000,298647500,1831,TWSE_CSV,2026-09-23 14:15:36 +0800
1150923,2026-09-23,上市,4919,新唐,134.00,0.5000,135.00,144.00,132.50,43266000,5950971500,28509,TWSE_CSV,2026-09-23 14:15:36 +0800
1150923,2026-09-23,上市,4927,泰鼎-KY,43.75,0.2500,44.00,44.50,43.20,4093000,179433400,2173,TWSE_CSV,2026-09-23 14:15:36 +0800
1150923,2026-09-23,上市,4930,燦星網,15.85,0.0000,15.85,15.95,15.85,10000,159000,10,TWSE_CSV,2026-09-23 14:15:36 +0800
1150923,2026-09-23,上市,4934,太極,14.45,0.0500,14.45,14.80,14.30,393000,5682750,226,TWSE_CSV,2026-09-23 14:15:36 +0800
1150923,2026-09-23,上市,4935,茂林-KY,33.00,-0.2000,33.25,33.90,32.75,82000,2701100,64,TWSE_CSV,2026-09-23 14:15:36 +0800
1150923,2026-09-23,上市,4938,和碩,91.30,1.3000,91.00,92.00,89.80,9271000,843679400,4349,TWSE_CSV,2026-09-23 14:15:36 +0800
1150923,2026-09-23,上市,4942,嘉彰,31.40,0.1000,31.30,31.60,31.30,59000,1855850,34,TWSE_CSV,2026-09-23 14:15:36 +0800
1150923,2026-09-23,上市,4943,康控-KY,7.00,-0.0100,7.16,7.16,7.00,65000,456200,23,TWSE_CSV,2026-09-23 14:15:36 +0800
1150923,2026-09-23,上市,4949,有成精密,73.60,-2.0000,75.10,75.60,73.50,338000,25105400,282,TWSE_CSV,2026-09-23 14:15:36 +0800
1150923,2026-09-23,上市,4952,凌通,48.85,-0.2000,49.10,49.75,48.75,115000,5647300,102,TWSE_CSV,2026-09-23 14:15:36 +0800
1150923,2026-09-23,上市,4956,光鋐,43.55,1.3500,42.35,46.40,42.10,28781000,1292907700,14686,TWSE_CSV,2026-09-23 14:15:36 +0800
1150923,2026-09-23,上市,4958,臻鼎-KY,473.00,-16.0000,471.50,482.50,470.00,37954000,18063814000,28242,TWSE_CSV,2026-09-23 14:15:36 +0800
1150923,2026-09-23,上市,4960,誠美材,22.75,-0.6500,23.30,23.85,22.40,5670000,130494300,2636,TWSE_CSV,2026-09-23 14:15:36 +0800
1150923,2026-09-23,上市,4961,天鈺,178.50,-2.0000,182.00,182.00,177.50,543000,97216500,441,TWSE_CSV,2026-09-23 14:15:36 +0800
1150923,2026-09-23,上市,4967,十銓,272.00,0.0000,274.00,277.50,271.00,1182000,323105000,922,TWSE_CSV,2026-09-23 14:15:36 +0800
1150923,2026-09-23,上市,4968,立積,92.00,-0.9000,92.90,93.60,92.00,160000,14797600,142,TWSE_CSV,2026-09-23 14:15:36 +0800
1150923,2026-09-23,上市,4976,佳凌,35.25,-0.7000,36.30,36.30,35.20,652000,23222950,484,TWSE_CSV,2026-09-23 14:15:36 +0800
1150923,2026-09-23,上市,4977,眾達-KY,166.50,-4.0000,171.50,171.50,165.00,1490000,249090500,1142,TWSE_CSV,2026-09-23 14:15:36 +0800
1150923,2026-09-23,上市,4989,榮科,59.90,-0.8000,61.30,61.50,59.90,1775000,107297900,1201,TWSE_CSV,2026-09-23 14:15:36 +0800
1150923,2026-09-23,上市,4994,傳奇,82.50,-0.6000,83.50,85.00,81.60,19000,1571400,18,TWSE_CSV,2026-09-23 14:15:36 +0800
1150923,2026-09-23,上市,4999,鑫禾,17.90,0.0000,17.90,17.90,17.80,55000,981550,36,TWSE_CSV,2026-09-23 14:15:36 +0800
1150923,2026-09-23,上市,5007,三星,56.00,0.5000,55.50,56.00,55.50,58000,3243500,23,TWSE_CSV,2026-09-23 14:15:36 +0800
1150923,2026-09-23,上市,5203,訊連,58.10,-0.5000,58.60,58.60,58.00,30000,1745200,30,TWSE_CSV,2026-09-23 14:15:36 +0800
1150923,2026-09-23,上市,5215,科嘉-KY,37.95,-0.0500,38.10,38.10,37.70,14000,530600,13,TWSE_CSV,2026-09-23 14:15:36 +0800
1150923,2026-09-23,上市,5222,全訊,106.00,-1.5000,107.00,107.50,106.00,110000,11734000,92,TWSE_CSV,2026-09-23 14:15:36 +0800
1150923,2026-09-23,上市,5225,東科-KY,56.20,0.3000,55.90,56.30,55.60,147000,8240400,101,TWSE_CSV,2026-09-23 14:15:36 +0800
1150923,2026-09-23,上市,5234,達興材料,295.50,-1.0000,297.00,300.00,295.00,165000,48945500,143,TWSE_CSV,2026-09-23 14:15:36 +0800
1150923,2026-09-23,上市,5236,凌陽創新,136.50,1.0000,137.50,137.50,136.00,62000,8447000,50,TWSE_CSV,2026-09-23 14:15:36 +0800
1150923,2026-09-23,上市,5243,乙盛-KY,87.50,-1.0000,88.70,89.80,87.50,639000,56472100,452,TWSE_CSV,2026-09-23 14:15:36 +0800
1150923,2026-09-23,上市,5244,弘凱,35.55,-0.2000,35.55,36.40,35.50,100000,3587050,90,TWSE_CSV,2026-09-23 14:15:36 +0800
1150923,2026-09-23,上市,5258,虹堡,41.05,0.0000,41.95,42.25,41.00,485000,20015650,310,TWSE_CSV,2026-09-23 14:15:36 +0800
1150923,2026-09-23,上市,5269,祥碩,1480.00,5.0000,1490.00,1495.00,1465.00,269000,397820000,256,TWSE_CSV,2026-09-23 14:15:36 +0800
1150923,2026-09-23,上市,5283,禾聯碩,53.50,-0.7000,54.20,54.20,53.50,69000,3719800,52,TWSE_CSV,2026-09-23 14:15:36 +0800
1150923,2026-09-23,上市,5284,jpp-KY,301.00,-1.0000,304.00,305.00,299.00,238000,71658500,168,TWSE_CSV,2026-09-23 14:15:36 +0800
1150923,2026-09-23,上市,5285,界霖,92.20,-1.3000,94.30,95.00,91.50,1507000,140148000,1155,TWSE_CSV,2026-09-23 14:15:36 +0800
1150923,2026-09-23,上市,5288,豐祥-KY,189.00,0.0000,191.00,191.50,186.00,177000,33234000,161,TWSE_CSV,2026-09-23 14:15:36 +0800
1150923,2026-09-23,上市,5292,華懋,218.50,0.5000,217.00,219.00,210.00,80000,17264000,74,TWSE_CSV,2026-09-23 14:15:36 +0800
1150923,2026-09-23,上市,5306,桂盟,88.80,-0.5000,88.80,89.00,88.70,61000,5421300,36,TWSE_CSV,2026-09-23 14:15:36 +0800
1150923,2026-09-23,上市,5388,中磊,72.60,0.3000,73.00,73.20,72.40,1065000,77556600,706,TWSE_CSV,2026-09-23 14:15:36 +0800
1150923,2026-09-23,上市,5434,崇越,542.00,8.0000,537.00,545.00,537.00,486000,263535000,391,TWSE_CSV,2026-09-23 14:15:36 +0800
1150923,2026-09-23,上市,5469,瀚宇博,72.60,-0.1000,73.10,73.30,72.50,436000,31705300,298,TWSE_CSV,2026-09-23 14:15:36 +0800
1150923,2026-09-23,上市,5471,松翰,51.60,-0.7000,52.00,52.60,51.60,907000,47152300,590,TWSE_CSV,2026-09-23 14:15:36 +0800
1150923,2026-09-23,上市,5484,慧友,39.50,0.1000,40.00,40.00,39.45,62000,2456850,54,TWSE_CSV,2026-09-23 14:15:36 +0800
1150923,2026-09-23,上市,5515,建國,51.20,1.0000,50.30,52.20,50.30,416000,21374900,304,TWSE_CSV,2026-09-23 14:15:36 +0800
1150923,2026-09-23,上市,5519,隆大,25.50,-0.3000,25.95,25.95,25.50,232000,5931850,164,TWSE_CSV,2026-09-23 14:15:36 +0800
1150923,2026-09-23,上市,5521,工信,10.60,0.0000,10.65,10.65,10.50,837000,8856500,251,TWSE_CSV,2026-09-23 14:15:36 +0800
1150923,2026-09-23,上市,5522,遠雄,60.90,-1.0000,62.40,62.40,60.70,736000,44915100,536,TWSE_CSV,2026-09-23 14:15:36 +0800
1150923,2026-09-23,上市,5525,順天,22.20,-0.3500,22.35,22.50,22.20,52000,1159050,44,TWSE_CSV,2026-09-23 14:15:36 +0800
1150923,2026-09-23,上市,5531,鄉林,7.03,-0.0400,7.10,7.13,7.02,442000,3125110,188,TWSE_CSV,2026-09-23 14:15:36 +0800
1150923,2026-09-23,上市,5533,皇鼎,14.05,-0.0500,14.20,14.20,14.00,13000,182850,9,TWSE_CSV,2026-09-23 14:15:36 +0800
1150923,2026-09-23,上市,5534,長虹,74.30,-0.1000,74.80,74.80,74.10,248000,18430200,207,TWSE_CSV,2026-09-23 14:15:36 +0800
1150923,2026-09-23,上市,5538,東明-KY,35.40,0.0500,35.35,35.80,35.35,16000,567900,16,TWSE_CSV,2026-09-23 14:15:36 +0800
1150923,2026-09-23,上市,5546,永固-KY,14.30,0.0000,14.45,14.50,14.30,16000,230950,10,TWSE_CSV,2026-09-23 14:15:36 +0800
1150923,2026-09-23,上市,5607,遠雄港,52.20,-0.2000,52.50,52.60,52.20,231000,12089600,172,TWSE_CSV,2026-09-23 14:15:36 +0800
1150923,2026-09-23,上市,5608,四維航,17.20,0.0500,17.30,17.30,17.05,1631000,27989750,739,TWSE_CSV,2026-09-23 14:15:36 +0800
1150923,2026-09-23,上市,5706,鳳凰,44.15,-0.2500,44.40,44.40,44.05,46000,2032500,36,TWSE_CSV,2026-09-23 14:15:36 +0800
1150923,2026-09-23,上市,5871,中租-KY,108.00,0.0000,108.00,108.50,107.00,10257000,1104596500,4825,TWSE_CSV,2026-09-23 14:15:36 +0800
1150923,2026-09-23,上市,5876,上海商銀,49.25,-0.4500,49.70,49.90,48.90,5036000,248025100,1874,TWSE_CSV,2026-09-23 14:15:36 +0800
1150923,2026-09-23,上市,5880,合庫金,26.75,-0.3000,27.15,27.15,26.65,17209000,461200000,5006,TWSE_CSV,2026-09-23 14:15:36 +0800
1150923,2026-09-23,上市,5906,台南-KY,40.90,0.7000,41.40,41.50,39.95,9000,367750,9,TWSE_CSV,2026-09-23 14:15:36 +0800
1150923,2026-09-23,上市,5907,大洋-KY,4.83,-0.0100,4.87,4.92,4.75,709000,3405710,185,TWSE_CSV,2026-09-23 14:15:36 +0800
1150923,2026-09-23,上市,6005,群益證,32.55,0.1500,32.60,33.00,32.40,6376000,208669050,3030,TWSE_CSV,2026-09-23 14:15:36 +0800
1150923,2026-09-23,上市,6024,群益期,60.90,-0.4000,61.40,61.50,60.90,128000,7824500,96,TWSE_CSV,2026-09-23 14:15:36 +0800
1150923,2026-09-23,上市,6108,競國,24.00,0.4000,23.65,24.30,23.50,782000,18659550,489,TWSE_CSV,2026-09-23 14:15:36 +0800
1150923,2026-09-23,上市,6112,邁達特,48.20,-0.6000,48.90,49.15,48.00,1088000,52632150,756,TWSE_CSV,2026-09-23 14:15:36 +0800
1150923,2026-09-23,上市,6115,鎰勝,44.15,-0.1500,44.35,44.35,44.10,60000,2652150,52,TWSE_CSV,2026-09-23 14:15:36 +0800
1150923,2026-09-23,上市,6116,彩晶,15.00,-0.4500,15.50,15.60,14.70,81250000,1227655650,23947,TWSE_CSV,2026-09-23 14:15:36 +0800
1150923,2026-09-23,上市,6117,迎廣,61.80,-0.5000,62.70,63.40,61.80,147000,9164600,118,TWSE_CSV,2026-09-23 14:15:36 +0800
1150923,2026-09-23,上市,6120,達運,12.80,-0.3500,13.00,13.30,12.65,4401000,56755150,1779,TWSE_CSV,2026-09-23 14:15:36 +0800
1150923,2026-09-23,上市,6128,上福,19.10,0.0000,19.20,19.25,19.10,42000,805050,28,TWSE_CSV,2026-09-23 14:15:36 +0800
1150923,2026-09-23,上市,6133,金橋,26.05,-1.1500,26.75,27.40,25.80,3330000,88324250,2128,TWSE_CSV,2026-09-23 14:15:36 +0800
1150923,2026-09-23,上市,6136,富爾特,24.85,0.0500,24.75,24.95,24.70,108000,2681200,71,TWSE_CSV,2026-09-23 14:15:36 +0800
1150923,2026-09-23,上市,6139,亞翔,736.00,21.0000,725.00,750.00,720.00,3544000,2611142000,3095,TWSE_CSV,2026-09-23 14:15:36 +0800
1150923,2026-09-23,上市,6141,柏承,51.80,1.0000,53.50,54.40,51.00,3147000,165409800,1886,TWSE_CSV,2026-09-23 14:15:36 +0800
1150923,2026-09-23,上市,6142,友勁,9.09,0.0400,9.05,9.17,9.03,187000,1698580,120,TWSE_CSV,2026-09-23 14:15:36 +0800
1150923,2026-09-23,上市,6152,百一,15.05,-0.3000,15.35,15.45,15.00,1086000,16483100,509,TWSE_CSV,2026-09-23 14:15:36 +0800
1150923,2026-09-23,上市,6153,嘉聯益,17.05,-0.0500,17.15,17.35,16.95,2149000,36752700,1014,TWSE_CSV,2026-09-23 14:15:36 +0800
1150923,2026-09-23,上市,6155,鈞寶,56.20,0.2000,56.70,57.60,55.90,529000,29893600,394,TWSE_CSV,2026-09-23 14:15:36 +0800
1150923,2026-09-23,上市,6164,華興,12.15,-0.1500,12.40,12.50,12.10,381000,4668500,189,TWSE_CSV,2026-09-23 14:15:36 +0800
1150923,2026-09-23,上市,6165,浪凡,48.50,-0.6000,49.20,49.25,48.10,356000,17267600,225,TWSE_CSV,2026-09-23 14:15:36 +0800
1150923,2026-09-23,上市,6166,凌華,126.50,-0.5000,128.00,135.00,126.50,3893000,509330000,2617,TWSE_CSV,2026-09-23 14:15:36 +0800
1150923,2026-09-23,上市,6168,宏齊,41.20,-2.8000,43.50,43.50,40.20,25136000,1045248050,14265,TWSE_CSV,2026-09-23 14:15:36 +0800
1150923,2026-09-23,上市,6176,瑞儀,92.80,0.6000,92.70,93.40,92.10,1435000,133233600,907,TWSE_CSV,2026-09-23 14:15:36 +0800
1150923,2026-09-23,上市,6177,達麗,46.50,-0.6000,47.45,47.45,46.30,1252000,58381700,788,TWSE_CSV,2026-09-23 14:15:36 +0800
1150923,2026-09-23,上市,6183,關貿,91.20,0.1000,91.40,91.40,91.20,6000,547600,6,TWSE_CSV,2026-09-23 14:15:36 +0800
1150923,2026-09-23,上市,6184,大豐電,40.40,0.0000,40.40,40.50,40.15,82000,3309600,70,TWSE_CSV,2026-09-23 14:15:36 +0800
1150923,2026-09-23,上市,6189,豐藝,49.10,1.1000,48.15,49.45,48.15,920000,45097650,662,TWSE_CSV,2026-09-23 14:15:36 +0800
1150923,2026-09-23,上市,6191,精成科,82.80,-1.5000,84.30,84.30,82.80,1143000,95191200,910,TWSE_CSV,2026-09-23 14:15:36 +0800
1150923,2026-09-23,上市,6192,巨路,111.00,0.5000,110.50,111.50,110.50,79000,8766500,62,TWSE_CSV,2026-09-23 14:15:36 +0800
1150923,2026-09-23,上市,6196,帆宣,549.00,14.0000,538.00,558.00,534.00,1657000,906018000,1480,TWSE_CSV,2026-09-23 14:15:36 +0800
1150923,2026-09-23,上市,6197,佳必琪,316.50,-1.0000,317.50,319.50,314.00,881000,278977500,739,TWSE_CSV,2026-09-23 14:15:36 +0800
1150923,2026-09-23,上市,6201,亞弘電,44.45,-0.1000,44.80,44.80,44.45,12000,534350,12,TWSE_CSV,2026-09-23 14:15:36 +0800
1150923,2026-09-23,上市,6202,盛群,59.00,1.2000,58.90,59.70,57.80,2064000,121601300,1362,TWSE_CSV,2026-09-23 14:15:36 +0800
1150923,2026-09-23,上市,6205,詮欣,72.00,6.5000,66.10,72.00,66.10,4182000,297789100,2519,TWSE_CSV,2026-09-23 14:15:36 +0800
1150923,2026-09-23,上市,6206,飛捷,139.00,-1.5000,141.50,141.50,138.00,466000,64651000,369,TWSE_CSV,2026-09-23 14:15:36 +0800
1150923,2026-09-23,上市,6209,今國光,78.00,0.9000,78.00,81.50,77.50,6451000,509323600,4136,TWSE_CSV,2026-09-23 14:15:36 +0800
1150923,2026-09-23,上市,6213,聯茂,541.00,-2.0000,542.00,547.00,525.00,11308000,6078625000,8946,TWSE_CSV,2026-09-23 14:15:36 +0800
1150923,2026-09-23,上市,6214,精誠,190.00,-0.5000,190.50,190.50,187.00,2501000,473149500,950,TWSE_CSV,2026-09-23 14:15:36 +0800
1150923,2026-09-23,上市,6215,和椿,97.30,-0.2000,97.80,98.40,96.90,223000,21780900,178,TWSE_CSV,2026-09-23 14:15:36 +0800
1150923,2026-09-23,上市,6216,居易,19.55,-0.1500,19.70,19.90,19.55,42000,824250,37,TWSE_CSV,2026-09-23 14:15:36 +0800
1150923,2026-09-23,上市,6224,聚鼎,82.20,0.4000,81.30,82.80,81.10,907000,74263900,716,TWSE_CSV,2026-09-23 14:15:36 +0800
1150923,2026-09-23,上市,6225,天瀚,46.20,-5.1000,46.20,46.20,46.20,170000,7854000,119,TWSE_CSV,2026-09-23 14:15:36 +0800
1150923,2026-09-23,上市,6226,光鼎,42.70,-1.5000,45.30,45.30,42.30,3476000,149832300,2271,TWSE_CSV,2026-09-23 14:15:36 +0800
1150923,2026-09-23,上市,6230,尼得科超眾,111.50,0.5000,111.50,113.50,111.50,28000,3141000,28,TWSE_CSV,2026-09-23 14:15:36 +0800
1150923,2026-09-23,上市,6235,華孚,39.90,1.0500,38.85,40.75,38.75,810000,32223450,521,TWSE_CSV,2026-09-23 14:15:36 +0800
1150923,2026-09-23,上市,6239,力成,286.50,-5.5000,295.00,297.50,286.00,8979000,2598023000,6009,TWSE_CSV,2026-09-23 14:15:36 +0800
1150923,2026-09-23,上市,6243,迅杰,41.25,3.7500,37.90,41.25,37.60,1504000,60696450,995,TWSE_CSV,2026-09-23 14:15:36 +0800
1150923,2026-09-23,上市,6257,矽格,247.00,-2.0000,250.50,252.00,238.00,15253000,3746648500,9844,TWSE_CSV,2026-09-23 14:15:36 +0800
1150923,2026-09-23,上市,6269,台郡,64.00,-0.6000,65.20,65.40,63.40,1835000,117717600,1295,TWSE_CSV,2026-09-23 14:15:36 +0800
1150923,2026-09-23,上市,6271,同欣電,228.50,0.5000,230.00,231.00,226.00,1697000,387198000,1350,TWSE_CSV,2026-09-23 14:15:36 +0800
1150923,2026-09-23,上市,6272,驊陞,25.40,-0.4000,26.15,26.15,25.30,310000,7919150,195,TWSE_CSV,2026-09-23 14:15:36 +0800
1150923,2026-09-23,上市,6277,宏正,77.70,-0.6000,77.90,78.40,77.60,90000,7013700,82,TWSE_CSV,2026-09-23 14:15:36 +0800
1150923,2026-09-23,上市,6278,台表科,209.00,-4.5000,212.50,218.00,204.50,18662000,3942085500,12510,TWSE_CSV,2026-09-23 14:15:36 +0800
1150923,2026-09-23,上市,6281,全國電,50.90,-0.2000,51.10,51.30,50.90,22000,1122700,19,TWSE_CSV,2026-09-23 14:15:36 +0800
1150923,2026-09-23,上市,6282,康舒,43.00,0.0000,43.65,44.20,42.80,6279000,272447900,3854,TWSE_CSV,2026-09-23 14:15:36 +0800
1150923,2026-09-23,上市,6283,淳安,18.95,0.2000,18.75,19.00,18.65,56000,1053950,39,TWSE_CSV,2026-09-23 14:15:36 +0800
1150923,2026-09-23,上市,6285,啟碁,230.00,-3.5000,237.50,238.00,230.00,2477000,575322500,1798,TWSE_CSV,2026-09-23 14:15:36 +0800
1150923,2026-09-23,上市,6405,悅城,41.55,-0.4000,42.00,43.80,41.10,756000,31771700,606,TWSE_CSV,2026-09-23 14:15:36 +0800
1150923,2026-09-23,上市,6409,旭隼,883.00,-5.0000,900.00,900.00,882.00,123000,109143000,112,TWSE_CSV,2026-09-23 14:15:36 +0800
1150923,2026-09-23,上市,6412,群電,74.30,0.0000,74.50,74.90,74.30,239000,17830400,207,TWSE_CSV,2026-09-23 14:15:36 +0800
1150923,2026-09-23,上市,6414,樺漢,371.50,-4.5000,379.50,380.00,370.50,753000,281747500,612,TWSE_CSV,2026-09-23 14:15:36 +0800
1150923,2026-09-23,上市,6415,矽力*-KY,426.00,-4.0000,436.50,440.00,422.00,1455000,625795000,1280,TWSE_CSV,2026-09-23 14:15:36 +0800
1150923,2026-09-23,上市,6416,瑞祺電通,116.00,0.5000,117.00,117.50,114.00,554000,63857500,450,TWSE_CSV,2026-09-23 14:15:36 +0800
1150923,2026-09-23,上市,6426,統新,391.50,35.5000,359.00,391.50,357.00,3104000,1185970500,2297,TWSE_CSV,2026-09-23 14:15:36 +0800
1150923,2026-09-23,上市,6431,光麗-KY,17.45,0.0500,17.40,17.45,17.20,16000,278150,11,TWSE_CSV,2026-09-23 14:15:36 +0800
1150923,2026-09-23,上市,6438,迅得,153.00,0.5000,155.00,156.00,152.00,139000,21381000,127,TWSE_CSV,2026-09-23 14:15:36 +0800
1150923,2026-09-23,上市,6442,光聖,1515.00,5.0000,1525.00,1545.00,1490.00,1316000,1994375000,1188,TWSE_CSV,2026-09-23 14:15:36 +0800
1150923,2026-09-23,上市,6443,元晶,27.70,-0.7000,28.00,28.20,27.00,9984000,274976550,4952,TWSE_CSV,2026-09-23 14:15:36 +0800
1150923,2026-09-23,上市,6446,藥華藥,1175.00,15.0000,1170.00,1195.00,1160.00,2099000,2475730000,1737,TWSE_CSV,2026-09-23 14:15:36 +0800
1150923,2026-09-23,上市,6449,鈺邦,210.50,-0.5000,214.00,217.50,210.00,509000,108031500,422,TWSE_CSV,2026-09-23 14:15:36 +0800
1150923,2026-09-23,上市,6451,訊芯-KY,416.00,-9.0000,430.00,432.50,415.00,1264000,531482500,1073,TWSE_CSV,2026-09-23 14:15:36 +0800
1150923,2026-09-23,上市,6456,GIS-KY,78.60,5.0000,76.50,80.90,76.50,26607000,2115763500,11755,TWSE_CSV,2026-09-23 14:15:36 +0800
1150923,2026-09-23,上市,6464,台數科,77.00,-0.9000,77.00,77.00,77.00,2000,154000,2,TWSE_CSV,2026-09-23 14:15:36 +0800
1150923,2026-09-23,上市,6472,保瑞,436.00,16.0000,425.00,442.00,421.50,770000,333304500,677,TWSE_CSV,2026-09-23 14:15:36 +0800
1150923,2026-09-23,上市,6477,安集,34.20,-0.3000,34.50,35.00,34.15,677000,23312750,484,TWSE_CSV,2026-09-23 14:15:36 +0800
1150923,2026-09-23,上市,6491,晶碩,407.50,3.5000,405.00,407.50,400.00,160000,64681500,148,TWSE_CSV,2026-09-23 14:15:36 +0800
1150923,2026-09-23,上市,6504,南六,36.75,0.0500,37.15,37.15,36.40,24000,884500,24,TWSE_CSV,2026-09-23 14:15:36 +0800
1150923,2026-09-23,上市,6505,台塑化,87.30,0.1000,87.90,88.50,86.50,12686000,1110137500,7868,TWSE_CSV,2026-09-23 14:15:36 +0800
1150923,2026-09-23,上市,6515,穎崴,5995.00,230.0000,5815.00,6070.00,5715.00,680000,4051755000,650,TWSE_CSV,2026-09-23 14:15:36 +0800
1150923,2026-09-23,上市,6525,捷敏-KY,133.00,0.0000,135.00,138.50,132.00,896000,120599000,662,TWSE_CSV,2026-09-23 14:15:36 +0800
1150923,2026-09-23,上市,6526,達發,840.00,76.0000,777.00,840.00,761.00,4474000,3688801000,3293,TWSE_CSV,2026-09-23 14:15:36 +0800
1150923,2026-09-23,上市,6531,愛普*,987.00,53.0000,940.00,999.00,940.00,3799000,3705449000,3183,TWSE_CSV,2026-09-23 14:15:36 +0800
1150923,2026-09-23,上市,6533,晶心科,251.00,-3.5000,259.00,264.00,249.50,1817000,466793000,1371,TWSE_CSV,2026-09-23 14:15:36 +0800
1150923,2026-09-23,上市,6534,正瀚-創,90.90,0.7000,91.20,91.20,90.40,21000,1908700,9,TWSE_CSV,2026-09-23 14:15:36 +0800
1150923,2026-09-23,上市,6541,泰福-KY,31.45,0.3500,31.70,32.05,31.00,393000,12375250,219,TWSE_CSV,2026-09-23 14:15:36 +0800
1150923,2026-09-23,上市,6552,易華電,24.90,0.6500,24.20,25.25,24.20,84000,2076850,67,TWSE_CSV,2026-09-23 14:15:36 +0800
1150923,2026-09-23,上市,6558,興能高,24.80,0.3500,24.60,25.95,24.60,440000,11031200,314,TWSE_CSV,2026-09-23 14:15:36 +0800
1150923,2026-09-23,上市,6573,虹揚-KY,16.10,-0.1000,16.20,16.40,16.00,120000,1939200,72,TWSE_CSV,2026-09-23 14:15:36 +0800
1150923,2026-09-23,上市,6579,研揚,150.00,-3.0000,153.00,154.00,150.00,137000,20743000,129,TWSE_CSV,2026-09-23 14:15:36 +0800
1150923,2026-09-23,上市,6581,鋼聯,109.00,0.0000,109.00,109.00,109.00,4000,436000,3,TWSE_CSV,2026-09-23 14:15:36 +0800
1150923,2026-09-23,上市,6582,申豐,30.80,-0.5000,31.30,31.30,30.80,113000,3497300,75,TWSE_CSV,2026-09-23 14:15:36 +0800
1150923,2026-09-23,上市,6585,鼎基,106.00,0.5000,105.00,106.50,105.00,40000,4235500,35,TWSE_CSV,2026-09-23 14:15:36 +0800
1150923,2026-09-23,上市,6589,台康生技,53.90,2.0000,51.90,53.90,51.20,1173000,62148400,768,TWSE_CSV,2026-09-23 14:15:36 +0800
1150923,2026-09-23,上市,6591,動力-KY,44.15,-1.3000,45.40,45.40,44.15,86000,3837450,68,TWSE_CSV,2026-09-23 14:15:36 +0800
1150923,2026-09-23,上市,6592,和潤企業,58.00,-0.2000,58.20,58.30,57.90,373000,21656000,290,TWSE_CSV,2026-09-23 14:15:36 +0800
1150923,2026-09-23,上市,6598,ABC-KY,27.60,0.2000,27.40,27.70,27.20,117000,3205900,85,TWSE_CSV,2026-09-23 14:15:36 +0800
1150923,2026-09-23,上市,6605,帝寶,138.50,-1.5000,140.50,140.50,138.00,145000,20136000,126,TWSE_CSV,2026-09-23 14:15:36 +0800
1150923,2026-09-23,上市,6606,建德工業,25.10,-0.0500,25.10,25.55,25.10,64000,1620400,21,TWSE_CSV,2026-09-23 14:15:36 +0800
1150923,2026-09-23,上市,6614,資拓宏宇,35.55,-0.2500,35.55,35.60,35.50,25000,888050,16,TWSE_CSV,2026-09-23 14:15:36 +0800
1150923,2026-09-23,上市,6625,必應,73.80,-0.5000,74.00,74.30,73.70,54000,3992800,51,TWSE_CSV,2026-09-23 14:15:36 +0800
1150923,2026-09-23,上市,6641,基士德-KY,16.75,-0.2000,16.95,16.95,16.70,4000,67100,4,TWSE_CSV,2026-09-23 14:15:36 +0800
1150923,2026-09-23,上市,6645,金萬林-創,12.50,-0.1000,12.55,12.55,12.50,2000,25050,2,TWSE_CSV,2026-09-23 14:15:36 +0800
1150923,2026-09-23,上市,6655,科定,124.50,0.0000,124.50,124.50,124.50,2000,249000,2,TWSE_CSV,2026-09-23 14:15:36 +0800
1150923,2026-09-23,上市,6657,華安,33.25,0.3000,32.95,33.90,32.30,166000,5497850,117,TWSE_CSV,2026-09-23 14:15:36 +0800
1150923,2026-09-23,上市,6658,聯策,177.50,1.0000,180.00,180.00,177.00,151000,26879000,130,TWSE_CSV,2026-09-23 14:15:36 +0800
1150923,2026-09-23,上市,6666,羅麗芬-KY,45.15,0.1500,45.05,45.75,44.55,14000,630350,14,TWSE_CSV,2026-09-23 14:15:36 +0800
1150923,2026-09-23,上市,6668,中揚光,46.95,-2.4500,48.95,49.45,46.65,3564000,170239950,2347,TWSE_CSV,2026-09-23 14:15:36 +0800
1150923,2026-09-23,上市,6669,緯穎,2105.00,-10.0000,2135.00,2140.00,2095.00,2338000,4943015000,2047,TWSE_CSV,2026-09-23 14:15:36 +0800
1150923,2026-09-23,上市,6670,復盛應用,273.00,2.0000,271.00,273.00,268.50,195000,52819000,147,TWSE_CSV,2026-09-23 14:15:36 +0800
1150923,2026-09-23,上市,6671,三能-KY,22.70,-0.3000,23.05,23.20,22.70,8000,183400,8,TWSE_CSV,2026-09-23 14:15:36 +0800
1150923,2026-09-23,上市,6672,騰輝電子-KY,307.00,5.0000,302.00,310.00,298.00,3193000,971865500,2586,TWSE_CSV,2026-09-23 14:15:36 +0800
1150923,2026-09-23,上市,6674,鋐寶科技,18.40,0.2000,18.20,18.40,18.20,677000,12359850,334,TWSE_CSV,2026-09-23 14:15:36 +0800
1150923,2026-09-23,上市,6689,伊雲谷,64.00,-0.1000,64.50,64.90,64.00,123000,7906400,115,TWSE_CSV,2026-09-23 14:15:36 +0800
1150923,2026-09-23,上市,6691,洋基工程,646.00,11.0000,639.00,651.00,632.00,489000,314702000,448,TWSE_CSV,2026-09-23 14:15:36 +0800
1150923,2026-09-23,上市,6695,芯鼎,50.10,-0.2000,50.90,51.20,49.90,294000,14837250,167,TWSE_CSV,2026-09-23 14:15:36 +0800
1150923,2026-09-23,上市,6698,旭暉應材,31.60,0.2500,31.65,31.65,31.10,134000,4204850,94,TWSE_CSV,2026-09-23 14:15:36 +0800
1150923,2026-09-23,上市,6706,惠特,144.00,-5.0000,150.00,150.50,144.00,4508000,660634000,3405,TWSE_CSV,2026-09-23 14:15:36 +0800
1150923,2026-09-23,上市,6715,嘉基,459.50,8.0000,451.00,479.50,440.50,1140000,530301000,1017,TWSE_CSV,2026-09-23 14:15:36 +0800
1150923,2026-09-23,上市,6719,力智,183.00,-4.5000,186.50,188.50,183.00,411000,75797500,360,TWSE_CSV,2026-09-23 14:15:36 +0800
1150923,2026-09-23,上市,6722,輝創,32.55,-0.1500,32.70,32.70,32.45,8000,260650,8,TWSE_CSV,2026-09-23 14:15:36 +0800
1150923,2026-09-23,上市,6742,澤米,55.20,2.5000,52.30,57.80,52.30,3909000,218261300,2843,TWSE_CSV,2026-09-23 14:15:36 +0800
1150923,2026-09-23,上市,6743,安普新,30.35,0.5000,30.00,30.45,29.90,530000,15983400,293,TWSE_CSV,2026-09-23 14:15:36 +0800
1150923,2026-09-23,上市,6753,龍德造船,131.50,-2.0000,134.00,134.50,130.50,652000,85998000,459,TWSE_CSV,2026-09-23 14:15:36 +0800
1150923,2026-09-23,上市,6754,匯僑設計,42.00,0.2000,42.00,42.00,41.75,8000,334950,8,TWSE_CSV,2026-09-23 14:15:36 +0800
1150923,2026-09-23,上市,6756,威鋒電子,98.50,0.9000,98.50,101.00,97.70,116000,11505800,105,TWSE_CSV,2026-09-23 14:15:36 +0800
1150923,2026-09-23,上市,6757,台灣虎航,54.10,-0.2000,54.50,54.70,54.00,497000,27023900,274,TWSE_CSV,2026-09-23 14:15:36 +0800
1150923,2026-09-23,上市,6768,志強-KY,62.90,0.5000,62.90,62.90,62.30,162000,10131100,123,TWSE_CSV,2026-09-23 14:15:36 +0800
1150923,2026-09-23,上市,6770,力積電,73.10,1.3000,73.00,74.00,71.90,117738000,8630511600,51782,TWSE_CSV,2026-09-23 14:15:36 +0800
1150923,2026-09-23,上市,6771,平和環保-創,42.00,-0.4000,42.25,42.30,42.00,14000,590100,13,TWSE_CSV,2026-09-23 14:15:36 +0800
1150923,2026-09-23,上市,6776,展碁國際,52.40,0.0000,52.30,52.40,52.20,35000,1831500,25,TWSE_CSV,2026-09-23 14:15:36 +0800
1150923,2026-09-23,上市,6781,AES-KY,1015.00,0.0000,1025.00,1025.00,1010.00,165000,167950000,154,TWSE_CSV,2026-09-23 14:15:36 +0800
1150923,2026-09-23,上市,6782,視陽,240.00,2.5000,240.00,243.00,235.00,267000,63846500,236,TWSE_CSV,2026-09-23 14:15:36 +0800
1150923,2026-09-23,上市,6789,采鈺,468.00,-0.5000,473.00,474.00,461.00,834000,388892500,742,TWSE_CSV,2026-09-23 14:15:36 +0800
1150923,2026-09-23,上市,6790,永豐實,37.75,-0.1500,37.95,37.95,37.75,98000,3709650,65,TWSE_CSV,2026-09-23 14:15:36 +0800
1150923,2026-09-23,上市,6792,詠業,59.10,0.3000,58.80,59.20,58.80,11000,648600,9,TWSE_CSV,2026-09-23 14:15:36 +0800
1150923,2026-09-23,上市,6794,向榮生技,75.00,0.8000,74.10,75.00,72.80,24000,1764000,21,TWSE_CSV,2026-09-23 14:15:36 +0800
1150923,2026-09-23,上市,6796,晉弘,50.90,0.5000,50.60,51.30,50.60,24000,1222100,23,TWSE_CSV,2026-09-23 14:15:36 +0800
1150923,2026-09-23,上市,6799,來頡,87.80,2.6000,85.00,88.70,85.00,489000,42811100,363,TWSE_CSV,2026-09-23 14:15:36 +0800
1150923,2026-09-23,上市,6805,富世達,2600.00,100.0000,2490.00,2750.00,2475.00,2455000,6472250000,2125,TWSE_CSV,2026-09-23 14:15:36 +0800
1150923,2026-09-23,上市,6807,峰源-KY,32.85,0.4000,33.35,33.35,32.40,8000,262300,7,TWSE_CSV,2026-09-23 14:15:36 +0800
1150923,2026-09-23,上市,6830,汎銓,545.00,-2.0000,548.00,553.00,538.00,757000,412462000,698,TWSE_CSV,2026-09-23 14:15:36 +0800
1150923,2026-09-23,上市,6831,邁科,515.00,3.0000,514.00,520.00,505.00,464000,238038000,407,TWSE_CSV,2026-09-23 14:15:36 +0800
1150923,2026-09-23,上市,6834,天二科技,113.50,2.0000,113.00,116.50,110.50,5446000,618525500,4096,TWSE_CSV,2026-09-23 14:15:36 +0800
1150923,2026-09-23,上市,6835,圓裕,31.20,-0.5500,31.70,31.75,31.05,21000,658800,18,TWSE_CSV,2026-09-23 14:15:36 +0800
1150923,2026-09-23,上市,6838,台新藥,26.25,2.3500,24.20,26.25,24.20,881000,22830050,493,TWSE_CSV,2026-09-23 14:15:36 +0800
1150923,2026-09-23,上市,6854,錼創科技-KY創,92.60,-1.1000,95.30,97.20,92.60,203000,19280200,158,TWSE_CSV,2026-09-23 14:15:36 +0800
1150923,2026-09-23,上市,6861,睿生光電,273.00,6.0000,267.00,290.00,265.00,5802000,1599890000,4823,TWSE_CSV,2026-09-23 14:15:36 +0800
1150923,2026-09-23,上市,6862,三集瑞-KY,139.50,1.0000,140.00,143.50,138.50,147000,20672000,123,TWSE_CSV,2026-09-23 14:15:36 +0800
1150923,2026-09-23,上市,6863,永道-KY,98.00,0.4000,98.00,98.30,97.00,47000,4573100,29,TWSE_CSV,2026-09-23 14:15:36 +0800
1150923,2026-09-23,上市,6869,雲豹能源,71.00,1.5000,70.90,73.60,70.40,1093000,78329100,711,TWSE_CSV,2026-09-23 14:15:36 +0800
1150923,2026-09-23,上市,6873,泓德能源,69.50,0.4000,70.30,71.80,69.10,410000,28853400,302,TWSE_CSV,2026-09-23 14:15:36 +0800
1150923,2026-09-23,上市,6885,全福生技,30.25,0.5500,30.30,31.05,29.30,1889000,56840750,1124,TWSE_CSV,2026-09-23 14:15:36 +0800
1150923,2026-09-23,上市,6887,寶綠特-KY,38.30,-0.7000,38.80,39.00,38.20,12000,462400,12,TWSE_CSV,2026-09-23 14:15:36 +0800
1150923,2026-09-23,上市,6890,來億-KY,148.50,0.0000,148.50,150.00,148.50,72000,10740000,69,TWSE_CSV,2026-09-23 14:15:36 +0800
1150923,2026-09-23,上市,6901,鑽石投資,15.75,0.4000,15.45,15.85,15.35,1529000,23971100,754,TWSE_CSV,2026-09-23 14:15:36 +0800
1150923,2026-09-23,上市,6902,GOGOLOOK,168.50,-1.0000,170.50,176.50,167.50,1329000,227115000,994,TWSE_CSV,2026-09-23 14:15:36 +0800
1150923,2026-09-23,上市,6906,現觀科,81.90,-0.9000,82.80,83.60,81.70,28000,2313200,25,TWSE_CSV,2026-09-23 14:15:36 +0800
1150923,2026-09-23,上市,6908,宏碁遊戲-創,29.70,0.1000,29.70,29.70,29.70,2000,59400,2,TWSE_CSV,2026-09-23 14:15:36 +0800
1150923,2026-09-23,上市,6909,創控,41.45,-0.4500,42.60,42.60,41.40,171000,7137000,137,TWSE_CSV,2026-09-23 14:15:36 +0800
1150923,2026-09-23,上市,6914,阜爾運通,120.50,0.0000,121.00,121.00,120.00,34000,4102500,22,TWSE_CSV,2026-09-23 14:15:36 +0800
1150923,2026-09-23,上市,6916,華凌,18.10,-0.0500,18.15,18.15,18.10,17000,308250,12,TWSE_CSV,2026-09-23 14:15:36 +0800
1150923,2026-09-23,上市,6918,愛派司,75.10,0.3000,74.50,75.40,74.50,24000,1801500,16,TWSE_CSV,2026-09-23 14:15:36 +0800
1150923,2026-09-23,上市,6919,康霈*,80.60,-2.0000,84.30,84.30,80.50,5024000,409169700,3367,TWSE_CSV,2026-09-23 14:15:36 +0800
1150923,2026-09-23,上市,6921,嘉雨思-創,64.90,-3.1000,64.50,67.50,61.20,37000,2343600,27,TWSE_CSV,2026-09-23 14:15:36 +0800
1150923,2026-09-23,上市,6923,中台,76.70,0.6000,78.80,78.90,76.30,96000,7429300,80,TWSE_CSV,2026-09-23 14:15:36 +0800
1150923,2026-09-23,上市,6924,榮惠-KY創,136.00,1.0000,135.00,136.00,131.00,15000,2014000,13,TWSE_CSV,2026-09-23 14:15:36 +0800
1150923,2026-09-23,上市,6928,攸泰科技,46.00,0.0000,46.50,47.20,46.00,16000,741950,16,TWSE_CSV,2026-09-23 14:15:36 +0800
1150923,2026-09-23,上市,6931,青松健康,38.80,-0.2000,38.80,38.90,38.80,33000,1281700,28,TWSE_CSV,2026-09-23 14:15:36 +0800
1150923,2026-09-23,上市,6933,AMAX-KY,350.00,31.5000,320.00,350.00,320.00,1279000,436848000,953,TWSE_CSV,2026-09-23 14:15:36 +0800
1150923,2026-09-23,上市,6934,心誠鎂,74.50,1.5000,73.20,75.00,73.20,96000,7068700,26,TWSE_CSV,2026-09-23 14:15:36 +0800
1150923,2026-09-23,上市,6936,永鴻生技,31.70,-0.2500,31.80,31.80,31.70,9000,285600,8,TWSE_CSV,2026-09-23 14:15:36 +0800
1150923,2026-09-23,上市,6937,天虹,300.00,-1.5000,303.50,306.00,297.50,345000,103913000,307,TWSE_CSV,2026-09-23 14:15:36 +0800
1150923,2026-09-23,上市,6944,兆聯實業,731.00,9.0000,727.00,738.00,723.00,291000,212999000,260,TWSE_CSV,2026-09-23 14:15:36 +0800
1150923,2026-09-23,上市,6947,台鎔科技,67.50,-1.0000,68.20,68.50,67.50,144000,9766400,109,TWSE_CSV,2026-09-23 14:15:36 +0800
1150923,2026-09-23,上市,6949,沛爾生醫*-創,50.30,-0.5000,49.25,51.00,49.25,2824000,141677650,1623,TWSE_CSV,2026-09-23 14:15:36 +0800
1150923,2026-09-23,上市,6951,青新-創,69.30,0.0000,70.20,70.20,69.30,13000,905600,13,TWSE_CSV,2026-09-23 14:15:36 +0800
1150923,2026-09-23,上市,6952,大武山,,0.0000,,,,,,,TWSE_CSV,2026-09-23 14:15:36 +0800
1150923,2026-09-23,上市,6955,邦睿生技-創,95.00,0.0000,94.00,95.00,94.00,8000,756000,7,TWSE_CSV,2026-09-23 14:15:36 +0800
1150923,2026-09-23,上市,6957,裕慶-KY,295.50,-7.5000,300.00,305.00,295.00,488000,145485500,377,TWSE_CSV,2026-09-23 14:15:36 +0800
1150923,2026-09-23,上市,6958,日盛台駿,17.40,-0.1000,17.70,17.70,17.40,26000,453650,22,TWSE_CSV,2026-09-23 14:15:36 +0800
1150923,2026-09-23,上市,6962,奕力-KY,31.55,-0.3500,32.15,32.15,31.55,1155000,36616150,634,TWSE_CSV,2026-09-23 14:15:36 +0800
1150923,2026-09-23,上市,6965,中傑-KY,68.60,-0.6000,68.60,69.20,68.30,23000,1581500,22,TWSE_CSV,2026-09-23 14:15:36 +0800
1150923,2026-09-23,上市,6969,成信實業*-創,31.80,-0.4500,31.95,32.10,31.80,91000,2902300,73,TWSE_CSV,2026-09-23 14:15:36 +0800
1150923,2026-09-23,上市,6988,威力暘-創,11.90,0.0000,12.05,12.05,11.80,45000,534700,24,TWSE_CSV,2026-09-23 14:15:36 +0800
1150923,2026-09-23,上市,6994,富威電力,27.30,0.0000,27.30,27.60,27.15,205000,5609900,144,TWSE_CSV,2026-09-23 14:15:36 +0800
1150923,2026-09-23,上市,7610,聯友金屬-創,1825.00,-80.0000,1905.00,1905.00,1825.00,442000,821295000,404,TWSE_CSV,2026-09-23 14:15:36 +0800
1150923,2026-09-23,上市,7631,聚賢研發-創,138.00,-0.5000,139.00,139.50,138.00,41000,5672500,34,TWSE_CSV,2026-09-23 14:15:36 +0800
1150923,2026-09-23,上市,7689,大鵬科CLMX,157.50,-2.5000,161.00,161.50,156.00,27000,4295500,18,TWSE_CSV,2026-09-23 14:15:36 +0800
1150923,2026-09-23,上市,7705,三商餐飲,30.00,0.0500,30.00,30.05,29.95,11000,330000,11,TWSE_CSV,2026-09-23 14:15:36 +0800
1150923,2026-09-23,上市,7711,永擎,543.00,6.0000,545.00,561.00,538.00,704000,385613000,634,TWSE_CSV,2026-09-23 14:15:36 +0800
1150923,2026-09-23,上市,7721,微程式,62.00,-0.1000,62.10,62.60,62.00,31000,1931800,28,TWSE_CSV,2026-09-23 14:15:36 +0800
1150923,2026-09-23,上市,7722,LINEPAY,262.00,1.5000,261.50,266.50,261.00,39000,10269500,36,TWSE_CSV,2026-09-23 14:15:36 +0800
1150923,2026-09-23,上市,7730,暉盛-創,170.50,-1.5000,172.00,173.50,170.00,54000,9258000,41,TWSE_CSV,2026-09-23 14:15:36 +0800
1150923,2026-09-23,上市,7732,金興精密,,0.0000,,,,,,,TWSE_CSV,2026-09-23 14:15:36 +0800
1150923,2026-09-23,上市,7736,虎山,69.40,1.2000,68.20,69.40,68.00,48000,3283700,29,TWSE_CSV,2026-09-23 14:15:36 +0800
1150923,2026-09-23,上市,7740,熙特爾-創,111.50,-8.5000,120.00,120.00,110.50,391000,44436500,284,TWSE_CSV,2026-09-23 14:15:36 +0800
1150923,2026-09-23,上市,7749,意騰-KY,402.00,22.0000,377.00,411.50,377.00,632000,252329000,546,TWSE_CSV,2026-09-23 14:15:36 +0800
1150923,2026-09-23,上市,7750,新代,1950.00,5.0000,1980.00,1980.00,1915.00,90000,174650000,86,TWSE_CSV,2026-09-23 14:15:36 +0800
1150923,2026-09-23,上市,7760,享溫馨,33.30,0.8000,32.80,33.30,32.50,43000,1404750,27,TWSE_CSV,2026-09-23 14:15:36 +0800
1150923,2026-09-23,上市,7765,中華資安,243.00,2.0000,240.00,244.00,240.00,157000,38016500,137,TWSE_CSV,2026-09-23 14:15:36 +0800
1150923,2026-09-23,上市,7768,頌勝科技,292.00,-1.5000,292.00,293.50,289.00,51000,14846000,41,TWSE_CSV,2026-09-23 14:15:36 +0800
1150923,2026-09-23,上市,7769,鴻勁,5975.00,-180.0000,6170.00,6200.00,5965.00,594000,3574020000,575,TWSE_CSV,2026-09-23 14:15:36 +0800
1150923,2026-09-23,上市,7780,大研生醫*,16.20,0.1000,16.15,16.25,16.10,608000,9826550,285,TWSE_CSV,2026-09-23 14:15:36 +0800
1150923,2026-09-23,上市,7786,東方風能,117.00,-1.0000,118.00,118.50,117.00,56000,6600500,41,TWSE_CSV,2026-09-23 14:15:36 +0800
1150923,2026-09-23,上市,7788,松川精密,290.00,-0.5000,292.00,294.50,282.00,879000,253300000,729,TWSE_CSV,2026-09-23 14:15:36 +0800
1150923,2026-09-23,上市,7791,皇家可口,55.60,-0.1000,55.70,55.80,55.60,6000,334200,6,TWSE_CSV,2026-09-23 14:15:36 +0800
1150923,2026-09-23,上市,7795,長廣,490.50,-14.5000,518.00,524.00,490.00,1174000,592051000,1006,TWSE_CSV,2026-09-23 14:15:36 +0800
1150923,2026-09-23,上市,7799,禾榮科,531.00,23.0000,508.00,558.00,508.00,2436000,1333170000,1954,TWSE_CSV,2026-09-23 14:15:36 +0800
1150923,2026-09-23,上市,7803,雲象科技-創,18.05,-0.2000,18.15,18.25,17.95,58000,1049100,35,TWSE_CSV,2026-09-23 14:15:36 +0800
1150923,2026-09-23,上市,7812,稜研科技*-創,70.90,0.9000,73.00,74.40,70.60,218000,15807300,165,TWSE_CSV,2026-09-23 14:15:36 +0800
1150923,2026-09-23,上市,7818,溢泰實業,60.20,0.1000,60.50,60.50,59.80,25000,1499400,21,TWSE_CSV,2026-09-23 14:15:36 +0800
1150923,2026-09-23,上市,7821,神數,36.80,-0.2500,37.00,37.00,36.70,124000,4571800,89,TWSE_CSV,2026-09-23 14:15:36 +0800
1150923,2026-09-23,上市,7822,倍利科,883.00,18.0000,888.00,892.00,866.00,87000,76506000,86,TWSE_CSV,2026-09-23 14:15:36 +0800
1150923,2026-09-23,上市,7823,奧義賽博-KY創,80.40,0.4000,81.00,81.00,80.20,24000,1932400,21,TWSE_CSV,2026-09-23 14:15:36 +0800
1150923,2026-09-23,上市,7827,漢康-KY創,163.00,0.0000,163.00,165.00,160.50,284000,46159500,228,TWSE_CSV,2026-09-23 14:15:36 +0800
1150923,2026-09-23,上市,7835,永悅健康-創,20.00,-0.0500,20.35,20.35,19.80,68000,1356900,33,TWSE_CSV,2026-09-23 14:15:36 +0800
1150923,2026-09-23,上市,7855,和運租車,42.00,0.0000,42.10,42.15,42.00,352000,14801300,160,TWSE_CSV,2026-09-23 14:15:36 +0800
1150923,2026-09-23,上市,8011,台通,15.90,-0.1500,16.05,16.30,15.90,622000,10000750,201,TWSE_CSV,2026-09-23 14:15:36 +0800
1150923,2026-09-23,上市,8016,矽創,281.50,-0.5000,282.50,289.00,281.00,357000,101236000,340,TWSE_CSV,2026-09-23 14:15:36 +0800
1150923,2026-09-23,上市,8021,尖點,478.00,1.0000,471.50,480.00,464.00,1940000,919062000,1554,TWSE_CSV,2026-09-23 14:15:36 +0800
1150923,2026-09-23,上市,8028,昇陽半導體,258.00,-5.5000,264.00,265.00,254.00,5312000,1369624000,4022,TWSE_CSV,2026-09-23 14:15:36 +0800
1150923,2026-09-23,上市,8033,雷虎,168.50,-1.0000,172.00,172.00,168.00,1382000,233934500,1040,TWSE_CSV,2026-09-23 14:15:36 +0800
1150923,2026-09-23,上市,8039,台虹,256.00,-6.5000,264.00,264.00,253.00,8308000,2132516000,5943,TWSE_CSV,2026-09-23 14:15:36 +0800
1150923,2026-09-23,上市,8045,達運光電,52.60,-1.2000,53.30,53.70,52.60,93000,4918100,63,TWSE_CSV,2026-09-23 14:15:36 +0800
1150923,2026-09-23,上市,8046,南電,1210.00,45.0000,1185.00,1225.00,1150.00,17014000,20343530000,11378,TWSE_CSV,2026-09-23 14:15:36 +0800
1150923,2026-09-23,上市,8070,長華*,49.55,-0.3500,50.20,50.30,49.55,1021000,50803700,689,TWSE_CSV,2026-09-23 14:15:36 +0800
1150923,2026-09-23,上市,8072,陞泰,27.15,-0.1500,27.30,27.35,27.10,70000,1903750,61,TWSE_CSV,2026-09-23 14:15:36 +0800
1150923,2026-09-23,上市,8081,致新,250.50,-1.5000,254.50,254.50,250.50,177000,44581000,165,TWSE_CSV,2026-09-23 14:15:36 +0800
1150923,2026-09-23,上市,8101,華冠,11.45,0.1000,11.45,11.45,11.45,1000,11450,1,TWSE_CSV,2026-09-23 14:15:36 +0800
1150923,2026-09-23,上市,8103,瀚荃,123.50,1.0000,123.50,129.00,122.00,5587000,698581000,3925,TWSE_CSV,2026-09-23 14:15:36 +0800
1150923,2026-09-23,上市,8104,錸寶,30.85,0.1000,30.85,31.15,30.80,195000,6040150,138,TWSE_CSV,2026-09-23 14:15:36 +0800
1150923,2026-09-23,上市,8105,凌巨,14.90,-0.4000,15.30,15.30,14.90,1418000,21308350,633,TWSE_CSV,2026-09-23 14:15:36 +0800
1150923,2026-09-23,上市,8110,華東,49.70,0.7500,49.60,51.40,48.60,25364000,1263509450,14096,TWSE_CSV,2026-09-23 14:15:36 +0800
1150923,2026-09-23,上市,8112,至上,82.60,0.4000,82.70,82.90,82.20,3592000,296292100,2406,TWSE_CSV,2026-09-23 14:15:36 +0800
1150923,2026-09-23,上市,8114,振樺電,175.00,-1.0000,176.00,177.50,174.50,307000,54011000,241,TWSE_CSV,2026-09-23 14:15:36 +0800
1150923,2026-09-23,上市,8131,福懋科,61.40,0.0000,62.20,63.10,61.30,2102000,130426800,1330,TWSE_CSV,2026-09-23 14:15:36 +0800
1150923,2026-09-23,上市,8150,南茂,107.00,1.5000,110.00,116.00,105.00,115445000,12706427000,57582,TWSE_CSV,2026-09-23 14:15:36 +0800
1150923,2026-09-23,上市,8162,微矽電子-創,63.00,3.2000,59.70,65.00,59.70,923000,58425500,621,TWSE_CSV,2026-09-23 14:15:36 +0800
1150923,2026-09-23,上市,8163,達方,29.80,-0.5000,30.30,30.35,29.75,485000,14506550,368,TWSE_CSV,2026-09-23 14:15:36 +0800
1150923,2026-09-23,上市,8201,無敵,12.10,-0.2000,12.05,12.25,11.80,52000,623900,30,TWSE_CSV,2026-09-23 14:15:36 +0800
1150923,2026-09-23,上市,8210,勤誠,892.00,-6.0000,906.00,912.00,891.00,1144000,1027691000,955,TWSE_CSV,2026-09-23 14:15:36 +0800
1150923,2026-09-23,上市,8213,志超,33.15,-0.1000,33.50,33.50,33.05,164000,5441750,109,TWSE_CSV,2026-09-23 14:15:36 +0800
1150923,2026-09-23,上市,8215,明基材,27.85,-0.5000,28.35,28.80,27.60,2077000,58499100,1273,TWSE_CSV,2026-09-23 14:15:36 +0800
1150923,2026-09-23,上市,8222,寶一,35.20,-0.0500,35.30,35.40,35.05,133000,4683600,87,TWSE_CSV,2026-09-23 14:15:36 +0800
1150923,2026-09-23,上市,8249,菱光,39.55,0.3000,39.00,39.75,39.00,131000,5183050,93,TWSE_CSV,2026-09-23 14:15:36 +0800
1150923,2026-09-23,上市,8261,富鼎,180.50,4.0000,180.00,183.50,175.00,3430000,615605500,2515,TWSE_CSV,2026-09-23 14:15:36 +0800
1150923,2026-09-23,上市,8271,宇瞻,200.50,-1.0000,203.00,204.00,200.00,1066000,214359000,820,TWSE_CSV,2026-09-23 14:15:36 +0800
1150923,2026-09-23,上市,8341,日友,74.60,-0.1000,74.80,75.10,74.60,85000,6350800,60,TWSE_CSV,2026-09-23 14:15:36 +0800
1150923,2026-09-23,上市,8367,建新國際,40.25,-0.2500,40.60,40.60,40.25,26000,1053300,16,TWSE_CSV,2026-09-23 14:15:36 +0800
1150923,2026-09-23,上市,8374,羅昇,76.10,-0.4000,76.10,77.30,76.10,117000,8952900,102,TWSE_CSV,2026-09-23 14:15:36 +0800
1150923,2026-09-23,上市,8404,百和興業-KY,13.70,0.1500,13.70,13.80,13.60,231000,3168000,122,TWSE_CSV,2026-09-23 14:15:36 +0800
1150923,2026-09-23,上市,8411,福貞-KY,12.20,-0.2500,12.45,12.50,12.20,100000,1229750,53,TWSE_CSV,2026-09-23 14:15:36 +0800
1150923,2026-09-23,上市,8422,可寧衛*,25.65,-0.0500,25.75,25.85,25.65,2373000,61030250,1377,TWSE_CSV,2026-09-23 14:15:36 +0800
1150923,2026-09-23,上市,8429,金麗-KY,5.87,-0.0100,5.92,5.92,5.85,246000,1447700,106,TWSE_CSV,2026-09-23 14:15:36 +0800
1150923,2026-09-23,上市,8438,昶昕,78.00,3.4000,78.00,78.60,73.00,1517000,115356100,1042,TWSE_CSV,2026-09-23 14:15:36 +0800
1150923,2026-09-23,上市,8442,威宏-KY,45.10,-1.1000,45.85,45.95,45.10,54000,2456850,50,TWSE_CSV,2026-09-23 14:15:36 +0800
1150923,2026-09-23,上市,8443,阿瘦,11.25,0.0000,11.25,11.25,11.25,6000,67500,3,TWSE_CSV,2026-09-23 14:15:36 +0800
1150923,2026-09-23,上市,8454,富邦媒,244.50,3.5000,241.00,244.50,240.50,303000,73601000,258,TWSE_CSV,2026-09-23 14:15:36 +0800
1150923,2026-09-23,上市,8462,柏文,158.00,-2.0000,159.00,160.50,157.50,82000,12997500,79,TWSE_CSV,2026-09-23 14:15:36 +0800
1150923,2026-09-23,上市,8463,潤泰材,21.05,-0.1000,21.10,21.30,20.95,84000,1771150,45,TWSE_CSV,2026-09-23 14:15:36 +0800
1150923,2026-09-23,上市,8464,億豐,374.50,-0.5000,375.00,382.00,373.50,227000,85597000,212,TWSE_CSV,2026-09-23 14:15:36 +0800
1150923,2026-09-23,上市,8466,美吉吉-KY,16.05,0.0500,16.00,16.20,16.00,50000,802650,40,TWSE_CSV,2026-09-23 14:15:36 +0800
1150923,2026-09-23,上市,8467,波力-KY,87.70,-1.3000,87.50,87.80,87.00,9000,785700,9,TWSE_CSV,2026-09-23 14:15:36 +0800
1150923,2026-09-23,上市,8473,山林水,38.85,0.2000,38.85,38.95,38.65,289000,11217100,171,TWSE_CSV,2026-09-23 14:15:36 +0800
1150923,2026-09-23,上市,8476,台境*,19.50,0.0000,19.75,19.75,19.45,88000,1718350,58,TWSE_CSV,2026-09-23 14:15:36 +0800
1150923,2026-09-23,上市,8478,東哥遊艇,139.50,0.0000,139.00,140.00,139.00,52000,7260500,44,TWSE_CSV,2026-09-23 14:15:36 +0800
1150923,2026-09-23,上市,8481,政伸,40.95,-0.1500,41.00,41.10,40.95,6000,246050,6,TWSE_CSV,2026-09-23 14:15:36 +0800
1150923,2026-09-23,上市,8482,商億-KY,47.20,-0.8000,47.50,47.50,46.80,3000,141500,3,TWSE_CSV,2026-09-23 14:15:36 +0800
1150923,2026-09-23,上市,8487,愛爾達-創,70.10,-1.4000,70.30,70.40,70.10,7000,491800,7,TWSE_CSV,2026-09-23 14:15:36 +0800
1150923,2026-09-23,上市,8488,吉源-KY,9.92,-0.0700,9.90,10.35,9.90,354000,3574140,72,TWSE_CSV,2026-09-23 14:15:36 +0800
1150923,2026-09-23,上市,8499,鼎炫-KY,253.00,0.5000,252.50,256.00,252.00,12000,3042500,12,TWSE_CSV,2026-09-23 14:15:36 +0800
1150923,2026-09-23,上市,8926,台汽電,58.40,-0.3000,59.20,59.20,58.30,1442000,84475000,864,TWSE_CSV,2026-09-23 14:15:36 +0800
1150923,2026-09-23,上市,8940,新天地,14.95,0.0500,15.50,15.50,14.95,25000,377850,21,TWSE_CSV,2026-09-23 14:15:36 +0800
1150923,2026-09-23,上市,8996,高力,1540.00,-115.0000,1640.00,1640.00,1515.00,5563000,8725855000,4551,TWSE_CSV,2026-09-23 14:15:36 +0800
1150923,2026-09-23,上市,9103,美德醫療-DR,5.00,0.0400,4.99,5.03,4.95,548000,2732360,134,TWSE_CSV,2026-09-23 14:15:36 +0800
1150923,2026-09-23,上市,910322,康師傅-DR,23.05,0.0000,23.15,23.35,23.00,12000,276800,8,TWSE_CSV,2026-09-23 14:15:36 +0800
1150923,2026-09-23,上市,9105,泰金寶-DR,8.33,-0.0200,8.37,8.41,8.30,14324000,119585750,2382,TWSE_CSV,2026-09-23 14:15:36 +0800
1150923,2026-09-23,上市,910861,神州-DR,4.53,0.1100,4.44,4.53,4.43,85000,382090,36,TWSE_CSV,2026-09-23 14:15:36 +0800
1150923,2026-09-23,上市,9110,越南控-DR,2.92,0.2300,2.52,2.92,2.52,34000,88870,20,TWSE_CSV,2026-09-23 14:15:36 +0800
1150923,2026-09-23,上市,911608,明輝-DR,2.72,-0.0100,2.70,2.72,2.65,28000,75440,20,TWSE_CSV,2026-09-23 14:15:36 +0800
1150923,2026-09-23,上市,911622,泰聚亨-DR,3.53,-0.0200,3.50,3.53,3.46,7000,24400,6,TWSE_CSV,2026-09-23 14:15:36 +0800
1150923,2026-09-23,上市,911868,同方友友-DR,1.16,0.0100,1.15,1.16,1.15,210000,242370,54,TWSE_CSV,2026-09-23 14:15:36 +0800
1150923,2026-09-23,上市,912000,晨訊科-DR,2.50,-0.0100,2.52,2.54,2.50,202000,506530,55,TWSE_CSV,2026-09-23 14:15:36 +0800
1150923,2026-09-23,上市,9136,巨騰-DR,9.19,-0.0900,9.29,9.45,9.10,431000,3987310,163,TWSE_CSV,2026-09-23 14:15:36 +0800
1150923,2026-09-23,上市,9802,鈺齊-KY,64.20,0.7000,63.90,64.60,63.50,292000,18736300,188,TWSE_CSV,2026-09-23 14:15:36 +0800
1150923,2026-09-23,上市,9902,台火,13.30,-0.1500,13.45,13.45,13.30,51000,682450,30,TWSE_CSV,2026-09-23 14:15:36 +0800
1150923,2026-09-23,上市,9904,寶成,24.90,0.3000,24.80,25.05,24.55,10847000,269905700,3192,TWSE_CSV,2026-09-23 14:15:36 +0800
1150923,2026-09-23,上市,9905,大華,21.20,0.0000,21.25,21.25,21.15,61000,1294200,32,TWSE_CSV,2026-09-23 14:15:36 +0800
1150923,2026-09-23,上市,9906,欣巴巴,39.95,-0.1500,38.75,40.70,38.75,46000,1840350,36,TWSE_CSV,2026-09-23 14:15:36 +0800
1150923,2026-09-23,上市,9907,統一實,14.85,-0.0500,15.00,15.00,14.85,576000,8590300,351,TWSE_CSV,2026-09-23 14:15:36 +0800
1150923,2026-09-23,上市,9908,大台北,28.95,-0.0500,29.00,29.05,28.95,80000,2320350,60,TWSE_CSV,2026-09-23 14:15:36 +0800
1150923,2026-09-23,上市,9910,豐泰,70.00,1.4000,69.00,70.60,68.90,1688000,118039100,1201,TWSE_CSV,2026-09-23 14:15:36 +0800
1150923,2026-09-23,上市,9911,櫻花,81.50,0.0000,81.80,81.80,81.40,111000,9046400,77,TWSE_CSV,2026-09-23 14:15:36 +0800
1150923,2026-09-23,上市,9912,偉聯,12.90,-0.1000,12.95,12.95,12.85,33000,425800,13,TWSE_CSV,2026-09-23 14:15:36 +0800
1150923,2026-09-23,上市,9914,美利達,66.40,-0.3000,66.80,67.00,66.40,1621000,108010800,989,TWSE_CSV,2026-09-23 14:15:36 +0800
1150923,2026-09-23,上市,9917,中保科,106.50,0.5000,106.50,107.00,106.00,222000,23637000,197,TWSE_CSV,2026-09-23 14:15:36 +0800
1150923,2026-09-23,上市,9918,欣天然,42.70,-0.3000,43.30,43.30,42.70,35000,1496400,21,TWSE_CSV,2026-09-23 14:15:36 +0800
1150923,2026-09-23,上市,9919,康那香,14.00,0.0000,14.05,14.10,13.95,165000,2311400,86,TWSE_CSV,2026-09-23 14:15:36 +0800
1150923,2026-09-23,上市,9921,巨大,90.30,0.6000,89.70,91.00,89.00,545000,49036700,425,TWSE_CSV,2026-09-23 14:15:36 +0800
1150923,2026-09-23,上市,9924,福興,37.80,0.0000,37.80,37.90,37.80,77000,2912400,57,TWSE_CSV,2026-09-23 14:15:36 +0800
1150923,2026-09-23,上市,9925,新保,39.75,0.1000,39.75,39.80,39.70,294000,11686700,163,TWSE_CSV,2026-09-23 14:15:36 +0800
1150923,2026-09-23,上市,9926,新海,49.05,-0.2500,49.35,49.35,49.05,3000,147450,3,TWSE_CSV,2026-09-23 14:15:36 +0800
1150923,2026-09-23,上市,9927,泰銘,70.30,0.1000,70.40,70.50,70.30,86000,6050900,52,TWSE_CSV,2026-09-23 14:15:36 +0800
1150923,2026-09-23,上市,9928,中視,17.60,-0.0500,17.65,17.65,17.60,8000,141050,6,TWSE_CSV,2026-09-23 14:15:36 +0800
1150923,2026-09-23,上市,9929,秋雨,10.90,-0.1000,11.05,11.05,10.90,4000,43850,4,TWSE_CSV,2026-09-23 14:15:36 +0800
1150923,2026-09-23,上市,9930,中聯資源,60.80,0.0000,61.10,61.10,60.50,89000,5407800,60,TWSE_CSV,2026-09-23 14:15:36 +0800
1150923,2026-09-23,上市,9931,欣高,33.90,-0.0500,33.95,33.95,33.90,3000,101750,3,TWSE_CSV,2026-09-23 14:15:36 +0800
1150923,2026-09-23,上市,9933,中鼎,41.10,0.2000,41.05,41.35,40.95,916000,37646500,640,TWSE_CSV,2026-09-23 14:15:36 +0800
1150923,2026-09-23,上市,9934,成霖,9.84,0.0200,9.87,9.91,9.84,371000,3662290,176,TWSE_CSV,2026-09-23 14:15:36 +0800
1150923,2026-09-23,上市,9935,慶豐富,18.30,-0.0500,18.35,18.40,18.20,210000,3839650,109,TWSE_CSV,2026-09-23 14:15:36 +0800
1150923,2026-09-23,上市,9937,全國,54.20,0.0000,54.50,54.50,54.20,11000,596500,9,TWSE_CSV,2026-09-23 14:15:36 +0800
1150923,2026-09-23,上市,9938,百和,38.35,0.0000,38.40,38.90,38.30,960000,37075600,658,TWSE_CSV,2026-09-23 14:15:36 +0800
1150923,2026-09-23,上市,9939,宏全,125.00,-0.5000,125.50,126.00,124.50,327000,40886000,265,TWSE_CSV,2026-09-23 14:15:36 +0800
1150923,2026-09-23,上市,9940,信義,20.30,-0.0500,20.45,20.45,20.20,95000,1929300,52,TWSE_CSV,2026-09-23 14:15:36 +0800
1150923,2026-09-23,上市,9941,裕融,79.70,0.0000,80.30,80.30,79.10,829000,65915600,622,TWSE_CSV,2026-09-23 14:15:36 +0800
1150923,2026-09-23,上市,9942,茂順,114.00,-0.5000,114.50,114.50,113.50,34000,3878000,30,TWSE_CSV,2026-09-23 14:15:36 +0800
1150923,2026-09-23,上市,9943,好樂迪,50.50,0.1000,50.50,50.50,50.50,33000,1666500,27,TWSE_CSV,2026-09-23 14:15:36 +0800
1150923,2026-09-23,上市,9944,新麗,17.15,-0.0500,17.20,17.25,17.10,27000,464050,14,TWSE_CSV,2026-09-23 14:15:36 +0800
1150923,2026-09-23,上市,9945,潤泰新,29.55,0.6000,29.20,29.75,28.95,8527000,251355350,3565,TWSE_CSV,2026-09-23 14:15:36 +0800
1150923,2026-09-23,上市,9946,三發地產,17.30,0.0500,17.40,17.50,17.30,135000,2346650,70,TWSE_CSV,2026-09-23 14:15:36 +0800
1150923,2026-09-23,上市,9955,佳龍,23.20,-0.1000,23.15,23.40,23.15,141000,3276100,109,TWSE_CSV,2026-09-23 14:15:36 +0800
1150923,2026-09-23,上市,9958,世紀鋼,91.90,0.8000,91.60,92.50,91.10,1014000,93084500,739,TWSE_CSV,2026-09-23 14:15:36 +0800
1150923,2026-09-23,上櫃,00411A,主動統一前沿科技,10.50,+0.02,10.60,10.60,10.48,14079000,148078160,1271,TPEX_CSV,2026-09-23 14:15:36 +0800
1150923,2026-09-23,上櫃,006201,元大富櫃50,46.28,-0.30,46.76,46.91,46.19,171000,7932760,104,TPEX_CSV,2026-09-23 14:15:36 +0800
1150923,2026-09-23,上櫃,00679B,元大美債20年,25.68,+0.10,25.58,25.71,25.58,10718000,274717730,1480,TPEX_CSV,2026-09-23 14:15:36 +0800
1150923,2026-09-23,上櫃,00687B,國泰20年美債,26.66,+0.07,26.59,26.70,26.57,10385000,276496280,926,TPEX_CSV,2026-09-23 14:15:36 +0800
1150923,2026-09-23,上櫃,00687C,國泰20年美債+櫃U,9.07,+0.02,9.07,9.07,9.07,25000,226750,2,TPEX_CSV,2026-09-23 14:15:36 +0800
1150923,2026-09-23,上櫃,00694B,富邦美債1-3,41.55,+0.08,41.40,41.56,41.40,180000,7474310,16,TPEX_CSV,2026-09-23 14:15:36 +0800
1150923,2026-09-23,上櫃,00695B,富邦美債7-10,34.18,+0.08,34.07,34.21,34.07,332000,11347200,180,TPEX_CSV,2026-09-23 14:15:36 +0800
1150923,2026-09-23,上櫃,00696B,富邦美債20年,27.97,+0.08,27.89,28.01,27.88,2132000,59631440,70,TPEX_CSV,2026-09-23 14:15:36 +0800
1150923,2026-09-23,上櫃,00697B,元大美債7-10,34.44,+0.09,34.36,34.45,34.35,297000,10223390,83,TPEX_CSV,2026-09-23 14:15:36 +0800
1150923,2026-09-23,上櫃,00719B,元大美債1-3,30.89,+0.03,30.85,30.91,30.85,1934000,59747620,240,TPEX_CSV,2026-09-23 14:15:36 +0800
1150923,2026-09-23,上櫃,00720B,元大投資級公司債,31.97,+0.10,31.87,32.00,31.87,3990000,127480770,503,TPEX_CSV,2026-09-23 14:15:36 +0800
1150923,2026-09-23,上櫃,00722B,群益投資級電信債,34.31,+0.12,34.23,34.34,34.22,6528000,224082770,123,TPEX_CSV,2026-09-23 14:15:36 +0800
1150923,2026-09-23,上櫃,00723B,群益投資級科技債,29.42,+0.05,29.34,29.43,29.32,359000,10550870,20,TPEX_CSV,2026-09-23 14:15:36 +0800
1150923,2026-09-23,上櫃,00724B,群益投資級金融債,32.60,+0.07,32.53,32.63,32.53,4635000,151159960,81,TPEX_CSV,2026-09-23 14:15:36 +0800
1150923,2026-09-23,上櫃,00725B,國泰投資級公司債,34.00,+0.06,33.92,34.04,33.91,2477000,84208340,259,TPEX_CSV,2026-09-23 14:15:36 +0800
1150923,2026-09-23,上櫃,00726B,國泰新興投等債,31.90,+0.05,31.85,31.91,31.84,111000,3540470,8,TPEX_CSV,2026-09-23 14:15:36 +0800
1150923,2026-09-23,上櫃,00727B,國泰優選非投等債,39.13,+0.03,39.08,39.14,39.08,107000,4186730,9,TPEX_CSV,2026-09-23 14:15:36 +0800
1150923,2026-09-23,上櫃,00734B,台新JPM新興債,15.33,+0.02,15.35,15.35,15.33,215000,3298150,15,TPEX_CSV,2026-09-23 14:15:36 +0800
1150923,2026-09-23,上櫃,00740B,富邦全球投等債,37.17,+0.10,37.00,37.22,37.00,1722000,64011040,62,TPEX_CSV,2026-09-23 14:15:36 +0800
1150923,2026-09-23,上櫃,00741B,富邦全球非投等債,36.97,0.00,36.79,36.99,36.79,193000,7130860,17,TPEX_CSV,2026-09-23 14:15:36 +0800
1150923,2026-09-23,上櫃,00746B,富邦A級公司債,34.31,+0.09,34.18,34.32,34.18,881000,30229200,22,TPEX_CSV,2026-09-23 14:15:36 +0800
1150923,2026-09-23,上櫃,00749B,凱基新興債10+,30.68,+0.10,30.78,30.78,30.62,102000,3129400,4,TPEX_CSV,2026-09-23 14:15:36 +0800
1150923,2026-09-23,上櫃,00750B,凱基科技債10+,31.73,+0.07,31.73,31.73,31.73,100000,3173000,2,TPEX_CSV,2026-09-23 14:15:36 +0800
1150923,2026-09-23,上櫃,00751B,元大AAA至A公司債,29.99,+0.07,29.90,30.02,29.90,2017000,60448190,516,TPEX_CSV,2026-09-23 14:15:36 +0800
1150923,2026-09-23,上櫃,00754B,群益AAA-AA公司債,31.43,+0.03,31.40,31.43,31.40,114000,3582330,9,TPEX_CSV,2026-09-23 14:15:36 +0800
1150923,2026-09-23,上櫃,00755B,群益投資級公用債,31.49,+0.02,31.39,31.49,31.39,108000,3396420,8,TPEX_CSV,2026-09-23 14:15:36 +0800
1150923,2026-09-23,上櫃,00756B,群益投等新興公債,30.06,+0.04,29.96,30.06,29.96,171000,5136540,13,TPEX_CSV,2026-09-23 14:15:36 +0800
1150923,2026-09-23,上櫃,00758B,復華能源債,50.00,-0.05,50.05,50.05,50.00,101000,5055000,3,TPEX_CSV,2026-09-23 14:15:36 +0800
1150923,2026-09-23,上櫃,00759B,復華製藥債,52.75,+0.15,52.75,52.75,52.75,100000,5275000,2,TPEX_CSV,2026-09-23 14:15:36 +0800
1150923,2026-09-23,上櫃,00760B,復華新興企業債,51.75,0.00,51.55,51.85,51.55,103000,5340050,5,TPEX_CSV,2026-09-23 14:15:36 +0800
1150923,2026-09-23,上櫃,00761B,國泰A級公司債,33.00,+0.08,32.73,33.04,32.73,220000,7259410,20,TPEX_CSV,2026-09-23 14:15:36 +0800
1150923,2026-09-23,上櫃,00764B,群益25年美債,26.61,+0.08,26.52,26.63,26.52,13380000,356055500,116,TPEX_CSV,2026-09-23 14:15:36 +0800
1150923,2026-09-23,上櫃,00768B,復華20年美債,47.77,+0.11,47.66,47.82,47.66,332000,15852790,25,TPEX_CSV,2026-09-23 14:15:36 +0800
1150923,2026-09-23,上櫃,00772B,中信高評級公司債,32.27,+0.10,32.15,32.30,32.15,2141000,69044170,269,TPEX_CSV,2026-09-23 14:15:36 +0800
1150923,2026-09-23,上櫃,00773B,中信優先金融債,34.48,+0.10,34.34,34.50,34.34,529000,18230520,50,TPEX_CSV,2026-09-23 14:15:36 +0800
1150923,2026-09-23,上櫃,00777B,凱基AAA至A公司債,31.13,+0.06,31.13,31.13,31.13,100000,3113000,2,TPEX_CSV,2026-09-23 14:15:36 +0800
1150923,2026-09-23,上櫃,00778B,凱基金融債20+,33.00,-0.02,33.00,33.00,32.98,102000,3365980,6,TPEX_CSV,2026-09-23 14:15:36 +0800
1150923,2026-09-23,上櫃,00779B,凱基美債25+,26.87,+0.06,26.87,26.87,26.87,105000,2821350,3,TPEX_CSV,2026-09-23 14:15:36 +0800
1150923,2026-09-23,上櫃,00780B,國泰A級金融債,35.99,+0.07,35.92,35.99,35.90,103000,3706740,4,TPEX_CSV,2026-09-23 14:15:36 +0800
1150923,2026-09-23,上櫃,00781B,國泰A級科技債,26.67,+0.10,26.59,26.69,26.59,123000,3280020,14,TPEX_CSV,2026-09-23 14:15:36 +0800
1150923,2026-09-23,上櫃,00782B,國泰A級公用債,29.35,+0.06,29.29,29.40,29.29,159000,4668790,13,TPEX_CSV,2026-09-23 14:15:36 +0800
1150923,2026-09-23,上櫃,00785B,富邦金融投等債,33.79,+0.17,33.62,33.79,33.62,176000,5938070,9,TPEX_CSV,2026-09-23 14:15:36 +0800
1150923,2026-09-23,上櫃,00786B,元大10年IG銀行債,31.47,+0.02,31.47,31.50,31.47,16000,503700,8,TPEX_CSV,2026-09-23 14:15:36 +0800
1150923,2026-09-23,上櫃,00787B,元大10年IG醫療債,31.18,0.00,31.22,31.22,31.18,16000,499480,2,TPEX_CSV,2026-09-23 14:15:36 +0800
1150923,2026-09-23,上櫃,00788B,元大10年IG電能債,29.12,+0.16,29.08,29.12,29.08,5000,145560,4,TPEX_CSV,2026-09-23 14:15:36 +0800
1150923,2026-09-23,上櫃,00789B,復華公司債A3,46.27,+0.19,46.08,46.27,46.08,122000,5638480,5,TPEX_CSV,2026-09-23 14:15:36 +0800
1150923,2026-09-23,上櫃,00791B,復華信用債1-5,56.35,+0.10,56.35,56.35,56.35,103000,5804050,3,TPEX_CSV,2026-09-23 14:15:36 +0800
1150923,2026-09-23,上櫃,00792B,群益A級公司債,30.24,+0.03,30.30,30.32,30.24,53000,1606850,5,TPEX_CSV,2026-09-23 14:15:36 +0800
1150923,2026-09-23,上櫃,00795B,中信美國公債20年,25.78,+0.08,25.70,25.81,25.69,6882000,177238980,258,TPEX_CSV,2026-09-23 14:15:36 +0800
1150923,2026-09-23,上櫃,00799B,國泰A級醫療債,28.51,+0.10,28.41,28.51,28.39,157000,4472510,12,TPEX_CSV,2026-09-23 14:15:36 +0800
1150923,2026-09-23,上櫃,00834B,第一金金融債10+,33.12,+0.13,33.12,33.12,33.12,100000,3312000,2,TPEX_CSV,2026-09-23 14:15:36 +0800
1150923,2026-09-23,上櫃,00836B,永豐10年A公司債,27.53,除息,27.53,27.53,27.53,20000,550600,1,TPEX_CSV,2026-09-23 14:15:36 +0800
1150923,2026-09-23,上櫃,00840B,凱基IG精選15+,28.61,+0.01,28.61,28.61,28.61,100000,2861000,2,TPEX_CSV,2026-09-23 14:15:36 +0800
1150923,2026-09-23,上櫃,00841B,凱基AAA-AA公司債,27.34,-0.05,27.34,27.34,27.34,100000,2734000,2,TPEX_CSV,2026-09-23 14:15:36 +0800
1150923,2026-09-23,上櫃,00842B,台新美元銀行債,29.17,+0.07,29.08,29.17,29.02,178000,5185570,25,TPEX_CSV,2026-09-23 14:15:36 +0800
1150923,2026-09-23,上櫃,00844B,台新15年IG金融債,30.39,+0.05,30.37,30.39,30.27,158000,4799170,9,TPEX_CSV,2026-09-23 14:15:36 +0800
1150923,2026-09-23,上櫃,00845B,富邦新興投等債,32.20,+0.09,32.19,32.20,32.19,110000,3541900,3,TPEX_CSV,2026-09-23 14:15:36 +0800
1150923,2026-09-23,上櫃,00846B,富邦歐洲銀行債,34.78,+0.04,34.57,34.78,34.57,102000,3547340,4,TPEX_CSV,2026-09-23 14:15:36 +0800
1150923,2026-09-23,上櫃,00847B,中信美國市政債,24.22,-0.05,24.20,24.28,24.20,393000,9531360,26,TPEX_CSV,2026-09-23 14:15:36 +0800
1150923,2026-09-23,上櫃,00848B,中信新興亞洲債,33.15,0.00,33.07,33.15,33.07,306000,10140820,8,TPEX_CSV,2026-09-23 14:15:36 +0800
1150923,2026-09-23,上櫃,00849B,中信EM主權債0-5,37.14,+0.01,37.08,37.14,37.08,301000,11178080,7,TPEX_CSV,2026-09-23 14:15:36 +0800
1150923,2026-09-23,上櫃,00853B,統一美債10年Aa-A,26.44,+0.10,26.36,26.46,26.36,1097000,29016530,44,TPEX_CSV,2026-09-23 14:15:36 +0800
1150923,2026-09-23,上櫃,00856B,永豐1-3年美公債,36.99,除息,36.99,36.99,36.99,1000,36990,1,TPEX_CSV,2026-09-23 14:15:36 +0800
1150923,2026-09-23,上櫃,00857B,永豐20年美公債,22.18,除息,22.14,22.18,22.09,880000,19457190,76,TPEX_CSV,2026-09-23 14:15:36 +0800
1150923,2026-09-23,上櫃,00858,永豐美國500大,36.33,+0.09,36.24,36.38,36.24,291000,10562940,119,TPEX_CSV,2026-09-23 14:15:36 +0800
1150923,2026-09-23,上櫃,00859B,群益0-1年美債,40.46,0.00,40.46,40.50,40.42,2113000,85531030,121,TPEX_CSV,2026-09-23 14:15:36 +0800
1150923,2026-09-23,上櫃,00860B,群益1-5Y投資級債,37.61,-0.05,37.65,37.65,37.61,71000,2672340,4,TPEX_CSV,2026-09-23 14:15:36 +0800
1150923,2026-09-23,上櫃,00862B,中信投資級公司債,30.33,+0.08,30.24,30.39,30.24,416000,12609930,15,TPEX_CSV,2026-09-23 14:15:36 +0800
1150923,2026-09-23,上櫃,00863B,中信全球電信債,30.39,-0.01,30.35,30.39,30.34,313000,9504700,10,TPEX_CSV,2026-09-23 14:15:36 +0800
1150923,2026-09-23,上櫃,00864B,中信美國公債0-1,45.98,-0.01,45.94,46.00,45.90,638000,29328300,116,TPEX_CSV,2026-09-23 14:15:36 +0800
1150923,2026-09-23,上櫃,00867B,台新A-BBB電信債,29.44,+0.06,29.44,29.44,29.44,901000,26525440,7,TPEX_CSV,2026-09-23 14:15:36 +0800
1150923,2026-09-23,上櫃,00870B,元大15年EM主權債,27.36,+0.18,27.36,27.36,27.36,1000,27360,1,TPEX_CSV,2026-09-23 14:15:36 +0800
1150923,2026-09-23,上櫃,00877,復華中國5G,38.69,-0.41,39.35,39.35,38.50,1522000,59051440,518,TPEX_CSV,2026-09-23 14:15:36 +0800
1150923,2026-09-23,上櫃,00884B,中信低碳新興債,28.57,+0.09,28.52,28.57,28.52,305000,8711600,7,TPEX_CSV,2026-09-23 14:15:36 +0800
1150923,2026-09-23,上櫃,00886,永豐美國科技,49.46,+0.22,49.46,49.46,49.46,20000,989200,2,TPEX_CSV,2026-09-23 14:15:36 +0800
1150923,2026-09-23,上櫃,00887,永豐中國科技50大,16.12,-0.14,16.39,16.39,16.09,3429000,55488480,750,TPEX_CSV,2026-09-23 14:15:36 +0800
1150923,2026-09-23,上櫃,00888,永豐台灣ESG,36.15,-0.01,36.36,36.45,36.13,4311000,156366310,1576,TPEX_CSV,2026-09-23 14:15:36 +0800
1150923,2026-09-23,上櫃,00890B,凱基ESG BBB債15+,31.09,+0.05,31.13,31.13,31.09,115000,3575950,3,TPEX_CSV,2026-09-23 14:15:36 +0800
1150923,2026-09-23,上櫃,00928,中信上櫃ESG 30,33.43,-0.17,33.60,34.00,33.16,271000,9066800,125,TPEX_CSV,2026-09-23 14:15:36 +0800
1150923,2026-09-23,上櫃,00931B,統一美債20年,12.97,+0.03,12.93,13.00,12.93,3789000,49137490,215,TPEX_CSV,2026-09-23 14:15:36 +0800
1150923,2026-09-23,上櫃,00933B,國泰10Y+金融債,15.40,+0.02,15.38,15.43,15.37,5100000,78534000,662,TPEX_CSV,2026-09-23 14:15:36 +0800
1150923,2026-09-23,上櫃,00937B,群益ESG投等債20+,14.29,+0.03,14.26,14.30,14.24,33052000,471727610,2500,TPEX_CSV,2026-09-23 14:15:36 +0800
1150923,2026-09-23,上櫃,00942B,台新美A公司債20+,13.72,+0.03,13.68,13.72,13.68,543000,7438140,52,TPEX_CSV,2026-09-23 14:15:36 +0800
1150923,2026-09-23,上櫃,00948B,中信優息投資級債,9.12,+0.02,9.10,9.13,9.09,3915000,35668960,229,TPEX_CSV,2026-09-23 14:15:36 +0800
1150923,2026-09-23,上櫃,00950B,凱基A級公司債,13.57,+0.04,13.57,13.58,13.51,2908000,39427290,125,TPEX_CSV,2026-09-23 14:15:36 +0800
1150923,2026-09-23,上櫃,00955,中信日本商社,16.37,+0.08,16.30,16.46,16.30,1223000,20003430,367,TPEX_CSV,2026-09-23 14:15:36 +0800
1150923,2026-09-23,上櫃,00957B,兆豐US優選投等債,12.94,+0.02,12.91,12.95,12.91,186000,2404410,34,TPEX_CSV,2026-09-23 14:15:36 +0800
1150923,2026-09-23,上櫃,00958B,永豐ESG銀行債15+,8.94,除息,8.95,8.95,8.91,556000,4963340,31,TPEX_CSV,2026-09-23 14:15:36 +0800
1150923,2026-09-23,上櫃,00959B,大華投等美債15Y+,9.08,+0.02,9.05,9.08,9.04,408000,3699410,61,TPEX_CSV,2026-09-23 14:15:36 +0800
1150923,2026-09-23,上櫃,00966B,統一ESG投等債15+,13.49,+0.04,13.45,13.49,13.43,1641000,22079890,16,TPEX_CSV,2026-09-23 14:15:36 +0800
1150923,2026-09-23,上櫃,00967B,元大優息美債,8.80,+0.02,8.80,8.81,8.78,163000,1431620,13,TPEX_CSV,2026-09-23 14:15:36 +0800
1150923,2026-09-23,上櫃,00968B,元大優息投等債,8.95,+0.03,8.90,8.95,8.90,2180000,19470270,87,TPEX_CSV,2026-09-23 14:15:36 +0800
1150923,2026-09-23,上櫃,00969B,元大零息超長美債,8.01,+0.01,8.01,8.02,7.97,277000,2214290,25,TPEX_CSV,2026-09-23 14:15:36 +0800
1150923,2026-09-23,上櫃,00970B,台新BBB投等債20+,9.03,+0.02,9.00,9.04,9.00,3048000,27468360,68,TPEX_CSV,2026-09-23 14:15:36 +0800
1150923,2026-09-23,上櫃,009806,台新標普500,13.85,-0.02,13.85,13.85,13.77,714000,9859250,16,TPEX_CSV,2026-09-23 14:15:36 +0800
1150923,2026-09-23,上櫃,009807,台新標普科技精選,17.81,+0.13,17.71,17.81,17.71,176000,3131040,8,TPEX_CSV,2026-09-23 14:15:36 +0800
1150923,2026-09-23,上櫃,00980B,台新特選IG債10+,9.14,+0.02,9.13,9.15,9.13,101000,923550,7,TPEX_CSV,2026-09-23 14:15:36 +0800
1150923,2026-09-23,上櫃,00980D,主動聯博投等入息,19.83,-0.01,19.83,19.84,19.79,861000,17057350,70,TPEX_CSV,2026-09-23 14:15:36 +0800
1150923,2026-09-23,上櫃,00980T,平衡凱基美國TOP,12.15,+0.01,12.14,12.16,12.13,239000,2905370,40,TPEX_CSV,2026-09-23 14:15:36 +0800
1150923,2026-09-23,上櫃,009814,富邦標普500,11.48,+0.01,11.47,11.48,11.45,395000,4530550,141,TPEX_CSV,2026-09-23 14:15:36 +0800
1150923,2026-09-23,上櫃,009815,大華美國MAG7+,12.03,+0.04,12.01,12.04,12.00,1672000,20099310,374,TPEX_CSV,2026-09-23 14:15:36 +0800
1150923,2026-09-23,上櫃,00981B,第一金優選非投債,9.04,0.00,9.04,9.05,9.04,9569000,86529660,878,TPEX_CSV,2026-09-23 14:15:36 +0800
1150923,2026-09-23,上櫃,00981D,主動中信非投等債,10.17,0.00,10.17,10.18,10.15,3383000,34388640,325,TPEX_CSV,2026-09-23 14:15:36 +0800
1150923,2026-09-23,上櫃,009822,華南永昌未來金融,10.01,+0.03,10.00,10.04,10.00,2390000,23957120,269,TPEX_CSV,2026-09-23 14:15:36 +0800
1150923,2026-09-23,上櫃,009823,群益S&P500,10.51,+0.01,10.50,10.53,10.50,4073000,42802730,578,TPEX_CSV,2026-09-23 14:15:36 +0800
1150923,2026-09-23,上櫃,009825,聯邦美國金融創新,10.03,+0.01,10.03,10.03,10.01,1821000,18253740,65,TPEX_CSV,2026-09-23 14:15:36 +0800
1150923,2026-09-23,上櫃,00982B,FT投資級債20+,9.42,+0.04,9.40,9.42,9.40,15000,141230,4,TPEX_CSV,2026-09-23 14:15:36 +0800
1150923,2026-09-23,上櫃,00983B,大華優利美公債20,15.04,+0.06,14.99,15.04,14.99,347000,5207380,15,TPEX_CSV,2026-09-23 14:15:36 +0800
1150923,2026-09-23,上櫃,00984B,大華優利美A債15,15.78,+0.02,15.76,15.82,15.75,477000,7530520,67,TPEX_CSV,2026-09-23 14:15:36 +0800
1150923,2026-09-23,上櫃,00985D,主動貝萊德優投等,9.74,0.00,9.74,9.75,9.73,2273000,22155580,93,TPEX_CSV,2026-09-23 14:15:36 +0800
1150923,2026-09-23,上櫃,00986B,FT金融債10+,9.53,+0.05,9.47,9.53,9.47,86000,817790,8,TPEX_CSV,2026-09-23 14:15:36 +0800
1150923,2026-09-23,上櫃,00986D,主動復華金融債息,14.17,+0.01,14.17,14.18,14.14,294000,4163400,52,TPEX_CSV,2026-09-23 14:15:36 +0800
1150923,2026-09-23,上櫃,00987B,野村10+澳洲公債,15.65,+0.01,15.62,15.65,15.60,715000,11181490,29,TPEX_CSV,2026-09-23 14:15:36 +0800
1150923,2026-09-23,上櫃,00987D,主動統一美債量化,9.91,+0.03,9.88,9.91,9.86,462000,4571690,22,TPEX_CSV,2026-09-23 14:15:36 +0800
1150923,2026-09-23,上櫃,00988B,玉山嚴選非投債,19.33,+0.02,19.32,19.33,19.31,680000,13135240,97,TPEX_CSV,2026-09-23 14:15:36 +0800
1150923,2026-09-23,上櫃,00989B,台新美國非投等債,9.95,+0.02,9.95,9.95,9.93,694000,6896430,80,TPEX_CSV,2026-09-23 14:15:36 +0800
1150923,2026-09-23,上櫃,00990B,國泰收益非投等債,9.88,除息,9.89,9.89,9.86,3032000,29943140,456,TPEX_CSV,2026-09-23 14:15:36 +0800
1150923,2026-09-23,上櫃,00998A,主動復華金融股息,16.84,-0.32,16.99,17.00,16.82,17153000,289208230,5835,TPEX_CSV,2026-09-23 14:15:36 +0800
1150923,2026-09-23,上櫃,1240,茂生農經,54.70,-0.10,55.00,55.00,54.60,9000,492700,7,TPEX_CSV,2026-09-23 14:15:36 +0800
1150923,2026-09-23,上櫃,1259,安心,----,---,----,----,----,0,0,0,TPEX_CSV,2026-09-23 14:15:36 +0800
1150923,2026-09-23,上櫃,1264,德麥,244.50,+0.50,244.00,244.50,242.00,21000,5104000,19,TPEX_CSV,2026-09-23 14:15:36 +0800
1150923,2026-09-23,上櫃,1268,漢來美食,174.50,0.00,175.00,176.00,172.00,31000,5399000,30,TPEX_CSV,2026-09-23 14:15:36 +0800
1150923,2026-09-23,上櫃,1294,漢田生技,50.70,-0.10,50.80,50.80,50.20,17000,855900,11,TPEX_CSV,2026-09-23 14:15:36 +0800
1150923,2026-09-23,上櫃,1295,生合,45.30,+0.55,45.90,45.90,45.00,29000,1312250,25,TPEX_CSV,2026-09-23 14:15:36 +0800
1150923,2026-09-23,上櫃,1336,台翰,16.95,+0.05,17.00,17.20,16.95,114000,1946500,65,TPEX_CSV,2026-09-23 14:15:36 +0800
1150923,2026-09-23,上櫃,1565,精華,96.00,-0.30,96.30,97.10,95.90,66000,6351800,47,TPEX_CSV,2026-09-23 14:15:36 +0800
1150923,2026-09-23,上櫃,1569,濱川,63.30,-0.90,64.20,65.20,63.00,4405000,282168800,2553,TPEX_CSV,2026-09-23 14:15:36 +0800
1150923,2026-09-23,上櫃,1570,力肯,32.50,+0.20,32.30,32.50,32.10,50000,1610150,22,TPEX_CSV,2026-09-23 14:15:36 +0800
1150923,2026-09-23,上櫃,1580,新麥,96.50,-0.10,96.50,96.60,96.40,10000,965000,10,TPEX_CSV,2026-09-23 14:15:36 +0800
1150923,2026-09-23,上櫃,1584,精剛,18.10,0.00,18.20,18.30,17.95,334000,6044500,138,TPEX_CSV,2026-09-23 14:15:36 +0800
1150923,2026-09-23,上櫃,1586,和勤,17.95,0.00,17.95,17.95,17.80,152000,2716000,102,TPEX_CSV,2026-09-23 14:15:36 +0800
1150923,2026-09-23,上櫃,1591,駿吉-KY,41.60,+1.05,41.20,42.00,39.45,389000,15817550,280,TPEX_CSV,2026-09-23 14:15:36 +0800
1150923,2026-09-23,上櫃,1593,祺驊,31.95,+0.05,32.00,32.00,31.95,9000,287950,6,TPEX_CSV,2026-09-23 14:15:36 +0800
1150923,2026-09-23,上櫃,1595,川寶,78.50,除息,77.00,81.50,76.70,6312000,504258600,3709,TPEX_CSV,2026-09-23 14:15:36 +0800
1150923,2026-09-23,上櫃,1599,宏佳騰,23.10,0.00,23.25,23.25,23.10,6000,139150,6,TPEX_CSV,2026-09-23 14:15:36 +0800
1150923,2026-09-23,上櫃,1742,台蠟,17.50,0.00,17.60,17.60,17.35,64000,1116900,15,TPEX_CSV,2026-09-23 14:15:36 +0800
1150923,2026-09-23,上櫃,1777,生泰,74.10,-0.20,74.50,74.50,73.60,67000,4954800,41,TPEX_CSV,2026-09-23 14:15:36 +0800
1150923,2026-09-23,上櫃,1780,立弘,24.85,-0.35,25.05,25.20,24.80,95000,2380800,52,TPEX_CSV,2026-09-23 14:15:36 +0800
1150923,2026-09-23,上櫃,1781,合世,10.05,-0.05,10.10,10.10,10.05,3000,30200,3,TPEX_CSV,2026-09-23 14:15:36 +0800
1150923,2026-09-23,上櫃,1784,訊聯,62.50,+2.10,61.00,62.70,61.00,194000,12012100,172,TPEX_CSV,2026-09-23 14:15:36 +0800
1150923,2026-09-23,上櫃,1785,光洋科,96.50,+0.50,96.40,98.60,96.20,4398000,427012600,3063,TPEX_CSV,2026-09-23 14:15:36 +0800
1150923,2026-09-23,上櫃,1788,杏昌,127.50,0.00,127.50,128.00,127.50,17000,2168500,17,TPEX_CSV,2026-09-23 14:15:36 +0800
1150923,2026-09-23,上櫃,1796,金穎生技,30.00,+0.45,30.30,30.30,29.50,7000,208850,6,TPEX_CSV,2026-09-23 14:15:36 +0800
1150923,2026-09-23,上櫃,1799,易威,28.80,+0.10,28.70,29.00,28.55,30000,863550,28,TPEX_CSV,2026-09-23 14:15:36 +0800
1150923,2026-09-23,上櫃,1813,寶利徠,11.35,-0.15,11.30,11.35,11.30,4000,45350,3,TPEX_CSV,2026-09-23 14:15:36 +0800
1150923,2026-09-23,上櫃,1815,富喬,120.00,-2.00,122.50,124.50,119.50,32320000,3927376500,18338,TPEX_CSV,2026-09-23 14:15:36 +0800
1150923,2026-09-23,上櫃,2035,唐榮,27.00,0.00,26.05,27.00,26.05,17000,454900,9,TPEX_CSV,2026-09-23 14:15:36 +0800
1150923,2026-09-23,上櫃,2061,風青,55.80,+0.70,55.50,56.70,54.90,1591000,88291500,954,TPEX_CSV,2026-09-23 14:15:36 +0800
1150923,2026-09-23,上櫃,2063,世鎧,23.60,-0.30,23.75,23.75,23.60,12000,284050,7,TPEX_CSV,2026-09-23 14:15:36 +0800
1150923,2026-09-23,上櫃,2064,晉椿,11.80,-0.15,11.85,12.00,11.80,10000,118450,10,TPEX_CSV,2026-09-23 14:15:36 +0800
1150923,2026-09-23,上櫃,2065,世豐,35.10,+0.05,35.05,35.25,35.00,50000,1754250,27,TPEX_CSV,2026-09-23 14:15:36 +0800
1150923,2026-09-23,上櫃,2066,世德,52.80,+0.30,53.30,53.30,52.20,58000,3032300,9,TPEX_CSV,2026-09-23 14:15:36 +0800
1150923,2026-09-23,上櫃,2067,嘉鋼,5.51,+0.22,5.57,5.57,5.01,9000,47270,7,TPEX_CSV,2026-09-23 14:15:36 +0800
1150923,2026-09-23,上櫃,2070,精湛,60.80,-0.80,61.60,62.20,60.60,70000,4271700,59,TPEX_CSV,2026-09-23 14:15:36 +0800
1150923,2026-09-23,上櫃,2073,雄順,25.90,+0.05,25.90,25.95,25.90,3000,77750,3,TPEX_CSV,2026-09-23 14:15:36 +0800
1150923,2026-09-23,上櫃,2221,大甲,158.50,+4.50,166.00,168.50,149.50,19970000,3201311000,14647,TPEX_CSV,2026-09-23 14:15:36 +0800
1150923,2026-09-23,上櫃,2230,泰茂,21.25,-0.10,21.35,21.50,21.25,280000,5977000,40,TPEX_CSV,2026-09-23 14:15:36 +0800
1150923,2026-09-23,上櫃,2235,謚源,----,---,----,----,----,0,0,0,TPEX_CSV,2026-09-23 14:15:36 +0800
1150923,2026-09-23,上櫃,2596,綠意,35.00,+0.30,35.10,35.40,34.90,63000,2211900,51,TPEX_CSV,2026-09-23 14:15:36 +0800
1150923,2026-09-23,上櫃,2640,大車隊,157.50,-2.00,159.50,160.00,156.50,38000,6029000,30,TPEX_CSV,2026-09-23 14:15:36 +0800
1150923,2026-09-23,上櫃,2641,正德,17.50,-0.05,17.55,17.65,17.50,986000,17312650,419,TPEX_CSV,2026-09-23 14:15:36 +0800
1150923,2026-09-23,上櫃,2643,捷迅,62.90,0.00,62.90,62.90,62.90,1000,62900,1,TPEX_CSV,2026-09-23 14:15:36 +0800
1150923,2026-09-23,上櫃,2718,全心投控,40.65,-0.45,41.05,41.10,40.65,20000,816050,18,TPEX_CSV,2026-09-23 14:15:36 +0800
1150923,2026-09-23,上櫃,2719,燦星旅,19.55,-0.10,19.60,19.65,19.55,6000,117450,5,TPEX_CSV,2026-09-23 14:15:36 +0800
1150923,2026-09-23,上櫃,2724,藝舍-KY,12.30,+0.05,12.95,12.95,11.65,4000,49800,4,TPEX_CSV,2026-09-23 14:15:36 +0800
1150923,2026-09-23,上櫃,2726,雅茗-KY,8.05,+0.01,8.20,8.20,8.00,51000,412370,25,TPEX_CSV,2026-09-23 14:15:36 +0800
1150923,2026-09-23,上櫃,2729,瓦城,157.50,-1.50,159.50,159.50,157.00,14000,2215000,12,TPEX_CSV,2026-09-23 14:15:36 +0800
1150923,2026-09-23,上櫃,2732,六角,65.00,+2.20,62.20,66.50,62.00,95000,6091100,87,TPEX_CSV,2026-09-23 14:15:36 +0800
1150923,2026-09-23,上櫃,2734,易飛網,14.50,0.00,14.50,14.50,14.40,36000,519100,21,TPEX_CSV,2026-09-23 14:15:36 +0800
1150923,2026-09-23,上櫃,2736,富野,11.25,-0.05,11.35,11.35,11.25,68000,768700,33,TPEX_CSV,2026-09-23 14:15:36 +0800
1150923,2026-09-23,上櫃,2740,華軒,30.85,-0.30,30.85,30.85,30.85,1000,30850,1,TPEX_CSV,2026-09-23 14:15:36 +0800
1150923,2026-09-23,上櫃,2743,山富,54.00,-0.30,55.00,55.00,54.00,31000,1685800,26,TPEX_CSV,2026-09-23 14:15:36 +0800
1150923,2026-09-23,上櫃,2745,五福,84.90,+0.60,84.30,85.10,84.30,87000,7384300,65,TPEX_CSV,2026-09-23 14:15:36 +0800
1150923,2026-09-23,上櫃,2751,王座,54.40,-0.10,54.40,54.40,53.00,4000,216100,4,TPEX_CSV,2026-09-23 14:15:36 +0800
1150923,2026-09-23,上櫃,2752,豆府,178.50,-0.50,179.00,179.00,173.00,13000,2303000,11,TPEX_CSV,2026-09-23 14:15:36 +0800
1150923,2026-09-23,上櫃,2754,亞洲藏壽司,68.60,0.00,69.30,69.30,68.20,21000,1438500,16,TPEX_CSV,2026-09-23 14:15:36 +0800
1150923,2026-09-23,上櫃,2755,揚秦,99.50,0.00,99.50,99.50,99.50,11000,1094500,10,TPEX_CSV,2026-09-23 14:15:36 +0800
1150923,2026-09-23,上櫃,2756,聯發國際,62.90,+0.40,62.50,63.20,61.10,25000,1555300,23,TPEX_CSV,2026-09-23 14:15:36 +0800
1150923,2026-09-23,上櫃,2916,滿心,40.35,+0.05,40.50,40.65,40.25,39000,1577200,33,TPEX_CSV,2026-09-23 14:15:36 +0800
1150923,2026-09-23,上櫃,2924,宏太-KY,19.05,+0.05,19.05,19.05,19.05,1000,19050,1,TPEX_CSV,2026-09-23 14:15:36 +0800
1150923,2026-09-23,上櫃,2926,誠品生活,30.10,+0.10,30.00,30.10,30.00,2000,60100,2,TPEX_CSV,2026-09-23 14:15:36 +0800
1150923,2026-09-23,上櫃,2937,集雅社,----,---,----,----,----,0,0,0,TPEX_CSV,2026-09-23 14:15:36 +0800
1150923,2026-09-23,上櫃,2938,床的世界,18.80,+0.40,18.40,19.00,18.40,223000,4163300,88,TPEX_CSV,2026-09-23 14:15:36 +0800
1150923,2026-09-23,上櫃,2941,米斯特,31.45,-0.15,31.45,31.45,31.45,1000,31450,1,TPEX_CSV,2026-09-23 14:15:36 +0800
1150923,2026-09-23,上櫃,2947,振宇五金,60.40,-0.10,60.50,60.50,60.40,3000,181300,3,TPEX_CSV,2026-09-23 14:15:36 +0800
1150923,2026-09-23,上櫃,2948,寶陞,37.15,+0.50,37.40,37.40,36.10,13000,476600,13,TPEX_CSV,2026-09-23 14:15:36 +0800
1150923,2026-09-23,上櫃,2949,欣新網,----,---,----,----,----,0,0,0,TPEX_CSV,2026-09-23 14:15:36 +0800
1150923,2026-09-23,上櫃,3064,泰偉,----,---,----,----,----,0,0,0,TPEX_CSV,2026-09-23 14:15:36 +0800
1150923,2026-09-23,上櫃,3066,李洲,27.25,-0.80,28.10,29.05,27.25,1457000,40808600,968,TPEX_CSV,2026-09-23 14:15:36 +0800
1150923,2026-09-23,上櫃,3067,全域,16.55,0.00,16.55,16.55,16.55,1000,16550,1,TPEX_CSV,2026-09-23 14:15:36 +0800
1150923,2026-09-23,上櫃,3071,協禧,23.05,0.00,23.15,23.35,23.05,96000,2218250,62,TPEX_CSV,2026-09-23 14:15:36 +0800
1150923,2026-09-23,上櫃,3073,天方能源,20.30,0.00,20.30,20.65,20.30,30000,610650,20,TPEX_CSV,2026-09-23 14:15:36 +0800
1150923,2026-09-23,上櫃,3078,僑威,45.20,-0.45,45.50,45.50,45.00,482000,21771150,307,TPEX_CSV,2026-09-23 14:15:36 +0800
1150923,2026-09-23,上櫃,3081,聯亞,2680.00,-145.00,2825.00,2845.00,2585.00,4144000,11077570000,3745,TPEX_CSV,2026-09-23 14:15:36 +0800
1150923,2026-09-23,上櫃,3083,網龍,22.85,-0.15,22.85,22.85,22.60,18000,409200,16,TPEX_CSV,2026-09-23 14:15:36 +0800
1150923,2026-09-23,上櫃,3085,新零售,11.45,-0.15,11.05,11.45,11.05,8000,89900,6,TPEX_CSV,2026-09-23 14:15:36 +0800
1150923,2026-09-23,上櫃,3086,華義*,28.55,-0.15,28.70,28.90,28.50,48000,1373900,42,TPEX_CSV,2026-09-23 14:15:36 +0800
1150923,2026-09-23,上櫃,3088,艾訊,127.00,-1.00,128.50,129.00,125.50,340000,43164000,276,TPEX_CSV,2026-09-23 14:15:36 +0800
1150923,2026-09-23,上櫃,3093,港建*,44.55,-0.75,45.30,46.00,44.40,138000,6189800,88,TPEX_CSV,2026-09-23 14:15:36 +0800
1150923,2026-09-23,上櫃,3095,及成,33.25,0.00,33.25,33.80,33.25,13000,434050,13,TPEX_CSV,2026-09-23 14:15:36 +0800
1150923,2026-09-23,上櫃,3105,穩懋,497.00,-4.00,507.00,518.00,486.50,26998000,13428295500,20724,TPEX_CSV,2026-09-23 14:15:36 +0800
1150923,2026-09-23,上櫃,3114,好德,31.15,-0.75,32.00,32.60,31.00,169000,5362100,127,TPEX_CSV,2026-09-23 14:15:36 +0800
1150923,2026-09-23,上櫃,3115,富榮綱,8.02,-0.24,8.43,8.43,7.70,33000,260000,22,TPEX_CSV,2026-09-23 14:15:36 +0800
1150923,2026-09-23,上櫃,3118,進階,----,---,----,----,----,0,0,0,TPEX_CSV,2026-09-23 14:15:36 +0800
1150923,2026-09-23,上櫃,3122,笙泉,24.25,+0.40,23.70,24.90,23.40,102000,2417700,65,TPEX_CSV,2026-09-23 14:15:36 +0800
1150923,2026-09-23,上櫃,3128,昇銳,20.25,-0.20,20.65,20.75,20.25,38000,776250,33,TPEX_CSV,2026-09-23 14:15:36 +0800
1150923,2026-09-23,上櫃,3131,弘塑,2365.00,-45.00,2425.00,2445.00,2360.00,224000,535510000,217,TPEX_CSV,2026-09-23 14:15:36 +0800
1150923,2026-09-23,上櫃,3141,晶宏,86.40,-2.80,89.80,90.40,86.00,2479000,217058200,1791,TPEX_CSV,2026-09-23 14:15:36 +0800
1150923,2026-09-23,上櫃,3147,大綜,234.50,+2.50,232.50,236.00,231.50,236000,55098000,198,TPEX_CSV,2026-09-23 14:15:36 +0800
1150923,2026-09-23,上櫃,3152,璟德,220.50,-0.50,221.50,223.00,220.00,46000,10172500,40,TPEX_CSV,2026-09-23 14:15:36 +0800
1150923,2026-09-23,上櫃,3158,嘉實,85.50,-0.10,85.70,85.70,85.50,5000,428000,3,TPEX_CSV,2026-09-23 14:15:36 +0800
1150923,2026-09-23,上櫃,3162,精確,74.70,-0.40,75.20,75.50,74.00,486000,36334600,356,TPEX_CSV,2026-09-23 14:15:36 +0800
1150923,2026-09-23,上櫃,3163,波若威,663.00,-4.00,671.00,671.00,648.00,1233000,810638000,993,TPEX_CSV,2026-09-23 14:15:36 +0800
1150923,2026-09-23,上櫃,3169,亞信,111.00,+4.00,107.50,114.00,107.00,673000,75100500,519,TPEX_CSV,2026-09-23 14:15:36 +0800
1150923,2026-09-23,上櫃,3171,炎洲流通,58.90,-0.50,59.40,59.40,58.60,8000,470800,7,TPEX_CSV,2026-09-23 14:15:36 +0800
1150923,2026-09-23,上櫃,3176,基亞,38.55,+0.20,38.10,38.75,38.05,241000,9242100,196,TPEX_CSV,2026-09-23 14:15:36 +0800
1150923,2026-09-23,上櫃,3178,公準,70.00,-2.50,73.00,73.90,70.00,605000,43200100,467,TPEX_CSV,2026-09-23 14:15:36 +0800
1150923,2026-09-23,上櫃,3188,鑫龍騰,23.50,0.00,23.55,23.65,23.40,146000,3430900,81,TPEX_CSV,2026-09-23 14:15:36 +0800
1150923,2026-09-23,上櫃,3191,雲嘉南,16.60,-0.25,16.40,16.80,16.40,26000,432350,14,TPEX_CSV,2026-09-23 14:15:36 +0800
1150923,2026-09-23,上櫃,3205,佰研,46.65,+0.10,46.55,46.65,46.30,16000,742200,15,TPEX_CSV,2026-09-23 14:15:36 +0800
1150923,2026-09-23,上櫃,3206,志豐,34.95,-0.45,35.50,35.50,34.95,9000,316400,9,TPEX_CSV,2026-09-23 14:15:36 +0800
1150923,2026-09-23,上櫃,3207,耀勝,38.10,+0.10,38.10,38.60,37.85,91000,3472700,58,TPEX_CSV,2026-09-23 14:15:36 +0800
1150923,2026-09-23,上櫃,3211,順達,380.00,-5.00,390.50,390.50,380.00,1762000,674991500,1405,TPEX_CSV,2026-09-23 14:15:36 +0800
1150923,2026-09-23,上櫃,3213,茂訊,124.00,-1.00,125.50,126.00,123.50,65000,8090000,63,TPEX_CSV,2026-09-23 14:15:36 +0800
1150923,2026-09-23,上櫃,3217,優群,130.00,+0.50,131.00,131.00,129.00,133000,17252500,117,TPEX_CSV,2026-09-23 14:15:36 +0800
1150923,2026-09-23,上櫃,3218,大學光,133.50,0.00,133.50,134.00,133.50,111000,14840500,102,TPEX_CSV,2026-09-23 14:15:36 +0800
1150923,2026-09-23,上櫃,3219,倚強科,104.50,-4.00,108.50,110.00,100.00,5909000,612966000,3666,TPEX_CSV,2026-09-23 14:15:36 +0800
1150923,2026-09-23,上櫃,3221,台嘉碩,50.10,+2.10,48.30,50.30,47.55,3066000,152014850,2216,TPEX_CSV,2026-09-23 14:15:36 +0800
1150923,2026-09-23,上櫃,3224,三顧,31.95,+0.05,32.55,32.55,31.25,32000,1016850,30,TPEX_CSV,2026-09-23 14:15:36 +0800
1150923,2026-09-23,上櫃,3226,龍鋒,58.20,+0.20,57.90,58.30,57.70,34000,1974300,22,TPEX_CSV,2026-09-23 14:15:36 +0800
1150923,2026-09-23,上櫃,3227,原相,185.50,+1.50,185.00,186.50,184.00,567000,105046500,522,TPEX_CSV,2026-09-23 14:15:36 +0800
1150923,2026-09-23,上櫃,3228,金麗科,167.00,-4.50,172.00,172.00,166.50,226000,38062500,188,TPEX_CSV,2026-09-23 14:15:36 +0800
1150923,2026-09-23,上櫃,3230,錦明,41.15,-0.15,41.40,42.95,40.70,373000,15493900,241,TPEX_CSV,2026-09-23 14:15:36 +0800
1150923,2026-09-23,上櫃,3232,昱捷,21.20,0.00,21.05,21.85,21.05,31000,659850,12,TPEX_CSV,2026-09-23 14:15:36 +0800
1150923,2026-09-23,上櫃,3234,光環,170.00,-3.00,174.50,174.50,169.00,1404000,239762000,1063,TPEX_CSV,2026-09-23 14:15:36 +0800
1150923,2026-09-23,上櫃,3236,千如,43.70,+0.60,43.80,44.60,43.20,1095000,47971300,866,TPEX_CSV,2026-09-23 14:15:36 +0800
1150923,2026-09-23,上櫃,3252,海灣,15.30,+0.05,15.25,15.30,15.25,55000,838800,9,TPEX_CSV,2026-09-23 14:15:36 +0800
1150923,2026-09-23,上櫃,3259,鑫創,10.35,+0.10,10.20,10.35,10.15,21000,214700,14,TPEX_CSV,2026-09-23 14:15:36 +0800
1150923,2026-09-23,上櫃,3260,威剛,383.00,-1.00,388.50,389.50,382.50,3294000,1266810000,2461,TPEX_CSV,2026-09-23 14:15:36 +0800
1150923,2026-09-23,上櫃,3264,欣銓,252.00,-24.50,273.00,273.50,250.50,28819000,7390167000,17918,TPEX_CSV,2026-09-23 14:15:36 +0800
1150923,2026-09-23,上櫃,3265,台星科,180.00,-9.50,189.00,189.50,179.00,2455000,447030500,1782,TPEX_CSV,2026-09-23 14:15:36 +0800
1150923,2026-09-23,上櫃,3268,海德威,19.60,-0.35,19.95,19.95,19.50,48000,941950,32,TPEX_CSV,2026-09-23 14:15:36 +0800
1150923,2026-09-23,上櫃,3272,東碩,14.00,-0.05,14.00,14.10,13.90,10000,140000,10,TPEX_CSV,2026-09-23 14:15:36 +0800
1150923,2026-09-23,上櫃,3276,宇環,13.85,-0.05,13.90,13.90,13.80,38000,526100,23,TPEX_CSV,2026-09-23 14:15:36 +0800
1150923,2026-09-23,上櫃,3284,太普高,19.75,-0.05,19.70,19.80,19.55,121000,2382450,70,TPEX_CSV,2026-09-23 14:15:36 +0800
1150923,2026-09-23,上櫃,3285,微端,42.35,+0.20,42.15,42.45,41.55,26000,1087800,22,TPEX_CSV,2026-09-23 14:15:36 +0800
1150923,2026-09-23,上櫃,3287,廣寰科,41.35,-1.25,42.60,43.60,41.35,982000,41247600,686,TPEX_CSV,2026-09-23 14:15:36 +0800
1150923,2026-09-23,上櫃,3288,點晶,21.50,+0.05,21.45,22.45,20.65,84000,1812050,73,TPEX_CSV,2026-09-23 14:15:36 +0800
1150923,2026-09-23,上櫃,3289,宜特,136.50,-2.00,138.50,139.50,136.00,589000,80755500,387,TPEX_CSV,2026-09-23 14:15:36 +0800
1150923,2026-09-23,上櫃,3290,東浦,45.75,-0.85,46.20,46.70,45.65,721000,33132850,301,TPEX_CSV,2026-09-23 14:15:36 +0800
1150923,2026-09-23,上櫃,3293,鈊象,729.00,+2.00,728.00,730.00,724.00,750000,545730000,666,TPEX_CSV,2026-09-23 14:15:36 +0800
1150923,2026-09-23,上櫃,3294,英濟,33.70,+3.05,32.00,33.70,32.00,1264000,42282850,577,TPEX_CSV,2026-09-23 14:15:36 +0800
1150923,2026-09-23,上櫃,3297,杭特,33.70,-0.30,34.25,35.45,33.15,601000,20674300,442,TPEX_CSV,2026-09-23 14:15:36 +0800
1150923,2026-09-23,上櫃,3303,岱稜,48.25,-0.10,48.35,48.55,48.25,104000,5029400,80,TPEX_CSV,2026-09-23 14:15:36 +0800
1150923,2026-09-23,上櫃,3306,鼎天,45.90,+0.80,45.10,45.95,45.05,161000,7346400,79,TPEX_CSV,2026-09-23 14:15:36 +0800
1150923,2026-09-23,上櫃,3310,佳穎,68.50,+0.70,68.90,68.90,67.50,9000,612000,6,TPEX_CSV,2026-09-23 14:15:36 +0800
1150923,2026-09-23,上櫃,3313,斐成,10.45,0.00,10.45,10.55,10.45,34000,356500,21,TPEX_CSV,2026-09-23 14:15:36 +0800
1150923,2026-09-23,上櫃,3317,尼克森,66.50,+6.00,63.40,66.50,63.10,9364000,616492600,4617,TPEX_CSV,2026-09-23 14:15:36 +0800
1150923,2026-09-23,上櫃,3322,建舜電,11.25,+0.25,11.05,11.25,10.95,244000,2712750,121,TPEX_CSV,2026-09-23 14:15:36 +0800
1150923,2026-09-23,上櫃,3323,加百裕,27.95,0.00,27.95,28.10,27.80,137000,3819500,85,TPEX_CSV,2026-09-23 14:15:36 +0800
1150923,2026-09-23,上櫃,3324,雙鴻,1595.00,-5.00,1605.00,1630.00,1555.00,3992000,6365900000,3275,TPEX_CSV,2026-09-23 14:15:36 +0800
1150923,2026-09-23,上櫃,3325,旭品,11.85,-0.40,12.10,12.10,11.80,159000,1894500,88,TPEX_CSV,2026-09-23 14:15:36 +0800
1150923,2026-09-23,上櫃,3332,幸康,60.20,0.00,60.20,60.20,60.20,1000,60200,1,TPEX_CSV,2026-09-23 14:15:36 +0800
1150923,2026-09-23,上櫃,3339,泰谷,46.95,+0.85,45.55,46.95,44.55,2053000,93836650,1354,TPEX_CSV,2026-09-23 14:15:36 +0800
1150923,2026-09-23,上櫃,3349,寶德,19.20,-0.50,19.40,19.75,19.20,93000,1791950,37,TPEX_CSV,2026-09-23 14:15:36 +0800
1150923,2026-09-23,上櫃,3354,律勝,28.15,-0.65,28.90,28.95,27.60,899000,25354350,654,TPEX_CSV,2026-09-23 14:15:36 +0800
1150923,2026-09-23,上櫃,3357,臺慶科,206.00,-4.50,209.50,214.50,206.00,713000,148567000,559,TPEX_CSV,2026-09-23 14:15:36 +0800
1150923,2026-09-23,上櫃,3360,尚立,15.05,+0.05,15.05,15.15,14.90,208000,3118150,110,TPEX_CSV,2026-09-23 14:15:36 +0800
1150923,2026-09-23,上櫃,3362,先進光,170.00,-2.50,172.50,174.50,170.00,830000,142227000,673,TPEX_CSV,2026-09-23 14:15:36 +0800
1150923,2026-09-23,上櫃,3363,上詮,643.00,-17.00,660.00,665.00,631.00,2873000,1850014000,2342,TPEX_CSV,2026-09-23 14:15:36 +0800
1150923,2026-09-23,上櫃,3372,典範,15.90,-0.30,16.20,16.55,15.90,457000,7367350,237,TPEX_CSV,2026-09-23 14:15:36 +0800
1150923,2026-09-23,上櫃,3373,熱映,16.00,+0.10,16.00,16.00,15.85,22000,350650,17,TPEX_CSV,2026-09-23 14:15:36 +0800
1150923,2026-09-23,上櫃,3374,精材,472.00,-15.00,486.00,486.00,463.00,17529000,8278321000,13147,TPEX_CSV,2026-09-23 14:15:36 +0800
1150923,2026-09-23,上櫃,3379,彬台,27.50,0.00,28.20,28.25,27.15,46000,1272800,39,TPEX_CSV,2026-09-23 14:15:36 +0800
1150923,2026-09-23,上櫃,3388,崇越電,81.10,-0.70,82.10,82.20,81.10,280000,22809200,224,TPEX_CSV,2026-09-23 14:15:36 +0800
1150923,2026-09-23,上櫃,3390,旭軟,21.90,+0.10,21.80,21.90,21.70,96000,2095900,60,TPEX_CSV,2026-09-23 14:15:36 +0800
1150923,2026-09-23,上櫃,3402,漢科,129.00,+2.50,128.00,130.50,126.50,352000,45389500,288,TPEX_CSV,2026-09-23 14:15:36 +0800
1150923,2026-09-23,上櫃,3430,奇鈦科,106.50,0.00,108.50,108.50,106.00,115000,12335000,109,TPEX_CSV,2026-09-23 14:15:36 +0800
1150923,2026-09-23,上櫃,3434,哲固,31.70,-0.55,32.35,32.40,31.70,65000,2082000,60,TPEX_CSV,2026-09-23 14:15:36 +0800
1150923,2026-09-23,上櫃,3438,類比科,61.60,-0.50,62.10,63.30,61.50,55000,3407400,51,TPEX_CSV,2026-09-23 14:15:36 +0800
1150923,2026-09-23,上櫃,3441,聯一光,177.50,-3.50,180.50,180.50,175.50,696000,123304000,616,TPEX_CSV,2026-09-23 14:15:36 +0800
1150923,2026-09-23,上櫃,3444,利機,80.20,+0.50,80.50,81.40,79.70,111000,8934300,92,TPEX_CSV,2026-09-23 14:15:36 +0800
1150923,2026-09-23,上櫃,3455,由田,244.00,-3.50,248.00,252.00,244.00,637000,157238000,545,TPEX_CSV,2026-09-23 14:15:36 +0800
1150923,2026-09-23,上櫃,3465,進泰電子,29.60,+0.50,28.80,29.60,28.25,80000,2303150,65,TPEX_CSV,2026-09-23 14:15:36 +0800
1150923,2026-09-23,上櫃,3466,德晉,24.25,+0.05,24.20,24.30,24.10,80000,1935500,61,TPEX_CSV,2026-09-23 14:15:36 +0800
1150923,2026-09-23,上櫃,3467,台灣精材,86.50,+1.70,88.80,88.80,85.00,858000,74401200,640,TPEX_CSV,2026-09-23 14:15:36 +0800
1150923,2026-09-23,上櫃,3479,安勤,130.50,+1.00,130.50,131.50,128.00,379000,49180000,312,TPEX_CSV,2026-09-23 14:15:36 +0800
1150923,2026-09-23,上櫃,3483,力致,76.60,-1.30,77.90,79.50,76.60,246000,19048700,210,TPEX_CSV,2026-09-23 14:15:36 +0800
1150923,2026-09-23,上櫃,3484,崧騰,45.90,+0.35,45.95,45.95,45.60,60000,2741700,44,TPEX_CSV,2026-09-23 14:15:36 +0800
1150923,2026-09-23,上櫃,3485,敘豐,198.00,-1.00,202.00,202.00,198.00,46000,9179500,41,TPEX_CSV,2026-09-23 14:15:36 +0800
1150923,2026-09-23,上櫃,3489,森寶,22.75,+0.10,22.70,23.30,22.70,180000,4146750,73,TPEX_CSV,2026-09-23 14:15:36 +0800
1150923,2026-09-23,上櫃,3490,單井,44.15,-1.35,45.65,45.95,44.10,2384000,106844000,1480,TPEX_CSV,2026-09-23 14:15:36 +0800
1150923,2026-09-23,上櫃,3491,昇達科,1565.00,+85.00,1490.00,1575.00,1490.00,1805000,2806870000,1523,TPEX_CSV,2026-09-23 14:15:36 +0800
1150923,2026-09-23,上櫃,3492,長盛,19.20,0.00,19.20,19.20,18.95,39000,742750,18,TPEX_CSV,2026-09-23 14:15:36 +0800
1150923,2026-09-23,上櫃,3498,陽程,199.00,-6.50,205.00,209.50,197.50,2085000,421703500,1668,TPEX_CSV,2026-09-23 14:15:36 +0800
1150923,2026-09-23,上櫃,3499,環天科,13.30,-0.10,13.40,13.40,13.25,26000,345350,18,TPEX_CSV,2026-09-23 14:15:36 +0800
1150923,2026-09-23,上櫃,3508,位速,24.95,-1.55,26.50,26.50,24.85,696000,17511700,419,TPEX_CSV,2026-09-23 14:15:36 +0800
1150923,2026-09-23,上櫃,3511,矽瑪,19.30,-0.45,19.55,19.65,19.05,90000,1745450,68,TPEX_CSV,2026-09-23 14:15:36 +0800
1150923,2026-09-23,上櫃,3512,皇龍,19.25,-0.05,19.30,19.30,19.10,26000,500100,16,TPEX_CSV,2026-09-23 14:15:36 +0800
1150923,2026-09-23,上櫃,3516,亞帝歐,25.45,+0.20,25.45,25.45,25.15,4000,101500,4,TPEX_CSV,2026-09-23 14:15:36 +0800
1150923,2026-09-23,上櫃,3520,華盈,17.20,-0.10,17.35,17.35,17.05,112000,1930150,64,TPEX_CSV,2026-09-23 14:15:36 +0800
1150923,2026-09-23,上櫃,3521,台鋼建設,11.80,-0.20,11.95,12.00,11.80,50000,594900,20,TPEX_CSV,2026-09-23 14:15:36 +0800
1150923,2026-09-23,上櫃,3522,御嵿,12.80,-0.20,13.00,13.00,12.80,100000,1284600,50,TPEX_CSV,2026-09-23 14:15:36 +0800
1150923,2026-09-23,上櫃,3523,迎輝,15.00,0.00,15.00,15.00,15.00,38000,570000,8,TPEX_CSV,2026-09-23 14:15:36 +0800
1150923,2026-09-23,上櫃,3526,凡甲,269.00,-2.50,271.50,272.50,269.00,143000,38717000,123,TPEX_CSV,2026-09-23 14:15:36 +0800
1150923,2026-09-23,上櫃,3527,聚積,51.20,+0.10,51.60,51.70,51.20,40000,2060600,23,TPEX_CSV,2026-09-23 14:15:36 +0800
1150923,2026-09-23,上櫃,3529,力旺,3305.00,+195.00,3190.00,3350.00,3020.00,3246000,10401910000,2884,TPEX_CSV,2026-09-23 14:15:36 +0800
1150923,2026-09-23,上櫃,3531,先益,20.90,-0.30,20.85,21.15,20.75,7000,146150,7,TPEX_CSV,2026-09-23 14:15:36 +0800
1150923,2026-09-23,上櫃,3537,堡達,52.90,0.00,52.90,53.60,52.70,84000,4455300,73,TPEX_CSV,2026-09-23 14:15:36 +0800
1150923,2026-09-23,上櫃,3540,曜越,23.05,+0.05,23.00,23.10,22.80,107000,2453450,81,TPEX_CSV,2026-09-23 14:15:36 +0800
1150923,2026-09-23,上櫃,3541,西柏,24.60,0.00,25.50,25.80,24.60,646000,16121200,356,TPEX_CSV,2026-09-23 14:15:36 +0800
1150923,2026-09-23,上櫃,3546,宇峻,72.30,-0.20,72.50,72.90,72.20,108000,7831900,78,TPEX_CSV,2026-09-23 14:15:36 +0800
1150923,2026-09-23,上櫃,3548,兆利,77.70,-1.10,78.30,78.90,77.70,153000,11960100,126,TPEX_CSV,2026-09-23 14:15:36 +0800
1150923,2026-09-23,上櫃,3551,世禾,183.50,+1.00,183.50,186.00,182.00,1293000,238392500,774,TPEX_CSV,2026-09-23 14:15:36 +0800
1150923,2026-09-23,上櫃,3552,同致,43.05,+3.90,39.55,43.05,39.55,1269000,54114450,625,TPEX_CSV,2026-09-23 14:15:36 +0800
1150923,2026-09-23,上櫃,3555,博士旺,171.50,-0.50,174.50,177.50,171.50,33000,5705500,33,TPEX_CSV,2026-09-23 14:15:36 +0800
1150923,2026-09-23,上櫃,3556,禾瑞亞,56.60,-0.50,57.10,57.10,56.50,128000,7274900,84,TPEX_CSV,2026-09-23 14:15:36 +0800
1150923,2026-09-23,上櫃,3558,神準,122.50,-1.50,123.00,123.00,122.00,31000,3795500,31,TPEX_CSV,2026-09-23 14:15:36 +0800
1150923,2026-09-23,上櫃,3564,其陽,48.10,-0.90,49.40,49.40,47.55,221000,10642900,153,TPEX_CSV,2026-09-23 14:15:36 +0800
1150923,2026-09-23,上櫃,3567,逸昌,25.65,+0.15,25.60,25.95,25.45,57000,1462850,44,TPEX_CSV,2026-09-23 14:15:36 +0800
1150923,2026-09-23,上櫃,3570,大塚,167.50,-0.50,167.50,167.50,167.00,14000,2340500,14,TPEX_CSV,2026-09-23 14:15:36 +0800
1150923,2026-09-23,上櫃,3577,泓格,114.00,-1.50,116.00,116.50,114.00,115000,13230000,91,TPEX_CSV,2026-09-23 14:15:36 +0800
1150923,2026-09-23,上櫃,3580,友威科,99.70,-1.80,102.50,105.50,99.00,1043000,105679600,758,TPEX_CSV,2026-09-23 14:15:36 +0800
1150923,2026-09-23,上櫃,3581,博磊,105.00,+4.00,103.00,106.00,102.50,212000,21996500,178,TPEX_CSV,2026-09-23 14:15:36 +0800
1150923,2026-09-23,上櫃,3587,閎康,236.00,-3.00,239.50,241.00,236.00,236000,56128000,205,TPEX_CSV,2026-09-23 14:15:36 +0800
1150923,2026-09-23,上櫃,3594,磐儀,46.60,-0.05,46.80,47.45,46.10,374000,17448150,270,TPEX_CSV,2026-09-23 14:15:36 +0800
1150923,2026-09-23,上櫃,3597,映興,28.35,+1.30,27.50,28.70,27.10,278000,7830950,190,TPEX_CSV,2026-09-23 14:15:36 +0800
1150923,2026-09-23,上櫃,3609,三一東林,23.55,0.00,22.95,24.40,22.90,108000,2570800,82,TPEX_CSV,2026-09-23 14:15:36 +0800
1150923,2026-09-23,上櫃,3611,鼎翰,183.00,+0.50,182.50,183.00,182.50,10000,1825500,9,TPEX_CSV,2026-09-23 14:15:36 +0800
1150923,2026-09-23,上櫃,3615,安可,38.30,+0.85,37.45,41.10,37.45,2186000,85983600,1591,TPEX_CSV,2026-09-23 14:15:36 +0800
1150923,2026-09-23,上櫃,3623,富晶通,27.70,-0.30,28.35,28.45,27.70,162000,4552550,107,TPEX_CSV,2026-09-23 14:15:36 +0800
1150923,2026-09-23,上櫃,3624,光頡,134.00,+12.00,122.00,134.00,122.00,23086000,2989488500,14339,TPEX_CSV,2026-09-23 14:15:36 +0800
1150923,2026-09-23,上櫃,3625,西勝,11.75,+0.30,11.40,11.85,11.30,77000,879900,33,TPEX_CSV,2026-09-23 14:15:36 +0800
1150923,2026-09-23,上櫃,3628,盈正,74.30,+1.50,72.60,74.50,72.20,76000,5578700,70,TPEX_CSV,2026-09-23 14:15:36 +0800
1150923,2026-09-23,上櫃,3629,地心引力,----,---,----,----,----,0,0,0,TPEX_CSV,2026-09-23 14:15:36 +0800
1150923,2026-09-23,上櫃,3630,新鉅科,27.05,+1.05,26.30,27.95,26.05,1620000,43964300,947,TPEX_CSV,2026-09-23 14:15:36 +0800
1150923,2026-09-23,上櫃,3631,晟楠,40.30,+0.40,40.00,40.80,40.00,148000,5966000,102,TPEX_CSV,2026-09-23 14:15:36 +0800
1150923,2026-09-23,上櫃,3632,研勤,7.20,+0.01,7.19,7.20,7.19,27000,194380,18,TPEX_CSV,2026-09-23 14:15:36 +0800
1150923,2026-09-23,上櫃,3646,艾恩特,24.70,+0.15,24.80,24.85,24.35,16000,393400,13,TPEX_CSV,2026-09-23 14:15:36 +0800
1150923,2026-09-23,上櫃,3663,鑫科,60.70,+0.10,61.40,61.40,60.60,212000,12908400,161,TPEX_CSV,2026-09-23 14:15:36 +0800
1150923,2026-09-23,上櫃,3664,安瑞-KY,8.90,+0.65,8.25,9.00,8.25,103000,911240,34,TPEX_CSV,2026-09-23 14:15:36 +0800
1150923,2026-09-23,上櫃,3666,光耀,25.20,+0.05,25.15,25.30,25.00,23000,578650,19,TPEX_CSV,2026-09-23 14:15:36 +0800
1150923,2026-09-23,上櫃,3672,康聯訊,11.95,-0.05,11.90,11.95,11.80,13000,154000,7,TPEX_CSV,2026-09-23 14:15:36 +0800
1150923,2026-09-23,上櫃,3675,德微,332.00,+30.00,309.00,332.00,307.50,3228000,1037699000,2599,TPEX_CSV,2026-09-23 14:15:36 +0800
1150923,2026-09-23,上櫃,3680,家登,528.00,-10.00,542.00,545.00,528.00,791000,421307000,729,TPEX_CSV,2026-09-23 14:15:36 +0800
1150923,2026-09-23,上櫃,3684,榮昌,----,---,----,----,----,0,0,0,TPEX_CSV,2026-09-23 14:15:36 +0800
1150923,2026-09-23,上櫃,3685,元創精密,35.10,-0.55,35.60,35.60,34.50,187000,6519700,113,TPEX_CSV,2026-09-23 14:15:36 +0800
1150923,2026-09-23,上櫃,3687,歐買尬,60.60,-0.40,61.80,61.80,60.60,42000,2558400,39,TPEX_CSV,2026-09-23 14:15:36 +0800
1150923,2026-09-23,上櫃,3689,湧德,109.50,+1.50,108.50,110.00,108.50,393000,42908000,256,TPEX_CSV,2026-09-23 14:15:36 +0800
1150923,2026-09-23,上櫃,3691,碩禾,121.50,+11.00,118.50,121.50,117.00,1724000,207995500,759,TPEX_CSV,2026-09-23 14:15:36 +0800
1150923,2026-09-23,上櫃,3693,營邦,732.00,+32.00,706.00,738.00,705.00,2335000,1692291000,1901,TPEX_CSV,2026-09-23 14:15:36 +0800
1150923,2026-09-23,上櫃,3707,漢磊,70.20,+0.70,70.90,76.40,69.80,55452000,4077123000,28345,TPEX_CSV,2026-09-23 14:15:36 +0800
1150923,2026-09-23,上櫃,3709,鑫聯大投控,63.30,-0.20,64.40,64.40,63.30,138000,8769300,108,TPEX_CSV,2026-09-23 14:15:36 +0800
1150923,2026-09-23,上櫃,3710,連展投控,7.75,+0.03,7.58,7.75,7.50,243000,1841030,129,TPEX_CSV,2026-09-23 14:15:36 +0800
1150923,2026-09-23,上櫃,3713,新晶投控,14.10,+0.05,14.20,14.20,13.90,34000,475950,20,TPEX_CSV,2026-09-23 14:15:36 +0800
1150923,2026-09-23,上櫃,3718,中光電投控,64.70,-1.50,66.20,66.70,64.70,1363000,89075100,973,TPEX_CSV,2026-09-23 14:15:36 +0800
1150923,2026-09-23,上櫃,4102,永日,18.70,-0.05,18.55,18.75,18.50,19000,353950,13,TPEX_CSV,2026-09-23 14:15:36 +0800
1150923,2026-09-23,上櫃,4105,東洋,78.70,-0.30,79.10,79.10,78.50,219000,17248800,178,TPEX_CSV,2026-09-23 14:15:36 +0800
1150923,2026-09-23,上櫃,4107,邦特,110.50,-0.50,112.00,112.00,110.00,49000,5421000,45,TPEX_CSV,2026-09-23 14:15:36 +0800
1150923,2026-09-23,上櫃,4109,加捷生醫,11.05,除息,10.95,11.05,10.90,145000,1592400,65,TPEX_CSV,2026-09-23 14:15:36 +0800
1150923,2026-09-23,上櫃,4111,濟生,28.80,-0.05,28.80,28.90,28.50,86000,2461800,46,TPEX_CSV,2026-09-23 14:15:36 +0800
1150923,2026-09-23,上櫃,4113,聯上,15.65,0.00,15.70,15.70,15.60,76000,1188750,38,TPEX_CSV,2026-09-23 14:15:36 +0800
1150923,2026-09-23,上櫃,4114,健喬,29.60,0.00,29.80,29.80,29.55,323000,9575400,163,TPEX_CSV,2026-09-23 14:15:36 +0800
1150923,2026-09-23,上櫃,4116,明基醫,39.40,0.00,39.45,39.45,39.40,13000,512500,11,TPEX_CSV,2026-09-23 14:15:36 +0800
1150923,2026-09-23,上櫃,4120,友華,46.10,+0.10,46.15,46.15,45.50,43000,1965300,23,TPEX_CSV,2026-09-23 14:15:36 +0800
1150923,2026-09-23,上櫃,4121,優盛,12.60,-0.05,12.65,12.65,12.60,24000,302850,19,TPEX_CSV,2026-09-23 14:15:36 +0800
1150923,2026-09-23,上櫃,4123,晟德,31.50,+0.50,31.00,31.50,30.85,1343000,41927450,780,TPEX_CSV,2026-09-23 14:15:36 +0800
1150923,2026-09-23,上櫃,4126,太醫,77.90,+0.20,77.80,78.00,77.80,9000,701600,9,TPEX_CSV,2026-09-23 14:15:36 +0800
1150923,2026-09-23,上櫃,4127,天良,49.60,-4.60,51.40,52.90,49.00,629000,31851200,441,TPEX_CSV,2026-09-23 14:15:36 +0800
1150923,2026-09-23,上櫃,4128,中天,14.85,+0.20,14.60,14.85,14.60,753000,11113450,392,TPEX_CSV,2026-09-23 14:15:36 +0800
1150923,2026-09-23,上櫃,4129,聯合,82.90,+0.90,82.50,82.90,82.20,42000,3468500,36,TPEX_CSV,2026-09-23 14:15:36 +0800
1150923,2026-09-23,上櫃,4131,浩泰,32.30,+1.10,31.00,32.30,31.00,12000,374100,10,TPEX_CSV,2026-09-23 14:15:36 +0800
1150923,2026-09-23,上櫃,4138,曜亞,55.90,+1.00,54.90,55.90,54.90,38000,2108700,33,TPEX_CSV,2026-09-23 14:15:36 +0800
1150923,2026-09-23,上櫃,4139,馬光-KY,41.50,+0.50,40.50,41.55,40.50,32000,1304900,29,TPEX_CSV,2026-09-23 14:15:36 +0800
1150923,2026-09-23,上櫃,4147,中裕,64.90,-0.30,65.00,66.50,64.90,1702000,111638500,727,TPEX_CSV,2026-09-23 14:15:36 +0800
1150923,2026-09-23,上櫃,4153,鈺緯,32.10,-0.05,31.85,32.10,31.35,12000,380400,11,TPEX_CSV,2026-09-23 14:15:36 +0800
1150923,2026-09-23,上櫃,4154,樂威科-KY,11.85,+0.35,11.50,12.25,11.50,27000,313550,8,TPEX_CSV,2026-09-23 14:15:36 +0800
1150923,2026-09-23,上櫃,4157,太景*-KY,8.87,-0.01,8.99,9.02,8.87,1123000,10037840,340,TPEX_CSV,2026-09-23 14:15:36 +0800
1150923,2026-09-23,上櫃,4160,訊聯基因,39.75,+0.05,39.70,40.35,39.70,67000,2677700,45,TPEX_CSV,2026-09-23 14:15:36 +0800
1150923,2026-09-23,上櫃,4161,聿新科,22.20,+0.05,22.25,22.45,22.00,30000,665650,25,TPEX_CSV,2026-09-23 14:15:36 +0800
1150923,2026-09-23,上櫃,4162,智擎,56.20,-0.10,56.20,56.60,56.00,296000,16655300,192,TPEX_CSV,2026-09-23 14:15:36 +0800
1150923,2026-09-23,上櫃,4163,鐿鈦,133.00,0.00,134.00,134.00,133.00,10000,1332500,10,TPEX_CSV,2026-09-23 14:15:36 +0800
1150923,2026-09-23,上櫃,4166,友霖,24.20,-0.05,24.25,24.45,24.00,54000,1304550,39,TPEX_CSV,2026-09-23 14:15:36 +0800
1150923,2026-09-23,上櫃,4167,松瑞藥,19.70,-0.05,19.80,19.90,19.70,628000,12409900,283,TPEX_CSV,2026-09-23 14:15:36 +0800
1150923,2026-09-23,上櫃,4168,醣聯,21.45,-0.15,21.60,21.60,21.35,75000,1611200,46,TPEX_CSV,2026-09-23 14:15:36 +0800
1150923,2026-09-23,上櫃,4171,瑞基,16.35,-0.10,16.50,16.50,16.30,27000,444050,14,TPEX_CSV,2026-09-23 14:15:36 +0800
1150923,2026-09-23,上櫃,4173,久裕,17.20,-0.20,17.40,17.40,17.15,16000,275850,13,TPEX_CSV,2026-09-23 14:15:36 +0800
1150923,2026-09-23,上櫃,4174,浩鼎,32.60,+2.95,29.25,32.60,29.00,2866000,91503700,1582,TPEX_CSV,2026-09-23 14:15:36 +0800
1150923,2026-09-23,上櫃,4175,杏一,51.50,+0.50,51.30,51.50,51.30,9000,462900,9,TPEX_CSV,2026-09-23 14:15:36 +0800
1150923,2026-09-23,上櫃,4183,福永生技,14.25,+0.60,13.85,14.25,13.85,16000,225500,15,TPEX_CSV,2026-09-23 14:15:36 +0800
1150923,2026-09-23,上櫃,4188,安克,14.85,+1.35,13.50,14.85,13.15,612000,9009850,223,TPEX_CSV,2026-09-23 14:15:36 +0800
1150923,2026-09-23,上櫃,4192,杏國,18.15,+0.05,18.15,18.15,18.15,1000,18150,1,TPEX_CSV,2026-09-23 14:15:36 +0800
1150923,2026-09-23,上櫃,4198,欣大健康,49.40,0.00,49.10,49.40,47.50,20000,980100,17,TPEX_CSV,2026-09-23 14:15:36 +0800
1150923,2026-09-23,上櫃,4205,中華食,68.90,+0.10,68.80,68.90,68.60,26000,1787200,24,TPEX_CSV,2026-09-23 14:15:36 +0800
1150923,2026-09-23,上櫃,4207,環泰,19.70,+0.35,19.45,19.70,19.40,60000,1170700,31,TPEX_CSV,2026-09-23 14:15:36 +0800
1150923,2026-09-23,上櫃,4303,信立,34.65,0.00,34.65,35.10,34.45,402000,13988500,285,TPEX_CSV,2026-09-23 14:15:36 +0800
1150923,2026-09-23,上櫃,4304,勝昱,18.75,-2.05,22.10,22.15,18.75,406000,8002300,232,TPEX_CSV,2026-09-23 14:15:36 +0800
1150923,2026-09-23,上櫃,4305,世坤,----,---,----,----,----,0,0,0,TPEX_CSV,2026-09-23 14:15:36 +0800
1150923,2026-09-23,上櫃,4401,東隆興,13.85,0.00,13.95,13.95,13.65,43000,589950,29,TPEX_CSV,2026-09-23 14:15:36 +0800
1150923,2026-09-23,上櫃,4402,郡都開發,13.90,+0.15,13.60,13.90,13.40,22000,300300,18,TPEX_CSV,2026-09-23 14:15:36 +0800
1150923,2026-09-23,上櫃,4406,新昕纖,10.20,-0.05,10.25,10.25,10.20,15000,153500,5,TPEX_CSV,2026-09-23 14:15:36 +0800
1150923,2026-09-23,上櫃,4413,飛寶企業,20.80,+0.95,19.85,21.00,19.80,99000,2039900,54,TPEX_CSV,2026-09-23 14:15:36 +0800
1150923,2026-09-23,上櫃,4416,三圓,14.10,+0.60,13.50,14.50,13.05,2095000,29181050,1212,TPEX_CSV,2026-09-23 14:15:36 +0800
1150923,2026-09-23,上櫃,4417,金洲,49.55,-0.45,49.80,49.80,49.40,52000,2577450,46,TPEX_CSV,2026-09-23 14:15:36 +0800
1150923,2026-09-23,上櫃,4419,皇家美食,46.70,+0.90,46.00,46.70,45.20,38000,1757250,36,TPEX_CSV,2026-09-23 14:15:36 +0800
1150923,2026-09-23,上櫃,4420,光明,35.70,-0.45,35.50,36.00,35.50,18000,641400,18,TPEX_CSV,2026-09-23 14:15:36 +0800
1150923,2026-09-23,上櫃,4430,耀億,17.20,-0.25,17.45,17.45,17.15,38000,656800,37,TPEX_CSV,2026-09-23 14:15:36 +0800
1150923,2026-09-23,上櫃,4432,銘旺實,15.55,0.00,15.40,15.60,15.30,54000,832150,31,TPEX_CSV,2026-09-23 14:15:36 +0800
1150923,2026-09-23,上櫃,4433,興采,18.30,-0.20,18.40,18.40,18.20,57000,1043800,38,TPEX_CSV,2026-09-23 14:15:36 +0800
1150923,2026-09-23,上櫃,4442,竣邦-KY,54.10,+0.50,53.80,54.60,53.80,13000,704400,13,TPEX_CSV,2026-09-23 14:15:36 +0800
1150923,2026-09-23,上櫃,4502,健信,15.70,-0.05,15.65,15.70,15.65,9000,141000,9,TPEX_CSV,2026-09-23 14:15:36 +0800
1150923,2026-09-23,上櫃,4503,金雨,24.05,+0.75,23.30,24.40,23.20,278000,6589300,159,TPEX_CSV,2026-09-23 14:15:36 +0800
1150923,2026-09-23,上櫃,4506,崇友,118.00,0.00,118.00,118.50,118.00,35000,4136500,33,TPEX_CSV,2026-09-23 14:15:36 +0800
1150923,2026-09-23,上櫃,4510,高鋒,43.50,-0.45,44.10,44.10,43.50,271000,11846450,200,TPEX_CSV,2026-09-23 14:15:36 +0800
1150923,2026-09-23,上櫃,4513,福裕,16.45,-0.30,16.75,16.80,16.45,174000,2879100,126,TPEX_CSV,2026-09-23 14:15:36 +0800
1150923,2026-09-23,上櫃,4523,永彰,23.70,+0.05,23.75,23.95,23.70,43000,1020800,19,TPEX_CSV,2026-09-23 14:15:36 +0800
1150923,2026-09-23,上櫃,4527,方土霖,40.90,+0.10,40.80,40.90,40.80,12000,490700,9,TPEX_CSV,2026-09-23 14:15:36 +0800
1150923,2026-09-23,上櫃,4528,江興鍛,15.00,+0.15,14.90,15.00,14.90,3000,44800,3,TPEX_CSV,2026-09-23 14:15:36 +0800
1150923,2026-09-23,上櫃,4529,淳紳,3.28,-0.13,3.38,3.38,3.23,48000,157040,17,TPEX_CSV,2026-09-23 14:15:36 +0800
1150923,2026-09-23,上櫃,4530,天意能創,25.00,+0.80,25.00,25.00,25.00,1000,25000,1,TPEX_CSV,2026-09-23 14:15:36 +0800
1150923,2026-09-23,上櫃,4533,協易機,25.15,+0.25,24.80,25.15,24.55,1094000,27098400,468,TPEX_CSV,2026-09-23 14:15:36 +0800
1150923,2026-09-23,上櫃,4534,慶騰,31.50,+0.90,30.50,32.25,30.15,829000,25932050,507,TPEX_CSV,2026-09-23 14:15:36 +0800
1150923,2026-09-23,上櫃,4535,至興,27.10,+0.10,27.00,27.10,27.00,107000,2899600,2,TPEX_CSV,2026-09-23 14:15:36 +0800
1150923,2026-09-23,上櫃,4538,大詠城,17.50,0.00,17.55,17.60,17.50,10000,175450,9,TPEX_CSV,2026-09-23 14:15:36 +0800
1150923,2026-09-23,上櫃,4541,晟田,59.30,-0.80,60.20,60.20,58.60,952000,56338200,664,TPEX_CSV,2026-09-23 14:15:36 +0800
1150923,2026-09-23,上櫃,4542,科嶠,331.50,-1.00,325.50,335.00,317.00,2838000,927514000,2241,TPEX_CSV,2026-09-23 14:15:36 +0800
1150923,2026-09-23,上櫃,4543,萬在,28.35,-0.20,28.70,28.70,28.20,30000,853700,22,TPEX_CSV,2026-09-23 14:15:36 +0800
1150923,2026-09-23,上櫃,4549,桓達,97.00,0.00,96.30,97.90,96.20,36000,3492400,18,TPEX_CSV,2026-09-23 14:15:36 +0800
1150923,2026-09-23,上櫃,4550,長佳,24.15,+0.20,24.10,24.15,24.05,11000,265050,8,TPEX_CSV,2026-09-23 14:15:36 +0800
1150923,2026-09-23,上櫃,4554,橙的,28.10,-0.20,28.70,28.70,28.05,32000,901700,30,TPEX_CSV,2026-09-23 14:15:36 +0800
1150923,2026-09-23,上櫃,4556,旭然,93.60,+8.50,85.20,93.60,85.20,1391000,126795400,1056,TPEX_CSV,2026-09-23 14:15:36 +0800
1150923,2026-09-23,上櫃,4558,寶緯,17.10,-0.10,17.20,17.20,17.10,3000,51400,3,TPEX_CSV,2026-09-23 14:15:36 +0800
1150923,2026-09-23,上櫃,4561,健椿,42.00,+0.40,41.95,42.15,41.70,111000,4648900,89,TPEX_CSV,2026-09-23 14:15:36 +0800
1150923,2026-09-23,上櫃,4563,百德,49.10,-1.00,50.10,51.00,48.35,304000,15052650,199,TPEX_CSV,2026-09-23 14:15:36 +0800
1150923,2026-09-23,上櫃,4568,科際精密,40.25,+0.60,40.25,40.25,40.25,1000,40250,1,TPEX_CSV,2026-09-23 14:15:36 +0800
1150923,2026-09-23,上櫃,4577,達航科技,84.60,-1.20,86.50,86.90,84.50,135000,11488000,107,TPEX_CSV,2026-09-23 14:15:36 +0800
1150923,2026-09-23,上櫃,4580,捷流閥業,81.40,0.00,81.40,81.40,80.80,39000,3160100,33,TPEX_CSV,2026-09-23 14:15:36 +0800
1150923,2026-09-23,上櫃,4584,君帆,----,---,----,----,----,0,0,0,TPEX_CSV,2026-09-23 14:15:36 +0800
1150923,2026-09-23,上櫃,4609,唐鋒,4.25,+0.19,4.10,4.43,4.10,11000,45580,8,TPEX_CSV,2026-09-23 14:15:36 +0800
1150923,2026-09-23,上櫃,4702,中美實,9.33,+0.03,9.30,9.41,9.30,62000,578900,36,TPEX_CSV,2026-09-23 14:15:36 +0800
1150923,2026-09-23,上櫃,4706,大恭,33.60,-0.20,33.60,33.80,33.60,3000,101000,3,TPEX_CSV,2026-09-23 14:15:36 +0800
1150923,2026-09-23,上櫃,4707,磐亞,29.20,-0.50,30.00,30.55,29.00,1934000,57305900,992,TPEX_CSV,2026-09-23 14:15:36 +0800
1150923,2026-09-23,上櫃,4711,永純,16.30,0.00,16.55,16.55,16.30,21000,342900,16,TPEX_CSV,2026-09-23 14:15:36 +0800
1150923,2026-09-23,上櫃,4714,永捷,12.05,-0.15,12.20,12.40,12.00,1981000,24103400,718,TPEX_CSV,2026-09-23 14:15:36 +0800
1150923,2026-09-23,上櫃,4716,大立,16.90,0.00,17.05,17.30,16.90,766000,13043250,264,TPEX_CSV,2026-09-23 14:15:36 +0800
1150923,2026-09-23,上櫃,4721,美琪瑪,75.30,+0.80,74.10,75.30,74.10,263000,19650800,193,TPEX_CSV,2026-09-23 14:15:36 +0800
1150923,2026-09-23,上櫃,4726,永昕,22.35,-0.30,22.70,22.70,22.25,109000,2441000,77,TPEX_CSV,2026-09-23 14:15:36 +0800
1150923,2026-09-23,上櫃,4728,雙美,400.00,+6.50,400.00,400.00,400.00,1000,400000,1,TPEX_CSV,2026-09-23 14:15:36 +0800
1150923,2026-09-23,上櫃,4729,熒茂,18.80,0.00,18.80,19.00,18.65,63000,1182400,42,TPEX_CSV,2026-09-23 14:15:36 +0800
1150923,2026-09-23,上櫃,4735,豪展,35.85,0.00,36.20,36.20,35.85,21000,755900,21,TPEX_CSV,2026-09-23 14:15:36 +0800
1150923,2026-09-23,上櫃,4741,泓瀚,37.55,-0.25,38.85,38.85,37.50,42000,1590750,32,TPEX_CSV,2026-09-23 14:15:36 +0800
1150923,2026-09-23,上櫃,4743,合一,45.15,+0.75,44.55,45.40,44.55,1039000,46899400,644,TPEX_CSV,2026-09-23 14:15:36 +0800
1150923,2026-09-23,上櫃,4744,皇將,27.90,-0.30,28.00,28.75,27.90,37000,1036950,31,TPEX_CSV,2026-09-23 14:15:36 +0800
1150923,2026-09-23,上櫃,4745,合富-KY,11.90,+0.05,11.85,11.90,11.70,29000,342650,18,TPEX_CSV,2026-09-23 14:15:36 +0800
1150923,2026-09-23,上櫃,4747,強生*,23.80,+0.20,23.10,23.90,23.10,40000,931800,17,TPEX_CSV,2026-09-23 14:15:36 +0800
1150923,2026-09-23,上櫃,4749,新應材,726.00,-2.00,729.00,731.00,717.00,586000,424445000,500,TPEX_CSV,2026-09-23 14:15:36 +0800
1150923,2026-09-23,上櫃,4754,國碳科,37.75,+0.40,37.35,37.75,37.20,54000,2013000,33,TPEX_CSV,2026-09-23 14:15:36 +0800
1150923,2026-09-23,上櫃,4760,勤凱,265.00,+2.00,266.00,269.00,263.00,175000,46537000,159,TPEX_CSV,2026-09-23 14:15:36 +0800
1150923,2026-09-23,上櫃,4767,誠泰科技,27.80,+0.10,27.85,27.85,27.30,19000,522600,15,TPEX_CSV,2026-09-23 14:15:36 +0800
1150923,2026-09-23,上櫃,4768,晶呈科技,329.00,+17.50,319.00,337.00,311.00,1010000,331009000,849,TPEX_CSV,2026-09-23 14:15:36 +0800
1150923,2026-09-23,上櫃,4772,台特化,245.00,+1.50,245.50,246.50,243.00,232000,56734000,192,TPEX_CSV,2026-09-23 14:15:36 +0800
1150923,2026-09-23,上櫃,4903,聯光通,42.15,+0.10,43.00,43.70,41.30,11588000,496508900,7129,TPEX_CSV,2026-09-23 14:15:36 +0800
1150923,2026-09-23,上櫃,4905,台聯電,78.10,+0.50,78.30,78.30,78.10,3000,234500,3,TPEX_CSV,2026-09-23 14:15:36 +0800
1150923,2026-09-23,上櫃,4907,富宇,44.75,-0.70,45.20,45.20,44.60,37000,1660450,36,TPEX_CSV,2026-09-23 14:15:36 +0800
1150923,2026-09-23,上櫃,4908,前鼎,210.00,-12.50,222.50,225.00,207.50,3835000,821216500,3004,TPEX_CSV,2026-09-23 14:15:36 +0800
1150923,2026-09-23,上櫃,4909,新復興,34.55,-0.05,35.20,35.20,34.55,213000,7433800,149,TPEX_CSV,2026-09-23 14:15:36 +0800
1150923,2026-09-23,上櫃,4911,德英,28.90,-0.10,29.00,29.00,28.90,2000,57900,2,TPEX_CSV,2026-09-23 14:15:36 +0800
1150923,2026-09-23,上櫃,4923,力士,66.70,+5.30,61.40,67.40,60.90,3464000,226611700,2184,TPEX_CSV,2026-09-23 14:15:36 +0800
1150923,2026-09-23,上櫃,4924,欣厚-KY,16.90,-1.85,18.40,18.40,16.90,1722000,29950200,847,TPEX_CSV,2026-09-23 14:15:36 +0800
1150923,2026-09-23,上櫃,4931,新盛力,238.50,-2.00,242.50,242.50,237.00,1457000,348351000,1184,TPEX_CSV,2026-09-23 14:15:36 +0800
1150923,2026-09-23,上櫃,4933,友輝,53.10,0.00,52.70,53.70,52.50,40000,2117500,36,TPEX_CSV,2026-09-23 14:15:36 +0800
1150923,2026-09-23,上櫃,4939,亞電,74.70,-2.00,77.20,77.50,74.50,3558000,267723400,2609,TPEX_CSV,2026-09-23 14:15:36 +0800
1150923,2026-09-23,上櫃,4946,辣椒,98.00,+2.90,97.90,100.50,95.80,66000,6482800,63,TPEX_CSV,2026-09-23 14:15:36 +0800
1150923,2026-09-23,上櫃,4950,金耘國際,15.75,+0.25,15.50,15.75,15.35,23000,355200,12,TPEX_CSV,2026-09-23 14:15:36 +0800
1150923,2026-09-23,上櫃,4951,精拓科,93.80,+0.90,93.80,99.70,93.10,1528000,146359700,1212,TPEX_CSV,2026-09-23 14:15:36 +0800
1150923,2026-09-23,上櫃,4953,緯致,117.00,-1.00,119.00,119.00,116.50,280000,32850000,230,TPEX_CSV,2026-09-23 14:15:36 +0800
1150923,2026-09-23,上櫃,4966,譜瑞-KY,564.00,-18.00,582.00,583.00,564.00,730000,416051000,679,TPEX_CSV,2026-09-23 14:15:36 +0800
1150923,2026-09-23,上櫃,4971,IET-KY,545.00,-23.00,563.00,572.00,541.00,1166000,642074000,996,TPEX_CSV,2026-09-23 14:15:36 +0800
1150923,2026-09-23,上櫃,4972,湯石照明,16.20,-0.20,16.30,16.30,16.15,32000,519250,23,TPEX_CSV,2026-09-23 14:15:36 +0800
1150923,2026-09-23,上櫃,4973,廣穎,135.00,-2.00,140.00,140.00,134.50,656000,89294000,516,TPEX_CSV,2026-09-23 14:15:36 +0800
1150923,2026-09-23,上櫃,4974,亞泰,70.80,+0.10,70.70,71.10,70.70,67000,4746700,46,TPEX_CSV,2026-09-23 14:15:36 +0800
1150923,2026-09-23,上櫃,4979,華星光,590.00,-15.00,612.00,613.00,583.00,7144000,4242332000,5610,TPEX_CSV,2026-09-23 14:15:36 +0800
1150923,2026-09-23,上櫃,4991,環宇-KY,447.50,-25.50,476.50,477.50,439.50,5308000,2412571500,4566,TPEX_CSV,2026-09-23 14:15:36 +0800
1150923,2026-09-23,上櫃,4995,晶達,49.65,-0.85,50.50,50.50,49.25,32000,1585550,16,TPEX_CSV,2026-09-23 14:15:36 +0800
1150923,2026-09-23,上櫃,5009,榮剛,32.10,0.00,32.30,32.30,32.10,546000,17561050,347,TPEX_CSV,2026-09-23 14:15:36 +0800
1150923,2026-09-23,上櫃,5011,久陽,18.20,+0.30,18.00,18.90,18.00,388000,7145100,206,TPEX_CSV,2026-09-23 14:15:36 +0800
1150923,2026-09-23,上櫃,5013,強新,32.50,+0.20,32.00,32.95,32.00,120000,3901600,66,TPEX_CSV,2026-09-23 14:15:36 +0800
1150923,2026-09-23,上櫃,5014,建錩,9.98,+0.10,9.99,10.00,9.89,191000,1902400,54,TPEX_CSV,2026-09-23 14:15:36 +0800
1150923,2026-09-23,上櫃,5015,華祺,21.45,+0.10,21.05,21.70,21.05,29000,619450,15,TPEX_CSV,2026-09-23 14:15:36 +0800
1150923,2026-09-23,上櫃,5016,松和,24.75,+0.20,24.60,24.75,24.55,9000,222400,6,TPEX_CSV,2026-09-23 14:15:36 +0800
1150923,2026-09-23,上櫃,5201,凱衛,29.20,-0.05,28.65,29.30,28.20,184000,5282150,34,TPEX_CSV,2026-09-23 14:15:36 +0800
1150923,2026-09-23,上櫃,5202,力新,14.15,-0.35,14.15,14.60,14.00,529000,7504550,358,TPEX_CSV,2026-09-23 14:15:36 +0800
1150923,2026-09-23,上櫃,5205,中茂,----,---,----,----,----,0,0,0,TPEX_CSV,2026-09-23 14:15:36 +0800
1150923,2026-09-23,上櫃,5206,坤悅,22.95,0.00,22.95,23.10,22.90,115000,2643500,79,TPEX_CSV,2026-09-23 14:15:36 +0800
1150923,2026-09-23,上櫃,5209,新鼎,167.50,-2.00,169.00,169.50,167.50,51000,8569500,48,TPEX_CSV,2026-09-23 14:15:36 +0800
1150923,2026-09-23,上櫃,5210,寶碩,29.80,-0.20,30.30,30.30,29.75,204000,6113450,122,TPEX_CSV,2026-09-23 14:15:36 +0800
1150923,2026-09-23,上櫃,5211,蒙恬,20.30,+0.10,20.30,20.35,20.20,9000,182650,6,TPEX_CSV,2026-09-23 14:15:36 +0800
1150923,2026-09-23,上櫃,5212,凌網,47.90,-0.10,48.00,48.00,47.90,7000,335900,4,TPEX_CSV,2026-09-23 14:15:36 +0800
1150923,2026-09-23,上櫃,5213,亞昕,20.85,+0.10,20.85,20.90,20.70,91000,1894900,52,TPEX_CSV,2026-09-23 14:15:36 +0800
1150923,2026-09-23,上櫃,5220,萬達光電,19.80,0.00,19.85,19.95,19.80,54000,1072450,38,TPEX_CSV,2026-09-23 14:15:36 +0800
1150923,2026-09-23,上櫃,5223,安力-KY,22.80,+0.10,22.50,22.95,22.50,8000,182750,8,TPEX_CSV,2026-09-23 14:15:36 +0800
1150923,2026-09-23,上櫃,5227,立凱-KY,30.25,-0.60,31.00,31.00,30.20,124000,3787850,94,TPEX_CSV,2026-09-23 14:15:36 +0800
1150923,2026-09-23,上櫃,5228,鈺鎧,39.65,+0.05,40.00,40.30,39.45,88000,3494200,64,TPEX_CSV,2026-09-23 14:15:36 +0800
1150923,2026-09-23,上櫃,5230,雷笛克光學,21.90,+0.15,21.75,22.90,21.35,2235000,49531350,1255,TPEX_CSV,2026-09-23 14:15:36 +0800
1150923,2026-09-23,上櫃,5245,智晶,20.50,+0.10,20.40,20.70,20.30,153000,3117450,76,TPEX_CSV,2026-09-23 14:15:36 +0800
1150923,2026-09-23,上櫃,5251,天鉞電,30.65,+0.30,30.65,31.40,30.60,209000,6454600,166,TPEX_CSV,2026-09-23 14:15:36 +0800
1150923,2026-09-23,上櫃,5263,智崴,90.80,+0.80,90.10,91.30,89.80,129000,11642600,94,TPEX_CSV,2026-09-23 14:15:36 +0800
1150923,2026-09-23,上櫃,5272,笙科,17.25,+0.10,17.20,17.25,17.05,37000,635850,30,TPEX_CSV,2026-09-23 14:15:36 +0800
1150923,2026-09-23,上櫃,5274,信驊,20280.00,-625.00,20385.00,20620.00,19780.00,234000,4734585000,230,TPEX_CSV,2026-09-23 14:15:36 +0800
1150923,2026-09-23,上櫃,5276,達輝-KY,----,---,----,----,----,0,0,0,TPEX_CSV,2026-09-23 14:15:36 +0800
1150923,2026-09-23,上櫃,5278,尚凡*,24.00,-0.20,24.35,24.55,23.85,50000,1208450,40,TPEX_CSV,2026-09-23 14:15:36 +0800
1150923,2026-09-23,上櫃,5287,數字,137.00,-0.50,137.50,137.50,136.50,22000,3015500,21,TPEX_CSV,2026-09-23 14:15:36 +0800
1150923,2026-09-23,上櫃,5289,宜鼎,1305.00,+10.00,1325.00,1375.00,1295.00,1940000,2566480000,1777,TPEX_CSV,2026-09-23 14:15:36 +0800
1150923,2026-09-23,上櫃,5291,邑昇,57.50,-0.70,58.20,58.60,57.50,192000,11089700,137,TPEX_CSV,2026-09-23 14:15:36 +0800
1150923,2026-09-23,上櫃,5299,杰力,100.50,+4.10,97.50,102.50,96.60,588000,58938600,481,TPEX_CSV,2026-09-23 14:15:36 +0800
1150923,2026-09-23,上櫃,5301,寶得利,4.86,-0.14,5.00,5.00,4.86,7000,34800,7,TPEX_CSV,2026-09-23 14:15:36 +0800
1150923,2026-09-23,上櫃,5302,太欣,9.77,+0.06,9.72,10.15,9.72,243000,2408830,136,TPEX_CSV,2026-09-23 14:15:36 +0800
1150923,2026-09-23,上櫃,5309,系統電,51.50,-0.30,52.40,52.40,51.30,535000,27618000,358,TPEX_CSV,2026-09-23 14:15:36 +0800
1150923,2026-09-23,上櫃,5310,天剛,25.45,-0.05,25.65,25.65,25.35,49000,1247150,11,TPEX_CSV,2026-09-23 14:15:36 +0800
1150923,2026-09-23,上櫃,5312,寶島科,90.10,-0.80,91.20,91.20,90.00,26000,2346500,18,TPEX_CSV,2026-09-23 14:15:36 +0800
1150923,2026-09-23,上櫃,5314,世紀*,26.00,-0.15,26.30,27.00,25.00,11929000,311360100,5158,TPEX_CSV,2026-09-23 14:15:36 +0800
1150923,2026-09-23,上櫃,5315,光聯,18.95,-0.40,19.35,19.40,18.95,141000,2699350,112,TPEX_CSV,2026-09-23 14:15:36 +0800
1150923,2026-09-23,上櫃,5321,美而快,70.50,+1.70,68.70,71.40,68.50,225000,15673600,178,TPEX_CSV,2026-09-23 14:15:36 +0800
1150923,2026-09-23,上櫃,5324,士開,12.50,-0.05,12.40,12.50,12.35,69000,855300,32,TPEX_CSV,2026-09-23 14:15:36 +0800
1150923,2026-09-23,上櫃,5328,華容,52.20,+0.20,52.80,53.50,51.30,2244000,116954100,1514,TPEX_CSV,2026-09-23 14:15:36 +0800
1150923,2026-09-23,上櫃,5340,建榮,82.00,-1.20,84.10,84.10,81.80,1296000,106990800,984,TPEX_CSV,2026-09-23 14:15:36 +0800
1150923,2026-09-23,上櫃,5344,立衛,13.95,+0.95,13.30,14.25,13.30,205000,2854100,136,TPEX_CSV,2026-09-23 14:15:36 +0800
1150923,2026-09-23,上櫃,5345,馥鴻,21.65,+0.15,21.70,21.70,21.50,7000,151650,7,TPEX_CSV,2026-09-23 14:15:36 +0800
1150923,2026-09-23,上櫃,5347,世界,173.00,0.00,175.50,176.50,170.50,12571000,2181063000,7466,TPEX_CSV,2026-09-23 14:15:36 +0800
1150923,2026-09-23,上櫃,5348,正能量智能,16.10,-0.45,16.55,16.55,15.50,11000,175250,11,TPEX_CSV,2026-09-23 14:15:36 +0800
1150923,2026-09-23,上櫃,5351,鈺創,109.50,+3.50,108.00,110.00,106.00,6639000,716836500,4131,TPEX_CSV,2026-09-23 14:15:36 +0800
1150923,2026-09-23,上櫃,5353,台林,28.10,+0.10,28.65,28.65,28.00,42000,1181950,29,TPEX_CSV,2026-09-23 14:15:36 +0800
1150923,2026-09-23,上櫃,5355,佳總,6.80,-0.15,6.80,6.85,6.73,90000,610150,26,TPEX_CSV,2026-09-23 14:15:36 +0800
1150923,2026-09-23,上櫃,5356,協益,25.85,-0.20,26.00,26.15,25.80,58000,1500650,34,TPEX_CSV,2026-09-23 14:15:36 +0800
1150923,2026-09-23,上櫃,5364,力麗店,8.32,-0.04,8.31,8.45,8.30,109000,906140,25,TPEX_CSV,2026-09-23 14:15:36 +0800
1150923,2026-09-23,上櫃,5381,光譜,23.55,0.00,23.55,23.55,23.35,138000,3236500,103,TPEX_CSV,2026-09-23 14:15:36 +0800
1150923,2026-09-23,上櫃,5386,青雲,282.00,+0.50,284.00,289.50,281.00,608000,172641500,540,TPEX_CSV,2026-09-23 14:15:36 +0800
1150923,2026-09-23,上櫃,5392,能率,39.50,-0.30,39.90,40.25,39.50,527000,20970250,370,TPEX_CSV,2026-09-23 14:15:36 +0800
1150923,2026-09-23,上櫃,5398,慕康生醫,13.95,-0.05,13.95,13.95,13.95,3000,41850,2,TPEX_CSV,2026-09-23 14:15:36 +0800
1150923,2026-09-23,上櫃,5403,中菲,93.00,-0.20,93.00,93.00,92.90,7000,650800,6,TPEX_CSV,2026-09-23 14:15:36 +0800
1150923,2026-09-23,上櫃,5410,國眾,32.90,0.00,32.90,33.05,32.75,114000,3741550,76,TPEX_CSV,2026-09-23 14:15:36 +0800
1150923,2026-09-23,上櫃,5425,台半,95.70,+2.20,95.40,97.00,93.90,21118000,2017614300,13868,TPEX_CSV,2026-09-23 14:15:36 +0800
1150923,2026-09-23,上櫃,5426,振發,28.10,-0.50,28.65,28.80,28.10,245000,6940550,186,TPEX_CSV,2026-09-23 14:15:36 +0800
1150923,2026-09-23,上櫃,5432,新門,163.50,+10.00,154.50,166.50,151.50,250000,40496500,212,TPEX_CSV,2026-09-23 14:15:36 +0800
1150923,2026-09-23,上櫃,5438,東友,16.75,+0.20,16.60,17.80,16.60,185000,3170350,119,TPEX_CSV,2026-09-23 14:15:36 +0800
1150923,2026-09-23,上櫃,5439,高技,253.00,-0.50,257.50,258.00,250.00,1248000,317794500,1004,TPEX_CSV,2026-09-23 14:15:36 +0800
1150923,2026-09-23,上櫃,5443,均豪,106.00,-0.50,110.00,110.50,105.50,1321000,141867000,955,TPEX_CSV,2026-09-23 14:15:36 +0800
1150923,2026-09-23,上櫃,5450,南良,14.65,-0.20,14.75,15.20,14.60,241000,3594000,94,TPEX_CSV,2026-09-23 14:15:36 +0800
1150923,2026-09-23,上櫃,5452,佶優,27.90,+0.10,27.80,28.20,27.80,379000,10611000,243,TPEX_CSV,2026-09-23 14:15:36 +0800
1150923,2026-09-23,上櫃,5455,昇益,30.40,0.00,30.40,30.40,30.40,1000,30400,1,TPEX_CSV,2026-09-23 14:15:36 +0800
1150923,2026-09-23,上櫃,5457,宣德,24.40,+0.60,23.90,24.45,23.90,485000,11748750,285,TPEX_CSV,2026-09-23 14:15:36 +0800
1150923,2026-09-23,上櫃,5460,同協,16.95,-0.05,17.00,17.05,16.75,38000,641600,29,TPEX_CSV,2026-09-23 14:15:36 +0800
1150923,2026-09-23,上櫃,5464,霖宏,91.40,+0.10,90.20,92.50,89.50,531000,48161100,406,TPEX_CSV,2026-09-23 14:15:36 +0800
1150923,2026-09-23,上櫃,5465,富驊,32.05,+0.25,31.45,33.15,30.85,2126000,68321850,1328,TPEX_CSV,2026-09-23 14:15:36 +0800
1150923,2026-09-23,上櫃,5468,凱鈺,24.60,+0.15,24.45,24.90,24.40,71000,1739600,53,TPEX_CSV,2026-09-23 14:15:36 +0800
1150923,2026-09-23,上櫃,5474,聰泰,163.50,-2.50,166.00,167.00,163.00,138000,22724000,120,TPEX_CSV,2026-09-23 14:15:36 +0800
1150923,2026-09-23,上櫃,5475,德宏,177.00,-4.00,183.00,183.50,175.00,2280000,407058000,1870,TPEX_CSV,2026-09-23 14:15:36 +0800
1150923,2026-09-23,上櫃,5478,智冠,97.00,-0.10,97.20,97.30,97.00,38000,3689900,31,TPEX_CSV,2026-09-23 14:15:36 +0800
1150923,2026-09-23,上櫃,5481,新華,22.10,+0.05,22.10,22.20,21.95,148000,3267850,70,TPEX_CSV,2026-09-23 14:15:36 +0800
1150923,2026-09-23,上櫃,5483,中美晶,184.50,-10.50,195.00,195.00,183.00,41028000,7695146500,25251,TPEX_CSV,2026-09-23 14:15:36 +0800
1150923,2026-09-23,上櫃,5487,通泰,28.90,-0.50,29.40,29.70,28.40,98000,2835650,70,TPEX_CSV,2026-09-23 14:15:36 +0800
1150923,2026-09-23,上櫃,5488,松普,12.00,+0.20,12.05,12.05,11.80,239000,2848050,112,TPEX_CSV,2026-09-23 14:15:36 +0800
1150923,2026-09-23,上櫃,5489,彩富,42.75,-0.45,43.35,43.85,42.40,63000,2713050,41,TPEX_CSV,2026-09-23 14:15:36 +0800
1150923,2026-09-23,上櫃,5490,同亨,25.50,0.00,25.50,25.70,25.40,131000,3345000,110,TPEX_CSV,2026-09-23 14:15:36 +0800
1150923,2026-09-23,上櫃,5493,三聯,92.60,+0.20,93.20,93.20,91.80,328000,30405900,229,TPEX_CSV,2026-09-23 14:15:36 +0800
1150923,2026-09-23,上櫃,5498,凱崴,50.20,-1.00,51.70,52.00,50.20,966000,48964200,697,TPEX_CSV,2026-09-23 14:15:36 +0800
1150923,2026-09-23,上櫃,5508,永信建,53.40,-0.40,54.00,54.30,53.40,296000,15931100,149,TPEX_CSV,2026-09-23 14:15:36 +0800
1150923,2026-09-23,上櫃,5511,德昌,69.90,+0.60,69.30,70.50,69.10,65000,4535400,44,TPEX_CSV,2026-09-23 14:15:36 +0800
1150923,2026-09-23,上櫃,5512,力麒,7.69,+0.02,7.67,7.71,7.67,476000,3657790,140,TPEX_CSV,2026-09-23 14:15:36 +0800
1150923,2026-09-23,上櫃,5514,三豐,14.70,-0.20,15.05,15.05,14.70,21000,313600,15,TPEX_CSV,2026-09-23 14:15:36 +0800
1150923,2026-09-23,上櫃,5516,雙喜,11.95,-0.10,12.00,12.00,11.95,2000,23950,2,TPEX_CSV,2026-09-23 14:15:36 +0800
1150923,2026-09-23,上櫃,5520,力泰,83.00,+0.90,83.00,83.00,83.00,1000,83000,1,TPEX_CSV,2026-09-23 14:15:36 +0800
1150923,2026-09-23,上櫃,5523,豐謙,30.35,0.00,30.20,30.35,30.15,60000,1816050,42,TPEX_CSV,2026-09-23 14:15:36 +0800
1150923,2026-09-23,上櫃,5529,鉅陞,26.00,+0.20,25.85,26.25,25.70,138000,3583300,73,TPEX_CSV,2026-09-23 14:15:36 +0800
1150923,2026-09-23,上櫃,5530,龍巖,49.00,+0.10,49.25,49.40,47.70,349000,16992150,179,TPEX_CSV,2026-09-23 14:15:36 +0800
1150923,2026-09-23,上櫃,5536,聖暉*,893.00,+5.00,900.00,902.00,883.00,1246000,1111624000,1121,TPEX_CSV,2026-09-23 14:15:36 +0800
1150923,2026-09-23,上櫃,5543,桓鼎-KY,27.90,+0.90,28.70,28.70,27.00,9000,254000,9,TPEX_CSV,2026-09-23 14:15:36 +0800
1150923,2026-09-23,上櫃,5547,久舜,20.00,-0.10,20.20,20.20,19.95,28000,560500,15,TPEX_CSV,2026-09-23 14:15:36 +0800
1150923,2026-09-23,上櫃,5548,安倉,20.40,+0.10,20.35,20.45,20.35,27000,550700,14,TPEX_CSV,2026-09-23 14:15:36 +0800
1150923,2026-09-23,上櫃,5601,台聯櫃,----,---,----,----,----,0,0,0,TPEX_CSV,2026-09-23 14:15:36 +0800
1150923,2026-09-23,上櫃,5603,陸海,13.50,+0.05,13.45,13.55,13.45,51000,687500,38,TPEX_CSV,2026-09-23 14:15:36 +0800
1150923,2026-09-23,上櫃,5604,中連,31.00,0.00,31.00,31.30,30.95,15000,465050,12,TPEX_CSV,2026-09-23 14:15:36 +0800
1150923,2026-09-23,上櫃,5609,中菲行,78.70,0.00,78.70,79.00,78.50,44000,3465000,37,TPEX_CSV,2026-09-23 14:15:36 +0800
1150923,2026-09-23,上櫃,5701,劍湖山,4.08,-0.12,4.16,4.16,4.00,186000,749190,57,TPEX_CSV,2026-09-23 14:15:36 +0800
1150923,2026-09-23,上櫃,5703,亞都,----,---,----,----,----,0,0,0,TPEX_CSV,2026-09-23 14:15:36 +0800
1150923,2026-09-23,上櫃,5704,老爺知,22.70,+0.15,23.05,23.05,22.50,9000,204600,9,TPEX_CSV,2026-09-23 14:15:36 +0800
1150923,2026-09-23,上櫃,5864,致和證,37.10,+0.30,37.05,37.70,36.90,2279000,85079100,1107,TPEX_CSV,2026-09-23 14:15:36 +0800
1150923,2026-09-23,上櫃,5878,台名,38.10,-0.05,38.05,38.10,38.05,4000,152300,3,TPEX_CSV,2026-09-23 14:15:36 +0800
1150923,2026-09-23,上櫃,5902,德記,34.15,-0.20,34.40,34.40,33.90,116000,3979000,24,TPEX_CSV,2026-09-23 14:15:36 +0800
1150923,2026-09-23,上櫃,5903,全家,186.00,+1.00,185.00,186.00,185.00,34000,6310000,31,TPEX_CSV,2026-09-23 14:15:36 +0800
1150923,2026-09-23,上櫃,5904,寶雅*,70.80,+0.10,71.30,71.70,70.60,4678000,332078300,2386,TPEX_CSV,2026-09-23 14:15:36 +0800
1150923,2026-09-23,上櫃,5905,南仁湖,7.26,0.00,7.25,7.29,7.24,330000,2395080,128,TPEX_CSV,2026-09-23 14:15:36 +0800
1150923,2026-09-23,上櫃,6015,宏遠證,17.85,+0.05,18.00,18.10,17.80,2354000,42352950,753,TPEX_CSV,2026-09-23 14:15:36 +0800
1150923,2026-09-23,上櫃,6016,康和證,23.80,+0.15,23.80,24.25,23.75,4983000,119539950,1515,TPEX_CSV,2026-09-23 14:15:36 +0800
1150923,2026-09-23,上櫃,6020,大展證,20.70,0.00,20.70,20.75,20.40,36000,742450,28,TPEX_CSV,2026-09-23 14:15:36 +0800
1150923,2026-09-23,上櫃,6021,美好證,42.25,-2.85,45.00,45.50,42.00,438000,18959850,272,TPEX_CSV,2026-09-23 14:15:36 +0800
1150923,2026-09-23,上櫃,6023,元大期,87.60,-0.30,88.00,88.10,87.40,483000,42330700,240,TPEX_CSV,2026-09-23 14:15:36 +0800
1150923,2026-09-23,上櫃,6026,福邦證,15.95,0.00,16.00,16.20,15.95,1771000,28459100,671,TPEX_CSV,2026-09-23 14:15:36 +0800
1150923,2026-09-23,上櫃,6028,公勝保經,99.20,+2.80,97.00,99.50,96.50,33000,3241400,30,TPEX_CSV,2026-09-23 14:15:36 +0800
1150923,2026-09-23,上櫃,6101,寬魚國際,38.40,+0.10,38.30,38.60,38.00,95000,3636550,81,TPEX_CSV,2026-09-23 14:15:36 +0800
1150923,2026-09-23,上櫃,6103,合邦,37.20,+3.35,33.10,37.20,33.05,57000,2039650,50,TPEX_CSV,2026-09-23 14:15:36 +0800
1150923,2026-09-23,上櫃,6104,創惟,90.30,-0.10,90.60,91.00,90.10,197000,17805000,177,TPEX_CSV,2026-09-23 14:15:36 +0800
1150923,2026-09-23,上櫃,6109,亞元,10.50,0.00,10.40,10.50,10.30,97000,1008750,37,TPEX_CSV,2026-09-23 14:15:36 +0800
1150923,2026-09-23,上櫃,6111,光聚晶電,36.30,-0.20,36.50,36.50,35.70,104000,3749850,83,TPEX_CSV,2026-09-23 14:15:36 +0800
1150923,2026-09-23,上櫃,6113,亞矽,22.30,-0.30,22.35,22.75,22.25,43000,964400,40,TPEX_CSV,2026-09-23 14:15:36 +0800
1150923,2026-09-23,上櫃,6114,久威,23.30,-0.20,23.40,23.40,23.30,27000,629350,11,TPEX_CSV,2026-09-23 14:15:36 +0800
1150923,2026-09-23,上櫃,6118,建達,16.80,+1.50,15.90,16.80,15.90,940000,15720350,304,TPEX_CSV,2026-09-23 14:15:36 +0800
1150923,2026-09-23,上櫃,6121,新普,376.50,-0.50,378.50,379.00,374.50,336000,126563000,290,TPEX_CSV,2026-09-23 14:15:36 +0800
1150923,2026-09-23,上櫃,6122,擎邦,55.20,+2.30,53.10,55.40,53.00,2160000,117380800,1213,TPEX_CSV,2026-09-23 14:15:36 +0800
1150923,2026-09-23,上櫃,6123,上奇,43.00,-0.10,43.20,43.30,43.00,32000,1379000,24,TPEX_CSV,2026-09-23 14:15:36 +0800
1150923,2026-09-23,上櫃,6124,業強,26.90,+0.10,27.25,27.30,26.90,15000,407100,15,TPEX_CSV,2026-09-23 14:15:36 +0800
1150923,2026-09-23,上櫃,6125,廣運,48.60,-0.30,49.60,49.80,48.60,335000,16410100,237,TPEX_CSV,2026-09-23 14:15:36 +0800
1150923,2026-09-23,上櫃,6126,信音,30.70,0.00,30.85,31.20,30.70,289000,8918050,204,TPEX_CSV,2026-09-23 14:15:36 +0800
1150923,2026-09-23,上櫃,6127,九豪,47.95,-0.20,48.60,49.30,47.95,1215000,58847300,899,TPEX_CSV,2026-09-23 14:15:36 +0800
1150923,2026-09-23,上櫃,6129,普誠,14.80,-0.30,15.15,15.15,14.60,385000,5721750,216,TPEX_CSV,2026-09-23 14:15:36 +0800
1150923,2026-09-23,上櫃,6130,上亞科技,23.70,-0.05,23.90,24.25,23.50,52000,1231900,30,TPEX_CSV,2026-09-23 14:15:36 +0800
1150923,2026-09-23,上櫃,6134,萬旭,28.85,-0.40,29.65,29.65,28.80,108000,3137700,74,TPEX_CSV,2026-09-23 14:15:36 +0800
1150923,2026-09-23,上櫃,6138,茂達,274.50,-0.50,279.50,281.00,274.50,334000,92671000,282,TPEX_CSV,2026-09-23 14:15:36 +0800
1150923,2026-09-23,上櫃,6140,訊達,21.25,-0.85,22.30,22.40,20.30,681000,14441900,391,TPEX_CSV,2026-09-23 14:15:36 +0800
1150923,2026-09-23,上櫃,6143,振曜,81.20,-0.80,82.00,82.00,81.20,273000,22282200,209,TPEX_CSV,2026-09-23 14:15:36 +0800
1150923,2026-09-23,上櫃,6144,得利影,12.60,+0.05,12.20,12.60,12.20,5000,62600,5,TPEX_CSV,2026-09-23 14:15:36 +0800
1150923,2026-09-23,上櫃,6146,耕興,181.00,+1.50,180.00,182.00,179.50,241000,43531500,213,TPEX_CSV,2026-09-23 14:15:36 +0800
1150923,2026-09-23,上櫃,6147,頎邦,214.50,-4.50,221.00,227.00,213.50,39304000,8520460500,20611,TPEX_CSV,2026-09-23 14:15:36 +0800
1150923,2026-09-23,上櫃,6148,驊宏資,37.35,-1.40,39.65,39.95,36.85,1999000,75755700,1300,TPEX_CSV,2026-09-23 14:15:36 +0800
1150923,2026-09-23,上櫃,6150,撼訊,60.80,-0.70,62.40,62.70,60.60,292000,17908800,225,TPEX_CSV,2026-09-23 14:15:36 +0800
1150923,2026-09-23,上櫃,6151,晉倫,35.00,-0.20,35.10,35.20,34.90,60000,2102950,44,TPEX_CSV,2026-09-23 14:15:36 +0800
1150923,2026-09-23,上櫃,6154,順發,14.20,+0.15,14.10,14.20,14.05,54000,763150,21,TPEX_CSV,2026-09-23 14:15:36 +0800
1150923,2026-09-23,上櫃,6156,松上,20.80,0.00,20.70,20.90,20.65,341000,7084550,177,TPEX_CSV,2026-09-23 14:15:36 +0800
1150923,2026-09-23,上櫃,6158,禾昌,17.25,-0.05,17.25,17.25,17.00,57000,974950,31,TPEX_CSV,2026-09-23 14:15:36 +0800
1150923,2026-09-23,上櫃,6160,欣技,14.10,0.00,14.25,14.25,14.10,36000,509500,31,TPEX_CSV,2026-09-23 14:15:36 +0800
1150923,2026-09-23,上櫃,6161,捷波,49.90,+1.40,48.90,50.50,48.30,131000,6483550,103,TPEX_CSV,2026-09-23 14:15:36 +0800
1150923,2026-09-23,上櫃,6163,華電網,41.10,-0.65,41.80,41.90,40.95,615000,25344850,310,TPEX_CSV,2026-09-23 14:15:36 +0800
1150923,2026-09-23,上櫃,6167,久正,10.35,0.00,10.40,10.45,10.30,153000,1587350,72,TPEX_CSV,2026-09-23 14:15:36 +0800
1150923,2026-09-23,上櫃,6169,昱泉,12.05,0.00,11.85,12.10,11.85,5000,59750,5,TPEX_CSV,2026-09-23 14:15:36 +0800
1150923,2026-09-23,上櫃,6170,統振,47.85,-0.25,48.00,48.25,47.80,117000,5608650,73,TPEX_CSV,2026-09-23 14:15:36 +0800
1150923,2026-09-23,上櫃,6171,大城地產,26.45,+0.05,26.40,26.85,26.20,53000,1402450,46,TPEX_CSV,2026-09-23 14:15:36 +0800
1150923,2026-09-23,上櫃,6173,信昌電,302.50,-0.50,306.00,313.00,301.00,9998000,3061269000,7695,TPEX_CSV,2026-09-23 14:15:36 +0800
1150923,2026-09-23,上櫃,6174,安碁,44.55,+0.65,44.15,45.95,43.35,802000,35846500,618,TPEX_CSV,2026-09-23 14:15:36 +0800
1150923,2026-09-23,上櫃,6175,立敦,69.50,-0.50,70.50,71.50,69.50,474000,33138000,401,TPEX_CSV,2026-09-23 14:15:36 +0800
1150923,2026-09-23,上櫃,6179,亞通,35.10,-0.75,36.10,36.10,34.70,6245000,220017400,3314,TPEX_CSV,2026-09-23 14:15:36 +0800
1150923,2026-09-23,上櫃,6180,橘子,40.65,0.00,40.65,40.80,40.50,193000,7839350,151,TPEX_CSV,2026-09-23 14:15:36 +0800
1150923,2026-09-23,上櫃,6182,合晶,115.50,-3.50,120.00,125.00,114.50,116114000,13853909000,61909,TPEX_CSV,2026-09-23 14:15:36 +0800
1150923,2026-09-23,上櫃,6185,幃翔,12.60,-0.05,12.75,12.75,12.50,300000,3767750,77,TPEX_CSV,2026-09-23 14:15:36 +0800
1150923,2026-09-23,上櫃,6186,新潤,29.20,-0.55,29.75,29.80,29.20,1023000,30134250,578,TPEX_CSV,2026-09-23 14:15:36 +0800
1150923,2026-09-23,上櫃,6187,萬潤,1205.00,-10.00,1225.00,1230.00,1180.00,1386000,1667315000,1256,TPEX_CSV,2026-09-23 14:15:36 +0800
1150923,2026-09-23,上櫃,6188,廣明,61.70,-0.60,62.30,62.60,61.70,442000,27373700,315,TPEX_CSV,2026-09-23 14:15:36 +0800
1150923,2026-09-23,上櫃,6190,萬泰科,68.10,-0.90,69.00,69.10,68.10,1161000,79484800,777,TPEX_CSV,2026-09-23 14:15:36 +0800
1150923,2026-09-23,上櫃,6194,育富,30.55,+0.10,30.35,30.55,30.35,42000,1279300,18,TPEX_CSV,2026-09-23 14:15:36 +0800
1150923,2026-09-23,上櫃,6195,詩肯,28.00,+0.10,28.00,28.00,28.00,11000,308000,6,TPEX_CSV,2026-09-23 14:15:36 +0800
1150923,2026-09-23,上櫃,6198,瑞築,19.40,-0.15,19.55,19.60,19.40,3000,58550,3,TPEX_CSV,2026-09-23 14:15:36 +0800
1150923,2026-09-23,上櫃,6199,天品,122.00,+5.50,116.50,122.00,116.00,5040000,597551500,2362,TPEX_CSV,2026-09-23 14:15:36 +0800
1150923,2026-09-23,上櫃,6203,海韻電,59.90,+0.40,59.90,60.00,59.50,31000,1848800,27,TPEX_CSV,2026-09-23 14:15:36 +0800
1150923,2026-09-23,上櫃,6204,艾華,98.00,-5.00,104.00,104.50,98.00,361000,36176700,319,TPEX_CSV,2026-09-23 14:15:36 +0800
1150923,2026-09-23,上櫃,6207,雷科,114.00,-1.50,116.00,117.00,113.50,2616000,300283500,1996,TPEX_CSV,2026-09-23 14:15:36 +0800
1150923,2026-09-23,上櫃,6208,日揚,75.00,0.00,75.60,76.30,75.00,122000,9218400,104,TPEX_CSV,2026-09-23 14:15:36 +0800
1150923,2026-09-23,上櫃,6210,慶生,17.40,-0.05,17.00,17.40,17.00,8000,136800,6,TPEX_CSV,2026-09-23 14:15:36 +0800
1150923,2026-09-23,上櫃,6212,理銘,32.50,+0.50,31.75,32.50,31.50,3000,95750,3,TPEX_CSV,2026-09-23 14:15:36 +0800
1150923,2026-09-23,上櫃,6217,中探針,167.50,-3.00,173.50,175.00,167.00,1840000,312091000,1526,TPEX_CSV,2026-09-23 14:15:36 +0800
1150923,2026-09-23,上櫃,6218,豪勉,61.30,+0.30,63.40,63.50,59.90,2948000,182947100,1898,TPEX_CSV,2026-09-23 14:15:36 +0800
1150923,2026-09-23,上櫃,6219,富旺,12.05,-0.10,12.25,12.25,12.05,107000,1298800,34,TPEX_CSV,2026-09-23 14:15:36 +0800
1150923,2026-09-23,上櫃,6220,岳豐,25.10,-0.05,25.20,25.30,25.00,52000,1309600,44,TPEX_CSV,2026-09-23 14:15:36 +0800
1150923,2026-09-23,上櫃,6221,晉泰,31.60,+1.05,31.50,32.70,30.45,1173000,37026650,813,TPEX_CSV,2026-09-23 14:15:36 +0800
1150923,2026-09-23,上櫃,6222,立軒,18.35,-0.70,18.95,18.95,18.35,55000,1020900,37,TPEX_CSV,2026-09-23 14:15:36 +0800
1150923,2026-09-23,上櫃,6223,旺矽,5620.00,+275.00,5445.00,5625.00,5335.00,949000,5250445000,901,TPEX_CSV,2026-09-23 14:15:36 +0800
1150923,2026-09-23,上櫃,6227,茂綸,134.50,-0.50,138.00,138.00,132.50,781000,104907500,695,TPEX_CSV,2026-09-23 14:15:36 +0800
1150923,2026-09-23,上櫃,6228,全譜,17.00,+0.60,17.00,17.00,17.00,8000,136000,4,TPEX_CSV,2026-09-23 14:15:36 +0800
1150923,2026-09-23,上櫃,6229,研通,23.70,+0.10,23.90,23.90,23.60,30000,710050,26,TPEX_CSV,2026-09-23 14:15:36 +0800
1150923,2026-09-23,上櫃,6231,系微,225.00,+0.50,224.50,226.00,221.50,141000,31532500,122,TPEX_CSV,2026-09-23 14:15:36 +0800
1150923,2026-09-23,上櫃,6233,旺玖,21.40,+0.25,21.15,21.50,21.15,81000,1733000,51,TPEX_CSV,2026-09-23 14:15:36 +0800
1150923,2026-09-23,上櫃,6234,高僑,38.20,-0.45,38.65,40.00,38.00,1321000,51560850,911,TPEX_CSV,2026-09-23 14:15:36 +0800
1150923,2026-09-23,上櫃,6236,中湛,17.30,+0.55,17.30,17.30,17.30,2000,34600,2,TPEX_CSV,2026-09-23 14:15:36 +0800
1150923,2026-09-23,上櫃,6237,驊訊,37.40,+3.40,34.50,37.40,34.50,972000,35833500,660,TPEX_CSV,2026-09-23 14:15:36 +0800
1150923,2026-09-23,上櫃,6240,松崗,24.55,+0.35,24.00,24.80,24.00,96000,2336700,70,TPEX_CSV,2026-09-23 14:15:36 +0800
1150923,2026-09-23,上櫃,6241,鑫永洋,15.45,+0.20,15.25,15.75,15.25,236000,3657500,66,TPEX_CSV,2026-09-23 14:15:36 +0800
1150923,2026-09-23,上櫃,6242,立康,33.95,0.00,33.95,33.95,33.95,1000,33950,1,TPEX_CSV,2026-09-23 14:15:36 +0800
1150923,2026-09-23,上櫃,6244,茂迪,23.60,-0.10,23.70,24.30,23.50,2541000,60604200,1316,TPEX_CSV,2026-09-23 14:15:36 +0800
1150923,2026-09-23,上櫃,6245,立端,84.60,-1.10,85.40,85.70,84.60,504000,42867300,406,TPEX_CSV,2026-09-23 14:15:36 +0800
1150923,2026-09-23,上櫃,6246,臺龍,13.00,+0.20,13.00,13.00,13.00,2000,26000,2,TPEX_CSV,2026-09-23 14:15:36 +0800
1150923,2026-09-23,上櫃,6248,沛波,16.75,-0.05,16.65,16.75,16.65,66000,1100950,41,TPEX_CSV,2026-09-23 14:15:36 +0800
1150923,2026-09-23,上櫃,6259,百徽,29.05,-0.40,29.80,29.80,29.05,97000,2849800,81,TPEX_CSV,2026-09-23 14:15:36 +0800
1150923,2026-09-23,上櫃,6261,久元,78.50,-1.40,80.00,80.40,77.80,447000,35223200,354,TPEX_CSV,2026-09-23 14:15:36 +0800
1150923,2026-09-23,上櫃,6263,普萊德,157.00,0.00,157.50,157.50,156.50,47000,7377500,38,TPEX_CSV,2026-09-23 14:15:36 +0800
1150923,2026-09-23,上櫃,6264,富裔,6.01,0.00,6.00,6.01,5.96,62000,370130,11,TPEX_CSV,2026-09-23 14:15:36 +0800
1150923,2026-09-23,上櫃,6265,方土昶,47.20,-0.10,47.85,48.55,47.15,1088000,51913850,714,TPEX_CSV,2026-09-23 14:15:36 +0800
1150923,2026-09-23,上櫃,6266,泰詠,24.90,0.00,25.00,25.00,24.85,86000,2144100,52,TPEX_CSV,2026-09-23 14:15:36 +0800
1150923,2026-09-23,上櫃,6270,倍微,29.20,+0.05,28.85,29.30,28.80,89000,2592300,65,TPEX_CSV,2026-09-23 14:15:36 +0800
1150923,2026-09-23,上櫃,6274,台燿,1460.00,+20.00,1440.00,1485.00,1420.00,6542000,9520640000,5512,TPEX_CSV,2026-09-23 14:15:36 +0800
1150923,2026-09-23,上櫃,6275,元山,45.70,+0.25,45.65,46.15,45.65,119000,5459150,82,TPEX_CSV,2026-09-23 14:15:36 +0800
1150923,2026-09-23,上櫃,6276,安鈦克,19.85,+0.40,19.50,20.10,19.40,17000,334500,15,TPEX_CSV,2026-09-23 14:15:36 +0800
1150923,2026-09-23,上櫃,6279,胡連,111.00,-1.00,112.50,112.50,111.00,146000,16275500,122,TPEX_CSV,2026-09-23 14:15:36 +0800
1150923,2026-09-23,上櫃,6284,佳邦,74.50,-1.10,75.60,76.60,74.40,387000,29069300,321,TPEX_CSV,2026-09-23 14:15:36 +0800
1150923,2026-09-23,上櫃,6290,良維,274.00,-2.00,277.50,281.50,272.50,2229000,615869000,1675,TPEX_CSV,2026-09-23 14:15:36 +0800
1150923,2026-09-23,上櫃,6291,沛亨,493.00,-8.00,501.00,504.00,485.00,887000,436662500,776,TPEX_CSV,2026-09-23 14:15:36 +0800
1150923,2026-09-23,上櫃,6292,迅德,65.70,-0.10,66.00,67.20,65.70,187000,12394200,144,TPEX_CSV,2026-09-23 14:15:36 +0800
1150923,2026-09-23,上櫃,6294,智基,28.50,+0.05,28.45,28.50,28.45,5000,142350,4,TPEX_CSV,2026-09-23 14:15:36 +0800
1150923,2026-09-23,上櫃,6411,晶焱,78.40,-0.40,79.00,79.50,78.10,163000,12812300,111,TPEX_CSV,2026-09-23 14:15:36 +0800
1150923,2026-09-23,上櫃,6417,韋僑,102.00,+0.50,102.00,102.00,101.00,30000,3044500,25,TPEX_CSV,2026-09-23 14:15:36 +0800
1150923,2026-09-23,上櫃,6418,詠昇,34.85,-0.25,34.50,35.30,34.50,26000,902850,21,TPEX_CSV,2026-09-23 14:15:36 +0800
1150923,2026-09-23,上櫃,6419,京晨科,151.00,0.00,152.50,153.00,150.00,40000,6047000,38,TPEX_CSV,2026-09-23 14:15:36 +0800
1150923,2026-09-23,上櫃,6423,億而得,86.30,+0.90,85.30,87.20,85.00,60000,5168000,45,TPEX_CSV,2026-09-23 14:15:36 +0800
1150923,2026-09-23,上櫃,6425,易發,72.80,+0.10,72.70,78.30,71.90,2952000,221323200,2170,TPEX_CSV,2026-09-23 14:15:36 +0800
1150923,2026-09-23,上櫃,6432,今展科,60.60,-1.40,62.80,63.50,60.60,980000,60848100,734,TPEX_CSV,2026-09-23 14:15:36 +0800
1150923,2026-09-23,上櫃,6435,大中,249.00,+3.00,249.00,254.00,247.00,469000,117532500,411,TPEX_CSV,2026-09-23 14:15:36 +0800
1150923,2026-09-23,上櫃,6441,廣錠,24.50,-0.05,24.55,25.65,24.25,244000,6078550,192,TPEX_CSV,2026-09-23 14:15:36 +0800
1150923,2026-09-23,上櫃,6461,益得,24.00,-0.15,24.50,24.50,23.30,107000,2542800,73,TPEX_CSV,2026-09-23 14:15:36 +0800
1150923,2026-09-23,上櫃,6462,神盾,99.20,+1.20,98.80,100.50,98.40,379000,37700000,290,TPEX_CSV,2026-09-23 14:15:36 +0800
1150923,2026-09-23,上櫃,6465,威潤,41.70,-0.30,42.90,43.00,41.50,111000,4674850,87,TPEX_CSV,2026-09-23 14:15:36 +0800
1150923,2026-09-23,上櫃,6469,大樹,64.70,+0.40,64.40,65.00,64.40,208000,13453900,147,TPEX_CSV,2026-09-23 14:15:36 +0800
1150923,2026-09-23,上櫃,6470,宇智,43.00,0.00,42.60,43.00,42.60,5000,213900,5,TPEX_CSV,2026-09-23 14:15:36 +0800
1150923,2026-09-23,上櫃,6474,華豫寧,35.45,+0.15,35.35,35.45,35.35,49000,1734850,28,TPEX_CSV,2026-09-23 14:15:36 +0800
1150923,2026-09-23,上櫃,6482,弘煜科,23.70,-0.35,24.05,24.05,23.70,30000,719150,19,TPEX_CSV,2026-09-23 14:15:36 +0800
1150923,2026-09-23,上櫃,6485,點序,67.80,-1.20,69.30,70.40,66.60,543000,36902600,453,TPEX_CSV,2026-09-23 14:15:36 +0800
1150923,2026-09-23,上櫃,6486,互動,81.00,-0.60,80.90,81.30,80.90,22000,1782300,20,TPEX_CSV,2026-09-23 14:15:36 +0800
1150923,2026-09-23,上櫃,6488,環球晶,950.00,-21.00,929.00,1005.00,922.00,28081000,26968521000,22876,TPEX_CSV,2026-09-23 14:15:36 +0800
1150923,2026-09-23,上櫃,6492,生華科,34.40,+0.30,34.10,34.40,34.00,183000,6265450,102,TPEX_CSV,2026-09-23 14:15:36 +0800
1150923,2026-09-23,上櫃,6494,九齊,51.40,-0.40,53.00,53.00,51.30,82000,4248700,72,TPEX_CSV,2026-09-23 14:15:36 +0800
1150923,2026-09-23,上櫃,6496,科懋,23.85,-0.15,24.30,24.30,23.60,22000,523100,20,TPEX_CSV,2026-09-23 14:15:36 +0800
1150923,2026-09-23,上櫃,6498,久禾光,66.60,-0.60,67.30,68.00,66.30,57000,3817500,48,TPEX_CSV,2026-09-23 14:15:36 +0800
1150923,2026-09-23,上櫃,6499,益安,73.30,-0.20,73.50,73.90,71.90,246000,17888100,191,TPEX_CSV,2026-09-23 14:15:36 +0800
1150923,2026-09-23,上櫃,6506,雙邦,18.15,0.00,18.15,18.15,18.05,20000,362050,15,TPEX_CSV,2026-09-23 14:15:36 +0800
1150923,2026-09-23,上櫃,6508,惠光,27.45,-1.55,29.00,29.00,27.05,115000,3222400,78,TPEX_CSV,2026-09-23 14:15:36 +0800
1150923,2026-09-23,上櫃,6509,聚和,47.30,+0.15,47.30,47.50,46.75,478000,22530800,330,TPEX_CSV,2026-09-23 14:15:36 +0800
1150923,2026-09-23,上櫃,6510,精測,3475.00,-225.00,3735.00,3740.00,3420.00,1522000,5375570000,1407,TPEX_CSV,2026-09-23 14:15:36 +0800
1150923,2026-09-23,上櫃,6512,啟發電,20.15,-0.05,20.15,20.15,20.15,4000,80600,3,TPEX_CSV,2026-09-23 14:15:36 +0800
1150923,2026-09-23,上櫃,6516,勤崴國際,57.50,0.00,58.00,58.00,56.40,49000,2787500,47,TPEX_CSV,2026-09-23 14:15:36 +0800
1150923,2026-09-23,上櫃,6517,保勝光學,63.50,-0.70,64.80,64.80,63.10,145000,9240900,121,TPEX_CSV,2026-09-23 14:15:36 +0800
1150923,2026-09-23,上櫃,6523,達爾膚,89.60,-0.10,89.60,89.60,89.50,20000,1790800,19,TPEX_CSV,2026-09-23 14:15:36 +0800
1150923,2026-09-23,上櫃,6527,明達醫,74.10,-0.90,75.00,75.00,73.30,18000,1343400,11,TPEX_CSV,2026-09-23 14:15:36 +0800
1150923,2026-09-23,上櫃,6530,創威,98.70,-1.80,100.50,101.50,97.50,1620000,160962100,1124,TPEX_CSV,2026-09-23 14:15:36 +0800
1150923,2026-09-23,上櫃,6532,瑞耘,97.90,-0.60,99.70,99.70,97.60,347000,34115700,283,TPEX_CSV,2026-09-23 14:15:36 +0800
1150923,2026-09-23,上櫃,6535,順藥,82.30,+4.30,79.10,82.80,77.90,373000,30083000,312,TPEX_CSV,2026-09-23 14:15:36 +0800
1150923,2026-09-23,上櫃,6538,倉和,410.50,-35.00,440.00,457.50,405.00,2771000,1182059000,2395,TPEX_CSV,2026-09-23 14:15:36 +0800
1150923,2026-09-23,上櫃,6542,隆中,41.00,-0.10,41.00,41.00,40.65,10000,409600,8,TPEX_CSV,2026-09-23 14:15:36 +0800
1150923,2026-09-23,上櫃,6546,正基,57.50,-2.50,60.10,60.60,57.50,1419000,82855000,664,TPEX_CSV,2026-09-23 14:15:36 +0800
1150923,2026-09-23,上櫃,6547,高端疫苗,60.80,+1.50,59.40,61.50,59.40,2922000,176967800,1616,TPEX_CSV,2026-09-23 14:15:36 +0800
1150923,2026-09-23,上櫃,6548,長科*,72.00,-1.60,73.70,75.50,72.00,2436000,179424100,1609,TPEX_CSV,2026-09-23 14:15:36 +0800
1150923,2026-09-23,上櫃,6556,勝品,61.50,0.00,61.70,61.70,61.50,2000,123200,2,TPEX_CSV,2026-09-23 14:15:36 +0800
1150923,2026-09-23,上櫃,6560,欣普羅,33.20,+0.10,33.10,33.70,33.00,16000,531850,11,TPEX_CSV,2026-09-23 14:15:36 +0800
1150923,2026-09-23,上櫃,6561,是方,310.00,-2.50,313.00,314.50,310.00,66000,20581500,58,TPEX_CSV,2026-09-23 14:15:36 +0800
1150923,2026-09-23,上櫃,6568,宏觀,140.00,-1.00,141.50,145.50,140.00,141000,20012000,110,TPEX_CSV,2026-09-23 14:15:36 +0800
1150923,2026-09-23,上櫃,6569,醫揚,92.00,+0.50,91.50,92.00,91.30,14000,1281400,13,TPEX_CSV,2026-09-23 14:15:36 +0800
1150923,2026-09-23,上櫃,6570,維田,46.55,-0.50,47.00,47.45,46.55,101000,4729400,76,TPEX_CSV,2026-09-23 14:15:36 +0800
1150923,2026-09-23,上櫃,6574,霈方,120.00,0.00,119.00,120.00,119.00,27000,3220000,14,TPEX_CSV,2026-09-23 14:15:36 +0800
1150923,2026-09-23,上櫃,6576,逸達,80.90,0.00,80.60,81.20,80.50,37000,2989400,34,TPEX_CSV,2026-09-23 14:15:36 +0800
1150923,2026-09-23,上櫃,6577,勁豐,79.80,+0.10,80.10,80.40,79.30,36000,2880000,24,TPEX_CSV,2026-09-23 14:15:36 +0800
1150923,2026-09-23,上櫃,6578,達邦蛋白,16.80,-0.30,16.90,16.95,16.60,75000,1253600,46,TPEX_CSV,2026-09-23 14:15:36 +0800
1150923,2026-09-23,上櫃,6584,南俊國際,542.00,-11.00,552.00,555.00,542.00,229000,125406000,219,TPEX_CSV,2026-09-23 14:15:36 +0800
1150923,2026-09-23,上櫃,6588,東典光電,112.50,+0.50,112.00,119.00,112.00,2229000,257436000,1876,TPEX_CSV,2026-09-23 14:15:36 +0800
1150923,2026-09-23,上櫃,6590,普鴻,67.80,-0.50,69.90,69.90,65.60,33000,2200900,33,TPEX_CSV,2026-09-23 14:15:36 +0800
1150923,2026-09-23,上櫃,6593,台灣銘板,32.30,+0.30,31.95,32.35,31.95,40000,1288750,29,TPEX_CSV,2026-09-23 14:15:36 +0800
1150923,2026-09-23,上櫃,6596,寬宏藝術,97.00,+0.20,97.70,97.70,96.60,122000,11861900,70,TPEX_CSV,2026-09-23 14:15:36 +0800
1150923,2026-09-23,上櫃,6597,立誠,68.00,-1.00,66.50,68.00,66.50,5000,337600,5,TPEX_CSV,2026-09-23 14:15:36 +0800
1150923,2026-09-23,上櫃,6603,富強鑫,27.20,-0.75,27.90,27.95,27.05,1477000,40426000,846,TPEX_CSV,2026-09-23 14:15:36 +0800
1150923,2026-09-23,上櫃,6609,瀧澤科,39.85,+0.05,39.90,40.05,39.75,68000,2711350,48,TPEX_CSV,2026-09-23 14:15:36 +0800
1150923,2026-09-23,上櫃,6612,奈米醫材,71.70,+0.20,71.50,72.10,71.50,11000,789000,11,TPEX_CSV,2026-09-23 14:15:36 +0800
1150923,2026-09-23,上櫃,6613,朋億*,269.00,+2.00,269.00,272.00,267.50,168000,45387000,141,TPEX_CSV,2026-09-23 14:15:36 +0800
1150923,2026-09-23,上櫃,6615,慧智,34.00,+0.30,33.70,34.00,33.60,11000,371050,8,TPEX_CSV,2026-09-23 14:15:36 +0800
1150923,2026-09-23,上櫃,6616,特昇-KY,8.05,-0.11,8.23,8.23,8.00,57000,459620,42,TPEX_CSV,2026-09-23 14:15:36 +0800
1150923,2026-09-23,上櫃,6617,共信-KY,142.00,+1.00,142.00,143.50,136.50,1087000,152715000,760,TPEX_CSV,2026-09-23 14:15:36 +0800
1150923,2026-09-23,上櫃,6620,漢達,130.00,+3.50,126.50,132.50,125.00,2843000,365808000,1909,TPEX_CSV,2026-09-23 14:15:36 +0800
1150923,2026-09-23,上櫃,6624,萬年清,38.10,+0.50,38.90,38.90,38.10,2000,77000,2,TPEX_CSV,2026-09-23 14:15:36 +0800
1150923,2026-09-23,上櫃,6629,泰金-KY,104.00,-2.00,104.00,105.50,103.50,8000,836500,7,TPEX_CSV,2026-09-23 14:15:36 +0800
1150923,2026-09-23,上櫃,6637,醫影,54.00,-0.40,54.40,54.40,53.90,33000,1784200,19,TPEX_CSV,2026-09-23 14:15:36 +0800
1150923,2026-09-23,上櫃,6640,均華,1050.00,+15.00,1040.00,1070.00,1015.00,261000,272645000,243,TPEX_CSV,2026-09-23 14:15:36 +0800
1150923,2026-09-23,上櫃,6642,富致,78.60,-0.20,79.40,79.90,78.00,91000,7139200,88,TPEX_CSV,2026-09-23 14:15:36 +0800
1150923,2026-09-23,上櫃,6643,M31,476.50,-13.00,497.00,501.00,475.00,905000,439051500,802,TPEX_CSV,2026-09-23 14:15:36 +0800
1150923,2026-09-23,上櫃,6649,台生材,35.45,-0.20,35.65,35.65,35.30,6000,212300,6,TPEX_CSV,2026-09-23 14:15:36 +0800
1150923,2026-09-23,上櫃,6651,全宇昕,152.00,0.00,153.00,155.00,152.00,139000,21287500,104,TPEX_CSV,2026-09-23 14:15:36 +0800
1150923,2026-09-23,上櫃,6654,天正國際,194.50,-6.50,202.50,202.50,194.50,38000,7510000,33,TPEX_CSV,2026-09-23 14:15:36 +0800
1150923,2026-09-23,上櫃,6661,威健生技,----,---,----,----,----,0,0,0,TPEX_CSV,2026-09-23 14:15:36 +0800
1150923,2026-09-23,上櫃,6662,樂斯科,28.50,0.00,27.80,28.50,27.80,4000,112600,4,TPEX_CSV,2026-09-23 14:15:36 +0800
1150923,2026-09-23,上櫃,6664,群翊,346.00,-1.00,350.50,352.00,346.00,147000,51188000,139,TPEX_CSV,2026-09-23 14:15:36 +0800
1150923,2026-09-23,上櫃,6667,信紘科,261.50,-2.00,263.50,268.50,257.50,444000,116358500,359,TPEX_CSV,2026-09-23 14:15:36 +0800
1150923,2026-09-23,上櫃,6679,鈺太,201.50,+2.50,199.00,203.50,199.00,150000,30175000,142,TPEX_CSV,2026-09-23 14:15:36 +0800
1150923,2026-09-23,上櫃,6680,鑫創電子,----,---,----,----,----,0,0,0,TPEX_CSV,2026-09-23 14:15:36 +0800
1150923,2026-09-23,上櫃,6683,雍智科技,1555.00,-35.00,1595.00,1605.00,1540.00,730000,1147600000,662,TPEX_CSV,2026-09-23 14:15:36 +0800
1150923,2026-09-23,上櫃,6684,安格,49.20,-0.05,50.00,51.40,48.95,101000,5068300,82,TPEX_CSV,2026-09-23 14:15:36 +0800
1150923,2026-09-23,上櫃,6690,安碁資訊,178.50,-1.50,178.50,179.00,177.00,154000,27399500,142,TPEX_CSV,2026-09-23 14:15:36 +0800
1150923,2026-09-23,上櫃,6692,進能服,22.60,-0.70,23.30,23.30,22.45,16000,367250,16,TPEX_CSV,2026-09-23 14:15:36 +0800
1150923,2026-09-23,上櫃,6693,廣閎科,197.00,+17.50,180.00,197.00,180.00,2910000,558945500,1952,TPEX_CSV,2026-09-23 14:15:36 +0800
1150923,2026-09-23,上櫃,6697,東捷資訊,41.15,-0.55,41.70,41.70,41.05,25000,1030900,25,TPEX_CSV,2026-09-23 14:15:36 +0800
1150923,2026-09-23,上櫃,6703,軒郁,100.00,-1.00,100.00,100.50,100.00,21000,2105500,17,TPEX_CSV,2026-09-23 14:15:36 +0800
1150923,2026-09-23,上櫃,6708,天擎,38.95,+0.05,38.70,38.95,38.70,6000,232850,6,TPEX_CSV,2026-09-23 14:15:36 +0800
1150923,2026-09-23,上櫃,6712,長聖,162.00,+2.00,160.00,163.00,160.00,281000,45425000,220,TPEX_CSV,2026-09-23 14:15:36 +0800
1150923,2026-09-23,上櫃,6716,應廣,117.50,-0.50,119.00,119.00,117.00,257000,30214000,203,TPEX_CSV,2026-09-23 14:15:36 +0800
1150923,2026-09-23,上櫃,6720,久昌,129.50,+1.00,129.00,129.50,129.00,83000,10708000,3,TPEX_CSV,2026-09-23 14:15:36 +0800
1150923,2026-09-23,上櫃,6721,信實,50.30,+0.10,50.30,50.40,50.30,5000,251600,5,TPEX_CSV,2026-09-23 14:15:36 +0800
1150923,2026-09-23,上櫃,6725,矽科宏晟,218.00,0.00,218.00,223.00,217.50,30000,6568000,26,TPEX_CSV,2026-09-23 14:15:36 +0800
1150923,2026-09-23,上櫃,6727,亞泰金屬,465.00,-10.00,476.00,486.50,465.00,778000,367775000,723,TPEX_CSV,2026-09-23 14:15:36 +0800
1150923,2026-09-23,上櫃,6728,上洋,108.50,+0.50,108.00,108.50,107.00,32000,3457000,22,TPEX_CSV,2026-09-23 14:15:36 +0800
1150923,2026-09-23,上櫃,6730,常廣,32.30,-0.10,32.05,32.30,31.80,6000,191900,4,TPEX_CSV,2026-09-23 14:15:36 +0800
1150923,2026-09-23,上櫃,6732,昇佳電子,149.00,-1.00,149.50,150.00,148.50,41000,6118000,41,TPEX_CSV,2026-09-23 14:15:36 +0800
1150923,2026-09-23,上櫃,6733,博晟生醫,25.35,0.00,25.35,25.35,25.00,45000,1131450,35,TPEX_CSV,2026-09-23 14:15:36 +0800
1150923,2026-09-23,上櫃,6735,美達科技,63.80,-0.10,65.00,68.40,63.80,117000,7636000,96,TPEX_CSV,2026-09-23 14:15:36 +0800
1150923,2026-09-23,上櫃,6739,竹陞科技,1060.00,-20.00,1095.00,1105.00,1045.00,253000,269155000,225,TPEX_CSV,2026-09-23 14:15:36 +0800
1150923,2026-09-23,上櫃,6741,91APP*-KY,55.70,-1.30,57.00,57.00,55.60,290000,16259800,241,TPEX_CSV,2026-09-23 14:15:36 +0800
1150923,2026-09-23,上櫃,6751,智聯服務,----,---,----,----,----,0,0,0,TPEX_CSV,2026-09-23 14:15:36 +0800
1150923,2026-09-23,上櫃,6752,叡揚,96.10,-0.90,96.60,96.60,96.10,15000,1443600,13,TPEX_CSV,2026-09-23 14:15:36 +0800
1150923,2026-09-23,上櫃,6761,穩得,164.00,-1.00,164.50,167.50,162.50,74000,12144500,70,TPEX_CSV,2026-09-23 14:15:36 +0800
1150923,2026-09-23,上櫃,6762,達亞,161.50,-0.50,161.50,161.50,161.50,1000,161500,1,TPEX_CSV,2026-09-23 14:15:36 +0800
1150923,2026-09-23,上櫃,6763,綠界科技*,41.85,+0.25,42.70,42.70,41.40,126000,5268450,90,TPEX_CSV,2026-09-23 14:15:36 +0800
1150923,2026-09-23,上櫃,6767,台微醫,24.40,-1.00,24.80,24.80,24.40,2000,49200,2,TPEX_CSV,2026-09-23 14:15:36 +0800
1150923,2026-09-23,上櫃,6785,昱展新藥,98.90,+2.70,96.60,99.20,96.20,21000,2048700,21,TPEX_CSV,2026-09-23 14:15:36 +0800
1150923,2026-09-23,上櫃,6788,華景電,336.00,-0.50,342.00,342.00,336.00,89000,30034500,84,TPEX_CSV,2026-09-23 14:15:36 +0800
1150923,2026-09-23,上櫃,6791,虎門科技,99.10,-0.90,99.10,100.00,98.60,9000,892500,9,TPEX_CSV,2026-09-23 14:15:36 +0800
1150923,2026-09-23,上櫃,6803,崑鼎,266.00,-1.00,266.50,267.50,266.00,45000,11990000,42,TPEX_CSV,2026-09-23 14:15:36 +0800
1150923,2026-09-23,上櫃,6804,明係,18.25,0.00,18.20,18.25,18.10,36000,653450,12,TPEX_CSV,2026-09-23 14:15:36 +0800
1150923,2026-09-23,上櫃,6811,宏碁資訊,248.50,-3.00,253.00,253.00,247.00,185000,46091500,165,TPEX_CSV,2026-09-23 14:15:36 +0800
1150923,2026-09-23,上櫃,6821,聯寶,40.50,-0.35,42.10,42.10,40.50,63000,2576450,48,TPEX_CSV,2026-09-23 14:15:36 +0800
1150923,2026-09-23,上櫃,6823,濾能,60.20,+0.20,60.90,60.90,59.80,48000,2891400,38,TPEX_CSV,2026-09-23 14:15:36 +0800
1150923,2026-09-23,上櫃,6829,千附精密,207.00,-3.00,210.00,212.50,207.00,672000,140352000,528,TPEX_CSV,2026-09-23 14:15:36 +0800
1150923,2026-09-23,上櫃,6840,東研信超,104.50,0.00,106.00,106.50,103.00,269000,28137500,213,TPEX_CSV,2026-09-23 14:15:36 +0800
1150923,2026-09-23,上櫃,6841,長佳智能,53.50,-0.10,53.20,53.60,53.00,65000,3458200,47,TPEX_CSV,2026-09-23 14:15:36 +0800
1150923,2026-09-23,上櫃,6843,進典,38.70,-0.20,38.80,38.85,38.30,8000,309400,7,TPEX_CSV,2026-09-23 14:15:36 +0800
1150923,2026-09-23,上櫃,6844,諾貝兒,56.90,+0.70,56.20,56.90,56.20,12000,680000,12,TPEX_CSV,2026-09-23 14:15:36 +0800
1150923,2026-09-23,上櫃,6846,綠茵,58.30,+0.10,59.00,59.00,57.50,4000,233100,4,TPEX_CSV,2026-09-23 14:15:36 +0800
1150923,2026-09-23,上櫃,6855,數泓科,116.00,+4.00,112.00,116.00,111.00,5000,562000,5,TPEX_CSV,2026-09-23 14:15:36 +0800
1150923,2026-09-23,上櫃,6856,鑫傳,41.85,+0.05,41.10,41.85,41.10,6000,248700,6,TPEX_CSV,2026-09-23 14:15:36 +0800
1150923,2026-09-23,上櫃,6859,伯特光,120.50,+3.00,119.00,126.00,118.50,98000,11959500,86,TPEX_CSV,2026-09-23 14:15:36 +0800
1150923,2026-09-23,上櫃,6865,偉康科技,28.20,+0.70,27.50,28.20,27.45,23000,634700,11,TPEX_CSV,2026-09-23 14:15:36 +0800
1150923,2026-09-23,上櫃,6870,騰雲,328.50,+29.50,306.50,328.50,298.50,1125000,368255000,247,TPEX_CSV,2026-09-23 14:15:36 +0800
1150923,2026-09-23,上櫃,6872,浩宇生醫,23.20,-0.60,24.05,24.45,23.00,215000,5071050,126,TPEX_CSV,2026-09-23 14:15:36 +0800
1150923,2026-09-23,上櫃,6874,倍力,69.40,+0.60,68.80,69.90,68.60,8000,552800,6,TPEX_CSV,2026-09-23 14:15:36 +0800
1150923,2026-09-23,上櫃,6875,國邑*,31.85,-0.95,32.75,33.30,31.80,249000,8028750,175,TPEX_CSV,2026-09-23 14:15:36 +0800
1150923,2026-09-23,上櫃,6877,鏵友益,126.50,+3.00,125.00,127.50,123.50,103000,12949500,76,TPEX_CSV,2026-09-23 14:15:36 +0800
1150923,2026-09-23,上櫃,6881,潤德,----,---,----,----,----,0,0,0,TPEX_CSV,2026-09-23 14:15:36 +0800
1150923,2026-09-23,上櫃,6884,海柏特,----,---,----,----,----,0,0,0,TPEX_CSV,2026-09-23 14:15:36 +0800
1150923,2026-09-23,上櫃,6894,衛司特,372.50,+2.50,371.50,372.50,367.00,33000,12206000,30,TPEX_CSV,2026-09-23 14:15:36 +0800
1150923,2026-09-23,上櫃,6895,宏碩系統,143.00,0.00,147.00,147.00,141.00,13000,1859000,12,TPEX_CSV,2026-09-23 14:15:36 +0800
1150923,2026-09-23,上櫃,6899,創為精密,49.30,-0.90,50.10,50.10,49.30,15000,745500,13,TPEX_CSV,2026-09-23 14:15:36 +0800
1150923,2026-09-23,上櫃,6903,巨漢,308.50,+5.00,305.00,313.00,303.50,230000,71006500,178,TPEX_CSV,2026-09-23 14:15:36 +0800
1150923,2026-09-23,上櫃,6904,伯鑫,120.50,+0.50,120.50,120.50,120.50,1000,120500,1,TPEX_CSV,2026-09-23 14:15:36 +0800
1150923,2026-09-23,上櫃,6907,雅特力-KY,184.50,-3.00,187.50,187.50,183.50,617000,114341500,460,TPEX_CSV,2026-09-23 14:15:36 +0800
1150923,2026-09-23,上櫃,6910,德鴻,25.50,-0.15,25.70,25.80,25.45,8000,204850,8,TPEX_CSV,2026-09-23 14:15:36 +0800
1150923,2026-09-23,上櫃,6913,鴻呈,128.00,-1.00,130.50,130.50,128.00,204000,26356000,145,TPEX_CSV,2026-09-23 14:15:36 +0800
1150923,2026-09-23,上櫃,6922,宸曜,204.50,+0.50,204.50,208.00,199.50,94000,19017500,86,TPEX_CSV,2026-09-23 14:15:36 +0800
1150923,2026-09-23,上櫃,6925,意藍,62.00,+5.60,56.80,62.00,56.70,452000,27416900,340,TPEX_CSV,2026-09-23 14:15:36 +0800
1150923,2026-09-23,上櫃,6929,佑全,22.05,+0.05,22.05,22.05,20.85,14000,307050,7,TPEX_CSV,2026-09-23 14:15:36 +0800
1150923,2026-09-23,上櫃,6945,圓祥生技,137.00,+2.00,135.00,137.50,128.00,463000,61841000,374,TPEX_CSV,2026-09-23 14:15:36 +0800
1150923,2026-09-23,上櫃,6953,家碩,235.50,-2.00,242.00,242.00,234.00,13000,3062500,13,TPEX_CSV,2026-09-23 14:15:36 +0800
1150923,2026-09-23,上櫃,6961,旅天下,47.30,-0.20,47.40,47.50,47.10,20000,945600,16,TPEX_CSV,2026-09-23 14:15:36 +0800
1150923,2026-09-23,上櫃,6967,汎瑋材料,66.40,+0.10,66.10,66.50,65.90,46000,3046200,34,TPEX_CSV,2026-09-23 14:15:36 +0800
1150923,2026-09-23,上櫃,6968,萬達寵物,41.55,0.00,41.55,41.60,41.40,55000,2283900,36,TPEX_CSV,2026-09-23 14:15:36 +0800
1150923,2026-09-23,上櫃,6971,惠民實業,23.70,0.00,23.55,23.70,23.55,22000,519750,19,TPEX_CSV,2026-09-23 14:15:36 +0800
1150923,2026-09-23,上櫃,6982,大井泵浦,43.60,+0.10,44.20,44.20,43.00,24000,1044600,22,TPEX_CSV,2026-09-23 14:15:36 +0800
1150923,2026-09-23,上櫃,6983,華洋精機,348.00,0.00,348.00,352.00,347.50,27000,9441500,25,TPEX_CSV,2026-09-23 14:15:36 +0800
1150923,2026-09-23,上櫃,6986,和迅,45.50,+0.25,45.25,45.90,44.80,127000,5759100,81,TPEX_CSV,2026-09-23 14:15:36 +0800
1150923,2026-09-23,上櫃,6996,力領科技,170.00,+1.00,171.00,173.00,169.50,41000,7016500,36,TPEX_CSV,2026-09-23 14:15:36 +0800
1150923,2026-09-23,上櫃,6997,博弘,66.70,-0.30,66.80,66.80,66.70,5000,333700,5,TPEX_CSV,2026-09-23 14:15:36 +0800
1150923,2026-09-23,上櫃,7402,邑錡,100.00,0.00,100.00,102.00,99.90,177000,17777100,119,TPEX_CSV,2026-09-23 14:15:36 +0800
1150923,2026-09-23,上櫃,7547,碩網,54.00,+2.20,52.10,54.30,52.10,99000,5267700,70,TPEX_CSV,2026-09-23 14:15:36 +0800
1150923,2026-09-23,上櫃,7556,意德士,262.00,+3.50,258.50,262.00,256.50,15000,3875500,15,TPEX_CSV,2026-09-23 14:15:36 +0800
1150923,2026-09-23,上櫃,7584,樂意,27.10,-0.85,27.35,27.80,27.10,7000,192500,7,TPEX_CSV,2026-09-23 14:15:36 +0800
1150923,2026-09-23,上櫃,7642,昶瑞機電,68.60,+0.30,68.50,69.00,68.30,9000,616700,9,TPEX_CSV,2026-09-23 14:15:36 +0800
1150923,2026-09-23,上櫃,7703,銳澤,201.00,+1.00,200.00,203.50,200.00,94000,19007000,69,TPEX_CSV,2026-09-23 14:15:36 +0800
1150923,2026-09-23,上櫃,7704,明遠精密,61.90,-0.20,62.10,62.10,61.60,17000,1051000,15,TPEX_CSV,2026-09-23 14:15:36 +0800
1150923,2026-09-23,上櫃,7708,全家餐飲,92.00,+0.10,91.90,92.00,91.90,8000,735800,8,TPEX_CSV,2026-09-23 14:15:36 +0800
1150923,2026-09-23,上櫃,7709,榮田,85.50,-1.50,89.50,89.50,84.00,118000,10131900,105,TPEX_CSV,2026-09-23 14:15:36 +0800
1150923,2026-09-23,上櫃,7712,博盛半導體,166.00,+8.50,160.00,171.00,159.00,715000,118165000,567,TPEX_CSV,2026-09-23 14:15:36 +0800
1150923,2026-09-23,上櫃,7713,威力德生醫,74.00,+0.20,73.90,74.50,73.90,12000,888500,7,TPEX_CSV,2026-09-23 14:15:36 +0800
1150923,2026-09-23,上櫃,7714,創泓科技,162.00,-1.00,163.50,165.00,161.50,197000,32020000,159,TPEX_CSV,2026-09-23 14:15:36 +0800
1150923,2026-09-23,上櫃,7715,裕山,27.20,-0.65,27.85,27.85,27.10,57000,1565250,38,TPEX_CSV,2026-09-23 14:15:36 +0800
1150923,2026-09-23,上櫃,7716,昱臺國際,23.90,-0.05,23.90,23.90,23.90,1000,23900,1,TPEX_CSV,2026-09-23 14:15:36 +0800
1150923,2026-09-23,上櫃,7717,萊德光電-KY,608.00,+13.00,601.00,631.00,596.00,1524000,937908000,1360,TPEX_CSV,2026-09-23 14:15:36 +0800
1150923,2026-09-23,上櫃,7718,友鋮,46.00,+0.35,46.75,46.75,45.70,24000,1107600,16,TPEX_CSV,2026-09-23 14:15:36 +0800
1150923,2026-09-23,上櫃,7723,築間,18.35,0.00,18.35,18.45,18.25,60000,1102550,42,TPEX_CSV,2026-09-23 14:15:36 +0800
1150923,2026-09-23,上櫃,7728,光焱科技,589.00,+13.00,580.00,591.00,576.00,36000,21010000,36,TPEX_CSV,2026-09-23 14:15:36 +0800
1150923,2026-09-23,上櫃,7734,印能科技,2580.00,+20.00,2560.00,2610.00,2550.00,109000,280575000,107,TPEX_CSV,2026-09-23 14:15:36 +0800
1150923,2026-09-23,上櫃,7738,東聯互動,156.00,-1.50,157.00,157.00,154.00,34000,5295500,28,TPEX_CSV,2026-09-23 14:15:36 +0800
1150923,2026-09-23,上櫃,7743,金利食安,25.00,0.00,25.00,25.15,24.75,53000,1321200,29,TPEX_CSV,2026-09-23 14:15:36 +0800
1150923,2026-09-23,上櫃,7744,崴寶,534.00,0.00,545.00,546.00,530.00,74000,39732000,68,TPEX_CSV,2026-09-23 14:15:36 +0800
1150923,2026-09-23,上櫃,7747,昕奇雲端,113.50,-0.50,113.50,113.50,112.00,8000,903000,8,TPEX_CSV,2026-09-23 14:15:36 +0800
1150923,2026-09-23,上櫃,7751,竑騰,1435.00,+15.00,1420.00,1440.00,1410.00,46000,65495000,46,TPEX_CSV,2026-09-23 14:15:36 +0800
1150923,2026-09-23,上櫃,7753,星亞,35.50,-0.35,35.75,35.80,35.35,11000,390950,11,TPEX_CSV,2026-09-23 14:15:36 +0800
1150923,2026-09-23,上櫃,7757,金色三麥,89.20,+0.60,88.10,90.30,86.90,26000,2293200,25,TPEX_CSV,2026-09-23 14:15:36 +0800
1150923,2026-09-23,上櫃,7767,仁大資訊,46.65,0.00,46.65,46.65,46.40,4000,186350,3,TPEX_CSV,2026-09-23 14:15:36 +0800
1150923,2026-09-23,上櫃,7770,君曜,39.50,-0.40,39.90,40.20,39.20,22000,867900,14,TPEX_CSV,2026-09-23 14:15:36 +0800
1150923,2026-09-23,上櫃,7772,耀穎,173.50,-14.50,199.00,199.00,171.00,2624000,482926000,2199,TPEX_CSV,2026-09-23 14:15:36 +0800
1150923,2026-09-23,上櫃,7777,能率亞洲,35.50,-0.25,36.00,36.00,35.50,545000,19462150,402,TPEX_CSV,2026-09-23 14:15:36 +0800
1150923,2026-09-23,上櫃,7782,光速火箭,25.30,0.00,25.30,25.30,25.30,2000,50600,2,TPEX_CSV,2026-09-23 14:15:36 +0800
1150923,2026-09-23,上櫃,7792,安葆,415.50,+37.50,378.50,415.50,378.00,2573000,1040374000,1830,TPEX_CSV,2026-09-23 14:15:36 +0800
1150923,2026-09-23,上櫃,7794,宏碁智新,30.20,-0.30,30.80,30.80,30.20,17000,515700,17,TPEX_CSV,2026-09-23 14:15:36 +0800
1150923,2026-09-23,上櫃,7805,威聯通,500.00,-5.00,504.00,508.00,499.00,32000,16033500,30,TPEX_CSV,2026-09-23 14:15:36 +0800
1150923,2026-09-23,上櫃,7810,捷創科技,234.50,+8.00,231.00,240.00,226.50,411000,96502500,362,TPEX_CSV,2026-09-23 14:15:36 +0800
1150923,2026-09-23,上櫃,7811,民盛,73.00,0.00,73.00,73.00,73.00,2000,146000,1,TPEX_CSV,2026-09-23 14:15:36 +0800
1150923,2026-09-23,上櫃,7814,海昌生技,28.20,-0.10,28.30,28.30,28.15,27000,763350,22,TPEX_CSV,2026-09-23 14:15:36 +0800
1150923,2026-09-23,上櫃,7819,精誠金融,34.40,+0.05,34.40,34.50,34.35,5000,172050,5,TPEX_CSV,2026-09-23 14:15:36 +0800
1150923,2026-09-23,上櫃,7820,立盈,106.50,+2.00,104.00,107.00,103.50,14000,1476500,13,TPEX_CSV,2026-09-23 14:15:36 +0800
1150923,2026-09-23,上櫃,7825,和亞智慧,74.80,-0.70,75.30,76.80,74.80,188000,14191700,158,TPEX_CSV,2026-09-23 14:15:36 +0800
1150923,2026-09-23,上櫃,7828,創新服務,1970.00,+50.00,1940.00,2025.00,1910.00,284000,559675000,267,TPEX_CSV,2026-09-23 14:15:36 +0800
1150923,2026-09-23,上櫃,7839,達人網,43.00,-0.30,43.00,43.30,42.95,12000,516250,11,TPEX_CSV,2026-09-23 14:15:36 +0800
1150923,2026-09-23,上櫃,7842,天能綠電,96.20,-1.10,98.50,98.50,95.20,10000,971600,8,TPEX_CSV,2026-09-23 14:15:36 +0800
1150923,2026-09-23,上櫃,7856,漢測,4730.00,0.00,4800.00,4800.00,4520.00,586000,2744705000,547,TPEX_CSV,2026-09-23 14:15:36 +0800
1150923,2026-09-23,上櫃,8024,佑華,12.55,-0.15,12.70,12.70,12.40,42000,524750,26,TPEX_CSV,2026-09-23 14:15:36 +0800
1150923,2026-09-23,上櫃,8027,鈦昇,176.50,-4.50,183.00,185.00,176.00,1426000,255993000,1176,TPEX_CSV,2026-09-23 14:15:36 +0800
1150923,2026-09-23,上櫃,8032,光菱,36.00,+0.20,35.75,36.25,35.70,19000,682300,18,TPEX_CSV,2026-09-23 14:15:36 +0800
1150923,2026-09-23,上櫃,8034,榮群,20.55,-0.40,21.10,21.10,20.55,66000,1368550,52,TPEX_CSV,2026-09-23 14:15:36 +0800
1150923,2026-09-23,上櫃,8038,長園科,32.55,+0.30,32.30,33.00,32.05,107000,3472550,84,TPEX_CSV,2026-09-23 14:15:36 +0800
1150923,2026-09-23,上櫃,8040,九暘,91.10,+6.00,86.80,93.00,85.40,6998000,631023400,5203,TPEX_CSV,2026-09-23 14:15:36 +0800
1150923,2026-09-23,上櫃,8042,金山電,111.50,0.00,112.50,115.50,111.50,1755000,197976500,1331,TPEX_CSV,2026-09-23 14:15:36 +0800
1150923,2026-09-23,上櫃,8043,蜜望實,131.50,+0.50,132.50,136.00,131.50,1092000,145630500,890,TPEX_CSV,2026-09-23 14:15:36 +0800
1150923,2026-09-23,上櫃,8044,網家,24.00,+0.35,23.85,24.00,23.75,192000,4583550,117,TPEX_CSV,2026-09-23 14:15:36 +0800
1150923,2026-09-23,上櫃,8047,星雲,45.75,0.00,42.00,45.80,42.00,43000,1855400,24,TPEX_CSV,2026-09-23 14:15:36 +0800
1150923,2026-09-23,上櫃,8048,德勝,50.00,+0.90,48.85,50.30,48.60,179000,8843450,107,TPEX_CSV,2026-09-23 14:15:36 +0800
1150923,2026-09-23,上櫃,8049,晶采,24.45,0.00,24.50,24.60,24.35,82000,2000800,34,TPEX_CSV,2026-09-23 14:15:36 +0800
1150923,2026-09-23,上櫃,8050,廣積,59.30,0.00,59.90,60.50,59.20,949000,56684800,629,TPEX_CSV,2026-09-23 14:15:36 +0800
1150923,2026-09-23,上櫃,8054,安國,84.50,-1.60,87.00,87.90,84.40,985000,84685200,746,TPEX_CSV,2026-09-23 14:15:36 +0800
1150923,2026-09-23,上櫃,8059,凱碩,17.60,-0.55,17.60,18.00,16.85,355000,6183550,221,TPEX_CSV,2026-09-23 14:15:36 +0800
1150923,2026-09-23,上櫃,8064,東捷,133.00,-1.00,135.00,137.50,133.00,4482000,604391500,3298,TPEX_CSV,2026-09-23 14:15:36 +0800
1150923,2026-09-23,上櫃,8066,來思達,15.15,-0.05,15.15,15.15,14.90,6000,90450,6,TPEX_CSV,2026-09-23 14:15:36 +0800
1150923,2026-09-23,上櫃,8067,志旭,11.25,-0.30,11.50,11.55,11.25,21000,239850,14,TPEX_CSV,2026-09-23 14:15:36 +0800
1150923,2026-09-23,上櫃,8068,全達,18.50,+0.85,18.35,18.95,18.00,1681000,31085650,1151,TPEX_CSV,2026-09-23 14:15:36 +0800
1150923,2026-09-23,上櫃,8069,元太,144.00,-1.00,146.50,148.00,144.00,5691000,826263000,3463,TPEX_CSV,2026-09-23 14:15:36 +0800
1150923,2026-09-23,上櫃,8071,能率網通,21.80,-0.05,21.85,22.05,21.80,127000,2780000,92,TPEX_CSV,2026-09-23 14:15:36 +0800
1150923,2026-09-23,上櫃,8074,鉅橡,50.60,-1.10,52.00,52.00,50.50,185000,9416200,157,TPEX_CSV,2026-09-23 14:15:36 +0800
1150923,2026-09-23,上櫃,8076,伍豐,21.50,+0.10,21.40,21.60,21.40,370000,7956150,212,TPEX_CSV,2026-09-23 14:15:36 +0800
1150923,2026-09-23,上櫃,8077,洛碁,----,---,----,----,----,0,0,0,TPEX_CSV,2026-09-23 14:15:36 +0800
1150923,2026-09-23,上櫃,8080,泰霖,28.15,0.00,28.20,29.10,28.10,29000,821450,21,TPEX_CSV,2026-09-23 14:15:36 +0800
1150923,2026-09-23,上櫃,8083,瑞穎,155.00,-1.00,156.00,156.00,154.50,57000,8833500,42,TPEX_CSV,2026-09-23 14:15:36 +0800
1150923,2026-09-23,上櫃,8084,巨虹,36.75,-4.05,40.70,40.70,36.75,3230000,121004100,1631,TPEX_CSV,2026-09-23 14:15:36 +0800
1150923,2026-09-23,上櫃,8085,福華,14.20,-0.30,14.50,14.50,14.10,140000,1988750,77,TPEX_CSV,2026-09-23 14:15:36 +0800
1150923,2026-09-23,上櫃,8086,宏捷科,109.00,-1.00,111.00,112.00,108.50,1393000,152932000,986,TPEX_CSV,2026-09-23 14:15:36 +0800
1150923,2026-09-23,上櫃,8087,麗升能源,24.45,-0.35,24.75,24.75,24.45,2000,49200,2,TPEX_CSV,2026-09-23 14:15:36 +0800
1150923,2026-09-23,上櫃,8088,品安,42.20,0.00,42.80,43.00,42.20,204000,8650200,158,TPEX_CSV,2026-09-23 14:15:36 +0800
1150923,2026-09-23,上櫃,8089,康全電訊,19.50,+0.35,19.15,19.70,19.15,119000,2306450,89,TPEX_CSV,2026-09-23 14:15:36 +0800
1150923,2026-09-23,上櫃,8091,翔名,216.00,+0.50,218.00,218.00,215.50,162000,35036000,130,TPEX_CSV,2026-09-23 14:15:36 +0800
1150923,2026-09-23,上櫃,8092,建暐,12.95,+0.15,12.90,13.05,12.65,156000,1996350,48,TPEX_CSV,2026-09-23 14:15:36 +0800
1150923,2026-09-23,上櫃,8093,保銳,23.85,-0.25,24.55,24.55,23.85,2000,48400,2,TPEX_CSV,2026-09-23 14:15:36 +0800
1150923,2026-09-23,上櫃,8096,擎亞,83.90,-0.30,85.60,86.40,83.40,3087000,260365500,2118,TPEX_CSV,2026-09-23 14:15:36 +0800
1150923,2026-09-23,上櫃,8097,常珵,48.70,-0.55,49.40,49.40,48.70,36000,1760950,33,TPEX_CSV,2026-09-23 14:15:36 +0800
1150923,2026-09-23,上櫃,8099,大世科,60.50,-0.10,60.60,60.60,60.10,24000,1450600,21,TPEX_CSV,2026-09-23 14:15:36 +0800
1150923,2026-09-23,上櫃,8102,傑霖科技,60.10,-0.90,61.00,61.00,60.00,6000,362400,6,TPEX_CSV,2026-09-23 14:15:36 +0800
1150923,2026-09-23,上櫃,8107,大億金茂,12.20,+0.10,12.10,12.20,12.00,38000,458900,16,TPEX_CSV,2026-09-23 14:15:36 +0800
1150923,2026-09-23,上櫃,8109,博大,132.00,+1.00,131.00,132.00,130.50,126000,16492500,87,TPEX_CSV,2026-09-23 14:15:36 +0800
1150923,2026-09-23,上櫃,8111,立碁,74.10,-3.40,76.50,77.40,74.10,7806000,588499100,5031,TPEX_CSV,2026-09-23 14:15:36 +0800
1150923,2026-09-23,上櫃,8121,越峰,27.90,-0.05,28.00,28.55,27.90,461000,12993500,282,TPEX_CSV,2026-09-23 14:15:36 +0800
1150923,2026-09-23,上櫃,8147,正淩,137.50,0.00,136.50,139.50,135.00,157000,21609500,135,TPEX_CSV,2026-09-23 14:15:36 +0800
1150923,2026-09-23,上櫃,8155,博智,347.00,+2.50,350.50,351.00,335.50,649000,224394000,548,TPEX_CSV,2026-09-23 14:15:36 +0800
1150923,2026-09-23,上櫃,8171,天宇,20.65,+0.05,20.75,21.20,20.60,257000,5352350,133,TPEX_CSV,2026-09-23 14:15:36 +0800
1150923,2026-09-23,上櫃,8176,智捷,9.78,+0.01,9.72,9.86,9.68,105000,1024810,50,TPEX_CSV,2026-09-23 14:15:36 +0800
1150923,2026-09-23,上櫃,8182,加高,40.45,+0.75,40.05,41.95,39.30,2556000,104426600,1858,TPEX_CSV,2026-09-23 14:15:36 +0800
1150923,2026-09-23,上櫃,8227,巨有科技,310.00,+5.00,308.50,310.00,290.00,905000,269273500,727,TPEX_CSV,2026-09-23 14:15:36 +0800
1150923,2026-09-23,上櫃,8234,新漢,60.70,-0.40,61.80,61.80,60.70,215000,13128200,178,TPEX_CSV,2026-09-23 14:15:36 +0800
1150923,2026-09-23,上櫃,8240,華宏,52.00,+0.10,51.90,52.70,50.60,548000,28199500,410,TPEX_CSV,2026-09-23 14:15:36 +0800
1150923,2026-09-23,上櫃,8255,朋程,141.00,+1.50,141.50,148.00,141.00,1005000,145027500,781,TPEX_CSV,2026-09-23 14:15:36 +0800
1150923,2026-09-23,上櫃,8272,全景軟體,64.80,-0.50,64.50,64.80,63.60,9000,578600,9,TPEX_CSV,2026-09-23 14:15:36 +0800
1150923,2026-09-23,上櫃,8277,商丞,15.75,-0.25,15.65,16.00,15.55,75000,1182700,44,TPEX_CSV,2026-09-23 14:15:36 +0800
1150923,2026-09-23,上櫃,8279,生展,78.10,0.00,78.10,78.90,78.00,12000,941200,11,TPEX_CSV,2026-09-23 14:15:36 +0800
1150923,2026-09-23,上櫃,8284,三竹,68.30,-0.70,68.30,68.30,68.30,1000,68300,1,TPEX_CSV,2026-09-23 14:15:36 +0800
1150923,2026-09-23,上櫃,8289,泰藝,44.45,+0.15,44.65,45.80,43.95,661000,29715850,483,TPEX_CSV,2026-09-23 14:15:36 +0800
1150923,2026-09-23,上櫃,8291,尚茂,29.80,+0.35,29.50,29.80,29.10,12000,353100,11,TPEX_CSV,2026-09-23 14:15:36 +0800
1150923,2026-09-23,上櫃,8299,群聯,2215.00,+30.00,2280.00,2350.00,2200.00,7052000,15930305000,6051,TPEX_CSV,2026-09-23 14:15:36 +0800
1150923,2026-09-23,上櫃,8342,益張,85.20,+1.70,85.20,85.30,85.20,5000,426200,4,TPEX_CSV,2026-09-23 14:15:36 +0800
1150923,2026-09-23,上櫃,8349,恒耀,38.45,+0.50,37.95,38.45,37.70,112000,4270750,63,TPEX_CSV,2026-09-23 14:15:36 +0800
1150923,2026-09-23,上櫃,8354,冠好,17.20,-0.15,17.00,17.20,16.95,8000,136150,4,TPEX_CSV,2026-09-23 14:15:36 +0800
1150923,2026-09-23,上櫃,8358,金居,497.00,+5.50,498.00,502.00,490.00,1893000,939708500,1539,TPEX_CSV,2026-09-23 14:15:36 +0800
1150923,2026-09-23,上櫃,8383,千附,66.10,-0.30,66.60,67.00,66.00,431000,28543200,316,TPEX_CSV,2026-09-23 14:15:36 +0800
1150923,2026-09-23,上櫃,8390,金益鼎,90.40,0.00,90.40,91.00,90.20,193000,17479900,117,TPEX_CSV,2026-09-23 14:15:36 +0800
1150923,2026-09-23,上櫃,8401,白紗科,22.55,0.00,22.60,22.60,22.50,35000,788450,18,TPEX_CSV,2026-09-23 14:15:36 +0800
1150923,2026-09-23,上櫃,8403,盛弘,19.00,+0.05,19.00,19.20,18.95,81000,1538900,64,TPEX_CSV,2026-09-23 14:15:36 +0800
1150923,2026-09-23,上櫃,8409,商之器,18.30,+0.30,18.10,18.35,18.10,6000,109550,4,TPEX_CSV,2026-09-23 14:15:36 +0800
1150923,2026-09-23,上櫃,8410,森田,28.20,-0.50,28.70,28.70,27.80,246000,6934050,189,TPEX_CSV,2026-09-23 14:15:36 +0800
1150923,2026-09-23,上櫃,8415,大國鋼,35.15,+0.20,35.10,35.30,35.05,112000,3940050,87,TPEX_CSV,2026-09-23 14:15:36 +0800
1150923,2026-09-23,上櫃,8416,實威,168.50,0.00,168.50,168.50,168.50,2000,337000,2,TPEX_CSV,2026-09-23 14:15:36 +0800
1150923,2026-09-23,上櫃,8421,旭源,12.80,0.00,12.80,12.90,12.70,56000,715750,35,TPEX_CSV,2026-09-23 14:15:36 +0800
1150923,2026-09-23,上櫃,8423,保綠-KY,17.95,-0.05,18.10,18.10,17.95,21000,378700,12,TPEX_CSV,2026-09-23 14:15:36 +0800
1150923,2026-09-23,上櫃,8424,惠普,68.80,-0.10,68.80,68.80,68.80,2000,137600,2,TPEX_CSV,2026-09-23 14:15:36 +0800
1150923,2026-09-23,上櫃,8426,紅木-KY,20.50,-0.10,20.45,20.60,20.30,15000,306550,14,TPEX_CSV,2026-09-23 14:15:36 +0800
1150923,2026-09-23,上櫃,8431,匯鑽科,63.20,-0.80,64.00,64.60,62.30,1088000,68948800,752,TPEX_CSV,2026-09-23 14:15:36 +0800
1150923,2026-09-23,上櫃,8432,東生華,50.70,+0.10,50.40,50.70,50.10,22000,1108900,20,TPEX_CSV,2026-09-23 14:15:36 +0800
1150923,2026-09-23,上櫃,8433,弘帆,52.80,-0.20,53.00,53.00,52.80,15000,792600,12,TPEX_CSV,2026-09-23 14:15:36 +0800
1150923,2026-09-23,上櫃,8435,鉅邁,52.80,-0.10,52.80,53.00,52.80,31000,1638000,27,TPEX_CSV,2026-09-23 14:15:36 +0800
1150923,2026-09-23,上櫃,8436,大江,105.00,-1.00,105.00,106.50,105.00,342000,36066000,256,TPEX_CSV,2026-09-23 14:15:36 +0800
1150923,2026-09-23,上櫃,8437,大地-KY,9.87,+0.84,9.10,9.89,9.08,58000,537790,33,TPEX_CSV,2026-09-23 14:15:36 +0800
1150923,2026-09-23,上櫃,8440,綠電,20.35,+0.30,20.05,20.35,20.05,45000,907400,31,TPEX_CSV,2026-09-23 14:15:36 +0800
1150923,2026-09-23,上櫃,8444,綠河-KY,4.44,-0.07,4.35,4.44,4.30,5000,21830,5,TPEX_CSV,2026-09-23 14:15:36 +0800
1150923,2026-09-23,上櫃,8446,華研,84.10,-0.10,84.70,85.00,84.10,24000,2023800,22,TPEX_CSV,2026-09-23 14:15:36 +0800
1150923,2026-09-23,上櫃,8450,霹靂,14.30,+0.10,14.65,14.65,14.20,22000,314150,19,TPEX_CSV,2026-09-23 14:15:36 +0800
1150923,2026-09-23,上櫃,8455,大拓-KY,22.35,0.00,22.35,22.35,22.35,10000,223500,5,TPEX_CSV,2026-09-23 14:15:36 +0800
1150923,2026-09-23,上櫃,8472,納維康,78.30,0.00,78.00,78.30,78.00,4000,312900,4,TPEX_CSV,2026-09-23 14:15:36 +0800
1150923,2026-09-23,上櫃,8477,創業家,14.50,+0.25,14.25,14.50,14.25,32000,459300,20,TPEX_CSV,2026-09-23 14:15:36 +0800
1150923,2026-09-23,上櫃,8489,三貝德,22.65,-0.75,23.40,23.40,22.50,147000,3376900,110,TPEX_CSV,2026-09-23 14:15:36 +0800
1150923,2026-09-23,上櫃,8905,裕國,34.80,+0.05,35.00,35.00,34.80,5000,174600,4,TPEX_CSV,2026-09-23 14:15:36 +0800
1150923,2026-09-23,上櫃,8906,花王,29.45,-0.35,29.00,29.45,29.00,9000,261950,5,TPEX_CSV,2026-09-23 14:15:36 +0800
1150923,2026-09-23,上櫃,8908,欣雄,40.00,-0.50,40.50,40.50,40.00,71000,2861550,32,TPEX_CSV,2026-09-23 14:15:36 +0800
1150923,2026-09-23,上櫃,8916,光隆,40.90,-0.05,40.95,40.95,40.75,20000,817950,18,TPEX_CSV,2026-09-23 14:15:36 +0800
1150923,2026-09-23,上櫃,8917,欣泰,55.00,+0.50,54.00,55.00,54.00,8000,439000,4,TPEX_CSV,2026-09-23 14:15:36 +0800
1150923,2026-09-23,上櫃,8921,沈氏,----,---,----,----,----,0,0,0,TPEX_CSV,2026-09-23 14:15:36 +0800
1150923,2026-09-23,上櫃,8923,時報,----,---,----,----,----,0,0,0,TPEX_CSV,2026-09-23 14:15:36 +0800
1150923,2026-09-23,上櫃,8924,大田,49.50,-0.45,49.90,49.90,49.50,39000,1933350,36,TPEX_CSV,2026-09-23 14:15:36 +0800
1150923,2026-09-23,上櫃,8927,北基,19.10,-0.05,19.10,19.25,18.85,174000,3314800,95,TPEX_CSV,2026-09-23 14:15:36 +0800
1150923,2026-09-23,上櫃,8928,鉅明,23.00,-0.40,23.40,23.40,23.00,27000,622650,13,TPEX_CSV,2026-09-23 14:15:36 +0800
1150923,2026-09-23,上櫃,8929,富堡,12.80,-0.05,12.85,12.90,12.75,13000,166700,12,TPEX_CSV,2026-09-23 14:15:36 +0800
1150923,2026-09-23,上櫃,8930,青鋼,28.90,-0.30,29.00,29.00,28.50,32000,920250,24,TPEX_CSV,2026-09-23 14:15:36 +0800
1150923,2026-09-23,上櫃,8931,大汽電,43.00,-0.05,43.20,43.20,42.60,100000,4291200,54,TPEX_CSV,2026-09-23 14:15:36 +0800
1150923,2026-09-23,上櫃,8932,智通*,93.20,-0.50,95.10,95.10,92.20,1063000,99738800,443,TPEX_CSV,2026-09-23 14:15:36 +0800
1150923,2026-09-23,上櫃,8933,愛地雅,4.50,+0.15,4.36,4.50,4.36,84000,375890,42,TPEX_CSV,2026-09-23 14:15:36 +0800
1150923,2026-09-23,上櫃,8935,邦泰,17.30,+0.05,17.30,17.50,17.25,73000,1265900,42,TPEX_CSV,2026-09-23 14:15:36 +0800
1150923,2026-09-23,上櫃,8936,國統,52.00,0.00,52.40,52.40,51.90,595000,30980400,366,TPEX_CSV,2026-09-23 14:15:36 +0800
1150923,2026-09-23,上櫃,8937,合騏*,27.20,-0.50,27.40,27.65,27.15,89000,2433800,70,TPEX_CSV,2026-09-23 14:15:36 +0800
1150923,2026-09-23,上櫃,8938,明安,52.30,-0.60,52.90,53.00,52.30,53000,2789900,51,TPEX_CSV,2026-09-23 14:15:36 +0800
1150923,2026-09-23,上櫃,8941,關中,43.95,-0.05,43.95,44.00,43.95,3000,131900,3,TPEX_CSV,2026-09-23 14:15:36 +0800
1150923,2026-09-23,上櫃,8942,森鉅,40.60,-0.10,40.70,40.70,40.55,118000,4794950,70,TPEX_CSV,2026-09-23 14:15:36 +0800
1150923,2026-09-23,上櫃,9949,琉園,24.00,+0.10,23.95,24.65,23.95,117000,2860450,33,TPEX_CSV,2026-09-23 14:15:36 +0800
1150923,2026-09-23,上櫃,9950,萬國通,10.15,0.00,10.15,10.15,10.15,16000,162400,7,TPEX_CSV,2026-09-23 14:15:36 +0800
1150923,2026-09-23,上櫃,9951,皇田,48.00,-0.20,48.10,48.20,47.95,58000,2786450,39,TPEX_CSV,2026-09-23 14:15:36 +0800
1150923,2026-09-23,上櫃,9960,邁達康,37.60,+2.35,35.25,38.70,32.75,176000,6369100,140,TPEX_CSV,2026-09-23 14:15:36 +0800
1150923,2026-09-23,上櫃,9962,有益,10.00,+0.03,9.97,10.00,9.92,62000,617880,38,TPEX_CSV,2026-09-23 14:15:36 +0800
