日期,西元日期,市場,股票代號,股票名稱,收盤價,漲跌,開盤價,最高價,最低價,成交股數,成交金額,成交筆數,資料來源,下載時間
1150727,2026-07-27,上市,00400A,主動國泰動能高息,13.44,0.0300,13.42,13.45,13.07,36915000,488727450,6912,TWSE_CSV,2026-07-27 14:15:36 +0800
1150727,2026-07-27,上市,00401A,主動摩根台灣鑫收,12.85,-0.0600,12.91,12.91,12.65,10768000,137444470,415,TWSE_CSV,2026-07-27 14:15:36 +0800
1150727,2026-07-27,上市,00402A,主動安聯美國科技,9.59,-0.0400,9.60,9.60,9.56,4995000,47832950,545,TWSE_CSV,2026-07-27 14:15:36 +0800
1150727,2026-07-27,上市,00403A,主動統一升級50,9.62,-0.0100,9.63,9.64,9.40,209575000,1989922100,41152,TWSE_CSV,2026-07-27 14:15:36 +0800
1150727,2026-07-27,上市,00404A,主動聯博動能50,9.36,-0.0400,9.40,9.40,9.20,10154000,94325460,529,TWSE_CSV,2026-07-27 14:15:36 +0800
1150727,2026-07-27,上市,00405A,主動富邦台灣龍耀,7.93,0.0500,7.88,7.93,7.64,56601000,439832360,8528,TWSE_CSV,2026-07-27 14:15:36 +0800
1150727,2026-07-27,上市,00406A,主動中信台灣收益,9.13,-0.0700,9.21,9.21,8.94,123913000,1119561510,18447,TWSE_CSV,2026-07-27 14:15:36 +0800
1150727,2026-07-27,上市,00407A,主動凱基台灣,8.92,-0.0100,8.93,8.93,8.67,43510000,382326830,6930,TWSE_CSV,2026-07-27 14:15:36 +0800
1150727,2026-07-27,上市,00408A,主動第一金優股息,9.93,0.0100,9.91,9.93,9.77,1571000,15446740,422,TWSE_CSV,2026-07-27 14:15:36 +0800
1150727,2026-07-27,上市,0050,元大台灣50,101.45,-0.2500,101.30,101.60,100.05,100752000,10154960800,37211,TWSE_CSV,2026-07-27 14:15:36 +0800
1150727,2026-07-27,上市,0051,元大中型100,137.00,-0.9500,136.50,137.00,135.00,50000,6797050,43,TWSE_CSV,2026-07-27 14:15:36 +0800
1150727,2026-07-27,上市,0052,富邦科技,59.30,-0.2000,59.20,59.45,58.50,15253000,899518500,5534,TWSE_CSV,2026-07-27 14:15:36 +0800
1150727,2026-07-27,上市,0053,元大電子,227.15,-1.7000,227.05,227.15,224.20,23000,5186750,14,TWSE_CSV,2026-07-27 14:15:36 +0800
1150727,2026-07-27,上市,0055,元大MSCI金融,43.29,0.7400,42.50,43.30,42.50,483000,20791250,214,TWSE_CSV,2026-07-27 14:15:36 +0800
1150727,2026-07-27,上市,0056,元大高股息,50.00,-0.2000,50.15,50.25,49.32,55461000,2758780330,23206,TWSE_CSV,2026-07-27 14:15:36 +0800
1150727,2026-07-27,上市,0057,富邦摩台,301.40,-2.3000,299.95,301.95,299.95,6000,1805350,5,TWSE_CSV,2026-07-27 14:15:36 +0800
1150727,2026-07-27,上市,0061,元大寶滬深,24.83,-0.0900,24.82,25.00,24.80,28000,697810,25,TWSE_CSV,2026-07-27 14:15:36 +0800
1150727,2026-07-27,上市,006203,元大MSCI台灣,183.80,-0.0500,181.55,183.80,181.55,37000,6789600,12,TWSE_CSV,2026-07-27 14:15:36 +0800
1150727,2026-07-27,上市,006204,永豐臺灣加權,216.15,-2.6500,216.25,216.25,216.15,41000,8862250,5,TWSE_CSV,2026-07-27 14:15:36 +0800
1150727,2026-07-27,上市,006205,富邦上証,40.96,-0.3000,41.26,41.26,40.83,229000,9395790,107,TWSE_CSV,2026-07-27 14:15:36 +0800
1150727,2026-07-27,上市,006206,元大上證50,38.41,-0.1800,38.59,38.65,38.31,57000,2194190,22,TWSE_CSV,2026-07-27 14:15:36 +0800
1150727,2026-07-27,上市,006207,復華滬深,33.12,-0.0900,33.11,33.26,33.03,110000,3650160,12,TWSE_CSV,2026-07-27 14:15:36 +0800
1150727,2026-07-27,上市,006208,富邦台50,232.75,-0.2500,232.20,232.90,229.15,2601000,601197550,1261,TWSE_CSV,2026-07-27 14:15:36 +0800
1150727,2026-07-27,上市,00625K,富邦上証+R,8.73,0.0000,8.73,8.73,8.73,10000,87300,3,TWSE_CSV,2026-07-27 14:15:36 +0800
1150727,2026-07-27,上市,00631L,元大台灣50正2,33.54,0.0400,33.30,33.59,32.66,175381000,5809205910,42730,TWSE_CSV,2026-07-27 14:15:36 +0800
1150727,2026-07-27,上市,00632R,元大台灣50反1,10.56,-0.0100,10.59,10.74,10.55,172027000,1829011040,12084,TWSE_CSV,2026-07-27 14:15:36 +0800
1150727,2026-07-27,上市,00633L,富邦上証正2,50.35,-0.1500,50.20,50.65,49.81,4076000,205231260,270,TWSE_CSV,2026-07-27 14:15:36 +0800
1150727,2026-07-27,上市,00634R,富邦上証反1,3.08,0.0000,3.09,3.09,3.07,139000,427840,19,TWSE_CSV,2026-07-27 14:15:36 +0800
1150727,2026-07-27,上市,00635U,期元大S&P黃金,42.59,0.6400,42.73,42.77,42.54,1534000,65463250,820,TWSE_CSV,2026-07-27 14:15:36 +0800
1150727,2026-07-27,上市,00636,國泰中國A50,28.76,-0.0500,28.83,28.84,28.61,390000,11224910,67,TWSE_CSV,2026-07-27 14:15:36 +0800
1150727,2026-07-27,上市,00636K,國泰中國A50+U,8.92,-0.0200,8.92,8.92,8.92,200,1784,2,TWSE_CSV,2026-07-27 14:15:36 +0800
1150727,2026-07-27,上市,00637L,元大滬深300正2,21.00,-0.0500,21.06,21.12,20.80,12819000,269019990,1383,TWSE_CSV,2026-07-27 14:15:36 +0800
1150727,2026-07-27,上市,00638R,元大滬深300反1,6.60,0.0100,6.59,6.65,6.59,139000,918600,15,TWSE_CSV,2026-07-27 14:15:36 +0800
1150727,2026-07-27,上市,00639,富邦深100,17.20,0.0300,17.17,17.31,17.02,541000,9291050,90,TWSE_CSV,2026-07-27 14:15:36 +0800
1150727,2026-07-27,上市,00640L,富邦日本正2,106.55,2.9000,104.90,106.85,104.80,254000,26969000,69,TWSE_CSV,2026-07-27 14:15:36 +0800
1150727,2026-07-27,上市,00641R,富邦日本反1,3.74,-0.0300,3.77,3.78,3.73,1039000,3888950,96,TWSE_CSV,2026-07-27 14:15:36 +0800
1150727,2026-07-27,上市,00642U,期元大S&P石油,27.78,-2.3600,27.87,28.15,27.76,7722000,215662470,1556,TWSE_CSV,2026-07-27 14:15:36 +0800
1150727,2026-07-27,上市,00643,群益深証中小,18.85,0.0200,18.81,19.01,18.65,1974000,37353530,95,TWSE_CSV,2026-07-27 14:15:36 +0800
1150727,2026-07-27,上市,00643K,群益深証中小+R,3.93,-0.0200,3.93,3.93,3.93,1000,3930,1,TWSE_CSV,2026-07-27 14:15:36 +0800
1150727,2026-07-27,上市,00645,富邦日本,57.45,1.0000,56.85,57.45,56.85,199000,11371650,144,TWSE_CSV,2026-07-27 14:15:36 +0800
1150727,2026-07-27,上市,00646,元大S&P500,76.20,0.7000,76.00,76.20,75.80,2457000,186792050,846,TWSE_CSV,2026-07-27 14:15:36 +0800
1150727,2026-07-27,上市,00647L,元大S&P500正2,134.15,2.3000,133.25,134.15,133.20,14000,1871000,10,TWSE_CSV,2026-07-27 14:15:36 +0800
1150727,2026-07-27,上市,00648R,元大S&P500反1,4.05,-0.0300,4.06,4.06,4.04,244000,987240,48,TWSE_CSV,2026-07-27 14:15:36 +0800
1150727,2026-07-27,上市,00650L,復華香港正2,17.00,0.3300,16.87,17.05,16.68,3004000,50903430,402,TWSE_CSV,2026-07-27 14:15:36 +0800
1150727,2026-07-27,上市,00651R,復華香港反1,5.25,-0.0700,5.30,5.31,5.25,148000,780900,20,TWSE_CSV,2026-07-27 14:15:36 +0800
1150727,2026-07-27,上市,00652,富邦印度,33.12,0.5700,32.58,33.17,32.58,461000,15226670,166,TWSE_CSV,2026-07-27 14:15:36 +0800
1150727,2026-07-27,上市,00653L,富邦印度正2,46.09,1.0100,46.00,46.21,45.80,97000,4469370,52,TWSE_CSV,2026-07-27 14:15:36 +0800
1150727,2026-07-27,上市,00654R,富邦印度反1,6.82,-0.0600,6.83,6.83,6.80,79000,537950,12,TWSE_CSV,2026-07-27 14:15:36 +0800
1150727,2026-07-27,上市,00655L,國泰中國A50正2,35.29,-0.0500,35.30,35.43,34.84,1801000,63446710,158,TWSE_CSV,2026-07-27 14:15:36 +0800
1150727,2026-07-27,上市,00656R,國泰中國A50反1,5.82,-0.0200,5.85,5.87,5.82,35000,204880,10,TWSE_CSV,2026-07-27 14:15:36 +0800
1150727,2026-07-27,上市,00657,國泰日經225,76.05,0.3000,75.90,76.15,75.80,59000,4474300,10,TWSE_CSV,2026-07-27 14:15:36 +0800
1150727,2026-07-27,上市,00657K,國泰日經225+U,23.44,0.0600,23.44,23.44,23.44,200,4688,2,TWSE_CSV,2026-07-27 14:15:36 +0800
1150727,2026-07-27,上市,00660,元大歐洲50,45.99,0.7000,45.74,45.99,45.74,9000,413500,7,TWSE_CSV,2026-07-27 14:15:36 +0800
1150727,2026-07-27,上市,00661,元大日經225,83.95,0.5000,83.45,84.00,82.85,129000,10790000,70,TWSE_CSV,2026-07-27 14:15:36 +0800
1150727,2026-07-27,上市,00662,富邦NASDAQ,118.80,0.5000,118.50,118.80,118.10,2794000,330815350,888,TWSE_CSV,2026-07-27 14:15:36 +0800
1150727,2026-07-27,上市,00663L,國泰臺灣加權正2,96.00,0.0500,95.25,96.20,93.15,7513000,710924050,2498,TWSE_CSV,2026-07-27 14:15:36 +0800
1150727,2026-07-27,上市,00664R,國泰臺灣加權反1,1.70,-0.0100,1.71,1.74,1.70,18849000,32410920,920,TWSE_CSV,2026-07-27 14:15:36 +0800
1150727,2026-07-27,上市,00665L,富邦恒生國企正2,9.31,0.1800,9.19,9.35,9.11,11797000,109196000,946,TWSE_CSV,2026-07-27 14:15:36 +0800
1150727,2026-07-27,上市,00666R,富邦恒生國企反1,9.17,-0.1300,9.20,9.20,9.17,8000,73410,6,TWSE_CSV,2026-07-27 14:15:36 +0800
1150727,2026-07-27,上市,00668,國泰美國道瓊,61.85,0.7000,60.70,61.85,60.70,21000,1291900,10,TWSE_CSV,2026-07-27 14:15:36 +0800
1150727,2026-07-27,上市,00668K,國泰美國道瓊+U,19.01,0.0800,19.01,19.01,19.01,200,3802,2,TWSE_CSV,2026-07-27 14:15:36 +0800
1150727,2026-07-27,上市,00669R,國泰美國道瓊反1,5.31,-0.0600,5.32,5.35,5.31,699000,3723330,73,TWSE_CSV,2026-07-27 14:15:36 +0800
1150727,2026-07-27,上市,00670L,富邦NASDAQ正2,190.00,1.1500,189.10,190.10,188.00,584000,110445500,295,TWSE_CSV,2026-07-27 14:15:36 +0800
1150727,2026-07-27,上市,00671R,富邦NASDAQ反1,2.51,-0.0200,2.52,2.54,2.51,4734000,11935160,197,TWSE_CSV,2026-07-27 14:15:36 +0800
1150727,2026-07-27,上市,00673R,期元大S&P原油反1,12.72,0.9200,12.62,12.73,12.57,41870000,529097580,4154,TWSE_CSV,2026-07-27 14:15:36 +0800
1150727,2026-07-27,上市,00674R,期元大S&P黃金反1,30.08,-0.4800,29.91,30.09,29.91,86000,2579570,24,TWSE_CSV,2026-07-27 14:15:36 +0800
1150727,2026-07-27,上市,00675L,富邦臺灣加權正2,290.05,0.4500,287.65,290.60,281.10,1483000,424105050,731,TWSE_CSV,2026-07-27 14:15:36 +0800
1150727,2026-07-27,上市,00676R,富邦臺灣加權反1,5.83,-0.0200,5.85,5.93,5.82,7924000,46570710,595,TWSE_CSV,2026-07-27 14:15:36 +0800
1150727,2026-07-27,上市,00678,群益那斯達克生技,40.79,0.3800,40.51,40.79,40.51,496000,20190300,44,TWSE_CSV,2026-07-27 14:15:36 +0800
1150727,2026-07-27,上市,00680L,元大美債20正2,6.69,0.1000,6.66,6.69,6.66,10996000,73360600,475,TWSE_CSV,2026-07-27 14:15:36 +0800
1150727,2026-07-27,上市,00681R,元大美債20反1,21.49,-0.2300,21.53,21.54,21.49,244000,5251460,15,TWSE_CSV,2026-07-27 14:15:36 +0800
1150727,2026-07-27,上市,00682U,期元大美元指數,0.00,0.0000,0.00,0.00,0.00,0,0,0,TWSE_CSV,2026-07-27 14:15:36 +0800
1150727,2026-07-27,上市,00683L,期元大美元指正2,22.12,-0.1600,22.11,22.12,22.11,14000,309670,3,TWSE_CSV,2026-07-27 14:15:36 +0800
1150727,2026-07-27,上市,00684R,期元大美元指反1,14.85,0.0400,14.85,14.85,14.85,2000,29700,2,TWSE_CSV,2026-07-27 14:15:36 +0800
1150727,2026-07-27,上市,00685L,群益臺灣加權正2,10.96,0.0100,10.88,10.98,10.63,228544000,2466825450,37857,TWSE_CSV,2026-07-27 14:15:36 +0800
1150727,2026-07-27,上市,00686R,群益臺灣加權反1,1.05,0.0100,1.05,1.06,1.04,10690000,11228270,210,TWSE_CSV,2026-07-27 14:15:36 +0800
1150727,2026-07-27,上市,00688L,國泰20年美債正2,6.66,0.1100,6.64,6.66,6.63,5270000,35012860,272,TWSE_CSV,2026-07-27 14:15:36 +0800
1150727,2026-07-27,上市,00689R,國泰20年美債反1,22.60,-0.1700,22.60,22.60,22.60,1000,22600,1,TWSE_CSV,2026-07-27 14:15:36 +0800
1150727,2026-07-27,上市,00690,兆豐藍籌30,73.80,-0.4500,73.95,73.95,72.30,313000,22775850,105,TWSE_CSV,2026-07-27 14:15:36 +0800
1150727,2026-07-27,上市,00692,富邦公司治理,87.10,-0.0500,86.95,87.10,86.05,1903000,164456850,330,TWSE_CSV,2026-07-27 14:15:36 +0800
1150727,2026-07-27,上市,00693U,期街口S&P黃豆,22.67,-0.2200,22.74,22.75,22.67,1225000,27821120,265,TWSE_CSV,2026-07-27 14:15:36 +0800
1150727,2026-07-27,上市,00700,富邦恒生國企,17.42,0.2600,17.30,17.44,17.20,350000,6047500,58,TWSE_CSV,2026-07-27 14:15:36 +0800
1150727,2026-07-27,上市,00701,國泰股利精選30,38.53,0.3000,38.00,38.53,38.00,480000,18382870,205,TWSE_CSV,2026-07-27 14:15:36 +0800
1150727,2026-07-27,上市,00702,國泰標普低波高息,25.06,0.0600,25.01,25.10,25.00,128000,3205180,13,TWSE_CSV,2026-07-27 14:15:36 +0800
1150727,2026-07-27,上市,00703,台新MSCI中國,19.59,0.1500,19.72,19.72,19.35,36000,701290,11,TWSE_CSV,2026-07-27 14:15:36 +0800
1150727,2026-07-27,上市,00706L,期元大S&P日圓正2,18.10,0.0500,18.12,18.12,18.08,1284000,23244240,108,TWSE_CSV,2026-07-27 14:15:36 +0800
1150727,2026-07-27,上市,00707R,期元大S&P日圓反1,0.00,0.0000,0.00,0.00,0.00,0,0,0,TWSE_CSV,2026-07-27 14:15:36 +0800
1150727,2026-07-27,上市,00708L,期元大S&P黃金正2,71.65,2.1500,72.15,72.35,71.50,2481000,178577650,961,TWSE_CSV,2026-07-27 14:15:36 +0800
1150727,2026-07-27,上市,00709,富邦歐洲,41.16,0.6100,41.03,41.20,40.91,30000,1232070,25,TWSE_CSV,2026-07-27 14:15:36 +0800
1150727,2026-07-27,上市,00710B,復華彭博非投等債,19.21,0.0000,19.21,19.23,19.21,117000,2248630,12,TWSE_CSV,2026-07-27 14:15:36 +0800
1150727,2026-07-27,上市,00711B,復華彭博新興債,16.02,0.1400,15.88,16.02,15.88,124000,1983500,8,TWSE_CSV,2026-07-27 14:15:36 +0800
1150727,2026-07-27,上市,00712,復華富時不動產,8.84,0.0600,8.82,8.84,8.79,11289000,99531270,1571,TWSE_CSV,2026-07-27 14:15:36 +0800
1150727,2026-07-27,上市,00713,元大台灣高息低波,61.20,0.2000,61.00,61.30,60.85,5883000,359803900,2079,TWSE_CSV,2026-07-27 14:15:36 +0800
1150727,2026-07-27,上市,00714,群益道瓊美國地產,23.08,0.4000,23.02,23.08,23.02,205000,4728230,48,TWSE_CSV,2026-07-27 14:15:36 +0800
1150727,2026-07-27,上市,00715L,期街口布蘭特正2,47.54,-7.8100,47.86,49.02,47.48,21953000,1055035960,3841,TWSE_CSV,2026-07-27 14:15:36 +0800
1150727,2026-07-27,上市,00717,富邦美國特別股,14.83,0.1300,14.68,14.89,14.68,313000,4626660,56,TWSE_CSV,2026-07-27 14:15:36 +0800
1150727,2026-07-27,上市,00728,第一金工業30,61.00,0.2000,60.60,61.00,59.80,97000,5877800,29,TWSE_CSV,2026-07-27 14:15:36 +0800
1150727,2026-07-27,上市,00730,富邦臺灣優質高息,27.98,-0.2000,28.18,28.49,27.78,127000,3553430,85,TWSE_CSV,2026-07-27 14:15:36 +0800
1150727,2026-07-27,上市,00731,復華富時高息低波,90.05,0.9500,89.40,90.10,89.30,618000,55519750,60,TWSE_CSV,2026-07-27 14:15:36 +0800
1150727,2026-07-27,上市,00733,富邦臺灣中小,62.50,-1.1500,63.70,63.75,61.30,3530000,219364900,405,TWSE_CSV,2026-07-27 14:15:36 +0800
1150727,2026-07-27,上市,00735,國泰臺韓科技,97.90,0.4000,97.90,97.90,95.40,2321000,223887600,876,TWSE_CSV,2026-07-27 14:15:36 +0800
1150727,2026-07-27,上市,00736,國泰新興市場,31.05,0.0100,30.90,31.05,30.90,104000,3214940,6,TWSE_CSV,2026-07-27 14:15:36 +0800
1150727,2026-07-27,上市,00737,國泰AI機器人,37.69,0.6600,37.03,37.69,37.03,85000,3187250,59,TWSE_CSV,2026-07-27 14:15:36 +0800
1150727,2026-07-27,上市,00738U,期元大道瓊白銀,47.70,1.4300,47.96,48.07,47.60,2436000,116692730,877,TWSE_CSV,2026-07-27 14:15:36 +0800
1150727,2026-07-27,上市,00739,元大MSCI A股,28.24,-0.0600,28.24,28.34,28.05,27000,762670,16,TWSE_CSV,2026-07-27 14:15:36 +0800
1150727,2026-07-27,上市,00752,中信中國50,23.06,0.2400,23.01,23.19,22.92,1659000,38312110,388,TWSE_CSV,2026-07-27 14:15:36 +0800
1150727,2026-07-27,上市,00753L,中信中國50正2,9.30,0.1200,9.23,9.36,9.17,5570000,51732270,761,TWSE_CSV,2026-07-27 14:15:36 +0800
1150727,2026-07-27,上市,00757,統一FANG+,129.95,1.3500,129.20,129.95,129.20,601000,77930900,304,TWSE_CSV,2026-07-27 14:15:36 +0800
1150727,2026-07-27,上市,00762,元大全球AI,108.15,-1.2500,107.50,108.15,107.20,163000,17556050,120,TWSE_CSV,2026-07-27 14:15:36 +0800
1150727,2026-07-27,上市,00763U,期街口道瓊銅,33.78,0.0700,33.95,34.02,33.76,432000,14638930,100,TWSE_CSV,2026-07-27 14:15:36 +0800
1150727,2026-07-27,上市,00770,國泰北美科技,66.45,0.2500,66.20,66.45,65.95,108000,7154200,77,TWSE_CSV,2026-07-27 14:15:36 +0800
1150727,2026-07-27,上市,00771,元大US高息特別股,15.83,0.0800,15.75,15.83,15.75,10000,157950,9,TWSE_CSV,2026-07-27 14:15:36 +0800
1150727,2026-07-27,上市,00775B,台新投等債15+,32.20,0.0000,32.29,32.30,32.20,164000,5281170,6,TWSE_CSV,2026-07-27 14:15:36 +0800
1150727,2026-07-27,上市,00783,富邦中証500,27.99,0.1600,27.69,27.99,27.43,185000,5102400,19,TWSE_CSV,2026-07-27 14:15:36 +0800
1150727,2026-07-27,上市,00830,國泰費城半導體,87.30,-0.7500,86.55,87.30,86.10,4988000,432548450,1820,TWSE_CSV,2026-07-27 14:15:36 +0800
1150727,2026-07-27,上市,00850,元大臺灣ESG永續,86.70,0.0000,86.65,86.70,85.00,531000,45534950,316,TWSE_CSV,2026-07-27 14:15:36 +0800
1150727,2026-07-27,上市,00851,台新全球AI,69.70,-0.4500,69.60,69.70,69.60,3000,208900,3,TWSE_CSV,2026-07-27 14:15:36 +0800
1150727,2026-07-27,上市,00852L,國泰美國道瓊正2,34.87,0.7500,34.61,34.87,34.61,23000,799280,9,TWSE_CSV,2026-07-27 14:15:36 +0800
1150727,2026-07-27,上市,00861,元大全球未來通訊,87.05,0.2000,86.50,87.05,86.10,104000,8994300,33,TWSE_CSV,2026-07-27 14:15:36 +0800
1150727,2026-07-27,上市,00865B,國泰US短期公債,49.44,0.0300,49.41,49.45,49.37,1760000,86967620,341,TWSE_CSV,2026-07-27 14:15:36 +0800
1150727,2026-07-27,上市,00875,國泰網路資安,51.35,1.6300,51.05,51.35,51.05,152000,7769950,85,TWSE_CSV,2026-07-27 14:15:36 +0800
1150727,2026-07-27,上市,00876,元大全球5G,88.65,-0.7000,89.20,89.20,87.20,349000,30592950,141,TWSE_CSV,2026-07-27 14:15:36 +0800
1150727,2026-07-27,上市,00878,國泰永續高股息,32.55,-0.0600,32.49,32.60,32.13,28890000,933948200,10201,TWSE_CSV,2026-07-27 14:15:36 +0800
1150727,2026-07-27,上市,00881,國泰台灣科技龍頭,51.05,-0.1000,51.00,51.10,50.00,7008000,354358300,2229,TWSE_CSV,2026-07-27 14:15:36 +0800
1150727,2026-07-27,上市,00882,中信中國高股息,15.03,0.0400,14.99,15.10,14.99,3723000,55968630,876,TWSE_CSV,2026-07-27 14:15:36 +0800
1150727,2026-07-27,上市,00885,富邦越南,17.42,0.0000,17.42,17.58,17.38,1750000,30551280,512,TWSE_CSV,2026-07-27 14:15:36 +0800
1150727,2026-07-27,上市,00891,中信關鍵半導體,33.98,-0.1100,33.87,34.00,33.36,12989000,436984270,3944,TWSE_CSV,2026-07-27 14:15:36 +0800
1150727,2026-07-27,上市,00892,富邦台灣半導體,39.03,0.0500,38.94,39.03,38.33,4451000,172035120,511,TWSE_CSV,2026-07-27 14:15:36 +0800
1150727,2026-07-27,上市,00893,國泰智能電動車,44.21,-0.2300,44.44,44.44,43.85,1378000,60620810,211,TWSE_CSV,2026-07-27 14:15:36 +0800
1150727,2026-07-27,上市,00894,中信小資高價30,45.10,-0.1000,45.13,45.20,44.00,597000,26601560,265,TWSE_CSV,2026-07-27 14:15:36 +0800
1150727,2026-07-27,上市,00895,富邦未來車,49.35,0.0300,49.32,49.35,48.99,419000,20590260,128,TWSE_CSV,2026-07-27 14:15:36 +0800
1150727,2026-07-27,上市,00896,中信綠能及電動車,26.36,-0.1600,26.52,26.52,25.83,2164000,56408070,738,TWSE_CSV,2026-07-27 14:15:36 +0800
1150727,2026-07-27,上市,00897,富邦基因免疫生技,11.07,0.0600,11.06,11.08,11.02,330000,3646100,69,TWSE_CSV,2026-07-27 14:15:36 +0800
1150727,2026-07-27,上市,00898,國泰基因免疫革命,9.36,-0.0300,9.39,9.40,9.35,162000,1519550,46,TWSE_CSV,2026-07-27 14:15:36 +0800
1150727,2026-07-27,上市,00899,FT潔淨能源,24.30,-0.3500,24.51,24.54,24.24,259000,6327920,94,TWSE_CSV,2026-07-27 14:15:36 +0800
1150727,2026-07-27,上市,00900,富邦特選高股息30,18.36,0.0300,18.33,18.37,18.21,3539000,64716040,836,TWSE_CSV,2026-07-27 14:15:36 +0800
1150727,2026-07-27,上市,00901,永豐智能車供應鏈,43.06,-0.3400,43.38,43.38,42.20,637000,27236720,59,TWSE_CSV,2026-07-27 14:15:36 +0800
1150727,2026-07-27,上市,00902,中信電池及儲能,12.74,-0.0100,12.75,12.76,12.61,1297000,16414960,170,TWSE_CSV,2026-07-27 14:15:36 +0800
1150727,2026-07-27,上市,00903,富邦元宇宙,20.45,0.0400,20.37,20.45,20.37,319000,6514810,19,TWSE_CSV,2026-07-27 14:15:36 +0800
1150727,2026-07-27,上市,00904,台新臺灣半導體30,38.60,-0.0200,37.98,38.60,37.81,644000,24574610,249,TWSE_CSV,2026-07-27 14:15:36 +0800
1150727,2026-07-27,上市,00905,FT臺灣Smart,24.95,-0.1200,24.92,24.96,24.49,2115000,52304370,484,TWSE_CSV,2026-07-27 14:15:36 +0800
1150727,2026-07-27,上市,00907,永豐優息存股,16.68,0.1500,16.53,16.69,16.53,1287000,21401240,341,TWSE_CSV,2026-07-27 14:15:36 +0800
1150727,2026-07-27,上市,00908,富邦入息REITs+,15.70,0.1200,15.60,15.70,15.60,120000,1882560,22,TWSE_CSV,2026-07-27 14:15:36 +0800
1150727,2026-07-27,上市,00909,國泰數位支付服務,46.66,-0.5500,47.21,47.21,46.18,1169000,54415100,241,TWSE_CSV,2026-07-27 14:15:36 +0800
1150727,2026-07-27,上市,00910,第一金太空衛星,55.25,-0.4500,55.00,55.30,54.80,762000,41947750,311,TWSE_CSV,2026-07-27 14:15:36 +0800
1150727,2026-07-27,上市,00911,兆豐洲際半導體,55.65,-1.0000,55.80,55.80,54.90,88000,4866700,63,TWSE_CSV,2026-07-27 14:15:36 +0800
1150727,2026-07-27,上市,00912,中信臺灣智慧50,31.89,0.1600,31.65,31.90,31.35,504000,15923130,97,TWSE_CSV,2026-07-27 14:15:36 +0800
1150727,2026-07-27,上市,00913,兆豐台灣晶圓製造,47.48,0.1200,46.58,47.48,45.86,1118000,51839400,355,TWSE_CSV,2026-07-27 14:15:36 +0800
1150727,2026-07-27,上市,00915,凱基優選高股息30,31.44,0.1400,31.30,31.44,31.00,2444000,76371430,338,TWSE_CSV,2026-07-27 14:15:36 +0800
1150727,2026-07-27,上市,00916,國泰全球品牌50,25.98,0.3600,25.80,26.00,25.80,474000,12285100,166,TWSE_CSV,2026-07-27 14:15:36 +0800
1150727,2026-07-27,上市,00917,中信特選金融,23.96,0.3600,23.77,23.96,23.77,621000,14837170,135,TWSE_CSV,2026-07-27 14:15:36 +0800
1150727,2026-07-27,上市,00918,大華優利高填息30,32.58,0.0800,32.50,32.58,32.23,16670000,540670420,4155,TWSE_CSV,2026-07-27 14:15:36 +0800
1150727,2026-07-27,上市,00919,群益台灣精選高息,29.59,0.1000,29.49,29.60,29.38,36027000,1062383210,11163,TWSE_CSV,2026-07-27 14:15:36 +0800
1150727,2026-07-27,上市,00920,富邦ESG綠色電力,24.14,-0.2800,24.36,24.36,23.93,448000,10765010,216,TWSE_CSV,2026-07-27 14:15:36 +0800
1150727,2026-07-27,上市,00921,兆豐龍頭等權重,22.90,0.0500,22.85,22.90,22.65,165000,3756900,34,TWSE_CSV,2026-07-27 14:15:36 +0800
1150727,2026-07-27,上市,00922,國泰台灣領袖50,38.97,-0.0600,38.96,38.97,38.32,9137000,352557490,2128,TWSE_CSV,2026-07-27 14:15:36 +0800
1150727,2026-07-27,上市,00923,群益台ESG低碳50,40.31,-0.0100,40.20,40.31,39.59,3277000,131055240,735,TWSE_CSV,2026-07-27 14:15:36 +0800
1150727,2026-07-27,上市,00924,復華S&P500成長,32.40,0.1800,32.26,32.40,32.23,1464000,47338020,508,TWSE_CSV,2026-07-27 14:15:36 +0800
1150727,2026-07-27,上市,00926,凱基全球菁英55,25.65,0.2000,25.58,25.65,25.55,665000,17031440,93,TWSE_CSV,2026-07-27 14:15:36 +0800
1150727,2026-07-27,上市,00927,群益半導體收益,35.83,-0.0700,35.53,35.88,34.97,14708000,520035700,4737,TWSE_CSV,2026-07-27 14:15:36 +0800
1150727,2026-07-27,上市,00929,復華台灣科技優息,28.54,-0.2400,28.74,28.74,28.01,32344000,915761350,8008,TWSE_CSV,2026-07-27 14:15:36 +0800
1150727,2026-07-27,上市,00930,永豐ESG低碳高息,23.73,0.0000,23.81,23.81,23.48,311000,7333060,81,TWSE_CSV,2026-07-27 14:15:36 +0800
1150727,2026-07-27,上市,00932,兆豐永續高息等權,17.23,-0.0200,17.25,17.33,17.08,195000,3355200,85,TWSE_CSV,2026-07-27 14:15:36 +0800
1150727,2026-07-27,上市,00934,中信成長高股息,27.32,-0.1300,27.42,27.42,26.86,2057000,55653390,520,TWSE_CSV,2026-07-27 14:15:36 +0800
1150727,2026-07-27,上市,00935,野村臺灣新科技50,54.75,-0.4000,54.80,54.80,53.30,8646000,466366850,3122,TWSE_CSV,2026-07-27 14:15:36 +0800
1150727,2026-07-27,上市,00936,台新永續高息中小,20.67,0.1400,20.49,20.69,20.35,868000,17831680,146,TWSE_CSV,2026-07-27 14:15:36 +0800
1150727,2026-07-27,上市,00938,凱基優選30,24.53,0.1800,24.41,24.53,24.40,2053000,50172860,64,TWSE_CSV,2026-07-27 14:15:36 +0800
1150727,2026-07-27,上市,00939,統一台灣高息動能,21.91,0.1300,21.78,21.93,21.73,3484000,76078830,766,TWSE_CSV,2026-07-27 14:15:36 +0800
1150727,2026-07-27,上市,00940,元大台灣價值高息,12.16,-0.0400,12.19,12.24,12.04,6602000,80149910,1455,TWSE_CSV,2026-07-27 14:15:36 +0800
1150727,2026-07-27,上市,00941,中信上游半導體,26.49,-0.2800,26.56,26.56,26.25,1444000,38099190,303,TWSE_CSV,2026-07-27 14:15:36 +0800
1150727,2026-07-27,上市,00943,兆豐電子高息等權,21.50,-0.1700,21.67,21.67,21.24,29000,623380,15,TWSE_CSV,2026-07-27 14:15:36 +0800
1150727,2026-07-27,上市,00944,野村趨勢動能高息,20.63,-0.0300,20.66,20.66,20.33,213000,4365320,46,TWSE_CSV,2026-07-27 14:15:36 +0800
1150727,2026-07-27,上市,00945B,凱基美國非投等債,14.64,0.0200,14.63,14.66,14.62,3934000,57605710,522,TWSE_CSV,2026-07-27 14:15:36 +0800
1150727,2026-07-27,上市,00946,群益科技高息成長,14.95,-0.1300,15.08,15.12,14.73,3510000,52378760,473,TWSE_CSV,2026-07-27 14:15:36 +0800
1150727,2026-07-27,上市,00947,台新臺灣IC設計,33.76,0.1400,33.50,33.85,32.40,3069000,101154460,1292,TWSE_CSV,2026-07-27 14:15:36 +0800
1150727,2026-07-27,上市,00949,復華日本龍頭,20.85,0.4300,20.50,20.88,20.50,836000,17360370,203,TWSE_CSV,2026-07-27 14:15:36 +0800
1150727,2026-07-27,上市,00951,台新日本半導體,17.80,-0.0200,17.82,17.83,17.51,2321000,41061280,670,TWSE_CSV,2026-07-27 14:15:36 +0800
1150727,2026-07-27,上市,00952,凱基台灣AI50,17.59,-0.2200,17.81,17.81,17.25,1702000,29663900,341,TWSE_CSV,2026-07-27 14:15:36 +0800
1150727,2026-07-27,上市,00953B,群益優選非投等債,9.82,0.0300,9.79,9.83,9.78,33996000,333424440,1648,TWSE_CSV,2026-07-27 14:15:36 +0800
1150727,2026-07-27,上市,00954,中信日本半導體,18.98,-0.0300,18.97,19.02,18.65,1325000,25025350,380,TWSE_CSV,2026-07-27 14:15:36 +0800
1150727,2026-07-27,上市,00956,中信日經高股息,12.96,0.3400,12.76,12.96,12.76,251000,3233150,115,TWSE_CSV,2026-07-27 14:15:36 +0800
1150727,2026-07-27,上市,00960,野村全球航運龍頭,18.59,0.0300,18.56,18.62,18.55,994000,18485780,160,TWSE_CSV,2026-07-27 14:15:36 +0800
1150727,2026-07-27,上市,00961,FT臺灣永續高息,12.78,0.0300,12.79,12.80,12.67,8204000,104435890,1701,TWSE_CSV,2026-07-27 14:15:36 +0800
1150727,2026-07-27,上市,00962,台新AI優息動能,14.69,-0.1500,14.78,14.78,14.41,150000,2187230,53,TWSE_CSV,2026-07-27 14:15:36 +0800
1150727,2026-07-27,上市,00963,中信全球高股息,13.28,0.1000,13.24,13.29,13.24,1168000,15497750,116,TWSE_CSV,2026-07-27 14:15:36 +0800
1150727,2026-07-27,上市,00964,中信亞太高股息,13.94,-0.1000,14.04,14.04,13.81,2272000,31588550,248,TWSE_CSV,2026-07-27 14:15:36 +0800
1150727,2026-07-27,上市,00965,元大航太防衛科技,25.01,-0.0700,25.08,25.09,24.85,469000,11698770,314,TWSE_CSV,2026-07-27 14:15:36 +0800
1150727,2026-07-27,上市,00971,野村美國研發龍頭,16.91,0.2900,16.82,16.91,16.82,57000,962550,38,TWSE_CSV,2026-07-27 14:15:36 +0800
1150727,2026-07-27,上市,00972,野村日本動能高息,21.17,0.4800,20.63,21.20,20.63,180000,3792250,43,TWSE_CSV,2026-07-27 14:15:36 +0800
1150727,2026-07-27,上市,009800,中信NASDAQ,12.84,0.0600,12.86,12.86,12.77,876000,11216740,262,TWSE_CSV,2026-07-27 14:15:36 +0800
1150727,2026-07-27,上市,009801,中信美國創新科技,12.38,0.1000,12.34,12.38,12.31,616000,7597280,93,TWSE_CSV,2026-07-27 14:15:36 +0800
1150727,2026-07-27,上市,009802,富邦旗艦50,18.34,-0.0800,18.42,18.42,17.91,6370000,115267310,576,TWSE_CSV,2026-07-27 14:15:36 +0800
1150727,2026-07-27,上市,009803,玉山市值動能50,20.52,-0.0800,20.51,20.52,20.22,1361000,27722770,480,TWSE_CSV,2026-07-27 14:15:36 +0800
1150727,2026-07-27,上市,009804,聯邦台精彩50,21.16,-0.0900,21.25,21.25,20.78,658000,13771620,228,TWSE_CSV,2026-07-27 14:15:36 +0800
1150727,2026-07-27,上市,009805,台新美國電力基建,16.40,-0.0400,16.52,16.53,16.33,2678000,43935790,715,TWSE_CSV,2026-07-27 14:15:36 +0800
1150727,2026-07-27,上市,009808,華南永昌優選50,30.05,0.0500,30.19,30.19,29.65,166000,4948420,37,TWSE_CSV,2026-07-27 14:15:36 +0800
1150727,2026-07-27,上市,009809,富邦淨零ESG50,17.14,-0.0600,16.98,17.20,16.96,506000,8649280,111,TWSE_CSV,2026-07-27 14:15:36 +0800
1150727,2026-07-27,上市,00980A,主動野村臺灣優選,22.28,0.0300,22.24,22.31,21.69,6230000,136619040,1085,TWSE_CSV,2026-07-27 14:15:36 +0800
1150727,2026-07-27,上市,009810,玉山全球藍籌100,20.91,0.2600,20.89,20.91,20.83,59000,1231650,30,TWSE_CSV,2026-07-27 14:15:36 +0800
1150727,2026-07-27,上市,009811,統一美國50,13.06,0.1700,13.00,13.07,13.00,1579000,20593170,326,TWSE_CSV,2026-07-27 14:15:36 +0800
1150727,2026-07-27,上市,009812,野村日本東證,12.55,0.1800,12.56,12.58,12.43,205000,2565750,79,TWSE_CSV,2026-07-27 14:15:36 +0800
1150727,2026-07-27,上市,009813,貝萊德標普卓越50,11.11,0.0800,11.05,11.11,11.05,2830000,31391050,208,TWSE_CSV,2026-07-27 14:15:36 +0800
1150727,2026-07-27,上市,009816,凱基台灣TOP50,14.68,-0.0400,14.67,14.69,14.44,105039000,1529605030,22532,TWSE_CSV,2026-07-27 14:15:36 +0800
1150727,2026-07-27,上市,009817,國泰日本不動產,9.30,0.1300,9.21,9.32,9.21,2467000,22858280,286,TWSE_CSV,2026-07-27 14:15:36 +0800
1150727,2026-07-27,上市,009818,華南永昌NASDAQxT,19.74,0.1200,19.68,19.74,19.62,161000,3173540,30,TWSE_CSV,2026-07-27 14:15:36 +0800
1150727,2026-07-27,上市,009819,中信數據及電力,10.05,0.0100,10.02,10.06,9.99,3619000,36269760,597,TWSE_CSV,2026-07-27 14:15:36 +0800
1150727,2026-07-27,上市,00981A,主動統一台股增長,27.53,-0.0100,27.49,27.62,26.75,159263000,4322004420,34430,TWSE_CSV,2026-07-27 14:15:36 +0800
1150727,2026-07-27,上市,00981T,平衡凱基雙核收息,11.92,0.0000,11.91,11.92,11.86,2858000,33974830,272,TWSE_CSV,2026-07-27 14:15:36 +0800
1150727,2026-07-27,上市,009820,元大納斯達克精選,9.83,-0.0400,9.82,9.83,9.78,5611000,55002530,456,TWSE_CSV,2026-07-27 14:15:36 +0800
1150727,2026-07-27,上市,009821,野村稀土關鍵資源,12.94,-0.0300,12.97,13.01,12.89,2700000,34894190,799,TWSE_CSV,2026-07-27 14:15:36 +0800
1150727,2026-07-27,上市,009824,群益美國科技巨頭,10.11,0.0800,10.06,10.12,10.05,5213000,52590860,861,TWSE_CSV,2026-07-27 14:15:36 +0800
1150727,2026-07-27,上市,00982A,主動群益台灣強棒,21.81,-0.1700,21.90,21.94,21.26,24845000,535061330,6073,TWSE_CSV,2026-07-27 14:15:36 +0800
1150727,2026-07-27,上市,00982D,主動富邦動態入息,9.88,0.0300,9.85,9.89,9.85,1806000,17843480,43,TWSE_CSV,2026-07-27 14:15:36 +0800
1150727,2026-07-27,上市,00982T,平衡兆豐台美動能,14.79,-0.0800,14.79,14.79,14.67,75000,1105340,16,TWSE_CSV,2026-07-27 14:15:36 +0800
1150727,2026-07-27,上市,00983A,主動中信ARK創新,11.33,-0.0300,11.35,11.35,11.27,516000,5831390,105,TWSE_CSV,2026-07-27 14:15:36 +0800
1150727,2026-07-27,上市,00983D,主動富邦複合收益,10.13,0.0300,10.15,10.15,10.11,606000,6133190,54,TWSE_CSV,2026-07-27 14:15:36 +0800
1150727,2026-07-27,上市,00984A,主動安聯台灣高息,14.66,-0.1000,14.70,14.74,14.43,6395000,93025060,1770,TWSE_CSV,2026-07-27 14:15:36 +0800
1150727,2026-07-27,上市,00984D,主動聯博全球非投,10.19,0.0200,10.17,10.19,10.17,11622000,118335280,685,TWSE_CSV,2026-07-27 14:15:36 +0800
1150727,2026-07-27,上市,00985A,主動野村台灣50,20.71,0.0800,20.52,20.73,20.30,2134000,43712370,642,TWSE_CSV,2026-07-27 14:15:36 +0800
1150727,2026-07-27,上市,00985B,群益ESG投等債0-5,10.41,0.0400,10.38,10.41,10.38,4656000,48420720,1034,TWSE_CSV,2026-07-27 14:15:36 +0800
1150727,2026-07-27,上市,00986A,主動台新龍頭成長,14.50,-0.0300,14.45,14.52,14.43,58000,839730,29,TWSE_CSV,2026-07-27 14:15:36 +0800
1150727,2026-07-27,上市,00987A,主動台新優勢成長,14.31,0.0300,14.33,14.33,13.87,799000,11209710,285,TWSE_CSV,2026-07-27 14:15:36 +0800
1150727,2026-07-27,上市,00988A,主動統一全球創新,16.92,-0.3000,16.93,16.93,16.61,47639000,800391530,9423,TWSE_CSV,2026-07-27 14:15:36 +0800
1150727,2026-07-27,上市,00989A,主動摩根美國科技,16.66,-0.1100,16.72,16.72,16.56,1277000,21209650,77,TWSE_CSV,2026-07-27 14:15:36 +0800
1150727,2026-07-27,上市,00990A,主動元大AI新經濟,16.10,-0.2600,16.25,16.25,15.88,16261000,260179340,4947,TWSE_CSV,2026-07-27 14:15:36 +0800
1150727,2026-07-27,上市,00991A,主動復華未來50,16.48,0.0600,16.29,16.50,15.90,101149000,1635719720,20353,TWSE_CSV,2026-07-27 14:15:36 +0800
1150727,2026-07-27,上市,00992A,主動群益科技創新,15.77,0.1000,15.68,15.78,15.25,41150000,638928760,5456,TWSE_CSV,2026-07-27 14:15:36 +0800
1150727,2026-07-27,上市,00993A,主動安聯台灣,12.34,0.0900,12.21,12.34,11.98,8490000,103356670,788,TWSE_CSV,2026-07-27 14:15:36 +0800
1150727,2026-07-27,上市,00994A,主動第一金台股優,15.60,0.1000,15.55,15.60,15.14,3617000,55499520,576,TWSE_CSV,2026-07-27 14:15:36 +0800
1150727,2026-07-27,上市,00995A,主動中信台灣卓越,15.93,-0.0300,15.99,15.99,15.50,4363000,68600820,561,TWSE_CSV,2026-07-27 14:15:36 +0800
1150727,2026-07-27,上市,00996A,主動兆豐台灣豐收,13.07,-0.1100,13.08,13.15,12.72,4594000,59179270,876,TWSE_CSV,2026-07-27 14:15:36 +0800
1150727,2026-07-27,上市,00997A,主動群益美國增長,11.42,-0.0500,11.39,11.42,11.30,8591000,97647220,1512,TWSE_CSV,2026-07-27 14:15:36 +0800
1150727,2026-07-27,上市,00999A,主動野村臺灣高息,10.33,0.0500,10.27,10.33,10.12,5616000,57447180,924,TWSE_CSV,2026-07-27 14:15:36 +0800
1150727,2026-07-27,上市,1101,台泥,24.40,0.6000,24.05,24.50,23.90,34321000,831683250,9631,TWSE_CSV,2026-07-27 14:15:36 +0800
1150727,2026-07-27,上市,1102,亞泥,33.10,0.3500,33.10,33.15,32.70,7597000,250275400,3116,TWSE_CSV,2026-07-27 14:15:36 +0800
1150727,2026-07-27,上市,1103,嘉泥,13.25,0.1000,13.25,13.50,13.15,1009000,13450500,267,TWSE_CSV,2026-07-27 14:15:36 +0800
1150727,2026-07-27,上市,1104,環泥,26.70,-0.1000,26.95,26.95,26.65,338000,9053200,252,TWSE_CSV,2026-07-27 14:15:36 +0800
1150727,2026-07-27,上市,1108,幸福,12.10,-0.0500,12.20,12.20,12.00,416000,5014400,172,TWSE_CSV,2026-07-27 14:15:36 +0800
1150727,2026-07-27,上市,1109,信大,13.80,0.0000,13.80,13.85,13.80,93000,1284600,50,TWSE_CSV,2026-07-27 14:15:36 +0800
1150727,2026-07-27,上市,1110,東泥,16.00,0.0500,16.00,16.05,15.85,165000,2633750,81,TWSE_CSV,2026-07-27 14:15:36 +0800
1150727,2026-07-27,上市,1201,味全,12.30,-0.1500,12.55,12.55,12.25,267000,3288650,151,TWSE_CSV,2026-07-27 14:15:36 +0800
1150727,2026-07-27,上市,1203,味王,47.20,0.3000,46.80,47.20,46.65,26000,1220900,26,TWSE_CSV,2026-07-27 14:15:36 +0800
1150727,2026-07-27,上市,1210,大成,58.10,0.3000,57.80,58.20,57.70,1296000,75180000,814,TWSE_CSV,2026-07-27 14:15:36 +0800
1150727,2026-07-27,上市,1213,大飲,7.24,0.0000,7.24,7.24,7.24,13000,94120,5,TWSE_CSV,2026-07-27 14:15:36 +0800
1150727,2026-07-27,上市,1215,卜蜂,105.50,-4.0000,109.50,109.50,105.00,2001000,212772500,1565,TWSE_CSV,2026-07-27 14:15:36 +0800
1150727,2026-07-27,上市,1216,統一,77.10,-0.3000,78.70,79.00,77.10,14129000,1099388300,5917,TWSE_CSV,2026-07-27 14:15:36 +0800
1150727,2026-07-27,上市,1217,愛之味,9.98,0.0000,9.98,9.99,9.92,358000,3564680,179,TWSE_CSV,2026-07-27 14:15:36 +0800
1150727,2026-07-27,上市,1218,泰山,15.80,-0.4000,16.05,16.05,15.70,2011000,31903550,686,TWSE_CSV,2026-07-27 14:15:36 +0800
1150727,2026-07-27,上市,1219,福壽,11.65,-0.2000,11.85,11.85,11.60,460000,5356350,191,TWSE_CSV,2026-07-27 14:15:36 +0800
1150727,2026-07-27,上市,1220,台榮,11.30,-0.1000,11.40,11.40,11.25,59000,666100,52,TWSE_CSV,2026-07-27 14:15:36 +0800
1150727,2026-07-27,上市,1225,福懋油,26.65,0.0000,26.65,26.75,26.10,115000,3047200,82,TWSE_CSV,2026-07-27 14:15:36 +0800
1150727,2026-07-27,上市,1227,佳格,29.20,0.0000,29.40,29.50,29.20,629000,18443950,361,TWSE_CSV,2026-07-27 14:15:36 +0800
1150727,2026-07-27,上市,1229,聯華,41.70,0.0500,42.50,42.60,41.25,2426000,100990400,1383,TWSE_CSV,2026-07-27 14:15:36 +0800
1150727,2026-07-27,上市,1231,聯華食,91.00,-0.9000,93.50,93.50,91.00,485000,44581900,342,TWSE_CSV,2026-07-27 14:15:36 +0800
1150727,2026-07-27,上市,1232,大統益,153.50,-0.5000,154.00,155.00,152.50,321000,49325000,217,TWSE_CSV,2026-07-27 14:15:36 +0800
1150727,2026-07-27,上市,1233,天仁,29.05,-0.1500,29.05,29.05,29.00,11000,319350,9,TWSE_CSV,2026-07-27 14:15:36 +0800
1150727,2026-07-27,上市,1234,黑松,33.80,0.1500,33.70,33.90,33.65,99000,3342750,81,TWSE_CSV,2026-07-27 14:15:36 +0800
1150727,2026-07-27,上市,1235,興泰,37.00,0.5000,36.40,37.00,36.10,26000,945650,25,TWSE_CSV,2026-07-27 14:15:36 +0800
1150727,2026-07-27,上市,1236,宏亞,23.50,-0.0500,23.55,23.55,23.35,38000,893200,36,TWSE_CSV,2026-07-27 14:15:36 +0800
1150727,2026-07-27,上市,1256,鮮活果汁-KY,184.50,1.0000,184.00,184.50,182.50,18000,3300500,18,TWSE_CSV,2026-07-27 14:15:36 +0800
1150727,2026-07-27,上市,1301,台塑,61.70,-1.0000,62.30,62.50,59.80,37851000,2301196600,15915,TWSE_CSV,2026-07-27 14:15:36 +0800
1150727,2026-07-27,上市,1303,南亞,174.00,-3.5000,173.50,179.00,166.00,72559000,12437526500,32540,TWSE_CSV,2026-07-27 14:15:36 +0800
1150727,2026-07-27,上市,1304,台聚,12.25,-0.6500,12.70,12.75,11.95,8539000,104042600,2744,TWSE_CSV,2026-07-27 14:15:36 +0800
1150727,2026-07-27,上市,1305,華夏,11.85,-0.6000,12.35,12.35,11.65,4342000,51524550,1627,TWSE_CSV,2026-07-27 14:15:36 +0800
1150727,2026-07-27,上市,1307,三芳,31.45,-0.8500,32.05,32.10,31.30,660000,20885900,425,TWSE_CSV,2026-07-27 14:15:36 +0800
1150727,2026-07-27,上市,1308,亞聚,13.30,-0.8000,14.00,14.00,13.15,3928000,52449650,1323,TWSE_CSV,2026-07-27 14:15:36 +0800
1150727,2026-07-27,上市,1309,台達化,13.85,-0.9500,14.50,14.55,13.65,5787000,80889500,2332,TWSE_CSV,2026-07-27 14:15:36 +0800
1150727,2026-07-27,上市,1310,台苯,8.97,-0.9900,8.97,9.01,8.97,5560000,49879200,1531,TWSE_CSV,2026-07-27 14:15:36 +0800
1150727,2026-07-27,上市,1312,國喬,12.25,-0.9500,12.95,12.95,11.95,22574000,278022300,6167,TWSE_CSV,2026-07-27 14:15:36 +0800
1150727,2026-07-27,上市,1313,聯成,11.30,-0.6500,11.80,11.80,11.10,7183000,81295250,2096,TWSE_CSV,2026-07-27 14:15:36 +0800
1150727,2026-07-27,上市,1314,中石化,8.04,-0.2300,8.21,8.21,7.92,34134000,273828120,7645,TWSE_CSV,2026-07-27 14:15:36 +0800
1150727,2026-07-27,上市,1315,達新,64.50,1.0000,63.70,64.50,63.60,20000,1276800,16,TWSE_CSV,2026-07-27 14:15:36 +0800
1150727,2026-07-27,上市,1316,上曜,10.15,-0.1000,10.25,10.25,10.10,559000,5667700,257,TWSE_CSV,2026-07-27 14:15:36 +0800
1150727,2026-07-27,上市,1319,東陽,73.00,0.9000,72.70,73.10,72.00,1481000,107182300,874,TWSE_CSV,2026-07-27 14:15:36 +0800
1150727,2026-07-27,上市,1321,大洋,32.55,0.4000,32.20,32.60,32.20,243000,7885000,148,TWSE_CSV,2026-07-27 14:15:36 +0800
1150727,2026-07-27,上市,1323,永裕,19.90,-0.1000,19.75,19.95,19.70,17000,337100,17,TWSE_CSV,2026-07-27 14:15:36 +0800
1150727,2026-07-27,上市,1324,地球,10.35,0.0000,10.15,10.35,10.15,43000,442150,21,TWSE_CSV,2026-07-27 14:15:36 +0800
1150727,2026-07-27,上市,1325,恆大,27.75,0.0500,27.85,28.75,27.35,953000,26498100,601,TWSE_CSV,2026-07-27 14:15:36 +0800
1150727,2026-07-27,上市,1326,台化,65.00,-2.5000,65.90,67.40,62.60,50397000,3245791600,21454,TWSE_CSV,2026-07-27 14:15:36 +0800
1150727,2026-07-27,上市,1337,再生-KY,4.79,-0.0700,4.86,4.86,4.76,430000,2063820,170,TWSE_CSV,2026-07-27 14:15:36 +0800
1150727,2026-07-27,上市,1338,廣華-KY,15.50,-0.2500,15.70,15.70,15.35,79000,1222650,59,TWSE_CSV,2026-07-27 14:15:36 +0800
1150727,2026-07-27,上市,1339,昭輝,44.55,0.2000,44.30,44.90,43.95,59000,2623050,42,TWSE_CSV,2026-07-27 14:15:36 +0800
1150727,2026-07-27,上市,1340,勝悅-KY,5.28,-0.0200,5.30,5.31,5.25,73000,384500,48,TWSE_CSV,2026-07-27 14:15:36 +0800
1150727,2026-07-27,上市,1341,富林-KY,58.70,-0.4000,58.70,58.70,58.70,1000,58700,1,TWSE_CSV,2026-07-27 14:15:36 +0800
1150727,2026-07-27,上市,1342,八貫,110.00,-1.0000,110.00,110.50,108.00,366000,40012000,241,TWSE_CSV,2026-07-27 14:15:36 +0800
1150727,2026-07-27,上市,1402,遠東新,27.45,0.1000,27.45,27.70,27.40,16632000,458283900,5506,TWSE_CSV,2026-07-27 14:15:36 +0800
1150727,2026-07-27,上市,1409,新纖,22.60,-0.7500,23.00,23.10,22.10,13162000,296275900,5055,TWSE_CSV,2026-07-27 14:15:36 +0800
1150727,2026-07-27,上市,1410,南染,25.85,-0.5500,26.40,27.45,25.75,257000,6736600,225,TWSE_CSV,2026-07-27 14:15:36 +0800
1150727,2026-07-27,上市,1413,宏洲,11.00,0.7000,10.00,11.30,10.00,1021000,11068100,337,TWSE_CSV,2026-07-27 14:15:36 +0800
1150727,2026-07-27,上市,1414,東和,18.30,0.5500,17.80,18.30,17.70,493000,8781450,270,TWSE_CSV,2026-07-27 14:15:36 +0800
1150727,2026-07-27,上市,1416,廣豐,10.95,0.0500,10.95,10.95,10.85,314000,3414700,97,TWSE_CSV,2026-07-27 14:15:36 +0800
1150727,2026-07-27,上市,1417,嘉裕,8.39,-0.0600,8.53,8.53,8.33,75000,629760,49,TWSE_CSV,2026-07-27 14:15:36 +0800
1150727,2026-07-27,上市,1418,東華,18.70,0.0000,18.50,18.70,18.50,4000,74400,4,TWSE_CSV,2026-07-27 14:15:36 +0800
1150727,2026-07-27,上市,1419,新紡,69.50,2.8000,67.00,69.70,66.70,297000,20282500,246,TWSE_CSV,2026-07-27 14:15:36 +0800
1150727,2026-07-27,上市,1423,利華,35.70,0.1000,35.65,35.70,35.40,15000,534600,8,TWSE_CSV,2026-07-27 14:15:36 +0800
1150727,2026-07-27,上市,1432,大魯閣,15.05,0.0500,15.00,15.05,14.95,98000,1470050,61,TWSE_CSV,2026-07-27 14:15:36 +0800
1150727,2026-07-27,上市,1434,福懋,18.50,-0.6500,19.10,19.10,18.20,5859000,108096950,2314,TWSE_CSV,2026-07-27 14:15:36 +0800
1150727,2026-07-27,上市,1435,中福,25.50,2.3000,25.50,25.50,25.50,20000,510000,17,TWSE_CSV,2026-07-27 14:15:36 +0800
1150727,2026-07-27,上市,1436,華友聯,37.30,-0.8500,38.15,38.15,36.95,674000,25075700,457,TWSE_CSV,2026-07-27 14:15:36 +0800
1150727,2026-07-27,上市,1437,勤益控,30.90,0.0000,30.90,30.90,30.55,161000,4954350,76,TWSE_CSV,2026-07-27 14:15:36 +0800
1150727,2026-07-27,上市,1438,三地開發,22.05,0.0500,22.30,22.30,21.50,35000,766600,28,TWSE_CSV,2026-07-27 14:15:36 +0800
1150727,2026-07-27,上市,1439,雋揚,26.75,0.4500,26.80,27.20,26.65,19000,510400,15,TWSE_CSV,2026-07-27 14:15:36 +0800
1150727,2026-07-27,上市,1440,南紡,12.70,-0.0500,12.80,12.80,12.60,1217000,15414600,472,TWSE_CSV,2026-07-27 14:15:36 +0800
1150727,2026-07-27,上市,1441,大東,9.08,0.0000,8.97,9.08,8.97,9000,81340,9,TWSE_CSV,2026-07-27 14:15:36 +0800
1150727,2026-07-27,上市,1442,名軒,30.35,0.4000,29.90,30.45,29.65,893000,26929200,477,TWSE_CSV,2026-07-27 14:15:36 +0800
1150727,2026-07-27,上市,1443,立益物流,26.35,0.1500,27.00,27.00,26.00,7000,184500,7,TWSE_CSV,2026-07-27 14:15:36 +0800
1150727,2026-07-27,上市,1444,力麗,7.73,-0.2700,7.90,7.90,7.68,1558000,12044270,590,TWSE_CSV,2026-07-27 14:15:36 +0800
1150727,2026-07-27,上市,1445,大宇,10.65,-0.1500,10.75,10.85,10.65,24000,257200,18,TWSE_CSV,2026-07-27 14:15:36 +0800
1150727,2026-07-27,上市,1446,宏和,14.05,0.0000,14.05,14.35,14.00,330000,4669950,166,TWSE_CSV,2026-07-27 14:15:36 +0800
1150727,2026-07-27,上市,1447,力鵬,7.34,-0.1600,7.50,7.53,7.00,2049000,14917980,841,TWSE_CSV,2026-07-27 14:15:36 +0800
1150727,2026-07-27,上市,1449,佳和,12.70,0.0000,12.70,12.75,12.60,244000,3090700,112,TWSE_CSV,2026-07-27 14:15:36 +0800
1150727,2026-07-27,上市,1451,年興,17.40,0.0000,17.40,17.40,17.25,117000,2027450,47,TWSE_CSV,2026-07-27 14:15:36 +0800
1150727,2026-07-27,上市,1452,宏益,11.60,-0.0500,11.65,11.65,11.50,85000,983600,25,TWSE_CSV,2026-07-27 14:15:36 +0800
1150727,2026-07-27,上市,1453,大將,11.25,0.1000,11.30,11.35,11.20,18000,202550,9,TWSE_CSV,2026-07-27 14:15:36 +0800
1150727,2026-07-27,上市,1454,台富,12.65,0.1000,12.75,12.75,12.30,20000,249350,19,TWSE_CSV,2026-07-27 14:15:36 +0800
1150727,2026-07-27,上市,1455,集盛,8.96,-0.1600,9.16,9.16,8.93,525000,4727580,240,TWSE_CSV,2026-07-27 14:15:36 +0800
1150727,2026-07-27,上市,1456,怡華,13.90,0.5000,13.35,14.05,13.35,134000,1835500,51,TWSE_CSV,2026-07-27 14:15:36 +0800
1150727,2026-07-27,上市,1457,宜進,14.35,0.0500,14.30,14.40,14.20,84000,1200450,53,TWSE_CSV,2026-07-27 14:15:36 +0800
1150727,2026-07-27,上市,1460,宏遠,6.88,-0.0400,6.94,6.94,6.84,227000,1559140,132,TWSE_CSV,2026-07-27 14:15:36 +0800
1150727,2026-07-27,上市,1463,強盛新,17.85,0.0000,17.90,18.00,17.80,66000,1180400,36,TWSE_CSV,2026-07-27 14:15:36 +0800
1150727,2026-07-27,上市,1464,得力,10.45,0.0500,10.40,10.50,10.30,460000,4772450,154,TWSE_CSV,2026-07-27 14:15:36 +0800
1150727,2026-07-27,上市,1465,偉全,12.85,0.0000,13.05,13.05,12.75,84000,1079700,71,TWSE_CSV,2026-07-27 14:15:36 +0800
1150727,2026-07-27,上市,1466,聚隆,16.65,-0.3500,16.90,16.90,16.20,481000,7918650,251,TWSE_CSV,2026-07-27 14:15:36 +0800
1150727,2026-07-27,上市,1467,南緯,10.15,0.1500,10.30,10.55,9.99,942000,9629540,554,TWSE_CSV,2026-07-27 14:15:36 +0800
1150727,2026-07-27,上市,1468,昶和,13.15,0.0500,13.10,13.20,12.85,46000,601400,33,TWSE_CSV,2026-07-27 14:15:36 +0800
1150727,2026-07-27,上市,1470,大統新創,22.80,0.0500,22.85,22.85,22.80,3000,68500,3,TWSE_CSV,2026-07-27 14:15:36 +0800
1150727,2026-07-27,上市,1471,首利,9.79,0.0600,9.90,9.90,9.51,260000,2500420,141,TWSE_CSV,2026-07-27 14:15:36 +0800
1150727,2026-07-27,上市,1472,三洋實業,89.40,-0.1000,89.40,89.40,89.40,1000,89400,1,TWSE_CSV,2026-07-27 14:15:36 +0800
1150727,2026-07-27,上市,1473,台南,20.15,-0.1500,20.35,20.35,20.00,45000,905550,39,TWSE_CSV,2026-07-27 14:15:36 +0800
1150727,2026-07-27,上市,1474,弘裕,10.40,-0.0500,10.55,10.55,10.35,42000,436650,31,TWSE_CSV,2026-07-27 14:15:36 +0800
1150727,2026-07-27,上市,1475,業旺,27.30,0.6500,26.65,27.35,26.60,10000,270700,10,TWSE_CSV,2026-07-27 14:15:36 +0800
1150727,2026-07-27,上市,1476,儒鴻,341.50,7.0000,339.00,341.50,333.00,1049000,355728000,960,TWSE_CSV,2026-07-27 14:15:36 +0800
1150727,2026-07-27,上市,1477,聚陽,218.00,3.0000,215.00,218.00,214.50,761000,164966500,630,TWSE_CSV,2026-07-27 14:15:36 +0800
1150727,2026-07-27,上市,1503,士電,202.00,-2.5000,207.00,207.00,199.00,1184000,238939000,918,TWSE_CSV,2026-07-27 14:15:36 +0800
1150727,2026-07-27,上市,1504,東元,67.50,1.3000,66.80,67.90,64.50,7910000,521746400,4512,TWSE_CSV,2026-07-27 14:15:36 +0800
1150727,2026-07-27,上市,1506,正道,10.75,-0.0500,10.80,10.80,10.55,141000,1503200,67,TWSE_CSV,2026-07-27 14:15:36 +0800
1150727,2026-07-27,上市,1512,瑞利,6.85,-0.0400,6.87,6.89,6.63,16000,108700,14,TWSE_CSV,2026-07-27 14:15:36 +0800
1150727,2026-07-27,上市,1513,中興電,158.50,0.5000,159.00,159.00,155.50,2238000,350839000,1573,TWSE_CSV,2026-07-27 14:15:36 +0800
1150727,2026-07-27,上市,1514,亞力,105.50,0.5000,107.00,107.00,103.50,1388000,145966500,997,TWSE_CSV,2026-07-27 14:15:36 +0800
1150727,2026-07-27,上市,1515,力山,32.45,-1.5000,33.45,33.80,32.10,2624000,85508750,1380,TWSE_CSV,2026-07-27 14:15:36 +0800
1150727,2026-07-27,上市,1516,川飛,16.00,0.0000,15.80,16.00,15.80,8000,126600,7,TWSE_CSV,2026-07-27 14:15:36 +0800
1150727,2026-07-27,上市,1517,利奇,11.70,0.4000,11.35,12.35,11.30,1738000,20434400,955,TWSE_CSV,2026-07-27 14:15:36 +0800
1150727,2026-07-27,上市,1519,華城,727.00,30.0000,712.00,727.00,704.00,1153000,823482000,1028,TWSE_CSV,2026-07-27 14:15:36 +0800
1150727,2026-07-27,上市,1521,大億,25.25,-0.0500,25.00,25.55,24.65,14000,349400,12,TWSE_CSV,2026-07-27 14:15:36 +0800
1150727,2026-07-27,上市,1522,堤維西,28.20,0.3500,28.00,28.20,27.65,313000,8751850,193,TWSE_CSV,2026-07-27 14:15:36 +0800
1150727,2026-07-27,上市,1524,耿鼎,26.30,0.1500,26.00,26.45,25.95,392000,10264150,212,TWSE_CSV,2026-07-27 14:15:36 +0800
1150727,2026-07-27,上市,1525,江申,66.80,-0.1000,66.80,66.80,66.80,3000,200400,3,TWSE_CSV,2026-07-27 14:15:36 +0800
1150727,2026-07-27,上市,1526,日馳,17.70,1.6000,16.10,17.70,16.10,1204000,21199950,467,TWSE_CSV,2026-07-27 14:15:36 +0800
1150727,2026-07-27,上市,1527,鑽全,34.00,0.4000,33.60,34.05,33.60,192000,6503400,119,TWSE_CSV,2026-07-27 14:15:36 +0800
1150727,2026-07-27,上市,1528,恩德,19.05,-0.0500,19.10,19.25,18.60,892000,16803900,498,TWSE_CSV,2026-07-27 14:15:36 +0800
1150727,2026-07-27,上市,1529,樂事綠能,18.25,-0.1500,18.65,18.65,18.20,339000,6202650,200,TWSE_CSV,2026-07-27 14:15:36 +0800
1150727,2026-07-27,上市,1530,亞崴,28.45,0.0000,28.80,29.15,28.10,139000,3956850,100,TWSE_CSV,2026-07-27 14:15:36 +0800
1150727,2026-07-27,上市,1531,高林股,13.10,0.1000,13.05,13.10,12.95,72000,936000,48,TWSE_CSV,2026-07-27 14:15:36 +0800
1150727,2026-07-27,上市,1532,勤美,22.90,-0.4000,23.35,23.40,22.80,1277000,29437100,381,TWSE_CSV,2026-07-27 14:15:36 +0800
1150727,2026-07-27,上市,1533,車王電,33.55,0.4500,33.15,33.65,33.15,130000,4342600,77,TWSE_CSV,2026-07-27 14:15:36 +0800
1150727,2026-07-27,上市,1535,中宇,45.75,0.0000,46.05,46.05,45.70,43000,1971550,37,TWSE_CSV,2026-07-27 14:15:36 +0800
1150727,2026-07-27,上市,1536,和大,49.75,-1.1500,51.10,51.10,49.10,1361000,67746150,890,TWSE_CSV,2026-07-27 14:15:36 +0800
1150727,2026-07-27,上市,1537,廣隆,127.50,0.0000,127.00,129.50,127.00,154000,19752500,107,TWSE_CSV,2026-07-27 14:15:36 +0800
1150727,2026-07-27,上市,1538,正峰,10.00,0.0000,9.90,10.00,9.90,7000,69750,7,TWSE_CSV,2026-07-27 14:15:36 +0800
1150727,2026-07-27,上市,1539,巨庭,16.25,0.0000,16.30,16.45,16.20,86000,1404050,54,TWSE_CSV,2026-07-27 14:15:36 +0800
1150727,2026-07-27,上市,1540,喬福,21.35,-0.1000,21.70,21.70,21.25,204000,4351150,117,TWSE_CSV,2026-07-27 14:15:36 +0800
1150727,2026-07-27,上市,1541,錩泰,22.00,-0.0500,22.00,22.15,21.60,21000,460950,16,TWSE_CSV,2026-07-27 14:15:36 +0800
1150727,2026-07-27,上市,1558,伸興,89.50,-0.8000,90.20,90.20,89.10,26000,2332800,26,TWSE_CSV,2026-07-27 14:15:36 +0800
1150727,2026-07-27,上市,1560,中砂,690.00,18.0000,669.00,701.00,664.00,1596000,1093567000,1346,TWSE_CSV,2026-07-27 14:15:36 +0800
1150727,2026-07-27,上市,1563,巧新,62.00,0.1000,62.00,62.00,60.60,516000,31667800,342,TWSE_CSV,2026-07-27 14:15:36 +0800
1150727,2026-07-27,上市,1568,倉佑,28.60,0.0000,28.55,28.80,28.00,349000,9894250,223,TWSE_CSV,2026-07-27 14:15:36 +0800
1150727,2026-07-27,上市,1582,信錦,69.40,0.0000,69.80,70.00,68.00,569000,39073200,435,TWSE_CSV,2026-07-27 14:15:36 +0800
1150727,2026-07-27,上市,1583,程泰,49.90,-0.1000,50.00,50.10,49.90,4000,200000,4,TWSE_CSV,2026-07-27 14:15:36 +0800
1150727,2026-07-27,上市,1587,吉茂,25.30,0.6500,25.05,26.00,24.85,242000,6149350,153,TWSE_CSV,2026-07-27 14:15:36 +0800
1150727,2026-07-27,上市,1590,亞德客-KY,1440.00,15.0000,1425.00,1450.00,1405.00,582000,832550000,486,TWSE_CSV,2026-07-27 14:15:36 +0800
1150727,2026-07-27,上市,1597,直得,128.50,2.5000,125.00,129.00,122.00,521000,65360500,438,TWSE_CSV,2026-07-27 14:15:36 +0800
1150727,2026-07-27,上市,1598,岱宇,19.60,-0.1500,19.90,19.90,19.40,108000,2111950,82,TWSE_CSV,2026-07-27 14:15:36 +0800
1150727,2026-07-27,上市,1603,華電,29.30,0.1500,29.30,29.35,28.90,81000,2357050,60,TWSE_CSV,2026-07-27 14:15:36 +0800
1150727,2026-07-27,上市,1604,聲寶,23.30,0.0500,23.30,23.40,23.25,246000,5741450,143,TWSE_CSV,2026-07-27 14:15:36 +0800
1150727,2026-07-27,上市,1605,華新,32.65,-0.2000,33.45,33.75,31.90,21103000,685995850,7967,TWSE_CSV,2026-07-27 14:15:36 +0800
1150727,2026-07-27,上市,1608,華榮,29.50,-0.5000,30.30,30.30,28.95,1895000,55925150,1065,TWSE_CSV,2026-07-27 14:15:36 +0800
1150727,2026-07-27,上市,1609,大亞,36.40,-0.4500,37.35,37.35,35.90,2750000,99819850,1571,TWSE_CSV,2026-07-27 14:15:36 +0800
1150727,2026-07-27,上市,1611,中電,11.95,-0.0500,12.00,12.05,11.85,449000,5360500,211,TWSE_CSV,2026-07-27 14:15:36 +0800
1150727,2026-07-27,上市,1612,宏泰,31.15,0.1000,31.10,31.30,30.90,466000,14482300,286,TWSE_CSV,2026-07-27 14:15:36 +0800
1150727,2026-07-27,上市,1614,三洋電,31.05,-0.0500,31.10,31.15,30.90,31000,963550,30,TWSE_CSV,2026-07-27 14:15:36 +0800
1150727,2026-07-27,上市,1615,大山,43.25,0.3500,42.90,43.50,42.70,89000,3827000,61,TWSE_CSV,2026-07-27 14:15:36 +0800
1150727,2026-07-27,上市,1616,億泰,19.25,0.0500,19.20,19.40,19.05,253000,4855850,150,TWSE_CSV,2026-07-27 14:15:36 +0800
1150727,2026-07-27,上市,1617,榮星,17.95,-0.2000,17.70,18.15,17.30,588000,10369250,363,TWSE_CSV,2026-07-27 14:15:36 +0800
1150727,2026-07-27,上市,1618,合機,38.80,0.3000,38.00,38.80,37.95,554000,21208600,286,TWSE_CSV,2026-07-27 14:15:36 +0800
1150727,2026-07-27,上市,1623,大東電,219.00,0.0000,218.00,219.00,215.00,81000,17575500,59,TWSE_CSV,2026-07-27 14:15:36 +0800
1150727,2026-07-27,上市,1626,艾美特-KY,9.99,-0.0100,10.00,10.05,9.92,35000,348710,30,TWSE_CSV,2026-07-27 14:15:36 +0800
1150727,2026-07-27,上市,1702,南僑,33.30,-0.0500,33.55,33.55,33.20,159000,5302550,117,TWSE_CSV,2026-07-27 14:15:36 +0800
1150727,2026-07-27,上市,1707,葡萄王,90.80,-0.7000,91.50,91.60,90.50,227000,20628200,206,TWSE_CSV,2026-07-27 14:15:36 +0800
1150727,2026-07-27,上市,1708,東鹼,52.50,-0.2000,53.50,53.50,50.90,2229000,116270100,1402,TWSE_CSV,2026-07-27 14:15:36 +0800
1150727,2026-07-27,上市,1709,和益,25.95,-0.3000,26.55,27.00,25.75,2471000,64462500,1314,TWSE_CSV,2026-07-27 14:15:36 +0800
1150727,2026-07-27,上市,1710,東聯,14.65,-1.1000,15.60,15.60,14.20,12191000,179483450,4093,TWSE_CSV,2026-07-27 14:15:36 +0800
1150727,2026-07-27,上市,1711,永光,35.40,-0.2500,35.80,36.00,34.25,5027000,175380350,2556,TWSE_CSV,2026-07-27 14:15:36 +0800
1150727,2026-07-27,上市,1712,興農,39.35,0.2500,39.35,39.50,39.10,590000,23194400,414,TWSE_CSV,2026-07-27 14:15:36 +0800
1150727,2026-07-27,上市,1713,國化,48.00,-0.2000,48.55,48.55,47.95,121000,5816600,68,TWSE_CSV,2026-07-27 14:15:36 +0800
1150727,2026-07-27,上市,1714,和桐,14.45,-0.4500,14.80,14.95,14.05,16268000,233435300,4444,TWSE_CSV,2026-07-27 14:15:36 +0800
1150727,2026-07-27,上市,1717,長興,61.30,1.1000,61.40,61.50,59.20,8071000,486356000,5180,TWSE_CSV,2026-07-27 14:15:36 +0800
1150727,2026-07-27,上市,1718,中纖,10.25,-0.7500,10.80,10.80,10.00,47373000,485579250,9467,TWSE_CSV,2026-07-27 14:15:36 +0800
1150727,2026-07-27,上市,1720,生達,57.40,0.9000,56.70,57.60,56.40,412000,23510600,290,TWSE_CSV,2026-07-27 14:15:36 +0800
1150727,2026-07-27,上市,1721,三晃,21.05,0.7000,20.35,21.35,20.35,543000,11254000,296,TWSE_CSV,2026-07-27 14:15:36 +0800
1150727,2026-07-27,上市,1722,台肥,46.70,0.2500,46.45,46.90,46.35,1627000,75845400,1001,TWSE_CSV,2026-07-27 14:15:36 +0800
1150727,2026-07-27,上市,1723,中碳,86.40,-1.7000,88.90,88.90,85.30,733000,63060000,538,TWSE_CSV,2026-07-27 14:15:36 +0800
1150727,2026-07-27,上市,1725,元禎,29.80,0.3000,29.95,29.95,29.15,34000,1000200,32,TWSE_CSV,2026-07-27 14:15:36 +0800
1150727,2026-07-27,上市,1726,永記,76.70,0.7000,76.00,76.80,76.00,40000,3058800,39,TWSE_CSV,2026-07-27 14:15:36 +0800
1150727,2026-07-27,上市,1727,中華化,76.00,0.0000,75.80,76.60,73.10,1360000,101454100,1004,TWSE_CSV,2026-07-27 14:15:36 +0800
1150727,2026-07-27,上市,1730,花仙子,51.60,0.1000,51.90,51.90,51.50,35000,1806500,29,TWSE_CSV,2026-07-27 14:15:36 +0800
1150727,2026-07-27,上市,1731,美吾華,20.65,0.1000,20.65,20.65,20.55,55000,1134500,41,TWSE_CSV,2026-07-27 14:15:36 +0800
1150727,2026-07-27,上市,1732,毛寶,27.35,-0.6500,28.35,28.40,27.15,582000,16053850,371,TWSE_CSV,2026-07-27 14:15:36 +0800
1150727,2026-07-27,上市,1733,五鼎,32.20,0.1500,32.05,32.30,31.80,128000,4105550,95,TWSE_CSV,2026-07-27 14:15:36 +0800
1150727,2026-07-27,上市,1734,杏輝,31.55,0.1500,31.40,31.75,31.10,276000,8663850,162,TWSE_CSV,2026-07-27 14:15:36 +0800
1150727,2026-07-27,上市,1735,日勝化,19.85,0.3500,19.55,19.90,19.30,159000,3124450,100,TWSE_CSV,2026-07-27 14:15:36 +0800
1150727,2026-07-27,上市,1736,喬山,133.50,-3.0000,135.50,137.50,132.00,278000,37351500,231,TWSE_CSV,2026-07-27 14:15:36 +0800
1150727,2026-07-27,上市,1737,臺鹽,32.25,0.1000,32.15,32.25,32.05,116000,3733850,80,TWSE_CSV,2026-07-27 14:15:36 +0800
1150727,2026-07-27,上市,1752,南光,31.60,-0.2000,31.60,32.10,31.45,38000,1200650,29,TWSE_CSV,2026-07-27 14:15:36 +0800
1150727,2026-07-27,上市,1760,寶齡富錦,60.50,-0.6000,61.10,61.30,60.40,101000,6132700,85,TWSE_CSV,2026-07-27 14:15:36 +0800
1150727,2026-07-27,上市,1762,中化生,34.00,-0.7500,34.75,34.80,33.95,132000,4520950,103,TWSE_CSV,2026-07-27 14:15:36 +0800
1150727,2026-07-27,上市,1773,勝一,160.00,-3.0000,165.50,165.50,157.50,739000,117853500,589,TWSE_CSV,2026-07-27 14:15:36 +0800
1150727,2026-07-27,上市,1776,展宇,17.05,-0.3000,17.30,17.30,17.05,35000,599100,32,TWSE_CSV,2026-07-27 14:15:36 +0800
1150727,2026-07-27,上市,1783,和康生,40.90,0.6000,40.45,40.95,40.05,122000,4950750,78,TWSE_CSV,2026-07-27 14:15:36 +0800
1150727,2026-07-27,上市,1786,科妍,50.30,0.3500,49.50,50.40,49.50,87000,4340700,67,TWSE_CSV,2026-07-27 14:15:36 +0800
1150727,2026-07-27,上市,1789,神隆,19.60,-0.0500,19.70,19.70,19.45,311000,6084800,232,TWSE_CSV,2026-07-27 14:15:36 +0800
1150727,2026-07-27,上市,1795,美時,184.00,-1.0000,185.50,186.50,183.00,1313000,241813500,1015,TWSE_CSV,2026-07-27 14:15:36 +0800
1150727,2026-07-27,上市,1802,台玻,52.50,1.5000,51.50,52.90,50.10,14873000,761991300,7742,TWSE_CSV,2026-07-27 14:15:36 +0800
1150727,2026-07-27,上市,1805,寶徠,10.05,0.0000,10.20,10.20,9.95,77000,770520,35,TWSE_CSV,2026-07-27 14:15:36 +0800
1150727,2026-07-27,上市,1806,冠軍,8.17,-0.0100,8.26,8.26,8.11,93000,759250,73,TWSE_CSV,2026-07-27 14:15:36 +0800
1150727,2026-07-27,上市,1808,潤隆,32.15,-0.1000,32.45,32.45,31.90,546000,17522350,384,TWSE_CSV,2026-07-27 14:15:36 +0800
1150727,2026-07-27,上市,1809,中釉,36.90,0.0000,36.90,37.40,35.50,971000,35285700,627,TWSE_CSV,2026-07-27 14:15:36 +0800
1150727,2026-07-27,上市,1810,和成,26.50,-2.1000,27.60,27.85,26.20,12821000,342487550,6145,TWSE_CSV,2026-07-27 14:15:36 +0800
1150727,2026-07-27,上市,1817,凱撒衛,38.65,0.2000,38.45,38.65,38.40,45000,1732050,30,TWSE_CSV,2026-07-27 14:15:36 +0800
1150727,2026-07-27,上市,1903,士紙,48.70,-0.2000,48.85,48.90,48.40,77000,3748200,67,TWSE_CSV,2026-07-27 14:15:36 +0800
1150727,2026-07-27,上市,1904,正隆,21.55,0.1000,21.45,21.70,21.30,814000,17441150,435,TWSE_CSV,2026-07-27 14:15:36 +0800
1150727,2026-07-27,上市,1905,華紙,13.50,-0.3500,14.00,14.00,13.35,2313000,31354550,952,TWSE_CSV,2026-07-27 14:15:36 +0800
1150727,2026-07-27,上市,1906,寶隆,11.00,0.1000,11.05,11.05,10.80,28000,305950,27,TWSE_CSV,2026-07-27 14:15:36 +0800
1150727,2026-07-27,上市,1907,永豐餘,28.05,-0.0500,28.10,28.15,27.90,1001000,28078750,528,TWSE_CSV,2026-07-27 14:15:36 +0800
1150727,2026-07-27,上市,1909,榮成,10.05,0.0000,9.96,10.05,9.93,1563000,15591370,576,TWSE_CSV,2026-07-27 14:15:36 +0800
1150727,2026-07-27,上市,2002,中鋼,19.25,0.1000,19.25,19.35,19.15,34055000,654894350,8379,TWSE_CSV,2026-07-27 14:15:36 +0800
1150727,2026-07-27,上市,2006,東和鋼鐵,73.00,1.2000,71.80,73.10,71.60,3133000,227669800,1892,TWSE_CSV,2026-07-27 14:15:36 +0800
1150727,2026-07-27,上市,2007,燁興,7.13,-0.0700,7.29,7.29,7.08,146000,1045240,94,TWSE_CSV,2026-07-27 14:15:36 +0800
1150727,2026-07-27,上市,2008,高興昌,31.00,0.0000,31.00,31.00,30.50,29000,896450,28,TWSE_CSV,2026-07-27 14:15:36 +0800
1150727,2026-07-27,上市,2009,第一銅,37.30,-0.1000,37.45,37.85,37.15,501000,18698000,275,TWSE_CSV,2026-07-27 14:15:36 +0800
1150727,2026-07-27,上市,2010,春源,21.15,0.0500,21.10,21.25,21.05,578000,12211500,306,TWSE_CSV,2026-07-27 14:15:36 +0800
1150727,2026-07-27,上市,2012,春雨,15.65,-0.1000,15.85,15.85,15.45,44000,690050,39,TWSE_CSV,2026-07-27 14:15:36 +0800
1150727,2026-07-27,上市,2013,中鋼構,41.00,0.0000,41.40,41.40,40.85,113000,4648550,84,TWSE_CSV,2026-07-27 14:15:36 +0800
1150727,2026-07-27,上市,2014,中鴻,17.20,-0.2000,17.55,17.55,17.05,2085000,35886000,892,TWSE_CSV,2026-07-27 14:15:36 +0800
1150727,2026-07-27,上市,2015,豐興,64.50,0.7000,64.20,64.80,64.20,459000,29574200,280,TWSE_CSV,2026-07-27 14:15:36 +0800
1150727,2026-07-27,上市,2017,官田鋼,9.01,0.0300,8.98,9.11,8.95,373000,3369490,157,TWSE_CSV,2026-07-27 14:15:36 +0800
1150727,2026-07-27,上市,2020,美亞,21.35,0.1000,21.35,21.45,21.30,267000,5710000,115,TWSE_CSV,2026-07-27 14:15:36 +0800
1150727,2026-07-27,上市,2022,聚亨,7.76,-0.0100,7.78,7.79,7.70,313000,2418140,164,TWSE_CSV,2026-07-27 14:15:36 +0800
1150727,2026-07-27,上市,2023,燁輝,13.75,-0.2000,14.05,14.10,13.75,985000,13743850,361,TWSE_CSV,2026-07-27 14:15:36 +0800
1150727,2026-07-27,上市,2024,志聯,13.85,0.0500,13.85,13.85,13.80,11000,152250,9,TWSE_CSV,2026-07-27 14:15:36 +0800
1150727,2026-07-27,上市,2025,千興,11.75,0.0500,11.70,11.95,11.70,286000,3372800,117,TWSE_CSV,2026-07-27 14:15:36 +0800
1150727,2026-07-27,上市,2027,大成鋼,44.55,1.0000,44.40,45.15,43.45,22439000,996418500,10990,TWSE_CSV,2026-07-27 14:15:36 +0800
1150727,2026-07-27,上市,2028,威致,15.65,0.0500,15.60,15.70,15.50,100000,1558950,63,TWSE_CSV,2026-07-27 14:15:36 +0800
1150727,2026-07-27,上市,2029,盛餘,20.80,0.0500,20.85,20.85,20.70,83000,1724450,56,TWSE_CSV,2026-07-27 14:15:36 +0800
1150727,2026-07-27,上市,2030,彰源,17.30,-0.2000,17.50,17.55,17.25,461000,8018450,189,TWSE_CSV,2026-07-27 14:15:36 +0800
1150727,2026-07-27,上市,2031,新光鋼,40.95,0.8000,40.70,40.95,40.40,815000,33239300,467,TWSE_CSV,2026-07-27 14:15:36 +0800
1150727,2026-07-27,上市,2032,新鋼,16.05,0.0000,16.05,16.15,15.95,243000,3900300,92,TWSE_CSV,2026-07-27 14:15:36 +0800
1150727,2026-07-27,上市,2033,佳大,15.30,-0.1000,15.30,15.30,15.10,91000,1388100,61,TWSE_CSV,2026-07-27 14:15:36 +0800
1150727,2026-07-27,上市,2034,允強,19.20,-0.1000,19.30,19.40,19.05,826000,15838400,415,TWSE_CSV,2026-07-27 14:15:36 +0800
1150727,2026-07-27,上市,2038,海光,12.70,-0.0500,12.75,12.85,12.60,153000,1942750,71,TWSE_CSV,2026-07-27 14:15:36 +0800
1150727,2026-07-27,上市,2049,上銀,323.00,10.0000,316.00,324.50,306.50,1363000,431979500,1160,TWSE_CSV,2026-07-27 14:15:36 +0800
1150727,2026-07-27,上市,2059,川湖,8275.00,540.0000,7780.00,8275.00,7675.00,491000,3934580000,482,TWSE_CSV,2026-07-27 14:15:36 +0800
1150727,2026-07-27,上市,2062,橋椿,18.70,0.0000,18.85,18.85,18.50,168000,3119500,95,TWSE_CSV,2026-07-27 14:15:36 +0800
1150727,2026-07-27,上市,2069,運錩,18.35,-0.1500,18.60,18.60,18.15,174000,3181050,111,TWSE_CSV,2026-07-27 14:15:36 +0800
1150727,2026-07-27,上市,2072,世紀風電,152.50,9.5000,148.00,154.50,146.50,1011000,152704000,741,TWSE_CSV,2026-07-27 14:15:36 +0800
1150727,2026-07-27,上市,2101,南港,33.15,0.1500,33.20,33.30,32.75,746000,24681350,407,TWSE_CSV,2026-07-27 14:15:36 +0800
1150727,2026-07-27,上市,2102,泰豐,19.15,0.1500,19.10,19.15,19.00,92000,1756100,73,TWSE_CSV,2026-07-27 14:15:36 +0800
1150727,2026-07-27,上市,2103,台橡,22.20,-1.1000,23.30,23.30,22.00,6182000,138070750,2261,TWSE_CSV,2026-07-27 14:15:36 +0800
1150727,2026-07-27,上市,2104,國際中橡,10.15,-0.2000,10.35,10.35,10.00,5857000,59367650,1382,TWSE_CSV,2026-07-27 14:15:36 +0800
1150727,2026-07-27,上市,2105,正新,30.80,-0.4500,31.00,31.15,30.70,9082000,280501100,4095,TWSE_CSV,2026-07-27 14:15:36 +0800
1150727,2026-07-27,上市,2106,建大,18.00,0.2500,17.85,18.10,17.60,1053000,18894650,545,TWSE_CSV,2026-07-27 14:15:36 +0800
1150727,2026-07-27,上市,2107,厚生,25.95,0.0000,25.95,26.00,25.70,156000,4044100,70,TWSE_CSV,2026-07-27 14:15:36 +0800
1150727,2026-07-27,上市,2108,南帝,27.95,-0.3500,28.40,28.40,27.65,703000,19592950,440,TWSE_CSV,2026-07-27 14:15:36 +0800
1150727,2026-07-27,上市,2109,華豐,14.45,-0.0500,14.50,14.50,14.40,59000,851800,47,TWSE_CSV,2026-07-27 14:15:36 +0800
1150727,2026-07-27,上市,2114,鑫永銓,87.80,0.0000,87.60,88.20,87.60,22000,1931100,16,TWSE_CSV,2026-07-27 14:15:36 +0800
1150727,2026-07-27,上市,2115,六暉-KY,22.10,0.0500,22.25,22.30,21.95,58000,1287250,22,TWSE_CSV,2026-07-27 14:15:36 +0800
1150727,2026-07-27,上市,2201,裕隆,27.65,-0.2500,28.15,28.15,27.65,1292000,35936500,735,TWSE_CSV,2026-07-27 14:15:36 +0800
1150727,2026-07-27,上市,2204,中華,51.80,0.0000,52.00,52.30,51.60,488000,25351800,328,TWSE_CSV,2026-07-27 14:15:36 +0800
1150727,2026-07-27,上市,2206,三陽工業,63.10,1.7000,61.80,63.20,61.40,1577000,98757000,838,TWSE_CSV,2026-07-27 14:15:36 +0800
1150727,2026-07-27,上市,2207,和泰車,498.00,4.5000,502.00,503.00,493.00,384000,191466000,299,TWSE_CSV,2026-07-27 14:15:36 +0800
1150727,2026-07-27,上市,2208,台船,19.30,-0.5500,19.70,19.85,19.10,4298000,83255950,1768,TWSE_CSV,2026-07-27 14:15:36 +0800
1150727,2026-07-27,上市,2211,長榮鋼,88.60,0.8000,88.30,88.70,87.50,623000,54961700,454,TWSE_CSV,2026-07-27 14:15:36 +0800
1150727,2026-07-27,上市,2227,裕日車,50.50,0.4000,50.10,50.80,50.00,74000,3720900,51,TWSE_CSV,2026-07-27 14:15:36 +0800
1150727,2026-07-27,上市,2228,劍麟,80.00,0.3000,79.90,80.50,79.00,57000,4558700,55,TWSE_CSV,2026-07-27 14:15:36 +0800
1150727,2026-07-27,上市,2231,為升,95.20,-1.2000,95.70,95.70,94.00,228000,21673200,195,TWSE_CSV,2026-07-27 14:15:36 +0800
1150727,2026-07-27,上市,2233,宇隆,205.00,1.5000,204.00,206.50,196.00,433000,87349500,309,TWSE_CSV,2026-07-27 14:15:36 +0800
1150727,2026-07-27,上市,2236,百達-KY,146.00,-3.0000,146.50,150.00,142.50,777000,113514500,597,TWSE_CSV,2026-07-27 14:15:36 +0800
1150727,2026-07-27,上市,2239,英利-KY,20.00,-0.1000,20.25,20.35,19.80,34000,680850,34,TWSE_CSV,2026-07-27 14:15:36 +0800
1150727,2026-07-27,上市,2241,艾姆勒,34.00,-1.0000,35.30,35.30,33.00,1060000,35913650,591,TWSE_CSV,2026-07-27 14:15:36 +0800
1150727,2026-07-27,上市,2243,宏旭-KY,48.00,-2.4000,50.00,50.40,47.40,508000,24682750,339,TWSE_CSV,2026-07-27 14:15:36 +0800
1150727,2026-07-27,上市,2247,汎德永業,225.50,0.5000,225.50,228.00,223.50,23000,5203000,22,TWSE_CSV,2026-07-27 14:15:36 +0800
1150727,2026-07-27,上市,2248,華勝-KY,61.50,-0.7000,62.30,62.90,61.00,78000,4813100,64,TWSE_CSV,2026-07-27 14:15:36 +0800
1150727,2026-07-27,上市,2250,IKKA-KY,62.00,0.9000,61.10,62.00,60.60,61000,3728500,49,TWSE_CSV,2026-07-27 14:15:36 +0800
1150727,2026-07-27,上市,2254,巨鎧精密-創,59.50,-1.1000,59.50,60.50,59.50,4000,239900,4,TWSE_CSV,2026-07-27 14:15:36 +0800
1150727,2026-07-27,上市,2258,鴻華先進-創,32.00,-0.0500,32.25,32.25,31.55,323000,10354650,225,TWSE_CSV,2026-07-27 14:15:36 +0800
1150727,2026-07-27,上市,2301,光寶科,212.00,-2.5000,216.50,216.50,204.00,12386000,2589697000,7679,TWSE_CSV,2026-07-27 14:15:36 +0800
1150727,2026-07-27,上市,2302,麗正,41.50,-1.5000,42.50,42.80,40.20,3066000,126482250,1964,TWSE_CSV,2026-07-27 14:15:36 +0800
1150727,2026-07-27,上市,2303,聯電,126.00,-2.0000,123.00,127.00,118.00,217061000,26595916000,65836,TWSE_CSV,2026-07-27 14:15:36 +0800
1150727,2026-07-27,上市,2305,全友,31.85,-0.4500,32.30,32.65,30.15,6279000,198669400,3396,TWSE_CSV,2026-07-27 14:15:36 +0800
1150727,2026-07-27,上市,2308,台達電,1755.00,-30.0000,1755.00,1785.00,1695.00,9042000,15630700000,6754,TWSE_CSV,2026-07-27 14:15:36 +0800
1150727,2026-07-27,上市,2312,金寶,31.95,0.1000,31.85,32.00,30.60,11601000,363459250,5235,TWSE_CSV,2026-07-27 14:15:36 +0800
1150727,2026-07-27,上市,2313,華通,199.50,-2.0000,202.50,205.00,194.00,30280000,6025122500,14936,TWSE_CSV,2026-07-27 14:15:36 +0800
1150727,2026-07-27,上市,2314,台揚,12.50,0.1500,12.20,12.55,12.20,94000,1166050,62,TWSE_CSV,2026-07-27 14:15:36 +0800
1150727,2026-07-27,上市,2316,楠梓電,155.00,-1.0000,155.00,157.00,148.50,1434000,219005000,1060,TWSE_CSV,2026-07-27 14:15:36 +0800
1150727,2026-07-27,上市,2317,鴻海,253.00,0.5000,253.00,254.50,246.00,34979000,8735703000,16700,TWSE_CSV,2026-07-27 14:15:36 +0800
1150727,2026-07-27,上市,2321,東訊,15.00,0.0000,14.95,15.00,14.95,5000,74950,4,TWSE_CSV,2026-07-27 14:15:36 +0800
1150727,2026-07-27,上市,2323,中環,10.30,-0.0500,10.40,10.40,10.05,4780000,48527900,1312,TWSE_CSV,2026-07-27 14:15:36 +0800
1150727,2026-07-27,上市,2324,仁寶,37.15,-0.0500,37.50,37.50,36.05,39987000,1466004450,15087,TWSE_CSV,2026-07-27 14:15:36 +0800
1150727,2026-07-27,上市,2327,國巨*,625.00,-17.0000,650.00,655.00,590.00,55158000,34117102000,37440,TWSE_CSV,2026-07-27 14:15:36 +0800
1150727,2026-07-27,上市,2328,廣宇,45.15,-0.1500,44.90,45.20,44.30,1627000,72830700,1122,TWSE_CSV,2026-07-27 14:15:36 +0800
1150727,2026-07-27,上市,2329,華泰,44.45,-0.6000,45.05,45.20,43.25,2608000,115186150,1648,TWSE_CSV,2026-07-27 14:15:36 +0800
1150727,2026-07-27,上市,2330,台積電,2350.00,0.0000,2330.00,2365.00,2330.00,24003000,56336900000,9178,TWSE_CSV,2026-07-27 14:15:36 +0800
1150727,2026-07-27,上市,2331,精英,19.20,-0.0500,19.50,19.50,18.75,1297000,24631850,759,TWSE_CSV,2026-07-27 14:15:36 +0800
1150727,2026-07-27,上市,2332,友訊,24.30,2.2000,22.30,24.30,22.30,74325000,1780434300,25573,TWSE_CSV,2026-07-27 14:15:36 +0800
1150727,2026-07-27,上市,2337,旺宏,125.50,1.5000,123.50,125.50,118.00,36990000,4492230500,17244,TWSE_CSV,2026-07-27 14:15:36 +0800
1150727,2026-07-27,上市,2338,光罩,41.30,0.6500,40.85,41.35,40.25,1166000,47554300,798,TWSE_CSV,2026-07-27 14:15:36 +0800
1150727,2026-07-27,上市,2340,台亞,30.70,0.0500,30.80,31.25,30.05,1811000,55395900,1287,TWSE_CSV,2026-07-27 14:15:36 +0800
1150727,2026-07-27,上市,2342,茂矽,38.30,-0.8000,39.20,39.70,37.10,2273000,86921800,1438,TWSE_CSV,2026-07-27 14:15:36 +0800
1150727,2026-07-27,上市,2344,華邦電,160.00,5.5000,155.00,161.00,150.00,109508000,17029523500,53986,TWSE_CSV,2026-07-27 14:15:36 +0800
1150727,2026-07-27,上市,2345,智邦,2240.00,20.0000,2280.00,2285.00,2170.00,1770000,3928235000,1527,TWSE_CSV,2026-07-27 14:15:36 +0800
1150727,2026-07-27,上市,2347,聯強,88.60,0.0000,88.80,89.40,87.10,2145000,189135000,1131,TWSE_CSV,2026-07-27 14:15:36 +0800
1150727,2026-07-27,上市,2348,海悅,77.80,-0.4000,78.80,78.80,77.50,485000,37745000,248,TWSE_CSV,2026-07-27 14:15:36 +0800
1150727,2026-07-27,上市,2349,錸德,11.05,-0.2000,11.30,11.30,10.85,1702000,18741350,573,TWSE_CSV,2026-07-27 14:15:36 +0800
1150727,2026-07-27,上市,2351,順德,160.50,-0.5000,159.50,164.00,154.00,1880000,296966000,1489,TWSE_CSV,2026-07-27 14:15:36 +0800
1150727,2026-07-27,上市,2352,佳世達,28.75,-0.4500,29.40,29.40,28.25,5412000,155066150,2799,TWSE_CSV,2026-07-27 14:15:36 +0800
1150727,2026-07-27,上市,2353,宏碁,30.10,0.0500,30.35,30.35,29.60,19528000,583072800,5999,TWSE_CSV,2026-07-27 14:15:36 +0800
1150727,2026-07-27,上市,2354,鴻準,56.20,-0.9000,57.50,57.50,55.50,3675000,206123500,2277,TWSE_CSV,2026-07-27 14:15:36 +0800
1150727,2026-07-27,上市,2355,敬鵬,40.80,-0.2000,41.00,41.15,39.90,3069000,124010200,1811,TWSE_CSV,2026-07-27 14:15:36 +0800
1150727,2026-07-27,上市,2356,英業達,63.80,-0.7000,64.20,64.60,61.40,23911000,1505371000,12805,TWSE_CSV,2026-07-27 14:15:36 +0800
1150727,2026-07-27,上市,2357,華碩,760.00,-11.0000,778.00,778.00,735.00,3571000,2688102000,2771,TWSE_CSV,2026-07-27 14:15:36 +0800
1150727,2026-07-27,上市,2359,所羅門,144.50,-0.5000,142.00,144.50,138.50,4218000,597609000,3181,TWSE_CSV,2026-07-27 14:15:36 +0800
1150727,2026-07-27,上市,2360,致茂,2100.00,20.0000,2100.00,2115.00,1980.00,2164000,4448575000,1879,TWSE_CSV,2026-07-27 14:15:36 +0800
1150727,2026-07-27,上市,2362,藍天,44.05,-0.1000,44.15,44.40,43.15,632000,27709800,455,TWSE_CSV,2026-07-27 14:15:36 +0800
1150727,2026-07-27,上市,2363,矽統,54.60,-0.7000,55.30,55.70,53.20,3936000,213651700,2178,TWSE_CSV,2026-07-27 14:15:36 +0800
1150727,2026-07-27,上市,2364,倫飛,70.70,-0.5000,71.20,71.50,70.20,100000,7074200,89,TWSE_CSV,2026-07-27 14:15:36 +0800
1150727,2026-07-27,上市,2365,昆盈,29.55,-0.6500,30.05,30.25,29.20,1279000,37932100,684,TWSE_CSV,2026-07-27 14:15:36 +0800
1150727,2026-07-27,上市,2367,燿華,41.95,-0.1500,42.10,43.20,41.15,6093000,255788800,3770,TWSE_CSV,2026-07-27 14:15:36 +0800
1150727,2026-07-27,上市,2368,金像電,895.00,-6.0000,905.00,907.00,874.00,2492000,2224511000,2202,TWSE_CSV,2026-07-27 14:15:36 +0800
1150727,2026-07-27,上市,2369,菱生,32.45,-0.4500,32.65,33.30,31.40,7086000,229014350,3901,TWSE_CSV,2026-07-27 14:15:36 +0800
1150727,2026-07-27,上市,2371,大同,25.70,-0.1000,26.00,26.00,25.50,5782000,148711100,2264,TWSE_CSV,2026-07-27 14:15:36 +0800
1150727,2026-07-27,上市,2373,震旦行,53.80,-0.2000,54.40,54.40,53.50,35000,1886600,31,TWSE_CSV,2026-07-27 14:15:36 +0800
1150727,2026-07-27,上市,2374,佳能,68.10,0.6000,68.50,69.50,67.50,3818000,261219900,2409,TWSE_CSV,2026-07-27 14:15:36 +0800
1150727,2026-07-27,上市,2375,凱美,131.00,0.0000,131.50,136.50,127.00,5549000,728535500,4104,TWSE_CSV,2026-07-27 14:15:36 +0800
1150727,2026-07-27,上市,2376,技嘉,349.50,-5.0000,355.00,355.00,338.00,6454000,2225913500,4419,TWSE_CSV,2026-07-27 14:15:36 +0800
1150727,2026-07-27,上市,2377,微星,146.50,0.0000,146.50,147.00,137.50,13989000,1994368500,8305,TWSE_CSV,2026-07-27 14:15:36 +0800
1150727,2026-07-27,上市,2379,瑞昱,762.00,18.0000,754.00,783.00,745.00,4708000,3588604000,3795,TWSE_CSV,2026-07-27 14:15:36 +0800
1150727,2026-07-27,上市,2380,虹光,19.75,0.2500,19.10,19.75,19.00,70000,1342050,32,TWSE_CSV,2026-07-27 14:15:36 +0800
1150727,2026-07-27,上市,2382,廣達,322.00,-6.0000,324.50,326.50,314.50,19338000,6175896500,10953,TWSE_CSV,2026-07-27 14:15:36 +0800
1150727,2026-07-27,上市,2383,台光電,4815.00,60.0000,4825.00,4890.00,4640.00,1387000,6610265000,1266,TWSE_CSV,2026-07-27 14:15:36 +0800
1150727,2026-07-27,上市,2385,群光,106.00,-0.5000,107.00,107.00,105.00,2217000,234694500,1314,TWSE_CSV,2026-07-27 14:15:36 +0800
1150727,2026-07-27,上市,2387,精元,38.50,-0.3500,38.85,39.25,38.30,241000,9288500,174,TWSE_CSV,2026-07-27 14:15:36 +0800
1150727,2026-07-27,上市,2388,威盛,73.90,-1.0000,74.50,75.20,72.70,3866000,284965200,2534,TWSE_CSV,2026-07-27 14:15:36 +0800
1150727,2026-07-27,上市,2390,云辰,10.90,-0.0500,11.10,11.10,10.75,448000,4845200,195,TWSE_CSV,2026-07-27 14:15:36 +0800
1150727,2026-07-27,上市,2392,正崴,35.70,0.0000,35.85,35.90,35.05,1310000,46330200,852,TWSE_CSV,2026-07-27 14:15:36 +0800
1150727,2026-07-27,上市,2393,億光,64.50,-1.6000,65.60,65.60,63.40,3502000,225276100,2405,TWSE_CSV,2026-07-27 14:15:36 +0800
1150727,2026-07-27,上市,2395,研華,577.00,-4.0000,586.00,588.00,557.00,3821000,2179370000,2842,TWSE_CSV,2026-07-27 14:15:36 +0800
1150727,2026-07-27,上市,2397,友通,57.50,-1.7000,59.40,59.40,56.90,431000,24825600,335,TWSE_CSV,2026-07-27 14:15:36 +0800
1150727,2026-07-27,上市,2399,映泰,37.50,-0.2500,37.80,38.25,36.30,1651000,61214800,1031,TWSE_CSV,2026-07-27 14:15:36 +0800
1150727,2026-07-27,上市,2401,凌陽,27.45,-0.7000,28.50,28.50,27.00,2961000,81490900,1736,TWSE_CSV,2026-07-27 14:15:36 +0800
1150727,2026-07-27,上市,2402,毅嘉,56.70,-1.3000,58.00,58.00,56.10,1295000,73438800,882,TWSE_CSV,2026-07-27 14:15:36 +0800
1150727,2026-07-27,上市,2404,漢唐,1115.00,-5.0000,1130.00,1130.00,1085.00,1191000,1321955000,962,TWSE_CSV,2026-07-27 14:15:36 +0800
1150727,2026-07-27,上市,2405,輔信,16.35,-0.0500,16.50,16.50,16.00,954000,15476200,478,TWSE_CSV,2026-07-27 14:15:36 +0800
1150727,2026-07-27,上市,2406,國碩,33.25,-0.1000,33.65,34.00,32.60,8427000,281088750,4706,TWSE_CSV,2026-07-27 14:15:36 +0800
1150727,2026-07-27,上市,2408,南亞科,436.00,35.0000,401.50,440.00,387.00,79717000,32514095500,49660,TWSE_CSV,2026-07-27 14:15:36 +0800
1150727,2026-07-27,上市,2409,友達,23.90,-1.6000,25.55,25.60,23.35,151109000,3673142400,44113,TWSE_CSV,2026-07-27 14:15:36 +0800
1150727,2026-07-27,上市,2412,中華電,140.50,1.5000,139.50,140.50,139.00,22380000,3131038000,5646,TWSE_CSV,2026-07-27 14:15:36 +0800
1150727,2026-07-27,上市,2413,環科,40.50,0.2500,40.35,40.80,39.60,379000,15201700,289,TWSE_CSV,2026-07-27 14:15:36 +0800
1150727,2026-07-27,上市,2414,精技,57.20,1.5000,55.70,57.80,54.90,348000,19530600,255,TWSE_CSV,2026-07-27 14:15:36 +0800
1150727,2026-07-27,上市,2415,錩新,32.20,-0.4500,32.45,32.70,31.50,288000,9281050,188,TWSE_CSV,2026-07-27 14:15:36 +0800
1150727,2026-07-27,上市,2417,圓剛,40.95,-0.0500,41.50,41.90,40.15,769000,31533250,594,TWSE_CSV,2026-07-27 14:15:36 +0800
1150727,2026-07-27,上市,2419,仲琦,24.85,0.2000,24.65,25.00,24.45,458000,11303850,264,TWSE_CSV,2026-07-27 14:15:36 +0800
1150727,2026-07-27,上市,2420,新巨,56.90,0.2000,56.70,57.00,56.20,242000,13693500,175,TWSE_CSV,2026-07-27 14:15:36 +0800
1150727,2026-07-27,上市,2421,建準,131.50,1.5000,132.00,132.00,128.00,981000,127435500,728,TWSE_CSV,2026-07-27 14:15:36 +0800
1150727,2026-07-27,上市,2423,固緯,73.60,-0.3000,74.60,74.60,71.20,198000,14338700,164,TWSE_CSV,2026-07-27 14:15:36 +0800
1150727,2026-07-27,上市,2424,隴華,8.30,-0.1300,7.86,8.50,7.86,56000,462780,41,TWSE_CSV,2026-07-27 14:15:36 +0800
1150727,2026-07-27,上市,2425,承啟,46.00,-0.8500,46.50,47.60,45.20,6878000,320334350,4198,TWSE_CSV,2026-07-27 14:15:36 +0800
1150727,2026-07-27,上市,2426,鼎元,62.00,0.0000,62.00,62.80,59.60,10227000,627983700,6264,TWSE_CSV,2026-07-27 14:15:36 +0800
1150727,2026-07-27,上市,2427,三商電,23.20,0.0000,23.20,23.35,22.85,405000,9348500,287,TWSE_CSV,2026-07-27 14:15:36 +0800
1150727,2026-07-27,上市,2428,興勤,240.00,-1.0000,241.00,244.50,233.00,525000,125388500,452,TWSE_CSV,2026-07-27 14:15:36 +0800
1150727,2026-07-27,上市,2429,銘旺科,38.50,-0.5000,39.50,39.50,37.50,481000,18316150,281,TWSE_CSV,2026-07-27 14:15:36 +0800
1150727,2026-07-27,上市,2430,燦坤,17.50,-0.0500,17.55,17.55,17.45,176000,3077250,51,TWSE_CSV,2026-07-27 14:15:36 +0800
1150727,2026-07-27,上市,2431,聯昌,10.50,-0.2000,10.70,10.80,10.40,175000,1839950,104,TWSE_CSV,2026-07-27 14:15:36 +0800
1150727,2026-07-27,上市,2432,倚天酷碁-創,28.35,0.0000,28.05,28.45,28.05,14000,395050,10,TWSE_CSV,2026-07-27 14:15:36 +0800
1150727,2026-07-27,上市,2433,互盛電,41.90,-0.1500,42.25,42.25,41.80,31000,1302000,27,TWSE_CSV,2026-07-27 14:15:36 +0800
1150727,2026-07-27,上市,2434,統懋,65.80,-3.0000,69.70,69.70,64.30,226000,14780300,149,TWSE_CSV,2026-07-27 14:15:36 +0800
1150727,2026-07-27,上市,2436,偉詮電,58.20,-1.1000,58.50,59.30,56.80,1813000,104705000,1264,TWSE_CSV,2026-07-27 14:15:36 +0800
1150727,2026-07-27,上市,2438,翔耀,17.65,-0.3000,17.80,17.80,17.35,102000,1784650,42,TWSE_CSV,2026-07-27 14:15:36 +0800
1150727,2026-07-27,上市,2439,美律,83.90,1.0000,82.90,83.90,82.70,584000,48681500,461,TWSE_CSV,2026-07-27 14:15:36 +0800
1150727,2026-07-27,上市,2440,太空梭,15.95,0.2500,15.70,15.95,15.40,205000,3201700,120,TWSE_CSV,2026-07-27 14:15:36 +0800
1150727,2026-07-27,上市,2441,超豐,119.00,1.0000,119.50,121.00,114.50,3502000,411791500,2261,TWSE_CSV,2026-07-27 14:15:36 +0800
1150727,2026-07-27,上市,2442,新美齊,19.20,-0.1500,19.35,19.35,19.15,538000,10355800,326,TWSE_CSV,2026-07-27 14:15:36 +0800
1150727,2026-07-27,上市,2444,兆勁,11.25,0.0000,11.10,11.25,10.95,234000,2598650,96,TWSE_CSV,2026-07-27 14:15:36 +0800
1150727,2026-07-27,上市,2449,京元電子,276.00,5.0000,273.50,282.00,265.00,16829000,4601072000,10725,TWSE_CSV,2026-07-27 14:15:36 +0800
1150727,2026-07-27,上市,2450,神腦,28.75,-0.1500,28.90,28.90,28.70,56000,1613550,49,TWSE_CSV,2026-07-27 14:15:36 +0800
1150727,2026-07-27,上市,2451,創見,272.00,8.0000,265.50,272.00,261.50,14710000,3929000000,9994,TWSE_CSV,2026-07-27 14:15:36 +0800
1150727,2026-07-27,上市,2453,凌群,51.90,0.2000,52.20,52.20,51.60,138000,7147800,86,TWSE_CSV,2026-07-27 14:15:36 +0800
1150727,2026-07-27,上市,2454,聯發科,3680.00,-70.0000,3655.00,3710.00,3525.00,8409000,30382975000,6811,TWSE_CSV,2026-07-27 14:15:36 +0800
1150727,2026-07-27,上市,2455,全新,326.50,-6.5000,322.50,338.00,319.00,8683000,2847357000,6659,TWSE_CSV,2026-07-27 14:15:36 +0800
1150727,2026-07-27,上市,2457,飛宏,23.65,-0.3500,23.70,23.95,23.35,1354000,31931150,708,TWSE_CSV,2026-07-27 14:15:36 +0800
1150727,2026-07-27,上市,2458,義隆,166.00,-2.0000,167.50,171.00,163.50,1638000,272860500,1243,TWSE_CSV,2026-07-27 14:15:36 +0800
1150727,2026-07-27,上市,2459,敦吉,65.10,-0.2000,65.30,65.40,65.00,62000,4041800,43,TWSE_CSV,2026-07-27 14:15:36 +0800
1150727,2026-07-27,上市,2460,建通,31.20,-0.0500,32.10,32.10,30.60,282000,8747150,190,TWSE_CSV,2026-07-27 14:15:36 +0800
1150727,2026-07-27,上市,2461,光群雷,16.05,0.1500,16.00,16.20,15.90,505000,8112500,184,TWSE_CSV,2026-07-27 14:15:36 +0800
1150727,2026-07-27,上市,2462,良得電,20.70,0.0500,20.70,20.70,20.15,273000,5579300,130,TWSE_CSV,2026-07-27 14:15:36 +0800
1150727,2026-07-27,上市,2464,盟立,142.50,-4.0000,144.00,145.50,138.00,3912000,550799500,2682,TWSE_CSV,2026-07-27 14:15:36 +0800
1150727,2026-07-27,上市,2465,麗臺,79.00,-1.5000,80.50,80.50,77.20,831000,65274700,668,TWSE_CSV,2026-07-27 14:15:36 +0800
1150727,2026-07-27,上市,2466,冠西電,93.90,-1.1000,95.00,104.00,89.00,4396000,430612600,3104,TWSE_CSV,2026-07-27 14:15:36 +0800
1150727,2026-07-27,上市,2467,志聖,532.00,17.0000,526.00,541.00,513.00,1786000,940125000,1586,TWSE_CSV,2026-07-27 14:15:36 +0800
1150727,2026-07-27,上市,2468,華經,34.65,-0.2500,34.90,34.90,34.10,218000,7519500,145,TWSE_CSV,2026-07-27 14:15:36 +0800
1150727,2026-07-27,上市,2471,資通,48.60,-0.1000,48.70,49.00,48.40,115000,5608100,91,TWSE_CSV,2026-07-27 14:15:36 +0800
1150727,2026-07-27,上市,2472,立隆電,260.50,2.0000,258.00,265.00,250.00,2286000,588522000,1831,TWSE_CSV,2026-07-27 14:15:36 +0800
1150727,2026-07-27,上市,2474,可成,188.50,-1.0000,191.00,191.00,186.00,1834000,344566500,1403,TWSE_CSV,2026-07-27 14:15:36 +0800
1150727,2026-07-27,上市,2476,鉅祥,118.50,-0.5000,118.50,120.00,115.50,1520000,178466500,766,TWSE_CSV,2026-07-27 14:15:36 +0800
1150727,2026-07-27,上市,2477,美隆電,21.60,0.3000,21.45,21.60,21.30,98000,2103600,67,TWSE_CSV,2026-07-27 14:15:36 +0800
1150727,2026-07-27,上市,2478,大毅,128.50,-3.0000,129.50,134.00,122.50,3865000,493924000,2785,TWSE_CSV,2026-07-27 14:15:36 +0800
1150727,2026-07-27,上市,2480,敦陽科,158.00,-1.0000,160.00,160.00,158.00,161000,25615000,135,TWSE_CSV,2026-07-27 14:15:36 +0800
1150727,2026-07-27,上市,2481,強茂,137.00,-3.0000,138.00,142.00,133.00,15783000,2151344000,9132,TWSE_CSV,2026-07-27 14:15:36 +0800
1150727,2026-07-27,上市,2482,連宇,18.00,0.3500,17.60,18.20,17.30,178000,3138500,127,TWSE_CSV,2026-07-27 14:15:36 +0800
1150727,2026-07-27,上市,2483,百容,36.15,-4.0000,39.00,39.65,36.15,377000,13916250,252,TWSE_CSV,2026-07-27 14:15:36 +0800
1150727,2026-07-27,上市,2484,希華,73.10,1.2000,71.20,76.00,70.60,49855000,3654472800,31221,TWSE_CSV,2026-07-27 14:15:36 +0800
1150727,2026-07-27,上市,2485,兆赫,40.60,0.4000,40.25,41.20,39.75,3529000,142397150,2103,TWSE_CSV,2026-07-27 14:15:36 +0800
1150727,2026-07-27,上市,2486,一詮,227.50,8.5000,219.00,230.00,216.50,7052000,1567403500,4663,TWSE_CSV,2026-07-27 14:15:36 +0800
1150727,2026-07-27,上市,2488,漢平,49.70,-0.0500,49.90,49.90,49.60,81000,4028250,53,TWSE_CSV,2026-07-27 14:15:36 +0800
1150727,2026-07-27,上市,2489,瑞軒,30.05,-0.0500,30.10,30.30,28.90,8135000,240097100,3977,TWSE_CSV,2026-07-27 14:15:36 +0800
1150727,2026-07-27,上市,2491,吉祥全,28.20,-0.9000,29.10,29.10,27.40,282000,7845150,175,TWSE_CSV,2026-07-27 14:15:36 +0800
1150727,2026-07-27,上市,2492,華新科,272.00,-2.0000,270.00,272.00,247.00,3148000,802448500,1559,TWSE_CSV,2026-07-27 14:15:36 +0800
1150727,2026-07-27,上市,2493,揚博,210.00,-2.5000,212.50,220.00,197.50,4059000,839815500,2403,TWSE_CSV,2026-07-27 14:15:36 +0800
1150727,2026-07-27,上市,2495,普安,36.65,-0.9500,37.50,37.60,36.25,1027000,37771300,661,TWSE_CSV,2026-07-27 14:15:36 +0800
1150727,2026-07-27,上市,2496,卓越,59.70,-0.3000,60.00,60.00,59.70,5000,299200,5,TWSE_CSV,2026-07-27 14:15:36 +0800
1150727,2026-07-27,上市,2497,怡利電,52.80,0.7000,52.10,52.80,51.50,312000,16206500,210,TWSE_CSV,2026-07-27 14:15:36 +0800
1150727,2026-07-27,上市,2498,宏達電,41.60,-0.1500,42.20,42.30,41.35,3225000,134685200,1819,TWSE_CSV,2026-07-27 14:15:36 +0800
1150727,2026-07-27,上市,2501,國建,22.35,-0.4000,22.65,22.65,22.20,4928000,110361150,1677,TWSE_CSV,2026-07-27 14:15:36 +0800
1150727,2026-07-27,上市,2504,國產,31.90,0.2000,31.90,31.95,31.60,1386000,44066800,766,TWSE_CSV,2026-07-27 14:15:36 +0800
1150727,2026-07-27,上市,2505,國揚,18.00,0.2500,17.75,18.00,17.70,401000,7152000,141,TWSE_CSV,2026-07-27 14:15:36 +0800
1150727,2026-07-27,上市,2506,太設,8.71,-0.0100,8.74,8.75,8.67,84000,731720,44,TWSE_CSV,2026-07-27 14:15:36 +0800
1150727,2026-07-27,上市,2509,全坤建,13.30,0.1000,13.20,13.30,13.20,52000,688550,33,TWSE_CSV,2026-07-27 14:15:36 +0800
1150727,2026-07-27,上市,2511,太子,8.53,-0.0100,8.55,8.57,8.50,1047000,8948210,395,TWSE_CSV,2026-07-27 14:15:36 +0800
1150727,2026-07-27,上市,2514,龍邦,12.80,0.0000,12.95,12.95,12.70,68000,871850,47,TWSE_CSV,2026-07-27 14:15:36 +0800
1150727,2026-07-27,上市,2515,中工,11.90,-0.1500,12.05,12.10,11.75,6942000,82782950,1549,TWSE_CSV,2026-07-27 14:15:36 +0800
1150727,2026-07-27,上市,2516,新建,14.20,0.0500,14.30,14.30,14.00,112000,1577600,48,TWSE_CSV,2026-07-27 14:15:36 +0800
1150727,2026-07-27,上市,2520,冠德,35.30,0.3500,34.90,35.50,34.30,1338000,47026550,823,TWSE_CSV,2026-07-27 14:15:36 +0800
1150727,2026-07-27,上市,2524,京城,36.10,1.0500,35.80,36.15,34.95,87000,3105450,72,TWSE_CSV,2026-07-27 14:15:36 +0800
1150727,2026-07-27,上市,2527,宏璟,46.75,0.6000,46.50,47.10,45.65,747000,34709500,486,TWSE_CSV,2026-07-27 14:15:36 +0800
1150727,2026-07-27,上市,2528,皇普,22.00,-0.5000,22.50,22.60,22.00,950000,21206900,419,TWSE_CSV,2026-07-27 14:15:36 +0800
1150727,2026-07-27,上市,2530,華建,20.15,0.1500,20.00,20.20,19.90,748000,15002750,415,TWSE_CSV,2026-07-27 14:15:36 +0800
1150727,2026-07-27,上市,2534,宏盛,17.40,0.1500,17.25,17.45,17.15,354000,6139800,156,TWSE_CSV,2026-07-27 14:15:36 +0800
1150727,2026-07-27,上市,2535,達欣工,86.30,-1.6000,88.10,88.10,85.80,209000,18115100,159,TWSE_CSV,2026-07-27 14:15:36 +0800
1150727,2026-07-27,上市,2536,宏普,18.20,-0.0500,18.25,18.40,18.15,710000,12984850,274,TWSE_CSV,2026-07-27 14:15:36 +0800
1150727,2026-07-27,上市,2537,聯上發,11.05,0.0000,11.05,11.15,11.00,745000,8220050,249,TWSE_CSV,2026-07-27 14:15:36 +0800
1150727,2026-07-27,上市,2538,基泰,10.05,0.1000,9.98,10.15,9.95,911000,9144340,260,TWSE_CSV,2026-07-27 14:15:36 +0800
1150727,2026-07-27,上市,2539,櫻花建,41.40,0.8500,40.70,41.40,40.50,1050000,43102150,566,TWSE_CSV,2026-07-27 14:15:36 +0800
1150727,2026-07-27,上市,2540,愛山林,54.30,0.9000,54.00,54.30,53.40,698000,37728000,397,TWSE_CSV,2026-07-27 14:15:36 +0800
1150727,2026-07-27,上市,2542,興富發,43.50,-0.7000,44.70,44.70,43.50,5127000,224814150,2770,TWSE_CSV,2026-07-27 14:15:36 +0800
1150727,2026-07-27,上市,2543,皇昌,39.00,0.4000,40.10,40.80,38.35,1376000,53739000,607,TWSE_CSV,2026-07-27 14:15:36 +0800
1150727,2026-07-27,上市,2545,皇翔,33.30,0.0000,33.45,33.45,33.05,161000,5348200,113,TWSE_CSV,2026-07-27 14:15:36 +0800
1150727,2026-07-27,上市,2546,根基,96.80,0.8000,96.10,97.20,96.10,126000,12178900,107,TWSE_CSV,2026-07-27 14:15:36 +0800
1150727,2026-07-27,上市,2547,日勝生,10.15,0.0500,10.10,10.20,10.10,1445000,14653300,347,TWSE_CSV,2026-07-27 14:15:36 +0800
1150727,2026-07-27,上市,2548,華固,99.40,0.8000,98.60,99.50,98.30,685000,67805400,502,TWSE_CSV,2026-07-27 14:15:36 +0800
1150727,2026-07-27,上市,2597,潤弘,163.00,2.0000,162.00,164.00,161.00,340000,55337500,257,TWSE_CSV,2026-07-27 14:15:36 +0800
1150727,2026-07-27,上市,2601,益航,6.50,-0.1500,6.75,6.80,6.46,2057000,13411160,786,TWSE_CSV,2026-07-27 14:15:36 +0800
1150727,2026-07-27,上市,2603,長榮,203.50,-2.5000,203.50,206.00,202.50,6610000,1347248000,2811,TWSE_CSV,2026-07-27 14:15:36 +0800
1150727,2026-07-27,上市,2605,新興,31.60,-0.7000,32.30,32.50,31.15,4747000,150077950,2399,TWSE_CSV,2026-07-27 14:15:36 +0800
1150727,2026-07-27,上市,2606,裕民,62.80,-1.2000,64.30,64.50,62.60,2533000,159785300,1585,TWSE_CSV,2026-07-27 14:15:36 +0800
1150727,2026-07-27,上市,2607,榮運,47.55,-0.3000,47.80,47.80,47.30,189000,8986750,131,TWSE_CSV,2026-07-27 14:15:36 +0800
1150727,2026-07-27,上市,2608,嘉里大榮,29.55,0.2500,29.50,29.60,29.25,314000,9250250,133,TWSE_CSV,2026-07-27 14:15:36 +0800
1150727,2026-07-27,上市,2609,陽明,51.10,-0.4000,51.00,51.30,50.60,11224000,570895500,4956,TWSE_CSV,2026-07-27 14:15:36 +0800
1150727,2026-07-27,上市,2610,華航,21.25,0.7500,20.85,21.25,20.80,33904000,714466250,8727,TWSE_CSV,2026-07-27 14:15:36 +0800
1150727,2026-07-27,上市,2611,志信,13.90,-0.3000,14.30,14.30,13.80,222000,3105500,133,TWSE_CSV,2026-07-27 14:15:36 +0800
1150727,2026-07-27,上市,2612,中航,51.70,-1.2000,52.90,52.90,51.60,261000,13550500,167,TWSE_CSV,2026-07-27 14:15:36 +0800
1150727,2026-07-27,上市,2613,中櫃,20.95,0.0500,21.00,21.00,20.75,109000,2277300,87,TWSE_CSV,2026-07-27 14:15:36 +0800
1150727,2026-07-27,上市,2614,東森,18.15,-0.1000,18.25,18.25,18.10,411000,7464850,185,TWSE_CSV,2026-07-27 14:15:36 +0800
1150727,2026-07-27,上市,2615,萬海,84.00,-3.0000,86.00,86.00,83.00,10847000,912327700,6220,TWSE_CSV,2026-07-27 14:15:36 +0800
1150727,2026-07-27,上市,2616,山隆,13.80,-0.1000,13.90,13.90,13.75,120000,1656800,81,TWSE_CSV,2026-07-27 14:15:36 +0800
1150727,2026-07-27,上市,2617,台航,28.80,-0.4000,29.30,29.30,28.70,564000,16293350,340,TWSE_CSV,2026-07-27 14:15:36 +0800
1150727,2026-07-27,上市,2618,長榮航,41.95,1.2500,41.50,42.15,41.30,48545000,2027456700,14560,TWSE_CSV,2026-07-27 14:15:36 +0800
1150727,2026-07-27,上市,2630,亞航,51.20,-2.7000,53.30,53.60,50.40,4096000,211593900,2585,TWSE_CSV,2026-07-27 14:15:36 +0800
1150727,2026-07-27,上市,2633,台灣高鐵,26.05,0.0000,26.00,26.15,25.95,2778000,72280000,976,TWSE_CSV,2026-07-27 14:15:36 +0800
1150727,2026-07-27,上市,2634,漢翔,61.80,-3.6000,65.40,65.40,61.30,45879000,2866319000,21974,TWSE_CSV,2026-07-27 14:15:36 +0800
1150727,2026-07-27,上市,2636,台驊控股,65.90,0.2000,66.40,66.40,65.50,154000,10137400,143,TWSE_CSV,2026-07-27 14:15:36 +0800
1150727,2026-07-27,上市,2637,慧洋-KY,82.30,-1.5000,84.50,84.50,81.90,2053000,169634400,1310,TWSE_CSV,2026-07-27 14:15:36 +0800
1150727,2026-07-27,上市,2642,宅配通,20.70,0.1500,20.55,20.70,20.35,41000,839550,39,TWSE_CSV,2026-07-27 14:15:36 +0800
1150727,2026-07-27,上市,2645,長榮航太,194.00,-2.5000,197.50,197.50,188.00,2815000,538967500,1858,TWSE_CSV,2026-07-27 14:15:36 +0800
1150727,2026-07-27,上市,2646,星宇航空,21.60,0.4500,21.30,21.60,21.20,3888000,83333100,1930,TWSE_CSV,2026-07-27 14:15:36 +0800
1150727,2026-07-27,上市,2701,萬企,10.80,0.0000,10.80,10.90,10.75,61000,657900,45,TWSE_CSV,2026-07-27 14:15:36 +0800
1150727,2026-07-27,上市,2702,華園,12.85,-0.1500,13.00,13.00,12.80,42000,541550,40,TWSE_CSV,2026-07-27 14:15:36 +0800
1150727,2026-07-27,上市,2704,國賓,46.00,0.4000,46.45,46.45,45.65,49000,2253650,49,TWSE_CSV,2026-07-27 14:15:36 +0800
1150727,2026-07-27,上市,2705,六福,16.30,-0.0500,16.40,16.40,16.20,54000,879100,38,TWSE_CSV,2026-07-27 14:15:36 +0800
1150727,2026-07-27,上市,2706,第一店,12.75,-0.0500,12.75,12.85,12.70,125000,1595700,71,TWSE_CSV,2026-07-27 14:15:36 +0800
1150727,2026-07-27,上市,2707,晶華,179.50,0.5000,179.00,181.00,179.00,154000,27714500,119,TWSE_CSV,2026-07-27 14:15:36 +0800
1150727,2026-07-27,上市,2712,遠雄來,14.95,-0.0500,15.20,15.20,14.95,3000,45100,3,TWSE_CSV,2026-07-27 14:15:36 +0800
1150727,2026-07-27,上市,2722,夏都,21.60,-0.3500,22.25,22.25,21.45,72000,1568550,60,TWSE_CSV,2026-07-27 14:15:36 +0800
1150727,2026-07-27,上市,2723,美食-KY,62.50,0.5000,62.30,62.60,61.90,190000,11837300,137,TWSE_CSV,2026-07-27 14:15:36 +0800
1150727,2026-07-27,上市,2727,王品,225.50,5.0000,222.00,226.00,221.00,428000,96247500,377,TWSE_CSV,2026-07-27 14:15:36 +0800
1150727,2026-07-27,上市,2731,雄獅,146.00,1.0000,145.50,147.00,145.00,315000,46084500,259,TWSE_CSV,2026-07-27 14:15:36 +0800
1150727,2026-07-27,上市,2739,寒舍,34.95,-0.0500,34.65,35.20,34.65,73000,2556250,49,TWSE_CSV,2026-07-27 14:15:36 +0800
1150727,2026-07-27,上市,2748,雲品,39.95,0.1000,39.85,40.15,39.80,118000,4718850,81,TWSE_CSV,2026-07-27 14:15:36 +0800
1150727,2026-07-27,上市,2753,八方雲集,177.50,-1.0000,179.00,179.00,177.00,132000,23497000,107,TWSE_CSV,2026-07-27 14:15:36 +0800
1150727,2026-07-27,上市,2762,世界健身-KY,87.50,2.0000,86.00,88.60,86.00,166000,14513100,119,TWSE_CSV,2026-07-27 14:15:36 +0800
1150727,2026-07-27,上市,2801,彰銀,24.70,0.3500,24.55,24.85,24.35,35811000,884260500,6369,TWSE_CSV,2026-07-27 14:15:36 +0800
1150727,2026-07-27,上市,2812,台中銀,20.75,0.3000,20.45,20.80,20.45,35231000,726881700,4477,TWSE_CSV,2026-07-27 14:15:36 +0800
1150727,2026-07-27,上市,2816,旺旺保,33.70,0.0000,33.70,33.90,33.55,78000,2627200,57,TWSE_CSV,2026-07-27 14:15:36 +0800
1150727,2026-07-27,上市,2820,華票,16.55,0.0000,16.55,16.70,16.50,1568000,26014950,506,TWSE_CSV,2026-07-27 14:15:36 +0800
1150727,2026-07-27,上市,2832,台產,56.60,0.2000,56.40,56.60,55.90,107000,6028400,78,TWSE_CSV,2026-07-27 14:15:36 +0800
1150727,2026-07-27,上市,2834,臺企銀,18.20,0.2000,18.10,18.20,18.00,46072000,834707300,5549,TWSE_CSV,2026-07-27 14:15:36 +0800
1150727,2026-07-27,上市,2836,高雄銀,12.90,0.0500,12.85,12.95,12.75,7649000,98625350,775,TWSE_CSV,2026-07-27 14:15:36 +0800
1150727,2026-07-27,上市,2838,聯邦銀,20.45,0.1500,20.55,20.55,20.20,3043000,62123050,953,TWSE_CSV,2026-07-27 14:15:36 +0800
1150727,2026-07-27,上市,2845,遠東銀,13.40,0.0500,13.45,13.45,13.30,5582000,74701150,2399,TWSE_CSV,2026-07-27 14:15:36 +0800
1150727,2026-07-27,上市,2849,安泰銀,14.90,0.1500,14.55,14.95,14.45,326000,4824850,224,TWSE_CSV,2026-07-27 14:15:36 +0800
1150727,2026-07-27,上市,2850,新產,158.00,10.5000,152.50,160.00,151.50,1175000,184077500,750,TWSE_CSV,2026-07-27 14:15:36 +0800
1150727,2026-07-27,上市,2851,中再保,35.35,0.1000,35.25,35.35,34.80,1064000,37331550,689,TWSE_CSV,2026-07-27 14:15:36 +0800
1150727,2026-07-27,上市,2852,第一保,26.80,0.1500,26.65,26.80,26.65,158000,4226600,88,TWSE_CSV,2026-07-27 14:15:36 +0800
1150727,2026-07-27,上市,2855,統一證,45.00,0.8000,44.40,45.00,43.90,2660000,117793600,1401,TWSE_CSV,2026-07-27 14:15:36 +0800
1150727,2026-07-27,上市,2867,三商壽,9.31,0.0300,9.30,9.37,9.20,26513000,246827430,2348,TWSE_CSV,2026-07-27 14:15:36 +0800
1150727,2026-07-27,上市,2880,華南金,41.40,0.7000,41.10,41.95,40.35,21731000,900549100,8175,TWSE_CSV,2026-07-27 14:15:36 +0800
1150727,2026-07-27,上市,2881,富邦金,130.00,2.5000,129.00,130.00,127.00,15426000,1987110500,5650,TWSE_CSV,2026-07-27 14:15:36 +0800
1150727,2026-07-27,上市,2882,國泰金,98.50,1.5000,97.90,98.50,96.70,15675000,1536503000,5733,TWSE_CSV,2026-07-27 14:15:36 +0800
1150727,2026-07-27,上市,2883,凱基金,30.70,0.0500,30.95,30.95,30.50,29691000,912069200,6013,TWSE_CSV,2026-07-27 14:15:36 +0800
1150727,2026-07-27,上市,2884,玉山金,36.40,0.4500,36.35,36.40,35.90,29191000,1058022850,6826,TWSE_CSV,2026-07-27 14:15:36 +0800
1150727,2026-07-27,上市,2885,元大金,64.70,1.6000,63.90,64.80,63.20,29554000,1896506300,8382,TWSE_CSV,2026-07-27 14:15:36 +0800
1150727,2026-07-27,上市,2886,兆豐金,49.40,0.9500,49.00,49.80,48.30,30653000,1513318250,10923,TWSE_CSV,2026-07-27 14:15:36 +0800
1150727,2026-07-27,上市,2887,台新新光金,34.95,0.8000,34.50,35.00,34.05,40190000,1391837250,8842,TWSE_CSV,2026-07-27 14:15:36 +0800
1150727,2026-07-27,上市,2889,國票金,15.70,-0.0500,15.75,15.75,15.55,3966000,62117700,1117,TWSE_CSV,2026-07-27 14:15:36 +0800
1150727,2026-07-27,上市,2890,永豐金,39.60,1.0500,39.70,39.80,38.85,45803000,1803287450,7649,TWSE_CSV,2026-07-27 14:15:36 +0800
1150727,2026-07-27,上市,2891,中信金,63.00,-0.6000,63.60,63.60,62.50,26607000,1675391500,7198,TWSE_CSV,2026-07-27 14:15:36 +0800
1150727,2026-07-27,上市,2892,第一金,34.80,0.5000,34.60,35.10,34.10,38456000,1337508600,10015,TWSE_CSV,2026-07-27 14:15:36 +0800
1150727,2026-07-27,上市,2897,王道銀行,10.30,0.1500,10.15,10.35,10.10,6981000,71474850,1138,TWSE_CSV,2026-07-27 14:15:36 +0800
1150727,2026-07-27,上市,2901,欣欣,24.25,-0.2000,24.00,24.30,24.00,7000,168850,7,TWSE_CSV,2026-07-27 14:15:36 +0800
1150727,2026-07-27,上市,2903,遠百,22.30,0.0500,22.25,22.45,22.20,2654000,59265250,983,TWSE_CSV,2026-07-27 14:15:36 +0800
1150727,2026-07-27,上市,2904,匯僑,13.55,0.0500,13.55,13.55,13.45,20000,269950,16,TWSE_CSV,2026-07-27 14:15:36 +0800
1150727,2026-07-27,上市,2905,三商,16.15,0.0500,16.15,16.25,15.95,1047000,16873550,510,TWSE_CSV,2026-07-27 14:15:36 +0800
1150727,2026-07-27,上市,2906,高林,13.40,0.2000,13.20,13.40,13.15,158000,2095150,95,TWSE_CSV,2026-07-27 14:15:36 +0800
1150727,2026-07-27,上市,2908,特力,21.80,0.2000,21.70,21.80,21.60,91000,1979300,52,TWSE_CSV,2026-07-27 14:15:36 +0800
1150727,2026-07-27,上市,2910,統領,25.90,2.3500,23.70,25.90,23.70,72000,1834050,46,TWSE_CSV,2026-07-27 14:15:36 +0800
1150727,2026-07-27,上市,2911,麗嬰房,7.04,-0.0200,7.20,7.20,7.01,117000,829260,80,TWSE_CSV,2026-07-27 14:15:36 +0800
1150727,2026-07-27,上市,2912,統一超,239.50,-1.5000,240.50,241.50,237.50,3379000,808928000,1890,TWSE_CSV,2026-07-27 14:15:36 +0800
1150727,2026-07-27,上市,2913,農林,11.20,0.0500,11.15,11.20,11.10,801000,8935900,292,TWSE_CSV,2026-07-27 14:15:36 +0800
1150727,2026-07-27,上市,2915,潤泰全,51.50,0.1000,51.70,51.90,51.30,1116000,57513900,537,TWSE_CSV,2026-07-27 14:15:36 +0800
1150727,2026-07-27,上市,2923,鼎固-KY,34.45,1.2500,34.85,35.00,30.05,311000,10267000,222,TWSE_CSV,2026-07-27 14:15:36 +0800
1150727,2026-07-27,上市,2929,淘帝-KY,5.84,0.0100,5.83,5.88,5.77,56000,325680,45,TWSE_CSV,2026-07-27 14:15:36 +0800
1150727,2026-07-27,上市,2939,永邑-KY,20.20,1.8000,18.55,20.20,18.55,185000,3678450,81,TWSE_CSV,2026-07-27 14:15:36 +0800
1150727,2026-07-27,上市,2945,三商家購,41.55,0.3500,41.60,41.65,40.90,7000,289900,7,TWSE_CSV,2026-07-27 14:15:36 +0800
1150727,2026-07-27,上市,3002,歐格,17.35,0.0000,17.35,17.65,17.05,172000,2983350,87,TWSE_CSV,2026-07-27 14:15:36 +0800
1150727,2026-07-27,上市,3003,健和興,60.00,0.9000,59.60,60.10,58.30,286000,17004100,235,TWSE_CSV,2026-07-27 14:15:36 +0800
1150727,2026-07-27,上市,3004,豐達科,135.00,-0.5000,136.00,136.00,132.50,326000,43635500,231,TWSE_CSV,2026-07-27 14:15:36 +0800
1150727,2026-07-27,上市,3005,神基,112.50,-0.5000,114.00,114.00,111.00,2510000,281069000,1458,TWSE_CSV,2026-07-27 14:15:36 +0800
1150727,2026-07-27,上市,3006,晶豪科,212.00,6.0000,205.00,212.50,198.50,7133000,1461047000,4967,TWSE_CSV,2026-07-27 14:15:36 +0800
1150727,2026-07-27,上市,3008,大立光,4090.00,170.0000,4005.00,4150.00,3905.00,2106000,8485655000,1938,TWSE_CSV,2026-07-27 14:15:36 +0800
1150727,2026-07-27,上市,3010,華立,117.50,-1.0000,119.50,119.50,116.00,700000,82133000,510,TWSE_CSV,2026-07-27 14:15:36 +0800
1150727,2026-07-27,上市,3011,今皓,12.30,0.2500,12.05,12.30,11.80,402000,4813550,178,TWSE_CSV,2026-07-27 14:15:36 +0800
1150727,2026-07-27,上市,3013,晟銘電,84.90,-0.1000,85.50,85.50,83.00,1164000,97723800,899,TWSE_CSV,2026-07-27 14:15:36 +0800
1150727,2026-07-27,上市,3014,聯陽,131.00,2.0000,130.00,131.50,128.50,699000,90920500,515,TWSE_CSV,2026-07-27 14:15:36 +0800
1150727,2026-07-27,上市,3015,全漢,55.10,0.6000,55.00,55.80,53.80,386000,21101600,334,TWSE_CSV,2026-07-27 14:15:36 +0800
1150727,2026-07-27,上市,3016,嘉晶,94.20,-1.1000,94.50,95.80,90.50,3496000,325133100,2436,TWSE_CSV,2026-07-27 14:15:36 +0800
1150727,2026-07-27,上市,3017,奇鋐,2400.00,20.0000,2375.00,2420.00,2310.00,2271000,5369915000,1976,TWSE_CSV,2026-07-27 14:15:36 +0800
1150727,2026-07-27,上市,3018,隆銘綠能,14.30,1.3000,14.30,14.30,14.30,72000,1029600,28,TWSE_CSV,2026-07-27 14:15:36 +0800
1150727,2026-07-27,上市,3019,亞光,133.50,1.0000,133.00,137.00,131.50,2393000,319899500,1641,TWSE_CSV,2026-07-27 14:15:36 +0800
1150727,2026-07-27,上市,3021,鴻名,21.35,-0.1000,21.55,22.20,21.00,249000,5331600,188,TWSE_CSV,2026-07-27 14:15:36 +0800
1150727,2026-07-27,上市,3022,威強電,91.70,-2.3000,95.10,95.60,89.20,4502000,416015900,3225,TWSE_CSV,2026-07-27 14:15:36 +0800
1150727,2026-07-27,上市,3023,信邦,291.50,6.5000,285.50,291.50,280.50,1729000,493067500,1313,TWSE_CSV,2026-07-27 14:15:36 +0800
1150727,2026-07-27,上市,3024,憶聲,13.05,-0.2500,13.30,13.30,12.85,1213000,15711550,540,TWSE_CSV,2026-07-27 14:15:36 +0800
1150727,2026-07-27,上市,3025,星通,56.30,0.3000,57.00,57.00,55.10,113000,6299800,87,TWSE_CSV,2026-07-27 14:15:36 +0800
1150727,2026-07-27,上市,3026,禾伸堂,585.00,-55.0000,640.00,640.00,576.00,2018000,1180352000,1028,TWSE_CSV,2026-07-27 14:15:36 +0800
1150727,2026-07-27,上市,3027,盛達,19.35,0.2500,19.10,19.45,19.00,204000,3903250,106,TWSE_CSV,2026-07-27 14:15:36 +0800
1150727,2026-07-27,上市,3028,增你強,64.10,-3.2000,67.80,67.80,63.10,1996000,128807500,1321,TWSE_CSV,2026-07-27 14:15:36 +0800
1150727,2026-07-27,上市,3029,零壹,104.00,0.0000,104.50,104.50,103.00,509000,52719500,357,TWSE_CSV,2026-07-27 14:15:36 +0800
1150727,2026-07-27,上市,3030,德律,296.50,4.0000,292.00,298.50,283.50,1164000,337598500,882,TWSE_CSV,2026-07-27 14:15:36 +0800
1150727,2026-07-27,上市,3031,佰鴻,23.15,-0.4000,23.55,23.70,22.80,591000,13680150,360,TWSE_CSV,2026-07-27 14:15:36 +0800
1150727,2026-07-27,上市,3032,偉訓,81.90,4.4000,78.60,84.70,77.50,1366000,111728700,864,TWSE_CSV,2026-07-27 14:15:36 +0800
1150727,2026-07-27,上市,3033,威健,48.95,-1.0500,50.10,50.10,48.05,5884000,287766100,3342,TWSE_CSV,2026-07-27 14:15:36 +0800
1150727,2026-07-27,上市,3034,聯詠,518.00,11.0000,510.00,525.00,507.00,3546000,1826847000,2662,TWSE_CSV,2026-07-27 14:15:36 +0800
1150727,2026-07-27,上市,3035,智原,200.50,3.0000,195.50,200.50,192.00,5021000,985459000,3446,TWSE_CSV,2026-07-27 14:15:36 +0800
1150727,2026-07-27,上市,3036,文曄,203.50,-2.0000,208.00,208.50,199.50,6507000,1319678000,3120,TWSE_CSV,2026-07-27 14:15:36 +0800
1150727,2026-07-27,上市,3037,欣興,848.00,9.0000,850.00,854.00,804.00,15249000,12644609000,12141,TWSE_CSV,2026-07-27 14:15:36 +0800
1150727,2026-07-27,上市,3038,全台,20.55,-0.1000,20.65,20.75,20.40,135000,2774750,101,TWSE_CSV,2026-07-27 14:15:36 +0800
1150727,2026-07-27,上市,3040,遠見,36.00,0.1500,35.85,36.90,35.80,112000,4028950,81,TWSE_CSV,2026-07-27 14:15:36 +0800
1150727,2026-07-27,上市,3041,揚智,23.10,-0.6000,23.45,23.55,22.75,975000,22452000,605,TWSE_CSV,2026-07-27 14:15:36 +0800
1150727,2026-07-27,上市,3042,晶技,158.50,-6.5000,163.00,165.00,154.50,10873000,1735543500,6690,TWSE_CSV,2026-07-27 14:15:36 +0800
1150727,2026-07-27,上市,3043,科風,20.70,-0.0500,20.45,20.70,20.30,53000,1085050,35,TWSE_CSV,2026-07-27 14:15:36 +0800
1150727,2026-07-27,上市,3044,健鼎,390.50,-2.5000,400.00,400.00,385.00,1321000,516167500,1090,TWSE_CSV,2026-07-27 14:15:36 +0800
1150727,2026-07-27,上市,3045,台灣大,113.50,0.0000,113.50,114.00,112.50,9923000,1126752500,2510,TWSE_CSV,2026-07-27 14:15:36 +0800
1150727,2026-07-27,上市,3046,建碁,54.70,-0.3000,55.40,55.90,54.20,228000,12517000,201,TWSE_CSV,2026-07-27 14:15:36 +0800
1150727,2026-07-27,上市,3047,訊舟,14.95,0.3000,14.65,15.15,14.55,708000,10536300,380,TWSE_CSV,2026-07-27 14:15:36 +0800
1150727,2026-07-27,上市,3048,益登,49.85,-0.5500,50.50,50.90,48.60,1457000,72219250,982,TWSE_CSV,2026-07-27 14:15:36 +0800
1150727,2026-07-27,上市,3049,精金,10.70,-0.2000,10.90,10.95,10.50,2395000,25622750,840,TWSE_CSV,2026-07-27 14:15:36 +0800
1150727,2026-07-27,上市,3050,鈺德,11.60,0.0000,11.55,11.60,11.35,514000,5888100,214,TWSE_CSV,2026-07-27 14:15:36 +0800
1150727,2026-07-27,上市,3051,力特,22.65,0.2000,22.45,22.65,22.10,437000,9790350,267,TWSE_CSV,2026-07-27 14:15:36 +0800
1150727,2026-07-27,上市,3052,夆典,10.70,0.0000,10.70,10.75,10.65,235000,2510250,104,TWSE_CSV,2026-07-27 14:15:36 +0800
1150727,2026-07-27,上市,3054,立萬利,53.00,-1.2000,53.40,53.40,51.00,101000,5232200,94,TWSE_CSV,2026-07-27 14:15:36 +0800
1150727,2026-07-27,上市,3055,蔚華科,126.00,-9.5000,129.00,134.50,122.00,5716000,717935500,3051,TWSE_CSV,2026-07-27 14:15:36 +0800
1150727,2026-07-27,上市,3056,富華新,14.15,0.1500,14.15,14.25,13.85,521000,7327100,289,TWSE_CSV,2026-07-27 14:15:36 +0800
1150727,2026-07-27,上市,3057,喬鼎,15.70,-0.4500,15.65,15.70,15.20,143000,2207750,69,TWSE_CSV,2026-07-27 14:15:36 +0800
1150727,2026-07-27,上市,3058,立德,8.50,0.0000,8.50,8.60,8.42,266000,2258170,129,TWSE_CSV,2026-07-27 14:15:36 +0800
1150727,2026-07-27,上市,3059,華晶科,40.35,0.3500,40.00,40.85,39.85,1427000,57456000,934,TWSE_CSV,2026-07-27 14:15:36 +0800
1150727,2026-07-27,上市,3060,銘異,28.60,-0.3000,28.90,29.05,27.95,1254000,35603350,772,TWSE_CSV,2026-07-27 14:15:36 +0800
1150727,2026-07-27,上市,3062,建漢,20.70,-0.1000,20.60,20.95,20.30,1757000,36131000,823,TWSE_CSV,2026-07-27 14:15:36 +0800
1150727,2026-07-27,上市,3090,日電貿,156.00,-8.0000,162.00,162.00,148.00,2015000,306386000,1150,TWSE_CSV,2026-07-27 14:15:36 +0800
1150727,2026-07-27,上市,3092,鴻碩,24.80,0.4000,24.50,24.80,23.95,160000,3887800,120,TWSE_CSV,2026-07-27 14:15:36 +0800
1150727,2026-07-27,上市,3094,聯傑,35.55,-0.6500,36.85,36.85,35.00,1042000,37030200,767,TWSE_CSV,2026-07-27 14:15:36 +0800
1150727,2026-07-27,上市,3130,一零四,206.00,0.0000,206.00,207.00,205.50,112000,23108000,48,TWSE_CSV,2026-07-27 14:15:36 +0800
1150727,2026-07-27,上市,3135,凌航,160.00,4.0000,157.00,160.50,154.00,1850000,291596000,1409,TWSE_CSV,2026-07-27 14:15:36 +0800
1150727,2026-07-27,上市,3138,耀登,97.50,-0.7000,96.70,97.50,95.10,187000,18044000,159,TWSE_CSV,2026-07-27 14:15:36 +0800
1150727,2026-07-27,上市,3149,正達,68.40,-1.2000,68.30,71.00,67.20,5598000,384962500,3450,TWSE_CSV,2026-07-27 14:15:36 +0800
1150727,2026-07-27,上市,3150,鈺寶-創,16.70,-0.1000,16.80,17.00,16.70,7000,117850,7,TWSE_CSV,2026-07-27 14:15:36 +0800
1150727,2026-07-27,上市,3164,景岳,16.55,0.1500,16.40,16.55,16.40,30000,494400,27,TWSE_CSV,2026-07-27 14:15:36 +0800
1150727,2026-07-27,上市,3167,大量,595.00,-25.0000,605.00,605.00,558.00,1146000,652954000,828,TWSE_CSV,2026-07-27 14:15:36 +0800
1150727,2026-07-27,上市,3168,眾福科,44.00,0.2000,43.95,44.00,43.40,30000,1308300,24,TWSE_CSV,2026-07-27 14:15:36 +0800
1150727,2026-07-27,上市,3189,景碩,710.00,-1.0000,702.00,718.00,673.00,11094000,7718727000,8723,TWSE_CSV,2026-07-27 14:15:36 +0800
1150727,2026-07-27,上市,3209,全科,57.20,-0.7000,57.90,58.20,55.90,1175000,66737600,880,TWSE_CSV,2026-07-27 14:15:36 +0800
1150727,2026-07-27,上市,3229,晟鈦,38.80,-0.7000,40.80,40.80,36.50,233000,8959300,169,TWSE_CSV,2026-07-27 14:15:36 +0800
1150727,2026-07-27,上市,3231,緯創,177.00,-2.0000,180.00,180.50,167.50,107722000,18599353500,50263,TWSE_CSV,2026-07-27 14:15:36 +0800
1150727,2026-07-27,上市,3257,虹冠電,51.20,-0.5000,50.80,51.80,50.70,230000,11725400,170,TWSE_CSV,2026-07-27 14:15:36 +0800
1150727,2026-07-27,上市,3266,昇陽,13.60,0.0000,13.80,13.80,13.55,31000,422000,29,TWSE_CSV,2026-07-27 14:15:36 +0800
1150727,2026-07-27,上市,3296,勝德,25.20,-1.8000,26.40,26.40,25.10,63000,1609800,55,TWSE_CSV,2026-07-27 14:15:36 +0800
1150727,2026-07-27,上市,3305,昇貿,108.00,-1.5000,109.50,109.50,105.00,1246000,133104000,888,TWSE_CSV,2026-07-27 14:15:36 +0800
1150727,2026-07-27,上市,3308,聯德,20.40,0.0000,20.40,20.70,19.70,31000,625500,26,TWSE_CSV,2026-07-27 14:15:36 +0800
1150727,2026-07-27,上市,3311,閎暉,34.50,0.3500,34.30,34.55,33.90,146000,4984450,102,TWSE_CSV,2026-07-27 14:15:36 +0800
1150727,2026-07-27,上市,3312,弘憶股,47.75,0.5000,47.25,47.75,46.00,614000,28745200,462,TWSE_CSV,2026-07-27 14:15:36 +0800
1150727,2026-07-27,上市,3321,同泰,18.50,-0.2500,18.75,18.80,18.10,118000,2180750,71,TWSE_CSV,2026-07-27 14:15:36 +0800
1150727,2026-07-27,上市,3338,泰碩,63.60,-0.5000,63.20,64.30,62.10,231000,14530100,214,TWSE_CSV,2026-07-27 14:15:36 +0800
1150727,2026-07-27,上市,3346,麗清,20.45,-0.2500,20.70,20.80,20.25,275000,5633800,183,TWSE_CSV,2026-07-27 14:15:36 +0800
1150727,2026-07-27,上市,3356,奇偶,59.20,0.9000,58.30,59.20,58.30,327000,19244700,213,TWSE_CSV,2026-07-27 14:15:36 +0800
1150727,2026-07-27,上市,3376,新日興,184.50,-1.0000,186.00,188.50,181.00,2813000,516682000,2132,TWSE_CSV,2026-07-27 14:15:36 +0800
1150727,2026-07-27,上市,3380,明泰,30.30,0.5000,29.80,30.45,29.50,2388000,71620850,1561,TWSE_CSV,2026-07-27 14:15:36 +0800
1150727,2026-07-27,上市,3406,玉晶光,517.00,10.0000,509.00,522.00,508.00,1165000,600540000,1033,TWSE_CSV,2026-07-27 14:15:36 +0800
1150727,2026-07-27,上市,3413,京鼎,329.00,1.5000,324.50,330.00,320.50,1190000,387244000,914,TWSE_CSV,2026-07-27 14:15:36 +0800
1150727,2026-07-27,上市,3416,融程電,173.00,-10.5000,186.00,186.00,171.50,602000,106549500,515,TWSE_CSV,2026-07-27 14:15:36 +0800
1150727,2026-07-27,上市,3419,譁裕,12.30,0.1000,12.40,12.40,12.05,63000,767850,35,TWSE_CSV,2026-07-27 14:15:36 +0800
1150727,2026-07-27,上市,3432,台端,17.00,-0.5000,17.15,17.15,17.00,6000,102150,5,TWSE_CSV,2026-07-27 14:15:36 +0800
1150727,2026-07-27,上市,3437,榮創,17.65,-0.1000,17.75,17.80,17.20,371000,6476000,250,TWSE_CSV,2026-07-27 14:15:36 +0800
1150727,2026-07-27,上市,3443,創意,4050.00,-20.0000,4080.00,4080.00,3855.00,1769000,7023900000,1644,TWSE_CSV,2026-07-27 14:15:36 +0800
1150727,2026-07-27,上市,3447,展達,29.45,0.0000,29.45,29.75,28.85,159000,4644900,110,TWSE_CSV,2026-07-27 14:15:36 +0800
1150727,2026-07-27,上市,3450,聯鈞,438.00,11.0000,423.50,442.00,416.00,9461000,4068489000,7672,TWSE_CSV,2026-07-27 14:15:36 +0800
1150727,2026-07-27,上市,3481,群創,47.35,-2.1500,49.70,50.20,45.60,348566000,16486887650,111847,TWSE_CSV,2026-07-27 14:15:36 +0800
1150727,2026-07-27,上市,3494,誠研,7.38,0.0200,7.33,7.44,7.05,65000,471220,43,TWSE_CSV,2026-07-27 14:15:36 +0800
1150727,2026-07-27,上市,3501,維熹,40.40,0.1000,40.55,40.80,40.15,192000,7761300,135,TWSE_CSV,2026-07-27 14:15:36 +0800
1150727,2026-07-27,上市,3504,揚明光,65.10,3.0000,63.30,68.30,62.90,2074000,137717800,1561,TWSE_CSV,2026-07-27 14:15:36 +0800
1150727,2026-07-27,上市,3515,華擎,205.50,-1.0000,207.50,208.50,202.00,224000,45727500,202,TWSE_CSV,2026-07-27 14:15:36 +0800
1150727,2026-07-27,上市,3518,柏騰,26.30,-0.1500,26.45,26.45,25.85,295000,7694800,185,TWSE_CSV,2026-07-27 14:15:36 +0800
1150727,2026-07-27,上市,3528,安馳,84.70,-0.4000,85.10,86.00,83.30,118000,9918600,92,TWSE_CSV,2026-07-27 14:15:36 +0800
1150727,2026-07-27,上市,3530,晶相光,56.80,-0.7000,57.80,58.40,56.20,94000,5352000,84,TWSE_CSV,2026-07-27 14:15:36 +0800
1150727,2026-07-27,上市,3532,台勝科,379.50,0.0000,372.00,380.50,357.50,6622000,2455587500,5038,TWSE_CSV,2026-07-27 14:15:36 +0800
1150727,2026-07-27,上市,3533,嘉澤,1955.00,-15.0000,1970.00,1975.00,1890.00,553000,1068680000,479,TWSE_CSV,2026-07-27 14:15:36 +0800
1150727,2026-07-27,上市,3535,晶彩科,87.70,0.6000,90.00,90.90,86.40,886000,78364100,685,TWSE_CSV,2026-07-27 14:15:36 +0800
1150727,2026-07-27,上市,3543,州巧,28.00,0.8000,27.55,28.05,26.90,408000,11160350,274,TWSE_CSV,2026-07-27 14:15:36 +0800
1150727,2026-07-27,上市,3545,敦泰,47.95,-1.2000,48.80,49.60,47.60,671000,32412450,491,TWSE_CSV,2026-07-27 14:15:36 +0800
1150727,2026-07-27,上市,3550,聯穎,21.40,-0.5500,21.95,22.20,21.00,969000,20798800,608,TWSE_CSV,2026-07-27 14:15:36 +0800
1150727,2026-07-27,上市,3557,嘉威,25.95,-0.5000,26.10,26.10,25.55,26000,670800,26,TWSE_CSV,2026-07-27 14:15:36 +0800
1150727,2026-07-27,上市,3563,牧德,669.00,2.0000,670.00,693.00,660.00,476000,319835000,435,TWSE_CSV,2026-07-27 14:15:36 +0800
1150727,2026-07-27,上市,3576,聯合再生,17.85,-0.4500,18.00,18.15,17.60,7491000,133443000,3138,TWSE_CSV,2026-07-27 14:15:36 +0800
1150727,2026-07-27,上市,3583,辛耘,749.00,34.0000,715.00,754.00,703.00,869000,636594000,824,TWSE_CSV,2026-07-27 14:15:36 +0800
1150727,2026-07-27,上市,3588,通嘉,53.80,-0.9000,54.60,54.60,52.60,235000,12513800,175,TWSE_CSV,2026-07-27 14:15:36 +0800
1150727,2026-07-27,上市,3591,艾笛森,20.55,-0.5500,21.10,21.30,20.25,1203000,24883750,768,TWSE_CSV,2026-07-27 14:15:36 +0800
1150727,2026-07-27,上市,3592,瑞鼎,239.00,0.0000,241.00,243.50,236.50,286000,68551500,263,TWSE_CSV,2026-07-27 14:15:36 +0800
1150727,2026-07-27,上市,3593,力銘,13.60,-0.2500,13.60,13.60,13.00,22000,293050,12,TWSE_CSV,2026-07-27 14:15:36 +0800
1150727,2026-07-27,上市,3596,智易,185.00,0.0000,185.50,188.00,182.50,377000,69635000,305,TWSE_CSV,2026-07-27 14:15:36 +0800
1150727,2026-07-27,上市,3605,宏致,91.00,0.0000,90.00,92.70,89.60,5250000,478146500,3537,TWSE_CSV,2026-07-27 14:15:36 +0800
1150727,2026-07-27,上市,3607,谷崧,14.20,-0.2000,14.55,14.55,14.20,335000,4801800,172,TWSE_CSV,2026-07-27 14:15:36 +0800
1150727,2026-07-27,上市,3617,碩天,212.50,-0.5000,213.50,213.50,207.50,198000,41650000,169,TWSE_CSV,2026-07-27 14:15:36 +0800
1150727,2026-07-27,上市,3622,洋華,54.30,0.7000,53.90,54.30,53.00,99000,5310200,79,TWSE_CSV,2026-07-27 14:15:36 +0800
1150727,2026-07-27,上市,3645,達邁,68.50,0.8000,69.30,69.30,66.30,1440000,97143200,856,TWSE_CSV,2026-07-27 14:15:36 +0800
1150727,2026-07-27,上市,3652,精聯,31.40,-0.9500,32.35,32.35,31.10,228000,7209400,173,TWSE_CSV,2026-07-27 14:15:36 +0800
1150727,2026-07-27,上市,3653,健策,3525.00,95.0000,3475.00,3580.00,3420.00,749000,2625235000,697,TWSE_CSV,2026-07-27 14:15:36 +0800
1150727,2026-07-27,上市,3661,世芯-KY,3460.00,55.0000,3385.00,3470.00,3285.00,1382000,4673725000,1309,TWSE_CSV,2026-07-27 14:15:36 +0800
1150727,2026-07-27,上市,3665,貿聯-KY,2150.00,-55.0000,2225.00,2225.00,2075.00,2030000,4367865000,1890,TWSE_CSV,2026-07-27 14:15:36 +0800
1150727,2026-07-27,上市,3669,圓展,42.55,1.8500,42.55,44.00,40.40,5757000,242288950,3894,TWSE_CSV,2026-07-27 14:15:36 +0800
1150727,2026-07-27,上市,3673,TPK-KY,61.40,-1.3000,62.10,62.60,59.80,4258000,259563100,2683,TWSE_CSV,2026-07-27 14:15:36 +0800
1150727,2026-07-27,上市,3679,新至陞,109.50,0.0000,109.00,110.00,108.50,25000,2731500,24,TWSE_CSV,2026-07-27 14:15:36 +0800
1150727,2026-07-27,上市,3686,達能,15.50,0.0500,15.25,15.50,15.15,75000,1150700,50,TWSE_CSV,2026-07-27 14:15:36 +0800
1150727,2026-07-27,上市,3694,海華,59.40,-1.1000,60.50,61.00,58.90,934000,55601000,684,TWSE_CSV,2026-07-27 14:15:36 +0800
1150727,2026-07-27,上市,3701,大眾控,40.10,0.8000,39.50,40.40,38.60,749000,29642850,520,TWSE_CSV,2026-07-27 14:15:36 +0800
1150727,2026-07-27,上市,3702,大聯大,116.00,-1.5000,118.00,118.50,113.50,5910000,684737500,3187,TWSE_CSV,2026-07-27 14:15:36 +0800
1150727,2026-07-27,上市,3703,欣陸,20.80,0.0000,20.80,20.85,20.70,827000,17218450,389,TWSE_CSV,2026-07-27 14:15:36 +0800
1150727,2026-07-27,上市,3704,合勤控,46.25,-0.5500,46.80,46.80,44.70,1856000,84737300,1323,TWSE_CSV,2026-07-27 14:15:36 +0800
1150727,2026-07-27,上市,3705,永信,53.80,-0.5000,54.40,54.40,53.80,160000,8659100,100,TWSE_CSV,2026-07-27 14:15:36 +0800
1150727,2026-07-27,上市,3706,神達,91.20,-0.1000,91.70,91.80,89.60,8003000,723433400,5009,TWSE_CSV,2026-07-27 14:15:36 +0800
1150727,2026-07-27,上市,3708,上緯投控,98.40,-1.6000,100.00,100.00,97.80,398000,39208800,288,TWSE_CSV,2026-07-27 14:15:36 +0800
1150727,2026-07-27,上市,3711,日月光投控,608.00,-5.0000,601.00,613.00,590.00,15545000,9362180000,10360,TWSE_CSV,2026-07-27 14:15:36 +0800
1150727,2026-07-27,上市,3712,永崴投控,18.55,-0.1000,18.80,18.80,17.95,571000,10465600,319,TWSE_CSV,2026-07-27 14:15:36 +0800
1150727,2026-07-27,上市,3714,富采,52.60,-2.0000,54.30,54.40,51.50,5145000,270106000,3223,TWSE_CSV,2026-07-27 14:15:36 +0800
1150727,2026-07-27,上市,3715,定穎投控,114.00,-2.5000,116.50,116.50,109.50,4855000,544115000,3165,TWSE_CSV,2026-07-27 14:15:36 +0800
1150727,2026-07-27,上市,3716,中化控股,33.30,-0.1000,33.65,33.65,33.00,114000,3810100,72,TWSE_CSV,2026-07-27 14:15:36 +0800
1150727,2026-07-27,上市,3717,聯嘉投控,22.10,0.4000,22.25,22.50,21.55,1753000,38542000,850,TWSE_CSV,2026-07-27 14:15:36 +0800
1150727,2026-07-27,上市,4104,佳醫,70.70,-0.2000,71.60,71.60,70.40,74000,5243200,59,TWSE_CSV,2026-07-27 14:15:36 +0800
1150727,2026-07-27,上市,4106,雃博,24.90,0.0000,24.90,24.90,24.55,103000,2550250,73,TWSE_CSV,2026-07-27 14:15:36 +0800
1150727,2026-07-27,上市,4108,懷特,11.65,-0.1000,11.75,11.75,11.55,162000,1884550,69,TWSE_CSV,2026-07-27 14:15:36 +0800
1150727,2026-07-27,上市,4119,旭富,51.70,-0.2000,52.80,53.60,50.30,606000,31301800,325,TWSE_CSV,2026-07-27 14:15:36 +0800
1150727,2026-07-27,上市,4133,亞諾法,21.80,0.2000,21.75,22.15,21.35,299000,6468000,200,TWSE_CSV,2026-07-27 14:15:36 +0800
1150727,2026-07-27,上市,4137,麗豐-KY,95.10,0.6000,94.50,95.70,94.50,80000,7606700,54,TWSE_CSV,2026-07-27 14:15:36 +0800
1150727,2026-07-27,上市,4142,國光生,17.10,0.0500,17.45,17.55,17.10,991000,17065800,579,TWSE_CSV,2026-07-27 14:15:36 +0800
1150727,2026-07-27,上市,4148,全宇生技-KY,31.70,0.5500,31.30,31.70,31.20,30000,942950,26,TWSE_CSV,2026-07-27 14:15:36 +0800
1150727,2026-07-27,上市,4155,訊映,15.40,0.0500,15.35,15.45,15.20,212000,3248400,107,TWSE_CSV,2026-07-27 14:15:36 +0800
1150727,2026-07-27,上市,4164,承業醫,27.15,0.0000,27.45,27.45,27.00,206000,5588250,159,TWSE_CSV,2026-07-27 14:15:36 +0800
1150727,2026-07-27,上市,4169,泰宗,223.00,-24.5000,223.00,223.00,223.00,55000,12265000,44,TWSE_CSV,2026-07-27 14:15:36 +0800
1150727,2026-07-27,上市,4178,永笙-KY,18.50,-0.1500,18.55,18.75,18.35,134000,2483150,89,TWSE_CSV,2026-07-27 14:15:36 +0800
1150727,2026-07-27,上市,4190,佐登-KY,26.70,0.2000,26.15,26.70,25.65,32000,834300,28,TWSE_CSV,2026-07-27 14:15:36 +0800
1150727,2026-07-27,上市,4195,基米-創,16.30,0.1500,16.15,16.30,15.70,111000,1757400,69,TWSE_CSV,2026-07-27 14:15:36 +0800
1150727,2026-07-27,上市,4306,炎洲,14.45,-0.1500,14.70,14.70,14.40,488000,7084250,245,TWSE_CSV,2026-07-27 14:15:36 +0800
1150727,2026-07-27,上市,4414,如興,8.58,0.0000,8.60,8.62,8.48,80000,682160,46,TWSE_CSV,2026-07-27 14:15:36 +0800
1150727,2026-07-27,上市,4426,利勤,8.31,0.0400,8.36,8.36,8.18,65000,537720,50,TWSE_CSV,2026-07-27 14:15:36 +0800
1150727,2026-07-27,上市,4438,廣越,61.10,0.3000,61.60,61.60,60.60,15000,916700,13,TWSE_CSV,2026-07-27 14:15:36 +0800
1150727,2026-07-27,上市,4439,冠星-KY,100.00,0.3000,99.30,100.00,99.30,10000,996700,10,TWSE_CSV,2026-07-27 14:15:36 +0800
1150727,2026-07-27,上市,4440,宜新實業,17.45,-0.0500,17.50,17.55,17.45,26000,454800,18,TWSE_CSV,2026-07-27 14:15:36 +0800
1150727,2026-07-27,上市,4441,振大環球,175.50,-1.5000,176.50,178.00,174.00,44000,7732000,44,TWSE_CSV,2026-07-27 14:15:36 +0800
1150727,2026-07-27,上市,4526,東台,30.30,-0.4500,30.80,30.85,29.80,1573000,47368500,889,TWSE_CSV,2026-07-27 14:15:36 +0800
1150727,2026-07-27,上市,4532,瑞智,24.40,0.0000,24.55,24.65,24.10,747000,18177700,380,TWSE_CSV,2026-07-27 14:15:36 +0800
1150727,2026-07-27,上市,4536,拓凱,165.50,0.0000,166.00,166.00,164.50,223000,36820500,151,TWSE_CSV,2026-07-27 14:15:36 +0800
1150727,2026-07-27,上市,4540,全球傳動,51.00,0.6000,50.50,51.00,49.30,676000,33900700,445,TWSE_CSV,2026-07-27 14:15:36 +0800
1150727,2026-07-27,上市,4545,銘鈺,33.60,0.0000,33.30,33.60,33.10,45000,1499600,37,TWSE_CSV,2026-07-27 14:15:36 +0800
1150727,2026-07-27,上市,4551,智伸科,182.00,-2.0000,184.00,184.00,175.50,920000,164945000,585,TWSE_CSV,2026-07-27 14:15:36 +0800
1150727,2026-07-27,上市,4552,力達-KY,18.50,-0.4500,18.95,18.95,18.45,219000,4072300,117,TWSE_CSV,2026-07-27 14:15:36 +0800
1150727,2026-07-27,上市,4555,氣立,45.95,0.5000,45.45,45.95,44.70,91000,4116150,65,TWSE_CSV,2026-07-27 14:15:36 +0800
1150727,2026-07-27,上市,4557,永新-KY,51.80,-0.8000,52.20,52.50,51.10,51000,2646200,41,TWSE_CSV,2026-07-27 14:15:36 +0800
1150727,2026-07-27,上市,4560,強信-KY,31.65,0.2500,31.50,32.00,31.15,177000,5582050,85,TWSE_CSV,2026-07-27 14:15:36 +0800
1150727,2026-07-27,上市,4562,穎漢,31.20,-0.5000,31.85,31.85,30.70,112000,3493000,89,TWSE_CSV,2026-07-27 14:15:36 +0800
1150727,2026-07-27,上市,4564,元翎,17.30,-0.4500,17.75,17.75,16.90,1435000,24706750,724,TWSE_CSV,2026-07-27 14:15:36 +0800
1150727,2026-07-27,上市,4566,時碩工業,73.30,2.0000,70.60,73.80,68.30,3696000,260671700,2475,TWSE_CSV,2026-07-27 14:15:36 +0800
1150727,2026-07-27,上市,4569,六方科-KY,157.00,1.5000,153.50,159.00,152.00,69000,10737000,62,TWSE_CSV,2026-07-27 14:15:36 +0800
1150727,2026-07-27,上市,4571,鈞興-KY,153.50,2.0000,153.00,153.50,150.00,64000,9674500,59,TWSE_CSV,2026-07-27 14:15:36 +0800
1150727,2026-07-27,上市,4572,駐龍,143.00,-0.5000,143.50,144.00,142.00,9000,1285000,9,TWSE_CSV,2026-07-27 14:15:36 +0800
1150727,2026-07-27,上市,4576,大銀微系統,196.50,5.0000,191.50,196.50,186.00,597000,114130000,502,TWSE_CSV,2026-07-27 14:15:36 +0800
1150727,2026-07-27,上市,4581,光隆精密-KY,51.20,0.0000,50.70,51.20,50.60,4000,203100,4,TWSE_CSV,2026-07-27 14:15:36 +0800
1150727,2026-07-27,上市,4582,聚恆-創,27.95,-0.5500,28.70,28.70,27.50,146000,4063050,100,TWSE_CSV,2026-07-27 14:15:36 +0800
1150727,2026-07-27,上市,4583,台灣精銳,579.00,10.0000,577.00,583.00,561.00,37000,21149000,37,TWSE_CSV,2026-07-27 14:15:36 +0800
1150727,2026-07-27,上市,4585,達明,302.50,2.5000,300.00,302.50,297.00,98000,29397000,90,TWSE_CSV,2026-07-27 14:15:36 +0800
1150727,2026-07-27,上市,4588,玖鼎電力,51.40,-0.2000,51.70,51.70,50.80,26000,1329200,23,TWSE_CSV,2026-07-27 14:15:36 +0800
1150727,2026-07-27,上市,4590,富田-創,83.50,-3.0000,86.50,86.50,82.10,261000,21637700,195,TWSE_CSV,2026-07-27 14:15:36 +0800
1150727,2026-07-27,上市,4720,德淵,19.55,-0.2000,20.00,20.00,19.30,344000,6701350,217,TWSE_CSV,2026-07-27 14:15:36 +0800
1150727,2026-07-27,上市,4722,國精化,204.50,2.0000,204.50,209.50,198.00,843000,171519500,630,TWSE_CSV,2026-07-27 14:15:36 +0800
1150727,2026-07-27,上市,4736,泰博,131.00,1.5000,130.00,131.50,129.00,255000,33326500,169,TWSE_CSV,2026-07-27 14:15:36 +0800
1150727,2026-07-27,上市,4737,華廣,57.30,0.9000,56.50,57.30,55.50,55000,3112100,43,TWSE_CSV,2026-07-27 14:15:36 +0800
1150727,2026-07-27,上市,4739,康普,81.80,0.0000,81.80,82.30,79.90,806000,65318900,598,TWSE_CSV,2026-07-27 14:15:36 +0800
1150727,2026-07-27,上市,4746,台耀,51.60,0.4000,51.20,51.70,50.70,242000,12378700,185,TWSE_CSV,2026-07-27 14:15:36 +0800
1150727,2026-07-27,上市,4755,三福化,115.00,-1.0000,116.00,116.00,112.00,394000,44714000,296,TWSE_CSV,2026-07-27 14:15:36 +0800
1150727,2026-07-27,上市,4763,材料*-KY,49.70,-0.7000,50.40,50.90,49.00,6437000,321070750,3219,TWSE_CSV,2026-07-27 14:15:36 +0800
1150727,2026-07-27,上市,4764,雙鍵,294.50,15.0000,281.50,301.00,272.00,2352000,679903000,1879,TWSE_CSV,2026-07-27 14:15:36 +0800
1150727,2026-07-27,上市,4766,南寶,328.50,-1.5000,332.50,332.50,325.50,196000,64381000,183,TWSE_CSV,2026-07-27 14:15:36 +0800
1150727,2026-07-27,上市,4770,上品,223.00,-4.5000,229.00,229.00,221.00,253000,56507500,219,TWSE_CSV,2026-07-27 14:15:36 +0800
1150727,2026-07-27,上市,4771,望隼,187.50,4.5000,184.00,188.50,182.00,106000,19660000,99,TWSE_CSV,2026-07-27 14:15:36 +0800
1150727,2026-07-27,上市,4807,日成-KY,39.05,0.9500,38.20,39.50,37.90,136000,5265500,112,TWSE_CSV,2026-07-27 14:15:36 +0800
1150727,2026-07-27,上市,4904,遠傳,107.50,2.0000,105.50,107.50,104.50,10874000,1157894500,3687,TWSE_CSV,2026-07-27 14:15:36 +0800
1150727,2026-07-27,上市,4906,正文,34.05,-0.0500,34.00,34.40,33.25,2494000,83997250,1472,TWSE_CSV,2026-07-27 14:15:36 +0800
1150727,2026-07-27,上市,4912,聯德控股-KY,83.60,-0.8000,83.00,84.00,82.50,81000,6743800,67,TWSE_CSV,2026-07-27 14:15:36 +0800
1150727,2026-07-27,上市,4915,致伸,65.10,-0.1000,65.70,65.70,64.60,2117000,137834000,1666,TWSE_CSV,2026-07-27 14:15:36 +0800
1150727,2026-07-27,上市,4916,事欣科,102.00,-1.0000,103.00,103.50,99.70,2108000,213463300,1511,TWSE_CSV,2026-07-27 14:15:36 +0800
1150727,2026-07-27,上市,4919,新唐,132.50,-3.0000,136.00,136.00,127.00,6077000,792721500,3680,TWSE_CSV,2026-07-27 14:15:36 +0800
1150727,2026-07-27,上市,4927,泰鼎-KY,34.10,-0.1500,34.25,34.30,33.15,1930000,65049550,995,TWSE_CSV,2026-07-27 14:15:36 +0800
1150727,2026-07-27,上市,4930,燦星網,16.35,0.0500,16.30,16.35,16.20,96000,1559950,71,TWSE_CSV,2026-07-27 14:15:36 +0800
1150727,2026-07-27,上市,4934,太極,14.75,-0.5000,15.25,15.25,14.60,662000,9785350,275,TWSE_CSV,2026-07-27 14:15:36 +0800
1150727,2026-07-27,上市,4935,茂林-KY,35.45,0.0500,35.95,35.95,35.10,35000,1237250,33,TWSE_CSV,2026-07-27 14:15:36 +0800
1150727,2026-07-27,上市,4938,和碩,87.40,-1.0000,89.40,89.40,86.60,12513000,1095797100,5701,TWSE_CSV,2026-07-27 14:15:36 +0800
1150727,2026-07-27,上市,4942,嘉彰,37.00,0.1000,37.35,37.35,36.95,101000,3745900,72,TWSE_CSV,2026-07-27 14:15:36 +0800
1150727,2026-07-27,上市,4943,康控-KY,8.86,-0.0300,8.51,8.86,8.51,3000,25880,3,TWSE_CSV,2026-07-27 14:15:36 +0800
1150727,2026-07-27,上市,4949,有成精密,66.50,-0.8000,65.70,67.00,65.10,394000,25956800,297,TWSE_CSV,2026-07-27 14:15:36 +0800
1150727,2026-07-27,上市,4952,凌通,48.50,-0.3500,49.15,49.15,47.95,319000,15455150,200,TWSE_CSV,2026-07-27 14:15:36 +0800
1150727,2026-07-27,上市,4956,光鋐,29.15,-0.6000,29.45,29.80,28.80,582000,17012450,392,TWSE_CSV,2026-07-27 14:15:36 +0800
1150727,2026-07-27,上市,4958,臻鼎-KY,470.50,-11.5000,480.00,484.50,451.00,33805000,15727443000,21784,TWSE_CSV,2026-07-27 14:15:36 +0800
1150727,2026-07-27,上市,4960,誠美材,20.80,-0.2000,21.00,21.00,20.20,1534000,31510300,883,TWSE_CSV,2026-07-27 14:15:36 +0800
1150727,2026-07-27,上市,4961,天鈺,159.00,-1.5000,161.50,162.00,157.00,239000,37918000,196,TWSE_CSV,2026-07-27 14:15:36 +0800
1150727,2026-07-27,上市,4967,十銓,223.50,5.0000,219.00,223.50,213.50,1685000,366509000,1288,TWSE_CSV,2026-07-27 14:15:36 +0800
1150727,2026-07-27,上市,4968,立積,98.00,0.6000,97.40,98.00,95.40,444000,42777600,339,TWSE_CSV,2026-07-27 14:15:36 +0800
1150727,2026-07-27,上市,4976,佳凌,33.90,3.0500,31.10,33.90,30.95,2779000,93444250,1397,TWSE_CSV,2026-07-27 14:15:36 +0800
1150727,2026-07-27,上市,4977,眾達-KY,133.50,-5.5000,135.00,138.50,130.00,4317000,577892500,3264,TWSE_CSV,2026-07-27 14:15:36 +0800
1150727,2026-07-27,上市,4989,榮科,65.30,0.1000,64.30,66.00,63.10,3283000,212014400,2192,TWSE_CSV,2026-07-27 14:15:36 +0800
1150727,2026-07-27,上市,4994,傳奇,93.20,0.5000,92.30,94.50,91.00,22000,2033900,22,TWSE_CSV,2026-07-27 14:15:36 +0800
1150727,2026-07-27,上市,4999,鑫禾,19.35,0.1000,19.30,19.40,19.15,31000,596950,20,TWSE_CSV,2026-07-27 14:15:36 +0800
1150727,2026-07-27,上市,5007,三星,56.70,0.1000,56.80,56.80,56.20,30000,1697400,30,TWSE_CSV,2026-07-27 14:15:36 +0800
1150727,2026-07-27,上市,5203,訊連,68.90,2.3000,67.00,69.90,66.90,350000,24036900,296,TWSE_CSV,2026-07-27 14:15:36 +0800
1150727,2026-07-27,上市,5215,科嘉-KY,38.40,0.1000,38.10,38.95,38.00,49000,1877300,43,TWSE_CSV,2026-07-27 14:15:36 +0800
1150727,2026-07-27,上市,5222,全訊,115.00,-0.5000,117.50,117.50,113.00,211000,24109000,164,TWSE_CSV,2026-07-27 14:15:36 +0800
1150727,2026-07-27,上市,5225,東科-KY,72.80,0.1000,72.70,73.30,72.40,92000,6707800,75,TWSE_CSV,2026-07-27 14:15:36 +0800
1150727,2026-07-27,上市,5234,達興材料,329.50,0.0000,335.00,335.00,319.50,326000,106301000,306,TWSE_CSV,2026-07-27 14:15:36 +0800
1150727,2026-07-27,上市,5236,凌陽創新,148.00,-2.5000,150.00,150.00,146.50,104000,15413000,82,TWSE_CSV,2026-07-27 14:15:36 +0800
1150727,2026-07-27,上市,5243,乙盛-KY,86.50,-0.2000,86.30,86.60,84.20,887000,75699600,682,TWSE_CSV,2026-07-27 14:15:36 +0800
1150727,2026-07-27,上市,5244,弘凱,32.10,0.2000,31.65,32.15,31.30,72000,2291000,62,TWSE_CSV,2026-07-27 14:15:36 +0800
1150727,2026-07-27,上市,5258,虹堡,52.20,0.1000,52.20,53.30,51.30,320000,16685500,217,TWSE_CSV,2026-07-27 14:15:36 +0800
1150727,2026-07-27,上市,5269,祥碩,1385.00,0.0000,1380.00,1390.00,1340.00,324000,442780000,318,TWSE_CSV,2026-07-27 14:15:36 +0800
1150727,2026-07-27,上市,5283,禾聯碩,53.20,0.0000,53.40,53.40,52.80,50000,2661000,40,TWSE_CSV,2026-07-27 14:15:36 +0800
1150727,2026-07-27,上市,5284,jpp-KY,285.00,1.0000,290.00,290.00,275.50,184000,51711000,170,TWSE_CSV,2026-07-27 14:15:36 +0800
1150727,2026-07-27,上市,5285,界霖,76.50,-1.0000,77.50,78.00,74.30,737000,55872900,580,TWSE_CSV,2026-07-27 14:15:36 +0800
1150727,2026-07-27,上市,5288,豐祥-KY,194.50,0.5000,197.50,197.50,192.50,134000,26042500,120,TWSE_CSV,2026-07-27 14:15:36 +0800
1150727,2026-07-27,上市,5292,華懋,166.50,1.0000,164.50,167.00,164.00,51000,8426000,44,TWSE_CSV,2026-07-27 14:15:36 +0800
1150727,2026-07-27,上市,5306,桂盟,91.10,0.2000,91.40,91.80,89.30,190000,17196900,137,TWSE_CSV,2026-07-27 14:15:36 +0800
1150727,2026-07-27,上市,5388,中磊,90.60,1.9000,89.80,94.70,89.70,10664000,980521100,6476,TWSE_CSV,2026-07-27 14:15:36 +0800
1150727,2026-07-27,上市,5434,崇越,543.00,-9.0000,546.00,555.00,535.00,833000,452120000,715,TWSE_CSV,2026-07-27 14:15:36 +0800
1150727,2026-07-27,上市,5469,瀚宇博,71.40,-0.6000,72.70,72.70,70.30,936000,66585300,713,TWSE_CSV,2026-07-27 14:15:36 +0800
1150727,2026-07-27,上市,5471,松翰,54.90,0.1000,55.30,55.40,53.00,1759000,95216500,1109,TWSE_CSV,2026-07-27 14:15:36 +0800
1150727,2026-07-27,上市,5484,慧友,40.15,-0.5000,41.00,41.00,39.40,234000,9393600,169,TWSE_CSV,2026-07-27 14:15:36 +0800
1150727,2026-07-27,上市,5515,建國,43.60,0.0500,43.85,44.20,42.85,474000,20620750,354,TWSE_CSV,2026-07-27 14:15:36 +0800
1150727,2026-07-27,上市,5519,隆大,27.95,-0.2000,28.40,28.40,27.90,339000,9493750,251,TWSE_CSV,2026-07-27 14:15:36 +0800
1150727,2026-07-27,上市,5521,工信,10.30,0.1500,10.15,10.30,10.10,1438000,14646650,507,TWSE_CSV,2026-07-27 14:15:36 +0800
1150727,2026-07-27,上市,5522,遠雄,66.50,0.6000,66.70,66.70,65.60,325000,21570300,276,TWSE_CSV,2026-07-27 14:15:36 +0800
1150727,2026-07-27,上市,5525,順天,22.85,-0.2500,23.10,23.15,22.85,140000,3224000,62,TWSE_CSV,2026-07-27 14:15:36 +0800
1150727,2026-07-27,上市,5531,鄉林,7.73,-0.0200,7.75,7.80,7.67,377000,2925760,160,TWSE_CSV,2026-07-27 14:15:36 +0800
1150727,2026-07-27,上市,5533,皇鼎,14.30,0.0000,14.30,14.30,14.25,113000,1613550,48,TWSE_CSV,2026-07-27 14:15:36 +0800
1150727,2026-07-27,上市,5534,長虹,79.30,-0.6000,80.20,80.20,79.20,254000,20167200,190,TWSE_CSV,2026-07-27 14:15:36 +0800
1150727,2026-07-27,上市,5538,東明-KY,33.95,-0.0500,34.85,34.85,33.65,29000,987500,25,TWSE_CSV,2026-07-27 14:15:36 +0800
1150727,2026-07-27,上市,5546,永固-KY,14.25,0.0000,15.00,15.15,14.15,120000,1739650,87,TWSE_CSV,2026-07-27 14:15:36 +0800
1150727,2026-07-27,上市,5607,遠雄港,49.60,-0.2000,50.00,50.00,49.15,420000,20806100,317,TWSE_CSV,2026-07-27 14:15:36 +0800
1150727,2026-07-27,上市,5608,四維航,13.65,-0.1000,13.85,13.90,13.60,929000,12713450,433,TWSE_CSV,2026-07-27 14:15:36 +0800
1150727,2026-07-27,上市,5706,鳳凰,45.50,0.1000,45.40,45.95,45.00,133000,6029250,99,TWSE_CSV,2026-07-27 14:15:36 +0800
1150727,2026-07-27,上市,5871,中租-KY,120.00,0.0000,120.00,120.00,119.00,5606000,671505500,2529,TWSE_CSV,2026-07-27 14:15:36 +0800
1150727,2026-07-27,上市,5876,上海商銀,47.00,0.8500,46.30,47.10,46.25,22968000,1074641750,6706,TWSE_CSV,2026-07-27 14:15:36 +0800
1150727,2026-07-27,上市,5880,合庫金,25.95,0.3000,25.80,25.95,25.55,23003000,594733850,5223,TWSE_CSV,2026-07-27 14:15:36 +0800
1150727,2026-07-27,上市,5906,台南-KY,39.00,-0.2000,39.00,39.00,39.00,1000,39000,1,TWSE_CSV,2026-07-27 14:15:36 +0800
1150727,2026-07-27,上市,5907,大洋-KY,4.88,0.0100,4.88,4.94,4.81,92000,448350,54,TWSE_CSV,2026-07-27 14:15:36 +0800
1150727,2026-07-27,上市,6005,群益證,35.60,0.8000,35.00,35.65,34.80,8468000,297998750,3056,TWSE_CSV,2026-07-27 14:15:36 +0800
1150727,2026-07-27,上市,6024,群益期,64.70,-0.2000,64.90,65.20,64.40,367000,23789400,271,TWSE_CSV,2026-07-27 14:15:36 +0800
1150727,2026-07-27,上市,6108,競國,16.90,0.0500,17.00,17.00,16.60,224000,3759300,134,TWSE_CSV,2026-07-27 14:15:36 +0800
1150727,2026-07-27,上市,6112,邁達特,40.55,-0.3000,41.00,41.00,40.30,315000,12760500,219,TWSE_CSV,2026-07-27 14:15:36 +0800
1150727,2026-07-27,上市,6115,鎰勝,46.00,0.0500,46.10,46.15,45.80,56000,2574750,50,TWSE_CSV,2026-07-27 14:15:36 +0800
1150727,2026-07-27,上市,6116,彩晶,13.25,-0.5500,13.80,13.85,13.00,28494000,378082350,8658,TWSE_CSV,2026-07-27 14:15:36 +0800
1150727,2026-07-27,上市,6117,迎廣,68.30,0.8000,67.00,68.70,67.00,193000,13131400,148,TWSE_CSV,2026-07-27 14:15:36 +0800
1150727,2026-07-27,上市,6120,達運,12.60,-0.4000,13.15,13.15,12.40,3426000,43286950,1202,TWSE_CSV,2026-07-27 14:15:36 +0800
1150727,2026-07-27,上市,6128,上福,20.20,-0.1000,20.30,20.30,20.15,32000,647200,23,TWSE_CSV,2026-07-27 14:15:36 +0800
1150727,2026-07-27,上市,6133,金橋,20.80,-0.1500,21.20,21.20,20.60,519000,10785550,287,TWSE_CSV,2026-07-27 14:15:36 +0800
1150727,2026-07-27,上市,6136,富爾特,24.40,0.0000,24.55,24.55,24.15,86000,2085850,60,TWSE_CSV,2026-07-27 14:15:36 +0800
1150727,2026-07-27,上市,6139,亞翔,762.00,-78.0000,836.00,848.00,756.00,9719000,7542708000,7844,TWSE_CSV,2026-07-27 14:15:36 +0800
1150727,2026-07-27,上市,6141,柏承,34.95,-3.7000,36.05,37.60,34.80,4672000,164667600,1927,TWSE_CSV,2026-07-27 14:15:36 +0800
1150727,2026-07-27,上市,6142,友勁,10.45,0.7200,9.87,10.60,9.67,2809000,28709750,987,TWSE_CSV,2026-07-27 14:15:36 +0800
1150727,2026-07-27,上市,6152,百一,12.10,-0.1000,12.35,12.35,12.00,439000,5292700,157,TWSE_CSV,2026-07-27 14:15:36 +0800
1150727,2026-07-27,上市,6153,嘉聯益,16.10,-0.5000,16.60,16.60,15.80,3822000,61463000,1690,TWSE_CSV,2026-07-27 14:15:36 +0800
1150727,2026-07-27,上市,6155,鈞寶,55.00,-0.7000,56.00,57.30,53.80,1349000,74737500,1032,TWSE_CSV,2026-07-27 14:15:36 +0800
1150727,2026-07-27,上市,6164,華興,11.90,-0.2500,12.20,12.20,11.60,1082000,12841150,426,TWSE_CSV,2026-07-27 14:15:36 +0800
1150727,2026-07-27,上市,6165,浪凡,49.55,-0.4000,49.95,50.20,48.70,482000,23757950,317,TWSE_CSV,2026-07-27 14:15:36 +0800
1150727,2026-07-27,上市,6166,凌華,150.00,-16.5000,163.00,165.50,150.00,7588000,1183055500,5121,TWSE_CSV,2026-07-27 14:15:36 +0800
1150727,2026-07-27,上市,6168,宏齊,23.40,-0.4000,23.85,24.05,22.80,1395000,32504300,784,TWSE_CSV,2026-07-27 14:15:36 +0800
1150727,2026-07-27,上市,6176,瑞儀,87.20,-0.9000,88.10,89.50,85.70,3408000,297160200,2133,TWSE_CSV,2026-07-27 14:15:36 +0800
1150727,2026-07-27,上市,6177,達麗,47.90,-0.6500,48.60,48.85,47.85,848000,40946400,519,TWSE_CSV,2026-07-27 14:15:36 +0800
1150727,2026-07-27,上市,6183,關貿,91.00,-0.8000,91.80,92.30,90.10,30000,2725800,24,TWSE_CSV,2026-07-27 14:15:36 +0800
1150727,2026-07-27,上市,6184,大豐電,42.75,0.1500,42.60,43.00,42.50,56000,2391550,38,TWSE_CSV,2026-07-27 14:15:36 +0800
1150727,2026-07-27,上市,6189,豐藝,48.45,-0.5000,49.35,49.40,48.05,342000,16597650,241,TWSE_CSV,2026-07-27 14:15:36 +0800
1150727,2026-07-27,上市,6191,精成科,88.40,-0.5000,89.60,89.60,87.40,1939000,171028900,1381,TWSE_CSV,2026-07-27 14:15:36 +0800
1150727,2026-07-27,上市,6192,巨路,114.00,-1.0000,115.00,115.00,113.50,88000,10052000,67,TWSE_CSV,2026-07-27 14:15:36 +0800
1150727,2026-07-27,上市,6196,帆宣,510.00,-16.0000,524.00,532.00,494.50,1486000,756801000,1269,TWSE_CSV,2026-07-27 14:15:36 +0800
1150727,2026-07-27,上市,6197,佳必琪,312.00,2.0000,312.00,315.50,304.00,1473000,456358000,1160,TWSE_CSV,2026-07-27 14:15:36 +0800
1150727,2026-07-27,上市,6201,亞弘電,49.00,0.0000,49.00,49.00,48.60,19000,927500,13,TWSE_CSV,2026-07-27 14:15:36 +0800
1150727,2026-07-27,上市,6202,盛群,53.30,-0.9000,54.20,54.50,51.80,1954000,103258300,1248,TWSE_CSV,2026-07-27 14:15:36 +0800
1150727,2026-07-27,上市,6205,詮欣,60.70,0.5000,60.40,61.40,59.10,368000,22118000,292,TWSE_CSV,2026-07-27 14:15:36 +0800
1150727,2026-07-27,上市,6206,飛捷,124.00,-10.0000,133.50,136.00,122.50,2852000,364469500,1973,TWSE_CSV,2026-07-27 14:15:36 +0800
1150727,2026-07-27,上市,6209,今國光,69.20,1.5000,69.00,72.40,68.50,10231000,721323400,6668,TWSE_CSV,2026-07-27 14:15:36 +0800
1150727,2026-07-27,上市,6213,聯茂,307.00,-2.5000,300.50,309.00,290.00,14429000,4333833500,9989,TWSE_CSV,2026-07-27 14:15:36 +0800
1150727,2026-07-27,上市,6214,精誠,145.50,6.0000,142.00,146.00,140.00,2589000,372236500,1867,TWSE_CSV,2026-07-27 14:15:36 +0800
1150727,2026-07-27,上市,6215,和椿,95.90,-0.1000,96.80,96.80,93.50,347000,32801700,284,TWSE_CSV,2026-07-27 14:15:36 +0800
1150727,2026-07-27,上市,6216,居易,22.05,0.0500,22.15,22.25,22.00,84000,1859650,67,TWSE_CSV,2026-07-27 14:15:36 +0800
1150727,2026-07-27,上市,6224,聚鼎,56.10,0.1000,56.00,56.70,55.00,234000,13052700,185,TWSE_CSV,2026-07-27 14:15:36 +0800
1150727,2026-07-27,上市,6225,天瀚,24.05,0.0500,25.65,25.65,24.05,9000,227500,5,TWSE_CSV,2026-07-27 14:15:36 +0800
1150727,2026-07-27,上市,6226,光鼎,18.65,-0.1500,18.10,18.85,17.50,12579000,228259850,5208,TWSE_CSV,2026-07-27 14:15:36 +0800
1150727,2026-07-27,上市,6230,尼得科超眾,114.50,0.0000,116.50,116.50,113.00,25000,2857000,24,TWSE_CSV,2026-07-27 14:15:36 +0800
1150727,2026-07-27,上市,6235,華孚,38.75,0.0500,38.60,38.90,38.20,448000,17253050,317,TWSE_CSV,2026-07-27 14:15:36 +0800
1150727,2026-07-27,上市,6239,力成,279.00,-0.5000,278.00,281.50,269.00,9814000,2707325500,7026,TWSE_CSV,2026-07-27 14:15:36 +0800
1150727,2026-07-27,上市,6243,迅杰,49.20,-3.0000,54.90,55.50,48.70,15397000,806763750,10260,TWSE_CSV,2026-07-27 14:15:36 +0800
1150727,2026-07-27,上市,6257,矽格,215.50,-1.5000,217.00,219.00,207.50,4073000,867058000,2765,TWSE_CSV,2026-07-27 14:15:36 +0800
1150727,2026-07-27,上市,6269,台郡,54.10,-0.2000,54.30,55.00,53.00,2285000,122749700,1547,TWSE_CSV,2026-07-27 14:15:36 +0800
1150727,2026-07-27,上市,6271,同欣電,183.50,-5.5000,188.00,189.50,178.50,4588000,839629000,2503,TWSE_CSV,2026-07-27 14:15:36 +0800
1150727,2026-07-27,上市,6272,驊陞,25.95,0.4000,25.55,26.40,25.50,190000,4922850,112,TWSE_CSV,2026-07-27 14:15:36 +0800
1150727,2026-07-27,上市,6277,宏正,78.90,0.9000,77.90,79.30,77.20,335000,26113400,284,TWSE_CSV,2026-07-27 14:15:36 +0800
1150727,2026-07-27,上市,6278,台表科,157.00,-2.5000,159.50,161.00,154.50,1905000,299371000,1448,TWSE_CSV,2026-07-27 14:15:36 +0800
1150727,2026-07-27,上市,6281,全國電,52.20,0.3000,51.90,52.20,51.40,118000,6136700,65,TWSE_CSV,2026-07-27 14:15:36 +0800
1150727,2026-07-27,上市,6282,康舒,46.80,-0.3500,47.20,47.50,45.65,6853000,317620200,3831,TWSE_CSV,2026-07-27 14:15:36 +0800
1150727,2026-07-27,上市,6283,淳安,20.50,-0.3500,20.85,21.00,20.10,238000,4863100,143,TWSE_CSV,2026-07-27 14:15:36 +0800
1150727,2026-07-27,上市,6285,啟碁,249.50,0.0000,248.00,255.00,244.00,4797000,1196766000,3525,TWSE_CSV,2026-07-27 14:15:36 +0800
1150727,2026-07-27,上市,6405,悅城,38.25,-0.6000,39.75,39.75,36.80,912000,34735950,638,TWSE_CSV,2026-07-27 14:15:36 +0800
1150727,2026-07-27,上市,6409,旭隼,1000.00,-15.0000,1040.00,1040.00,995.00,612000,617521000,556,TWSE_CSV,2026-07-27 14:15:36 +0800
1150727,2026-07-27,上市,6412,群電,82.00,0.7000,81.90,82.00,81.00,480000,39183500,407,TWSE_CSV,2026-07-27 14:15:36 +0800
1150727,2026-07-27,上市,6414,樺漢,469.00,-31.0000,508.00,520.00,458.00,7541000,3645986000,5944,TWSE_CSV,2026-07-27 14:15:36 +0800
1150727,2026-07-27,上市,6415,矽力*-KY,449.00,-18.5000,467.50,467.50,437.50,3309000,1482859000,2999,TWSE_CSV,2026-07-27 14:15:36 +0800
1150727,2026-07-27,上市,6416,瑞祺電通,102.00,-1.5000,103.50,108.00,99.90,1055000,108424700,772,TWSE_CSV,2026-07-27 14:15:36 +0800
1150727,2026-07-27,上市,6426,統新,171.50,7.5000,164.00,172.00,158.50,1024000,171488000,925,TWSE_CSV,2026-07-27 14:15:36 +0800
1150727,2026-07-27,上市,6431,光麗-KY,17.00,-0.2000,16.65,17.00,16.65,51000,856600,31,TWSE_CSV,2026-07-27 14:15:36 +0800
1150727,2026-07-27,上市,6438,迅得,143.00,-2.0000,145.00,145.00,141.50,298000,42473000,265,TWSE_CSV,2026-07-27 14:15:36 +0800
1150727,2026-07-27,上市,6442,光聖,1330.00,5.0000,1345.00,1385.00,1305.00,1788000,2385925000,1673,TWSE_CSV,2026-07-27 14:15:36 +0800
1150727,2026-07-27,上市,6443,元晶,27.35,-1.3000,28.65,28.65,26.95,4883000,135189300,2490,TWSE_CSV,2026-07-27 14:15:36 +0800
1150727,2026-07-27,上市,6446,藥華藥,1195.00,60.0000,1155.00,1205.00,1130.00,1969000,2316880000,1616,TWSE_CSV,2026-07-27 14:15:36 +0800
1150727,2026-07-27,上市,6449,鈺邦,239.00,-2.5000,240.00,245.00,229.50,901000,212212000,645,TWSE_CSV,2026-07-27 14:15:36 +0800
1150727,2026-07-27,上市,6451,訊芯-KY,422.50,0.0000,440.00,443.50,415.50,2675000,1152876500,2216,TWSE_CSV,2026-07-27 14:15:36 +0800
1150727,2026-07-27,上市,6456,GIS-KY,63.10,-0.9000,64.10,64.40,61.30,1832000,115106000,1273,TWSE_CSV,2026-07-27 14:15:36 +0800
1150727,2026-07-27,上市,6464,台數科,79.60,0.3000,79.70,79.70,78.90,16000,1272200,15,TWSE_CSV,2026-07-27 14:15:36 +0800
1150727,2026-07-27,上市,6472,保瑞,396.50,4.0000,396.00,403.00,390.00,443000,175542500,396,TWSE_CSV,2026-07-27 14:15:36 +0800
1150727,2026-07-27,上市,6477,安集,36.55,-2.3000,39.00,39.05,35.85,2844000,105294150,1752,TWSE_CSV,2026-07-27 14:15:36 +0800
1150727,2026-07-27,上市,6491,晶碩,338.00,6.5000,334.50,338.50,332.00,405000,136211500,376,TWSE_CSV,2026-07-27 14:15:36 +0800
1150727,2026-07-27,上市,6504,南六,40.80,2.4000,38.50,41.65,37.85,235000,9432000,173,TWSE_CSV,2026-07-27 14:15:36 +0800
1150727,2026-07-27,上市,6505,台塑化,77.90,-7.9000,81.70,82.90,77.30,39926000,3147461100,18584,TWSE_CSV,2026-07-27 14:15:36 +0800
1150727,2026-07-27,上市,6515,穎崴,6395.00,100.0000,6395.00,6415.00,6095.00,168000,1050175000,168,TWSE_CSV,2026-07-27 14:15:36 +0800
1150727,2026-07-27,上市,6525,捷敏-KY,142.00,0.5000,142.00,144.00,137.50,1941000,272484500,1382,TWSE_CSV,2026-07-27 14:15:36 +0800
1150727,2026-07-27,上市,6526,達發,576.00,-11.0000,575.00,585.00,565.00,356000,203701000,307,TWSE_CSV,2026-07-27 14:15:36 +0800
1150727,2026-07-27,上市,6531,愛普*,773.00,-85.0000,823.00,826.00,773.00,4195000,3327870000,2545,TWSE_CSV,2026-07-27 14:15:36 +0800
1150727,2026-07-27,上市,6533,晶心科,213.50,-3.5000,216.50,217.00,207.00,557000,118139000,500,TWSE_CSV,2026-07-27 14:15:36 +0800
1150727,2026-07-27,上市,6534,正瀚-創,92.50,0.3000,93.00,93.40,92.10,84000,7796500,54,TWSE_CSV,2026-07-27 14:15:36 +0800
1150727,2026-07-27,上市,6541,泰福-KY,39.50,0.8500,39.30,40.75,38.65,296000,11669500,227,TWSE_CSV,2026-07-27 14:15:36 +0800
1150727,2026-07-27,上市,6550,北極星藥業-KY,11.90,-0.1000,12.15,12.15,11.90,833000,9982200,372,TWSE_CSV,2026-07-27 14:15:36 +0800
1150727,2026-07-27,上市,6552,易華電,25.25,-0.0500,25.25,25.30,24.80,140000,3502500,77,TWSE_CSV,2026-07-27 14:15:36 +0800
1150727,2026-07-27,上市,6558,興能高,26.80,-0.2000,27.00,27.00,26.50,164000,4377450,125,TWSE_CSV,2026-07-27 14:15:36 +0800
1150727,2026-07-27,上市,6573,虹揚-KY,18.30,-0.7000,18.85,19.00,17.70,391000,7111300,187,TWSE_CSV,2026-07-27 14:15:36 +0800
1150727,2026-07-27,上市,6579,研揚,169.50,-11.0000,178.50,181.50,165.50,1667000,286894000,1228,TWSE_CSV,2026-07-27 14:15:36 +0800
1150727,2026-07-27,上市,6581,鋼聯,108.50,1.5000,107.00,108.50,107.00,28000,3018000,24,TWSE_CSV,2026-07-27 14:15:36 +0800
1150727,2026-07-27,上市,6582,申豐,32.05,-0.2500,33.15,33.15,31.80,36000,1156000,33,TWSE_CSV,2026-07-27 14:15:36 +0800
1150727,2026-07-27,上市,6585,鼎基,121.00,-1.5000,121.50,122.50,119.00,345000,41591000,236,TWSE_CSV,2026-07-27 14:15:36 +0800
1150727,2026-07-27,上市,6589,台康生技,47.05,1.4500,46.20,47.45,45.65,616000,28860800,430,TWSE_CSV,2026-07-27 14:15:36 +0800
1150727,2026-07-27,上市,6591,動力-KY,45.05,-0.2500,45.30,45.80,44.85,123000,5561550,87,TWSE_CSV,2026-07-27 14:15:36 +0800
1150727,2026-07-27,上市,6592,和潤企業,60.50,-0.5000,61.30,61.30,60.20,319000,19347800,241,TWSE_CSV,2026-07-27 14:15:36 +0800
1150727,2026-07-27,上市,6598,ABC-KY,30.00,2.3000,27.70,30.45,27.70,1285000,38132800,768,TWSE_CSV,2026-07-27 14:15:36 +0800
1150727,2026-07-27,上市,6605,帝寶,132.50,0.0000,131.50,133.00,130.50,264000,34871500,194,TWSE_CSV,2026-07-27 14:15:36 +0800
1150727,2026-07-27,上市,6606,建德工業,26.05,0.0500,25.70,26.15,25.40,49000,1263050,43,TWSE_CSV,2026-07-27 14:15:36 +0800
1150727,2026-07-27,上市,6614,資拓宏宇,38.55,0.0000,38.10,38.55,37.90,43000,1634350,35,TWSE_CSV,2026-07-27 14:15:36 +0800
1150727,2026-07-27,上市,6625,必應,75.00,-0.2000,75.20,75.90,74.80,55000,4137600,45,TWSE_CSV,2026-07-27 14:15:36 +0800
1150727,2026-07-27,上市,6641,基士德-KY,17.75,-0.1000,17.55,17.90,17.55,22000,390150,13,TWSE_CSV,2026-07-27 14:15:36 +0800
1150727,2026-07-27,上市,6645,金萬林-創,13.50,-0.3500,13.85,13.95,13.50,17000,233650,11,TWSE_CSV,2026-07-27 14:15:36 +0800
1150727,2026-07-27,上市,6655,科定,118.00,0.5000,117.00,118.00,117.00,4000,469000,4,TWSE_CSV,2026-07-27 14:15:36 +0800
1150727,2026-07-27,上市,6657,華安,33.05,-0.9500,33.55,33.80,32.90,137000,4549950,72,TWSE_CSV,2026-07-27 14:15:36 +0800
1150727,2026-07-27,上市,6658,聯策,155.50,-0.5000,154.00,157.50,152.50,246000,38121000,222,TWSE_CSV,2026-07-27 14:15:36 +0800
1150727,2026-07-27,上市,6666,羅麗芬-KY,44.90,1.0500,43.85,44.90,43.85,14000,623750,13,TWSE_CSV,2026-07-27 14:15:36 +0800
1150727,2026-07-27,上市,6668,中揚光,34.70,0.7500,33.80,36.70,33.70,903000,31919250,720,TWSE_CSV,2026-07-27 14:15:36 +0800
1150727,2026-07-27,上市,6669,緯穎,5745.00,15.0000,5700.00,5780.00,5480.00,1693000,9480355000,1627,TWSE_CSV,2026-07-27 14:15:36 +0800
1150727,2026-07-27,上市,6670,復盛應用,273.00,5.5000,270.00,273.50,268.00,479000,130358000,379,TWSE_CSV,2026-07-27 14:15:36 +0800
1150727,2026-07-27,上市,6671,三能-KY,22.40,0.6000,22.35,22.45,22.20,14000,312400,13,TWSE_CSV,2026-07-27 14:15:36 +0800
1150727,2026-07-27,上市,6672,騰輝電子-KY,221.00,-3.5000,225.50,228.00,217.00,1709000,378969000,1307,TWSE_CSV,2026-07-27 14:15:36 +0800
1150727,2026-07-27,上市,6674,鋐寶科技,15.95,-0.0500,16.05,16.05,15.60,13000,206100,13,TWSE_CSV,2026-07-27 14:15:36 +0800
1150727,2026-07-27,上市,6689,伊雲谷,61.10,0.4000,60.90,61.10,59.80,71000,4279600,60,TWSE_CSV,2026-07-27 14:15:36 +0800
1150727,2026-07-27,上市,6691,洋基工程,696.00,-17.0000,726.00,726.00,687.00,663000,461371000,522,TWSE_CSV,2026-07-27 14:15:36 +0800
1150727,2026-07-27,上市,6695,芯鼎,51.00,-1.0000,52.10,52.60,50.20,631000,32298100,451,TWSE_CSV,2026-07-27 14:15:36 +0800
1150727,2026-07-27,上市,6698,旭暉應材,33.70,-1.0000,34.20,34.30,33.05,179000,6018900,125,TWSE_CSV,2026-07-27 14:15:36 +0800
1150727,2026-07-27,上市,6706,惠特,107.50,-1.5000,105.50,109.50,104.00,1607000,170243000,789,TWSE_CSV,2026-07-27 14:15:36 +0800
1150727,2026-07-27,上市,6715,嘉基,398.00,-26.5000,415.00,418.50,388.00,810000,322537000,674,TWSE_CSV,2026-07-27 14:15:36 +0800
1150727,2026-07-27,上市,6719,力智,222.50,-10.0000,230.50,232.00,218.50,1207000,269409500,1034,TWSE_CSV,2026-07-27 14:15:36 +0800
1150727,2026-07-27,上市,6722,輝創,34.15,-0.3500,34.40,34.40,33.70,20000,680450,18,TWSE_CSV,2026-07-27 14:15:36 +0800
1150727,2026-07-27,上市,6742,澤米,43.25,0.7000,42.05,43.90,42.05,491000,21131200,324,TWSE_CSV,2026-07-27 14:15:36 +0800
1150727,2026-07-27,上市,6743,安普新,30.90,0.4000,30.50,30.90,30.15,174000,5322350,128,TWSE_CSV,2026-07-27 14:15:36 +0800
1150727,2026-07-27,上市,6753,龍德造船,138.00,-2.0000,139.50,139.50,132.50,1483000,201665500,1062,TWSE_CSV,2026-07-27 14:15:36 +0800
1150727,2026-07-27,上市,6754,匯僑設計,42.25,-0.3000,42.05,42.55,41.80,19000,798550,8,TWSE_CSV,2026-07-27 14:15:36 +0800
1150727,2026-07-27,上市,6756,威鋒電子,95.00,-2.0000,96.10,97.00,93.60,116000,10987300,97,TWSE_CSV,2026-07-27 14:15:36 +0800
1150727,2026-07-27,上市,6757,台灣虎航,55.50,1.1000,54.90,55.90,54.70,1623000,89834400,909,TWSE_CSV,2026-07-27 14:15:36 +0800
1150727,2026-07-27,上市,6768,志強-KY,72.00,3.0000,69.90,72.90,69.10,468000,33395200,363,TWSE_CSV,2026-07-27 14:15:36 +0800
1150727,2026-07-27,上市,6770,力積電,61.90,0.3000,61.60,62.10,59.00,103776000,6285121600,42845,TWSE_CSV,2026-07-27 14:15:36 +0800
1150727,2026-07-27,上市,6771,平和環保-創,38.50,0.0000,38.50,38.60,38.45,39000,1501750,13,TWSE_CSV,2026-07-27 14:15:36 +0800
1150727,2026-07-27,上市,6776,展碁國際,54.00,-0.3000,54.20,54.50,53.70,131000,7073300,69,TWSE_CSV,2026-07-27 14:15:36 +0800
1150727,2026-07-27,上市,6781,AES-KY,990.00,1.0000,995.00,997.00,967.00,383000,377032000,349,TWSE_CSV,2026-07-27 14:15:36 +0800
1150727,2026-07-27,上市,6782,視陽,184.50,1.5000,183.50,186.00,182.00,92000,16958000,79,TWSE_CSV,2026-07-27 14:15:36 +0800
1150727,2026-07-27,上市,6789,采鈺,461.50,-8.5000,465.50,474.00,452.00,1037000,479032500,894,TWSE_CSV,2026-07-27 14:15:36 +0800
1150727,2026-07-27,上市,6790,永豐實,39.00,0.2500,38.75,39.00,38.70,91000,3537600,72,TWSE_CSV,2026-07-27 14:15:36 +0800
1150727,2026-07-27,上市,6792,詠業,52.00,-1.2000,52.10,52.60,52.00,50000,2606500,37,TWSE_CSV,2026-07-27 14:15:36 +0800
1150727,2026-07-27,上市,6794,向榮生技,77.50,-0.2000,78.60,78.60,76.70,15000,1157600,13,TWSE_CSV,2026-07-27 14:15:36 +0800
1150727,2026-07-27,上市,6796,晉弘,58.20,-0.7000,57.50,59.00,57.50,19000,1104900,18,TWSE_CSV,2026-07-27 14:15:36 +0800
1150727,2026-07-27,上市,6799,來頡,81.80,-0.3000,82.20,82.20,80.20,182000,14754800,155,TWSE_CSV,2026-07-27 14:15:36 +0800
1150727,2026-07-27,上市,6805,富世達,1455.00,45.0000,1410.00,1455.00,1360.00,546000,776680000,510,TWSE_CSV,2026-07-27 14:15:36 +0800
1150727,2026-07-27,上市,6807,峰源-KY,33.85,-0.1000,34.10,34.15,33.50,8000,269700,8,TWSE_CSV,2026-07-27 14:15:36 +0800
1150727,2026-07-27,上市,6830,汎銓,374.50,11.0000,360.00,386.00,351.50,1400000,519239000,1275,TWSE_CSV,2026-07-27 14:15:36 +0800
1150727,2026-07-27,上市,6831,邁科,630.00,-48.0000,678.00,678.00,620.00,380000,241228000,313,TWSE_CSV,2026-07-27 14:15:36 +0800
1150727,2026-07-27,上市,6834,天二科技,91.40,1.3000,88.30,96.60,88.10,3504000,321779700,2631,TWSE_CSV,2026-07-27 14:15:36 +0800
1150727,2026-07-27,上市,6835,圓裕,31.65,0.4500,31.70,32.30,31.05,85000,2692050,41,TWSE_CSV,2026-07-27 14:15:36 +0800
1150727,2026-07-27,上市,6838,台新藥,24.30,0.5000,24.30,24.30,23.80,120000,2893750,87,TWSE_CSV,2026-07-27 14:15:36 +0800
1150727,2026-07-27,上市,6854,錼創科技-KY創,96.20,-2.6000,98.80,99.10,95.00,279000,27013800,211,TWSE_CSV,2026-07-27 14:15:36 +0800
1150727,2026-07-27,上市,6861,睿生光電,207.00,1.0000,206.00,209.00,200.00,368000,74943000,308,TWSE_CSV,2026-07-27 14:15:36 +0800
1150727,2026-07-27,上市,6862,三集瑞-KY,142.00,-1.0000,141.00,144.00,138.50,160000,22517000,138,TWSE_CSV,2026-07-27 14:15:36 +0800
1150727,2026-07-27,上市,6863,永道-KY,125.50,8.0000,117.50,126.00,117.50,813000,99688500,585,TWSE_CSV,2026-07-27 14:15:36 +0800
1150727,2026-07-27,上市,6869,雲豹能源,68.40,1.4000,67.30,68.40,66.40,390000,26394500,286,TWSE_CSV,2026-07-27 14:15:36 +0800
1150727,2026-07-27,上市,6873,泓德能源,85.30,0.3000,85.80,85.90,83.50,314000,26537800,221,TWSE_CSV,2026-07-27 14:15:36 +0800
1150727,2026-07-27,上市,6885,全福生技,21.05,0.2500,20.80,21.30,20.80,193000,4052250,113,TWSE_CSV,2026-07-27 14:15:36 +0800
1150727,2026-07-27,上市,6887,寶綠特-KY,37.50,-0.3500,37.85,38.00,37.50,18000,677900,16,TWSE_CSV,2026-07-27 14:15:36 +0800
1150727,2026-07-27,上市,6890,來億-KY,175.50,3.0000,175.00,183.50,172.50,561000,99590000,494,TWSE_CSV,2026-07-27 14:15:36 +0800
1150727,2026-07-27,上市,6901,鑽石投資,17.40,0.8500,16.50,17.45,16.40,2153000,36624500,1209,TWSE_CSV,2026-07-27 14:15:36 +0800
1150727,2026-07-27,上市,6902,GOGOLOOK,120.50,2.0000,122.00,122.00,117.50,62000,7394500,55,TWSE_CSV,2026-07-27 14:15:36 +0800
1150727,2026-07-27,上市,6906,現觀科,71.00,-1.0000,70.80,71.30,69.80,30000,2117600,26,TWSE_CSV,2026-07-27 14:15:36 +0800
1150727,2026-07-27,上市,6908,宏碁遊戲-創,35.50,0.1500,35.00,35.50,35.00,2000,70500,2,TWSE_CSV,2026-07-27 14:15:36 +0800
1150727,2026-07-27,上市,6909,創控,41.45,-0.2500,42.00,42.25,40.60,345000,14222500,236,TWSE_CSV,2026-07-27 14:15:36 +0800
1150727,2026-07-27,上市,6914,阜爾運通,145.00,0.0000,145.00,145.50,144.50,41000,5947500,39,TWSE_CSV,2026-07-27 14:15:36 +0800
1150727,2026-07-27,上市,6916,華凌,18.95,-0.6500,19.95,19.95,18.90,76000,1467550,31,TWSE_CSV,2026-07-27 14:15:36 +0800
1150727,2026-07-27,上市,6918,愛派司,72.10,-0.5000,72.40,72.80,72.00,11000,796100,11,TWSE_CSV,2026-07-27 14:15:36 +0800
1150727,2026-07-27,上市,6919,康霈*,102.00,4.2000,98.70,103.00,98.30,2956000,298910100,2004,TWSE_CSV,2026-07-27 14:15:36 +0800
1150727,2026-07-27,上市,6921,嘉雨思-創,64.40,0.0000,64.90,67.50,64.40,21000,1368000,15,TWSE_CSV,2026-07-27 14:15:36 +0800
1150727,2026-07-27,上市,6923,中台,77.60,-1.2000,79.90,79.90,77.60,104000,8128400,80,TWSE_CSV,2026-07-27 14:15:36 +0800
1150727,2026-07-27,上市,6924,榮惠-KY創,102.00,-1.0000,103.50,103.50,101.50,6000,613000,6,TWSE_CSV,2026-07-27 14:15:36 +0800
1150727,2026-07-27,上市,6928,攸泰科技,50.50,-3.1000,51.60,51.60,49.55,342000,17156900,256,TWSE_CSV,2026-07-27 14:15:36 +0800
1150727,2026-07-27,上市,6931,青松健康,39.15,0.0000,38.95,39.15,38.90,29000,1131500,24,TWSE_CSV,2026-07-27 14:15:36 +0800
1150727,2026-07-27,上市,6933,AMAX-KY,161.00,-4.0000,167.00,167.50,160.50,247000,40126000,217,TWSE_CSV,2026-07-27 14:15:36 +0800
1150727,2026-07-27,上市,6934,心誠鎂,79.60,0.6000,79.00,79.90,77.70,13000,1024500,13,TWSE_CSV,2026-07-27 14:15:36 +0800
1150727,2026-07-27,上市,6936,永鴻生技,31.80,0.0500,31.60,31.80,31.60,17000,538700,15,TWSE_CSV,2026-07-27 14:15:36 +0800
1150727,2026-07-27,上市,6937,天虹,276.00,-14.0000,286.00,290.00,270.50,471000,131656500,415,TWSE_CSV,2026-07-27 14:15:36 +0800
1150727,2026-07-27,上市,6944,兆聯實業,786.00,0.0000,805.00,827.00,775.00,788000,626099000,732,TWSE_CSV,2026-07-27 14:15:36 +0800
1150727,2026-07-27,上市,6947,台鎔科技,76.00,-4.0000,82.50,83.40,75.80,1621000,127722500,1072,TWSE_CSV,2026-07-27 14:15:36 +0800
1150727,2026-07-27,上市,6949,沛爾生醫-創,989.00,-3.0000,1000.00,1010.00,983.00,75000,74496000,74,TWSE_CSV,2026-07-27 14:15:36 +0800
1150727,2026-07-27,上市,6951,青新-創,71.90,-0.1000,71.90,72.00,71.80,23000,1653900,13,TWSE_CSV,2026-07-27 14:15:36 +0800
1150727,2026-07-27,上市,6952,大武山,35.05,-0.4500,35.20,35.20,35.05,8000,281150,8,TWSE_CSV,2026-07-27 14:15:36 +0800
1150727,2026-07-27,上市,6955,邦睿生技-創,115.00,-0.5000,115.50,115.50,115.00,11000,1267000,9,TWSE_CSV,2026-07-27 14:15:36 +0800
1150727,2026-07-27,上市,6957,裕慶-KY,235.50,-4.5000,240.00,240.00,232.50,139000,32651500,124,TWSE_CSV,2026-07-27 14:15:36 +0800
1150727,2026-07-27,上市,6958,日盛台駿,18.00,0.0500,18.05,18.10,17.80,33000,594850,32,TWSE_CSV,2026-07-27 14:15:36 +0800
1150727,2026-07-27,上市,6962,奕力-KY,32.15,-0.4500,33.10,33.10,31.95,1473000,47507050,732,TWSE_CSV,2026-07-27 14:15:36 +0800
1150727,2026-07-27,上市,6965,中傑-KY,78.50,1.3000,77.80,78.50,77.80,16000,1250100,16,TWSE_CSV,2026-07-27 14:15:36 +0800
1150727,2026-07-27,上市,6969,成信實業*-創,34.70,-3.8500,39.75,39.80,34.70,983000,36603450,375,TWSE_CSV,2026-07-27 14:15:36 +0800
1150727,2026-07-27,上市,6988,威力暘-創,0.00,0.0000,0.00,0.00,0.00,0,0,0,TWSE_CSV,2026-07-27 14:15:36 +0800
1150727,2026-07-27,上市,6994,富威電力,40.45,0.4500,40.20,40.95,39.90,241000,9737550,166,TWSE_CSV,2026-07-27 14:15:36 +0800
1150727,2026-07-27,上市,7610,聯友金屬-創,1495.00,-165.0000,1495.00,1495.00,1495.00,131000,195845000,95,TWSE_CSV,2026-07-27 14:15:36 +0800
1150727,2026-07-27,上市,7631,聚賢研發-創,138.50,-0.5000,139.00,139.00,136.50,28000,3851000,26,TWSE_CSV,2026-07-27 14:15:36 +0800
1150727,2026-07-27,上市,7705,三商餐飲,30.40,-0.1500,30.30,30.50,30.30,40000,1214500,26,TWSE_CSV,2026-07-27 14:15:36 +0800
1150727,2026-07-27,上市,7711,永擎,302.00,5.0000,291.00,302.50,290.00,205000,60448500,166,TWSE_CSV,2026-07-27 14:15:36 +0800
1150727,2026-07-27,上市,7721,微程式,63.10,0.6000,61.80,63.40,61.50,50000,3108900,42,TWSE_CSV,2026-07-27 14:15:36 +0800
1150727,2026-07-27,上市,7722,LINEPAY,293.50,2.0000,292.00,294.50,289.00,23000,6705500,23,TWSE_CSV,2026-07-27 14:15:36 +0800
1150727,2026-07-27,上市,7730,暉盛-創,163.00,-3.5000,162.00,164.00,159.50,75000,12132500,63,TWSE_CSV,2026-07-27 14:15:36 +0800
1150727,2026-07-27,上市,7732,金興精密,36.00,0.2000,35.80,36.20,35.80,31000,1115200,12,TWSE_CSV,2026-07-27 14:15:36 +0800
1150727,2026-07-27,上市,7736,虎山,70.10,-0.3000,70.40,70.40,70.10,15000,1054500,13,TWSE_CSV,2026-07-27 14:15:36 +0800
1150727,2026-07-27,上市,7740,熙特爾-創,146.00,4.0000,145.00,147.50,141.00,114000,16594500,96,TWSE_CSV,2026-07-27 14:15:36 +0800
1150727,2026-07-27,上市,7749,意騰-KY,357.50,2.0000,355.00,357.50,348.50,86000,30271000,81,TWSE_CSV,2026-07-27 14:15:36 +0800
1150727,2026-07-27,上市,7750,新代,2060.00,35.0000,2050.00,2080.00,1975.00,118000,240005000,115,TWSE_CSV,2026-07-27 14:15:36 +0800
1150727,2026-07-27,上市,7760,享溫馨,34.00,-0.8500,34.85,34.85,33.00,82000,2797250,42,TWSE_CSV,2026-07-27 14:15:36 +0800
1150727,2026-07-27,上市,7765,中華資安,229.00,2.0000,226.50,232.00,226.50,46000,10553500,45,TWSE_CSV,2026-07-27 14:15:36 +0800
1150727,2026-07-27,上市,7768,頌勝科技,275.00,-4.0000,275.00,276.50,269.00,94000,25567500,85,TWSE_CSV,2026-07-27 14:15:36 +0800
1150727,2026-07-27,上市,7769,鴻勁,6110.00,55.0000,6075.00,6205.00,5860.00,551000,3338800000,515,TWSE_CSV,2026-07-27 14:15:36 +0800
1150727,2026-07-27,上市,7780,大研生醫*,17.20,-0.1500,17.35,17.40,17.15,504000,8693050,279,TWSE_CSV,2026-07-27 14:15:36 +0800
1150727,2026-07-27,上市,7786,東方風能,128.00,1.0000,128.00,128.50,126.00,232000,29561500,158,TWSE_CSV,2026-07-27 14:15:36 +0800
1150727,2026-07-27,上市,7788,松川精密,207.50,0.5000,207.00,213.50,204.00,654000,136112500,537,TWSE_CSV,2026-07-27 14:15:36 +0800
1150727,2026-07-27,上市,7791,皇家可口,61.70,-0.2000,61.30,62.30,61.10,17000,1045000,14,TWSE_CSV,2026-07-27 14:15:36 +0800
1150727,2026-07-27,上市,7795,長廣,402.50,10.0000,392.50,408.00,387.00,510000,200905000,439,TWSE_CSV,2026-07-27 14:15:36 +0800
1150727,2026-07-27,上市,7799,禾榮科,396.00,-3.5000,404.00,407.50,394.50,252000,100410500,226,TWSE_CSV,2026-07-27 14:15:36 +0800
1150727,2026-07-27,上市,7803,雲象科技-創,20.85,-0.3000,21.15,21.60,20.50,32000,666450,29,TWSE_CSV,2026-07-27 14:15:36 +0800
1150727,2026-07-27,上市,7818,溢泰實業,67.60,-0.4000,68.00,68.00,66.60,85000,5715800,64,TWSE_CSV,2026-07-27 14:15:36 +0800
1150727,2026-07-27,上市,7821,神數,41.10,0.3000,40.80,41.30,40.50,105000,4299400,72,TWSE_CSV,2026-07-27 14:15:36 +0800
1150727,2026-07-27,上市,7822,倍利科,865.00,8.0000,879.00,879.00,834.00,97000,82145000,91,TWSE_CSV,2026-07-27 14:15:36 +0800
1150727,2026-07-27,上市,7823,奧義賽博-KY創,81.50,-1.6000,82.90,82.90,81.00,16000,1312800,15,TWSE_CSV,2026-07-27 14:15:36 +0800
1150727,2026-07-27,上市,7827,漢康-KY創,141.50,1.5000,136.00,142.00,132.00,315000,43514500,248,TWSE_CSV,2026-07-27 14:15:36 +0800
1150727,2026-07-27,上市,7835,永悅健康-創,36.40,-3.5500,38.10,38.10,32.80,189000,6572300,126,TWSE_CSV,2026-07-27 14:15:36 +0800
1150727,2026-07-27,上市,8011,台通,16.20,0.0000,16.10,16.20,16.00,318000,5116100,204,TWSE_CSV,2026-07-27 14:15:36 +0800
1150727,2026-07-27,上市,8016,矽創,293.50,-0.5000,296.50,300.00,286.50,1082000,316578500,828,TWSE_CSV,2026-07-27 14:15:36 +0800
1150727,2026-07-27,上市,8021,尖點,390.50,20.5000,372.00,390.50,360.50,6616000,2471206500,5353,TWSE_CSV,2026-07-27 14:15:36 +0800
1150727,2026-07-27,上市,8028,昇陽半導體,311.00,10.5000,301.00,311.00,301.00,1858000,573229500,1456,TWSE_CSV,2026-07-27 14:15:36 +0800
1150727,2026-07-27,上市,8033,雷虎,186.00,-1.0000,187.00,187.00,172.50,2039000,360004500,1310,TWSE_CSV,2026-07-27 14:15:36 +0800
1150727,2026-07-27,上市,8039,台虹,216.00,-24.0000,235.00,244.00,216.00,42498000,9693460000,23322,TWSE_CSV,2026-07-27 14:15:36 +0800
1150727,2026-07-27,上市,8045,達運光電,60.70,-0.3000,61.00,62.60,59.60,239000,14566100,201,TWSE_CSV,2026-07-27 14:15:36 +0800
1150727,2026-07-27,上市,8046,南電,1075.00,-35.0000,1090.00,1110.00,1045.00,11935000,12851365000,8916,TWSE_CSV,2026-07-27 14:15:36 +0800
1150727,2026-07-27,上市,8070,長華*,47.10,-0.6000,47.85,47.90,46.40,2062000,97023450,1530,TWSE_CSV,2026-07-27 14:15:36 +0800
1150727,2026-07-27,上市,8072,陞泰,26.95,0.3500,26.70,26.95,26.55,93000,2487250,73,TWSE_CSV,2026-07-27 14:15:36 +0800
1150727,2026-07-27,上市,8081,致新,259.00,-3.0000,260.00,262.00,253.00,1324000,339538000,1094,TWSE_CSV,2026-07-27 14:15:36 +0800
1150727,2026-07-27,上市,8101,華冠,12.20,-1.0500,12.20,12.20,12.20,1000,12200,1,TWSE_CSV,2026-07-27 14:15:36 +0800
1150727,2026-07-27,上市,8103,瀚荃,78.50,-0.1000,79.40,79.70,77.00,484000,37709500,389,TWSE_CSV,2026-07-27 14:15:36 +0800
1150727,2026-07-27,上市,8104,錸寶,32.80,-0.1000,32.90,33.45,32.50,298000,9774400,216,TWSE_CSV,2026-07-27 14:15:36 +0800
1150727,2026-07-27,上市,8105,凌巨,16.80,-0.1000,16.90,17.00,16.35,2728000,45225850,1080,TWSE_CSV,2026-07-27 14:15:36 +0800
1150727,2026-07-27,上市,8110,華東,41.40,0.5000,41.05,41.60,39.30,3602000,145197250,2245,TWSE_CSV,2026-07-27 14:15:36 +0800
1150727,2026-07-27,上市,8112,至上,84.30,-4.0000,88.00,88.00,81.90,20156000,1696029600,12318,TWSE_CSV,2026-07-27 14:15:36 +0800
1150727,2026-07-27,上市,8114,振樺電,217.50,-12.5000,228.00,231.00,210.50,1926000,422678500,1575,TWSE_CSV,2026-07-27 14:15:36 +0800
1150727,2026-07-27,上市,8131,福懋科,64.60,0.0000,63.60,64.60,60.80,4607000,288524900,2989,TWSE_CSV,2026-07-27 14:15:36 +0800
1150727,2026-07-27,上市,8150,南茂,89.90,-0.9000,90.00,90.80,85.80,34135000,3012805000,17947,TWSE_CSV,2026-07-27 14:15:36 +0800
1150727,2026-07-27,上市,8162,微矽電子-創,57.50,-2.1000,59.00,59.60,56.70,206000,11868900,145,TWSE_CSV,2026-07-27 14:15:36 +0800
1150727,2026-07-27,上市,8163,達方,31.35,-0.5500,32.30,32.30,30.80,973000,30387450,664,TWSE_CSV,2026-07-27 14:15:36 +0800
1150727,2026-07-27,上市,8201,無敵,12.05,-0.1000,12.05,12.10,12.00,30000,361200,19,TWSE_CSV,2026-07-27 14:15:36 +0800
1150727,2026-07-27,上市,8210,勤誠,1120.00,25.0000,1120.00,1120.00,1085.00,500000,554000000,449,TWSE_CSV,2026-07-27 14:15:36 +0800
1150727,2026-07-27,上市,8213,志超,30.90,-0.5500,31.85,31.85,30.70,478000,14813200,349,TWSE_CSV,2026-07-27 14:15:36 +0800
1150727,2026-07-27,上市,8215,明基材,23.80,-0.3500,24.35,24.35,23.45,670000,15944200,421,TWSE_CSV,2026-07-27 14:15:36 +0800
1150727,2026-07-27,上市,8222,寶一,37.75,-1.1500,38.55,38.55,37.10,799000,30118150,608,TWSE_CSV,2026-07-27 14:15:36 +0800
1150727,2026-07-27,上市,8249,菱光,43.15,0.4000,43.05,43.40,42.50,125000,5369850,86,TWSE_CSV,2026-07-27 14:15:36 +0800
1150727,2026-07-27,上市,8261,富鼎,216.50,-0.5000,216.50,219.00,196.00,2753000,566768500,2137,TWSE_CSV,2026-07-27 14:15:36 +0800
1150727,2026-07-27,上市,8271,宇瞻,218.00,5.5000,211.00,218.00,206.00,6244000,1323520500,4528,TWSE_CSV,2026-07-27 14:15:36 +0800
1150727,2026-07-27,上市,8341,日友,77.40,0.4000,77.50,77.90,77.10,192000,14872400,145,TWSE_CSV,2026-07-27 14:15:36 +0800
1150727,2026-07-27,上市,8367,建新國際,40.40,-0.1500,40.15,40.60,40.15,34000,1373450,25,TWSE_CSV,2026-07-27 14:15:36 +0800
1150727,2026-07-27,上市,8374,羅昇,78.00,0.7000,78.30,78.30,76.20,139000,10739100,121,TWSE_CSV,2026-07-27 14:15:36 +0800
1150727,2026-07-27,上市,8404,百和興業-KY,16.65,0.0000,16.65,16.90,16.60,129000,2159100,88,TWSE_CSV,2026-07-27 14:15:36 +0800
1150727,2026-07-27,上市,8411,福貞-KY,13.15,0.0500,13.10,13.15,12.90,70000,915500,48,TWSE_CSV,2026-07-27 14:15:36 +0800
1150727,2026-07-27,上市,8422,可寧衛*,25.70,-0.3000,26.25,26.25,25.40,6560000,168148900,3701,TWSE_CSV,2026-07-27 14:15:36 +0800
1150727,2026-07-27,上市,8429,金麗-KY,6.11,0.0100,6.07,6.14,6.06,78000,475370,53,TWSE_CSV,2026-07-27 14:15:36 +0800
1150727,2026-07-27,上市,8438,昶昕,65.00,0.0000,66.40,66.40,63.40,384000,24734300,211,TWSE_CSV,2026-07-27 14:15:36 +0800
1150727,2026-07-27,上市,8442,威宏-KY,45.90,-0.1500,46.30,46.30,45.45,45000,2057450,35,TWSE_CSV,2026-07-27 14:15:36 +0800
1150727,2026-07-27,上市,8443,阿瘦,11.45,0.0500,11.40,11.50,11.40,18000,206150,13,TWSE_CSV,2026-07-27 14:15:36 +0800
1150727,2026-07-27,上市,8454,富邦媒,244.50,6.0000,240.00,244.50,235.50,623000,150017500,552,TWSE_CSV,2026-07-27 14:15:36 +0800
1150727,2026-07-27,上市,8462,柏文,158.50,3.0000,157.00,159.00,156.00,104000,16439000,90,TWSE_CSV,2026-07-27 14:15:36 +0800
1150727,2026-07-27,上市,8463,潤泰材,21.55,0.1500,21.40,21.55,21.35,19000,407250,18,TWSE_CSV,2026-07-27 14:15:36 +0800
1150727,2026-07-27,上市,8464,億豐,379.00,9.0000,376.50,380.00,373.00,565000,213423500,523,TWSE_CSV,2026-07-27 14:15:36 +0800
1150727,2026-07-27,上市,8466,美吉吉-KY,17.30,0.2000,16.85,17.30,16.75,26000,442600,19,TWSE_CSV,2026-07-27 14:15:36 +0800
1150727,2026-07-27,上市,8467,波力-KY,103.00,0.0000,100.50,103.00,100.50,6000,613500,6,TWSE_CSV,2026-07-27 14:15:36 +0800
1150727,2026-07-27,上市,8473,山林水,43.70,-0.5500,44.25,44.50,43.30,329000,14427200,227,TWSE_CSV,2026-07-27 14:15:36 +0800
1150727,2026-07-27,上市,8476,台境*,21.50,-1.7500,23.45,23.45,21.20,1466000,31988200,799,TWSE_CSV,2026-07-27 14:15:36 +0800
1150727,2026-07-27,上市,8478,東哥遊艇,153.00,4.0000,150.50,153.50,149.50,142000,21614000,111,TWSE_CSV,2026-07-27 14:15:36 +0800
1150727,2026-07-27,上市,8481,政伸,40.25,0.0000,40.00,40.25,40.00,5000,200650,5,TWSE_CSV,2026-07-27 14:15:36 +0800
1150727,2026-07-27,上市,8482,商億-KY,48.40,-1.4500,49.90,49.90,48.40,8000,391500,8,TWSE_CSV,2026-07-27 14:15:36 +0800
1150727,2026-07-27,上市,8487,愛爾達-創,75.30,-0.1000,75.50,75.50,75.30,19000,1433400,12,TWSE_CSV,2026-07-27 14:15:36 +0800
1150727,2026-07-27,上市,8488,吉源-KY,10.30,0.0500,10.15,10.55,10.15,15000,154700,12,TWSE_CSV,2026-07-27 14:15:36 +0800
1150727,2026-07-27,上市,8499,鼎炫-KY,261.00,-3.0000,263.00,265.50,257.50,41000,10663000,41,TWSE_CSV,2026-07-27 14:15:36 +0800
1150727,2026-07-27,上市,8926,台汽電,63.50,-1.2000,65.20,65.30,63.30,3297000,210882200,2097,TWSE_CSV,2026-07-27 14:15:36 +0800
1150727,2026-07-27,上市,8940,新天地,16.05,0.0500,16.00,16.10,16.00,14000,224700,11,TWSE_CSV,2026-07-27 14:15:36 +0800
1150727,2026-07-27,上市,8996,高力,995.00,-10.0000,1055.00,1085.00,969.00,2440000,2460629000,1985,TWSE_CSV,2026-07-27 14:15:36 +0800
1150727,2026-07-27,上市,9103,美德醫療-DR,5.34,-0.0400,5.40,5.55,5.27,1558000,8396020,572,TWSE_CSV,2026-07-27 14:15:36 +0800
1150727,2026-07-27,上市,910322,康師傅-DR,23.20,0.0500,22.95,23.20,22.95,7000,161050,6,TWSE_CSV,2026-07-27 14:15:36 +0800
1150727,2026-07-27,上市,9105,泰金寶-DR,8.39,-0.0500,8.50,8.50,8.25,17404000,145167570,3706,TWSE_CSV,2026-07-27 14:15:36 +0800
1150727,2026-07-27,上市,910861,神州-DR,0.00,0.0000,0.00,0.00,0.00,0,0,0,TWSE_CSV,2026-07-27 14:15:36 +0800
1150727,2026-07-27,上市,9110,越南控-DR,3.15,0.0000,3.15,3.15,3.15,21000,66150,3,TWSE_CSV,2026-07-27 14:15:36 +0800
1150727,2026-07-27,上市,911608,明輝-DR,0.00,0.0000,0.00,0.00,0.00,0,0,0,TWSE_CSV,2026-07-27 14:15:36 +0800
1150727,2026-07-27,上市,911622,泰聚亨-DR,3.69,-0.0200,3.65,3.69,3.65,3000,10990,2,TWSE_CSV,2026-07-27 14:15:36 +0800
1150727,2026-07-27,上市,911868,同方友友-DR,1.21,0.0000,1.21,1.22,1.19,269000,325690,53,TWSE_CSV,2026-07-27 14:15:36 +0800
1150727,2026-07-27,上市,912000,晨訊科-DR,2.75,0.0000,2.75,2.79,2.70,419000,1145470,122,TWSE_CSV,2026-07-27 14:15:36 +0800
1150727,2026-07-27,上市,9136,巨騰-DR,11.90,0.8000,10.90,12.10,10.80,890000,10324600,229,TWSE_CSV,2026-07-27 14:15:36 +0800
1150727,2026-07-27,上市,9802,鈺齊-KY,74.30,2.4000,72.50,74.50,72.10,869000,64196600,579,TWSE_CSV,2026-07-27 14:15:36 +0800
1150727,2026-07-27,上市,9902,台火,13.70,-0.0500,13.85,13.85,13.45,155000,2108700,59,TWSE_CSV,2026-07-27 14:15:36 +0800
1150727,2026-07-27,上市,9904,寶成,24.30,-0.1000,24.35,24.45,24.20,12173000,295962750,3969,TWSE_CSV,2026-07-27 14:15:36 +0800
1150727,2026-07-27,上市,9905,大華,20.75,0.1000,20.65,20.75,20.60,88000,1819650,63,TWSE_CSV,2026-07-27 14:15:36 +0800
1150727,2026-07-27,上市,9906,欣巴巴,40.70,0.0500,40.85,41.00,40.00,46000,1864100,44,TWSE_CSV,2026-07-27 14:15:36 +0800
1150727,2026-07-27,上市,9907,統一實,15.10,-0.0500,15.15,15.20,14.95,2551000,38376100,1074,TWSE_CSV,2026-07-27 14:15:36 +0800
1150727,2026-07-27,上市,9908,大台北,29.40,0.0500,29.45,29.45,28.95,157000,4603450,116,TWSE_CSV,2026-07-27 14:15:36 +0800
1150727,2026-07-27,上市,9910,豐泰,69.20,0.7000,69.40,69.80,68.60,994000,68944900,750,TWSE_CSV,2026-07-27 14:15:36 +0800
1150727,2026-07-27,上市,9911,櫻花,82.80,0.2000,83.30,83.30,82.60,267000,22132000,235,TWSE_CSV,2026-07-27 14:15:36 +0800
1150727,2026-07-27,上市,9912,偉聯,12.70,0.0500,12.50,12.70,12.50,15000,188900,13,TWSE_CSV,2026-07-27 14:15:36 +0800
1150727,2026-07-27,上市,9914,美利達,78.00,-0.9000,80.00,80.00,77.00,1404000,109497000,1022,TWSE_CSV,2026-07-27 14:15:36 +0800
1150727,2026-07-27,上市,9917,中保科,110.50,0.5000,111.00,111.00,109.50,379000,41803000,265,TWSE_CSV,2026-07-27 14:15:36 +0800
1150727,2026-07-27,上市,9918,欣天然,43.45,0.1000,43.70,43.70,42.80,18000,775800,18,TWSE_CSV,2026-07-27 14:15:36 +0800
1150727,2026-07-27,上市,9919,康那香,14.15,-0.1500,14.60,14.65,14.10,667000,9535600,442,TWSE_CSV,2026-07-27 14:15:36 +0800
1150727,2026-07-27,上市,9921,巨大,85.50,-3.2000,88.70,88.70,84.70,2260000,195114900,1610,TWSE_CSV,2026-07-27 14:15:36 +0800
1150727,2026-07-27,上市,9924,福興,39.70,-0.1000,39.60,39.95,39.60,115000,4568300,106,TWSE_CSV,2026-07-27 14:15:36 +0800
1150727,2026-07-27,上市,9925,新保,40.20,0.0000,40.40,40.50,40.20,408000,16453700,233,TWSE_CSV,2026-07-27 14:15:36 +0800
1150727,2026-07-27,上市,9926,新海,49.50,-0.1500,49.65,49.70,49.25,20000,991150,19,TWSE_CSV,2026-07-27 14:15:36 +0800
1150727,2026-07-27,上市,9927,泰銘,70.50,0.8000,69.70,70.50,69.60,215000,15070700,160,TWSE_CSV,2026-07-27 14:15:36 +0800
1150727,2026-07-27,上市,9928,中視,18.05,-0.1000,18.10,18.15,18.00,12000,216650,12,TWSE_CSV,2026-07-27 14:15:36 +0800
1150727,2026-07-27,上市,9929,秋雨,11.75,0.2500,11.75,11.90,11.45,19000,221250,13,TWSE_CSV,2026-07-27 14:15:36 +0800
1150727,2026-07-27,上市,9930,中聯資源,64.00,0.6000,63.60,64.00,63.20,171000,10875000,151,TWSE_CSV,2026-07-27 14:15:36 +0800
1150727,2026-07-27,上市,9931,欣高,34.00,-0.1500,34.25,34.25,33.85,23000,783900,17,TWSE_CSV,2026-07-27 14:15:36 +0800
1150727,2026-07-27,上市,9933,中鼎,39.85,-0.2000,40.55,40.55,39.45,1243000,49430700,892,TWSE_CSV,2026-07-27 14:15:36 +0800
1150727,2026-07-27,上市,9934,成霖,10.60,-0.0500,10.75,10.75,10.55,504000,5349700,205,TWSE_CSV,2026-07-27 14:15:36 +0800
1150727,2026-07-27,上市,9935,慶豐富,19.35,-0.0500,19.60,19.60,19.25,225000,4364200,101,TWSE_CSV,2026-07-27 14:15:36 +0800
1150727,2026-07-27,上市,9937,全國,55.30,0.2000,55.60,55.60,55.00,30000,1662000,29,TWSE_CSV,2026-07-27 14:15:36 +0800
1150727,2026-07-27,上市,9938,百和,47.15,0.3500,47.00,47.45,46.85,1485000,70165300,849,TWSE_CSV,2026-07-27 14:15:36 +0800
1150727,2026-07-27,上市,9939,宏全,129.00,-0.5000,129.50,130.00,128.00,943000,121843500,526,TWSE_CSV,2026-07-27 14:15:36 +0800
1150727,2026-07-27,上市,9940,信義,20.25,0.0000,20.35,20.35,20.15,175000,3547850,114,TWSE_CSV,2026-07-27 14:15:36 +0800
1150727,2026-07-27,上市,9941,裕融,82.40,0.7000,82.50,82.70,81.80,870000,71676500,555,TWSE_CSV,2026-07-27 14:15:36 +0800
1150727,2026-07-27,上市,9942,茂順,123.00,-1.0000,124.00,124.00,123.00,103000,12719000,83,TWSE_CSV,2026-07-27 14:15:36 +0800
1150727,2026-07-27,上市,9943,好樂迪,52.80,-0.2000,53.10,53.10,52.70,34000,1798000,31,TWSE_CSV,2026-07-27 14:15:36 +0800
1150727,2026-07-27,上市,9944,新麗,17.75,-0.1500,17.90,17.90,17.70,29000,517400,18,TWSE_CSV,2026-07-27 14:15:36 +0800
1150727,2026-07-27,上市,9945,潤泰新,26.35,0.2500,26.35,26.35,25.95,4154000,108767800,1863,TWSE_CSV,2026-07-27 14:15:36 +0800
1150727,2026-07-27,上市,9946,三發地產,18.10,0.1500,17.95,18.15,17.85,138000,2494400,76,TWSE_CSV,2026-07-27 14:15:36 +0800
1150727,2026-07-27,上市,9955,佳龍,23.90,-0.1500,24.05,24.20,23.70,192000,4593250,139,TWSE_CSV,2026-07-27 14:15:36 +0800
1150727,2026-07-27,上市,9958,世紀鋼,109.00,-1.5000,112.00,112.00,107.50,2791000,304983000,1443,TWSE_CSV,2026-07-27 14:15:36 +0800
1150727,2026-07-27,上櫃,006201,元大富櫃50,41.06,-0.13,41.00,41.19,40.02,120000,4869910,56,TPEX_CSV,2026-07-27 14:15:36 +0800
1150727,2026-07-27,上櫃,00679B,元大美債20年,26.89,+0.24,26.85,26.90,26.82,18450000,495488400,2657,TPEX_CSV,2026-07-27 14:15:36 +0800
1150727,2026-07-27,上櫃,00687B,國泰20年美債,27.98,+0.25,27.94,28.00,27.91,13369000,373703220,1735,TPEX_CSV,2026-07-27 14:15:36 +0800
1150727,2026-07-27,上櫃,00687C,國泰20年美債+櫃U,9.20,+0.06,9.20,9.20,9.20,25000,230000,2,TPEX_CSV,2026-07-27 14:15:36 +0800
1150727,2026-07-27,上櫃,00694B,富邦美債1-3,42.42,+0.07,42.35,42.42,42.35,227000,9624110,19,TPEX_CSV,2026-07-27 14:15:36 +0800
1150727,2026-07-27,上櫃,00695B,富邦美債7-10,35.42,+0.17,35.48,35.48,35.39,162000,5735380,25,TPEX_CSV,2026-07-27 14:15:36 +0800
1150727,2026-07-27,上櫃,00696B,富邦美債20年,28.99,+0.26,28.92,29.00,28.92,1274000,36901410,103,TPEX_CSV,2026-07-27 14:15:36 +0800
1150727,2026-07-27,上櫃,00697B,元大美債7-10,36.00,+0.20,35.85,36.00,35.85,363000,13058590,95,TPEX_CSV,2026-07-27 14:15:36 +0800
1150727,2026-07-27,上櫃,00719B,元大美債1-3,31.46,+0.04,31.44,31.47,31.42,1596000,50188530,518,TPEX_CSV,2026-07-27 14:15:36 +0800
1150727,2026-07-27,上櫃,00720B,元大投資級公司債,32.60,+0.15,32.50,32.61,32.50,4372000,142358530,689,TPEX_CSV,2026-07-27 14:15:36 +0800
1150727,2026-07-27,上櫃,00722B,群益投資級電信債,35.07,+0.15,34.96,35.08,34.96,2440000,85492350,108,TPEX_CSV,2026-07-27 14:15:36 +0800
1150727,2026-07-27,上櫃,00723B,群益投資級科技債,29.90,+0.16,29.85,29.90,29.85,130000,3884970,14,TPEX_CSV,2026-07-27 14:15:36 +0800
1150727,2026-07-27,上櫃,00724B,群益投資級金融債,33.60,+0.20,33.66,33.66,33.54,5194000,174440400,107,TPEX_CSV,2026-07-27 14:15:36 +0800
1150727,2026-07-27,上櫃,00725B,國泰投資級公司債,34.69,+0.15,34.60,34.70,34.60,1933000,66992670,355,TPEX_CSV,2026-07-27 14:15:36 +0800
1150727,2026-07-27,上櫃,00726B,國泰新興投等債,33.33,+0.12,33.21,33.42,33.21,180000,5994690,28,TPEX_CSV,2026-07-27 14:15:36 +0800
1150727,2026-07-27,上櫃,00727B,國泰優選非投等債,39.64,+0.10,39.60,39.64,39.60,110000,4360230,8,TPEX_CSV,2026-07-27 14:15:36 +0800
1150727,2026-07-27,上櫃,00734B,台新JPM新興債,15.77,+0.04,15.71,15.77,15.71,234000,3688940,9,TPEX_CSV,2026-07-27 14:15:36 +0800
1150727,2026-07-27,上櫃,00740B,富邦全球投等債,38.23,+0.17,38.14,38.24,38.14,1310000,50064370,112,TPEX_CSV,2026-07-27 14:15:36 +0800
1150727,2026-07-27,上櫃,00741B,富邦全球非投等債,38.00,0.00,37.64,38.31,37.64,79000,3002230,26,TPEX_CSV,2026-07-27 14:15:36 +0800
1150727,2026-07-27,上櫃,00746B,富邦A級公司債,35.27,+0.20,35.23,35.27,35.21,273000,9618220,21,TPEX_CSV,2026-07-27 14:15:36 +0800
1150727,2026-07-27,上櫃,00749B,凱基新興債10+,31.55,+0.26,31.55,31.55,31.55,100000,3155000,2,TPEX_CSV,2026-07-27 14:15:36 +0800
1150727,2026-07-27,上櫃,00750B,凱基科技債10+,32.42,+0.17,32.38,32.42,32.38,101000,3270420,3,TPEX_CSV,2026-07-27 14:15:36 +0800
1150727,2026-07-27,上櫃,00751B,元大AAA至A公司債,31.18,+0.13,31.11,31.19,31.11,2752000,85703720,526,TPEX_CSV,2026-07-27 14:15:36 +0800
1150727,2026-07-27,上櫃,00754B,群益AAA-AA公司債,32.68,+0.09,32.61,32.68,32.61,126000,4116110,10,TPEX_CSV,2026-07-27 14:15:36 +0800
1150727,2026-07-27,上櫃,00755B,群益投資級公用債,32.94,+0.23,32.89,32.94,32.89,129000,4246940,9,TPEX_CSV,2026-07-27 14:15:36 +0800
1150727,2026-07-27,上櫃,00756B,群益投等新興公債,31.62,+0.17,31.58,31.62,31.55,130000,4108320,15,TPEX_CSV,2026-07-27 14:15:36 +0800
1150727,2026-07-27,上櫃,00758B,復華能源債,51.55,+0.05,51.50,51.55,51.50,101000,5206500,3,TPEX_CSV,2026-07-27 14:15:36 +0800
1150727,2026-07-27,上櫃,00759B,復華製藥債,54.50,+0.25,54.35,54.50,54.35,136000,7398100,8,TPEX_CSV,2026-07-27 14:15:36 +0800
1150727,2026-07-27,上櫃,00760B,復華新興企業債,54.05,+0.35,53.90,54.05,53.90,101000,5458900,3,TPEX_CSV,2026-07-27 14:15:36 +0800
1150727,2026-07-27,上櫃,00761B,國泰A級公司債,34.34,+0.20,34.31,34.34,34.29,791000,27133060,43,TPEX_CSV,2026-07-27 14:15:36 +0800
1150727,2026-07-27,上櫃,00764B,群益25年美債,27.91,+0.24,27.73,27.91,27.73,5300000,147893740,145,TPEX_CSV,2026-07-27 14:15:36 +0800
1150727,2026-07-27,上櫃,00768B,復華20年美債,50.35,+0.35,50.15,50.40,50.10,1210000,60683600,43,TPEX_CSV,2026-07-27 14:15:36 +0800
1150727,2026-07-27,上櫃,00772B,中信高評級公司債,33.39,+0.16,33.34,33.42,33.33,1519000,50696010,268,TPEX_CSV,2026-07-27 14:15:36 +0800
1150727,2026-07-27,上櫃,00773B,中信優先金融債,35.87,+0.22,35.80,35.87,35.80,1014000,36343860,76,TPEX_CSV,2026-07-27 14:15:36 +0800
1150727,2026-07-27,上櫃,00777B,凱基AAA至A公司債,32.16,+0.15,32.09,32.16,32.09,102000,3280180,3,TPEX_CSV,2026-07-27 14:15:36 +0800
1150727,2026-07-27,上櫃,00778B,凱基金融債20+,34.36,+0.24,34.36,34.36,34.36,100000,3436000,2,TPEX_CSV,2026-07-27 14:15:36 +0800
1150727,2026-07-27,上櫃,00779B,凱基美債25+,28.22,+0.24,28.14,28.22,28.14,314000,8860740,12,TPEX_CSV,2026-07-27 14:15:36 +0800
1150727,2026-07-27,上櫃,00780B,國泰A級金融債,37.66,+0.14,37.66,37.66,37.66,100000,3766000,2,TPEX_CSV,2026-07-27 14:15:36 +0800
1150727,2026-07-27,上櫃,00781B,國泰A級科技債,27.80,+0.12,27.74,27.81,27.74,72000,2000310,15,TPEX_CSV,2026-07-27 14:15:36 +0800
1150727,2026-07-27,上櫃,00782B,國泰A級公用債,30.21,+0.21,30.18,30.26,30.18,148000,4471170,17,TPEX_CSV,2026-07-27 14:15:36 +0800
1150727,2026-07-27,上櫃,00785B,富邦金融投等債,34.88,+0.23,34.61,34.88,34.61,63000,2195880,10,TPEX_CSV,2026-07-27 14:15:36 +0800
1150727,2026-07-27,上櫃,00786B,元大10年IG銀行債,32.85,+0.25,32.90,32.90,32.85,36000,1183490,8,TPEX_CSV,2026-07-27 14:15:36 +0800
1150727,2026-07-27,上櫃,00787B,元大10年IG醫療債,32.48,+0.17,32.45,32.48,32.45,5000,162360,5,TPEX_CSV,2026-07-27 14:15:36 +0800
1150727,2026-07-27,上櫃,00788B,元大10年IG電能債,29.91,+0.18,29.86,29.91,29.86,43000,1285040,11,TPEX_CSV,2026-07-27 14:15:36 +0800
1150727,2026-07-27,上櫃,00789B,復華公司債A3,47.32,+0.25,47.29,47.32,47.27,108000,5107510,5,TPEX_CSV,2026-07-27 14:15:36 +0800
1150727,2026-07-27,上櫃,00791B,復華信用債1-5,57.50,+0.05,57.50,57.50,57.50,100000,5750000,2,TPEX_CSV,2026-07-27 14:15:36 +0800
1150727,2026-07-27,上櫃,00792B,群益A級公司債,31.57,+0.22,31.43,31.57,31.43,141000,4445710,17,TPEX_CSV,2026-07-27 14:15:36 +0800
1150727,2026-07-27,上櫃,00793B,群益AAA-A醫療債,30.67,+0.23,30.65,30.67,30.64,22000,674690,3,TPEX_CSV,2026-07-27 14:15:36 +0800
1150727,2026-07-27,上櫃,00795B,中信美國公債20年,27.06,+0.23,27.00,27.09,26.99,4802000,129938620,556,TPEX_CSV,2026-07-27 14:15:36 +0800
1150727,2026-07-27,上櫃,00799B,國泰A級醫療債,29.65,+0.18,29.61,29.65,29.60,124000,3674880,14,TPEX_CSV,2026-07-27 14:15:36 +0800
1150727,2026-07-27,上櫃,00834B,第一金金融債10+,34.12,+0.26,34.12,34.12,34.12,100000,3412000,2,TPEX_CSV,2026-07-27 14:15:36 +0800
1150727,2026-07-27,上櫃,00836B,永豐10年A公司債,28.60,+0.15,28.60,28.60,28.60,1000,28600,1,TPEX_CSV,2026-07-27 14:15:36 +0800
1150727,2026-07-27,上櫃,00840B,凱基IG精選15+,29.64,+0.14,29.64,29.64,29.64,100000,2964000,2,TPEX_CSV,2026-07-27 14:15:36 +0800
1150727,2026-07-27,上櫃,00841B,凱基AAA-AA公司債,28.41,+0.01,28.41,28.41,28.41,100000,2841000,2,TPEX_CSV,2026-07-27 14:15:36 +0800
1150727,2026-07-27,上櫃,00842B,台新美元銀行債,30.06,+0.03,30.03,30.06,30.03,229000,6883350,19,TPEX_CSV,2026-07-27 14:15:36 +0800
1150727,2026-07-27,上櫃,00844B,台新15年IG金融債,31.72,+0.18,31.67,31.72,31.67,201000,6375270,13,TPEX_CSV,2026-07-27 14:15:36 +0800
1150727,2026-07-27,上櫃,00845B,富邦新興投等債,33.66,+0.12,33.68,33.68,33.66,101000,3399680,3,TPEX_CSV,2026-07-27 14:15:36 +0800
1150727,2026-07-27,上櫃,00846B,富邦歐洲銀行債,36.43,+0.13,36.17,36.44,36.17,102000,3715610,4,TPEX_CSV,2026-07-27 14:15:36 +0800
1150727,2026-07-27,上櫃,00847B,中信美國市政債,25.61,+0.13,25.61,25.61,25.61,600000,15366000,10,TPEX_CSV,2026-07-27 14:15:36 +0800
1150727,2026-07-27,上櫃,00848B,中信新興亞洲債,34.05,+0.15,34.05,34.05,34.05,480000,16344000,12,TPEX_CSV,2026-07-27 14:15:36 +0800
1150727,2026-07-27,上櫃,00849B,中信EM主權債0-5,37.84,+0.06,37.82,37.89,37.82,605000,22917140,13,TPEX_CSV,2026-07-27 14:15:36 +0800
1150727,2026-07-27,上櫃,00853B,統一美債10年Aa-A,27.43,+0.13,27.32,27.44,27.32,770000,21119430,42,TPEX_CSV,2026-07-27 14:15:36 +0800
1150727,2026-07-27,上櫃,00856B,永豐1-3年美公債,38.24,+0.08,38.23,38.24,38.23,3000,114710,3,TPEX_CSV,2026-07-27 14:15:36 +0800
1150727,2026-07-27,上櫃,00857B,永豐20年美公債,23.26,+0.20,23.20,23.26,23.20,1053000,24461030,176,TPEX_CSV,2026-07-27 14:15:36 +0800
1150727,2026-07-27,上櫃,00858,永豐美國500大,35.29,除息,35.99,35.99,35.15,446000,15731940,219,TPEX_CSV,2026-07-27 14:15:36 +0800
1150727,2026-07-27,上櫃,00859B,群益0-1年美債,41.65,+0.04,41.61,41.66,41.61,1878000,78175620,112,TPEX_CSV,2026-07-27 14:15:36 +0800
1150727,2026-07-27,上櫃,00860B,群益1-5Y投資級債,38.87,+0.07,38.85,38.88,38.85,54000,2098930,6,TPEX_CSV,2026-07-27 14:15:36 +0800
1150727,2026-07-27,上櫃,00862B,中信投資級公司債,31.36,+0.12,31.34,31.36,31.34,587000,18396760,17,TPEX_CSV,2026-07-27 14:15:36 +0800
1150727,2026-07-27,上櫃,00863B,中信全球電信債,31.59,+0.15,31.57,31.59,31.56,750000,23672700,19,TPEX_CSV,2026-07-27 14:15:36 +0800
1150727,2026-07-27,上櫃,00864B,中信美國公債0-1,47.24,+0.02,47.30,47.30,47.19,2131000,100612570,165,TPEX_CSV,2026-07-27 14:15:36 +0800
1150727,2026-07-27,上櫃,00867B,台新A-BBB電信債,30.67,0.00,30.67,30.67,30.67,420000,12881400,6,TPEX_CSV,2026-07-27 14:15:36 +0800
1150727,2026-07-27,上櫃,00870B,元大15年EM主權債,28.00,+0.13,28.00,28.00,28.00,1000,28000,1,TPEX_CSV,2026-07-27 14:15:36 +0800
1150727,2026-07-27,上櫃,00877,復華中國5G,37.55,-0.26,37.78,38.44,36.81,2138000,80563100,620,TPEX_CSV,2026-07-27 14:15:36 +0800
1150727,2026-07-27,上櫃,00884B,中信低碳新興債,29.33,+0.23,29.30,29.33,29.30,485000,14210650,13,TPEX_CSV,2026-07-27 14:15:36 +0800
1150727,2026-07-27,上櫃,00886,永豐美國科技,44.66,+0.18,44.68,44.68,44.66,41000,1831080,5,TPEX_CSV,2026-07-27 14:15:36 +0800
1150727,2026-07-27,上櫃,00887,永豐中國科技50大,17.14,-0.19,17.32,17.44,16.94,4240000,73042600,1050,TPEX_CSV,2026-07-27 14:15:36 +0800
1150727,2026-07-27,上櫃,00888,永豐台灣ESG,31.95,除息,32.07,32.09,31.13,23594000,746158850,9608,TPEX_CSV,2026-07-27 14:15:36 +0800
1150727,2026-07-27,上櫃,00890B,凱基ESG BBB債15+,31.94,+0.16,31.88,31.94,31.88,101000,3225880,3,TPEX_CSV,2026-07-27 14:15:36 +0800
1150727,2026-07-27,上櫃,00928,中信上櫃ESG 30,29.83,0.00,29.83,30.14,29.00,446000,13105730,166,TPEX_CSV,2026-07-27 14:15:36 +0800
1150727,2026-07-27,上櫃,00931B,統一美債20年,13.45,+0.11,13.42,13.46,13.42,1766000,23743250,256,TPEX_CSV,2026-07-27 14:15:36 +0800
1150727,2026-07-27,上櫃,00933B,國泰10Y+金融債,16.03,+0.09,15.99,16.04,15.99,6560000,105099950,827,TPEX_CSV,2026-07-27 14:15:36 +0800
1150727,2026-07-27,上櫃,00937B,群益ESG投等債20+,14.68,+0.06,14.65,14.70,14.64,33799000,495633670,3554,TPEX_CSV,2026-07-27 14:15:36 +0800
1150727,2026-07-27,上櫃,00942B,台新美A公司債20+,14.16,+0.08,14.08,14.16,14.08,1035000,14639770,82,TPEX_CSV,2026-07-27 14:15:36 +0800
1150727,2026-07-27,上櫃,00948B,中信優息投資級債,9.39,+0.05,9.37,9.39,9.36,2370000,22211700,413,TPEX_CSV,2026-07-27 14:15:36 +0800
1150727,2026-07-27,上櫃,00950B,凱基A級公司債,14.06,+0.07,14.06,14.07,14.03,5459000,76684470,128,TPEX_CSV,2026-07-27 14:15:36 +0800
1150727,2026-07-27,上櫃,00955,中信日本商社,15.03,+0.21,14.88,15.05,14.87,7200000,107730850,1473,TPEX_CSV,2026-07-27 14:15:36 +0800
1150727,2026-07-27,上櫃,00957B,兆豐US優選投等債,13.33,+0.05,13.33,13.33,13.32,277000,3689930,19,TPEX_CSV,2026-07-27 14:15:36 +0800
1150727,2026-07-27,上櫃,00958B,永豐ESG銀行債15+,9.28,除息,9.24,9.28,9.24,385000,3569180,42,TPEX_CSV,2026-07-27 14:15:36 +0800
1150727,2026-07-27,上櫃,00959B,大華投等美債15Y+,9.35,+0.03,9.37,9.37,9.34,816000,7629340,80,TPEX_CSV,2026-07-27 14:15:36 +0800
1150727,2026-07-27,上櫃,00966B,統一ESG投等債15+,13.86,+0.07,13.79,13.86,13.79,72000,996690,8,TPEX_CSV,2026-07-27 14:15:36 +0800
1150727,2026-07-27,上櫃,00967B,元大優息美債,9.17,+0.07,9.15,9.18,9.15,795000,7290440,31,TPEX_CSV,2026-07-27 14:15:36 +0800
1150727,2026-07-27,上櫃,00968B,元大優息投等債,9.19,+0.03,9.18,9.20,9.18,1584000,14545000,96,TPEX_CSV,2026-07-27 14:15:36 +0800
1150727,2026-07-27,上櫃,00969B,元大零息超長美債,8.35,+0.08,8.32,8.37,8.32,621000,5183640,59,TPEX_CSV,2026-07-27 14:15:36 +0800
1150727,2026-07-27,上櫃,00970B,台新BBB投等債20+,9.28,+0.03,9.29,9.29,9.27,1073000,9958370,60,TPEX_CSV,2026-07-27 14:15:36 +0800
1150727,2026-07-27,上櫃,009806,台新標普500,13.47,+0.13,13.45,13.47,13.45,6000,80800,2,TPEX_CSV,2026-07-27 14:15:36 +0800
1150727,2026-07-27,上櫃,009807,台新標普科技精選,16.57,0.00,16.57,16.57,16.57,1000,16570,1,TPEX_CSV,2026-07-27 14:15:36 +0800
1150727,2026-07-27,上櫃,00980B,台新特選IG債10+,9.41,+0.03,9.39,9.41,9.39,156000,1467480,12,TPEX_CSV,2026-07-27 14:15:36 +0800
1150727,2026-07-27,上櫃,00980D,主動聯博投等入息,20.43,+0.05,20.48,20.48,20.41,383000,7822960,50,TPEX_CSV,2026-07-27 14:15:36 +0800
1150727,2026-07-27,上櫃,00980T,平衡凱基美國TOP,11.59,+0.12,11.64,11.64,11.55,167000,1933700,16,TPEX_CSV,2026-07-27 14:15:36 +0800
1150727,2026-07-27,上櫃,009814,富邦標普500,11.22,+0.10,11.18,11.22,11.17,962000,10770390,177,TPEX_CSV,2026-07-27 14:15:36 +0800
1150727,2026-07-27,上櫃,009815,大華美國MAG7+,11.15,+0.09,11.08,11.15,11.08,3072000,34130630,477,TPEX_CSV,2026-07-27 14:15:36 +0800
1150727,2026-07-27,上櫃,00981B,第一金優選非投債,9.27,+0.02,9.25,9.27,9.24,10124000,93702140,632,TPEX_CSV,2026-07-27 14:15:36 +0800
1150727,2026-07-27,上櫃,00981D,主動中信非投等債,10.46,+0.01,10.45,10.48,10.45,4414000,46187320,278,TPEX_CSV,2026-07-27 14:15:36 +0800
1150727,2026-07-27,上櫃,009822,華南永昌未來金融,9.80,-0.10,9.90,9.90,9.74,93000,909440,34,TPEX_CSV,2026-07-27 14:15:36 +0800
1150727,2026-07-27,上櫃,009823,群益S&P500,10.33,+0.08,10.30,10.33,10.30,2616000,26977920,532,TPEX_CSV,2026-07-27 14:15:36 +0800
1150727,2026-07-27,上櫃,009825,聯邦美國金融創新,9.74,+0.05,9.62,9.90,9.62,964000,9325800,82,TPEX_CSV,2026-07-27 14:15:36 +0800
1150727,2026-07-27,上櫃,00982B,FT投資級債20+,9.75,+0.05,9.72,9.75,9.71,88000,855380,9,TPEX_CSV,2026-07-27 14:15:36 +0800
1150727,2026-07-27,上櫃,00983B,大華優利美公債20,15.71,+0.14,15.68,15.71,15.68,80000,1256200,10,TPEX_CSV,2026-07-27 14:15:36 +0800
1150727,2026-07-27,上櫃,00984B,大華優利美A債15,16.25,+0.07,16.18,16.26,16.18,308000,5001740,59,TPEX_CSV,2026-07-27 14:15:36 +0800
1150727,2026-07-27,上櫃,00985D,主動貝萊德優投等,10.15,+0.09,10.14,10.15,10.13,575000,5830450,53,TPEX_CSV,2026-07-27 14:15:36 +0800
1150727,2026-07-27,上櫃,00986B,FT金融債10+,9.86,0.00,9.86,9.86,9.86,1000,9860,1,TPEX_CSV,2026-07-27 14:15:36 +0800
1150727,2026-07-27,上櫃,00986D,主動復華金融債息,14.76,+0.06,14.70,14.77,14.68,393000,5796190,59,TPEX_CSV,2026-07-27 14:15:36 +0800
1150727,2026-07-27,上櫃,00987B,野村10+澳洲公債,16.07,+0.11,16.04,16.07,16.00,791000,12695870,27,TPEX_CSV,2026-07-27 14:15:36 +0800
1150727,2026-07-27,上櫃,00988B,玉山嚴選非投債,19.81,-0.01,19.80,19.83,19.80,5312000,105263040,338,TPEX_CSV,2026-07-27 14:15:36 +0800
1150727,2026-07-27,上櫃,00989B,台新美國非投等債,10.21,+0.02,10.20,10.23,10.20,3284000,33553860,70,TPEX_CSV,2026-07-27 14:15:36 +0800
1150727,2026-07-27,上櫃,00990B,國泰收益非投等債,10.02,-0.01,10.02,10.03,10.00,2205000,22077210,137,TPEX_CSV,2026-07-27 14:15:36 +0800
1150727,2026-07-27,上櫃,00998A,主動復華金融股息,17.62,+0.32,17.40,17.65,17.40,3407000,59899560,496,TPEX_CSV,2026-07-27 14:15:36 +0800
1150727,2026-07-27,上櫃,1240,茂生農經,54.50,-0.20,54.70,55.20,54.50,17000,930000,14,TPEX_CSV,2026-07-27 14:15:36 +0800
1150727,2026-07-27,上櫃,1259,安心,----,---,----,----,----,0,0,0,TPEX_CSV,2026-07-27 14:15:36 +0800
1150727,2026-07-27,上櫃,1264,德麥,257.50,-0.50,257.50,258.00,257.50,7000,1803000,7,TPEX_CSV,2026-07-27 14:15:36 +0800
1150727,2026-07-27,上櫃,1268,漢來美食,172.50,+0.50,172.00,173.00,172.00,19000,3275500,18,TPEX_CSV,2026-07-27 14:15:36 +0800
1150727,2026-07-27,上櫃,1294,漢田生技,55.80,-0.80,56.00,56.00,55.80,7000,391200,6,TPEX_CSV,2026-07-27 14:15:36 +0800
1150727,2026-07-27,上櫃,1295,生合,48.60,+0.45,47.50,48.60,47.20,25000,1193950,25,TPEX_CSV,2026-07-27 14:15:36 +0800
1150727,2026-07-27,上櫃,1336,台翰,15.45,-0.15,15.60,15.60,15.20,136000,2093500,77,TPEX_CSV,2026-07-27 14:15:36 +0800
1150727,2026-07-27,上櫃,1565,精華,93.50,0.00,95.10,95.10,93.00,58000,5416000,52,TPEX_CSV,2026-07-27 14:15:36 +0800
1150727,2026-07-27,上櫃,1569,濱川,41.70,-0.10,42.30,42.30,41.00,297000,12259950,160,TPEX_CSV,2026-07-27 14:15:36 +0800
1150727,2026-07-27,上櫃,1570,力肯,36.90,-0.90,36.95,37.35,36.70,39000,1436700,34,TPEX_CSV,2026-07-27 14:15:36 +0800
1150727,2026-07-27,上櫃,1580,新麥,112.00,-0.50,112.00,112.50,112.00,41000,4596500,37,TPEX_CSV,2026-07-27 14:15:36 +0800
1150727,2026-07-27,上櫃,1584,精剛,18.75,-0.50,19.25,19.25,18.70,791000,14957950,420,TPEX_CSV,2026-07-27 14:15:36 +0800
1150727,2026-07-27,上櫃,1586,和勤,18.05,-0.05,18.25,18.25,17.90,331000,5976500,164,TPEX_CSV,2026-07-27 14:15:36 +0800
1150727,2026-07-27,上櫃,1591,駿吉-KY,45.50,+4.10,45.50,45.50,45.50,189000,8599500,62,TPEX_CSV,2026-07-27 14:15:36 +0800
1150727,2026-07-27,上櫃,1593,祺驊,30.20,0.00,30.20,30.20,30.05,36000,1084600,27,TPEX_CSV,2026-07-27 14:15:36 +0800
1150727,2026-07-27,上櫃,1595,川寶,54.40,+0.80,53.60,54.90,52.50,261000,13955900,215,TPEX_CSV,2026-07-27 14:15:36 +0800
1150727,2026-07-27,上櫃,1599,宏佳騰,24.25,+0.75,23.00,24.35,23.00,76000,1814300,55,TPEX_CSV,2026-07-27 14:15:36 +0800
1150727,2026-07-27,上櫃,1742,台蠟,16.15,-0.35,16.20,16.20,16.15,5000,80850,4,TPEX_CSV,2026-07-27 14:15:36 +0800
1150727,2026-07-27,上櫃,1777,生泰,72.20,-0.30,72.50,72.50,71.60,11000,790900,11,TPEX_CSV,2026-07-27 14:15:36 +0800
1150727,2026-07-27,上櫃,1780,立弘,24.15,+1.05,23.20,24.15,23.10,162000,3817850,92,TPEX_CSV,2026-07-27 14:15:36 +0800
1150727,2026-07-27,上櫃,1781,合世,11.60,+0.15,11.30,11.60,11.30,8000,91300,7,TPEX_CSV,2026-07-27 14:15:36 +0800
1150727,2026-07-27,上櫃,1784,訊聯,59.60,+0.10,60.10,60.10,58.80,122000,7214900,69,TPEX_CSV,2026-07-27 14:15:36 +0800
1150727,2026-07-27,上櫃,1785,光洋科,107.00,+1.00,105.00,107.00,103.00,4141000,435005500,2393,TPEX_CSV,2026-07-27 14:15:36 +0800
1150727,2026-07-27,上櫃,1788,杏昌,130.50,+1.00,130.00,130.50,129.50,21000,2730500,21,TPEX_CSV,2026-07-27 14:15:36 +0800
1150727,2026-07-27,上櫃,1796,金穎生技,31.00,0.00,30.90,31.00,30.90,4000,123700,3,TPEX_CSV,2026-07-27 14:15:36 +0800
1150727,2026-07-27,上櫃,1799,易威,39.30,+3.55,37.85,39.30,36.05,909000,34991850,556,TPEX_CSV,2026-07-27 14:15:36 +0800
1150727,2026-07-27,上櫃,1813,寶利徠,11.85,+0.05,11.80,11.85,11.80,4000,47300,4,TPEX_CSV,2026-07-27 14:15:36 +0800
1150727,2026-07-27,上櫃,1815,富喬,75.20,+1.30,73.30,75.20,72.10,7184000,528594400,4408,TPEX_CSV,2026-07-27 14:15:36 +0800
1150727,2026-07-27,上櫃,2035,唐榮,----,---,----,----,----,0,0,0,TPEX_CSV,2026-07-27 14:15:36 +0800
1150727,2026-07-27,上櫃,2061,風青,54.50,+2.40,52.10,56.10,49.70,2436000,127646350,1405,TPEX_CSV,2026-07-27 14:15:36 +0800
1150727,2026-07-27,上櫃,2063,世鎧,24.00,0.00,24.05,24.05,24.00,7000,168050,6,TPEX_CSV,2026-07-27 14:15:36 +0800
1150727,2026-07-27,上櫃,2064,晉椿,12.60,-0.15,12.95,13.25,12.45,319000,4137200,55,TPEX_CSV,2026-07-27 14:15:36 +0800
1150727,2026-07-27,上櫃,2065,世豐,31.80,-0.20,32.00,32.00,31.60,29000,922000,21,TPEX_CSV,2026-07-27 14:15:36 +0800
1150727,2026-07-27,上櫃,2066,世德,62.00,-1.10,63.30,63.30,62.00,28000,1741500,25,TPEX_CSV,2026-07-27 14:15:36 +0800
1150727,2026-07-27,上櫃,2067,嘉鋼,6.57,0.00,6.57,6.57,6.57,2000,13140,1,TPEX_CSV,2026-07-27 14:15:36 +0800
1150727,2026-07-27,上櫃,2070,精湛,51.90,+0.30,51.60,52.10,51.00,102000,5251800,71,TPEX_CSV,2026-07-27 14:15:36 +0800
1150727,2026-07-27,上櫃,2073,雄順,28.40,+0.70,28.40,28.40,28.40,2000,56800,2,TPEX_CSV,2026-07-27 14:15:36 +0800
1150727,2026-07-27,上櫃,2221,大甲,48.50,-0.80,49.30,50.20,48.35,283000,13896950,229,TPEX_CSV,2026-07-27 14:15:36 +0800
1150727,2026-07-27,上櫃,2230,泰茂,22.55,+0.50,22.50,22.55,22.00,110000,2452700,65,TPEX_CSV,2026-07-27 14:15:36 +0800
1150727,2026-07-27,上櫃,2235,謚源,27.80,+0.80,27.80,27.80,27.80,1000,27800,1,TPEX_CSV,2026-07-27 14:15:36 +0800
1150727,2026-07-27,上櫃,2596,綠意,31.25,+0.05,31.35,31.35,30.90,4000,124850,4,TPEX_CSV,2026-07-27 14:15:36 +0800
1150727,2026-07-27,上櫃,2640,大車隊,147.00,-1.50,148.00,148.50,147.00,9000,1330500,8,TPEX_CSV,2026-07-27 14:15:36 +0800
1150727,2026-07-27,上櫃,2641,正德,17.25,0.00,17.25,17.30,17.00,867000,14845950,361,TPEX_CSV,2026-07-27 14:15:36 +0800
1150727,2026-07-27,上櫃,2643,捷迅,59.40,+0.90,58.50,59.40,58.50,10000,588900,10,TPEX_CSV,2026-07-27 14:15:36 +0800
1150727,2026-07-27,上櫃,2718,全心投控,45.30,-0.45,45.80,45.80,45.20,23000,1044400,18,TPEX_CSV,2026-07-27 14:15:36 +0800
1150727,2026-07-27,上櫃,2719,燦星旅,22.35,-0.30,22.70,23.40,22.35,38000,864500,27,TPEX_CSV,2026-07-27 14:15:36 +0800
1150727,2026-07-27,上櫃,2724,藝舍-KY,----,---,----,----,----,0,0,0,TPEX_CSV,2026-07-27 14:15:36 +0800
1150727,2026-07-27,上櫃,2726,雅茗-KY,9.00,-0.09,9.15,9.15,9.00,9000,81670,5,TPEX_CSV,2026-07-27 14:15:36 +0800
1150727,2026-07-27,上櫃,2729,瓦城,162.00,+0.50,161.00,163.00,161.00,23000,3725000,19,TPEX_CSV,2026-07-27 14:15:36 +0800
1150727,2026-07-27,上櫃,2732,六角,64.40,-0.20,64.20,64.40,64.10,11000,706200,10,TPEX_CSV,2026-07-27 14:15:36 +0800
1150727,2026-07-27,上櫃,2734,易飛網,15.10,+0.05,15.05,15.30,14.95,99000,1490600,52,TPEX_CSV,2026-07-27 14:15:36 +0800
1150727,2026-07-27,上櫃,2736,富野,11.90,+0.05,11.95,12.00,11.75,43000,508750,30,TPEX_CSV,2026-07-27 14:15:36 +0800
1150727,2026-07-27,上櫃,2740,華軒,33.75,-0.10,33.75,33.75,33.75,1000,33750,1,TPEX_CSV,2026-07-27 14:15:36 +0800
1150727,2026-07-27,上櫃,2743,山富,61.00,+1.00,61.80,61.90,60.20,57000,3465700,43,TPEX_CSV,2026-07-27 14:15:36 +0800
1150727,2026-07-27,上櫃,2745,五福,93.90,-0.30,94.60,94.60,93.80,158000,14870600,102,TPEX_CSV,2026-07-27 14:15:36 +0800
1150727,2026-07-27,上櫃,2751,王座,52.00,-0.50,52.70,52.70,51.50,7000,363700,7,TPEX_CSV,2026-07-27 14:15:36 +0800
1150727,2026-07-27,上櫃,2752,豆府,176.00,+1.00,175.50,177.00,175.50,5000,880000,5,TPEX_CSV,2026-07-27 14:15:36 +0800
1150727,2026-07-27,上櫃,2754,亞洲藏壽司,68.30,-0.30,68.00,68.30,67.40,21000,1427400,19,TPEX_CSV,2026-07-27 14:15:36 +0800
1150727,2026-07-27,上櫃,2755,揚秦,104.00,-1.50,105.00,105.00,103.50,15000,1561500,15,TPEX_CSV,2026-07-27 14:15:36 +0800
1150727,2026-07-27,上櫃,2756,聯發國際,58.60,+0.10,59.70,59.70,57.10,16000,931300,13,TPEX_CSV,2026-07-27 14:15:36 +0800
1150727,2026-07-27,上櫃,2916,滿心,39.75,+0.10,39.60,39.95,39.60,56000,2226050,37,TPEX_CSV,2026-07-27 14:15:36 +0800
1150727,2026-07-27,上櫃,2924,宏太-KY,18.45,0.00,18.45,18.45,18.45,1000,18450,1,TPEX_CSV,2026-07-27 14:15:36 +0800
1150727,2026-07-27,上櫃,2926,誠品生活,31.45,-0.05,31.55,31.95,30.85,10000,314050,10,TPEX_CSV,2026-07-27 14:15:36 +0800
1150727,2026-07-27,上櫃,2937,集雅社,----,---,----,----,----,0,0,0,TPEX_CSV,2026-07-27 14:15:36 +0800
1150727,2026-07-27,上櫃,2941,米斯特,32.85,+2.05,30.80,32.85,30.80,2000,63650,2,TPEX_CSV,2026-07-27 14:15:36 +0800
1150727,2026-07-27,上櫃,2947,振宇五金,65.20,+1.30,67.90,67.90,65.00,6000,394000,6,TPEX_CSV,2026-07-27 14:15:36 +0800
1150727,2026-07-27,上櫃,2948,寶陞,----,---,----,----,----,0,0,0,TPEX_CSV,2026-07-27 14:15:36 +0800
1150727,2026-07-27,上櫃,2949,欣新網,65.00,0.00,65.80,65.80,65.00,2000,130800,2,TPEX_CSV,2026-07-27 14:15:36 +0800
1150727,2026-07-27,上櫃,3064,泰偉,----,---,----,----,----,0,0,0,TPEX_CSV,2026-07-27 14:15:36 +0800
1150727,2026-07-27,上櫃,3066,李洲,22.25,-0.25,22.20,22.30,21.50,321000,7014150,213,TPEX_CSV,2026-07-27 14:15:36 +0800
1150727,2026-07-27,上櫃,3067,全域,----,---,----,----,----,0,0,0,TPEX_CSV,2026-07-27 14:15:36 +0800
1150727,2026-07-27,上櫃,3071,協禧,25.70,-0.30,25.85,25.85,25.10,203000,5156250,138,TPEX_CSV,2026-07-27 14:15:36 +0800
1150727,2026-07-27,上櫃,3073,天方能源,21.90,+0.35,21.70,21.95,21.60,69000,1495750,33,TPEX_CSV,2026-07-27 14:15:36 +0800
1150727,2026-07-27,上櫃,3078,僑威,52.30,-0.40,52.70,53.00,51.90,419000,21936000,249,TPEX_CSV,2026-07-27 14:15:36 +0800
1150727,2026-07-27,上櫃,3081,聯亞,1805.00,+45.00,1825.00,1895.00,1740.00,6064000,10962740000,5420,TPEX_CSV,2026-07-27 14:15:36 +0800
1150727,2026-07-27,上櫃,3083,網龍,25.15,+0.05,24.90,25.55,24.90,35000,882050,31,TPEX_CSV,2026-07-27 14:15:36 +0800
1150727,2026-07-27,上櫃,3085,新零售,----,---,----,----,----,0,0,0,TPEX_CSV,2026-07-27 14:15:36 +0800
1150727,2026-07-27,上櫃,3086,華義*,28.60,-0.35,28.95,29.25,28.40,211000,6074650,114,TPEX_CSV,2026-07-27 14:15:36 +0800
1150727,2026-07-27,上櫃,3088,艾訊,141.50,-9.00,150.50,151.50,138.50,2812000,404798000,1989,TPEX_CSV,2026-07-27 14:15:36 +0800
1150727,2026-07-27,上櫃,3093,港建*,47.35,-1.05,48.35,49.30,46.30,393000,18662400,268,TPEX_CSV,2026-07-27 14:15:36 +0800
1150727,2026-07-27,上櫃,3095,及成,38.00,-1.30,38.10,38.10,38.00,10000,380150,7,TPEX_CSV,2026-07-27 14:15:36 +0800
1150727,2026-07-27,上櫃,3105,穩懋,355.00,+13.50,313.50,368.00,307.50,37146000,12801435500,26081,TPEX_CSV,2026-07-27 14:15:36 +0800
1150727,2026-07-27,上櫃,3114,好德,31.65,-0.15,31.80,31.85,31.00,359000,11272550,252,TPEX_CSV,2026-07-27 14:15:36 +0800
1150727,2026-07-27,上櫃,3115,富榮綱,9.50,+0.21,9.61,9.61,9.50,23000,218740,7,TPEX_CSV,2026-07-27 14:15:36 +0800
1150727,2026-07-27,上櫃,3118,進階,31.95,+0.15,31.80,31.95,31.80,12000,382900,9,TPEX_CSV,2026-07-27 14:15:36 +0800
1150727,2026-07-27,上櫃,3122,笙泉,25.25,-0.30,25.30,25.60,24.80,92000,2309450,62,TPEX_CSV,2026-07-27 14:15:36 +0800
1150727,2026-07-27,上櫃,3128,昇銳,21.95,+0.10,21.85,22.50,21.80,141000,3115600,86,TPEX_CSV,2026-07-27 14:15:36 +0800
1150727,2026-07-27,上櫃,3131,弘塑,2780.00,-85.00,2865.00,2865.00,2700.00,285000,790800000,273,TPEX_CSV,2026-07-27 14:15:36 +0800
1150727,2026-07-27,上櫃,3141,晶宏,67.50,+2.10,67.00,68.30,65.50,476000,31842900,375,TPEX_CSV,2026-07-27 14:15:36 +0800
1150727,2026-07-27,上櫃,3147,大綜,230.00,+5.00,227.50,233.00,225.00,729000,166791000,628,TPEX_CSV,2026-07-27 14:15:36 +0800
1150727,2026-07-27,上櫃,3152,璟德,232.00,+2.00,231.50,233.00,227.00,79000,18209000,73,TPEX_CSV,2026-07-27 14:15:36 +0800
1150727,2026-07-27,上櫃,3158,嘉實,----,---,----,----,----,0,0,0,TPEX_CSV,2026-07-27 14:15:36 +0800
1150727,2026-07-27,上櫃,3162,精確,64.10,-1.40,65.50,65.60,62.60,846000,53890200,589,TPEX_CSV,2026-07-27 14:15:36 +0800
1150727,2026-07-27,上櫃,3163,波若威,743.00,+38.00,708.00,766.00,695.00,4786000,3485042000,4102,TPEX_CSV,2026-07-27 14:15:36 +0800
1150727,2026-07-27,上櫃,3169,亞信,100.50,-1.50,102.50,102.50,99.40,114000,11436400,84,TPEX_CSV,2026-07-27 14:15:36 +0800
1150727,2026-07-27,上櫃,3171,炎洲流通,64.90,-0.30,65.90,65.90,63.80,12000,777600,9,TPEX_CSV,2026-07-27 14:15:36 +0800
1150727,2026-07-27,上櫃,3176,基亞,33.40,+0.40,32.85,33.40,32.75,232000,7685350,136,TPEX_CSV,2026-07-27 14:15:36 +0800
1150727,2026-07-27,上櫃,3178,公準,62.70,-1.00,63.60,63.60,61.80,41000,2554600,32,TPEX_CSV,2026-07-27 14:15:36 +0800
1150727,2026-07-27,上櫃,3188,鑫龍騰,23.35,-0.20,23.50,23.50,23.25,138000,3220800,88,TPEX_CSV,2026-07-27 14:15:36 +0800
1150727,2026-07-27,上櫃,3191,雲嘉南,18.05,-0.05,17.35,18.10,17.35,15000,269400,10,TPEX_CSV,2026-07-27 14:15:36 +0800
1150727,2026-07-27,上櫃,3205,佰研,49.75,-0.25,49.55,50.00,49.50,65000,3222800,37,TPEX_CSV,2026-07-27 14:15:36 +0800
1150727,2026-07-27,上櫃,3206,志豐,33.30,-0.10,33.80,34.35,33.00,27000,901050,16,TPEX_CSV,2026-07-27 14:15:36 +0800
1150727,2026-07-27,上櫃,3207,耀勝,44.00,-2.45,46.45,46.45,42.35,549000,24082450,312,TPEX_CSV,2026-07-27 14:15:36 +0800
1150727,2026-07-27,上櫃,3211,順達,374.00,-8.00,381.50,386.00,365.50,2703000,1012649000,2129,TPEX_CSV,2026-07-27 14:15:36 +0800
1150727,2026-07-27,上櫃,3213,茂訊,126.50,-2.00,130.00,130.00,124.50,273000,34453500,209,TPEX_CSV,2026-07-27 14:15:36 +0800
1150727,2026-07-27,上櫃,3217,優群,152.00,-0.50,151.50,152.00,149.00,253000,38091500,224,TPEX_CSV,2026-07-27 14:15:36 +0800
1150727,2026-07-27,上櫃,3218,大學光,139.00,+2.00,136.50,139.00,135.50,121000,16647000,112,TPEX_CSV,2026-07-27 14:15:36 +0800
1150727,2026-07-27,上櫃,3219,倚強科,61.70,-1.90,62.60,64.30,60.50,102000,6303200,88,TPEX_CSV,2026-07-27 14:15:36 +0800
1150727,2026-07-27,上櫃,3221,台嘉碩,50.50,+1.30,50.60,52.30,48.85,10464000,526708000,7099,TPEX_CSV,2026-07-27 14:15:36 +0800
1150727,2026-07-27,上櫃,3224,三顧,35.30,-0.90,35.55,36.10,35.30,59000,2100150,42,TPEX_CSV,2026-07-27 14:15:36 +0800
1150727,2026-07-27,上櫃,3226,龍鋒,----,---,----,----,----,0,0,0,TPEX_CSV,2026-07-27 14:15:36 +0800
1150727,2026-07-27,上櫃,3227,原相,198.50,-2.50,200.00,202.50,194.50,737000,145340500,616,TPEX_CSV,2026-07-27 14:15:36 +0800
1150727,2026-07-27,上櫃,3228,金麗科,153.00,-4.00,157.00,157.50,152.00,170000,26162000,143,TPEX_CSV,2026-07-27 14:15:36 +0800
1150727,2026-07-27,上櫃,3230,錦明,39.70,-0.50,39.15,40.00,38.45,961000,37653500,622,TPEX_CSV,2026-07-27 14:15:36 +0800
1150727,2026-07-27,上櫃,3232,昱捷,20.70,-0.05,21.15,21.15,20.50,7000,144750,7,TPEX_CSV,2026-07-27 14:15:36 +0800
1150727,2026-07-27,上櫃,3234,光環,105.50,-2.00,104.50,109.50,103.00,810000,86195000,576,TPEX_CSV,2026-07-27 14:15:36 +0800
1150727,2026-07-27,上櫃,3236,千如,42.75,+0.75,41.60,43.60,41.05,3455000,145870250,2511,TPEX_CSV,2026-07-27 14:15:36 +0800
1150727,2026-07-27,上櫃,3252,海灣,16.45,-0.20,16.70,16.70,16.35,38000,629550,12,TPEX_CSV,2026-07-27 14:15:36 +0800
1150727,2026-07-27,上櫃,3259,鑫創,15.25,-0.10,14.75,15.35,14.60,15000,227050,12,TPEX_CSV,2026-07-27 14:15:36 +0800
1150727,2026-07-27,上櫃,3260,威剛,402.00,+19.00,386.00,403.00,378.50,6734000,2627986000,5106,TPEX_CSV,2026-07-27 14:15:36 +0800
1150727,2026-07-27,上櫃,3264,欣銓,206.00,-3.50,215.00,216.50,199.00,8285000,1695354000,5358,TPEX_CSV,2026-07-27 14:15:36 +0800
1150727,2026-07-27,上櫃,3265,台星科,161.50,+0.50,160.00,162.00,154.50,629000,100011500,487,TPEX_CSV,2026-07-27 14:15:36 +0800
1150727,2026-07-27,上櫃,3268,海德威,19.90,-0.05,19.90,20.25,19.45,63000,1250400,45,TPEX_CSV,2026-07-27 14:15:36 +0800
1150727,2026-07-27,上櫃,3272,東碩,14.70,-0.10,14.80,14.80,14.65,56000,824000,17,TPEX_CSV,2026-07-27 14:15:36 +0800
1150727,2026-07-27,上櫃,3276,宇環,15.60,-1.20,16.70,16.70,15.15,1073000,16675800,495,TPEX_CSV,2026-07-27 14:15:36 +0800
1150727,2026-07-27,上櫃,3284,太普高,21.20,-0.20,21.45,21.45,20.50,464000,9723000,294,TPEX_CSV,2026-07-27 14:15:36 +0800
1150727,2026-07-27,上櫃,3285,微端,38.85,除息,39.90,40.50,38.05,27000,1060600,25,TPEX_CSV,2026-07-27 14:15:36 +0800
1150727,2026-07-27,上櫃,3287,廣寰科,28.90,-0.25,28.95,29.35,28.90,51000,1484000,40,TPEX_CSV,2026-07-27 14:15:36 +0800
1150727,2026-07-27,上櫃,3288,點晶,24.90,+2.25,24.90,24.90,24.90,42000,1045800,38,TPEX_CSV,2026-07-27 14:15:36 +0800
1150727,2026-07-27,上櫃,3289,宜特,147.50,-3.00,151.00,151.00,147.00,395000,58678500,318,TPEX_CSV,2026-07-27 14:15:36 +0800
1150727,2026-07-27,上櫃,3290,東浦,59.60,-0.10,59.50,60.00,58.00,470000,27667700,332,TPEX_CSV,2026-07-27 14:15:36 +0800
1150727,2026-07-27,上櫃,3293,鈊象,719.00,+9.00,717.00,727.00,713.00,924000,667173000,772,TPEX_CSV,2026-07-27 14:15:36 +0800
1150727,2026-07-27,上櫃,3294,英濟,30.60,+0.30,30.00,30.60,29.90,362000,10946450,242,TPEX_CSV,2026-07-27 14:15:36 +0800
1150727,2026-07-27,上櫃,3297,杭特,29.35,-0.55,29.35,29.95,29.25,35000,1031900,34,TPEX_CSV,2026-07-27 14:15:36 +0800
1150727,2026-07-27,上櫃,3303,岱稜,51.50,+0.30,51.20,51.60,50.90,290000,14851600,194,TPEX_CSV,2026-07-27 14:15:36 +0800
1150727,2026-07-27,上櫃,3306,鼎天,45.00,+0.45,44.55,45.00,44.05,136000,6039150,87,TPEX_CSV,2026-07-27 14:15:36 +0800
1150727,2026-07-27,上櫃,3310,佳穎,66.00,-1.30,66.60,66.60,65.40,15000,990300,14,TPEX_CSV,2026-07-27 14:15:36 +0800
1150727,2026-07-27,上櫃,3313,斐成,11.50,+0.15,11.50,11.60,11.35,43000,493250,28,TPEX_CSV,2026-07-27 14:15:36 +0800
1150727,2026-07-27,上櫃,3317,尼克森,74.30,-1.40,75.20,75.60,72.40,1132000,83444000,672,TPEX_CSV,2026-07-27 14:15:36 +0800
1150727,2026-07-27,上櫃,3322,建舜電,12.40,+0.10,12.30,12.40,12.10,197000,2407400,93,TPEX_CSV,2026-07-27 14:15:36 +0800
1150727,2026-07-27,上櫃,3323,加百裕,29.95,+0.25,29.25,29.95,29.20,230000,6802300,143,TPEX_CSV,2026-07-27 14:15:36 +0800
1150727,2026-07-27,上櫃,3324,雙鴻,930.00,-13.00,943.00,943.00,890.00,1776000,1630460000,1567,TPEX_CSV,2026-07-27 14:15:36 +0800
1150727,2026-07-27,上櫃,3325,旭品,12.30,0.00,12.30,12.35,12.05,196000,2384900,66,TPEX_CSV,2026-07-27 14:15:36 +0800
1150727,2026-07-27,上櫃,3332,幸康,63.60,-2.30,65.00,65.00,63.40,43000,2739500,23,TPEX_CSV,2026-07-27 14:15:36 +0800
1150727,2026-07-27,上櫃,3339,泰谷,36.30,+2.00,34.00,36.45,33.70,436000,15269100,308,TPEX_CSV,2026-07-27 14:15:36 +0800
1150727,2026-07-27,上櫃,3349,寶德,23.25,-0.05,23.30,23.30,22.35,63000,1449200,29,TPEX_CSV,2026-07-27 14:15:36 +0800
1150727,2026-07-27,上櫃,3354,律勝,21.40,-0.40,21.50,21.90,21.25,88000,1895300,66,TPEX_CSV,2026-07-27 14:15:36 +0800
1150727,2026-07-27,上櫃,3357,臺慶科,212.00,+5.00,207.00,212.00,202.00,1680000,347662500,1173,TPEX_CSV,2026-07-27 14:15:36 +0800
1150727,2026-07-27,上櫃,3360,尚立,16.75,-0.30,16.90,17.00,16.45,950000,15833700,521,TPEX_CSV,2026-07-27 14:15:36 +0800
1150727,2026-07-27,上櫃,3362,先進光,165.50,+15.00,153.00,165.50,153.00,6852000,1123808000,3347,TPEX_CSV,2026-07-27 14:15:36 +0800
1150727,2026-07-27,上櫃,3363,上詮,598.00,+16.00,574.00,598.00,566.00,4011000,2335987000,3549,TPEX_CSV,2026-07-27 14:15:36 +0800
1150727,2026-07-27,上櫃,3372,典範,16.35,-0.05,16.55,16.65,16.05,817000,13355350,450,TPEX_CSV,2026-07-27 14:15:36 +0800
1150727,2026-07-27,上櫃,3373,熱映,17.85,+0.25,17.95,18.30,17.50,406000,7239550,277,TPEX_CSV,2026-07-27 14:15:36 +0800
1150727,2026-07-27,上櫃,3374,精材,345.00,-20.00,365.00,375.00,330.50,22241000,7776637000,14006,TPEX_CSV,2026-07-27 14:15:36 +0800
1150727,2026-07-27,上櫃,3379,彬台,29.25,除息,29.95,30.80,29.00,92000,2717700,74,TPEX_CSV,2026-07-27 14:15:36 +0800
1150727,2026-07-27,上櫃,3388,崇越電,73.50,-0.80,74.10,74.50,72.70,424000,31144800,303,TPEX_CSV,2026-07-27 14:15:36 +0800
1150727,2026-07-27,上櫃,3390,旭軟,23.60,-0.35,23.55,23.85,23.15,279000,6532600,152,TPEX_CSV,2026-07-27 14:15:36 +0800
1150727,2026-07-27,上櫃,3402,漢科,130.00,-6.50,136.50,136.50,126.50,1224000,158982500,965,TPEX_CSV,2026-07-27 14:15:36 +0800
1150727,2026-07-27,上櫃,3430,奇鈦科,111.50,+1.50,107.50,112.00,103.50,393000,42778500,279,TPEX_CSV,2026-07-27 14:15:36 +0800
1150727,2026-07-27,上櫃,3434,哲固,29.90,+0.35,29.50,29.95,29.50,133000,3960350,56,TPEX_CSV,2026-07-27 14:15:36 +0800
1150727,2026-07-27,上櫃,3438,類比科,54.50,-1.20,54.10,55.50,53.70,59000,3214300,54,TPEX_CSV,2026-07-27 14:15:36 +0800
1150727,2026-07-27,上櫃,3441,聯一光,70.70,+6.40,65.00,70.70,65.00,12333000,857166100,6568,TPEX_CSV,2026-07-27 14:15:36 +0800
1150727,2026-07-27,上櫃,3444,利機,71.40,-0.60,71.50,72.50,70.40,85000,6070100,67,TPEX_CSV,2026-07-27 14:15:36 +0800
1150727,2026-07-27,上櫃,3455,由田,185.50,-2.50,190.50,190.50,180.00,915000,168211500,662,TPEX_CSV,2026-07-27 14:15:36 +0800
1150727,2026-07-27,上櫃,3465,進泰電子,30.70,+0.35,30.35,30.70,30.10,46000,1398900,32,TPEX_CSV,2026-07-27 14:15:36 +0800
1150727,2026-07-27,上櫃,3466,德晉,29.05,-0.35,29.90,29.90,28.85,54000,1566550,40,TPEX_CSV,2026-07-27 14:15:36 +0800
1150727,2026-07-27,上櫃,3467,台灣精材,49.80,-1.10,49.25,50.60,49.25,30000,1500350,20,TPEX_CSV,2026-07-27 14:15:36 +0800
1150727,2026-07-27,上櫃,3479,安勤,147.50,-9.00,154.00,155.50,145.00,2907000,434241500,2096,TPEX_CSV,2026-07-27 14:15:36 +0800
1150727,2026-07-27,上櫃,3483,力致,77.80,0.00,78.10,78.30,76.70,300000,23338800,169,TPEX_CSV,2026-07-27 14:15:36 +0800
1150727,2026-07-27,上櫃,3484,崧騰,48.50,+1.05,48.00,49.20,47.85,303000,14714350,245,TPEX_CSV,2026-07-27 14:15:36 +0800
1150727,2026-07-27,上櫃,3485,敘豐,222.50,-4.00,220.50,224.50,215.00,102000,22406000,90,TPEX_CSV,2026-07-27 14:15:36 +0800
1150727,2026-07-27,上櫃,3489,森寶,19.50,+0.35,19.25,19.90,19.05,171000,3313550,125,TPEX_CSV,2026-07-27 14:15:36 +0800
1150727,2026-07-27,上櫃,3490,單井,27.75,+0.65,27.10,27.80,26.55,671000,18368900,241,TPEX_CSV,2026-07-27 14:15:36 +0800
1150727,2026-07-27,上櫃,3491,昇達科,1155.00,-35.00,1205.00,1220.00,1115.00,893000,1033155000,785,TPEX_CSV,2026-07-27 14:15:36 +0800
1150727,2026-07-27,上櫃,3492,長盛,22.65,+0.50,22.20,23.00,22.20,49000,1117100,36,TPEX_CSV,2026-07-27 14:15:36 +0800
1150727,2026-07-27,上櫃,3498,陽程,108.00,-3.50,111.00,112.00,106.50,621000,67593000,466,TPEX_CSV,2026-07-27 14:15:36 +0800
1150727,2026-07-27,上櫃,3499,環天科,13.70,+0.05,13.65,13.75,13.45,17000,232200,10,TPEX_CSV,2026-07-27 14:15:36 +0800
1150727,2026-07-27,上櫃,3508,位速,16.00,+0.20,15.35,16.00,15.30,79000,1230900,57,TPEX_CSV,2026-07-27 14:15:36 +0800
1150727,2026-07-27,上櫃,3511,矽瑪,20.20,-0.15,20.25,20.40,19.90,235000,4734400,161,TPEX_CSV,2026-07-27 14:15:36 +0800
1150727,2026-07-27,上櫃,3512,皇龍,19.65,0.00,19.70,19.75,19.45,69000,1354750,35,TPEX_CSV,2026-07-27 14:15:36 +0800
1150727,2026-07-27,上櫃,3516,亞帝歐,25.65,-0.25,26.00,26.00,25.50,10000,256500,9,TPEX_CSV,2026-07-27 14:15:36 +0800
1150727,2026-07-27,上櫃,3520,華盈,17.10,-0.55,17.65,17.95,17.05,607000,10572950,274,TPEX_CSV,2026-07-27 14:15:36 +0800
1150727,2026-07-27,上櫃,3521,台鋼建設,13.35,+1.15,12.20,13.40,12.20,169000,2225350,91,TPEX_CSV,2026-07-27 14:15:36 +0800
1150727,2026-07-27,上櫃,3522,御嵿,12.90,+0.25,13.25,13.25,12.70,29000,375450,19,TPEX_CSV,2026-07-27 14:15:36 +0800
1150727,2026-07-27,上櫃,3523,迎輝,16.80,-1.75,18.55,18.55,16.80,184000,3201300,101,TPEX_CSV,2026-07-27 14:15:36 +0800
1150727,2026-07-27,上櫃,3526,凡甲,310.00,+2.00,309.00,312.50,306.00,101000,31162500,95,TPEX_CSV,2026-07-27 14:15:36 +0800
1150727,2026-07-27,上櫃,3527,聚積,54.90,-0.90,56.40,56.50,54.70,74000,4087500,50,TPEX_CSV,2026-07-27 14:15:36 +0800
1150727,2026-07-27,上櫃,3529,力旺,2430.00,-40.00,2500.00,2550.00,2395.00,247000,600470000,234,TPEX_CSV,2026-07-27 14:15:36 +0800
1150727,2026-07-27,上櫃,3531,先益,----,---,----,----,----,0,0,0,TPEX_CSV,2026-07-27 14:15:36 +0800
1150727,2026-07-27,上櫃,3537,堡達,54.40,-0.30,54.60,55.80,53.50,425000,23145200,317,TPEX_CSV,2026-07-27 14:15:36 +0800
1150727,2026-07-27,上櫃,3540,曜越,21.50,-0.30,21.60,21.65,21.25,187000,3998100,125,TPEX_CSV,2026-07-27 14:15:36 +0800
1150727,2026-07-27,上櫃,3541,西柏,21.60,-0.05,21.60,21.60,21.50,29000,626200,13,TPEX_CSV,2026-07-27 14:15:36 +0800
1150727,2026-07-27,上櫃,3546,宇峻,74.50,-0.50,76.20,77.10,74.00,160000,12082400,132,TPEX_CSV,2026-07-27 14:15:36 +0800
1150727,2026-07-27,上櫃,3548,兆利,76.00,+1.50,74.50,76.50,74.00,162000,12197000,117,TPEX_CSV,2026-07-27 14:15:36 +0800
1150727,2026-07-27,上櫃,3551,世禾,183.50,+1.00,185.00,185.00,179.50,429000,77986500,328,TPEX_CSV,2026-07-27 14:15:36 +0800
1150727,2026-07-27,上櫃,3552,同致,46.50,除息,47.30,47.60,46.00,103000,4804250,84,TPEX_CSV,2026-07-27 14:15:36 +0800
1150727,2026-07-27,上櫃,3555,博士旺,156.00,-3.00,166.00,166.00,154.00,50000,7797000,49,TPEX_CSV,2026-07-27 14:15:36 +0800
1150727,2026-07-27,上櫃,3556,禾瑞亞,61.60,-0.40,62.10,62.80,60.60,305000,18740300,241,TPEX_CSV,2026-07-27 14:15:36 +0800
1150727,2026-07-27,上櫃,3558,神準,127.50,-1.50,128.00,130.50,127.00,145000,18606000,129,TPEX_CSV,2026-07-27 14:15:36 +0800
1150727,2026-07-27,上櫃,3564,其陽,47.60,0.00,48.60,48.75,45.20,121000,5716250,88,TPEX_CSV,2026-07-27 14:15:36 +0800
1150727,2026-07-27,上櫃,3567,逸昌,27.00,-0.30,27.20,27.30,26.90,61000,1649500,45,TPEX_CSV,2026-07-27 14:15:36 +0800
1150727,2026-07-27,上櫃,3570,大塚,164.50,-1.00,165.00,165.00,164.50,7000,1153000,7,TPEX_CSV,2026-07-27 14:15:36 +0800
1150727,2026-07-27,上櫃,3577,泓格,136.00,-10.50,147.00,148.00,132.00,2393000,330004500,1849,TPEX_CSV,2026-07-27 14:15:36 +0800
1150727,2026-07-27,上櫃,3580,友威科,80.80,+1.00,79.80,80.80,78.80,234000,18653800,179,TPEX_CSV,2026-07-27 14:15:36 +0800
1150727,2026-07-27,上櫃,3581,博磊,112.00,-0.50,114.00,114.00,107.00,185000,20343000,166,TPEX_CSV,2026-07-27 14:15:36 +0800
1150727,2026-07-27,上櫃,3587,閎康,246.50,除息,251.50,253.00,243.00,500000,123037500,381,TPEX_CSV,2026-07-27 14:15:36 +0800
1150727,2026-07-27,上櫃,3594,磐儀,57.90,+3.90,55.10,57.90,53.20,2993000,166539500,2003,TPEX_CSV,2026-07-27 14:15:36 +0800
1150727,2026-07-27,上櫃,3597,映興,26.10,-1.05,27.40,27.40,26.05,48000,1261150,36,TPEX_CSV,2026-07-27 14:15:36 +0800
1150727,2026-07-27,上櫃,3609,三一東林,26.25,+0.60,25.40,26.25,25.00,81000,2067750,34,TPEX_CSV,2026-07-27 14:15:36 +0800
1150727,2026-07-27,上櫃,3611,鼎翰,186.00,-1.00,186.00,187.00,185.00,36000,6686500,29,TPEX_CSV,2026-07-27 14:15:36 +0800
1150727,2026-07-27,上櫃,3615,安可,37.00,-0.25,37.25,37.55,35.85,583000,21449500,422,TPEX_CSV,2026-07-27 14:15:36 +0800
1150727,2026-07-27,上櫃,3623,富晶通,21.40,0.00,21.50,21.50,21.30,12000,256350,11,TPEX_CSV,2026-07-27 14:15:36 +0800
1150727,2026-07-27,上櫃,3624,光頡,76.80,-7.60,84.40,84.40,76.00,1381000,105619200,582,TPEX_CSV,2026-07-27 14:15:36 +0800
1150727,2026-07-27,上櫃,3625,西勝,17.30,-0.25,17.45,17.85,17.00,364000,6302450,122,TPEX_CSV,2026-07-27 14:15:36 +0800
1150727,2026-07-27,上櫃,3628,盈正,66.50,-0.90,66.80,67.00,65.70,81000,5383900,63,TPEX_CSV,2026-07-27 14:15:36 +0800
1150727,2026-07-27,上櫃,3629,地心引力,13.45,+0.25,13.00,13.45,13.00,7000,91500,3,TPEX_CSV,2026-07-27 14:15:36 +0800
1150727,2026-07-27,上櫃,3630,新鉅科,26.45,+1.45,25.00,27.10,25.00,2133000,56422900,1444,TPEX_CSV,2026-07-27 14:15:36 +0800
1150727,2026-07-27,上櫃,3631,晟楠,32.70,-0.20,32.85,32.85,32.35,32000,1043100,28,TPEX_CSV,2026-07-27 14:15:36 +0800
1150727,2026-07-27,上櫃,3632,研勤,8.70,+0.70,8.75,8.75,8.70,8000,69730,8,TPEX_CSV,2026-07-27 14:15:36 +0800
1150727,2026-07-27,上櫃,3646,艾恩特,----,---,----,----,----,0,0,0,TPEX_CSV,2026-07-27 14:15:36 +0800
1150727,2026-07-27,上櫃,3663,鑫科,66.00,-0.50,65.50,67.00,64.80,418000,27482500,321,TPEX_CSV,2026-07-27 14:15:36 +0800
1150727,2026-07-27,上櫃,3664,安瑞-KY,6.10,-0.25,6.10,6.10,6.10,20000,122000,6,TPEX_CSV,2026-07-27 14:15:36 +0800
1150727,2026-07-27,上櫃,3666,光耀,----,---,----,----,----,0,0,0,TPEX_CSV,2026-07-27 14:15:36 +0800
1150727,2026-07-27,上櫃,3672,康聯訊,14.10,+1.25,13.50,14.10,13.40,236000,3306950,116,TPEX_CSV,2026-07-27 14:15:36 +0800
1150727,2026-07-27,上櫃,3675,德微,240.00,0.00,240.00,244.00,235.00,161000,38402500,129,TPEX_CSV,2026-07-27 14:15:36 +0800
1150727,2026-07-27,上櫃,3680,家登,450.50,-9.50,454.00,459.50,438.00,1034000,461437500,906,TPEX_CSV,2026-07-27 14:15:36 +0800
1150727,2026-07-27,上櫃,3684,榮昌,----,---,----,----,----,0,0,0,TPEX_CSV,2026-07-27 14:15:36 +0800
1150727,2026-07-27,上櫃,3685,元創精密,39.00,-2.00,40.10,40.10,37.50,1756000,67629450,927,TPEX_CSV,2026-07-27 14:15:36 +0800
1150727,2026-07-27,上櫃,3687,歐買尬,69.30,-2.30,69.30,70.30,67.70,108000,7435300,96,TPEX_CSV,2026-07-27 14:15:36 +0800
1150727,2026-07-27,上櫃,3689,湧德,110.00,+2.00,107.50,110.00,106.00,651000,70233500,407,TPEX_CSV,2026-07-27 14:15:36 +0800
1150727,2026-07-27,上櫃,3691,碩禾,113.00,+0.50,114.50,115.00,110.00,452000,50878000,340,TPEX_CSV,2026-07-27 14:15:36 +0800
1150727,2026-07-27,上櫃,3693,營邦,494.50,-14.50,505.00,508.00,485.00,559000,277062000,507,TPEX_CSV,2026-07-27 14:15:36 +0800
1150727,2026-07-27,上櫃,3707,漢磊,60.90,-0.60,61.10,61.70,58.70,4376000,262855600,2970,TPEX_CSV,2026-07-27 14:15:36 +0800
1150727,2026-07-27,上櫃,3709,鑫聯大投控,73.00,+0.70,72.30,73.30,71.70,518000,37510900,338,TPEX_CSV,2026-07-27 14:15:36 +0800
1150727,2026-07-27,上櫃,3710,連展投控,5.58,+0.04,5.53,5.58,5.36,144000,780660,71,TPEX_CSV,2026-07-27 14:15:36 +0800
1150727,2026-07-27,上櫃,3713,新晶投控,14.00,-0.20,14.00,14.35,13.85,24000,335300,18,TPEX_CSV,2026-07-27 14:15:36 +0800
1150727,2026-07-27,上櫃,4102,永日,19.55,+0.05,19.70,19.80,19.40,25000,489500,19,TPEX_CSV,2026-07-27 14:15:36 +0800
1150727,2026-07-27,上櫃,4105,東洋,76.80,-0.20,77.10,77.30,76.40,355000,27263000,282,TPEX_CSV,2026-07-27 14:15:36 +0800
1150727,2026-07-27,上櫃,4107,邦特,119.50,+1.00,119.00,119.50,118.50,139000,16549000,109,TPEX_CSV,2026-07-27 14:15:36 +0800
1150727,2026-07-27,上櫃,4109,加捷生醫,11.50,-0.15,11.65,11.65,11.40,84000,966250,65,TPEX_CSV,2026-07-27 14:15:36 +0800
1150727,2026-07-27,上櫃,4111,濟生,30.10,+0.05,30.05,30.15,30.05,45000,1353050,28,TPEX_CSV,2026-07-27 14:15:36 +0800
1150727,2026-07-27,上櫃,4113,聯上,14.80,+0.05,14.65,14.80,14.60,57000,836750,32,TPEX_CSV,2026-07-27 14:15:36 +0800
1150727,2026-07-27,上櫃,4114,健喬,29.50,-0.05,29.60,29.60,29.20,1135000,33380050,610,TPEX_CSV,2026-07-27 14:15:36 +0800
1150727,2026-07-27,上櫃,4116,明基醫,38.30,-0.40,38.60,38.60,38.30,6000,230500,6,TPEX_CSV,2026-07-27 14:15:36 +0800
1150727,2026-07-27,上櫃,4120,友華,47.00,+0.90,46.10,47.00,45.85,66000,3067600,44,TPEX_CSV,2026-07-27 14:15:36 +0800
1150727,2026-07-27,上櫃,4121,優盛,13.30,-0.20,13.40,13.55,13.30,62000,828800,42,TPEX_CSV,2026-07-27 14:15:36 +0800
1150727,2026-07-27,上櫃,4123,晟德,38.40,+0.15,38.35,38.50,38.10,989000,37845550,473,TPEX_CSV,2026-07-27 14:15:36 +0800
1150727,2026-07-27,上櫃,4126,太醫,76.30,-0.20,76.50,76.50,76.20,37000,2825600,30,TPEX_CSV,2026-07-27 14:15:36 +0800
1150727,2026-07-27,上櫃,4127,天良,77.40,-1.50,78.80,82.50,77.40,366000,29240800,295,TPEX_CSV,2026-07-27 14:15:36 +0800
1150727,2026-07-27,上櫃,4128,中天,14.95,+0.05,14.90,15.15,14.80,916000,13673000,442,TPEX_CSV,2026-07-27 14:15:36 +0800
1150727,2026-07-27,上櫃,4129,聯合,88.10,-0.20,88.10,88.50,87.50,98000,8624000,80,TPEX_CSV,2026-07-27 14:15:36 +0800
1150727,2026-07-27,上櫃,4131,浩泰,34.30,-0.70,34.90,34.90,34.00,5000,172800,4,TPEX_CSV,2026-07-27 14:15:36 +0800
1150727,2026-07-27,上櫃,4138,曜亞,51.00,-0.20,51.20,51.20,50.90,12000,611900,10,TPEX_CSV,2026-07-27 14:15:36 +0800
1150727,2026-07-27,上櫃,4139,馬光-KY,39.95,+0.35,40.00,40.00,39.95,16000,639800,16,TPEX_CSV,2026-07-27 14:15:36 +0800
1150727,2026-07-27,上櫃,4147,中裕,58.90,+0.30,58.50,59.60,58.30,547000,32228700,343,TPEX_CSV,2026-07-27 14:15:36 +0800
1150727,2026-07-27,上櫃,4153,鈺緯,31.60,+0.30,31.30,31.85,31.30,10000,314550,6,TPEX_CSV,2026-07-27 14:15:36 +0800
1150727,2026-07-27,上櫃,4154,樂威科-KY,12.35,0.00,12.50,12.50,11.75,4000,48750,4,TPEX_CSV,2026-07-27 14:15:36 +0800
1150727,2026-07-27,上櫃,4157,太景*-KY,8.30,-0.07,8.38,8.38,8.30,494000,4115230,205,TPEX_CSV,2026-07-27 14:15:36 +0800
1150727,2026-07-27,上櫃,4160,訊聯基因,39.65,+0.05,39.30,39.90,39.05,18000,709050,18,TPEX_CSV,2026-07-27 14:15:36 +0800
1150727,2026-07-27,上櫃,4161,聿新科,22.30,-0.10,22.40,22.40,22.30,6000,133900,6,TPEX_CSV,2026-07-27 14:15:36 +0800
1150727,2026-07-27,上櫃,4162,智擎,65.80,-0.10,65.60,66.10,65.30,369000,24236200,267,TPEX_CSV,2026-07-27 14:15:36 +0800
1150727,2026-07-27,上櫃,4163,鐿鈦,123.00,-1.00,124.00,124.00,122.00,28000,3451000,25,TPEX_CSV,2026-07-27 14:15:36 +0800
1150727,2026-07-27,上櫃,4166,友霖,25.55,+0.55,25.00,25.65,24.75,84000,2116000,62,TPEX_CSV,2026-07-27 14:15:36 +0800
1150727,2026-07-27,上櫃,4167,松瑞藥,20.40,-0.20,20.60,20.80,20.35,1244000,25541800,565,TPEX_CSV,2026-07-27 14:15:36 +0800
1150727,2026-07-27,上櫃,4168,醣聯,22.85,-0.20,23.20,23.20,22.80,75000,1721400,51,TPEX_CSV,2026-07-27 14:15:36 +0800
1150727,2026-07-27,上櫃,4171,瑞基,18.80,-0.20,19.15,19.75,18.70,284000,5447250,199,TPEX_CSV,2026-07-27 14:15:36 +0800
1150727,2026-07-27,上櫃,4173,久裕,17.90,0.00,18.00,18.00,17.80,28000,501000,25,TPEX_CSV,2026-07-27 14:15:36 +0800
1150727,2026-07-27,上櫃,4174,浩鼎,27.10,-0.45,27.25,27.40,27.00,258000,7013600,169,TPEX_CSV,2026-07-27 14:15:36 +0800
1150727,2026-07-27,上櫃,4175,杏一,50.50,+0.20,50.30,50.50,50.20,21000,1056300,14,TPEX_CSV,2026-07-27 14:15:36 +0800
1150727,2026-07-27,上櫃,4183,福永生技,----,---,----,----,----,0,0,0,TPEX_CSV,2026-07-27 14:15:36 +0800
1150727,2026-07-27,上櫃,4188,安克,9.99,-0.11,10.25,10.25,9.95,11000,109980,9,TPEX_CSV,2026-07-27 14:15:36 +0800
1150727,2026-07-27,上櫃,4192,杏國,----,---,----,----,----,0,0,0,TPEX_CSV,2026-07-27 14:15:36 +0800
1150727,2026-07-27,上櫃,4198,欣大健康,41.90,+1.20,40.90,41.90,40.00,9000,368050,9,TPEX_CSV,2026-07-27 14:15:36 +0800
1150727,2026-07-27,上櫃,4205,中華食,70.50,0.00,70.50,70.50,70.20,21000,1478600,18,TPEX_CSV,2026-07-27 14:15:36 +0800
1150727,2026-07-27,上櫃,4207,環泰,19.70,-0.10,19.70,19.75,19.65,29000,571150,23,TPEX_CSV,2026-07-27 14:15:36 +0800
1150727,2026-07-27,上櫃,4303,信立,43.70,+0.65,43.15,43.95,42.75,214000,9283200,188,TPEX_CSV,2026-07-27 14:15:36 +0800
1150727,2026-07-27,上櫃,4304,勝昱,17.00,-1.20,18.75,18.75,17.00,45000,779800,27,TPEX_CSV,2026-07-27 14:15:36 +0800
1150727,2026-07-27,上櫃,4305,世坤,41.00,-0.30,41.30,41.30,41.00,13000,533850,7,TPEX_CSV,2026-07-27 14:15:36 +0800
1150727,2026-07-27,上櫃,4401,東隆興,14.80,-0.10,15.00,15.00,14.75,33000,488850,18,TPEX_CSV,2026-07-27 14:15:36 +0800
1150727,2026-07-27,上櫃,4402,郡都開發,16.00,-0.10,16.10,16.10,16.00,4000,64200,4,TPEX_CSV,2026-07-27 14:15:36 +0800
1150727,2026-07-27,上櫃,4406,新昕纖,9.76,-0.04,9.76,9.76,9.76,3000,29280,3,TPEX_CSV,2026-07-27 14:15:36 +0800
1150727,2026-07-27,上櫃,4413,飛寶企業,14.25,-0.05,14.25,14.25,14.25,7000,99750,3,TPEX_CSV,2026-07-27 14:15:36 +0800
1150727,2026-07-27,上櫃,4416,三圓,10.50,-0.10,10.60,10.60,10.35,99000,1033350,58,TPEX_CSV,2026-07-27 14:15:36 +0800
1150727,2026-07-27,上櫃,4417,金洲,43.30,-0.15,43.15,43.40,43.10,42000,1814200,33,TPEX_CSV,2026-07-27 14:15:36 +0800
1150727,2026-07-27,上櫃,4419,皇家美食,45.15,0.00,45.10,45.15,45.10,3000,135350,3,TPEX_CSV,2026-07-27 14:15:36 +0800
1150727,2026-07-27,上櫃,4420,光明,35.25,+0.05,36.30,36.30,35.10,32000,1133550,21,TPEX_CSV,2026-07-27 14:15:36 +0800
1150727,2026-07-27,上櫃,4430,耀億,16.95,-0.15,16.90,17.20,16.80,29000,490050,23,TPEX_CSV,2026-07-27 14:15:36 +0800
1150727,2026-07-27,上櫃,4432,銘旺實,15.95,-0.05,15.95,16.20,15.95,23000,367900,17,TPEX_CSV,2026-07-27 14:15:36 +0800
1150727,2026-07-27,上櫃,4433,興采,19.60,0.00,19.60,19.60,19.60,3000,58800,3,TPEX_CSV,2026-07-27 14:15:36 +0800
1150727,2026-07-27,上櫃,4442,竣邦-KY,59.70,0.00,59.40,59.80,56.10,565000,32937400,308,TPEX_CSV,2026-07-27 14:15:36 +0800
1150727,2026-07-27,上櫃,4502,健信,15.80,+0.05,15.70,15.80,15.65,13000,204050,9,TPEX_CSV,2026-07-27 14:15:36 +0800
1150727,2026-07-27,上櫃,4503,金雨,36.15,-0.30,36.45,36.45,35.55,100000,3599250,71,TPEX_CSV,2026-07-27 14:15:36 +0800
1150727,2026-07-27,上櫃,4506,崇友,120.50,+0.50,120.00,121.50,120.00,45000,5433000,40,TPEX_CSV,2026-07-27 14:15:36 +0800
1150727,2026-07-27,上櫃,4510,高鋒,38.70,+0.35,39.30,39.30,37.65,289000,11018650,197,TPEX_CSV,2026-07-27 14:15:36 +0800
1150727,2026-07-27,上櫃,4513,福裕,20.30,-0.25,20.55,20.55,19.50,1085000,21726700,690,TPEX_CSV,2026-07-27 14:15:36 +0800
1150727,2026-07-27,上櫃,4523,永彰,24.80,+0.95,23.90,25.30,23.90,117000,2866000,77,TPEX_CSV,2026-07-27 14:15:36 +0800
1150727,2026-07-27,上櫃,4527,方土霖,39.20,+0.05,39.30,39.30,39.20,8000,314200,7,TPEX_CSV,2026-07-27 14:15:36 +0800
1150727,2026-07-27,上櫃,4528,江興鍛,15.50,+0.10,15.35,15.65,15.35,18000,279300,11,TPEX_CSV,2026-07-27 14:15:36 +0800
1150727,2026-07-27,上櫃,4529,淳紳,4.45,+0.12,4.33,4.73,4.18,29000,126830,14,TPEX_CSV,2026-07-27 14:15:36 +0800
1150727,2026-07-27,上櫃,4530,宏易,----,---,----,----,----,0,0,0,TPEX_CSV,2026-07-27 14:15:36 +0800
1150727,2026-07-27,上櫃,4533,協易機,25.75,-0.25,26.60,26.60,25.45,435000,11236500,244,TPEX_CSV,2026-07-27 14:15:36 +0800
1150727,2026-07-27,上櫃,4534,慶騰,36.75,-4.05,40.80,40.80,36.75,3196000,119675500,1870,TPEX_CSV,2026-07-27 14:15:36 +0800
1150727,2026-07-27,上櫃,4535,至興,27.80,0.00,27.80,28.50,27.80,12000,335900,7,TPEX_CSV,2026-07-27 14:15:36 +0800
1150727,2026-07-27,上櫃,4538,大詠城,17.40,0.00,17.05,17.40,17.05,13000,223250,13,TPEX_CSV,2026-07-27 14:15:36 +0800
1150727,2026-07-27,上櫃,4541,晟田,66.80,-4.60,71.40,71.40,65.40,5502000,372351500,3526,TPEX_CSV,2026-07-27 14:15:36 +0800
1150727,2026-07-27,上櫃,4542,科嶠,311.50,-4.50,331.00,331.00,310.00,74000,23204000,70,TPEX_CSV,2026-07-27 14:15:36 +0800
1150727,2026-07-27,上櫃,4543,萬在,31.40,+0.25,31.05,31.40,30.50,74000,2278900,53,TPEX_CSV,2026-07-27 14:15:36 +0800
1150727,2026-07-27,上櫃,4549,桓達,96.00,-0.40,96.90,97.00,95.50,90000,8653800,50,TPEX_CSV,2026-07-27 14:15:36 +0800
1150727,2026-07-27,上櫃,4550,長佳,24.60,0.00,24.60,24.60,24.60,1000,24600,1,TPEX_CSV,2026-07-27 14:15:36 +0800
1150727,2026-07-27,上櫃,4554,橙的,30.75,-0.25,30.95,31.00,30.70,25000,772550,16,TPEX_CSV,2026-07-27 14:15:36 +0800
1150727,2026-07-27,上櫃,4556,旭然,117.00,-11.00,132.00,132.00,116.00,130000,15563000,118,TPEX_CSV,2026-07-27 14:15:36 +0800
1150727,2026-07-27,上櫃,4558,寶緯,16.70,-0.15,16.70,16.80,16.70,26000,434400,16,TPEX_CSV,2026-07-27 14:15:36 +0800
1150727,2026-07-27,上櫃,4561,健椿,35.80,-0.40,36.30,36.30,34.75,109000,3858750,65,TPEX_CSV,2026-07-27 14:15:36 +0800
1150727,2026-07-27,上櫃,4563,百德,39.75,+0.10,39.10,40.45,39.10,72000,2877000,44,TPEX_CSV,2026-07-27 14:15:36 +0800
1150727,2026-07-27,上櫃,4568,科際精密,39.45,+0.10,39.60,39.60,39.45,4000,158250,3,TPEX_CSV,2026-07-27 14:15:36 +0800
1150727,2026-07-27,上櫃,4577,達航科技,70.30,+0.60,69.70,70.40,66.60,153000,10608800,140,TPEX_CSV,2026-07-27 14:15:36 +0800
1150727,2026-07-27,上櫃,4580,捷流閥業,80.90,-0.30,81.20,81.60,80.70,15000,1215100,14,TPEX_CSV,2026-07-27 14:15:36 +0800
1150727,2026-07-27,上櫃,4584,君帆,----,---,----,----,----,0,0,0,TPEX_CSV,2026-07-27 14:15:36 +0800
1150727,2026-07-27,上櫃,4609,唐鋒,4.76,-0.24,5.00,5.00,4.75,5000,24020,4,TPEX_CSV,2026-07-27 14:15:36 +0800
1150727,2026-07-27,上櫃,4702,中美實,9.42,-0.23,9.64,9.64,9.40,171000,1622700,61,TPEX_CSV,2026-07-27 14:15:36 +0800
1150727,2026-07-27,上櫃,4706,大恭,33.50,-1.50,34.00,34.00,33.50,16000,542800,8,TPEX_CSV,2026-07-27 14:15:36 +0800
1150727,2026-07-27,上櫃,4707,磐亞,31.80,-3.50,34.60,35.80,31.80,9731000,318104000,3876,TPEX_CSV,2026-07-27 14:15:36 +0800
1150727,2026-07-27,上櫃,4711,永純,16.15,-0.15,16.50,16.50,16.00,85000,1366750,47,TPEX_CSV,2026-07-27 14:15:36 +0800
1150727,2026-07-27,上櫃,4714,永捷,10.65,-0.10,10.80,10.80,10.55,647000,6886000,281,TPEX_CSV,2026-07-27 14:15:36 +0800
1150727,2026-07-27,上櫃,4716,大立,17.85,-0.20,18.05,18.20,17.70,643000,11509450,274,TPEX_CSV,2026-07-27 14:15:36 +0800
1150727,2026-07-27,上櫃,4721,美琪瑪,72.40,-1.80,73.10,73.70,71.40,421000,30481100,309,TPEX_CSV,2026-07-27 14:15:36 +0800
1150727,2026-07-27,上櫃,4726,永昕,24.95,0.00,25.00,25.20,24.80,95000,2369550,48,TPEX_CSV,2026-07-27 14:15:36 +0800
1150727,2026-07-27,上櫃,4728,雙美,----,---,----,----,----,0,0,0,TPEX_CSV,2026-07-27 14:15:36 +0800
1150727,2026-07-27,上櫃,4729,熒茂,19.60,+0.75,18.85,19.60,18.70,180000,3443600,113,TPEX_CSV,2026-07-27 14:15:36 +0800
1150727,2026-07-27,上櫃,4735,豪展,30.70,-0.50,30.60,30.70,30.30,26000,794400,25,TPEX_CSV,2026-07-27 14:15:36 +0800
1150727,2026-07-27,上櫃,4741,泓瀚,45.70,-0.30,45.55,45.90,44.60,81000,3656450,73,TPEX_CSV,2026-07-27 14:15:36 +0800
1150727,2026-07-27,上櫃,4743,合一,46.25,-0.10,46.55,46.80,45.90,1182000,54704650,689,TPEX_CSV,2026-07-27 14:15:36 +0800
1150727,2026-07-27,上櫃,4744,皇將,29.50,-1.10,29.80,29.80,29.15,12000,353600,9,TPEX_CSV,2026-07-27 14:15:36 +0800
1150727,2026-07-27,上櫃,4745,合富-KY,12.60,-0.85,13.15,13.20,12.55,219000,2823700,131,TPEX_CSV,2026-07-27 14:15:36 +0800
1150727,2026-07-27,上櫃,4747,強生,49.95,+0.15,49.80,49.95,49.10,15000,745600,12,TPEX_CSV,2026-07-27 14:15:36 +0800
1150727,2026-07-27,上櫃,4749,新應材,773.00,-5.00,779.00,789.00,762.00,534000,411746000,468,TPEX_CSV,2026-07-27 14:15:36 +0800
1150727,2026-07-27,上櫃,4754,國碳科,36.75,-0.15,36.90,36.90,36.70,18000,662050,16,TPEX_CSV,2026-07-27 14:15:36 +0800
1150727,2026-07-27,上櫃,4760,勤凱,241.00,+3.00,241.00,245.50,232.00,353000,84369000,311,TPEX_CSV,2026-07-27 14:15:36 +0800
1150727,2026-07-27,上櫃,4767,誠泰科技,26.20,除息,25.55,26.20,25.55,7000,181400,7,TPEX_CSV,2026-07-27 14:15:36 +0800
1150727,2026-07-27,上櫃,4768,晶呈科技,312.50,-14.00,328.50,333.00,301.00,513000,162416500,414,TPEX_CSV,2026-07-27 14:15:36 +0800
1150727,2026-07-27,上櫃,4772,台特化,247.00,+13.00,232.00,247.00,230.00,567000,134896000,420,TPEX_CSV,2026-07-27 14:15:36 +0800
1150727,2026-07-27,上櫃,4806,桂田文創,10.00,0.00,10.00,10.00,10.00,4000,40000,3,TPEX_CSV,2026-07-27 14:15:36 +0800
1150727,2026-07-27,上櫃,4903,聯光通,38.80,+0.50,38.25,40.35,38.25,3223000,127147800,2369,TPEX_CSV,2026-07-27 14:15:36 +0800
1150727,2026-07-27,上櫃,4905,台聯電,65.40,0.00,65.40,65.40,65.40,5000,327000,2,TPEX_CSV,2026-07-27 14:15:36 +0800
1150727,2026-07-27,上櫃,4907,富宇,41.50,+0.20,40.60,41.50,40.60,29000,1195850,28,TPEX_CSV,2026-07-27 14:15:36 +0800
1150727,2026-07-27,上櫃,4908,前鼎,143.00,+2.50,139.50,146.50,138.50,1382000,197525500,1193,TPEX_CSV,2026-07-27 14:15:36 +0800
1150727,2026-07-27,上櫃,4909,新復興,38.55,+0.75,37.90,38.75,37.80,223000,8546150,177,TPEX_CSV,2026-07-27 14:15:36 +0800
1150727,2026-07-27,上櫃,4911,德英,35.15,+0.15,35.00,35.60,34.70,41000,1436800,32,TPEX_CSV,2026-07-27 14:15:36 +0800
1150727,2026-07-27,上櫃,4923,力士,43.25,-1.30,43.80,44.35,42.55,253000,10962750,161,TPEX_CSV,2026-07-27 14:15:36 +0800
1150727,2026-07-27,上櫃,4924,欣厚-KY,9.95,+0.09,9.86,9.95,9.80,12000,118100,10,TPEX_CSV,2026-07-27 14:15:36 +0800
1150727,2026-07-27,上櫃,4931,新盛力,203.00,+4.50,196.00,206.00,196.00,2525000,506170000,2102,TPEX_CSV,2026-07-27 14:15:36 +0800
1150727,2026-07-27,上櫃,4933,友輝,55.70,-0.80,56.10,56.50,55.10,118000,6566100,89,TPEX_CSV,2026-07-27 14:15:36 +0800
1150727,2026-07-27,上櫃,4939,亞電,60.40,-2.30,62.40,63.90,57.80,12686000,766918400,8049,TPEX_CSV,2026-07-27 14:15:36 +0800
1150727,2026-07-27,上櫃,4946,辣椒,80.10,-1.90,83.60,83.60,80.10,13000,1060300,13,TPEX_CSV,2026-07-27 14:15:36 +0800
1150727,2026-07-27,上櫃,4950,金耘國際,16.55,0.00,16.55,16.55,16.55,2000,33100,2,TPEX_CSV,2026-07-27 14:15:36 +0800
1150727,2026-07-27,上櫃,4951,精拓科,80.70,-2.40,82.10,83.00,80.40,268000,21740500,227,TPEX_CSV,2026-07-27 14:15:36 +0800
1150727,2026-07-27,上櫃,4953,緯軟,123.00,-1.00,123.50,124.00,121.00,215000,26291000,185,TPEX_CSV,2026-07-27 14:15:36 +0800
1150727,2026-07-27,上櫃,4966,譜瑞-KY,615.00,+4.00,613.00,619.00,593.00,680000,413175000,633,TPEX_CSV,2026-07-27 14:15:36 +0800
1150727,2026-07-27,上櫃,4971,IET-KY,433.00,除息,402.50,440.00,388.50,1130000,474503000,1022,TPEX_CSV,2026-07-27 14:15:36 +0800
1150727,2026-07-27,上櫃,4972,湯石照明,16.50,+0.10,16.50,16.50,16.45,24000,395700,10,TPEX_CSV,2026-07-27 14:15:36 +0800
1150727,2026-07-27,上櫃,4973,廣穎,142.50,-1.00,143.00,143.00,137.00,844000,118233500,698,TPEX_CSV,2026-07-27 14:15:36 +0800
1150727,2026-07-27,上櫃,4974,亞泰,68.10,+0.40,67.00,68.10,67.00,112000,7544300,55,TPEX_CSV,2026-07-27 14:15:36 +0800
1150727,2026-07-27,上櫃,4979,華星光,448.50,+22.00,434.00,467.50,421.50,35072000,15563097000,27882,TPEX_CSV,2026-07-27 14:15:36 +0800
1150727,2026-07-27,上櫃,4991,環宇-KY,433.50,+16.50,411.00,447.50,404.00,6777000,2891434000,5533,TPEX_CSV,2026-07-27 14:15:36 +0800
1150727,2026-07-27,上櫃,4995,晶達,48.50,-1.80,50.70,50.70,48.25,129000,6332600,86,TPEX_CSV,2026-07-27 14:15:36 +0800
1150727,2026-07-27,上櫃,5009,榮剛,33.45,+0.15,33.35,33.75,32.95,1777000,59224550,893,TPEX_CSV,2026-07-27 14:15:36 +0800
1150727,2026-07-27,上櫃,5011,久陽,20.25,+0.45,19.80,20.25,19.60,314000,6274850,153,TPEX_CSV,2026-07-27 14:15:36 +0800
1150727,2026-07-27,上櫃,5013,強新,----,---,----,----,----,0,0,0,TPEX_CSV,2026-07-27 14:15:36 +0800
1150727,2026-07-27,上櫃,5014,建錩,11.30,+0.10,11.25,11.50,11.20,444000,5036200,180,TPEX_CSV,2026-07-27 14:15:36 +0800
1150727,2026-07-27,上櫃,5015,華祺,21.60,+0.30,21.30,21.60,21.30,8000,171000,7,TPEX_CSV,2026-07-27 14:15:36 +0800
1150727,2026-07-27,上櫃,5016,松和,24.00,-0.10,24.10,24.10,24.00,10000,240800,6,TPEX_CSV,2026-07-27 14:15:36 +0800
1150727,2026-07-27,上櫃,5201,凱衛,27.60,+0.30,27.70,27.70,27.05,17000,468000,13,TPEX_CSV,2026-07-27 14:15:36 +0800
1150727,2026-07-27,上櫃,5202,力新,12.50,-0.05,12.30,12.55,12.25,144000,1783100,67,TPEX_CSV,2026-07-27 14:15:36 +0800
1150727,2026-07-27,上櫃,5205,中茂,22.05,-0.05,22.05,22.05,22.05,1000,22050,1,TPEX_CSV,2026-07-27 14:15:36 +0800
1150727,2026-07-27,上櫃,5206,坤悅,20.40,0.00,20.35,20.50,20.35,53000,1082900,31,TPEX_CSV,2026-07-27 14:15:36 +0800
1150727,2026-07-27,上櫃,5209,新鼎,153.50,+1.00,152.50,154.00,152.50,36000,5505500,28,TPEX_CSV,2026-07-27 14:15:36 +0800
1150727,2026-07-27,上櫃,5210,寶碩,29.25,+0.45,28.80,29.60,28.60,156000,4556900,105,TPEX_CSV,2026-07-27 14:15:36 +0800
1150727,2026-07-27,上櫃,5211,蒙恬,19.45,+0.15,19.25,19.45,19.10,20000,384200,19,TPEX_CSV,2026-07-27 14:15:36 +0800
1150727,2026-07-27,上櫃,5212,凌網,47.50,+0.45,47.50,47.50,47.50,3000,142500,3,TPEX_CSV,2026-07-27 14:15:36 +0800
1150727,2026-07-27,上櫃,5213,亞昕,22.05,+0.05,22.15,22.15,21.95,156000,3434050,84,TPEX_CSV,2026-07-27 14:15:36 +0800
1150727,2026-07-27,上櫃,5220,萬達光電,20.80,-0.15,20.55,21.00,20.55,27000,558050,21,TPEX_CSV,2026-07-27 14:15:36 +0800
1150727,2026-07-27,上櫃,5223,安力-KY,23.20,+0.30,23.50,23.50,22.70,10000,229150,10,TPEX_CSV,2026-07-27 14:15:36 +0800
1150727,2026-07-27,上櫃,5227,立凱-KY,41.60,+1.50,40.40,42.60,40.15,2073000,86064750,1024,TPEX_CSV,2026-07-27 14:15:36 +0800
1150727,2026-07-27,上櫃,5228,鈺鎧,41.00,0.00,40.50,41.90,39.10,281000,11296350,229,TPEX_CSV,2026-07-27 14:15:36 +0800
1150727,2026-07-27,上櫃,5230,雷笛克光學,18.20,0.00,18.20,18.55,17.90,183000,3337900,119,TPEX_CSV,2026-07-27 14:15:36 +0800
1150727,2026-07-27,上櫃,5245,智晶,23.45,-0.05,23.10,23.60,23.00,27000,625200,21,TPEX_CSV,2026-07-27 14:15:36 +0800
1150727,2026-07-27,上櫃,5251,天鉞電,27.25,+0.10,27.15,27.60,26.95,43000,1169000,36,TPEX_CSV,2026-07-27 14:15:36 +0800
1150727,2026-07-27,上櫃,5263,智崴,95.80,-0.70,96.50,96.50,94.10,81000,7688600,81,TPEX_CSV,2026-07-27 14:15:36 +0800
1150727,2026-07-27,上櫃,5272,笙科,18.30,-0.10,18.25,18.40,18.00,66000,1197400,57,TPEX_CSV,2026-07-27 14:15:36 +0800
1150727,2026-07-27,上櫃,5274,信驊,14695.00,-35.00,14850.00,14935.00,14245.00,133000,1949395000,131,TPEX_CSV,2026-07-27 14:15:36 +0800
1150727,2026-07-27,上櫃,5276,達輝-KY,18.50,-0.70,19.65,19.65,18.15,10000,186050,10,TPEX_CSV,2026-07-27 14:15:36 +0800
1150727,2026-07-27,上櫃,5278,尚凡*,23.85,+0.05,23.75,24.00,23.70,44000,1049050,41,TPEX_CSV,2026-07-27 14:15:36 +0800
1150727,2026-07-27,上櫃,5287,數字,147.00,-1.00,147.00,147.00,146.00,37000,5423000,37,TPEX_CSV,2026-07-27 14:15:36 +0800
1150727,2026-07-27,上櫃,5289,宜鼎,1330.00,-40.00,1355.00,1355.00,1270.00,2092000,2734445000,1843,TPEX_CSV,2026-07-27 14:15:36 +0800
1150727,2026-07-27,上櫃,5291,邑昇,51.20,-2.30,53.40,53.40,49.95,507000,26053100,355,TPEX_CSV,2026-07-27 14:15:36 +0800
1150727,2026-07-27,上櫃,5299,杰力,91.00,-1.30,92.40,92.60,88.10,372000,33592300,292,TPEX_CSV,2026-07-27 14:15:36 +0800
1150727,2026-07-27,上櫃,5301,寶得利,5.51,-0.32,5.83,5.83,5.44,4000,22220,4,TPEX_CSV,2026-07-27 14:15:36 +0800
1150727,2026-07-27,上櫃,5302,太欣,10.30,-0.30,10.55,10.55,10.20,532000,5485900,216,TPEX_CSV,2026-07-27 14:15:36 +0800
1150727,2026-07-27,上櫃,5309,系統電,52.60,+0.40,52.20,53.20,50.80,1218000,62962300,789,TPEX_CSV,2026-07-27 14:15:36 +0800
1150727,2026-07-27,上櫃,5310,天剛,24.50,+0.05,24.50,24.50,24.50,7000,171500,4,TPEX_CSV,2026-07-27 14:15:36 +0800
1150727,2026-07-27,上櫃,5312,寶島科,91.40,-9.10,98.40,98.40,91.00,744000,68936500,500,TPEX_CSV,2026-07-27 14:15:36 +0800
1150727,2026-07-27,上櫃,5314,世紀*,56.70,+0.60,56.50,57.00,55.40,1944000,109157900,1307,TPEX_CSV,2026-07-27 14:15:36 +0800
1150727,2026-07-27,上櫃,5315,光聯,19.10,-0.25,19.35,19.35,19.05,307000,5871850,118,TPEX_CSV,2026-07-27 14:15:36 +0800
1150727,2026-07-27,上櫃,5321,美而快,55.00,-3.90,57.60,63.00,54.30,892000,51418600,596,TPEX_CSV,2026-07-27 14:15:36 +0800
1150727,2026-07-27,上櫃,5324,士開,12.00,+0.05,12.00,12.05,11.95,59000,707500,30,TPEX_CSV,2026-07-27 14:15:36 +0800
1150727,2026-07-27,上櫃,5328,華容,67.20,+6.10,61.00,67.20,60.20,32015000,2085667500,19892,TPEX_CSV,2026-07-27 14:15:36 +0800
1150727,2026-07-27,上櫃,5340,建榮,68.90,+0.80,68.50,68.90,65.50,783000,52616300,588,TPEX_CSV,2026-07-27 14:15:36 +0800
1150727,2026-07-27,上櫃,5344,立衛,14.70,-0.10,14.55,14.70,14.55,3000,43850,3,TPEX_CSV,2026-07-27 14:15:36 +0800
1150727,2026-07-27,上櫃,5345,馥鴻,25.30,-2.40,27.70,28.45,24.95,75000,1924700,62,TPEX_CSV,2026-07-27 14:15:36 +0800
1150727,2026-07-27,上櫃,5347,世界,157.00,0.00,157.00,157.50,151.00,14693000,2266213000,6499,TPEX_CSV,2026-07-27 14:15:36 +0800
1150727,2026-07-27,上櫃,5348,正能量智能,16.50,+0.20,16.85,16.85,16.00,20000,322750,7,TPEX_CSV,2026-07-27 14:15:36 +0800
1150727,2026-07-27,上櫃,5351,鈺創,83.60,-1.20,84.60,84.60,79.60,15569000,1273033000,9414,TPEX_CSV,2026-07-27 14:15:36 +0800
1150727,2026-07-27,上櫃,5353,台林,28.50,+0.25,28.55,28.65,27.90,65000,1846300,44,TPEX_CSV,2026-07-27 14:15:36 +0800
1150727,2026-07-27,上櫃,5355,佳總,6.03,+0.24,5.75,6.03,5.75,14000,80780,9,TPEX_CSV,2026-07-27 14:15:36 +0800
1150727,2026-07-27,上櫃,5356,協益,24.50,-0.10,24.70,24.70,24.45,62000,1519500,33,TPEX_CSV,2026-07-27 14:15:36 +0800
1150727,2026-07-27,上櫃,5364,力麗店,8.59,0.00,8.66,8.66,8.53,16000,137080,6,TPEX_CSV,2026-07-27 14:15:36 +0800
1150727,2026-07-27,上櫃,5371,中光電,80.60,-1.30,81.90,81.90,77.60,8711000,692432400,5619,TPEX_CSV,2026-07-27 14:15:36 +0800
1150727,2026-07-27,上櫃,5381,光譜,23.60,0.00,23.60,23.95,23.30,286000,6730700,204,TPEX_CSV,2026-07-27 14:15:36 +0800
1150727,2026-07-27,上櫃,5386,青雲,248.00,-6.50,256.50,256.50,242.00,596000,147423000,527,TPEX_CSV,2026-07-27 14:15:36 +0800
1150727,2026-07-27,上櫃,5392,能率,40.25,-1.25,41.20,41.85,39.75,1599000,64575100,1019,TPEX_CSV,2026-07-27 14:15:36 +0800
1150727,2026-07-27,上櫃,5398,慕康生醫,15.45,+0.20,15.15,15.45,15.05,19000,287600,14,TPEX_CSV,2026-07-27 14:15:36 +0800
1150727,2026-07-27,上櫃,5403,中菲,94.30,-0.10,94.40,94.40,93.90,51000,4796400,42,TPEX_CSV,2026-07-27 14:15:36 +0800
1150727,2026-07-27,上櫃,5410,國眾,36.90,+0.10,36.90,37.05,36.20,404000,14802500,228,TPEX_CSV,2026-07-27 14:15:36 +0800
1150727,2026-07-27,上櫃,5425,台半,82.80,除息,82.50,83.80,80.10,4212000,344756700,2920,TPEX_CSV,2026-07-27 14:15:36 +0800
1150727,2026-07-27,上櫃,5426,振發,25.10,-0.95,26.05,26.05,25.00,572000,14488500,404,TPEX_CSV,2026-07-27 14:15:36 +0800
1150727,2026-07-27,上櫃,5432,新門,117.00,-1.50,116.00,117.50,114.50,35000,4059000,34,TPEX_CSV,2026-07-27 14:15:36 +0800
1150727,2026-07-27,上櫃,5438,東友,17.30,-0.25,17.55,17.55,17.10,91000,1577800,59,TPEX_CSV,2026-07-27 14:15:36 +0800
1150727,2026-07-27,上櫃,5439,高技,234.00,-1.50,235.50,236.00,223.00,2249000,513516500,1831,TPEX_CSV,2026-07-27 14:15:36 +0800
1150727,2026-07-27,上櫃,5443,均豪,97.00,+0.20,96.20,97.70,94.60,764000,73677800,578,TPEX_CSV,2026-07-27 14:15:36 +0800
1150727,2026-07-27,上櫃,5450,南良,16.00,+0.30,15.95,16.50,15.90,494000,7964200,327,TPEX_CSV,2026-07-27 14:15:36 +0800
1150727,2026-07-27,上櫃,5452,佶優,26.10,+0.05,26.35,26.35,25.50,345000,8943600,229,TPEX_CSV,2026-07-27 14:15:36 +0800
1150727,2026-07-27,上櫃,5455,昇益,28.55,+0.25,28.50,28.55,28.50,2000,57050,2,TPEX_CSV,2026-07-27 14:15:36 +0800
1150727,2026-07-27,上櫃,5457,宣德,30.15,+0.30,29.90,30.40,29.70,431000,12885650,261,TPEX_CSV,2026-07-27 14:15:36 +0800
1150727,2026-07-27,上櫃,5460,同協,15.95,-0.15,15.90,16.05,15.90,76000,1214050,32,TPEX_CSV,2026-07-27 14:15:36 +0800
1150727,2026-07-27,上櫃,5464,霖宏,79.80,+0.10,79.70,81.90,77.00,281000,22201900,193,TPEX_CSV,2026-07-27 14:15:36 +0800
1150727,2026-07-27,上櫃,5465,富驊,21.70,0.00,21.55,22.05,21.55,39000,849450,35,TPEX_CSV,2026-07-27 14:15:36 +0800
1150727,2026-07-27,上櫃,5468,凱鈺,25.40,+1.10,24.50,25.55,24.15,232000,5796400,130,TPEX_CSV,2026-07-27 14:15:36 +0800
1150727,2026-07-27,上櫃,5474,聰泰,146.50,-3.00,151.00,151.00,145.50,103000,15152000,90,TPEX_CSV,2026-07-27 14:15:36 +0800
1150727,2026-07-27,上櫃,5475,德宏,132.00,-3.00,125.50,133.50,125.00,2872000,370991500,1953,TPEX_CSV,2026-07-27 14:15:36 +0800
1150727,2026-07-27,上櫃,5478,智冠,100.00,+1.20,98.80,100.00,98.80,66000,6572100,57,TPEX_CSV,2026-07-27 14:15:36 +0800
1150727,2026-07-27,上櫃,5481,新華,20.85,-0.30,21.00,21.20,20.75,109000,2290000,39,TPEX_CSV,2026-07-27 14:15:36 +0800
1150727,2026-07-27,上櫃,5483,中美晶,204.00,+0.50,201.00,205.00,195.00,15618000,3120863500,9464,TPEX_CSV,2026-07-27 14:15:36 +0800
1150727,2026-07-27,上櫃,5487,通泰,28.15,-0.05,28.25,28.70,27.85,77000,2173950,61,TPEX_CSV,2026-07-27 14:15:36 +0800
1150727,2026-07-27,上櫃,5488,松普,13.35,-0.30,13.50,13.55,13.10,641000,8534850,260,TPEX_CSV,2026-07-27 14:15:36 +0800
1150727,2026-07-27,上櫃,5489,彩富,44.95,-0.95,45.90,45.90,44.15,83000,3719500,73,TPEX_CSV,2026-07-27 14:15:36 +0800
1150727,2026-07-27,上櫃,5490,同亨,32.70,0.00,33.25,33.50,32.15,960000,31385750,630,TPEX_CSV,2026-07-27 14:15:36 +0800
1150727,2026-07-27,上櫃,5493,三聯,79.60,-0.40,80.80,80.80,78.70,47000,3738800,45,TPEX_CSV,2026-07-27 14:15:36 +0800
1150727,2026-07-27,上櫃,5498,凱崴,47.25,+1.50,46.40,47.90,45.40,1758000,81940950,1247,TPEX_CSV,2026-07-27 14:15:36 +0800
1150727,2026-07-27,上櫃,5508,永信建,51.00,-0.30,51.30,52.20,51.00,290000,14900400,170,TPEX_CSV,2026-07-27 14:15:36 +0800
1150727,2026-07-27,上櫃,5511,德昌,73.80,-1.20,75.00,75.00,72.60,271000,19910300,181,TPEX_CSV,2026-07-27 14:15:36 +0800
1150727,2026-07-27,上櫃,5512,力麒,7.83,-0.05,7.89,8.06,7.78,980000,7686480,303,TPEX_CSV,2026-07-27 14:15:36 +0800
1150727,2026-07-27,上櫃,5514,三豐,13.50,-0.05,13.50,13.50,13.40,13000,174850,9,TPEX_CSV,2026-07-27 14:15:36 +0800
1150727,2026-07-27,上櫃,5516,雙喜,10.75,+0.10,10.80,10.80,10.60,23000,245700,15,TPEX_CSV,2026-07-27 14:15:36 +0800
1150727,2026-07-27,上櫃,5520,力泰,----,---,----,----,----,0,0,0,TPEX_CSV,2026-07-27 14:15:36 +0800
1150727,2026-07-27,上櫃,5523,豐謙,30.35,+0.10,30.10,30.35,30.10,57000,1722950,23,TPEX_CSV,2026-07-27 14:15:36 +0800
1150727,2026-07-27,上櫃,5529,鉅陞,21.70,-0.10,21.40,21.70,21.30,48000,1028600,27,TPEX_CSV,2026-07-27 14:15:36 +0800
1150727,2026-07-27,上櫃,5530,龍巖,48.35,-0.30,48.40,48.70,48.10,189000,9149600,139,TPEX_CSV,2026-07-27 14:15:36 +0800
1150727,2026-07-27,上櫃,5536,聖暉*,1105.00,-15.00,1120.00,1135.00,1070.00,698000,766510000,574,TPEX_CSV,2026-07-27 14:15:36 +0800
1150727,2026-07-27,上櫃,5543,桓鼎-KY,28.35,-0.10,28.40,28.40,28.00,13000,368050,12,TPEX_CSV,2026-07-27 14:15:36 +0800
1150727,2026-07-27,上櫃,5547,久舜,19.95,+0.05,19.95,19.95,19.90,8000,159450,6,TPEX_CSV,2026-07-27 14:15:36 +0800
1150727,2026-07-27,上櫃,5548,安倉,20.85,0.00,20.80,20.85,20.75,15000,312100,12,TPEX_CSV,2026-07-27 14:15:36 +0800
1150727,2026-07-27,上櫃,5601,台聯櫃,30.00,-0.50,30.50,30.50,30.00,10000,304000,6,TPEX_CSV,2026-07-27 14:15:36 +0800
1150727,2026-07-27,上櫃,5603,陸海,14.80,+0.55,14.25,15.00,14.25,230000,3372900,158,TPEX_CSV,2026-07-27 14:15:36 +0800
1150727,2026-07-27,上櫃,5604,中連,30.40,0.00,30.35,30.40,30.35,3000,91150,3,TPEX_CSV,2026-07-27 14:15:36 +0800
1150727,2026-07-27,上櫃,5609,中菲行,79.40,+0.20,79.50,80.00,79.10,221000,17571000,138,TPEX_CSV,2026-07-27 14:15:36 +0800
1150727,2026-07-27,上櫃,5701,劍湖山,4.62,-0.09,4.70,4.70,4.44,67000,301030,24,TPEX_CSV,2026-07-27 14:15:36 +0800
1150727,2026-07-27,上櫃,5703,亞都,----,---,----,----,----,0,0,0,TPEX_CSV,2026-07-27 14:15:36 +0800
1150727,2026-07-27,上櫃,5704,老爺知,21.70,+0.05,21.65,21.70,21.60,5000,108200,4,TPEX_CSV,2026-07-27 14:15:36 +0800
1150727,2026-07-27,上櫃,5864,致和證,32.75,-0.05,32.90,32.90,31.85,1553000,50231500,868,TPEX_CSV,2026-07-27 14:15:36 +0800
1150727,2026-07-27,上櫃,5878,台名,38.65,-0.10,38.65,38.65,38.60,6000,231750,3,TPEX_CSV,2026-07-27 14:15:36 +0800
1150727,2026-07-27,上櫃,5902,德記,34.30,+0.10,34.20,34.35,33.75,17000,579700,14,TPEX_CSV,2026-07-27 14:15:36 +0800
1150727,2026-07-27,上櫃,5903,全家,189.00,0.00,188.00,189.50,188.00,35000,6615000,23,TPEX_CSV,2026-07-27 14:15:36 +0800
1150727,2026-07-27,上櫃,5904,寶雅,668.00,+17.00,656.00,676.00,651.00,456000,303084000,391,TPEX_CSV,2026-07-27 14:15:36 +0800
1150727,2026-07-27,上櫃,5905,南仁湖,8.55,+0.03,8.52,8.67,8.50,326000,2798240,129,TPEX_CSV,2026-07-27 14:15:36 +0800
1150727,2026-07-27,上櫃,6015,宏遠證,16.10,-0.10,16.20,16.20,15.80,1270000,20321850,575,TPEX_CSV,2026-07-27 14:15:36 +0800
1150727,2026-07-27,上櫃,6016,康和證,21.65,除權息,21.95,22.15,21.20,12140000,262944600,1911,TPEX_CSV,2026-07-27 14:15:36 +0800
1150727,2026-07-27,上櫃,6020,大展證,21.40,-0.15,21.55,21.55,21.30,30000,641400,15,TPEX_CSV,2026-07-27 14:15:36 +0800
1150727,2026-07-27,上櫃,6021,美好證,35.50,-0.20,35.60,35.60,35.25,56000,1982950,41,TPEX_CSV,2026-07-27 14:15:36 +0800
1150727,2026-07-27,上櫃,6023,元大期,87.00,-0.10,86.90,87.30,86.40,240000,20827300,181,TPEX_CSV,2026-07-27 14:15:36 +0800
1150727,2026-07-27,上櫃,6026,福邦證,14.25,-0.05,14.30,14.30,14.10,766000,10860800,373,TPEX_CSV,2026-07-27 14:15:36 +0800
1150727,2026-07-27,上櫃,6028,公勝保經,80.10,-0.10,80.20,80.20,80.10,7000,560800,6,TPEX_CSV,2026-07-27 14:15:36 +0800
1150727,2026-07-27,上櫃,6101,寬魚國際,38.75,+0.15,39.00,39.40,37.45,230000,8846100,211,TPEX_CSV,2026-07-27 14:15:36 +0800
1150727,2026-07-27,上櫃,6103,合邦,33.10,+0.30,34.60,36.05,33.10,51000,1817000,42,TPEX_CSV,2026-07-27 14:15:36 +0800
1150727,2026-07-27,上櫃,6104,創惟,92.80,0.00,92.80,93.10,90.80,379000,34858700,306,TPEX_CSV,2026-07-27 14:15:36 +0800
1150727,2026-07-27,上櫃,6109,亞元,11.90,+0.10,11.60,11.90,11.60,86000,1010700,43,TPEX_CSV,2026-07-27 14:15:36 +0800
1150727,2026-07-27,上櫃,6111,光聚晶電,39.90,-1.05,41.10,41.10,39.85,164000,6581400,97,TPEX_CSV,2026-07-27 14:15:36 +0800
1150727,2026-07-27,上櫃,6113,亞矽,22.60,-0.20,22.90,22.90,22.30,73000,1643300,57,TPEX_CSV,2026-07-27 14:15:36 +0800
1150727,2026-07-27,上櫃,6114,久威,27.70,-0.25,28.60,28.60,27.70,4000,111700,4,TPEX_CSV,2026-07-27 14:15:36 +0800
1150727,2026-07-27,上櫃,6118,建達,16.05,-0.25,16.20,16.20,15.90,54000,864800,45,TPEX_CSV,2026-07-27 14:15:36 +0800
1150727,2026-07-27,上櫃,6121,新普,377.00,-5.50,382.50,387.00,372.00,467000,175833000,406,TPEX_CSV,2026-07-27 14:15:36 +0800
1150727,2026-07-27,上櫃,6122,擎邦,50.40,+0.60,49.80,50.80,49.30,211000,10554650,154,TPEX_CSV,2026-07-27 14:15:36 +0800
1150727,2026-07-27,上櫃,6123,上奇,42.95,+0.10,43.00,43.10,42.10,48000,2052100,32,TPEX_CSV,2026-07-27 14:15:36 +0800
1150727,2026-07-27,上櫃,6124,業強,25.90,-0.40,25.90,25.95,25.85,21000,544250,15,TPEX_CSV,2026-07-27 14:15:36 +0800
1150727,2026-07-27,上櫃,6125,廣運,49.55,-0.25,49.80,49.80,48.60,443000,21797400,343,TPEX_CSV,2026-07-27 14:15:36 +0800
1150727,2026-07-27,上櫃,6126,信音,30.80,+0.25,30.75,30.90,30.20,329000,10054000,237,TPEX_CSV,2026-07-27 14:15:36 +0800
1150727,2026-07-27,上櫃,6127,九豪,53.30,+1.20,52.10,54.90,50.80,4540000,239662800,3103,TPEX_CSV,2026-07-27 14:15:36 +0800
1150727,2026-07-27,上櫃,6129,普誠,14.80,-0.20,14.95,14.95,14.60,497000,7346100,253,TPEX_CSV,2026-07-27 14:15:36 +0800
1150727,2026-07-27,上櫃,6130,上亞科技,24.80,+0.45,24.40,25.05,23.75,164000,3975450,108,TPEX_CSV,2026-07-27 14:15:36 +0800
1150727,2026-07-27,上櫃,6134,萬旭,27.35,+0.65,26.50,27.35,26.00,184000,4860050,117,TPEX_CSV,2026-07-27 14:15:36 +0800
1150727,2026-07-27,上櫃,6138,茂達,318.00,-15.00,331.00,331.00,311.00,930000,296527500,807,TPEX_CSV,2026-07-27 14:15:36 +0800
1150727,2026-07-27,上櫃,6140,訊達,17.50,+0.25,17.15,17.60,17.00,56000,956000,39,TPEX_CSV,2026-07-27 14:15:36 +0800
1150727,2026-07-27,上櫃,6143,振曜,93.80,-1.90,95.90,96.00,93.40,417000,39372600,344,TPEX_CSV,2026-07-27 14:15:36 +0800
1150727,2026-07-27,上櫃,6144,得利影,13.75,-0.10,13.40,13.75,13.40,3000,40900,3,TPEX_CSV,2026-07-27 14:15:36 +0800
1150727,2026-07-27,上櫃,6146,耕興,193.00,+2.50,190.50,193.50,190.50,146000,28079000,142,TPEX_CSV,2026-07-27 14:15:36 +0800
1150727,2026-07-27,上櫃,6147,頎邦,155.00,-3.00,158.00,158.00,142.50,85044000,12759629000,31411,TPEX_CSV,2026-07-27 14:15:36 +0800
1150727,2026-07-27,上櫃,6148,驊宏資,28.80,+0.40,28.15,28.80,28.00,154000,4384300,106,TPEX_CSV,2026-07-27 14:15:36 +0800
1150727,2026-07-27,上櫃,6150,撼訊,55.30,-1.10,55.50,56.30,54.90,202000,11197200,143,TPEX_CSV,2026-07-27 14:15:36 +0800
1150727,2026-07-27,上櫃,6151,晉倫,35.80,+0.10,35.40,35.80,35.35,90000,3193600,57,TPEX_CSV,2026-07-27 14:15:36 +0800
1150727,2026-07-27,上櫃,6154,順發,13.80,+0.15,13.70,13.85,13.65,70000,959750,19,TPEX_CSV,2026-07-27 14:15:36 +0800
1150727,2026-07-27,上櫃,6156,松上,22.70,0.00,22.70,23.00,22.00,946000,21161700,563,TPEX_CSV,2026-07-27 14:15:36 +0800
1150727,2026-07-27,上櫃,6158,禾昌,17.90,-0.05,18.10,18.10,17.50,94000,1654500,68,TPEX_CSV,2026-07-27 14:15:36 +0800
1150727,2026-07-27,上櫃,6160,欣技,15.00,-0.25,15.50,15.50,14.75,43000,647750,36,TPEX_CSV,2026-07-27 14:15:36 +0800
1150727,2026-07-27,上櫃,6161,捷波,50.40,-0.50,50.60,51.00,49.15,116000,5799000,92,TPEX_CSV,2026-07-27 14:15:36 +0800
1150727,2026-07-27,上櫃,6163,華電網,41.00,0.00,40.15,41.50,39.40,1465000,59182300,962,TPEX_CSV,2026-07-27 14:15:36 +0800
1150727,2026-07-27,上櫃,6167,久正,10.55,-0.10,10.65,10.70,10.45,217000,2291650,100,TPEX_CSV,2026-07-27 14:15:36 +0800
1150727,2026-07-27,上櫃,6169,昱泉,13.75,-0.25,13.70,13.75,13.70,5000,68650,5,TPEX_CSV,2026-07-27 14:15:36 +0800
1150727,2026-07-27,上櫃,6170,統振,46.80,-0.25,47.00,47.05,46.65,100000,4676700,65,TPEX_CSV,2026-07-27 14:15:36 +0800
1150727,2026-07-27,上櫃,6171,大城地產,23.15,-0.05,23.15,23.15,23.15,1000,23150,1,TPEX_CSV,2026-07-27 14:15:36 +0800
1150727,2026-07-27,上櫃,6173,信昌電,181.00,+16.00,159.50,181.00,148.50,1954000,312730000,1050,TPEX_CSV,2026-07-27 14:15:36 +0800
1150727,2026-07-27,上櫃,6174,安碁,43.60,+0.10,43.80,45.80,42.70,2421000,107071100,1910,TPEX_CSV,2026-07-27 14:15:36 +0800
1150727,2026-07-27,上櫃,6175,立敦,81.70,-0.40,81.80,84.80,79.30,1763000,144176800,1226,TPEX_CSV,2026-07-27 14:15:36 +0800
1150727,2026-07-27,上櫃,6179,亞通,24.35,-0.35,24.70,25.00,24.15,484000,11797500,316,TPEX_CSV,2026-07-27 14:15:36 +0800
1150727,2026-07-27,上櫃,6180,橘子,43.45,+0.20,43.25,44.10,43.00,402000,17494650,297,TPEX_CSV,2026-07-27 14:15:36 +0800
1150727,2026-07-27,上櫃,6182,合晶,116.00,+2.00,110.00,116.00,103.50,24039000,2585283000,9837,TPEX_CSV,2026-07-27 14:15:36 +0800
1150727,2026-07-27,上櫃,6185,幃翔,14.15,-0.20,14.35,14.35,14.05,191000,2704900,85,TPEX_CSV,2026-07-27 14:15:36 +0800
1150727,2026-07-27,上櫃,6186,新潤,42.25,+0.05,42.20,42.65,42.00,687000,29070450,377,TPEX_CSV,2026-07-27 14:15:36 +0800
1150727,2026-07-27,上櫃,6187,萬潤,1035.00,+93.00,975.00,1035.00,957.00,3145000,3180700000,2423,TPEX_CSV,2026-07-27 14:15:36 +0800
1150727,2026-07-27,上櫃,6188,廣明,70.60,+0.20,70.70,70.70,68.80,705000,49164700,497,TPEX_CSV,2026-07-27 14:15:36 +0800
1150727,2026-07-27,上櫃,6190,萬泰科,71.20,+0.40,71.20,71.90,68.90,1420000,99873800,904,TPEX_CSV,2026-07-27 14:15:36 +0800
1150727,2026-07-27,上櫃,6194,育富,30.20,-0.05,30.20,30.20,30.00,31000,932400,16,TPEX_CSV,2026-07-27 14:15:36 +0800
1150727,2026-07-27,上櫃,6195,詩肯,27.05,-0.15,27.20,27.20,27.00,25000,677650,19,TPEX_CSV,2026-07-27 14:15:36 +0800
1150727,2026-07-27,上櫃,6198,瑞築,20.25,+0.45,20.40,20.40,20.25,4000,81150,2,TPEX_CSV,2026-07-27 14:15:36 +0800
1150727,2026-07-27,上櫃,6199,天品,100.00,-3.00,104.00,104.00,100.00,88000,8884000,80,TPEX_CSV,2026-07-27 14:15:36 +0800
1150727,2026-07-27,上櫃,6203,海韻電,66.70,+0.60,66.00,67.00,66.00,65000,4331800,64,TPEX_CSV,2026-07-27 14:15:36 +0800
1150727,2026-07-27,上櫃,6204,艾華,71.40,+0.80,69.80,73.20,68.90,134000,9418500,105,TPEX_CSV,2026-07-27 14:15:36 +0800
1150727,2026-07-27,上櫃,6207,雷科,108.50,-1.50,108.00,112.00,103.00,5094000,545421000,3457,TPEX_CSV,2026-07-27 14:15:36 +0800
1150727,2026-07-27,上櫃,6208,日揚,82.50,-0.70,83.30,83.30,81.00,298000,24351100,211,TPEX_CSV,2026-07-27 14:15:36 +0800
1150727,2026-07-27,上櫃,6210,慶生,19.35,-0.05,18.50,19.35,18.40,11000,205950,10,TPEX_CSV,2026-07-27 14:15:36 +0800
1150727,2026-07-27,上櫃,6212,理銘,28.95,+0.05,28.95,28.95,28.95,1000,28950,1,TPEX_CSV,2026-07-27 14:15:36 +0800
1150727,2026-07-27,上櫃,6217,中探針,138.00,-15.00,138.00,138.00,138.00,363000,50094000,281,TPEX_CSV,2026-07-27 14:15:36 +0800
1150727,2026-07-27,上櫃,6218,豪勉,33.80,-0.70,34.30,34.75,32.50,321000,10739950,240,TPEX_CSV,2026-07-27 14:15:36 +0800
1150727,2026-07-27,上櫃,6219,富旺,13.00,-0.15,13.30,13.30,12.80,123000,1591850,58,TPEX_CSV,2026-07-27 14:15:36 +0800
1150727,2026-07-27,上櫃,6220,岳豐,27.50,-1.10,28.35,28.50,27.25,262000,7288700,172,TPEX_CSV,2026-07-27 14:15:36 +0800
1150727,2026-07-27,上櫃,6221,晉泰,21.60,0.00,21.30,21.60,21.30,9000,192850,7,TPEX_CSV,2026-07-27 14:15:36 +0800
1150727,2026-07-27,上櫃,6222,立軒,20.60,-0.05,20.45,20.60,20.30,12000,244950,10,TPEX_CSV,2026-07-27 14:15:36 +0800
1150727,2026-07-27,上櫃,6223,旺矽,5720.00,+15.00,5760.00,5815.00,5475.00,602000,3384310000,532,TPEX_CSV,2026-07-27 14:15:36 +0800
1150727,2026-07-27,上櫃,6227,茂綸,116.50,+3.00,113.00,117.00,112.00,441000,50786500,349,TPEX_CSV,2026-07-27 14:15:36 +0800
1150727,2026-07-27,上櫃,6228,全譜,18.15,-0.50,18.40,18.40,18.00,3000,54550,3,TPEX_CSV,2026-07-27 14:15:36 +0800
1150727,2026-07-27,上櫃,6229,研通,23.45,-0.15,23.30,23.45,23.05,41000,953250,28,TPEX_CSV,2026-07-27 14:15:36 +0800
1150727,2026-07-27,上櫃,6231,系微,223.50,+2.00,219.50,223.50,214.50,242000,53076500,228,TPEX_CSV,2026-07-27 14:15:36 +0800
1150727,2026-07-27,上櫃,6233,旺玖,21.65,-0.45,22.20,22.90,21.30,708000,15389650,264,TPEX_CSV,2026-07-27 14:15:36 +0800
1150727,2026-07-27,上櫃,6234,高僑,35.45,-0.55,35.90,35.90,34.25,454000,15867100,294,TPEX_CSV,2026-07-27 14:15:36 +0800
1150727,2026-07-27,上櫃,6236,中湛,----,---,----,----,----,0,0,0,TPEX_CSV,2026-07-27 14:15:36 +0800
1150727,2026-07-27,上櫃,6237,驊訊,34.65,-0.20,35.00,35.10,34.10,194000,6698050,161,TPEX_CSV,2026-07-27 14:15:36 +0800
1150727,2026-07-27,上櫃,6240,松崗,18.05,-0.25,18.00,18.05,17.80,7000,125400,6,TPEX_CSV,2026-07-27 14:15:36 +0800
1150727,2026-07-27,上櫃,6241,鑫永洋,16.40,+0.20,16.00,16.50,15.85,292000,4740300,152,TPEX_CSV,2026-07-27 14:15:36 +0800
1150727,2026-07-27,上櫃,6242,立康,35.35,-0.45,35.50,35.50,35.35,5000,177150,5,TPEX_CSV,2026-07-27 14:15:36 +0800
1150727,2026-07-27,上櫃,6244,茂迪,23.50,-1.35,24.85,24.85,23.10,5049000,119940850,2633,TPEX_CSV,2026-07-27 14:15:36 +0800
1150727,2026-07-27,上櫃,6245,立端,83.00,-1.00,84.70,85.40,81.90,630000,52457000,510,TPEX_CSV,2026-07-27 14:15:36 +0800
1150727,2026-07-27,上櫃,6246,臺龍,13.10,+0.10,12.95,13.25,12.95,20000,261150,15,TPEX_CSV,2026-07-27 14:15:36 +0800
1150727,2026-07-27,上櫃,6248,沛波,17.75,0.00,17.75,17.75,17.60,66000,1166000,39,TPEX_CSV,2026-07-27 14:15:36 +0800
1150727,2026-07-27,上櫃,6259,百徽,31.10,除息,31.60,32.40,30.20,535000,16714900,400,TPEX_CSV,2026-07-27 14:15:36 +0800
1150727,2026-07-27,上櫃,6261,久元,81.70,-1.50,83.40,83.40,80.70,425000,34731400,319,TPEX_CSV,2026-07-27 14:15:36 +0800
1150727,2026-07-27,上櫃,6263,普萊德,149.50,-2.00,151.50,155.00,148.50,75000,11257500,68,TPEX_CSV,2026-07-27 14:15:36 +0800
1150727,2026-07-27,上櫃,6264,富裔,6.09,+0.07,5.91,6.11,5.91,5000,29990,4,TPEX_CSV,2026-07-27 14:15:36 +0800
1150727,2026-07-27,上櫃,6265,方土昶,48.00,+0.80,46.80,48.00,45.75,1180000,55073450,854,TPEX_CSV,2026-07-27 14:15:36 +0800
1150727,2026-07-27,上櫃,6266,泰詠,24.75,-0.10,24.85,24.90,24.65,91000,2252350,77,TPEX_CSV,2026-07-27 14:15:36 +0800
1150727,2026-07-27,上櫃,6270,倍微,30.10,-0.45,30.35,30.65,29.80,295000,8878350,179,TPEX_CSV,2026-07-27 14:15:36 +0800
1150727,2026-07-27,上櫃,6274,台燿,1255.00,+5.00,1290.00,1305.00,1205.00,5172000,6485400000,4179,TPEX_CSV,2026-07-27 14:15:36 +0800
1150727,2026-07-27,上櫃,6275,元山,43.20,-0.40,43.60,43.65,42.60,200000,8564850,136,TPEX_CSV,2026-07-27 14:15:36 +0800
1150727,2026-07-27,上櫃,6276,安鈦克,19.85,-0.25,20.10,20.50,19.75,65000,1292000,28,TPEX_CSV,2026-07-27 14:15:36 +0800
1150727,2026-07-27,上櫃,6279,胡連,115.50,0.00,116.50,117.50,115.00,229000,26645000,201,TPEX_CSV,2026-07-27 14:15:36 +0800
1150727,2026-07-27,上櫃,6284,佳邦,79.50,+1.30,77.60,82.00,77.60,1108000,88395700,865,TPEX_CSV,2026-07-27 14:15:36 +0800
1150727,2026-07-27,上櫃,6290,良維,233.00,-3.00,236.00,240.00,227.00,1473000,341161000,1091,TPEX_CSV,2026-07-27 14:15:36 +0800
1150727,2026-07-27,上櫃,6291,沛亨,371.00,-1.00,369.50,373.00,353.50,434000,157666000,355,TPEX_CSV,2026-07-27 14:15:36 +0800
1150727,2026-07-27,上櫃,6292,迅德,52.40,+3.05,49.40,52.40,49.15,61000,3039100,54,TPEX_CSV,2026-07-27 14:15:36 +0800
1150727,2026-07-27,上櫃,6294,智基,27.60,+0.10,27.60,27.60,27.60,1000,27600,1,TPEX_CSV,2026-07-27 14:15:36 +0800
1150727,2026-07-27,上櫃,6411,晶焱,79.80,-0.80,80.60,80.70,78.40,415000,32939900,344,TPEX_CSV,2026-07-27 14:15:36 +0800
1150727,2026-07-27,上櫃,6417,韋僑,118.00,-3.00,120.00,121.00,116.50,74000,8744000,72,TPEX_CSV,2026-07-27 14:15:36 +0800
1150727,2026-07-27,上櫃,6418,詠昇,31.65,+1.00,30.70,31.75,30.70,55000,1712500,51,TPEX_CSV,2026-07-27 14:15:36 +0800
1150727,2026-07-27,上櫃,6419,京晨科,134.50,-2.50,138.00,138.00,134.00,89000,12046000,83,TPEX_CSV,2026-07-27 14:15:36 +0800
1150727,2026-07-27,上櫃,6423,億而得,70.50,+0.60,68.20,70.50,68.20,37000,2562600,31,TPEX_CSV,2026-07-27 14:15:36 +0800
1150727,2026-07-27,上櫃,6425,易發,58.00,-0.10,57.20,58.10,56.60,175000,10060000,137,TPEX_CSV,2026-07-27 14:15:36 +0800
1150727,2026-07-27,上櫃,6432,今展科,76.30,+6.30,70.50,76.80,70.10,2155000,160205900,1614,TPEX_CSV,2026-07-27 14:15:36 +0800
1150727,2026-07-27,上櫃,6435,大中,260.00,-10.00,270.00,270.50,250.00,582000,150589000,485,TPEX_CSV,2026-07-27 14:15:36 +0800
1150727,2026-07-27,上櫃,6441,廣錠,20.90,+0.20,20.70,21.45,20.55,40000,827250,27,TPEX_CSV,2026-07-27 14:15:36 +0800
1150727,2026-07-27,上櫃,6461,益得,15.85,-1.55,16.60,16.60,15.75,833000,13440600,597,TPEX_CSV,2026-07-27 14:15:36 +0800
1150727,2026-07-27,上櫃,6462,神盾,98.70,-3.30,102.00,102.50,97.90,593000,58977400,422,TPEX_CSV,2026-07-27 14:15:36 +0800
1150727,2026-07-27,上櫃,6465,威潤,50.70,0.00,50.30,50.70,48.55,343000,17003300,264,TPEX_CSV,2026-07-27 14:15:36 +0800
1150727,2026-07-27,上櫃,6469,大樹,79.30,-0.90,80.20,80.20,78.80,440000,34872300,343,TPEX_CSV,2026-07-27 14:15:36 +0800
1150727,2026-07-27,上櫃,6470,宇智,46.85,-0.10,46.60,46.85,46.60,7000,326950,7,TPEX_CSV,2026-07-27 14:15:36 +0800
1150727,2026-07-27,上櫃,6474,華豫寧,37.40,-0.05,37.45,37.45,36.90,15000,557450,15,TPEX_CSV,2026-07-27 14:15:36 +0800
1150727,2026-07-27,上櫃,6482,弘煜科,28.25,+0.25,28.15,28.25,28.00,7000,196800,6,TPEX_CSV,2026-07-27 14:15:36 +0800
1150727,2026-07-27,上櫃,6485,點序,64.40,+1.50,62.90,64.40,60.30,395000,24474200,277,TPEX_CSV,2026-07-27 14:15:36 +0800
1150727,2026-07-27,上櫃,6486,互動,78.50,-0.10,78.40,78.90,76.50,215000,16661800,134,TPEX_CSV,2026-07-27 14:15:36 +0800
1150727,2026-07-27,上櫃,6488,環球晶,1065.00,+35.00,1030.00,1065.00,1005.00,5597000,5772340000,3913,TPEX_CSV,2026-07-27 14:15:36 +0800
1150727,2026-07-27,上櫃,6492,生華科,40.60,-0.15,40.80,40.80,39.45,151000,6041250,95,TPEX_CSV,2026-07-27 14:15:36 +0800
1150727,2026-07-27,上櫃,6494,九齊,48.70,-0.70,48.85,49.20,48.10,128000,6210150,96,TPEX_CSV,2026-07-27 14:15:36 +0800
1150727,2026-07-27,上櫃,6496,科懋,24.70,+0.50,24.70,24.70,24.70,1000,24700,1,TPEX_CSV,2026-07-27 14:15:36 +0800
1150727,2026-07-27,上櫃,6498,久禾光,78.20,-0.80,79.00,80.40,78.10,190000,14978200,135,TPEX_CSV,2026-07-27 14:15:36 +0800
1150727,2026-07-27,上櫃,6499,益安,63.20,0.00,63.20,63.50,62.00,167000,10482700,132,TPEX_CSV,2026-07-27 14:15:36 +0800
1150727,2026-07-27,上櫃,6506,雙邦,17.30,+0.05,17.10,17.40,17.05,55000,946750,43,TPEX_CSV,2026-07-27 14:15:36 +0800
1150727,2026-07-27,上櫃,6508,惠光,27.10,-0.55,27.45,27.80,26.70,101000,2766600,75,TPEX_CSV,2026-07-27 14:15:36 +0800
1150727,2026-07-27,上櫃,6509,聚和,46.75,-0.45,46.95,47.40,46.40,1374000,64098150,792,TPEX_CSV,2026-07-27 14:15:36 +0800
1150727,2026-07-27,上櫃,6510,精測,2660.00,+70.00,2635.00,2665.00,2535.00,256000,668005000,249,TPEX_CSV,2026-07-27 14:15:36 +0800
1150727,2026-07-27,上櫃,6512,啟發電,----,---,----,----,----,0,0,0,TPEX_CSV,2026-07-27 14:15:36 +0800
1150727,2026-07-27,上櫃,6516,勤崴國際,57.60,+0.30,57.30,57.80,57.20,18000,1035900,18,TPEX_CSV,2026-07-27 14:15:36 +0800
1150727,2026-07-27,上櫃,6517,保勝光學,67.30,+1.70,65.60,70.60,64.80,1023000,69497700,818,TPEX_CSV,2026-07-27 14:15:36 +0800
1150727,2026-07-27,上櫃,6523,達爾膚,91.90,+1.80,90.10,91.90,89.90,17000,1535000,17,TPEX_CSV,2026-07-27 14:15:36 +0800
1150727,2026-07-27,上櫃,6527,明達醫,68.60,+0.10,68.60,68.60,68.60,2000,137200,2,TPEX_CSV,2026-07-27 14:15:36 +0800
1150727,2026-07-27,上櫃,6530,創威,74.50,+2.00,72.50,76.90,71.20,909000,67646900,755,TPEX_CSV,2026-07-27 14:15:36 +0800
1150727,2026-07-27,上櫃,6532,瑞耘,68.80,0.00,68.60,68.80,67.20,114000,7744400,83,TPEX_CSV,2026-07-27 14:15:36 +0800
1150727,2026-07-27,上櫃,6535,順藥,94.00,+3.90,91.10,94.30,88.00,177000,16252300,143,TPEX_CSV,2026-07-27 14:15:36 +0800
1150727,2026-07-27,上櫃,6538,倉和,126.50,-7.00,132.00,134.50,126.00,1145000,147492000,862,TPEX_CSV,2026-07-27 14:15:36 +0800
1150727,2026-07-27,上櫃,6542,隆中,48.15,-0.05,48.20,48.20,47.50,5000,239500,5,TPEX_CSV,2026-07-27 14:15:36 +0800
1150727,2026-07-27,上櫃,6546,正基,59.90,+0.10,59.80,60.20,59.00,211000,12560000,157,TPEX_CSV,2026-07-27 14:15:36 +0800
1150727,2026-07-27,上櫃,6547,高端疫苗,47.35,+0.20,48.00,48.35,47.20,2271000,108435850,1236,TPEX_CSV,2026-07-27 14:15:36 +0800
1150727,2026-07-27,上櫃,6548,長科*,68.20,+0.20,67.60,68.70,65.70,2974000,200212400,1884,TPEX_CSV,2026-07-27 14:15:36 +0800
1150727,2026-07-27,上櫃,6556,勝品,66.00,+0.70,65.30,66.00,65.30,3000,196600,3,TPEX_CSV,2026-07-27 14:15:36 +0800
1150727,2026-07-27,上櫃,6560,欣普羅,32.45,-1.05,32.50,33.10,32.35,22000,718300,20,TPEX_CSV,2026-07-27 14:15:36 +0800
1150727,2026-07-27,上櫃,6561,是方,322.00,-3.50,322.50,323.50,320.50,34000,10948500,33,TPEX_CSV,2026-07-27 14:15:36 +0800
1150727,2026-07-27,上櫃,6568,宏觀,141.00,0.00,140.50,142.50,139.00,79000,11100000,67,TPEX_CSV,2026-07-27 14:15:36 +0800
1150727,2026-07-27,上櫃,6569,醫揚,104.00,0.00,104.50,104.50,103.50,24000,2495500,19,TPEX_CSV,2026-07-27 14:15:36 +0800
1150727,2026-07-27,上櫃,6570,維田,49.80,-2.10,50.60,52.40,49.45,125000,6239350,104,TPEX_CSV,2026-07-27 14:15:36 +0800
1150727,2026-07-27,上櫃,6574,霈方,124.50,-2.50,126.00,127.00,122.50,103000,12778500,87,TPEX_CSV,2026-07-27 14:15:36 +0800
1150727,2026-07-27,上櫃,6576,逸達,81.60,-0.40,81.40,81.90,80.80,86000,6993600,53,TPEX_CSV,2026-07-27 14:15:36 +0800
1150727,2026-07-27,上櫃,6577,勁豐,89.50,-4.90,96.00,96.80,86.60,2602000,239981800,1723,TPEX_CSV,2026-07-27 14:15:36 +0800
1150727,2026-07-27,上櫃,6578,達邦蛋白,16.35,+0.25,16.10,16.40,16.10,90000,1463700,28,TPEX_CSV,2026-07-27 14:15:36 +0800
1150727,2026-07-27,上櫃,6584,南俊國際,519.00,-17.00,535.00,535.00,500.00,306000,156670000,270,TPEX_CSV,2026-07-27 14:15:36 +0800
1150727,2026-07-27,上櫃,6588,東典光電,89.60,+8.10,85.50,89.60,78.10,4458000,377474200,3200,TPEX_CSV,2026-07-27 14:15:36 +0800
1150727,2026-07-27,上櫃,6590,普鴻,66.10,0.00,66.20,66.20,66.10,4000,264500,4,TPEX_CSV,2026-07-27 14:15:36 +0800
1150727,2026-07-27,上櫃,6593,台灣銘板,33.40,+0.30,33.20,33.40,33.00,17000,564250,16,TPEX_CSV,2026-07-27 14:15:36 +0800
1150727,2026-07-27,上櫃,6596,寬宏藝術,88.00,+0.40,87.60,88.90,87.50,78000,6857100,56,TPEX_CSV,2026-07-27 14:15:36 +0800
1150727,2026-07-27,上櫃,6597,立誠,62.60,+2.10,62.60,62.60,62.60,1000,62600,1,TPEX_CSV,2026-07-27 14:15:36 +0800
1150727,2026-07-27,上櫃,6603,富強鑫,25.90,+1.75,24.60,25.90,24.50,2835000,72257700,1407,TPEX_CSV,2026-07-27 14:15:36 +0800
1150727,2026-07-27,上櫃,6609,瀧澤科,38.10,-0.25,38.40,38.90,37.60,120000,4583100,99,TPEX_CSV,2026-07-27 14:15:36 +0800
1150727,2026-07-27,上櫃,6612,奈米醫材,69.60,-1.40,70.70,72.10,69.40,46000,3214300,43,TPEX_CSV,2026-07-27 14:15:36 +0800
1150727,2026-07-27,上櫃,6613,朋億*,307.00,-0.50,303.00,307.00,296.50,344000,103671000,271,TPEX_CSV,2026-07-27 14:15:36 +0800
1150727,2026-07-27,上櫃,6615,慧智,33.60,-0.40,33.50,33.60,33.50,4000,134300,4,TPEX_CSV,2026-07-27 14:15:36 +0800
1150727,2026-07-27,上櫃,6616,特昇-KY,8.95,0.00,8.98,8.99,8.95,4000,35900,3,TPEX_CSV,2026-07-27 14:15:36 +0800
1150727,2026-07-27,上櫃,6617,共信-KY,84.10,-1.70,88.90,90.20,83.10,447000,38702700,396,TPEX_CSV,2026-07-27 14:15:36 +0800
1150727,2026-07-27,上櫃,6620,漢達,89.00,+4.80,82.90,89.90,82.90,837000,73688500,616,TPEX_CSV,2026-07-27 14:15:36 +0800
1150727,2026-07-27,上櫃,6624,萬年清,----,---,----,----,----,0,0,0,TPEX_CSV,2026-07-27 14:15:36 +0800
1150727,2026-07-27,上櫃,6629,泰金-KY,105.50,-1.00,106.00,106.00,105.50,4000,422500,4,TPEX_CSV,2026-07-27 14:15:36 +0800
1150727,2026-07-27,上櫃,6637,醫影,62.90,-0.60,63.30,63.50,62.60,21000,1323900,19,TPEX_CSV,2026-07-27 14:15:36 +0800
1150727,2026-07-27,上櫃,6640,均華,942.00,+25.00,905.00,945.00,882.00,131000,120103000,128,TPEX_CSV,2026-07-27 14:15:36 +0800
1150727,2026-07-27,上櫃,6642,富致,75.50,-0.90,76.40,77.10,74.20,157000,11830600,148,TPEX_CSV,2026-07-27 14:15:36 +0800
1150727,2026-07-27,上櫃,6643,M31,435.50,除息,418.00,439.00,412.00,399000,170224500,369,TPEX_CSV,2026-07-27 14:15:36 +0800
1150727,2026-07-27,上櫃,6649,台生材,----,---,----,----,----,0,0,0,TPEX_CSV,2026-07-27 14:15:36 +0800
1150727,2026-07-27,上櫃,6651,全宇昕,122.50,+0.50,120.50,123.00,118.50,141000,17008000,108,TPEX_CSV,2026-07-27 14:15:36 +0800
1150727,2026-07-27,上櫃,6654,天正國際,172.00,-6.00,177.00,177.00,171.00,35000,6084500,32,TPEX_CSV,2026-07-27 14:15:36 +0800
1150727,2026-07-27,上櫃,6661,威健生技,17.90,+0.40,17.90,17.90,17.90,1000,17900,1,TPEX_CSV,2026-07-27 14:15:36 +0800
1150727,2026-07-27,上櫃,6662,樂斯科,29.50,-1.30,30.00,30.00,29.50,2000,59500,2,TPEX_CSV,2026-07-27 14:15:36 +0800
1150727,2026-07-27,上櫃,6664,群翊,371.00,+19.00,352.50,374.00,352.00,424000,153540500,363,TPEX_CSV,2026-07-27 14:15:36 +0800
1150727,2026-07-27,上櫃,6667,信紘科,243.00,+4.00,235.00,243.00,233.00,158000,37304000,148,TPEX_CSV,2026-07-27 14:15:36 +0800
1150727,2026-07-27,上櫃,6679,鈺太,221.00,-1.50,222.50,224.00,216.50,281000,61599500,201,TPEX_CSV,2026-07-27 14:15:36 +0800
1150727,2026-07-27,上櫃,6680,鑫創電子,55.20,+0.30,55.00,55.90,55.00,5000,277200,5,TPEX_CSV,2026-07-27 14:15:36 +0800
1150727,2026-07-27,上櫃,6683,雍智科技,1155.00,-35.00,1195.00,1195.00,1080.00,101000,113830000,96,TPEX_CSV,2026-07-27 14:15:36 +0800
1150727,2026-07-27,上櫃,6684,安格,49.00,-0.25,49.25,49.25,48.00,75000,3644450,65,TPEX_CSV,2026-07-27 14:15:36 +0800
1150727,2026-07-27,上櫃,6690,安碁資訊,162.50,0.00,162.50,163.00,162.00,11000,1788500,11,TPEX_CSV,2026-07-27 14:15:36 +0800
1150727,2026-07-27,上櫃,6692,進能服,23.05,+0.05,23.05,23.75,22.95,5000,116300,5,TPEX_CSV,2026-07-27 14:15:36 +0800
1150727,2026-07-27,上櫃,6693,廣閎科,172.50,-10.50,179.00,181.50,168.00,741000,128223500,570,TPEX_CSV,2026-07-27 14:15:36 +0800
1150727,2026-07-27,上櫃,6697,東捷資訊,40.40,-0.30,40.55,40.60,40.00,16000,645350,16,TPEX_CSV,2026-07-27 14:15:36 +0800
1150727,2026-07-27,上櫃,6703,軒郁,106.00,-1.00,107.00,107.00,106.00,13000,1382000,12,TPEX_CSV,2026-07-27 14:15:36 +0800
1150727,2026-07-27,上櫃,6708,天擎,38.15,+0.65,37.50,38.15,36.70,12000,446850,12,TPEX_CSV,2026-07-27 14:15:36 +0800
1150727,2026-07-27,上櫃,6712,長聖,148.00,+0.50,149.50,151.50,147.50,330000,49101500,270,TPEX_CSV,2026-07-27 14:15:36 +0800
1150727,2026-07-27,上櫃,6716,應廣,82.40,-0.40,81.10,83.00,80.80,86000,7022800,79,TPEX_CSV,2026-07-27 14:15:36 +0800
1150727,2026-07-27,上櫃,6720,久昌,136.50,+1.50,133.00,137.00,132.00,100000,13440000,79,TPEX_CSV,2026-07-27 14:15:36 +0800
1150727,2026-07-27,上櫃,6721,信實,52.60,0.00,52.60,53.00,52.50,8000,421300,8,TPEX_CSV,2026-07-27 14:15:36 +0800
1150727,2026-07-27,上櫃,6725,矽科宏晟,290.00,-9.50,299.50,299.50,286.00,132000,38331000,107,TPEX_CSV,2026-07-27 14:15:36 +0800
1150727,2026-07-27,上櫃,6727,亞泰金屬,381.00,+8.50,372.50,382.50,370.50,165000,62045000,145,TPEX_CSV,2026-07-27 14:15:36 +0800
1150727,2026-07-27,上櫃,6728,上洋,110.00,+0.50,109.50,110.00,109.50,9000,987500,9,TPEX_CSV,2026-07-27 14:15:36 +0800
1150727,2026-07-27,上櫃,6730,常廣,34.05,-0.10,34.50,34.95,33.65,17000,579200,13,TPEX_CSV,2026-07-27 14:15:36 +0800
1150727,2026-07-27,上櫃,6732,昇佳電子,168.50,-2.50,171.00,173.50,166.50,301000,50892000,250,TPEX_CSV,2026-07-27 14:15:36 +0800
1150727,2026-07-27,上櫃,6733,博晟生醫,23.95,-0.10,23.90,24.05,23.80,95000,2268700,62,TPEX_CSV,2026-07-27 14:15:36 +0800
1150727,2026-07-27,上櫃,6735,美達科技,66.00,-0.50,66.50,66.50,64.20,99000,6457000,73,TPEX_CSV,2026-07-27 14:15:36 +0800
1150727,2026-07-27,上櫃,6739,竹陞科技,1045.00,-30.00,1055.00,1080.00,1025.00,158000,165560000,151,TPEX_CSV,2026-07-27 14:15:36 +0800
1150727,2026-07-27,上櫃,6741,91APP*-KY,55.30,+0.30,55.00,55.50,54.30,214000,11737100,143,TPEX_CSV,2026-07-27 14:15:36 +0800
1150727,2026-07-27,上櫃,6751,智聯服務,40.40,+0.05,40.40,40.40,40.40,13000,525200,5,TPEX_CSV,2026-07-27 14:15:36 +0800
1150727,2026-07-27,上櫃,6752,叡揚,98.80,+0.20,99.90,99.90,98.00,7000,689400,7,TPEX_CSV,2026-07-27 14:15:36 +0800
1150727,2026-07-27,上櫃,6761,穩得,151.50,+1.00,154.00,154.50,148.50,100000,15072500,91,TPEX_CSV,2026-07-27 14:15:36 +0800
1150727,2026-07-27,上櫃,6762,達亞,179.00,+9.00,174.00,179.00,174.00,3000,531000,3,TPEX_CSV,2026-07-27 14:15:36 +0800
1150727,2026-07-27,上櫃,6763,綠界科技*,42.55,-0.35,42.70,42.70,42.30,81000,3440900,56,TPEX_CSV,2026-07-27 14:15:36 +0800
1150727,2026-07-27,上櫃,6767,台微醫,24.80,+0.20,24.90,24.90,24.25,9000,221550,8,TPEX_CSV,2026-07-27 14:15:36 +0800
1150727,2026-07-27,上櫃,6785,昱展新藥,109.50,+1.00,107.50,110.00,107.00,23000,2504500,23,TPEX_CSV,2026-07-27 14:15:36 +0800
1150727,2026-07-27,上櫃,6788,華景電,341.50,-6.50,352.00,352.00,332.50,260000,88440000,229,TPEX_CSV,2026-07-27 14:15:36 +0800
1150727,2026-07-27,上櫃,6791,虎門科技,104.50,-0.50,106.00,106.00,102.50,27000,2803500,22,TPEX_CSV,2026-07-27 14:15:36 +0800
1150727,2026-07-27,上櫃,6803,崑鼎,273.50,-0.50,273.50,274.00,271.50,26000,7092000,21,TPEX_CSV,2026-07-27 14:15:36 +0800
1150727,2026-07-27,上櫃,6804,明係,18.90,+1.70,18.25,18.90,18.25,482000,9056850,218,TPEX_CSV,2026-07-27 14:15:36 +0800
1150727,2026-07-27,上櫃,6811,宏碁資訊,232.50,-5.50,238.00,238.00,229.00,253000,58608000,196,TPEX_CSV,2026-07-27 14:15:36 +0800
1150727,2026-07-27,上櫃,6821,聯寶,42.50,+0.35,43.40,43.40,41.40,117000,4934900,97,TPEX_CSV,2026-07-27 14:15:36 +0800
1150727,2026-07-27,上櫃,6823,濾能,66.30,+2.90,64.30,69.70,64.00,291000,19696100,242,TPEX_CSV,2026-07-27 14:15:36 +0800
1150727,2026-07-27,上櫃,6829,千附精密,190.50,-5.00,196.00,196.00,186.00,689000,130841500,547,TPEX_CSV,2026-07-27 14:15:36 +0800
1150727,2026-07-27,上櫃,6840,東研信超,62.00,+2.10,61.20,62.00,60.00,52000,3163100,38,TPEX_CSV,2026-07-27 14:15:36 +0800
1150727,2026-07-27,上櫃,6841,長佳智能,57.00,-0.40,57.60,57.60,56.80,174000,9918600,140,TPEX_CSV,2026-07-27 14:15:36 +0800
1150727,2026-07-27,上櫃,6843,進典,40.00,+0.50,39.55,40.00,39.50,12000,474550,12,TPEX_CSV,2026-07-27 14:15:36 +0800
1150727,2026-07-27,上櫃,6844,諾貝兒,61.50,-0.60,62.10,62.10,61.10,48000,2941400,41,TPEX_CSV,2026-07-27 14:15:36 +0800
1150727,2026-07-27,上櫃,6846,綠茵,63.80,+0.40,62.90,64.30,62.70,11000,697100,11,TPEX_CSV,2026-07-27 14:15:36 +0800
1150727,2026-07-27,上櫃,6855,數泓科,----,---,----,----,----,0,0,0,TPEX_CSV,2026-07-27 14:15:36 +0800
1150727,2026-07-27,上櫃,6856,鑫傳,45.35,+1.15,45.35,45.35,45.35,1000,45350,1,TPEX_CSV,2026-07-27 14:15:36 +0800
1150727,2026-07-27,上櫃,6859,伯特光,98.90,+0.90,98.00,98.90,96.20,23000,2242200,23,TPEX_CSV,2026-07-27 14:15:36 +0800
1150727,2026-07-27,上櫃,6865,偉康科技,25.05,0.00,25.05,25.05,25.05,4000,100200,3,TPEX_CSV,2026-07-27 14:15:36 +0800
1150727,2026-07-27,上櫃,6870,騰雲,258.00,+2.00,253.00,262.50,235.00,125000,30863000,117,TPEX_CSV,2026-07-27 14:15:36 +0800
1150727,2026-07-27,上櫃,6872,浩宇生醫,15.95,0.00,15.95,15.95,15.80,14000,223100,10,TPEX_CSV,2026-07-27 14:15:36 +0800
1150727,2026-07-27,上櫃,6874,倍力,78.80,-0.60,79.00,79.00,77.90,24000,1879300,24,TPEX_CSV,2026-07-27 14:15:36 +0800
1150727,2026-07-27,上櫃,6875,國邑*,35.30,+0.15,35.85,35.85,34.90,24000,846800,22,TPEX_CSV,2026-07-27 14:15:36 +0800
1150727,2026-07-27,上櫃,6877,鏵友益,122.50,0.00,119.00,124.00,117.00,94000,11381000,72,TPEX_CSV,2026-07-27 14:15:36 +0800
1150727,2026-07-27,上櫃,6881,潤德,204.00,0.00,204.00,204.00,204.00,1000,204000,1,TPEX_CSV,2026-07-27 14:15:36 +0800
1150727,2026-07-27,上櫃,6884,海柏特,31.00,-0.45,30.70,31.00,30.70,5000,154200,4,TPEX_CSV,2026-07-27 14:15:36 +0800
1150727,2026-07-27,上櫃,6894,衛司特,327.50,-1.50,331.00,334.00,327.50,25000,8260000,24,TPEX_CSV,2026-07-27 14:15:36 +0800
1150727,2026-07-27,上櫃,6895,宏碩系統,121.00,0.00,120.50,121.00,118.00,69000,8214500,51,TPEX_CSV,2026-07-27 14:15:36 +0800
1150727,2026-07-27,上櫃,6899,創為精密,50.80,-1.20,53.00,53.00,50.80,11000,569800,7,TPEX_CSV,2026-07-27 14:15:36 +0800
1150727,2026-07-27,上櫃,6903,巨漢,343.50,-12.50,356.50,357.00,337.00,645000,221154500,554,TPEX_CSV,2026-07-27 14:15:36 +0800
1150727,2026-07-27,上櫃,6904,伯鑫,----,---,----,----,----,0,0,0,TPEX_CSV,2026-07-27 14:15:36 +0800
1150727,2026-07-27,上櫃,6907,雅特力-KY,197.00,-6.00,200.00,200.00,189.50,459000,88924000,373,TPEX_CSV,2026-07-27 14:15:36 +0800
1150727,2026-07-27,上櫃,6910,德鴻,24.60,+0.10,24.55,24.60,24.55,8000,196500,7,TPEX_CSV,2026-07-27 14:15:36 +0800
1150727,2026-07-27,上櫃,6913,鴻呈,123.00,0.00,123.00,123.00,119.50,68000,8249500,57,TPEX_CSV,2026-07-27 14:15:36 +0800
1150727,2026-07-27,上櫃,6922,宸曜,183.50,-5.00,189.00,189.50,180.00,104000,19152000,96,TPEX_CSV,2026-07-27 14:15:36 +0800
1150727,2026-07-27,上櫃,6925,意藍,54.60,0.00,53.60,54.60,53.10,6000,324000,5,TPEX_CSV,2026-07-27 14:15:36 +0800
1150727,2026-07-27,上櫃,6929,佑全,----,---,----,----,----,0,0,0,TPEX_CSV,2026-07-27 14:15:36 +0800
1150727,2026-07-27,上櫃,6945,圓祥生技,94.40,-1.40,95.40,95.90,92.90,186000,17536500,152,TPEX_CSV,2026-07-27 14:15:36 +0800
1150727,2026-07-27,上櫃,6953,家碩,216.50,-3.00,213.50,220.00,213.00,24000,5165500,23,TPEX_CSV,2026-07-27 14:15:36 +0800
1150727,2026-07-27,上櫃,6961,旅天下,52.60,+0.10,52.10,52.60,52.00,13000,680100,10,TPEX_CSV,2026-07-27 14:15:36 +0800
1150727,2026-07-27,上櫃,6967,汎瑋材料,70.40,-1.10,71.40,71.40,69.60,76000,5344900,65,TPEX_CSV,2026-07-27 14:15:36 +0800
1150727,2026-07-27,上櫃,6968,萬達寵物,43.80,-0.15,44.40,44.40,43.50,41000,1794300,31,TPEX_CSV,2026-07-27 14:15:36 +0800
1150727,2026-07-27,上櫃,6971,惠民實業,26.75,+0.30,26.55,26.80,26.55,22000,586300,20,TPEX_CSV,2026-07-27 14:15:36 +0800
1150727,2026-07-27,上櫃,6982,大井泵浦,49.00,-0.80,49.60,49.85,48.05,48000,2333050,44,TPEX_CSV,2026-07-27 14:15:36 +0800
1150727,2026-07-27,上櫃,6983,華洋精機,322.00,0.00,311.00,332.50,311.00,13000,4187500,12,TPEX_CSV,2026-07-27 14:15:36 +0800
1150727,2026-07-27,上櫃,6986,和迅,45.30,+0.45,44.85,45.80,44.20,103000,4645700,86,TPEX_CSV,2026-07-27 14:15:36 +0800
1150727,2026-07-27,上櫃,6996,力領科技,177.50,+1.50,176.50,178.00,176.00,31000,5488000,31,TPEX_CSV,2026-07-27 14:15:36 +0800
1150727,2026-07-27,上櫃,6997,博弘,----,---,----,----,----,0,0,0,TPEX_CSV,2026-07-27 14:15:36 +0800
1150727,2026-07-27,上櫃,7402,邑錡,105.00,-4.50,109.00,109.00,103.00,494000,52129000,365,TPEX_CSV,2026-07-27 14:15:36 +0800
1150727,2026-07-27,上櫃,7547,碩網,52.70,-0.60,54.60,54.60,51.00,9000,468200,9,TPEX_CSV,2026-07-27 14:15:36 +0800
1150727,2026-07-27,上櫃,7556,意德士,218.00,+1.00,217.00,218.50,212.00,39000,8357000,37,TPEX_CSV,2026-07-27 14:15:36 +0800
1150727,2026-07-27,上櫃,7584,樂意,25.85,-1.15,27.15,27.15,25.85,2000,53000,2,TPEX_CSV,2026-07-27 14:15:36 +0800
1150727,2026-07-27,上櫃,7642,昶瑞機電,81.80,+0.80,81.00,81.80,77.20,30000,2385600,29,TPEX_CSV,2026-07-27 14:15:36 +0800
1150727,2026-07-27,上櫃,7703,銳澤,179.00,-4.00,180.00,180.00,176.00,102000,18153000,92,TPEX_CSV,2026-07-27 14:15:36 +0800
1150727,2026-07-27,上櫃,7704,明遠精密,53.40,-0.20,54.20,55.00,52.80,47000,2527800,38,TPEX_CSV,2026-07-27 14:15:36 +0800
1150727,2026-07-27,上櫃,7708,全家餐飲,94.10,+0.20,94.30,94.30,94.10,12000,1129900,11,TPEX_CSV,2026-07-27 14:15:36 +0800
1150727,2026-07-27,上櫃,7709,榮田,68.40,-2.80,70.00,71.80,66.70,47000,3257200,46,TPEX_CSV,2026-07-27 14:15:36 +0800
1150727,2026-07-27,上櫃,7712,博盛半導體,141.50,-1.00,142.00,142.50,136.00,157000,21853500,139,TPEX_CSV,2026-07-27 14:15:36 +0800
1150727,2026-07-27,上櫃,7713,威力德生醫,70.40,-0.20,70.60,70.80,70.00,19000,1337000,15,TPEX_CSV,2026-07-27 14:15:36 +0800
1150727,2026-07-27,上櫃,7714,創泓科技,157.50,-16.50,174.00,176.50,157.00,361000,57756500,298,TPEX_CSV,2026-07-27 14:15:36 +0800
1150727,2026-07-27,上櫃,7715,裕山,30.50,-0.75,31.65,31.65,30.35,27000,828050,25,TPEX_CSV,2026-07-27 14:15:36 +0800
1150727,2026-07-27,上櫃,7716,昱臺國際,24.90,-0.05,24.90,24.90,24.90,1000,24900,1,TPEX_CSV,2026-07-27 14:15:36 +0800
1150727,2026-07-27,上櫃,7717,萊德光電-KY,438.50,+2.00,434.50,446.00,420.00,115000,49461500,110,TPEX_CSV,2026-07-27 14:15:36 +0800
1150727,2026-07-27,上櫃,7718,友鋮,47.50,+0.75,46.75,47.65,46.75,58000,2740550,40,TPEX_CSV,2026-07-27 14:15:36 +0800
1150727,2026-07-27,上櫃,7723,築間,20.25,0.00,20.40,20.40,20.00,47000,947900,30,TPEX_CSV,2026-07-27 14:15:36 +0800
1150727,2026-07-27,上櫃,7728,光焱科技,614.00,-17.00,609.00,614.00,592.00,16000,9669000,16,TPEX_CSV,2026-07-27 14:15:36 +0800
1150727,2026-07-27,上櫃,7734,印能科技,3430.00,-30.00,3460.00,3500.00,3140.00,284000,956265000,275,TPEX_CSV,2026-07-27 14:15:36 +0800
1150727,2026-07-27,上櫃,7738,東聯互動,167.50,+0.50,167.00,168.50,166.00,13000,2169000,13,TPEX_CSV,2026-07-27 14:15:36 +0800
1150727,2026-07-27,上櫃,7743,金利食安,21.00,0.00,21.00,21.00,21.00,3000,63000,1,TPEX_CSV,2026-07-27 14:15:36 +0800
1150727,2026-07-27,上櫃,7744,崴寶,408.50,-2.00,418.00,418.00,401.00,40000,16215500,40,TPEX_CSV,2026-07-27 14:15:36 +0800
1150727,2026-07-27,上櫃,7747,昕奇雲端,117.00,+1.00,117.00,117.00,117.00,2000,234000,1,TPEX_CSV,2026-07-27 14:15:36 +0800
1150727,2026-07-27,上櫃,7751,竑騰,1255.00,+110.00,1195.00,1255.00,1145.00,316000,391040000,182,TPEX_CSV,2026-07-27 14:15:36 +0800
1150727,2026-07-27,上櫃,7753,星亞,40.20,-1.10,41.40,41.40,40.00,24000,978850,23,TPEX_CSV,2026-07-27 14:15:36 +0800
1150727,2026-07-27,上櫃,7757,金色三麥,91.60,+0.60,91.00,91.60,91.00,5000,455600,4,TPEX_CSV,2026-07-27 14:15:36 +0800
1150727,2026-07-27,上櫃,7767,仁大資訊,47.50,+1.65,46.00,49.90,45.60,61000,2865000,52,TPEX_CSV,2026-07-27 14:15:36 +0800
1150727,2026-07-27,上櫃,7770,君曜,----,---,----,----,----,0,0,0,TPEX_CSV,2026-07-27 14:15:36 +0800
1150727,2026-07-27,上櫃,7772,耀穎,93.30,-0.20,91.00,93.30,88.80,71000,6423200,62,TPEX_CSV,2026-07-27 14:15:36 +0800
1150727,2026-07-27,上櫃,7777,能率亞洲,40.00,+0.50,40.00,40.00,38.75,1658000,65258600,1183,TPEX_CSV,2026-07-27 14:15:36 +0800
1150727,2026-07-27,上櫃,7782,光速火箭,----,---,----,----,----,0,0,0,TPEX_CSV,2026-07-27 14:15:36 +0800
1150727,2026-07-27,上櫃,7792,安葆,215.00,+6.00,205.00,215.00,203.00,233000,48827500,180,TPEX_CSV,2026-07-27 14:15:36 +0800
1150727,2026-07-27,上櫃,7794,宏碁智新,29.05,-0.25,29.30,29.30,29.05,3000,87450,3,TPEX_CSV,2026-07-27 14:15:36 +0800
1150727,2026-07-27,上櫃,7805,威聯通,603.00,-5.00,605.00,611.00,600.00,21000,12670000,20,TPEX_CSV,2026-07-27 14:15:36 +0800
1150727,2026-07-27,上櫃,7810,捷創科技,194.50,-2.00,191.00,198.50,190.50,42000,8079000,35,TPEX_CSV,2026-07-27 14:15:36 +0800
1150727,2026-07-27,上櫃,7811,民盛,72.00,-0.40,72.00,72.00,72.00,9000,648000,9,TPEX_CSV,2026-07-27 14:15:36 +0800
1150727,2026-07-27,上櫃,7814,海昌生技,31.00,+0.10,30.50,31.00,30.05,72000,2193900,54,TPEX_CSV,2026-07-27 14:15:36 +0800
1150727,2026-07-27,上櫃,7819,精誠金融,35.60,+0.10,35.50,36.70,35.50,21000,748900,16,TPEX_CSV,2026-07-27 14:15:36 +0800
1150727,2026-07-27,上櫃,7820,立盈,106.00,0.00,106.00,106.00,106.00,2000,212000,2,TPEX_CSV,2026-07-27 14:15:36 +0800
1150727,2026-07-27,上櫃,7828,創新服務,1585.00,-145.00,1720.00,1720.00,1560.00,368000,588140000,343,TPEX_CSV,2026-07-27 14:15:36 +0800
1150727,2026-07-27,上櫃,7839,達人網,45.60,0.00,45.30,45.60,45.00,7000,317700,6,TPEX_CSV,2026-07-27 14:15:36 +0800
1150727,2026-07-27,上櫃,7842,天能綠電,88.90,-0.60,89.50,89.50,86.00,18000,1570300,16,TPEX_CSV,2026-07-27 14:15:36 +0800
1150727,2026-07-27,上櫃,8024,佑華,15.00,-0.40,15.45,15.50,14.35,48000,710150,33,TPEX_CSV,2026-07-27 14:15:36 +0800
1150727,2026-07-27,上櫃,8027,鈦昇,193.50,-3.50,198.00,198.00,185.50,529000,100737500,393,TPEX_CSV,2026-07-27 14:15:36 +0800
1150727,2026-07-27,上櫃,8032,光菱,36.30,-0.25,35.60,36.45,35.55,45000,1609300,37,TPEX_CSV,2026-07-27 14:15:36 +0800
1150727,2026-07-27,上櫃,8034,榮群,19.95,+0.15,20.00,20.15,19.60,107000,2117700,66,TPEX_CSV,2026-07-27 14:15:36 +0800
1150727,2026-07-27,上櫃,8038,長園科,36.30,-0.20,36.35,36.40,34.95,253000,8989150,159,TPEX_CSV,2026-07-27 14:15:36 +0800
1150727,2026-07-27,上櫃,8040,九暘,72.50,-0.50,72.20,74.00,70.10,506000,36325800,312,TPEX_CSV,2026-07-27 14:15:36 +0800
1150727,2026-07-27,上櫃,8042,金山電,117.50,+3.50,114.00,117.50,109.50,4289000,488154000,3116,TPEX_CSV,2026-07-27 14:15:36 +0800
1150727,2026-07-27,上櫃,8043,蜜望實,143.00,+4.00,138.00,146.00,134.00,8240000,1160421000,6181,TPEX_CSV,2026-07-27 14:15:36 +0800
1150727,2026-07-27,上櫃,8044,網家,26.80,+0.50,26.20,26.90,26.00,397000,10457100,178,TPEX_CSV,2026-07-27 14:15:36 +0800
1150727,2026-07-27,上櫃,8047,星雲,43.00,-0.25,43.85,43.90,43.00,27000,1180300,14,TPEX_CSV,2026-07-27 14:15:36 +0800
1150727,2026-07-27,上櫃,8048,德勝,52.40,+0.90,51.50,52.40,50.90,96000,4963600,79,TPEX_CSV,2026-07-27 14:15:36 +0800
1150727,2026-07-27,上櫃,8049,晶采,25.65,-0.35,26.00,26.25,25.65,117000,3021200,74,TPEX_CSV,2026-07-27 14:15:36 +0800
1150727,2026-07-27,上櫃,8050,廣積,61.30,+1.70,59.60,63.00,58.20,4661000,283782200,3222,TPEX_CSV,2026-07-27 14:15:36 +0800
1150727,2026-07-27,上櫃,8054,安國,91.80,-2.90,95.60,96.20,91.00,630000,58373700,489,TPEX_CSV,2026-07-27 14:15:36 +0800
1150727,2026-07-27,上櫃,8059,凱碩,15.30,-0.25,15.55,15.60,15.25,111000,1708650,71,TPEX_CSV,2026-07-27 14:15:36 +0800
1150727,2026-07-27,上櫃,8064,東捷,104.50,+1.00,105.00,105.50,100.00,2771000,285566500,1840,TPEX_CSV,2026-07-27 14:15:36 +0800
1150727,2026-07-27,上櫃,8066,來思達,14.80,-0.15,15.35,15.35,14.80,14000,208750,14,TPEX_CSV,2026-07-27 14:15:36 +0800
1150727,2026-07-27,上櫃,8067,志旭,12.90,+0.25,13.00,13.20,12.90,4000,52050,4,TPEX_CSV,2026-07-27 14:15:36 +0800
1150727,2026-07-27,上櫃,8068,全達,18.25,+0.10,18.20,18.40,18.10,100000,1821800,77,TPEX_CSV,2026-07-27 14:15:36 +0800
1150727,2026-07-27,上櫃,8069,元太,184.50,-6.50,194.50,194.50,182.00,5107000,955258500,3561,TPEX_CSV,2026-07-27 14:15:36 +0800
1150727,2026-07-27,上櫃,8071,能率網通,22.75,-0.35,23.10,23.20,22.20,767000,17366750,427,TPEX_CSV,2026-07-27 14:15:36 +0800
1150727,2026-07-27,上櫃,8074,鉅橡,54.40,-0.30,54.70,55.10,53.10,381000,20589300,302,TPEX_CSV,2026-07-27 14:15:36 +0800
1150727,2026-07-27,上櫃,8076,伍豐,23.55,+0.05,23.50,23.65,23.15,346000,8091350,219,TPEX_CSV,2026-07-27 14:15:36 +0800
1150727,2026-07-27,上櫃,8077,洛碁,44.00,-0.15,44.00,44.00,44.00,1000,44000,1,TPEX_CSV,2026-07-27 14:15:36 +0800
1150727,2026-07-27,上櫃,8080,泰霖,28.00,0.00,28.00,28.00,28.00,2000,56000,1,TPEX_CSV,2026-07-27 14:15:36 +0800
1150727,2026-07-27,上櫃,8083,瑞穎,157.00,+1.00,156.50,157.00,155.00,74000,11527000,55,TPEX_CSV,2026-07-27 14:15:36 +0800
1150727,2026-07-27,上櫃,8084,巨虹,43.00,0.00,43.50,43.60,42.00,153000,6505350,151,TPEX_CSV,2026-07-27 14:15:36 +0800
1150727,2026-07-27,上櫃,8085,福華,12.45,+1.10,11.25,12.45,11.25,597000,7394900,194,TPEX_CSV,2026-07-27 14:15:36 +0800
1150727,2026-07-27,上櫃,8086,宏捷科,121.50,+3.00,117.00,122.00,116.50,1832000,218194500,1178,TPEX_CSV,2026-07-27 14:15:36 +0800
1150727,2026-07-27,上櫃,8087,麗升能源,----,---,----,----,----,0,0,0,TPEX_CSV,2026-07-27 14:15:36 +0800
1150727,2026-07-27,上櫃,8088,品安,46.60,+0.10,46.55,46.95,44.85,374000,17125600,273,TPEX_CSV,2026-07-27 14:15:36 +0800
1150727,2026-07-27,上櫃,8089,康全電訊,19.05,+0.10,18.45,19.15,18.30,77000,1443950,62,TPEX_CSV,2026-07-27 14:15:36 +0800
1150727,2026-07-27,上櫃,8091,翔名,233.50,-10.00,243.50,244.50,230.00,605000,142176500,491,TPEX_CSV,2026-07-27 14:15:36 +0800
1150727,2026-07-27,上櫃,8092,建暐,13.60,-0.20,13.80,13.80,13.50,12000,163350,10,TPEX_CSV,2026-07-27 14:15:36 +0800
1150727,2026-07-27,上櫃,8093,保銳,----,---,----,----,----,0,0,0,TPEX_CSV,2026-07-27 14:15:36 +0800
1150727,2026-07-27,上櫃,8096,擎亞,140.00,-0.50,137.00,140.00,132.00,408000,55271000,283,TPEX_CSV,2026-07-27 14:15:36 +0800
1150727,2026-07-27,上櫃,8097,常珵,52.10,0.00,52.10,52.40,51.80,30000,1562400,20,TPEX_CSV,2026-07-27 14:15:36 +0800
1150727,2026-07-27,上櫃,8099,大世科,58.00,+0.10,58.60,58.60,57.20,20000,1155200,19,TPEX_CSV,2026-07-27 14:15:36 +0800
1150727,2026-07-27,上櫃,8102,傑霖科技,73.50,-0.10,72.40,73.70,72.00,8000,580600,6,TPEX_CSV,2026-07-27 14:15:36 +0800
1150727,2026-07-27,上櫃,8107,大億金茂,11.90,-0.25,11.80,11.90,11.75,21000,248000,12,TPEX_CSV,2026-07-27 14:15:36 +0800
1150727,2026-07-27,上櫃,8109,博大,126.00,-3.50,131.00,131.00,124.00,300000,37772500,233,TPEX_CSV,2026-07-27 14:15:36 +0800
1150727,2026-07-27,上櫃,8111,立碁,63.30,+2.70,59.90,66.60,57.90,16762000,1068996400,10973,TPEX_CSV,2026-07-27 14:15:36 +0800
1150727,2026-07-27,上櫃,8121,越峰,31.70,+0.45,31.50,31.95,30.55,1130000,35472600,619,TPEX_CSV,2026-07-27 14:15:36 +0800
1150727,2026-07-27,上櫃,8147,正淩,125.50,+1.00,122.00,126.50,121.50,145000,17968500,102,TPEX_CSV,2026-07-27 14:15:36 +0800
1150727,2026-07-27,上櫃,8155,博智,304.50,-3.50,308.00,310.50,300.00,581000,177151500,501,TPEX_CSV,2026-07-27 14:15:36 +0800
1150727,2026-07-27,上櫃,8171,天宇,20.40,-0.10,20.40,20.45,20.25,36000,733050,33,TPEX_CSV,2026-07-27 14:15:36 +0800
1150727,2026-07-27,上櫃,8176,智捷,9.94,-0.05,9.93,9.95,9.78,113000,1113010,67,TPEX_CSV,2026-07-27 14:15:36 +0800
1150727,2026-07-27,上櫃,8182,加高,40.25,+0.85,40.20,41.95,39.70,2764000,112901500,2131,TPEX_CSV,2026-07-27 14:15:36 +0800
1150727,2026-07-27,上櫃,8183,精星,30.25,-0.25,30.65,30.75,29.95,151000,4551650,115,TPEX_CSV,2026-07-27 14:15:36 +0800
1150727,2026-07-27,上櫃,8227,巨有科技,150.50,+4.00,146.00,152.00,145.50,520000,77640500,446,TPEX_CSV,2026-07-27 14:15:36 +0800
1150727,2026-07-27,上櫃,8234,新漢,63.40,-0.90,65.00,65.10,63.00,347000,22151900,289,TPEX_CSV,2026-07-27 14:15:36 +0800
1150727,2026-07-27,上櫃,8240,華宏,41.30,+0.05,41.30,41.30,40.40,239000,9762100,150,TPEX_CSV,2026-07-27 14:15:36 +0800
1150727,2026-07-27,上櫃,8255,朋程,146.50,+2.50,144.50,147.00,142.00,442000,63805000,332,TPEX_CSV,2026-07-27 14:15:36 +0800
1150727,2026-07-27,上櫃,8272,全景軟體,68.40,+0.60,71.20,71.20,66.60,10000,690600,10,TPEX_CSV,2026-07-27 14:15:36 +0800
1150727,2026-07-27,上櫃,8277,商丞,8.19,+0.04,8.03,8.39,8.03,46000,376750,28,TPEX_CSV,2026-07-27 14:15:36 +0800
1150727,2026-07-27,上櫃,8279,生展,90.00,+2.00,90.10,90.20,88.10,14000,1254300,14,TPEX_CSV,2026-07-27 14:15:36 +0800
1150727,2026-07-27,上櫃,8284,三竹,62.00,0.00,62.00,62.10,61.90,27000,1672300,10,TPEX_CSV,2026-07-27 14:15:36 +0800
1150727,2026-07-27,上櫃,8289,泰藝,43.60,+0.05,44.00,45.50,43.00,985000,43277900,703,TPEX_CSV,2026-07-27 14:15:36 +0800
1150727,2026-07-27,上櫃,8291,尚茂,43.90,+3.95,39.95,43.90,39.95,87000,3711300,70,TPEX_CSV,2026-07-27 14:15:36 +0800
1150727,2026-07-27,上櫃,8299,群聯,1820.00,-5.00,1805.00,1820.00,1730.00,4004000,7114385000,3400,TPEX_CSV,2026-07-27 14:15:36 +0800
1150727,2026-07-27,上櫃,8342,益張,89.00,-2.00,89.00,89.00,89.00,3000,267000,2,TPEX_CSV,2026-07-27 14:15:36 +0800
1150727,2026-07-27,上櫃,8349,恒耀,40.00,-0.15,40.15,40.15,39.55,44000,1751950,27,TPEX_CSV,2026-07-27 14:15:36 +0800
1150727,2026-07-27,上櫃,8354,冠好,15.50,-0.25,15.75,15.75,15.50,58000,901950,27,TPEX_CSV,2026-07-27 14:15:36 +0800
1150727,2026-07-27,上櫃,8358,金居,371.00,+4.00,369.00,375.00,347.00,8305000,2991482500,6175,TPEX_CSV,2026-07-27 14:15:36 +0800
1150727,2026-07-27,上櫃,8383,千附,84.60,-5.80,92.20,92.20,81.40,2166000,184065300,1512,TPEX_CSV,2026-07-27 14:15:36 +0800
1150727,2026-07-27,上櫃,8390,金益鼎,93.10,-0.90,94.10,95.00,91.70,559000,51868900,326,TPEX_CSV,2026-07-27 14:15:36 +0800
1150727,2026-07-27,上櫃,8401,白紗科,22.90,+0.10,22.80,22.90,22.80,12000,273900,7,TPEX_CSV,2026-07-27 14:15:36 +0800
1150727,2026-07-27,上櫃,8403,盛弘,19.20,-0.10,19.20,19.30,19.00,230000,4390250,84,TPEX_CSV,2026-07-27 14:15:36 +0800
1150727,2026-07-27,上櫃,8409,商之器,19.10,+0.35,19.40,19.40,19.10,3000,57650,3,TPEX_CSV,2026-07-27 14:15:36 +0800
1150727,2026-07-27,上櫃,8410,森田,31.80,+0.30,31.50,31.80,31.50,49000,1552150,23,TPEX_CSV,2026-07-27 14:15:36 +0800
1150727,2026-07-27,上櫃,8415,大國鋼,38.20,+0.30,38.35,38.70,37.95,887000,34022200,521,TPEX_CSV,2026-07-27 14:15:36 +0800
1150727,2026-07-27,上櫃,8416,實威,168.00,0.00,168.50,168.50,168.00,5000,841000,5,TPEX_CSV,2026-07-27 14:15:36 +0800
1150727,2026-07-27,上櫃,8421,旭源,14.70,-0.60,15.15,15.15,13.95,249000,3622050,133,TPEX_CSV,2026-07-27 14:15:36 +0800
1150727,2026-07-27,上櫃,8423,保綠-KY,17.50,-0.30,17.55,17.60,17.50,21000,368450,15,TPEX_CSV,2026-07-27 14:15:36 +0800
1150727,2026-07-27,上櫃,8424,惠普,68.70,+0.20,68.70,68.70,68.70,17000,1167900,6,TPEX_CSV,2026-07-27 14:15:36 +0800
1150727,2026-07-27,上櫃,8426,紅木-KY,20.90,+0.35,20.55,21.00,20.35,56000,1157700,27,TPEX_CSV,2026-07-27 14:15:36 +0800
1150727,2026-07-27,上櫃,8431,匯鑽科,49.40,+0.40,48.75,51.00,48.00,511000,25455600,365,TPEX_CSV,2026-07-27 14:15:36 +0800
1150727,2026-07-27,上櫃,8432,東生華,50.30,-0.70,50.30,50.50,50.10,10000,502800,8,TPEX_CSV,2026-07-27 14:15:36 +0800
1150727,2026-07-27,上櫃,8433,弘帆,54.00,+0.10,53.70,54.20,53.70,22000,1186100,15,TPEX_CSV,2026-07-27 14:15:36 +0800
1150727,2026-07-27,上櫃,8435,鉅邁,52.70,-0.10,52.60,52.80,52.60,11000,579800,10,TPEX_CSV,2026-07-27 14:15:36 +0800
1150727,2026-07-27,上櫃,8436,大江,115.50,-1.50,117.00,117.00,115.00,339000,39316500,246,TPEX_CSV,2026-07-27 14:15:36 +0800
1150727,2026-07-27,上櫃,8437,大地-KY,9.87,-0.01,9.88,9.98,9.70,20000,197210,12,TPEX_CSV,2026-07-27 14:15:36 +0800
1150727,2026-07-27,上櫃,8440,綠電,19.95,+0.10,19.85,19.95,19.60,132000,2605400,69,TPEX_CSV,2026-07-27 14:15:36 +0800
1150727,2026-07-27,上櫃,8444,綠河-KY,5.07,0.00,5.07,5.07,5.07,1000,5070,1,TPEX_CSV,2026-07-27 14:15:36 +0800
1150727,2026-07-27,上櫃,8446,華研,86.30,-0.60,86.70,86.70,86.00,60000,5171900,42,TPEX_CSV,2026-07-27 14:15:36 +0800
1150727,2026-07-27,上櫃,8450,霹靂,15.05,0.00,15.20,15.40,14.75,28000,420700,26,TPEX_CSV,2026-07-27 14:15:36 +0800
1150727,2026-07-27,上櫃,8455,大拓-KY,27.00,-0.30,27.00,27.00,27.00,1000,27000,1,TPEX_CSV,2026-07-27 14:15:36 +0800
1150727,2026-07-27,上櫃,8472,夠麻吉,68.90,0.00,70.90,70.90,68.90,3000,208700,3,TPEX_CSV,2026-07-27 14:15:36 +0800
1150727,2026-07-27,上櫃,8477,創業家,15.70,-0.05,15.70,15.70,15.70,7000,109900,6,TPEX_CSV,2026-07-27 14:15:36 +0800
1150727,2026-07-27,上櫃,8489,三貝德,22.90,-0.05,22.80,22.90,22.80,19000,434000,17,TPEX_CSV,2026-07-27 14:15:36 +0800
1150727,2026-07-27,上櫃,8905,裕國,----,---,----,----,----,0,0,0,TPEX_CSV,2026-07-27 14:15:36 +0800
1150727,2026-07-27,上櫃,8906,花王,26.40,+0.10,25.95,26.40,25.95,8000,210400,6,TPEX_CSV,2026-07-27 14:15:36 +0800
1150727,2026-07-27,上櫃,8908,欣雄,39.95,+0.80,39.50,40.00,39.50,33000,1315400,19,TPEX_CSV,2026-07-27 14:15:36 +0800
1150727,2026-07-27,上櫃,8916,光隆,42.30,+0.35,42.60,42.70,41.95,91000,3851700,65,TPEX_CSV,2026-07-27 14:15:36 +0800
1150727,2026-07-27,上櫃,8917,欣泰,52.80,-0.20,53.10,53.10,52.00,7000,367100,5,TPEX_CSV,2026-07-27 14:15:36 +0800
1150727,2026-07-27,上櫃,8921,沈氏,----,---,----,----,----,0,0,0,TPEX_CSV,2026-07-27 14:15:36 +0800
1150727,2026-07-27,上櫃,8923,時報,19.00,0.00,19.00,19.00,19.00,1000,19000,1,TPEX_CSV,2026-07-27 14:15:36 +0800
1150727,2026-07-27,上櫃,8924,大田,56.90,-0.10,58.00,58.00,56.80,70000,4007600,58,TPEX_CSV,2026-07-27 14:15:36 +0800
1150727,2026-07-27,上櫃,8927,北基,20.05,-0.05,19.95,20.20,19.75,212000,4240100,129,TPEX_CSV,2026-07-27 14:15:36 +0800
1150727,2026-07-27,上櫃,8928,鉅明,22.90,-0.05,22.95,22.95,22.90,27000,619500,8,TPEX_CSV,2026-07-27 14:15:36 +0800
1150727,2026-07-27,上櫃,8929,富堡,13.90,+0.20,13.90,13.90,13.90,1000,13900,1,TPEX_CSV,2026-07-27 14:15:36 +0800
1150727,2026-07-27,上櫃,8930,青鋼,30.80,-0.25,31.00,31.05,30.80,13000,401650,9,TPEX_CSV,2026-07-27 14:15:36 +0800
1150727,2026-07-27,上櫃,8931,大汽電,42.40,+0.30,42.45,42.45,42.10,15000,635300,12,TPEX_CSV,2026-07-27 14:15:36 +0800
1150727,2026-07-27,上櫃,8932,智通*,109.00,-2.00,111.00,111.00,106.50,3056000,331487500,1311,TPEX_CSV,2026-07-27 14:15:36 +0800
1150727,2026-07-27,上櫃,8933,愛地雅,4.42,-0.21,4.55,4.56,4.42,27000,119820,20,TPEX_CSV,2026-07-27 14:15:36 +0800
1150727,2026-07-27,上櫃,8935,邦泰,18.10,-0.55,18.65,18.65,18.00,270000,4905100,159,TPEX_CSV,2026-07-27 14:15:36 +0800
1150727,2026-07-27,上櫃,8936,國統,53.10,+0.60,53.40,53.40,52.10,731000,38480700,468,TPEX_CSV,2026-07-27 14:15:36 +0800
1150727,2026-07-27,上櫃,8937,合騏*,24.60,-0.20,23.95,24.70,23.50,53000,1276900,43,TPEX_CSV,2026-07-27 14:15:36 +0800
1150727,2026-07-27,上櫃,8938,明安,57.00,+0.20,56.80,57.00,56.50,58000,3295400,47,TPEX_CSV,2026-07-27 14:15:36 +0800
1150727,2026-07-27,上櫃,8941,關中,43.50,0.00,43.50,43.50,43.50,3000,130500,3,TPEX_CSV,2026-07-27 14:15:36 +0800
1150727,2026-07-27,上櫃,8942,森鉅,37.30,-0.25,37.55,37.55,37.15,155000,5787750,96,TPEX_CSV,2026-07-27 14:15:36 +0800
1150727,2026-07-27,上櫃,9949,琉園,23.70,0.00,23.70,23.70,23.30,36000,845100,25,TPEX_CSV,2026-07-27 14:15:36 +0800
1150727,2026-07-27,上櫃,9950,萬國通,10.45,0.00,10.75,10.75,10.40,6000,62950,3,TPEX_CSV,2026-07-27 14:15:36 +0800
1150727,2026-07-27,上櫃,9951,皇田,53.40,+0.20,53.20,53.40,53.00,27000,1438500,25,TPEX_CSV,2026-07-27 14:15:36 +0800
1150727,2026-07-27,上櫃,9960,邁達康,32.45,+0.45,32.45,32.60,32.00,22000,713600,14,TPEX_CSV,2026-07-27 14:15:36 +0800
1150727,2026-07-27,上櫃,9962,有益,9.88,-0.01,9.87,9.88,9.87,7000,69150,5,TPEX_CSV,2026-07-27 14:15:36 +0800
