日期,西元日期,市場,股票代號,股票名稱,收盤價,漲跌,開盤價,最高價,最低價,成交股數,成交金額,成交筆數,資料來源,下載時間
1150826,2026-08-26,上市,00400A,主動國泰動能高息,14.71,0.3300,14.34,14.73,14.33,28583000,417442310,4248,TWSE_CSV,2026-08-26 14:15:34 +0800
1150826,2026-08-26,上市,00401A,主動摩根台灣鑫收,13.50,0.2400,13.33,13.52,13.28,6326000,85059140,480,TWSE_CSV,2026-08-26 14:15:34 +0800
1150826,2026-08-26,上市,00402A,主動安聯美國科技,9.51,0.0500,9.58,9.58,9.45,6059000,57495370,1292,TWSE_CSV,2026-08-26 14:15:34 +0800
1150826,2026-08-26,上市,00403A,主動統一升級50,10.16,0.2200,9.92,10.17,9.84,247315000,2494137260,28943,TWSE_CSV,2026-08-26 14:15:34 +0800
1150826,2026-08-26,上市,00404A,主動聯博動能50,9.63,0.1700,9.46,9.64,9.44,1769000,16906060,306,TWSE_CSV,2026-08-26 14:15:34 +0800
1150826,2026-08-26,上市,00405A,主動富邦台灣龍耀,8.63,0.3000,8.30,8.64,8.28,69100000,589169890,7235,TWSE_CSV,2026-08-26 14:15:34 +0800
1150826,2026-08-26,上市,00406A,主動中信台灣收益,9.66,0.2500,9.43,9.68,9.39,197503000,1886910300,15700,TWSE_CSV,2026-08-26 14:15:34 +0800
1150826,2026-08-26,上市,00407A,主動凱基台灣,9.68,0.2400,9.42,9.69,9.41,41192000,395444110,4752,TWSE_CSV,2026-08-26 14:15:34 +0800
1150826,2026-08-26,上市,00408A,主動第一金優股息,10.44,0.2000,10.24,10.44,10.21,1567000,16257150,205,TWSE_CSV,2026-08-26 14:15:34 +0800
1150826,2026-08-26,上市,00410A,主動永豐科技趨勢,11.73,0.4400,11.28,11.73,11.25,7711000,89272790,763,TWSE_CSV,2026-08-26 14:15:34 +0800
1150826,2026-08-26,上市,0050,元大台灣50,105.90,1.5000,104.10,106.05,103.50,84650000,8935623150,34338,TWSE_CSV,2026-08-26 14:15:34 +0800
1150826,2026-08-26,上市,0051,元大中型100,144.50,2.2500,143.30,144.55,143.20,38000,5466300,28,TWSE_CSV,2026-08-26 14:15:34 +0800
1150826,2026-08-26,上市,0052,富邦科技,61.95,0.9500,60.70,62.00,60.60,11631000,716430550,4759,TWSE_CSV,2026-08-26 14:15:34 +0800
1150826,2026-08-26,上市,0053,元大電子,241.15,5.0000,236.55,241.15,236.55,22000,5261000,21,TWSE_CSV,2026-08-26 14:15:34 +0800
1150826,2026-08-26,上市,0055,元大MSCI金融,44.52,0.0300,45.12,45.19,44.36,336000,15046700,173,TWSE_CSV,2026-08-26 14:15:34 +0800
1150826,2026-08-26,上市,0056,元大高股息,53.25,0.7000,52.45,53.30,52.40,30088000,1596969750,10174,TWSE_CSV,2026-08-26 14:15:34 +0800
1150826,2026-08-26,上市,0057,富邦摩台,317.00,5.8000,312.00,317.60,312.00,9000,2833750,7,TWSE_CSV,2026-08-26 14:15:34 +0800
1150826,2026-08-26,上市,0061,元大寶滬深,24.38,0.1400,24.17,24.50,24.17,132000,3218760,46,TWSE_CSV,2026-08-26 14:15:34 +0800
1150826,2026-08-26,上市,006203,元大MSCI台灣,193.20,4.6500,191.35,193.20,191.35,3000,576200,3,TWSE_CSV,2026-08-26 14:15:34 +0800
1150826,2026-08-26,上市,006204,永豐臺灣加權,228.10,5.3000,224.20,228.60,224.20,103000,23500900,13,TWSE_CSV,2026-08-26 14:15:34 +0800
1150826,2026-08-26,上市,006205,富邦上証,40.62,0.3300,40.38,40.84,40.14,198000,8022400,58,TWSE_CSV,2026-08-26 14:15:34 +0800
1150826,2026-08-26,上市,006206,元大上證50,37.73,0.3000,37.48,38.00,37.42,59000,2222130,17,TWSE_CSV,2026-08-26 14:15:34 +0800
1150826,2026-08-26,上市,006207,復華滬深,32.49,0.2900,32.22,32.52,32.22,138000,4478270,11,TWSE_CSV,2026-08-26 14:15:34 +0800
1150826,2026-08-26,上市,006208,富邦台50,242.85,3.4000,238.75,243.20,238.15,1596000,385537200,975,TWSE_CSV,2026-08-26 14:15:34 +0800
1150826,2026-08-26,上市,00625K,富邦上証+R,,0.0000,,,,,,,TWSE_CSV,2026-08-26 14:15:34 +0800
1150826,2026-08-26,上市,00631L,元大台灣50正2,35.71,1.0300,34.54,35.84,34.44,175163000,6187395000,38541,TWSE_CSV,2026-08-26 14:15:34 +0800
1150826,2026-08-26,上市,00632R,元大台灣50反1,9.99,-0.1700,10.17,10.20,9.97,192470000,1934510900,18316,TWSE_CSV,2026-08-26 14:15:34 +0800
1150826,2026-08-26,上市,00633L,富邦上証正2,48.63,0.6700,47.96,49.05,47.59,1597000,77334870,476,TWSE_CSV,2026-08-26 14:15:34 +0800
1150826,2026-08-26,上市,00634R,富邦上証反1,3.12,-0.0300,3.15,3.15,3.11,38000,118600,11,TWSE_CSV,2026-08-26 14:15:34 +0800
1150826,2026-08-26,上市,00635U,期元大S&P黃金,48.10,0.0300,47.97,48.32,47.97,5216000,250866360,1739,TWSE_CSV,2026-08-26 14:15:34 +0800
1150826,2026-08-26,上市,00636,國泰中國A50,27.89,0.1800,27.69,28.02,27.63,228000,6344620,51,TWSE_CSV,2026-08-26 14:15:34 +0800
1150826,2026-08-26,上市,00636K,國泰中國A50+U,8.76,0.1000,8.76,8.76,8.76,200,1752,2,TWSE_CSV,2026-08-26 14:15:34 +0800
1150826,2026-08-26,上市,00637L,元大滬深300正2,20.12,0.3000,19.80,20.26,19.65,21077000,419939270,2569,TWSE_CSV,2026-08-26 14:15:34 +0800
1150826,2026-08-26,上市,00638R,元大滬深300反1,6.66,-0.0700,6.73,6.73,6.62,53000,352860,12,TWSE_CSV,2026-08-26 14:15:34 +0800
1150826,2026-08-26,上市,00639,富邦深100,16.65,0.0800,16.55,16.76,16.51,626000,10410170,84,TWSE_CSV,2026-08-26 14:15:34 +0800
1150826,2026-08-26,上市,00640L,富邦日本正2,108.75,1.2000,107.90,109.50,107.90,37000,4023000,30,TWSE_CSV,2026-08-26 14:15:34 +0800
1150826,2026-08-26,上市,00641R,富邦日本反1,3.65,-0.0400,3.69,3.69,3.65,1423000,5219990,117,TWSE_CSV,2026-08-26 14:15:34 +0800
1150826,2026-08-26,上市,00642U,期元大S&P石油,26.86,-1.3900,26.81,26.88,26.66,4823000,129048500,1121,TWSE_CSV,2026-08-26 14:15:34 +0800
1150826,2026-08-26,上市,00643,群益深証中小,18.52,0.1200,18.35,18.58,18.22,2445000,45307630,95,TWSE_CSV,2026-08-26 14:15:34 +0800
1150826,2026-08-26,上市,00643K,群益深証中小+R,3.89,0.0500,3.88,3.89,3.88,10000,38850,2,TWSE_CSV,2026-08-26 14:15:34 +0800
1150826,2026-08-26,上市,00645,富邦日本,58.05,0.3000,57.70,58.15,57.70,63000,3652750,50,TWSE_CSV,2026-08-26 14:15:34 +0800
1150826,2026-08-26,上市,00646,元大S&P500,76.95,0.0000,76.80,77.00,76.75,2968000,228161400,724,TWSE_CSV,2026-08-26 14:15:34 +0800
1150826,2026-08-26,上市,00647L,元大S&P500正2,138.50,0.0000,138.65,138.65,138.00,16000,2215300,13,TWSE_CSV,2026-08-26 14:15:34 +0800
1150826,2026-08-26,上市,00648R,元大S&P500反1,3.92,0.0000,3.92,3.94,3.92,857000,3362240,63,TWSE_CSV,2026-08-26 14:15:34 +0800
1150826,2026-08-26,上市,00650L,復華香港正2,17.45,0.2200,17.29,17.62,17.29,1139000,19936820,276,TWSE_CSV,2026-08-26 14:15:34 +0800
1150826,2026-08-26,上市,00651R,復華香港反1,5.12,-0.0400,5.11,5.13,5.09,370000,1889010,40,TWSE_CSV,2026-08-26 14:15:34 +0800
1150826,2026-08-26,上市,00652,富邦印度,33.44,0.2400,33.49,33.59,33.42,104000,3488720,79,TWSE_CSV,2026-08-26 14:15:34 +0800
1150826,2026-08-26,上市,00653L,富邦印度正2,47.50,0.8000,47.40,47.81,47.40,135000,6439570,55,TWSE_CSV,2026-08-26 14:15:34 +0800
1150826,2026-08-26,上市,00654R,富邦印度反1,6.68,-0.0300,6.66,6.68,6.64,47000,312470,13,TWSE_CSV,2026-08-26 14:15:34 +0800
1150826,2026-08-26,上市,00655L,國泰中國A50正2,33.83,0.4800,33.30,34.13,33.07,805000,26923140,204,TWSE_CSV,2026-08-26 14:15:34 +0800
1150826,2026-08-26,上市,00656R,國泰中國A50反1,5.86,-0.0400,5.90,5.92,5.84,2252000,13220420,31,TWSE_CSV,2026-08-26 14:15:34 +0800
1150826,2026-08-26,上市,00657,國泰日經225,78.00,0.6000,77.80,78.10,77.80,134000,10431200,12,TWSE_CSV,2026-08-26 14:15:34 +0800
1150826,2026-08-26,上市,00657K,國泰日經225+U,24.51,0.1600,24.51,24.51,24.51,200,4902,2,TWSE_CSV,2026-08-26 14:15:34 +0800
1150826,2026-08-26,上市,00660,元大歐洲50,46.60,-0.0100,46.62,46.62,46.46,17000,791760,9,TWSE_CSV,2026-08-26 14:15:34 +0800
1150826,2026-08-26,上市,00661,元大日經225,85.90,0.6000,84.80,85.95,84.80,92000,7882550,57,TWSE_CSV,2026-08-26 14:15:34 +0800
1150826,2026-08-26,上市,00662,富邦NASDAQ,119.40,0.0000,119.05,119.55,118.85,3389000,404125150,1069,TWSE_CSV,2026-08-26 14:15:34 +0800
1150826,2026-08-26,上市,00663L,國泰臺灣加權正2,102.90,3.7000,99.00,103.05,98.80,6318000,640996750,2264,TWSE_CSV,2026-08-26 14:15:34 +0800
1150826,2026-08-26,上市,00664R,國泰臺灣加權反1,1.61,-0.0400,1.64,1.65,1.61,31090000,50520520,1264,TWSE_CSV,2026-08-26 14:15:34 +0800
1150826,2026-08-26,上市,00665L,富邦恒生國企正2,9.61,0.2100,9.46,9.71,9.46,10352000,99569590,773,TWSE_CSV,2026-08-26 14:15:34 +0800
1150826,2026-08-26,上市,00666R,富邦恒生國企反1,8.93,-0.1200,8.97,8.97,8.88,53000,472610,11,TWSE_CSV,2026-08-26 14:15:34 +0800
1150826,2026-08-26,上市,00668,國泰美國道瓊,62.35,0.0000,62.35,62.50,62.35,9000,561950,9,TWSE_CSV,2026-08-26 14:15:34 +0800
1150826,2026-08-26,上市,00668K,國泰美國道瓊+U,19.60,0.0600,19.60,19.60,19.60,200,3920,2,TWSE_CSV,2026-08-26 14:15:34 +0800
1150826,2026-08-26,上市,00669R,國泰美國道瓊反1,5.16,-0.0200,5.18,5.18,5.16,357000,1843030,66,TWSE_CSV,2026-08-26 14:15:34 +0800
1150826,2026-08-26,上市,00670L,富邦NASDAQ正2,196.25,0.2500,194.80,196.60,194.30,485000,94901250,249,TWSE_CSV,2026-08-26 14:15:34 +0800
1150826,2026-08-26,上市,00671R,富邦NASDAQ反1,2.45,0.0000,2.45,2.47,2.45,3731000,9164660,121,TWSE_CSV,2026-08-26 14:15:34 +0800
1150826,2026-08-26,上市,00673R,期元大S&P原油反1,12.80,0.5800,12.82,12.89,12.78,30717000,394109100,3083,TWSE_CSV,2026-08-26 14:15:34 +0800
1150826,2026-08-26,上市,00674R,期元大S&P黃金反1,26.37,0.0000,26.36,26.40,26.24,196000,5160220,65,TWSE_CSV,2026-08-26 14:15:34 +0800
1150826,2026-08-26,上市,00675L,富邦臺灣加權正2,311.85,11.2500,299.55,312.50,299.35,1092000,335961500,597,TWSE_CSV,2026-08-26 14:15:34 +0800
1150826,2026-08-26,上市,00676R,富邦臺灣加權反1,5.53,-0.1000,5.63,5.64,5.52,8776000,48808480,833,TWSE_CSV,2026-08-26 14:15:34 +0800
1150826,2026-08-26,上市,00678,群益那斯達克生技,45.04,0.5300,44.85,45.09,44.85,524000,23587030,53,TWSE_CSV,2026-08-26 14:15:34 +0800
1150826,2026-08-26,上市,00680L,元大美債20正2,6.54,0.0900,6.56,6.58,6.54,9360000,61389870,580,TWSE_CSV,2026-08-26 14:15:34 +0800
1150826,2026-08-26,上市,00681R,元大美債20反1,21.52,-0.1600,21.51,21.52,21.49,602000,12945640,16,TWSE_CSV,2026-08-26 14:15:34 +0800
1150826,2026-08-26,上市,00682U,期元大美元指數,,0.0000,,,,,,,TWSE_CSV,2026-08-26 14:15:34 +0800
1150826,2026-08-26,上市,00683L,期元大美元指正2,21.20,-0.0600,21.20,21.20,21.20,2000,42400,1,TWSE_CSV,2026-08-26 14:15:34 +0800
1150826,2026-08-26,上市,00684R,期元大美元指反1,,0.0000,,,,,,,TWSE_CSV,2026-08-26 14:15:34 +0800
1150826,2026-08-26,上市,00685L,群益臺灣加權正2,11.75,0.4100,11.30,11.77,11.29,226178000,2621368900,27530,TWSE_CSV,2026-08-26 14:15:34 +0800
1150826,2026-08-26,上市,00686R,群益臺灣加權反1,0.99,-0.0200,1.01,1.01,0.98,11190000,11114170,485,TWSE_CSV,2026-08-26 14:15:34 +0800
1150826,2026-08-26,上市,00688L,國泰20年美債正2,6.54,0.1100,6.55,6.56,6.53,5981000,39140770,311,TWSE_CSV,2026-08-26 14:15:34 +0800
1150826,2026-08-26,上市,00689R,國泰20年美債反1,22.57,-0.1700,22.49,22.57,22.49,115000,2589700,5,TWSE_CSV,2026-08-26 14:15:34 +0800
1150826,2026-08-26,上市,00690,兆豐藍籌30,76.85,1.8500,75.00,76.95,75.00,144000,10986050,85,TWSE_CSV,2026-08-26 14:15:34 +0800
1150826,2026-08-26,上市,00692,富邦公司治理,91.00,1.3000,89.70,91.30,89.45,831000,75452050,264,TWSE_CSV,2026-08-26 14:15:34 +0800
1150826,2026-08-26,上市,00693U,期街口S&P黃豆,22.52,0.1900,22.50,22.60,22.48,949000,21387080,220,TWSE_CSV,2026-08-26 14:15:34 +0800
1150826,2026-08-26,上市,00700,富邦恒生國企,17.56,0.2100,17.45,17.66,17.45,79000,1392350,29,TWSE_CSV,2026-08-26 14:15:34 +0800
1150826,2026-08-26,上市,00701,國泰股利精選30,37.79,-0.1000,37.98,38.18,37.65,534000,20218130,144,TWSE_CSV,2026-08-26 14:15:34 +0800
1150826,2026-08-26,上市,00702,國泰標普低波高息,25.34,-0.0300,25.35,25.35,25.34,104000,2635400,4,TWSE_CSV,2026-08-26 14:15:34 +0800
1150826,2026-08-26,上市,00703,台新MSCI中國,19.71,0.2100,19.57,19.79,19.57,49000,968090,6,TWSE_CSV,2026-08-26 14:15:34 +0800
1150826,2026-08-26,上市,00706L,期元大S&P日圓正2,18.98,0.0200,18.96,19.05,18.96,250000,4746670,48,TWSE_CSV,2026-08-26 14:15:34 +0800
1150826,2026-08-26,上市,00707R,期元大S&P日圓反1,,0.0000,,,,,,,TWSE_CSV,2026-08-26 14:15:34 +0800
1150826,2026-08-26,上市,00708L,期元大S&P黃金正2,90.85,0.0500,90.50,91.90,90.50,4845000,441287950,1418,TWSE_CSV,2026-08-26 14:15:34 +0800
1150826,2026-08-26,上市,00709,富邦歐洲,41.29,-0.0100,41.40,41.47,41.29,11000,454870,8,TWSE_CSV,2026-08-26 14:15:34 +0800
1150826,2026-08-26,上市,00710B,復華彭博非投等債,19.14,0.0200,19.15,19.15,19.13,172000,3292090,18,TWSE_CSV,2026-08-26 14:15:34 +0800
1150826,2026-08-26,上市,00711B,復華彭博新興債,15.70,0.0400,15.73,15.73,15.69,133000,2088100,16,TWSE_CSV,2026-08-26 14:15:34 +0800
1150826,2026-08-26,上市,00712,復華富時不動產,8.84,-0.0300,8.85,8.86,8.83,20547000,181538020,3064,TWSE_CSV,2026-08-26 14:15:34 +0800
1150826,2026-08-26,上市,00713,元大台灣高息低波,61.65,0.0000,61.70,61.80,61.45,5684000,350016850,1535,TWSE_CSV,2026-08-26 14:15:34 +0800
1150826,2026-08-26,上市,00714,群益道瓊美國地產,22.34,0.0200,22.36,22.36,22.34,101000,2256360,3,TWSE_CSV,2026-08-26 14:15:34 +0800
1150826,2026-08-26,上市,00715L,期街口布蘭特正2,46.36,-5.3400,45.81,46.36,45.59,10944000,501683880,2816,TWSE_CSV,2026-08-26 14:15:34 +0800
1150826,2026-08-26,上市,00717,富邦美國特別股,14.82,0.0400,14.81,14.88,14.81,38000,564050,30,TWSE_CSV,2026-08-26 14:15:34 +0800
1150826,2026-08-26,上市,00728,第一金工業30,68.25,1.0500,67.10,68.35,67.05,240000,16318000,75,TWSE_CSV,2026-08-26 14:15:34 +0800
1150826,2026-08-26,上市,00730,富邦臺灣優質高息,29.13,0.4400,28.70,29.13,28.70,129000,3738150,76,TWSE_CSV,2026-08-26 14:15:34 +0800
1150826,2026-08-26,上市,00731,復華富時高息低波,92.95,0.5500,93.20,93.50,92.55,653000,60787050,41,TWSE_CSV,2026-08-26 14:15:34 +0800
1150826,2026-08-26,上市,00733,富邦臺灣中小,67.15,1.8500,65.60,67.20,65.60,245000,16307350,130,TWSE_CSV,2026-08-26 14:15:34 +0800
1150826,2026-08-26,上市,00735,國泰臺韓科技,102.65,1.2000,100.90,103.10,100.70,1786000,182571000,703,TWSE_CSV,2026-08-26 14:15:34 +0800
1150826,2026-08-26,上市,00736,國泰新興市場,31.78,0.4100,31.65,31.85,31.64,114000,3624150,10,TWSE_CSV,2026-08-26 14:15:34 +0800
1150826,2026-08-26,上市,00737,國泰AI機器人,40.67,0.0700,40.60,40.80,40.55,81000,3295520,40,TWSE_CSV,2026-08-26 14:15:34 +0800
1150826,2026-08-26,上市,00738U,期元大道瓊白銀,55.20,0.9000,54.35,55.55,54.35,3648000,201064400,1074,TWSE_CSV,2026-08-26 14:15:34 +0800
1150826,2026-08-26,上市,00739,元大MSCI A股,27.84,0.1400,27.64,28.00,27.64,44000,1222930,16,TWSE_CSV,2026-08-26 14:15:34 +0800
1150826,2026-08-26,上市,00752,中信中國50,23.40,0.2800,23.26,23.54,23.26,590000,13833060,201,TWSE_CSV,2026-08-26 14:15:34 +0800
1150826,2026-08-26,上市,00753L,中信中國50正2,9.68,0.2500,9.53,9.74,9.53,7176000,69234450,1037,TWSE_CSV,2026-08-26 14:15:34 +0800
1150826,2026-08-26,上市,00757,統一FANG+,137.20,-0.0500,137.20,137.50,136.80,521000,71444850,271,TWSE_CSV,2026-08-26 14:15:34 +0800
1150826,2026-08-26,上市,00762,元大全球AI,111.05,0.3000,110.40,111.20,110.30,179000,19837100,119,TWSE_CSV,2026-08-26 14:15:34 +0800
1150826,2026-08-26,上市,00763U,期街口道瓊銅,35.88,0.8600,35.48,35.89,35.48,991000,35433980,292,TWSE_CSV,2026-08-26 14:15:34 +0800
1150826,2026-08-26,上市,00770,國泰北美科技,66.75,0.1500,66.60,66.80,66.35,157000,10461900,83,TWSE_CSV,2026-08-26 14:15:34 +0800
1150826,2026-08-26,上市,00771,元大US高息特別股,15.45,0.0200,15.48,15.48,15.45,16000,247310,7,TWSE_CSV,2026-08-26 14:15:34 +0800
1150826,2026-08-26,上市,00775B,台新投等債15+,31.10,0.2400,31.23,31.23,31.10,181000,5631700,5,TWSE_CSV,2026-08-26 14:15:34 +0800
1150826,2026-08-26,上市,00783,富邦中証500,28.14,0.2600,28.01,28.18,27.89,141000,3941210,10,TWSE_CSV,2026-08-26 14:15:34 +0800
1150826,2026-08-26,上市,00830,國泰費城半導體,82.20,-0.0500,81.90,82.50,81.45,8251000,675856600,3005,TWSE_CSV,2026-08-26 14:15:34 +0800
1150826,2026-08-26,上市,00850,元大臺灣ESG永續,90.40,1.6000,88.80,90.60,88.50,873000,78475200,572,TWSE_CSV,2026-08-26 14:15:34 +0800
1150826,2026-08-26,上市,00851,台新全球AI,69.95,0.2500,69.75,70.05,69.75,43000,3007550,4,TWSE_CSV,2026-08-26 14:15:34 +0800
1150826,2026-08-26,上市,00852L,國泰美國道瓊正2,35.89,0.1300,35.97,36.00,35.89,118000,4238570,24,TWSE_CSV,2026-08-26 14:15:34 +0800
1150826,2026-08-26,上市,00861,元大全球未來通訊,85.35,0.6000,85.50,85.55,84.40,29000,2466750,25,TWSE_CSV,2026-08-26 14:15:34 +0800
1150826,2026-08-26,上市,00865B,國泰US短期公債,48.86,-0.0300,48.89,48.89,48.84,1558000,76128810,339,TWSE_CSV,2026-08-26 14:15:34 +0800
1150826,2026-08-26,上市,00875,國泰網路資安,52.50,-0.8000,53.65,53.65,52.40,456000,23956150,103,TWSE_CSV,2026-08-26 14:15:34 +0800
1150826,2026-08-26,上市,00876,元大全球5G,86.70,0.7500,84.75,86.70,84.75,116000,9990900,97,TWSE_CSV,2026-08-26 14:15:34 +0800
1150826,2026-08-26,上市,00878,國泰永續高股息,32.82,0.1800,32.70,32.85,32.60,26008000,852353080,7533,TWSE_CSV,2026-08-26 14:15:34 +0800
1150826,2026-08-26,上市,00881,國泰台灣科技龍頭,49.53,1.0300,48.50,49.58,48.41,19021000,935109460,6117,TWSE_CSV,2026-08-26 14:15:34 +0800
1150826,2026-08-26,上市,00882,中信中國高股息,15.11,0.0300,15.08,15.19,15.08,2479000,37548000,583,TWSE_CSV,2026-08-26 14:15:34 +0800
1150826,2026-08-26,上市,00885,富邦越南,18.41,-0.0900,18.50,18.51,18.36,1688000,31082950,460,TWSE_CSV,2026-08-26 14:15:34 +0800
1150826,2026-08-26,上市,00891,中信關鍵半導體,34.36,0.6900,33.63,34.38,33.59,11411000,388852060,3224,TWSE_CSV,2026-08-26 14:15:34 +0800
1150826,2026-08-26,上市,00892,富邦台灣半導體,39.73,0.5300,39.17,39.76,39.05,2637000,104487510,370,TWSE_CSV,2026-08-26 14:15:34 +0800
1150826,2026-08-26,上市,00893,國泰智能電動車,42.66,0.5900,42.07,42.75,42.01,655000,27853780,145,TWSE_CSV,2026-08-26 14:15:34 +0800
1150826,2026-08-26,上市,00894,中信小資高價30,46.20,1.0000,45.20,46.25,45.10,1099000,50347580,339,TWSE_CSV,2026-08-26 14:15:34 +0800
1150826,2026-08-26,上市,00895,富邦未來車,49.87,0.5700,49.85,49.99,49.46,248000,12336410,87,TWSE_CSV,2026-08-26 14:15:34 +0800
1150826,2026-08-26,上市,00896,中信綠能及電動車,27.60,0.5100,27.09,27.60,27.00,1606000,43948600,523,TWSE_CSV,2026-08-26 14:15:34 +0800
1150826,2026-08-26,上市,00897,富邦基因免疫生技,13.88,0.6000,13.66,13.89,13.66,2396000,33151860,663,TWSE_CSV,2026-08-26 14:15:34 +0800
1150826,2026-08-26,上市,00898,國泰基因免疫革命,11.29,0.3000,11.17,11.31,11.17,2493000,28102180,464,TWSE_CSV,2026-08-26 14:15:34 +0800
1150826,2026-08-26,上市,00899,FT潔淨能源,23.61,0.3500,23.59,23.62,23.48,52000,1225370,16,TWSE_CSV,2026-08-26 14:15:34 +0800
1150826,2026-08-26,上市,00900,富邦特選高股息30,18.94,0.2000,18.84,18.98,18.81,5203000,98437730,1240,TWSE_CSV,2026-08-26 14:15:34 +0800
1150826,2026-08-26,上市,00901,永豐智能車供應鏈,45.45,1.0100,44.58,45.45,44.58,288000,12938990,31,TWSE_CSV,2026-08-26 14:15:34 +0800
1150826,2026-08-26,上市,00902,中信電池及儲能,13.45,-0.0500,13.50,13.51,13.29,554000,7406030,130,TWSE_CSV,2026-08-26 14:15:34 +0800
1150826,2026-08-26,上市,00903,富邦元宇宙,21.14,0.1000,20.92,21.17,20.92,336000,7096160,20,TWSE_CSV,2026-08-26 14:15:34 +0800
1150826,2026-08-26,上市,00904,台新臺灣半導體30,40.22,0.8600,39.47,40.24,39.39,866000,34556030,246,TWSE_CSV,2026-08-26 14:15:34 +0800
1150826,2026-08-26,上市,00905,FT臺灣Smart,26.21,0.4800,25.80,26.24,25.70,593000,15462270,260,TWSE_CSV,2026-08-26 14:15:34 +0800
1150826,2026-08-26,上市,00907,永豐優息存股,17.18,-0.1200,17.40,17.40,17.16,1623000,27935090,387,TWSE_CSV,2026-08-26 14:15:34 +0800
1150826,2026-08-26,上市,00908,富邦入息REITs+,15.69,0.0000,15.71,15.72,15.69,64000,1005140,15,TWSE_CSV,2026-08-26 14:15:34 +0800
1150826,2026-08-26,上市,00909,國泰數位支付服務,47.69,1.3300,47.29,47.77,47.22,1507000,71644670,600,TWSE_CSV,2026-08-26 14:15:34 +0800
1150826,2026-08-26,上市,00910,第一金太空衛星,58.65,-0.1500,58.60,58.70,58.20,430000,25138750,303,TWSE_CSV,2026-08-26 14:15:34 +0800
1150826,2026-08-26,上市,00911,兆豐洲際半導體,52.15,0.1500,51.95,52.20,51.65,198000,10295350,176,TWSE_CSV,2026-08-26 14:15:34 +0800
1150826,2026-08-26,上市,00912,中信臺灣智慧50,34.38,0.2900,33.75,34.38,33.75,162000,5540210,62,TWSE_CSV,2026-08-26 14:15:34 +0800
1150826,2026-08-26,上市,00913,兆豐台灣晶圓製造,46.44,0.4800,45.61,46.50,45.56,934000,43027720,287,TWSE_CSV,2026-08-26 14:15:34 +0800
1150826,2026-08-26,上市,00915,凱基優選高股息30,31.68,0.1300,31.70,31.73,31.50,1797000,56721110,210,TWSE_CSV,2026-08-26 14:15:34 +0800
1150826,2026-08-26,上市,00916,國泰全球品牌50,26.91,0.0200,26.89,26.98,26.81,249000,6701310,92,TWSE_CSV,2026-08-26 14:15:34 +0800
1150826,2026-08-26,上市,00917,中信特選金融,24.32,0.0700,24.25,24.34,24.25,661000,16067510,87,TWSE_CSV,2026-08-26 14:15:34 +0800
1150826,2026-08-26,上市,00918,大華優利高填息30,34.18,0.2900,34.02,34.25,33.92,9921000,338500170,2671,TWSE_CSV,2026-08-26 14:15:34 +0800
1150826,2026-08-26,上市,00919,群益台灣精選高息,31.21,0.1400,31.30,31.42,30.98,58525000,1825396580,15654,TWSE_CSV,2026-08-26 14:15:34 +0800
1150826,2026-08-26,上市,00920,富邦ESG綠色電力,24.24,0.1900,24.04,24.25,24.04,63000,1522520,32,TWSE_CSV,2026-08-26 14:15:34 +0800
1150826,2026-08-26,上市,00921,兆豐龍頭等權重,24.37,0.5100,23.97,24.37,23.97,132000,3198950,66,TWSE_CSV,2026-08-26 14:15:34 +0800
1150826,2026-08-26,上市,00922,國泰台灣領袖50,41.01,0.6400,40.30,41.05,40.20,8262000,337681680,1563,TWSE_CSV,2026-08-26 14:15:34 +0800
1150826,2026-08-26,上市,00923,群益台ESG低碳50,39.27,0.5900,38.63,39.38,38.57,4304000,167937920,1316,TWSE_CSV,2026-08-26 14:15:34 +0800
1150826,2026-08-26,上市,00924,復華S&P500成長,33.03,0.1300,32.80,33.05,32.80,1238000,40742450,414,TWSE_CSV,2026-08-26 14:15:34 +0800
1150826,2026-08-26,上市,00926,凱基全球菁英55,26.06,0.0400,26.02,26.08,26.00,460000,11984180,49,TWSE_CSV,2026-08-26 14:15:34 +0800
1150826,2026-08-26,上市,00927,群益半導體收益,36.36,0.5300,35.82,36.38,35.70,6582000,237833840,1948,TWSE_CSV,2026-08-26 14:15:34 +0800
1150826,2026-08-26,上市,00929,復華台灣科技優息,28.98,0.4500,28.55,29.02,28.55,21851000,631075360,4639,TWSE_CSV,2026-08-26 14:15:34 +0800
1150826,2026-08-26,上市,00930,永豐ESG低碳高息,23.92,0.3000,23.65,23.92,23.65,514000,12235710,113,TWSE_CSV,2026-08-26 14:15:34 +0800
1150826,2026-08-26,上市,00932,兆豐永續高息等權,17.60,0.1100,17.54,17.60,17.43,603000,10577850,76,TWSE_CSV,2026-08-26 14:15:34 +0800
1150826,2026-08-26,上市,00934,中信成長高股息,29.30,0.6400,28.70,29.34,28.70,3450000,100371870,655,TWSE_CSV,2026-08-26 14:15:34 +0800
1150826,2026-08-26,上市,00935,野村臺灣新科技50,57.00,1.0500,55.55,57.05,55.45,4644000,262318600,1690,TWSE_CSV,2026-08-26 14:15:34 +0800
1150826,2026-08-26,上市,00936,台新永續高息中小,21.41,0.1400,21.37,21.45,21.28,1304000,27864330,98,TWSE_CSV,2026-08-26 14:15:34 +0800
1150826,2026-08-26,上市,00938,凱基優選30,25.05,0.1200,24.93,25.11,24.90,1853000,46320250,68,TWSE_CSV,2026-08-26 14:15:34 +0800
1150826,2026-08-26,上市,00939,統一台灣高息動能,22.69,0.0200,22.80,22.83,22.57,4314000,97867120,595,TWSE_CSV,2026-08-26 14:15:34 +0800
1150826,2026-08-26,上市,00940,元大台灣價值高息,12.65,0.1200,12.56,12.66,12.54,17253000,217775300,3023,TWSE_CSV,2026-08-26 14:15:34 +0800
1150826,2026-08-26,上市,00941,中信上游半導體,25.55,-0.0100,25.55,25.56,25.35,1056000,26863180,204,TWSE_CSV,2026-08-26 14:15:34 +0800
1150826,2026-08-26,上市,00943,兆豐電子高息等權,21.35,0.1400,21.31,21.35,21.25,22000,469500,9,TWSE_CSV,2026-08-26 14:15:34 +0800
1150826,2026-08-26,上市,00944,野村趨勢動能高息,20.88,0.1100,20.78,20.89,20.73,152000,3162380,28,TWSE_CSV,2026-08-26 14:15:34 +0800
1150826,2026-08-26,上市,00945B,凱基美國非投等債,14.48,0.0200,14.46,14.48,14.45,2013000,29122170,238,TWSE_CSV,2026-08-26 14:15:34 +0800
1150826,2026-08-26,上市,00946,群益科技高息成長,15.55,0.2100,15.35,15.57,15.34,2082000,32187660,307,TWSE_CSV,2026-08-26 14:15:34 +0800
1150826,2026-08-26,上市,00947,台新臺灣IC設計,37.45,1.3800,36.09,37.45,36.09,5480000,202829700,1936,TWSE_CSV,2026-08-26 14:15:34 +0800
1150826,2026-08-26,上市,00949,復華日本龍頭,21.87,0.1600,21.71,21.95,21.71,323000,7058100,86,TWSE_CSV,2026-08-26 14:15:34 +0800
1150826,2026-08-26,上市,00951,台新日本半導體,17.20,0.0900,16.83,17.24,16.74,1504000,25652460,379,TWSE_CSV,2026-08-26 14:15:34 +0800
1150826,2026-08-26,上市,00952,凱基台灣AI50,18.09,0.3200,17.77,18.11,17.72,1384000,24901110,233,TWSE_CSV,2026-08-26 14:15:34 +0800
1150826,2026-08-26,上市,00953B,群益優選非投等債,9.70,0.0200,9.69,9.70,9.68,18902000,183153610,3038,TWSE_CSV,2026-08-26 14:15:34 +0800
1150826,2026-08-26,上市,00954,中信日本半導體,18.31,0.0600,17.91,18.38,17.87,1022000,18589970,247,TWSE_CSV,2026-08-26 14:15:34 +0800
1150826,2026-08-26,上市,00956,中信日經高股息,13.44,0.0400,13.44,13.50,13.42,144000,1938140,26,TWSE_CSV,2026-08-26 14:15:34 +0800
1150826,2026-08-26,上市,00960,野村全球航運龍頭,21.19,-0.4500,21.63,21.63,21.14,5106000,108687690,680,TWSE_CSV,2026-08-26 14:15:34 +0800
1150826,2026-08-26,上市,00961,FT臺灣永續高息,13.16,0.0400,13.12,13.16,13.07,13640000,178946650,2338,TWSE_CSV,2026-08-26 14:15:34 +0800
1150826,2026-08-26,上市,00962,台新AI優息動能,15.21,0.3100,14.94,15.23,14.94,1167000,17669740,129,TWSE_CSV,2026-08-26 14:15:34 +0800
1150826,2026-08-26,上市,00963,中信全球高股息,13.23,-0.0500,13.28,13.28,13.22,1202000,15911530,205,TWSE_CSV,2026-08-26 14:15:34 +0800
1150826,2026-08-26,上市,00964,中信亞太高股息,14.82,0.0300,14.80,14.83,14.78,838000,12410950,107,TWSE_CSV,2026-08-26 14:15:34 +0800
1150826,2026-08-26,上市,00965,元大航太防衛科技,25.67,-0.0200,25.69,25.69,25.55,1067000,27353840,257,TWSE_CSV,2026-08-26 14:15:34 +0800
1150826,2026-08-26,上市,00971,野村美國研發龍頭,17.53,-0.0100,17.47,17.53,17.46,66000,1153860,24,TWSE_CSV,2026-08-26 14:15:34 +0800
1150826,2026-08-26,上市,00972,野村日本動能高息,22.02,0.0900,22.00,22.10,22.00,33000,726480,10,TWSE_CSV,2026-08-26 14:15:34 +0800
1150826,2026-08-26,上市,009800,中信NASDAQ,12.93,0.0000,12.86,12.95,12.86,1417000,18293180,274,TWSE_CSV,2026-08-26 14:15:34 +0800
1150826,2026-08-26,上市,009801,中信美國創新科技,11.08,0.0400,11.04,11.09,11.02,741000,8198860,144,TWSE_CSV,2026-08-26 14:15:34 +0800
1150826,2026-08-26,上市,009802,富邦旗艦50,19.18,0.5300,18.64,19.18,18.64,1928000,36612130,440,TWSE_CSV,2026-08-26 14:15:34 +0800
1150826,2026-08-26,上市,009803,玉山市值動能50,21.55,0.3700,21.15,21.55,21.12,1386000,29642970,360,TWSE_CSV,2026-08-26 14:15:34 +0800
1150826,2026-08-26,上市,009804,聯邦台精彩50,22.35,0.4900,21.99,22.36,21.93,1092000,24199240,208,TWSE_CSV,2026-08-26 14:15:34 +0800
1150826,2026-08-26,上市,009805,台新美國電力基建,15.18,-0.0700,15.20,15.22,15.13,8687000,131727510,2515,TWSE_CSV,2026-08-26 14:15:34 +0800
1150826,2026-08-26,上市,009808,華南永昌優選50,30.37,0.3300,29.99,30.42,29.99,167000,5054350,39,TWSE_CSV,2026-08-26 14:15:34 +0800
1150826,2026-08-26,上市,009809,富邦淨零ESG50,17.70,0.2300,17.46,17.70,17.44,212000,3736500,26,TWSE_CSV,2026-08-26 14:15:34 +0800
1150826,2026-08-26,上市,00980A,主動野村臺灣優選,24.52,0.6800,23.84,24.52,23.81,10148000,246163750,1822,TWSE_CSV,2026-08-26 14:15:34 +0800
1150826,2026-08-26,上市,009810,玉山全球藍籌100,21.28,0.0100,21.27,21.28,21.23,158000,3355950,20,TWSE_CSV,2026-08-26 14:15:34 +0800
1150826,2026-08-26,上市,009811,統一美國50,13.21,0.0200,13.30,13.30,13.17,2147000,28364180,432,TWSE_CSV,2026-08-26 14:15:34 +0800
1150826,2026-08-26,上市,009812,野村日本東證,12.89,0.0900,12.85,12.94,12.85,179000,2308200,55,TWSE_CSV,2026-08-26 14:15:34 +0800
1150826,2026-08-26,上市,009813,貝萊德標普卓越50,11.21,0.0200,11.19,11.21,11.17,629000,7042180,158,TWSE_CSV,2026-08-26 14:15:34 +0800
1150826,2026-08-26,上市,009816,凱基台灣TOP50,15.43,0.2200,15.20,15.48,15.18,83585000,1285479240,13223,TWSE_CSV,2026-08-26 14:15:34 +0800
1150826,2026-08-26,上市,009817,國泰日本不動產,9.15,0.0200,9.14,9.18,9.13,239000,2187920,45,TWSE_CSV,2026-08-26 14:15:34 +0800
1150826,2026-08-26,上市,009818,華南永昌NASDAQxT,19.56,0.0000,19.49,19.58,19.48,159000,3108070,30,TWSE_CSV,2026-08-26 14:15:34 +0800
1150826,2026-08-26,上市,009819,中信數據及電力,9.81,0.0100,9.85,9.85,9.78,4790000,46968000,1016,TWSE_CSV,2026-08-26 14:15:34 +0800
1150826,2026-08-26,上市,00981A,主動統一台股增長,29.44,0.6700,28.66,29.45,28.42,149343000,4346489520,30350,TWSE_CSV,2026-08-26 14:15:34 +0800
1150826,2026-08-26,上市,00981T,平衡凱基雙核收息,11.86,0.1100,11.75,11.86,11.75,2421000,28652290,173,TWSE_CSV,2026-08-26 14:15:34 +0800
1150826,2026-08-26,上市,009820,元大納斯達克精選,9.68,0.0300,9.67,9.69,9.63,3087000,29800750,485,TWSE_CSV,2026-08-26 14:15:34 +0800
1150826,2026-08-26,上市,009821,野村稀土關鍵資源,16.09,0.3800,15.99,16.10,15.96,21548000,345446120,4713,TWSE_CSV,2026-08-26 14:15:34 +0800
1150826,2026-08-26,上市,009824,群益美國科技巨頭,9.88,0.0300,9.85,9.89,9.83,2436000,24014950,697,TWSE_CSV,2026-08-26 14:15:34 +0800
1150826,2026-08-26,上市,009826,貝萊德世界股票,10.16,0.0200,10.15,10.16,10.12,12900000,130859490,2040,TWSE_CSV,2026-08-26 14:15:34 +0800
1150826,2026-08-26,上市,009829,大華韓國KOSPI50,10.42,0.0900,10.34,10.54,10.29,31196000,325260710,3404,TWSE_CSV,2026-08-26 14:15:34 +0800
1150826,2026-08-26,上市,00982A,主動群益台灣強棒,22.19,0.5400,21.61,22.19,21.50,20295000,445490310,3962,TWSE_CSV,2026-08-26 14:15:34 +0800
1150826,2026-08-26,上市,00982D,主動富邦動態入息,9.75,0.0400,9.75,9.76,9.75,293000,2859180,33,TWSE_CSV,2026-08-26 14:15:34 +0800
1150826,2026-08-26,上市,00982T,平衡兆豐台美動能,15.29,0.4100,15.14,15.29,15.13,49000,746420,18,TWSE_CSV,2026-08-26 14:15:34 +0800
1150826,2026-08-26,上市,00983A,主動中信ARK創新,12.71,0.2200,12.58,12.73,12.58,3369000,42781520,478,TWSE_CSV,2026-08-26 14:15:34 +0800
1150826,2026-08-26,上市,00983D,主動富邦複合收益,9.98,0.0400,9.96,9.98,9.96,1027000,10241030,55,TWSE_CSV,2026-08-26 14:15:34 +0800
1150826,2026-08-26,上市,00984A,主動安聯台灣高息,15.55,0.3100,15.28,15.56,15.28,4006000,61998940,1001,TWSE_CSV,2026-08-26 14:15:34 +0800
1150826,2026-08-26,上市,00984D,主動聯博全球非投,10.07,0.0300,10.05,10.07,10.05,14933000,150226390,976,TWSE_CSV,2026-08-26 14:15:34 +0800
1150826,2026-08-26,上市,00985A,主動野村台灣50,23.02,0.5000,22.55,23.02,22.54,3015000,68890130,883,TWSE_CSV,2026-08-26 14:15:34 +0800
1150826,2026-08-26,上市,00985B,群益ESG投等債0-5,10.26,0.0100,10.25,10.27,10.25,5950000,61027260,357,TWSE_CSV,2026-08-26 14:15:34 +0800
1150826,2026-08-26,上市,00986A,主動台新龍頭成長,14.25,0.0600,14.18,14.27,14.17,146000,2078580,34,TWSE_CSV,2026-08-26 14:15:34 +0800
1150826,2026-08-26,上市,00987A,主動台新優勢成長,16.27,0.5400,15.69,16.27,15.69,3843000,61758530,599,TWSE_CSV,2026-08-26 14:15:34 +0800
1150826,2026-08-26,上市,00988A,主動統一全球創新,16.23,0.1000,16.12,16.29,16.04,22485000,363790420,5026,TWSE_CSV,2026-08-26 14:15:34 +0800
1150826,2026-08-26,上市,00989A,主動摩根美國科技,16.65,-0.0300,16.57,16.67,16.56,545000,9060640,58,TWSE_CSV,2026-08-26 14:15:34 +0800
1150826,2026-08-26,上市,00990A,主動元大AI新經濟,15.24,0.1400,15.15,15.27,15.02,9426000,143040310,2197,TWSE_CSV,2026-08-26 14:15:34 +0800
1150826,2026-08-26,上市,00991A,主動復華未來50,18.02,0.3900,17.56,18.02,17.48,72088000,1283473200,12199,TWSE_CSV,2026-08-26 14:15:34 +0800
1150826,2026-08-26,上市,00991B,貝萊德A級公司債,14.96,0.1000,14.97,14.97,14.96,337000,5041600,10,TWSE_CSV,2026-08-26 14:15:34 +0800
1150826,2026-08-26,上市,00992A,主動群益科技創新,18.16,0.4600,17.65,18.16,17.60,34718000,623056010,6496,TWSE_CSV,2026-08-26 14:15:34 +0800
1150826,2026-08-26,上市,00993A,主動安聯台灣,13.39,0.2400,13.15,13.40,13.08,4309000,57162750,781,TWSE_CSV,2026-08-26 14:15:34 +0800
1150826,2026-08-26,上市,00994A,主動第一金台股優,17.20,0.4000,16.79,17.20,16.72,2041000,34688410,548,TWSE_CSV,2026-08-26 14:15:34 +0800
1150826,2026-08-26,上市,00995A,主動中信台灣卓越,17.03,0.3400,16.61,17.06,16.58,2231000,37525020,406,TWSE_CSV,2026-08-26 14:15:34 +0800
1150826,2026-08-26,上市,00996A,主動兆豐台灣豐收,13.93,0.3900,13.51,13.93,13.51,4045000,55850290,566,TWSE_CSV,2026-08-26 14:15:34 +0800
1150826,2026-08-26,上市,00997A,主動群益美國增長,11.07,0.0300,11.09,11.11,11.00,6278000,69450300,1345,TWSE_CSV,2026-08-26 14:15:34 +0800
1150826,2026-08-26,上市,00999A,主動野村臺灣高息,11.29,0.1900,11.10,11.30,11.08,8254000,92722870,1413,TWSE_CSV,2026-08-26 14:15:34 +0800
1150826,2026-08-26,上市,1101,台泥,24.30,-0.3000,24.65,24.70,24.25,35966000,875653300,9478,TWSE_CSV,2026-08-26 14:15:34 +0800
1150826,2026-08-26,上市,1102,亞泥,35.20,0.3000,35.10,35.30,34.80,9502000,333642050,3361,TWSE_CSV,2026-08-26 14:15:34 +0800
1150826,2026-08-26,上市,1103,嘉泥,13.30,0.0500,13.25,13.35,13.15,297000,3933200,156,TWSE_CSV,2026-08-26 14:15:34 +0800
1150826,2026-08-26,上市,1104,環泥,26.80,0.1500,26.70,26.85,26.40,915000,24355500,560,TWSE_CSV,2026-08-26 14:15:34 +0800
1150826,2026-08-26,上市,1108,幸福,11.80,0.1000,11.70,11.80,11.70,152000,1782900,73,TWSE_CSV,2026-08-26 14:15:34 +0800
1150826,2026-08-26,上市,1109,信大,13.75,0.2500,13.55,13.75,13.50,54000,736450,53,TWSE_CSV,2026-08-26 14:15:34 +0800
1150826,2026-08-26,上市,1110,東泥,16.00,0.0500,16.00,16.15,15.90,106000,1698800,92,TWSE_CSV,2026-08-26 14:15:34 +0800
1150826,2026-08-26,上市,1201,味全,12.25,0.0500,12.30,12.30,12.20,455000,5571350,221,TWSE_CSV,2026-08-26 14:15:34 +0800
1150826,2026-08-26,上市,1203,味王,46.90,2.3500,44.55,47.00,44.55,37000,1701750,36,TWSE_CSV,2026-08-26 14:15:34 +0800
1150826,2026-08-26,上市,1210,大成,52.70,0.1000,52.70,53.00,52.50,746000,39252800,478,TWSE_CSV,2026-08-26 14:15:34 +0800
1150826,2026-08-26,上市,1213,大飲,7.18,0.0000,7.25,7.25,7.18,20000,143900,8,TWSE_CSV,2026-08-26 14:15:34 +0800
1150826,2026-08-26,上市,1215,卜蜂,109.00,0.0000,109.50,109.50,108.00,491000,53371500,421,TWSE_CSV,2026-08-26 14:15:34 +0800
1150826,2026-08-26,上市,1216,統一,77.70,-0.2000,77.40,77.70,76.90,9345000,722647300,3058,TWSE_CSV,2026-08-26 14:15:34 +0800
1150826,2026-08-26,上市,1217,愛之味,9.99,-0.0100,10.00,10.05,9.97,404000,4035120,164,TWSE_CSV,2026-08-26 14:15:34 +0800
1150826,2026-08-26,上市,1218,泰山,14.65,-0.0500,14.70,14.85,14.45,2381000,34736250,864,TWSE_CSV,2026-08-26 14:15:34 +0800
1150826,2026-08-26,上市,1219,福壽,11.90,0.7500,11.20,11.90,11.20,1826000,21211350,585,TWSE_CSV,2026-08-26 14:15:34 +0800
1150826,2026-08-26,上市,1220,台榮,10.90,0.0500,10.90,10.95,10.90,37000,403850,31,TWSE_CSV,2026-08-26 14:15:34 +0800
1150826,2026-08-26,上市,1225,福懋油,26.00,1.3500,25.05,27.00,25.05,354000,9163550,216,TWSE_CSV,2026-08-26 14:15:34 +0800
1150826,2026-08-26,上市,1227,佳格,28.95,0.1000,28.85,29.00,28.75,377000,10886200,273,TWSE_CSV,2026-08-26 14:15:34 +0800
1150826,2026-08-26,上市,1229,聯華,41.95,0.2500,41.80,42.10,41.65,1123000,47032300,724,TWSE_CSV,2026-08-26 14:15:34 +0800
1150826,2026-08-26,上市,1231,聯華食,81.20,0.4000,80.90,81.40,80.60,216000,17513600,129,TWSE_CSV,2026-08-26 14:15:34 +0800
1150826,2026-08-26,上市,1232,大統益,157.50,1.0000,156.50,158.00,156.00,97000,15226500,89,TWSE_CSV,2026-08-26 14:15:34 +0800
1150826,2026-08-26,上市,1233,天仁,28.50,0.1500,28.50,28.60,28.50,19000,542400,12,TWSE_CSV,2026-08-26 14:15:34 +0800
1150826,2026-08-26,上市,1234,黑松,33.35,0.0500,33.25,33.50,33.20,85000,2830850,61,TWSE_CSV,2026-08-26 14:15:34 +0800
1150826,2026-08-26,上市,1235,興泰,38.35,1.5500,36.70,38.50,36.70,35000,1319150,25,TWSE_CSV,2026-08-26 14:15:34 +0800
1150826,2026-08-26,上市,1236,宏亞,25.60,0.1500,25.60,25.85,25.30,49000,1255300,32,TWSE_CSV,2026-08-26 14:15:34 +0800
1150826,2026-08-26,上市,1256,鮮活果汁-KY,186.00,4.0000,181.00,186.00,181.00,56000,10327000,51,TWSE_CSV,2026-08-26 14:15:34 +0800
1150826,2026-08-26,上市,1301,台塑,60.10,2.3000,58.50,61.20,58.00,35286000,2114397000,14658,TWSE_CSV,2026-08-26 14:15:34 +0800
1150826,2026-08-26,上市,1303,南亞,207.00,18.5000,186.50,207.00,186.50,101007000,20275332500,54864,TWSE_CSV,2026-08-26 14:15:34 +0800
1150826,2026-08-26,上市,1304,台聚,12.30,0.4500,12.00,12.50,12.00,3994000,48979100,1460,TWSE_CSV,2026-08-26 14:15:34 +0800
1150826,2026-08-26,上市,1305,華夏,12.20,0.4000,12.00,12.35,12.00,3088000,37620750,1174,TWSE_CSV,2026-08-26 14:15:34 +0800
1150826,2026-08-26,上市,1307,三芳,30.85,0.2500,30.70,30.95,30.70,352000,10845300,288,TWSE_CSV,2026-08-26 14:15:34 +0800
1150826,2026-08-26,上市,1308,亞聚,14.10,0.4500,13.90,14.30,13.80,2635000,37239400,953,TWSE_CSV,2026-08-26 14:15:34 +0800
1150826,2026-08-26,上市,1309,台達化,13.45,0.4000,13.30,13.55,13.25,2739000,36732500,1165,TWSE_CSV,2026-08-26 14:15:34 +0800
1150826,2026-08-26,上市,1310,台苯,8.20,0.1700,8.22,8.55,8.09,5468000,45190620,1790,TWSE_CSV,2026-08-26 14:15:34 +0800
1150826,2026-08-26,上市,1312,國喬,13.00,1.1500,13.00,13.00,13.00,7367000,95771000,1692,TWSE_CSV,2026-08-26 14:15:34 +0800
1150826,2026-08-26,上市,1313,聯成,11.90,0.2500,11.85,12.05,11.80,4012000,47960950,1184,TWSE_CSV,2026-08-26 14:15:34 +0800
1150826,2026-08-26,上市,1314,中石化,7.99,0.0900,7.95,8.10,7.94,17840000,143043450,3558,TWSE_CSV,2026-08-26 14:15:34 +0800
1150826,2026-08-26,上市,1315,達新,66.30,0.0000,66.30,66.50,66.00,68000,4509200,43,TWSE_CSV,2026-08-26 14:15:34 +0800
1150826,2026-08-26,上市,1316,上曜,11.60,0.5500,11.20,11.80,11.15,7338000,84545300,2278,TWSE_CSV,2026-08-26 14:15:34 +0800
1150826,2026-08-26,上市,1319,東陽,82.30,-0.3000,82.90,83.10,81.70,1318000,108496800,1112,TWSE_CSV,2026-08-26 14:15:34 +0800
1150826,2026-08-26,上市,1321,大洋,33.75,0.7000,33.10,34.10,33.05,506000,17006100,306,TWSE_CSV,2026-08-26 14:15:34 +0800
1150826,2026-08-26,上市,1323,永裕,21.55,-0.0500,21.60,21.60,21.35,26000,557800,20,TWSE_CSV,2026-08-26 14:15:34 +0800
1150826,2026-08-26,上市,1324,地球,10.15,0.1700,10.05,10.15,10.05,13000,131450,13,TWSE_CSV,2026-08-26 14:15:34 +0800
1150826,2026-08-26,上市,1325,恆大,26.00,0.1500,25.90,26.20,25.90,86000,2235450,66,TWSE_CSV,2026-08-26 14:15:34 +0800
1150826,2026-08-26,上市,1326,台化,60.30,2.3000,57.90,60.90,57.70,28046000,1684669400,12616,TWSE_CSV,2026-08-26 14:15:34 +0800
1150826,2026-08-26,上市,1337,再生-KY,4.68,0.0600,4.66,4.72,4.63,265000,1242100,130,TWSE_CSV,2026-08-26 14:15:34 +0800
1150826,2026-08-26,上市,1338,廣華-KY,14.45,0.1000,14.40,14.50,14.35,46000,663400,35,TWSE_CSV,2026-08-26 14:15:34 +0800
1150826,2026-08-26,上市,1339,昭輝,46.30,0.9500,45.80,46.40,45.30,347000,15934400,201,TWSE_CSV,2026-08-26 14:15:34 +0800
1150826,2026-08-26,上市,1340,勝悅-KY,5.33,0.0000,5.34,5.40,5.29,155000,826660,86,TWSE_CSV,2026-08-26 14:15:34 +0800
1150826,2026-08-26,上市,1341,富林-KY,59.90,0.0000,59.90,59.90,59.90,1000,59900,1,TWSE_CSV,2026-08-26 14:15:34 +0800
1150826,2026-08-26,上市,1342,八貫,103.50,0.5000,103.00,104.00,102.50,103000,10635000,77,TWSE_CSV,2026-08-26 14:15:34 +0800
1150826,2026-08-26,上市,1402,遠東新,28.55,-0.4500,29.00,29.05,28.30,14997000,427487950,4990,TWSE_CSV,2026-08-26 14:15:34 +0800
1150826,2026-08-26,上市,1409,新纖,24.85,0.4000,24.65,25.20,24.60,12592000,313077450,4136,TWSE_CSV,2026-08-26 14:15:34 +0800
1150826,2026-08-26,上市,1410,南染,24.75,0.0000,24.65,25.20,24.50,232000,5754700,216,TWSE_CSV,2026-08-26 14:15:34 +0800
1150826,2026-08-26,上市,1413,宏洲,9.41,0.1100,9.30,9.48,9.25,28000,261210,14,TWSE_CSV,2026-08-26 14:15:34 +0800
1150826,2026-08-26,上市,1414,東和,19.00,-0.6000,19.55,19.75,18.85,749000,14456700,295,TWSE_CSV,2026-08-26 14:15:34 +0800
1150826,2026-08-26,上市,1416,廣豐,11.90,0.0000,11.90,11.90,11.65,420000,4935100,201,TWSE_CSV,2026-08-26 14:15:34 +0800
1150826,2026-08-26,上市,1417,嘉裕,8.28,0.0500,8.27,8.30,8.23,128000,1058790,74,TWSE_CSV,2026-08-26 14:15:34 +0800
1150826,2026-08-26,上市,1418,東華,17.95,0.1500,17.80,17.95,17.55,11000,195750,11,TWSE_CSV,2026-08-26 14:15:34 +0800
1150826,2026-08-26,上市,1419,新紡,66.70,1.4000,65.30,66.70,64.60,114000,7450300,98,TWSE_CSV,2026-08-26 14:15:34 +0800
1150826,2026-08-26,上市,1423,利華,35.50,0.3000,34.85,35.50,34.85,12000,423250,8,TWSE_CSV,2026-08-26 14:15:34 +0800
1150826,2026-08-26,上市,1432,大魯閣,15.05,0.0000,15.05,15.10,15.00,45000,676500,36,TWSE_CSV,2026-08-26 14:15:34 +0800
1150826,2026-08-26,上市,1434,福懋,17.90,0.2000,17.70,18.00,17.70,2520000,45075450,872,TWSE_CSV,2026-08-26 14:15:34 +0800
1150826,2026-08-26,上市,1435,中福,23.55,1.6500,22.00,23.55,22.00,18000,420700,18,TWSE_CSV,2026-08-26 14:15:34 +0800
1150826,2026-08-26,上市,1436,華友聯,38.80,0.6500,38.15,38.80,38.15,119000,4575900,87,TWSE_CSV,2026-08-26 14:15:34 +0800
1150826,2026-08-26,上市,1437,勤益控,32.15,0.4000,31.70,32.25,31.55,80000,2552000,72,TWSE_CSV,2026-08-26 14:15:34 +0800
1150826,2026-08-26,上市,1438,三地開發,22.40,0.1000,22.40,22.65,22.00,75000,1673350,51,TWSE_CSV,2026-08-26 14:15:34 +0800
1150826,2026-08-26,上市,1439,雋揚,29.55,-0.1000,29.70,29.70,29.25,8000,236450,8,TWSE_CSV,2026-08-26 14:15:34 +0800
1150826,2026-08-26,上市,1440,南紡,13.75,0.2500,13.55,13.75,13.50,690000,9419800,385,TWSE_CSV,2026-08-26 14:15:34 +0800
1150826,2026-08-26,上市,1441,大東,8.98,0.1000,9.06,9.06,8.89,7000,62580,5,TWSE_CSV,2026-08-26 14:15:34 +0800
1150826,2026-08-26,上市,1442,名軒,30.25,0.1500,30.10,30.45,30.00,80000,2411350,71,TWSE_CSV,2026-08-26 14:15:34 +0800
1150826,2026-08-26,上市,1443,立益物流,25.15,0.0500,25.10,25.15,25.05,8000,201050,8,TWSE_CSV,2026-08-26 14:15:34 +0800
1150826,2026-08-26,上市,1444,力麗,7.21,0.0400,7.18,7.27,7.16,1038000,7494640,404,TWSE_CSV,2026-08-26 14:15:34 +0800
1150826,2026-08-26,上市,1445,大宇,10.35,-0.1000,10.30,10.50,10.20,94000,970500,50,TWSE_CSV,2026-08-26 14:15:34 +0800
1150826,2026-08-26,上市,1446,宏和,13.55,0.0000,13.55,13.65,13.55,123000,1671100,65,TWSE_CSV,2026-08-26 14:15:34 +0800
1150826,2026-08-26,上市,1447,力鵬,6.94,0.0900,6.85,6.96,6.85,727000,5039140,348,TWSE_CSV,2026-08-26 14:15:34 +0800
1150826,2026-08-26,上市,1449,佳和,12.55,-0.0500,12.45,12.65,12.40,244000,3055550,148,TWSE_CSV,2026-08-26 14:15:34 +0800
1150826,2026-08-26,上市,1451,年興,17.35,0.1000,17.45,17.45,17.25,76000,1318100,43,TWSE_CSV,2026-08-26 14:15:34 +0800
1150826,2026-08-26,上市,1452,宏益,11.45,0.0000,11.45,11.50,11.35,87000,992550,35,TWSE_CSV,2026-08-26 14:15:34 +0800
1150826,2026-08-26,上市,1453,大將,11.45,0.2000,11.25,11.45,11.25,24000,273450,20,TWSE_CSV,2026-08-26 14:15:34 +0800
1150826,2026-08-26,上市,1454,台富,12.50,0.2500,12.40,12.50,12.35,25000,310000,15,TWSE_CSV,2026-08-26 14:15:34 +0800
1150826,2026-08-26,上市,1455,集盛,9.99,0.0500,9.99,10.00,9.87,627000,6227530,342,TWSE_CSV,2026-08-26 14:15:34 +0800
1150826,2026-08-26,上市,1456,怡華,14.15,0.5500,13.60,14.15,13.60,109000,1514350,43,TWSE_CSV,2026-08-26 14:15:34 +0800
1150826,2026-08-26,上市,1457,宜進,14.50,0.2000,14.30,14.50,14.30,50000,722900,38,TWSE_CSV,2026-08-26 14:15:34 +0800
1150826,2026-08-26,上市,1459,聯發,15.60,0.6500,14.95,15.60,14.85,304000,4641900,115,TWSE_CSV,2026-08-26 14:15:34 +0800
1150826,2026-08-26,上市,1460,宏遠,6.70,0.0500,6.66,6.72,6.60,162000,1080030,106,TWSE_CSV,2026-08-26 14:15:34 +0800
1150826,2026-08-26,上市,1463,強盛新,17.60,0.1000,17.50,17.70,17.50,20000,351450,19,TWSE_CSV,2026-08-26 14:15:34 +0800
1150826,2026-08-26,上市,1464,得力,10.30,0.0000,10.30,10.40,10.25,173000,1785400,111,TWSE_CSV,2026-08-26 14:15:34 +0800
1150826,2026-08-26,上市,1465,偉全,12.10,0.1000,12.00,12.15,11.95,146000,1752350,77,TWSE_CSV,2026-08-26 14:15:34 +0800
1150826,2026-08-26,上市,1466,聚隆,15.90,0.1000,15.80,16.10,15.80,201000,3208550,128,TWSE_CSV,2026-08-26 14:15:34 +0800
1150826,2026-08-26,上市,1467,南緯,8.26,-0.0400,8.34,8.34,8.20,213000,1754440,112,TWSE_CSV,2026-08-26 14:15:34 +0800
1150826,2026-08-26,上市,1468,昶和,13.25,0.2000,12.95,13.25,12.70,76000,981000,54,TWSE_CSV,2026-08-26 14:15:34 +0800
1150826,2026-08-26,上市,1470,大統新創,24.50,0.5000,23.45,24.65,23.45,11000,265650,11,TWSE_CSV,2026-08-26 14:15:34 +0800
1150826,2026-08-26,上市,1471,首利,9.88,-0.0100,9.84,9.98,9.81,298000,2944690,133,TWSE_CSV,2026-08-26 14:15:34 +0800
1150826,2026-08-26,上市,1472,三洋實業,88.20,-0.6000,88.80,88.80,88.20,4000,354000,4,TWSE_CSV,2026-08-26 14:15:34 +0800
1150826,2026-08-26,上市,1473,台南,20.05,0.0500,19.85,20.05,19.85,20000,400200,20,TWSE_CSV,2026-08-26 14:15:34 +0800
1150826,2026-08-26,上市,1474,弘裕,10.05,0.0500,10.00,10.05,9.98,27000,270360,20,TWSE_CSV,2026-08-26 14:15:34 +0800
1150826,2026-08-26,上市,1475,業旺,26.60,0.6000,26.10,26.80,26.10,9000,238300,9,TWSE_CSV,2026-08-26 14:15:34 +0800
1150826,2026-08-26,上市,1476,儒鴻,316.00,-3.0000,318.50,319.00,315.50,561000,177526500,462,TWSE_CSV,2026-08-26 14:15:34 +0800
1150826,2026-08-26,上市,1477,聚陽,197.00,-4.0000,200.00,201.50,196.00,1871000,369381000,1585,TWSE_CSV,2026-08-26 14:15:34 +0800
1150826,2026-08-26,上市,1503,士電,202.00,2.5000,201.00,202.00,197.50,945000,189298000,798,TWSE_CSV,2026-08-26 14:15:34 +0800
1150826,2026-08-26,上市,1504,東元,71.40,0.6000,71.10,71.90,70.50,4205000,300037200,2657,TWSE_CSV,2026-08-26 14:15:34 +0800
1150826,2026-08-26,上市,1506,正道,10.20,0.0500,10.15,10.25,10.15,80000,815700,38,TWSE_CSV,2026-08-26 14:15:34 +0800
1150826,2026-08-26,上市,1512,瑞利,6.56,0.0800,6.48,6.56,6.45,75000,488070,33,TWSE_CSV,2026-08-26 14:15:34 +0800
1150826,2026-08-26,上市,1513,中興電,166.00,0.5000,165.00,166.50,164.50,1367000,226464500,1007,TWSE_CSV,2026-08-26 14:15:34 +0800
1150826,2026-08-26,上市,1514,亞力,102.00,1.5000,100.50,102.00,100.00,567000,57389500,454,TWSE_CSV,2026-08-26 14:15:34 +0800
1150826,2026-08-26,上市,1515,力山,36.30,3.0500,34.30,36.30,33.85,4275000,150955350,2634,TWSE_CSV,2026-08-26 14:15:34 +0800
1150826,2026-08-26,上市,1516,川飛,15.00,0.0000,15.20,15.20,14.65,17000,252450,15,TWSE_CSV,2026-08-26 14:15:34 +0800
1150826,2026-08-26,上市,1517,利奇,11.40,0.0000,11.40,11.45,11.30,267000,3032250,139,TWSE_CSV,2026-08-26 14:15:34 +0800
1150826,2026-08-26,上市,1519,華城,717.00,0.0000,719.00,723.00,715.00,1246000,896357000,910,TWSE_CSV,2026-08-26 14:15:34 +0800
1150826,2026-08-26,上市,1521,大億,25.80,0.2500,25.55,26.10,25.55,16000,413100,13,TWSE_CSV,2026-08-26 14:15:34 +0800
1150826,2026-08-26,上市,1522,堤維西,28.35,0.1000,28.25,28.40,28.10,233000,6592000,164,TWSE_CSV,2026-08-26 14:15:34 +0800
1150826,2026-08-26,上市,1524,耿鼎,27.50,-0.1000,27.60,27.80,27.40,251000,6918500,214,TWSE_CSV,2026-08-26 14:15:34 +0800
1150826,2026-08-26,上市,1525,江申,66.90,-1.2000,66.90,68.10,66.90,11000,739800,10,TWSE_CSV,2026-08-26 14:15:34 +0800
1150826,2026-08-26,上市,1526,日馳,16.30,0.0000,16.45,16.55,16.25,174000,2844500,117,TWSE_CSV,2026-08-26 14:15:34 +0800
1150826,2026-08-26,上市,1527,鑽全,32.80,0.1000,32.55,32.80,32.50,115000,3749350,83,TWSE_CSV,2026-08-26 14:15:34 +0800
1150826,2026-08-26,上市,1528,恩德,19.10,0.6500,18.50,19.15,18.50,847000,16073650,513,TWSE_CSV,2026-08-26 14:15:34 +0800
1150826,2026-08-26,上市,1529,樂事綠能,16.90,-0.1000,17.00,17.10,16.90,368000,6246100,150,TWSE_CSV,2026-08-26 14:15:34 +0800
1150826,2026-08-26,上市,1530,亞崴,29.35,0.4500,29.00,29.35,28.75,19000,552550,16,TWSE_CSV,2026-08-26 14:15:34 +0800
1150826,2026-08-26,上市,1531,高林股,13.15,0.0000,13.15,13.25,13.15,254000,3348550,112,TWSE_CSV,2026-08-26 14:15:34 +0800
1150826,2026-08-26,上市,1532,勤美,23.00,0.1000,22.90,23.10,22.85,367000,8432450,210,TWSE_CSV,2026-08-26 14:15:34 +0800
1150826,2026-08-26,上市,1533,車王電,31.80,0.2000,32.00,32.00,31.65,39000,1237900,31,TWSE_CSV,2026-08-26 14:15:34 +0800
1150826,2026-08-26,上市,1535,中宇,46.20,0.1500,46.25,46.30,46.00,22000,1015300,19,TWSE_CSV,2026-08-26 14:15:34 +0800
1150826,2026-08-26,上市,1536,和大,50.10,0.5000,49.60,50.40,49.45,688000,34378600,460,TWSE_CSV,2026-08-26 14:15:34 +0800
1150826,2026-08-26,上市,1537,廣隆,119.50,0.0000,119.50,120.00,119.00,158000,18857000,91,TWSE_CSV,2026-08-26 14:15:34 +0800
1150826,2026-08-26,上市,1538,正峰,,0.0000,,,,,,,TWSE_CSV,2026-08-26 14:15:34 +0800
1150826,2026-08-26,上市,1539,巨庭,15.65,0.0000,15.75,15.80,15.65,40000,628150,30,TWSE_CSV,2026-08-26 14:15:34 +0800
1150826,2026-08-26,上市,1540,喬福,19.25,0.0500,19.30,19.50,19.25,90000,1743450,65,TWSE_CSV,2026-08-26 14:15:34 +0800
1150826,2026-08-26,上市,1541,錩泰,21.90,0.3000,22.05,22.05,21.45,12000,261650,12,TWSE_CSV,2026-08-26 14:15:34 +0800
1150826,2026-08-26,上市,1558,伸興,102.50,-1.0000,101.50,103.00,101.50,77000,7885500,53,TWSE_CSV,2026-08-26 14:15:34 +0800
1150826,2026-08-26,上市,1560,中砂,682.00,5.0000,677.00,690.00,677.00,447000,305649000,420,TWSE_CSV,2026-08-26 14:15:34 +0800
1150826,2026-08-26,上市,1563,巧新,66.00,0.9000,65.60,67.30,64.00,3181000,209937100,1377,TWSE_CSV,2026-08-26 14:15:34 +0800
1150826,2026-08-26,上市,1568,倉佑,29.25,0.9000,28.35,29.35,28.35,198000,5711350,135,TWSE_CSV,2026-08-26 14:15:34 +0800
1150826,2026-08-26,上市,1582,信錦,75.00,1.8000,73.10,75.00,73.10,399000,29778000,318,TWSE_CSV,2026-08-26 14:15:34 +0800
1150826,2026-08-26,上市,1583,程泰,48.90,0.0000,47.40,49.55,47.40,70000,3382850,53,TWSE_CSV,2026-08-26 14:15:34 +0800
1150826,2026-08-26,上市,1587,吉茂,24.25,0.2000,24.30,24.40,24.10,71000,1718750,59,TWSE_CSV,2026-08-26 14:15:34 +0800
1150826,2026-08-26,上市,1590,亞德客-KY,1470.00,10.0000,1460.00,1505.00,1440.00,471000,694045000,432,TWSE_CSV,2026-08-26 14:15:34 +0800
1150826,2026-08-26,上市,1597,直得,134.50,4.5000,129.00,134.50,128.00,725000,95839000,574,TWSE_CSV,2026-08-26 14:15:34 +0800
1150826,2026-08-26,上市,1598,岱宇,20.60,0.0500,20.50,20.80,20.35,118000,2419550,95,TWSE_CSV,2026-08-26 14:15:34 +0800
1150826,2026-08-26,上市,1603,華電,31.00,0.0500,31.10,31.15,30.75,78000,2417450,64,TWSE_CSV,2026-08-26 14:15:34 +0800
1150826,2026-08-26,上市,1604,聲寶,23.35,0.0500,23.35,23.40,23.20,176000,4098250,115,TWSE_CSV,2026-08-26 14:15:34 +0800
1150826,2026-08-26,上市,1605,華新,39.40,0.9500,38.40,39.55,38.20,27180000,1059557050,11023,TWSE_CSV,2026-08-26 14:15:34 +0800
1150826,2026-08-26,上市,1608,華榮,37.60,1.0000,36.70,38.00,36.45,6361000,236973150,2948,TWSE_CSV,2026-08-26 14:15:34 +0800
1150826,2026-08-26,上市,1609,大亞,38.00,0.6500,37.20,38.00,37.10,3039000,114579450,1723,TWSE_CSV,2026-08-26 14:15:34 +0800
1150826,2026-08-26,上市,1611,中電,11.95,0.0500,11.95,11.95,11.80,651000,7745250,307,TWSE_CSV,2026-08-26 14:15:34 +0800
1150826,2026-08-26,上市,1612,宏泰,35.00,0.4500,34.60,35.10,34.45,677000,23552950,379,TWSE_CSV,2026-08-26 14:15:34 +0800
1150826,2026-08-26,上市,1614,三洋電,30.95,0.1500,30.80,31.00,30.60,27000,834400,25,TWSE_CSV,2026-08-26 14:15:34 +0800
1150826,2026-08-26,上市,1615,大山,44.70,0.5000,44.45,44.80,44.20,168000,7479150,102,TWSE_CSV,2026-08-26 14:15:34 +0800
1150826,2026-08-26,上市,1616,億泰,19.60,0.0500,19.70,19.70,19.45,243000,4757600,137,TWSE_CSV,2026-08-26 14:15:34 +0800
1150826,2026-08-26,上市,1617,榮星,17.80,0.6000,17.45,18.00,17.00,391000,6841950,290,TWSE_CSV,2026-08-26 14:15:34 +0800
1150826,2026-08-26,上市,1618,合機,39.60,-0.1000,39.95,39.95,39.40,446000,17667900,294,TWSE_CSV,2026-08-26 14:15:34 +0800
1150826,2026-08-26,上市,1623,大東電,201.00,4.5000,198.50,203.00,197.00,60000,11996000,57,TWSE_CSV,2026-08-26 14:15:34 +0800
1150826,2026-08-26,上市,1626,艾美特-KY,9.72,0.0800,9.61,9.89,9.49,152000,1466420,54,TWSE_CSV,2026-08-26 14:15:34 +0800
1150826,2026-08-26,上市,1702,南僑,32.95,0.2500,32.90,33.00,32.75,126000,4144250,96,TWSE_CSV,2026-08-26 14:15:34 +0800
1150826,2026-08-26,上市,1707,葡萄王,90.20,0.1000,90.10,90.80,89.30,642000,57806600,517,TWSE_CSV,2026-08-26 14:15:34 +0800
1150826,2026-08-26,上市,1708,東鹼,50.10,-0.5000,50.60,51.00,49.95,3050000,153146550,2001,TWSE_CSV,2026-08-26 14:15:34 +0800
1150826,2026-08-26,上市,1709,和益,37.10,3.3500,35.00,37.10,33.15,19094000,686849800,7132,TWSE_CSV,2026-08-26 14:15:34 +0800
1150826,2026-08-26,上市,1710,東聯,15.80,-0.1000,15.85,16.05,15.55,4878000,76718350,1609,TWSE_CSV,2026-08-26 14:15:34 +0800
1150826,2026-08-26,上市,1711,永光,44.20,2.9500,42.50,44.20,42.25,10682000,463161750,5474,TWSE_CSV,2026-08-26 14:15:34 +0800
1150826,2026-08-26,上市,1712,興農,39.90,-0.1000,40.00,40.15,39.55,860000,34161750,674,TWSE_CSV,2026-08-26 14:15:34 +0800
1150826,2026-08-26,上市,1713,國化,43.85,0.2000,43.65,44.00,43.65,62000,2719850,52,TWSE_CSV,2026-08-26 14:15:34 +0800
1150826,2026-08-26,上市,1714,和桐,16.55,0.0500,16.45,16.70,16.40,6016000,99840550,2210,TWSE_CSV,2026-08-26 14:15:34 +0800
1150826,2026-08-26,上市,1717,長興,71.90,0.2000,72.50,73.30,71.80,7579000,548279600,4936,TWSE_CSV,2026-08-26 14:15:34 +0800
1150826,2026-08-26,上市,1718,中纖,10.70,0.0500,10.60,10.90,10.60,11599000,124521150,2983,TWSE_CSV,2026-08-26 14:15:34 +0800
1150826,2026-08-26,上市,1720,生達,57.10,-0.1000,57.20,57.40,57.00,80000,4574000,70,TWSE_CSV,2026-08-26 14:15:34 +0800
1150826,2026-08-26,上市,1721,三晃,20.10,0.7000,19.40,20.15,19.05,635000,12655000,369,TWSE_CSV,2026-08-26 14:15:34 +0800
1150826,2026-08-26,上市,1722,台肥,44.60,0.0000,44.50,44.70,44.50,1795000,79995200,1055,TWSE_CSV,2026-08-26 14:15:34 +0800
1150826,2026-08-26,上市,1723,中碳,88.00,0.6000,87.60,88.10,86.60,321000,28109600,253,TWSE_CSV,2026-08-26 14:15:34 +0800
1150826,2026-08-26,上市,1725,元禎,31.50,0.3000,31.10,31.55,31.00,35000,1096500,26,TWSE_CSV,2026-08-26 14:15:34 +0800
1150826,2026-08-26,上市,1726,永記,78.20,0.7000,77.50,78.20,77.40,29000,2253500,25,TWSE_CSV,2026-08-26 14:15:34 +0800
1150826,2026-08-26,上市,1727,中華化,94.40,3.1000,91.80,96.50,91.20,6272000,588934300,4247,TWSE_CSV,2026-08-26 14:15:34 +0800
1150826,2026-08-26,上市,1730,花仙子,51.70,-0.2000,52.00,52.00,51.50,67000,3465300,37,TWSE_CSV,2026-08-26 14:15:34 +0800
1150826,2026-08-26,上市,1731,美吾華,20.95,-0.0500,21.10,21.10,20.90,72000,1510800,49,TWSE_CSV,2026-08-26 14:15:34 +0800
1150826,2026-08-26,上市,1732,毛寶,26.60,0.1000,26.55,27.00,26.45,209000,5574650,132,TWSE_CSV,2026-08-26 14:15:34 +0800
1150826,2026-08-26,上市,1733,五鼎,32.30,0.1000,32.30,32.35,32.20,110000,3551150,57,TWSE_CSV,2026-08-26 14:15:34 +0800
1150826,2026-08-26,上市,1734,杏輝,32.50,0.0500,32.50,32.55,32.30,413000,13378500,180,TWSE_CSV,2026-08-26 14:15:34 +0800
1150826,2026-08-26,上市,1735,日勝化,20.45,0.2500,20.10,20.50,20.05,70000,1427300,45,TWSE_CSV,2026-08-26 14:15:34 +0800
1150826,2026-08-26,上市,1736,喬山,128.50,2.0000,126.50,128.50,126.00,180000,22943500,170,TWSE_CSV,2026-08-26 14:15:34 +0800
1150826,2026-08-26,上市,1737,臺鹽,30.90,-0.0500,31.00,31.00,30.80,195000,6025000,144,TWSE_CSV,2026-08-26 14:15:34 +0800
1150826,2026-08-26,上市,1752,南光,31.60,-0.1000,31.60,31.85,31.50,69000,2182400,44,TWSE_CSV,2026-08-26 14:15:34 +0800
1150826,2026-08-26,上市,1760,寶齡富錦,58.40,0.2000,58.20,58.70,58.20,44000,2568700,40,TWSE_CSV,2026-08-26 14:15:34 +0800
1150826,2026-08-26,上市,1762,中化生,35.95,0.1500,35.75,36.05,35.75,57000,2046400,51,TWSE_CSV,2026-08-26 14:15:34 +0800
1150826,2026-08-26,上市,1773,勝一,160.50,2.5000,160.00,161.00,157.00,227000,36269000,175,TWSE_CSV,2026-08-26 14:15:34 +0800
1150826,2026-08-26,上市,1776,展宇,17.00,-0.1000,17.20,17.20,17.00,30000,512100,23,TWSE_CSV,2026-08-26 14:15:34 +0800
1150826,2026-08-26,上市,1783,和康生,40.55,0.1500,40.30,40.70,40.10,53000,2138350,40,TWSE_CSV,2026-08-26 14:15:34 +0800
1150826,2026-08-26,上市,1786,科妍,49.55,0.7000,49.15,49.85,49.15,80000,3955300,58,TWSE_CSV,2026-08-26 14:15:34 +0800
1150826,2026-08-26,上市,1789,神隆,19.05,0.1000,18.95,19.10,18.90,274000,5207400,174,TWSE_CSV,2026-08-26 14:15:34 +0800
1150826,2026-08-26,上市,1795,美時,195.50,1.5000,193.00,198.50,193.00,870000,170221500,684,TWSE_CSV,2026-08-26 14:15:34 +0800
1150826,2026-08-26,上市,1802,台玻,59.70,1.7000,58.30,61.20,57.90,66767000,4023416200,30954,TWSE_CSV,2026-08-26 14:15:34 +0800
1150826,2026-08-26,上市,1805,寶徠,10.30,0.1000,10.15,10.30,10.15,56000,573150,31,TWSE_CSV,2026-08-26 14:15:34 +0800
1150826,2026-08-26,上市,1806,冠軍,8.05,0.0600,7.98,8.06,7.95,116000,929860,78,TWSE_CSV,2026-08-26 14:15:34 +0800
1150826,2026-08-26,上市,1808,潤隆,35.60,-0.7500,36.15,36.35,34.65,2790000,98243950,1598,TWSE_CSV,2026-08-26 14:15:34 +0800
1150826,2026-08-26,上市,1809,中釉,40.10,2.4000,37.70,40.75,37.70,2919000,116033050,1960,TWSE_CSV,2026-08-26 14:15:34 +0800
1150826,2026-08-26,上市,1810,和成,25.55,0.8000,25.05,25.80,25.05,4003000,102062600,2291,TWSE_CSV,2026-08-26 14:15:34 +0800
1150826,2026-08-26,上市,1817,凱撒衛,40.25,0.2500,39.95,40.30,39.95,36000,1447250,26,TWSE_CSV,2026-08-26 14:15:34 +0800
1150826,2026-08-26,上市,1903,士紙,48.70,0.2000,48.40,48.80,48.15,96000,4655200,80,TWSE_CSV,2026-08-26 14:15:34 +0800
1150826,2026-08-26,上市,1904,正隆,25.35,0.0000,25.50,25.50,25.20,1472000,37307800,809,TWSE_CSV,2026-08-26 14:15:34 +0800
1150826,2026-08-26,上市,1905,華紙,13.55,0.0000,13.55,13.65,13.45,1191000,16174750,564,TWSE_CSV,2026-08-26 14:15:34 +0800
1150826,2026-08-26,上市,1906,寶隆,11.65,0.0500,11.40,11.65,11.40,51000,590400,32,TWSE_CSV,2026-08-26 14:15:34 +0800
1150826,2026-08-26,上市,1907,永豐餘,30.40,-0.0500,30.45,30.45,30.10,1000000,30270700,494,TWSE_CSV,2026-08-26 14:15:34 +0800
1150826,2026-08-26,上市,1909,榮成,11.00,0.0000,11.00,11.20,10.90,3519000,38881300,812,TWSE_CSV,2026-08-26 14:15:34 +0800
1150826,2026-08-26,上市,2002,中鋼,19.35,0.3000,19.20,19.35,19.05,25085000,482597250,5762,TWSE_CSV,2026-08-26 14:15:34 +0800
1150826,2026-08-26,上市,2006,東和鋼鐵,82.20,0.2000,81.80,82.80,80.20,1293000,105270500,998,TWSE_CSV,2026-08-26 14:15:34 +0800
1150826,2026-08-26,上市,2007,燁興,7.09,0.1000,7.06,7.11,7.05,157000,1112200,98,TWSE_CSV,2026-08-26 14:15:34 +0800
1150826,2026-08-26,上市,2008,高興昌,31.10,0.6000,30.50,31.15,30.50,34000,1046850,20,TWSE_CSV,2026-08-26 14:15:34 +0800
1150826,2026-08-26,上市,2009,第一銅,43.20,1.9500,41.40,43.30,40.90,6225000,263499150,3361,TWSE_CSV,2026-08-26 14:15:34 +0800
1150826,2026-08-26,上市,2010,春源,22.80,0.1500,22.65,22.80,22.65,636000,14442000,334,TWSE_CSV,2026-08-26 14:15:34 +0800
1150826,2026-08-26,上市,2012,春雨,14.90,0.0500,14.80,14.90,14.60,52000,768350,41,TWSE_CSV,2026-08-26 14:15:34 +0800
1150826,2026-08-26,上市,2013,中鋼構,42.10,0.1500,41.80,42.10,41.55,68000,2854700,53,TWSE_CSV,2026-08-26 14:15:34 +0800
1150826,2026-08-26,上市,2014,中鴻,17.25,0.0500,17.20,17.35,17.15,1067000,18412300,529,TWSE_CSV,2026-08-26 14:15:34 +0800
1150826,2026-08-26,上市,2015,豐興,64.90,0.2000,64.20,64.90,64.20,126000,8138700,104,TWSE_CSV,2026-08-26 14:15:34 +0800
1150826,2026-08-26,上市,2017,官田鋼,9.05,0.0200,9.15,9.16,9.00,263000,2388880,153,TWSE_CSV,2026-08-26 14:15:34 +0800
1150826,2026-08-26,上市,2020,美亞,21.85,0.0000,21.85,22.00,21.65,289000,6292550,147,TWSE_CSV,2026-08-26 14:15:34 +0800
1150826,2026-08-26,上市,2022,聚亨,7.66,-0.0100,7.73,7.73,7.63,171000,1310600,105,TWSE_CSV,2026-08-26 14:15:34 +0800
1150826,2026-08-26,上市,2023,燁輝,13.85,0.0000,13.85,13.90,13.75,1178000,16301850,501,TWSE_CSV,2026-08-26 14:15:34 +0800
1150826,2026-08-26,上市,2024,志聯,13.55,0.0000,13.35,13.55,13.35,7000,94450,7,TWSE_CSV,2026-08-26 14:15:34 +0800
1150826,2026-08-26,上市,2025,千興,13.45,0.5000,13.00,13.60,12.85,1179000,15664000,475,TWSE_CSV,2026-08-26 14:15:34 +0800
1150826,2026-08-26,上市,2027,大成鋼,50.00,-0.6000,50.60,50.80,49.60,10664000,534005950,4279,TWSE_CSV,2026-08-26 14:15:34 +0800
1150826,2026-08-26,上市,2028,威致,15.85,0.1000,15.80,15.85,15.75,72000,1138450,48,TWSE_CSV,2026-08-26 14:15:34 +0800
1150826,2026-08-26,上市,2029,盛餘,22.45,0.1500,22.30,22.55,22.20,341000,7636550,212,TWSE_CSV,2026-08-26 14:15:34 +0800
1150826,2026-08-26,上市,2030,彰源,23.50,-0.1500,23.65,23.75,22.75,4445000,103224300,1810,TWSE_CSV,2026-08-26 14:15:34 +0800
1150826,2026-08-26,上市,2031,新光鋼,46.55,0.2000,46.35,46.60,45.60,890000,41222700,510,TWSE_CSV,2026-08-26 14:15:34 +0800
1150826,2026-08-26,上市,2032,新鋼,17.30,-0.1000,17.45,17.50,16.65,419000,7207000,222,TWSE_CSV,2026-08-26 14:15:34 +0800
1150826,2026-08-26,上市,2033,佳大,23.00,-0.7500,23.70,24.25,22.75,646000,15061400,426,TWSE_CSV,2026-08-26 14:15:34 +0800
1150826,2026-08-26,上市,2034,允強,20.35,0.0000,20.35,20.40,20.10,1245000,25175000,491,TWSE_CSV,2026-08-26 14:15:34 +0800
1150826,2026-08-26,上市,2038,海光,13.00,0.1000,13.00,13.00,12.75,215000,2767550,96,TWSE_CSV,2026-08-26 14:15:34 +0800
1150826,2026-08-26,上市,2049,上銀,353.00,7.5000,345.00,354.00,342.00,2038000,712777000,1622,TWSE_CSV,2026-08-26 14:15:34 +0800
1150826,2026-08-26,上市,2059,川湖,14510.00,225.0000,14295.00,14590.00,13855.00,463000,6608175000,461,TWSE_CSV,2026-08-26 14:15:34 +0800
1150826,2026-08-26,上市,2062,橋椿,19.35,0.0500,19.15,19.35,19.15,102000,1964000,71,TWSE_CSV,2026-08-26 14:15:34 +0800
1150826,2026-08-26,上市,2069,運錩,21.80,1.1000,20.80,22.00,20.75,1286000,27627900,592,TWSE_CSV,2026-08-26 14:15:34 +0800
1150826,2026-08-26,上市,2072,世紀風電,149.00,0.0000,150.00,150.00,148.50,311000,46331000,256,TWSE_CSV,2026-08-26 14:15:34 +0800
1150826,2026-08-26,上市,2101,南港,33.00,-0.1500,33.10,33.30,32.70,818000,26956400,437,TWSE_CSV,2026-08-26 14:15:34 +0800
1150826,2026-08-26,上市,2102,泰豐,18.60,0.0000,18.60,18.80,18.45,292000,5448450,142,TWSE_CSV,2026-08-26 14:15:34 +0800
1150826,2026-08-26,上市,2103,台橡,28.20,0.1000,28.00,28.30,27.85,2970000,83505800,1319,TWSE_CSV,2026-08-26 14:15:34 +0800
1150826,2026-08-26,上市,2104,國際中橡,10.65,0.4500,10.35,10.70,10.35,5456000,57570350,1365,TWSE_CSV,2026-08-26 14:15:34 +0800
1150826,2026-08-26,上市,2105,正新,31.40,0.0500,31.20,31.40,31.00,3958000,123565650,1460,TWSE_CSV,2026-08-26 14:15:34 +0800
1150826,2026-08-26,上市,2106,建大,17.25,0.0000,17.25,17.40,17.00,1936000,33363450,1129,TWSE_CSV,2026-08-26 14:15:34 +0800
1150826,2026-08-26,上市,2107,厚生,26.95,0.2500,26.70,27.15,26.55,508000,13625500,284,TWSE_CSV,2026-08-26 14:15:34 +0800
1150826,2026-08-26,上市,2108,南帝,30.65,0.6000,30.05,30.80,29.60,808000,24366400,479,TWSE_CSV,2026-08-26 14:15:34 +0800
1150826,2026-08-26,上市,2109,華豐,14.85,0.1000,14.75,14.90,14.75,80000,1185000,49,TWSE_CSV,2026-08-26 14:15:34 +0800
1150826,2026-08-26,上市,2114,鑫永銓,89.80,1.5000,88.60,90.00,88.50,109000,9743200,80,TWSE_CSV,2026-08-26 14:15:34 +0800
1150826,2026-08-26,上市,2115,六暉-KY,24.05,0.1000,24.20,24.20,23.85,33000,791400,25,TWSE_CSV,2026-08-26 14:15:34 +0800
1150826,2026-08-26,上市,2201,裕隆,28.80,0.1000,28.70,28.85,28.50,1184000,34015500,764,TWSE_CSV,2026-08-26 14:15:34 +0800
1150826,2026-08-26,上市,2204,中華,54.20,0.2000,53.90,54.30,53.60,567000,30614400,422,TWSE_CSV,2026-08-26 14:15:34 +0800
1150826,2026-08-26,上市,2206,三陽工業,63.60,-0.3000,63.70,63.80,63.00,480000,30388400,331,TWSE_CSV,2026-08-26 14:15:34 +0800
1150826,2026-08-26,上市,2207,和泰車,523.00,4.0000,518.00,524.00,516.00,169000,88189000,155,TWSE_CSV,2026-08-26 14:15:34 +0800
1150826,2026-08-26,上市,2208,台船,19.20,0.1000,19.20,19.40,19.15,1787000,34388650,808,TWSE_CSV,2026-08-26 14:15:34 +0800
1150826,2026-08-26,上市,2211,長榮鋼,83.70,0.0000,83.50,83.80,83.00,406000,33851700,307,TWSE_CSV,2026-08-26 14:15:34 +0800
1150826,2026-08-26,上市,2227,裕日車,48.35,0.0000,48.00,48.40,47.50,48000,2307500,41,TWSE_CSV,2026-08-26 14:15:34 +0800
1150826,2026-08-26,上市,2228,劍麟,73.70,-0.4000,74.10,74.10,73.50,79000,5827200,74,TWSE_CSV,2026-08-26 14:15:34 +0800
1150826,2026-08-26,上市,2231,為升,92.40,1.7000,90.70,92.90,90.70,261000,24008500,170,TWSE_CSV,2026-08-26 14:15:34 +0800
1150826,2026-08-26,上市,2233,宇隆,177.00,9.5000,167.00,177.00,163.50,1292000,221536500,974,TWSE_CSV,2026-08-26 14:15:34 +0800
1150826,2026-08-26,上市,2236,百達-KY,119.50,-3.0000,122.50,123.50,118.00,326000,39117500,251,TWSE_CSV,2026-08-26 14:15:34 +0800
1150826,2026-08-26,上市,2237,華德動能-創,27.75,-0.0500,27.90,27.95,27.60,169000,4694900,100,TWSE_CSV,2026-08-26 14:15:34 +0800
1150826,2026-08-26,上市,2239,英利-KY,20.15,0.5000,19.55,20.15,19.55,34000,677100,29,TWSE_CSV,2026-08-26 14:15:34 +0800
1150826,2026-08-26,上市,2241,艾姆勒,34.45,0.3000,34.35,34.70,34.05,251000,8632100,177,TWSE_CSV,2026-08-26 14:15:34 +0800
1150826,2026-08-26,上市,2243,宏旭-KY,41.40,0.3500,40.25,41.85,40.10,157000,6406850,131,TWSE_CSV,2026-08-26 14:15:34 +0800
1150826,2026-08-26,上市,2247,汎德永業,226.00,0.5000,225.00,226.00,224.00,19000,4279000,16,TWSE_CSV,2026-08-26 14:15:34 +0800
1150826,2026-08-26,上市,2248,華勝-KY,64.00,0.4000,63.60,64.50,63.00,34000,2163100,30,TWSE_CSV,2026-08-26 14:15:34 +0800
1150826,2026-08-26,上市,2250,IKKA-KY,62.10,1.6000,60.90,62.20,60.20,104000,6391600,74,TWSE_CSV,2026-08-26 14:15:34 +0800
1150826,2026-08-26,上市,2254,巨鎧精密-創,60.60,1.7000,59.90,61.50,59.90,165000,10044200,89,TWSE_CSV,2026-08-26 14:15:34 +0800
1150826,2026-08-26,上市,2258,鴻華先進-創,31.55,0.5500,31.00,31.70,31.00,306000,9579600,211,TWSE_CSV,2026-08-26 14:15:34 +0800
1150826,2026-08-26,上市,2301,光寶科,307.00,11.0000,295.00,312.50,291.00,50474000,15331455000,33324,TWSE_CSV,2026-08-26 14:15:34 +0800
1150826,2026-08-26,上市,2302,麗正,44.90,3.3000,41.65,45.60,41.10,6017000,267088100,3806,TWSE_CSV,2026-08-26 14:15:34 +0800
1150826,2026-08-26,上市,2303,聯電,123.50,-1.5000,124.00,124.50,122.00,82327000,10143354000,34181,TWSE_CSV,2026-08-26 14:15:34 +0800
1150826,2026-08-26,上市,2305,全友,31.00,2.8000,28.00,31.00,27.80,10572000,317646800,5172,TWSE_CSV,2026-08-26 14:15:34 +0800
1150826,2026-08-26,上市,2308,台達電,1750.00,40.0000,1680.00,1760.00,1670.00,9421000,16217490000,6803,TWSE_CSV,2026-08-26 14:15:34 +0800
1150826,2026-08-26,上市,2312,金寶,31.90,0.5000,31.50,31.95,31.20,6587000,208861050,3209,TWSE_CSV,2026-08-26 14:15:34 +0800
1150826,2026-08-26,上市,2313,華通,222.00,4.5000,218.00,224.00,215.50,29510000,6498182000,16117,TWSE_CSV,2026-08-26 14:15:34 +0800
1150826,2026-08-26,上市,2314,台揚,11.90,0.0500,11.80,11.90,11.50,123000,1442600,71,TWSE_CSV,2026-08-26 14:15:34 +0800
1150826,2026-08-26,上市,2316,楠梓電,161.00,5.0000,157.50,161.00,157.00,1546000,246648500,1039,TWSE_CSV,2026-08-26 14:15:34 +0800
1150826,2026-08-26,上市,2317,鴻海,246.50,3.5000,243.00,248.00,241.50,23499000,5768244000,13810,TWSE_CSV,2026-08-26 14:15:34 +0800
1150826,2026-08-26,上市,2321,東訊,14.75,0.0000,14.75,14.75,14.75,1000,14750,1,TWSE_CSV,2026-08-26 14:15:34 +0800
1150826,2026-08-26,上市,2323,中環,10.85,0.0500,10.85,10.90,10.70,3256000,35252800,1061,TWSE_CSV,2026-08-26 14:15:34 +0800
1150826,2026-08-26,上市,2324,仁寶,40.95,0.1500,40.80,41.25,39.85,56489000,2299838400,22068,TWSE_CSV,2026-08-26 14:15:34 +0800
1150826,2026-08-26,上市,2327,國巨*,537.00,-7.0000,535.00,540.00,526.00,26461000,14134333000,18338,TWSE_CSV,2026-08-26 14:15:34 +0800
1150826,2026-08-26,上市,2328,廣宇,45.35,0.6500,45.00,45.60,44.70,1168000,52872350,799,TWSE_CSV,2026-08-26 14:15:34 +0800
1150826,2026-08-26,上市,2329,華泰,44.15,0.8000,43.40,44.30,43.40,1897000,83463400,1210,TWSE_CSV,2026-08-26 14:15:34 +0800
1150826,2026-08-26,上市,2330,台積電,2415.00,15.0000,2375.00,2425.00,2375.00,17602000,42325560000,9359,TWSE_CSV,2026-08-26 14:15:34 +0800
1150826,2026-08-26,上市,2331,精英,19.75,0.2000,19.60,19.90,19.60,596000,11778100,380,TWSE_CSV,2026-08-26 14:15:34 +0800
1150826,2026-08-26,上市,2332,友訊,20.00,-0.1000,20.20,20.60,20.00,11369000,229950500,4115,TWSE_CSV,2026-08-26 14:15:34 +0800
1150826,2026-08-26,上市,2337,旺宏,125.50,3.5000,123.00,125.50,121.50,23543000,2907491000,12131,TWSE_CSV,2026-08-26 14:15:34 +0800
1150826,2026-08-26,上市,2338,光罩,39.65,1.1000,38.55,39.75,38.50,975000,38445750,703,TWSE_CSV,2026-08-26 14:15:34 +0800
1150826,2026-08-26,上市,2340,台亞,34.75,2.1500,32.25,35.00,31.75,7471000,256875850,4569,TWSE_CSV,2026-08-26 14:15:34 +0800
1150826,2026-08-26,上市,2342,茂矽,41.35,2.1000,39.00,41.95,39.00,3674000,150867250,2485,TWSE_CSV,2026-08-26 14:15:34 +0800
1150826,2026-08-26,上市,2344,華邦電,181.50,2.5000,179.50,182.50,178.00,84592000,15262823000,43339,TWSE_CSV,2026-08-26 14:15:34 +0800
1150826,2026-08-26,上市,2345,智邦,2055.00,25.0000,2040.00,2070.00,1985.00,3242000,6543975000,2719,TWSE_CSV,2026-08-26 14:15:34 +0800
1150826,2026-08-26,上市,2347,聯強,87.10,0.4000,87.20,87.80,86.80,1530000,133442300,1072,TWSE_CSV,2026-08-26 14:15:34 +0800
1150826,2026-08-26,上市,2348,海悅,71.10,1.0000,70.10,71.30,70.00,205000,14501600,139,TWSE_CSV,2026-08-26 14:15:34 +0800
1150826,2026-08-26,上市,2349,錸德,11.15,0.3000,10.95,11.15,10.95,1364000,15135350,444,TWSE_CSV,2026-08-26 14:15:34 +0800
1150826,2026-08-26,上市,2351,順德,219.00,19.5000,202.00,219.00,201.50,5533000,1195223500,3055,TWSE_CSV,2026-08-26 14:15:34 +0800
1150826,2026-08-26,上市,2352,佳世達,28.10,-0.0500,28.20,28.50,28.00,3963000,111672050,1997,TWSE_CSV,2026-08-26 14:15:34 +0800
1150826,2026-08-26,上市,2353,宏碁,31.40,0.3500,31.00,31.50,30.90,8563000,267897250,3112,TWSE_CSV,2026-08-26 14:15:34 +0800
1150826,2026-08-26,上市,2354,鴻準,61.50,1.0000,60.50,61.80,60.20,5315000,326006400,3102,TWSE_CSV,2026-08-26 14:15:34 +0800
1150826,2026-08-26,上市,2355,敬鵬,42.65,1.0000,41.70,42.70,41.65,2035000,86189050,1275,TWSE_CSV,2026-08-26 14:15:34 +0800
1150826,2026-08-26,上市,2356,英業達,66.80,1.4000,65.60,67.00,65.50,12758000,847231700,7005,TWSE_CSV,2026-08-26 14:15:34 +0800
1150826,2026-08-26,上市,2357,華碩,971.00,46.0000,923.00,980.00,919.00,3176000,3037837000,2566,TWSE_CSV,2026-08-26 14:15:34 +0800
1150826,2026-08-26,上市,2359,所羅門,146.50,1.5000,145.00,147.50,143.00,3721000,542258000,2806,TWSE_CSV,2026-08-26 14:15:34 +0800
1150826,2026-08-26,上市,2360,致茂,1980.00,15.0000,1935.00,1990.00,1875.00,2325000,4496150000,2049,TWSE_CSV,2026-08-26 14:15:34 +0800
1150826,2026-08-26,上市,2362,藍天,49.20,0.6500,48.80,49.40,48.35,1132000,55511250,683,TWSE_CSV,2026-08-26 14:15:34 +0800
1150826,2026-08-26,上市,2363,矽統,51.30,0.9000,50.50,51.60,50.40,1895000,96962200,1256,TWSE_CSV,2026-08-26 14:15:34 +0800
1150826,2026-08-26,上市,2364,倫飛,75.00,-0.1000,75.20,76.20,74.50,579000,43460200,406,TWSE_CSV,2026-08-26 14:15:34 +0800
1150826,2026-08-26,上市,2365,昆盈,30.35,0.3500,30.05,30.70,29.80,913000,27799800,457,TWSE_CSV,2026-08-26 14:15:34 +0800
1150826,2026-08-26,上市,2367,燿華,44.80,1.7500,43.10,44.95,43.05,6762000,299243800,4193,TWSE_CSV,2026-08-26 14:15:34 +0800
1150826,2026-08-26,上市,2368,金像電,1040.00,69.0000,970.00,1060.00,966.00,7808000,8013237000,6284,TWSE_CSV,2026-08-26 14:15:34 +0800
1150826,2026-08-26,上市,2369,菱生,31.80,0.5500,31.25,32.20,31.10,3947000,125657150,2344,TWSE_CSV,2026-08-26 14:15:34 +0800
1150826,2026-08-26,上市,2371,大同,27.65,-0.0500,27.70,27.85,27.35,6968000,192531900,3192,TWSE_CSV,2026-08-26 14:15:34 +0800
1150826,2026-08-26,上市,2373,震旦行,53.60,0.2000,53.30,53.60,53.00,28000,1494900,25,TWSE_CSV,2026-08-26 14:15:34 +0800
1150826,2026-08-26,上市,2374,佳能,70.10,3.2000,67.10,70.40,67.10,4976000,344988400,3339,TWSE_CSV,2026-08-26 14:15:34 +0800
1150826,2026-08-26,上市,2375,凱美,124.00,1.5000,122.50,125.00,121.00,1984000,244350000,1356,TWSE_CSV,2026-08-26 14:15:34 +0800
1150826,2026-08-26,上市,2376,技嘉,351.50,4.0000,348.50,354.00,346.50,5180000,1810328500,3298,TWSE_CSV,2026-08-26 14:15:34 +0800
1150826,2026-08-26,上市,2377,微星,146.00,2.0000,144.50,147.00,144.00,6757000,984833500,3884,TWSE_CSV,2026-08-26 14:15:34 +0800
1150826,2026-08-26,上市,2379,瑞昱,734.00,4.0000,729.00,738.00,722.00,1022000,748415000,786,TWSE_CSV,2026-08-26 14:15:34 +0800
1150826,2026-08-26,上市,2380,虹光,19.00,0.0000,18.80,19.35,18.20,175000,3302550,131,TWSE_CSV,2026-08-26 14:15:34 +0800
1150826,2026-08-26,上市,2382,廣達,332.50,4.0000,327.50,333.00,325.00,8126000,2680965500,4729,TWSE_CSV,2026-08-26 14:15:34 +0800
1150826,2026-08-26,上市,2383,台光電,5895.00,300.0000,5565.00,5920.00,5555.00,1752000,10207490000,1555,TWSE_CSV,2026-08-26 14:15:34 +0800
1150826,2026-08-26,上市,2385,群光,107.00,1.0000,106.00,107.00,106.00,1733000,184897000,1038,TWSE_CSV,2026-08-26 14:15:34 +0800
1150826,2026-08-26,上市,2387,精元,36.55,-0.1500,36.70,36.75,36.40,254000,9296300,146,TWSE_CSV,2026-08-26 14:15:34 +0800
1150826,2026-08-26,上市,2388,威盛,74.00,2.1000,72.60,74.70,72.00,3001000,220574800,1641,TWSE_CSV,2026-08-26 14:15:34 +0800
1150826,2026-08-26,上市,2390,云辰,10.65,0.4000,10.35,10.75,10.35,666000,7083650,363,TWSE_CSV,2026-08-26 14:15:34 +0800
1150826,2026-08-26,上市,2392,正崴,45.15,0.0500,44.80,45.30,43.80,5107000,228049450,3163,TWSE_CSV,2026-08-26 14:15:34 +0800
1150826,2026-08-26,上市,2393,億光,66.80,1.6000,65.30,67.00,65.00,2535000,168220200,1475,TWSE_CSV,2026-08-26 14:15:34 +0800
1150826,2026-08-26,上市,2395,研華,688.00,18.0000,666.00,693.00,665.00,2254000,1537421000,1611,TWSE_CSV,2026-08-26 14:15:34 +0800
1150826,2026-08-26,上市,2397,友通,62.90,0.4000,62.50,63.10,62.30,146000,9161300,125,TWSE_CSV,2026-08-26 14:15:34 +0800
1150826,2026-08-26,上市,2399,映泰,47.90,0.2000,47.70,49.50,47.55,10052000,488470800,5657,TWSE_CSV,2026-08-26 14:15:34 +0800
1150826,2026-08-26,上市,2401,凌陽,25.65,0.5000,25.20,25.85,25.10,1811000,46338050,1106,TWSE_CSV,2026-08-26 14:15:34 +0800
1150826,2026-08-26,上市,2402,毅嘉,56.10,0.3000,55.80,56.70,55.50,1057000,59387700,721,TWSE_CSV,2026-08-26 14:15:34 +0800
1150826,2026-08-26,上市,2404,漢唐,1080.00,10.0000,1070.00,1100.00,1070.00,652000,705480000,578,TWSE_CSV,2026-08-26 14:15:34 +0800
1150826,2026-08-26,上市,2405,輔信,15.50,0.1500,15.40,15.60,15.35,614000,9512450,311,TWSE_CSV,2026-08-26 14:15:34 +0800
1150826,2026-08-26,上市,2406,國碩,28.85,0.5500,28.40,29.25,28.35,3177000,92088650,1762,TWSE_CSV,2026-08-26 14:15:34 +0800
1150826,2026-08-26,上市,2408,南亞科,517.00,7.0000,510.00,522.00,504.00,57792000,29659041000,36970,TWSE_CSV,2026-08-26 14:15:34 +0800
1150826,2026-08-26,上市,2409,友達,25.50,-0.1500,25.80,25.95,25.50,62136000,1595408900,19215,TWSE_CSV,2026-08-26 14:15:34 +0800
1150826,2026-08-26,上市,2412,中華電,136.00,-0.5000,136.50,136.50,135.50,7734000,1050784500,3534,TWSE_CSV,2026-08-26 14:15:34 +0800
1150826,2026-08-26,上市,2413,環科,44.05,1.2500,43.40,44.50,43.25,546000,23977000,408,TWSE_CSV,2026-08-26 14:15:34 +0800
1150826,2026-08-26,上市,2414,精技,52.20,0.5000,51.80,52.60,51.60,181000,9418300,137,TWSE_CSV,2026-08-26 14:15:34 +0800
1150826,2026-08-26,上市,2415,錩新,30.80,0.1000,30.70,31.35,30.35,279000,8579400,193,TWSE_CSV,2026-08-26 14:15:34 +0800
1150826,2026-08-26,上市,2417,圓剛,43.90,0.9000,43.35,44.30,43.10,403000,17647800,287,TWSE_CSV,2026-08-26 14:15:34 +0800
1150826,2026-08-26,上市,2419,仲琦,25.00,0.4000,24.80,25.35,24.80,407000,10239750,257,TWSE_CSV,2026-08-26 14:15:34 +0800
1150826,2026-08-26,上市,2420,新巨,53.60,0.0000,53.10,53.70,52.70,887000,47300900,486,TWSE_CSV,2026-08-26 14:15:34 +0800
1150826,2026-08-26,上市,2421,建準,151.50,7.5000,144.00,151.50,143.50,2713000,403496000,1831,TWSE_CSV,2026-08-26 14:15:34 +0800
1150826,2026-08-26,上市,2423,固緯,74.40,0.6000,74.20,75.00,73.80,141000,10476300,72,TWSE_CSV,2026-08-26 14:15:34 +0800
1150826,2026-08-26,上市,2424,隴華,8.15,-0.2200,8.21,8.21,8.10,22000,178900,17,TWSE_CSV,2026-08-26 14:15:34 +0800
1150826,2026-08-26,上市,2425,承啟,38.00,0.2500,37.80,38.35,37.80,845000,32178600,548,TWSE_CSV,2026-08-26 14:15:34 +0800
1150826,2026-08-26,上市,2426,鼎元,99.80,9.0000,89.80,99.80,88.20,81688000,7892397100,43243,TWSE_CSV,2026-08-26 14:15:34 +0800
1150826,2026-08-26,上市,2427,三商電,22.70,0.2500,22.55,22.70,22.45,305000,6884250,205,TWSE_CSV,2026-08-26 14:15:34 +0800
1150826,2026-08-26,上市,2428,興勤,252.00,2.5000,252.50,253.50,246.50,1750000,435706500,1363,TWSE_CSV,2026-08-26 14:15:34 +0800
1150826,2026-08-26,上市,2429,銘旺科,33.95,1.2000,32.60,33.95,32.40,307000,10190800,206,TWSE_CSV,2026-08-26 14:15:34 +0800
1150826,2026-08-26,上市,2430,燦坤,17.70,-0.0500,17.60,17.75,17.50,74000,1305400,57,TWSE_CSV,2026-08-26 14:15:34 +0800
1150826,2026-08-26,上市,2431,聯昌,10.40,0.1500,10.25,10.40,10.25,60000,621250,32,TWSE_CSV,2026-08-26 14:15:34 +0800
1150826,2026-08-26,上市,2432,倚天酷碁-創,27.75,0.2000,27.70,27.75,27.55,16000,442300,12,TWSE_CSV,2026-08-26 14:15:34 +0800
1150826,2026-08-26,上市,2433,互盛電,41.75,0.0500,41.70,41.80,41.70,19000,793050,16,TWSE_CSV,2026-08-26 14:15:34 +0800
1150826,2026-08-26,上市,2434,統懋,52.80,0.6000,51.50,53.20,50.90,677000,35331300,512,TWSE_CSV,2026-08-26 14:15:34 +0800
1150826,2026-08-26,上市,2436,偉詮電,64.30,0.7000,62.90,64.70,62.90,3710000,236665800,2141,TWSE_CSV,2026-08-26 14:15:34 +0800
1150826,2026-08-26,上市,2438,翔耀,18.05,0.3500,17.70,18.05,17.70,44000,788100,28,TWSE_CSV,2026-08-26 14:15:34 +0800
1150826,2026-08-26,上市,2439,美律,82.10,-0.2000,82.30,82.40,82.00,1622000,133363600,968,TWSE_CSV,2026-08-26 14:15:34 +0800
1150826,2026-08-26,上市,2440,太空梭,14.00,0.0000,13.80,14.20,13.80,179000,2517900,125,TWSE_CSV,2026-08-26 14:15:34 +0800
1150826,2026-08-26,上市,2441,超豐,118.00,3.0000,115.00,119.00,114.00,4399000,515394000,2820,TWSE_CSV,2026-08-26 14:15:34 +0800
1150826,2026-08-26,上市,2442,新美齊,19.70,0.0500,19.70,19.85,19.70,956000,18896150,432,TWSE_CSV,2026-08-26 14:15:34 +0800
1150826,2026-08-26,上市,2444,兆勁,11.15,0.1500,11.00,11.20,11.00,119000,1328950,61,TWSE_CSV,2026-08-26 14:15:34 +0800
1150826,2026-08-26,上市,2449,京元電子,244.00,4.5000,236.00,246.50,234.00,11484000,2781570000,7923,TWSE_CSV,2026-08-26 14:15:34 +0800
1150826,2026-08-26,上市,2450,神腦,28.30,0.1000,28.20,28.30,28.15,82000,2316550,59,TWSE_CSV,2026-08-26 14:15:34 +0800
1150826,2026-08-26,上市,2451,創見,301.00,2.0000,302.00,305.50,297.00,3680000,1104983000,2758,TWSE_CSV,2026-08-26 14:15:34 +0800
1150826,2026-08-26,上市,2453,凌群,52.10,0.0000,52.50,52.60,51.90,111000,5787100,85,TWSE_CSV,2026-08-26 14:15:34 +0800
1150826,2026-08-26,上市,2454,聯發科,3945.00,210.0000,3730.00,3965.00,3710.00,7477000,28993890000,6157,TWSE_CSV,2026-08-26 14:15:34 +0800
1150826,2026-08-26,上市,2455,全新,428.00,8.5000,419.00,430.00,415.00,3309000,1404348000,2555,TWSE_CSV,2026-08-26 14:15:34 +0800
1150826,2026-08-26,上市,2457,飛宏,23.20,0.4000,22.80,23.25,22.75,769000,17701550,432,TWSE_CSV,2026-08-26 14:15:34 +0800
1150826,2026-08-26,上市,2458,義隆,139.50,2.0000,138.00,140.00,137.00,861000,119621500,662,TWSE_CSV,2026-08-26 14:15:34 +0800
1150826,2026-08-26,上市,2459,敦吉,67.30,0.6000,67.40,67.50,66.60,107000,7162900,74,TWSE_CSV,2026-08-26 14:15:34 +0800
1150826,2026-08-26,上市,2460,建通,29.20,0.7500,29.05,29.30,28.70,155000,4500950,97,TWSE_CSV,2026-08-26 14:15:34 +0800
1150826,2026-08-26,上市,2461,光群雷,18.25,0.1000,18.15,18.30,18.05,408000,7421150,208,TWSE_CSV,2026-08-26 14:15:34 +0800
1150826,2026-08-26,上市,2462,良得電,20.35,0.7000,19.75,20.50,19.70,293000,5907450,175,TWSE_CSV,2026-08-26 14:15:34 +0800
1150826,2026-08-26,上市,2464,盟立,192.00,-1.0000,193.00,194.00,187.50,10265000,1956830000,7307,TWSE_CSV,2026-08-26 14:15:34 +0800
1150826,2026-08-26,上市,2465,麗臺,93.60,4.2000,92.50,94.40,89.40,3858000,355723700,2852,TWSE_CSV,2026-08-26 14:15:34 +0800
1150826,2026-08-26,上市,2466,冠西電,105.00,2.0000,104.00,109.00,102.50,2193000,229436500,1655,TWSE_CSV,2026-08-26 14:15:34 +0800
1150826,2026-08-26,上市,2467,志聖,570.00,35.0000,540.00,575.00,534.00,1080000,601941000,976,TWSE_CSV,2026-08-26 14:15:34 +0800
1150826,2026-08-26,上市,2468,華經,34.35,0.8500,33.55,34.35,33.55,178000,6052600,131,TWSE_CSV,2026-08-26 14:15:34 +0800
1150826,2026-08-26,上市,2471,資通,49.55,0.5500,49.00,49.60,48.90,92000,4535400,67,TWSE_CSV,2026-08-26 14:15:34 +0800
1150826,2026-08-26,上市,2472,立隆電,218.50,0.5000,218.00,221.00,216.00,1078000,235399500,915,TWSE_CSV,2026-08-26 14:15:34 +0800
1150826,2026-08-26,上市,2474,可成,206.50,2.0000,204.00,207.50,203.50,2602000,535706000,1440,TWSE_CSV,2026-08-26 14:15:34 +0800
1150826,2026-08-26,上市,2476,鉅祥,125.50,5.0000,120.00,127.00,119.50,3485000,432717000,2161,TWSE_CSV,2026-08-26 14:15:34 +0800
1150826,2026-08-26,上市,2477,美隆電,20.90,0.3000,20.60,20.95,20.60,46000,958550,38,TWSE_CSV,2026-08-26 14:15:34 +0800
1150826,2026-08-26,上市,2478,大毅,122.00,1.5000,120.00,122.50,118.00,2804000,337499500,2012,TWSE_CSV,2026-08-26 14:15:34 +0800
1150826,2026-08-26,上市,2480,敦陽科,156.00,-3.0000,160.00,160.00,155.00,259000,40463500,220,TWSE_CSV,2026-08-26 14:15:34 +0800
1150826,2026-08-26,上市,2481,強茂,150.50,13.5000,135.00,150.50,134.50,39752000,5811688500,24640,TWSE_CSV,2026-08-26 14:15:34 +0800
1150826,2026-08-26,上市,2482,連宇,16.05,0.0500,16.10,16.25,15.90,115000,1845750,73,TWSE_CSV,2026-08-26 14:15:34 +0800
1150826,2026-08-26,上市,2483,百容,35.70,0.4500,35.45,36.00,35.05,654000,23282700,475,TWSE_CSV,2026-08-26 14:15:34 +0800
1150826,2026-08-26,上市,2484,希華,76.70,-2.6000,79.30,81.00,76.00,35705000,2775248600,22035,TWSE_CSV,2026-08-26 14:15:34 +0800
1150826,2026-08-26,上市,2485,兆赫,43.05,1.9000,41.15,43.50,41.15,4057000,173228150,2765,TWSE_CSV,2026-08-26 14:15:34 +0800
1150826,2026-08-26,上市,2486,一詮,262.50,4.5000,255.00,267.50,250.00,17316000,4504031500,12019,TWSE_CSV,2026-08-26 14:15:34 +0800
1150826,2026-08-26,上市,2488,漢平,48.45,0.1000,48.40,48.90,48.20,73000,3533950,52,TWSE_CSV,2026-08-26 14:15:34 +0800
1150826,2026-08-26,上市,2489,瑞軒,41.50,0.9500,40.90,43.50,40.70,127167000,5367039550,61417,TWSE_CSV,2026-08-26 14:15:34 +0800
1150826,2026-08-26,上市,2491,吉祥全,46.65,4.1000,42.75,46.80,42.75,5797000,267116350,2960,TWSE_CSV,2026-08-26 14:15:34 +0800
1150826,2026-08-26,上市,2492,華新科,269.50,1.5000,263.00,270.00,259.50,11105000,2941166000,8097,TWSE_CSV,2026-08-26 14:15:34 +0800
1150826,2026-08-26,上市,2493,揚博,181.50,10.5000,173.00,186.00,172.00,1922000,344645000,1492,TWSE_CSV,2026-08-26 14:15:34 +0800
1150826,2026-08-26,上市,2495,普安,38.60,-0.1000,38.80,39.15,38.55,870000,33711950,595,TWSE_CSV,2026-08-26 14:15:34 +0800
1150826,2026-08-26,上市,2496,卓越,55.10,0.2000,55.00,55.10,54.90,6000,330100,6,TWSE_CSV,2026-08-26 14:15:34 +0800
1150826,2026-08-26,上市,2497,怡利電,45.65,0.4000,45.50,45.90,45.15,128000,5831600,97,TWSE_CSV,2026-08-26 14:15:34 +0800
1150826,2026-08-26,上市,2498,宏達電,40.70,0.2000,41.20,41.20,40.60,1957000,79824050,1137,TWSE_CSV,2026-08-26 14:15:34 +0800
1150826,2026-08-26,上市,2501,國建,23.00,0.1000,22.90,23.00,22.65,1702000,38844300,737,TWSE_CSV,2026-08-26 14:15:34 +0800
1150826,2026-08-26,上市,2504,國產,32.10,0.2500,31.90,32.15,31.45,1825000,58119100,725,TWSE_CSV,2026-08-26 14:15:34 +0800
1150826,2026-08-26,上市,2505,國揚,17.40,-0.0500,17.45,17.50,17.25,204000,3536550,145,TWSE_CSV,2026-08-26 14:15:34 +0800
1150826,2026-08-26,上市,2506,太設,8.64,0.0700,8.55,8.66,8.55,91000,784240,57,TWSE_CSV,2026-08-26 14:15:34 +0800
1150826,2026-08-26,上市,2509,全坤建,15.50,0.7500,14.90,15.55,14.80,433000,6612300,224,TWSE_CSV,2026-08-26 14:15:34 +0800
1150826,2026-08-26,上市,2511,太子,8.38,0.0400,8.32,8.39,8.30,604000,5038980,295,TWSE_CSV,2026-08-26 14:15:34 +0800
1150826,2026-08-26,上市,2514,龍邦,12.05,0.2000,11.95,12.10,11.90,107000,1285250,81,TWSE_CSV,2026-08-26 14:15:34 +0800
1150826,2026-08-26,上市,2515,中工,12.00,0.0000,12.00,12.05,11.90,4443000,53196100,1153,TWSE_CSV,2026-08-26 14:15:34 +0800
1150826,2026-08-26,上市,2516,新建,14.35,0.0500,14.30,14.45,14.30,83000,1191400,51,TWSE_CSV,2026-08-26 14:15:34 +0800
1150826,2026-08-26,上市,2520,冠德,35.80,0.4000,35.40,35.90,35.25,1239000,44007400,639,TWSE_CSV,2026-08-26 14:15:34 +0800
1150826,2026-08-26,上市,2524,京城,35.80,1.0000,34.75,35.80,34.75,76000,2690500,72,TWSE_CSV,2026-08-26 14:15:34 +0800
1150826,2026-08-26,上市,2527,宏璟,42.70,0.7500,41.80,43.10,41.30,541000,22820050,386,TWSE_CSV,2026-08-26 14:15:34 +0800
1150826,2026-08-26,上市,2528,皇普,20.80,0.3000,20.45,20.80,20.45,348000,7197200,228,TWSE_CSV,2026-08-26 14:15:34 +0800
1150826,2026-08-26,上市,2530,華建,19.60,0.2500,19.35,19.65,19.30,332000,6473050,250,TWSE_CSV,2026-08-26 14:15:34 +0800
1150826,2026-08-26,上市,2534,宏盛,17.35,0.0500,17.35,17.40,17.25,242000,4191900,141,TWSE_CSV,2026-08-26 14:15:34 +0800
1150826,2026-08-26,上市,2535,達欣工,90.40,0.2000,89.80,90.80,89.60,113000,10200300,104,TWSE_CSV,2026-08-26 14:15:34 +0800
1150826,2026-08-26,上市,2536,宏普,21.00,0.0500,20.90,21.20,20.80,881000,18559950,419,TWSE_CSV,2026-08-26 14:15:34 +0800
1150826,2026-08-26,上市,2537,聯上發,11.65,0.2500,11.50,11.65,11.35,849000,9761750,308,TWSE_CSV,2026-08-26 14:15:34 +0800
1150826,2026-08-26,上市,2538,基泰,9.14,0.0600,9.13,9.14,9.00,395000,3568980,221,TWSE_CSV,2026-08-26 14:15:34 +0800
1150826,2026-08-26,上市,2539,櫻花建,34.90,0.0000,34.90,35.20,34.60,795000,27674350,556,TWSE_CSV,2026-08-26 14:15:34 +0800
1150826,2026-08-26,上市,2540,愛山林,47.20,0.6000,46.55,47.55,46.30,469000,21964800,354,TWSE_CSV,2026-08-26 14:15:34 +0800
1150826,2026-08-26,上市,2542,興富發,48.00,0.5000,47.50,48.00,47.25,5343000,255178750,2356,TWSE_CSV,2026-08-26 14:15:34 +0800
1150826,2026-08-26,上市,2543,皇昌,38.60,0.1000,38.75,38.80,38.20,532000,20501000,416,TWSE_CSV,2026-08-26 14:15:34 +0800
1150826,2026-08-26,上市,2545,皇翔,34.90,0.3000,34.75,34.95,34.70,187000,6512800,142,TWSE_CSV,2026-08-26 14:15:34 +0800
1150826,2026-08-26,上市,2546,根基,107.00,-0.5000,107.50,107.50,104.50,196000,20733500,172,TWSE_CSV,2026-08-26 14:15:34 +0800
1150826,2026-08-26,上市,2547,日勝生,10.20,0.1500,10.10,10.20,10.05,872000,8834300,281,TWSE_CSV,2026-08-26 14:15:34 +0800
1150826,2026-08-26,上市,2548,華固,96.00,-0.4000,96.40,96.80,95.70,687000,66003500,444,TWSE_CSV,2026-08-26 14:15:34 +0800
1150826,2026-08-26,上市,2597,潤弘,171.50,3.5000,168.50,172.50,168.50,368000,62800000,258,TWSE_CSV,2026-08-26 14:15:34 +0800
1150826,2026-08-26,上市,2601,益航,6.90,-0.2700,7.08,7.17,6.88,6317000,43986940,2324,TWSE_CSV,2026-08-26 14:15:34 +0800
1150826,2026-08-26,上市,2603,長榮,231.00,-15.0000,243.00,245.50,228.00,27493000,6431339500,13511,TWSE_CSV,2026-08-26 14:15:34 +0800
1150826,2026-08-26,上市,2605,新興,34.85,-1.8500,36.20,37.25,34.30,23430000,828049200,11724,TWSE_CSV,2026-08-26 14:15:34 +0800
1150826,2026-08-26,上市,2606,裕民,72.00,-6.0000,76.00,78.80,71.00,22789000,1676536700,12115,TWSE_CSV,2026-08-26 14:15:34 +0800
1150826,2026-08-26,上市,2607,榮運,52.40,0.3000,52.50,52.50,51.20,494000,25652300,354,TWSE_CSV,2026-08-26 14:15:34 +0800
1150826,2026-08-26,上市,2608,嘉里大榮,28.80,0.1000,28.70,28.85,28.65,174000,5000350,82,TWSE_CSV,2026-08-26 14:15:34 +0800
1150826,2026-08-26,上市,2609,陽明,57.60,-6.0000,63.50,64.40,57.30,155995000,9266323400,67392,TWSE_CSV,2026-08-26 14:15:34 +0800
1150826,2026-08-26,上市,2610,華航,20.80,0.4000,20.55,20.95,20.55,39304000,818231550,8148,TWSE_CSV,2026-08-26 14:15:34 +0800
1150826,2026-08-26,上市,2611,志信,15.20,-1.0000,15.75,16.15,15.15,2058000,31808500,1123,TWSE_CSV,2026-08-26 14:15:34 +0800
1150826,2026-08-26,上市,2612,中航,61.50,-2.3000,63.60,65.80,60.10,3504000,218410700,2333,TWSE_CSV,2026-08-26 14:15:34 +0800
1150826,2026-08-26,上市,2613,中櫃,23.00,-1.5000,24.30,24.70,22.90,2637000,61770900,1560,TWSE_CSV,2026-08-26 14:15:34 +0800
1150826,2026-08-26,上市,2614,東森,18.55,0.0500,18.50,18.70,18.35,439000,8133900,254,TWSE_CSV,2026-08-26 14:15:34 +0800
1150826,2026-08-26,上市,2615,萬海,115.00,-11.5000,127.00,129.50,114.00,80461000,9611522000,33624,TWSE_CSV,2026-08-26 14:15:34 +0800
1150826,2026-08-26,上市,2616,山隆,13.50,0.1000,13.35,13.50,13.30,119000,1595900,52,TWSE_CSV,2026-08-26 14:15:34 +0800
1150826,2026-08-26,上市,2617,台航,30.85,-1.0000,31.90,32.85,30.65,3197000,99852450,1692,TWSE_CSV,2026-08-26 14:15:34 +0800
1150826,2026-08-26,上市,2618,長榮航,43.00,0.8000,42.85,43.40,42.80,28362000,1220219400,7698,TWSE_CSV,2026-08-26 14:15:34 +0800
1150826,2026-08-26,上市,2630,亞航,51.40,1.9500,50.80,52.40,50.20,2956000,151461800,2101,TWSE_CSV,2026-08-26 14:15:34 +0800
1150826,2026-08-26,上市,2633,台灣高鐵,26.35,0.0500,26.25,26.35,26.15,2413000,63431300,856,TWSE_CSV,2026-08-26 14:15:34 +0800
1150826,2026-08-26,上市,2634,漢翔,69.00,2.3000,67.00,69.90,67.00,30919000,2122111500,16748,TWSE_CSV,2026-08-26 14:15:34 +0800
1150826,2026-08-26,上市,2636,台驊控股,69.90,-4.4000,74.50,75.20,69.10,1983000,140783600,1423,TWSE_CSV,2026-08-26 14:15:34 +0800
1150826,2026-08-26,上市,2637,慧洋-KY,91.20,-4.3000,94.00,98.10,90.00,11127000,1025017000,6960,TWSE_CSV,2026-08-26 14:15:34 +0800
1150826,2026-08-26,上市,2642,宅配通,20.65,0.2500,20.55,20.70,20.50,45000,926150,33,TWSE_CSV,2026-08-26 14:15:34 +0800
1150826,2026-08-26,上市,2645,長榮航太,179.00,8.5000,172.00,181.00,172.00,2973000,528092500,2095,TWSE_CSV,2026-08-26 14:15:34 +0800
1150826,2026-08-26,上市,2646,星宇航空,21.20,0.1000,21.15,21.30,21.10,2292000,48539100,1079,TWSE_CSV,2026-08-26 14:15:34 +0800
1150826,2026-08-26,上市,2701,萬企,10.75,0.1000,10.65,10.75,10.60,84000,899150,41,TWSE_CSV,2026-08-26 14:15:34 +0800
1150826,2026-08-26,上市,2702,華園,12.80,0.2500,12.60,12.80,12.55,66000,838650,40,TWSE_CSV,2026-08-26 14:15:34 +0800
1150826,2026-08-26,上市,2704,國賓,46.35,0.8000,45.40,46.35,45.40,139000,6366200,127,TWSE_CSV,2026-08-26 14:15:34 +0800
1150826,2026-08-26,上市,2705,六福,15.85,0.0500,15.80,15.95,15.75,65000,1029750,46,TWSE_CSV,2026-08-26 14:15:34 +0800
1150826,2026-08-26,上市,2706,第一店,12.60,0.1500,12.55,12.60,12.50,48000,603600,46,TWSE_CSV,2026-08-26 14:15:34 +0800
1150826,2026-08-26,上市,2707,晶華,181.00,0.5000,180.50,181.00,180.00,81000,14627000,64,TWSE_CSV,2026-08-26 14:15:34 +0800
1150826,2026-08-26,上市,2712,遠雄來,14.55,-0.0500,14.50,14.55,14.35,15000,216200,11,TWSE_CSV,2026-08-26 14:15:34 +0800
1150826,2026-08-26,上市,2722,夏都,22.30,0.2000,22.00,22.30,22.00,35000,774900,30,TWSE_CSV,2026-08-26 14:15:34 +0800
1150826,2026-08-26,上市,2723,美食-KY,79.90,2.2000,77.70,80.00,76.70,1414000,111505100,865,TWSE_CSV,2026-08-26 14:15:34 +0800
1150826,2026-08-26,上市,2727,王品,235.00,-2.0000,236.50,238.00,234.00,231000,54267500,193,TWSE_CSV,2026-08-26 14:15:34 +0800
1150826,2026-08-26,上市,2731,雄獅,145.00,-0.5000,146.50,146.50,145.00,136000,19820500,109,TWSE_CSV,2026-08-26 14:15:34 +0800
1150826,2026-08-26,上市,2739,寒舍,38.15,0.3000,38.00,38.70,37.85,258000,9863000,141,TWSE_CSV,2026-08-26 14:15:34 +0800
1150826,2026-08-26,上市,2748,雲品,38.65,0.1000,38.80,38.80,38.40,50000,1927300,38,TWSE_CSV,2026-08-26 14:15:34 +0800
1150826,2026-08-26,上市,2753,八方雲集,179.00,0.0000,180.50,180.50,179.00,209000,37536000,159,TWSE_CSV,2026-08-26 14:15:34 +0800
1150826,2026-08-26,上市,2762,世界健身-KY,85.00,2.1000,82.90,85.10,82.90,101000,8539600,85,TWSE_CSV,2026-08-26 14:15:34 +0800
1150826,2026-08-26,上市,2801,彰銀,23.90,0.1500,23.80,24.00,23.75,10401000,248712150,2812,TWSE_CSV,2026-08-26 14:15:34 +0800
1150826,2026-08-26,上市,2812,台中銀,19.00,0.0500,18.95,19.05,18.85,6941000,131667600,1896,TWSE_CSV,2026-08-26 14:15:34 +0800
1150826,2026-08-26,上市,2816,旺旺保,38.85,1.3000,37.55,39.55,37.55,970000,37535500,481,TWSE_CSV,2026-08-26 14:15:34 +0800
1150826,2026-08-26,上市,2820,華票,16.70,0.3500,16.70,16.80,16.60,5268000,87971250,1192,TWSE_CSV,2026-08-26 14:15:34 +0800
1150826,2026-08-26,上市,2832,台產,60.30,-0.2000,60.50,60.80,60.00,199000,11995000,125,TWSE_CSV,2026-08-26 14:15:34 +0800
1150826,2026-08-26,上市,2834,臺企銀,16.45,0.1000,16.35,16.50,16.25,37981000,621562400,8293,TWSE_CSV,2026-08-26 14:15:34 +0800
1150826,2026-08-26,上市,2836,高雄銀,12.05,0.0500,12.05,12.10,12.00,580000,6984950,292,TWSE_CSV,2026-08-26 14:15:34 +0800
1150826,2026-08-26,上市,2838,聯邦銀,20.30,0.0500,20.20,20.40,20.05,1853000,37400450,793,TWSE_CSV,2026-08-26 14:15:34 +0800
1150826,2026-08-26,上市,2845,遠東銀,13.45,-0.0500,13.50,13.55,13.40,11227000,150950000,2268,TWSE_CSV,2026-08-26 14:15:34 +0800
1150826,2026-08-26,上市,2849,安泰銀,14.60,0.3500,14.25,14.60,14.25,139000,2014300,109,TWSE_CSV,2026-08-26 14:15:34 +0800
1150826,2026-08-26,上市,2850,新產,163.50,0.5000,163.00,164.00,162.00,132000,21534500,115,TWSE_CSV,2026-08-26 14:15:34 +0800
1150826,2026-08-26,上市,2851,中再保,46.00,2.2500,43.80,46.45,43.75,6621000,302337500,3611,TWSE_CSV,2026-08-26 14:15:34 +0800
1150826,2026-08-26,上市,2852,第一保,30.05,0.6500,29.55,30.30,29.45,1173000,35124650,538,TWSE_CSV,2026-08-26 14:15:34 +0800
1150826,2026-08-26,上市,2855,統一證,47.40,1.2000,46.60,47.60,46.45,3234000,152232750,1646,TWSE_CSV,2026-08-26 14:15:34 +0800
1150826,2026-08-26,上市,2880,華南金,39.60,-0.2000,39.60,40.10,39.25,12799000,506565650,4781,TWSE_CSV,2026-08-26 14:15:34 +0800
1150826,2026-08-26,上市,2881,富邦金,138.50,-3.0000,140.00,143.50,138.00,28393000,3961657000,12465,TWSE_CSV,2026-08-26 14:15:34 +0800
1150826,2026-08-26,上市,2882,國泰金,102.50,-0.5000,104.00,106.50,102.00,24250000,2519752500,6452,TWSE_CSV,2026-08-26 14:15:34 +0800
1150826,2026-08-26,上市,2883,凱基金,32.25,0.5500,31.65,33.10,31.60,63325000,2063908000,13946,TWSE_CSV,2026-08-26 14:15:34 +0800
1150826,2026-08-26,上市,2884,玉山金,38.70,-0.3000,38.90,39.40,38.40,34009000,1314399050,8053,TWSE_CSV,2026-08-26 14:15:34 +0800
1150826,2026-08-26,上市,2885,元大金,62.80,0.4000,62.30,63.40,62.30,14100000,885528900,4703,TWSE_CSV,2026-08-26 14:15:34 +0800
1150826,2026-08-26,上市,2886,兆豐金,46.60,-0.4000,46.90,47.65,46.35,23599000,1100572300,8031,TWSE_CSV,2026-08-26 14:15:34 +0800
1150826,2026-08-26,上市,2887,台新新光金,37.50,0.3500,37.10,38.00,36.95,47681000,1787410550,11261,TWSE_CSV,2026-08-26 14:15:34 +0800
1150826,2026-08-26,上市,2889,國票金,15.75,0.1500,15.70,15.95,15.60,22714000,358449250,3762,TWSE_CSV,2026-08-26 14:15:34 +0800
1150826,2026-08-26,上市,2890,永豐金,39.15,-0.1500,39.25,39.85,39.00,16577000,651799100,6451,TWSE_CSV,2026-08-26 14:15:34 +0800
1150826,2026-08-26,上市,2891,中信金,64.60,0.1000,64.00,65.30,63.90,28268000,1827962900,7906,TWSE_CSV,2026-08-26 14:15:34 +0800
1150826,2026-08-26,上市,2892,第一金,33.40,-0.4000,33.50,34.00,33.25,38235000,1279494550,10443,TWSE_CSV,2026-08-26 14:15:34 +0800
1150826,2026-08-26,上市,2897,王道銀行,10.30,0.1000,10.20,10.35,10.20,5986000,61451050,1005,TWSE_CSV,2026-08-26 14:15:34 +0800
1150826,2026-08-26,上市,2901,欣欣,23.55,-0.2500,23.90,23.90,23.55,10000,237350,10,TWSE_CSV,2026-08-26 14:15:34 +0800
1150826,2026-08-26,上市,2903,遠百,22.60,-0.0500,22.70,22.70,22.40,1473000,33131900,1078,TWSE_CSV,2026-08-26 14:15:34 +0800
1150826,2026-08-26,上市,2904,匯僑,13.00,0.1500,13.05,13.10,12.90,73000,948350,40,TWSE_CSV,2026-08-26 14:15:34 +0800
1150826,2026-08-26,上市,2905,三商,17.55,0.1000,17.40,17.60,17.05,1355000,23644200,673,TWSE_CSV,2026-08-26 14:15:34 +0800
1150826,2026-08-26,上市,2906,高林,14.10,-0.1000,14.25,14.35,13.90,295000,4152900,158,TWSE_CSV,2026-08-26 14:15:34 +0800
1150826,2026-08-26,上市,2908,特力,22.05,0.0500,21.95,22.05,21.85,179000,3932200,67,TWSE_CSV,2026-08-26 14:15:34 +0800
1150826,2026-08-26,上市,2910,統領,24.60,0.4000,24.55,24.75,24.45,14000,343550,14,TWSE_CSV,2026-08-26 14:15:34 +0800
1150826,2026-08-26,上市,2911,麗嬰房,6.55,-0.0100,6.42,6.69,6.42,98000,640180,69,TWSE_CSV,2026-08-26 14:15:34 +0800
1150826,2026-08-26,上市,2912,統一超,223.00,-1.0000,223.50,224.00,222.00,567000,126414000,455,TWSE_CSV,2026-08-26 14:15:34 +0800
1150826,2026-08-26,上市,2913,農林,11.25,0.0000,11.25,11.30,11.20,805000,9060850,262,TWSE_CSV,2026-08-26 14:15:34 +0800
1150826,2026-08-26,上市,2915,潤泰全,59.30,0.3000,59.20,59.30,58.60,1985000,116998800,956,TWSE_CSV,2026-08-26 14:15:34 +0800
1150826,2026-08-26,上市,2923,鼎固-KY,27.10,2.4500,24.65,27.10,24.65,240000,6346050,172,TWSE_CSV,2026-08-26 14:15:34 +0800
1150826,2026-08-26,上市,2929,淘帝-KY,5.61,-0.0700,5.59,5.69,5.59,117000,659460,71,TWSE_CSV,2026-08-26 14:15:34 +0800
1150826,2026-08-26,上市,2939,永邑-KY,19.55,-0.2000,19.35,19.70,19.35,4000,78150,4,TWSE_CSV,2026-08-26 14:15:34 +0800
1150826,2026-08-26,上市,2945,三商家購,40.10,0.1500,40.25,40.45,39.85,6000,240550,6,TWSE_CSV,2026-08-26 14:15:34 +0800
1150826,2026-08-26,上市,3002,歐格,17.10,0.1000,17.00,17.25,17.00,63000,1078400,55,TWSE_CSV,2026-08-26 14:15:34 +0800
1150826,2026-08-26,上市,3003,健和興,65.10,-0.2000,64.60,65.80,64.60,413000,26940600,320,TWSE_CSV,2026-08-26 14:15:34 +0800
1150826,2026-08-26,上市,3004,豐達科,119.50,1.0000,120.00,120.00,118.00,208000,24724500,169,TWSE_CSV,2026-08-26 14:15:34 +0800
1150826,2026-08-26,上市,3005,神基,116.00,1.0000,115.50,116.50,115.00,1681000,194870500,1025,TWSE_CSV,2026-08-26 14:15:34 +0800
1150826,2026-08-26,上市,3006,晶豪科,273.50,3.5000,270.00,273.50,265.00,12009000,3246023500,8448,TWSE_CSV,2026-08-26 14:15:34 +0800
1150826,2026-08-26,上市,3008,大立光,6290.00,570.0000,5920.00,6290.00,5875.00,1761000,10865925000,1477,TWSE_CSV,2026-08-26 14:15:34 +0800
1150826,2026-08-26,上市,3010,華立,129.50,-0.5000,129.00,130.00,127.50,484000,62342000,404,TWSE_CSV,2026-08-26 14:15:34 +0800
1150826,2026-08-26,上市,3011,今皓,10.60,0.0500,10.70,10.80,10.45,334000,3536250,176,TWSE_CSV,2026-08-26 14:15:34 +0800
1150826,2026-08-26,上市,3013,晟銘電,87.20,2.1000,85.10,87.50,85.10,777000,67396700,595,TWSE_CSV,2026-08-26 14:15:34 +0800
1150826,2026-08-26,上市,3014,聯陽,132.50,2.0000,131.50,132.50,130.50,633000,83468500,544,TWSE_CSV,2026-08-26 14:15:34 +0800
1150826,2026-08-26,上市,3015,全漢,53.70,0.7000,53.00,53.90,53.00,278000,14905800,238,TWSE_CSV,2026-08-26 14:15:34 +0800
1150826,2026-08-26,上市,3016,嘉晶,102.00,5.2000,97.60,105.00,97.10,5118000,525077800,3315,TWSE_CSV,2026-08-26 14:15:34 +0800
1150826,2026-08-26,上市,3017,奇鋐,3155.00,205.0000,2880.00,3155.00,2850.00,4931000,15033245000,4318,TWSE_CSV,2026-08-26 14:15:34 +0800
1150826,2026-08-26,上市,3018,隆銘綠能,12.90,0.0500,12.85,13.15,12.70,24000,309050,18,TWSE_CSV,2026-08-26 14:15:34 +0800
1150826,2026-08-26,上市,3019,亞光,136.00,3.0000,133.00,137.50,132.50,2808000,382464000,1971,TWSE_CSV,2026-08-26 14:15:34 +0800
1150826,2026-08-26,上市,3021,鴻名,20.30,0.3000,20.05,20.70,19.85,201000,4061750,109,TWSE_CSV,2026-08-26 14:15:34 +0800
1150826,2026-08-26,上市,3022,威強電,92.50,-0.5000,93.40,93.90,92.00,1286000,119438000,895,TWSE_CSV,2026-08-26 14:15:34 +0800
1150826,2026-08-26,上市,3023,信邦,314.50,-6.0000,318.50,321.50,312.50,423000,133697500,373,TWSE_CSV,2026-08-26 14:15:34 +0800
1150826,2026-08-26,上市,3024,憶聲,14.65,0.1500,14.50,14.90,14.50,1821000,26738950,717,TWSE_CSV,2026-08-26 14:15:34 +0800
1150826,2026-08-26,上市,3025,星通,57.20,1.5000,55.70,57.20,55.70,313000,17727100,223,TWSE_CSV,2026-08-26 14:15:34 +0800
1150826,2026-08-26,上市,3026,禾伸堂,614.00,-14.0000,627.00,630.00,591.00,8214000,5019799000,6468,TWSE_CSV,2026-08-26 14:15:34 +0800
1150826,2026-08-26,上市,3027,盛達,18.30,0.4000,18.10,18.35,18.00,160000,2920050,93,TWSE_CSV,2026-08-26 14:15:34 +0800
1150826,2026-08-26,上市,3028,增你強,66.30,0.3000,66.20,66.80,65.90,344000,22821900,261,TWSE_CSV,2026-08-26 14:15:34 +0800
1150826,2026-08-26,上市,3029,零壹,110.00,-0.5000,110.50,111.50,109.50,614000,67673500,426,TWSE_CSV,2026-08-26 14:15:34 +0800
1150826,2026-08-26,上市,3030,德律,288.50,6.0000,285.00,290.50,282.00,491000,141153000,396,TWSE_CSV,2026-08-26 14:15:34 +0800
1150826,2026-08-26,上市,3031,佰鴻,24.80,0.6000,24.20,25.45,24.20,2065000,51787300,1226,TWSE_CSV,2026-08-26 14:15:34 +0800
1150826,2026-08-26,上市,3032,偉訓,79.70,0.1000,79.20,80.50,78.90,210000,16732000,163,TWSE_CSV,2026-08-26 14:15:34 +0800
1150826,2026-08-26,上市,3033,威健,45.40,-0.5500,46.10,46.15,45.30,3994000,181948400,2586,TWSE_CSV,2026-08-26 14:15:34 +0800
1150826,2026-08-26,上市,3034,聯詠,557.00,2.0000,556.00,567.00,550.00,4725000,2632254000,3185,TWSE_CSV,2026-08-26 14:15:34 +0800
1150826,2026-08-26,上市,3035,智原,180.50,8.5000,172.50,183.00,171.50,3427000,611510000,2536,TWSE_CSV,2026-08-26 14:15:34 +0800
1150826,2026-08-26,上市,3036,文曄,196.50,-2.0000,200.00,200.50,196.00,7048000,1389622500,4667,TWSE_CSV,2026-08-26 14:15:34 +0800
1150826,2026-08-26,上市,3037,欣興,1160.00,65.0000,1090.00,1180.00,1080.00,21405000,24301440000,13905,TWSE_CSV,2026-08-26 14:15:34 +0800
1150826,2026-08-26,上市,3038,全台,20.35,-0.1000,20.45,20.50,20.30,114000,2323750,82,TWSE_CSV,2026-08-26 14:15:34 +0800
1150826,2026-08-26,上市,3040,遠見,38.05,0.1000,37.25,38.30,37.25,91000,3446500,53,TWSE_CSV,2026-08-26 14:15:34 +0800
1150826,2026-08-26,上市,3041,揚智,23.00,0.7500,22.45,23.10,22.40,762000,17408450,450,TWSE_CSV,2026-08-26 14:15:34 +0800
1150826,2026-08-26,上市,3042,晶技,185.50,0.5000,180.50,188.50,180.00,12365000,2274341500,8465,TWSE_CSV,2026-08-26 14:15:34 +0800
1150826,2026-08-26,上市,3043,科風,21.90,0.7500,21.00,22.45,21.00,233000,5105750,166,TWSE_CSV,2026-08-26 14:15:34 +0800
1150826,2026-08-26,上市,3044,健鼎,481.00,18.0000,458.00,489.00,458.00,2806000,1340539500,2250,TWSE_CSV,2026-08-26 14:15:34 +0800
1150826,2026-08-26,上市,3045,台灣大,115.50,0.0000,115.00,115.50,114.50,9495000,1092457000,2295,TWSE_CSV,2026-08-26 14:15:34 +0800
1150826,2026-08-26,上市,3046,建碁,57.50,0.3000,57.50,57.50,56.70,194000,11084600,138,TWSE_CSV,2026-08-26 14:15:34 +0800
1150826,2026-08-26,上市,3047,訊舟,13.85,0.1000,13.85,13.95,13.75,446000,6174200,228,TWSE_CSV,2026-08-26 14:15:34 +0800
1150826,2026-08-26,上市,3048,益登,56.20,0.6000,55.80,56.60,55.50,1055000,59206200,770,TWSE_CSV,2026-08-26 14:15:34 +0800
1150826,2026-08-26,上市,3049,精金,13.35,-0.1500,13.35,13.75,13.20,22769000,306318850,8305,TWSE_CSV,2026-08-26 14:15:34 +0800
1150826,2026-08-26,上市,3050,鈺德,11.75,0.0500,11.70,11.75,11.60,343000,4007500,173,TWSE_CSV,2026-08-26 14:15:34 +0800
1150826,2026-08-26,上市,3051,力特,23.45,0.5000,23.10,23.50,23.05,496000,11548200,328,TWSE_CSV,2026-08-26 14:15:34 +0800
1150826,2026-08-26,上市,3052,夆典,11.25,0.0500,11.30,11.30,11.20,322000,3620750,142,TWSE_CSV,2026-08-26 14:15:34 +0800
1150826,2026-08-26,上市,3054,立萬利,54.50,3.1000,52.90,54.90,51.50,134000,7215100,121,TWSE_CSV,2026-08-26 14:15:34 +0800
1150826,2026-08-26,上市,3055,蔚華科,127.00,11.5000,118.50,127.00,115.50,1708000,211310000,1141,TWSE_CSV,2026-08-26 14:15:34 +0800
1150826,2026-08-26,上市,3056,富華新,14.20,0.0500,14.15,14.20,14.00,315000,4461300,203,TWSE_CSV,2026-08-26 14:15:34 +0800
1150826,2026-08-26,上市,3057,喬鼎,16.85,-0.1500,16.70,16.90,16.55,57000,954350,41,TWSE_CSV,2026-08-26 14:15:34 +0800
1150826,2026-08-26,上市,3058,立德,8.14,0.0600,8.08,8.23,8.08,352000,2863230,144,TWSE_CSV,2026-08-26 14:15:34 +0800
1150826,2026-08-26,上市,3059,華晶科,39.70,0.6500,39.10,40.10,39.05,1529000,60796600,867,TWSE_CSV,2026-08-26 14:15:34 +0800
1150826,2026-08-26,上市,3060,銘異,27.35,0.2000,27.30,27.55,27.15,655000,17914500,389,TWSE_CSV,2026-08-26 14:15:34 +0800
1150826,2026-08-26,上市,3062,建漢,20.85,0.2000,20.65,20.95,20.65,546000,11356750,356,TWSE_CSV,2026-08-26 14:15:34 +0800
1150826,2026-08-26,上市,3090,日電貿,165.50,-0.5000,166.00,167.00,162.00,3337000,550936500,2551,TWSE_CSV,2026-08-26 14:15:34 +0800
1150826,2026-08-26,上市,3092,鴻碩,24.65,0.4500,24.20,24.70,24.00,126000,3065050,89,TWSE_CSV,2026-08-26 14:15:34 +0800
1150826,2026-08-26,上市,3094,聯傑,38.15,-0.2000,38.35,39.00,37.65,2156000,82338050,1415,TWSE_CSV,2026-08-26 14:15:34 +0800
1150826,2026-08-26,上市,3130,一零四,212.00,0.0000,212.00,212.00,210.50,43000,9092500,42,TWSE_CSV,2026-08-26 14:15:34 +0800
1150826,2026-08-26,上市,3135,凌航,185.50,5.5000,185.00,187.50,183.00,5876000,1087258500,4358,TWSE_CSV,2026-08-26 14:15:34 +0800
1150826,2026-08-26,上市,3138,耀登,96.80,2.3000,95.00,96.90,93.70,125000,11949700,107,TWSE_CSV,2026-08-26 14:15:34 +0800
1150826,2026-08-26,上市,3149,正達,68.00,3.6000,64.60,68.90,64.60,9621000,647663300,6061,TWSE_CSV,2026-08-26 14:15:34 +0800
1150826,2026-08-26,上市,3150,鈺寶-創,17.20,0.3000,17.10,17.20,17.10,7000,119950,6,TWSE_CSV,2026-08-26 14:15:34 +0800
1150826,2026-08-26,上市,3164,景岳,16.10,0.2500,15.80,16.35,15.80,29000,465700,24,TWSE_CSV,2026-08-26 14:15:34 +0800
1150826,2026-08-26,上市,3167,大量,716.00,42.0000,671.00,723.00,670.00,4037000,2821996000,3483,TWSE_CSV,2026-08-26 14:15:34 +0800
1150826,2026-08-26,上市,3168,眾福科,42.10,0.1000,42.00,42.30,41.90,15000,629700,14,TWSE_CSV,2026-08-26 14:15:34 +0800
1150826,2026-08-26,上市,3189,景碩,881.00,46.0000,820.00,881.00,812.00,22606000,18991737000,17549,TWSE_CSV,2026-08-26 14:15:34 +0800
1150826,2026-08-26,上市,3209,全科,51.80,-0.2000,52.00,52.30,51.50,1979000,102470600,1024,TWSE_CSV,2026-08-26 14:15:34 +0800
1150826,2026-08-26,上市,3229,晟鈦,58.10,0.7000,57.80,62.50,57.50,5641000,337792500,3299,TWSE_CSV,2026-08-26 14:15:34 +0800
1150826,2026-08-26,上市,3231,緯創,182.00,3.5000,177.00,182.00,176.00,20639000,3716504000,11066,TWSE_CSV,2026-08-26 14:15:34 +0800
1150826,2026-08-26,上市,3257,虹冠電,50.20,1.3500,49.05,50.40,49.05,226000,11292950,160,TWSE_CSV,2026-08-26 14:15:34 +0800
1150826,2026-08-26,上市,3266,昇陽,14.15,0.1500,13.95,14.15,13.95,51000,716700,40,TWSE_CSV,2026-08-26 14:15:34 +0800
1150826,2026-08-26,上市,3296,勝德,24.30,0.3000,24.10,24.30,24.00,8000,193350,8,TWSE_CSV,2026-08-26 14:15:34 +0800
1150826,2026-08-26,上市,3305,昇貿,108.00,1.0000,107.50,109.50,107.00,864000,93444500,704,TWSE_CSV,2026-08-26 14:15:34 +0800
1150826,2026-08-26,上市,3308,聯德,22.95,0.9000,22.20,23.50,22.20,1481000,33710650,955,TWSE_CSV,2026-08-26 14:15:34 +0800
1150826,2026-08-26,上市,3311,閎暉,32.80,0.7500,32.10,32.90,32.10,150000,4890450,93,TWSE_CSV,2026-08-26 14:15:34 +0800
1150826,2026-08-26,上市,3312,弘憶股,51.80,0.3000,52.30,52.30,51.40,505000,26181800,413,TWSE_CSV,2026-08-26 14:15:34 +0800
1150826,2026-08-26,上市,3321,同泰,18.45,0.3500,18.10,18.50,18.10,141000,2590550,81,TWSE_CSV,2026-08-26 14:15:34 +0800
1150826,2026-08-26,上市,3338,泰碩,62.30,2.1000,61.00,62.30,60.80,221000,13662600,168,TWSE_CSV,2026-08-26 14:15:34 +0800
1150826,2026-08-26,上市,3346,麗清,20.60,0.3000,20.40,21.25,20.10,304000,6308650,229,TWSE_CSV,2026-08-26 14:15:34 +0800
1150826,2026-08-26,上市,3356,奇偶,62.00,0.1000,61.90,62.30,61.50,283000,17524800,198,TWSE_CSV,2026-08-26 14:15:34 +0800
1150826,2026-08-26,上市,3376,新日興,194.00,5.0000,188.50,194.50,188.50,2750000,529482000,1822,TWSE_CSV,2026-08-26 14:15:34 +0800
1150826,2026-08-26,上市,3380,明泰,27.75,0.5000,27.30,27.90,27.30,752000,20815450,506,TWSE_CSV,2026-08-26 14:15:34 +0800
1150826,2026-08-26,上市,3406,玉晶光,759.00,69.0000,690.00,759.00,690.00,9047000,6686846000,6735,TWSE_CSV,2026-08-26 14:15:34 +0800
1150826,2026-08-26,上市,3413,京鼎,287.50,2.0000,285.50,288.50,285.00,443000,127127000,398,TWSE_CSV,2026-08-26 14:15:34 +0800
1150826,2026-08-26,上市,3416,融程電,180.50,5.5000,176.50,181.50,175.00,173000,30964500,159,TWSE_CSV,2026-08-26 14:15:34 +0800
1150826,2026-08-26,上市,3419,譁裕,11.95,0.0000,11.95,12.25,11.75,166000,1983900,112,TWSE_CSV,2026-08-26 14:15:34 +0800
1150826,2026-08-26,上市,3432,台端,14.50,0.0500,15.00,15.00,14.50,18000,264600,17,TWSE_CSV,2026-08-26 14:15:34 +0800
1150826,2026-08-26,上市,3437,榮創,18.35,0.4500,17.75,19.15,17.75,1248000,23273050,779,TWSE_CSV,2026-08-26 14:15:34 +0800
1150826,2026-08-26,上市,3443,創意,6125.00,555.0000,5640.00,6125.00,5570.00,2071000,12318630000,1786,TWSE_CSV,2026-08-26 14:15:34 +0800
1150826,2026-08-26,上市,3447,展達,27.45,0.5000,26.85,27.65,26.85,49000,1344800,43,TWSE_CSV,2026-08-26 14:15:34 +0800
1150826,2026-08-26,上市,3450,聯鈞,574.00,41.0000,528.00,584.00,527.00,16772000,9442054000,13668,TWSE_CSV,2026-08-26 14:15:34 +0800
1150826,2026-08-26,上市,3481,群創,46.40,-0.4000,46.80,47.10,46.40,114965000,5373097650,45325,TWSE_CSV,2026-08-26 14:15:34 +0800
1150826,2026-08-26,上市,3494,誠研,7.10,0.0100,7.14,7.14,7.07,57000,404830,53,TWSE_CSV,2026-08-26 14:15:34 +0800
1150826,2026-08-26,上市,3501,維熹,40.30,0.2000,40.45,40.50,40.05,103000,4144100,82,TWSE_CSV,2026-08-26 14:15:34 +0800
1150826,2026-08-26,上市,3504,揚明光,85.60,4.9000,81.00,87.00,81.00,6969000,594234000,5173,TWSE_CSV,2026-08-26 14:15:34 +0800
1150826,2026-08-26,上市,3515,華擎,219.00,-2.0000,222.00,222.00,218.00,199000,43672500,183,TWSE_CSV,2026-08-26 14:15:34 +0800
1150826,2026-08-26,上市,3518,柏騰,27.70,0.3500,27.50,27.80,27.25,101000,2791550,91,TWSE_CSV,2026-08-26 14:15:34 +0800
1150826,2026-08-26,上市,3528,安馳,83.40,0.0000,83.10,84.20,83.10,154000,12877000,131,TWSE_CSV,2026-08-26 14:15:34 +0800
1150826,2026-08-26,上市,3530,晶相光,61.30,1.9000,61.20,63.80,60.80,900000,55986900,735,TWSE_CSV,2026-08-26 14:15:34 +0800
1150826,2026-08-26,上市,3532,台勝科,382.00,4.0000,378.00,386.00,370.50,9657000,3665876500,7855,TWSE_CSV,2026-08-26 14:15:34 +0800
1150826,2026-08-26,上市,3533,嘉澤,1625.00,20.0000,1620.00,1635.00,1610.00,1009000,1633700000,843,TWSE_CSV,2026-08-26 14:15:34 +0800
1150826,2026-08-26,上市,3535,晶彩科,88.30,2.8000,86.10,89.90,86.00,522000,46267200,451,TWSE_CSV,2026-08-26 14:15:34 +0800
1150826,2026-08-26,上市,3543,州巧,45.10,4.1000,40.95,45.10,40.95,6939000,310380450,2381,TWSE_CSV,2026-08-26 14:15:34 +0800
1150826,2026-08-26,上市,3545,敦泰,50.00,0.0500,51.50,51.50,50.00,536000,27126300,356,TWSE_CSV,2026-08-26 14:15:34 +0800
1150826,2026-08-26,上市,3550,聯穎,23.75,0.4500,23.70,24.50,23.45,1832000,43797750,1143,TWSE_CSV,2026-08-26 14:15:34 +0800
1150826,2026-08-26,上市,3557,嘉威,24.65,0.3500,24.30,24.65,24.30,10000,245000,9,TWSE_CSV,2026-08-26 14:15:34 +0800
1150826,2026-08-26,上市,3563,牧德,685.00,29.0000,664.00,686.00,660.00,342000,232298000,306,TWSE_CSV,2026-08-26 14:15:34 +0800
1150826,2026-08-26,上市,3576,聯合再生,17.05,-0.0500,17.35,17.50,17.05,7333000,126190400,2953,TWSE_CSV,2026-08-26 14:15:34 +0800
1150826,2026-08-26,上市,3583,辛耘,741.00,48.0000,697.00,750.00,695.00,1118000,815231000,945,TWSE_CSV,2026-08-26 14:15:34 +0800
1150826,2026-08-26,上市,3588,通嘉,53.60,2.0000,52.10,54.30,52.10,190000,10118900,144,TWSE_CSV,2026-08-26 14:15:34 +0800
1150826,2026-08-26,上市,3591,艾笛森,22.20,0.4000,21.85,22.85,21.85,1026000,22976100,585,TWSE_CSV,2026-08-26 14:15:34 +0800
1150826,2026-08-26,上市,3592,瑞鼎,227.00,1.5000,227.00,228.50,225.50,134000,30471000,130,TWSE_CSV,2026-08-26 14:15:34 +0800
1150826,2026-08-26,上市,3593,力銘,11.00,0.0500,10.95,11.00,10.80,21000,227850,11,TWSE_CSV,2026-08-26 14:15:34 +0800
1150826,2026-08-26,上市,3596,智易,159.50,0.0000,161.00,161.00,158.00,1364000,217576000,984,TWSE_CSV,2026-08-26 14:15:34 +0800
1150826,2026-08-26,上市,3605,宏致,112.00,-4.5000,114.50,115.00,111.00,8246000,927908000,5392,TWSE_CSV,2026-08-26 14:15:34 +0800
1150826,2026-08-26,上市,3607,谷崧,14.15,0.1500,14.05,14.30,13.95,229000,3250600,119,TWSE_CSV,2026-08-26 14:15:34 +0800
1150826,2026-08-26,上市,3617,碩天,251.50,4.0000,249.00,252.50,246.00,394000,98346500,356,TWSE_CSV,2026-08-26 14:15:34 +0800
1150826,2026-08-26,上市,3622,洋華,53.10,-0.4000,54.00,54.00,52.90,643000,34239100,370,TWSE_CSV,2026-08-26 14:15:34 +0800
1150826,2026-08-26,上市,3645,達邁,66.50,2.4000,64.20,67.20,64.20,1094000,72478200,827,TWSE_CSV,2026-08-26 14:15:34 +0800
1150826,2026-08-26,上市,3652,精聯,33.80,0.9000,33.00,33.80,33.00,85000,2848850,80,TWSE_CSV,2026-08-26 14:15:34 +0800
1150826,2026-08-26,上市,3653,健策,5725.00,520.0000,5155.00,5725.00,5140.00,1599000,8901160000,1229,TWSE_CSV,2026-08-26 14:15:34 +0800
1150826,2026-08-26,上市,3661,世芯-KY,3960.00,95.0000,3855.00,4045.00,3830.00,2215000,8795870000,1993,TWSE_CSV,2026-08-26 14:15:34 +0800
1150826,2026-08-26,上市,3665,貿聯-KY,2005.00,-70.0000,2035.00,2055.00,1930.00,4570000,9092710000,3822,TWSE_CSV,2026-08-26 14:15:34 +0800
1150826,2026-08-26,上市,3669,圓展,36.30,0.2000,36.60,36.70,36.10,238000,8657400,172,TWSE_CSV,2026-08-26 14:15:34 +0800
1150826,2026-08-26,上市,3673,TPK-KY,68.10,2.1000,66.10,69.00,65.80,9653000,655041800,5890,TWSE_CSV,2026-08-26 14:15:34 +0800
1150826,2026-08-26,上市,3679,新至陞,109.00,-0.5000,110.00,110.00,109.00,9000,985500,9,TWSE_CSV,2026-08-26 14:15:34 +0800
1150826,2026-08-26,上市,3686,達能,14.45,0.1000,14.25,14.60,14.25,34000,490850,28,TWSE_CSV,2026-08-26 14:15:34 +0800
1150826,2026-08-26,上市,3694,海華,51.50,1.2000,51.40,51.90,50.80,613000,31538100,458,TWSE_CSV,2026-08-26 14:15:34 +0800
1150826,2026-08-26,上市,3701,大眾控,41.45,0.7000,40.10,41.85,40.10,562000,23247500,405,TWSE_CSV,2026-08-26 14:15:34 +0800
1150826,2026-08-26,上市,3702,大聯大,108.00,-2.0000,109.50,110.00,107.00,11763000,1270710500,4770,TWSE_CSV,2026-08-26 14:15:34 +0800
1150826,2026-08-26,上市,3703,欣陸,19.65,0.0000,19.65,19.75,19.50,1041000,20437550,552,TWSE_CSV,2026-08-26 14:15:34 +0800
1150826,2026-08-26,上市,3704,合勤控,42.00,0.6000,41.75,42.40,41.50,1182000,49632250,832,TWSE_CSV,2026-08-26 14:15:34 +0800
1150826,2026-08-26,上市,3705,永信,55.80,0.2000,55.60,55.80,55.00,115000,6387300,71,TWSE_CSV,2026-08-26 14:15:34 +0800
1150826,2026-08-26,上市,3706,神達,91.50,0.1000,91.40,91.70,90.90,4530000,413645800,2793,TWSE_CSV,2026-08-26 14:15:34 +0800
1150826,2026-08-26,上市,3708,上緯投控,102.50,1.0000,101.50,103.00,101.50,319000,32579500,209,TWSE_CSV,2026-08-26 14:15:34 +0800
1150826,2026-08-26,上市,3711,日月光投控,592.00,1.0000,580.00,593.00,575.00,11749000,6885372000,7998,TWSE_CSV,2026-08-26 14:15:34 +0800
1150826,2026-08-26,上市,3712,永崴投控,21.20,0.4000,20.80,21.20,20.75,2112000,44221500,877,TWSE_CSV,2026-08-26 14:15:34 +0800
1150826,2026-08-26,上市,3714,富采,62.70,3.1000,61.30,64.20,60.70,26782000,1678160500,15826,TWSE_CSV,2026-08-26 14:15:34 +0800
1150826,2026-08-26,上市,3715,定穎投控,114.00,4.5000,110.00,115.00,108.50,3018000,339903500,2250,TWSE_CSV,2026-08-26 14:15:34 +0800
1150826,2026-08-26,上市,3716,中化控股,35.80,0.1500,35.60,35.95,35.40,286000,10211950,214,TWSE_CSV,2026-08-26 14:15:34 +0800
1150826,2026-08-26,上市,3717,聯嘉投控,22.85,0.1000,22.70,23.10,22.70,942000,21537100,449,TWSE_CSV,2026-08-26 14:15:34 +0800
1150826,2026-08-26,上市,4104,佳醫,71.50,0.0000,71.70,71.70,71.20,79000,5635700,69,TWSE_CSV,2026-08-26 14:15:34 +0800
1150826,2026-08-26,上市,4106,雃博,24.85,0.3000,24.55,24.85,24.40,101000,2485450,52,TWSE_CSV,2026-08-26 14:15:34 +0800
1150826,2026-08-26,上市,4108,懷特,11.35,0.2500,11.10,11.40,11.10,188000,2118800,98,TWSE_CSV,2026-08-26 14:15:34 +0800
1150826,2026-08-26,上市,4119,旭富,52.20,0.4000,52.10,52.30,51.60,69000,3591400,52,TWSE_CSV,2026-08-26 14:15:34 +0800
1150826,2026-08-26,上市,4133,亞諾法,20.80,0.0500,20.75,20.85,20.55,57000,1181300,50,TWSE_CSV,2026-08-26 14:15:34 +0800
1150826,2026-08-26,上市,4137,麗豐-KY,87.20,-0.2000,87.70,87.80,87.00,247000,21583100,210,TWSE_CSV,2026-08-26 14:15:34 +0800
1150826,2026-08-26,上市,4142,國光生,18.00,0.3000,17.70,18.30,17.70,2008000,36390200,816,TWSE_CSV,2026-08-26 14:15:34 +0800
1150826,2026-08-26,上市,4148,全宇生技-KY,32.90,1.3000,31.90,32.90,31.80,50000,1624500,38,TWSE_CSV,2026-08-26 14:15:34 +0800
1150826,2026-08-26,上市,4155,訊映,14.55,0.0500,14.50,14.60,14.40,125000,1813200,74,TWSE_CSV,2026-08-26 14:15:34 +0800
1150826,2026-08-26,上市,4164,承業醫,26.55,0.3500,26.35,26.55,26.20,243000,6414450,156,TWSE_CSV,2026-08-26 14:15:34 +0800
1150826,2026-08-26,上市,4169,泰宗,156.00,0.0000,156.50,158.50,156.00,69000,10836000,62,TWSE_CSV,2026-08-26 14:15:34 +0800
1150826,2026-08-26,上市,4178,永笙-KY,17.45,0.2000,17.20,17.65,17.15,77000,1339600,61,TWSE_CSV,2026-08-26 14:15:34 +0800
1150826,2026-08-26,上市,4190,佐登-KY,25.95,0.7000,25.45,25.95,25.40,14000,360250,14,TWSE_CSV,2026-08-26 14:15:34 +0800
1150826,2026-08-26,上市,4195,基米-創,14.40,0.2000,14.20,14.50,14.20,50000,717300,39,TWSE_CSV,2026-08-26 14:15:34 +0800
1150826,2026-08-26,上市,4306,炎洲,15.10,-0.0500,15.15,15.15,15.00,816000,12295000,414,TWSE_CSV,2026-08-26 14:15:34 +0800
1150826,2026-08-26,上市,4414,如興,8.42,0.0000,8.49,8.49,8.35,163000,1372040,77,TWSE_CSV,2026-08-26 14:15:34 +0800
1150826,2026-08-26,上市,4426,利勤,7.75,0.0500,7.65,7.79,7.62,59000,454330,41,TWSE_CSV,2026-08-26 14:15:34 +0800
1150826,2026-08-26,上市,4438,廣越,60.50,0.2000,60.30,60.90,60.20,75000,4532100,57,TWSE_CSV,2026-08-26 14:15:34 +0800
1150826,2026-08-26,上市,4439,冠星-KY,97.40,1.4000,96.00,97.40,96.00,5000,484600,5,TWSE_CSV,2026-08-26 14:15:34 +0800
1150826,2026-08-26,上市,4440,宜新實業,17.65,0.1000,17.60,17.70,17.60,33000,582650,18,TWSE_CSV,2026-08-26 14:15:34 +0800
1150826,2026-08-26,上市,4441,振大環球,176.50,0.5000,176.50,177.00,175.50,57000,10033500,45,TWSE_CSV,2026-08-26 14:15:34 +0800
1150826,2026-08-26,上市,4526,東台,30.60,1.1000,29.75,30.60,29.60,1236000,37319900,701,TWSE_CSV,2026-08-26 14:15:34 +0800
1150826,2026-08-26,上市,4532,瑞智,24.15,0.1500,24.00,24.20,23.95,473000,11378600,305,TWSE_CSV,2026-08-26 14:15:34 +0800
1150826,2026-08-26,上市,4536,拓凱,169.50,0.0000,169.50,171.00,169.00,112000,19016500,95,TWSE_CSV,2026-08-26 14:15:34 +0800
1150826,2026-08-26,上市,4540,全球傳動,57.30,1.1000,56.80,57.70,56.20,788000,44893700,591,TWSE_CSV,2026-08-26 14:15:34 +0800
1150826,2026-08-26,上市,4545,銘鈺,32.10,0.1000,31.95,32.25,31.85,49000,1567700,36,TWSE_CSV,2026-08-26 14:15:34 +0800
1150826,2026-08-26,上市,4551,智伸科,160.00,5.0000,155.00,162.00,154.50,505000,80053000,407,TWSE_CSV,2026-08-26 14:15:34 +0800
1150826,2026-08-26,上市,4552,力達-KY,17.10,0.0500,17.00,17.10,16.90,112000,1906700,57,TWSE_CSV,2026-08-26 14:15:34 +0800
1150826,2026-08-26,上市,4555,氣立,46.10,0.8000,45.30,46.90,45.30,89000,4102900,74,TWSE_CSV,2026-08-26 14:15:34 +0800
1150826,2026-08-26,上市,4557,永新-KY,52.80,0.2000,53.60,53.60,52.40,27000,1425700,21,TWSE_CSV,2026-08-26 14:15:34 +0800
1150826,2026-08-26,上市,4560,強信-KY,31.05,-2.4000,32.45,32.50,30.50,1158000,36297950,659,TWSE_CSV,2026-08-26 14:15:34 +0800
1150826,2026-08-26,上市,4562,穎漢,31.55,0.5500,31.70,31.70,31.05,91000,2852100,69,TWSE_CSV,2026-08-26 14:15:34 +0800
1150826,2026-08-26,上市,4564,元翎,17.20,0.3500,16.95,17.25,16.85,635000,10841950,378,TWSE_CSV,2026-08-26 14:15:34 +0800
1150826,2026-08-26,上市,4566,時碩工業,66.80,1.7000,65.60,67.90,65.60,1508000,100605600,1137,TWSE_CSV,2026-08-26 14:15:34 +0800
1150826,2026-08-26,上市,4569,六方科-KY,168.50,3.5000,166.50,174.00,164.50,85000,14261000,78,TWSE_CSV,2026-08-26 14:15:34 +0800
1150826,2026-08-26,上市,4571,鈞興-KY,158.50,2.0000,157.00,158.50,156.50,77000,12154000,70,TWSE_CSV,2026-08-26 14:15:34 +0800
1150826,2026-08-26,上市,4572,駐龍,140.00,1.0000,140.50,140.50,138.50,11000,1538500,11,TWSE_CSV,2026-08-26 14:15:34 +0800
1150826,2026-08-26,上市,4576,大銀微系統,203.00,6.0000,199.00,204.00,195.50,1012000,202039000,764,TWSE_CSV,2026-08-26 14:15:34 +0800
1150826,2026-08-26,上市,4581,光隆精密-KY,48.55,0.3500,48.00,48.65,48.00,4000,193200,3,TWSE_CSV,2026-08-26 14:15:34 +0800
1150826,2026-08-26,上市,4582,聚恆-創,23.20,0.0000,22.80,23.40,22.80,111000,2571750,74,TWSE_CSV,2026-08-26 14:15:34 +0800
1150826,2026-08-26,上市,4583,台灣精銳,463.00,5.0000,458.00,469.00,458.00,48000,22252000,46,TWSE_CSV,2026-08-26 14:15:34 +0800
1150826,2026-08-26,上市,4585,達明,301.00,1.0000,299.00,302.00,297.50,164000,49248000,102,TWSE_CSV,2026-08-26 14:15:34 +0800
1150826,2026-08-26,上市,4588,玖鼎電力,52.30,0.3000,52.00,52.50,51.80,22000,1147200,19,TWSE_CSV,2026-08-26 14:15:34 +0800
1150826,2026-08-26,上市,4590,富田-創,87.60,2.9000,85.20,88.40,85.20,233000,20305100,162,TWSE_CSV,2026-08-26 14:15:34 +0800
1150826,2026-08-26,上市,4720,德淵,18.25,0.5000,17.90,18.25,17.90,570000,10303650,264,TWSE_CSV,2026-08-26 14:15:34 +0800
1150826,2026-08-26,上市,4722,國精化,211.00,6.0000,207.50,218.00,205.50,780000,165116000,659,TWSE_CSV,2026-08-26 14:15:34 +0800
1150826,2026-08-26,上市,4736,泰博,139.00,2.0000,137.00,139.00,137.00,685000,94637000,469,TWSE_CSV,2026-08-26 14:15:34 +0800
1150826,2026-08-26,上市,4737,華廣,57.60,0.7000,56.90,57.70,56.90,43000,2464900,35,TWSE_CSV,2026-08-26 14:15:34 +0800
1150826,2026-08-26,上市,4739,康普,88.80,5.5000,84.40,90.40,83.60,2404000,211061500,1749,TWSE_CSV,2026-08-26 14:15:34 +0800
1150826,2026-08-26,上市,4746,台耀,49.35,0.3000,49.50,49.55,49.10,377000,18557400,304,TWSE_CSV,2026-08-26 14:15:34 +0800
1150826,2026-08-26,上市,4755,三福化,118.00,3.0000,116.00,118.50,114.00,349000,40602500,185,TWSE_CSV,2026-08-26 14:15:34 +0800
1150826,2026-08-26,上市,4763,材料*-KY,46.60,1.6500,44.95,47.00,44.90,7416000,341892000,3488,TWSE_CSV,2026-08-26 14:15:34 +0800
1150826,2026-08-26,上市,4764,雙鍵,233.00,21.0000,212.00,233.00,210.50,1743000,394032000,1348,TWSE_CSV,2026-08-26 14:15:34 +0800
1150826,2026-08-26,上市,4766,南寶,344.50,1.0000,343.00,347.50,342.50,107000,36884000,104,TWSE_CSV,2026-08-26 14:15:34 +0800
1150826,2026-08-26,上市,4770,上品,209.00,2.5000,206.50,210.00,206.50,207000,43096000,170,TWSE_CSV,2026-08-26 14:15:34 +0800
1150826,2026-08-26,上市,4771,望隼,207.50,3.5000,204.00,210.00,203.00,503000,103941500,319,TWSE_CSV,2026-08-26 14:15:34 +0800
1150826,2026-08-26,上市,4807,日成-KY,27.45,-0.4000,27.40,28.10,27.35,142000,3923200,116,TWSE_CSV,2026-08-26 14:15:34 +0800
1150826,2026-08-26,上市,4904,遠傳,101.00,-1.5000,102.50,102.50,100.50,6219000,629358500,2236,TWSE_CSV,2026-08-26 14:15:34 +0800
1150826,2026-08-26,上市,4906,正文,37.30,2.7500,34.95,37.35,34.75,10153000,371145550,4339,TWSE_CSV,2026-08-26 14:15:34 +0800
1150826,2026-08-26,上市,4912,聯德控股-KY,89.30,-0.1000,89.40,90.00,89.00,318000,28492700,248,TWSE_CSV,2026-08-26 14:15:34 +0800
1150826,2026-08-26,上市,4915,致伸,60.20,0.4000,59.70,60.40,59.70,1343000,80626400,825,TWSE_CSV,2026-08-26 14:15:34 +0800
1150826,2026-08-26,上市,4916,事欣科,102.50,1.0000,101.00,103.00,101.00,2258000,230617000,1694,TWSE_CSV,2026-08-26 14:15:34 +0800
1150826,2026-08-26,上市,4919,新唐,121.00,4.0000,117.50,122.00,116.00,2743000,329948500,1962,TWSE_CSV,2026-08-26 14:15:34 +0800
1150826,2026-08-26,上市,4927,泰鼎-KY,37.00,1.4500,35.50,37.55,35.40,4643000,170607150,2770,TWSE_CSV,2026-08-26 14:15:34 +0800
1150826,2026-08-26,上市,4930,燦星網,16.15,-0.0500,16.10,16.25,16.10,9000,145450,9,TWSE_CSV,2026-08-26 14:15:34 +0800
1150826,2026-08-26,上市,4934,太極,14.50,0.2000,14.35,14.65,14.30,330000,4782550,179,TWSE_CSV,2026-08-26 14:15:34 +0800
1150826,2026-08-26,上市,4935,茂林-KY,33.75,0.0000,33.70,33.90,33.55,71000,2392350,57,TWSE_CSV,2026-08-26 14:15:34 +0800
1150826,2026-08-26,上市,4938,和碩,89.30,0.5000,88.70,89.80,88.10,6034000,537220900,3090,TWSE_CSV,2026-08-26 14:15:34 +0800
1150826,2026-08-26,上市,4942,嘉彰,33.25,0.1000,33.10,33.25,33.00,52000,1721650,46,TWSE_CSV,2026-08-26 14:15:34 +0800
1150826,2026-08-26,上市,4943,康控-KY,8.19,-0.1900,8.38,8.38,8.10,18000,147660,12,TWSE_CSV,2026-08-26 14:15:34 +0800
1150826,2026-08-26,上市,4949,有成精密,73.20,2.2000,71.50,74.10,70.90,450000,32800100,376,TWSE_CSV,2026-08-26 14:15:34 +0800
1150826,2026-08-26,上市,4952,凌通,51.70,0.5000,51.40,52.10,51.00,455000,23557200,321,TWSE_CSV,2026-08-26 14:15:34 +0800
1150826,2026-08-26,上市,4956,光鋐,37.20,2.1000,36.30,38.60,35.80,9690000,365482200,5644,TWSE_CSV,2026-08-26 14:15:34 +0800
1150826,2026-08-26,上市,4958,臻鼎-KY,453.00,9.0000,444.00,454.00,438.00,13986000,6264159000,11244,TWSE_CSV,2026-08-26 14:15:34 +0800
1150826,2026-08-26,上市,4960,誠美材,22.20,1.0000,21.20,22.50,20.95,4590000,101281100,2124,TWSE_CSV,2026-08-26 14:15:34 +0800
1150826,2026-08-26,上市,4961,天鈺,165.50,1.0000,164.50,165.50,162.50,195000,32077000,176,TWSE_CSV,2026-08-26 14:15:34 +0800
1150826,2026-08-26,上市,4967,十銓,272.50,0.0000,274.00,274.50,270.50,2671000,727114000,2076,TWSE_CSV,2026-08-26 14:15:34 +0800
1150826,2026-08-26,上市,4968,立積,93.20,3.5000,90.50,93.40,90.00,484000,44638400,414,TWSE_CSV,2026-08-26 14:15:34 +0800
1150826,2026-08-26,上市,4976,佳凌,39.60,2.2000,37.60,41.10,37.60,9605000,384359050,5635,TWSE_CSV,2026-08-26 14:15:34 +0800
1150826,2026-08-26,上市,4977,眾達-KY,170.50,15.5000,156.00,170.50,155.00,7828000,1286837500,5557,TWSE_CSV,2026-08-26 14:15:34 +0800
1150826,2026-08-26,上市,4989,榮科,66.90,6.0000,61.50,66.90,61.20,7652000,502385200,4516,TWSE_CSV,2026-08-26 14:15:34 +0800
1150826,2026-08-26,上市,4994,傳奇,85.60,2.1000,85.90,85.90,82.80,15000,1266500,13,TWSE_CSV,2026-08-26 14:15:34 +0800
1150826,2026-08-26,上市,4999,鑫禾,19.10,0.3000,18.80,19.10,18.75,28000,531200,23,TWSE_CSV,2026-08-26 14:15:34 +0800
1150826,2026-08-26,上市,5007,三星,56.50,0.5000,56.00,56.50,56.00,25000,1408400,25,TWSE_CSV,2026-08-26 14:15:34 +0800
1150826,2026-08-26,上市,5203,訊連,58.90,-0.3000,59.20,59.50,58.80,89000,5257300,73,TWSE_CSV,2026-08-26 14:15:34 +0800
1150826,2026-08-26,上市,5215,科嘉-KY,39.20,-1.3500,40.20,40.25,38.35,300000,11668500,226,TWSE_CSV,2026-08-26 14:15:34 +0800
1150826,2026-08-26,上市,5222,全訊,105.50,1.0000,104.00,106.50,104.00,150000,15806000,120,TWSE_CSV,2026-08-26 14:15:34 +0800
1150826,2026-08-26,上市,5225,東科-KY,60.90,1.4000,59.60,61.00,59.60,279000,16807000,188,TWSE_CSV,2026-08-26 14:15:34 +0800
1150826,2026-08-26,上市,5234,達興材料,300.00,1.0000,299.00,302.00,298.00,216000,64840500,155,TWSE_CSV,2026-08-26 14:15:34 +0800
1150826,2026-08-26,上市,5236,凌陽創新,138.50,2.0000,136.50,139.50,136.50,102000,14113000,90,TWSE_CSV,2026-08-26 14:15:34 +0800
1150826,2026-08-26,上市,5243,乙盛-KY,91.50,2.4000,89.10,91.90,88.60,752000,68322500,560,TWSE_CSV,2026-08-26 14:15:34 +0800
1150826,2026-08-26,上市,5244,弘凱,35.15,1.0500,34.20,35.40,34.20,226000,7904350,163,TWSE_CSV,2026-08-26 14:15:34 +0800
1150826,2026-08-26,上市,5258,虹堡,47.95,-0.2500,48.20,48.65,47.80,216000,10375400,172,TWSE_CSV,2026-08-26 14:15:34 +0800
1150826,2026-08-26,上市,5269,祥碩,1455.00,40.0000,1430.00,1465.00,1415.00,571000,825460000,526,TWSE_CSV,2026-08-26 14:15:34 +0800
1150826,2026-08-26,上市,5283,禾聯碩,59.40,-0.5000,60.80,60.80,59.00,130000,7738500,104,TWSE_CSV,2026-08-26 14:15:34 +0800
1150826,2026-08-26,上市,5284,jpp-KY,328.00,6.0000,323.00,330.00,315.50,263000,84956500,230,TWSE_CSV,2026-08-26 14:15:34 +0800
1150826,2026-08-26,上市,5285,界霖,82.60,4.4000,78.20,83.50,78.20,1568000,128946400,1190,TWSE_CSV,2026-08-26 14:15:34 +0800
1150826,2026-08-26,上市,5288,豐祥-KY,189.50,1.0000,187.50,190.50,187.50,31000,5874000,31,TWSE_CSV,2026-08-26 14:15:34 +0800
1150826,2026-08-26,上市,5292,華懋,216.00,2.0000,210.00,220.00,210.00,207000,44776000,183,TWSE_CSV,2026-08-26 14:15:34 +0800
1150826,2026-08-26,上市,5306,桂盟,95.20,0.4000,94.40,95.50,94.40,35000,3324400,34,TWSE_CSV,2026-08-26 14:15:34 +0800
1150826,2026-08-26,上市,5388,中磊,77.40,0.3000,77.70,77.90,76.80,2522000,195018800,1796,TWSE_CSV,2026-08-26 14:15:34 +0800
1150826,2026-08-26,上市,5434,崇越,536.00,15.0000,521.00,537.00,517.00,498000,264097000,448,TWSE_CSV,2026-08-26 14:15:34 +0800
1150826,2026-08-26,上市,5469,瀚宇博,72.10,0.7000,71.30,72.80,71.20,857000,61853200,631,TWSE_CSV,2026-08-26 14:15:34 +0800
1150826,2026-08-26,上市,5471,松翰,60.60,4.6000,56.60,61.00,56.50,7652000,452783400,4667,TWSE_CSV,2026-08-26 14:15:34 +0800
1150826,2026-08-26,上市,5484,慧友,40.40,0.0500,40.70,40.70,39.65,178000,7149550,125,TWSE_CSV,2026-08-26 14:15:34 +0800
1150826,2026-08-26,上市,5515,建國,53.20,-0.2000,53.70,53.90,52.70,617000,32800500,445,TWSE_CSV,2026-08-26 14:15:34 +0800
1150826,2026-08-26,上市,5519,隆大,28.00,0.2000,27.90,28.00,27.80,153000,4271000,115,TWSE_CSV,2026-08-26 14:15:34 +0800
1150826,2026-08-26,上市,5521,工信,10.85,0.0000,10.80,10.95,10.70,1366000,14737950,495,TWSE_CSV,2026-08-26 14:15:34 +0800
1150826,2026-08-26,上市,5522,遠雄,64.00,0.3000,63.80,64.10,63.40,347000,22141800,278,TWSE_CSV,2026-08-26 14:15:34 +0800
1150826,2026-08-26,上市,5525,順天,22.10,-0.0500,22.45,22.45,22.00,71000,1572300,62,TWSE_CSV,2026-08-26 14:15:34 +0800
1150826,2026-08-26,上市,5531,鄉林,7.40,0.0300,7.43,7.43,7.35,385000,2842780,224,TWSE_CSV,2026-08-26 14:15:34 +0800
1150826,2026-08-26,上市,5533,皇鼎,14.00,0.0500,13.95,14.00,13.90,53000,739650,36,TWSE_CSV,2026-08-26 14:15:34 +0800
1150826,2026-08-26,上市,5534,長虹,76.90,1.6000,75.30,77.20,75.30,1234000,94625600,829,TWSE_CSV,2026-08-26 14:15:34 +0800
1150826,2026-08-26,上市,5538,東明-KY,37.75,0.8500,37.55,37.85,36.90,106000,3975400,89,TWSE_CSV,2026-08-26 14:15:34 +0800
1150826,2026-08-26,上市,5546,永固-KY,14.90,0.9000,13.85,15.00,13.85,84000,1233700,69,TWSE_CSV,2026-08-26 14:15:34 +0800
1150826,2026-08-26,上市,5607,遠雄港,54.30,0.4000,54.00,54.80,53.70,882000,47852500,628,TWSE_CSV,2026-08-26 14:15:34 +0800
1150826,2026-08-26,上市,5608,四維航,17.05,-1.0500,18.10,18.45,16.75,23070000,399488950,8847,TWSE_CSV,2026-08-26 14:15:34 +0800
1150826,2026-08-26,上市,5706,鳳凰,45.50,0.4500,45.40,45.50,45.30,49000,2224600,43,TWSE_CSV,2026-08-26 14:15:34 +0800
1150826,2026-08-26,上市,5871,中租-KY,117.00,2.0000,115.00,117.50,113.50,6726000,781546000,2823,TWSE_CSV,2026-08-26 14:15:34 +0800
1150826,2026-08-26,上市,5876,上海商銀,43.30,-0.4500,43.60,44.00,43.15,4666000,202329200,1760,TWSE_CSV,2026-08-26 14:15:34 +0800
1150826,2026-08-26,上市,5880,合庫金,25.00,-0.0500,25.00,25.10,24.85,8257000,206172950,2406,TWSE_CSV,2026-08-26 14:15:34 +0800
1150826,2026-08-26,上市,5906,台南-KY,40.45,-0.0500,40.50,40.50,40.45,2000,80950,2,TWSE_CSV,2026-08-26 14:15:34 +0800
1150826,2026-08-26,上市,5907,大洋-KY,5.01,-0.1900,5.18,5.18,4.98,884000,4436840,221,TWSE_CSV,2026-08-26 14:15:34 +0800
1150826,2026-08-26,上市,6005,群益證,30.70,0.3500,30.40,31.05,30.40,3906000,120294650,1771,TWSE_CSV,2026-08-26 14:15:34 +0800
1150826,2026-08-26,上市,6024,群益期,62.70,0.5000,62.20,62.80,62.20,115000,7198500,97,TWSE_CSV,2026-08-26 14:15:34 +0800
1150826,2026-08-26,上市,6108,競國,22.75,-0.1000,22.85,23.30,22.45,3131000,71441000,1587,TWSE_CSV,2026-08-26 14:15:34 +0800
1150826,2026-08-26,上市,6112,邁達特,45.30,1.1500,44.50,45.60,44.50,362000,16363500,252,TWSE_CSV,2026-08-26 14:15:34 +0800
1150826,2026-08-26,上市,6115,鎰勝,44.05,0.0000,44.20,44.20,43.95,323000,14210150,240,TWSE_CSV,2026-08-26 14:15:34 +0800
1150826,2026-08-26,上市,6116,彩晶,14.40,0.3000,14.10,14.90,14.00,34019000,492367400,9276,TWSE_CSV,2026-08-26 14:15:34 +0800
1150826,2026-08-26,上市,6117,迎廣,62.40,-0.6000,63.00,63.00,62.10,88000,5502900,79,TWSE_CSV,2026-08-26 14:15:34 +0800
1150826,2026-08-26,上市,6120,達運,12.60,0.1000,12.60,12.75,12.55,899000,11356850,402,TWSE_CSV,2026-08-26 14:15:34 +0800
1150826,2026-08-26,上市,6128,上福,20.45,0.2000,20.15,20.45,20.15,42000,850800,25,TWSE_CSV,2026-08-26 14:15:34 +0800
1150826,2026-08-26,上市,6133,金橋,22.45,0.0500,22.30,22.80,22.30,486000,10947300,222,TWSE_CSV,2026-08-26 14:15:34 +0800
1150826,2026-08-26,上市,6136,富爾特,25.10,0.0500,25.05,25.15,25.00,110000,2757500,66,TWSE_CSV,2026-08-26 14:15:34 +0800
1150826,2026-08-26,上市,6139,亞翔,800.00,32.0000,770.00,801.00,768.00,2230000,1752185000,1747,TWSE_CSV,2026-08-26 14:15:34 +0800
1150826,2026-08-26,上市,6141,柏承,50.40,4.5500,46.00,50.40,45.20,7063000,346878850,3275,TWSE_CSV,2026-08-26 14:15:34 +0800
1150826,2026-08-26,上市,6142,友勁,8.74,0.1400,8.69,8.83,8.69,289000,2540990,154,TWSE_CSV,2026-08-26 14:15:34 +0800
1150826,2026-08-26,上市,6152,百一,14.00,0.2500,13.70,14.10,13.70,589000,8219550,321,TWSE_CSV,2026-08-26 14:15:34 +0800
1150826,2026-08-26,上市,6153,嘉聯益,17.00,0.5000,16.55,17.25,16.55,2697000,45758000,1345,TWSE_CSV,2026-08-26 14:15:34 +0800
1150826,2026-08-26,上市,6155,鈞寶,56.00,0.7000,55.80,56.30,55.00,779000,43377600,612,TWSE_CSV,2026-08-26 14:15:34 +0800
1150826,2026-08-26,上市,6164,華興,12.20,0.1500,12.10,12.50,12.05,858000,10537150,320,TWSE_CSV,2026-08-26 14:15:34 +0800
1150826,2026-08-26,上市,6165,浪凡,47.80,0.1000,47.90,48.10,47.50,120000,5739850,85,TWSE_CSV,2026-08-26 14:15:34 +0800
1150826,2026-08-26,上市,6166,凌華,120.00,4.0000,117.00,120.50,115.50,1227000,144732500,900,TWSE_CSV,2026-08-26 14:15:34 +0800
1150826,2026-08-26,上市,6168,宏齊,28.50,0.7500,27.60,29.50,27.50,9653000,278739600,5806,TWSE_CSV,2026-08-26 14:15:34 +0800
1150826,2026-08-26,上市,6176,瑞儀,98.20,-1.7000,99.50,100.00,98.20,2295000,226506700,1640,TWSE_CSV,2026-08-26 14:15:34 +0800
1150826,2026-08-26,上市,6177,達麗,48.35,0.3000,48.10,48.90,47.85,1188000,57387450,771,TWSE_CSV,2026-08-26 14:15:34 +0800
1150826,2026-08-26,上市,6183,關貿,94.10,0.1000,94.00,94.90,93.50,35000,3294300,30,TWSE_CSV,2026-08-26 14:15:34 +0800
1150826,2026-08-26,上市,6184,大豐電,41.60,0.0500,41.60,41.60,41.50,111000,4612850,48,TWSE_CSV,2026-08-26 14:15:34 +0800
1150826,2026-08-26,上市,6189,豐藝,48.55,-0.3000,48.00,48.60,47.85,419000,20183000,216,TWSE_CSV,2026-08-26 14:15:34 +0800
1150826,2026-08-26,上市,6191,精成科,82.10,1.2000,81.30,82.80,81.20,1200000,98524700,871,TWSE_CSV,2026-08-26 14:15:34 +0800
1150826,2026-08-26,上市,6192,巨路,116.50,1.0000,115.00,116.50,115.00,72000,8353000,67,TWSE_CSV,2026-08-26 14:15:34 +0800
1150826,2026-08-26,上市,6196,帆宣,500.00,23.0000,489.00,504.00,486.00,1505000,749752000,1212,TWSE_CSV,2026-08-26 14:15:34 +0800
1150826,2026-08-26,上市,6197,佳必琪,307.00,8.0000,303.00,309.00,301.50,1669000,511374000,1381,TWSE_CSV,2026-08-26 14:15:34 +0800
1150826,2026-08-26,上市,6201,亞弘電,45.00,0.2000,44.50,45.00,44.50,21000,941100,16,TWSE_CSV,2026-08-26 14:15:34 +0800
1150826,2026-08-26,上市,6202,盛群,58.60,1.9000,56.90,59.50,56.20,1330000,77370200,981,TWSE_CSV,2026-08-26 14:15:34 +0800
1150826,2026-08-26,上市,6205,詮欣,64.30,2.8000,61.90,66.00,61.60,1012000,64909600,716,TWSE_CSV,2026-08-26 14:15:34 +0800
1150826,2026-08-26,上市,6206,飛捷,142.50,3.0000,138.50,143.00,137.50,1380000,194150000,992,TWSE_CSV,2026-08-26 14:15:34 +0800
1150826,2026-08-26,上市,6209,今國光,74.70,5.7000,68.90,75.80,68.90,13258000,973186100,8462,TWSE_CSV,2026-08-26 14:15:34 +0800
1150826,2026-08-26,上市,6213,聯茂,583.00,53.0000,530.00,583.00,525.00,29354000,16449747000,20686,TWSE_CSV,2026-08-26 14:15:34 +0800
1150826,2026-08-26,上市,6214,精誠,181.00,-0.5000,181.50,184.00,180.50,1698000,308362000,881,TWSE_CSV,2026-08-26 14:15:34 +0800
1150826,2026-08-26,上市,6215,和椿,98.20,1.5000,96.70,99.20,96.60,387000,37972000,316,TWSE_CSV,2026-08-26 14:15:34 +0800
1150826,2026-08-26,上市,6216,居易,21.10,0.0000,21.15,21.15,20.90,277000,5840650,138,TWSE_CSV,2026-08-26 14:15:34 +0800
1150826,2026-08-26,上市,6224,聚鼎,79.10,-0.8000,79.50,81.00,75.40,1984000,156249700,1450,TWSE_CSV,2026-08-26 14:15:34 +0800
1150826,2026-08-26,上市,6225,天瀚,68.50,2.4000,69.00,70.00,68.30,143000,9933900,88,TWSE_CSV,2026-08-26 14:15:34 +0800
1150826,2026-08-26,上市,6226,光鼎,28.15,2.5500,27.80,28.15,27.70,7615000,213277550,2663,TWSE_CSV,2026-08-26 14:15:34 +0800
1150826,2026-08-26,上市,6230,尼得科超眾,109.00,2.5000,108.50,110.00,108.50,33000,3608000,30,TWSE_CSV,2026-08-26 14:15:34 +0800
1150826,2026-08-26,上市,6235,華孚,38.55,0.4500,38.15,38.70,38.10,298000,11439550,181,TWSE_CSV,2026-08-26 14:15:34 +0800
1150826,2026-08-26,上市,6239,力成,286.00,12.5000,273.00,293.00,272.00,15419000,4358552500,9612,TWSE_CSV,2026-08-26 14:15:34 +0800
1150826,2026-08-26,上市,6243,迅杰,42.20,1.1500,41.15,42.60,41.15,570000,23998650,395,TWSE_CSV,2026-08-26 14:15:34 +0800
1150826,2026-08-26,上市,6257,矽格,204.00,5.5000,200.50,205.00,199.00,4081000,829046000,3110,TWSE_CSV,2026-08-26 14:15:34 +0800
1150826,2026-08-26,上市,6269,台郡,66.30,4.4000,62.80,67.20,62.40,4824000,312952900,3142,TWSE_CSV,2026-08-26 14:15:34 +0800
1150826,2026-08-26,上市,6271,同欣電,208.00,8.5000,199.50,208.00,198.50,5046000,1032388500,3796,TWSE_CSV,2026-08-26 14:15:34 +0800
1150826,2026-08-26,上市,6272,驊陞,23.30,0.0500,23.25,23.75,23.25,80000,1872450,54,TWSE_CSV,2026-08-26 14:15:34 +0800
1150826,2026-08-26,上市,6277,宏正,81.20,1.5000,79.40,81.60,79.40,349000,28206500,309,TWSE_CSV,2026-08-26 14:15:34 +0800
1150826,2026-08-26,上市,6278,台表科,199.50,18.0000,180.00,199.50,179.00,14850000,2882820500,9964,TWSE_CSV,2026-08-26 14:15:34 +0800
1150826,2026-08-26,上市,6281,全國電,51.50,-0.2000,51.50,51.50,51.10,30000,1543400,21,TWSE_CSV,2026-08-26 14:15:34 +0800
1150826,2026-08-26,上市,6282,康舒,45.30,1.3000,44.25,45.30,44.15,5683000,254851300,3458,TWSE_CSV,2026-08-26 14:15:34 +0800
1150826,2026-08-26,上市,6283,淳安,20.05,0.2000,19.75,20.60,19.75,191000,3852300,142,TWSE_CSV,2026-08-26 14:15:34 +0800
1150826,2026-08-26,上市,6285,啟碁,242.00,8.5000,234.50,244.00,231.50,3368000,800884500,2355,TWSE_CSV,2026-08-26 14:15:34 +0800
1150826,2026-08-26,上市,6405,悅城,41.65,3.7500,38.25,41.65,38.10,526000,21217750,348,TWSE_CSV,2026-08-26 14:15:34 +0800
1150826,2026-08-26,上市,6409,旭隼,1030.00,10.0000,1035.00,1085.00,1030.00,548000,576420000,485,TWSE_CSV,2026-08-26 14:15:34 +0800
1150826,2026-08-26,上市,6412,群電,78.00,0.4000,77.90,78.60,77.90,488000,38182500,379,TWSE_CSV,2026-08-26 14:15:34 +0800
1150826,2026-08-26,上市,6414,樺漢,398.00,4.0000,395.00,398.50,392.00,750000,297127000,654,TWSE_CSV,2026-08-26 14:15:34 +0800
1150826,2026-08-26,上市,6415,矽力*-KY,469.00,17.5000,454.50,476.00,447.50,2790000,1297196500,2370,TWSE_CSV,2026-08-26 14:15:34 +0800
1150826,2026-08-26,上市,6416,瑞祺電通,100.50,1.5000,100.00,101.50,98.70,390000,39014800,320,TWSE_CSV,2026-08-26 14:15:34 +0800
1150826,2026-08-26,上市,6426,統新,268.00,13.0000,251.00,275.00,250.00,4157000,1095040500,3297,TWSE_CSV,2026-08-26 14:15:34 +0800
1150826,2026-08-26,上市,6431,光麗-KY,20.30,1.1000,19.05,20.30,19.00,190000,3763850,95,TWSE_CSV,2026-08-26 14:15:34 +0800
1150826,2026-08-26,上市,6438,迅得,147.00,3.0000,144.00,147.00,144.00,192000,28061000,160,TWSE_CSV,2026-08-26 14:15:34 +0800
1150826,2026-08-26,上市,6442,光聖,1610.00,5.0000,1620.00,1675.00,1575.00,4121000,6738015000,3767,TWSE_CSV,2026-08-26 14:15:34 +0800
1150826,2026-08-26,上市,6443,元晶,26.30,-0.1500,26.45,26.75,26.25,3927000,103969650,2079,TWSE_CSV,2026-08-26 14:15:34 +0800
1150826,2026-08-26,上市,6446,藥華藥,1585.00,95.0000,1520.00,1600.00,1515.00,3774000,5953015000,2992,TWSE_CSV,2026-08-26 14:15:34 +0800
1150826,2026-08-26,上市,6449,鈺邦,212.00,-12.0000,219.50,219.50,208.00,1590000,336509500,1307,TWSE_CSV,2026-08-26 14:15:34 +0800
1150826,2026-08-26,上市,6451,訊芯-KY,454.50,31.5000,423.00,463.50,420.00,6363000,2869861500,4896,TWSE_CSV,2026-08-26 14:15:34 +0800
1150826,2026-08-26,上市,6456,GIS-KY,69.00,1.3000,66.80,69.50,66.80,2687000,184760400,1748,TWSE_CSV,2026-08-26 14:15:34 +0800
1150826,2026-08-26,上市,6464,台數科,78.90,0.2000,78.90,79.00,78.50,41000,3233100,26,TWSE_CSV,2026-08-26 14:15:34 +0800
1150826,2026-08-26,上市,6472,保瑞,457.00,-13.0000,463.00,476.00,456.50,1835000,852006500,1647,TWSE_CSV,2026-08-26 14:15:34 +0800
1150826,2026-08-26,上市,6477,安集,36.75,1.1000,36.10,37.25,36.05,1472000,54139150,1079,TWSE_CSV,2026-08-26 14:15:34 +0800
1150826,2026-08-26,上市,6491,晶碩,379.00,6.5000,371.50,379.00,368.50,187000,70170000,174,TWSE_CSV,2026-08-26 14:15:34 +0800
1150826,2026-08-26,上市,6504,南六,38.00,0.0500,38.30,38.30,38.00,8000,305400,8,TWSE_CSV,2026-08-26 14:15:34 +0800
1150826,2026-08-26,上市,6505,台塑化,70.40,-0.6000,70.20,70.80,69.20,14731000,1031715300,7799,TWSE_CSV,2026-08-26 14:15:34 +0800
1150826,2026-08-26,上市,6515,穎崴,6025.00,-230.0000,6155.00,6220.00,5925.00,373000,2242465000,342,TWSE_CSV,2026-08-26 14:15:34 +0800
1150826,2026-08-26,上市,6525,捷敏-KY,141.50,5.5000,136.50,143.00,135.50,1397000,196501500,1117,TWSE_CSV,2026-08-26 14:15:34 +0800
1150826,2026-08-26,上市,6526,達發,595.00,17.0000,580.00,596.00,575.00,278000,163854000,276,TWSE_CSV,2026-08-26 14:15:34 +0800
1150826,2026-08-26,上市,6531,愛普*,916.00,40.0000,868.00,926.00,857.00,3186000,2876849000,2757,TWSE_CSV,2026-08-26 14:15:34 +0800
1150826,2026-08-26,上市,6533,晶心科,269.00,17.5000,251.50,273.00,249.00,3059000,810478500,2587,TWSE_CSV,2026-08-26 14:15:34 +0800
1150826,2026-08-26,上市,6534,正瀚-創,92.00,-0.1000,91.90,92.60,91.70,26000,2391100,25,TWSE_CSV,2026-08-26 14:15:34 +0800
1150826,2026-08-26,上市,6541,泰福-KY,36.80,0.5500,36.25,37.00,36.25,175000,6438750,139,TWSE_CSV,2026-08-26 14:15:34 +0800
1150826,2026-08-26,上市,6550,北極星藥業-KY,11.55,0.5500,11.10,11.80,11.10,2045000,23473150,786,TWSE_CSV,2026-08-26 14:15:34 +0800
1150826,2026-08-26,上市,6552,易華電,25.60,0.2500,25.20,25.65,25.20,82000,2091100,60,TWSE_CSV,2026-08-26 14:15:34 +0800
1150826,2026-08-26,上市,6558,興能高,25.50,0.8000,24.40,25.55,24.40,245000,6162700,147,TWSE_CSV,2026-08-26 14:15:34 +0800
1150826,2026-08-26,上市,6573,虹揚-KY,18.20,0.3000,17.80,18.80,17.40,531000,9625550,318,TWSE_CSV,2026-08-26 14:15:34 +0800
1150826,2026-08-26,上市,6579,研揚,146.50,1.0000,146.50,147.00,144.50,196000,28576500,174,TWSE_CSV,2026-08-26 14:15:34 +0800
1150826,2026-08-26,上市,6581,鋼聯,108.50,0.5000,108.00,109.00,108.00,8000,868500,8,TWSE_CSV,2026-08-26 14:15:34 +0800
1150826,2026-08-26,上市,6582,申豐,32.70,0.3000,32.35,32.95,32.35,71000,2317600,50,TWSE_CSV,2026-08-26 14:15:34 +0800
1150826,2026-08-26,上市,6585,鼎基,115.00,2.0000,113.50,115.50,113.00,128000,14683000,104,TWSE_CSV,2026-08-26 14:15:34 +0800
1150826,2026-08-26,上市,6589,台康生技,50.50,0.8000,49.80,50.70,49.80,447000,22457250,329,TWSE_CSV,2026-08-26 14:15:34 +0800
1150826,2026-08-26,上市,6591,動力-KY,42.80,-0.1500,42.55,42.85,42.50,83000,3536900,61,TWSE_CSV,2026-08-26 14:15:34 +0800
1150826,2026-08-26,上市,6592,和潤企業,62.10,0.5000,61.50,62.10,61.50,414000,25619800,288,TWSE_CSV,2026-08-26 14:15:34 +0800
1150826,2026-08-26,上市,6598,ABC-KY,27.85,0.1500,28.15,28.15,27.75,91000,2540000,59,TWSE_CSV,2026-08-26 14:15:34 +0800
1150826,2026-08-26,上市,6605,帝寶,139.50,1.0000,138.50,139.50,138.00,164000,22760000,146,TWSE_CSV,2026-08-26 14:15:34 +0800
1150826,2026-08-26,上市,6606,建德工業,26.20,0.3500,25.95,26.30,25.80,75000,1959950,28,TWSE_CSV,2026-08-26 14:15:34 +0800
1150826,2026-08-26,上市,6614,資拓宏宇,36.05,0.2000,35.95,36.20,35.95,26000,937400,21,TWSE_CSV,2026-08-26 14:15:34 +0800
1150826,2026-08-26,上市,6625,必應,78.30,1.0000,77.30,78.40,77.30,133000,10369800,109,TWSE_CSV,2026-08-26 14:15:34 +0800
1150826,2026-08-26,上市,6641,基士德-KY,18.00,-0.0500,18.10,18.10,17.90,13000,233750,8,TWSE_CSV,2026-08-26 14:15:34 +0800
1150826,2026-08-26,上市,6645,金萬林-創,12.95,-0.1500,12.90,13.05,12.90,18000,232700,17,TWSE_CSV,2026-08-26 14:15:34 +0800
1150826,2026-08-26,上市,6655,科定,117.00,2.0000,115.50,117.00,115.50,6000,697000,6,TWSE_CSV,2026-08-26 14:15:34 +0800
1150826,2026-08-26,上市,6657,華安,30.55,0.9500,29.95,30.70,29.80,74000,2241550,55,TWSE_CSV,2026-08-26 14:15:34 +0800
1150826,2026-08-26,上市,6658,聯策,160.00,3.0000,158.50,162.00,158.50,138000,22150000,123,TWSE_CSV,2026-08-26 14:15:34 +0800
1150826,2026-08-26,上市,6666,羅麗芬-KY,44.30,0.1500,43.50,44.35,43.50,36000,1583950,36,TWSE_CSV,2026-08-26 14:15:34 +0800
1150826,2026-08-26,上市,6668,中揚光,39.05,3.5500,35.70,39.05,35.70,2808000,107272250,1659,TWSE_CSV,2026-08-26 14:15:34 +0800
1150826,2026-08-26,上市,6669,緯穎,6785.00,345.0000,6325.00,6925.00,6300.00,1729000,11633015000,1612,TWSE_CSV,2026-08-26 14:15:34 +0800
1150826,2026-08-26,上市,6670,復盛應用,264.50,0.5000,263.50,265.00,263.50,54000,14273000,50,TWSE_CSV,2026-08-26 14:15:34 +0800
1150826,2026-08-26,上市,6671,三能-KY,23.40,0.4000,23.10,23.50,23.10,27000,628050,18,TWSE_CSV,2026-08-26 14:15:34 +0800
1150826,2026-08-26,上市,6672,騰輝電子-KY,276.50,6.0000,272.00,281.50,270.00,3140000,870602000,2626,TWSE_CSV,2026-08-26 14:15:34 +0800
1150826,2026-08-26,上市,6674,鋐寶科技,16.20,-0.1000,16.75,17.05,16.20,112000,1853750,83,TWSE_CSV,2026-08-26 14:15:34 +0800
1150826,2026-08-26,上市,6689,伊雲谷,63.00,1.6000,60.70,63.00,60.70,105000,6521400,78,TWSE_CSV,2026-08-26 14:15:34 +0800
1150826,2026-08-26,上市,6691,洋基工程,625.00,9.0000,615.00,631.00,612.00,723000,450714000,633,TWSE_CSV,2026-08-26 14:15:34 +0800
1150826,2026-08-26,上市,6695,芯鼎,48.45,1.5500,46.60,48.60,46.60,326000,15654450,262,TWSE_CSV,2026-08-26 14:15:34 +0800
1150826,2026-08-26,上市,6698,旭暉應材,32.55,1.8000,30.75,33.25,30.75,246000,7958300,192,TWSE_CSV,2026-08-26 14:15:34 +0800
1150826,2026-08-26,上市,6706,惠特,123.00,0.0000,123.00,126.00,121.00,2790000,345451000,2226,TWSE_CSV,2026-08-26 14:15:34 +0800
1150826,2026-08-26,上市,6715,嘉基,363.00,-0.5000,359.00,374.50,352.00,1672000,604815000,1368,TWSE_CSV,2026-08-26 14:15:34 +0800
1150826,2026-08-26,上市,6719,力智,195.00,3.0000,193.00,197.50,191.50,592000,115435500,461,TWSE_CSV,2026-08-26 14:15:34 +0800
1150826,2026-08-26,上市,6722,輝創,33.20,0.6000,32.60,33.80,32.55,54000,1789600,45,TWSE_CSV,2026-08-26 14:15:34 +0800
1150826,2026-08-26,上市,6742,澤米,44.15,0.9000,43.35,44.75,43.35,258000,11419350,211,TWSE_CSV,2026-08-26 14:15:34 +0800
1150826,2026-08-26,上市,6743,安普新,27.10,1.7000,25.40,27.25,25.35,263000,6951350,193,TWSE_CSV,2026-08-26 14:15:34 +0800
1150826,2026-08-26,上市,6753,龍德造船,144.00,4.5000,141.00,145.50,141.00,1498000,215699500,1131,TWSE_CSV,2026-08-26 14:15:34 +0800
1150826,2026-08-26,上市,6754,匯僑設計,42.45,0.4500,42.00,43.00,42.00,8000,340300,8,TWSE_CSV,2026-08-26 14:15:34 +0800
1150826,2026-08-26,上市,6756,威鋒電子,102.00,0.0000,101.50,104.00,101.00,150000,15351500,135,TWSE_CSV,2026-08-26 14:15:34 +0800
1150826,2026-08-26,上市,6757,台灣虎航,56.30,0.5000,56.10,56.60,55.90,865000,48659200,606,TWSE_CSV,2026-08-26 14:15:34 +0800
1150826,2026-08-26,上市,6768,志強-KY,65.60,-0.1000,65.70,66.70,65.00,287000,18761800,195,TWSE_CSV,2026-08-26 14:15:34 +0800
1150826,2026-08-26,上市,6770,力積電,70.20,1.2000,69.80,71.40,69.20,108492000,7654337900,50382,TWSE_CSV,2026-08-26 14:15:34 +0800
1150826,2026-08-26,上市,6771,平和環保-創,42.50,-1.0000,43.60,43.70,42.10,125000,5398350,104,TWSE_CSV,2026-08-26 14:15:34 +0800
1150826,2026-08-26,上市,6776,展碁國際,53.50,0.0000,53.40,53.50,53.10,68000,3623600,59,TWSE_CSV,2026-08-26 14:15:34 +0800
1150826,2026-08-26,上市,6781,AES-KY,1040.00,-25.0000,1065.00,1065.00,1035.00,634000,664440000,559,TWSE_CSV,2026-08-26 14:15:34 +0800
1150826,2026-08-26,上市,6782,視陽,246.00,16.0000,225.00,248.00,225.00,2050000,491825000,1608,TWSE_CSV,2026-08-26 14:15:34 +0800
1150826,2026-08-26,上市,6789,采鈺,458.50,38.0000,422.50,461.00,422.50,1974000,881803500,1677,TWSE_CSV,2026-08-26 14:15:34 +0800
1150826,2026-08-26,上市,6790,永豐實,38.15,0.2000,38.00,38.15,38.00,47000,1788750,43,TWSE_CSV,2026-08-26 14:15:34 +0800
1150826,2026-08-26,上市,6792,詠業,59.80,-0.3000,60.20,60.60,59.10,23000,1376100,23,TWSE_CSV,2026-08-26 14:15:34 +0800
1150826,2026-08-26,上市,6794,向榮生技,79.50,4.0000,75.50,81.00,75.50,77000,6041500,65,TWSE_CSV,2026-08-26 14:15:34 +0800
1150826,2026-08-26,上市,6796,晉弘,61.70,-0.1000,60.80,62.20,60.10,88000,5356400,86,TWSE_CSV,2026-08-26 14:15:34 +0800
1150826,2026-08-26,上市,6799,來頡,81.40,2.1000,79.30,81.60,79.30,190000,15346100,141,TWSE_CSV,2026-08-26 14:15:34 +0800
1150826,2026-08-26,上市,6805,富世達,2025.00,180.0000,1830.00,2025.00,1825.00,2885000,5728310000,2192,TWSE_CSV,2026-08-26 14:15:34 +0800
1150826,2026-08-26,上市,6807,峰源-KY,33.70,-0.7000,34.00,34.00,33.05,17000,568700,17,TWSE_CSV,2026-08-26 14:15:34 +0800
1150826,2026-08-26,上市,6830,汎銓,526.00,35.0000,501.00,539.00,501.00,4448000,2336476000,3734,TWSE_CSV,2026-08-26 14:15:34 +0800
1150826,2026-08-26,上市,6831,邁科,576.00,14.0000,550.00,578.00,545.00,1505000,848607000,1317,TWSE_CSV,2026-08-26 14:15:34 +0800
1150826,2026-08-26,上市,6834,天二科技,90.20,0.1000,90.00,91.80,88.10,2067000,186054000,1598,TWSE_CSV,2026-08-26 14:15:34 +0800
1150826,2026-08-26,上市,6835,圓裕,31.10,0.3000,31.55,31.55,30.85,9000,279200,9,TWSE_CSV,2026-08-26 14:15:34 +0800
1150826,2026-08-26,上市,6838,台新藥,23.05,0.0500,23.00,23.25,22.85,49000,1126350,39,TWSE_CSV,2026-08-26 14:15:34 +0800
1150826,2026-08-26,上市,6854,錼創科技-KY創,92.90,3.4000,89.50,95.10,89.50,258000,23875900,183,TWSE_CSV,2026-08-26 14:15:34 +0800
1150826,2026-08-26,上市,6861,睿生光電,193.50,5.5000,188.00,198.00,188.00,328000,63441500,284,TWSE_CSV,2026-08-26 14:15:34 +0800
1150826,2026-08-26,上市,6862,三集瑞-KY,139.50,1.5000,141.50,141.50,135.50,94000,13059500,78,TWSE_CSV,2026-08-26 14:15:34 +0800
1150826,2026-08-26,上市,6863,永道-KY,112.00,2.5000,110.00,112.50,109.50,82000,9113000,75,TWSE_CSV,2026-08-26 14:15:34 +0800
1150826,2026-08-26,上市,6869,雲豹能源,68.10,0.5000,68.00,69.20,67.00,356000,24225300,286,TWSE_CSV,2026-08-26 14:15:34 +0800
1150826,2026-08-26,上市,6873,泓德能源,69.00,0.7000,68.10,69.50,67.10,316000,21614300,244,TWSE_CSV,2026-08-26 14:15:34 +0800
1150826,2026-08-26,上市,6885,全福生技,22.95,2.0500,22.05,22.95,21.95,351000,8004600,157,TWSE_CSV,2026-08-26 14:15:34 +0800
1150826,2026-08-26,上市,6887,寶綠特-KY,38.40,1.2000,38.20,39.50,37.30,44000,1678450,36,TWSE_CSV,2026-08-26 14:15:34 +0800
1150826,2026-08-26,上市,6890,來億-KY,175.00,15.5000,168.50,175.00,168.50,1001000,174124000,502,TWSE_CSV,2026-08-26 14:15:34 +0800
1150826,2026-08-26,上市,6901,鑽石投資,16.70,0.3500,16.40,16.90,16.40,1533000,25673100,909,TWSE_CSV,2026-08-26 14:15:34 +0800
1150826,2026-08-26,上市,6902,GOGOLOOK,126.00,1.0000,125.50,127.00,124.50,65000,8150500,52,TWSE_CSV,2026-08-26 14:15:34 +0800
1150826,2026-08-26,上市,6906,現觀科,72.40,0.0000,73.30,73.40,72.00,16000,1159200,15,TWSE_CSV,2026-08-26 14:15:34 +0800
1150826,2026-08-26,上市,6908,宏碁遊戲-創,31.00,0.3500,30.65,31.00,30.50,17000,523150,13,TWSE_CSV,2026-08-26 14:15:34 +0800
1150826,2026-08-26,上市,6909,創控,40.55,0.4500,40.50,41.00,40.15,169000,6874200,135,TWSE_CSV,2026-08-26 14:15:34 +0800
1150826,2026-08-26,上市,6914,阜爾運通,121.50,0.0000,120.50,122.00,120.00,386000,46617000,310,TWSE_CSV,2026-08-26 14:15:34 +0800
1150826,2026-08-26,上市,6916,華凌,18.50,0.0000,18.55,18.75,18.45,37000,686450,22,TWSE_CSV,2026-08-26 14:15:34 +0800
1150826,2026-08-26,上市,6918,愛派司,74.50,0.5000,74.60,75.00,74.00,25000,1859800,25,TWSE_CSV,2026-08-26 14:15:34 +0800
1150826,2026-08-26,上市,6919,康霈*,106.00,0.5000,105.50,108.50,104.50,5115000,542992000,2793,TWSE_CSV,2026-08-26 14:15:34 +0800
1150826,2026-08-26,上市,6921,嘉雨思-創,66.30,-1.0000,67.30,67.30,66.30,4000,267300,4,TWSE_CSV,2026-08-26 14:15:34 +0800
1150826,2026-08-26,上市,6923,中台,76.90,0.7000,75.40,77.00,75.40,26000,1995100,26,TWSE_CSV,2026-08-26 14:15:34 +0800
1150826,2026-08-26,上市,6924,榮惠-KY創,110.00,-1.5000,112.00,112.00,109.00,36000,3990000,28,TWSE_CSV,2026-08-26 14:15:34 +0800
1150826,2026-08-26,上市,6928,攸泰科技,48.00,0.9500,48.05,48.10,47.25,36000,1718500,34,TWSE_CSV,2026-08-26 14:15:34 +0800
1150826,2026-08-26,上市,6931,青松健康,41.65,0.1500,41.80,42.00,41.55,48000,2000100,32,TWSE_CSV,2026-08-26 14:15:34 +0800
1150826,2026-08-26,上市,6933,AMAX-KY,215.00,19.5000,199.00,215.00,197.50,1500000,314909000,1051,TWSE_CSV,2026-08-26 14:15:34 +0800
1150826,2026-08-26,上市,6934,心誠鎂,74.70,0.5000,74.90,75.00,73.00,10000,747000,9,TWSE_CSV,2026-08-26 14:15:34 +0800
1150826,2026-08-26,上市,6936,永鴻生技,32.40,0.0000,32.35,32.65,32.35,22000,715100,20,TWSE_CSV,2026-08-26 14:15:34 +0800
1150826,2026-08-26,上市,6937,天虹,274.00,12.0000,265.00,275.50,262.00,261000,70511000,246,TWSE_CSV,2026-08-26 14:15:34 +0800
1150826,2026-08-26,上市,6944,兆聯實業,727.00,15.0000,716.00,731.00,716.00,185000,133676000,177,TWSE_CSV,2026-08-26 14:15:34 +0800
1150826,2026-08-26,上市,6947,台鎔科技,70.10,0.0000,72.70,72.70,69.90,162000,11460700,113,TWSE_CSV,2026-08-26 14:15:34 +0800
1150826,2026-08-26,上市,6949,沛爾生醫-創,1490.00,135.0000,1405.00,1490.00,1400.00,549000,809830000,268,TWSE_CSV,2026-08-26 14:15:34 +0800
1150826,2026-08-26,上市,6951,青新-創,71.80,0.0000,71.50,71.80,71.50,9000,645400,9,TWSE_CSV,2026-08-26 14:15:34 +0800
1150826,2026-08-26,上市,6952,大武山,37.70,0.2000,38.65,38.65,37.70,4000,153150,4,TWSE_CSV,2026-08-26 14:15:34 +0800
1150826,2026-08-26,上市,6955,邦睿生技-創,107.00,0.0000,98.00,107.00,97.80,32000,3268200,24,TWSE_CSV,2026-08-26 14:15:34 +0800
1150826,2026-08-26,上市,6957,裕慶-KY,218.50,-0.5000,221.00,222.00,217.00,77000,16849500,57,TWSE_CSV,2026-08-26 14:15:34 +0800
1150826,2026-08-26,上市,6958,日盛台駿,18.00,0.4500,17.75,18.00,17.65,31000,554800,30,TWSE_CSV,2026-08-26 14:15:34 +0800
1150826,2026-08-26,上市,6962,奕力-KY,31.70,0.4500,31.60,32.35,31.45,2297000,73346200,1340,TWSE_CSV,2026-08-26 14:15:34 +0800
1150826,2026-08-26,上市,6965,中傑-KY,74.70,-0.2000,74.90,75.20,73.30,27000,2009500,24,TWSE_CSV,2026-08-26 14:15:34 +0800
1150826,2026-08-26,上市,6969,成信實業*-創,33.65,0.4500,33.30,34.45,33.20,160000,5425300,84,TWSE_CSV,2026-08-26 14:15:34 +0800
1150826,2026-08-26,上市,6988,威力暘-創,11.70,0.1500,11.50,11.75,11.35,70000,803300,27,TWSE_CSV,2026-08-26 14:15:34 +0800
1150826,2026-08-26,上市,6994,富威電力,36.40,-0.1500,36.80,37.20,36.35,540000,19796350,333,TWSE_CSV,2026-08-26 14:15:34 +0800
1150826,2026-08-26,上市,7610,聯友金屬-創,1610.00,-25.0000,1615.00,1670.00,1590.00,440000,713295000,411,TWSE_CSV,2026-08-26 14:15:34 +0800
1150826,2026-08-26,上市,7631,聚賢研發-創,146.00,-1.0000,145.50,147.50,145.50,43000,6290500,32,TWSE_CSV,2026-08-26 14:15:34 +0800
1150826,2026-08-26,上市,7689,大鵬科CLMX,180.00,-0.5000,180.00,180.00,175.00,126000,22387000,116,TWSE_CSV,2026-08-26 14:15:34 +0800
1150826,2026-08-26,上市,7705,三商餐飲,30.90,0.2000,30.60,30.90,30.60,35000,1074250,21,TWSE_CSV,2026-08-26 14:15:34 +0800
1150826,2026-08-26,上市,7711,永擎,493.00,-22.0000,510.00,510.00,489.00,1400000,695559500,1177,TWSE_CSV,2026-08-26 14:15:34 +0800
1150826,2026-08-26,上市,7721,微程式,62.10,0.1000,62.30,62.70,61.50,48000,2980700,43,TWSE_CSV,2026-08-26 14:15:34 +0800
1150826,2026-08-26,上市,7722,LINEPAY,289.00,6.0000,283.50,289.00,283.50,49000,14061000,46,TWSE_CSV,2026-08-26 14:15:34 +0800
1150826,2026-08-26,上市,7730,暉盛-創,179.00,-3.5000,185.00,187.50,178.00,124000,22515000,102,TWSE_CSV,2026-08-26 14:15:34 +0800
1150826,2026-08-26,上市,7732,金興精密,34.80,0.2500,34.80,34.80,34.50,4000,138900,4,TWSE_CSV,2026-08-26 14:15:34 +0800
1150826,2026-08-26,上市,7736,虎山,68.90,-0.5000,69.00,70.00,68.90,16000,1108400,16,TWSE_CSV,2026-08-26 14:15:34 +0800
1150826,2026-08-26,上市,7740,熙特爾-創,135.00,1.0000,134.50,138.00,133.00,122000,16398500,88,TWSE_CSV,2026-08-26 14:15:34 +0800
1150826,2026-08-26,上市,7749,意騰-KY,376.50,-5.5000,387.00,387.00,375.50,156000,59182500,147,TWSE_CSV,2026-08-26 14:15:34 +0800
1150826,2026-08-26,上市,7750,新代,2370.00,20.0000,2370.00,2485.00,2270.00,1030000,2438150000,885,TWSE_CSV,2026-08-26 14:15:34 +0800
1150826,2026-08-26,上市,7760,享溫馨,33.00,0.1500,33.00,33.20,32.80,77000,2541650,27,TWSE_CSV,2026-08-26 14:15:34 +0800
1150826,2026-08-26,上市,7765,中華資安,224.50,0.5000,224.00,226.00,224.00,16000,3602000,13,TWSE_CSV,2026-08-26 14:15:34 +0800
1150826,2026-08-26,上市,7768,頌勝科技,291.50,8.5000,285.00,291.50,284.00,53000,15241500,53,TWSE_CSV,2026-08-26 14:15:34 +0800
1150826,2026-08-26,上市,7769,鴻勁,6335.00,125.0000,6210.00,6345.00,6085.00,319000,1982380000,308,TWSE_CSV,2026-08-26 14:15:34 +0800
1150826,2026-08-26,上市,7780,大研生醫*,16.90,0.0500,16.80,16.95,16.70,469000,7898100,235,TWSE_CSV,2026-08-26 14:15:34 +0800
1150826,2026-08-26,上市,7786,東方風能,120.00,-1.0000,121.50,121.50,120.00,158000,19019500,120,TWSE_CSV,2026-08-26 14:15:34 +0800
1150826,2026-08-26,上市,7788,松川精密,273.50,15.0000,256.50,278.00,252.50,1405000,373796000,1196,TWSE_CSV,2026-08-26 14:15:34 +0800
1150826,2026-08-26,上市,7791,皇家可口,56.80,0.0000,57.00,57.00,56.00,48000,2707300,33,TWSE_CSV,2026-08-26 14:15:34 +0800
1150826,2026-08-26,上市,7795,長廣,580.00,29.0000,560.00,604.00,560.00,1254000,734129000,1029,TWSE_CSV,2026-08-26 14:15:34 +0800
1150826,2026-08-26,上市,7799,禾榮科,366.00,9.5000,356.50,373.50,356.50,241000,88177000,192,TWSE_CSV,2026-08-26 14:15:34 +0800
1150826,2026-08-26,上市,7803,雲象科技-創,19.60,-0.1500,19.35,19.65,19.00,53000,1021350,38,TWSE_CSV,2026-08-26 14:15:34 +0800
1150826,2026-08-26,上市,7818,溢泰實業,61.10,0.0000,61.00,61.60,61.00,64000,3917300,50,TWSE_CSV,2026-08-26 14:15:34 +0800
1150826,2026-08-26,上市,7821,神數,39.15,0.3000,39.30,39.30,38.70,50000,1947750,44,TWSE_CSV,2026-08-26 14:15:34 +0800
1150826,2026-08-26,上市,7822,倍利科,928.00,3.0000,933.00,950.00,915.00,122000,112864000,121,TWSE_CSV,2026-08-26 14:15:34 +0800
1150826,2026-08-26,上市,7823,奧義賽博-KY創,83.40,0.7000,82.70,84.00,82.50,40000,3337000,33,TWSE_CSV,2026-08-26 14:15:34 +0800
1150826,2026-08-26,上市,7827,漢康-KY創,164.00,5.0000,160.00,164.50,160.00,502000,81526500,344,TWSE_CSV,2026-08-26 14:15:34 +0800
1150826,2026-08-26,上市,7835,永悅健康-創,21.00,0.0000,21.95,21.95,21.00,17000,361800,12,TWSE_CSV,2026-08-26 14:15:34 +0800
1150826,2026-08-26,上市,7855,和運租車,43.50,-0.1000,43.60,43.65,43.40,1090000,47404100,546,TWSE_CSV,2026-08-26 14:15:34 +0800
1150826,2026-08-26,上市,8011,台通,16.05,0.1500,15.90,16.05,15.90,222000,3553200,89,TWSE_CSV,2026-08-26 14:15:34 +0800
1150826,2026-08-26,上市,8016,矽創,296.00,3.5000,295.00,296.50,291.00,350000,103049500,301,TWSE_CSV,2026-08-26 14:15:34 +0800
1150826,2026-08-26,上市,8021,尖點,418.50,14.5000,404.00,437.50,398.50,7955000,3345678500,6291,TWSE_CSV,2026-08-26 14:15:34 +0800
1150826,2026-08-26,上市,8028,昇陽半導體,246.50,4.5000,241.50,246.50,240.50,1270000,309964500,1039,TWSE_CSV,2026-08-26 14:15:34 +0800
1150826,2026-08-26,上市,8033,雷虎,192.50,13.5000,182.00,196.50,182.00,10584000,2011077500,7159,TWSE_CSV,2026-08-26 14:15:34 +0800
1150826,2026-08-26,上市,8039,台虹,320.50,29.0000,302.00,320.50,294.00,45427000,14172963000,23230,TWSE_CSV,2026-08-26 14:15:34 +0800
1150826,2026-08-26,上市,8045,達運光電,51.60,-0.5000,52.20,52.30,51.40,149000,7736600,75,TWSE_CSV,2026-08-26 14:15:34 +0800
1150826,2026-08-26,上市,8046,南電,1180.00,20.0000,1140.00,1200.00,1125.00,13913000,16243450000,9856,TWSE_CSV,2026-08-26 14:15:34 +0800
1150826,2026-08-26,上市,8070,長華*,51.30,2.0000,49.80,52.20,49.65,4051000,207182250,2507,TWSE_CSV,2026-08-26 14:15:34 +0800
1150826,2026-08-26,上市,8072,陞泰,26.20,0.1000,26.25,26.30,26.00,119000,3114900,91,TWSE_CSV,2026-08-26 14:15:34 +0800
1150826,2026-08-26,上市,8081,致新,262.00,9.0000,256.00,263.00,256.00,570000,148221500,426,TWSE_CSV,2026-08-26 14:15:34 +0800
1150826,2026-08-26,上市,8101,華冠,12.70,-0.3000,13.20,13.25,12.70,5000,65450,5,TWSE_CSV,2026-08-26 14:15:34 +0800
1150826,2026-08-26,上市,8103,瀚荃,113.50,10.0000,102.00,113.50,102.00,10768000,1175575500,6648,TWSE_CSV,2026-08-26 14:15:34 +0800
1150826,2026-08-26,上市,8104,錸寶,31.55,0.7500,31.15,31.70,31.00,272000,8570200,184,TWSE_CSV,2026-08-26 14:15:34 +0800
1150826,2026-08-26,上市,8110,華東,45.80,0.1500,45.85,46.10,45.55,2716000,124279900,1630,TWSE_CSV,2026-08-26 14:15:34 +0800
1150826,2026-08-26,上市,8112,至上,93.10,-0.9000,94.10,94.50,92.90,8067000,753756500,4817,TWSE_CSV,2026-08-26 14:15:34 +0800
1150826,2026-08-26,上市,8114,振樺電,198.00,3.0000,196.00,199.00,195.50,301000,59483000,244,TWSE_CSV,2026-08-26 14:15:34 +0800
1150826,2026-08-26,上市,8131,福懋科,62.80,1.3000,61.90,63.30,61.50,1215000,75931000,871,TWSE_CSV,2026-08-26 14:15:34 +0800
1150826,2026-08-26,上市,8150,南茂,91.10,3.6000,87.90,93.40,87.10,32331000,2955882700,20256,TWSE_CSV,2026-08-26 14:15:34 +0800
1150826,2026-08-26,上市,8162,微矽電子-創,66.20,-0.2000,66.40,67.70,65.20,234000,15503900,181,TWSE_CSV,2026-08-26 14:15:34 +0800
1150826,2026-08-26,上市,8163,達方,31.30,0.3500,31.20,31.55,31.00,432000,13509900,277,TWSE_CSV,2026-08-26 14:15:34 +0800
1150826,2026-08-26,上市,8201,無敵,11.80,-0.1000,11.90,12.05,11.80,38000,451400,16,TWSE_CSV,2026-08-26 14:15:34 +0800
1150826,2026-08-26,上市,8210,勤誠,974.00,9.0000,968.00,984.00,966.00,805000,784230000,742,TWSE_CSV,2026-08-26 14:15:34 +0800
1150826,2026-08-26,上市,8213,志超,32.80,0.1500,32.95,32.95,32.70,223000,7321050,135,TWSE_CSV,2026-08-26 14:15:34 +0800
1150826,2026-08-26,上市,8215,明基材,24.35,0.1500,24.20,24.50,24.20,270000,6571150,188,TWSE_CSV,2026-08-26 14:15:34 +0800
1150826,2026-08-26,上市,8222,寶一,40.50,2.0000,38.60,40.75,38.60,973000,38938600,708,TWSE_CSV,2026-08-26 14:15:34 +0800
1150826,2026-08-26,上市,8249,菱光,41.15,1.1000,40.30,41.40,40.20,213000,8730200,171,TWSE_CSV,2026-08-26 14:15:34 +0800
1150826,2026-08-26,上市,8261,富鼎,186.00,8.5000,177.50,188.00,175.50,6534000,1206998500,4791,TWSE_CSV,2026-08-26 14:15:34 +0800
1150826,2026-08-26,上市,8271,宇瞻,231.00,1.0000,231.00,232.00,228.00,1977000,455134000,1441,TWSE_CSV,2026-08-26 14:15:34 +0800
1150826,2026-08-26,上市,8341,日友,76.80,0.0000,76.80,77.20,76.50,96000,7371000,79,TWSE_CSV,2026-08-26 14:15:34 +0800
1150826,2026-08-26,上市,8367,建新國際,40.75,0.1000,40.50,40.95,40.40,9000,366600,9,TWSE_CSV,2026-08-26 14:15:34 +0800
1150826,2026-08-26,上市,8374,羅昇,81.70,0.8000,81.50,82.60,80.90,263000,21536800,207,TWSE_CSV,2026-08-26 14:15:34 +0800
1150826,2026-08-26,上市,8404,百和興業-KY,16.45,0.1500,16.25,16.45,16.25,143000,2340900,102,TWSE_CSV,2026-08-26 14:15:34 +0800
1150826,2026-08-26,上市,8411,福貞-KY,12.80,0.1000,12.80,12.85,12.75,27000,345750,21,TWSE_CSV,2026-08-26 14:15:34 +0800
1150826,2026-08-26,上市,8422,可寧衛*,27.25,0.0500,27.20,27.50,27.15,3700000,101046550,1820,TWSE_CSV,2026-08-26 14:15:34 +0800
1150826,2026-08-26,上市,8429,金麗-KY,6.05,0.0200,6.05,6.10,6.03,159000,963970,70,TWSE_CSV,2026-08-26 14:15:34 +0800
1150826,2026-08-26,上市,8438,昶昕,70.30,2.3000,68.30,71.00,68.00,316000,21953400,211,TWSE_CSV,2026-08-26 14:15:34 +0800
1150826,2026-08-26,上市,8442,威宏-KY,45.85,0.0000,45.55,46.60,44.30,336000,15289900,246,TWSE_CSV,2026-08-26 14:15:34 +0800
1150826,2026-08-26,上市,8443,阿瘦,11.40,0.0500,11.30,11.40,11.30,40000,455900,16,TWSE_CSV,2026-08-26 14:15:34 +0800
1150826,2026-08-26,上市,8454,富邦媒,255.00,3.5000,250.00,258.50,250.00,384000,98280500,348,TWSE_CSV,2026-08-26 14:15:34 +0800
1150826,2026-08-26,上市,8462,柏文,175.50,1.0000,174.50,177.00,174.00,45000,7889500,41,TWSE_CSV,2026-08-26 14:15:34 +0800
1150826,2026-08-26,上市,8463,潤泰材,21.40,0.0000,21.20,21.40,21.15,26000,552350,19,TWSE_CSV,2026-08-26 14:15:34 +0800
1150826,2026-08-26,上市,8464,億豐,373.50,6.0000,367.00,373.50,364.50,395000,146364500,356,TWSE_CSV,2026-08-26 14:15:34 +0800
1150826,2026-08-26,上市,8466,美吉吉-KY,15.85,0.4000,15.45,16.10,15.45,36000,561100,14,TWSE_CSV,2026-08-26 14:15:34 +0800
1150826,2026-08-26,上市,8467,波力-KY,94.70,3.2000,94.50,96.70,94.40,27000,2575000,26,TWSE_CSV,2026-08-26 14:15:34 +0800
1150826,2026-08-26,上市,8473,山林水,45.50,0.5000,45.20,45.65,44.85,419000,18956350,256,TWSE_CSV,2026-08-26 14:15:34 +0800
1150826,2026-08-26,上市,8476,台境*,20.10,0.2000,19.90,20.10,19.75,288000,5736500,148,TWSE_CSV,2026-08-26 14:15:34 +0800
1150826,2026-08-26,上市,8478,東哥遊艇,144.00,2.0000,142.00,144.50,141.50,165000,23563000,134,TWSE_CSV,2026-08-26 14:15:34 +0800
1150826,2026-08-26,上市,8481,政伸,41.00,0.0000,41.00,41.05,40.90,9000,368900,9,TWSE_CSV,2026-08-26 14:15:34 +0800
1150826,2026-08-26,上市,8482,商億-KY,49.85,0.9000,49.00,49.90,49.00,7000,347300,7,TWSE_CSV,2026-08-26 14:15:34 +0800
1150826,2026-08-26,上市,8487,愛爾達-創,71.60,0.3000,71.70,71.70,71.60,2000,143300,2,TWSE_CSV,2026-08-26 14:15:34 +0800
1150826,2026-08-26,上市,8488,吉源-KY,9.86,0.0500,9.88,9.93,9.86,6000,59350,6,TWSE_CSV,2026-08-26 14:15:34 +0800
1150826,2026-08-26,上市,8499,鼎炫-KY,268.00,3.0000,267.50,268.00,261.00,16000,4242000,16,TWSE_CSV,2026-08-26 14:15:34 +0800
1150826,2026-08-26,上市,8926,台汽電,57.10,0.1000,57.00,57.30,56.70,1607000,91580100,943,TWSE_CSV,2026-08-26 14:15:34 +0800
1150826,2026-08-26,上市,8940,新天地,15.35,0.0000,15.30,15.35,15.15,22000,335500,16,TWSE_CSV,2026-08-26 14:15:34 +0800
1150826,2026-08-26,上市,8996,高力,1195.00,-20.0000,1195.00,1210.00,1150.00,3004000,3556195000,2592,TWSE_CSV,2026-08-26 14:15:34 +0800
1150826,2026-08-26,上市,9103,美德醫療-DR,5.15,0.0400,5.05,5.18,5.05,510000,2610590,191,TWSE_CSV,2026-08-26 14:15:34 +0800
1150826,2026-08-26,上市,910322,康師傅-DR,26.00,-0.4000,26.50,26.50,26.00,35000,917450,10,TWSE_CSV,2026-08-26 14:15:34 +0800
1150826,2026-08-26,上市,9105,泰金寶-DR,8.32,0.0200,8.35,8.45,8.32,8668000,72547430,2047,TWSE_CSV,2026-08-26 14:15:34 +0800
1150826,2026-08-26,上市,910861,神州-DR,3.85,0.0000,3.85,3.86,3.81,39000,149310,25,TWSE_CSV,2026-08-26 14:15:34 +0800
1150826,2026-08-26,上市,9110,越南控-DR,3.05,0.0000,2.88,3.05,2.88,23000,66580,8,TWSE_CSV,2026-08-26 14:15:34 +0800
1150826,2026-08-26,上市,911608,明輝-DR,2.62,-0.0200,2.64,2.64,2.60,9000,23540,7,TWSE_CSV,2026-08-26 14:15:34 +0800
1150826,2026-08-26,上市,911622,泰聚亨-DR,3.61,0.0600,3.61,3.61,3.61,2000,7220,2,TWSE_CSV,2026-08-26 14:15:34 +0800
1150826,2026-08-26,上市,911868,同方友友-DR,1.17,0.0000,1.17,1.18,1.16,218000,254890,36,TWSE_CSV,2026-08-26 14:15:34 +0800
1150826,2026-08-26,上市,912000,晨訊科-DR,2.51,-0.0100,2.55,2.55,2.41,1427000,3535060,291,TWSE_CSV,2026-08-26 14:15:34 +0800
1150826,2026-08-26,上市,9136,巨騰-DR,11.00,0.0500,10.95,11.15,10.80,203000,2222850,85,TWSE_CSV,2026-08-26 14:15:34 +0800
1150826,2026-08-26,上市,9802,鈺齊-KY,72.60,-0.4000,73.00,73.20,72.20,476000,34675100,325,TWSE_CSV,2026-08-26 14:15:34 +0800
1150826,2026-08-26,上市,9902,台火,13.75,-0.0500,13.75,13.85,13.75,43000,593350,33,TWSE_CSV,2026-08-26 14:15:34 +0800
1150826,2026-08-26,上市,9904,寶成,25.05,-0.0500,25.05,25.60,25.05,16969000,428486250,4400,TWSE_CSV,2026-08-26 14:15:34 +0800
1150826,2026-08-26,上市,9905,大華,21.45,0.0500,21.40,21.55,21.35,93000,1993950,69,TWSE_CSV,2026-08-26 14:15:34 +0800
1150826,2026-08-26,上市,9906,欣巴巴,40.65,1.5000,39.85,40.70,39.60,57000,2288950,47,TWSE_CSV,2026-08-26 14:15:34 +0800
1150826,2026-08-26,上市,9907,統一實,15.35,0.0000,15.35,15.40,15.20,1386000,21232350,666,TWSE_CSV,2026-08-26 14:15:34 +0800
1150826,2026-08-26,上市,9908,大台北,29.15,0.1500,29.00,29.15,28.95,156000,4529650,90,TWSE_CSV,2026-08-26 14:15:34 +0800
1150826,2026-08-26,上市,9910,豐泰,67.90,-2.1000,69.50,69.70,67.80,2334000,159278100,1528,TWSE_CSV,2026-08-26 14:15:34 +0800
1150826,2026-08-26,上市,9911,櫻花,83.20,0.2000,83.00,83.40,82.90,122000,10147400,99,TWSE_CSV,2026-08-26 14:15:34 +0800
1150826,2026-08-26,上市,9912,偉聯,12.95,0.1000,12.85,12.95,12.85,87000,1122500,42,TWSE_CSV,2026-08-26 14:15:34 +0800
1150826,2026-08-26,上市,9914,美利達,84.90,-1.3000,86.20,87.60,84.50,2175000,185925200,1488,TWSE_CSV,2026-08-26 14:15:34 +0800
1150826,2026-08-26,上市,9917,中保科,111.00,0.5000,110.00,111.00,110.00,317000,35081500,245,TWSE_CSV,2026-08-26 14:15:34 +0800
1150826,2026-08-26,上市,9918,欣天然,43.20,0.5500,43.00,43.50,42.70,55000,2367050,31,TWSE_CSV,2026-08-26 14:15:34 +0800
1150826,2026-08-26,上市,9919,康那香,14.00,0.1500,13.90,14.00,13.90,154000,2147500,88,TWSE_CSV,2026-08-26 14:15:34 +0800
1150826,2026-08-26,上市,9921,巨大,104.50,0.0000,104.50,108.00,103.00,2233000,233575000,1419,TWSE_CSV,2026-08-26 14:15:34 +0800
1150826,2026-08-26,上市,9924,福興,38.90,0.1500,38.80,38.90,38.35,98000,3789150,73,TWSE_CSV,2026-08-26 14:15:34 +0800
1150826,2026-08-26,上市,9925,新保,39.95,0.0500,39.95,40.10,39.90,561000,22422700,450,TWSE_CSV,2026-08-26 14:15:34 +0800
1150826,2026-08-26,上市,9926,新海,49.70,0.8500,49.20,49.85,49.20,35000,1734150,33,TWSE_CSV,2026-08-26 14:15:34 +0800
1150826,2026-08-26,上市,9927,泰銘,69.30,0.3000,69.30,69.50,69.10,49000,3394800,39,TWSE_CSV,2026-08-26 14:15:34 +0800
1150826,2026-08-26,上市,9928,中視,18.10,-0.0500,18.15,18.20,17.90,66000,1191250,27,TWSE_CSV,2026-08-26 14:15:34 +0800
1150826,2026-08-26,上市,9929,秋雨,11.35,-0.0500,11.30,11.35,11.30,7000,79150,7,TWSE_CSV,2026-08-26 14:15:34 +0800
1150826,2026-08-26,上市,9930,中聯資源,63.70,0.5000,62.80,63.70,62.80,92000,5832700,82,TWSE_CSV,2026-08-26 14:15:34 +0800
1150826,2026-08-26,上市,9931,欣高,34.35,0.4500,33.90,34.50,33.90,30000,1024100,26,TWSE_CSV,2026-08-26 14:15:34 +0800
1150826,2026-08-26,上市,9933,中鼎,42.00,-0.2000,42.30,42.35,41.95,1196000,50426150,873,TWSE_CSV,2026-08-26 14:15:34 +0800
1150826,2026-08-26,上市,9934,成霖,11.25,0.0500,11.20,11.30,11.20,481000,5404650,155,TWSE_CSV,2026-08-26 14:15:34 +0800
1150826,2026-08-26,上市,9935,慶豐富,20.20,0.0500,20.50,20.50,20.10,427000,8628250,280,TWSE_CSV,2026-08-26 14:15:34 +0800
1150826,2026-08-26,上市,9937,全國,55.30,0.3000,55.10,55.30,55.10,27000,1490900,26,TWSE_CSV,2026-08-26 14:15:34 +0800
1150826,2026-08-26,上市,9938,百和,42.75,0.2000,42.40,42.85,42.20,744000,31686650,408,TWSE_CSV,2026-08-26 14:15:34 +0800
1150826,2026-08-26,上市,9939,宏全,133.00,0.5000,132.50,133.00,131.50,497000,65781500,364,TWSE_CSV,2026-08-26 14:15:34 +0800
1150826,2026-08-26,上市,9940,信義,20.55,0.0500,20.50,20.70,20.45,209000,4292600,135,TWSE_CSV,2026-08-26 14:15:34 +0800
1150826,2026-08-26,上市,9941,裕融,85.80,-1.0000,86.60,87.10,85.70,1387000,119445200,945,TWSE_CSV,2026-08-26 14:15:34 +0800
1150826,2026-08-26,上市,9942,茂順,114.50,0.5000,114.00,115.50,114.00,105000,12008500,60,TWSE_CSV,2026-08-26 14:15:34 +0800
1150826,2026-08-26,上市,9943,好樂迪,51.70,0.3000,51.40,51.80,51.40,43000,2219800,35,TWSE_CSV,2026-08-26 14:15:34 +0800
1150826,2026-08-26,上市,9944,新麗,17.50,0.2500,17.25,17.50,17.25,21000,364100,13,TWSE_CSV,2026-08-26 14:15:34 +0800
1150826,2026-08-26,上市,9945,潤泰新,28.90,0.1500,28.70,29.00,28.60,4224000,121707450,1742,TWSE_CSV,2026-08-26 14:15:34 +0800
1150826,2026-08-26,上市,9946,三發地產,19.10,-0.0500,19.15,19.15,18.80,960000,18248700,370,TWSE_CSV,2026-08-26 14:15:34 +0800
1150826,2026-08-26,上市,9955,佳龍,24.95,0.2000,24.70,25.20,24.70,297000,7407950,172,TWSE_CSV,2026-08-26 14:15:34 +0800
1150826,2026-08-26,上市,9958,世紀鋼,95.30,0.5000,94.50,95.80,94.50,1036000,98667800,787,TWSE_CSV,2026-08-26 14:15:34 +0800
1150826,2026-08-26,上櫃,00411A,主動統一前沿科技,9.65,+0.20,9.54,9.67,9.54,67010000,643237260,5605,TPEX_CSV,2026-08-26 14:15:34 +0800
1150826,2026-08-26,上櫃,006201,元大富櫃50,43.49,+0.80,42.79,43.52,42.79,128000,5541330,61,TPEX_CSV,2026-08-26 14:15:34 +0800
1150826,2026-08-26,上櫃,00679B,元大美債20年,26.11,+0.22,26.10,26.16,26.10,20781000,543165010,2092,TPEX_CSV,2026-08-26 14:15:34 +0800
1150826,2026-08-26,上櫃,00687B,國泰20年美債,27.43,+0.18,27.47,27.51,27.43,9941000,273158280,1260,TPEX_CSV,2026-08-26 14:15:34 +0800
1150826,2026-08-26,上櫃,00687C,國泰20年美債+櫃U,9.18,+0.08,9.18,9.18,9.18,25000,229500,2,TPEX_CSV,2026-08-26 14:15:34 +0800
1150826,2026-08-26,上櫃,00694B,富邦美債1-3,41.95,0.00,42.06,42.06,41.93,128000,5368230,15,TPEX_CSV,2026-08-26 14:15:34 +0800
1150826,2026-08-26,上櫃,00695B,富邦美債7-10,35.02,+0.14,35.00,35.07,35.00,1791000,62735780,84,TPEX_CSV,2026-08-26 14:15:34 +0800
1150826,2026-08-26,上櫃,00696B,富邦美債20年,28.41,+0.20,28.44,28.48,28.41,915000,26027190,86,TPEX_CSV,2026-08-26 14:15:34 +0800
1150826,2026-08-26,上櫃,00697B,元大美債7-10,35.60,+0.14,35.61,35.62,35.58,219000,7797190,59,TPEX_CSV,2026-08-26 14:15:34 +0800
1150826,2026-08-26,上櫃,00719B,元大美債1-3,31.22,+0.01,31.21,31.24,31.19,983000,30685580,392,TPEX_CSV,2026-08-26 14:15:34 +0800
1150826,2026-08-26,上櫃,00720B,元大投資級公司債,32.13,+0.24,32.10,32.18,32.10,3677000,118206000,587,TPEX_CSV,2026-08-26 14:15:34 +0800
1150826,2026-08-26,上櫃,00722B,群益投資級電信債,34.56,+0.30,34.50,34.60,34.50,5153000,178073490,236,TPEX_CSV,2026-08-26 14:15:34 +0800
1150826,2026-08-26,上櫃,00723B,群益投資級科技債,29.56,+0.26,29.53,29.63,29.53,193000,5710590,18,TPEX_CSV,2026-08-26 14:15:34 +0800
1150826,2026-08-26,上櫃,00724B,群益投資級金融債,33.07,+0.18,33.06,33.11,33.06,5582000,184686230,71,TPEX_CSV,2026-08-26 14:15:34 +0800
1150826,2026-08-26,上櫃,00725B,國泰投資級公司債,34.19,+0.22,34.17,34.27,34.17,3085000,105564240,334,TPEX_CSV,2026-08-26 14:15:34 +0800
1150826,2026-08-26,上櫃,00726B,國泰新興投等債,32.39,+0.09,32.39,32.63,32.39,133000,4311970,25,TPEX_CSV,2026-08-26 14:15:34 +0800
1150826,2026-08-26,上櫃,00727B,國泰優選非投等債,39.44,+0.06,39.39,39.44,39.38,113000,4456350,8,TPEX_CSV,2026-08-26 14:15:34 +0800
1150826,2026-08-26,上櫃,00734B,台新JPM新興債,15.56,+0.11,15.54,15.56,15.54,31000,481960,4,TPEX_CSV,2026-08-26 14:15:34 +0800
1150826,2026-08-26,上櫃,00740B,富邦全球投等債,37.57,+0.22,37.64,37.65,37.57,2643000,99389180,83,TPEX_CSV,2026-08-26 14:15:34 +0800
1150826,2026-08-26,上櫃,00741B,富邦全球非投等債,37.37,+0.07,37.20,37.39,37.20,109000,4072730,11,TPEX_CSV,2026-08-26 14:15:34 +0800
1150826,2026-08-26,上櫃,00746B,富邦A級公司債,34.75,+0.20,34.64,34.81,34.64,102000,3546370,12,TPEX_CSV,2026-08-26 14:15:34 +0800
1150826,2026-08-26,上櫃,00749B,凱基新興債10+,30.99,+0.22,30.85,31.08,30.85,114000,3532360,12,TPEX_CSV,2026-08-26 14:15:34 +0800
1150826,2026-08-26,上櫃,00750B,凱基科技債10+,31.93,+0.41,32.03,32.03,31.93,103000,3289090,5,TPEX_CSV,2026-08-26 14:15:34 +0800
1150826,2026-08-26,上櫃,00751B,元大AAA至A公司債,30.63,+0.20,30.64,30.72,30.63,4123000,126472560,563,TPEX_CSV,2026-08-26 14:15:34 +0800
1150826,2026-08-26,上櫃,00754B,群益AAA-AA公司債,31.67,+0.31,31.63,31.67,31.63,115000,3641580,9,TPEX_CSV,2026-08-26 14:15:34 +0800
1150826,2026-08-26,上櫃,00755B,群益投資級公用債,31.88,+0.21,31.89,31.93,31.88,149000,4754880,10,TPEX_CSV,2026-08-26 14:15:34 +0800
1150826,2026-08-26,上櫃,00756B,群益投等新興公債,30.63,+0.17,30.60,30.64,30.59,124000,3796460,16,TPEX_CSV,2026-08-26 14:15:34 +0800
1150826,2026-08-26,上櫃,00758B,復華能源債,50.50,+0.45,50.50,50.50,50.50,100000,5050000,2,TPEX_CSV,2026-08-26 14:15:34 +0800
1150826,2026-08-26,上櫃,00759B,復華製藥債,53.25,+0.40,53.15,53.25,53.10,104000,5537500,4,TPEX_CSV,2026-08-26 14:15:34 +0800
1150826,2026-08-26,上櫃,00760B,復華新興企業債,52.65,+0.15,52.55,52.65,52.55,103000,5422850,5,TPEX_CSV,2026-08-26 14:15:34 +0800
1150826,2026-08-26,上櫃,00761B,國泰A級公司債,33.31,+0.23,33.35,33.39,33.30,197000,6566260,20,TPEX_CSV,2026-08-26 14:15:34 +0800
1150826,2026-08-26,上櫃,00764B,群益25年美債,27.33,+0.20,27.34,27.39,27.33,18663000,510445430,114,TPEX_CSV,2026-08-26 14:15:34 +0800
1150826,2026-08-26,上櫃,00768B,復華20年美債,48.59,+0.35,48.60,48.66,48.59,193000,9382680,30,TPEX_CSV,2026-08-26 14:15:34 +0800
1150826,2026-08-26,上櫃,00772B,中信高評級公司債,32.78,+0.24,32.75,32.82,32.75,1487000,48764510,259,TPEX_CSV,2026-08-26 14:15:34 +0800
1150826,2026-08-26,上櫃,00773B,中信優先金融債,35.15,+0.19,35.14,35.21,35.13,1944000,68388470,48,TPEX_CSV,2026-08-26 14:15:34 +0800
1150826,2026-08-26,上櫃,00777B,凱基AAA至A公司債,31.45,+0.20,31.45,31.55,31.45,105000,3302450,5,TPEX_CSV,2026-08-26 14:15:34 +0800
1150826,2026-08-26,上櫃,00778B,凱基金融債20+,33.57,+0.25,33.57,33.57,33.57,100000,3357000,2,TPEX_CSV,2026-08-26 14:15:34 +0800
1150826,2026-08-26,上櫃,00779B,凱基美債25+,27.67,+0.23,27.65,27.68,27.65,378000,10458970,7,TPEX_CSV,2026-08-26 14:15:34 +0800
1150826,2026-08-26,上櫃,00780B,國泰A級金融債,36.71,+0.17,36.71,36.71,36.71,100000,3671000,2,TPEX_CSV,2026-08-26 14:15:34 +0800
1150826,2026-08-26,上櫃,00781B,國泰A級科技債,27.38,+0.21,27.42,27.42,27.38,185000,5068890,15,TPEX_CSV,2026-08-26 14:15:34 +0800
1150826,2026-08-26,上櫃,00782B,國泰A級公用債,29.70,+0.24,29.70,29.73,29.70,170000,5049930,10,TPEX_CSV,2026-08-26 14:15:34 +0800
1150826,2026-08-26,上櫃,00785B,富邦金融投等債,34.29,+0.21,34.14,34.34,34.14,52000,1782980,4,TPEX_CSV,2026-08-26 14:15:34 +0800
1150826,2026-08-26,上櫃,00786B,元大10年IG銀行債,32.05,+0.22,32.08,32.08,32.05,5000,160290,3,TPEX_CSV,2026-08-26 14:15:34 +0800
1150826,2026-08-26,上櫃,00787B,元大10年IG醫療債,32.07,+0.26,32.05,32.07,32.04,4000,128220,4,TPEX_CSV,2026-08-26 14:15:34 +0800
1150826,2026-08-26,上櫃,00788B,元大10年IG電能債,29.38,+0.21,29.38,29.38,29.38,1000,29380,1,TPEX_CSV,2026-08-26 14:15:34 +0800
1150826,2026-08-26,上櫃,00789B,復華公司債A3,46.55,+0.45,46.56,46.56,46.55,104000,4842200,3,TPEX_CSV,2026-08-26 14:15:34 +0800
1150826,2026-08-26,上櫃,00791B,復華信用債1-5,56.95,-0.05,57.00,57.00,56.95,101000,5756950,3,TPEX_CSV,2026-08-26 14:15:34 +0800
1150826,2026-08-26,上櫃,00792B,群益A級公司債,31.13,+0.28,31.17,31.20,31.09,213000,6632160,22,TPEX_CSV,2026-08-26 14:15:34 +0800
1150826,2026-08-26,上櫃,00793B,群益AAA-A醫療債,30.17,+0.31,30.16,30.17,30.07,93000,2803430,16,TPEX_CSV,2026-08-26 14:15:34 +0800
1150826,2026-08-26,上櫃,00795B,中信美國公債20年,26.20,+0.21,26.21,26.26,26.20,6218000,163178080,331,TPEX_CSV,2026-08-26 14:15:34 +0800
1150826,2026-08-26,上櫃,00799B,國泰A級醫療債,28.79,+0.24,28.59,28.80,28.59,177000,5091470,16,TPEX_CSV,2026-08-26 14:15:34 +0800
1150826,2026-08-26,上櫃,00834B,第一金金融債10+,33.42,+0.19,33.42,33.42,33.42,100000,3342000,2,TPEX_CSV,2026-08-26 14:15:34 +0800
1150826,2026-08-26,上櫃,00836B,永豐10年A公司債,28.13,+0.34,28.10,28.13,28.10,12000,337370,5,TPEX_CSV,2026-08-26 14:15:34 +0800
1150826,2026-08-26,上櫃,00840B,凱基IG精選15+,28.97,+0.21,28.97,28.97,28.97,100000,2897000,2,TPEX_CSV,2026-08-26 14:15:34 +0800
1150826,2026-08-26,上櫃,00841B,凱基AAA-AA公司債,27.61,+0.24,27.61,27.61,27.61,100000,2761000,2,TPEX_CSV,2026-08-26 14:15:34 +0800
1150826,2026-08-26,上櫃,00842B,台新美元銀行債,29.61,+0.27,29.40,29.67,29.40,595000,17615800,23,TPEX_CSV,2026-08-26 14:15:34 +0800
1150826,2026-08-26,上櫃,00844B,台新15年IG金融債,30.80,+0.23,30.80,30.80,30.80,160000,4928000,2,TPEX_CSV,2026-08-26 14:15:34 +0800
1150826,2026-08-26,上櫃,00845B,富邦新興投等債,32.73,+0.04,32.62,32.78,32.62,102000,3338400,4,TPEX_CSV,2026-08-26 14:15:34 +0800
1150826,2026-08-26,上櫃,00846B,富邦歐洲銀行債,35.45,+0.13,35.30,35.51,35.30,104000,3686580,6,TPEX_CSV,2026-08-26 14:15:34 +0800
1150826,2026-08-26,上櫃,00847B,中信美國市政債,24.90,+0.20,24.91,24.91,24.90,500000,12452000,10,TPEX_CSV,2026-08-26 14:15:34 +0800
1150826,2026-08-26,上櫃,00848B,中信新興亞洲債,33.67,+0.16,33.66,33.69,33.64,498000,16773310,16,TPEX_CSV,2026-08-26 14:15:34 +0800
1150826,2026-08-26,上櫃,00849B,中信EM主權債0-5,37.42,+0.05,37.36,37.47,37.36,510000,19085090,17,TPEX_CSV,2026-08-26 14:15:34 +0800
1150826,2026-08-26,上櫃,00853B,統一美債10年Aa-A,27.03,+0.28,27.00,27.09,27.00,1083000,29270160,33,TPEX_CSV,2026-08-26 14:15:34 +0800
1150826,2026-08-26,上櫃,00856B,永豐1-3年美公債,37.91,+0.11,37.83,37.91,37.83,14000,529890,4,TPEX_CSV,2026-08-26 14:15:34 +0800
1150826,2026-08-26,上櫃,00857B,永豐20年美公債,22.80,+0.18,22.78,22.83,22.78,435000,9922430,64,TPEX_CSV,2026-08-26 14:15:34 +0800
1150826,2026-08-26,上櫃,00858,永豐美國500大,35.82,+0.05,35.77,35.87,35.76,273000,9778030,72,TPEX_CSV,2026-08-26 14:15:34 +0800
1150826,2026-08-26,上櫃,00859B,群益0-1年美債,41.14,-0.04,41.18,41.18,41.08,2938000,120889320,114,TPEX_CSV,2026-08-26 14:15:34 +0800
1150826,2026-08-26,上櫃,00860B,群益1-5Y投資級債,38.03,-0.01,38.04,38.06,38.02,108000,4108810,11,TPEX_CSV,2026-08-26 14:15:34 +0800
1150826,2026-08-26,上櫃,00862B,中信投資級公司債,30.99,+0.34,30.97,31.02,30.97,530000,16436690,21,TPEX_CSV,2026-08-26 14:15:34 +0800
1150826,2026-08-26,上櫃,00863B,中信全球電信債,31.01,+0.14,30.99,31.18,30.99,815000,25307050,62,TPEX_CSV,2026-08-26 14:15:34 +0800
1150826,2026-08-26,上櫃,00864B,中信美國公債0-1,46.15,+0.03,46.07,46.17,46.06,1377000,63504950,139,TPEX_CSV,2026-08-26 14:15:34 +0800
1150826,2026-08-26,上櫃,00867B,台新A-BBB電信債,29.61,+0.24,29.64,29.64,29.61,6000,177810,2,TPEX_CSV,2026-08-26 14:15:34 +0800
1150826,2026-08-26,上櫃,00870B,元大15年EM主權債,27.67,+0.26,27.64,27.67,27.64,80000,2213000,4,TPEX_CSV,2026-08-26 14:15:34 +0800
1150826,2026-08-26,上櫃,00877,復華中國5G,36.81,-0.01,36.82,37.08,35.99,2862000,104944070,939,TPEX_CSV,2026-08-26 14:15:34 +0800
1150826,2026-08-26,上櫃,00884B,中信低碳新興債,28.95,+0.19,28.91,28.95,28.91,525000,15197670,14,TPEX_CSV,2026-08-26 14:15:34 +0800
1150826,2026-08-26,上櫃,00886,永豐美國科技,46.73,+0.13,46.50,46.73,46.50,53000,2474070,8,TPEX_CSV,2026-08-26 14:15:34 +0800
1150826,2026-08-26,上櫃,00887,永豐中國科技50大,16.16,+0.07,16.18,16.24,15.98,4297000,69273150,827,TPEX_CSV,2026-08-26 14:15:34 +0800
1150826,2026-08-26,上櫃,00888,永豐台灣ESG,32.97,+0.27,32.64,33.01,32.57,5275000,173067110,1229,TPEX_CSV,2026-08-26 14:15:34 +0800
1150826,2026-08-26,上櫃,00890B,凱基ESG BBB債15+,31.40,+0.30,31.16,31.40,31.16,107000,3359210,6,TPEX_CSV,2026-08-26 14:15:34 +0800
1150826,2026-08-26,上櫃,00928,中信上櫃ESG 30,32.37,+0.57,31.85,32.60,31.50,721000,23224600,117,TPEX_CSV,2026-08-26 14:15:34 +0800
1150826,2026-08-26,上櫃,00931B,統一美債20年,13.20,+0.10,13.21,13.22,13.19,1503000,19855260,205,TPEX_CSV,2026-08-26 14:15:34 +0800
1150826,2026-08-26,上櫃,00933B,國泰10Y+金融債,15.72,+0.07,15.72,15.75,15.72,5944000,93499910,648,TPEX_CSV,2026-08-26 14:15:34 +0800
1150826,2026-08-26,上櫃,00937B,群益ESG投等債20+,14.41,+0.09,14.42,14.45,14.41,36006000,519555570,2959,TPEX_CSV,2026-08-26 14:15:34 +0800
1150826,2026-08-26,上櫃,00942B,台新美A公司債20+,13.88,+0.10,13.87,13.90,13.87,749000,10405970,57,TPEX_CSV,2026-08-26 14:15:34 +0800
1150826,2026-08-26,上櫃,00948B,中信優息投資級債,9.21,+0.06,9.22,9.23,9.20,8275000,76312870,326,TPEX_CSV,2026-08-26 14:15:34 +0800
1150826,2026-08-26,上櫃,00950B,凱基A級公司債,13.78,+0.07,13.80,13.81,13.78,998000,13770000,123,TPEX_CSV,2026-08-26 14:15:34 +0800
1150826,2026-08-26,上櫃,00955,中信日本商社,15.58,0.00,15.59,15.64,15.56,2678000,41776670,737,TPEX_CSV,2026-08-26 14:15:34 +0800
1150826,2026-08-26,上櫃,00957B,兆豐US優選投等債,13.07,+0.10,13.07,13.09,13.07,139000,1817020,33,TPEX_CSV,2026-08-26 14:15:34 +0800
1150826,2026-08-26,上櫃,00958B,永豐ESG銀行債15+,9.10,+0.04,9.10,9.11,9.10,150000,1365160,22,TPEX_CSV,2026-08-26 14:15:34 +0800
1150826,2026-08-26,上櫃,00959B,大華投等美債15Y+,9.19,+0.05,9.17,9.21,9.17,599000,5509010,66,TPEX_CSV,2026-08-26 14:15:34 +0800
1150826,2026-08-26,上櫃,00966B,統一ESG投等債15+,13.60,+0.09,13.59,13.63,13.59,451000,6143520,18,TPEX_CSV,2026-08-26 14:15:34 +0800
1150826,2026-08-26,上櫃,00967B,元大優息美債,9.01,+0.05,8.98,9.03,8.98,452000,4073320,25,TPEX_CSV,2026-08-26 14:15:34 +0800
1150826,2026-08-26,上櫃,00968B,元大優息投等債,9.05,+0.07,9.05,9.06,9.04,751000,6794530,127,TPEX_CSV,2026-08-26 14:15:34 +0800
1150826,2026-08-26,上櫃,00969B,元大零息超長美債,8.10,+0.11,8.10,8.12,8.10,804000,6520790,81,TPEX_CSV,2026-08-26 14:15:34 +0800
1150826,2026-08-26,上櫃,00970B,台新BBB投等債20+,9.12,+0.06,9.11,9.14,9.11,2228000,20342380,178,TPEX_CSV,2026-08-26 14:15:34 +0800
1150826,2026-08-26,上櫃,009806,台新標普500,13.59,-0.01,13.60,13.60,13.59,106000,1441580,5,TPEX_CSV,2026-08-26 14:15:34 +0800
1150826,2026-08-26,上櫃,009807,台新標普科技精選,16.50,+0.03,16.40,16.50,16.40,11000,181040,7,TPEX_CSV,2026-08-26 14:15:34 +0800
1150826,2026-08-26,上櫃,00980B,台新特選IG債10+,9.26,+0.07,9.25,9.26,9.25,315000,2915890,9,TPEX_CSV,2026-08-26 14:15:34 +0800
1150826,2026-08-26,上櫃,00980D,主動聯博投等入息,20.19,+0.05,20.20,20.20,20.17,560000,11300870,56,TPEX_CSV,2026-08-26 14:15:34 +0800
1150826,2026-08-26,上櫃,00980T,平衡凱基美國TOP,11.72,+0.02,11.62,11.72,11.62,103000,1200400,23,TPEX_CSV,2026-08-26 14:15:34 +0800
1150826,2026-08-26,上櫃,009814,富邦標普500,11.37,0.00,11.52,11.52,11.35,2014000,22894510,296,TPEX_CSV,2026-08-26 14:15:34 +0800
1150826,2026-08-26,上櫃,009815,大華美國MAG7+,11.35,+0.02,11.30,11.37,11.29,791000,8966390,336,TPEX_CSV,2026-08-26 14:15:34 +0800
1150826,2026-08-26,上櫃,00981B,第一金優選非投債,9.20,+0.03,9.19,9.20,9.18,8379000,76969150,628,TPEX_CSV,2026-08-26 14:15:34 +0800
1150826,2026-08-26,上櫃,00981D,主動中信非投等債,10.35,+0.01,10.35,10.36,10.34,1451000,15019870,154,TPEX_CSV,2026-08-26 14:15:34 +0800
1150826,2026-08-26,上櫃,009822,華南永昌未來金融,10.00,+0.24,9.98,10.03,9.96,9938000,99530990,1313,TPEX_CSV,2026-08-26 14:15:34 +0800
1150826,2026-08-26,上櫃,009823,群益S&P500,10.44,-0.01,10.44,10.46,10.42,1925000,20105480,537,TPEX_CSV,2026-08-26 14:15:34 +0800
1150826,2026-08-26,上櫃,009825,聯邦美國金融創新,10.28,+0.11,10.23,10.31,10.23,3751000,38550010,254,TPEX_CSV,2026-08-26 14:15:34 +0800
1150826,2026-08-26,上櫃,00982B,FT投資級債20+,----,---,----,----,----,0,0,0,TPEX_CSV,2026-08-26 14:15:34 +0800
1150826,2026-08-26,上櫃,00983B,大華優利美公債20,15.34,+0.12,15.32,15.36,15.32,551000,8455770,33,TPEX_CSV,2026-08-26 14:15:34 +0800
1150826,2026-08-26,上櫃,00984B,大華優利美A債15,15.95,+0.09,15.93,15.98,15.93,199000,3176000,57,TPEX_CSV,2026-08-26 14:15:34 +0800
1150826,2026-08-26,上櫃,00985D,主動貝萊德優投等,9.88,+0.04,9.87,9.90,9.87,457000,4516150,70,TPEX_CSV,2026-08-26 14:15:34 +0800
1150826,2026-08-26,上櫃,00986B,FT金融債10+,9.67,0.00,9.68,9.68,9.67,8000,77380,4,TPEX_CSV,2026-08-26 14:15:34 +0800
1150826,2026-08-26,上櫃,00986D,主動復華金融債息,14.48,+0.03,14.49,14.51,14.47,103000,1492340,37,TPEX_CSV,2026-08-26 14:15:34 +0800
1150826,2026-08-26,上櫃,00987B,野村10+澳洲公債,16.08,+0.05,16.08,16.12,16.08,450000,7242310,29,TPEX_CSV,2026-08-26 14:15:34 +0800
1150826,2026-08-26,上櫃,00987D,主動統一美債量化,10.09,+0.06,10.05,10.11,10.03,46621000,469647170,1470,TPEX_CSV,2026-08-26 14:15:34 +0800
1150826,2026-08-26,上櫃,00988B,玉山嚴選非投債,19.64,+0.02,19.65,19.65,19.62,1906000,37421300,183,TPEX_CSV,2026-08-26 14:15:34 +0800
1150826,2026-08-26,上櫃,00989B,台新美國非投等債,10.11,+0.03,10.09,10.11,10.09,4142000,41847620,112,TPEX_CSV,2026-08-26 14:15:34 +0800
1150826,2026-08-26,上櫃,00990B,國泰收益非投等債,9.99,0.00,9.99,10.00,9.98,3017000,30127040,88,TPEX_CSV,2026-08-26 14:15:34 +0800
1150826,2026-08-26,上櫃,00998A,主動復華金融股息,17.93,+0.01,17.95,17.96,17.91,2345000,42056610,427,TPEX_CSV,2026-08-26 14:15:34 +0800
1150826,2026-08-26,上櫃,1240,茂生農經,57.30,+0.40,57.20,57.40,57.10,5000,286200,5,TPEX_CSV,2026-08-26 14:15:34 +0800
1150826,2026-08-26,上櫃,1259,安心,----,---,----,----,----,0,0,0,TPEX_CSV,2026-08-26 14:15:34 +0800
1150826,2026-08-26,上櫃,1264,德麥,252.00,-2.00,253.00,253.00,251.50,49000,12365500,45,TPEX_CSV,2026-08-26 14:15:34 +0800
1150826,2026-08-26,上櫃,1268,漢來美食,181.00,0.00,180.50,181.50,180.50,10000,1809500,10,TPEX_CSV,2026-08-26 14:15:34 +0800
1150826,2026-08-26,上櫃,1294,漢田生技,55.30,+0.80,55.40,55.50,54.50,28000,1535300,23,TPEX_CSV,2026-08-26 14:15:34 +0800
1150826,2026-08-26,上櫃,1295,生合,46.50,-0.55,47.05,47.05,46.10,58000,2691200,43,TPEX_CSV,2026-08-26 14:15:34 +0800
1150826,2026-08-26,上櫃,1336,台翰,16.50,+0.15,16.60,16.75,16.45,226000,3749900,137,TPEX_CSV,2026-08-26 14:15:34 +0800
1150826,2026-08-26,上櫃,1565,精華,96.30,+1.70,94.60,96.50,94.50,193000,18430700,118,TPEX_CSV,2026-08-26 14:15:34 +0800
1150826,2026-08-26,上櫃,1569,濱川,44.65,-0.10,45.00,45.55,44.55,238000,10717800,153,TPEX_CSV,2026-08-26 14:15:34 +0800
1150826,2026-08-26,上櫃,1570,力肯,33.40,+0.15,33.20,33.85,32.95,39000,1306050,26,TPEX_CSV,2026-08-26 14:15:34 +0800
1150826,2026-08-26,上櫃,1580,新麥,107.00,+1.00,107.00,107.00,106.00,48000,5108000,42,TPEX_CSV,2026-08-26 14:15:34 +0800
1150826,2026-08-26,上櫃,1584,精剛,18.15,+0.30,17.95,18.20,17.85,411000,7432450,218,TPEX_CSV,2026-08-26 14:15:34 +0800
1150826,2026-08-26,上櫃,1586,和勤,18.10,+0.05,18.20,18.25,18.00,510000,9218550,130,TPEX_CSV,2026-08-26 14:15:34 +0800
1150826,2026-08-26,上櫃,1591,駿吉-KY,35.55,-0.15,36.10,36.50,35.35,124000,4428800,92,TPEX_CSV,2026-08-26 14:15:34 +0800
1150826,2026-08-26,上櫃,1593,祺驊,32.00,0.00,32.00,32.00,31.90,18000,575350,13,TPEX_CSV,2026-08-26 14:15:34 +0800
1150826,2026-08-26,上櫃,1595,川寶,66.00,+2.80,63.60,66.30,63.60,226000,14710900,180,TPEX_CSV,2026-08-26 14:15:34 +0800
1150826,2026-08-26,上櫃,1599,宏佳騰,23.05,-0.05,23.10,23.15,22.85,17000,390500,13,TPEX_CSV,2026-08-26 14:15:34 +0800
1150826,2026-08-26,上櫃,1742,台蠟,17.85,+0.45,17.45,17.85,17.40,107000,1874350,37,TPEX_CSV,2026-08-26 14:15:34 +0800
1150826,2026-08-26,上櫃,1777,生泰,74.00,-0.20,73.70,74.00,73.70,7000,516500,5,TPEX_CSV,2026-08-26 14:15:34 +0800
1150826,2026-08-26,上櫃,1780,立弘,24.85,0.00,24.85,24.85,24.15,86000,2107850,56,TPEX_CSV,2026-08-26 14:15:34 +0800
1150826,2026-08-26,上櫃,1781,合世,10.75,-0.10,10.85,10.85,10.75,10000,107800,8,TPEX_CSV,2026-08-26 14:15:34 +0800
1150826,2026-08-26,上櫃,1784,訊聯,62.60,+0.50,61.90,63.20,61.90,112000,7011400,100,TPEX_CSV,2026-08-26 14:15:34 +0800
1150826,2026-08-26,上櫃,1785,光洋科,103.00,+0.50,102.50,104.50,101.50,3064000,316008500,2078,TPEX_CSV,2026-08-26 14:15:34 +0800
1150826,2026-08-26,上櫃,1788,杏昌,130.00,-0.50,130.00,130.00,129.50,11000,1429000,11,TPEX_CSV,2026-08-26 14:15:34 +0800
1150826,2026-08-26,上櫃,1796,金穎生技,29.05,+0.05,29.25,29.30,29.00,71000,2069850,38,TPEX_CSV,2026-08-26 14:15:34 +0800
1150826,2026-08-26,上櫃,1799,易威,30.00,+0.10,29.90,30.20,29.80,136000,4086900,91,TPEX_CSV,2026-08-26 14:15:34 +0800
1150826,2026-08-26,上櫃,1813,寶利徠,11.70,+0.20,11.45,12.25,11.45,27000,316950,18,TPEX_CSV,2026-08-26 14:15:34 +0800
1150826,2026-08-26,上櫃,1815,富喬,118.00,+9.00,108.00,119.00,107.00,105377000,12238789000,51393,TPEX_CSV,2026-08-26 14:15:34 +0800
1150826,2026-08-26,上櫃,2035,唐榮,----,---,----,----,----,0,0,0,TPEX_CSV,2026-08-26 14:15:34 +0800
1150826,2026-08-26,上櫃,2061,風青,49.45,-1.15,50.50,51.60,49.05,1828000,92156000,979,TPEX_CSV,2026-08-26 14:15:34 +0800
1150826,2026-08-26,上櫃,2063,世鎧,24.10,-0.10,24.10,24.20,24.05,52000,1255300,23,TPEX_CSV,2026-08-26 14:15:34 +0800
1150826,2026-08-26,上櫃,2064,晉椿,12.75,+0.15,12.75,12.75,12.75,1000,12750,1,TPEX_CSV,2026-08-26 14:15:34 +0800
1150826,2026-08-26,上櫃,2065,世豐,36.75,+0.25,36.50,36.90,36.50,72000,2642350,51,TPEX_CSV,2026-08-26 14:15:34 +0800
1150826,2026-08-26,上櫃,2066,世德,53.90,+0.50,53.60,53.90,53.10,63000,3367400,39,TPEX_CSV,2026-08-26 14:15:34 +0800
1150826,2026-08-26,上櫃,2067,嘉鋼,5.00,+0.21,4.80,5.00,4.80,35000,170700,19,TPEX_CSV,2026-08-26 14:15:34 +0800
1150826,2026-08-26,上櫃,2070,精湛,67.40,+1.80,66.30,67.70,66.20,218000,14668400,156,TPEX_CSV,2026-08-26 14:15:34 +0800
1150826,2026-08-26,上櫃,2073,雄順,26.40,0.00,26.40,26.40,26.40,1000,26400,1,TPEX_CSV,2026-08-26 14:15:34 +0800
1150826,2026-08-26,上櫃,2221,大甲,71.40,+4.10,68.00,71.60,67.50,2012000,140448800,1528,TPEX_CSV,2026-08-26 14:15:34 +0800
1150826,2026-08-26,上櫃,2230,泰茂,24.15,-0.05,24.20,24.40,23.75,60000,1439200,51,TPEX_CSV,2026-08-26 14:15:34 +0800
1150826,2026-08-26,上櫃,2235,謚源,26.75,-0.10,26.55,26.75,26.55,2000,53300,2,TPEX_CSV,2026-08-26 14:15:34 +0800
1150826,2026-08-26,上櫃,2596,綠意,34.85,+0.25,34.90,35.70,34.70,130000,4559300,59,TPEX_CSV,2026-08-26 14:15:34 +0800
1150826,2026-08-26,上櫃,2640,大車隊,157.00,0.00,155.50,158.00,154.50,32000,5007500,26,TPEX_CSV,2026-08-26 14:15:34 +0800
1150826,2026-08-26,上櫃,2641,正德,18.20,-0.70,18.80,19.05,18.05,6470000,118666250,2787,TPEX_CSV,2026-08-26 14:15:34 +0800
1150826,2026-08-26,上櫃,2643,捷迅,62.80,+0.80,62.50,62.80,62.50,4000,250600,4,TPEX_CSV,2026-08-26 14:15:34 +0800
1150826,2026-08-26,上櫃,2718,全心投控,49.35,-0.15,50.20,50.20,48.95,179000,8855450,122,TPEX_CSV,2026-08-26 14:15:34 +0800
1150826,2026-08-26,上櫃,2719,燦星旅,20.50,-0.10,20.30,20.65,20.30,16000,327750,13,TPEX_CSV,2026-08-26 14:15:34 +0800
1150826,2026-08-26,上櫃,2724,藝舍-KY,10.90,+0.20,9.82,10.95,9.82,7000,72030,6,TPEX_CSV,2026-08-26 14:15:34 +0800
1150826,2026-08-26,上櫃,2726,雅茗-KY,8.29,-0.14,8.30,8.39,8.23,60000,497450,51,TPEX_CSV,2026-08-26 14:15:34 +0800
1150826,2026-08-26,上櫃,2729,瓦城,155.00,+0.50,154.50,156.00,154.50,30000,4654000,28,TPEX_CSV,2026-08-26 14:15:34 +0800
1150826,2026-08-26,上櫃,2732,六角,65.00,+0.90,64.00,65.00,64.00,36000,2315800,23,TPEX_CSV,2026-08-26 14:15:34 +0800
1150826,2026-08-26,上櫃,2734,易飛網,14.95,-0.10,15.05,15.05,14.90,36000,538100,23,TPEX_CSV,2026-08-26 14:15:34 +0800
1150826,2026-08-26,上櫃,2736,富野,12.30,+0.10,12.15,12.35,12.10,97000,1187900,72,TPEX_CSV,2026-08-26 14:15:34 +0800
1150826,2026-08-26,上櫃,2740,華軒,31.40,-0.15,31.40,31.40,31.40,1000,31400,1,TPEX_CSV,2026-08-26 14:15:34 +0800
1150826,2026-08-26,上櫃,2743,山富,60.80,+2.10,58.30,60.90,58.30,104000,6289700,82,TPEX_CSV,2026-08-26 14:15:34 +0800
1150826,2026-08-26,上櫃,2745,五福,89.30,+0.80,89.00,90.00,88.50,49000,4380300,45,TPEX_CSV,2026-08-26 14:15:34 +0800
1150826,2026-08-26,上櫃,2751,王座,55.00,+0.90,55.10,55.30,54.50,13000,717300,6,TPEX_CSV,2026-08-26 14:15:34 +0800
1150826,2026-08-26,上櫃,2752,豆府,179.00,0.00,179.00,179.00,179.00,2000,358000,2,TPEX_CSV,2026-08-26 14:15:34 +0800
1150826,2026-08-26,上櫃,2754,亞洲藏壽司,69.50,+0.10,69.00,69.50,68.80,25000,1723400,12,TPEX_CSV,2026-08-26 14:15:34 +0800
1150826,2026-08-26,上櫃,2755,揚秦,102.50,+0.50,102.00,102.50,102.00,12000,1227500,11,TPEX_CSV,2026-08-26 14:15:34 +0800
1150826,2026-08-26,上櫃,2756,聯發國際,63.00,+0.20,63.00,63.00,61.80,15000,941300,13,TPEX_CSV,2026-08-26 14:15:34 +0800
1150826,2026-08-26,上櫃,2916,滿心,40.15,0.00,40.20,40.25,40.15,13000,522300,12,TPEX_CSV,2026-08-26 14:15:34 +0800
1150826,2026-08-26,上櫃,2924,宏太-KY,15.90,-0.65,15.50,16.15,15.30,19000,297850,19,TPEX_CSV,2026-08-26 14:15:34 +0800
1150826,2026-08-26,上櫃,2926,誠品生活,29.90,-0.10,29.85,30.00,29.75,30000,895400,25,TPEX_CSV,2026-08-26 14:15:34 +0800
1150826,2026-08-26,上櫃,2937,集雅社,48.25,-0.05,48.30,48.30,48.25,2000,96550,2,TPEX_CSV,2026-08-26 14:15:34 +0800
1150826,2026-08-26,上櫃,2941,米斯特,29.80,0.00,29.80,29.80,29.80,1000,29800,1,TPEX_CSV,2026-08-26 14:15:34 +0800
1150826,2026-08-26,上櫃,2947,振宇五金,61.50,-0.10,61.60,61.60,61.50,11000,677200,9,TPEX_CSV,2026-08-26 14:15:34 +0800
1150826,2026-08-26,上櫃,2948,寶陞,38.30,-0.50,38.30,38.30,38.30,1000,38300,1,TPEX_CSV,2026-08-26 14:15:34 +0800
1150826,2026-08-26,上櫃,2949,欣新網,----,---,----,----,----,0,0,0,TPEX_CSV,2026-08-26 14:15:34 +0800
1150826,2026-08-26,上櫃,3064,泰偉,18.95,0.00,18.95,18.95,18.95,3000,56850,3,TPEX_CSV,2026-08-26 14:15:34 +0800
1150826,2026-08-26,上櫃,3066,李洲,24.30,+0.80,23.30,25.10,23.30,1124000,27599750,711,TPEX_CSV,2026-08-26 14:15:34 +0800
1150826,2026-08-26,上櫃,3067,全域,17.30,+0.40,17.30,17.30,17.30,1000,17300,1,TPEX_CSV,2026-08-26 14:15:34 +0800
1150826,2026-08-26,上櫃,3071,協禧,24.40,0.00,24.40,24.90,24.25,145000,3564750,106,TPEX_CSV,2026-08-26 14:15:34 +0800
1150826,2026-08-26,上櫃,3073,天方能源,22.50,0.00,23.80,23.80,22.30,39000,880700,24,TPEX_CSV,2026-08-26 14:15:34 +0800
1150826,2026-08-26,上櫃,3078,僑威,52.90,-0.10,53.10,53.40,52.70,587000,31045900,382,TPEX_CSV,2026-08-26 14:15:34 +0800
1150826,2026-08-26,上櫃,3081,聯亞,3255.00,+295.00,3010.00,3255.00,2940.00,6821000,21301305000,5632,TPEX_CSV,2026-08-26 14:15:34 +0800
1150826,2026-08-26,上櫃,3083,網龍,23.30,+0.20,23.20,23.30,23.10,29000,673100,22,TPEX_CSV,2026-08-26 14:15:34 +0800
1150826,2026-08-26,上櫃,3085,新零售,12.00,+0.50,12.00,12.00,12.00,1000,12000,1,TPEX_CSV,2026-08-26 14:15:34 +0800
1150826,2026-08-26,上櫃,3086,華義*,26.60,+0.30,26.50,26.80,26.05,84000,2207900,54,TPEX_CSV,2026-08-26 14:15:34 +0800
1150826,2026-08-26,上櫃,3088,艾訊,125.00,+1.00,125.00,126.00,123.50,669000,83366500,526,TPEX_CSV,2026-08-26 14:15:34 +0800
1150826,2026-08-26,上櫃,3093,港建*,49.20,+4.45,45.10,49.20,45.00,636000,30421150,373,TPEX_CSV,2026-08-26 14:15:34 +0800
1150826,2026-08-26,上櫃,3095,及成,35.00,+0.20,36.00,36.00,35.00,8000,282650,8,TPEX_CSV,2026-08-26 14:15:34 +0800
1150826,2026-08-26,上櫃,3105,穩懋,405.00,+26.00,378.00,405.00,374.00,31905000,12572940000,23705,TPEX_CSV,2026-08-26 14:15:34 +0800
1150826,2026-08-26,上櫃,3114,好德,34.10,+0.10,34.40,34.90,34.05,238000,8157950,173,TPEX_CSV,2026-08-26 14:15:34 +0800
1150826,2026-08-26,上櫃,3115,富榮綱,9.02,-0.06,8.72,9.02,8.72,3000,26460,3,TPEX_CSV,2026-08-26 14:15:34 +0800
1150826,2026-08-26,上櫃,3118,進階,31.75,+0.45,31.40,31.80,31.40,22000,696000,11,TPEX_CSV,2026-08-26 14:15:34 +0800
1150826,2026-08-26,上櫃,3122,笙泉,25.55,+0.05,25.20,25.60,25.20,64000,1624950,43,TPEX_CSV,2026-08-26 14:15:34 +0800
1150826,2026-08-26,上櫃,3128,昇銳,20.90,除權息,21.50,21.50,20.65,294000,6140750,143,TPEX_CSV,2026-08-26 14:15:34 +0800
1150826,2026-08-26,上櫃,3131,弘塑,2485.00,+225.00,2230.00,2485.00,2230.00,541000,1320070000,457,TPEX_CSV,2026-08-26 14:15:34 +0800
1150826,2026-08-26,上櫃,3141,晶宏,77.70,+5.00,73.00,78.90,73.00,1435000,110573400,1001,TPEX_CSV,2026-08-26 14:15:34 +0800
1150826,2026-08-26,上櫃,3147,大綜,221.50,+5.00,220.00,226.00,220.00,340000,75480500,298,TPEX_CSV,2026-08-26 14:15:34 +0800
1150826,2026-08-26,上櫃,3152,璟德,260.00,-0.50,260.00,264.50,257.00,464000,120878000,433,TPEX_CSV,2026-08-26 14:15:34 +0800
1150826,2026-08-26,上櫃,3158,嘉實,83.80,+1.10,83.00,83.80,83.00,2000,166800,2,TPEX_CSV,2026-08-26 14:15:34 +0800
1150826,2026-08-26,上櫃,3162,精確,73.40,+6.60,72.50,73.40,68.30,6185000,438263900,3905,TPEX_CSV,2026-08-26 14:15:34 +0800
1150826,2026-08-26,上櫃,3163,波若威,777.00,+7.00,770.00,797.00,764.00,6492000,5068742000,5612,TPEX_CSV,2026-08-26 14:15:34 +0800
1150826,2026-08-26,上櫃,3169,亞信,100.50,+1.70,99.20,101.50,98.50,58000,5818200,48,TPEX_CSV,2026-08-26 14:15:34 +0800
1150826,2026-08-26,上櫃,3171,炎洲流通,63.70,-0.30,63.70,63.70,63.70,2000,127400,2,TPEX_CSV,2026-08-26 14:15:34 +0800
1150826,2026-08-26,上櫃,3176,基亞,39.80,+2.10,38.05,40.15,38.05,2490000,98501000,1334,TPEX_CSV,2026-08-26 14:15:34 +0800
1150826,2026-08-26,上櫃,3178,公準,60.50,+1.50,58.60,61.50,58.60,32000,1947800,30,TPEX_CSV,2026-08-26 14:15:34 +0800
1150826,2026-08-26,上櫃,3188,鑫龍騰,24.30,+0.20,24.05,24.35,24.05,113000,2740000,74,TPEX_CSV,2026-08-26 14:15:34 +0800
1150826,2026-08-26,上櫃,3191,雲嘉南,17.85,-0.40,17.90,18.30,17.80,30000,538750,19,TPEX_CSV,2026-08-26 14:15:34 +0800
1150826,2026-08-26,上櫃,3205,佰研,47.65,+0.20,47.50,48.00,47.50,8000,381950,8,TPEX_CSV,2026-08-26 14:15:34 +0800
1150826,2026-08-26,上櫃,3206,志豐,34.45,-0.10,34.20,34.45,33.80,19000,648450,17,TPEX_CSV,2026-08-26 14:15:34 +0800
1150826,2026-08-26,上櫃,3207,耀勝,40.20,+0.75,40.00,40.35,39.60,55000,2202000,48,TPEX_CSV,2026-08-26 14:15:34 +0800
1150826,2026-08-26,上櫃,3211,順達,364.00,+33.00,331.00,364.00,326.00,11121000,3899515500,9053,TPEX_CSV,2026-08-26 14:15:34 +0800
1150826,2026-08-26,上櫃,3213,茂訊,127.00,+0.50,126.50,128.00,125.50,161000,20463000,138,TPEX_CSV,2026-08-26 14:15:34 +0800
1150826,2026-08-26,上櫃,3217,優群,136.50,+1.00,135.00,137.00,135.00,310000,42193000,219,TPEX_CSV,2026-08-26 14:15:34 +0800
1150826,2026-08-26,上櫃,3218,大學光,137.50,+3.00,135.50,137.50,135.00,100000,13678000,71,TPEX_CSV,2026-08-26 14:15:34 +0800
1150826,2026-08-26,上櫃,3219,倚強科,76.90,+2.20,75.10,77.40,74.10,398000,30130600,274,TPEX_CSV,2026-08-26 14:15:34 +0800
1150826,2026-08-26,上櫃,3221,台嘉碩,50.00,+0.70,50.10,50.90,49.50,3199000,160293000,2137,TPEX_CSV,2026-08-26 14:15:34 +0800
1150826,2026-08-26,上櫃,3224,三顧,35.00,-0.90,36.50,36.55,35.00,42000,1491350,40,TPEX_CSV,2026-08-26 14:15:34 +0800
1150826,2026-08-26,上櫃,3226,龍鋒,52.90,+0.10,52.80,52.90,52.70,24000,1268000,11,TPEX_CSV,2026-08-26 14:15:34 +0800
1150826,2026-08-26,上櫃,3227,原相,197.50,+3.50,194.00,198.50,194.00,526000,103589500,426,TPEX_CSV,2026-08-26 14:15:34 +0800
1150826,2026-08-26,上櫃,3228,金麗科,156.00,+14.00,144.00,156.00,142.00,316000,48206500,260,TPEX_CSV,2026-08-26 14:15:34 +0800
1150826,2026-08-26,上櫃,3230,錦明,43.05,+0.90,42.80,44.30,42.40,599000,25819150,439,TPEX_CSV,2026-08-26 14:15:34 +0800
1150826,2026-08-26,上櫃,3232,昱捷,19.75,+0.05,19.80,19.80,19.55,6000,118050,6,TPEX_CSV,2026-08-26 14:15:34 +0800
1150826,2026-08-26,上櫃,3234,光環,180.50,除權,179.50,185.50,174.00,4177000,746374500,3172,TPEX_CSV,2026-08-26 14:15:34 +0800
1150826,2026-08-26,上櫃,3236,千如,43.90,+0.70,43.45,44.70,42.95,1386000,60583900,984,TPEX_CSV,2026-08-26 14:15:34 +0800
1150826,2026-08-26,上櫃,3252,海灣,15.90,0.00,15.90,15.90,15.90,5000,79500,1,TPEX_CSV,2026-08-26 14:15:34 +0800
1150826,2026-08-26,上櫃,3259,鑫創,12.95,+1.15,12.95,12.95,12.40,95000,1226050,59,TPEX_CSV,2026-08-26 14:15:34 +0800
1150826,2026-08-26,上櫃,3260,威剛,416.00,-2.50,421.00,422.00,411.00,7952000,3303439000,5564,TPEX_CSV,2026-08-26 14:15:34 +0800
1150826,2026-08-26,上櫃,3264,欣銓,217.50,+4.50,213.00,224.50,211.50,6713000,1463843500,4947,TPEX_CSV,2026-08-26 14:15:34 +0800
1150826,2026-08-26,上櫃,3265,台星科,173.50,+5.50,169.50,175.50,166.50,1471000,254404000,1137,TPEX_CSV,2026-08-26 14:15:34 +0800
1150826,2026-08-26,上櫃,3268,海德威,17.95,+0.05,17.95,18.00,17.90,34000,610050,17,TPEX_CSV,2026-08-26 14:15:34 +0800
1150826,2026-08-26,上櫃,3272,東碩,14.00,+0.10,13.90,14.20,13.90,31000,435050,20,TPEX_CSV,2026-08-26 14:15:34 +0800
1150826,2026-08-26,上櫃,3276,宇環,14.30,+0.10,14.15,14.35,14.15,114000,1622600,73,TPEX_CSV,2026-08-26 14:15:34 +0800
1150826,2026-08-26,上櫃,3284,太普高,21.30,+0.90,20.70,21.60,20.65,273000,5779450,187,TPEX_CSV,2026-08-26 14:15:34 +0800
1150826,2026-08-26,上櫃,3285,微端,38.30,+1.50,37.60,38.45,36.80,79000,2965450,60,TPEX_CSV,2026-08-26 14:15:34 +0800
1150826,2026-08-26,上櫃,3287,廣寰科,37.00,除息,37.85,37.85,36.90,365000,13612450,221,TPEX_CSV,2026-08-26 14:15:34 +0800
1150826,2026-08-26,上櫃,3288,點晶,21.60,+0.30,21.35,21.90,21.30,27000,581700,23,TPEX_CSV,2026-08-26 14:15:34 +0800
1150826,2026-08-26,上櫃,3289,宜特,140.50,+5.50,139.00,143.00,137.00,839000,117429000,632,TPEX_CSV,2026-08-26 14:15:34 +0800
1150826,2026-08-26,上櫃,3290,東浦,49.55,+0.30,49.35,50.00,49.35,189000,9398350,155,TPEX_CSV,2026-08-26 14:15:34 +0800
1150826,2026-08-26,上櫃,3293,鈊象,702.00,-9.00,704.00,707.00,696.00,4392000,3080096000,3152,TPEX_CSV,2026-08-26 14:15:34 +0800
1150826,2026-08-26,上櫃,3294,英濟,30.70,+0.25,30.60,31.00,30.50,180000,5542850,153,TPEX_CSV,2026-08-26 14:15:34 +0800
1150826,2026-08-26,上櫃,3297,杭特,27.25,+0.20,27.20,27.45,27.15,20000,545800,19,TPEX_CSV,2026-08-26 14:15:34 +0800
1150826,2026-08-26,上櫃,3303,岱稜,52.40,+0.20,52.60,52.60,52.00,127000,6637500,92,TPEX_CSV,2026-08-26 14:15:34 +0800
1150826,2026-08-26,上櫃,3306,鼎天,44.80,+0.05,45.10,45.25,44.70,64000,2880050,42,TPEX_CSV,2026-08-26 14:15:34 +0800
1150826,2026-08-26,上櫃,3310,佳穎,68.80,+0.80,68.80,68.80,68.80,2000,137600,2,TPEX_CSV,2026-08-26 14:15:34 +0800
1150826,2026-08-26,上櫃,3313,斐成,11.55,+1.05,10.80,11.55,10.50,518000,5795050,276,TPEX_CSV,2026-08-26 14:15:34 +0800
1150826,2026-08-26,上櫃,3317,尼克森,66.80,+3.00,63.80,68.50,63.10,1381000,91168800,1058,TPEX_CSV,2026-08-26 14:15:34 +0800
1150826,2026-08-26,上櫃,3322,建舜電,11.20,+0.15,11.25,11.30,11.00,251000,2810700,122,TPEX_CSV,2026-08-26 14:15:34 +0800
1150826,2026-08-26,上櫃,3323,加百裕,29.95,+0.65,29.35,30.50,29.35,323000,9669400,227,TPEX_CSV,2026-08-26 14:15:34 +0800
1150826,2026-08-26,上櫃,3324,雙鴻,1075.00,+10.00,1070.00,1085.00,1055.00,3710000,3968990000,2871,TPEX_CSV,2026-08-26 14:15:34 +0800
1150826,2026-08-26,上櫃,3325,旭品,11.25,0.00,11.25,11.35,11.15,124000,1397150,52,TPEX_CSV,2026-08-26 14:15:34 +0800
1150826,2026-08-26,上櫃,3332,幸康,62.30,-0.20,62.70,62.70,62.30,2000,125000,2,TPEX_CSV,2026-08-26 14:15:34 +0800
1150826,2026-08-26,上櫃,3339,泰谷,43.10,+3.90,39.20,43.10,39.20,6885000,292414650,2935,TPEX_CSV,2026-08-26 14:15:34 +0800
1150826,2026-08-26,上櫃,3349,寶德,23.35,-0.80,23.50,24.00,23.00,180000,4206250,83,TPEX_CSV,2026-08-26 14:15:34 +0800
1150826,2026-08-26,上櫃,3354,律勝,22.40,+2.00,20.50,22.40,20.50,697000,15331100,525,TPEX_CSV,2026-08-26 14:15:34 +0800
1150826,2026-08-26,上櫃,3357,臺慶科,209.50,0.00,210.50,213.00,208.50,744000,156282000,628,TPEX_CSV,2026-08-26 14:15:34 +0800
1150826,2026-08-26,上櫃,3360,尚立,15.55,+0.20,15.40,15.70,15.40,314000,4895850,191,TPEX_CSV,2026-08-26 14:15:34 +0800
1150826,2026-08-26,上櫃,3362,先進光,202.00,+7.00,192.00,214.50,192.00,30982000,6381225000,20898,TPEX_CSV,2026-08-26 14:15:34 +0800
1150826,2026-08-26,上櫃,3363,上詮,650.00,+27.00,630.00,654.00,623.00,6021000,3862921000,5081,TPEX_CSV,2026-08-26 14:15:34 +0800
1150826,2026-08-26,上櫃,3372,典範,14.95,-0.05,15.00,15.10,14.80,216000,3226000,141,TPEX_CSV,2026-08-26 14:15:34 +0800
1150826,2026-08-26,上櫃,3373,熱映,16.60,0.00,16.90,16.90,16.60,69000,1151750,31,TPEX_CSV,2026-08-26 14:15:34 +0800
1150826,2026-08-26,上櫃,3374,精材,333.50,+22.50,308.00,340.00,305.00,19617000,6447980000,14101,TPEX_CSV,2026-08-26 14:15:34 +0800
1150826,2026-08-26,上櫃,3379,彬台,29.50,+0.55,29.15,29.65,29.15,96000,2831600,71,TPEX_CSV,2026-08-26 14:15:34 +0800
1150826,2026-08-26,上櫃,3388,崇越電,96.50,+7.50,89.60,97.30,89.10,5382000,508218300,4069,TPEX_CSV,2026-08-26 14:15:34 +0800
1150826,2026-08-26,上櫃,3390,旭軟,21.60,+0.10,21.75,21.85,21.60,103000,2238600,70,TPEX_CSV,2026-08-26 14:15:34 +0800
1150826,2026-08-26,上櫃,3402,漢科,122.00,+1.50,122.00,122.50,121.00,151000,18395000,125,TPEX_CSV,2026-08-26 14:15:34 +0800
1150826,2026-08-26,上櫃,3430,奇鈦科,116.00,+2.50,114.50,118.00,114.50,252000,29319500,219,TPEX_CSV,2026-08-26 14:15:34 +0800
1150826,2026-08-26,上櫃,3434,哲固,30.05,+0.30,29.50,30.05,29.50,19000,568200,17,TPEX_CSV,2026-08-26 14:15:34 +0800
1150826,2026-08-26,上櫃,3438,類比科,63.20,+5.50,59.10,63.20,57.60,363000,22584200,278,TPEX_CSV,2026-08-26 14:15:34 +0800
1150826,2026-08-26,上櫃,3441,聯一光,125.00,+11.00,113.50,125.00,113.00,11877000,1435874500,6983,TPEX_CSV,2026-08-26 14:15:34 +0800
1150826,2026-08-26,上櫃,3444,利機,89.70,+3.10,86.40,89.90,86.40,669000,59131500,488,TPEX_CSV,2026-08-26 14:15:34 +0800
1150826,2026-08-26,上櫃,3455,由田,239.50,-0.50,240.00,250.00,236.50,1457000,353503000,1202,TPEX_CSV,2026-08-26 14:15:34 +0800
1150826,2026-08-26,上櫃,3465,進泰電子,29.35,-0.05,29.50,29.50,29.25,26000,762800,14,TPEX_CSV,2026-08-26 14:15:34 +0800
1150826,2026-08-26,上櫃,3466,德晉,24.75,+0.40,24.45,25.30,24.35,144000,3560400,103,TPEX_CSV,2026-08-26 14:15:34 +0800
1150826,2026-08-26,上櫃,3467,台灣精材,48.25,+2.25,46.05,48.80,46.05,79000,3784450,57,TPEX_CSV,2026-08-26 14:15:34 +0800
1150826,2026-08-26,上櫃,3479,安勤,131.00,0.00,130.00,131.50,130.00,400000,52333500,321,TPEX_CSV,2026-08-26 14:15:34 +0800
1150826,2026-08-26,上櫃,3483,力致,72.50,+0.80,71.00,72.60,71.00,161000,11605400,139,TPEX_CSV,2026-08-26 14:15:34 +0800
1150826,2026-08-26,上櫃,3484,崧騰,50.30,+0.30,50.50,50.50,49.80,120000,6018500,84,TPEX_CSV,2026-08-26 14:15:34 +0800
1150826,2026-08-26,上櫃,3485,敘豐,241.00,+5.50,241.00,249.50,235.50,225000,54636000,198,TPEX_CSV,2026-08-26 14:15:34 +0800
1150826,2026-08-26,上櫃,3489,森寶,22.80,0.00,23.00,23.00,22.55,145000,3289600,102,TPEX_CSV,2026-08-26 14:15:34 +0800
1150826,2026-08-26,上櫃,3490,單井,53.60,-1.00,52.80,57.00,52.80,3781000,208065000,2485,TPEX_CSV,2026-08-26 14:15:34 +0800
1150826,2026-08-26,上櫃,3491,昇達科,1345.00,+75.00,1270.00,1345.00,1220.00,1380000,1768175000,1255,TPEX_CSV,2026-08-26 14:15:34 +0800
1150826,2026-08-26,上櫃,3492,長盛,20.10,+0.15,20.00,20.20,20.00,39000,781800,26,TPEX_CSV,2026-08-26 14:15:34 +0800
1150826,2026-08-26,上櫃,3498,陽程,203.50,+3.50,195.50,205.00,195.50,508000,102549500,408,TPEX_CSV,2026-08-26 14:15:34 +0800
1150826,2026-08-26,上櫃,3499,環天科,12.40,-0.10,12.50,12.60,12.40,25000,312000,20,TPEX_CSV,2026-08-26 14:15:34 +0800
1150826,2026-08-26,上櫃,3508,位速,21.95,-0.45,22.40,22.55,21.60,387000,8474450,234,TPEX_CSV,2026-08-26 14:15:34 +0800
1150826,2026-08-26,上櫃,3511,矽瑪,19.90,+0.40,19.95,20.00,19.75,111000,2208100,86,TPEX_CSV,2026-08-26 14:15:34 +0800
1150826,2026-08-26,上櫃,3512,皇龍,19.50,+0.15,19.30,19.50,19.30,27000,522550,22,TPEX_CSV,2026-08-26 14:15:34 +0800
1150826,2026-08-26,上櫃,3516,亞帝歐,26.25,-0.10,26.80,26.80,25.90,43000,1131450,27,TPEX_CSV,2026-08-26 14:15:34 +0800
1150826,2026-08-26,上櫃,3520,華盈,17.85,+0.05,17.80,18.00,17.60,155000,2758850,93,TPEX_CSV,2026-08-26 14:15:34 +0800
1150826,2026-08-26,上櫃,3521,台鋼建設,12.15,-0.30,12.15,12.30,12.05,23000,278750,16,TPEX_CSV,2026-08-26 14:15:34 +0800
1150826,2026-08-26,上櫃,3522,御嵿,11.55,+0.05,11.60,11.60,11.45,44000,506450,26,TPEX_CSV,2026-08-26 14:15:34 +0800
1150826,2026-08-26,上櫃,3523,迎輝,14.90,+0.05,14.90,15.30,14.90,3000,45100,3,TPEX_CSV,2026-08-26 14:15:34 +0800
1150826,2026-08-26,上櫃,3526,凡甲,280.00,+2.00,279.00,282.00,278.00,137000,38355000,125,TPEX_CSV,2026-08-26 14:15:34 +0800
1150826,2026-08-26,上櫃,3527,聚積,51.10,+0.30,50.80,51.60,50.70,91000,4642500,62,TPEX_CSV,2026-08-26 14:15:34 +0800
1150826,2026-08-26,上櫃,3529,力旺,2410.00,+215.00,2170.00,2410.00,2155.00,757000,1762740000,677,TPEX_CSV,2026-08-26 14:15:34 +0800
1150826,2026-08-26,上櫃,3531,先益,22.00,+0.10,21.95,22.00,21.95,2000,43950,2,TPEX_CSV,2026-08-26 14:15:34 +0800
1150826,2026-08-26,上櫃,3537,堡達,54.60,+0.20,54.40,56.20,54.40,341000,18777400,282,TPEX_CSV,2026-08-26 14:15:34 +0800
1150826,2026-08-26,上櫃,3540,曜越,24.40,-0.40,24.70,24.70,24.10,793000,19309100,573,TPEX_CSV,2026-08-26 14:15:34 +0800
1150826,2026-08-26,上櫃,3541,西柏,21.55,-0.25,21.80,21.85,21.50,47000,1015400,25,TPEX_CSV,2026-08-26 14:15:34 +0800
1150826,2026-08-26,上櫃,3546,宇峻,71.90,+0.60,71.40,72.20,71.40,75000,5388000,59,TPEX_CSV,2026-08-26 14:15:34 +0800
1150826,2026-08-26,上櫃,3548,兆利,80.40,+0.50,79.00,80.80,79.00,204000,16349900,167,TPEX_CSV,2026-08-26 14:15:34 +0800
1150826,2026-08-26,上櫃,3551,世禾,176.00,+0.50,176.00,176.50,172.50,242000,42307500,180,TPEX_CSV,2026-08-26 14:15:34 +0800
1150826,2026-08-26,上櫃,3552,同致,44.85,-0.05,45.05,45.05,44.10,95000,4242200,86,TPEX_CSV,2026-08-26 14:15:34 +0800
1150826,2026-08-26,上櫃,3555,博士旺,175.00,+15.50,160.00,175.00,160.00,146000,25326500,120,TPEX_CSV,2026-08-26 14:15:34 +0800
1150826,2026-08-26,上櫃,3556,禾瑞亞,62.30,+0.80,62.10,62.60,61.60,143000,8878100,110,TPEX_CSV,2026-08-26 14:15:34 +0800
1150826,2026-08-26,上櫃,3558,神準,130.00,+4.50,128.50,131.00,126.00,182000,23567500,148,TPEX_CSV,2026-08-26 14:15:34 +0800
1150826,2026-08-26,上櫃,3564,其陽,45.30,+0.55,45.80,45.80,44.80,70000,3160550,60,TPEX_CSV,2026-08-26 14:15:34 +0800
1150826,2026-08-26,上櫃,3567,逸昌,25.40,+0.10,25.30,25.55,25.25,21000,532150,18,TPEX_CSV,2026-08-26 14:15:34 +0800
1150826,2026-08-26,上櫃,3570,大塚,162.50,0.00,162.50,162.50,162.00,9000,1460500,9,TPEX_CSV,2026-08-26 14:15:34 +0800
1150826,2026-08-26,上櫃,3577,泓格,113.50,-0.50,114.00,116.00,112.00,348000,39697000,247,TPEX_CSV,2026-08-26 14:15:34 +0800
1150826,2026-08-26,上櫃,3580,友威科,79.50,+2.20,77.70,80.20,77.50,194000,15371400,173,TPEX_CSV,2026-08-26 14:15:34 +0800
1150826,2026-08-26,上櫃,3581,博磊,111.00,+6.00,103.50,112.00,103.50,434000,47450000,376,TPEX_CSV,2026-08-26 14:15:34 +0800
1150826,2026-08-26,上櫃,3587,閎康,255.50,+4.00,252.00,261.50,249.50,635000,162513000,482,TPEX_CSV,2026-08-26 14:15:34 +0800
1150826,2026-08-26,上櫃,3594,磐儀,50.90,+0.20,50.80,51.30,50.30,342000,17401400,244,TPEX_CSV,2026-08-26 14:15:34 +0800
1150826,2026-08-26,上櫃,3597,映興,26.05,-0.45,26.05,26.30,25.80,47000,1226850,38,TPEX_CSV,2026-08-26 14:15:34 +0800
1150826,2026-08-26,上櫃,3609,三一東林,19.35,-0.15,20.15,20.20,19.35,236000,4632450,169,TPEX_CSV,2026-08-26 14:15:34 +0800
1150826,2026-08-26,上櫃,3611,鼎翰,185.50,0.00,185.50,185.50,185.00,36000,6669500,27,TPEX_CSV,2026-08-26 14:15:34 +0800
1150826,2026-08-26,上櫃,3615,安可,38.60,+1.70,36.90,39.10,36.90,865000,33162500,657,TPEX_CSV,2026-08-26 14:15:34 +0800
1150826,2026-08-26,上櫃,3623,富晶通,21.80,+0.05,21.60,21.85,21.60,37000,801800,21,TPEX_CSV,2026-08-26 14:15:34 +0800
1150826,2026-08-26,上櫃,3624,光頡,91.20,+3.70,87.50,95.80,86.30,6433000,585828200,4494,TPEX_CSV,2026-08-26 14:15:34 +0800
1150826,2026-08-26,上櫃,3625,西勝,12.45,0.00,12.40,12.75,12.20,530000,6608050,234,TPEX_CSV,2026-08-26 14:15:34 +0800
1150826,2026-08-26,上櫃,3628,盈正,68.00,+0.90,66.70,68.00,66.70,25000,1686100,22,TPEX_CSV,2026-08-26 14:15:34 +0800
1150826,2026-08-26,上櫃,3629,地心引力,16.35,+1.45,16.35,16.35,16.35,7000,114450,7,TPEX_CSV,2026-08-26 14:15:34 +0800
1150826,2026-08-26,上櫃,3630,新鉅科,26.40,+0.95,25.55,26.90,25.55,1434000,37873750,924,TPEX_CSV,2026-08-26 14:15:34 +0800
1150826,2026-08-26,上櫃,3631,晟楠,39.95,+0.15,40.95,41.00,39.50,155000,6194100,124,TPEX_CSV,2026-08-26 14:15:34 +0800
1150826,2026-08-26,上櫃,3632,研勤,7.16,-0.04,7.14,7.16,7.14,4000,28580,4,TPEX_CSV,2026-08-26 14:15:34 +0800
1150826,2026-08-26,上櫃,3646,艾恩特,23.50,0.00,23.65,23.65,23.20,40000,931250,22,TPEX_CSV,2026-08-26 14:15:34 +0800
1150826,2026-08-26,上櫃,3663,鑫科,62.80,+2.40,62.10,63.10,60.90,357000,22285900,294,TPEX_CSV,2026-08-26 14:15:34 +0800
1150826,2026-08-26,上櫃,3664,安瑞-KY,5.79,+0.40,5.40,5.79,5.38,43000,232180,21,TPEX_CSV,2026-08-26 14:15:34 +0800
1150826,2026-08-26,上櫃,3666,光耀,25.40,+0.20,25.20,25.45,25.05,49000,1239000,37,TPEX_CSV,2026-08-26 14:15:34 +0800
1150826,2026-08-26,上櫃,3672,康聯訊,12.45,0.00,12.70,12.70,12.45,6000,74950,6,TPEX_CSV,2026-08-26 14:15:34 +0800
1150826,2026-08-26,上櫃,3675,德微,283.00,+15.00,271.00,287.00,265.00,1358000,381687000,1135,TPEX_CSV,2026-08-26 14:15:34 +0800
1150826,2026-08-26,上櫃,3680,家登,488.00,+26.50,466.00,491.50,462.50,1352000,650462500,1121,TPEX_CSV,2026-08-26 14:15:34 +0800
1150826,2026-08-26,上櫃,3684,榮昌,54.00,+0.10,52.70,54.00,52.50,17000,912900,14,TPEX_CSV,2026-08-26 14:15:34 +0800
1150826,2026-08-26,上櫃,3685,元創精密,36.50,-0.90,37.10,37.35,36.35,353000,13003300,161,TPEX_CSV,2026-08-26 14:15:34 +0800
1150826,2026-08-26,上櫃,3687,歐買尬,63.20,+1.20,63.30,63.30,62.20,46000,2896700,37,TPEX_CSV,2026-08-26 14:15:34 +0800
1150826,2026-08-26,上櫃,3689,湧德,108.00,+2.00,106.50,109.00,106.50,576000,62055500,389,TPEX_CSV,2026-08-26 14:15:34 +0800
1150826,2026-08-26,上櫃,3691,碩禾,98.80,+0.80,98.00,99.50,98.00,203000,20083600,148,TPEX_CSV,2026-08-26 14:15:34 +0800
1150826,2026-08-26,上櫃,3693,營邦,558.00,+5.00,550.00,564.00,547.00,944000,526036000,791,TPEX_CSV,2026-08-26 14:15:34 +0800
1150826,2026-08-26,上櫃,3707,漢磊,63.60,+1.60,61.70,64.60,61.70,3672000,234233600,2605,TPEX_CSV,2026-08-26 14:15:34 +0800
1150826,2026-08-26,上櫃,3709,鑫聯大投控,68.00,+0.30,67.70,68.50,67.60,201000,13690900,162,TPEX_CSV,2026-08-26 14:15:34 +0800
1150826,2026-08-26,上櫃,3710,連展投控,5.20,+0.05,5.24,5.24,5.13,115000,594450,47,TPEX_CSV,2026-08-26 14:15:34 +0800
1150826,2026-08-26,上櫃,3713,新晶投控,14.70,-0.10,14.60,14.70,14.40,15000,217550,9,TPEX_CSV,2026-08-26 14:15:34 +0800
1150826,2026-08-26,上櫃,4102,永日,19.15,-0.05,19.10,19.15,18.90,13000,248200,13,TPEX_CSV,2026-08-26 14:15:34 +0800
1150826,2026-08-26,上櫃,4105,東洋,78.20,+0.40,77.80,78.80,77.70,334000,26111200,244,TPEX_CSV,2026-08-26 14:15:34 +0800
1150826,2026-08-26,上櫃,4107,邦特,114.00,0.00,113.50,114.00,113.00,23000,2611000,22,TPEX_CSV,2026-08-26 14:15:34 +0800
1150826,2026-08-26,上櫃,4109,加捷生醫,11.30,+0.10,11.20,11.30,11.20,103000,1156450,56,TPEX_CSV,2026-08-26 14:15:34 +0800
1150826,2026-08-26,上櫃,4111,濟生,28.90,+0.05,28.85,28.90,28.65,96000,2764150,65,TPEX_CSV,2026-08-26 14:15:34 +0800
1150826,2026-08-26,上櫃,4113,聯上,14.95,0.00,14.90,15.10,14.80,166000,2481600,64,TPEX_CSV,2026-08-26 14:15:34 +0800
1150826,2026-08-26,上櫃,4114,健喬,29.90,0.00,30.00,30.00,29.80,593000,17710900,331,TPEX_CSV,2026-08-26 14:15:34 +0800
1150826,2026-08-26,上櫃,4116,明基醫,39.30,-0.05,39.25,39.40,39.00,20000,783300,14,TPEX_CSV,2026-08-26 14:15:34 +0800
1150826,2026-08-26,上櫃,4120,友華,47.70,+0.25,47.60,47.70,47.10,33000,1562150,7,TPEX_CSV,2026-08-26 14:15:34 +0800
1150826,2026-08-26,上櫃,4121,優盛,13.15,-0.05,13.05,13.20,13.05,19000,249150,16,TPEX_CSV,2026-08-26 14:15:34 +0800
1150826,2026-08-26,上櫃,4123,晟德,32.10,-0.35,32.40,32.40,32.00,1615000,51863150,844,TPEX_CSV,2026-08-26 14:15:34 +0800
1150826,2026-08-26,上櫃,4126,太醫,77.70,+0.50,77.20,77.70,77.20,14000,1082700,11,TPEX_CSV,2026-08-26 14:15:34 +0800
1150826,2026-08-26,上櫃,4127,天良,86.50,-0.50,87.80,88.80,84.80,184000,15842800,163,TPEX_CSV,2026-08-26 14:15:34 +0800
1150826,2026-08-26,上櫃,4128,中天,15.30,+0.25,14.95,15.40,14.95,857000,13082700,501,TPEX_CSV,2026-08-26 14:15:34 +0800
1150826,2026-08-26,上櫃,4129,聯合,82.70,-4.30,86.20,86.40,82.50,2688000,225156300,1049,TPEX_CSV,2026-08-26 14:15:34 +0800
1150826,2026-08-26,上櫃,4131,浩泰,33.00,+0.65,31.50,33.00,29.30,51000,1567000,36,TPEX_CSV,2026-08-26 14:15:34 +0800
1150826,2026-08-26,上櫃,4138,曜亞,52.00,+0.70,51.30,52.00,51.30,70000,3629000,51,TPEX_CSV,2026-08-26 14:15:34 +0800
1150826,2026-08-26,上櫃,4139,馬光-KY,37.35,+0.75,36.60,37.50,36.60,94000,3501600,56,TPEX_CSV,2026-08-26 14:15:34 +0800
1150826,2026-08-26,上櫃,4147,中裕,65.60,+1.80,64.20,67.10,64.20,1596000,105426000,1095,TPEX_CSV,2026-08-26 14:15:34 +0800
1150826,2026-08-26,上櫃,4153,鈺緯,33.55,+0.10,33.55,33.60,33.55,5000,167800,5,TPEX_CSV,2026-08-26 14:15:34 +0800
1150826,2026-08-26,上櫃,4154,樂威科-KY,12.00,-0.50,12.00,12.00,12.00,20000,240000,1,TPEX_CSV,2026-08-26 14:15:34 +0800
1150826,2026-08-26,上櫃,4157,太景*-KY,9.10,-0.02,9.12,9.21,9.03,788000,7169010,322,TPEX_CSV,2026-08-26 14:15:34 +0800
1150826,2026-08-26,上櫃,4160,訊聯基因,39.60,-0.10,39.75,40.40,39.60,28000,1112750,26,TPEX_CSV,2026-08-26 14:15:34 +0800
1150826,2026-08-26,上櫃,4161,聿新科,23.10,+0.10,23.10,23.10,23.10,2000,46200,1,TPEX_CSV,2026-08-26 14:15:34 +0800
1150826,2026-08-26,上櫃,4162,智擎,60.10,+1.10,59.40,60.80,59.30,228000,13711100,169,TPEX_CSV,2026-08-26 14:15:34 +0800
1150826,2026-08-26,上櫃,4163,鐿鈦,140.50,+3.00,136.50,141.50,136.00,95000,13089500,72,TPEX_CSV,2026-08-26 14:15:34 +0800
1150826,2026-08-26,上櫃,4166,友霖,24.50,+0.10,24.45,24.70,24.40,34000,833800,20,TPEX_CSV,2026-08-26 14:15:34 +0800
1150826,2026-08-26,上櫃,4167,松瑞藥,20.25,0.00,20.30,20.50,20.15,586000,11872400,322,TPEX_CSV,2026-08-26 14:15:34 +0800
1150826,2026-08-26,上櫃,4168,醣聯,22.75,+0.05,22.85,22.85,22.30,90000,2034300,59,TPEX_CSV,2026-08-26 14:15:34 +0800
1150826,2026-08-26,上櫃,4171,瑞基,17.35,-0.20,17.60,17.60,17.25,68000,1185050,48,TPEX_CSV,2026-08-26 14:15:34 +0800
1150826,2026-08-26,上櫃,4173,久裕,17.45,+0.05,17.40,17.45,17.40,12000,209100,10,TPEX_CSV,2026-08-26 14:15:34 +0800
1150826,2026-08-26,上櫃,4174,浩鼎,26.70,+0.60,26.30,26.90,26.30,276000,7337850,218,TPEX_CSV,2026-08-26 14:15:34 +0800
1150826,2026-08-26,上櫃,4175,杏一,50.90,+0.40,50.70,50.90,50.70,5000,254100,5,TPEX_CSV,2026-08-26 14:15:34 +0800
1150826,2026-08-26,上櫃,4183,福永生技,13.70,-0.50,13.70,13.70,13.70,1000,13700,1,TPEX_CSV,2026-08-26 14:15:34 +0800
1150826,2026-08-26,上櫃,4188,安克,14.60,+1.30,14.60,14.60,14.60,317000,4628200,123,TPEX_CSV,2026-08-26 14:15:34 +0800
1150826,2026-08-26,上櫃,4192,杏國,19.95,-0.05,19.30,19.95,19.30,28000,544800,23,TPEX_CSV,2026-08-26 14:15:34 +0800
1150826,2026-08-26,上櫃,4198,欣大健康,41.20,+0.30,41.60,41.60,40.15,4000,163750,4,TPEX_CSV,2026-08-26 14:15:34 +0800
1150826,2026-08-26,上櫃,4205,中華食,69.80,0.00,69.80,70.00,69.70,10000,698200,9,TPEX_CSV,2026-08-26 14:15:34 +0800
1150826,2026-08-26,上櫃,4207,環泰,20.60,-0.15,20.90,20.95,20.55,66000,1368900,41,TPEX_CSV,2026-08-26 14:15:34 +0800
1150826,2026-08-26,上櫃,4303,信立,54.60,+1.40,53.30,55.00,53.00,3933000,211699800,2219,TPEX_CSV,2026-08-26 14:15:34 +0800
1150826,2026-08-26,上櫃,4304,勝昱,26.30,+1.15,27.65,27.65,26.25,70000,1880100,48,TPEX_CSV,2026-08-26 14:15:34 +0800
1150826,2026-08-26,上櫃,4305,世坤,43.15,-1.55,43.95,43.95,43.10,3000,130200,3,TPEX_CSV,2026-08-26 14:15:34 +0800
1150826,2026-08-26,上櫃,4401,東隆興,13.90,-0.20,14.15,14.15,13.80,80000,1108500,42,TPEX_CSV,2026-08-26 14:15:34 +0800
1150826,2026-08-26,上櫃,4402,郡都開發,14.80,0.00,14.95,14.95,14.75,9000,133850,8,TPEX_CSV,2026-08-26 14:15:34 +0800
1150826,2026-08-26,上櫃,4406,新昕纖,10.15,+0.05,10.10,10.20,10.10,37000,375250,16,TPEX_CSV,2026-08-26 14:15:34 +0800
1150826,2026-08-26,上櫃,4413,飛寶企業,19.70,+0.05,19.90,19.90,19.40,51000,1001450,26,TPEX_CSV,2026-08-26 14:15:34 +0800
1150826,2026-08-26,上櫃,4416,三圓,14.95,-0.30,15.40,16.15,14.90,2847000,43898050,1412,TPEX_CSV,2026-08-26 14:15:34 +0800
1150826,2026-08-26,上櫃,4417,金洲,46.90,0.00,47.20,47.20,46.80,20000,937700,14,TPEX_CSV,2026-08-26 14:15:34 +0800
1150826,2026-08-26,上櫃,4419,皇家美食,46.30,0.00,46.25,46.30,46.25,3000,138800,3,TPEX_CSV,2026-08-26 14:15:34 +0800
1150826,2026-08-26,上櫃,4420,光明,36.85,0.00,36.85,36.85,36.80,12000,441950,10,TPEX_CSV,2026-08-26 14:15:34 +0800
1150826,2026-08-26,上櫃,4430,耀億,17.65,-0.10,17.75,18.15,17.65,42000,747400,32,TPEX_CSV,2026-08-26 14:15:34 +0800
1150826,2026-08-26,上櫃,4432,銘旺實,15.70,+0.05,15.65,15.70,15.60,10000,156400,8,TPEX_CSV,2026-08-26 14:15:34 +0800
1150826,2026-08-26,上櫃,4433,興采,19.00,-0.10,19.00,19.10,18.70,77000,1453800,54,TPEX_CSV,2026-08-26 14:15:34 +0800
1150826,2026-08-26,上櫃,4442,竣邦-KY,52.00,+0.80,50.90,52.00,50.90,23000,1187900,20,TPEX_CSV,2026-08-26 14:15:34 +0800
1150826,2026-08-26,上櫃,4502,健信,15.70,0.00,15.70,15.75,15.55,15000,234700,11,TPEX_CSV,2026-08-26 14:15:34 +0800
1150826,2026-08-26,上櫃,4503,金雨,24.60,+0.05,25.00,25.00,24.50,132000,3255100,95,TPEX_CSV,2026-08-26 14:15:34 +0800
1150826,2026-08-26,上櫃,4506,崇友,123.00,-0.50,122.50,123.50,122.50,48000,5902500,45,TPEX_CSV,2026-08-26 14:15:34 +0800
1150826,2026-08-26,上櫃,4510,高鋒,45.90,+3.05,43.30,45.90,42.95,1947000,86647950,1314,TPEX_CSV,2026-08-26 14:15:34 +0800
1150826,2026-08-26,上櫃,4513,福裕,16.65,+0.30,16.50,16.75,16.40,220000,3644900,122,TPEX_CSV,2026-08-26 14:15:34 +0800
1150826,2026-08-26,上櫃,4523,永彰,24.05,+0.15,23.95,24.10,23.80,93000,2222700,46,TPEX_CSV,2026-08-26 14:15:34 +0800
1150826,2026-08-26,上櫃,4527,方土霖,41.25,+0.20,41.05,41.30,40.75,33000,1359150,25,TPEX_CSV,2026-08-26 14:15:34 +0800
1150826,2026-08-26,上櫃,4528,江興鍛,15.15,+0.15,15.00,15.30,15.00,19000,287000,16,TPEX_CSV,2026-08-26 14:15:34 +0800
1150826,2026-08-26,上櫃,4529,淳紳,3.12,-0.06,3.18,3.18,3.09,19000,58920,11,TPEX_CSV,2026-08-26 14:15:34 +0800
1150826,2026-08-26,上櫃,4530,天意能創,28.20,+1.50,27.50,28.30,27.50,52000,1452750,36,TPEX_CSV,2026-08-26 14:15:34 +0800
1150826,2026-08-26,上櫃,4533,協易機,25.95,+0.20,25.90,26.15,25.50,464000,11955300,347,TPEX_CSV,2026-08-26 14:15:34 +0800
1150826,2026-08-26,上櫃,4534,慶騰,30.20,+1.00,29.30,30.60,29.30,680000,20482400,359,TPEX_CSV,2026-08-26 14:15:34 +0800
1150826,2026-08-26,上櫃,4535,至興,28.60,-0.10,28.55,28.80,28.40,6000,171350,6,TPEX_CSV,2026-08-26 14:15:34 +0800
1150826,2026-08-26,上櫃,4538,大詠城,17.80,+0.35,17.60,17.80,17.60,12000,212450,11,TPEX_CSV,2026-08-26 14:15:34 +0800
1150826,2026-08-26,上櫃,4541,晟田,67.50,+1.00,66.90,68.70,66.90,2130000,144846400,1461,TPEX_CSV,2026-08-26 14:15:34 +0800
1150826,2026-08-26,上櫃,4542,科嶠,275.50,+10.50,265.00,282.00,258.50,979000,268142000,727,TPEX_CSV,2026-08-26 14:15:34 +0800
1150826,2026-08-26,上櫃,4543,萬在,30.50,-0.30,32.50,32.50,30.40,100000,3059050,74,TPEX_CSV,2026-08-26 14:15:34 +0800
1150826,2026-08-26,上櫃,4549,桓達,100.50,-1.50,101.00,101.00,99.70,36000,3605600,31,TPEX_CSV,2026-08-26 14:15:34 +0800
1150826,2026-08-26,上櫃,4550,長佳,24.30,0.00,24.30,24.30,24.10,18000,435200,14,TPEX_CSV,2026-08-26 14:15:34 +0800
1150826,2026-08-26,上櫃,4554,橙的,28.30,0.00,27.70,28.35,27.70,69000,1941200,57,TPEX_CSV,2026-08-26 14:15:34 +0800
1150826,2026-08-26,上櫃,4556,旭然,75.20,+2.90,72.90,78.30,72.40,326000,24463400,257,TPEX_CSV,2026-08-26 14:15:34 +0800
1150826,2026-08-26,上櫃,4558,寶緯,16.90,-0.65,17.30,17.30,16.90,51000,871800,35,TPEX_CSV,2026-08-26 14:15:34 +0800
1150826,2026-08-26,上櫃,4561,健椿,45.10,+0.95,44.50,45.25,44.50,175000,7841550,125,TPEX_CSV,2026-08-26 14:15:34 +0800
1150826,2026-08-26,上櫃,4563,百德,41.05,+1.25,40.20,42.00,40.20,163000,6715050,118,TPEX_CSV,2026-08-26 14:15:34 +0800
1150826,2026-08-26,上櫃,4568,科際精密,----,---,----,----,----,0,0,0,TPEX_CSV,2026-08-26 14:15:34 +0800
1150826,2026-08-26,上櫃,4577,達航科技,80.00,+4.50,74.10,81.80,74.10,622000,49452200,477,TPEX_CSV,2026-08-26 14:15:34 +0800
1150826,2026-08-26,上櫃,4580,捷流閥業,78.80,0.00,79.00,79.00,78.30,42000,3299800,35,TPEX_CSV,2026-08-26 14:15:34 +0800
1150826,2026-08-26,上櫃,4584,君帆,----,---,----,----,----,0,0,0,TPEX_CSV,2026-08-26 14:15:34 +0800
1150826,2026-08-26,上櫃,4609,唐鋒,4.62,+0.42,4.62,4.62,4.60,155000,715570,29,TPEX_CSV,2026-08-26 14:15:34 +0800
1150826,2026-08-26,上櫃,4702,中美實,9.59,-0.03,9.68,9.68,9.55,50000,479250,33,TPEX_CSV,2026-08-26 14:15:34 +0800
1150826,2026-08-26,上櫃,4706,大恭,32.60,0.00,32.60,32.60,32.60,1000,32600,1,TPEX_CSV,2026-08-26 14:15:34 +0800
1150826,2026-08-26,上櫃,4707,磐亞,34.65,-0.50,35.15,35.70,33.80,4688000,163054200,2365,TPEX_CSV,2026-08-26 14:15:34 +0800
1150826,2026-08-26,上櫃,4711,永純,16.70,0.00,16.70,16.75,16.55,19000,316350,15,TPEX_CSV,2026-08-26 14:15:34 +0800
1150826,2026-08-26,上櫃,4714,永捷,11.35,+0.70,10.80,11.70,10.75,2386000,27066600,1075,TPEX_CSV,2026-08-26 14:15:34 +0800
1150826,2026-08-26,上櫃,4716,大立,17.05,+0.10,17.10,17.15,16.90,334000,5691250,160,TPEX_CSV,2026-08-26 14:15:34 +0800
1150826,2026-08-26,上櫃,4721,美琪瑪,74.80,+1.30,74.50,76.40,73.70,623000,46748300,489,TPEX_CSV,2026-08-26 14:15:34 +0800
1150826,2026-08-26,上櫃,4726,永昕,24.50,+0.10,24.40,24.60,24.15,79000,1926050,47,TPEX_CSV,2026-08-26 14:15:34 +0800
1150826,2026-08-26,上櫃,4728,雙美,400.00,+1.00,400.00,400.00,400.00,1000,400000,1,TPEX_CSV,2026-08-26 14:15:34 +0800
1150826,2026-08-26,上櫃,4729,熒茂,19.00,0.00,19.05,19.15,19.00,68000,1294450,41,TPEX_CSV,2026-08-26 14:15:34 +0800
1150826,2026-08-26,上櫃,4735,豪展,38.30,0.00,38.60,38.60,37.60,31000,1182600,26,TPEX_CSV,2026-08-26 14:15:34 +0800
1150826,2026-08-26,上櫃,4741,泓瀚,42.65,+1.75,41.80,43.25,40.50,94000,3967400,79,TPEX_CSV,2026-08-26 14:15:34 +0800
1150826,2026-08-26,上櫃,4743,合一,47.80,+0.85,47.00,48.40,47.00,1102000,52757900,784,TPEX_CSV,2026-08-26 14:15:34 +0800
1150826,2026-08-26,上櫃,4744,皇將,27.80,+0.20,27.60,28.10,27.40,57000,1573800,26,TPEX_CSV,2026-08-26 14:15:34 +0800
1150826,2026-08-26,上櫃,4745,合富-KY,11.90,+0.10,11.90,11.90,11.80,26000,308900,8,TPEX_CSV,2026-08-26 14:15:34 +0800
1150826,2026-08-26,上櫃,4749,新應材,755.00,-5.00,770.00,770.00,750.00,323000,244193000,308,TPEX_CSV,2026-08-26 14:15:34 +0800
1150826,2026-08-26,上櫃,4754,國碳科,38.20,+0.05,38.15,38.30,38.15,15000,573350,8,TPEX_CSV,2026-08-26 14:15:34 +0800
1150826,2026-08-26,上櫃,4760,勤凱,255.50,+4.00,248.50,257.50,248.50,208000,52992500,184,TPEX_CSV,2026-08-26 14:15:34 +0800
1150826,2026-08-26,上櫃,4767,誠泰科技,28.70,+1.20,28.85,28.90,27.85,44000,1251100,31,TPEX_CSV,2026-08-26 14:15:34 +0800
1150826,2026-08-26,上櫃,4768,晶呈科技,324.50,+17.50,311.00,325.50,311.00,304000,97145000,239,TPEX_CSV,2026-08-26 14:15:34 +0800
1150826,2026-08-26,上櫃,4772,台特化,261.00,+0.50,265.00,265.00,259.00,347000,90560500,302,TPEX_CSV,2026-08-26 14:15:34 +0800
1150826,2026-08-26,上櫃,4806,桂田文創,9.28,+0.01,9.28,9.28,9.28,1000,9280,1,TPEX_CSV,2026-08-26 14:15:34 +0800
1150826,2026-08-26,上櫃,4903,聯光通,36.80,+0.80,36.00,36.85,36.00,693000,25272550,506,TPEX_CSV,2026-08-26 14:15:34 +0800
1150826,2026-08-26,上櫃,4905,台聯電,90.90,+0.80,93.40,93.40,90.40,32000,2920000,30,TPEX_CSV,2026-08-26 14:15:34 +0800
1150826,2026-08-26,上櫃,4907,富宇,47.50,+1.20,46.30,47.50,46.30,70000,3298550,57,TPEX_CSV,2026-08-26 14:15:34 +0800
1150826,2026-08-26,上櫃,4908,前鼎,178.00,+16.00,163.50,178.00,160.00,10245000,1753933500,7070,TPEX_CSV,2026-08-26 14:15:34 +0800
1150826,2026-08-26,上櫃,4909,新復興,39.00,+1.10,38.80,39.35,38.80,280000,10921100,224,TPEX_CSV,2026-08-26 14:15:34 +0800
1150826,2026-08-26,上櫃,4911,德英,29.05,-0.05,29.00,29.25,29.00,13000,377750,13,TPEX_CSV,2026-08-26 14:15:34 +0800
1150826,2026-08-26,上櫃,4923,力士,52.30,+1.70,51.00,54.00,51.00,364000,19214900,299,TPEX_CSV,2026-08-26 14:15:34 +0800
1150826,2026-08-26,上櫃,4924,欣厚-KY,9.93,+0.02,9.91,9.98,9.74,16000,157680,10,TPEX_CSV,2026-08-26 14:15:34 +0800
1150826,2026-08-26,上櫃,4931,新盛力,255.50,+10.50,249.00,256.00,240.00,10193000,2544366000,7677,TPEX_CSV,2026-08-26 14:15:34 +0800
1150826,2026-08-26,上櫃,4933,友輝,55.10,+1.60,54.00,55.50,54.00,122000,6710100,94,TPEX_CSV,2026-08-26 14:15:34 +0800
1150826,2026-08-26,上櫃,4939,亞電,78.80,+7.10,74.70,78.80,73.90,30887000,2385137700,15719,TPEX_CSV,2026-08-26 14:15:34 +0800
1150826,2026-08-26,上櫃,4946,辣椒,91.90,-0.90,90.10,91.90,90.10,4000,364200,4,TPEX_CSV,2026-08-26 14:15:34 +0800
1150826,2026-08-26,上櫃,4950,金耘國際,----,---,----,----,----,0,0,0,TPEX_CSV,2026-08-26 14:15:34 +0800
1150826,2026-08-26,上櫃,4951,精拓科,78.90,+2.30,76.80,80.30,76.80,140000,11048200,120,TPEX_CSV,2026-08-26 14:15:34 +0800
1150826,2026-08-26,上櫃,4953,緯致,122.50,0.00,123.00,123.50,122.50,97000,11925500,79,TPEX_CSV,2026-08-26 14:15:34 +0800
1150826,2026-08-26,上櫃,4966,譜瑞-KY,576.00,+20.00,558.00,582.00,558.00,739000,423668000,620,TPEX_CSV,2026-08-26 14:15:34 +0800
1150826,2026-08-26,上櫃,4971,IET-KY,552.00,-2.00,557.00,562.00,538.00,493000,272316000,462,TPEX_CSV,2026-08-26 14:15:34 +0800
1150826,2026-08-26,上櫃,4972,湯石照明,16.70,+0.05,16.65,16.70,16.50,7000,116400,7,TPEX_CSV,2026-08-26 14:15:34 +0800
1150826,2026-08-26,上櫃,4973,廣穎,155.00,0.00,155.00,155.50,152.50,938000,144641500,752,TPEX_CSV,2026-08-26 14:15:34 +0800
1150826,2026-08-26,上櫃,4974,亞泰,68.40,+0.10,68.30,68.70,68.10,98000,6704800,95,TPEX_CSV,2026-08-26 14:15:34 +0800
1150826,2026-08-26,上櫃,4979,華星光,598.00,-3.00,611.00,626.00,590.00,26773000,16263323000,21044,TPEX_CSV,2026-08-26 14:15:34 +0800
1150826,2026-08-26,上櫃,4991,環宇-KY,489.50,+44.50,442.00,489.50,442.00,4931000,2326972500,4206,TPEX_CSV,2026-08-26 14:15:34 +0800
1150826,2026-08-26,上櫃,4995,晶達,50.20,+1.55,49.00,50.20,49.00,50000,2491900,41,TPEX_CSV,2026-08-26 14:15:34 +0800
1150826,2026-08-26,上櫃,5009,榮剛,33.55,-0.20,33.95,33.95,33.35,1175000,39425050,689,TPEX_CSV,2026-08-26 14:15:34 +0800
1150826,2026-08-26,上櫃,5011,久陽,19.15,+1.70,17.75,19.15,17.65,543000,10328850,261,TPEX_CSV,2026-08-26 14:15:34 +0800
1150826,2026-08-26,上櫃,5013,強新,28.00,0.00,28.00,28.10,28.00,8000,224400,6,TPEX_CSV,2026-08-26 14:15:34 +0800
1150826,2026-08-26,上櫃,5014,建錩,10.15,+0.05,10.15,10.25,10.10,150000,1522300,60,TPEX_CSV,2026-08-26 14:15:34 +0800
1150826,2026-08-26,上櫃,5015,華祺,21.85,+0.45,21.40,21.85,21.35,55000,1179750,15,TPEX_CSV,2026-08-26 14:15:34 +0800
1150826,2026-08-26,上櫃,5016,松和,25.10,+0.45,24.85,25.20,24.85,29000,727150,16,TPEX_CSV,2026-08-26 14:15:34 +0800
1150826,2026-08-26,上櫃,5201,凱衛,26.70,+0.20,26.00,26.70,25.55,51000,1334100,39,TPEX_CSV,2026-08-26 14:15:34 +0800
1150826,2026-08-26,上櫃,5202,力新,12.05,+0.10,11.80,12.15,11.80,148000,1770500,68,TPEX_CSV,2026-08-26 14:15:34 +0800
1150826,2026-08-26,上櫃,5205,中茂,20.35,-0.15,20.35,20.35,20.35,1000,20350,1,TPEX_CSV,2026-08-26 14:15:34 +0800
1150826,2026-08-26,上櫃,5206,坤悅,23.90,+0.70,23.25,24.30,23.25,368000,8762200,190,TPEX_CSV,2026-08-26 14:15:34 +0800
1150826,2026-08-26,上櫃,5209,新鼎,158.00,-1.50,159.50,159.50,158.00,66000,10458000,64,TPEX_CSV,2026-08-26 14:15:34 +0800
1150826,2026-08-26,上櫃,5210,寶碩,29.70,+0.60,29.20,29.85,29.20,241000,7131800,141,TPEX_CSV,2026-08-26 14:15:34 +0800
1150826,2026-08-26,上櫃,5211,蒙恬,19.50,-0.05,19.55,19.55,19.35,12000,233100,8,TPEX_CSV,2026-08-26 14:15:34 +0800
1150826,2026-08-26,上櫃,5212,凌網,46.60,-0.05,46.70,46.70,46.60,4000,186550,4,TPEX_CSV,2026-08-26 14:15:34 +0800
1150826,2026-08-26,上櫃,5213,亞昕,21.45,+0.05,21.50,21.50,21.30,107000,2287450,81,TPEX_CSV,2026-08-26 14:15:34 +0800
1150826,2026-08-26,上櫃,5220,萬達光電,19.90,+0.05,19.90,19.90,19.60,19000,376400,17,TPEX_CSV,2026-08-26 14:15:34 +0800
1150826,2026-08-26,上櫃,5223,安力-KY,23.50,+0.20,23.30,23.65,23.30,5000,117600,4,TPEX_CSV,2026-08-26 14:15:34 +0800
1150826,2026-08-26,上櫃,5227,立凱-KY,31.55,+0.85,30.70,31.60,30.70,177000,5547450,118,TPEX_CSV,2026-08-26 14:15:34 +0800
1150826,2026-08-26,上櫃,5228,鈺鎧,40.60,+0.45,40.15,41.10,39.90,160000,6476800,119,TPEX_CSV,2026-08-26 14:15:34 +0800
1150826,2026-08-26,上櫃,5230,雷笛克光學,18.25,+0.75,17.90,18.50,17.70,269000,4859600,164,TPEX_CSV,2026-08-26 14:15:34 +0800
1150826,2026-08-26,上櫃,5245,智晶,23.30,+0.05,22.70,23.30,22.70,35000,801400,30,TPEX_CSV,2026-08-26 14:15:34 +0800
1150826,2026-08-26,上櫃,5251,天鉞電,25.50,+0.35,25.15,25.50,25.15,48000,1214550,32,TPEX_CSV,2026-08-26 14:15:34 +0800
1150826,2026-08-26,上櫃,5263,智崴,91.40,+2.40,89.10,91.50,89.10,298000,27040200,147,TPEX_CSV,2026-08-26 14:15:34 +0800
1150826,2026-08-26,上櫃,5272,笙科,17.20,0.00,17.05,17.20,17.00,34000,581900,29,TPEX_CSV,2026-08-26 14:15:34 +0800
1150826,2026-08-26,上櫃,5274,信驊,15690.00,+290.00,15820.00,16050.00,14950.00,210000,3255585000,205,TPEX_CSV,2026-08-26 14:15:34 +0800
1150826,2026-08-26,上櫃,5276,達輝-KY,18.40,-0.05,18.35,18.40,18.35,2000,36750,2,TPEX_CSV,2026-08-26 14:15:34 +0800
1150826,2026-08-26,上櫃,5278,尚凡*,24.90,+0.50,24.65,25.00,24.60,247000,6138150,128,TPEX_CSV,2026-08-26 14:15:34 +0800
1150826,2026-08-26,上櫃,5287,數字,154.00,-1.50,155.00,155.50,153.50,182000,28066500,169,TPEX_CSV,2026-08-26 14:15:34 +0800
1150826,2026-08-26,上櫃,5289,宜鼎,1500.00,-10.00,1510.00,1525.00,1490.00,1433000,2156240000,1227,TPEX_CSV,2026-08-26 14:15:34 +0800
1150826,2026-08-26,上櫃,5291,邑昇,60.90,+2.50,58.50,61.70,58.50,1230000,74040400,917,TPEX_CSV,2026-08-26 14:15:34 +0800
1150826,2026-08-26,上櫃,5299,杰力,101.00,+2.60,98.90,102.00,98.80,341000,34309000,242,TPEX_CSV,2026-08-26 14:15:34 +0800
1150826,2026-08-26,上櫃,5301,寶得利,5.89,+0.32,6.00,6.12,5.57,91000,515110,38,TPEX_CSV,2026-08-26 14:15:34 +0800
1150826,2026-08-26,上櫃,5302,太欣,10.45,+0.10,10.30,10.55,10.30,142000,1485350,81,TPEX_CSV,2026-08-26 14:15:34 +0800
1150826,2026-08-26,上櫃,5309,系統電,53.20,+1.00,52.40,53.30,52.20,837000,44195400,567,TPEX_CSV,2026-08-26 14:15:34 +0800
1150826,2026-08-26,上櫃,5310,天剛,24.40,+0.40,24.80,24.85,24.40,6000,148150,5,TPEX_CSV,2026-08-26 14:15:34 +0800
1150826,2026-08-26,上櫃,5312,寶島科,92.50,+0.40,92.80,92.80,92.00,24000,2218000,20,TPEX_CSV,2026-08-26 14:15:34 +0800
1150826,2026-08-26,上櫃,5314,世紀*,34.55,+3.10,34.55,34.55,34.55,1455000,50270250,733,TPEX_CSV,2026-08-26 14:15:34 +0800
1150826,2026-08-26,上櫃,5315,光聯,19.30,+0.10,19.30,19.35,19.25,78000,1503450,51,TPEX_CSV,2026-08-26 14:15:34 +0800
1150826,2026-08-26,上櫃,5321,美而快,81.10,+0.10,83.00,83.00,79.50,548000,44650000,375,TPEX_CSV,2026-08-26 14:15:34 +0800
1150826,2026-08-26,上櫃,5324,士開,12.30,0.00,12.30,12.30,12.10,127000,1546250,55,TPEX_CSV,2026-08-26 14:15:34 +0800
1150826,2026-08-26,上櫃,5328,華容,61.90,-1.10,62.70,63.00,61.80,4068000,253467900,3075,TPEX_CSV,2026-08-26 14:15:34 +0800
1150826,2026-08-26,上櫃,5340,建榮,80.80,+3.80,76.00,82.20,76.00,5013000,403376500,3446,TPEX_CSV,2026-08-26 14:15:34 +0800
1150826,2026-08-26,上櫃,5344,立衛,13.45,+0.05,14.00,14.00,13.35,87000,1168150,59,TPEX_CSV,2026-08-26 14:15:34 +0800
1150826,2026-08-26,上櫃,5345,馥鴻,22.95,+2.05,20.90,22.95,20.90,33000,741000,25,TPEX_CSV,2026-08-26 14:15:34 +0800
1150826,2026-08-26,上櫃,5347,世界,152.00,+1.50,151.00,154.00,150.50,11276000,1716011000,5430,TPEX_CSV,2026-08-26 14:15:34 +0800
1150826,2026-08-26,上櫃,5348,正能量智能,16.30,0.00,16.30,16.30,16.30,1000,16300,1,TPEX_CSV,2026-08-26 14:15:34 +0800
1150826,2026-08-26,上櫃,5351,鈺創,117.00,+1.50,114.50,120.00,113.50,14416000,1688819500,8895,TPEX_CSV,2026-08-26 14:15:34 +0800
1150826,2026-08-26,上櫃,5353,台林,28.15,+0.15,28.25,28.35,27.90,43000,1208250,29,TPEX_CSV,2026-08-26 14:15:34 +0800
1150826,2026-08-26,上櫃,5355,佳總,5.92,+0.07,5.53,5.92,5.53,59000,338910,27,TPEX_CSV,2026-08-26 14:15:34 +0800
1150826,2026-08-26,上櫃,5356,協益,26.10,+0.05,26.05,26.25,26.05,59000,1541350,43,TPEX_CSV,2026-08-26 14:15:34 +0800
1150826,2026-08-26,上櫃,5364,力麗店,8.52,+0.04,8.49,8.62,8.48,22000,188020,17,TPEX_CSV,2026-08-26 14:15:34 +0800
1150826,2026-08-26,上櫃,5381,光譜,25.30,+0.70,24.95,25.50,24.60,486000,12220050,235,TPEX_CSV,2026-08-26 14:15:34 +0800
1150826,2026-08-26,上櫃,5386,青雲,234.00,-2.00,238.50,241.50,234.00,571000,135244000,482,TPEX_CSV,2026-08-26 14:15:34 +0800
1150826,2026-08-26,上櫃,5392,能率,47.30,+2.05,45.60,47.55,45.55,3468000,163245200,2228,TPEX_CSV,2026-08-26 14:15:34 +0800
1150826,2026-08-26,上櫃,5398,慕康生醫,14.55,+0.30,14.20,14.60,14.20,27000,389250,22,TPEX_CSV,2026-08-26 14:15:34 +0800
1150826,2026-08-26,上櫃,5403,中菲,93.20,+0.40,93.30,93.30,92.60,16000,1486900,15,TPEX_CSV,2026-08-26 14:15:34 +0800
1150826,2026-08-26,上櫃,5410,國眾,36.95,+0.40,36.75,37.00,36.70,225000,8293700,156,TPEX_CSV,2026-08-26 14:15:34 +0800
1150826,2026-08-26,上櫃,5425,台半,96.60,+8.70,87.90,96.60,87.20,26209000,2471838600,14210,TPEX_CSV,2026-08-26 14:15:34 +0800
1150826,2026-08-26,上櫃,5426,振發,28.55,+0.70,28.35,28.95,27.60,597000,16928150,411,TPEX_CSV,2026-08-26 14:15:34 +0800
1150826,2026-08-26,上櫃,5432,新門,142.50,+1.50,142.00,144.50,140.50,59000,8408000,53,TPEX_CSV,2026-08-26 14:15:34 +0800
1150826,2026-08-26,上櫃,5438,東友,16.80,+0.05,16.60,16.85,16.60,17000,284700,15,TPEX_CSV,2026-08-26 14:15:34 +0800
1150826,2026-08-26,上櫃,5439,高技,248.00,+6.50,242.00,252.00,241.00,2038000,505217500,1571,TPEX_CSV,2026-08-26 14:15:34 +0800
1150826,2026-08-26,上櫃,5443,均豪,105.50,+3.00,104.00,105.50,102.50,798000,83354000,615,TPEX_CSV,2026-08-26 14:15:34 +0800
1150826,2026-08-26,上櫃,5450,南良,15.10,+0.25,15.00,15.15,14.95,33000,496050,29,TPEX_CSV,2026-08-26 14:15:34 +0800
1150826,2026-08-26,上櫃,5452,佶優,27.90,+1.05,27.15,28.20,27.15,605000,16847450,451,TPEX_CSV,2026-08-26 14:15:34 +0800
1150826,2026-08-26,上櫃,5455,昇益,29.65,0.00,29.45,30.00,29.45,5000,148700,5,TPEX_CSV,2026-08-26 14:15:34 +0800
1150826,2026-08-26,上櫃,5457,宣德,27.10,-0.10,27.30,27.30,26.95,283000,7667050,193,TPEX_CSV,2026-08-26 14:15:34 +0800
1150826,2026-08-26,上櫃,5460,同協,16.50,-0.25,16.95,16.95,16.50,24000,399800,24,TPEX_CSV,2026-08-26 14:15:34 +0800
1150826,2026-08-26,上櫃,5464,霖宏,74.00,+4.80,69.90,75.30,68.80,524000,38247700,309,TPEX_CSV,2026-08-26 14:15:34 +0800
1150826,2026-08-26,上櫃,5465,富驊,24.35,+0.25,24.10,24.35,24.10,45000,1090200,29,TPEX_CSV,2026-08-26 14:15:34 +0800
1150826,2026-08-26,上櫃,5468,凱鈺,25.80,-0.10,25.95,26.20,25.35,201000,5179400,113,TPEX_CSV,2026-08-26 14:15:34 +0800
1150826,2026-08-26,上櫃,5474,聰泰,152.00,+1.50,155.00,157.00,151.50,144000,22190000,119,TPEX_CSV,2026-08-26 14:15:34 +0800
1150826,2026-08-26,上櫃,5475,德宏,181.00,+8.00,168.50,181.50,167.00,2123000,376747000,1532,TPEX_CSV,2026-08-26 14:15:34 +0800
1150826,2026-08-26,上櫃,5478,智冠,98.70,-0.10,99.20,99.40,98.70,49000,4843200,41,TPEX_CSV,2026-08-26 14:15:34 +0800
1150826,2026-08-26,上櫃,5481,新華,21.55,+0.05,21.00,21.60,20.55,402000,8452550,154,TPEX_CSV,2026-08-26 14:15:34 +0800
1150826,2026-08-26,上櫃,5483,中美晶,180.00,-3.00,181.00,182.00,177.00,13444000,2419221500,8522,TPEX_CSV,2026-08-26 14:15:34 +0800
1150826,2026-08-26,上櫃,5487,通泰,29.30,+0.05,29.25,29.60,28.80,90000,2627900,50,TPEX_CSV,2026-08-26 14:15:34 +0800
1150826,2026-08-26,上櫃,5488,松普,12.30,+0.10,12.30,12.60,12.30,231000,2866050,124,TPEX_CSV,2026-08-26 14:15:34 +0800
1150826,2026-08-26,上櫃,5489,彩富,41.25,+0.20,41.50,41.50,41.10,23000,949700,20,TPEX_CSV,2026-08-26 14:15:34 +0800
1150826,2026-08-26,上櫃,5490,同亨,28.95,+0.05,29.40,29.40,28.90,392000,11372100,305,TPEX_CSV,2026-08-26 14:15:34 +0800
1150826,2026-08-26,上櫃,5493,三聯,81.00,+3.20,77.90,81.90,77.90,110000,8839200,93,TPEX_CSV,2026-08-26 14:15:34 +0800
1150826,2026-08-26,上櫃,5498,凱崴,54.60,+2.50,52.50,55.40,52.20,4485000,243905700,3154,TPEX_CSV,2026-08-26 14:15:34 +0800
1150826,2026-08-26,上櫃,5508,永信建,52.60,+0.10,53.10,53.30,52.50,177000,9353800,129,TPEX_CSV,2026-08-26 14:15:34 +0800
1150826,2026-08-26,上櫃,5511,德昌,71.70,0.00,72.10,72.10,70.50,95000,6770800,65,TPEX_CSV,2026-08-26 14:15:34 +0800
1150826,2026-08-26,上櫃,5512,力麒,7.77,+0.04,7.75,7.79,7.72,792000,6131610,189,TPEX_CSV,2026-08-26 14:15:34 +0800
1150826,2026-08-26,上櫃,5514,三豐,14.55,0.00,14.60,14.60,14.35,9000,130450,8,TPEX_CSV,2026-08-26 14:15:34 +0800
1150826,2026-08-26,上櫃,5516,雙喜,11.95,+0.05,11.80,12.40,11.80,28000,335900,23,TPEX_CSV,2026-08-26 14:15:34 +0800
1150826,2026-08-26,上櫃,5520,力泰,----,---,----,----,----,0,0,0,TPEX_CSV,2026-08-26 14:15:34 +0800
1150826,2026-08-26,上櫃,5523,豐謙,30.35,0.00,30.20,30.35,30.20,23000,696650,10,TPEX_CSV,2026-08-26 14:15:34 +0800
1150826,2026-08-26,上櫃,5529,鉅陞,21.35,-0.05,21.40,21.45,21.30,173000,3696450,56,TPEX_CSV,2026-08-26 14:15:34 +0800
1150826,2026-08-26,上櫃,5530,龍巖,50.60,0.00,50.70,50.80,50.00,295000,14892300,213,TPEX_CSV,2026-08-26 14:15:34 +0800
1150826,2026-08-26,上櫃,5536,聖暉*,854.00,+1.00,854.00,869.00,836.00,876000,749115000,809,TPEX_CSV,2026-08-26 14:15:34 +0800
1150826,2026-08-26,上櫃,5543,桓鼎-KY,26.00,+1.20,25.10,26.00,25.10,17000,433150,17,TPEX_CSV,2026-08-26 14:15:34 +0800
1150826,2026-08-26,上櫃,5547,久舜,19.75,-0.20,19.80,20.10,19.75,21000,416950,15,TPEX_CSV,2026-08-26 14:15:34 +0800
1150826,2026-08-26,上櫃,5548,安倉,20.50,+0.05,20.45,20.50,20.45,9000,184100,7,TPEX_CSV,2026-08-26 14:15:34 +0800
1150826,2026-08-26,上櫃,5601,台聯櫃,30.50,+0.45,30.50,30.50,30.50,13000,396500,2,TPEX_CSV,2026-08-26 14:15:34 +0800
1150826,2026-08-26,上櫃,5603,陸海,14.45,-0.20,14.60,14.60,14.30,143000,2057550,79,TPEX_CSV,2026-08-26 14:15:34 +0800
1150826,2026-08-26,上櫃,5604,中連,30.70,0.00,30.65,30.70,30.65,2000,61350,2,TPEX_CSV,2026-08-26 14:15:34 +0800
1150826,2026-08-26,上櫃,5609,中菲行,78.20,-0.90,78.80,79.10,78.00,183000,14320700,152,TPEX_CSV,2026-08-26 14:15:34 +0800
1150826,2026-08-26,上櫃,5701,劍湖山,4.17,-0.04,4.03,4.19,4.01,64000,263900,24,TPEX_CSV,2026-08-26 14:15:34 +0800
1150826,2026-08-26,上櫃,5703,亞都,15.30,+0.40,14.90,15.30,14.90,6000,90150,4,TPEX_CSV,2026-08-26 14:15:34 +0800
1150826,2026-08-26,上櫃,5704,老爺知,23.60,+0.10,23.55,23.70,23.50,28000,660950,19,TPEX_CSV,2026-08-26 14:15:34 +0800
1150826,2026-08-26,上櫃,5864,致和證,34.00,+0.55,33.65,34.30,33.60,2125000,72285450,852,TPEX_CSV,2026-08-26 14:15:34 +0800
1150826,2026-08-26,上櫃,5878,台名,----,---,----,----,----,0,0,0,TPEX_CSV,2026-08-26 14:15:34 +0800
1150826,2026-08-26,上櫃,5902,德記,34.70,-0.10,34.80,34.80,34.05,14000,484600,8,TPEX_CSV,2026-08-26 14:15:34 +0800
1150826,2026-08-26,上櫃,5903,全家,185.50,0.00,186.50,186.50,185.00,11000,2040500,11,TPEX_CSV,2026-08-26 14:15:34 +0800
1150826,2026-08-26,上櫃,5904,寶雅*,74.80,-0.10,74.80,75.00,74.20,4959000,369735700,2942,TPEX_CSV,2026-08-26 14:15:34 +0800
1150826,2026-08-26,上櫃,5905,南仁湖,7.90,0.00,7.91,7.92,7.84,391000,3078560,172,TPEX_CSV,2026-08-26 14:15:34 +0800
1150826,2026-08-26,上櫃,6015,宏遠證,15.95,+0.40,15.70,16.05,15.70,1049000,16718550,451,TPEX_CSV,2026-08-26 14:15:34 +0800
1150826,2026-08-26,上櫃,6016,康和證,19.80,+0.50,19.45,19.80,19.40,1922000,37826700,865,TPEX_CSV,2026-08-26 14:15:34 +0800
1150826,2026-08-26,上櫃,6020,大展證,20.60,+0.10,20.60,20.60,20.60,10000,206000,7,TPEX_CSV,2026-08-26 14:15:34 +0800
1150826,2026-08-26,上櫃,6021,美好證,39.30,+0.55,39.00,39.35,38.80,196000,7670400,91,TPEX_CSV,2026-08-26 14:15:34 +0800
1150826,2026-08-26,上櫃,6023,元大期,83.00,+1.00,82.30,83.30,82.30,648000,53698500,496,TPEX_CSV,2026-08-26 14:15:34 +0800
1150826,2026-08-26,上櫃,6026,福邦證,14.85,+0.15,14.70,14.95,14.70,1006000,14947400,365,TPEX_CSV,2026-08-26 14:15:34 +0800
1150826,2026-08-26,上櫃,6028,公勝保經,94.00,-2.70,94.00,95.90,93.70,12000,1132600,12,TPEX_CSV,2026-08-26 14:15:34 +0800
1150826,2026-08-26,上櫃,6101,寬魚國際,37.70,-0.30,38.10,38.10,37.20,345000,12943550,283,TPEX_CSV,2026-08-26 14:15:34 +0800
1150826,2026-08-26,上櫃,6103,合邦,38.90,+3.50,38.90,38.90,38.90,12000,466800,8,TPEX_CSV,2026-08-26 14:15:34 +0800
1150826,2026-08-26,上櫃,6104,創惟,100.00,+2.70,97.50,100.50,97.30,1662000,165182400,1076,TPEX_CSV,2026-08-26 14:15:34 +0800
1150826,2026-08-26,上櫃,6109,亞元,10.85,+0.10,10.75,10.90,10.75,96000,1035400,48,TPEX_CSV,2026-08-26 14:15:34 +0800
1150826,2026-08-26,上櫃,6111,光聚晶電,36.15,0.00,36.25,36.60,36.05,222000,8040600,78,TPEX_CSV,2026-08-26 14:15:34 +0800
1150826,2026-08-26,上櫃,6113,亞矽,23.25,+0.50,23.25,23.45,23.10,55000,1277300,46,TPEX_CSV,2026-08-26 14:15:34 +0800
1150826,2026-08-26,上櫃,6114,久威,25.45,-0.10,25.45,25.45,25.00,27000,679200,18,TPEX_CSV,2026-08-26 14:15:34 +0800
1150826,2026-08-26,上櫃,6118,建達,15.25,-0.10,15.35,15.40,15.05,92000,1400350,66,TPEX_CSV,2026-08-26 14:15:34 +0800
1150826,2026-08-26,上櫃,6121,新普,399.50,+1.50,393.00,401.00,389.00,533000,210847500,472,TPEX_CSV,2026-08-26 14:15:34 +0800
1150826,2026-08-26,上櫃,6122,擎邦,48.70,-0.20,49.30,49.40,48.65,97000,4742800,79,TPEX_CSV,2026-08-26 14:15:34 +0800
1150826,2026-08-26,上櫃,6123,上奇,43.40,+0.10,43.40,43.60,43.30,57000,2477450,46,TPEX_CSV,2026-08-26 14:15:34 +0800
1150826,2026-08-26,上櫃,6124,業強,27.05,+0.20,27.20,27.20,27.05,12000,325950,11,TPEX_CSV,2026-08-26 14:15:34 +0800
1150826,2026-08-26,上櫃,6125,廣運,51.30,-0.30,52.00,52.00,51.30,871000,44952800,642,TPEX_CSV,2026-08-26 14:15:34 +0800
1150826,2026-08-26,上櫃,6126,信音,30.10,+0.35,29.90,30.30,29.90,200000,6010200,146,TPEX_CSV,2026-08-26 14:15:34 +0800
1150826,2026-08-26,上櫃,6127,九豪,49.45,+1.70,48.50,50.80,47.75,1852000,91396800,1324,TPEX_CSV,2026-08-26 14:15:34 +0800
1150826,2026-08-26,上櫃,6129,普誠,13.45,0.00,13.65,13.65,13.35,335000,4528450,175,TPEX_CSV,2026-08-26 14:15:34 +0800
1150826,2026-08-26,上櫃,6130,上亞科技,27.20,+0.10,27.70,27.70,27.00,138000,3744500,63,TPEX_CSV,2026-08-26 14:15:34 +0800
1150826,2026-08-26,上櫃,6134,萬旭,28.65,+0.55,28.20,28.95,28.20,219000,6284500,149,TPEX_CSV,2026-08-26 14:15:34 +0800
1150826,2026-08-26,上櫃,6138,茂達,290.00,+7.00,286.00,297.00,284.00,792000,230510000,689,TPEX_CSV,2026-08-26 14:15:34 +0800
1150826,2026-08-26,上櫃,6140,訊達,17.30,+0.05,17.00,17.35,17.00,62000,1068150,35,TPEX_CSV,2026-08-26 14:15:34 +0800
1150826,2026-08-26,上櫃,6143,振曜,90.40,+1.20,89.70,90.50,89.50,173000,15600100,144,TPEX_CSV,2026-08-26 14:15:34 +0800
1150826,2026-08-26,上櫃,6144,得利影,13.10,+0.20,13.00,13.25,12.85,11000,143450,8,TPEX_CSV,2026-08-26 14:15:34 +0800
1150826,2026-08-26,上櫃,6146,耕興,192.50,-2.50,193.50,194.00,192.00,193000,37192500,175,TPEX_CSV,2026-08-26 14:15:34 +0800
1150826,2026-08-26,上櫃,6147,頎邦,185.50,+16.50,166.00,185.50,166.00,29810000,5360231500,16175,TPEX_CSV,2026-08-26 14:15:34 +0800
1150826,2026-08-26,上櫃,6148,驊宏資,28.25,+0.85,27.15,28.25,27.15,80000,2226600,72,TPEX_CSV,2026-08-26 14:15:34 +0800
1150826,2026-08-26,上櫃,6150,撼訊,61.30,+0.50,61.30,62.20,61.30,140000,8621800,102,TPEX_CSV,2026-08-26 14:15:34 +0800
1150826,2026-08-26,上櫃,6151,晉倫,36.50,+0.60,36.25,36.60,36.00,80000,2908500,55,TPEX_CSV,2026-08-26 14:15:34 +0800
1150826,2026-08-26,上櫃,6154,順發,13.85,0.00,13.85,13.90,13.85,7000,97100,7,TPEX_CSV,2026-08-26 14:15:34 +0800
1150826,2026-08-26,上櫃,6156,松上,21.00,+0.45,20.55,21.00,20.55,377000,7846050,220,TPEX_CSV,2026-08-26 14:15:34 +0800
1150826,2026-08-26,上櫃,6158,禾昌,16.50,+0.05,16.45,16.50,16.30,28000,459350,14,TPEX_CSV,2026-08-26 14:15:34 +0800
1150826,2026-08-26,上櫃,6160,欣技,15.40,0.00,15.20,15.65,15.10,71000,1086050,57,TPEX_CSV,2026-08-26 14:15:34 +0800
1150826,2026-08-26,上櫃,6161,捷波,50.50,+0.30,50.60,51.00,50.20,51000,2584800,42,TPEX_CSV,2026-08-26 14:15:34 +0800
1150826,2026-08-26,上櫃,6163,華電網,42.45,+0.45,42.00,42.55,41.70,354000,14933250,253,TPEX_CSV,2026-08-26 14:15:34 +0800
1150826,2026-08-26,上櫃,6167,久正,10.70,+0.20,10.55,10.85,10.55,144000,1542950,81,TPEX_CSV,2026-08-26 14:15:34 +0800
1150826,2026-08-26,上櫃,6169,昱泉,12.50,+0.20,12.75,12.75,12.50,6000,75700,6,TPEX_CSV,2026-08-26 14:15:34 +0800
1150826,2026-08-26,上櫃,6170,統振,48.65,+0.75,48.20,48.75,47.95,199000,9641550,117,TPEX_CSV,2026-08-26 14:15:34 +0800
1150826,2026-08-26,上櫃,6171,大城地產,25.15,+1.20,24.30,25.30,24.10,156000,3883250,97,TPEX_CSV,2026-08-26 14:15:34 +0800
1150826,2026-08-26,上櫃,6173,信昌電,198.00,-5.50,197.50,201.50,195.00,6116000,1211965000,4900,TPEX_CSV,2026-08-26 14:15:34 +0800
1150826,2026-08-26,上櫃,6174,安碁,45.10,-0.45,45.70,46.30,44.75,799000,36234950,659,TPEX_CSV,2026-08-26 14:15:34 +0800
1150826,2026-08-26,上櫃,6175,立敦,72.60,+0.80,71.50,73.20,71.40,677000,49067200,553,TPEX_CSV,2026-08-26 14:15:34 +0800
1150826,2026-08-26,上櫃,6179,亞通,27.95,+0.55,27.45,28.15,27.45,2643000,73744800,1128,TPEX_CSV,2026-08-26 14:15:34 +0800
1150826,2026-08-26,上櫃,6180,橘子,42.60,+1.00,41.90,42.60,41.90,446000,18861550,318,TPEX_CSV,2026-08-26 14:15:34 +0800
1150826,2026-08-26,上櫃,6182,合晶,107.00,-1.00,108.00,109.50,105.50,39884000,4286030000,22738,TPEX_CSV,2026-08-26 14:15:34 +0800
1150826,2026-08-26,上櫃,6185,幃翔,12.80,+0.15,12.65,12.90,12.65,345000,4409350,181,TPEX_CSV,2026-08-26 14:15:34 +0800
1150826,2026-08-26,上櫃,6186,新潤,33.00,除權,33.30,33.55,32.95,734000,24369850,430,TPEX_CSV,2026-08-26 14:15:34 +0800
1150826,2026-08-26,上櫃,6187,萬潤,1300.00,+30.00,1245.00,1340.00,1240.00,2614000,3383765000,2115,TPEX_CSV,2026-08-26 14:15:34 +0800
1150826,2026-08-26,上櫃,6188,廣明,68.60,+1.10,67.60,68.80,67.60,402000,27511500,337,TPEX_CSV,2026-08-26 14:15:34 +0800
1150826,2026-08-26,上櫃,6190,萬泰科,68.60,+1.80,68.00,68.90,67.10,2995000,203832400,1973,TPEX_CSV,2026-08-26 14:15:34 +0800
1150826,2026-08-26,上櫃,6194,育富,29.70,+0.20,29.60,29.75,29.55,42000,1247000,17,TPEX_CSV,2026-08-26 14:15:34 +0800
1150826,2026-08-26,上櫃,6195,詩肯,27.80,-0.20,27.80,27.80,27.75,16000,444700,8,TPEX_CSV,2026-08-26 14:15:34 +0800
1150826,2026-08-26,上櫃,6198,瑞築,19.80,0.00,19.80,19.80,19.80,3000,59400,3,TPEX_CSV,2026-08-26 14:15:34 +0800
1150826,2026-08-26,上櫃,6199,天品,92.30,-1.40,93.70,95.80,92.00,1514000,141145300,673,TPEX_CSV,2026-08-26 14:15:34 +0800
1150826,2026-08-26,上櫃,6203,海韻電,59.70,-0.20,60.00,60.10,59.70,40000,2394300,39,TPEX_CSV,2026-08-26 14:15:34 +0800
1150826,2026-08-26,上櫃,6204,艾華,82.00,+0.20,83.20,84.00,81.80,100000,8275900,96,TPEX_CSV,2026-08-26 14:15:34 +0800
1150826,2026-08-26,上櫃,6207,雷科,110.50,+10.00,100.50,110.50,100.50,3176000,344018500,2095,TPEX_CSV,2026-08-26 14:15:34 +0800
1150826,2026-08-26,上櫃,6208,日揚,82.10,+0.60,81.90,82.60,81.80,146000,11999100,132,TPEX_CSV,2026-08-26 14:15:34 +0800
1150826,2026-08-26,上櫃,6210,慶生,17.75,+0.05,17.15,17.75,17.10,9000,155250,8,TPEX_CSV,2026-08-26 14:15:34 +0800
1150826,2026-08-26,上櫃,6212,理銘,31.60,+0.10,31.60,31.60,31.60,1000,31600,1,TPEX_CSV,2026-08-26 14:15:34 +0800
1150826,2026-08-26,上櫃,6217,中探針,161.50,+7.50,154.00,167.50,152.00,3131000,502204500,2500,TPEX_CSV,2026-08-26 14:15:34 +0800
1150826,2026-08-26,上櫃,6218,豪勉,39.60,-0.90,40.25,41.40,39.60,2451000,98998450,1664,TPEX_CSV,2026-08-26 14:15:34 +0800
1150826,2026-08-26,上櫃,6219,富旺,12.35,+0.05,12.30,12.35,12.15,51000,625700,34,TPEX_CSV,2026-08-26 14:15:34 +0800
1150826,2026-08-26,上櫃,6220,岳豐,25.50,-0.30,25.70,25.85,25.45,192000,4917400,139,TPEX_CSV,2026-08-26 14:15:34 +0800
1150826,2026-08-26,上櫃,6221,晉泰,23.05,+0.15,23.45,23.45,22.90,154000,3555400,100,TPEX_CSV,2026-08-26 14:15:34 +0800
1150826,2026-08-26,上櫃,6222,立軒,20.45,+0.25,20.05,20.55,19.80,47000,943300,38,TPEX_CSV,2026-08-26 14:15:34 +0800
1150826,2026-08-26,上櫃,6223,旺矽,5040.00,-560.00,5480.00,5590.00,5040.00,1549000,7996490000,1397,TPEX_CSV,2026-08-26 14:15:34 +0800
1150826,2026-08-26,上櫃,6227,茂綸,118.50,+1.00,118.00,120.50,118.00,473000,56371500,332,TPEX_CSV,2026-08-26 14:15:34 +0800
1150826,2026-08-26,上櫃,6228,全譜,17.40,+0.55,17.40,17.40,17.40,2000,34800,2,TPEX_CSV,2026-08-26 14:15:34 +0800
1150826,2026-08-26,上櫃,6229,研通,23.60,+0.30,23.70,23.75,23.35,41000,967700,35,TPEX_CSV,2026-08-26 14:15:34 +0800
1150826,2026-08-26,上櫃,6231,系微,216.00,+6.00,211.00,216.00,208.50,160000,34218500,144,TPEX_CSV,2026-08-26 14:15:34 +0800
1150826,2026-08-26,上櫃,6233,旺玖,21.70,+0.35,21.35,22.00,21.35,158000,3437750,85,TPEX_CSV,2026-08-26 14:15:34 +0800
1150826,2026-08-26,上櫃,6234,高僑,36.35,+1.30,35.15,37.00,35.15,310000,11185400,260,TPEX_CSV,2026-08-26 14:15:34 +0800
1150826,2026-08-26,上櫃,6236,中湛,15.90,+0.95,14.95,15.90,14.95,4000,61200,4,TPEX_CSV,2026-08-26 14:15:34 +0800
1150826,2026-08-26,上櫃,6237,驊訊,34.30,+0.55,33.60,34.50,33.60,130000,4449550,99,TPEX_CSV,2026-08-26 14:15:34 +0800
1150826,2026-08-26,上櫃,6240,松崗,22.45,-0.90,24.70,24.70,21.80,128000,2936100,69,TPEX_CSV,2026-08-26 14:15:34 +0800
1150826,2026-08-26,上櫃,6241,鑫永洋,17.10,-0.05,17.15,17.40,17.00,82000,1407800,69,TPEX_CSV,2026-08-26 14:15:34 +0800
1150826,2026-08-26,上櫃,6242,立康,----,---,----,----,----,0,0,0,TPEX_CSV,2026-08-26 14:15:34 +0800
1150826,2026-08-26,上櫃,6244,茂迪,24.40,-0.15,24.60,25.20,24.40,2145000,53000050,1241,TPEX_CSV,2026-08-26 14:15:34 +0800
1150826,2026-08-26,上櫃,6245,立端,83.70,+2.50,81.70,83.80,81.30,445000,36810000,320,TPEX_CSV,2026-08-26 14:15:34 +0800
1150826,2026-08-26,上櫃,6246,臺龍,12.45,+0.25,12.20,12.45,12.20,9000,111050,5,TPEX_CSV,2026-08-26 14:15:34 +0800
1150826,2026-08-26,上櫃,6248,沛波,17.00,+0.10,16.90,17.00,16.90,68000,1153700,41,TPEX_CSV,2026-08-26 14:15:34 +0800
1150826,2026-08-26,上櫃,6259,百徽,30.20,+0.85,29.70,30.50,29.50,235000,7074450,183,TPEX_CSV,2026-08-26 14:15:34 +0800
1150826,2026-08-26,上櫃,6261,久元,82.40,+2.50,80.90,84.50,80.40,1154000,95374300,886,TPEX_CSV,2026-08-26 14:15:34 +0800
1150826,2026-08-26,上櫃,6263,普萊德,165.00,+1.50,164.00,165.00,163.00,129000,21177000,111,TPEX_CSV,2026-08-26 14:15:34 +0800
1150826,2026-08-26,上櫃,6264,富裔,6.02,-0.01,6.03,6.04,6.00,11000,66240,8,TPEX_CSV,2026-08-26 14:15:34 +0800
1150826,2026-08-26,上櫃,6265,方土昶,58.60,-0.80,59.80,60.70,58.50,4980000,294817800,3306,TPEX_CSV,2026-08-26 14:15:34 +0800
1150826,2026-08-26,上櫃,6266,泰詠,25.20,+0.05,25.00,25.20,24.95,133000,3330000,69,TPEX_CSV,2026-08-26 14:15:34 +0800
1150826,2026-08-26,上櫃,6270,倍微,29.60,+0.50,29.15,29.70,29.15,92000,2715050,65,TPEX_CSV,2026-08-26 14:15:34 +0800
1150826,2026-08-26,上櫃,6274,台燿,1530.00,+45.00,1475.00,1560.00,1465.00,5584000,8522335000,4573,TPEX_CSV,2026-08-26 14:15:34 +0800
1150826,2026-08-26,上櫃,6275,元山,44.70,+0.35,44.45,44.85,44.35,93000,4152250,78,TPEX_CSV,2026-08-26 14:15:34 +0800
1150826,2026-08-26,上櫃,6276,安鈦克,20.25,-0.45,21.55,21.55,20.25,24000,496550,24,TPEX_CSV,2026-08-26 14:15:34 +0800
1150826,2026-08-26,上櫃,6279,胡連,127.00,-0.50,127.00,128.50,127.00,332000,42345500,243,TPEX_CSV,2026-08-26 14:15:34 +0800
1150826,2026-08-26,上櫃,6284,佳邦,78.20,+1.20,76.80,78.80,76.50,944000,73072400,689,TPEX_CSV,2026-08-26 14:15:34 +0800
1150826,2026-08-26,上櫃,6290,良維,241.00,+2.00,233.00,244.00,232.50,6158000,1469312500,4651,TPEX_CSV,2026-08-26 14:15:34 +0800
1150826,2026-08-26,上櫃,6291,沛亨,400.00,+16.50,384.00,407.50,381.00,962000,378864500,854,TPEX_CSV,2026-08-26 14:15:34 +0800
1150826,2026-08-26,上櫃,6292,迅德,62.30,+1.30,61.20,66.20,60.60,414000,26275400,286,TPEX_CSV,2026-08-26 14:15:34 +0800
1150826,2026-08-26,上櫃,6294,智基,28.70,+0.05,28.75,28.75,28.65,16000,459200,11,TPEX_CSV,2026-08-26 14:15:34 +0800
1150826,2026-08-26,上櫃,6411,晶焱,80.10,+2.30,78.90,80.70,78.70,378000,30242700,323,TPEX_CSV,2026-08-26 14:15:34 +0800
1150826,2026-08-26,上櫃,6417,韋僑,107.00,-1.00,108.00,108.00,107.00,20000,2149000,17,TPEX_CSV,2026-08-26 14:15:34 +0800
1150826,2026-08-26,上櫃,6418,詠昇,33.80,+0.80,33.90,33.90,33.20,61000,2043250,53,TPEX_CSV,2026-08-26 14:15:34 +0800
1150826,2026-08-26,上櫃,6419,京晨科,154.00,+1.00,153.50,155.00,153.00,151000,23250000,137,TPEX_CSV,2026-08-26 14:15:34 +0800
1150826,2026-08-26,上櫃,6423,億而得,81.20,+1.60,80.40,81.70,77.50,49000,3927700,48,TPEX_CSV,2026-08-26 14:15:34 +0800
1150826,2026-08-26,上櫃,6425,易發,62.90,+4.10,58.80,64.00,58.80,875000,54690300,687,TPEX_CSV,2026-08-26 14:15:34 +0800
1150826,2026-08-26,上櫃,6432,今展科,63.30,+1.30,62.30,63.50,61.80,368000,23097700,290,TPEX_CSV,2026-08-26 14:15:34 +0800
1150826,2026-08-26,上櫃,6435,大中,263.00,+1.50,261.00,268.50,256.50,994000,262330000,862,TPEX_CSV,2026-08-26 14:15:34 +0800
1150826,2026-08-26,上櫃,6441,廣錠,21.35,+0.10,21.40,21.90,21.20,27000,576750,23,TPEX_CSV,2026-08-26 14:15:34 +0800
1150826,2026-08-26,上櫃,6461,益得,16.20,+0.35,15.80,16.25,15.80,111000,1790300,67,TPEX_CSV,2026-08-26 14:15:34 +0800
1150826,2026-08-26,上櫃,6462,神盾,100.00,+0.60,100.50,101.50,100.00,395000,39691500,279,TPEX_CSV,2026-08-26 14:15:34 +0800
1150826,2026-08-26,上櫃,6465,威潤,45.20,-0.35,45.70,45.70,44.90,88000,3974150,72,TPEX_CSV,2026-08-26 14:15:34 +0800
1150826,2026-08-26,上櫃,6469,大樹,68.90,+0.30,68.80,69.30,68.20,203000,13957100,182,TPEX_CSV,2026-08-26 14:15:34 +0800
1150826,2026-08-26,上櫃,6470,宇智,41.85,+0.15,41.30,42.50,41.25,55000,2298350,26,TPEX_CSV,2026-08-26 14:15:34 +0800
1150826,2026-08-26,上櫃,6474,華豫寧,39.30,+0.50,38.85,39.80,38.85,168000,6623000,88,TPEX_CSV,2026-08-26 14:15:34 +0800
1150826,2026-08-26,上櫃,6482,弘煜科,25.00,0.00,25.00,25.30,25.00,20000,503250,19,TPEX_CSV,2026-08-26 14:15:34 +0800
1150826,2026-08-26,上櫃,6485,點序,62.00,+2.60,60.50,62.00,60.00,245000,14898700,167,TPEX_CSV,2026-08-26 14:15:34 +0800
1150826,2026-08-26,上櫃,6486,互動,75.50,+1.40,74.20,75.50,74.20,109000,8174400,86,TPEX_CSV,2026-08-26 14:15:34 +0800
1150826,2026-08-26,上櫃,6488,環球晶,949.00,-31.00,961.00,972.00,941.00,9107000,8679291000,7867,TPEX_CSV,2026-08-26 14:15:34 +0800
1150826,2026-08-26,上櫃,6492,生華科,35.70,+0.20,35.85,36.80,35.60,452000,16307000,349,TPEX_CSV,2026-08-26 14:15:34 +0800
1150826,2026-08-26,上櫃,6494,九齊,55.00,+1.70,53.90,55.00,53.40,155000,8383600,118,TPEX_CSV,2026-08-26 14:15:34 +0800
1150826,2026-08-26,上櫃,6496,科懋,24.90,+0.40,24.60,24.95,24.50,7000,173200,7,TPEX_CSV,2026-08-26 14:15:34 +0800
1150826,2026-08-26,上櫃,6498,久禾光,75.20,+1.30,74.30,76.80,74.30,153000,11531500,128,TPEX_CSV,2026-08-26 14:15:34 +0800
1150826,2026-08-26,上櫃,6499,益安,71.50,+6.10,67.80,71.90,67.80,737000,52813100,425,TPEX_CSV,2026-08-26 14:15:34 +0800
1150826,2026-08-26,上櫃,6506,雙邦,17.60,+0.05,17.55,17.70,17.55,20000,352250,17,TPEX_CSV,2026-08-26 14:15:34 +0800
1150826,2026-08-26,上櫃,6508,惠光,26.10,+0.10,26.10,26.30,25.80,18000,468550,16,TPEX_CSV,2026-08-26 14:15:34 +0800
1150826,2026-08-26,上櫃,6509,聚和,45.40,+0.60,44.55,45.65,44.55,547000,24741850,340,TPEX_CSV,2026-08-26 14:15:34 +0800
1150826,2026-08-26,上櫃,6510,精測,2620.00,-60.00,2700.00,2725.00,2580.00,398000,1050950000,386,TPEX_CSV,2026-08-26 14:15:34 +0800
1150826,2026-08-26,上櫃,6512,啟發電,----,---,----,----,----,0,0,0,TPEX_CSV,2026-08-26 14:15:34 +0800
1150826,2026-08-26,上櫃,6516,勤崴國際,57.50,0.00,57.80,57.80,57.00,36000,2060100,34,TPEX_CSV,2026-08-26 14:15:34 +0800
1150826,2026-08-26,上櫃,6517,保勝光學,71.30,+6.10,66.30,71.70,65.60,2714000,191719400,1828,TPEX_CSV,2026-08-26 14:15:34 +0800
1150826,2026-08-26,上櫃,6523,達爾膚,89.90,-0.10,89.80,89.90,89.50,10000,897500,10,TPEX_CSV,2026-08-26 14:15:34 +0800
1150826,2026-08-26,上櫃,6527,明達醫,75.50,-0.10,75.50,75.60,75.50,11000,830700,5,TPEX_CSV,2026-08-26 14:15:34 +0800
1150826,2026-08-26,上櫃,6530,創威,85.60,+1.00,83.70,89.70,83.70,1933000,167134000,1595,TPEX_CSV,2026-08-26 14:15:34 +0800
1150826,2026-08-26,上櫃,6532,瑞耘,89.40,+0.10,89.30,90.30,88.30,390000,34858200,306,TPEX_CSV,2026-08-26 14:15:34 +0800
1150826,2026-08-26,上櫃,6535,順藥,82.50,+5.00,78.50,84.60,76.90,446000,35906900,388,TPEX_CSV,2026-08-26 14:15:34 +0800
1150826,2026-08-26,上櫃,6538,倉和,212.00,+6.50,201.00,217.00,198.00,2444000,504642500,1890,TPEX_CSV,2026-08-26 14:15:34 +0800
1150826,2026-08-26,上櫃,6542,隆中,45.40,+1.10,44.25,45.40,44.25,4000,178150,3,TPEX_CSV,2026-08-26 14:15:34 +0800
1150826,2026-08-26,上櫃,6546,正基,63.30,+0.90,62.60,64.00,62.40,174000,11008000,125,TPEX_CSV,2026-08-26 14:15:34 +0800
1150826,2026-08-26,上櫃,6547,高端疫苗,61.90,+5.60,59.10,61.90,59.10,10171000,626199000,3336,TPEX_CSV,2026-08-26 14:15:34 +0800
1150826,2026-08-26,上櫃,6548,長科*,74.10,+3.80,71.00,76.40,70.50,5122000,380915400,3449,TPEX_CSV,2026-08-26 14:15:34 +0800
1150826,2026-08-26,上櫃,6556,勝品,61.90,-0.10,62.00,62.00,60.70,6000,367400,6,TPEX_CSV,2026-08-26 14:15:34 +0800
1150826,2026-08-26,上櫃,6560,欣普羅,31.15,+0.20,30.95,31.15,30.75,9000,278750,9,TPEX_CSV,2026-08-26 14:15:34 +0800
1150826,2026-08-26,上櫃,6561,是方,320.00,-2.00,322.00,323.50,320.00,25000,8033000,22,TPEX_CSV,2026-08-26 14:15:34 +0800
1150826,2026-08-26,上櫃,6568,宏觀,131.50,+4.00,127.00,132.50,127.00,61000,7978500,59,TPEX_CSV,2026-08-26 14:15:34 +0800
1150826,2026-08-26,上櫃,6569,醫揚,91.80,+0.50,91.30,92.50,91.30,38000,3490600,34,TPEX_CSV,2026-08-26 14:15:34 +0800
1150826,2026-08-26,上櫃,6570,維田,52.70,-0.20,53.00,53.50,52.70,52000,2752700,35,TPEX_CSV,2026-08-26 14:15:34 +0800
1150826,2026-08-26,上櫃,6574,霈方,121.00,+2.50,119.50,121.00,118.00,38000,4523500,37,TPEX_CSV,2026-08-26 14:15:34 +0800
1150826,2026-08-26,上櫃,6576,逸達,80.20,+0.80,79.00,80.20,78.80,75000,5977900,52,TPEX_CSV,2026-08-26 14:15:34 +0800
1150826,2026-08-26,上櫃,6577,勁豐,80.80,+0.80,80.70,80.80,80.10,31000,2491000,20,TPEX_CSV,2026-08-26 14:15:34 +0800
1150826,2026-08-26,上櫃,6578,達邦蛋白,18.00,-0.05,18.20,18.20,17.85,14000,251400,13,TPEX_CSV,2026-08-26 14:15:34 +0800
1150826,2026-08-26,上櫃,6584,南俊國際,604.00,+10.00,593.00,608.00,593.00,273000,164216000,255,TPEX_CSV,2026-08-26 14:15:34 +0800
1150826,2026-08-26,上櫃,6588,東典光電,114.50,+3.00,113.00,118.00,112.00,7670000,879760000,5734,TPEX_CSV,2026-08-26 14:15:34 +0800
1150826,2026-08-26,上櫃,6590,普鴻,64.50,0.00,65.00,65.00,64.50,4000,259000,4,TPEX_CSV,2026-08-26 14:15:34 +0800
1150826,2026-08-26,上櫃,6593,台灣銘板,32.40,+0.25,33.00,33.00,32.15,28000,905550,19,TPEX_CSV,2026-08-26 14:15:34 +0800
1150826,2026-08-26,上櫃,6596,寬宏藝術,96.10,-0.20,96.10,96.20,95.50,58000,5561100,46,TPEX_CSV,2026-08-26 14:15:34 +0800
1150826,2026-08-26,上櫃,6597,立誠,74.50,+2.30,74.50,74.50,74.50,2000,149000,2,TPEX_CSV,2026-08-26 14:15:34 +0800
1150826,2026-08-26,上櫃,6603,富強鑫,25.80,-0.45,26.60,26.70,25.80,1113000,29095400,638,TPEX_CSV,2026-08-26 14:15:34 +0800
1150826,2026-08-26,上櫃,6609,瀧澤科,39.75,+0.20,39.10,39.85,39.10,84000,3328000,62,TPEX_CSV,2026-08-26 14:15:34 +0800
1150826,2026-08-26,上櫃,6612,奈米醫材,70.60,除權息,66.50,72.00,66.50,48000,3331900,42,TPEX_CSV,2026-08-26 14:15:34 +0800
1150826,2026-08-26,上櫃,6613,朋億*,260.50,+13.00,248.00,262.50,247.50,462000,118519000,328,TPEX_CSV,2026-08-26 14:15:34 +0800
1150826,2026-08-26,上櫃,6615,慧智,34.40,+0.45,34.85,34.85,34.40,2000,69250,2,TPEX_CSV,2026-08-26 14:15:34 +0800
1150826,2026-08-26,上櫃,6616,特昇-KY,8.26,-0.06,8.58,8.58,8.26,21000,174600,15,TPEX_CSV,2026-08-26 14:15:34 +0800
1150826,2026-08-26,上櫃,6617,共信-KY,127.00,+11.50,116.00,127.00,115.50,1653000,205087000,1101,TPEX_CSV,2026-08-26 14:15:34 +0800
1150826,2026-08-26,上櫃,6620,漢達,75.80,+1.20,74.60,77.10,74.60,187000,14200200,154,TPEX_CSV,2026-08-26 14:15:34 +0800
1150826,2026-08-26,上櫃,6624,萬年清,42.00,-0.80,43.95,43.95,42.00,3000,127950,3,TPEX_CSV,2026-08-26 14:15:34 +0800
1150826,2026-08-26,上櫃,6629,泰金-KY,112.00,+1.50,110.50,112.00,110.00,13000,1444000,13,TPEX_CSV,2026-08-26 14:15:34 +0800
1150826,2026-08-26,上櫃,6637,醫影,62.70,+0.10,63.40,63.40,62.40,105000,6576600,80,TPEX_CSV,2026-08-26 14:15:34 +0800
1150826,2026-08-26,上櫃,6640,均華,1005.00,+25.00,974.00,1020.00,974.00,178000,178719000,172,TPEX_CSV,2026-08-26 14:15:34 +0800
1150826,2026-08-26,上櫃,6642,富致,78.00,+1.40,76.60,78.30,76.60,92000,7134200,77,TPEX_CSV,2026-08-26 14:15:34 +0800
1150826,2026-08-26,上櫃,6643,M31,433.00,+18.50,417.50,443.00,415.00,409000,177307500,376,TPEX_CSV,2026-08-26 14:15:34 +0800
1150826,2026-08-26,上櫃,6649,台生材,34.95,-0.40,35.00,36.35,34.95,24000,845900,24,TPEX_CSV,2026-08-26 14:15:34 +0800
1150826,2026-08-26,上櫃,6651,全宇昕,151.00,+9.00,142.00,152.50,140.50,557000,81912000,386,TPEX_CSV,2026-08-26 14:15:34 +0800
1150826,2026-08-26,上櫃,6654,天正國際,163.00,0.00,165.00,165.50,162.00,9000,1474500,9,TPEX_CSV,2026-08-26 14:15:34 +0800
1150826,2026-08-26,上櫃,6661,威健生技,16.50,-0.60,17.05,17.05,16.50,7000,116700,5,TPEX_CSV,2026-08-26 14:15:34 +0800
1150826,2026-08-26,上櫃,6662,樂斯科,29.35,+0.05,29.35,29.35,29.35,1000,29350,1,TPEX_CSV,2026-08-26 14:15:34 +0800
1150826,2026-08-26,上櫃,6664,群翊,355.50,+9.50,346.00,358.00,343.50,319000,112013000,284,TPEX_CSV,2026-08-26 14:15:34 +0800
1150826,2026-08-26,上櫃,6667,信紘科,221.00,+2.50,220.00,222.00,219.50,86000,18978500,79,TPEX_CSV,2026-08-26 14:15:34 +0800
1150826,2026-08-26,上櫃,6679,鈺太,200.00,+2.00,198.00,203.00,198.00,151000,30238500,125,TPEX_CSV,2026-08-26 14:15:34 +0800
1150826,2026-08-26,上櫃,6680,鑫創電子,51.60,+1.00,50.60,51.60,50.60,2000,102200,2,TPEX_CSV,2026-08-26 14:15:34 +0800
1150826,2026-08-26,上櫃,6683,雍智科技,1135.00,+5.00,1130.00,1145.00,1110.00,452000,508995000,411,TPEX_CSV,2026-08-26 14:15:34 +0800
1150826,2026-08-26,上櫃,6684,安格,47.00,+0.85,49.25,49.25,46.80,107000,5071250,87,TPEX_CSV,2026-08-26 14:15:34 +0800
1150826,2026-08-26,上櫃,6690,安碁資訊,164.00,-0.50,165.00,165.00,163.50,32000,5245500,30,TPEX_CSV,2026-08-26 14:15:34 +0800
1150826,2026-08-26,上櫃,6692,進能服,24.15,0.00,24.35,24.45,23.85,11000,265600,11,TPEX_CSV,2026-08-26 14:15:34 +0800
1150826,2026-08-26,上櫃,6693,廣閎科,168.00,+2.50,166.00,169.00,164.00,569000,94901500,485,TPEX_CSV,2026-08-26 14:15:34 +0800
1150826,2026-08-26,上櫃,6697,東捷資訊,----,---,----,----,----,0,0,0,TPEX_CSV,2026-08-26 14:15:34 +0800
1150826,2026-08-26,上櫃,6703,軒郁,103.50,+0.50,103.50,103.50,103.00,16000,1654000,14,TPEX_CSV,2026-08-26 14:15:34 +0800
1150826,2026-08-26,上櫃,6708,天擎,37.55,-0.25,37.80,38.40,37.00,34000,1271000,27,TPEX_CSV,2026-08-26 14:15:34 +0800
1150826,2026-08-26,上櫃,6712,長聖,158.00,+2.00,157.00,161.00,156.50,403000,63941500,351,TPEX_CSV,2026-08-26 14:15:34 +0800
1150826,2026-08-26,上櫃,6716,應廣,126.50,-1.00,127.00,129.00,120.50,765000,94961500,605,TPEX_CSV,2026-08-26 14:15:34 +0800
1150826,2026-08-26,上櫃,6720,久昌,135.50,+1.50,135.50,135.50,135.50,6000,813000,6,TPEX_CSV,2026-08-26 14:15:34 +0800
1150826,2026-08-26,上櫃,6721,信實,52.50,-0.10,52.60,52.60,52.50,12000,630100,3,TPEX_CSV,2026-08-26 14:15:34 +0800
1150826,2026-08-26,上櫃,6725,矽科宏晟,226.00,+3.00,228.00,230.00,223.50,52000,11777500,46,TPEX_CSV,2026-08-26 14:15:34 +0800
1150826,2026-08-26,上櫃,6727,亞泰金屬,483.00,+12.50,472.50,505.00,461.50,2287000,1102110000,2005,TPEX_CSV,2026-08-26 14:15:34 +0800
1150826,2026-08-26,上櫃,6728,上洋,108.50,-0.50,109.00,109.00,108.50,3000,326500,2,TPEX_CSV,2026-08-26 14:15:34 +0800
1150826,2026-08-26,上櫃,6730,常廣,32.90,-0.35,32.90,32.95,32.90,10000,329050,6,TPEX_CSV,2026-08-26 14:15:34 +0800
1150826,2026-08-26,上櫃,6732,昇佳電子,155.00,+5.50,150.50,155.50,150.50,159000,24467000,125,TPEX_CSV,2026-08-26 14:15:34 +0800
1150826,2026-08-26,上櫃,6733,博晟生醫,26.15,+0.60,25.80,26.40,25.80,110000,2874600,68,TPEX_CSV,2026-08-26 14:15:34 +0800
1150826,2026-08-26,上櫃,6735,美達科技,63.00,+0.60,60.90,63.60,60.90,78000,4878600,69,TPEX_CSV,2026-08-26 14:15:34 +0800
1150826,2026-08-26,上櫃,6739,竹陞科技,999.00,+39.00,965.00,999.00,965.00,61000,60147000,59,TPEX_CSV,2026-08-26 14:15:34 +0800
1150826,2026-08-26,上櫃,6741,91APP*-KY,58.10,+0.80,57.30,58.10,56.90,308000,17711400,271,TPEX_CSV,2026-08-26 14:15:34 +0800
1150826,2026-08-26,上櫃,6751,智聯服務,41.75,+0.35,41.40,41.75,41.00,12000,498050,8,TPEX_CSV,2026-08-26 14:15:34 +0800
1150826,2026-08-26,上櫃,6752,叡揚,96.50,-0.30,96.50,96.50,96.50,2000,193000,2,TPEX_CSV,2026-08-26 14:15:34 +0800
1150826,2026-08-26,上櫃,6761,穩得,187.00,+6.00,184.00,188.00,182.00,402000,74713000,317,TPEX_CSV,2026-08-26 14:15:34 +0800
1150826,2026-08-26,上櫃,6762,達亞,164.00,0.00,164.00,164.00,164.00,1000,164000,1,TPEX_CSV,2026-08-26 14:15:34 +0800
1150826,2026-08-26,上櫃,6763,綠界科技*,41.85,+0.15,41.70,42.10,41.50,139000,5802250,92,TPEX_CSV,2026-08-26 14:15:34 +0800
1150826,2026-08-26,上櫃,6767,台微醫,25.10,+0.10,25.10,25.10,25.10,1000,25100,1,TPEX_CSV,2026-08-26 14:15:34 +0800
1150826,2026-08-26,上櫃,6785,昱展新藥,99.30,+3.60,95.80,99.80,95.70,50000,4913100,43,TPEX_CSV,2026-08-26 14:15:34 +0800
1150826,2026-08-26,上櫃,6788,華景電,359.00,+6.00,351.00,361.50,351.00,120000,42956500,114,TPEX_CSV,2026-08-26 14:15:34 +0800
1150826,2026-08-26,上櫃,6791,虎門科技,101.50,+0.50,101.00,102.00,101.00,7000,711500,7,TPEX_CSV,2026-08-26 14:15:34 +0800
1150826,2026-08-26,上櫃,6803,崑鼎,268.50,-0.50,270.00,270.00,268.00,28000,7530500,28,TPEX_CSV,2026-08-26 14:15:34 +0800
1150826,2026-08-26,上櫃,6804,明係,18.55,+0.30,18.20,18.75,18.20,104000,1913600,50,TPEX_CSV,2026-08-26 14:15:34 +0800
1150826,2026-08-26,上櫃,6811,宏碁資訊,228.50,+3.00,228.00,228.50,226.00,39000,8858000,38,TPEX_CSV,2026-08-26 14:15:34 +0800
1150826,2026-08-26,上櫃,6821,聯寶,42.10,+1.05,41.50,42.45,40.95,138000,5784350,84,TPEX_CSV,2026-08-26 14:15:34 +0800
1150826,2026-08-26,上櫃,6823,濾能,61.80,-0.80,61.60,62.60,61.00,105000,6460400,91,TPEX_CSV,2026-08-26 14:15:34 +0800
1150826,2026-08-26,上櫃,6829,千附精密,239.00,+21.50,219.00,239.00,218.00,1649000,385436000,1258,TPEX_CSV,2026-08-26 14:15:34 +0800
1150826,2026-08-26,上櫃,6840,東研信超,91.70,+8.30,83.80,91.70,83.40,993000,88939100,631,TPEX_CSV,2026-08-26 14:15:34 +0800
1150826,2026-08-26,上櫃,6841,長佳智能,53.20,-0.30,53.80,53.80,53.00,298000,15867600,209,TPEX_CSV,2026-08-26 14:15:34 +0800
1150826,2026-08-26,上櫃,6843,進典,38.90,0.00,37.80,38.90,37.80,11000,424650,10,TPEX_CSV,2026-08-26 14:15:34 +0800
1150826,2026-08-26,上櫃,6844,諾貝兒,60.40,+0.10,59.60,60.40,59.60,25000,1499700,21,TPEX_CSV,2026-08-26 14:15:34 +0800
1150826,2026-08-26,上櫃,6846,綠茵,57.70,0.00,57.70,57.70,57.70,1000,57700,1,TPEX_CSV,2026-08-26 14:15:34 +0800
1150826,2026-08-26,上櫃,6855,數泓科,118.50,+3.50,113.00,118.50,112.00,12000,1367000,10,TPEX_CSV,2026-08-26 14:15:34 +0800
1150826,2026-08-26,上櫃,6856,鑫傳,----,---,----,----,----,0,0,0,TPEX_CSV,2026-08-26 14:15:34 +0800
1150826,2026-08-26,上櫃,6859,伯特光,109.00,+1.50,108.00,109.00,107.00,14000,1509000,14,TPEX_CSV,2026-08-26 14:15:34 +0800
1150826,2026-08-26,上櫃,6865,偉康科技,25.50,0.00,25.45,25.60,25.45,6000,153050,6,TPEX_CSV,2026-08-26 14:15:34 +0800
1150826,2026-08-26,上櫃,6870,騰雲,260.50,+1.50,266.50,266.50,255.00,36000,9313000,35,TPEX_CSV,2026-08-26 14:15:34 +0800
1150826,2026-08-26,上櫃,6872,浩宇生醫,15.05,-0.30,15.25,15.25,15.05,10000,150850,8,TPEX_CSV,2026-08-26 14:15:34 +0800
1150826,2026-08-26,上櫃,6874,倍力,80.50,+0.50,80.20,81.10,79.80,30000,2403800,22,TPEX_CSV,2026-08-26 14:15:34 +0800
1150826,2026-08-26,上櫃,6875,國邑*,33.00,+1.00,32.20,33.00,32.00,25000,814700,21,TPEX_CSV,2026-08-26 14:15:34 +0800
1150826,2026-08-26,上櫃,6877,鏵友益,118.00,+3.50,114.50,119.00,113.50,49000,5683500,47,TPEX_CSV,2026-08-26 14:15:34 +0800
1150826,2026-08-26,上櫃,6881,潤德,218.00,+0.50,218.00,218.00,218.00,1000,218000,1,TPEX_CSV,2026-08-26 14:15:34 +0800
1150826,2026-08-26,上櫃,6884,海柏特,30.50,0.00,30.45,30.50,30.45,3000,91450,3,TPEX_CSV,2026-08-26 14:15:34 +0800
1150826,2026-08-26,上櫃,6894,衛司特,330.00,+6.00,327.50,332.00,327.00,21000,6910000,21,TPEX_CSV,2026-08-26 14:15:34 +0800
1150826,2026-08-26,上櫃,6895,宏碩系統,141.00,+4.50,137.00,141.50,137.00,39000,5420500,34,TPEX_CSV,2026-08-26 14:15:34 +0800
1150826,2026-08-26,上櫃,6899,創為精密,50.20,+0.20,50.50,50.50,50.20,16000,804700,11,TPEX_CSV,2026-08-26 14:15:34 +0800
1150826,2026-08-26,上櫃,6903,巨漢,313.50,+7.50,308.50,315.00,306.50,212000,66109500,185,TPEX_CSV,2026-08-26 14:15:34 +0800
1150826,2026-08-26,上櫃,6904,伯鑫,----,---,----,----,----,0,0,0,TPEX_CSV,2026-08-26 14:15:34 +0800
1150826,2026-08-26,上櫃,6907,雅特力-KY,189.50,+7.50,183.50,190.50,183.00,1473000,276079500,1251,TPEX_CSV,2026-08-26 14:15:34 +0800
1150826,2026-08-26,上櫃,6910,德鴻,24.60,+0.15,24.70,24.75,24.40,19000,466400,19,TPEX_CSV,2026-08-26 14:15:34 +0800
1150826,2026-08-26,上櫃,6913,鴻呈,144.00,+4.00,140.00,144.50,138.50,187000,26575500,163,TPEX_CSV,2026-08-26 14:15:34 +0800
1150826,2026-08-26,上櫃,6922,宸曜,207.50,+3.50,205.00,209.50,203.50,130000,26886500,123,TPEX_CSV,2026-08-26 14:15:34 +0800
1150826,2026-08-26,上櫃,6925,意藍,50.20,-0.20,50.80,50.90,50.20,19000,962600,15,TPEX_CSV,2026-08-26 14:15:34 +0800
1150826,2026-08-26,上櫃,6929,佑全,23.45,+0.25,22.75,23.45,22.75,6000,137900,6,TPEX_CSV,2026-08-26 14:15:34 +0800
1150826,2026-08-26,上櫃,6945,圓祥生技,101.50,+1.50,100.00,103.00,100.00,167000,16999000,93,TPEX_CSV,2026-08-26 14:15:34 +0800
1150826,2026-08-26,上櫃,6953,家碩,238.00,+8.00,234.50,240.50,230.00,50000,11794000,46,TPEX_CSV,2026-08-26 14:15:34 +0800
1150826,2026-08-26,上櫃,6961,旅天下,51.20,-0.20,50.80,51.20,50.80,8000,407100,8,TPEX_CSV,2026-08-26 14:15:34 +0800
1150826,2026-08-26,上櫃,6967,汎瑋材料,72.50,-0.10,72.10,73.50,71.40,40000,2906900,36,TPEX_CSV,2026-08-26 14:15:34 +0800
1150826,2026-08-26,上櫃,6968,萬達寵物,41.60,+0.10,41.60,41.60,41.20,38000,1572300,32,TPEX_CSV,2026-08-26 14:15:34 +0800
1150826,2026-08-26,上櫃,6971,惠民實業,26.35,+0.20,26.25,26.40,26.25,43000,1131900,26,TPEX_CSV,2026-08-26 14:15:34 +0800
1150826,2026-08-26,上櫃,6982,大井泵浦,48.25,+0.15,48.20,48.25,47.60,13000,623300,11,TPEX_CSV,2026-08-26 14:15:34 +0800
1150826,2026-08-26,上櫃,6983,華洋精機,319.50,+29.00,302.50,319.50,299.00,87000,26961000,81,TPEX_CSV,2026-08-26 14:15:34 +0800
1150826,2026-08-26,上櫃,6986,和迅,41.75,-0.55,41.90,42.30,41.65,31000,1300350,21,TPEX_CSV,2026-08-26 14:15:34 +0800
1150826,2026-08-26,上櫃,6996,力領科技,180.50,+2.00,179.50,181.00,179.50,67000,12074500,52,TPEX_CSV,2026-08-26 14:15:34 +0800
1150826,2026-08-26,上櫃,6997,博弘,68.60,+0.10,68.60,68.60,68.60,1000,68600,1,TPEX_CSV,2026-08-26 14:15:34 +0800
1150826,2026-08-26,上櫃,7402,邑錡,110.00,+4.00,107.00,113.00,107.00,671000,74016000,506,TPEX_CSV,2026-08-26 14:15:34 +0800
1150826,2026-08-26,上櫃,7547,碩網,51.10,0.00,51.10,51.10,50.50,27000,1375400,18,TPEX_CSV,2026-08-26 14:15:34 +0800
1150826,2026-08-26,上櫃,7556,意德士,257.00,+8.00,249.00,258.00,249.00,48000,12227000,47,TPEX_CSV,2026-08-26 14:15:34 +0800
1150826,2026-08-26,上櫃,7584,樂意,27.55,+1.45,26.95,27.85,26.95,6000,165250,6,TPEX_CSV,2026-08-26 14:15:34 +0800
1150826,2026-08-26,上櫃,7642,昶瑞機電,79.20,+0.70,77.70,79.30,76.90,22000,1707800,21,TPEX_CSV,2026-08-26 14:15:34 +0800
1150826,2026-08-26,上櫃,7703,銳澤,183.00,+5.50,178.50,183.00,178.50,118000,21413500,63,TPEX_CSV,2026-08-26 14:15:34 +0800
1150826,2026-08-26,上櫃,7704,明遠精密,62.90,+0.30,62.40,62.90,62.10,9000,563200,9,TPEX_CSV,2026-08-26 14:15:34 +0800
1150826,2026-08-26,上櫃,7708,全家餐飲,----,---,----,----,----,0,0,0,TPEX_CSV,2026-08-26 14:15:34 +0800
1150826,2026-08-26,上櫃,7709,榮田,69.20,-0.10,69.30,69.60,68.10,51000,3507500,45,TPEX_CSV,2026-08-26 14:15:34 +0800
1150826,2026-08-26,上櫃,7712,博盛半導體,160.50,+13.50,147.50,161.50,147.50,1354000,212852000,1055,TPEX_CSV,2026-08-26 14:15:34 +0800
1150826,2026-08-26,上櫃,7713,威力德生醫,73.50,+0.60,74.00,74.40,73.00,16000,1178500,16,TPEX_CSV,2026-08-26 14:15:34 +0800
1150826,2026-08-26,上櫃,7714,創泓科技,182.00,+12.00,174.00,185.00,172.50,678000,121529500,596,TPEX_CSV,2026-08-26 14:15:34 +0800
1150826,2026-08-26,上櫃,7715,裕山,30.50,+0.35,30.85,30.85,29.50,27000,811850,23,TPEX_CSV,2026-08-26 14:15:34 +0800
1150826,2026-08-26,上櫃,7716,昱臺國際,24.00,0.00,23.90,24.00,23.80,3000,71700,3,TPEX_CSV,2026-08-26 14:15:34 +0800
1150826,2026-08-26,上櫃,7717,萊德光電-KY,417.50,+23.50,394.00,431.00,394.00,239000,98991000,213,TPEX_CSV,2026-08-26 14:15:34 +0800
1150826,2026-08-26,上櫃,7718,友鋮,47.35,+0.35,47.60,47.80,46.90,32000,1509200,21,TPEX_CSV,2026-08-26 14:15:34 +0800
1150826,2026-08-26,上櫃,7723,築間,18.95,-0.15,19.10,19.10,18.70,100000,1893000,61,TPEX_CSV,2026-08-26 14:15:34 +0800
1150826,2026-08-26,上櫃,7728,光焱科技,633.00,+35.00,598.00,656.00,598.00,54000,34128000,50,TPEX_CSV,2026-08-26 14:15:34 +0800
1150826,2026-08-26,上櫃,7734,印能科技,3100.00,+210.00,2890.00,3135.00,2890.00,277000,837835000,245,TPEX_CSV,2026-08-26 14:15:34 +0800
1150826,2026-08-26,上櫃,7738,東聯互動,171.00,+2.00,171.00,171.50,168.50,10000,1703000,10,TPEX_CSV,2026-08-26 14:15:34 +0800
1150826,2026-08-26,上櫃,7743,金利食安,20.50,0.00,20.50,20.50,20.50,2000,41000,1,TPEX_CSV,2026-08-26 14:15:34 +0800
1150826,2026-08-26,上櫃,7744,崴寶,490.00,-15.00,505.00,509.00,490.00,76000,37731500,70,TPEX_CSV,2026-08-26 14:15:34 +0800
1150826,2026-08-26,上櫃,7747,昕奇雲端,114.00,0.00,113.50,114.00,113.00,3000,340500,3,TPEX_CSV,2026-08-26 14:15:34 +0800
1150826,2026-08-26,上櫃,7751,竑騰,1805.00,-5.00,1825.00,1890.00,1740.00,647000,1178755000,605,TPEX_CSV,2026-08-26 14:15:34 +0800
1150826,2026-08-26,上櫃,7753,星亞,37.25,-0.05,37.20,37.60,37.20,20000,746250,13,TPEX_CSV,2026-08-26 14:15:34 +0800
1150826,2026-08-26,上櫃,7757,金色三麥,88.80,-0.10,88.60,88.80,88.60,3000,266100,3,TPEX_CSV,2026-08-26 14:15:34 +0800
1150826,2026-08-26,上櫃,7767,仁大資訊,45.45,+0.35,45.40,45.45,45.40,5000,227050,4,TPEX_CSV,2026-08-26 14:15:34 +0800
1150826,2026-08-26,上櫃,7770,君曜,36.50,-0.20,36.70,36.70,36.25,9000,328350,9,TPEX_CSV,2026-08-26 14:15:34 +0800
1150826,2026-08-26,上櫃,7772,耀穎,89.90,+4.70,85.90,91.20,85.20,63000,5587100,58,TPEX_CSV,2026-08-26 14:15:34 +0800
1150826,2026-08-26,上櫃,7777,能率亞洲,41.50,+3.75,38.80,41.50,38.60,6810000,280258500,3140,TPEX_CSV,2026-08-26 14:15:34 +0800
1150826,2026-08-26,上櫃,7782,光速火箭,25.65,-0.25,25.75,25.75,25.65,4000,102850,4,TPEX_CSV,2026-08-26 14:15:34 +0800
1150826,2026-08-26,上櫃,7792,安葆,305.00,+6.00,299.50,313.00,279.50,891000,263158000,732,TPEX_CSV,2026-08-26 14:15:34 +0800
1150826,2026-08-26,上櫃,7794,宏碁智新,28.50,-0.30,28.80,28.80,28.30,11000,313750,10,TPEX_CSV,2026-08-26 14:15:34 +0800
1150826,2026-08-26,上櫃,7805,威聯通,514.00,-7.00,516.00,520.00,509.00,66000,33931000,62,TPEX_CSV,2026-08-26 14:15:34 +0800
1150826,2026-08-26,上櫃,7810,捷創科技,218.50,+6.50,215.00,224.00,215.00,145000,31955500,136,TPEX_CSV,2026-08-26 14:15:34 +0800
1150826,2026-08-26,上櫃,7811,民盛,72.70,+0.10,72.60,72.70,72.60,6000,435900,5,TPEX_CSV,2026-08-26 14:15:34 +0800
1150826,2026-08-26,上櫃,7814,海昌生技,30.00,+0.15,29.80,30.90,29.60,40000,1204250,25,TPEX_CSV,2026-08-26 14:15:34 +0800
1150826,2026-08-26,上櫃,7819,精誠金融,34.35,-0.25,34.50,34.80,34.00,35000,1199050,28,TPEX_CSV,2026-08-26 14:15:34 +0800
1150826,2026-08-26,上櫃,7820,立盈,123.00,+2.00,121.50,123.50,121.50,35000,4295500,33,TPEX_CSV,2026-08-26 14:15:34 +0800
1150826,2026-08-26,上櫃,7828,創新服務,1580.00,+60.00,1520.00,1595.00,1485.00,83000,128975000,81,TPEX_CSV,2026-08-26 14:15:34 +0800
1150826,2026-08-26,上櫃,7839,達人網,45.00,0.00,44.05,45.00,43.90,12000,533000,12,TPEX_CSV,2026-08-26 14:15:34 +0800
1150826,2026-08-26,上櫃,7842,天能綠電,106.50,-1.00,105.00,108.00,104.00,41000,4334000,36,TPEX_CSV,2026-08-26 14:15:34 +0800
1150826,2026-08-26,上櫃,8024,佑華,13.10,0.00,13.20,13.20,12.95,40000,522700,26,TPEX_CSV,2026-08-26 14:15:34 +0800
1150826,2026-08-26,上櫃,8027,鈦昇,178.00,+8.50,169.00,182.00,167.50,3053000,541697000,2504,TPEX_CSV,2026-08-26 14:15:34 +0800
1150826,2026-08-26,上櫃,8032,光菱,36.45,+0.75,35.80,36.70,35.80,19000,690000,18,TPEX_CSV,2026-08-26 14:15:34 +0800
1150826,2026-08-26,上櫃,8034,榮群,19.95,+1.25,18.80,20.50,18.80,380000,7521200,263,TPEX_CSV,2026-08-26 14:15:34 +0800
1150826,2026-08-26,上櫃,8038,長園科,31.40,+0.70,30.70,31.40,30.50,97000,3012800,81,TPEX_CSV,2026-08-26 14:15:34 +0800
1150826,2026-08-26,上櫃,8040,九暘,72.00,+1.30,70.90,73.80,70.80,305000,22091000,224,TPEX_CSV,2026-08-26 14:15:34 +0800
1150826,2026-08-26,上櫃,8042,金山電,99.00,+0.10,99.00,100.50,97.10,1900000,188020200,1422,TPEX_CSV,2026-08-26 14:15:34 +0800
1150826,2026-08-26,上櫃,8043,蜜望實,134.00,+1.50,132.00,135.00,130.50,1458000,193670500,1236,TPEX_CSV,2026-08-26 14:15:34 +0800
1150826,2026-08-26,上櫃,8044,網家,24.80,-0.25,25.15,25.20,24.65,653000,16266850,362,TPEX_CSV,2026-08-26 14:15:34 +0800
1150826,2026-08-26,上櫃,8047,星雲,43.80,-1.40,45.20,45.20,43.40,5000,219600,5,TPEX_CSV,2026-08-26 14:15:34 +0800
1150826,2026-08-26,上櫃,8048,德勝,52.10,+0.20,51.90,52.50,51.70,57000,2966500,51,TPEX_CSV,2026-08-26 14:15:34 +0800
1150826,2026-08-26,上櫃,8049,晶采,24.40,+0.05,24.40,24.50,24.40,106000,2591650,57,TPEX_CSV,2026-08-26 14:15:34 +0800
1150826,2026-08-26,上櫃,8050,廣積,57.90,+0.60,58.10,58.10,57.20,751000,43369800,548,TPEX_CSV,2026-08-26 14:15:34 +0800
1150826,2026-08-26,上櫃,8054,安國,83.70,+2.30,82.30,83.90,81.70,788000,65594300,630,TPEX_CSV,2026-08-26 14:15:34 +0800
1150826,2026-08-26,上櫃,8059,凱碩,14.65,+1.30,14.65,14.65,14.55,685000,10034850,225,TPEX_CSV,2026-08-26 14:15:34 +0800
1150826,2026-08-26,上櫃,8064,東捷,103.50,+6.60,96.90,105.00,96.20,3422000,350076800,2564,TPEX_CSV,2026-08-26 14:15:34 +0800
1150826,2026-08-26,上櫃,8066,來思達,14.75,-0.05,14.75,14.80,14.70,13000,191950,13,TPEX_CSV,2026-08-26 14:15:34 +0800
1150826,2026-08-26,上櫃,8067,志旭,12.60,+0.40,12.60,12.60,12.60,1000,12600,1,TPEX_CSV,2026-08-26 14:15:34 +0800
1150826,2026-08-26,上櫃,8068,全達,17.00,0.00,17.00,17.10,16.85,54000,916950,40,TPEX_CSV,2026-08-26 14:15:34 +0800
1150826,2026-08-26,上櫃,8069,元太,160.00,+1.50,159.50,162.00,159.50,4098000,658357000,2666,TPEX_CSV,2026-08-26 14:15:34 +0800
1150826,2026-08-26,上櫃,8071,能率網通,24.40,+0.75,23.60,24.95,23.60,1005000,24678900,683,TPEX_CSV,2026-08-26 14:15:34 +0800
1150826,2026-08-26,上櫃,8074,鉅橡,56.90,+2.80,55.60,58.00,54.90,829000,46854000,578,TPEX_CSV,2026-08-26 14:15:34 +0800
1150826,2026-08-26,上櫃,8076,伍豐,23.40,+0.10,23.45,23.60,23.25,1013000,23636200,290,TPEX_CSV,2026-08-26 14:15:34 +0800
1150826,2026-08-26,上櫃,8077,洛碁,44.00,+4.00,41.30,44.00,41.30,17000,736800,16,TPEX_CSV,2026-08-26 14:15:34 +0800
1150826,2026-08-26,上櫃,8080,泰霖,28.00,0.00,28.00,28.00,27.90,8000,223500,3,TPEX_CSV,2026-08-26 14:15:34 +0800
1150826,2026-08-26,上櫃,8083,瑞穎,159.00,0.00,159.50,160.00,158.00,83000,13168500,63,TPEX_CSV,2026-08-26 14:15:34 +0800
1150826,2026-08-26,上櫃,8084,巨虹,46.80,除權,48.50,49.40,46.80,523000,25190250,322,TPEX_CSV,2026-08-26 14:15:34 +0800
1150826,2026-08-26,上櫃,8085,福華,15.25,+1.35,15.25,15.25,15.25,1198000,18269500,338,TPEX_CSV,2026-08-26 14:15:34 +0800
1150826,2026-08-26,上櫃,8086,宏捷科,117.00,+1.50,116.00,118.00,114.00,6632000,771699500,4302,TPEX_CSV,2026-08-26 14:15:34 +0800
1150826,2026-08-26,上櫃,8087,麗升能源,26.35,0.00,26.35,26.40,26.00,14000,365500,10,TPEX_CSV,2026-08-26 14:15:34 +0800
1150826,2026-08-26,上櫃,8088,品安,46.30,+0.20,46.40,46.70,46.15,402000,18667350,292,TPEX_CSV,2026-08-26 14:15:34 +0800
1150826,2026-08-26,上櫃,8089,康全電訊,17.95,-0.25,18.25,18.25,17.75,96000,1717400,53,TPEX_CSV,2026-08-26 14:15:34 +0800
1150826,2026-08-26,上櫃,8091,翔名,216.50,+1.50,215.00,218.50,212.50,254000,54717000,225,TPEX_CSV,2026-08-26 14:15:34 +0800
1150826,2026-08-26,上櫃,8092,建暐,13.80,+0.25,13.90,14.00,13.60,154000,2132000,87,TPEX_CSV,2026-08-26 14:15:34 +0800
1150826,2026-08-26,上櫃,8093,保銳,27.35,0.00,28.25,28.25,27.05,105000,2889850,74,TPEX_CSV,2026-08-26 14:15:34 +0800
1150826,2026-08-26,上櫃,8096,擎亞,108.00,+0.50,109.00,110.00,105.50,3324000,357358500,2227,TPEX_CSV,2026-08-26 14:15:34 +0800
1150826,2026-08-26,上櫃,8097,常珵,49.00,-0.45,49.05,49.50,49.00,13000,639250,9,TPEX_CSV,2026-08-26 14:15:34 +0800
1150826,2026-08-26,上櫃,8099,大世科,61.50,+2.60,59.30,61.80,58.60,1426000,84662600,356,TPEX_CSV,2026-08-26 14:15:34 +0800
1150826,2026-08-26,上櫃,8102,傑霖科技,67.20,-0.60,68.50,68.50,67.20,6000,406500,6,TPEX_CSV,2026-08-26 14:15:34 +0800
1150826,2026-08-26,上櫃,8107,大億金茂,12.45,+0.10,12.55,12.55,12.45,32000,400200,20,TPEX_CSV,2026-08-26 14:15:34 +0800
1150826,2026-08-26,上櫃,8109,博大,134.00,+5.50,129.50,136.00,129.50,705000,94159500,407,TPEX_CSV,2026-08-26 14:15:34 +0800
1150826,2026-08-26,上櫃,8111,立碁,64.20,-1.40,65.10,66.40,64.10,8963000,585108300,5789,TPEX_CSV,2026-08-26 14:15:34 +0800
1150826,2026-08-26,上櫃,8121,越峰,27.70,+0.75,27.10,27.70,27.10,444000,12197700,272,TPEX_CSV,2026-08-26 14:15:34 +0800
1150826,2026-08-26,上櫃,8147,正淩,123.50,+3.50,120.50,125.50,120.50,387000,47857000,121,TPEX_CSV,2026-08-26 14:15:34 +0800
1150826,2026-08-26,上櫃,8155,博智,350.50,+26.50,324.50,352.00,324.00,1007000,344310000,831,TPEX_CSV,2026-08-26 14:15:34 +0800
1150826,2026-08-26,上櫃,8171,天宇,20.20,+0.40,19.85,20.70,19.75,244000,4885800,100,TPEX_CSV,2026-08-26 14:15:34 +0800
1150826,2026-08-26,上櫃,8176,智捷,9.85,+0.11,9.80,9.89,9.78,72000,706490,33,TPEX_CSV,2026-08-26 14:15:34 +0800
1150826,2026-08-26,上櫃,8182,加高,40.95,-0.35,41.35,42.00,40.75,675000,27809200,545,TPEX_CSV,2026-08-26 14:15:34 +0800
1150826,2026-08-26,上櫃,8183,精星,29.00,0.00,29.10,29.35,28.95,145000,4224100,114,TPEX_CSV,2026-08-26 14:15:34 +0800
1150826,2026-08-26,上櫃,8227,巨有科技,168.50,+3.50,165.00,173.00,165.00,1667000,281050500,1308,TPEX_CSV,2026-08-26 14:15:34 +0800
1150826,2026-08-26,上櫃,8234,新漢,68.50,+2.20,67.50,68.70,67.10,505000,34421600,411,TPEX_CSV,2026-08-26 14:15:34 +0800
1150826,2026-08-26,上櫃,8240,華宏,45.90,+4.15,42.75,45.90,42.50,692000,31166850,417,TPEX_CSV,2026-08-26 14:15:34 +0800
1150826,2026-08-26,上櫃,8255,朋程,149.00,+3.00,146.00,152.00,146.00,361000,54066000,302,TPEX_CSV,2026-08-26 14:15:34 +0800
1150826,2026-08-26,上櫃,8272,全景軟體,62.80,+0.30,62.60,62.80,60.90,13000,808400,13,TPEX_CSV,2026-08-26 14:15:34 +0800
1150826,2026-08-26,上櫃,8277,商丞,8.15,+0.10,8.05,8.16,8.00,68000,551090,34,TPEX_CSV,2026-08-26 14:15:34 +0800
1150826,2026-08-26,上櫃,8279,生展,81.00,-1.80,82.80,82.80,79.90,285000,22891800,165,TPEX_CSV,2026-08-26 14:15:34 +0800
1150826,2026-08-26,上櫃,8284,三竹,67.10,+0.10,67.80,67.90,67.00,17000,1144800,14,TPEX_CSV,2026-08-26 14:15:34 +0800
1150826,2026-08-26,上櫃,8289,泰藝,47.10,+0.10,46.75,47.30,46.25,315000,14795900,230,TPEX_CSV,2026-08-26 14:15:34 +0800
1150826,2026-08-26,上櫃,8291,尚茂,36.55,+3.30,33.25,36.55,33.25,26000,935400,25,TPEX_CSV,2026-08-26 14:15:34 +0800
1150826,2026-08-26,上櫃,8299,群聯,2125.00,+40.00,2115.00,2125.00,2070.00,2711000,5704875000,2301,TPEX_CSV,2026-08-26 14:15:34 +0800
1150826,2026-08-26,上櫃,8342,益張,87.00,+1.00,86.00,87.00,86.00,5000,431000,4,TPEX_CSV,2026-08-26 14:15:34 +0800
1150826,2026-08-26,上櫃,8349,恒耀,39.15,0.00,39.20,39.20,39.00,28000,1095600,26,TPEX_CSV,2026-08-26 14:15:34 +0800
1150826,2026-08-26,上櫃,8354,冠好,17.50,-0.20,17.50,17.75,17.45,111000,1953000,39,TPEX_CSV,2026-08-26 14:15:34 +0800
1150826,2026-08-26,上櫃,8358,金居,449.50,+20.50,420.00,456.50,419.00,31477000,13913687000,25456,TPEX_CSV,2026-08-26 14:15:34 +0800
1150826,2026-08-26,上櫃,8383,千附,68.70,+5.20,64.20,69.40,64.20,2972000,200270900,2214,TPEX_CSV,2026-08-26 14:15:34 +0800
1150826,2026-08-26,上櫃,8390,金益鼎,102.00,+2.00,99.70,102.00,99.70,529000,53564700,322,TPEX_CSV,2026-08-26 14:15:34 +0800
1150826,2026-08-26,上櫃,8401,白紗科,22.90,-0.20,23.05,23.10,22.85,35000,802250,19,TPEX_CSV,2026-08-26 14:15:34 +0800
1150826,2026-08-26,上櫃,8403,盛弘,19.20,0.00,19.15,19.20,19.05,55000,1051900,44,TPEX_CSV,2026-08-26 14:15:34 +0800
1150826,2026-08-26,上櫃,8409,商之器,18.35,+0.45,18.35,18.35,18.35,5000,91750,3,TPEX_CSV,2026-08-26 14:15:34 +0800
1150826,2026-08-26,上櫃,8410,森田,30.50,除息,30.15,30.50,30.10,38000,1147200,29,TPEX_CSV,2026-08-26 14:15:34 +0800
1150826,2026-08-26,上櫃,8415,大國鋼,37.70,-0.45,38.15,38.15,37.55,593000,22376050,351,TPEX_CSV,2026-08-26 14:15:34 +0800
1150826,2026-08-26,上櫃,8416,實威,167.50,-1.00,167.50,168.00,167.00,7000,1172000,7,TPEX_CSV,2026-08-26 14:15:34 +0800
1150826,2026-08-26,上櫃,8421,旭源,13.60,-0.20,13.75,13.75,13.60,38000,520150,24,TPEX_CSV,2026-08-26 14:15:34 +0800
1150826,2026-08-26,上櫃,8423,保綠-KY,18.00,+0.15,17.85,18.00,17.85,5000,89400,3,TPEX_CSV,2026-08-26 14:15:34 +0800
1150826,2026-08-26,上櫃,8424,惠普,69.10,-0.20,69.10,69.20,69.00,7000,483400,6,TPEX_CSV,2026-08-26 14:15:34 +0800
1150826,2026-08-26,上櫃,8426,紅木-KY,21.10,+0.65,20.45,21.80,20.45,85000,1815100,65,TPEX_CSV,2026-08-26 14:15:34 +0800
1150826,2026-08-26,上櫃,8431,匯鑽科,46.05,+0.75,45.30,46.30,45.30,68000,3126750,62,TPEX_CSV,2026-08-26 14:15:34 +0800
1150826,2026-08-26,上櫃,8432,東生華,50.60,+0.20,50.80,50.80,50.10,19000,957100,18,TPEX_CSV,2026-08-26 14:15:34 +0800
1150826,2026-08-26,上櫃,8433,弘帆,56.10,-0.20,56.10,56.10,56.00,7000,392300,6,TPEX_CSV,2026-08-26 14:15:34 +0800
1150826,2026-08-26,上櫃,8435,鉅邁,53.60,+0.80,53.60,53.60,53.60,1000,53600,1,TPEX_CSV,2026-08-26 14:15:34 +0800
1150826,2026-08-26,上櫃,8436,大江,126.50,+2.00,125.50,127.00,124.50,1094000,138064000,815,TPEX_CSV,2026-08-26 14:15:34 +0800
1150826,2026-08-26,上櫃,8437,大地-KY,9.18,+0.02,9.16,9.48,9.08,12000,110170,11,TPEX_CSV,2026-08-26 14:15:34 +0800
1150826,2026-08-26,上櫃,8440,綠電,20.55,-0.15,20.80,20.80,20.55,35000,721550,31,TPEX_CSV,2026-08-26 14:15:34 +0800
1150826,2026-08-26,上櫃,8444,綠河-KY,4.96,-0.04,5.00,5.00,4.96,18000,89870,11,TPEX_CSV,2026-08-26 14:15:34 +0800
1150826,2026-08-26,上櫃,8446,華研,85.30,+0.40,85.20,85.30,84.70,24000,2040800,21,TPEX_CSV,2026-08-26 14:15:34 +0800
1150826,2026-08-26,上櫃,8450,霹靂,14.60,+0.15,14.60,14.70,14.45,25000,363200,23,TPEX_CSV,2026-08-26 14:15:34 +0800
1150826,2026-08-26,上櫃,8455,大拓-KY,23.70,-0.30,24.80,24.80,23.20,7000,166650,7,TPEX_CSV,2026-08-26 14:15:34 +0800
1150826,2026-08-26,上櫃,8472,夠麻吉,66.90,-0.40,67.00,68.80,66.90,9000,606300,9,TPEX_CSV,2026-08-26 14:15:34 +0800
1150826,2026-08-26,上櫃,8477,創業家,15.55,-0.05,15.50,15.55,15.45,23000,356550,14,TPEX_CSV,2026-08-26 14:15:34 +0800
1150826,2026-08-26,上櫃,8489,三貝德,22.80,-0.05,22.75,22.80,22.55,50000,1128750,22,TPEX_CSV,2026-08-26 14:15:34 +0800
1150826,2026-08-26,上櫃,8905,裕國,34.85,-0.05,34.70,34.90,34.70,4000,139300,4,TPEX_CSV,2026-08-26 14:15:34 +0800
1150826,2026-08-26,上櫃,8906,花王,28.25,0.00,28.25,28.25,28.25,5000,141250,4,TPEX_CSV,2026-08-26 14:15:34 +0800
1150826,2026-08-26,上櫃,8908,欣雄,40.15,+0.05,40.00,40.50,39.80,26000,1043000,21,TPEX_CSV,2026-08-26 14:15:34 +0800
1150826,2026-08-26,上櫃,8916,光隆,40.85,+0.35,40.70,40.90,40.50,105000,4276100,62,TPEX_CSV,2026-08-26 14:15:34 +0800
1150826,2026-08-26,上櫃,8917,欣泰,53.50,+0.30,53.20,54.00,53.20,10000,536600,5,TPEX_CSV,2026-08-26 14:15:34 +0800
1150826,2026-08-26,上櫃,8921,沈氏,17.00,-0.35,17.45,17.45,17.00,3000,51450,2,TPEX_CSV,2026-08-26 14:15:34 +0800
1150826,2026-08-26,上櫃,8923,時報,18.60,+0.35,18.65,18.75,18.50,4000,74500,4,TPEX_CSV,2026-08-26 14:15:34 +0800
1150826,2026-08-26,上櫃,8924,大田,50.20,-0.20,50.40,50.40,50.10,54000,2713300,47,TPEX_CSV,2026-08-26 14:15:34 +0800
1150826,2026-08-26,上櫃,8927,北基,20.10,-0.10,20.20,20.20,20.00,102000,2051900,64,TPEX_CSV,2026-08-26 14:15:34 +0800
1150826,2026-08-26,上櫃,8928,鉅明,24.95,+0.45,24.55,24.95,24.30,46000,1136650,31,TPEX_CSV,2026-08-26 14:15:34 +0800
1150826,2026-08-26,上櫃,8929,富堡,13.40,+0.10,13.30,13.45,13.30,8000,107100,8,TPEX_CSV,2026-08-26 14:15:34 +0800
1150826,2026-08-26,上櫃,8930,青鋼,30.10,+0.10,29.90,30.20,29.90,38000,1141100,17,TPEX_CSV,2026-08-26 14:15:34 +0800
1150826,2026-08-26,上櫃,8931,大汽電,41.00,0.00,40.90,41.05,40.15,32000,1299400,28,TPEX_CSV,2026-08-26 14:15:34 +0800
1150826,2026-08-26,上櫃,8932,智通*,115.00,+3.00,112.00,118.50,109.50,6770000,777691500,3091,TPEX_CSV,2026-08-26 14:15:34 +0800
1150826,2026-08-26,上櫃,8933,愛地雅,4.48,+0.02,4.46,4.70,4.46,229000,1029160,40,TPEX_CSV,2026-08-26 14:15:34 +0800
1150826,2026-08-26,上櫃,8935,邦泰,18.10,0.00,18.05,18.20,17.90,64000,1151950,42,TPEX_CSV,2026-08-26 14:15:34 +0800
1150826,2026-08-26,上櫃,8936,國統,51.10,0.00,51.00,51.30,50.90,752000,38387100,470,TPEX_CSV,2026-08-26 14:15:34 +0800
1150826,2026-08-26,上櫃,8937,合騏*,28.60,+2.20,26.45,28.60,26.45,334000,9358000,197,TPEX_CSV,2026-08-26 14:15:34 +0800
1150826,2026-08-26,上櫃,8938,明安,52.00,+0.10,52.20,52.20,51.80,28000,1455100,26,TPEX_CSV,2026-08-26 14:15:34 +0800
1150826,2026-08-26,上櫃,8941,關中,44.50,-0.10,43.90,44.50,43.90,5000,221500,5,TPEX_CSV,2026-08-26 14:15:34 +0800
1150826,2026-08-26,上櫃,8942,森鉅,43.75,+1.05,42.80,44.00,42.70,699000,30362000,412,TPEX_CSV,2026-08-26 14:15:34 +0800
1150826,2026-08-26,上櫃,9949,琉園,24.20,+0.25,23.95,24.90,23.95,328000,8014650,112,TPEX_CSV,2026-08-26 14:15:34 +0800
1150826,2026-08-26,上櫃,9950,萬國通,10.30,+0.10,10.20,10.30,10.20,21000,215450,14,TPEX_CSV,2026-08-26 14:15:34 +0800
1150826,2026-08-26,上櫃,9951,皇田,54.40,+0.50,53.90,54.50,53.90,75000,4068800,68,TPEX_CSV,2026-08-26 14:15:34 +0800
1150826,2026-08-26,上櫃,9960,邁達康,----,---,----,----,----,0,0,0,TPEX_CSV,2026-08-26 14:15:34 +0800
1150826,2026-08-26,上櫃,9962,有益,10.15,-0.10,10.25,10.25,10.10,17000,173000,10,TPEX_CSV,2026-08-26 14:15:34 +0800
