日期,西元日期,市場,股票代號,股票名稱,收盤價,漲跌,開盤價,最高價,最低價,成交股數,成交金額,成交筆數,資料來源,下載時間
1150915,2026-09-15,上市,00400A,主動國泰動能高息,14.42,-0.3000,14.64,14.68,14.39,29477000,427876090,7751,TWSE_CSV,2026-09-15 14:15:45 +0800
1150915,2026-09-15,上市,00401A,主動摩根台灣鑫收,13.76,-0.1100,13.86,13.90,13.72,3848000,53140250,673,TWSE_CSV,2026-09-15 14:15:45 +0800
1150915,2026-09-15,上市,00402A,主動安聯美國科技,9.40,-0.0400,9.44,9.45,9.40,4166000,39266840,368,TWSE_CSV,2026-09-15 14:15:45 +0800
1150915,2026-09-15,上市,00403A,主動統一升級50,9.95,-0.1400,10.04,10.13,9.95,128115000,1282451810,25227,TWSE_CSV,2026-09-15 14:15:45 +0800
1150915,2026-09-15,上市,00404A,主動聯博動能50,9.72,-0.0800,9.80,9.82,9.70,29551000,288204990,5441,TWSE_CSV,2026-09-15 14:15:45 +0800
1150915,2026-09-15,上市,00405A,主動富邦台灣龍耀,8.32,-0.2400,8.52,8.56,8.31,48790000,410531100,7447,TWSE_CSV,2026-09-15 14:15:45 +0800
1150915,2026-09-15,上市,00406A,主動中信台灣收益,9.28,-0.1100,9.37,9.44,9.27,170547000,1590953450,34789,TWSE_CSV,2026-09-15 14:15:45 +0800
1150915,2026-09-15,上市,00407A,主動凱基台灣,9.27,-0.1900,9.42,9.47,9.26,21152000,197785250,4826,TWSE_CSV,2026-09-15 14:15:45 +0800
1150915,2026-09-15,上市,00408A,主動第一金優股息,10.11,-0.1100,10.20,10.24,10.10,526000,5339000,219,TWSE_CSV,2026-09-15 14:15:45 +0800
1150915,2026-09-15,上市,00409A,主動復華全球50,9.49,-0.0400,9.53,9.58,9.47,9699000,92469800,2316,TWSE_CSV,2026-09-15 14:15:45 +0800
1150915,2026-09-15,上市,00410A,主動永豐科技趨勢,11.42,-0.2600,11.60,11.67,11.42,4864000,56016560,948,TWSE_CSV,2026-09-15 14:15:45 +0800
1150915,2026-09-15,上市,0050,元大台灣50,106.25,-0.6500,106.75,106.95,106.15,55442000,5905921300,24111,TWSE_CSV,2026-09-15 14:15:45 +0800
1150915,2026-09-15,上市,0051,元大中型100,141.00,-2.4500,142.95,143.05,141.00,104000,14749950,49,TWSE_CSV,2026-09-15 14:15:45 +0800
1150915,2026-09-15,上市,0052,富邦科技,61.60,-0.3000,61.70,62.10,61.50,9893000,610880000,3417,TWSE_CSV,2026-09-15 14:15:45 +0800
1150915,2026-09-15,上市,0053,元大電子,237.35,-1.6000,237.55,239.55,237.35,244000,58280450,92,TWSE_CSV,2026-09-15 14:15:45 +0800
1150915,2026-09-15,上市,0055,元大MSCI金融,49.76,-0.5400,50.60,50.65,49.61,1096000,54677160,556,TWSE_CSV,2026-09-15 14:15:45 +0800
1150915,2026-09-15,上市,0056,元大高股息,55.00,-0.4000,55.20,55.25,54.85,23336000,1283677600,9551,TWSE_CSV,2026-09-15 14:15:45 +0800
1150915,2026-09-15,上市,0057,富邦摩台,317.50,-0.8500,318.35,319.60,317.50,9000,2868700,9,TWSE_CSV,2026-09-15 14:15:45 +0800
1150915,2026-09-15,上市,0061,元大寶滬深,23.91,-0.0400,23.77,23.99,23.77,62000,1480930,22,TWSE_CSV,2026-09-15 14:15:45 +0800
1150915,2026-09-15,上市,006203,元大MSCI台灣,192.95,-1.6500,194.55,194.55,192.95,15000,2904450,13,TWSE_CSV,2026-09-15 14:15:45 +0800
1150915,2026-09-15,上市,006204,永豐臺灣加權,228.00,-2.1000,229.00,229.00,228.00,24000,5475700,6,TWSE_CSV,2026-09-15 14:15:45 +0800
1150915,2026-09-15,上市,006205,富邦上証,39.87,0.0500,39.90,40.01,39.80,69000,2754130,26,TWSE_CSV,2026-09-15 14:15:45 +0800
1150915,2026-09-15,上市,006206,元大上證50,37.24,0.0500,37.25,37.30,37.02,26000,965930,26,TWSE_CSV,2026-09-15 14:15:45 +0800
1150915,2026-09-15,上市,006207,復華滬深,31.73,0.0100,31.82,31.82,31.73,104000,3309070,6,TWSE_CSV,2026-09-15 14:15:45 +0800
1150915,2026-09-15,上市,006208,富邦台50,243.50,-1.1500,244.40,245.00,243.20,1505000,367228450,791,TWSE_CSV,2026-09-15 14:15:45 +0800
1150915,2026-09-15,上市,00625K,富邦上証+R,,0.0000,,,,,,,TWSE_CSV,2026-09-15 14:15:45 +0800
1150915,2026-09-15,上市,00631L,元大台灣50正2,35.09,-0.3100,35.40,35.59,35.06,99224000,3503355740,23683,TWSE_CSV,2026-09-15 14:15:45 +0800
1150915,2026-09-15,上市,00632R,元大台灣50反1,10.03,0.0600,9.98,10.03,9.95,88479000,884689210,5789,TWSE_CSV,2026-09-15 14:15:45 +0800
1150915,2026-09-15,上市,00633L,富邦上証正2,46.57,-0.4300,47.00,47.30,46.45,4036000,188797770,365,TWSE_CSV,2026-09-15 14:15:45 +0800
1150915,2026-09-15,上市,00634R,富邦上証反1,3.18,0.0200,3.17,3.19,3.16,209000,661110,18,TWSE_CSV,2026-09-15 14:15:45 +0800
1150915,2026-09-15,上市,00635U,期元大S&P黃金,44.40,-0.2400,44.33,44.57,44.30,1350000,59965400,687,TWSE_CSV,2026-09-15 14:15:45 +0800
1150915,2026-09-15,上市,00636,國泰中國A50,27.03,-0.1500,27.22,27.25,27.02,159000,4313770,38,TWSE_CSV,2026-09-15 14:15:45 +0800
1150915,2026-09-15,上市,00636K,國泰中國A50+U,8.55,-0.0500,8.55,8.55,8.55,200,1710,2,TWSE_CSV,2026-09-15 14:15:45 +0800
1150915,2026-09-15,上市,00637L,元大滬深300正2,19.26,-0.0900,19.45,19.51,19.21,22139000,428972190,1354,TWSE_CSV,2026-09-15 14:15:45 +0800
1150915,2026-09-15,上市,00638R,元大滬深300反1,6.80,0.0600,6.77,6.80,6.77,41000,278030,17,TWSE_CSV,2026-09-15 14:15:45 +0800
1150915,2026-09-15,上市,00639,富邦深100,15.80,-0.0600,15.89,15.97,15.78,579000,9185840,96,TWSE_CSV,2026-09-15 14:15:45 +0800
1150915,2026-09-15,上市,00640L,富邦日本正2,104.35,-0.4500,105.10,105.40,103.60,76000,7956550,25,TWSE_CSV,2026-09-15 14:15:45 +0800
1150915,2026-09-15,上市,00641R,富邦日本反1,3.74,0.0100,3.72,3.75,3.71,364000,1357260,43,TWSE_CSV,2026-09-15 14:15:45 +0800
1150915,2026-09-15,上市,00642U,期元大S&P石油,33.92,0.3000,33.66,33.92,33.50,1987000,67071030,547,TWSE_CSV,2026-09-15 14:15:45 +0800
1150915,2026-09-15,上市,00643,群益深証中小,17.87,0.0300,17.85,18.00,17.79,2363000,42316840,84,TWSE_CSV,2026-09-15 14:15:45 +0800
1150915,2026-09-15,上市,00643K,群益深証中小+R,3.78,0.0100,3.78,3.78,3.78,5000,18900,1,TWSE_CSV,2026-09-15 14:15:45 +0800
1150915,2026-09-15,上市,00645,富邦日本,57.05,-0.2000,57.20,57.35,56.85,88000,5028200,51,TWSE_CSV,2026-09-15 14:15:45 +0800
1150915,2026-09-15,上市,00646,元大S&P500,76.20,0.0500,76.20,76.40,76.10,1349000,102872000,836,TWSE_CSV,2026-09-15 14:15:45 +0800
1150915,2026-09-15,上市,00647L,元大S&P500正2,135.80,0.4000,135.85,135.85,135.80,10000,1358300,3,TWSE_CSV,2026-09-15 14:15:45 +0800
1150915,2026-09-15,上市,00648R,元大S&P500反1,3.97,0.0100,3.97,3.97,3.95,174000,688910,35,TWSE_CSV,2026-09-15 14:15:45 +0800
1150915,2026-09-15,上市,00650L,復華香港正2,16.27,-0.1400,16.50,16.57,16.27,758000,12429860,227,TWSE_CSV,2026-09-15 14:15:45 +0800
1150915,2026-09-15,上市,00651R,復華香港反1,5.30,0.0400,5.28,5.30,5.27,50000,263970,10,TWSE_CSV,2026-09-15 14:15:45 +0800
1150915,2026-09-15,上市,00652,富邦印度,31.93,-0.2000,32.16,32.22,31.90,109000,3495790,51,TWSE_CSV,2026-09-15 14:15:45 +0800
1150915,2026-09-15,上市,00653L,富邦印度正2,43.15,-0.4200,43.70,43.85,43.13,612000,26619910,58,TWSE_CSV,2026-09-15 14:15:45 +0800
1150915,2026-09-15,上市,00654R,富邦印度反1,6.99,0.0700,6.92,6.99,6.92,21000,145780,5,TWSE_CSV,2026-09-15 14:15:45 +0800
1150915,2026-09-15,上市,00655L,國泰中國A50正2,32.39,-0.2600,32.76,32.85,32.33,785000,25587190,125,TWSE_CSV,2026-09-15 14:15:45 +0800
1150915,2026-09-15,上市,00656R,國泰中國A50反1,5.94,0.0100,5.94,5.94,5.94,2000,11880,1,TWSE_CSV,2026-09-15 14:15:45 +0800
1150915,2026-09-15,上市,00657,國泰日經225,75.25,0.0000,75.55,76.10,75.25,85000,6428050,10,TWSE_CSV,2026-09-15 14:15:45 +0800
1150915,2026-09-15,上市,00657K,國泰日經225+U,23.76,0.0600,23.76,23.76,23.76,200,4752,2,TWSE_CSV,2026-09-15 14:15:45 +0800
1150915,2026-09-15,上市,00660,元大歐洲50,45.96,-0.1200,46.00,46.00,45.83,4000,183790,4,TWSE_CSV,2026-09-15 14:15:45 +0800
1150915,2026-09-15,上市,00661,元大日經225,82.20,-0.0500,82.50,83.10,82.15,282000,23270950,39,TWSE_CSV,2026-09-15 14:15:45 +0800
1150915,2026-09-15,上市,00662,富邦NASDAQ,118.55,0.4000,118.65,119.20,118.50,1827000,217192800,755,TWSE_CSV,2026-09-15 14:15:45 +0800
1150915,2026-09-15,上市,00663L,國泰臺灣加權正2,101.00,-1.2500,102.00,102.55,101.00,3524000,358300600,1146,TWSE_CSV,2026-09-15 14:15:45 +0800
1150915,2026-09-15,上市,00664R,國泰臺灣加權反1,1.62,0.0000,1.62,1.63,1.61,13574000,21963010,507,TWSE_CSV,2026-09-15 14:15:45 +0800
1150915,2026-09-15,上市,00665L,富邦恒生國企正2,8.96,-0.0600,9.11,9.13,8.96,3898000,35174780,453,TWSE_CSV,2026-09-15 14:15:45 +0800
1150915,2026-09-15,上市,00666R,富邦恒生國企反1,9.27,0.0400,9.18,9.27,9.18,55000,508380,16,TWSE_CSV,2026-09-15 14:15:45 +0800
1150915,2026-09-15,上市,00668,國泰美國道瓊,60.80,-0.1500,61.00,61.00,60.80,12000,731150,7,TWSE_CSV,2026-09-15 14:15:45 +0800
1150915,2026-09-15,上市,00668K,國泰美國道瓊+U,19.20,-0.0600,19.20,19.20,19.20,200,3840,2,TWSE_CSV,2026-09-15 14:15:45 +0800
1150915,2026-09-15,上市,00669R,國泰美國道瓊反1,5.29,0.0200,5.28,5.30,5.27,588000,3107780,52,TWSE_CSV,2026-09-15 14:15:45 +0800
1150915,2026-09-15,上市,00670L,富邦NASDAQ正2,192.75,0.2000,194.45,194.85,192.45,451000,87606700,132,TWSE_CSV,2026-09-15 14:15:45 +0800
1150915,2026-09-15,上市,00671R,富邦NASDAQ反1,2.48,0.0100,2.47,2.48,2.46,2328000,5748090,95,TWSE_CSV,2026-09-15 14:15:45 +0800
1150915,2026-09-15,上市,00673R,期元大S&P原油反1,9.99,-0.0500,10.02,10.08,9.99,24641000,246917020,2482,TWSE_CSV,2026-09-15 14:15:45 +0800
1150915,2026-09-15,上市,00674R,期元大S&P黃金反1,28.44,0.1900,28.42,28.44,28.32,151000,4287710,37,TWSE_CSV,2026-09-15 14:15:45 +0800
1150915,2026-09-15,上市,00675L,富邦臺灣加權正2,306.30,-3.4000,309.15,310.85,306.15,437000,134754350,276,TWSE_CSV,2026-09-15 14:15:45 +0800
1150915,2026-09-15,上市,00676R,富邦臺灣加權反1,5.53,0.0300,5.52,5.54,5.50,3213000,17729860,295,TWSE_CSV,2026-09-15 14:15:45 +0800
1150915,2026-09-15,上市,00678,群益那斯達克生技,42.66,0.5500,42.38,42.66,42.38,495000,21080270,37,TWSE_CSV,2026-09-15 14:15:45 +0800
1150915,2026-09-15,上市,00680L,元大美債20正2,6.14,-0.0600,6.19,6.20,6.14,14131000,87329850,538,TWSE_CSV,2026-09-15 14:15:45 +0800
1150915,2026-09-15,上市,00681R,元大美債20反1,22.23,0.0800,22.03,22.23,22.03,16000,352910,4,TWSE_CSV,2026-09-15 14:15:45 +0800
1150915,2026-09-15,上市,00682U,期元大美元指數,,0.0000,,,,,,,TWSE_CSV,2026-09-15 14:15:45 +0800
1150915,2026-09-15,上市,00683L,期元大美元指正2,21.51,0.1300,21.43,21.51,21.43,132000,2838440,8,TWSE_CSV,2026-09-15 14:15:45 +0800
1150915,2026-09-15,上市,00684R,期元大美元指反1,15.14,-0.0400,15.08,15.14,15.08,122000,1846780,4,TWSE_CSV,2026-09-15 14:15:45 +0800
1150915,2026-09-15,上市,00685L,群益臺灣加權正2,11.55,-0.1300,11.66,11.74,11.54,141116000,1640425790,22247,TWSE_CSV,2026-09-15 14:15:45 +0800
1150915,2026-09-15,上市,00686R,群益臺灣加權反1,0.98,-0.0100,0.99,0.99,0.98,2113000,2075490,92,TWSE_CSV,2026-09-15 14:15:45 +0800
1150915,2026-09-15,上市,00688L,國泰20年美債正2,6.12,-0.0500,6.18,6.19,6.12,4307000,26415310,245,TWSE_CSV,2026-09-15 14:15:45 +0800
1150915,2026-09-15,上市,00689R,國泰20年美債反1,23.24,0.1200,23.08,23.24,23.08,109000,2530040,6,TWSE_CSV,2026-09-15 14:15:45 +0800
1150915,2026-09-15,上市,00690,兆豐藍籌30,77.20,-1.0000,77.65,78.30,77.15,386000,29939800,116,TWSE_CSV,2026-09-15 14:15:45 +0800
1150915,2026-09-15,上市,00692,富邦公司治理,91.35,-0.5500,91.90,92.05,91.30,540000,49448050,124,TWSE_CSV,2026-09-15 14:15:45 +0800
1150915,2026-09-15,上市,00693U,期街口S&P黃豆,23.64,0.0400,23.62,23.66,23.57,985000,23246850,142,TWSE_CSV,2026-09-15 14:15:45 +0800
1150915,2026-09-15,上市,00700,富邦恒生國企,17.00,0.0000,17.05,17.08,16.99,66000,1124680,27,TWSE_CSV,2026-09-15 14:15:45 +0800
1150915,2026-09-15,上市,00701,國泰股利精選30,41.33,-0.2100,41.54,41.65,41.10,1577000,65171240,528,TWSE_CSV,2026-09-15 14:15:45 +0800
1150915,2026-09-15,上市,00702,國泰標普低波高息,24.40,0.1000,24.38,24.40,24.38,109000,2658440,7,TWSE_CSV,2026-09-15 14:15:45 +0800
1150915,2026-09-15,上市,00703,台新MSCI中國,18.92,-0.0100,19.07,19.07,18.88,42000,793770,5,TWSE_CSV,2026-09-15 14:15:45 +0800
1150915,2026-09-15,上市,00706L,期元大S&P日圓正2,19.94,-0.2100,20.00,20.00,19.94,621000,12401200,151,TWSE_CSV,2026-09-15 14:15:45 +0800
1150915,2026-09-15,上市,00707R,期元大S&P日圓反1,31.24,0.1400,31.24,31.24,31.24,2000,62480,2,TWSE_CSV,2026-09-15 14:15:45 +0800
1150915,2026-09-15,上市,00708L,期元大S&P黃金正2,77.10,-1.0500,76.85,77.75,76.70,3430000,264487900,1143,TWSE_CSV,2026-09-15 14:15:45 +0800
1150915,2026-09-15,上市,00709,富邦歐洲,39.96,-0.0200,39.98,39.99,39.96,12000,479760,8,TWSE_CSV,2026-09-15 14:15:45 +0800
1150915,2026-09-15,上市,00710B,復華彭博非投等債,19.07,0.0000,19.05,19.08,19.05,255000,4860590,30,TWSE_CSV,2026-09-15 14:15:45 +0800
1150915,2026-09-15,上市,00711B,復華彭博新興債,15.33,0.0400,15.32,15.33,15.31,125000,1914900,11,TWSE_CSV,2026-09-15 14:15:45 +0800
1150915,2026-09-15,上市,00712,復華富時不動產,8.29,-0.0300,8.32,8.32,8.28,57977000,480868300,11188,TWSE_CSV,2026-09-15 14:15:45 +0800
1150915,2026-09-15,上市,00713,元大台灣高息低波,64.25,-0.1000,64.40,64.40,64.10,2259000,144988200,976,TWSE_CSV,2026-09-15 14:15:45 +0800
1150915,2026-09-15,上市,00714,群益道瓊美國地產,21.26,-0.0800,21.28,21.28,21.23,134000,2848050,13,TWSE_CSV,2026-09-15 14:15:45 +0800
1150915,2026-09-15,上市,00715L,期街口布蘭特正2,71.40,0.9000,70.65,71.40,69.65,3799000,268194300,979,TWSE_CSV,2026-09-15 14:15:45 +0800
1150915,2026-09-15,上市,00717,富邦美國特別股,14.54,0.0400,14.49,14.58,14.49,438000,6371840,49,TWSE_CSV,2026-09-15 14:15:45 +0800
1150915,2026-09-15,上市,00728,第一金工業30,66.80,-1.0500,67.05,67.55,66.70,81000,5430400,42,TWSE_CSV,2026-09-15 14:15:45 +0800
1150915,2026-09-15,上市,00730,富邦臺灣優質高息,28.19,-0.0300,28.01,28.19,27.95,174000,4883410,43,TWSE_CSV,2026-09-15 14:15:45 +0800
1150915,2026-09-15,上市,00731,復華富時高息低波,97.75,-0.7000,98.40,98.50,97.45,564000,55093400,21,TWSE_CSV,2026-09-15 14:15:45 +0800
1150915,2026-09-15,上市,00733,富邦臺灣中小,65.35,-0.6500,65.95,66.55,65.35,240000,15822650,63,TWSE_CSV,2026-09-15 14:15:45 +0800
1150915,2026-09-15,上市,00735,國泰臺韓科技,100.90,-1.3000,101.80,102.50,100.90,894000,91006850,478,TWSE_CSV,2026-09-15 14:15:45 +0800
1150915,2026-09-15,上市,00736,國泰新興市場,31.39,-0.0200,31.30,31.39,31.30,101000,3161390,3,TWSE_CSV,2026-09-15 14:15:45 +0800
1150915,2026-09-15,上市,00737,國泰AI機器人,39.69,0.5000,39.28,39.91,39.28,48000,1910890,39,TWSE_CSV,2026-09-15 14:15:45 +0800
1150915,2026-09-15,上市,00738U,期元大道瓊白銀,50.10,-0.5500,50.15,50.50,50.05,1060000,53264000,479,TWSE_CSV,2026-09-15 14:15:45 +0800
1150915,2026-09-15,上市,00739,元大MSCI A股,27.23,-0.0200,27.25,27.32,27.11,12000,326630,9,TWSE_CSV,2026-09-15 14:15:45 +0800
1150915,2026-09-15,上市,00752,中信中國50,22.56,0.1600,22.40,22.63,22.40,506000,11406540,161,TWSE_CSV,2026-09-15 14:15:45 +0800
1150915,2026-09-15,上市,00753L,中信中國50正2,8.88,-0.0100,8.94,9.01,8.86,7145000,63710820,736,TWSE_CSV,2026-09-15 14:15:45 +0800
1150915,2026-09-15,上市,00757,統一FANG+,138.85,1.7000,139.25,139.55,138.75,1884000,262190550,252,TWSE_CSV,2026-09-15 14:15:45 +0800
1150915,2026-09-15,上市,00762,元大全球AI,111.70,0.1000,111.85,112.40,111.70,112000,12552200,54,TWSE_CSV,2026-09-15 14:15:45 +0800
1150915,2026-09-15,上市,00763U,期街口道瓊銅,33.45,-0.3500,33.39,33.50,33.31,311000,10387340,178,TWSE_CSV,2026-09-15 14:15:45 +0800
1150915,2026-09-15,上市,00770,國泰北美科技,67.75,0.0000,68.00,68.15,67.65,4490000,305295400,2130,TWSE_CSV,2026-09-15 14:15:45 +0800
1150915,2026-09-15,上市,00771,元大US高息特別股,15.13,0.0500,15.08,15.13,15.08,43000,648690,6,TWSE_CSV,2026-09-15 14:15:45 +0800
1150915,2026-09-15,上市,00775B,台新投等債15+,30.40,0.0400,30.40,30.40,30.40,80000,2432000,2,TWSE_CSV,2026-09-15 14:15:45 +0800
1150915,2026-09-15,上市,00783,富邦中証500,27.20,-0.0300,27.30,27.37,27.20,9000,245150,4,TWSE_CSV,2026-09-15 14:15:45 +0800
1150915,2026-09-15,上市,00830,國泰費城半導體,79.00,-1.9500,79.45,79.60,78.95,11365000,900896250,6163,TWSE_CSV,2026-09-15 14:15:45 +0800
1150915,2026-09-15,上市,00850,元大臺灣ESG永續,90.95,-0.6000,91.55,91.80,90.80,427000,38970250,236,TWSE_CSV,2026-09-15 14:15:45 +0800
1150915,2026-09-15,上市,00851,台新全球AI,69.90,-0.2500,70.20,70.20,69.90,44000,3084150,6,TWSE_CSV,2026-09-15 14:15:45 +0800
1150915,2026-09-15,上市,00852L,國泰美國道瓊正2,33.96,-0.3100,34.13,34.13,33.96,202000,6869270,8,TWSE_CSV,2026-09-15 14:15:45 +0800
1150915,2026-09-15,上市,00861,元大全球未來通訊,83.00,-1.6000,84.35,84.35,83.00,16000,1332650,15,TWSE_CSV,2026-09-15 14:15:45 +0800
1150915,2026-09-15,上市,00865B,國泰US短期公債,48.86,0.2100,48.65,48.90,48.65,2702000,131970910,464,TWSE_CSV,2026-09-15 14:15:45 +0800
1150915,2026-09-15,上市,00875,國泰網路資安,56.15,3.2500,55.75,58.00,55.75,889000,50085550,376,TWSE_CSV,2026-09-15 14:15:45 +0800
1150915,2026-09-15,上市,00876,元大全球5G,83.75,-1.7500,84.75,84.75,83.50,57000,4792700,56,TWSE_CSV,2026-09-15 14:15:45 +0800
1150915,2026-09-15,上市,00878,國泰永續高股息,34.20,-0.0300,34.23,34.25,34.05,36630000,1250982010,11853,TWSE_CSV,2026-09-15 14:15:45 +0800
1150915,2026-09-15,上市,00881,國泰台灣科技龍頭,49.21,-0.3300,49.48,49.83,49.20,19561000,968240720,7958,TWSE_CSV,2026-09-15 14:15:45 +0800
1150915,2026-09-15,上市,00882,中信中國高股息,14.78,-0.0500,14.85,14.88,14.77,2591000,38345180,602,TWSE_CSV,2026-09-15 14:15:45 +0800
1150915,2026-09-15,上市,00885,富邦越南,18.24,0.0100,18.23,18.30,18.16,1439000,26230570,267,TWSE_CSV,2026-09-15 14:15:45 +0800
1150915,2026-09-15,上市,00891,中信關鍵半導體,34.54,-0.4700,34.97,35.01,34.54,10876000,378079200,4802,TWSE_CSV,2026-09-15 14:15:45 +0800
1150915,2026-09-15,上市,00892,富邦台灣半導體,40.72,-0.6000,41.29,41.29,40.67,3155000,129273280,555,TWSE_CSV,2026-09-15 14:15:45 +0800
1150915,2026-09-15,上市,00893,國泰智能電動車,42.09,-0.4900,42.50,42.50,42.07,743000,31370340,84,TWSE_CSV,2026-09-15 14:15:45 +0800
1150915,2026-09-15,上市,00894,中信小資高價30,46.30,-0.5200,46.64,47.00,46.20,1007000,46895160,387,TWSE_CSV,2026-09-15 14:15:45 +0800
1150915,2026-09-15,上市,00895,富邦未來車,49.01,-0.3900,49.40,49.40,49.01,421000,20692040,62,TWSE_CSV,2026-09-15 14:15:45 +0800
1150915,2026-09-15,上市,00896,中信綠能及電動車,27.69,-0.1400,28.00,28.00,27.65,25692000,713848240,8042,TWSE_CSV,2026-09-15 14:15:45 +0800
1150915,2026-09-15,上市,00897,富邦基因免疫生技,12.93,0.3400,12.88,12.95,12.88,342000,4422080,93,TWSE_CSV,2026-09-15 14:15:45 +0800
1150915,2026-09-15,上市,00898,國泰基因免疫革命,10.92,0.2600,10.84,10.93,10.84,427000,4657160,137,TWSE_CSV,2026-09-15 14:15:45 +0800
1150915,2026-09-15,上市,00899,FT潔淨能源,22.77,-0.4300,22.78,22.78,22.76,25000,569410,15,TWSE_CSV,2026-09-15 14:15:45 +0800
1150915,2026-09-15,上市,00900,富邦特選高股息30,19.52,-0.0700,19.54,19.58,19.50,4564000,89118140,605,TWSE_CSV,2026-09-15 14:15:45 +0800
1150915,2026-09-15,上市,00901,永豐智能車供應鏈,45.00,-0.4300,45.43,45.60,44.99,425000,19289460,24,TWSE_CSV,2026-09-15 14:15:45 +0800
1150915,2026-09-15,上市,00902,中信電池及儲能,12.66,-0.0500,12.72,12.78,12.62,479000,6074740,118,TWSE_CSV,2026-09-15 14:15:45 +0800
1150915,2026-09-15,上市,00903,富邦元宇宙,21.09,0.1000,21.03,21.17,21.03,61000,1288860,21,TWSE_CSV,2026-09-15 14:15:45 +0800
1150915,2026-09-15,上市,00904,台新臺灣半導體30,40.14,-0.4800,40.60,40.61,40.10,527000,21300030,139,TWSE_CSV,2026-09-15 14:15:45 +0800
1150915,2026-09-15,上市,00905,FT臺灣Smart,25.90,-0.2600,26.16,26.20,25.90,975000,25383260,406,TWSE_CSV,2026-09-15 14:15:45 +0800
1150915,2026-09-15,上市,00907,永豐優息存股,17.69,-0.1800,17.83,17.83,17.66,676000,11979100,212,TWSE_CSV,2026-09-15 14:15:45 +0800
1150915,2026-09-15,上市,00908,富邦入息REITs+,14.89,-0.0100,14.86,14.89,14.86,40000,594810,13,TWSE_CSV,2026-09-15 14:15:45 +0800
1150915,2026-09-15,上市,00909,國泰數位支付服務,46.96,0.2700,46.90,47.20,46.90,730000,34389740,228,TWSE_CSV,2026-09-15 14:15:45 +0800
1150915,2026-09-15,上市,00910,第一金太空衛星,55.80,0.0500,55.75,56.10,55.70,401000,22432000,271,TWSE_CSV,2026-09-15 14:15:45 +0800
1150915,2026-09-15,上市,00911,兆豐洲際半導體,50.40,-1.3000,50.90,50.90,50.40,182000,9212400,105,TWSE_CSV,2026-09-15 14:15:45 +0800
1150915,2026-09-15,上市,00912,中信臺灣智慧50,34.45,-0.2900,34.68,34.80,34.45,362000,12530820,80,TWSE_CSV,2026-09-15 14:15:45 +0800
1150915,2026-09-15,上市,00913,兆豐台灣晶圓製造,47.47,-0.6500,48.11,48.30,47.47,847000,40463210,276,TWSE_CSV,2026-09-15 14:15:45 +0800
1150915,2026-09-15,上市,00915,凱基優選高股息30,32.89,-0.2500,32.82,33.20,32.82,5169000,170268390,329,TWSE_CSV,2026-09-15 14:15:45 +0800
1150915,2026-09-15,上市,00916,國泰全球品牌50,26.93,0.2000,26.69,27.04,26.69,660000,17817440,231,TWSE_CSV,2026-09-15 14:15:45 +0800
1150915,2026-09-15,上市,00917,中信特選金融,23.61,-0.1900,23.75,23.75,23.59,1119000,26409410,430,TWSE_CSV,2026-09-15 14:15:45 +0800
1150915,2026-09-15,上市,00918,大華優利高填息30,35.43,-0.0800,35.56,35.56,35.36,84229000,2985488500,22107,TWSE_CSV,2026-09-15 14:15:45 +0800
1150915,2026-09-15,上市,00919,群益台灣精選高息,32.74,-0.1500,32.96,32.97,32.65,213466000,6986110470,60371,TWSE_CSV,2026-09-15 14:15:45 +0800
1150915,2026-09-15,上市,00920,富邦ESG綠色電力,23.96,-0.4700,24.00,24.14,23.96,323000,7774440,192,TWSE_CSV,2026-09-15 14:15:45 +0800
1150915,2026-09-15,上市,00921,兆豐龍頭等權重,24.04,-0.0600,24.08,24.14,23.99,1125000,27052950,453,TWSE_CSV,2026-09-15 14:15:45 +0800
1150915,2026-09-15,上市,00922,國泰台灣領袖50,41.37,-0.2700,41.59,41.77,41.32,3582000,148624740,1465,TWSE_CSV,2026-09-15 14:15:45 +0800
1150915,2026-09-15,上市,00923,群益台ESG低碳50,39.40,-0.2000,39.60,39.78,39.34,6193000,244868530,2238,TWSE_CSV,2026-09-15 14:15:45 +0800
1150915,2026-09-15,上市,00924,復華S&P500成長,32.64,0.1000,32.66,32.80,32.61,1109000,36258140,299,TWSE_CSV,2026-09-15 14:15:45 +0800
1150915,2026-09-15,上市,00926,凱基全球菁英55,26.17,0.1600,26.19,26.22,26.15,1264000,33105800,56,TWSE_CSV,2026-09-15 14:15:45 +0800
1150915,2026-09-15,上市,00927,群益半導體收益,36.63,-0.4700,36.92,37.08,36.62,9695000,356993130,3094,TWSE_CSV,2026-09-15 14:15:45 +0800
1150915,2026-09-15,上市,00929,復華台灣科技優息,28.46,-0.1400,28.60,28.63,28.46,38827000,1107571800,11873,TWSE_CSV,2026-09-15 14:15:45 +0800
1150915,2026-09-15,上市,00930,永豐ESG低碳高息,23.79,-0.0600,23.85,23.92,23.77,1117000,26616340,482,TWSE_CSV,2026-09-15 14:15:45 +0800
1150915,2026-09-15,上市,00932,兆豐永續高息等權,17.10,-0.1600,17.17,17.18,17.09,384000,6589410,29,TWSE_CSV,2026-09-15 14:15:45 +0800
1150915,2026-09-15,上市,00934,中信成長高股息,29.56,-0.1400,29.70,29.70,29.50,2624000,77753620,649,TWSE_CSV,2026-09-15 14:15:45 +0800
1150915,2026-09-15,上市,00935,野村臺灣新科技50,57.40,-0.6000,57.80,58.40,57.35,12535000,724573150,4157,TWSE_CSV,2026-09-15 14:15:45 +0800
1150915,2026-09-15,上市,00936,台新永續高息中小,20.89,0.0000,21.01,21.08,20.88,531000,11125750,206,TWSE_CSV,2026-09-15 14:15:45 +0800
1150915,2026-09-15,上市,00938,凱基優選30,26.64,-0.1800,27.21,27.21,26.56,2959000,78843800,508,TWSE_CSV,2026-09-15 14:15:45 +0800
1150915,2026-09-15,上市,00939,統一台灣高息動能,23.90,-0.2100,24.11,24.11,23.89,3444000,82640710,597,TWSE_CSV,2026-09-15 14:15:45 +0800
1150915,2026-09-15,上市,00940,元大台灣價值高息,12.74,-0.1000,12.80,12.82,12.73,5765000,73652310,1080,TWSE_CSV,2026-09-15 14:15:45 +0800
1150915,2026-09-15,上市,00941,中信上游半導體,23.93,-0.5100,24.13,24.13,23.90,971000,23280680,431,TWSE_CSV,2026-09-15 14:15:45 +0800
1150915,2026-09-15,上市,00943,兆豐電子高息等權,20.78,-0.0900,20.90,20.98,20.75,430000,8951280,76,TWSE_CSV,2026-09-15 14:15:45 +0800
1150915,2026-09-15,上市,00944,野村趨勢動能高息,21.42,-0.1200,21.50,21.55,21.42,277000,5953500,34,TWSE_CSV,2026-09-15 14:15:45 +0800
1150915,2026-09-15,上市,00945B,凱基美國非投等債,14.41,0.0400,14.37,14.41,14.36,4798000,69073370,288,TWSE_CSV,2026-09-15 14:15:45 +0800
1150915,2026-09-15,上市,00946,群益科技高息成長,14.96,-0.1100,15.07,15.07,14.96,888000,13304250,198,TWSE_CSV,2026-09-15 14:15:45 +0800
1150915,2026-09-15,上市,00947,台新臺灣IC設計,36.00,-0.6300,36.45,36.69,36.00,3024000,109847780,1124,TWSE_CSV,2026-09-15 14:15:45 +0800
1150915,2026-09-15,上市,00949,復華日本龍頭,21.91,-0.0200,21.93,21.97,21.84,529000,11589640,60,TWSE_CSV,2026-09-15 14:15:45 +0800
1150915,2026-09-15,上市,00951,台新日本半導體,16.35,-0.0600,16.41,16.65,16.30,1698000,28026510,265,TWSE_CSV,2026-09-15 14:15:45 +0800
1150915,2026-09-15,上市,00952,凱基台灣AI50,17.66,-0.1300,17.75,17.87,17.65,1333000,23660330,284,TWSE_CSV,2026-09-15 14:15:45 +0800
1150915,2026-09-15,上市,00953B,群益優選非投等債,9.56,0.0300,9.54,9.57,9.53,40857000,390476960,2822,TWSE_CSV,2026-09-15 14:15:45 +0800
1150915,2026-09-15,上市,00954,中信日本半導體,17.45,-0.0500,17.41,17.81,17.39,1835000,32345310,474,TWSE_CSV,2026-09-15 14:15:45 +0800
1150915,2026-09-15,上市,00956,中信日經高股息,13.69,-0.0800,13.72,13.73,13.68,244000,3344560,35,TWSE_CSV,2026-09-15 14:15:45 +0800
1150915,2026-09-15,上市,00960,野村全球航運龍頭,22.36,0.2400,22.16,22.40,22.16,1360000,30376160,243,TWSE_CSV,2026-09-15 14:15:45 +0800
1150915,2026-09-15,上市,00961,FT臺灣永續高息,13.33,-0.0700,13.41,13.42,13.31,53137000,708920480,8599,TWSE_CSV,2026-09-15 14:15:45 +0800
1150915,2026-09-15,上市,00962,台新AI優息動能,14.66,0.0000,14.84,14.84,14.65,5714000,84121480,1263,TWSE_CSV,2026-09-15 14:15:45 +0800
1150915,2026-09-15,上市,00963,中信全球高股息,13.11,0.0400,13.21,13.21,13.07,2110000,27636530,166,TWSE_CSV,2026-09-15 14:15:45 +0800
1150915,2026-09-15,上市,00964,中信亞太高股息,14.85,-0.0800,14.94,14.94,14.84,2183000,32497140,362,TWSE_CSV,2026-09-15 14:15:45 +0800
1150915,2026-09-15,上市,00965,元大航太防衛科技,24.99,-0.2400,25.23,25.23,24.88,601000,15005340,227,TWSE_CSV,2026-09-15 14:15:45 +0800
1150915,2026-09-15,上市,00971,野村美國研發龍頭,17.28,0.1100,17.42,17.42,17.28,23000,398940,13,TWSE_CSV,2026-09-15 14:15:45 +0800
1150915,2026-09-15,上市,00972,野村日本動能高息,22.15,-0.0600,22.18,22.18,22.11,17000,376540,6,TWSE_CSV,2026-09-15 14:15:45 +0800
1150915,2026-09-15,上市,009800,中信NASDAQ,12.85,0.0600,12.84,12.92,12.84,861000,11091520,195,TWSE_CSV,2026-09-15 14:15:45 +0800
1150915,2026-09-15,上市,009801,中信美國創新科技,11.04,-0.0800,11.10,11.10,11.04,953000,10548440,215,TWSE_CSV,2026-09-15 14:15:45 +0800
1150915,2026-09-15,上市,009802,富邦旗艦50,19.70,-0.1100,19.80,19.95,19.69,4599000,91062260,796,TWSE_CSV,2026-09-15 14:15:45 +0800
1150915,2026-09-15,上市,009803,玉山市值動能50,20.56,0.0000,20.68,20.72,20.55,10074000,207843180,4054,TWSE_CSV,2026-09-15 14:15:45 +0800
1150915,2026-09-15,上市,009804,聯邦台精彩50,22.66,-0.1700,22.83,22.83,22.66,618000,14040560,165,TWSE_CSV,2026-09-15 14:15:45 +0800
1150915,2026-09-15,上市,009805,台新美國電力基建,14.68,-0.3800,14.70,14.74,14.67,6410000,94265790,2584,TWSE_CSV,2026-09-15 14:15:45 +0800
1150915,2026-09-15,上市,009808,華南永昌優選50,30.71,-0.1800,30.89,30.89,30.69,51000,1569810,28,TWSE_CSV,2026-09-15 14:15:45 +0800
1150915,2026-09-15,上市,009809,富邦淨零ESG50,17.95,-0.0800,18.00,18.03,17.95,44000,791160,23,TWSE_CSV,2026-09-15 14:15:45 +0800
1150915,2026-09-15,上市,00980A,主動野村臺灣優選,23.73,-0.3800,24.00,24.18,23.72,4916000,117641860,1800,TWSE_CSV,2026-09-15 14:15:45 +0800
1150915,2026-09-15,上市,009810,玉山全球藍籌100,21.10,0.0000,21.10,21.13,21.10,32000,675610,14,TWSE_CSV,2026-09-15 14:15:45 +0800
1150915,2026-09-15,上市,009811,統一美國50,13.18,0.0300,13.16,13.22,13.16,503000,6637260,140,TWSE_CSV,2026-09-15 14:15:45 +0800
1150915,2026-09-15,上市,009812,野村日本東證,13.05,-0.0100,13.06,13.08,13.00,149000,1943410,42,TWSE_CSV,2026-09-15 14:15:45 +0800
1150915,2026-09-15,上市,009813,貝萊德標普卓越50,11.21,0.0000,11.20,11.26,11.20,2859000,32114210,172,TWSE_CSV,2026-09-15 14:15:45 +0800
1150915,2026-09-15,上市,009816,凱基台灣TOP50,15.75,-0.0700,15.81,15.86,15.74,89002000,1404357550,16207,TWSE_CSV,2026-09-15 14:15:45 +0800
1150915,2026-09-15,上市,009817,國泰日本不動產,9.09,-0.0100,9.09,9.09,9.03,349000,3157320,36,TWSE_CSV,2026-09-15 14:15:45 +0800
1150915,2026-09-15,上市,009818,華南永昌NASDAQxT,19.95,0.1700,19.99,19.99,19.94,191000,3812820,30,TWSE_CSV,2026-09-15 14:15:45 +0800
1150915,2026-09-15,上市,009819,中信數據及電力,9.46,-0.1900,9.50,9.52,9.46,7017000,66619320,2672,TWSE_CSV,2026-09-15 14:15:45 +0800
1150915,2026-09-15,上市,00981A,主動統一台股增長,28.86,-0.4600,29.30,29.42,28.85,160337000,4661335770,46505,TWSE_CSV,2026-09-15 14:15:45 +0800
1150915,2026-09-15,上市,00981T,平衡凱基雙核收息,11.72,-0.0100,11.73,11.75,11.71,1673000,19624840,229,TWSE_CSV,2026-09-15 14:15:45 +0800
1150915,2026-09-15,上市,009820,元大納斯達克精選,9.65,-0.0300,9.68,9.71,9.65,2105000,20382910,273,TWSE_CSV,2026-09-15 14:15:45 +0800
1150915,2026-09-15,上市,009821,野村稀土關鍵資源,14.03,-0.1800,14.03,14.05,14.00,2845000,39914280,967,TWSE_CSV,2026-09-15 14:15:45 +0800
1150915,2026-09-15,上市,009824,群益美國科技巨頭,9.96,-0.0100,9.96,10.01,9.95,2574000,25705570,470,TWSE_CSV,2026-09-15 14:15:45 +0800
1150915,2026-09-15,上市,009826,貝萊德世界股票,9.98,0.0000,10.00,10.00,9.97,9914000,99016380,2507,TWSE_CSV,2026-09-15 14:15:45 +0800
1150915,2026-09-15,上市,009827,玉山未來全球算力,9.94,-0.0600,9.96,9.97,9.93,5636000,56098720,1866,TWSE_CSV,2026-09-15 14:15:45 +0800
1150915,2026-09-15,上市,009828,中信台日韓PCB,9.26,-0.0900,9.36,9.44,9.25,29670000,277032240,7134,TWSE_CSV,2026-09-15 14:15:45 +0800
1150915,2026-09-15,上市,009829,大華韓國KOSPI50,10.36,-0.1500,10.50,10.56,10.30,16317000,170393300,2658,TWSE_CSV,2026-09-15 14:15:45 +0800
1150915,2026-09-15,上市,00982A,主動群益台灣強棒,21.88,-0.2900,22.15,22.35,21.88,14512000,320699880,3828,TWSE_CSV,2026-09-15 14:15:45 +0800
1150915,2026-09-15,上市,00982D,主動富邦動態入息,9.51,-0.0100,9.53,9.53,9.51,80000,761840,39,TWSE_CSV,2026-09-15 14:15:45 +0800
1150915,2026-09-15,上市,00982T,平衡兆豐台美動能,15.78,-0.0600,15.84,15.88,15.73,631000,9958810,241,TWSE_CSV,2026-09-15 14:15:45 +0800
1150915,2026-09-15,上市,00983A,主動中信ARK創新,12.36,0.3300,12.35,12.41,12.35,1140000,14128300,204,TWSE_CSV,2026-09-15 14:15:45 +0800
1150915,2026-09-15,上市,00983D,主動富邦複合收益,9.77,0.0100,9.79,9.79,9.77,887000,8673730,70,TWSE_CSV,2026-09-15 14:15:45 +0800
1150915,2026-09-15,上市,00984A,主動安聯台灣高息,15.06,-0.2000,15.20,15.24,15.06,3741000,56583300,1257,TWSE_CSV,2026-09-15 14:15:45 +0800
1150915,2026-09-15,上市,00984D,主動聯博全球非投,9.86,0.0400,9.82,9.86,9.82,11046000,108739990,644,TWSE_CSV,2026-09-15 14:15:45 +0800
1150915,2026-09-15,上市,00985A,主動野村台灣50,22.37,-0.1800,22.55,22.65,22.37,1379000,31033950,467,TWSE_CSV,2026-09-15 14:15:45 +0800
1150915,2026-09-15,上市,00985B,群益ESG投等債0-5,10.11,0.0200,10.09,10.11,10.08,3753000,37912110,247,TWSE_CSV,2026-09-15 14:15:45 +0800
1150915,2026-09-15,上市,00986A,主動台新龍頭成長,14.01,-0.1100,14.12,14.12,14.01,153000,2147070,31,TWSE_CSV,2026-09-15 14:15:45 +0800
1150915,2026-09-15,上市,00987A,主動台新優勢成長,15.66,-0.4800,16.16,16.16,15.66,1829000,29015850,461,TWSE_CSV,2026-09-15 14:15:45 +0800
1150915,2026-09-15,上市,00988A,主動統一全球創新,15.67,-0.0900,15.80,15.85,15.67,19501000,307516760,3852,TWSE_CSV,2026-09-15 14:15:45 +0800
1150915,2026-09-15,上市,00989A,主動摩根美國科技,16.78,0.2200,16.78,16.86,16.78,752000,12638110,71,TWSE_CSV,2026-09-15 14:15:45 +0800
1150915,2026-09-15,上市,00990A,主動元大AI新經濟,14.53,-0.0700,14.54,14.69,14.52,9156000,133726280,2002,TWSE_CSV,2026-09-15 14:15:45 +0800
1150915,2026-09-15,上市,00991A,主動復華未來50,16.87,-0.2700,17.08,17.22,16.86,43290000,736762100,12663,TWSE_CSV,2026-09-15 14:15:45 +0800
1150915,2026-09-15,上市,00991B,貝萊德A級公司債,14.59,0.0300,14.58,14.60,14.58,136000,1984850,6,TWSE_CSV,2026-09-15 14:15:45 +0800
1150915,2026-09-15,上市,00992A,主動群益科技創新,17.31,-0.3100,17.58,17.69,17.31,18587000,324989200,4274,TWSE_CSV,2026-09-15 14:15:45 +0800
1150915,2026-09-15,上市,00993A,主動安聯台灣,12.79,-0.2300,13.00,13.06,12.79,2176000,28157810,546,TWSE_CSV,2026-09-15 14:15:45 +0800
1150915,2026-09-15,上市,00994A,主動第一金台股優,16.27,-0.2800,16.51,16.58,16.18,3364000,55000590,621,TWSE_CSV,2026-09-15 14:15:45 +0800
1150915,2026-09-15,上市,00995A,主動中信台灣卓越,16.59,-0.3300,16.84,16.98,16.59,4002000,67236650,430,TWSE_CSV,2026-09-15 14:15:45 +0800
1150915,2026-09-15,上市,00996A,主動兆豐台灣豐收,13.42,-0.2400,13.64,13.73,13.42,2063000,28004730,343,TWSE_CSV,2026-09-15 14:15:45 +0800
1150915,2026-09-15,上市,00997A,主動群益美國增長,10.77,0.0200,10.75,10.85,10.75,4137000,44691810,810,TWSE_CSV,2026-09-15 14:15:45 +0800
1150915,2026-09-15,上市,00999A,主動野村臺灣高息,11.18,-0.1500,11.29,11.35,11.18,17012000,191269780,3601,TWSE_CSV,2026-09-15 14:15:45 +0800
1150915,2026-09-15,上市,1101,台泥,23.80,-0.1000,24.00,24.05,23.80,20093000,479600300,5731,TWSE_CSV,2026-09-15 14:15:45 +0800
1150915,2026-09-15,上市,1102,亞泥,35.20,0.2000,34.95,35.20,34.80,5105000,178852650,1438,TWSE_CSV,2026-09-15 14:15:45 +0800
1150915,2026-09-15,上市,1103,嘉泥,13.00,-0.0500,13.10,13.10,12.95,362000,4712850,170,TWSE_CSV,2026-09-15 14:15:45 +0800
1150915,2026-09-15,上市,1104,環泥,26.65,-0.2000,26.85,26.85,26.60,409000,10912100,299,TWSE_CSV,2026-09-15 14:15:45 +0800
1150915,2026-09-15,上市,1108,幸福,11.05,-0.0500,11.00,11.10,11.00,122000,1348350,72,TWSE_CSV,2026-09-15 14:15:45 +0800
1150915,2026-09-15,上市,1109,信大,13.45,0.0500,13.40,13.45,13.35,50000,669900,33,TWSE_CSV,2026-09-15 14:15:45 +0800
1150915,2026-09-15,上市,1110,東泥,15.40,-0.1500,15.65,15.65,15.40,523000,8081550,118,TWSE_CSV,2026-09-15 14:15:45 +0800
1150915,2026-09-15,上市,1201,味全,12.05,0.0500,12.00,12.05,11.95,351000,4209250,196,TWSE_CSV,2026-09-15 14:15:45 +0800
1150915,2026-09-15,上市,1203,味王,42.65,-0.5500,42.10,42.75,42.10,20000,850600,20,TWSE_CSV,2026-09-15 14:15:45 +0800
1150915,2026-09-15,上市,1210,大成,51.60,-0.2000,51.80,52.00,51.50,1291000,66716700,823,TWSE_CSV,2026-09-15 14:15:45 +0800
1150915,2026-09-15,上市,1213,大飲,7.19,0.0000,7.25,7.49,7.19,36000,267980,7,TWSE_CSV,2026-09-15 14:15:45 +0800
1150915,2026-09-15,上市,1215,卜蜂,105.50,-2.0000,107.50,108.00,105.50,808000,85748000,649,TWSE_CSV,2026-09-15 14:15:45 +0800
1150915,2026-09-15,上市,1216,統一,74.50,-0.1000,74.90,74.90,73.90,9965000,739930500,4000,TWSE_CSV,2026-09-15 14:15:45 +0800
1150915,2026-09-15,上市,1217,愛之味,9.97,0.0100,9.96,9.98,9.93,337000,3356160,155,TWSE_CSV,2026-09-15 14:15:45 +0800
1150915,2026-09-15,上市,1218,泰山,14.25,-0.0500,14.30,14.30,14.15,398000,5659150,188,TWSE_CSV,2026-09-15 14:15:45 +0800
1150915,2026-09-15,上市,1219,福壽,11.20,-0.0500,11.25,11.35,11.15,189000,2121650,124,TWSE_CSV,2026-09-15 14:15:45 +0800
1150915,2026-09-15,上市,1220,台榮,10.75,0.0000,10.80,10.80,10.70,41000,441150,36,TWSE_CSV,2026-09-15 14:15:45 +0800
1150915,2026-09-15,上市,1225,福懋油,24.65,-0.3000,24.50,25.15,24.50,43000,1067000,33,TWSE_CSV,2026-09-15 14:15:45 +0800
1150915,2026-09-15,上市,1227,佳格,28.15,-0.1500,28.30,28.35,28.10,464000,13081000,356,TWSE_CSV,2026-09-15 14:15:45 +0800
1150915,2026-09-15,上市,1229,聯華,40.35,0.0000,40.30,40.40,40.10,1342000,54004300,979,TWSE_CSV,2026-09-15 14:15:45 +0800
1150915,2026-09-15,上市,1231,聯華食,79.30,-0.7000,79.80,79.80,79.20,340000,27035400,315,TWSE_CSV,2026-09-15 14:15:45 +0800
1150915,2026-09-15,上市,1232,大統益,154.50,1.0000,154.00,155.00,153.50,79000,12180500,67,TWSE_CSV,2026-09-15 14:15:45 +0800
1150915,2026-09-15,上市,1233,天仁,27.85,-0.1000,28.00,28.00,27.85,16000,446650,12,TWSE_CSV,2026-09-15 14:15:45 +0800
1150915,2026-09-15,上市,1234,黑松,33.10,-0.0500,33.15,33.25,33.05,99000,3281050,66,TWSE_CSV,2026-09-15 14:15:45 +0800
1150915,2026-09-15,上市,1235,興泰,36.90,-0.2000,37.05,37.05,35.90,11000,402250,11,TWSE_CSV,2026-09-15 14:15:45 +0800
1150915,2026-09-15,上市,1236,宏亞,25.55,-0.3000,25.80,26.10,25.40,60000,1541550,35,TWSE_CSV,2026-09-15 14:15:45 +0800
1150915,2026-09-15,上市,1256,鮮活果汁-KY,171.00,-1.0000,173.00,174.00,171.00,27000,4655000,24,TWSE_CSV,2026-09-15 14:15:45 +0800
1150915,2026-09-15,上市,1301,台塑,62.00,-0.9000,62.10,62.50,61.20,17751000,1097819600,6233,TWSE_CSV,2026-09-15 14:15:45 +0800
1150915,2026-09-15,上市,1303,南亞,221.50,-12.5000,230.00,230.50,221.00,54412000,12211216000,33589,TWSE_CSV,2026-09-15 14:15:45 +0800
1150915,2026-09-15,上市,1304,台聚,12.15,-0.1000,12.15,12.20,12.00,1664000,20099400,686,TWSE_CSV,2026-09-15 14:15:45 +0800
1150915,2026-09-15,上市,1305,華夏,11.70,-0.2000,11.95,11.95,11.70,980000,11525850,459,TWSE_CSV,2026-09-15 14:15:45 +0800
1150915,2026-09-15,上市,1307,三芳,30.15,-0.1500,30.25,30.30,30.15,276000,8335450,170,TWSE_CSV,2026-09-15 14:15:45 +0800
1150915,2026-09-15,上市,1308,亞聚,13.90,-0.2500,14.05,14.10,13.85,1092000,15208800,477,TWSE_CSV,2026-09-15 14:15:45 +0800
1150915,2026-09-15,上市,1309,台達化,13.65,-0.1000,13.65,13.70,13.45,1254000,16997100,606,TWSE_CSV,2026-09-15 14:15:45 +0800
1150915,2026-09-15,上市,1310,台苯,8.45,-0.2000,8.68,8.68,8.45,1454000,12391540,660,TWSE_CSV,2026-09-15 14:15:45 +0800
1150915,2026-09-15,上市,1312,國喬,14.35,-0.1000,14.45,14.70,14.30,9823000,142159150,3453,TWSE_CSV,2026-09-15 14:15:45 +0800
1150915,2026-09-15,上市,1313,聯成,11.80,0.0500,11.70,11.95,11.65,1669000,19601500,538,TWSE_CSV,2026-09-15 14:15:45 +0800
1150915,2026-09-15,上市,1314,中石化,8.11,-0.1100,8.23,8.24,8.08,11995000,97459630,2159,TWSE_CSV,2026-09-15 14:15:45 +0800
1150915,2026-09-15,上市,1315,達新,65.80,-0.5000,65.50,65.80,65.40,14000,918500,11,TWSE_CSV,2026-09-15 14:15:45 +0800
1150915,2026-09-15,上市,1316,上曜,10.40,-0.3000,10.70,10.70,10.40,1735000,18201850,620,TWSE_CSV,2026-09-15 14:15:45 +0800
1150915,2026-09-15,上市,1319,東陽,79.00,0.7000,78.20,79.30,78.10,942000,74238900,717,TWSE_CSV,2026-09-15 14:15:45 +0800
1150915,2026-09-15,上市,1321,大洋,32.15,-0.1500,31.90,32.30,31.90,36000,1155200,30,TWSE_CSV,2026-09-15 14:15:45 +0800
1150915,2026-09-15,上市,1323,永裕,21.35,-0.3500,21.70,21.90,21.35,73000,1573500,47,TWSE_CSV,2026-09-15 14:15:45 +0800
1150915,2026-09-15,上市,1324,地球,10.00,-0.0500,10.05,10.10,9.99,52000,522430,13,TWSE_CSV,2026-09-15 14:15:45 +0800
1150915,2026-09-15,上市,1325,恆大,25.35,-0.1500,25.50,25.60,25.20,121000,3069200,77,TWSE_CSV,2026-09-15 14:15:45 +0800
1150915,2026-09-15,上市,1326,台化,65.80,-1.8000,66.60,66.80,64.90,23575000,1544644800,10471,TWSE_CSV,2026-09-15 14:15:45 +0800
1150915,2026-09-15,上市,1337,再生-KY,4.39,-0.0900,4.48,4.48,4.39,252000,1111560,138,TWSE_CSV,2026-09-15 14:15:45 +0800
1150915,2026-09-15,上市,1338,廣華-KY,14.30,-0.3000,14.50,14.55,14.20,95000,1358650,50,TWSE_CSV,2026-09-15 14:15:45 +0800
1150915,2026-09-15,上市,1339,昭輝,42.70,0.2500,42.25,42.70,42.15,36000,1521950,26,TWSE_CSV,2026-09-15 14:15:45 +0800
1150915,2026-09-15,上市,1340,勝悅-KY,5.07,-0.0900,5.13,5.18,5.06,104000,532120,64,TWSE_CSV,2026-09-15 14:15:45 +0800
1150915,2026-09-15,上市,1341,富林-KY,59.40,0.0000,58.20,59.40,58.20,3000,175900,3,TWSE_CSV,2026-09-15 14:15:45 +0800
1150915,2026-09-15,上市,1342,八貫,100.50,0.7000,99.80,101.50,99.80,73000,7359900,62,TWSE_CSV,2026-09-15 14:15:45 +0800
1150915,2026-09-15,上市,1402,遠東新,27.80,-0.3000,28.05,28.05,27.70,8992000,250137750,2733,TWSE_CSV,2026-09-15 14:15:45 +0800
1150915,2026-09-15,上市,1409,新纖,23.90,-0.4500,24.25,24.25,23.80,9653000,231510250,4258,TWSE_CSV,2026-09-15 14:15:45 +0800
1150915,2026-09-15,上市,1410,南染,23.90,-0.3000,24.10,24.55,23.80,208000,5008550,190,TWSE_CSV,2026-09-15 14:15:45 +0800
1150915,2026-09-15,上市,1413,宏洲,9.22,0.0200,9.20,9.22,9.20,2000,18420,2,TWSE_CSV,2026-09-15 14:15:45 +0800
1150915,2026-09-15,上市,1414,東和,17.20,-0.4000,17.65,17.65,17.20,102000,1766850,94,TWSE_CSV,2026-09-15 14:15:45 +0800
1150915,2026-09-15,上市,1416,廣豐,11.25,0.0000,11.30,11.35,11.15,308000,3459550,72,TWSE_CSV,2026-09-15 14:15:45 +0800
1150915,2026-09-15,上市,1417,嘉裕,7.98,-0.1000,8.12,8.14,7.96,312000,2497830,117,TWSE_CSV,2026-09-15 14:15:45 +0800
1150915,2026-09-15,上市,1418,東華,17.55,0.1500,17.45,17.55,17.30,4000,69650,4,TWSE_CSV,2026-09-15 14:15:45 +0800
1150915,2026-09-15,上市,1419,新紡,65.90,-0.6000,66.50,66.50,64.90,128000,8387100,122,TWSE_CSV,2026-09-15 14:15:45 +0800
1150915,2026-09-15,上市,1423,利華,35.25,0.4500,34.50,35.25,34.50,2000,69750,2,TWSE_CSV,2026-09-15 14:15:45 +0800
1150915,2026-09-15,上市,1432,大魯閣,14.95,0.0000,15.00,15.05,14.95,100000,1496450,77,TWSE_CSV,2026-09-15 14:15:45 +0800
1150915,2026-09-15,上市,1434,福懋,17.50,-0.1500,17.65,17.65,17.45,1197000,20956700,519,TWSE_CSV,2026-09-15 14:15:45 +0800
1150915,2026-09-15,上市,1435,中福,21.75,-0.6000,22.35,22.35,21.75,5000,109400,5,TWSE_CSV,2026-09-15 14:15:45 +0800
1150915,2026-09-15,上市,1436,華友聯,36.10,-0.3500,36.20,36.45,36.00,58000,2095700,48,TWSE_CSV,2026-09-15 14:15:45 +0800
1150915,2026-09-15,上市,1437,勤益控,32.25,0.2000,32.00,32.25,31.85,124000,3969550,76,TWSE_CSV,2026-09-15 14:15:45 +0800
1150915,2026-09-15,上市,1438,三地開發,21.20,-0.1500,21.20,21.20,21.10,19000,401750,15,TWSE_CSV,2026-09-15 14:15:45 +0800
1150915,2026-09-15,上市,1439,雋揚,27.70,-1.2000,28.05,28.15,27.55,57000,1591600,44,TWSE_CSV,2026-09-15 14:15:45 +0800
1150915,2026-09-15,上市,1440,南紡,13.05,-0.2000,13.35,13.35,13.05,1689000,22230600,693,TWSE_CSV,2026-09-15 14:15:45 +0800
1150915,2026-09-15,上市,1441,大東,8.61,-0.1400,8.59,8.74,8.58,11000,94840,11,TWSE_CSV,2026-09-15 14:15:45 +0800
1150915,2026-09-15,上市,1442,名軒,29.90,0.0500,29.95,30.00,29.80,119000,3556150,91,TWSE_CSV,2026-09-15 14:15:45 +0800
1150915,2026-09-15,上市,1443,立益物流,23.00,-0.3000,22.75,23.10,22.55,7000,160000,7,TWSE_CSV,2026-09-15 14:15:45 +0800
1150915,2026-09-15,上市,1444,力麗,6.66,-0.0700,6.70,6.74,6.66,874000,5850760,384,TWSE_CSV,2026-09-15 14:15:45 +0800
1150915,2026-09-15,上市,1445,大宇,10.15,-0.0500,10.30,10.30,10.10,59000,606400,9,TWSE_CSV,2026-09-15 14:15:45 +0800
1150915,2026-09-15,上市,1446,宏和,13.30,-0.0500,13.35,13.40,13.25,78000,1037550,39,TWSE_CSV,2026-09-15 14:15:45 +0800
1150915,2026-09-15,上市,1447,力鵬,6.31,-0.1200,6.43,6.43,6.30,728000,4612360,281,TWSE_CSV,2026-09-15 14:15:45 +0800
1150915,2026-09-15,上市,1449,佳和,12.10,-0.2000,12.30,12.30,12.10,202000,2462350,97,TWSE_CSV,2026-09-15 14:15:45 +0800
1150915,2026-09-15,上市,1451,年興,16.90,-0.1500,17.15,17.15,16.90,96000,1624600,51,TWSE_CSV,2026-09-15 14:15:45 +0800
1150915,2026-09-15,上市,1452,宏益,11.00,-0.1000,11.20,11.20,11.00,14000,154350,11,TWSE_CSV,2026-09-15 14:15:45 +0800
1150915,2026-09-15,上市,1453,大將,10.80,-0.1000,10.95,11.00,10.80,43000,467600,36,TWSE_CSV,2026-09-15 14:15:45 +0800
1150915,2026-09-15,上市,1454,台富,12.55,0.1000,12.85,12.85,12.45,43000,539050,26,TWSE_CSV,2026-09-15 14:15:45 +0800
1150915,2026-09-15,上市,1455,集盛,9.60,-0.1000,9.70,9.72,9.59,461000,4444750,207,TWSE_CSV,2026-09-15 14:15:45 +0800
1150915,2026-09-15,上市,1456,怡華,13.90,-0.4000,14.30,14.60,13.90,241000,3436650,123,TWSE_CSV,2026-09-15 14:15:45 +0800
1150915,2026-09-15,上市,1457,宜進,14.35,-0.1000,14.35,14.45,14.30,37000,532000,26,TWSE_CSV,2026-09-15 14:15:45 +0800
1150915,2026-09-15,上市,1459,聯發,15.35,0.1000,15.35,15.50,15.35,170000,2631400,37,TWSE_CSV,2026-09-15 14:15:45 +0800
1150915,2026-09-15,上市,1460,宏遠,6.28,-0.1400,6.42,6.42,6.26,385000,2432530,126,TWSE_CSV,2026-09-15 14:15:45 +0800
1150915,2026-09-15,上市,1463,強盛新,17.60,0.5500,17.15,17.60,17.15,281000,4888950,63,TWSE_CSV,2026-09-15 14:15:45 +0800
1150915,2026-09-15,上市,1464,得力,9.96,0.0100,10.00,10.00,9.90,488000,4851840,170,TWSE_CSV,2026-09-15 14:15:45 +0800
1150915,2026-09-15,上市,1465,偉全,11.95,0.0500,11.90,11.95,11.80,30000,355750,17,TWSE_CSV,2026-09-15 14:15:45 +0800
1150915,2026-09-15,上市,1466,聚隆,14.70,-0.1500,14.95,14.95,14.60,171000,2511200,121,TWSE_CSV,2026-09-15 14:15:45 +0800
1150915,2026-09-15,上市,1467,南緯,7.90,-0.0500,7.91,7.94,7.90,61000,482160,29,TWSE_CSV,2026-09-15 14:15:45 +0800
1150915,2026-09-15,上市,1468,昶和,13.10,-0.1500,13.00,13.10,12.75,92000,1184500,60,TWSE_CSV,2026-09-15 14:15:45 +0800
1150915,2026-09-15,上市,1470,大統新創,23.85,0.0500,23.70,23.90,23.70,4000,95150,4,TWSE_CSV,2026-09-15 14:15:45 +0800
1150915,2026-09-15,上市,1471,首利,9.30,-0.2000,9.50,9.50,9.30,113000,1058830,71,TWSE_CSV,2026-09-15 14:15:45 +0800
1150915,2026-09-15,上市,1472,三洋實業,88.30,0.0000,88.60,89.10,87.50,25000,2208900,23,TWSE_CSV,2026-09-15 14:15:45 +0800
1150915,2026-09-15,上市,1473,台南,19.65,-0.1000,19.70,19.95,19.55,163000,3202450,88,TWSE_CSV,2026-09-15 14:15:45 +0800
1150915,2026-09-15,上市,1474,弘裕,9.72,-0.1600,9.83,9.88,9.71,79000,773650,48,TWSE_CSV,2026-09-15 14:15:45 +0800
1150915,2026-09-15,上市,1475,業旺,26.25,0.2000,26.10,26.50,25.80,17000,443150,12,TWSE_CSV,2026-09-15 14:15:45 +0800
1150915,2026-09-15,上市,1476,儒鴻,285.00,-3.0000,290.00,290.00,285.00,989000,282670000,856,TWSE_CSV,2026-09-15 14:15:45 +0800
1150915,2026-09-15,上市,1477,聚陽,192.00,-2.5000,195.00,195.00,192.00,698000,134455500,596,TWSE_CSV,2026-09-15 14:15:45 +0800
1150915,2026-09-15,上市,1503,士電,195.00,-2.0000,197.00,198.50,195.00,787000,154552500,652,TWSE_CSV,2026-09-15 14:15:45 +0800
1150915,2026-09-15,上市,1504,東元,69.00,-1.3000,70.50,70.90,69.00,3556000,247754100,2272,TWSE_CSV,2026-09-15 14:15:45 +0800
1150915,2026-09-15,上市,1506,正道,9.77,-0.0800,9.85,9.85,9.68,273000,2652130,101,TWSE_CSV,2026-09-15 14:15:45 +0800
1150915,2026-09-15,上市,1512,瑞利,6.13,0.0200,6.11,6.18,6.10,20000,122500,17,TWSE_CSV,2026-09-15 14:15:45 +0800
1150915,2026-09-15,上市,1513,中興電,162.00,-1.5000,163.50,164.50,162.00,1209000,196695000,883,TWSE_CSV,2026-09-15 14:15:45 +0800
1150915,2026-09-15,上市,1514,亞力,99.60,-0.4000,100.00,101.50,99.60,553000,55368100,435,TWSE_CSV,2026-09-15 14:15:45 +0800
1150915,2026-09-15,上市,1515,力山,29.15,-0.7000,29.65,29.80,29.15,508000,14956950,345,TWSE_CSV,2026-09-15 14:15:45 +0800
1150915,2026-09-15,上市,1516,川飛,14.40,0.4000,14.40,14.40,14.35,23000,331000,14,TWSE_CSV,2026-09-15 14:15:45 +0800
1150915,2026-09-15,上市,1517,利奇,10.50,0.0000,10.50,10.55,10.40,246000,2579700,121,TWSE_CSV,2026-09-15 14:15:45 +0800
1150915,2026-09-15,上市,1519,華城,694.00,-3.0000,704.00,708.00,694.00,1165000,813214000,936,TWSE_CSV,2026-09-15 14:15:45 +0800
1150915,2026-09-15,上市,1521,大億,24.75,0.3000,24.60,25.00,24.50,26000,640750,22,TWSE_CSV,2026-09-15 14:15:45 +0800
1150915,2026-09-15,上市,1522,堤維西,25.05,-0.0500,25.15,25.30,24.90,349000,8772650,278,TWSE_CSV,2026-09-15 14:15:45 +0800
1150915,2026-09-15,上市,1524,耿鼎,25.80,-0.0500,25.85,25.95,25.80,115000,2975350,79,TWSE_CSV,2026-09-15 14:15:45 +0800
1150915,2026-09-15,上市,1525,江申,64.20,-0.3000,64.20,64.20,64.20,1000,64200,1,TWSE_CSV,2026-09-15 14:15:45 +0800
1150915,2026-09-15,上市,1526,日馳,14.70,-0.3000,15.00,15.00,14.70,83000,1238550,57,TWSE_CSV,2026-09-15 14:15:45 +0800
1150915,2026-09-15,上市,1527,鑽全,32.20,-0.1000,32.30,32.35,32.10,128000,4123400,70,TWSE_CSV,2026-09-15 14:15:45 +0800
1150915,2026-09-15,上市,1528,恩德,24.65,1.3500,23.75,25.30,23.60,36930000,904938700,16254,TWSE_CSV,2026-09-15 14:15:45 +0800
1150915,2026-09-15,上市,1529,樂事綠能,15.25,-0.4500,15.55,15.65,15.25,428000,6629750,273,TWSE_CSV,2026-09-15 14:15:45 +0800
1150915,2026-09-15,上市,1530,亞崴,27.25,-0.1000,27.50,27.50,27.25,23000,629200,14,TWSE_CSV,2026-09-15 14:15:45 +0800
1150915,2026-09-15,上市,1531,高林股,11.55,0.0000,11.55,11.60,11.50,42000,484650,36,TWSE_CSV,2026-09-15 14:15:45 +0800
1150915,2026-09-15,上市,1532,勤美,22.30,-0.2500,22.50,22.70,22.30,313000,7024800,167,TWSE_CSV,2026-09-15 14:15:45 +0800
1150915,2026-09-15,上市,1533,車王電,29.95,-0.3500,30.80,30.80,29.90,78000,2342900,71,TWSE_CSV,2026-09-15 14:15:45 +0800
1150915,2026-09-15,上市,1535,中宇,44.35,-0.3000,44.65,44.65,44.10,52000,2307950,42,TWSE_CSV,2026-09-15 14:15:45 +0800
1150915,2026-09-15,上市,1536,和大,46.00,-0.8500,46.85,47.05,46.00,1405000,65120200,851,TWSE_CSV,2026-09-15 14:15:45 +0800
1150915,2026-09-15,上市,1537,廣隆,114.00,-1.0000,114.50,114.50,114.00,24000,2744000,23,TWSE_CSV,2026-09-15 14:15:45 +0800
1150915,2026-09-15,上市,1538,正峰,,0.0000,,,,,,,TWSE_CSV,2026-09-15 14:15:45 +0800
1150915,2026-09-15,上市,1539,巨庭,15.50,-0.1500,15.45,15.70,15.45,10000,155050,10,TWSE_CSV,2026-09-15 14:15:45 +0800
1150915,2026-09-15,上市,1540,喬福,19.10,-0.1000,19.30,19.50,19.10,98000,1881350,68,TWSE_CSV,2026-09-15 14:15:45 +0800
1150915,2026-09-15,上市,1541,錩泰,20.75,0.1000,20.50,21.05,20.50,27000,559100,11,TWSE_CSV,2026-09-15 14:15:45 +0800
1150915,2026-09-15,上市,1558,伸興,108.50,1.0000,107.50,108.50,106.50,104000,11198500,69,TWSE_CSV,2026-09-15 14:15:45 +0800
1150915,2026-09-15,上市,1560,中砂,735.00,-18.0000,746.00,752.00,735.00,665000,493938000,615,TWSE_CSV,2026-09-15 14:15:45 +0800
1150915,2026-09-15,上市,1563,巧新,74.00,-0.8000,74.50,75.60,74.00,407000,30346600,224,TWSE_CSV,2026-09-15 14:15:45 +0800
1150915,2026-09-15,上市,1568,倉佑,28.80,-0.1500,29.20,29.20,28.60,104000,2997300,79,TWSE_CSV,2026-09-15 14:15:45 +0800
1150915,2026-09-15,上市,1582,信錦,69.10,-0.9000,70.00,70.60,69.10,266000,18492400,215,TWSE_CSV,2026-09-15 14:15:45 +0800
1150915,2026-09-15,上市,1583,程泰,46.85,-0.3500,47.20,47.20,46.85,11000,517850,11,TWSE_CSV,2026-09-15 14:15:45 +0800
1150915,2026-09-15,上市,1587,吉茂,23.25,-0.2500,23.40,23.50,23.20,146000,3400650,59,TWSE_CSV,2026-09-15 14:15:45 +0800
1150915,2026-09-15,上市,1590,亞德客-KY,1280.00,10.0000,1260.00,1285.00,1255.00,420000,535065000,373,TWSE_CSV,2026-09-15 14:15:45 +0800
1150915,2026-09-15,上市,1597,直得,133.50,-4.5000,136.00,139.00,133.00,1469000,199280500,1118,TWSE_CSV,2026-09-15 14:15:45 +0800
1150915,2026-09-15,上市,1598,岱宇,20.10,-0.3000,20.40,20.40,20.00,130000,2618600,91,TWSE_CSV,2026-09-15 14:15:45 +0800
1150915,2026-09-15,上市,1603,華電,29.95,-0.1500,30.20,30.20,29.80,141000,4215000,81,TWSE_CSV,2026-09-15 14:15:45 +0800
1150915,2026-09-15,上市,1604,聲寶,23.35,-0.0500,23.40,23.45,23.30,276000,6439600,76,TWSE_CSV,2026-09-15 14:15:45 +0800
1150915,2026-09-15,上市,1605,華新,36.35,-0.6500,37.00,37.00,36.20,12214000,445696050,4696,TWSE_CSV,2026-09-15 14:15:45 +0800
1150915,2026-09-15,上市,1608,華榮,35.40,-0.6000,36.00,36.00,35.35,1252000,44577400,832,TWSE_CSV,2026-09-15 14:15:45 +0800
1150915,2026-09-15,上市,1609,大亞,37.20,-0.1000,37.70,37.70,37.20,1510000,56459650,1033,TWSE_CSV,2026-09-15 14:15:45 +0800
1150915,2026-09-15,上市,1611,中電,11.30,-0.1500,11.40,11.40,11.30,330000,3742200,209,TWSE_CSV,2026-09-15 14:15:45 +0800
1150915,2026-09-15,上市,1612,宏泰,34.50,-0.2000,34.70,34.80,34.50,311000,10756050,225,TWSE_CSV,2026-09-15 14:15:45 +0800
1150915,2026-09-15,上市,1614,三洋電,30.90,-0.1000,30.75,31.00,30.75,23000,710600,22,TWSE_CSV,2026-09-15 14:15:45 +0800
1150915,2026-09-15,上市,1615,大山,43.05,-0.3000,43.70,43.70,43.05,46000,1985350,38,TWSE_CSV,2026-09-15 14:15:45 +0800
1150915,2026-09-15,上市,1616,億泰,18.35,-0.0500,18.60,18.60,18.25,155000,2849800,108,TWSE_CSV,2026-09-15 14:15:45 +0800
1150915,2026-09-15,上市,1617,榮星,17.60,-0.0500,17.65,17.80,17.45,200000,3523500,125,TWSE_CSV,2026-09-15 14:15:45 +0800
1150915,2026-09-15,上市,1618,合機,38.45,-0.2500,38.70,38.85,38.45,183000,7060350,127,TWSE_CSV,2026-09-15 14:15:45 +0800
1150915,2026-09-15,上市,1623,大東電,204.00,1.0000,203.00,205.00,200.00,49000,9926000,44,TWSE_CSV,2026-09-15 14:15:45 +0800
1150915,2026-09-15,上市,1626,艾美特-KY,9.41,-0.2500,9.52,9.66,9.41,46000,438600,35,TWSE_CSV,2026-09-15 14:15:45 +0800
1150915,2026-09-15,上市,1702,南僑,32.35,-0.0500,32.10,32.35,32.10,122000,3930850,77,TWSE_CSV,2026-09-15 14:15:45 +0800
1150915,2026-09-15,上市,1707,葡萄王,86.30,-0.8000,87.20,87.20,86.20,323000,27975200,280,TWSE_CSV,2026-09-15 14:15:45 +0800
1150915,2026-09-15,上市,1708,東鹼,48.00,0.0500,47.95,48.35,47.40,853000,40880500,596,TWSE_CSV,2026-09-15 14:15:45 +0800
1150915,2026-09-15,上市,1709,和益,35.50,-0.5500,36.00,36.35,34.30,8420000,299166700,4240,TWSE_CSV,2026-09-15 14:15:45 +0800
1150915,2026-09-15,上市,1710,東聯,15.70,-0.3500,15.95,16.10,15.60,3347000,52887200,954,TWSE_CSV,2026-09-15 14:15:45 +0800
1150915,2026-09-15,上市,1711,永光,38.10,0.1500,37.95,39.10,37.95,2800000,107814350,1836,TWSE_CSV,2026-09-15 14:15:45 +0800
1150915,2026-09-15,上市,1712,興農,39.90,0.0000,40.05,40.05,39.65,359000,14272300,289,TWSE_CSV,2026-09-15 14:15:45 +0800
1150915,2026-09-15,上市,1713,國化,42.05,-0.4500,42.70,42.80,42.05,438000,18609850,154,TWSE_CSV,2026-09-15 14:15:45 +0800
1150915,2026-09-15,上市,1714,和桐,15.15,0.2000,14.90,15.35,14.90,5036000,76245150,2351,TWSE_CSV,2026-09-15 14:15:45 +0800
1150915,2026-09-15,上市,1717,長興,68.10,-1.1000,69.20,69.50,68.10,4557000,313293900,2993,TWSE_CSV,2026-09-15 14:15:45 +0800
1150915,2026-09-15,上市,1718,中纖,10.40,-0.1500,10.60,10.60,10.30,6418000,66959850,2021,TWSE_CSV,2026-09-15 14:15:45 +0800
1150915,2026-09-15,上市,1720,生達,56.10,0.2000,55.90,56.10,55.90,70000,3919800,59,TWSE_CSV,2026-09-15 14:15:45 +0800
1150915,2026-09-15,上市,1721,國慶科技,21.10,-1.0000,21.80,21.85,21.10,488000,10450000,315,TWSE_CSV,2026-09-15 14:15:45 +0800
1150915,2026-09-15,上市,1722,台肥,42.00,-0.4000,42.30,42.45,41.80,3515000,147441850,1741,TWSE_CSV,2026-09-15 14:15:45 +0800
1150915,2026-09-15,上市,1723,中碳,81.30,-0.6000,81.80,81.80,81.20,270000,21989800,241,TWSE_CSV,2026-09-15 14:15:45 +0800
1150915,2026-09-15,上市,1725,元禎,32.65,-0.3500,32.50,33.25,32.50,51000,1670550,40,TWSE_CSV,2026-09-15 14:15:45 +0800
1150915,2026-09-15,上市,1726,永記,76.50,-0.1000,76.50,76.80,76.50,18000,1377500,16,TWSE_CSV,2026-09-15 14:15:45 +0800
1150915,2026-09-15,上市,1727,中華化,90.10,1.9000,88.00,92.80,87.60,2610000,237902500,1903,TWSE_CSV,2026-09-15 14:15:45 +0800
1150915,2026-09-15,上市,1730,花仙子,51.20,-0.1000,51.50,51.50,51.20,23000,1180600,21,TWSE_CSV,2026-09-15 14:15:45 +0800
1150915,2026-09-15,上市,1731,美吾華,20.75,-0.1500,20.80,20.90,20.75,45000,935750,37,TWSE_CSV,2026-09-15 14:15:45 +0800
1150915,2026-09-15,上市,1732,毛寶,25.85,-0.1000,25.95,25.95,25.70,39000,1005400,34,TWSE_CSV,2026-09-15 14:15:45 +0800
1150915,2026-09-15,上市,1733,五鼎,29.90,-0.4500,30.40,30.50,29.85,114000,3431250,68,TWSE_CSV,2026-09-15 14:15:45 +0800
1150915,2026-09-15,上市,1734,杏輝,31.30,0.1500,30.90,31.30,30.90,160000,4989050,106,TWSE_CSV,2026-09-15 14:15:45 +0800
1150915,2026-09-15,上市,1735,日勝化,19.30,-0.4000,19.70,19.70,19.30,69000,1351150,41,TWSE_CSV,2026-09-15 14:15:45 +0800
1150915,2026-09-15,上市,1736,喬山,125.00,1.0000,125.00,126.50,123.50,271000,33838000,251,TWSE_CSV,2026-09-15 14:15:45 +0800
1150915,2026-09-15,上市,1737,臺鹽,30.40,-0.0500,30.45,30.50,30.30,231000,7017900,108,TWSE_CSV,2026-09-15 14:15:45 +0800
1150915,2026-09-15,上市,1752,南光,31.20,-0.1000,31.10,31.50,31.10,63000,1966900,48,TWSE_CSV,2026-09-15 14:15:45 +0800
1150915,2026-09-15,上市,1760,寶齡富錦,53.80,-0.1000,53.90,54.50,53.80,102000,5510200,78,TWSE_CSV,2026-09-15 14:15:45 +0800
1150915,2026-09-15,上市,1762,中化生,33.50,0.0000,33.25,33.50,33.05,30000,996150,25,TWSE_CSV,2026-09-15 14:15:45 +0800
1150915,2026-09-15,上市,1773,勝一,157.50,1.0000,156.50,159.00,155.50,274000,43136000,244,TWSE_CSV,2026-09-15 14:15:45 +0800
1150915,2026-09-15,上市,1776,展宇,17.75,0.2000,17.60,17.85,17.50,52000,920000,36,TWSE_CSV,2026-09-15 14:15:45 +0800
1150915,2026-09-15,上市,1783,和康生,36.20,-0.2000,36.50,36.50,36.20,56000,2036250,37,TWSE_CSV,2026-09-15 14:15:45 +0800
1150915,2026-09-15,上市,1786,科妍,43.05,-0.5000,43.40,43.55,42.75,72000,3104450,58,TWSE_CSV,2026-09-15 14:15:45 +0800
1150915,2026-09-15,上市,1789,神隆,18.10,0.1000,18.05,18.10,17.90,312000,5628400,218,TWSE_CSV,2026-09-15 14:15:45 +0800
1150915,2026-09-15,上市,1795,美時,178.50,5.0000,175.00,178.50,173.00,705000,124733000,578,TWSE_CSV,2026-09-15 14:15:45 +0800
1150915,2026-09-15,上市,1802,台玻,56.00,-1.8000,57.60,57.80,56.00,9771000,554214500,5773,TWSE_CSV,2026-09-15 14:15:45 +0800
1150915,2026-09-15,上市,1805,寶徠,10.10,0.0000,10.05,10.10,10.05,22000,221600,12,TWSE_CSV,2026-09-15 14:15:45 +0800
1150915,2026-09-15,上市,1806,冠軍,7.99,0.0100,7.96,8.01,7.93,87000,693500,71,TWSE_CSV,2026-09-15 14:15:45 +0800
1150915,2026-09-15,上市,1808,潤隆,33.00,-0.2000,33.20,33.50,32.90,1200000,39815200,554,TWSE_CSV,2026-09-15 14:15:45 +0800
1150915,2026-09-15,上市,1809,中釉,36.00,-1.0000,36.90,37.15,36.00,761000,27735300,501,TWSE_CSV,2026-09-15 14:15:45 +0800
1150915,2026-09-15,上市,1810,和成,23.45,-0.3500,23.70,23.85,23.40,854000,20132000,501,TWSE_CSV,2026-09-15 14:15:45 +0800
1150915,2026-09-15,上市,1817,凱撒衛,40.20,-0.1000,40.25,40.25,40.20,9000,361850,8,TWSE_CSV,2026-09-15 14:15:45 +0800
1150915,2026-09-15,上市,1903,士紙,47.20,-0.3000,47.35,47.35,47.05,46000,2172500,33,TWSE_CSV,2026-09-15 14:15:45 +0800
1150915,2026-09-15,上市,1904,正隆,24.40,-0.4000,24.65,24.90,24.35,1291000,31704800,807,TWSE_CSV,2026-09-15 14:15:45 +0800
1150915,2026-09-15,上市,1905,華紙,13.05,-0.1000,13.20,13.25,12.95,1344000,17575950,579,TWSE_CSV,2026-09-15 14:15:45 +0800
1150915,2026-09-15,上市,1906,寶隆,10.75,-0.1500,10.85,10.85,10.75,37000,399750,16,TWSE_CSV,2026-09-15 14:15:45 +0800
1150915,2026-09-15,上市,1907,永豐餘,28.85,-0.1500,29.00,29.15,28.80,556000,16073850,326,TWSE_CSV,2026-09-15 14:15:45 +0800
1150915,2026-09-15,上市,1909,榮成,10.10,-0.1500,10.15,10.25,10.05,1936000,19631000,594,TWSE_CSV,2026-09-15 14:15:45 +0800
1150915,2026-09-15,上市,2002,中鋼,18.65,-0.1500,18.80,18.80,18.65,30340000,567295300,7953,TWSE_CSV,2026-09-15 14:15:45 +0800
1150915,2026-09-15,上市,2006,東和鋼鐵,80.90,-1.2000,81.90,82.10,80.70,1117000,90523700,826,TWSE_CSV,2026-09-15 14:15:45 +0800
1150915,2026-09-15,上市,2007,燁興,6.65,-0.1100,6.76,6.76,6.63,251000,1685210,98,TWSE_CSV,2026-09-15 14:15:45 +0800
1150915,2026-09-15,上市,2008,高興昌,30.50,0.0000,30.50,30.55,30.50,39000,1189600,8,TWSE_CSV,2026-09-15 14:15:45 +0800
1150915,2026-09-15,上市,2009,第一銅,38.20,-0.3000,38.30,38.45,38.15,847000,32390400,499,TWSE_CSV,2026-09-15 14:15:45 +0800
1150915,2026-09-15,上市,2010,春源,21.55,-0.2500,21.80,21.80,21.50,538000,11629650,290,TWSE_CSV,2026-09-15 14:15:45 +0800
1150915,2026-09-15,上市,2012,春雨,13.95,0.0000,13.95,14.15,13.85,22000,306600,17,TWSE_CSV,2026-09-15 14:15:45 +0800
1150915,2026-09-15,上市,2013,中鋼構,41.40,-0.1000,41.15,41.60,41.15,32000,1325150,24,TWSE_CSV,2026-09-15 14:15:45 +0800
1150915,2026-09-15,上市,2014,中鴻,16.25,-0.2500,16.50,16.50,16.20,2296000,37445100,979,TWSE_CSV,2026-09-15 14:15:45 +0800
1150915,2026-09-15,上市,2015,豐興,64.50,-0.1000,63.90,64.50,63.90,89000,5712700,71,TWSE_CSV,2026-09-15 14:15:45 +0800
1150915,2026-09-15,上市,2017,官田鋼,8.62,-0.0500,8.64,8.72,8.58,337000,2905630,161,TWSE_CSV,2026-09-15 14:15:45 +0800
1150915,2026-09-15,上市,2020,美亞,21.55,0.2000,21.35,21.55,21.35,383000,8194350,62,TWSE_CSV,2026-09-15 14:15:45 +0800
1150915,2026-09-15,上市,2022,聚亨,7.19,-0.0900,7.30,7.30,7.12,304000,2182250,150,TWSE_CSV,2026-09-15 14:15:45 +0800
1150915,2026-09-15,上市,2023,燁輝,13.70,-0.1500,13.80,13.85,13.60,1482000,20300300,476,TWSE_CSV,2026-09-15 14:15:45 +0800
1150915,2026-09-15,上市,2024,志聯,12.85,-0.2000,13.00,13.00,12.85,14000,181050,10,TWSE_CSV,2026-09-15 14:15:45 +0800
1150915,2026-09-15,上市,2025,千興,11.85,-0.4500,12.15,12.20,11.85,392000,4706800,188,TWSE_CSV,2026-09-15 14:15:45 +0800
1150915,2026-09-15,上市,2027,大成鋼,45.00,-0.7500,45.75,45.75,44.95,11952000,540742900,4321,TWSE_CSV,2026-09-15 14:15:45 +0800
1150915,2026-09-15,上市,2028,威致,15.60,-0.0500,15.65,15.65,15.40,65000,1010400,39,TWSE_CSV,2026-09-15 14:15:45 +0800
1150915,2026-09-15,上市,2029,盛餘,20.65,-0.2000,20.90,20.90,20.60,325000,6723600,208,TWSE_CSV,2026-09-15 14:15:45 +0800
1150915,2026-09-15,上市,2030,彰源,22.20,-1.0000,23.25,23.25,22.10,2283000,51568400,1108,TWSE_CSV,2026-09-15 14:15:45 +0800
1150915,2026-09-15,上市,2031,新光鋼,43.30,-0.2500,43.85,43.85,43.20,225000,9753900,161,TWSE_CSV,2026-09-15 14:15:45 +0800
1150915,2026-09-15,上市,2032,新鋼,16.85,0.2000,16.60,16.85,16.25,296000,4890100,167,TWSE_CSV,2026-09-15 14:15:45 +0800
1150915,2026-09-15,上市,2033,佳大,25.50,-1.1500,26.70,27.05,25.45,761000,19819250,476,TWSE_CSV,2026-09-15 14:15:45 +0800
1150915,2026-09-15,上市,2034,允強,20.45,0.1500,20.25,20.80,20.25,1222000,25058800,574,TWSE_CSV,2026-09-15 14:15:45 +0800
1150915,2026-09-15,上市,2038,海光,11.75,-0.2000,12.05,12.05,11.75,293000,3473050,139,TWSE_CSV,2026-09-15 14:15:45 +0800
1150915,2026-09-15,上市,2049,上銀,329.00,5.5000,318.00,334.50,313.50,5195000,1706215500,3950,TWSE_CSV,2026-09-15 14:15:45 +0800
1150915,2026-09-15,上市,2059,川湖,11715.00,-275.0000,11920.00,12075.00,11665.00,181000,2145430000,176,TWSE_CSV,2026-09-15 14:15:45 +0800
1150915,2026-09-15,上市,2062,橋椿,18.00,-0.1500,18.15,18.15,18.00,87000,1568600,64,TWSE_CSV,2026-09-15 14:15:45 +0800
1150915,2026-09-15,上市,2069,運錩,22.80,-1.1000,24.00,24.00,22.80,1383000,32020000,764,TWSE_CSV,2026-09-15 14:15:45 +0800
1150915,2026-09-15,上市,2072,世紀風電,127.50,-0.5000,128.00,129.50,127.50,150000,19224000,117,TWSE_CSV,2026-09-15 14:15:45 +0800
1150915,2026-09-15,上市,2101,南港,30.00,-0.1500,30.05,30.30,29.95,833000,25062000,487,TWSE_CSV,2026-09-15 14:15:45 +0800
1150915,2026-09-15,上市,2102,泰豐,17.80,-0.1000,17.75,17.85,17.75,119000,2116500,48,TWSE_CSV,2026-09-15 14:15:45 +0800
1150915,2026-09-15,上市,2103,台橡,25.75,0.3000,25.50,25.80,25.35,1753000,44908900,752,TWSE_CSV,2026-09-15 14:15:45 +0800
1150915,2026-09-15,上市,2104,國際中橡,10.30,0.0000,10.30,10.35,10.25,816000,8394000,291,TWSE_CSV,2026-09-15 14:15:45 +0800
1150915,2026-09-15,上市,2105,正新,30.00,-0.1500,30.15,30.20,30.00,3996000,120148050,1873,TWSE_CSV,2026-09-15 14:15:45 +0800
1150915,2026-09-15,上市,2106,建大,16.60,0.0500,16.55,16.60,16.45,691000,11421550,372,TWSE_CSV,2026-09-15 14:15:45 +0800
1150915,2026-09-15,上市,2107,厚生,26.70,0.1000,26.60,26.85,26.55,199000,5314150,121,TWSE_CSV,2026-09-15 14:15:45 +0800
1150915,2026-09-15,上市,2108,南帝,27.75,-0.1500,27.90,27.90,27.55,555000,15386700,338,TWSE_CSV,2026-09-15 14:15:45 +0800
1150915,2026-09-15,上市,2109,華豐,14.70,-0.0500,14.85,15.00,14.65,136000,2019900,72,TWSE_CSV,2026-09-15 14:15:45 +0800
1150915,2026-09-15,上市,2114,鑫永銓,88.60,-0.2000,88.60,88.60,88.50,4000,354300,4,TWSE_CSV,2026-09-15 14:15:45 +0800
1150915,2026-09-15,上市,2115,六暉-KY,23.70,-0.1000,23.65,23.90,23.65,53000,1258900,31,TWSE_CSV,2026-09-15 14:15:45 +0800
1150915,2026-09-15,上市,2201,裕隆,29.65,-0.7500,30.35,30.40,29.60,2879000,86150050,1674,TWSE_CSV,2026-09-15 14:15:45 +0800
1150915,2026-09-15,上市,2204,中華,52.00,-0.6000,52.50,52.80,51.90,684000,35695100,511,TWSE_CSV,2026-09-15 14:15:45 +0800
1150915,2026-09-15,上市,2206,三陽工業,63.40,0.3000,63.50,63.50,62.90,1049000,66304400,655,TWSE_CSV,2026-09-15 14:15:45 +0800
1150915,2026-09-15,上市,2207,和泰車,530.00,-8.0000,538.00,538.00,529.00,168000,89361000,159,TWSE_CSV,2026-09-15 14:15:45 +0800
1150915,2026-09-15,上市,2208,台船,18.75,-0.3500,19.00,19.05,18.75,916000,17289700,499,TWSE_CSV,2026-09-15 14:15:45 +0800
1150915,2026-09-15,上市,2211,長榮鋼,80.10,-0.5000,80.70,80.90,80.00,563000,45201300,444,TWSE_CSV,2026-09-15 14:15:45 +0800
1150915,2026-09-15,上市,2227,裕日車,45.60,-0.9500,46.55,46.60,45.50,111000,5080150,87,TWSE_CSV,2026-09-15 14:15:45 +0800
1150915,2026-09-15,上市,2228,劍麟,74.90,0.0000,74.90,75.60,74.80,72000,5406800,55,TWSE_CSV,2026-09-15 14:15:45 +0800
1150915,2026-09-15,上市,2231,為升,89.00,-0.7000,89.60,89.70,88.90,81000,7220300,68,TWSE_CSV,2026-09-15 14:15:45 +0800
1150915,2026-09-15,上市,2233,宇隆,156.50,-0.5000,157.50,159.00,156.00,257000,40414500,210,TWSE_CSV,2026-09-15 14:15:45 +0800
1150915,2026-09-15,上市,2236,百達-KY,118.00,-2.0000,118.00,120.00,116.00,313000,36812000,217,TWSE_CSV,2026-09-15 14:15:45 +0800
1150915,2026-09-15,上市,2237,華德動能-創,26.80,0.0000,26.80,26.90,26.70,39000,1044050,30,TWSE_CSV,2026-09-15 14:15:45 +0800
1150915,2026-09-15,上市,2239,英利-KY,19.30,-0.0500,19.60,19.60,19.15,16000,308500,12,TWSE_CSV,2026-09-15 14:15:45 +0800
1150915,2026-09-15,上市,2241,艾姆勒,33.35,-0.1000,33.65,34.00,33.25,155000,5204150,116,TWSE_CSV,2026-09-15 14:15:45 +0800
1150915,2026-09-15,上市,2243,宏旭-KY,47.45,-0.1500,47.85,48.00,47.15,126000,5990700,104,TWSE_CSV,2026-09-15 14:15:45 +0800
1150915,2026-09-15,上市,2247,汎德永業,229.50,0.0000,228.50,230.00,227.50,25000,5717500,25,TWSE_CSV,2026-09-15 14:15:45 +0800
1150915,2026-09-15,上市,2248,華勝-KY,59.30,0.1000,60.00,60.00,59.10,26000,1544500,18,TWSE_CSV,2026-09-15 14:15:45 +0800
1150915,2026-09-15,上市,2250,IKKA-KY,54.80,-0.2000,55.80,55.80,54.60,54000,2967600,42,TWSE_CSV,2026-09-15 14:15:45 +0800
1150915,2026-09-15,上市,2254,巨鎧精密-創,73.10,2.3000,70.90,74.40,70.90,1508000,110007800,779,TWSE_CSV,2026-09-15 14:15:45 +0800
1150915,2026-09-15,上市,2258,鴻華先進-創,30.05,-0.0500,29.90,30.25,29.80,285000,8550850,139,TWSE_CSV,2026-09-15 14:15:45 +0800
1150915,2026-09-15,上市,2301,光寶科,274.00,-3.5000,281.00,286.00,273.00,17551000,4887065000,11032,TWSE_CSV,2026-09-15 14:15:45 +0800
1150915,2026-09-15,上市,2302,麗正,40.20,-1.4000,41.60,42.10,40.20,1468000,60294250,1063,TWSE_CSV,2026-09-15 14:15:45 +0800
1150915,2026-09-15,上市,2303,聯電,138.50,-4.0000,140.50,141.00,138.00,101025000,14088612000,38635,TWSE_CSV,2026-09-15 14:15:45 +0800
1150915,2026-09-15,上市,2305,全友,44.95,-0.2000,45.60,48.05,44.20,93398000,4295439900,47257,TWSE_CSV,2026-09-15 14:15:45 +0800
1150915,2026-09-15,上市,2308,台達電,1670.00,50.0000,1590.00,1715.00,1585.00,14020000,23584840000,9822,TWSE_CSV,2026-09-15 14:15:45 +0800
1150915,2026-09-15,上市,2312,金寶,31.10,0.2500,30.90,31.45,30.50,7942000,246013750,3335,TWSE_CSV,2026-09-15 14:15:45 +0800
1150915,2026-09-15,上市,2313,華通,218.50,-2.5000,218.50,224.00,217.00,11531000,2542250000,7393,TWSE_CSV,2026-09-15 14:15:45 +0800
1150915,2026-09-15,上市,2314,台揚,11.00,-0.3500,10.90,11.20,10.90,87000,964450,32,TWSE_CSV,2026-09-15 14:15:45 +0800
1150915,2026-09-15,上市,2316,楠梓電,155.00,0.0000,157.00,160.00,154.50,1010000,158201000,763,TWSE_CSV,2026-09-15 14:15:45 +0800
1150915,2026-09-15,上市,2317,鴻海,246.50,-2.0000,247.50,250.00,246.50,15276000,3785817500,7379,TWSE_CSV,2026-09-15 14:15:45 +0800
1150915,2026-09-15,上市,2323,中環,10.40,-0.1000,10.55,10.60,10.40,3466000,36338800,921,TWSE_CSV,2026-09-15 14:15:45 +0800
1150915,2026-09-15,上市,2324,仁寶,36.95,-0.9500,38.30,38.45,36.90,44270000,1651972550,16958,TWSE_CSV,2026-09-15 14:15:45 +0800
1150915,2026-09-15,上市,2327,國巨*,537.00,-8.0000,550.00,558.00,535.00,21864000,11980736000,14753,TWSE_CSV,2026-09-15 14:15:45 +0800
1150915,2026-09-15,上市,2328,廣宇,44.90,-0.5000,45.40,45.85,44.85,1811000,81921800,1048,TWSE_CSV,2026-09-15 14:15:45 +0800
1150915,2026-09-15,上市,2329,華泰,41.45,-0.3000,41.75,42.20,41.25,1176000,49073550,845,TWSE_CSV,2026-09-15 14:15:45 +0800
1150915,2026-09-15,上市,2330,台積電,2385.00,5.0000,2405.00,2405.00,2380.00,13469000,32200190000,7205,TWSE_CSV,2026-09-15 14:15:45 +0800
1150915,2026-09-15,上市,2331,精英,18.50,-0.2000,18.75,18.90,18.50,715000,13319200,410,TWSE_CSV,2026-09-15 14:15:45 +0800
1150915,2026-09-15,上市,2332,友訊,18.80,-0.1000,18.90,19.20,18.75,8469000,161023250,2812,TWSE_CSV,2026-09-15 14:15:45 +0800
1150915,2026-09-15,上市,2337,旺宏,114.50,-1.5000,116.00,116.50,114.00,16394000,1886453500,8480,TWSE_CSV,2026-09-15 14:15:45 +0800
1150915,2026-09-15,上市,2338,光罩,46.10,-1.9000,47.30,49.85,45.70,29379000,1405505100,17193,TWSE_CSV,2026-09-15 14:15:45 +0800
1150915,2026-09-15,上市,2340,台亞,31.15,-0.9000,32.05,32.35,31.15,1911000,60528050,1212,TWSE_CSV,2026-09-15 14:15:45 +0800
1150915,2026-09-15,上市,2342,茂矽,38.40,-1.3000,41.65,41.90,38.35,5389000,213751100,3771,TWSE_CSV,2026-09-15 14:15:45 +0800
1150915,2026-09-15,上市,2344,華邦電,159.50,-0.5000,162.50,164.00,158.50,68795000,11071813500,36612,TWSE_CSV,2026-09-15 14:15:45 +0800
1150915,2026-09-15,上市,2345,智邦,1840.00,-35.0000,1870.00,1895.00,1830.00,2064000,3842605000,1697,TWSE_CSV,2026-09-15 14:15:45 +0800
1150915,2026-09-15,上市,2347,聯強,88.50,-1.1000,89.30,90.20,88.50,2688000,239430500,1666,TWSE_CSV,2026-09-15 14:15:45 +0800
1150915,2026-09-15,上市,2348,海悅,70.20,-0.3000,69.80,70.50,69.70,160000,11196000,124,TWSE_CSV,2026-09-15 14:15:45 +0800
1150915,2026-09-15,上市,2349,錸德,10.10,-0.1000,10.20,10.25,10.10,1192000,12100200,401,TWSE_CSV,2026-09-15 14:15:45 +0800
1150915,2026-09-15,上市,2351,順德,251.50,-5.5000,252.50,256.00,244.00,12600000,3156453500,8165,TWSE_CSV,2026-09-15 14:15:45 +0800
1150915,2026-09-15,上市,2352,佳世達,28.30,-0.4500,28.75,29.05,28.30,3619000,103561200,1566,TWSE_CSV,2026-09-15 14:15:45 +0800
1150915,2026-09-15,上市,2353,宏碁,30.90,-0.5000,31.40,31.45,30.80,8938000,277079850,3873,TWSE_CSV,2026-09-15 14:15:45 +0800
1150915,2026-09-15,上市,2354,鴻準,64.60,-0.1000,64.50,65.10,63.90,6889000,443506400,3512,TWSE_CSV,2026-09-15 14:15:45 +0800
1150915,2026-09-15,上市,2355,敬鵬,40.40,-0.4500,40.85,41.30,40.30,1149000,46738050,706,TWSE_CSV,2026-09-15 14:15:45 +0800
1150915,2026-09-15,上市,2356,英業達,60.50,-1.2000,61.80,62.70,60.50,8999000,552053800,5161,TWSE_CSV,2026-09-15 14:15:45 +0800
1150915,2026-09-15,上市,2357,華碩,928.00,-6.0000,930.00,933.00,908.00,2513000,2312761000,2022,TWSE_CSV,2026-09-15 14:15:45 +0800
1150915,2026-09-15,上市,2359,所羅門,125.00,-1.5000,127.00,129.00,125.00,1982000,251363500,1402,TWSE_CSV,2026-09-15 14:15:45 +0800
1150915,2026-09-15,上市,2360,致茂,2080.00,-60.0000,2100.00,2155.00,2075.00,945000,1986000000,841,TWSE_CSV,2026-09-15 14:15:45 +0800
1150915,2026-09-15,上市,2362,藍天,46.25,-0.4000,46.55,46.65,46.25,607000,28146450,389,TWSE_CSV,2026-09-15 14:15:45 +0800
1150915,2026-09-15,上市,2363,矽統,50.30,-1.1000,51.00,51.30,50.30,2064000,104696400,1270,TWSE_CSV,2026-09-15 14:15:45 +0800
1150915,2026-09-15,上市,2364,倫飛,64.00,-0.6000,65.10,65.30,63.80,162000,10415600,134,TWSE_CSV,2026-09-15 14:15:45 +0800
1150915,2026-09-15,上市,2365,昆盈,27.10,-0.7000,27.80,27.85,27.05,754000,20678700,513,TWSE_CSV,2026-09-15 14:15:45 +0800
1150915,2026-09-15,上市,2367,燿華,39.55,-0.3500,39.80,40.40,39.55,2061000,82249750,1434,TWSE_CSV,2026-09-15 14:15:45 +0800
1150915,2026-09-15,上市,2368,金像電,972.00,-48.0000,1010.00,1015.00,971.00,6158000,6083662000,4873,TWSE_CSV,2026-09-15 14:15:45 +0800
1150915,2026-09-15,上市,2369,菱生,28.85,-0.3500,29.20,29.50,28.80,1870000,54487500,1130,TWSE_CSV,2026-09-15 14:15:45 +0800
1150915,2026-09-15,上市,2371,大同,28.10,0.4500,27.95,28.30,27.70,7639000,214413950,3113,TWSE_CSV,2026-09-15 14:15:45 +0800
1150915,2026-09-15,上市,2373,震旦行,52.50,-0.4000,52.40,52.70,52.40,38000,1996400,27,TWSE_CSV,2026-09-15 14:15:45 +0800
1150915,2026-09-15,上市,2374,佳能,65.70,-0.9000,66.60,66.90,65.70,1295000,85657900,936,TWSE_CSV,2026-09-15 14:15:45 +0800
1150915,2026-09-15,上市,2375,凱美,117.50,-2.0000,119.50,122.50,117.50,1568000,187832000,1255,TWSE_CSV,2026-09-15 14:15:45 +0800
1150915,2026-09-15,上市,2376,技嘉,343.00,-1.0000,346.50,346.50,341.50,2191000,753248500,1419,TWSE_CSV,2026-09-15 14:15:45 +0800
1150915,2026-09-15,上市,2377,微星,148.00,-2.5000,150.50,151.00,148.00,3333000,497345500,2136,TWSE_CSV,2026-09-15 14:15:45 +0800
1150915,2026-09-15,上市,2379,瑞昱,703.00,-10.0000,717.00,717.00,703.00,1822000,1290672000,1547,TWSE_CSV,2026-09-15 14:15:45 +0800
1150915,2026-09-15,上市,2380,虹光,16.80,-0.2000,17.00,17.00,16.80,29000,491050,23,TWSE_CSV,2026-09-15 14:15:45 +0800
1150915,2026-09-15,上市,2382,廣達,333.00,0.5000,331.00,338.00,330.50,7851000,2621218000,4357,TWSE_CSV,2026-09-15 14:15:45 +0800
1150915,2026-09-15,上市,2383,台光電,5115.00,-230.0000,5300.00,5365.00,5110.00,1317000,6873705000,1238,TWSE_CSV,2026-09-15 14:15:45 +0800
1150915,2026-09-15,上市,2385,群光,105.50,0.0000,105.50,106.50,104.50,1441000,151543500,1142,TWSE_CSV,2026-09-15 14:15:45 +0800
1150915,2026-09-15,上市,2387,精元,36.10,0.0000,36.10,36.30,35.90,119000,4285500,105,TWSE_CSV,2026-09-15 14:15:45 +0800
1150915,2026-09-15,上市,2388,威盛,69.40,-2.9000,72.10,72.80,69.40,3619000,256103700,2299,TWSE_CSV,2026-09-15 14:15:45 +0800
1150915,2026-09-15,上市,2390,云辰,9.94,-0.0100,9.98,10.10,9.94,236000,2360410,143,TWSE_CSV,2026-09-15 14:15:45 +0800
1150915,2026-09-15,上市,2392,正崴,41.10,-0.4000,41.60,42.25,41.10,1971000,81837100,1279,TWSE_CSV,2026-09-15 14:15:45 +0800
1150915,2026-09-15,上市,2393,億光,61.70,-0.8000,62.50,62.50,61.60,508000,31438300,373,TWSE_CSV,2026-09-15 14:15:45 +0800
1150915,2026-09-15,上市,2395,研華,685.00,15.0000,696.00,705.00,683.00,3376000,2337271000,2517,TWSE_CSV,2026-09-15 14:15:45 +0800
1150915,2026-09-15,上市,2397,友通,59.00,-0.7000,59.40,60.00,59.00,134000,7974100,112,TWSE_CSV,2026-09-15 14:15:45 +0800
1150915,2026-09-15,上市,2399,映泰,46.00,1.1000,45.00,46.60,44.25,4580000,209323500,2929,TWSE_CSV,2026-09-15 14:15:45 +0800
1150915,2026-09-15,上市,2401,凌陽,23.75,-0.5000,24.00,24.20,23.70,1704000,40698000,1054,TWSE_CSV,2026-09-15 14:15:45 +0800
1150915,2026-09-15,上市,2402,毅嘉,53.40,-1.0000,55.00,55.00,53.30,1073000,57807200,612,TWSE_CSV,2026-09-15 14:15:45 +0800
1150915,2026-09-15,上市,2404,漢唐,1035.00,20.0000,1015.00,1050.00,1015.00,924000,958455000,818,TWSE_CSV,2026-09-15 14:15:45 +0800
1150915,2026-09-15,上市,2405,輔信,14.65,-0.0500,14.70,14.85,14.60,493000,7253700,230,TWSE_CSV,2026-09-15 14:15:45 +0800
1150915,2026-09-15,上市,2406,國碩,25.85,-0.6500,26.50,26.95,25.85,1636000,42916600,1104,TWSE_CSV,2026-09-15 14:15:45 +0800
1150915,2026-09-15,上市,2408,南亞科,465.50,-7.5000,473.50,476.50,465.50,32699000,15392890500,22650,TWSE_CSV,2026-09-15 14:15:45 +0800
1150915,2026-09-15,上市,2409,友達,27.90,-0.8000,28.35,28.75,27.75,236720000,6640295350,70305,TWSE_CSV,2026-09-15 14:15:45 +0800
1150915,2026-09-15,上市,2412,中華電,143.50,1.0000,143.50,143.50,142.50,16713000,2393076000,4805,TWSE_CSV,2026-09-15 14:15:45 +0800
1150915,2026-09-15,上市,2413,環科,48.20,-2.4000,49.20,51.20,47.50,3916000,192211450,2916,TWSE_CSV,2026-09-15 14:15:45 +0800
1150915,2026-09-15,上市,2414,精技,52.50,-0.2000,52.40,52.80,52.20,127000,6670500,110,TWSE_CSV,2026-09-15 14:15:45 +0800
1150915,2026-09-15,上市,2415,錩新,26.95,-0.2500,27.15,27.15,26.80,38000,1023750,28,TWSE_CSV,2026-09-15 14:15:45 +0800
1150915,2026-09-15,上市,2417,圓剛,37.95,-0.1000,37.95,38.50,37.90,273000,10392650,189,TWSE_CSV,2026-09-15 14:15:45 +0800
1150915,2026-09-15,上市,2419,仲琦,26.60,-0.1500,26.90,26.90,26.55,486000,12979000,323,TWSE_CSV,2026-09-15 14:15:45 +0800
1150915,2026-09-15,上市,2420,新巨,53.40,-0.6000,53.60,54.10,53.30,229000,12287700,167,TWSE_CSV,2026-09-15 14:15:45 +0800
1150915,2026-09-15,上市,2421,建準,158.00,-5.0000,163.50,163.50,158.00,2642000,422741500,1948,TWSE_CSV,2026-09-15 14:15:45 +0800
1150915,2026-09-15,上市,2423,固緯,72.00,-0.8000,72.10,72.70,72.00,43000,3109600,42,TWSE_CSV,2026-09-15 14:15:45 +0800
1150915,2026-09-15,上市,2424,隴華,7.97,-0.0100,7.70,7.98,7.70,16000,127390,7,TWSE_CSV,2026-09-15 14:15:45 +0800
1150915,2026-09-15,上市,2425,承啟,35.60,-0.7000,36.00,36.30,35.25,529000,18893750,349,TWSE_CSV,2026-09-15 14:15:45 +0800
1150915,2026-09-15,上市,2426,鼎元,90.80,-2.5000,92.90,94.50,90.60,25936000,2395525500,16142,TWSE_CSV,2026-09-15 14:15:45 +0800
1150915,2026-09-15,上市,2427,三商電,24.35,1.5500,22.95,24.50,22.65,5254000,124461500,2935,TWSE_CSV,2026-09-15 14:15:45 +0800
1150915,2026-09-15,上市,2428,興勤,253.00,0.0000,252.00,260.00,252.00,776000,198277000,688,TWSE_CSV,2026-09-15 14:15:45 +0800
1150915,2026-09-15,上市,2429,銘旺科,30.05,-0.4500,30.40,30.40,30.00,111000,3350800,69,TWSE_CSV,2026-09-15 14:15:45 +0800
1150915,2026-09-15,上市,2430,燦坤,18.00,0.0500,17.85,18.00,17.80,33000,592050,23,TWSE_CSV,2026-09-15 14:15:45 +0800
1150915,2026-09-15,上市,2431,聯昌,9.76,-0.2000,9.96,10.00,9.70,204000,2014810,90,TWSE_CSV,2026-09-15 14:15:45 +0800
1150915,2026-09-15,上市,2432,倚天酷碁-創,27.05,-0.2500,27.15,27.20,27.05,46000,1248550,20,TWSE_CSV,2026-09-15 14:15:45 +0800
1150915,2026-09-15,上市,2433,互盛電,40.25,-0.6000,40.60,40.60,40.00,75000,3019800,53,TWSE_CSV,2026-09-15 14:15:45 +0800
1150915,2026-09-15,上市,2434,統懋,59.30,-2.0000,63.10,63.10,59.30,318000,19352500,270,TWSE_CSV,2026-09-15 14:15:45 +0800
1150915,2026-09-15,上市,2436,偉詮電,66.30,-1.6000,68.00,68.10,66.00,3334000,222603300,2213,TWSE_CSV,2026-09-15 14:15:45 +0800
1150915,2026-09-15,上市,2438,翔耀,19.80,0.8000,19.00,19.80,18.80,84000,1609650,51,TWSE_CSV,2026-09-15 14:15:45 +0800
1150915,2026-09-15,上市,2439,美律,76.60,-0.7000,78.30,78.50,76.60,909000,70444200,743,TWSE_CSV,2026-09-15 14:15:45 +0800
1150915,2026-09-15,上市,2440,太空梭,13.80,-0.1500,13.80,13.95,13.65,214000,2946550,120,TWSE_CSV,2026-09-15 14:15:45 +0800
1150915,2026-09-15,上市,2441,超豐,115.00,1.0000,114.00,121.00,114.00,6022000,708228500,3624,TWSE_CSV,2026-09-15 14:15:45 +0800
1150915,2026-09-15,上市,2442,新美齊,14.45,-0.1500,14.50,14.60,14.35,1073000,15531600,571,TWSE_CSV,2026-09-15 14:15:45 +0800
1150915,2026-09-15,上市,2444,兆勁,11.65,-0.0500,11.55,11.80,11.50,249000,2908850,125,TWSE_CSV,2026-09-15 14:15:45 +0800
1150915,2026-09-15,上市,2449,京元電子,257.00,-4.5000,260.50,261.50,256.50,7172000,1853129500,4828,TWSE_CSV,2026-09-15 14:15:45 +0800
1150915,2026-09-15,上市,2450,神腦,28.25,0.0000,28.10,28.25,28.10,44000,1239000,31,TWSE_CSV,2026-09-15 14:15:45 +0800
1150915,2026-09-15,上市,2451,創見,273.00,-1.0000,276.00,276.50,271.50,1193000,325622500,936,TWSE_CSV,2026-09-15 14:15:45 +0800
1150915,2026-09-15,上市,2453,凌群,53.60,-1.7000,54.70,55.30,53.20,1032000,55883000,789,TWSE_CSV,2026-09-15 14:15:45 +0800
1150915,2026-09-15,上市,2454,聯發科,4430.00,-130.0000,4505.00,4575.00,4430.00,5668000,25503340000,4372,TWSE_CSV,2026-09-15 14:15:45 +0800
1150915,2026-09-15,上市,2455,全新,520.00,-15.0000,528.00,536.00,506.00,1420000,740541000,1218,TWSE_CSV,2026-09-15 14:15:45 +0800
1150915,2026-09-15,上市,2457,飛宏,21.05,-0.4500,21.50,21.75,21.00,1189000,25430400,608,TWSE_CSV,2026-09-15 14:15:45 +0800
1150915,2026-09-15,上市,2458,義隆,125.00,-1.5000,126.50,127.00,125.00,706000,88772000,525,TWSE_CSV,2026-09-15 14:15:45 +0800
1150915,2026-09-15,上市,2459,敦吉,65.30,0.0000,65.40,65.50,65.10,30000,1959400,26,TWSE_CSV,2026-09-15 14:15:45 +0800
1150915,2026-09-15,上市,2460,建通,28.80,-0.6500,29.00,29.30,28.35,342000,9844450,173,TWSE_CSV,2026-09-15 14:15:45 +0800
1150915,2026-09-15,上市,2461,光群雷,17.40,0.0000,17.40,17.55,17.35,245000,4281350,140,TWSE_CSV,2026-09-15 14:15:45 +0800
1150915,2026-09-15,上市,2462,良得電,18.90,-0.3000,19.15,19.15,18.70,141000,2666150,83,TWSE_CSV,2026-09-15 14:15:45 +0800
1150915,2026-09-15,上市,2464,盟立,176.00,0.5000,174.00,181.50,173.00,6151000,1094980500,4427,TWSE_CSV,2026-09-15 14:15:45 +0800
1150915,2026-09-15,上市,2465,麗臺,89.50,0.9000,88.80,91.00,88.60,1073000,96211100,829,TWSE_CSV,2026-09-15 14:15:45 +0800
1150915,2026-09-15,上市,2466,冠西電,102.00,-1.0000,103.00,104.50,100.50,692000,70867000,573,TWSE_CSV,2026-09-15 14:15:45 +0800
1150915,2026-09-15,上市,2467,志聖,516.00,-21.0000,527.00,541.00,515.00,733000,385445000,668,TWSE_CSV,2026-09-15 14:15:45 +0800
1150915,2026-09-15,上市,2468,華經,43.25,3.9000,40.95,43.25,40.05,7118000,300976000,3994,TWSE_CSV,2026-09-15 14:15:45 +0800
1150915,2026-09-15,上市,2471,資通,51.70,0.8000,51.00,54.00,50.80,1970000,103544800,1483,TWSE_CSV,2026-09-15 14:15:45 +0800
1150915,2026-09-15,上市,2472,立隆電,208.00,-2.5000,211.00,216.00,208.00,1465000,310003500,1187,TWSE_CSV,2026-09-15 14:15:45 +0800
1150915,2026-09-15,上市,2474,可成,203.50,-2.0000,205.00,205.00,203.00,1692000,344906000,889,TWSE_CSV,2026-09-15 14:15:45 +0800
1150915,2026-09-15,上市,2476,鉅祥,117.00,-2.5000,118.00,120.00,116.50,679000,80109500,417,TWSE_CSV,2026-09-15 14:15:45 +0800
1150915,2026-09-15,上市,2477,美隆電,21.75,-0.1000,21.95,21.95,21.70,59000,1288550,47,TWSE_CSV,2026-09-15 14:15:45 +0800
1150915,2026-09-15,上市,2478,大毅,117.00,-2.0000,118.50,121.50,116.50,1478000,176107000,1139,TWSE_CSV,2026-09-15 14:15:45 +0800
1150915,2026-09-15,上市,2480,敦陽科,161.00,3.5000,158.00,162.00,158.00,417000,66896500,321,TWSE_CSV,2026-09-15 14:15:45 +0800
1150915,2026-09-15,上市,2481,強茂,153.50,-5.5000,158.00,163.50,152.00,57916000,9106211500,36197,TWSE_CSV,2026-09-15 14:15:45 +0800
1150915,2026-09-15,上市,2482,連宇,15.65,-0.1000,15.95,15.95,15.60,31000,488450,29,TWSE_CSV,2026-09-15 14:15:45 +0800
1150915,2026-09-15,上市,2483,百容,30.30,-0.5500,30.95,30.95,30.30,301000,9208700,244,TWSE_CSV,2026-09-15 14:15:45 +0800
1150915,2026-09-15,上市,2484,希華,68.00,0.8000,66.80,69.80,66.80,4657000,318916000,3520,TWSE_CSV,2026-09-15 14:15:45 +0800
1150915,2026-09-15,上市,2485,兆赫,37.55,-0.9500,38.70,38.75,37.55,1276000,48590300,897,TWSE_CSV,2026-09-15 14:15:45 +0800
1150915,2026-09-15,上市,2486,一詮,228.00,-6.5000,234.00,237.50,228.00,2954000,683703500,2238,TWSE_CSV,2026-09-15 14:15:45 +0800
1150915,2026-09-15,上市,2488,漢平,48.30,-0.0500,48.20,48.85,48.20,55000,2661100,42,TWSE_CSV,2026-09-15 14:15:45 +0800
1150915,2026-09-15,上市,2489,瑞軒,37.50,-1.8000,39.30,39.60,37.40,15554000,600767750,8815,TWSE_CSV,2026-09-15 14:15:45 +0800
1150915,2026-09-15,上市,2491,吉祥全,39.95,0.4500,40.15,40.70,39.70,623000,24942750,449,TWSE_CSV,2026-09-15 14:15:45 +0800
1150915,2026-09-15,上市,2492,華新科,300.00,-5.5000,305.50,315.50,300.00,21311000,6537298500,15009,TWSE_CSV,2026-09-15 14:15:45 +0800
1150915,2026-09-15,上市,2493,揚博,171.00,0.5000,170.50,174.50,169.50,508000,87291500,449,TWSE_CSV,2026-09-15 14:15:45 +0800
1150915,2026-09-15,上市,2495,普安,36.45,-0.8500,37.20,38.50,36.45,1447000,54293100,1049,TWSE_CSV,2026-09-15 14:15:45 +0800
1150915,2026-09-15,上市,2496,卓越,54.90,0.0000,55.00,55.00,54.60,3000,164500,3,TWSE_CSV,2026-09-15 14:15:45 +0800
1150915,2026-09-15,上市,2497,怡利電,42.95,-0.1000,43.05,43.65,42.85,155000,6676500,99,TWSE_CSV,2026-09-15 14:15:45 +0800
1150915,2026-09-15,上市,2498,宏達電,39.25,-0.6500,39.95,40.15,39.20,2627000,104155650,1436,TWSE_CSV,2026-09-15 14:15:45 +0800
1150915,2026-09-15,上市,2501,國建,21.30,-0.5500,21.85,21.90,21.30,3617000,77796450,1835,TWSE_CSV,2026-09-15 14:15:45 +0800
1150915,2026-09-15,上市,2504,國產,30.50,-0.4500,31.00,31.05,30.50,1838000,56340050,998,TWSE_CSV,2026-09-15 14:15:45 +0800
1150915,2026-09-15,上市,2505,國揚,17.15,-0.2000,17.20,17.30,17.00,252000,4307600,147,TWSE_CSV,2026-09-15 14:15:45 +0800
1150915,2026-09-15,上市,2506,太設,8.57,-0.0100,8.55,8.59,8.52,144000,1234450,41,TWSE_CSV,2026-09-15 14:15:45 +0800
1150915,2026-09-15,上市,2509,全坤建,14.05,-0.3000,14.35,14.35,14.05,93000,1318250,58,TWSE_CSV,2026-09-15 14:15:45 +0800
1150915,2026-09-15,上市,2511,太子,8.37,-0.0300,8.40,8.40,8.33,476000,3975640,196,TWSE_CSV,2026-09-15 14:15:45 +0800
1150915,2026-09-15,上市,2514,龍邦,11.50,0.0000,11.50,11.55,11.40,120000,1374450,72,TWSE_CSV,2026-09-15 14:15:45 +0800
1150915,2026-09-15,上市,2515,中工,11.75,-0.2500,11.95,11.95,11.70,5075000,59951750,1503,TWSE_CSV,2026-09-15 14:15:45 +0800
1150915,2026-09-15,上市,2516,新建,14.35,-0.2500,14.60,14.60,14.35,57000,821650,34,TWSE_CSV,2026-09-15 14:15:45 +0800
1150915,2026-09-15,上市,2520,冠德,36.50,-0.1000,36.70,36.70,36.15,1077000,39290200,501,TWSE_CSV,2026-09-15 14:15:45 +0800
1150915,2026-09-15,上市,2524,京城,33.30,-0.7000,33.90,33.90,33.30,87000,2916950,74,TWSE_CSV,2026-09-15 14:15:45 +0800
1150915,2026-09-15,上市,2527,宏璟,42.50,-1.2000,43.35,43.40,42.30,496000,21189600,369,TWSE_CSV,2026-09-15 14:15:45 +0800
1150915,2026-09-15,上市,2528,皇普,19.50,0.1000,19.70,19.70,19.30,219000,4250200,147,TWSE_CSV,2026-09-15 14:15:45 +0800
1150915,2026-09-15,上市,2530,華建,20.15,-0.4500,20.25,20.25,19.70,803000,16057950,457,TWSE_CSV,2026-09-15 14:15:45 +0800
1150915,2026-09-15,上市,2534,宏盛,16.70,-0.0500,16.65,16.95,16.65,210000,3516300,148,TWSE_CSV,2026-09-15 14:15:45 +0800
1150915,2026-09-15,上市,2535,達欣工,88.60,-1.1000,89.50,89.70,88.60,163000,14505400,147,TWSE_CSV,2026-09-15 14:15:45 +0800
1150915,2026-09-15,上市,2536,宏普,19.10,-0.3500,19.50,19.50,19.10,438000,8431300,219,TWSE_CSV,2026-09-15 14:15:45 +0800
1150915,2026-09-15,上市,2537,聯上發,11.05,-0.2000,11.30,11.30,11.05,613000,6829000,167,TWSE_CSV,2026-09-15 14:15:45 +0800
1150915,2026-09-15,上市,2538,基泰,8.63,-0.0400,8.68,8.68,8.59,629000,5423630,219,TWSE_CSV,2026-09-15 14:15:45 +0800
1150915,2026-09-15,上市,2539,櫻花建,34.05,-0.5500,34.60,34.60,33.95,875000,29840250,517,TWSE_CSV,2026-09-15 14:15:45 +0800
1150915,2026-09-15,上市,2540,愛山林,47.50,-0.5500,47.90,48.05,47.45,404000,19290950,249,TWSE_CSV,2026-09-15 14:15:45 +0800
1150915,2026-09-15,上市,2542,興富發,45.25,-0.4500,45.60,45.60,44.85,9615000,434807700,4453,TWSE_CSV,2026-09-15 14:15:45 +0800
1150915,2026-09-15,上市,2543,皇昌,37.35,-0.2500,37.50,37.80,37.35,517000,19400500,335,TWSE_CSV,2026-09-15 14:15:45 +0800
1150915,2026-09-15,上市,2545,皇翔,33.15,0.1000,33.00,33.30,32.95,83000,2751550,63,TWSE_CSV,2026-09-15 14:15:45 +0800
1150915,2026-09-15,上市,2546,根基,105.50,3.5000,103.50,106.00,102.50,228000,23879000,188,TWSE_CSV,2026-09-15 14:15:45 +0800
1150915,2026-09-15,上市,2547,日勝生,9.69,-0.0600,9.75,9.75,9.60,2235000,21581390,803,TWSE_CSV,2026-09-15 14:15:45 +0800
1150915,2026-09-15,上市,2548,華固,91.60,-1.3000,92.90,93.00,91.60,1531000,140774200,1185,TWSE_CSV,2026-09-15 14:15:45 +0800
1150915,2026-09-15,上市,2597,潤弘,169.50,2.5000,167.00,169.50,166.50,111000,18674500,107,TWSE_CSV,2026-09-15 14:15:45 +0800
1150915,2026-09-15,上市,2601,益航,6.23,-0.1500,6.38,6.38,6.21,1997000,12497510,889,TWSE_CSV,2026-09-15 14:15:45 +0800
1150915,2026-09-15,上市,2603,長榮,233.50,-3.5000,235.00,237.00,231.50,6868000,1604972000,3643,TWSE_CSV,2026-09-15 14:15:45 +0800
1150915,2026-09-15,上市,2605,新興,35.05,-1.1000,36.15,36.55,34.85,8914000,316361750,4483,TWSE_CSV,2026-09-15 14:15:45 +0800
1150915,2026-09-15,上市,2606,裕民,74.60,-1.6000,75.70,76.00,73.90,4458000,332980300,2643,TWSE_CSV,2026-09-15 14:15:45 +0800
1150915,2026-09-15,上市,2607,榮運,53.00,0.0000,52.80,53.00,52.60,190000,10031700,132,TWSE_CSV,2026-09-15 14:15:45 +0800
1150915,2026-09-15,上市,2608,嘉里大榮,28.60,-0.1500,28.65,28.65,28.50,106000,3024550,65,TWSE_CSV,2026-09-15 14:15:45 +0800
1150915,2026-09-15,上市,2609,陽明,58.80,-0.5000,59.40,59.90,58.60,21855000,1289568900,7439,TWSE_CSV,2026-09-15 14:15:45 +0800
1150915,2026-09-15,上市,2610,華航,19.90,-0.3000,20.25,20.25,19.90,22790000,455460400,6262,TWSE_CSV,2026-09-15 14:15:45 +0800
1150915,2026-09-15,上市,2611,志信,14.00,0.1500,13.95,14.15,13.95,423000,5935450,234,TWSE_CSV,2026-09-15 14:15:45 +0800
1150915,2026-09-15,上市,2612,中航,61.50,-2.4000,63.90,63.90,61.30,585000,36403500,449,TWSE_CSV,2026-09-15 14:15:45 +0800
1150915,2026-09-15,上市,2613,中櫃,21.80,-0.3000,22.10,22.20,21.80,189000,4143250,119,TWSE_CSV,2026-09-15 14:15:45 +0800
1150915,2026-09-15,上市,2614,東森,17.70,-0.1000,17.80,17.90,17.70,434000,7699650,266,TWSE_CSV,2026-09-15 14:15:45 +0800
1150915,2026-09-15,上市,2615,萬海,112.00,-1.0000,113.50,115.00,111.00,7981000,896287500,4281,TWSE_CSV,2026-09-15 14:15:45 +0800
1150915,2026-09-15,上市,2616,山隆,13.25,-0.0500,13.30,13.30,13.25,56000,743600,43,TWSE_CSV,2026-09-15 14:15:45 +0800
1150915,2026-09-15,上市,2617,台航,32.40,-0.6500,33.05,33.05,32.30,1448000,47210850,935,TWSE_CSV,2026-09-15 14:15:45 +0800
1150915,2026-09-15,上市,2618,長榮航,41.20,-0.8500,42.20,42.25,40.85,20178000,832363650,8174,TWSE_CSV,2026-09-15 14:15:45 +0800
1150915,2026-09-15,上市,2630,亞航,46.25,-1.9000,47.80,48.10,46.25,752000,35397800,590,TWSE_CSV,2026-09-15 14:15:45 +0800
1150915,2026-09-15,上市,2633,台灣高鐵,25.85,-0.1500,25.90,26.00,25.85,4172000,107960350,1883,TWSE_CSV,2026-09-15 14:15:45 +0800
1150915,2026-09-15,上市,2634,漢翔,62.00,-1.8000,63.20,63.80,62.00,7241000,453892600,4135,TWSE_CSV,2026-09-15 14:15:45 +0800
1150915,2026-09-15,上市,2636,台驊控股,69.20,-0.5000,69.80,69.80,68.90,226000,15639700,167,TWSE_CSV,2026-09-15 14:15:45 +0800
1150915,2026-09-15,上市,2637,慧洋-KY,96.90,-4.1000,101.00,101.00,95.90,3868000,376487800,2752,TWSE_CSV,2026-09-15 14:15:45 +0800
1150915,2026-09-15,上市,2642,宅配通,20.20,0.0000,20.20,20.30,20.20,22000,445000,16,TWSE_CSV,2026-09-15 14:15:45 +0800
1150915,2026-09-15,上市,2645,長榮航太,170.00,-3.0000,172.00,173.00,170.00,826000,141315500,628,TWSE_CSV,2026-09-15 14:15:45 +0800
1150915,2026-09-15,上市,2646,星宇航空,20.10,0.0000,20.10,20.20,20.00,5005000,100399100,2116,TWSE_CSV,2026-09-15 14:15:45 +0800
1150915,2026-09-15,上市,2701,萬企,10.30,0.0000,10.30,10.30,10.25,59000,607200,30,TWSE_CSV,2026-09-15 14:15:45 +0800
1150915,2026-09-15,上市,2702,華園,12.65,-0.1000,12.75,12.75,12.55,20000,253050,16,TWSE_CSV,2026-09-15 14:15:45 +0800
1150915,2026-09-15,上市,2704,國賓,44.95,-0.6500,45.60,45.60,44.95,47000,2125500,33,TWSE_CSV,2026-09-15 14:15:45 +0800
1150915,2026-09-15,上市,2705,六福,15.25,-0.1000,15.15,15.50,15.10,110000,1674400,77,TWSE_CSV,2026-09-15 14:15:45 +0800
1150915,2026-09-15,上市,2706,第一店,12.10,-0.0500,12.15,12.15,12.10,67000,813800,38,TWSE_CSV,2026-09-15 14:15:45 +0800
1150915,2026-09-15,上市,2707,晶華,177.50,0.0000,177.50,177.50,177.00,61000,10814000,49,TWSE_CSV,2026-09-15 14:15:45 +0800
1150915,2026-09-15,上市,2712,遠雄來,13.80,-0.2500,13.70,13.85,13.50,77000,1049100,32,TWSE_CSV,2026-09-15 14:15:45 +0800
1150915,2026-09-15,上市,2722,夏都,21.15,-0.1000,21.70,21.70,21.00,51000,1079650,36,TWSE_CSV,2026-09-15 14:15:45 +0800
1150915,2026-09-15,上市,2723,美食-KY,77.60,-0.4000,78.00,78.00,76.80,168000,12972400,125,TWSE_CSV,2026-09-15 14:15:45 +0800
1150915,2026-09-15,上市,2727,王品,228.50,0.5000,227.50,228.50,227.50,91000,20775500,88,TWSE_CSV,2026-09-15 14:15:45 +0800
1150915,2026-09-15,上市,2731,雄獅,141.50,1.5000,140.50,141.50,139.50,203000,28582500,149,TWSE_CSV,2026-09-15 14:15:45 +0800
1150915,2026-09-15,上市,2739,寒舍,36.50,-0.4000,36.90,37.05,36.45,62000,2269200,49,TWSE_CSV,2026-09-15 14:15:45 +0800
1150915,2026-09-15,上市,2748,雲品,38.95,0.1500,38.80,38.95,38.65,34000,1318450,27,TWSE_CSV,2026-09-15 14:15:45 +0800
1150915,2026-09-15,上市,2753,八方雲集,176.50,-0.5000,177.00,178.50,176.50,168000,29753000,150,TWSE_CSV,2026-09-15 14:15:45 +0800
1150915,2026-09-15,上市,2762,世界健身-KY,79.40,-0.1000,79.60,79.60,79.20,30000,2383000,26,TWSE_CSV,2026-09-15 14:15:45 +0800
1150915,2026-09-15,上市,2801,彰銀,28.00,-0.5500,28.65,28.65,27.75,38078000,1066182400,10461,TWSE_CSV,2026-09-15 14:15:45 +0800
1150915,2026-09-15,上市,2812,台中銀,19.35,-0.1000,19.50,19.50,19.20,14002000,270415250,2526,TWSE_CSV,2026-09-15 14:15:45 +0800
1150915,2026-09-15,上市,2816,旺旺保,39.10,-0.0500,39.15,40.05,39.10,379000,14927850,229,TWSE_CSV,2026-09-15 14:15:45 +0800
1150915,2026-09-15,上市,2820,華票,17.35,-0.0500,17.40,17.40,17.20,2965000,51286300,1082,TWSE_CSV,2026-09-15 14:15:45 +0800
1150915,2026-09-15,上市,2832,台產,57.50,0.9000,56.30,57.80,56.30,342000,19550000,256,TWSE_CSV,2026-09-15 14:15:45 +0800
1150915,2026-09-15,上市,2834,臺企銀,18.00,-0.3500,18.40,18.50,18.00,42405000,769566200,7963,TWSE_CSV,2026-09-15 14:15:45 +0800
1150915,2026-09-15,上市,2836,高雄銀,12.25,-0.0500,12.30,12.35,12.15,1127000,13765400,431,TWSE_CSV,2026-09-15 14:15:45 +0800
1150915,2026-09-15,上市,2838,聯邦銀,21.45,-0.1500,21.50,21.65,21.25,1657000,35439350,654,TWSE_CSV,2026-09-15 14:15:45 +0800
1150915,2026-09-15,上市,2845,遠東銀,13.60,-0.1500,13.85,13.85,13.50,7713000,105109450,2530,TWSE_CSV,2026-09-15 14:15:45 +0800
1150915,2026-09-15,上市,2849,安泰銀,15.75,-0.2500,15.70,15.85,15.55,208000,3258600,108,TWSE_CSV,2026-09-15 14:15:45 +0800
1150915,2026-09-15,上市,2850,新產,155.50,-0.5000,156.00,156.00,155.00,140000,21760000,115,TWSE_CSV,2026-09-15 14:15:45 +0800
1150915,2026-09-15,上市,2851,中再保,46.50,-1.0000,47.70,47.90,46.35,2113000,99363350,1461,TWSE_CSV,2026-09-15 14:15:45 +0800
1150915,2026-09-15,上市,2852,第一保,27.75,-0.2000,27.95,27.95,27.70,255000,7095800,146,TWSE_CSV,2026-09-15 14:15:45 +0800
1150915,2026-09-15,上市,2855,統一證,51.50,-1.4000,52.90,52.90,50.80,4951000,255354800,2485,TWSE_CSV,2026-09-15 14:15:45 +0800
1150915,2026-09-15,上市,2880,華南金,46.90,0.6000,46.30,47.25,46.30,15094000,706458600,4475,TWSE_CSV,2026-09-15 14:15:45 +0800
1150915,2026-09-15,上市,2881,富邦金,151.00,-3.0000,154.00,154.50,149.50,15528000,2347912000,5116,TWSE_CSV,2026-09-15 14:15:45 +0800
1150915,2026-09-15,上市,2882,國泰金,110.00,-2.5000,113.50,114.00,109.50,16441000,1819537000,4922,TWSE_CSV,2026-09-15 14:15:45 +0800
1150915,2026-09-15,上市,2883,凱基金,38.15,-0.6500,38.70,38.95,38.00,53191000,2033895000,12849,TWSE_CSV,2026-09-15 14:15:45 +0800
1150915,2026-09-15,上市,2884,玉山金,45.65,-0.7000,46.30,46.50,45.30,35023000,1601952300,9591,TWSE_CSV,2026-09-15 14:15:45 +0800
1150915,2026-09-15,上市,2885,元大金,68.30,-2.5000,70.70,70.70,68.20,22665000,1561191700,9340,TWSE_CSV,2026-09-15 14:15:45 +0800
1150915,2026-09-15,上市,2886,兆豐金,51.80,-0.7000,52.50,52.90,51.20,20054000,1036255000,5035,TWSE_CSV,2026-09-15 14:15:45 +0800
1150915,2026-09-15,上市,2887,台新新光金,43.40,-0.1500,43.60,43.80,43.10,42931000,1862531500,11844,TWSE_CSV,2026-09-15 14:15:45 +0800
1150915,2026-09-15,上市,2889,國票金,16.85,-0.2000,17.10,17.10,16.65,12855000,215767050,2723,TWSE_CSV,2026-09-15 14:15:45 +0800
1150915,2026-09-15,上市,2890,永豐金,44.55,-0.2500,44.80,45.20,44.10,26675000,1186027850,5998,TWSE_CSV,2026-09-15 14:15:45 +0800
1150915,2026-09-15,上市,2891,中信金,69.70,1.6000,69.50,69.90,68.20,58865000,4074659000,13655,TWSE_CSV,2026-09-15 14:15:45 +0800
1150915,2026-09-15,上市,2892,第一金,39.55,-0.3000,40.40,40.40,39.50,30511000,1212236500,6800,TWSE_CSV,2026-09-15 14:15:45 +0800
1150915,2026-09-15,上市,2897,王道銀行,11.20,-0.0500,11.25,11.30,11.05,6322000,70715250,1163,TWSE_CSV,2026-09-15 14:15:45 +0800
1150915,2026-09-15,上市,2901,欣欣,22.70,-0.8000,23.20,23.45,22.30,31000,706200,24,TWSE_CSV,2026-09-15 14:15:45 +0800
1150915,2026-09-15,上市,2903,遠百,21.85,-0.2000,22.10,22.15,21.85,1511000,33167250,864,TWSE_CSV,2026-09-15 14:15:45 +0800
1150915,2026-09-15,上市,2904,匯僑,12.55,-0.1000,12.60,12.60,12.45,53000,662200,31,TWSE_CSV,2026-09-15 14:15:45 +0800
1150915,2026-09-15,上市,2905,三商,18.85,0.3500,18.55,18.95,18.50,2344000,43924750,942,TWSE_CSV,2026-09-15 14:15:45 +0800
1150915,2026-09-15,上市,2906,高林,13.60,-0.2000,13.95,13.95,13.55,141000,1925350,84,TWSE_CSV,2026-09-15 14:15:45 +0800
1150915,2026-09-15,上市,2908,特力,21.85,-0.1500,21.90,21.90,21.80,178000,3891000,75,TWSE_CSV,2026-09-15 14:15:45 +0800
1150915,2026-09-15,上市,2910,統領,23.30,-0.1500,24.05,24.05,23.30,11000,258800,11,TWSE_CSV,2026-09-15 14:15:45 +0800
1150915,2026-09-15,上市,2911,麗嬰房,6.32,0.0400,6.28,6.34,6.28,28000,176200,19,TWSE_CSV,2026-09-15 14:15:45 +0800
1150915,2026-09-15,上市,2912,統一超,215.50,-1.0000,216.00,217.00,215.00,1088000,234553000,844,TWSE_CSV,2026-09-15 14:15:45 +0800
1150915,2026-09-15,上市,2913,農林,10.95,0.0000,10.90,10.95,10.85,643000,7010900,235,TWSE_CSV,2026-09-15 14:15:45 +0800
1150915,2026-09-15,上市,2915,潤泰全,56.90,0.2000,56.80,57.20,56.60,858000,48754900,413,TWSE_CSV,2026-09-15 14:15:45 +0800
1150915,2026-09-15,上市,2923,鼎固-KY,23.00,-1.3500,23.85,24.15,23.00,307000,7170900,225,TWSE_CSV,2026-09-15 14:15:45 +0800
1150915,2026-09-15,上市,2929,淘帝-KY,5.72,-0.0300,5.89,5.89,5.62,52000,295280,43,TWSE_CSV,2026-09-15 14:15:45 +0800
1150915,2026-09-15,上市,2939,永邑-KY,19.40,-0.1500,19.70,19.80,19.30,21000,410800,15,TWSE_CSV,2026-09-15 14:15:45 +0800
1150915,2026-09-15,上市,2945,三商家購,39.05,-0.7500,39.25,39.25,39.00,13000,508600,13,TWSE_CSV,2026-09-15 14:15:45 +0800
1150915,2026-09-15,上市,3002,歐格,16.65,-0.1500,16.75,16.90,16.65,35000,587600,32,TWSE_CSV,2026-09-15 14:15:45 +0800
1150915,2026-09-15,上市,3003,健和興,56.60,-0.5000,56.80,57.90,56.60,350000,19958100,264,TWSE_CSV,2026-09-15 14:15:45 +0800
1150915,2026-09-15,上市,3004,豐達科,114.00,-1.5000,115.00,116.00,114.00,178000,20460000,149,TWSE_CSV,2026-09-15 14:15:45 +0800
1150915,2026-09-15,上市,3005,神基,115.00,-1.5000,116.50,117.00,114.50,1568000,180699500,1101,TWSE_CSV,2026-09-15 14:15:45 +0800
1150915,2026-09-15,上市,3006,晶豪科,264.00,-6.5000,272.00,274.00,263.00,8887000,2361292500,6272,TWSE_CSV,2026-09-15 14:15:45 +0800
1150915,2026-09-15,上市,3008,大立光,6055.00,60.0000,6015.00,6195.00,5930.00,2814000,17041405000,2657,TWSE_CSV,2026-09-15 14:15:45 +0800
1150915,2026-09-15,上市,3010,華立,122.50,-3.0000,125.00,125.00,122.50,481000,59307000,422,TWSE_CSV,2026-09-15 14:15:45 +0800
1150915,2026-09-15,上市,3011,今皓,9.44,0.0600,9.38,9.59,9.20,988000,9313930,404,TWSE_CSV,2026-09-15 14:15:45 +0800
1150915,2026-09-15,上市,3013,晟銘電,81.50,-1.3000,81.50,83.20,81.50,607000,49858700,471,TWSE_CSV,2026-09-15 14:15:45 +0800
1150915,2026-09-15,上市,3014,聯陽,130.50,0.0000,130.00,131.00,129.50,281000,36594500,247,TWSE_CSV,2026-09-15 14:15:45 +0800
1150915,2026-09-15,上市,3015,全漢,50.60,-1.4000,51.00,51.60,50.60,351000,17934100,245,TWSE_CSV,2026-09-15 14:15:45 +0800
1150915,2026-09-15,上市,3016,嘉晶,110.00,-2.5000,113.00,119.00,107.50,30667000,3491578000,19248,TWSE_CSV,2026-09-15 14:15:45 +0800
1150915,2026-09-15,上市,3017,奇鋐,3115.00,-195.0000,3265.00,3300.00,3100.00,2962000,9408695000,2542,TWSE_CSV,2026-09-15 14:15:45 +0800
1150915,2026-09-15,上市,3018,隆銘綠能,11.25,-0.1000,11.35,11.35,11.25,6000,68000,5,TWSE_CSV,2026-09-15 14:15:45 +0800
1150915,2026-09-15,上市,3019,亞光,132.00,-2.0000,133.00,134.50,131.00,2240000,296966000,1536,TWSE_CSV,2026-09-15 14:15:45 +0800
1150915,2026-09-15,上市,3021,鴻名,24.65,2.2000,22.45,24.65,21.80,651000,15640500,352,TWSE_CSV,2026-09-15 14:15:45 +0800
1150915,2026-09-15,上市,3022,威強電,85.20,-1.0000,86.30,88.60,85.10,1099000,95278200,854,TWSE_CSV,2026-09-15 14:15:45 +0800
1150915,2026-09-15,上市,3023,信邦,318.50,-2.0000,320.00,325.50,316.50,754000,241946500,597,TWSE_CSV,2026-09-15 14:15:45 +0800
1150915,2026-09-15,上市,3024,憶聲,14.30,-0.4000,14.85,14.85,14.30,1003000,14515200,409,TWSE_CSV,2026-09-15 14:15:45 +0800
1150915,2026-09-15,上市,3025,星通,50.30,-0.2000,50.50,50.90,50.30,51000,2580500,48,TWSE_CSV,2026-09-15 14:15:45 +0800
1150915,2026-09-15,上市,3026,禾伸堂,726.00,-5.0000,744.00,749.00,721.00,6140000,4521761000,4889,TWSE_CSV,2026-09-15 14:15:45 +0800
1150915,2026-09-15,上市,3027,盛達,17.55,-0.1500,17.70,17.85,17.40,167000,2942400,83,TWSE_CSV,2026-09-15 14:15:45 +0800
1150915,2026-09-15,上市,3028,增你強,60.70,-0.5000,61.20,61.40,60.50,433000,26377500,304,TWSE_CSV,2026-09-15 14:15:45 +0800
1150915,2026-09-15,上市,3029,零壹,118.50,2.0000,116.50,121.00,115.00,7776000,917972000,5515,TWSE_CSV,2026-09-15 14:15:45 +0800
1150915,2026-09-15,上市,3030,德律,258.50,-0.5000,258.50,262.00,258.50,360000,93594500,317,TWSE_CSV,2026-09-15 14:15:45 +0800
1150915,2026-09-15,上市,3031,佰鴻,23.00,-0.3500,23.35,23.55,23.00,226000,5250400,160,TWSE_CSV,2026-09-15 14:15:45 +0800
1150915,2026-09-15,上市,3032,偉訓,70.50,-0.3000,71.00,71.70,69.90,302000,21290000,221,TWSE_CSV,2026-09-15 14:15:45 +0800
1150915,2026-09-15,上市,3033,威健,40.80,-0.6000,41.25,41.60,40.80,2319000,95558550,1428,TWSE_CSV,2026-09-15 14:15:45 +0800
1150915,2026-09-15,上市,3034,聯詠,541.00,-15.0000,556.00,559.00,526.00,3537000,1908197000,2913,TWSE_CSV,2026-09-15 14:15:45 +0800
1150915,2026-09-15,上市,3035,智原,170.00,-2.5000,172.50,172.50,169.00,1261000,215313500,983,TWSE_CSV,2026-09-15 14:15:45 +0800
1150915,2026-09-15,上市,3036,文曄,192.50,0.5000,193.00,196.50,192.00,5500000,1065374000,3228,TWSE_CSV,2026-09-15 14:15:45 +0800
1150915,2026-09-15,上市,3037,欣興,951.00,-19.0000,969.00,986.00,951.00,9259000,8976474000,7355,TWSE_CSV,2026-09-15 14:15:45 +0800
1150915,2026-09-15,上市,3038,全台,20.05,0.0000,20.05,20.10,20.00,62000,1242250,53,TWSE_CSV,2026-09-15 14:15:45 +0800
1150915,2026-09-15,上市,3040,遠見,34.30,0.5000,33.45,34.30,33.10,316000,10620650,215,TWSE_CSV,2026-09-15 14:15:45 +0800
1150915,2026-09-15,上市,3041,揚智,21.95,-0.4000,22.50,22.65,21.95,512000,11361650,287,TWSE_CSV,2026-09-15 14:15:45 +0800
1150915,2026-09-15,上市,3042,晶技,181.00,3.0000,175.00,186.00,175.00,8196000,1492530000,5935,TWSE_CSV,2026-09-15 14:15:45 +0800
1150915,2026-09-15,上市,3043,科風,20.10,0.1000,20.25,20.30,20.00,43000,864100,23,TWSE_CSV,2026-09-15 14:15:45 +0800
1150915,2026-09-15,上市,3044,健鼎,490.50,-19.5000,502.00,508.00,490.00,2625000,1305384500,2111,TWSE_CSV,2026-09-15 14:15:45 +0800
1150915,2026-09-15,上市,3045,台灣大,124.00,2.5000,121.50,124.50,121.00,10377000,1277639000,2844,TWSE_CSV,2026-09-15 14:15:45 +0800
1150915,2026-09-15,上市,3046,建碁,52.20,0.3000,52.50,52.60,51.90,125000,6532300,99,TWSE_CSV,2026-09-15 14:15:45 +0800
1150915,2026-09-15,上市,3047,訊舟,13.40,-0.1000,13.40,13.60,13.35,249000,3351050,149,TWSE_CSV,2026-09-15 14:15:45 +0800
1150915,2026-09-15,上市,3048,益登,49.40,-0.8000,50.20,50.30,49.40,649000,32295100,499,TWSE_CSV,2026-09-15 14:15:45 +0800
1150915,2026-09-15,上市,3049,精金,11.80,-0.2000,11.95,12.10,11.80,2359000,28084850,997,TWSE_CSV,2026-09-15 14:15:45 +0800
1150915,2026-09-15,上市,3050,鈺德,11.05,-0.1500,11.20,11.20,10.90,497000,5481800,179,TWSE_CSV,2026-09-15 14:15:45 +0800
1150915,2026-09-15,上市,3051,力特,20.90,-0.4000,21.45,21.50,20.90,349000,7374900,245,TWSE_CSV,2026-09-15 14:15:45 +0800
1150915,2026-09-15,上市,3052,夆典,10.20,-0.0500,10.30,10.30,10.15,257000,2627100,82,TWSE_CSV,2026-09-15 14:15:45 +0800
1150915,2026-09-15,上市,3054,立萬利,54.70,-1.1000,57.50,57.50,54.70,34000,1887400,29,TWSE_CSV,2026-09-15 14:15:45 +0800
1150915,2026-09-15,上市,3055,蔚華科,157.50,-2.0000,161.00,162.50,156.50,1315000,210111000,1052,TWSE_CSV,2026-09-15 14:15:45 +0800
1150915,2026-09-15,上市,3056,富華新,13.60,-0.0500,13.65,13.65,13.45,361000,4888550,140,TWSE_CSV,2026-09-15 14:15:45 +0800
1150915,2026-09-15,上市,3057,喬鼎,15.65,-0.5500,16.25,16.35,15.60,106000,1690300,70,TWSE_CSV,2026-09-15 14:15:45 +0800
1150915,2026-09-15,上市,3058,立德,7.94,-0.0800,8.02,8.02,7.91,623000,4952150,330,TWSE_CSV,2026-09-15 14:15:45 +0800
1150915,2026-09-15,上市,3059,華晶科,37.30,0.0500,37.60,37.70,37.05,939000,35106400,583,TWSE_CSV,2026-09-15 14:15:45 +0800
1150915,2026-09-15,上市,3060,銘異,25.50,-0.6500,26.00,26.25,25.50,726000,18737050,495,TWSE_CSV,2026-09-15 14:15:45 +0800
1150915,2026-09-15,上市,3062,建漢,20.25,-0.1500,20.40,20.40,20.10,844000,17082650,350,TWSE_CSV,2026-09-15 14:15:45 +0800
1150915,2026-09-15,上市,3090,日電貿,159.00,-4.5000,162.00,166.00,159.00,2488000,403159500,1901,TWSE_CSV,2026-09-15 14:15:45 +0800
1150915,2026-09-15,上市,3092,鴻碩,21.60,-0.9000,22.55,23.00,21.60,248000,5501400,187,TWSE_CSV,2026-09-15 14:15:45 +0800
1150915,2026-09-15,上市,3094,聯傑,42.25,-1.7500,43.95,44.00,42.20,4596000,196698650,3141,TWSE_CSV,2026-09-15 14:15:45 +0800
1150915,2026-09-15,上市,3130,一零四,208.00,-0.5000,208.50,209.00,208.00,23000,4793000,17,TWSE_CSV,2026-09-15 14:15:45 +0800
1150915,2026-09-15,上市,3135,凌航,158.50,-0.5000,161.00,161.00,158.00,468000,74479000,359,TWSE_CSV,2026-09-15 14:15:45 +0800
1150915,2026-09-15,上市,3138,耀登,86.50,-1.1000,88.00,88.40,86.00,111000,9670100,90,TWSE_CSV,2026-09-15 14:15:45 +0800
1150915,2026-09-15,上市,3149,正達,59.40,-1.5000,61.00,61.30,59.40,2784000,167421200,1765,TWSE_CSV,2026-09-15 14:15:45 +0800
1150915,2026-09-15,上市,3150,鈺寶-創,15.05,-0.1500,15.05,15.20,15.00,47000,710850,26,TWSE_CSV,2026-09-15 14:15:45 +0800
1150915,2026-09-15,上市,3164,景岳,15.70,-0.0500,15.65,15.75,15.65,8000,125700,8,TWSE_CSV,2026-09-15 14:15:45 +0800
1150915,2026-09-15,上市,3167,大量,792.00,-18.0000,805.00,834.00,785.00,3825000,3099418000,3399,TWSE_CSV,2026-09-15 14:15:45 +0800
1150915,2026-09-15,上市,3168,眾福科,43.00,0.9500,43.40,43.40,41.80,25000,1066050,25,TWSE_CSV,2026-09-15 14:15:45 +0800
1150915,2026-09-15,上市,3189,景碩,795.00,-3.0000,795.00,822.00,791.00,7324000,5902469000,6268,TWSE_CSV,2026-09-15 14:15:45 +0800
1150915,2026-09-15,上市,3209,全科,44.25,-0.4500,44.70,44.80,44.25,554000,24595750,384,TWSE_CSV,2026-09-15 14:15:45 +0800
1150915,2026-09-15,上市,3229,晟鈦,60.30,-6.6000,65.20,66.90,60.30,7324000,460568700,4558,TWSE_CSV,2026-09-15 14:15:45 +0800
1150915,2026-09-15,上市,3231,緯創,182.50,1.5000,181.00,184.00,181.00,20950000,3818120500,8858,TWSE_CSV,2026-09-15 14:15:45 +0800
1150915,2026-09-15,上市,3257,虹冠電,46.60,0.1000,46.60,47.55,46.50,166000,7786100,141,TWSE_CSV,2026-09-15 14:15:45 +0800
1150915,2026-09-15,上市,3266,昇陽,13.75,-0.1000,13.80,13.80,13.65,36000,493050,28,TWSE_CSV,2026-09-15 14:15:45 +0800
1150915,2026-09-15,上市,3296,勝德,27.00,1.5000,25.30,27.70,25.10,210000,5589900,165,TWSE_CSV,2026-09-15 14:15:45 +0800
1150915,2026-09-15,上市,3305,昇貿,98.10,-1.9000,100.50,101.00,98.00,715000,70988500,556,TWSE_CSV,2026-09-15 14:15:45 +0800
1150915,2026-09-15,上市,3308,聯德,22.00,0.2500,21.25,22.00,21.25,38000,820050,34,TWSE_CSV,2026-09-15 14:15:45 +0800
1150915,2026-09-15,上市,3311,閎暉,36.80,1.8000,35.00,37.60,34.85,2295000,84080650,1611,TWSE_CSV,2026-09-15 14:15:45 +0800
1150915,2026-09-15,上市,3312,弘憶股,46.70,-0.7000,47.50,47.80,46.70,281000,13272700,228,TWSE_CSV,2026-09-15 14:15:45 +0800
1150915,2026-09-15,上市,3321,同泰,16.80,-0.2000,17.20,17.75,16.80,138000,2358400,99,TWSE_CSV,2026-09-15 14:15:45 +0800
1150915,2026-09-15,上市,3338,泰碩,64.70,-0.8000,65.10,66.00,64.50,173000,11269900,145,TWSE_CSV,2026-09-15 14:15:45 +0800
1150915,2026-09-15,上市,3346,麗清,19.30,-0.1000,19.75,19.75,19.20,185000,3584650,134,TWSE_CSV,2026-09-15 14:15:45 +0800
1150915,2026-09-15,上市,3376,新日興,173.00,-8.0000,180.50,182.00,173.00,5902000,1042424500,3448,TWSE_CSV,2026-09-15 14:15:45 +0800
1150915,2026-09-15,上市,3380,明泰,29.55,-0.4000,29.95,30.00,29.50,1106000,32824850,686,TWSE_CSV,2026-09-15 14:15:45 +0800
1150915,2026-09-15,上市,3406,玉晶光,915.00,-39.0000,944.00,973.00,906.00,9331000,8743742000,7387,TWSE_CSV,2026-09-15 14:15:45 +0800
1150915,2026-09-15,上市,3413,京鼎,274.00,-1.5000,276.00,277.50,274.00,383000,105512000,349,TWSE_CSV,2026-09-15 14:15:45 +0800
1150915,2026-09-15,上市,3416,融程電,160.00,-1.0000,162.00,163.00,160.00,100000,16108500,96,TWSE_CSV,2026-09-15 14:15:45 +0800
1150915,2026-09-15,上市,3419,譁裕,10.75,-0.2500,11.00,11.00,10.75,93000,1006200,60,TWSE_CSV,2026-09-15 14:15:45 +0800
1150915,2026-09-15,上市,3432,台端,,0.0000,,,,,,,TWSE_CSV,2026-09-15 14:15:45 +0800
1150915,2026-09-15,上市,3437,榮創,17.50,-0.3000,17.95,17.95,17.50,461000,8145100,309,TWSE_CSV,2026-09-15 14:15:45 +0800
1150915,2026-09-15,上市,3443,創意,6035.00,-365.0000,6400.00,6455.00,6035.00,2110000,13069720000,1982,TWSE_CSV,2026-09-15 14:15:45 +0800
1150915,2026-09-15,上市,3447,展達,26.80,-0.5500,27.35,27.35,26.65,97000,2614300,83,TWSE_CSV,2026-09-15 14:15:45 +0800
1150915,2026-09-15,上市,3450,聯鈞,492.50,-16.5000,506.00,524.00,492.00,7824000,3948437500,6376,TWSE_CSV,2026-09-15 14:15:45 +0800
1150915,2026-09-15,上市,3481,群創,46.80,-0.8500,47.80,48.10,46.80,76422000,3628508750,30118,TWSE_CSV,2026-09-15 14:15:45 +0800
1150915,2026-09-15,上市,3494,誠研,7.07,0.0000,7.25,7.25,6.98,15000,105990,15,TWSE_CSV,2026-09-15 14:15:45 +0800
1150915,2026-09-15,上市,3501,維熹,38.20,-0.2500,38.55,38.55,38.05,55000,2101950,50,TWSE_CSV,2026-09-15 14:15:45 +0800
1150915,2026-09-15,上市,3504,揚明光,77.00,-1.0000,78.10,79.90,77.00,1405000,109954000,1158,TWSE_CSV,2026-09-15 14:15:45 +0800
1150915,2026-09-15,上市,3515,華擎,201.00,-2.0000,202.50,204.00,201.00,281000,56701000,244,TWSE_CSV,2026-09-15 14:15:45 +0800
1150915,2026-09-15,上市,3518,柏騰,29.70,-0.3000,30.00,30.55,29.60,426000,12746250,260,TWSE_CSV,2026-09-15 14:15:45 +0800
1150915,2026-09-15,上市,3528,安馳,80.40,-0.9000,81.50,81.50,77.00,208000,16641700,188,TWSE_CSV,2026-09-15 14:15:45 +0800
1150915,2026-09-15,上市,3530,晶相光,55.60,-0.9000,56.30,56.70,55.50,46000,2581300,42,TWSE_CSV,2026-09-15 14:15:45 +0800
1150915,2026-09-15,上市,3532,台勝科,407.00,-9.0000,416.00,444.00,403.00,9251000,3920900000,7679,TWSE_CSV,2026-09-15 14:15:45 +0800
1150915,2026-09-15,上市,3533,嘉澤,1520.00,-70.0000,1590.00,1590.00,1520.00,670000,1036375000,571,TWSE_CSV,2026-09-15 14:15:45 +0800
1150915,2026-09-15,上市,3535,晶彩科,81.10,-1.5000,82.60,83.30,81.10,292000,23996200,255,TWSE_CSV,2026-09-15 14:15:45 +0800
1150915,2026-09-15,上市,3543,州巧,42.00,-0.0500,42.10,42.70,42.00,420000,17755550,277,TWSE_CSV,2026-09-15 14:15:45 +0800
1150915,2026-09-15,上市,3545,敦泰,48.45,-0.6000,49.80,49.80,48.30,403000,19727550,297,TWSE_CSV,2026-09-15 14:15:45 +0800
1150915,2026-09-15,上市,3550,聯穎,21.20,-0.5000,21.75,22.10,21.20,612000,13173050,394,TWSE_CSV,2026-09-15 14:15:45 +0800
1150915,2026-09-15,上市,3557,嘉威,22.75,0.0500,22.40,22.90,22.40,21000,474000,18,TWSE_CSV,2026-09-15 14:15:45 +0800
1150915,2026-09-15,上市,3563,牧德,643.00,-2.0000,649.00,656.00,639.00,221000,142824000,200,TWSE_CSV,2026-09-15 14:15:45 +0800
1150915,2026-09-15,上市,3576,聯合再生,16.05,-0.5500,16.45,16.45,16.05,4893000,79283750,2320,TWSE_CSV,2026-09-15 14:15:45 +0800
1150915,2026-09-15,上市,3583,辛耘,664.00,-19.0000,679.00,688.00,664.00,588000,397110000,533,TWSE_CSV,2026-09-15 14:15:45 +0800
1150915,2026-09-15,上市,3588,通嘉,50.60,-0.7000,51.30,51.50,50.60,73000,3722300,62,TWSE_CSV,2026-09-15 14:15:45 +0800
1150915,2026-09-15,上市,3592,瑞鼎,219.50,-2.5000,222.00,222.50,219.50,145000,31970500,141,TWSE_CSV,2026-09-15 14:15:45 +0800
1150915,2026-09-15,上市,3593,力銘,9.95,-0.2000,9.51,9.95,9.51,13000,124550,7,TWSE_CSV,2026-09-15 14:15:45 +0800
1150915,2026-09-15,上市,3596,智易,155.00,2.5000,153.00,156.00,153.00,859000,132996000,484,TWSE_CSV,2026-09-15 14:15:45 +0800
1150915,2026-09-15,上市,3605,宏致,127.50,1.0000,124.50,129.50,122.00,7764000,975361000,4884,TWSE_CSV,2026-09-15 14:15:45 +0800
1150915,2026-09-15,上市,3607,谷崧,13.55,0.0000,13.55,13.60,13.45,145000,1956650,75,TWSE_CSV,2026-09-15 14:15:45 +0800
1150915,2026-09-15,上市,3617,碩天,236.00,-5.0000,240.50,241.50,236.00,244000,58110500,212,TWSE_CSV,2026-09-15 14:15:45 +0800
1150915,2026-09-15,上市,3622,洋華,44.80,0.1500,44.95,45.40,44.75,201000,9050650,160,TWSE_CSV,2026-09-15 14:15:45 +0800
1150915,2026-09-15,上市,3645,達邁,66.80,-1.0000,67.80,68.20,66.80,719000,48528200,571,TWSE_CSV,2026-09-15 14:15:45 +0800
1150915,2026-09-15,上市,3652,精聯,33.15,0.0000,33.25,33.45,32.90,62000,2058400,57,TWSE_CSV,2026-09-15 14:15:45 +0800
1150915,2026-09-15,上市,3653,健策,5310.00,-510.0000,5735.00,5765.00,5240.00,2349000,12657530000,1913,TWSE_CSV,2026-09-15 14:15:45 +0800
1150915,2026-09-15,上市,3661,世芯-KY,3355.00,-235.0000,3535.00,3590.00,3335.00,2240000,7701340000,2064,TWSE_CSV,2026-09-15 14:15:45 +0800
1150915,2026-09-15,上市,3665,貿聯-KY,1980.00,25.0000,1940.00,2020.00,1925.00,2480000,4910685000,2055,TWSE_CSV,2026-09-15 14:15:45 +0800
1150915,2026-09-15,上市,3669,圓展,32.00,-0.3500,32.30,32.40,32.00,78000,2508650,58,TWSE_CSV,2026-09-15 14:15:45 +0800
1150915,2026-09-15,上市,3673,TPK-KY,61.50,-1.9000,63.40,64.20,61.50,2274000,142522500,1583,TWSE_CSV,2026-09-15 14:15:45 +0800
1150915,2026-09-15,上市,3679,新至陞,108.00,0.0000,108.00,108.50,107.00,26000,2794500,24,TWSE_CSV,2026-09-15 14:15:45 +0800
1150915,2026-09-15,上市,3686,達能,14.10,-0.1000,14.15,14.15,14.05,70000,986950,45,TWSE_CSV,2026-09-15 14:15:45 +0800
1150915,2026-09-15,上市,3694,海華,48.50,-0.7000,49.80,49.80,48.50,381000,18665650,304,TWSE_CSV,2026-09-15 14:15:45 +0800
1150915,2026-09-15,上市,3701,大眾控,38.80,-1.0000,39.85,40.00,38.80,326000,12838650,255,TWSE_CSV,2026-09-15 14:15:45 +0800
1150915,2026-09-15,上市,3702,大聯大,107.00,0.0000,106.50,108.00,106.50,4184000,448939000,2005,TWSE_CSV,2026-09-15 14:15:45 +0800
1150915,2026-09-15,上市,3703,欣陸,19.50,-0.1500,19.55,19.65,19.50,573000,11210600,293,TWSE_CSV,2026-09-15 14:15:45 +0800
1150915,2026-09-15,上市,3704,合勤控,39.80,-1.4000,41.90,42.40,39.70,10569000,437602800,6450,TWSE_CSV,2026-09-15 14:15:45 +0800
1150915,2026-09-15,上市,3705,永信,56.00,0.3000,55.70,56.10,55.70,207000,11582000,80,TWSE_CSV,2026-09-15 14:15:45 +0800
1150915,2026-09-15,上市,3706,神達,77.60,-1.1000,78.50,78.90,77.60,6984000,545044900,4495,TWSE_CSV,2026-09-15 14:15:45 +0800
1150915,2026-09-15,上市,3708,上緯投控,95.40,-1.5000,96.10,97.20,95.40,234000,22503200,189,TWSE_CSV,2026-09-15 14:15:45 +0800
1150915,2026-09-15,上市,3711,日月光投控,592.00,-20.0000,601.00,608.00,592.00,12522000,7486143000,8868,TWSE_CSV,2026-09-15 14:15:45 +0800
1150915,2026-09-15,上市,3712,永崴投控,20.55,-0.0500,20.55,20.70,20.35,682000,14022650,214,TWSE_CSV,2026-09-15 14:15:45 +0800
1150915,2026-09-15,上市,3714,富采,60.10,-1.4000,61.30,61.70,60.10,3593000,218203100,2300,TWSE_CSV,2026-09-15 14:15:45 +0800
1150915,2026-09-15,上市,3715,定穎投控,119.50,-1.0000,120.50,123.50,119.00,3544000,429613000,2178,TWSE_CSV,2026-09-15 14:15:45 +0800
1150915,2026-09-15,上市,3716,中化控股,33.70,-0.1500,33.90,33.90,33.60,213000,7180800,140,TWSE_CSV,2026-09-15 14:15:45 +0800
1150915,2026-09-15,上市,3717,聯嘉投控,21.00,-0.1000,21.10,21.10,20.90,466000,9788750,269,TWSE_CSV,2026-09-15 14:15:45 +0800
1150915,2026-09-15,上市,4104,佳醫,71.70,-0.4000,71.90,72.00,71.70,109000,7829700,77,TWSE_CSV,2026-09-15 14:15:45 +0800
1150915,2026-09-15,上市,4106,雃博,24.40,0.0000,24.40,24.40,24.15,47000,1142600,31,TWSE_CSV,2026-09-15 14:15:45 +0800
1150915,2026-09-15,上市,4108,懷特,11.30,-0.1000,11.60,11.70,11.30,225000,2585550,140,TWSE_CSV,2026-09-15 14:15:45 +0800
1150915,2026-09-15,上市,4119,旭富,59.60,1.6000,57.90,60.20,57.30,304000,18023000,236,TWSE_CSV,2026-09-15 14:15:45 +0800
1150915,2026-09-15,上市,4133,亞諾法,20.20,0.0000,20.10,20.30,20.10,28000,566300,20,TWSE_CSV,2026-09-15 14:15:45 +0800
1150915,2026-09-15,上市,4137,麗豐-KY,76.60,0.3000,76.30,77.30,76.30,167000,12822700,123,TWSE_CSV,2026-09-15 14:15:45 +0800
1150915,2026-09-15,上市,4142,國光生,17.20,0.0000,17.20,17.30,17.05,666000,11423000,192,TWSE_CSV,2026-09-15 14:15:45 +0800
1150915,2026-09-15,上市,4148,全宇生技-KY,33.55,-0.9500,35.20,35.20,33.55,76000,2577600,63,TWSE_CSV,2026-09-15 14:15:45 +0800
1150915,2026-09-15,上市,4155,訊映,14.70,0.0000,14.65,14.75,14.60,71000,1041150,60,TWSE_CSV,2026-09-15 14:15:45 +0800
1150915,2026-09-15,上市,4164,承業醫,25.40,0.0500,25.35,25.45,25.10,313000,7903300,220,TWSE_CSV,2026-09-15 14:15:45 +0800
1150915,2026-09-15,上市,4169,泰宗,143.00,0.5000,142.00,143.50,141.00,83000,11788000,66,TWSE_CSV,2026-09-15 14:15:45 +0800
1150915,2026-09-15,上市,4178,永笙-KY,16.45,-0.2000,16.55,16.55,16.40,151000,2489450,42,TWSE_CSV,2026-09-15 14:15:45 +0800
1150915,2026-09-15,上市,4190,佐登-KY,25.40,-0.5000,25.35,25.40,25.30,3000,76050,3,TWSE_CSV,2026-09-15 14:15:45 +0800
1150915,2026-09-15,上市,4195,基米-創,13.30,-0.1500,13.25,13.30,13.15,53000,700850,35,TWSE_CSV,2026-09-15 14:15:45 +0800
1150915,2026-09-15,上市,4306,炎洲,14.40,-0.2500,14.65,14.65,14.40,714000,10341750,302,TWSE_CSV,2026-09-15 14:15:45 +0800
1150915,2026-09-15,上市,4414,如興,8.10,0.0100,8.09,8.14,8.09,55000,445880,25,TWSE_CSV,2026-09-15 14:15:45 +0800
1150915,2026-09-15,上市,4426,利勤,7.47,-0.0900,7.50,7.60,7.45,107000,803780,72,TWSE_CSV,2026-09-15 14:15:45 +0800
1150915,2026-09-15,上市,4438,廣越,56.30,-0.4000,56.70,56.70,56.20,52000,2931600,31,TWSE_CSV,2026-09-15 14:15:45 +0800
1150915,2026-09-15,上市,4439,冠星-KY,93.50,-0.4000,93.90,93.90,93.50,3000,281000,3,TWSE_CSV,2026-09-15 14:15:45 +0800
1150915,2026-09-15,上市,4440,宜新實業,17.65,0.1000,17.55,17.65,17.50,30000,526800,14,TWSE_CSV,2026-09-15 14:15:45 +0800
1150915,2026-09-15,上市,4441,振大環球,171.00,-1.5000,170.50,173.50,170.50,30000,5176500,26,TWSE_CSV,2026-09-15 14:15:45 +0800
1150915,2026-09-15,上市,4526,東台,29.80,-0.3000,30.25,30.25,29.70,868000,25943100,546,TWSE_CSV,2026-09-15 14:15:45 +0800
1150915,2026-09-15,上市,4532,瑞智,23.35,-0.0500,23.40,23.50,23.35,307000,7188950,217,TWSE_CSV,2026-09-15 14:15:45 +0800
1150915,2026-09-15,上市,4536,拓凱,162.50,2.0000,160.00,164.00,160.00,90000,14652500,79,TWSE_CSV,2026-09-15 14:15:45 +0800
1150915,2026-09-15,上市,4540,全球傳動,57.30,1.0000,56.20,59.50,55.70,2208000,128266500,1376,TWSE_CSV,2026-09-15 14:15:45 +0800
1150915,2026-09-15,上市,4545,銘鈺,32.60,-0.7500,32.60,32.90,32.60,56000,1831700,53,TWSE_CSV,2026-09-15 14:15:45 +0800
1150915,2026-09-15,上市,4551,智伸科,153.50,-2.5000,155.00,156.50,153.50,261000,40431500,230,TWSE_CSV,2026-09-15 14:15:45 +0800
1150915,2026-09-15,上市,4552,力達-KY,15.35,0.0000,15.40,15.40,15.25,158000,2422650,74,TWSE_CSV,2026-09-15 14:15:45 +0800
1150915,2026-09-15,上市,4555,氣立,41.65,-0.2500,42.35,42.35,41.40,56000,2337150,46,TWSE_CSV,2026-09-15 14:15:45 +0800
1150915,2026-09-15,上市,4557,永新-KY,50.20,-0.3000,50.50,50.70,50.00,90000,4507900,15,TWSE_CSV,2026-09-15 14:15:45 +0800
1150915,2026-09-15,上市,4560,強信-KY,28.95,-0.0500,28.85,29.10,28.75,148000,4278700,62,TWSE_CSV,2026-09-15 14:15:45 +0800
1150915,2026-09-15,上市,4562,穎漢,29.15,0.1000,29.35,29.55,29.00,142000,4151550,114,TWSE_CSV,2026-09-15 14:15:45 +0800
1150915,2026-09-15,上市,4564,元翎,15.80,0.1500,15.85,15.85,15.50,489000,7637200,256,TWSE_CSV,2026-09-15 14:15:45 +0800
1150915,2026-09-15,上市,4566,時碩工業,62.80,-0.1000,63.10,64.10,62.60,442000,27927400,363,TWSE_CSV,2026-09-15 14:15:45 +0800
1150915,2026-09-15,上市,4569,六方科-KY,154.00,1.5000,152.50,155.50,152.50,41000,6321000,35,TWSE_CSV,2026-09-15 14:15:45 +0800
1150915,2026-09-15,上市,4571,鈞興-KY,147.50,-1.5000,150.50,150.50,147.50,96000,14329000,70,TWSE_CSV,2026-09-15 14:15:45 +0800
1150915,2026-09-15,上市,4572,駐龍,141.50,-1.0000,144.00,144.00,138.50,14000,1983500,14,TWSE_CSV,2026-09-15 14:15:45 +0800
1150915,2026-09-15,上市,4576,大銀微系統,230.50,2.5000,224.00,237.50,223.50,1810000,421469500,1564,TWSE_CSV,2026-09-15 14:15:45 +0800
1150915,2026-09-15,上市,4581,光隆精密-KY,47.15,0.0000,47.15,47.15,47.15,7000,330050,6,TWSE_CSV,2026-09-15 14:15:45 +0800
1150915,2026-09-15,上市,4582,聚恆-創,22.15,-0.2000,22.50,22.50,22.10,50000,1110700,41,TWSE_CSV,2026-09-15 14:15:45 +0800
1150915,2026-09-15,上市,4583,台灣精銳,420.00,-10.0000,426.50,432.00,420.00,65000,27686500,64,TWSE_CSV,2026-09-15 14:15:45 +0800
1150915,2026-09-15,上市,4585,達明,296.00,-2.0000,296.00,299.00,295.50,183000,54457000,171,TWSE_CSV,2026-09-15 14:15:45 +0800
1150915,2026-09-15,上市,4588,玖鼎電力,53.40,-0.7000,54.10,54.20,53.10,59000,3164200,52,TWSE_CSV,2026-09-15 14:15:45 +0800
1150915,2026-09-15,上市,4590,富田-創,86.80,-1.5000,88.00,88.70,86.80,220000,19294400,156,TWSE_CSV,2026-09-15 14:15:45 +0800
1150915,2026-09-15,上市,4720,德淵,17.90,-0.3500,18.20,18.25,17.85,346000,6222200,198,TWSE_CSV,2026-09-15 14:15:45 +0800
1150915,2026-09-15,上市,4722,國精化,185.00,-5.0000,186.50,195.50,182.00,1133000,212113500,1006,TWSE_CSV,2026-09-15 14:15:45 +0800
1150915,2026-09-15,上市,4736,泰博,129.00,0.5000,128.00,129.50,127.50,122000,15679500,89,TWSE_CSV,2026-09-15 14:15:45 +0800
1150915,2026-09-15,上市,4737,華廣,56.50,2.5000,54.00,56.50,53.30,61000,3328800,57,TWSE_CSV,2026-09-15 14:15:45 +0800
1150915,2026-09-15,上市,4739,康普,76.00,-1.3000,77.40,77.80,76.00,544000,41731800,434,TWSE_CSV,2026-09-15 14:15:45 +0800
1150915,2026-09-15,上市,4746,台耀,46.05,0.6500,45.50,46.50,45.20,358000,16384350,279,TWSE_CSV,2026-09-15 14:15:45 +0800
1150915,2026-09-15,上市,4755,三福化,111.00,-0.5000,111.50,112.50,111.00,86000,9604000,57,TWSE_CSV,2026-09-15 14:15:45 +0800
1150915,2026-09-15,上市,4763,材料*-KY,48.10,-1.2500,49.50,49.50,48.10,8813000,426306300,4051,TWSE_CSV,2026-09-15 14:15:45 +0800
1150915,2026-09-15,上市,4764,雙鍵,202.50,-5.0000,206.50,211.50,202.00,358000,73509000,301,TWSE_CSV,2026-09-15 14:15:45 +0800
1150915,2026-09-15,上市,4766,南寶,333.00,-0.5000,330.50,335.00,330.50,95000,31617500,87,TWSE_CSV,2026-09-15 14:15:45 +0800
1150915,2026-09-15,上市,4770,上品,220.00,-4.5000,226.50,226.50,219.00,281000,62274000,242,TWSE_CSV,2026-09-15 14:15:45 +0800
1150915,2026-09-15,上市,4771,望隼,210.50,6.5000,203.50,212.00,203.50,189000,39514000,159,TWSE_CSV,2026-09-15 14:15:45 +0800
1150915,2026-09-15,上市,4807,日成-KY,30.80,2.8000,28.10,30.80,28.10,367000,11126650,229,TWSE_CSV,2026-09-15 14:15:45 +0800
1150915,2026-09-15,上市,4904,遠傳,106.50,0.5000,106.50,107.50,105.50,4547000,484099000,2226,TWSE_CSV,2026-09-15 14:15:45 +0800
1150915,2026-09-15,上市,4906,正文,35.10,-0.4000,35.45,35.50,34.85,2544000,89257500,1500,TWSE_CSV,2026-09-15 14:15:45 +0800
1150915,2026-09-15,上市,4912,聯德控股-KY,87.70,-0.6000,89.20,89.90,87.30,192000,16930500,172,TWSE_CSV,2026-09-15 14:15:45 +0800
1150915,2026-09-15,上市,4915,致伸,65.60,1.0000,64.00,65.70,63.40,8202000,530099500,5172,TWSE_CSV,2026-09-15 14:15:45 +0800
1150915,2026-09-15,上市,4916,事欣科,92.30,-1.6000,94.10,94.10,92.30,658000,61293100,512,TWSE_CSV,2026-09-15 14:15:45 +0800
1150915,2026-09-15,上市,4919,新唐,111.00,-2.0000,112.00,114.00,110.00,2251000,251296500,1443,TWSE_CSV,2026-09-15 14:15:45 +0800
1150915,2026-09-15,上市,4927,泰鼎-KY,40.05,-1.1000,41.15,41.50,40.05,1518000,61518900,931,TWSE_CSV,2026-09-15 14:15:45 +0800
1150915,2026-09-15,上市,4930,燦星網,15.90,0.1000,15.75,15.90,15.75,3000,47400,3,TWSE_CSV,2026-09-15 14:15:45 +0800
1150915,2026-09-15,上市,4934,太極,13.20,-0.3000,13.40,13.50,13.20,296000,3948400,166,TWSE_CSV,2026-09-15 14:15:45 +0800
1150915,2026-09-15,上市,4935,茂林-KY,30.95,-0.9000,31.85,31.85,30.65,116000,3590250,98,TWSE_CSV,2026-09-15 14:15:45 +0800
1150915,2026-09-15,上市,4938,和碩,88.30,-1.9000,90.60,90.60,88.30,7327000,652213900,3719,TWSE_CSV,2026-09-15 14:15:45 +0800
1150915,2026-09-15,上市,4942,嘉彰,31.40,-0.3000,31.55,31.75,31.15,107000,3353550,74,TWSE_CSV,2026-09-15 14:15:45 +0800
1150915,2026-09-15,上市,4943,康控-KY,7.53,0.1800,7.61,7.61,7.01,7000,51810,6,TWSE_CSV,2026-09-15 14:15:45 +0800
1150915,2026-09-15,上市,4949,有成精密,71.50,-1.1000,72.50,72.90,71.00,365000,26184800,273,TWSE_CSV,2026-09-15 14:15:45 +0800
1150915,2026-09-15,上市,4952,凌通,46.15,-1.0500,47.00,47.25,46.15,177000,8253000,143,TWSE_CSV,2026-09-15 14:15:45 +0800
1150915,2026-09-15,上市,4956,光鋐,32.05,-1.3500,33.10,33.40,32.05,1004000,32717850,717,TWSE_CSV,2026-09-15 14:15:45 +0800
1150915,2026-09-15,上市,4958,臻鼎-KY,477.50,-12.0000,485.50,493.50,476.00,18758000,9072831000,13342,TWSE_CSV,2026-09-15 14:15:45 +0800
1150915,2026-09-15,上市,4960,誠美材,19.50,-0.4500,20.00,20.10,19.50,1892000,37271350,875,TWSE_CSV,2026-09-15 14:15:45 +0800
1150915,2026-09-15,上市,4961,天鈺,178.50,0.5000,178.00,180.50,174.50,1237000,219980500,972,TWSE_CSV,2026-09-15 14:15:45 +0800
1150915,2026-09-15,上市,4967,十銓,266.00,-7.5000,272.50,274.50,266.00,2774000,743271500,2112,TWSE_CSV,2026-09-15 14:15:45 +0800
1150915,2026-09-15,上市,4968,立積,88.00,-1.0000,88.80,89.60,88.00,149000,13198200,130,TWSE_CSV,2026-09-15 14:15:45 +0800
1150915,2026-09-15,上市,4976,佳凌,34.90,-0.1000,34.75,35.75,34.55,777000,27262650,584,TWSE_CSV,2026-09-15 14:15:45 +0800
1150915,2026-09-15,上市,4977,眾達-KY,160.50,-6.5000,166.00,166.50,160.50,2042000,333029000,1575,TWSE_CSV,2026-09-15 14:15:45 +0800
1150915,2026-09-15,上市,4989,榮科,58.30,-1.7000,59.80,60.70,58.30,2184000,129690200,1460,TWSE_CSV,2026-09-15 14:15:45 +0800
1150915,2026-09-15,上市,4994,傳奇,81.30,0.3000,81.20,81.90,80.10,7000,568400,7,TWSE_CSV,2026-09-15 14:15:45 +0800
1150915,2026-09-15,上市,4999,鑫禾,17.95,0.0500,17.95,17.95,17.90,8000,143350,8,TWSE_CSV,2026-09-15 14:15:45 +0800
1150915,2026-09-15,上市,5007,三星,55.60,-0.1000,55.50,55.80,55.50,22000,1222100,18,TWSE_CSV,2026-09-15 14:15:45 +0800
1150915,2026-09-15,上市,5203,訊連,56.80,-0.9000,57.40,58.80,56.80,161000,9297500,138,TWSE_CSV,2026-09-15 14:15:45 +0800
1150915,2026-09-15,上市,5215,科嘉-KY,37.25,-0.2500,37.50,37.60,37.20,32000,1194550,29,TWSE_CSV,2026-09-15 14:15:45 +0800
1150915,2026-09-15,上市,5222,全訊,101.00,-1.0000,103.00,103.00,101.00,128000,13021500,105,TWSE_CSV,2026-09-15 14:15:45 +0800
1150915,2026-09-15,上市,5225,東科-KY,53.20,0.1000,53.10,53.80,53.10,151000,8072700,91,TWSE_CSV,2026-09-15 14:15:45 +0800
1150915,2026-09-15,上市,5234,達興材料,282.50,0.0000,285.00,286.00,281.00,139000,39381500,122,TWSE_CSV,2026-09-15 14:15:45 +0800
1150915,2026-09-15,上市,5236,凌陽創新,130.00,0.0000,130.50,130.50,129.50,38000,4941500,38,TWSE_CSV,2026-09-15 14:15:45 +0800
1150915,2026-09-15,上市,5243,乙盛-KY,85.30,-1.0000,86.40,87.00,85.10,592000,50913000,488,TWSE_CSV,2026-09-15 14:15:45 +0800
1150915,2026-09-15,上市,5244,弘凱,33.95,0.4500,33.30,33.95,33.25,57000,1921450,55,TWSE_CSV,2026-09-15 14:15:45 +0800
1150915,2026-09-15,上市,5258,虹堡,41.95,-0.3500,41.80,42.70,41.50,134000,5635550,105,TWSE_CSV,2026-09-15 14:15:45 +0800
1150915,2026-09-15,上市,5269,祥碩,1370.00,5.0000,1380.00,1385.00,1345.00,265000,361630000,254,TWSE_CSV,2026-09-15 14:15:45 +0800
1150915,2026-09-15,上市,5283,禾聯碩,52.90,-0.7000,53.20,53.40,52.80,22000,1167900,19,TWSE_CSV,2026-09-15 14:15:45 +0800
1150915,2026-09-15,上市,5284,jpp-KY,290.00,-7.0000,295.00,301.50,290.00,199000,58688000,180,TWSE_CSV,2026-09-15 14:15:45 +0800
1150915,2026-09-15,上市,5285,界霖,83.40,-4.1000,86.50,87.40,83.40,1185000,100717600,994,TWSE_CSV,2026-09-15 14:15:45 +0800
1150915,2026-09-15,上市,5288,豐祥-KY,183.00,0.5000,182.50,184.50,181.00,55000,10035000,50,TWSE_CSV,2026-09-15 14:15:45 +0800
1150915,2026-09-15,上市,5292,華懋,209.00,-6.5000,212.50,215.00,209.00,126000,26582500,78,TWSE_CSV,2026-09-15 14:15:45 +0800
1150915,2026-09-15,上市,5306,桂盟,89.50,0.5000,88.90,89.80,88.90,43000,3843900,38,TWSE_CSV,2026-09-15 14:15:45 +0800
1150915,2026-09-15,上市,5388,中磊,72.00,1.0000,71.70,72.30,71.30,1634000,117563500,1073,TWSE_CSV,2026-09-15 14:15:45 +0800
1150915,2026-09-15,上市,5434,崇越,537.00,-2.0000,539.00,540.00,530.00,413000,221702000,386,TWSE_CSV,2026-09-15 14:15:45 +0800
1150915,2026-09-15,上市,5469,瀚宇博,71.50,-0.8000,72.30,73.00,71.30,694000,50093000,467,TWSE_CSV,2026-09-15 14:15:45 +0800
1150915,2026-09-15,上市,5471,松翰,49.90,-1.2000,51.30,51.30,49.90,672000,33845450,541,TWSE_CSV,2026-09-15 14:15:45 +0800
1150915,2026-09-15,上市,5484,慧友,39.00,-0.4500,39.45,39.50,39.00,124000,4859900,100,TWSE_CSV,2026-09-15 14:15:45 +0800
1150915,2026-09-15,上市,5515,建國,48.40,-1.0500,49.25,49.70,48.35,313000,15294550,263,TWSE_CSV,2026-09-15 14:15:45 +0800
1150915,2026-09-15,上市,5519,隆大,25.20,-0.1000,25.30,25.45,25.20,251000,6351950,157,TWSE_CSV,2026-09-15 14:15:45 +0800
1150915,2026-09-15,上市,5521,工信,10.35,0.0000,10.35,10.40,10.25,836000,8628050,307,TWSE_CSV,2026-09-15 14:15:45 +0800
1150915,2026-09-15,上市,5522,遠雄,60.70,-0.4000,61.00,61.00,60.20,802000,48495300,617,TWSE_CSV,2026-09-15 14:15:45 +0800
1150915,2026-09-15,上市,5525,順天,21.70,-0.1500,21.80,21.90,21.70,84000,1827650,22,TWSE_CSV,2026-09-15 14:15:45 +0800
1150915,2026-09-15,上市,5531,鄉林,7.03,-0.0500,7.05,7.12,7.00,404000,2843850,195,TWSE_CSV,2026-09-15 14:15:45 +0800
1150915,2026-09-15,上市,5533,皇鼎,13.85,0.0500,13.75,13.90,13.75,119000,1649500,37,TWSE_CSV,2026-09-15 14:15:45 +0800
1150915,2026-09-15,上市,5534,長虹,73.10,-0.5000,73.40,73.40,72.70,691000,50452400,518,TWSE_CSV,2026-09-15 14:15:45 +0800
1150915,2026-09-15,上市,5538,東明-KY,35.10,-0.4000,35.30,35.50,34.95,39000,1370750,26,TWSE_CSV,2026-09-15 14:15:45 +0800
1150915,2026-09-15,上市,5546,永固-KY,14.50,-0.2500,14.40,14.75,14.35,27000,392300,14,TWSE_CSV,2026-09-15 14:15:45 +0800
1150915,2026-09-15,上市,5607,遠雄港,52.50,0.4000,51.90,52.70,51.80,485000,25316300,390,TWSE_CSV,2026-09-15 14:15:45 +0800
1150915,2026-09-15,上市,5608,四維航,16.30,-0.3000,16.50,16.60,16.20,2332000,37986350,1020,TWSE_CSV,2026-09-15 14:15:45 +0800
1150915,2026-09-15,上市,5706,鳳凰,43.75,-0.1000,43.85,43.95,43.70,85000,3720150,67,TWSE_CSV,2026-09-15 14:15:45 +0800
1150915,2026-09-15,上市,5871,中租-KY,111.50,-2.0000,113.00,114.00,111.50,4713000,528413000,2058,TWSE_CSV,2026-09-15 14:15:45 +0800
1150915,2026-09-15,上市,5876,上海商銀,49.80,-0.1000,49.85,50.00,49.30,5598000,278246750,1969,TWSE_CSV,2026-09-15 14:15:45 +0800
1150915,2026-09-15,上市,5880,合庫金,27.00,-0.4500,27.55,27.55,26.80,22501000,609500050,5595,TWSE_CSV,2026-09-15 14:15:45 +0800
1150915,2026-09-15,上市,5906,台南-KY,,0.0000,,,,,,,TWSE_CSV,2026-09-15 14:15:45 +0800
1150915,2026-09-15,上市,5907,大洋-KY,4.82,0.0600,4.83,4.84,4.74,244000,1171260,93,TWSE_CSV,2026-09-15 14:15:45 +0800
1150915,2026-09-15,上市,6005,群益證,31.10,-1.0000,31.85,31.85,31.10,8984000,280670650,4668,TWSE_CSV,2026-09-15 14:15:45 +0800
1150915,2026-09-15,上市,6024,群益期,60.50,-0.6000,60.80,60.90,60.30,225000,13619200,166,TWSE_CSV,2026-09-15 14:15:45 +0800
1150915,2026-09-15,上市,6108,競國,22.40,0.2500,22.10,22.80,22.10,2676000,59623550,876,TWSE_CSV,2026-09-15 14:15:45 +0800
1150915,2026-09-15,上市,6112,邁達特,48.15,-2.4500,51.60,52.90,48.10,21473000,1088932750,12536,TWSE_CSV,2026-09-15 14:15:45 +0800
1150915,2026-09-15,上市,6115,鎰勝,43.80,-0.0500,43.80,43.95,43.70,78000,3417600,64,TWSE_CSV,2026-09-15 14:15:45 +0800
1150915,2026-09-15,上市,6116,彩晶,13.65,-0.2000,13.85,13.90,13.65,12530000,172108250,4163,TWSE_CSV,2026-09-15 14:15:45 +0800
1150915,2026-09-15,上市,6117,迎廣,61.00,-0.1000,62.20,62.20,60.80,139000,8498500,112,TWSE_CSV,2026-09-15 14:15:45 +0800
1150915,2026-09-15,上市,6120,達運,11.75,-0.0500,12.05,12.10,11.75,1203000,14288450,527,TWSE_CSV,2026-09-15 14:15:45 +0800
1150915,2026-09-15,上市,6128,上福,18.90,-0.0500,18.95,19.00,18.85,67000,1268950,38,TWSE_CSV,2026-09-15 14:15:45 +0800
1150915,2026-09-15,上市,6133,金橋,22.95,-0.3000,23.75,23.75,22.95,1871000,43565350,1056,TWSE_CSV,2026-09-15 14:15:45 +0800
1150915,2026-09-15,上市,6136,富爾特,24.60,-0.1500,24.60,24.80,24.20,345000,8473700,121,TWSE_CSV,2026-09-15 14:15:45 +0800
1150915,2026-09-15,上市,6139,亞翔,713.00,10.0000,701.00,726.00,701.00,1999000,1428389000,1732,TWSE_CSV,2026-09-15 14:15:45 +0800
1150915,2026-09-15,上市,6141,柏承,48.35,-0.4500,48.80,50.00,48.20,1480000,72514050,1048,TWSE_CSV,2026-09-15 14:15:45 +0800
1150915,2026-09-15,上市,6142,友勁,8.70,-0.0800,8.88,8.88,8.63,242000,2102010,123,TWSE_CSV,2026-09-15 14:15:45 +0800
1150915,2026-09-15,上市,6152,百一,15.05,-0.1500,15.45,15.45,15.00,1169000,17690650,503,TWSE_CSV,2026-09-15 14:15:45 +0800
1150915,2026-09-15,上市,6153,嘉聯益,16.90,-0.2500,17.15,17.30,16.85,1376000,23405650,634,TWSE_CSV,2026-09-15 14:15:45 +0800
1150915,2026-09-15,上市,6155,鈞寶,55.60,-0.1000,56.00,57.40,55.60,553000,31062200,446,TWSE_CSV,2026-09-15 14:15:45 +0800
1150915,2026-09-15,上市,6164,華興,11.05,-0.0500,11.10,11.35,11.05,213000,2375050,113,TWSE_CSV,2026-09-15 14:15:45 +0800
1150915,2026-09-15,上市,6165,浪凡,47.00,-0.4000,47.95,47.95,47.00,142000,6733150,115,TWSE_CSV,2026-09-15 14:15:45 +0800
1150915,2026-09-15,上市,6166,凌華,109.00,-1.5000,112.00,112.00,108.00,791000,86896500,611,TWSE_CSV,2026-09-15 14:15:45 +0800
1150915,2026-09-15,上市,6168,宏齊,29.25,-0.7000,29.65,30.20,29.20,3319000,98329600,2044,TWSE_CSV,2026-09-15 14:15:45 +0800
1150915,2026-09-15,上市,6176,瑞儀,92.00,-1.6000,93.40,94.50,91.60,1917000,177460200,1468,TWSE_CSV,2026-09-15 14:15:45 +0800
1150915,2026-09-15,上市,6177,達麗,46.85,0.0000,46.75,46.95,46.10,1272000,59093000,733,TWSE_CSV,2026-09-15 14:15:45 +0800
1150915,2026-09-15,上市,6183,關貿,91.00,-1.2000,90.70,92.20,90.70,20000,1829900,18,TWSE_CSV,2026-09-15 14:15:45 +0800
1150915,2026-09-15,上市,6184,大豐電,39.55,-0.2500,39.70,39.75,39.40,197000,7787100,135,TWSE_CSV,2026-09-15 14:15:45 +0800
1150915,2026-09-15,上市,6189,豐藝,46.60,-0.4500,47.00,47.00,46.40,167000,7795650,132,TWSE_CSV,2026-09-15 14:15:45 +0800
1150915,2026-09-15,上市,6191,精成科,81.00,-1.0000,82.10,83.40,81.00,901000,74015400,746,TWSE_CSV,2026-09-15 14:15:45 +0800
1150915,2026-09-15,上市,6192,巨路,109.50,-0.5000,109.50,110.50,109.50,55000,6039500,53,TWSE_CSV,2026-09-15 14:15:45 +0800
1150915,2026-09-15,上市,6196,帆宣,518.00,-2.0000,521.00,530.00,516.00,1061000,555515000,927,TWSE_CSV,2026-09-15 14:15:45 +0800
1150915,2026-09-15,上市,6197,佳必琪,292.00,-5.0000,297.00,300.00,292.00,717000,212222500,619,TWSE_CSV,2026-09-15 14:15:45 +0800
1150915,2026-09-15,上市,6201,亞弘電,44.90,-0.0500,44.90,44.90,44.40,13000,580750,11,TWSE_CSV,2026-09-15 14:15:45 +0800
1150915,2026-09-15,上市,6202,盛群,53.70,-1.0000,54.60,54.70,53.50,687000,37150000,488,TWSE_CSV,2026-09-15 14:15:45 +0800
1150915,2026-09-15,上市,6205,詮欣,60.20,-0.6000,60.80,61.30,60.00,133000,8047100,114,TWSE_CSV,2026-09-15 14:15:45 +0800
1150915,2026-09-15,上市,6206,飛捷,137.00,1.0000,136.50,140.50,136.00,668000,92078500,530,TWSE_CSV,2026-09-15 14:15:45 +0800
1150915,2026-09-15,上市,6209,今國光,75.60,-0.9000,75.90,78.50,75.30,5683000,434825200,4077,TWSE_CSV,2026-09-15 14:15:45 +0800
1150915,2026-09-15,上市,6213,聯茂,519.00,4.0000,514.00,531.00,511.00,11329000,5921222000,9021,TWSE_CSV,2026-09-15 14:15:45 +0800
1150915,2026-09-15,上市,6214,精誠,190.00,2.5000,189.00,195.00,186.00,3336000,635961000,1821,TWSE_CSV,2026-09-15 14:15:45 +0800
1150915,2026-09-15,上市,6215,和椿,95.70,-0.5000,96.30,97.60,95.70,340000,32886500,264,TWSE_CSV,2026-09-15 14:15:45 +0800
1150915,2026-09-15,上市,6216,居易,19.30,-0.3000,19.60,19.60,19.25,118000,2288050,80,TWSE_CSV,2026-09-15 14:15:45 +0800
1150915,2026-09-15,上市,6224,聚鼎,86.00,1.0000,84.50,88.50,84.40,1335000,115538300,1111,TWSE_CSV,2026-09-15 14:15:45 +0800
1150915,2026-09-15,上市,6225,天瀚,63.50,-4.0000,60.80,70.00,60.80,110000,6840800,70,TWSE_CSV,2026-09-15 14:15:45 +0800
1150915,2026-09-15,上市,6226,光鼎,36.30,3.3000,33.95,36.30,33.05,80983000,2857162200,27752,TWSE_CSV,2026-09-15 14:15:45 +0800
1150915,2026-09-15,上市,6230,尼得科超眾,109.00,-7.5000,119.00,119.00,108.00,391000,44682500,352,TWSE_CSV,2026-09-15 14:15:45 +0800
1150915,2026-09-15,上市,6235,華孚,37.55,-0.4000,37.80,38.20,37.55,236000,8905250,145,TWSE_CSV,2026-09-15 14:15:45 +0800
1150915,2026-09-15,上市,6239,力成,268.00,-3.5000,271.00,279.50,268.00,7757000,2119971500,5264,TWSE_CSV,2026-09-15 14:15:45 +0800
1150915,2026-09-15,上市,6243,迅杰,36.40,-0.5000,36.90,37.00,36.30,149000,5453850,111,TWSE_CSV,2026-09-15 14:15:45 +0800
1150915,2026-09-15,上市,6257,矽格,207.50,-2.5000,210.00,214.50,207.50,2725000,573630500,2111,TWSE_CSV,2026-09-15 14:15:45 +0800
1150915,2026-09-15,上市,6269,台郡,63.30,-1.4000,64.30,64.80,63.10,2570000,163954100,1854,TWSE_CSV,2026-09-15 14:15:45 +0800
1150915,2026-09-15,上市,6271,同欣電,221.00,1.0000,218.50,234.00,218.50,6079000,1380270000,4740,TWSE_CSV,2026-09-15 14:15:45 +0800
1150915,2026-09-15,上市,6272,驊陞,26.40,-0.6000,27.40,27.65,26.20,228000,6136650,157,TWSE_CSV,2026-09-15 14:15:45 +0800
1150915,2026-09-15,上市,6277,宏正,76.30,-0.2000,76.10,77.40,76.00,117000,8970400,104,TWSE_CSV,2026-09-15 14:15:45 +0800
1150915,2026-09-15,上市,6278,台表科,180.50,-5.0000,186.00,187.00,180.50,1511000,275839500,1090,TWSE_CSV,2026-09-15 14:15:45 +0800
1150915,2026-09-15,上市,6281,全國電,51.20,-0.1000,51.40,51.40,51.20,25000,1281900,17,TWSE_CSV,2026-09-15 14:15:45 +0800
1150915,2026-09-15,上市,6282,康舒,41.55,-0.9500,42.45,43.20,41.55,3641000,153831600,2370,TWSE_CSV,2026-09-15 14:15:45 +0800
1150915,2026-09-15,上市,6283,淳安,18.05,-0.2500,18.20,18.30,17.85,154000,2776000,105,TWSE_CSV,2026-09-15 14:15:45 +0800
1150915,2026-09-15,上市,6285,啟碁,222.00,0.0000,221.00,226.00,220.00,2357000,526332500,1782,TWSE_CSV,2026-09-15 14:15:45 +0800
1150915,2026-09-15,上市,6405,悅城,37.10,-0.5000,37.55,37.90,37.10,140000,5223000,117,TWSE_CSV,2026-09-15 14:15:45 +0800
1150915,2026-09-15,上市,6409,旭隼,870.00,-4.0000,878.00,886.00,865.00,257000,224448000,250,TWSE_CSV,2026-09-15 14:15:45 +0800
1150915,2026-09-15,上市,6412,群電,73.80,0.0000,74.00,75.10,73.70,343000,25496200,291,TWSE_CSV,2026-09-15 14:15:45 +0800
1150915,2026-09-15,上市,6414,樺漢,369.50,-2.0000,373.50,377.50,369.50,865000,322372000,776,TWSE_CSV,2026-09-15 14:15:45 +0800
1150915,2026-09-15,上市,6415,矽力*-KY,406.00,-8.0000,414.00,417.50,403.00,2834000,1158035000,2078,TWSE_CSV,2026-09-15 14:15:45 +0800
1150915,2026-09-15,上市,6416,瑞祺電通,118.00,-1.0000,118.50,123.50,117.00,2321000,277949000,1624,TWSE_CSV,2026-09-15 14:15:45 +0800
1150915,2026-09-15,上市,6426,統新,300.00,-12.0000,306.00,312.00,298.00,2371000,720431500,1986,TWSE_CSV,2026-09-15 14:15:45 +0800
1150915,2026-09-15,上市,6431,光麗-KY,17.30,-0.2500,17.15,17.55,17.05,8000,137950,7,TWSE_CSV,2026-09-15 14:15:45 +0800
1150915,2026-09-15,上市,6438,迅得,142.50,-1.5000,144.50,145.00,142.50,153000,21950500,132,TWSE_CSV,2026-09-15 14:15:45 +0800
1150915,2026-09-15,上市,6442,光聖,1510.00,-80.0000,1580.00,1595.00,1505.00,2278000,3515825000,2086,TWSE_CSV,2026-09-15 14:15:45 +0800
1150915,2026-09-15,上市,6443,元晶,22.70,-0.6500,23.35,23.65,22.70,3060000,70810600,1723,TWSE_CSV,2026-09-15 14:15:45 +0800
1150915,2026-09-15,上市,6446,藥華藥,1205.00,15.0000,1200.00,1220.00,1170.00,2209000,2661930000,1733,TWSE_CSV,2026-09-15 14:15:45 +0800
1150915,2026-09-15,上市,6449,鈺邦,209.50,-5.0000,214.00,219.50,208.50,1185000,252715500,801,TWSE_CSV,2026-09-15 14:15:45 +0800
1150915,2026-09-15,上市,6451,訊芯-KY,394.00,-23.5000,412.50,418.50,393.50,2217000,898310500,1710,TWSE_CSV,2026-09-15 14:15:45 +0800
1150915,2026-09-15,上市,6456,GIS-KY,61.60,-1.7000,62.50,63.40,61.40,1578000,98027500,1222,TWSE_CSV,2026-09-15 14:15:45 +0800
1150915,2026-09-15,上市,6464,台數科,78.00,2.1000,75.90,78.00,75.80,23000,1756600,20,TWSE_CSV,2026-09-15 14:15:45 +0800
1150915,2026-09-15,上市,6472,保瑞,411.00,7.5000,404.00,415.50,404.00,438000,180062000,394,TWSE_CSV,2026-09-15 14:15:45 +0800
1150915,2026-09-15,上市,6477,安集,33.50,-0.5500,33.90,34.15,33.50,288000,9716600,195,TWSE_CSV,2026-09-15 14:15:45 +0800
1150915,2026-09-15,上市,6491,晶碩,390.00,8.5000,378.00,395.00,376.50,570000,221973500,442,TWSE_CSV,2026-09-15 14:15:45 +0800
1150915,2026-09-15,上市,6504,南六,36.55,-0.7000,37.25,37.55,36.55,29000,1069400,28,TWSE_CSV,2026-09-15 14:15:45 +0800
1150915,2026-09-15,上市,6505,台塑化,82.90,0.1000,81.40,83.10,80.00,17478000,1428270400,9189,TWSE_CSV,2026-09-15 14:15:45 +0800
1150915,2026-09-15,上市,6515,穎崴,6310.00,-290.0000,6600.00,6725.00,6305.00,323000,2086125000,319,TWSE_CSV,2026-09-15 14:15:45 +0800
1150915,2026-09-15,上市,6525,捷敏-KY,125.50,-2.5000,126.00,130.00,125.50,522000,66428000,440,TWSE_CSV,2026-09-15 14:15:45 +0800
1150915,2026-09-15,上市,6526,達發,623.00,-7.0000,637.00,637.00,623.00,192000,120530000,173,TWSE_CSV,2026-09-15 14:15:45 +0800
1150915,2026-09-15,上市,6531,愛普*,890.00,-72.0000,953.00,964.00,887.00,3901000,3579737000,3272,TWSE_CSV,2026-09-15 14:15:45 +0800
1150915,2026-09-15,上市,6533,晶心科,224.50,-7.5000,232.00,234.00,224.00,583000,132858000,518,TWSE_CSV,2026-09-15 14:15:45 +0800
1150915,2026-09-15,上市,6534,正瀚-創,89.80,-0.7000,91.90,91.90,89.80,25000,2254600,24,TWSE_CSV,2026-09-15 14:15:45 +0800
1150915,2026-09-15,上市,6541,泰福-KY,30.30,-0.4500,30.45,31.20,30.30,290000,8882550,204,TWSE_CSV,2026-09-15 14:15:45 +0800
1150915,2026-09-15,上市,6550,北極星藥業-KY,9.90,0.0000,9.90,10.10,9.90,1018000,10133790,394,TWSE_CSV,2026-09-15 14:15:45 +0800
1150915,2026-09-15,上市,6552,易華電,23.35,0.0000,23.25,23.60,23.05,27000,626350,27,TWSE_CSV,2026-09-15 14:15:45 +0800
1150915,2026-09-15,上市,6558,興能高,23.05,-0.3500,23.30,23.50,23.05,171000,3975050,100,TWSE_CSV,2026-09-15 14:15:45 +0800
1150915,2026-09-15,上市,6573,虹揚-KY,15.55,-0.3000,15.90,15.95,15.55,89000,1395900,60,TWSE_CSV,2026-09-15 14:15:45 +0800
1150915,2026-09-15,上市,6579,研揚,147.50,-1.5000,150.00,150.50,147.50,227000,33791500,203,TWSE_CSV,2026-09-15 14:15:45 +0800
1150915,2026-09-15,上市,6581,鋼聯,109.00,-1.5000,110.00,110.50,108.50,36000,3937000,27,TWSE_CSV,2026-09-15 14:15:45 +0800
1150915,2026-09-15,上市,6582,申豐,31.20,0.0000,31.50,31.50,31.00,20000,623700,16,TWSE_CSV,2026-09-15 14:15:45 +0800
1150915,2026-09-15,上市,6585,鼎基,102.50,-1.0000,104.00,104.00,102.50,65000,6717500,56,TWSE_CSV,2026-09-15 14:15:45 +0800
1150915,2026-09-15,上市,6589,台康生技,48.65,0.6000,48.00,49.60,47.80,612000,29799700,472,TWSE_CSV,2026-09-15 14:15:45 +0800
1150915,2026-09-15,上市,6591,動力-KY,41.50,-0.1500,41.85,42.85,41.40,24000,999000,23,TWSE_CSV,2026-09-15 14:15:45 +0800
1150915,2026-09-15,上市,6592,和潤企業,59.70,0.0000,59.80,60.00,59.50,147000,8773600,120,TWSE_CSV,2026-09-15 14:15:45 +0800
1150915,2026-09-15,上市,6598,ABC-KY,27.15,-0.6000,27.60,27.75,27.10,107000,2934150,96,TWSE_CSV,2026-09-15 14:15:45 +0800
1150915,2026-09-15,上市,6605,帝寶,137.50,1.5000,136.50,138.50,136.00,274000,37651000,189,TWSE_CSV,2026-09-15 14:15:45 +0800
1150915,2026-09-15,上市,6606,建德工業,25.05,-0.2000,25.25,25.65,24.95,82000,2058450,41,TWSE_CSV,2026-09-15 14:15:45 +0800
1150915,2026-09-15,上市,6614,資拓宏宇,35.45,0.0000,35.45,35.75,35.45,21000,747000,19,TWSE_CSV,2026-09-15 14:15:45 +0800
1150915,2026-09-15,上市,6625,必應,73.30,0.0000,73.50,74.30,73.30,82000,6032900,59,TWSE_CSV,2026-09-15 14:15:45 +0800
1150915,2026-09-15,上市,6641,基士德-KY,16.80,0.0000,17.15,17.15,16.80,10000,169150,8,TWSE_CSV,2026-09-15 14:15:45 +0800
1150915,2026-09-15,上市,6645,金萬林-創,12.65,-0.3500,12.80,12.90,12.60,37000,470200,23,TWSE_CSV,2026-09-15 14:15:45 +0800
1150915,2026-09-15,上市,6655,科定,123.00,0.5000,122.50,123.00,122.00,14000,1718500,12,TWSE_CSV,2026-09-15 14:15:45 +0800
1150915,2026-09-15,上市,6657,華安,33.60,-0.2500,33.50,34.10,33.20,171000,5731400,87,TWSE_CSV,2026-09-15 14:15:45 +0800
1150915,2026-09-15,上市,6658,聯策,163.00,-3.0000,165.50,168.00,163.00,94000,15482500,78,TWSE_CSV,2026-09-15 14:15:45 +0800
1150915,2026-09-15,上市,6666,羅麗芬-KY,44.00,-0.2000,45.05,45.05,43.60,32000,1406400,26,TWSE_CSV,2026-09-15 14:15:45 +0800
1150915,2026-09-15,上市,6668,中揚光,42.70,0.5000,41.50,45.50,40.80,5562000,241096300,4213,TWSE_CSV,2026-09-15 14:15:45 +0800
1150915,2026-09-15,上市,6669,緯穎,2315.00,45.0000,2235.00,2345.00,2235.00,2639000,6094540000,2195,TWSE_CSV,2026-09-15 14:15:45 +0800
1150915,2026-09-15,上市,6670,復盛應用,270.50,-2.0000,274.00,274.00,270.00,161000,43628000,155,TWSE_CSV,2026-09-15 14:15:45 +0800
1150915,2026-09-15,上市,6671,三能-KY,22.75,0.2000,23.00,23.00,22.55,3000,68300,3,TWSE_CSV,2026-09-15 14:15:45 +0800
1150915,2026-09-15,上市,6672,騰輝電子-KY,291.00,-3.5000,294.50,303.50,289.50,4118000,1220017000,3361,TWSE_CSV,2026-09-15 14:15:45 +0800
1150915,2026-09-15,上市,6674,鋐寶科技,15.60,-0.3000,15.75,15.90,15.60,4000,62850,4,TWSE_CSV,2026-09-15 14:15:45 +0800
1150915,2026-09-15,上市,6689,伊雲谷,69.30,-1.2000,71.00,74.70,68.00,7704000,557338200,5494,TWSE_CSV,2026-09-15 14:15:45 +0800
1150915,2026-09-15,上市,6691,洋基工程,608.00,-5.0000,607.00,623.00,607.00,235000,144052000,224,TWSE_CSV,2026-09-15 14:15:45 +0800
1150915,2026-09-15,上市,6695,芯鼎,45.60,-0.4000,45.95,46.45,45.60,223000,10247300,174,TWSE_CSV,2026-09-15 14:15:45 +0800
1150915,2026-09-15,上市,6698,旭暉應材,31.45,0.1000,31.35,31.70,31.30,130000,4087550,81,TWSE_CSV,2026-09-15 14:15:45 +0800
1150915,2026-09-15,上市,6706,惠特,143.50,-7.5000,150.50,155.50,141.00,18970000,2787506000,12406,TWSE_CSV,2026-09-15 14:15:45 +0800
1150915,2026-09-15,上市,6715,嘉基,357.50,11.5000,333.50,380.00,333.50,2552000,933302500,2143,TWSE_CSV,2026-09-15 14:15:45 +0800
1150915,2026-09-15,上市,6719,力智,179.00,-3.5000,183.00,184.00,179.00,276000,49835500,243,TWSE_CSV,2026-09-15 14:15:45 +0800
1150915,2026-09-15,上市,6722,輝創,32.00,-0.1500,32.25,32.25,32.00,13000,417650,11,TWSE_CSV,2026-09-15 14:15:45 +0800
1150915,2026-09-15,上市,6742,澤米,44.20,-1.3000,45.95,45.95,44.20,241000,10787200,185,TWSE_CSV,2026-09-15 14:15:45 +0800
1150915,2026-09-15,上市,6743,安普新,29.50,0.2500,29.35,29.80,28.75,388000,11414700,203,TWSE_CSV,2026-09-15 14:15:45 +0800
1150915,2026-09-15,上市,6753,龍德造船,130.00,-3.0000,131.00,132.50,130.00,434000,56783000,355,TWSE_CSV,2026-09-15 14:15:45 +0800
1150915,2026-09-15,上市,6754,匯僑設計,41.30,-0.4000,41.70,42.00,41.30,11000,458400,9,TWSE_CSV,2026-09-15 14:15:45 +0800
1150915,2026-09-15,上市,6756,威鋒電子,93.80,-0.7000,94.20,94.70,93.50,70000,6581500,61,TWSE_CSV,2026-09-15 14:15:45 +0800
1150915,2026-09-15,上市,6757,台灣虎航,52.80,-1.1000,53.80,54.00,52.70,879000,46706100,681,TWSE_CSV,2026-09-15 14:15:45 +0800
1150915,2026-09-15,上市,6768,志強-KY,62.40,0.7000,61.90,63.20,61.70,237000,14861800,176,TWSE_CSV,2026-09-15 14:15:45 +0800
1150915,2026-09-15,上市,6770,力積電,66.90,-3.8000,70.00,70.10,66.70,159796000,10883606900,76882,TWSE_CSV,2026-09-15 14:15:45 +0800
1150915,2026-09-15,上市,6771,平和環保-創,41.70,0.0000,42.10,42.20,41.20,29000,1205150,26,TWSE_CSV,2026-09-15 14:15:45 +0800
1150915,2026-09-15,上市,6776,展碁國際,51.70,0.1000,51.40,51.90,51.40,43000,2219800,30,TWSE_CSV,2026-09-15 14:15:45 +0800
1150915,2026-09-15,上市,6781,AES-KY,982.00,-16.0000,998.00,1010.00,982.00,276000,274402000,271,TWSE_CSV,2026-09-15 14:15:45 +0800
1150915,2026-09-15,上市,6782,視陽,231.00,4.0000,222.50,234.00,222.50,189000,43369000,149,TWSE_CSV,2026-09-15 14:15:45 +0800
1150915,2026-09-15,上市,6789,采鈺,425.00,-11.0000,435.50,438.00,425.00,695000,299377500,615,TWSE_CSV,2026-09-15 14:15:45 +0800
1150915,2026-09-15,上市,6790,永豐實,37.70,-0.1000,37.80,37.80,37.70,46000,1735600,30,TWSE_CSV,2026-09-15 14:15:45 +0800
1150915,2026-09-15,上市,6792,詠業,58.70,-0.7000,58.10,59.40,58.00,31000,1814900,29,TWSE_CSV,2026-09-15 14:15:45 +0800
1150915,2026-09-15,上市,6794,向榮生技,76.50,0.0000,76.50,76.50,75.00,16000,1209800,12,TWSE_CSV,2026-09-15 14:15:45 +0800
1150915,2026-09-15,上市,6796,晉弘,50.90,0.7000,51.80,51.80,49.70,43000,2159750,29,TWSE_CSV,2026-09-15 14:15:45 +0800
1150915,2026-09-15,上市,6799,來頡,77.50,-1.2000,78.30,78.30,77.30,80000,6229700,68,TWSE_CSV,2026-09-15 14:15:45 +0800
1150915,2026-09-15,上市,6805,富世達,2025.00,-140.0000,2175.00,2195.00,2010.00,1253000,2593055000,1117,TWSE_CSV,2026-09-15 14:15:45 +0800
1150915,2026-09-15,上市,6807,峰源-KY,32.60,-1.1500,32.40,32.60,32.40,2000,65000,2,TWSE_CSV,2026-09-15 14:15:45 +0800
1150915,2026-09-15,上市,6830,汎銓,532.00,-24.0000,553.00,561.00,532.00,951000,518307000,872,TWSE_CSV,2026-09-15 14:15:45 +0800
1150915,2026-09-15,上市,6831,邁科,513.00,-28.0000,539.00,546.00,512.00,488000,257553000,439,TWSE_CSV,2026-09-15 14:15:45 +0800
1150915,2026-09-15,上市,6834,天二科技,97.10,-1.1000,98.20,102.00,97.00,5606000,556072600,4193,TWSE_CSV,2026-09-15 14:15:45 +0800
1150915,2026-09-15,上市,6835,圓裕,30.35,0.2500,30.75,30.75,29.90,15000,453400,14,TWSE_CSV,2026-09-15 14:15:45 +0800
1150915,2026-09-15,上市,6838,台新藥,23.35,-0.0500,23.40,23.40,23.10,72000,1677800,43,TWSE_CSV,2026-09-15 14:15:45 +0800
1150915,2026-09-15,上市,6854,錼創科技-KY創,87.40,-1.8000,88.30,89.80,87.20,208000,18367900,142,TWSE_CSV,2026-09-15 14:15:45 +0800
1150915,2026-09-15,上市,6861,睿生光電,228.00,-7.5000,235.50,242.50,222.00,3880000,897146500,3028,TWSE_CSV,2026-09-15 14:15:45 +0800
1150915,2026-09-15,上市,6862,三集瑞-KY,130.00,-2.0000,133.50,133.50,130.00,136000,17810500,93,TWSE_CSV,2026-09-15 14:15:45 +0800
1150915,2026-09-15,上市,6863,永道-KY,92.90,0.0000,92.70,94.80,91.40,106000,9802500,84,TWSE_CSV,2026-09-15 14:15:45 +0800
1150915,2026-09-15,上市,6869,雲豹能源,63.50,0.0000,62.80,63.50,62.70,320000,20232600,223,TWSE_CSV,2026-09-15 14:15:45 +0800
1150915,2026-09-15,上市,6873,泓德能源,67.10,-0.9000,68.90,68.90,67.00,152000,10289700,138,TWSE_CSV,2026-09-15 14:15:45 +0800
1150915,2026-09-15,上市,6885,全福生技,26.60,-1.0000,28.00,28.00,26.60,576000,15641500,402,TWSE_CSV,2026-09-15 14:15:45 +0800
1150915,2026-09-15,上市,6887,寶綠特-KY,37.15,-1.0500,39.00,39.80,37.00,19000,717100,16,TWSE_CSV,2026-09-15 14:15:45 +0800
1150915,2026-09-15,上市,6890,來億-KY,148.50,1.0000,148.00,149.50,147.00,153000,22753000,145,TWSE_CSV,2026-09-15 14:15:45 +0800
1150915,2026-09-15,上市,6901,鑽石投資,15.10,0.0500,15.05,15.15,14.90,525000,7875200,303,TWSE_CSV,2026-09-15 14:15:45 +0800
1150915,2026-09-15,上市,6902,GOGOLOOK,124.50,0.5000,124.00,126.00,122.50,65000,8074500,60,TWSE_CSV,2026-09-15 14:15:45 +0800
1150915,2026-09-15,上市,6906,現觀科,83.00,0.0000,82.00,84.70,81.50,24000,1970200,23,TWSE_CSV,2026-09-15 14:15:45 +0800
1150915,2026-09-15,上市,6908,宏碁遊戲-創,30.10,-0.7500,30.15,30.15,30.10,9000,270950,5,TWSE_CSV,2026-09-15 14:15:45 +0800
1150915,2026-09-15,上市,6909,創控,40.35,-1.4500,41.80,41.80,40.25,374000,15317600,303,TWSE_CSV,2026-09-15 14:15:45 +0800
1150915,2026-09-15,上市,6914,阜爾運通,119.50,-0.5000,119.50,120.00,119.00,33000,3947000,33,TWSE_CSV,2026-09-15 14:15:45 +0800
1150915,2026-09-15,上市,6916,華凌,17.95,-0.2000,18.25,18.25,17.85,31000,559350,20,TWSE_CSV,2026-09-15 14:15:45 +0800
1150915,2026-09-15,上市,6918,愛派司,73.50,0.4000,73.50,73.50,73.50,3000,220500,3,TWSE_CSV,2026-09-15 14:15:45 +0800
1150915,2026-09-15,上市,6919,康霈*,79.90,0.6000,79.80,83.40,79.60,4076000,330949500,2783,TWSE_CSV,2026-09-15 14:15:45 +0800
1150915,2026-09-15,上市,6921,嘉雨思-創,59.90,-1.1000,61.20,61.40,59.90,15000,911600,11,TWSE_CSV,2026-09-15 14:15:45 +0800
1150915,2026-09-15,上市,6923,中台,76.00,0.3000,76.00,76.20,75.60,61000,4631400,44,TWSE_CSV,2026-09-15 14:15:45 +0800
1150915,2026-09-15,上市,6924,榮惠-KY創,128.00,0.0000,140.00,140.00,128.00,74000,9906000,59,TWSE_CSV,2026-09-15 14:15:45 +0800
1150915,2026-09-15,上市,6928,攸泰科技,45.50,-1.5000,46.05,46.05,44.60,50000,2277650,46,TWSE_CSV,2026-09-15 14:15:45 +0800
1150915,2026-09-15,上市,6931,青松健康,39.50,-0.5000,40.00,40.00,39.50,23000,910200,22,TWSE_CSV,2026-09-15 14:15:45 +0800
1150915,2026-09-15,上市,6933,AMAX-KY,286.00,-19.5000,310.50,312.00,280.50,1716000,497725500,1539,TWSE_CSV,2026-09-15 14:15:45 +0800
1150915,2026-09-15,上市,6934,心誠鎂,72.30,-0.8000,76.40,76.40,72.30,29000,2115800,24,TWSE_CSV,2026-09-15 14:15:45 +0800
1150915,2026-09-15,上市,6936,永鴻生技,31.80,0.2000,31.60,31.80,31.50,27000,852150,23,TWSE_CSV,2026-09-15 14:15:45 +0800
1150915,2026-09-15,上市,6937,天虹,277.50,-6.0000,282.50,287.00,277.50,263000,73781000,230,TWSE_CSV,2026-09-15 14:15:45 +0800
1150915,2026-09-15,上市,6944,兆聯實業,691.00,-3.0000,689.00,699.00,689.00,126000,87462000,116,TWSE_CSV,2026-09-15 14:15:45 +0800
1150915,2026-09-15,上市,6947,台鎔科技,66.60,-1.1000,67.60,67.60,66.50,172000,11488200,139,TWSE_CSV,2026-09-15 14:15:45 +0800
1150915,2026-09-15,上市,6949,沛爾生醫*-創,51.40,-4.4000,54.80,56.00,51.00,7351000,390603800,3307,TWSE_CSV,2026-09-15 14:15:45 +0800
1150915,2026-09-15,上市,6951,青新-創,69.90,0.0000,70.00,70.00,69.80,8000,559100,7,TWSE_CSV,2026-09-15 14:15:45 +0800
1150915,2026-09-15,上市,6952,大武山,38.75,0.2000,38.40,38.80,38.20,9000,345600,9,TWSE_CSV,2026-09-15 14:15:45 +0800
1150915,2026-09-15,上市,6955,邦睿生技-創,97.70,0.0000,98.50,98.50,97.70,5000,490200,3,TWSE_CSV,2026-09-15 14:15:45 +0800
1150915,2026-09-15,上市,6957,裕慶-KY,245.00,5.0000,244.00,245.00,238.00,168000,40622000,131,TWSE_CSV,2026-09-15 14:15:45 +0800
1150915,2026-09-15,上市,6958,日盛台駿,17.15,-0.2000,17.15,17.75,17.05,70000,1211000,50,TWSE_CSV,2026-09-15 14:15:45 +0800
1150915,2026-09-15,上市,6962,奕力-KY,30.55,-0.2000,30.90,31.00,30.55,716000,21988300,457,TWSE_CSV,2026-09-15 14:15:45 +0800
1150915,2026-09-15,上市,6965,中傑-KY,69.00,0.4000,67.70,69.30,67.70,26000,1777200,23,TWSE_CSV,2026-09-15 14:15:45 +0800
1150915,2026-09-15,上市,6969,成信實業*-創,32.20,-0.4500,32.10,32.80,31.70,156000,5022400,98,TWSE_CSV,2026-09-15 14:15:45 +0800
1150915,2026-09-15,上市,6988,威力暘-創,11.80,-0.2000,11.95,11.95,11.80,11000,130400,5,TWSE_CSV,2026-09-15 14:15:45 +0800
1150915,2026-09-15,上市,6994,富威電力,26.10,-1.9000,27.50,27.50,25.60,1872000,49363350,1202,TWSE_CSV,2026-09-15 14:15:45 +0800
1150915,2026-09-15,上市,7610,聯友金屬-創,1655.00,-125.0000,1695.00,1755.00,1655.00,773000,1316670000,651,TWSE_CSV,2026-09-15 14:15:45 +0800
1150915,2026-09-15,上市,7631,聚賢研發-創,134.00,0.0000,133.50,135.00,133.00,13000,1742000,12,TWSE_CSV,2026-09-15 14:15:45 +0800
1150915,2026-09-15,上市,7689,大鵬科CLMX,153.50,-1.0000,154.50,154.50,153.50,15000,2311000,15,TWSE_CSV,2026-09-15 14:15:45 +0800
1150915,2026-09-15,上市,7705,三商餐飲,29.90,0.0500,29.80,29.90,29.75,26000,775800,20,TWSE_CSV,2026-09-15 14:15:45 +0800
1150915,2026-09-15,上市,7711,永擎,468.00,-10.0000,461.00,473.00,438.00,3449000,1570333500,2981,TWSE_CSV,2026-09-15 14:15:45 +0800
1150915,2026-09-15,上市,7721,微程式,57.50,-1.4000,58.70,58.80,56.60,73000,4230000,56,TWSE_CSV,2026-09-15 14:15:45 +0800
1150915,2026-09-15,上市,7722,LINEPAY,264.00,-1.5000,261.00,267.00,261.00,25000,6610000,25,TWSE_CSV,2026-09-15 14:15:45 +0800
1150915,2026-09-15,上市,7730,暉盛-創,169.00,1.0000,168.00,171.00,167.00,95000,16053000,63,TWSE_CSV,2026-09-15 14:15:45 +0800
1150915,2026-09-15,上市,7732,金興精密,33.80,-0.3500,33.00,33.80,33.00,3000,100000,3,TWSE_CSV,2026-09-15 14:15:45 +0800
1150915,2026-09-15,上市,7736,虎山,69.00,0.6000,69.00,69.90,68.50,6000,413900,6,TWSE_CSV,2026-09-15 14:15:45 +0800
1150915,2026-09-15,上市,7740,熙特爾-創,123.50,-0.5000,126.00,126.00,121.50,171000,21035000,107,TWSE_CSV,2026-09-15 14:15:45 +0800
1150915,2026-09-15,上市,7749,意騰-KY,352.50,13.5000,339.00,354.50,338.50,188000,65501000,167,TWSE_CSV,2026-09-15 14:15:45 +0800
1150915,2026-09-15,上市,7750,新代,1890.00,-70.0000,1910.00,1940.00,1890.00,125000,239170000,123,TWSE_CSV,2026-09-15 14:15:45 +0800
1150915,2026-09-15,上市,7760,享溫馨,32.95,-0.0500,33.00,33.00,32.50,18000,591950,11,TWSE_CSV,2026-09-15 14:15:45 +0800
1150915,2026-09-15,上市,7765,中華資安,235.00,-5.0000,255.00,260.00,235.00,1937000,485566000,1661,TWSE_CSV,2026-09-15 14:15:45 +0800
1150915,2026-09-15,上市,7768,頌勝科技,252.50,-3.0000,252.00,255.00,252.00,30000,7587000,30,TWSE_CSV,2026-09-15 14:15:45 +0800
1150915,2026-09-15,上市,7769,鴻勁,6135.00,-170.0000,6255.00,6285.00,6105.00,382000,2362575000,368,TWSE_CSV,2026-09-15 14:15:45 +0800
1150915,2026-09-15,上市,7780,大研生醫*,16.05,-0.0500,16.10,16.15,16.00,593000,9519950,292,TWSE_CSV,2026-09-15 14:15:45 +0800
1150915,2026-09-15,上市,7786,東方風能,119.50,5.5000,114.00,119.50,113.00,115000,13370000,85,TWSE_CSV,2026-09-15 14:15:45 +0800
1150915,2026-09-15,上市,7788,松川精密,280.50,-1.5000,280.00,291.50,279.50,1400000,398665000,1246,TWSE_CSV,2026-09-15 14:15:45 +0800
1150915,2026-09-15,上市,7791,皇家可口,55.40,0.3000,55.10,55.40,55.00,19000,1047400,13,TWSE_CSV,2026-09-15 14:15:45 +0800
1150915,2026-09-15,上市,7795,長廣,466.00,-25.0000,486.50,490.50,463.00,876000,416206500,793,TWSE_CSV,2026-09-15 14:15:45 +0800
1150915,2026-09-15,上市,7799,禾榮科,415.50,-2.5000,410.00,424.00,408.00,263000,108912500,252,TWSE_CSV,2026-09-15 14:15:45 +0800
1150915,2026-09-15,上市,7803,雲象科技-創,18.55,-0.4500,18.60,19.00,18.50,35000,650200,29,TWSE_CSV,2026-09-15 14:15:45 +0800
1150915,2026-09-15,上市,7818,溢泰實業,60.00,-0.2000,60.10,60.20,59.20,96000,5722300,67,TWSE_CSV,2026-09-15 14:15:45 +0800
1150915,2026-09-15,上市,7821,神數,38.60,-0.1000,38.60,38.65,38.30,74000,2848800,50,TWSE_CSV,2026-09-15 14:15:45 +0800
1150915,2026-09-15,上市,7822,倍利科,800.00,-10.0000,810.00,821.00,792.00,98000,78642000,89,TWSE_CSV,2026-09-15 14:15:45 +0800
1150915,2026-09-15,上市,7823,奧義賽博-KY創,80.30,-1.5000,82.20,83.50,80.30,71000,5794200,51,TWSE_CSV,2026-09-15 14:15:45 +0800
1150915,2026-09-15,上市,7827,漢康-KY創,149.50,-2.5000,151.00,151.00,148.00,97000,14497500,87,TWSE_CSV,2026-09-15 14:15:45 +0800
1150915,2026-09-15,上市,7835,永悅健康-創,21.25,0.4000,20.75,21.70,20.75,12000,254450,11,TWSE_CSV,2026-09-15 14:15:45 +0800
1150915,2026-09-15,上市,7855,和運租車,42.00,0.0000,42.05,42.10,42.00,359000,15091650,191,TWSE_CSV,2026-09-15 14:15:45 +0800
1150915,2026-09-15,上市,8011,台通,15.40,-0.1500,15.70,15.70,15.40,194000,3009300,130,TWSE_CSV,2026-09-15 14:15:45 +0800
1150915,2026-09-15,上市,8016,矽創,274.00,-3.0000,277.00,278.00,274.00,379000,104329000,352,TWSE_CSV,2026-09-15 14:15:45 +0800
1150915,2026-09-15,上市,8021,尖點,431.50,-11.0000,442.50,445.00,428.00,520000,225667500,491,TWSE_CSV,2026-09-15 14:15:45 +0800
1150915,2026-09-15,上市,8028,昇陽半導體,226.50,5.0000,221.00,231.50,220.00,3270000,743451500,2657,TWSE_CSV,2026-09-15 14:15:45 +0800
1150915,2026-09-15,上市,8033,雷虎,166.50,-7.5000,171.00,172.00,166.50,2295000,388490500,1802,TWSE_CSV,2026-09-15 14:15:45 +0800
1150915,2026-09-15,上市,8039,台虹,270.00,-4.0000,273.00,285.00,269.50,17103000,4722936000,12531,TWSE_CSV,2026-09-15 14:15:45 +0800
1150915,2026-09-15,上市,8045,達運光電,52.60,4.7500,50.10,52.60,50.10,142000,7386300,115,TWSE_CSV,2026-09-15 14:15:45 +0800
1150915,2026-09-15,上市,8046,南電,1085.00,30.0000,1070.00,1110.00,1055.00,7503000,8182500000,5673,TWSE_CSV,2026-09-15 14:15:45 +0800
1150915,2026-09-15,上市,8070,長華*,49.45,-0.7500,49.90,50.20,49.45,867000,43099400,617,TWSE_CSV,2026-09-15 14:15:45 +0800
1150915,2026-09-15,上市,8072,陞泰,26.95,0.6000,26.35,28.45,26.25,1101000,30256050,781,TWSE_CSV,2026-09-15 14:15:45 +0800
1150915,2026-09-15,上市,8081,致新,246.00,-0.5000,246.50,248.50,245.00,144000,35405500,138,TWSE_CSV,2026-09-15 14:15:45 +0800
1150915,2026-09-15,上市,8101,華冠,11.80,-0.7500,11.50,11.85,11.50,5000,58450,4,TWSE_CSV,2026-09-15 14:15:45 +0800
1150915,2026-09-15,上市,8103,瀚荃,114.00,1.0000,111.00,116.50,111.00,1787000,204101000,1295,TWSE_CSV,2026-09-15 14:15:45 +0800
1150915,2026-09-15,上市,8104,錸寶,28.90,-0.7500,29.60,29.75,28.90,286000,8372500,207,TWSE_CSV,2026-09-15 14:15:45 +0800
1150915,2026-09-15,上市,8105,凌巨,14.15,-0.3500,14.50,14.55,14.15,1662000,23773950,572,TWSE_CSV,2026-09-15 14:15:45 +0800
1150915,2026-09-15,上市,8110,華東,40.50,-1.0000,41.70,41.70,40.50,1862000,76452600,1054,TWSE_CSV,2026-09-15 14:15:45 +0800
1150915,2026-09-15,上市,8112,至上,82.60,-1.0000,83.20,83.90,82.50,3856000,320115400,2575,TWSE_CSV,2026-09-15 14:15:45 +0800
1150915,2026-09-15,上市,8114,振樺電,176.00,-3.5000,177.00,180.00,176.00,255000,45300500,241,TWSE_CSV,2026-09-15 14:15:45 +0800
1150915,2026-09-15,上市,8131,福懋科,57.50,-1.5000,59.10,59.40,57.50,1376000,80183500,1045,TWSE_CSV,2026-09-15 14:15:45 +0800
1150915,2026-09-15,上市,8150,南茂,84.40,-2.2000,86.00,88.10,84.40,11389000,979938700,8106,TWSE_CSV,2026-09-15 14:15:45 +0800
1150915,2026-09-15,上市,8162,微矽電子-創,58.80,-1.6000,59.00,59.70,58.10,96000,5638800,75,TWSE_CSV,2026-09-15 14:15:45 +0800
1150915,2026-09-15,上市,8163,達方,29.05,-0.6500,29.60,29.80,29.05,603000,17688850,424,TWSE_CSV,2026-09-15 14:15:45 +0800
1150915,2026-09-15,上市,8201,無敵,11.60,-0.3000,11.70,12.05,11.60,41000,478850,28,TWSE_CSV,2026-09-15 14:15:45 +0800
1150915,2026-09-15,上市,8210,勤誠,874.00,-12.0000,887.00,903.00,873.00,759000,670265000,696,TWSE_CSV,2026-09-15 14:15:45 +0800
1150915,2026-09-15,上市,8213,志超,32.30,-0.5500,33.00,33.15,32.25,265000,8653950,202,TWSE_CSV,2026-09-15 14:15:45 +0800
1150915,2026-09-15,上市,8215,明基材,24.50,-0.4500,25.00,25.00,24.50,310000,7637400,250,TWSE_CSV,2026-09-15 14:15:45 +0800
1150915,2026-09-15,上市,8222,寶一,34.25,-0.4500,34.95,34.95,34.25,250000,8595250,166,TWSE_CSV,2026-09-15 14:15:45 +0800
1150915,2026-09-15,上市,8249,菱光,37.10,-0.4500,37.55,37.55,37.10,137000,5109900,77,TWSE_CSV,2026-09-15 14:15:45 +0800
1150915,2026-09-15,上市,8261,富鼎,165.00,-1.5000,166.50,172.00,164.50,1791000,300894000,1446,TWSE_CSV,2026-09-15 14:15:45 +0800
1150915,2026-09-15,上市,8271,宇瞻,199.50,-2.5000,202.00,203.00,198.50,997000,200002500,820,TWSE_CSV,2026-09-15 14:15:45 +0800
1150915,2026-09-15,上市,8341,日友,74.20,0.0000,74.20,74.60,74.20,128000,9519200,81,TWSE_CSV,2026-09-15 14:15:45 +0800
1150915,2026-09-15,上市,8367,建新國際,40.50,-0.2000,40.70,40.70,40.50,7000,283700,6,TWSE_CSV,2026-09-15 14:15:45 +0800
1150915,2026-09-15,上市,8374,羅昇,76.00,-1.2000,76.10,77.20,76.00,120000,9190100,95,TWSE_CSV,2026-09-15 14:15:45 +0800
1150915,2026-09-15,上市,8404,百和興業-KY,13.65,-0.2500,13.90,13.90,13.65,424000,5831450,204,TWSE_CSV,2026-09-15 14:15:45 +0800
1150915,2026-09-15,上市,8411,福貞-KY,12.75,0.1000,12.70,12.75,12.55,129000,1630650,59,TWSE_CSV,2026-09-15 14:15:45 +0800
1150915,2026-09-15,上市,8422,可寧衛*,25.95,-0.1500,26.15,26.20,25.80,4630000,120360850,2558,TWSE_CSV,2026-09-15 14:15:45 +0800
1150915,2026-09-15,上市,8429,金麗-KY,5.88,-0.0400,5.93,5.93,5.88,164000,968970,66,TWSE_CSV,2026-09-15 14:15:45 +0800
1150915,2026-09-15,上市,8438,昶昕,67.20,-0.5000,67.10,67.40,66.60,71000,4757200,68,TWSE_CSV,2026-09-15 14:15:45 +0800
1150915,2026-09-15,上市,8442,威宏-KY,45.65,0.2000,45.65,45.70,44.80,47000,2121150,38,TWSE_CSV,2026-09-15 14:15:45 +0800
1150915,2026-09-15,上市,8443,阿瘦,11.20,0.0000,11.15,11.20,11.10,20000,222350,13,TWSE_CSV,2026-09-15 14:15:45 +0800
1150915,2026-09-15,上市,8454,富邦媒,242.00,-3.0000,242.00,245.00,241.00,325000,78702500,270,TWSE_CSV,2026-09-15 14:15:45 +0800
1150915,2026-09-15,上市,8462,柏文,160.50,-1.5000,160.50,161.00,159.50,40000,6398000,36,TWSE_CSV,2026-09-15 14:15:45 +0800
1150915,2026-09-15,上市,8463,潤泰材,21.15,0.0500,21.10,21.20,20.95,17000,358650,13,TWSE_CSV,2026-09-15 14:15:45 +0800
1150915,2026-09-15,上市,8464,億豐,382.00,4.5000,381.00,384.00,376.50,315000,120055500,294,TWSE_CSV,2026-09-15 14:15:45 +0800
1150915,2026-09-15,上市,8466,美吉吉-KY,13.60,-0.1500,13.50,13.75,13.50,6000,81550,4,TWSE_CSV,2026-09-15 14:15:45 +0800
1150915,2026-09-15,上市,8467,波力-KY,84.30,1.1000,84.30,84.30,83.30,8000,669800,7,TWSE_CSV,2026-09-15 14:15:45 +0800
1150915,2026-09-15,上市,8473,山林水,37.85,-0.5500,38.10,38.35,37.70,448000,17012300,325,TWSE_CSV,2026-09-15 14:15:45 +0800
1150915,2026-09-15,上市,8476,台境*,19.50,-0.2000,19.30,19.50,19.05,231000,4458100,124,TWSE_CSV,2026-09-15 14:15:45 +0800
1150915,2026-09-15,上市,8478,東哥遊艇,141.50,-0.5000,140.50,142.00,140.50,40000,5641500,39,TWSE_CSV,2026-09-15 14:15:45 +0800
1150915,2026-09-15,上市,8481,政伸,40.80,0.0000,40.70,40.80,40.70,2000,81500,2,TWSE_CSV,2026-09-15 14:15:45 +0800
1150915,2026-09-15,上市,8482,商億-KY,47.30,0.0000,47.30,47.30,47.30,1000,47300,1,TWSE_CSV,2026-09-15 14:15:45 +0800
1150915,2026-09-15,上市,8487,愛爾達-創,70.00,-0.1000,70.50,70.50,70.00,7000,492100,6,TWSE_CSV,2026-09-15 14:15:45 +0800
1150915,2026-09-15,上市,8488,吉源-KY,9.86,-0.0800,9.93,9.94,9.86,21000,207910,17,TWSE_CSV,2026-09-15 14:15:45 +0800
1150915,2026-09-15,上市,8499,鼎炫-KY,251.00,-0.5000,252.00,259.00,250.50,22000,5564000,20,TWSE_CSV,2026-09-15 14:15:45 +0800
1150915,2026-09-15,上市,8926,台汽電,57.40,0.0000,57.40,58.20,57.20,1432000,82581400,983,TWSE_CSV,2026-09-15 14:15:45 +0800
1150915,2026-09-15,上市,8940,新天地,14.70,0.0500,14.75,15.10,14.60,24000,354350,22,TWSE_CSV,2026-09-15 14:15:45 +0800
1150915,2026-09-15,上市,8996,高力,1220.00,-15.0000,1245.00,1260.00,1200.00,917000,1128715000,783,TWSE_CSV,2026-09-15 14:15:45 +0800
1150915,2026-09-15,上市,9103,美德醫療-DR,4.96,0.0000,4.99,5.04,4.96,456000,2276020,146,TWSE_CSV,2026-09-15 14:15:45 +0800
1150915,2026-09-15,上市,910322,康師傅-DR,23.60,-0.4000,24.00,24.00,23.60,38000,905600,15,TWSE_CSV,2026-09-15 14:15:45 +0800
1150915,2026-09-15,上市,9105,泰金寶-DR,8.42,0.0400,8.38,8.54,8.32,11471000,96481770,2376,TWSE_CSV,2026-09-15 14:15:45 +0800
1150915,2026-09-15,上市,910861,神州-DR,3.93,-0.0600,4.00,4.02,3.93,23000,91490,14,TWSE_CSV,2026-09-15 14:15:45 +0800
1150915,2026-09-15,上市,9110,越南控-DR,,0.0000,,,,,,,TWSE_CSV,2026-09-15 14:15:45 +0800
1150915,2026-09-15,上市,911608,明輝-DR,2.71,-0.0100,2.71,2.71,2.71,1000,2710,1,TWSE_CSV,2026-09-15 14:15:45 +0800
1150915,2026-09-15,上市,911622,泰聚亨-DR,3.52,-0.0400,3.56,3.56,3.52,25000,88450,11,TWSE_CSV,2026-09-15 14:15:45 +0800
1150915,2026-09-15,上市,911868,同方友友-DR,1.16,0.0100,1.15,1.17,1.15,206000,237680,50,TWSE_CSV,2026-09-15 14:15:45 +0800
1150915,2026-09-15,上市,912000,晨訊科-DR,2.46,-0.0100,2.48,2.48,2.45,205000,504620,33,TWSE_CSV,2026-09-15 14:15:45 +0800
1150915,2026-09-15,上市,9136,巨騰-DR,9.59,0.2000,9.39,9.65,9.23,268000,2558520,96,TWSE_CSV,2026-09-15 14:15:45 +0800
1150915,2026-09-15,上市,9802,鈺齊-KY,63.80,-0.2000,63.10,65.00,63.10,444000,28343300,287,TWSE_CSV,2026-09-15 14:15:45 +0800
1150915,2026-09-15,上市,9902,台火,13.15,-0.1500,13.30,13.30,13.10,58000,763850,35,TWSE_CSV,2026-09-15 14:15:45 +0800
1150915,2026-09-15,上市,9904,寶成,24.25,0.2000,24.15,24.35,24.05,6547000,158528100,1912,TWSE_CSV,2026-09-15 14:15:45 +0800
1150915,2026-09-15,上市,9905,大華,21.20,-0.0500,21.25,21.25,21.10,202000,4274100,123,TWSE_CSV,2026-09-15 14:15:45 +0800
1150915,2026-09-15,上市,9906,欣巴巴,36.95,-1.6000,39.00,39.00,36.95,90000,3422150,52,TWSE_CSV,2026-09-15 14:15:45 +0800
1150915,2026-09-15,上市,9907,統一實,14.90,-0.1000,15.00,15.05,14.90,1299000,19424150,665,TWSE_CSV,2026-09-15 14:15:45 +0800
1150915,2026-09-15,上市,9908,大台北,29.00,0.0500,29.10,29.10,28.95,87000,2521950,56,TWSE_CSV,2026-09-15 14:15:45 +0800
1150915,2026-09-15,上市,9910,豐泰,68.40,0.6000,67.80,68.80,67.70,808000,55203400,607,TWSE_CSV,2026-09-15 14:15:45 +0800
1150915,2026-09-15,上市,9911,櫻花,81.30,-0.3000,81.60,81.70,81.30,284000,23122700,219,TWSE_CSV,2026-09-15 14:15:45 +0800
1150915,2026-09-15,上市,9912,偉聯,13.00,-0.1000,13.15,13.20,13.00,23000,300350,18,TWSE_CSV,2026-09-15 14:15:45 +0800
1150915,2026-09-15,上市,9914,美利達,68.10,-0.6000,68.20,69.20,67.20,2276000,155520300,1641,TWSE_CSV,2026-09-15 14:15:45 +0800
1150915,2026-09-15,上市,9917,中保科,106.00,-0.5000,106.00,106.00,105.50,324000,34239500,290,TWSE_CSV,2026-09-15 14:15:45 +0800
1150915,2026-09-15,上市,9918,欣天然,42.80,-0.7000,42.75,43.50,42.75,38000,1627900,25,TWSE_CSV,2026-09-15 14:15:45 +0800
1150915,2026-09-15,上市,9919,康那香,13.90,-0.0500,13.95,13.95,13.80,94000,1300200,71,TWSE_CSV,2026-09-15 14:15:45 +0800
1150915,2026-09-15,上市,9921,巨大,91.10,1.4000,89.50,91.80,88.50,1429000,129643500,1148,TWSE_CSV,2026-09-15 14:15:45 +0800
1150915,2026-09-15,上市,9924,福興,37.70,-0.3000,38.00,38.00,37.60,136000,5132550,104,TWSE_CSV,2026-09-15 14:15:45 +0800
1150915,2026-09-15,上市,9925,新保,39.45,0.0500,39.40,39.55,39.35,272000,10726300,189,TWSE_CSV,2026-09-15 14:15:45 +0800
1150915,2026-09-15,上市,9926,新海,49.00,-0.5000,49.00,49.45,48.95,7000,343400,6,TWSE_CSV,2026-09-15 14:15:45 +0800
1150915,2026-09-15,上市,9927,泰銘,69.70,0.1000,69.50,69.70,69.40,74000,5146300,50,TWSE_CSV,2026-09-15 14:15:45 +0800
1150915,2026-09-15,上市,9928,中視,17.70,0.1000,17.60,17.70,17.60,32000,565150,15,TWSE_CSV,2026-09-15 14:15:45 +0800
1150915,2026-09-15,上市,9929,秋雨,10.95,0.0000,11.00,11.00,10.80,10000,109050,7,TWSE_CSV,2026-09-15 14:15:45 +0800
1150915,2026-09-15,上市,9930,中聯資源,61.00,-0.4000,61.60,61.60,60.80,126000,7687100,104,TWSE_CSV,2026-09-15 14:15:45 +0800
1150915,2026-09-15,上市,9931,欣高,33.90,0.0000,33.90,33.90,33.90,3000,101700,3,TWSE_CSV,2026-09-15 14:15:45 +0800
1150915,2026-09-15,上市,9933,中鼎,41.90,0.7000,41.60,42.40,40.90,3377000,141699850,2180,TWSE_CSV,2026-09-15 14:15:45 +0800
1150915,2026-09-15,上市,9934,成霖,9.75,-0.1000,9.86,9.87,9.73,701000,6855300,339,TWSE_CSV,2026-09-15 14:15:45 +0800
1150915,2026-09-15,上市,9935,慶豐富,17.90,0.0500,17.95,18.00,17.85,260000,4661300,119,TWSE_CSV,2026-09-15 14:15:45 +0800
1150915,2026-09-15,上市,9937,全國,54.80,0.0000,54.50,54.80,53.90,136000,7387800,84,TWSE_CSV,2026-09-15 14:15:45 +0800
1150915,2026-09-15,上市,9938,百和,37.85,-0.1000,37.80,38.15,37.80,863000,32734900,539,TWSE_CSV,2026-09-15 14:15:45 +0800
1150915,2026-09-15,上市,9939,宏全,125.50,-0.5000,125.50,126.00,124.50,804000,100665000,604,TWSE_CSV,2026-09-15 14:15:45 +0800
1150915,2026-09-15,上市,9940,信義,19.85,0.0000,19.85,19.90,19.75,226000,4478800,139,TWSE_CSV,2026-09-15 14:15:45 +0800
1150915,2026-09-15,上市,9941,裕融,81.00,-0.6000,82.00,82.20,81.00,410000,33449900,327,TWSE_CSV,2026-09-15 14:15:45 +0800
1150915,2026-09-15,上市,9942,茂順,113.50,0.0000,113.50,114.00,113.00,22000,2495500,19,TWSE_CSV,2026-09-15 14:15:45 +0800
1150915,2026-09-15,上市,9943,好樂迪,50.50,-0.4000,50.80,50.80,50.50,29000,1468600,27,TWSE_CSV,2026-09-15 14:15:45 +0800
1150915,2026-09-15,上市,9944,新麗,17.15,0.0000,17.15,17.30,17.00,27000,463150,17,TWSE_CSV,2026-09-15 14:15:45 +0800
1150915,2026-09-15,上市,9945,潤泰新,27.95,0.1000,27.80,27.95,27.65,3554000,98791350,1186,TWSE_CSV,2026-09-15 14:15:45 +0800
1150915,2026-09-15,上市,9946,三發地產,16.70,-0.2000,16.90,16.90,16.60,223000,3729350,110,TWSE_CSV,2026-09-15 14:15:45 +0800
1150915,2026-09-15,上市,9955,佳龍,23.10,-0.2500,23.30,23.30,23.10,104000,2411200,70,TWSE_CSV,2026-09-15 14:15:45 +0800
1150915,2026-09-15,上市,9958,世紀鋼,90.50,-0.6000,91.40,92.50,90.50,1308000,119674800,1001,TWSE_CSV,2026-09-15 14:15:45 +0800
1150915,2026-09-15,上櫃,00411A,主動統一前沿科技,9.64,-0.04,9.68,9.72,9.62,5715000,55279240,682,TPEX_CSV,2026-09-15 14:15:45 +0800
1150915,2026-09-15,上櫃,006201,元大富櫃50,43.12,-0.68,43.80,44.11,43.10,128000,5574780,59,TPEX_CSV,2026-09-15 14:15:45 +0800
1150915,2026-09-15,上櫃,00679B,元大美債20年,25.32,+0.04,25.38,25.42,25.32,18466000,468790560,2035,TPEX_CSV,2026-09-15 14:15:45 +0800
1150915,2026-09-15,上櫃,00687B,國泰20年美債,26.66,+0.05,26.71,26.75,26.66,12274000,327954480,1253,TPEX_CSV,2026-09-15 14:15:45 +0800
1150915,2026-09-15,上櫃,00687C,國泰20年美債+櫃U,8.94,0.00,8.94,8.94,8.94,25000,223500,2,TPEX_CSV,2026-09-15 14:15:45 +0800
1150915,2026-09-15,上櫃,00694B,富邦美債1-3,41.70,+0.15,41.42,41.70,41.42,268000,11163180,19,TPEX_CSV,2026-09-15 14:15:45 +0800
1150915,2026-09-15,上櫃,00695B,富邦美債7-10,34.13,+0.03,34.10,34.14,34.09,368000,12553220,29,TPEX_CSV,2026-09-15 14:15:45 +0800
1150915,2026-09-15,上櫃,00696B,富邦美債20年,27.61,+0.05,27.67,27.69,27.60,3394000,93874860,80,TPEX_CSV,2026-09-15 14:15:45 +0800
1150915,2026-09-15,上櫃,00697B,元大美債7-10,34.69,+0.01,34.68,34.71,34.62,382000,13244210,84,TPEX_CSV,2026-09-15 14:15:45 +0800
1150915,2026-09-15,上櫃,00719B,元大美債1-3,31.04,+0.17,30.87,31.04,30.87,1012000,31354540,230,TPEX_CSV,2026-09-15 14:15:45 +0800
1150915,2026-09-15,上櫃,00720B,元大投資級公司債,31.46,+0.09,31.48,31.52,31.42,2594000,81663600,529,TPEX_CSV,2026-09-15 14:15:45 +0800
1150915,2026-09-15,上櫃,00722B,群益投資級電信債,33.76,+0.06,33.70,33.82,33.70,2411000,81445880,116,TPEX_CSV,2026-09-15 14:15:45 +0800
1150915,2026-09-15,上櫃,00723B,群益投資級科技債,28.99,-0.02,29.05,29.05,28.99,103000,2987140,7,TPEX_CSV,2026-09-15 14:15:45 +0800
1150915,2026-09-15,上櫃,00724B,群益投資級金融債,32.18,+0.04,32.22,32.26,32.17,4052000,130549870,104,TPEX_CSV,2026-09-15 14:15:45 +0800
1150915,2026-09-15,上櫃,00725B,國泰投資級公司債,33.51,+0.06,33.55,33.59,33.51,1400000,46978800,322,TPEX_CSV,2026-09-15 14:15:45 +0800
1150915,2026-09-15,上櫃,00726B,國泰新興投等債,31.71,-0.01,31.72,31.73,31.69,494000,15663450,33,TPEX_CSV,2026-09-15 14:15:45 +0800
1150915,2026-09-15,上櫃,00727B,國泰優選非投等債,39.16,+0.05,39.23,39.23,39.15,108000,4229290,8,TPEX_CSV,2026-09-15 14:15:45 +0800
1150915,2026-09-15,上櫃,00734B,台新JPM新興債,15.23,+0.05,15.24,15.26,15.23,202000,3079260,15,TPEX_CSV,2026-09-15 14:15:45 +0800
1150915,2026-09-15,上櫃,00740B,富邦全球投等債,36.85,+0.06,36.79,36.94,36.79,1174000,43331630,1060,TPEX_CSV,2026-09-15 14:15:45 +0800
1150915,2026-09-15,上櫃,00741B,富邦全球非投等債,37.06,+0.14,36.87,37.08,36.87,119000,4410550,14,TPEX_CSV,2026-09-15 14:15:45 +0800
1150915,2026-09-15,上櫃,00746B,富邦A級公司債,33.85,+0.04,33.75,33.92,33.75,507000,17176040,24,TPEX_CSV,2026-09-15 14:15:45 +0800
1150915,2026-09-15,上櫃,00749B,凱基新興債10+,30.40,+0.05,30.35,30.44,30.35,106000,3223240,8,TPEX_CSV,2026-09-15 14:15:45 +0800
1150915,2026-09-15,上櫃,00750B,凱基科技債10+,31.28,+0.05,31.34,31.34,31.28,103000,3227880,4,TPEX_CSV,2026-09-15 14:15:45 +0800
1150915,2026-09-15,上櫃,00751B,元大AAA至A公司債,29.93,+0.05,29.95,30.00,29.91,2265000,67879020,584,TPEX_CSV,2026-09-15 14:15:45 +0800
1150915,2026-09-15,上櫃,00754B,群益AAA-AA公司債,30.96,+0.03,31.04,31.04,30.94,106000,3286300,9,TPEX_CSV,2026-09-15 14:15:45 +0800
1150915,2026-09-15,上櫃,00755B,群益投資級公用債,31.11,+0.07,31.08,31.13,31.08,117000,3639910,7,TPEX_CSV,2026-09-15 14:15:45 +0800
1150915,2026-09-15,上櫃,00756B,群益投等新興公債,29.72,-0.07,29.77,29.82,29.72,163000,4853380,34,TPEX_CSV,2026-09-15 14:15:45 +0800
1150915,2026-09-15,上櫃,00758B,復華能源債,49.40,+0.06,49.49,49.49,49.33,102000,5047730,4,TPEX_CSV,2026-09-15 14:15:45 +0800
1150915,2026-09-15,上櫃,00759B,復華製藥債,51.75,0.00,51.90,51.90,51.75,101000,5241750,3,TPEX_CSV,2026-09-15 14:15:45 +0800
1150915,2026-09-15,上櫃,00760B,復華新興企業債,51.35,-0.05,51.20,51.35,51.20,105000,5391000,3,TPEX_CSV,2026-09-15 14:15:45 +0800
1150915,2026-09-15,上櫃,00761B,國泰A級公司債,32.50,+0.06,32.58,32.58,32.48,312000,10146540,38,TPEX_CSV,2026-09-15 14:15:45 +0800
1150915,2026-09-15,上櫃,00764B,群益25年美債,26.58,+0.06,26.60,26.65,26.58,4386000,116707740,104,TPEX_CSV,2026-09-15 14:15:45 +0800
1150915,2026-09-15,上櫃,00768B,復華20年美債,47.16,+0.09,47.17,47.40,47.15,454000,21435880,31,TPEX_CSV,2026-09-15 14:15:45 +0800
1150915,2026-09-15,上櫃,00772B,中信高評級公司債,31.92,+0.05,31.88,31.98,31.88,1081000,34523220,264,TPEX_CSV,2026-09-15 14:15:45 +0800
1150915,2026-09-15,上櫃,00773B,中信優先金融債,34.15,+0.07,34.10,34.21,34.10,1722000,58815380,44,TPEX_CSV,2026-09-15 14:15:45 +0800
1150915,2026-09-15,上櫃,00777B,凱基AAA至A公司債,30.77,+0.05,30.84,30.84,30.77,115000,3542370,7,TPEX_CSV,2026-09-15 14:15:45 +0800
1150915,2026-09-15,上櫃,00778B,凱基金融債20+,32.66,+0.01,32.74,32.74,32.66,101000,3306660,3,TPEX_CSV,2026-09-15 14:15:45 +0800
1150915,2026-09-15,上櫃,00779B,凱基美債25+,26.92,+0.09,26.90,26.94,26.90,310000,8351100,4,TPEX_CSV,2026-09-15 14:15:45 +0800
1150915,2026-09-15,上櫃,00780B,國泰A級金融債,35.82,+0.04,35.82,35.83,35.81,105000,3762100,7,TPEX_CSV,2026-09-15 14:15:45 +0800
1150915,2026-09-15,上櫃,00781B,國泰A級科技債,26.77,+0.03,26.81,26.86,26.76,121000,3240450,12,TPEX_CSV,2026-09-15 14:15:45 +0800
1150915,2026-09-15,上櫃,00782B,國泰A級公用債,28.93,+0.05,28.96,28.96,28.93,109000,3155530,7,TPEX_CSV,2026-09-15 14:15:45 +0800
1150915,2026-09-15,上櫃,00785B,富邦金融投等債,33.24,-0.04,33.29,33.29,33.24,52000,1729030,4,TPEX_CSV,2026-09-15 14:15:45 +0800
1150915,2026-09-15,上櫃,00786B,元大10年IG銀行債,31.20,+0.11,31.22,31.22,31.19,24000,748890,6,TPEX_CSV,2026-09-15 14:15:45 +0800
1150915,2026-09-15,上櫃,00787B,元大10年IG醫療債,31.25,+0.05,31.33,31.33,31.25,3000,93840,3,TPEX_CSV,2026-09-15 14:15:45 +0800
1150915,2026-09-15,上櫃,00788B,元大10年IG電能債,28.58,0.00,28.67,28.68,28.58,33000,944620,13,TPEX_CSV,2026-09-15 14:15:45 +0800
1150915,2026-09-15,上櫃,00789B,復華公司債A3,45.42,+0.04,45.49,45.49,45.42,106000,4821620,4,TPEX_CSV,2026-09-15 14:15:45 +0800
1150915,2026-09-15,上櫃,00791B,復華信用債1-5,56.50,+0.15,56.40,56.55,56.40,129000,7286750,8,TPEX_CSV,2026-09-15 14:15:45 +0800
1150915,2026-09-15,上櫃,00792B,群益A級公司債,30.28,-0.02,30.38,30.40,30.28,143000,4342510,11,TPEX_CSV,2026-09-15 14:15:45 +0800
1150915,2026-09-15,上櫃,00793B,群益AAA-A醫療債,29.26,+0.01,29.30,29.36,29.26,110000,3223670,11,TPEX_CSV,2026-09-15 14:15:45 +0800
1150915,2026-09-15,上櫃,00795B,中信美國公債20年,25.47,+0.05,25.50,25.54,25.46,4907000,125174110,371,TPEX_CSV,2026-09-15 14:15:45 +0800
1150915,2026-09-15,上櫃,00799B,國泰A級醫療債,28.03,0.00,28.05,28.10,28.03,144000,4042600,16,TPEX_CSV,2026-09-15 14:15:45 +0800
1150915,2026-09-15,上櫃,00834B,第一金金融債10+,32.65,+0.06,32.65,32.65,32.65,100000,3265000,2,TPEX_CSV,2026-09-15 14:15:45 +0800
1150915,2026-09-15,上櫃,00836B,永豐10年A公司債,27.32,+0.02,27.41,27.48,27.32,107000,2932370,27,TPEX_CSV,2026-09-15 14:15:45 +0800
1150915,2026-09-15,上櫃,00840B,凱基IG精選15+,28.35,+0.07,28.35,28.35,28.35,100000,2835000,2,TPEX_CSV,2026-09-15 14:15:45 +0800
1150915,2026-09-15,上櫃,00841B,凱基AAA-AA公司債,27.00,+0.06,27.00,27.00,27.00,100000,2700000,2,TPEX_CSV,2026-09-15 14:15:45 +0800
1150915,2026-09-15,上櫃,00842B,台新美元銀行債,28.79,-0.03,28.86,28.88,28.79,344000,9921050,38,TPEX_CSV,2026-09-15 14:15:45 +0800
1150915,2026-09-15,上櫃,00844B,台新15年IG金融債,30.04,+0.12,30.01,30.04,30.01,81000,2433210,3,TPEX_CSV,2026-09-15 14:15:45 +0800
1150915,2026-09-15,上櫃,00845B,富邦新興投等債,32.06,+0.03,31.85,32.09,31.85,113000,3622310,7,TPEX_CSV,2026-09-15 14:15:45 +0800
1150915,2026-09-15,上櫃,00846B,富邦歐洲銀行債,34.66,+0.06,34.48,34.68,34.48,102000,3535160,4,TPEX_CSV,2026-09-15 14:15:45 +0800
1150915,2026-09-15,上櫃,00847B,中信美國市政債,24.08,+0.04,24.15,24.15,24.08,333000,8031880,19,TPEX_CSV,2026-09-15 14:15:45 +0800
1150915,2026-09-15,上櫃,00848B,中信新興亞洲債,32.89,+0.02,32.94,32.95,32.89,322000,10606830,9,TPEX_CSV,2026-09-15 14:15:45 +0800
1150915,2026-09-15,上櫃,00849B,中信EM主權債0-5,37.22,+0.12,37.12,37.22,37.12,307000,11418300,10,TPEX_CSV,2026-09-15 14:15:45 +0800
1150915,2026-09-15,上櫃,00853B,統一美債10年Aa-A,26.39,+0.07,26.39,26.42,26.38,1097000,28970670,33,TPEX_CSV,2026-09-15 14:15:45 +0800
1150915,2026-09-15,上櫃,00856B,永豐1-3年美公債,37.33,+0.17,37.33,37.33,37.33,1000,37330,1,TPEX_CSV,2026-09-15 14:15:45 +0800
1150915,2026-09-15,上櫃,00857B,永豐20年美公債,22.13,+0.02,22.15,22.21,22.13,2223000,49306850,84,TPEX_CSV,2026-09-15 14:15:45 +0800
1150915,2026-09-15,上櫃,00858,永豐美國500大,35.55,+0.01,35.47,35.64,35.47,278000,9895400,69,TPEX_CSV,2026-09-15 14:15:45 +0800
1150915,2026-09-15,上櫃,00859B,群益0-1年美債,41.17,+0.16,41.04,41.17,41.03,3256000,133932180,161,TPEX_CSV,2026-09-15 14:15:45 +0800
1150915,2026-09-15,上櫃,00860B,群益1-5Y投資級債,37.80,+0.08,37.81,37.81,37.80,100000,3780500,4,TPEX_CSV,2026-09-15 14:15:45 +0800
1150915,2026-09-15,上櫃,00862B,中信投資級公司債,30.34,+0.11,30.35,30.37,30.30,387000,11749530,22,TPEX_CSV,2026-09-15 14:15:45 +0800
1150915,2026-09-15,上櫃,00863B,中信全球電信債,30.48,+0.10,30.51,30.52,30.48,308000,9390090,14,TPEX_CSV,2026-09-15 14:15:45 +0800
1150915,2026-09-15,上櫃,00864B,中信美國公債0-1,46.12,+0.23,45.93,46.13,45.93,1222000,56332140,170,TPEX_CSV,2026-09-15 14:15:45 +0800
1150915,2026-09-15,上櫃,00867B,台新A-BBB電信債,28.90,+0.05,28.89,28.90,28.89,3000,86690,3,TPEX_CSV,2026-09-15 14:15:45 +0800
1150915,2026-09-15,上櫃,00870B,元大15年EM主權債,26.94,+0.07,26.96,26.96,26.94,24000,646960,3,TPEX_CSV,2026-09-15 14:15:45 +0800
1150915,2026-09-15,上櫃,00877,復華中國5G,36.66,-0.03,36.53,37.25,36.53,1619000,59582200,332,TPEX_CSV,2026-09-15 14:15:45 +0800
1150915,2026-09-15,上櫃,00884B,中信低碳新興債,28.04,-0.10,28.06,28.08,28.04,355000,9962500,10,TPEX_CSV,2026-09-15 14:15:45 +0800
1150915,2026-09-15,上櫃,00886,永豐美國科技,47.91,+1.40,47.64,48.01,47.61,32000,1531170,10,TPEX_CSV,2026-09-15 14:15:45 +0800
1150915,2026-09-15,上櫃,00887,永豐中國科技50大,15.43,+0.09,15.34,15.62,15.34,2946000,45560820,494,TPEX_CSV,2026-09-15 14:15:45 +0800
1150915,2026-09-15,上櫃,00888,永豐台灣ESG,33.62,-0.39,33.78,33.93,33.60,3450000,116466250,1331,TPEX_CSV,2026-09-15 14:15:45 +0800
1150915,2026-09-15,上櫃,00890B,凱基ESG BBB債15+,30.80,+0.10,30.79,30.80,30.79,101000,3110790,3,TPEX_CSV,2026-09-15 14:15:45 +0800
1150915,2026-09-15,上櫃,00928,中信上櫃ESG 30,31.31,-0.54,31.64,32.19,31.31,136000,4324520,67,TPEX_CSV,2026-09-15 14:15:45 +0800
1150915,2026-09-15,上櫃,00931B,統一美債20年,12.82,+0.03,12.81,12.85,12.81,3400000,43623110,202,TPEX_CSV,2026-09-15 14:15:45 +0800
1150915,2026-09-15,上櫃,00933B,國泰10Y+金融債,15.30,+0.01,15.30,15.33,15.30,5472000,83805160,842,TPEX_CSV,2026-09-15 14:15:45 +0800
1150915,2026-09-15,上櫃,00937B,群益ESG投等債20+,14.13,0.00,14.15,14.18,14.13,30470000,431357610,3236,TPEX_CSV,2026-09-15 14:15:45 +0800
1150915,2026-09-15,上櫃,00942B,台新美A公司債20+,13.48,除息,13.49,13.53,13.48,1547000,20886150,64,TPEX_CSV,2026-09-15 14:15:45 +0800
1150915,2026-09-15,上櫃,00948B,中信優息投資級債,9.03,+0.02,9.03,9.05,9.02,2554000,23066900,205,TPEX_CSV,2026-09-15 14:15:45 +0800
1150915,2026-09-15,上櫃,00950B,凱基A級公司債,13.39,+0.03,13.38,13.42,13.38,1387000,18589140,137,TPEX_CSV,2026-09-15 14:15:45 +0800
1150915,2026-09-15,上櫃,00955,中信日本商社,16.47,-0.13,16.45,16.48,16.39,5134000,84428970,930,TPEX_CSV,2026-09-15 14:15:45 +0800
1150915,2026-09-15,上櫃,00957B,兆豐US優選投等債,12.79,+0.02,12.77,12.83,12.77,124000,1585140,22,TPEX_CSV,2026-09-15 14:15:45 +0800
1150915,2026-09-15,上櫃,00958B,永豐ESG銀行債15+,8.87,+0.01,8.88,8.89,8.86,658000,5835290,34,TPEX_CSV,2026-09-15 14:15:45 +0800
1150915,2026-09-15,上櫃,00959B,大華投等美債15Y+,8.95,+0.02,8.94,8.99,8.94,461000,4130870,81,TPEX_CSV,2026-09-15 14:15:45 +0800
1150915,2026-09-15,上櫃,00966B,統一ESG投等債15+,13.27,+0.03,13.24,13.30,13.24,272000,3611890,9,TPEX_CSV,2026-09-15 14:15:45 +0800
1150915,2026-09-15,上櫃,00967B,元大優息美債,8.75,+0.03,8.76,8.76,8.74,435000,3809890,41,TPEX_CSV,2026-09-15 14:15:45 +0800
1150915,2026-09-15,上櫃,00968B,元大優息投等債,8.85,+0.01,8.90,8.90,8.84,332000,2940710,80,TPEX_CSV,2026-09-15 14:15:45 +0800
1150915,2026-09-15,上櫃,00969B,元大零息超長美債,7.81,-0.01,7.85,7.87,7.81,1451000,11374650,43,TPEX_CSV,2026-09-15 14:15:45 +0800
1150915,2026-09-15,上櫃,00970B,台新BBB投等債20+,8.90,除息,8.90,8.91,8.89,1109000,9869730,99,TPEX_CSV,2026-09-15 14:15:45 +0800
1150915,2026-09-15,上櫃,009806,台新標普500,13.57,+0.02,13.82,13.82,13.57,24000,326390,13,TPEX_CSV,2026-09-15 14:15:45 +0800
1150915,2026-09-15,上櫃,009807,台新標普科技精選,16.66,-0.04,16.70,16.70,16.66,16000,267060,5,TPEX_CSV,2026-09-15 14:15:45 +0800
1150915,2026-09-15,上櫃,00980B,台新特選IG債10+,9.01,除息,9.04,9.04,9.01,681000,6143340,22,TPEX_CSV,2026-09-15 14:15:45 +0800
1150915,2026-09-15,上櫃,00980D,主動聯博投等入息,19.87,+0.01,19.86,19.89,19.86,573000,11386970,73,TPEX_CSV,2026-09-15 14:15:45 +0800
1150915,2026-09-15,上櫃,00980T,平衡凱基美國TOP,11.76,+0.04,11.79,11.79,11.75,222000,2616760,15,TPEX_CSV,2026-09-15 14:15:45 +0800
1150915,2026-09-15,上櫃,009814,富邦標普500,11.27,+0.01,11.26,11.28,11.26,325000,3662820,118,TPEX_CSV,2026-09-15 14:15:45 +0800
1150915,2026-09-15,上櫃,009815,大華美國MAG7+,11.45,+0.04,11.44,11.51,11.44,2031000,23326370,253,TPEX_CSV,2026-09-15 14:15:45 +0800
1150915,2026-09-15,上櫃,00981B,第一金優選非投債,9.11,+0.02,9.08,9.12,9.08,7801000,71053940,398,TPEX_CSV,2026-09-15 14:15:45 +0800
1150915,2026-09-15,上櫃,00981D,主動中信非投等債,10.26,+0.02,10.25,10.26,10.23,2030000,20809300,247,TPEX_CSV,2026-09-15 14:15:45 +0800
1150915,2026-09-15,上櫃,009822,華南永昌未來金融,9.70,-0.02,9.72,9.77,9.70,32000,310670,17,TPEX_CSV,2026-09-15 14:15:45 +0800
1150915,2026-09-15,上櫃,009823,群益S&P500,10.33,+0.01,10.33,10.36,10.33,2117000,21898380,441,TPEX_CSV,2026-09-15 14:15:45 +0800
1150915,2026-09-15,上櫃,009825,聯邦美國金融創新,10.00,+0.08,10.00,10.02,9.99,306000,3059740,31,TPEX_CSV,2026-09-15 14:15:45 +0800
1150915,2026-09-15,上櫃,00982B,FT投資級債20+,9.34,+0.01,9.35,9.35,9.34,25000,233600,4,TPEX_CSV,2026-09-15 14:15:45 +0800
1150915,2026-09-15,上櫃,00983B,大華優利美公債20,14.85,+0.04,14.87,14.89,14.85,439000,6533910,15,TPEX_CSV,2026-09-15 14:15:45 +0800
1150915,2026-09-15,上櫃,00984B,大華優利美A債15,15.52,+0.03,15.50,15.55,15.50,1103000,17127830,55,TPEX_CSV,2026-09-15 14:15:45 +0800
1150915,2026-09-15,上櫃,00985D,主動貝萊德優投等,9.71,+0.02,9.71,9.72,9.70,1595000,15482730,128,TPEX_CSV,2026-09-15 14:15:45 +0800
1150915,2026-09-15,上櫃,00986B,FT金融債10+,9.38,-0.03,9.37,9.39,9.37,31000,290590,8,TPEX_CSV,2026-09-15 14:15:45 +0800
1150915,2026-09-15,上櫃,00986D,主動復華金融債息,14.21,+0.04,14.21,14.22,14.20,991000,14082110,29,TPEX_CSV,2026-09-15 14:15:45 +0800
1150915,2026-09-15,上櫃,00987B,野村10+澳洲公債,15.50,-0.04,15.51,15.54,15.50,1177000,18261750,75,TPEX_CSV,2026-09-15 14:15:45 +0800
1150915,2026-09-15,上櫃,00987D,主動統一美債量化,9.76,0.00,9.78,9.81,9.76,2643000,25867460,44,TPEX_CSV,2026-09-15 14:15:45 +0800
1150915,2026-09-15,上櫃,00988B,玉山嚴選非投債,19.32,除息,19.33,19.33,19.27,1470000,28368320,203,TPEX_CSV,2026-09-15 14:15:45 +0800
1150915,2026-09-15,上櫃,00989B,台新美國非投等債,9.94,除息,9.95,9.95,9.93,3098000,30785530,302,TPEX_CSV,2026-09-15 14:15:45 +0800
1150915,2026-09-15,上櫃,00990B,國泰收益非投等債,9.94,+0.03,9.91,9.95,9.91,1732000,17212440,72,TPEX_CSV,2026-09-15 14:15:45 +0800
1150915,2026-09-15,上櫃,00998A,主動復華金融股息,17.75,-0.02,17.81,17.82,17.74,12353000,219686750,2259,TPEX_CSV,2026-09-15 14:15:45 +0800
1150915,2026-09-15,上櫃,1240,茂生農經,55.20,-0.20,55.00,55.20,55.00,3000,165300,3,TPEX_CSV,2026-09-15 14:15:45 +0800
1150915,2026-09-15,上櫃,1259,安心,----,---,----,----,----,0,0,0,TPEX_CSV,2026-09-15 14:15:45 +0800
1150915,2026-09-15,上櫃,1264,德麥,243.00,-3.50,245.50,245.50,242.00,58000,14091000,56,TPEX_CSV,2026-09-15 14:15:45 +0800
1150915,2026-09-15,上櫃,1268,漢來美食,172.00,0.00,171.50,172.00,171.00,16000,2747500,14,TPEX_CSV,2026-09-15 14:15:45 +0800
1150915,2026-09-15,上櫃,1294,漢田生技,50.70,-0.20,50.80,50.90,50.70,8000,406500,8,TPEX_CSV,2026-09-15 14:15:45 +0800
1150915,2026-09-15,上櫃,1295,生合,44.85,-0.15,45.00,45.00,44.45,4000,179300,4,TPEX_CSV,2026-09-15 14:15:45 +0800
1150915,2026-09-15,上櫃,1336,台翰,16.10,-0.60,16.50,16.55,16.10,194000,3150050,108,TPEX_CSV,2026-09-15 14:15:45 +0800
1150915,2026-09-15,上櫃,1565,精華,96.40,+0.40,96.70,96.80,96.00,129000,12436500,53,TPEX_CSV,2026-09-15 14:15:45 +0800
1150915,2026-09-15,上櫃,1569,濱川,49.40,+0.40,48.70,50.40,48.30,665000,32761500,379,TPEX_CSV,2026-09-15 14:15:45 +0800
1150915,2026-09-15,上櫃,1570,力肯,32.45,+0.45,33.10,33.10,31.95,17000,548850,10,TPEX_CSV,2026-09-15 14:15:45 +0800
1150915,2026-09-15,上櫃,1580,新麥,96.00,-0.70,96.20,96.20,95.40,215000,20585900,146,TPEX_CSV,2026-09-15 14:15:45 +0800
1150915,2026-09-15,上櫃,1584,精剛,18.00,0.00,17.90,18.00,17.75,250000,4470900,112,TPEX_CSV,2026-09-15 14:15:45 +0800
1150915,2026-09-15,上櫃,1586,和勤,18.00,0.00,18.05,18.05,17.75,328000,5868700,197,TPEX_CSV,2026-09-15 14:15:45 +0800
1150915,2026-09-15,上櫃,1591,駿吉-KY,39.00,-2.25,40.80,42.30,39.00,1209000,49064000,822,TPEX_CSV,2026-09-15 14:15:45 +0800
1150915,2026-09-15,上櫃,1593,祺驊,31.40,-0.05,31.40,31.40,31.35,6000,188350,6,TPEX_CSV,2026-09-15 14:15:45 +0800
1150915,2026-09-15,上櫃,1595,川寶,61.70,-0.10,61.50,63.00,61.40,94000,5834400,83,TPEX_CSV,2026-09-15 14:15:45 +0800
1150915,2026-09-15,上櫃,1599,宏佳騰,23.45,-0.20,23.50,23.60,23.45,18000,423100,11,TPEX_CSV,2026-09-15 14:15:45 +0800
1150915,2026-09-15,上櫃,1742,台蠟,17.60,+0.20,17.70,17.70,17.35,19000,332800,15,TPEX_CSV,2026-09-15 14:15:45 +0800
1150915,2026-09-15,上櫃,1777,生泰,73.40,+0.20,73.70,73.70,73.00,14000,1025200,14,TPEX_CSV,2026-09-15 14:15:45 +0800
1150915,2026-09-15,上櫃,1780,立弘,24.80,0.00,24.30,24.80,24.30,16000,394050,14,TPEX_CSV,2026-09-15 14:15:45 +0800
1150915,2026-09-15,上櫃,1781,合世,10.20,0.00,10.15,10.20,10.15,6000,61150,2,TPEX_CSV,2026-09-15 14:15:45 +0800
1150915,2026-09-15,上櫃,1784,訊聯,58.50,-0.10,58.50,58.50,58.50,5000,292500,5,TPEX_CSV,2026-09-15 14:15:45 +0800
1150915,2026-09-15,上櫃,1785,光洋科,93.80,-1.30,94.60,96.00,93.80,2252000,212866700,1616,TPEX_CSV,2026-09-15 14:15:45 +0800
1150915,2026-09-15,上櫃,1788,杏昌,128.50,+0.50,128.00,128.50,128.00,6000,769500,6,TPEX_CSV,2026-09-15 14:15:45 +0800
1150915,2026-09-15,上櫃,1796,金穎生技,29.20,-0.30,29.80,29.80,29.20,4000,117700,4,TPEX_CSV,2026-09-15 14:15:45 +0800
1150915,2026-09-15,上櫃,1799,易威,28.85,-0.25,29.10,29.10,28.85,62000,1795800,55,TPEX_CSV,2026-09-15 14:15:45 +0800
1150915,2026-09-15,上櫃,1813,寶利徠,11.25,-0.10,11.25,11.35,11.25,6000,67700,6,TPEX_CSV,2026-09-15 14:15:45 +0800
1150915,2026-09-15,上櫃,1815,富喬,114.50,-5.50,119.00,121.50,114.50,45520000,5337474000,20646,TPEX_CSV,2026-09-15 14:15:45 +0800
1150915,2026-09-15,上櫃,2035,唐榮,26.90,-0.15,27.10,27.10,26.90,15000,404700,6,TPEX_CSV,2026-09-15 14:15:45 +0800
1150915,2026-09-15,上櫃,2061,風青,47.20,0.00,46.80,47.85,46.80,490000,23207300,347,TPEX_CSV,2026-09-15 14:15:45 +0800
1150915,2026-09-15,上櫃,2063,世鎧,23.65,-0.40,24.00,24.00,23.55,26000,615950,16,TPEX_CSV,2026-09-15 14:15:45 +0800
1150915,2026-09-15,上櫃,2064,晉椿,12.15,-0.15,12.55,12.70,12.15,308000,3834100,47,TPEX_CSV,2026-09-15 14:15:45 +0800
1150915,2026-09-15,上櫃,2065,世豐,35.05,-0.25,35.40,35.40,35.00,28000,984200,18,TPEX_CSV,2026-09-15 14:15:45 +0800
1150915,2026-09-15,上櫃,2066,世德,50.70,-0.10,51.50,51.50,50.70,8000,408200,8,TPEX_CSV,2026-09-15 14:15:45 +0800
1150915,2026-09-15,上櫃,2067,嘉鋼,4.88,0.00,4.88,4.88,4.88,1000,4880,1,TPEX_CSV,2026-09-15 14:15:45 +0800
1150915,2026-09-15,上櫃,2070,精湛,60.10,+0.40,58.80,60.90,58.60,39000,2333100,37,TPEX_CSV,2026-09-15 14:15:45 +0800
1150915,2026-09-15,上櫃,2073,雄順,25.70,+0.60,25.70,25.70,25.70,1000,25700,1,TPEX_CSV,2026-09-15 14:15:45 +0800
1150915,2026-09-15,上櫃,2221,大甲,96.10,+6.20,88.30,98.80,88.20,7201000,685709400,5035,TPEX_CSV,2026-09-15 14:15:45 +0800
1150915,2026-09-15,上櫃,2230,泰茂,21.10,-0.30,21.30,21.65,21.00,56000,1186300,44,TPEX_CSV,2026-09-15 14:15:45 +0800
1150915,2026-09-15,上櫃,2235,謚源,28.05,-0.35,27.40,28.05,27.40,4000,110950,4,TPEX_CSV,2026-09-15 14:15:45 +0800
1150915,2026-09-15,上櫃,2596,綠意,36.35,-0.10,36.60,36.75,36.10,147000,5350850,85,TPEX_CSV,2026-09-15 14:15:45 +0800
1150915,2026-09-15,上櫃,2640,大車隊,156.00,+1.50,155.00,157.00,155.00,46000,7163500,33,TPEX_CSV,2026-09-15 14:15:45 +0800
1150915,2026-09-15,上櫃,2641,正德,17.25,-0.20,17.55,17.55,17.25,929000,16106750,504,TPEX_CSV,2026-09-15 14:15:45 +0800
1150915,2026-09-15,上櫃,2643,捷迅,62.80,-0.10,62.90,62.90,62.80,3000,188600,3,TPEX_CSV,2026-09-15 14:15:45 +0800
1150915,2026-09-15,上櫃,2718,全心投控,39.65,-0.45,39.65,40.05,39.30,25000,987450,17,TPEX_CSV,2026-09-15 14:15:45 +0800
1150915,2026-09-15,上櫃,2719,燦星旅,----,---,----,----,----,0,0,0,TPEX_CSV,2026-09-15 14:15:45 +0800
1150915,2026-09-15,上櫃,2724,藝舍-KY,10.30,-0.20,10.15,10.30,10.15,8000,82100,4,TPEX_CSV,2026-09-15 14:15:45 +0800
1150915,2026-09-15,上櫃,2726,雅茗-KY,8.04,0.00,8.08,8.08,7.97,24000,192790,19,TPEX_CSV,2026-09-15 14:15:45 +0800
1150915,2026-09-15,上櫃,2729,瓦城,149.50,-3.50,152.00,152.00,149.50,33000,4965000,31,TPEX_CSV,2026-09-15 14:15:45 +0800
1150915,2026-09-15,上櫃,2732,六角,62.40,+0.10,62.00,62.40,61.80,27000,1674200,25,TPEX_CSV,2026-09-15 14:15:45 +0800
1150915,2026-09-15,上櫃,2734,易飛網,14.60,0.00,14.55,14.70,14.55,15000,219400,7,TPEX_CSV,2026-09-15 14:15:45 +0800
1150915,2026-09-15,上櫃,2736,富野,11.40,0.00,11.40,11.45,11.35,16000,182650,9,TPEX_CSV,2026-09-15 14:15:45 +0800
1150915,2026-09-15,上櫃,2740,華軒,32.10,-0.05,32.10,32.10,32.10,1000,32100,1,TPEX_CSV,2026-09-15 14:15:45 +0800
1150915,2026-09-15,上櫃,2743,山富,51.00,-0.10,51.10,51.40,51.00,38000,1941500,31,TPEX_CSV,2026-09-15 14:15:45 +0800
1150915,2026-09-15,上櫃,2745,五福,83.70,-0.80,84.20,84.20,83.60,65000,5445300,51,TPEX_CSV,2026-09-15 14:15:45 +0800
1150915,2026-09-15,上櫃,2751,王座,54.30,-0.20,54.00,54.40,53.10,4000,215800,4,TPEX_CSV,2026-09-15 14:15:45 +0800
1150915,2026-09-15,上櫃,2752,豆府,176.50,-0.50,177.00,177.50,176.50,13000,2300000,11,TPEX_CSV,2026-09-15 14:15:45 +0800
1150915,2026-09-15,上櫃,2754,亞洲藏壽司,69.30,-1.00,69.40,69.40,69.00,6000,415700,6,TPEX_CSV,2026-09-15 14:15:45 +0800
1150915,2026-09-15,上櫃,2755,揚秦,98.10,-0.40,98.50,98.50,97.90,24000,2355700,19,TPEX_CSV,2026-09-15 14:15:45 +0800
1150915,2026-09-15,上櫃,2756,聯發國際,62.00,+0.80,61.20,62.00,61.20,37000,2272300,16,TPEX_CSV,2026-09-15 14:15:45 +0800
1150915,2026-09-15,上櫃,2916,滿心,40.40,-0.30,40.50,40.50,40.20,30000,1211400,21,TPEX_CSV,2026-09-15 14:15:45 +0800
1150915,2026-09-15,上櫃,2924,宏太-KY,18.20,+1.15,17.00,18.75,17.00,22000,406300,11,TPEX_CSV,2026-09-15 14:15:45 +0800
1150915,2026-09-15,上櫃,2926,誠品生活,30.00,-0.10,29.80,30.00,29.75,6000,179100,5,TPEX_CSV,2026-09-15 14:15:45 +0800
1150915,2026-09-15,上櫃,2937,集雅社,44.45,+0.50,43.95,44.45,43.95,5000,220700,5,TPEX_CSV,2026-09-15 14:15:45 +0800
1150915,2026-09-15,上櫃,2941,米斯特,----,---,----,----,----,0,0,0,TPEX_CSV,2026-09-15 14:15:45 +0800
1150915,2026-09-15,上櫃,2947,振宇五金,60.20,-0.30,60.50,60.80,60.20,17000,1028300,11,TPEX_CSV,2026-09-15 14:15:45 +0800
1150915,2026-09-15,上櫃,2948,寶陞,37.65,+0.35,36.80,37.65,36.80,3000,112050,3,TPEX_CSV,2026-09-15 14:15:45 +0800
1150915,2026-09-15,上櫃,2949,欣新網,61.20,-2.20,61.20,61.20,61.10,3000,183500,3,TPEX_CSV,2026-09-15 14:15:45 +0800
1150915,2026-09-15,上櫃,3064,泰偉,----,---,----,----,----,0,0,0,TPEX_CSV,2026-09-15 14:15:45 +0800
1150915,2026-09-15,上櫃,3066,李洲,24.15,+0.60,23.65,25.05,23.40,1017000,24848650,745,TPEX_CSV,2026-09-15 14:15:45 +0800
1150915,2026-09-15,上櫃,3067,全域,----,---,----,----,----,0,0,0,TPEX_CSV,2026-09-15 14:15:45 +0800
1150915,2026-09-15,上櫃,3071,協禧,22.80,-0.70,23.50,23.55,22.75,128000,2947600,99,TPEX_CSV,2026-09-15 14:15:45 +0800
1150915,2026-09-15,上櫃,3073,天方能源,21.00,-0.60,21.60,21.65,21.00,15000,323650,10,TPEX_CSV,2026-09-15 14:15:45 +0800
1150915,2026-09-15,上櫃,3078,僑威,43.50,-0.30,43.50,43.90,43.50,339000,14777050,254,TPEX_CSV,2026-09-15 14:15:45 +0800
1150915,2026-09-15,上櫃,3081,聯亞,2675.00,-70.00,2725.00,2745.00,2650.00,2210000,5967390000,1962,TPEX_CSV,2026-09-15 14:15:45 +0800
1150915,2026-09-15,上櫃,3083,網龍,21.75,-0.45,22.15,22.15,21.70,120000,2624500,67,TPEX_CSV,2026-09-15 14:15:45 +0800
1150915,2026-09-15,上櫃,3085,新零售,11.40,-0.50,11.15,11.50,11.15,3000,34050,3,TPEX_CSV,2026-09-15 14:15:45 +0800
1150915,2026-09-15,上櫃,3086,華義*,28.70,-0.95,29.25,29.65,28.70,73000,2132300,48,TPEX_CSV,2026-09-15 14:15:45 +0800
1150915,2026-09-15,上櫃,3088,艾訊,122.50,-1.50,123.50,126.00,122.50,365000,45206500,319,TPEX_CSV,2026-09-15 14:15:45 +0800
1150915,2026-09-15,上櫃,3093,港建*,43.15,-0.45,44.75,44.75,43.00,170000,7408400,127,TPEX_CSV,2026-09-15 14:15:45 +0800
1150915,2026-09-15,上櫃,3095,及成,35.15,-0.40,36.75,36.75,34.70,5000,177500,5,TPEX_CSV,2026-09-15 14:15:45 +0800
1150915,2026-09-15,上櫃,3105,穩懋,454.00,+10.00,447.50,476.00,445.50,35312000,16406415500,25851,TPEX_CSV,2026-09-15 14:15:45 +0800
1150915,2026-09-15,上櫃,3114,好德,29.35,-0.50,29.70,30.15,29.25,88000,2617550,74,TPEX_CSV,2026-09-15 14:15:45 +0800
1150915,2026-09-15,上櫃,3115,富榮綱,8.36,-0.01,8.20,8.36,8.20,8000,65840,6,TPEX_CSV,2026-09-15 14:15:45 +0800
1150915,2026-09-15,上櫃,3118,進階,31.65,+0.05,31.40,31.65,31.30,19000,599750,7,TPEX_CSV,2026-09-15 14:15:45 +0800
1150915,2026-09-15,上櫃,3122,笙泉,23.50,-0.50,23.55,23.70,23.50,36000,847900,20,TPEX_CSV,2026-09-15 14:15:45 +0800
1150915,2026-09-15,上櫃,3128,昇銳,20.80,+0.60,20.60,21.95,20.30,613000,13082000,452,TPEX_CSV,2026-09-15 14:15:45 +0800
1150915,2026-09-15,上櫃,3131,弘塑,2320.00,+10.00,2295.00,2420.00,2295.00,231000,546320000,215,TPEX_CSV,2026-09-15 14:15:45 +0800
1150915,2026-09-15,上櫃,3141,晶宏,91.60,+2.60,88.40,94.10,87.60,5136000,467762000,3805,TPEX_CSV,2026-09-15 14:15:45 +0800
1150915,2026-09-15,上櫃,3147,大綜,227.00,+1.00,229.00,233.50,225.00,746000,171114500,678,TPEX_CSV,2026-09-15 14:15:45 +0800
1150915,2026-09-15,上櫃,3152,璟德,217.00,-2.50,219.50,222.50,217.00,51000,11161500,48,TPEX_CSV,2026-09-15 14:15:45 +0800
1150915,2026-09-15,上櫃,3158,嘉實,86.10,-3.10,89.40,89.40,86.10,19000,1646900,19,TPEX_CSV,2026-09-15 14:15:45 +0800
1150915,2026-09-15,上櫃,3162,精確,68.00,-5.20,71.80,71.80,68.00,2056000,143339000,1427,TPEX_CSV,2026-09-15 14:15:45 +0800
1150915,2026-09-15,上櫃,3163,波若威,635.00,-21.00,650.00,655.00,631.00,1165000,748336000,1003,TPEX_CSV,2026-09-15 14:15:45 +0800
1150915,2026-09-15,上櫃,3169,亞信,100.00,0.00,100.00,101.00,99.60,76000,7605000,60,TPEX_CSV,2026-09-15 14:15:45 +0800
1150915,2026-09-15,上櫃,3171,炎洲流通,59.20,-0.40,59.60,59.60,58.60,4000,236700,4,TPEX_CSV,2026-09-15 14:15:45 +0800
1150915,2026-09-15,上櫃,3176,基亞,38.05,+1.55,36.50,39.00,36.50,1015000,38615200,645,TPEX_CSV,2026-09-15 14:15:45 +0800
1150915,2026-09-15,上櫃,3178,公準,59.50,+0.60,58.20,59.90,58.20,44000,2603600,38,TPEX_CSV,2026-09-15 14:15:45 +0800
1150915,2026-09-15,上櫃,3188,鑫龍騰,23.45,-0.20,23.75,23.75,23.45,89000,2097600,58,TPEX_CSV,2026-09-15 14:15:45 +0800
1150915,2026-09-15,上櫃,3191,雲嘉南,16.50,0.00,16.40,16.75,16.40,6000,99150,6,TPEX_CSV,2026-09-15 14:15:45 +0800
1150915,2026-09-15,上櫃,3205,佰研,46.35,-0.05,46.40,46.40,46.35,5000,231850,4,TPEX_CSV,2026-09-15 14:15:45 +0800
1150915,2026-09-15,上櫃,3206,志豐,34.70,+0.55,34.95,34.95,34.45,12000,417300,10,TPEX_CSV,2026-09-15 14:15:45 +0800
1150915,2026-09-15,上櫃,3207,耀勝,36.65,+0.15,36.70,37.20,36.35,81000,2984500,65,TPEX_CSV,2026-09-15 14:15:45 +0800
1150915,2026-09-15,上櫃,3211,順達,361.00,-1.50,361.00,369.50,358.00,1875000,682732000,1617,TPEX_CSV,2026-09-15 14:15:45 +0800
1150915,2026-09-15,上櫃,3213,茂訊,121.00,0.00,121.00,122.00,120.50,97000,11775500,74,TPEX_CSV,2026-09-15 14:15:45 +0800
1150915,2026-09-15,上櫃,3217,優群,127.00,0.00,126.00,127.50,126.00,157000,19915000,133,TPEX_CSV,2026-09-15 14:15:45 +0800
1150915,2026-09-15,上櫃,3218,大學光,133.00,-1.00,134.00,135.00,133.00,101000,13519000,81,TPEX_CSV,2026-09-15 14:15:45 +0800
1150915,2026-09-15,上櫃,3219,倚強科,83.50,-1.60,85.40,86.00,83.50,363000,30640100,274,TPEX_CSV,2026-09-15 14:15:45 +0800
1150915,2026-09-15,上櫃,3221,台嘉碩,46.30,+0.35,45.80,47.85,45.80,1186000,55597900,900,TPEX_CSV,2026-09-15 14:15:45 +0800
1150915,2026-09-15,上櫃,3224,三顧,32.75,+0.15,33.20,33.20,32.30,4000,130900,4,TPEX_CSV,2026-09-15 14:15:45 +0800
1150915,2026-09-15,上櫃,3226,龍鋒,55.50,-0.40,55.10,55.90,55.00,36000,1996700,19,TPEX_CSV,2026-09-15 14:15:45 +0800
1150915,2026-09-15,上櫃,3227,原相,180.00,-1.00,182.00,182.00,180.00,518000,93547500,431,TPEX_CSV,2026-09-15 14:15:45 +0800
1150915,2026-09-15,上櫃,3228,金麗科,160.50,-5.00,164.00,164.50,160.00,208000,33583500,147,TPEX_CSV,2026-09-15 14:15:45 +0800
1150915,2026-09-15,上櫃,3230,錦明,41.30,-0.50,41.50,41.80,41.30,203000,8433800,136,TPEX_CSV,2026-09-15 14:15:45 +0800
1150915,2026-09-15,上櫃,3232,昱捷,21.55,+1.95,19.85,21.55,19.85,261000,5523550,135,TPEX_CSV,2026-09-15 14:15:45 +0800
1150915,2026-09-15,上櫃,3234,光環,163.50,-10.50,172.50,173.50,163.00,2286000,383559500,1655,TPEX_CSV,2026-09-15 14:15:45 +0800
1150915,2026-09-15,上櫃,3236,千如,42.45,-0.65,43.10,44.45,42.45,1320000,57399650,972,TPEX_CSV,2026-09-15 14:15:45 +0800
1150915,2026-09-15,上櫃,3252,海灣,15.30,0.00,15.35,15.35,15.00,22000,333550,13,TPEX_CSV,2026-09-15 14:15:45 +0800
1150915,2026-09-15,上櫃,3259,鑫創,10.90,-0.10,11.00,11.05,10.90,25000,273200,17,TPEX_CSV,2026-09-15 14:15:45 +0800
1150915,2026-09-15,上櫃,3260,威剛,388.50,-9.50,395.00,395.00,385.00,5888000,2291066500,4165,TPEX_CSV,2026-09-15 14:15:45 +0800
1150915,2026-09-15,上櫃,3264,欣銓,221.00,-6.50,225.00,228.50,220.50,4528000,1013611500,3479,TPEX_CSV,2026-09-15 14:15:45 +0800
1150915,2026-09-15,上櫃,3265,台星科,160.50,-2.50,162.00,165.50,160.50,324000,52649000,276,TPEX_CSV,2026-09-15 14:15:45 +0800
1150915,2026-09-15,上櫃,3268,海德威,17.00,-0.30,17.35,17.35,17.00,44000,751400,31,TPEX_CSV,2026-09-15 14:15:45 +0800
1150915,2026-09-15,上櫃,3272,東碩,14.05,+0.10,14.00,14.05,13.95,22000,307650,11,TPEX_CSV,2026-09-15 14:15:45 +0800
1150915,2026-09-15,上櫃,3276,宇環,13.55,-0.40,13.95,14.00,13.55,141000,1947600,53,TPEX_CSV,2026-09-15 14:15:45 +0800
1150915,2026-09-15,上櫃,3284,太普高,19.25,-0.05,19.30,19.70,19.20,63000,1221100,44,TPEX_CSV,2026-09-15 14:15:45 +0800
1150915,2026-09-15,上櫃,3285,微端,38.30,-1.70,39.80,41.50,38.30,26000,1046200,24,TPEX_CSV,2026-09-15 14:15:45 +0800
1150915,2026-09-15,上櫃,3287,廣寰科,34.40,-0.40,34.55,34.75,34.40,60000,2075400,37,TPEX_CSV,2026-09-15 14:15:45 +0800
1150915,2026-09-15,上櫃,3288,點晶,20.65,+0.05,19.20,20.90,19.20,46000,937550,34,TPEX_CSV,2026-09-15 14:15:45 +0800
1150915,2026-09-15,上櫃,3289,宜特,129.50,-3.50,134.50,134.50,129.50,359000,46987500,284,TPEX_CSV,2026-09-15 14:15:45 +0800
1150915,2026-09-15,上櫃,3290,東浦,46.60,+0.60,45.80,47.20,45.80,358000,16679350,250,TPEX_CSV,2026-09-15 14:15:45 +0800
1150915,2026-09-15,上櫃,3293,鈊象,696.00,-3.00,699.00,701.00,695.00,802000,558909000,506,TPEX_CSV,2026-09-15 14:15:45 +0800
1150915,2026-09-15,上櫃,3294,英濟,28.65,-0.35,28.75,29.40,28.65,203000,5867400,137,TPEX_CSV,2026-09-15 14:15:45 +0800
1150915,2026-09-15,上櫃,3297,杭特,30.85,+2.80,28.80,30.85,28.40,341000,10410550,195,TPEX_CSV,2026-09-15 14:15:45 +0800
1150915,2026-09-15,上櫃,3303,岱稜,48.35,+0.45,47.70,48.85,47.70,245000,11905900,176,TPEX_CSV,2026-09-15 14:15:45 +0800
1150915,2026-09-15,上櫃,3306,鼎天,45.35,-0.20,46.55,46.55,45.15,142000,6473950,68,TPEX_CSV,2026-09-15 14:15:45 +0800
1150915,2026-09-15,上櫃,3310,佳穎,68.90,+0.40,69.40,69.40,67.90,23000,1589500,18,TPEX_CSV,2026-09-15 14:15:45 +0800
1150915,2026-09-15,上櫃,3313,斐成,10.65,-0.05,10.70,10.70,10.50,38000,400800,30,TPEX_CSV,2026-09-15 14:15:45 +0800
1150915,2026-09-15,上櫃,3317,尼克森,53.80,-0.90,55.10,55.20,53.70,209000,11353000,173,TPEX_CSV,2026-09-15 14:15:45 +0800
1150915,2026-09-15,上櫃,3322,建舜電,10.55,-0.10,10.65,10.90,10.45,395000,4178100,181,TPEX_CSV,2026-09-15 14:15:45 +0800
1150915,2026-09-15,上櫃,3323,加百裕,26.60,-0.10,26.75,27.20,26.60,141000,3784450,103,TPEX_CSV,2026-09-15 14:15:45 +0800
1150915,2026-09-15,上櫃,3324,雙鴻,1260.00,-45.00,1310.00,1365.00,1240.00,4170000,5414120000,3327,TPEX_CSV,2026-09-15 14:15:45 +0800
1150915,2026-09-15,上櫃,3325,旭品,11.10,0.00,11.20,11.30,11.00,99000,1096650,47,TPEX_CSV,2026-09-15 14:15:45 +0800
1150915,2026-09-15,上櫃,3332,幸康,61.40,+0.40,61.50,61.50,60.10,6000,366200,5,TPEX_CSV,2026-09-15 14:15:45 +0800
1150915,2026-09-15,上櫃,3339,泰谷,41.50,-0.85,42.35,42.40,40.90,681000,28328200,485,TPEX_CSV,2026-09-15 14:15:45 +0800
1150915,2026-09-15,上櫃,3349,寶德,20.10,+0.10,19.90,20.10,19.50,90000,1797300,45,TPEX_CSV,2026-09-15 14:15:45 +0800
1150915,2026-09-15,上櫃,3354,律勝,27.75,-0.25,27.45,30.20,27.30,1543000,44002850,1164,TPEX_CSV,2026-09-15 14:15:45 +0800
1150915,2026-09-15,上櫃,3357,臺慶科,199.00,0.00,200.00,204.50,199.00,559000,112690000,466,TPEX_CSV,2026-09-15 14:15:45 +0800
1150915,2026-09-15,上櫃,3360,尚立,14.05,-0.25,14.40,14.45,14.00,290000,4101400,171,TPEX_CSV,2026-09-15 14:15:45 +0800
1150915,2026-09-15,上櫃,3362,先進光,168.00,-0.50,170.00,176.00,166.50,3491000,598061500,2858,TPEX_CSV,2026-09-15 14:15:45 +0800
1150915,2026-09-15,上櫃,3363,上詮,648.00,-27.00,669.00,672.00,647.00,2539000,1668016000,2209,TPEX_CSV,2026-09-15 14:15:45 +0800
1150915,2026-09-15,上櫃,3372,典範,14.20,-0.35,14.55,14.55,14.15,302000,4311700,161,TPEX_CSV,2026-09-15 14:15:45 +0800
1150915,2026-09-15,上櫃,3373,熱映,15.80,-0.05,15.80,15.85,15.80,18000,284500,15,TPEX_CSV,2026-09-15 14:15:45 +0800
1150915,2026-09-15,上櫃,3374,精材,408.50,-21.00,429.00,430.50,407.00,7868000,3302776500,5751,TPEX_CSV,2026-09-15 14:15:45 +0800
1150915,2026-09-15,上櫃,3379,彬台,26.95,-0.15,26.90,27.30,26.85,40000,1079300,31,TPEX_CSV,2026-09-15 14:15:45 +0800
1150915,2026-09-15,上櫃,3388,崇越電,80.00,-1.00,81.60,81.60,80.00,254000,20436200,208,TPEX_CSV,2026-09-15 14:15:45 +0800
1150915,2026-09-15,上櫃,3390,旭軟,21.40,-0.10,21.65,21.65,21.20,113000,2413150,66,TPEX_CSV,2026-09-15 14:15:45 +0800
1150915,2026-09-15,上櫃,3402,漢科,123.00,-0.50,123.50,124.50,123.00,92000,11375500,73,TPEX_CSV,2026-09-15 14:15:45 +0800
1150915,2026-09-15,上櫃,3430,奇鈦科,101.00,+0.50,100.50,105.00,100.50,179000,18369000,144,TPEX_CSV,2026-09-15 14:15:45 +0800
1150915,2026-09-15,上櫃,3434,哲固,32.50,+2.95,29.85,32.50,29.55,750000,24266350,454,TPEX_CSV,2026-09-15 14:15:45 +0800
1150915,2026-09-15,上櫃,3438,類比科,61.00,-0.40,62.00,62.20,60.70,42000,2579200,39,TPEX_CSV,2026-09-15 14:15:45 +0800
1150915,2026-09-15,上櫃,3441,聯一光,169.50,+9.00,162.00,176.50,159.00,37659000,6374052000,25593,TPEX_CSV,2026-09-15 14:15:45 +0800
1150915,2026-09-15,上櫃,3444,利機,77.20,-0.60,77.70,78.40,77.00,70000,5427600,63,TPEX_CSV,2026-09-15 14:15:45 +0800
1150915,2026-09-15,上櫃,3455,由田,225.50,-5.00,228.50,233.50,225.50,768000,175954000,618,TPEX_CSV,2026-09-15 14:15:45 +0800
1150915,2026-09-15,上櫃,3465,進泰電子,29.00,-0.15,29.30,29.30,29.00,4000,116600,4,TPEX_CSV,2026-09-15 14:15:45 +0800
1150915,2026-09-15,上櫃,3466,德晉,24.30,+0.15,24.00,24.30,23.70,84000,2007900,82,TPEX_CSV,2026-09-15 14:15:45 +0800
1150915,2026-09-15,上櫃,3467,台灣精材,70.80,+6.40,70.80,70.80,70.80,606000,42904800,278,TPEX_CSV,2026-09-15 14:15:45 +0800
1150915,2026-09-15,上櫃,3479,安勤,129.50,+0.50,132.00,133.50,129.50,372000,48754000,310,TPEX_CSV,2026-09-15 14:15:45 +0800
1150915,2026-09-15,上櫃,3483,力致,73.40,-2.60,76.00,76.20,73.30,219000,16273400,167,TPEX_CSV,2026-09-15 14:15:45 +0800
1150915,2026-09-15,上櫃,3484,崧騰,43.80,+0.05,44.05,44.55,43.60,152000,6683850,83,TPEX_CSV,2026-09-15 14:15:45 +0800
1150915,2026-09-15,上櫃,3485,敘豐,187.00,-3.00,189.50,191.50,187.00,59000,11170500,52,TPEX_CSV,2026-09-15 14:15:45 +0800
1150915,2026-09-15,上櫃,3489,森寶,21.30,+0.15,21.25,21.50,21.00,78000,1659200,47,TPEX_CSV,2026-09-15 14:15:45 +0800
1150915,2026-09-15,上櫃,3490,單井,42.00,-0.10,42.10,43.80,41.75,5425000,232159650,3041,TPEX_CSV,2026-09-15 14:15:45 +0800
1150915,2026-09-15,上櫃,3491,昇達科,1355.00,-35.00,1390.00,1410.00,1340.00,641000,878750000,595,TPEX_CSV,2026-09-15 14:15:45 +0800
1150915,2026-09-15,上櫃,3492,長盛,18.80,-0.20,19.00,19.20,18.65,136000,2561600,83,TPEX_CSV,2026-09-15 14:15:45 +0800
1150915,2026-09-15,上櫃,3498,陽程,173.50,-17.00,188.50,190.00,173.50,3962000,714647000,2995,TPEX_CSV,2026-09-15 14:15:45 +0800
1150915,2026-09-15,上櫃,3499,環天科,12.95,-0.25,13.10,13.20,12.90,29000,377200,25,TPEX_CSV,2026-09-15 14:15:45 +0800
1150915,2026-09-15,上櫃,3508,位速,21.80,-0.30,22.05,22.90,21.80,210000,4665500,157,TPEX_CSV,2026-09-15 14:15:45 +0800
1150915,2026-09-15,上櫃,3511,矽瑪,18.15,-0.45,18.50,18.60,17.80,148000,2698450,103,TPEX_CSV,2026-09-15 14:15:45 +0800
1150915,2026-09-15,上櫃,3512,皇龍,19.05,-0.15,19.20,19.20,19.05,22000,419750,15,TPEX_CSV,2026-09-15 14:15:45 +0800
1150915,2026-09-15,上櫃,3516,亞帝歐,25.35,-0.05,25.35,25.35,25.35,1000,25350,1,TPEX_CSV,2026-09-15 14:15:45 +0800
1150915,2026-09-15,上櫃,3520,華盈,17.15,-0.20,17.20,17.40,17.00,57000,978900,51,TPEX_CSV,2026-09-15 14:15:45 +0800
1150915,2026-09-15,上櫃,3521,台鋼建設,12.05,-0.15,12.20,12.30,12.05,13000,158200,8,TPEX_CSV,2026-09-15 14:15:45 +0800
1150915,2026-09-15,上櫃,3522,御嵿,12.95,+0.10,12.85,13.05,12.70,133000,1713000,65,TPEX_CSV,2026-09-15 14:15:45 +0800
1150915,2026-09-15,上櫃,3523,迎輝,15.85,+1.40,15.85,15.85,15.85,48000,760800,27,TPEX_CSV,2026-09-15 14:15:45 +0800
1150915,2026-09-15,上櫃,3526,凡甲,262.00,-4.00,266.00,266.50,262.00,228000,60188000,200,TPEX_CSV,2026-09-15 14:15:45 +0800
1150915,2026-09-15,上櫃,3527,聚積,48.60,-1.15,49.90,49.90,48.60,50000,2455800,42,TPEX_CSV,2026-09-15 14:15:45 +0800
1150915,2026-09-15,上櫃,3529,力旺,2625.00,-105.00,2720.00,2720.00,2610.00,881000,2337590000,821,TPEX_CSV,2026-09-15 14:15:45 +0800
1150915,2026-09-15,上櫃,3531,先益,----,---,----,----,----,0,0,0,TPEX_CSV,2026-09-15 14:15:45 +0800
1150915,2026-09-15,上櫃,3537,堡達,51.80,-0.40,53.50,53.50,51.70,163000,8569700,128,TPEX_CSV,2026-09-15 14:15:45 +0800
1150915,2026-09-15,上櫃,3540,曜越,21.90,-0.80,22.55,22.55,21.90,433000,9572150,316,TPEX_CSV,2026-09-15 14:15:45 +0800
1150915,2026-09-15,上櫃,3541,西柏,22.05,-0.05,22.05,22.10,21.85,6000,132000,6,TPEX_CSV,2026-09-15 14:15:45 +0800
1150915,2026-09-15,上櫃,3546,宇峻,72.00,-0.40,72.40,72.40,71.60,51000,3675600,40,TPEX_CSV,2026-09-15 14:15:45 +0800
1150915,2026-09-15,上櫃,3548,兆利,76.40,-1.60,78.60,78.60,76.40,98000,7597900,75,TPEX_CSV,2026-09-15 14:15:45 +0800
1150915,2026-09-15,上櫃,3551,世禾,168.50,-1.00,169.50,170.50,168.00,86000,14534500,78,TPEX_CSV,2026-09-15 14:15:45 +0800
1150915,2026-09-15,上櫃,3552,同致,40.30,-1.45,41.30,41.45,40.30,162000,6621100,139,TPEX_CSV,2026-09-15 14:15:45 +0800
1150915,2026-09-15,上櫃,3555,博士旺,171.00,-14.00,183.50,185.50,171.00,60000,10694500,56,TPEX_CSV,2026-09-15 14:15:45 +0800
1150915,2026-09-15,上櫃,3556,禾瑞亞,55.80,-0.10,55.70,56.00,55.60,87000,4850500,66,TPEX_CSV,2026-09-15 14:15:45 +0800
1150915,2026-09-15,上櫃,3558,神準,119.50,+0.50,118.50,120.00,118.50,35000,4172000,31,TPEX_CSV,2026-09-15 14:15:45 +0800
1150915,2026-09-15,上櫃,3564,其陽,46.70,-0.90,48.50,48.85,46.60,177000,8402200,145,TPEX_CSV,2026-09-15 14:15:45 +0800
1150915,2026-09-15,上櫃,3567,逸昌,25.00,-0.35,25.25,25.40,25.00,19000,477250,16,TPEX_CSV,2026-09-15 14:15:45 +0800
1150915,2026-09-15,上櫃,3570,大塚,167.50,-0.50,168.00,169.00,167.50,17000,2855500,17,TPEX_CSV,2026-09-15 14:15:45 +0800
1150915,2026-09-15,上櫃,3577,泓格,109.50,-2.00,112.00,112.50,109.50,109000,12105500,84,TPEX_CSV,2026-09-15 14:15:45 +0800
1150915,2026-09-15,上櫃,3580,友威科,88.00,+6.10,85.80,90.00,85.80,1114000,99619800,652,TPEX_CSV,2026-09-15 14:15:45 +0800
1150915,2026-09-15,上櫃,3581,博磊,92.80,-3.70,96.50,97.80,92.80,274000,25939800,204,TPEX_CSV,2026-09-15 14:15:45 +0800
1150915,2026-09-15,上櫃,3587,閎康,229.00,-4.00,232.50,234.00,229.00,236000,54611500,209,TPEX_CSV,2026-09-15 14:15:45 +0800
1150915,2026-09-15,上櫃,3594,磐儀,45.45,-1.05,46.35,46.75,45.40,227000,10430050,175,TPEX_CSV,2026-09-15 14:15:45 +0800
1150915,2026-09-15,上櫃,3597,映興,26.30,-0.35,26.30,26.30,26.30,2000,52600,2,TPEX_CSV,2026-09-15 14:15:45 +0800
1150915,2026-09-15,上櫃,3609,三一東林,20.75,+0.90,20.00,20.75,19.30,379000,7604150,245,TPEX_CSV,2026-09-15 14:15:45 +0800
1150915,2026-09-15,上櫃,3611,鼎翰,180.50,-1.00,182.00,183.00,180.50,23000,4171500,22,TPEX_CSV,2026-09-15 14:15:45 +0800
1150915,2026-09-15,上櫃,3615,安可,32.80,-1.15,34.30,34.30,32.80,359000,12000700,210,TPEX_CSV,2026-09-15 14:15:45 +0800
1150915,2026-09-15,上櫃,3623,富晶通,26.05,-0.95,26.85,27.05,26.00,349000,9264000,227,TPEX_CSV,2026-09-15 14:15:45 +0800
1150915,2026-09-15,上櫃,3624,光頡,123.50,-0.50,122.50,129.50,120.00,33019000,4118387000,20754,TPEX_CSV,2026-09-15 14:15:45 +0800
1150915,2026-09-15,上櫃,3625,西勝,12.30,-0.15,12.45,12.45,12.05,108000,1320550,45,TPEX_CSV,2026-09-15 14:15:45 +0800
1150915,2026-09-15,上櫃,3628,盈正,72.00,-1.70,72.70,73.80,71.80,199000,14411600,151,TPEX_CSV,2026-09-15 14:15:45 +0800
1150915,2026-09-15,上櫃,3629,地心引力,19.60,+1.60,17.00,19.60,17.00,11000,189600,8,TPEX_CSV,2026-09-15 14:15:45 +0800
1150915,2026-09-15,上櫃,3630,新鉅科,25.75,-0.10,25.90,26.30,25.75,351000,9100050,169,TPEX_CSV,2026-09-15 14:15:45 +0800
1150915,2026-09-15,上櫃,3631,晟楠,36.70,-1.90,37.70,38.10,36.70,73000,2723650,54,TPEX_CSV,2026-09-15 14:15:45 +0800
1150915,2026-09-15,上櫃,3632,研勤,7.10,-0.01,7.11,7.11,7.10,8000,56810,8,TPEX_CSV,2026-09-15 14:15:45 +0800
1150915,2026-09-15,上櫃,3646,艾恩特,24.85,-0.05,24.90,24.95,24.75,10000,248500,10,TPEX_CSV,2026-09-15 14:15:45 +0800
1150915,2026-09-15,上櫃,3663,鑫科,60.00,+2.00,58.20,61.20,58.10,615000,36731800,508,TPEX_CSV,2026-09-15 14:15:45 +0800
1150915,2026-09-15,上櫃,3664,安瑞-KY,7.67,+0.69,6.98,7.67,6.98,47000,356860,32,TPEX_CSV,2026-09-15 14:15:45 +0800
1150915,2026-09-15,上櫃,3666,光耀,25.00,0.00,25.00,25.00,25.00,3000,75000,3,TPEX_CSV,2026-09-15 14:15:45 +0800
1150915,2026-09-15,上櫃,3672,康聯訊,11.80,-0.15,11.80,11.85,11.80,17000,200650,9,TPEX_CSV,2026-09-15 14:15:45 +0800
1150915,2026-09-15,上櫃,3675,德微,269.00,除息,288.00,291.50,269.00,1961000,550429500,1500,TPEX_CSV,2026-09-15 14:15:45 +0800
1150915,2026-09-15,上櫃,3680,家登,488.50,-18.50,498.00,504.00,488.50,1315000,651102000,1122,TPEX_CSV,2026-09-15 14:15:45 +0800
1150915,2026-09-15,上櫃,3684,榮昌,54.20,0.00,52.30,54.20,52.30,37000,1990100,29,TPEX_CSV,2026-09-15 14:15:45 +0800
1150915,2026-09-15,上櫃,3685,元創精密,35.65,-1.60,36.50,36.65,35.65,274000,9894250,164,TPEX_CSV,2026-09-15 14:15:45 +0800
1150915,2026-09-15,上櫃,3687,歐買尬,61.40,-0.20,61.40,61.60,60.50,25000,1527600,24,TPEX_CSV,2026-09-15 14:15:45 +0800
1150915,2026-09-15,上櫃,3689,湧德,105.50,-1.00,106.50,107.00,105.50,417000,44245500,269,TPEX_CSV,2026-09-15 14:15:45 +0800
1150915,2026-09-15,上櫃,3691,碩禾,94.10,-1.10,95.20,96.80,94.10,139000,13278400,107,TPEX_CSV,2026-09-15 14:15:45 +0800
1150915,2026-09-15,上櫃,3693,營邦,666.00,-22.00,680.00,685.00,662.00,1868000,1253711000,1678,TPEX_CSV,2026-09-15 14:15:45 +0800
1150915,2026-09-15,上櫃,3707,漢磊,58.90,-1.30,60.40,62.30,58.90,4058000,245314100,3027,TPEX_CSV,2026-09-15 14:15:45 +0800
1150915,2026-09-15,上櫃,3709,鑫聯大投控,60.80,-1.20,61.80,61.90,60.50,291000,17797600,203,TPEX_CSV,2026-09-15 14:15:45 +0800
1150915,2026-09-15,上櫃,3713,新晶投控,14.05,-0.20,14.10,14.10,14.00,7000,98400,7,TPEX_CSV,2026-09-15 14:15:45 +0800
1150915,2026-09-15,上櫃,3718,中光電投控,59.60,-1.30,60.30,61.50,59.30,6222000,373513900,4006,TPEX_CSV,2026-09-15 14:15:45 +0800
1150915,2026-09-15,上櫃,4102,永日,18.80,+0.15,18.70,18.80,18.25,16000,296150,14,TPEX_CSV,2026-09-15 14:15:45 +0800
1150915,2026-09-15,上櫃,4105,東洋,78.30,+0.20,78.10,78.70,77.90,478000,37493000,359,TPEX_CSV,2026-09-15 14:15:45 +0800
1150915,2026-09-15,上櫃,4107,邦特,111.00,-0.50,112.00,112.00,110.50,25000,2779000,20,TPEX_CSV,2026-09-15 14:15:45 +0800
1150915,2026-09-15,上櫃,4109,加捷生醫,11.05,0.00,11.05,11.15,10.90,83000,912550,69,TPEX_CSV,2026-09-15 14:15:45 +0800
1150915,2026-09-15,上櫃,4111,濟生,28.65,+0.10,28.60,28.75,28.60,24000,687400,20,TPEX_CSV,2026-09-15 14:15:45 +0800
1150915,2026-09-15,上櫃,4113,聯上,15.90,+0.05,15.80,16.00,15.70,145000,2290450,36,TPEX_CSV,2026-09-15 14:15:45 +0800
1150915,2026-09-15,上櫃,4114,健喬,29.35,-0.10,29.45,29.50,29.30,471000,13842300,307,TPEX_CSV,2026-09-15 14:15:45 +0800
1150915,2026-09-15,上櫃,4116,明基醫,39.60,+0.30,39.30,39.60,39.25,30000,1179650,12,TPEX_CSV,2026-09-15 14:15:45 +0800
1150915,2026-09-15,上櫃,4120,友華,46.95,-0.15,47.00,47.00,45.50,18000,826750,18,TPEX_CSV,2026-09-15 14:15:45 +0800
1150915,2026-09-15,上櫃,4121,優盛,12.65,-0.05,12.85,12.85,12.60,19000,241200,18,TPEX_CSV,2026-09-15 14:15:45 +0800
1150915,2026-09-15,上櫃,4123,晟德,30.35,0.00,30.10,30.75,30.10,1119000,33965850,580,TPEX_CSV,2026-09-15 14:15:45 +0800
1150915,2026-09-15,上櫃,4126,太醫,77.70,+0.50,76.80,77.70,76.80,7000,539300,6,TPEX_CSV,2026-09-15 14:15:45 +0800
1150915,2026-09-15,上櫃,4127,天良,59.00,-3.50,62.80,62.80,59.00,131000,7977200,108,TPEX_CSV,2026-09-15 14:15:45 +0800
1150915,2026-09-15,上櫃,4128,中天,14.50,+0.10,14.55,14.70,14.40,459000,6679950,243,TPEX_CSV,2026-09-15 14:15:45 +0800
1150915,2026-09-15,上櫃,4129,聯合,82.60,+0.20,82.10,83.00,81.90,163000,13445500,116,TPEX_CSV,2026-09-15 14:15:45 +0800
1150915,2026-09-15,上櫃,4131,浩泰,31.40,-0.60,31.40,31.40,31.40,1000,31400,1,TPEX_CSV,2026-09-15 14:15:45 +0800
1150915,2026-09-15,上櫃,4138,曜亞,53.90,+0.20,53.20,53.90,53.00,40000,2143900,28,TPEX_CSV,2026-09-15 14:15:45 +0800
1150915,2026-09-15,上櫃,4139,馬光-KY,40.45,+0.45,40.00,41.90,40.00,24000,975950,23,TPEX_CSV,2026-09-15 14:15:45 +0800
1150915,2026-09-15,上櫃,4147,中裕,59.60,-0.30,59.70,60.30,59.50,302000,18048100,223,TPEX_CSV,2026-09-15 14:15:45 +0800
1150915,2026-09-15,上櫃,4153,鈺緯,31.80,-0.10,31.90,31.90,31.80,5000,159200,5,TPEX_CSV,2026-09-15 14:15:45 +0800
1150915,2026-09-15,上櫃,4154,樂威科-KY,11.80,0.00,11.75,11.80,11.75,24000,283100,5,TPEX_CSV,2026-09-15 14:15:45 +0800
1150915,2026-09-15,上櫃,4157,太景*-KY,8.69,+0.02,8.67,8.80,8.66,702000,6127200,286,TPEX_CSV,2026-09-15 14:15:45 +0800
1150915,2026-09-15,上櫃,4160,訊聯基因,39.55,+0.35,39.70,39.70,38.80,4000,156900,4,TPEX_CSV,2026-09-15 14:15:45 +0800
1150915,2026-09-15,上櫃,4161,聿新科,22.30,-0.05,22.15,22.45,22.05,10000,223050,8,TPEX_CSV,2026-09-15 14:15:45 +0800
1150915,2026-09-15,上櫃,4162,智擎,54.80,+0.70,54.20,55.00,54.10,214000,11719600,154,TPEX_CSV,2026-09-15 14:15:45 +0800
1150915,2026-09-15,上櫃,4163,鐿鈦,132.00,+2.00,130.00,132.00,130.00,18000,2365500,18,TPEX_CSV,2026-09-15 14:15:45 +0800
1150915,2026-09-15,上櫃,4166,友霖,23.80,+0.10,24.05,24.05,23.65,35000,833150,30,TPEX_CSV,2026-09-15 14:15:45 +0800
1150915,2026-09-15,上櫃,4167,松瑞藥,19.05,+0.20,18.90,19.20,18.90,356000,6790900,178,TPEX_CSV,2026-09-15 14:15:45 +0800
1150915,2026-09-15,上櫃,4168,醣聯,21.60,-0.20,21.50,21.90,21.50,48000,1041150,24,TPEX_CSV,2026-09-15 14:15:45 +0800
1150915,2026-09-15,上櫃,4171,瑞基,16.15,0.00,16.05,16.20,16.05,33000,532500,18,TPEX_CSV,2026-09-15 14:15:45 +0800
1150915,2026-09-15,上櫃,4173,久裕,17.10,0.00,17.10,17.10,17.10,7000,119700,7,TPEX_CSV,2026-09-15 14:15:45 +0800
1150915,2026-09-15,上櫃,4174,浩鼎,26.00,+0.90,25.10,26.25,25.10,382000,9879500,288,TPEX_CSV,2026-09-15 14:15:45 +0800
1150915,2026-09-15,上櫃,4175,杏一,51.50,+0.30,51.20,51.50,51.20,6000,308700,5,TPEX_CSV,2026-09-15 14:15:45 +0800
1150915,2026-09-15,上櫃,4183,福永生技,13.20,-0.30,13.20,13.20,13.20,1000,13200,1,TPEX_CSV,2026-09-15 14:15:45 +0800
1150915,2026-09-15,上櫃,4188,安克,14.20,-0.40,14.60,14.60,14.00,100000,1416600,68,TPEX_CSV,2026-09-15 14:15:45 +0800
1150915,2026-09-15,上櫃,4192,杏國,----,---,----,----,----,0,0,0,TPEX_CSV,2026-09-15 14:15:45 +0800
1150915,2026-09-15,上櫃,4198,欣大健康,49.90,+0.10,49.50,49.95,49.50,3000,149350,3,TPEX_CSV,2026-09-15 14:15:45 +0800
1150915,2026-09-15,上櫃,4205,中華食,68.90,+0.10,68.80,68.90,68.80,10000,688400,8,TPEX_CSV,2026-09-15 14:15:45 +0800
1150915,2026-09-15,上櫃,4207,環泰,19.30,-0.05,19.35,19.35,19.30,102000,1971400,51,TPEX_CSV,2026-09-15 14:15:45 +0800
1150915,2026-09-15,上櫃,4303,信立,34.85,-0.90,35.25,35.40,34.85,414000,14524200,282,TPEX_CSV,2026-09-15 14:15:45 +0800
1150915,2026-09-15,上櫃,4304,勝昱,15.50,-1.70,16.05,16.10,15.50,154000,2415350,71,TPEX_CSV,2026-09-15 14:15:45 +0800
1150915,2026-09-15,上櫃,4305,世坤,42.00,0.00,42.50,42.50,41.80,8000,336250,5,TPEX_CSV,2026-09-15 14:15:45 +0800
1150915,2026-09-15,上櫃,4401,東隆興,13.55,-0.40,14.25,14.25,13.55,68000,946450,42,TPEX_CSV,2026-09-15 14:15:45 +0800
1150915,2026-09-15,上櫃,4402,郡都開發,14.35,+0.05,14.35,14.65,14.35,7000,100750,5,TPEX_CSV,2026-09-15 14:15:45 +0800
1150915,2026-09-15,上櫃,4406,新昕纖,10.10,+0.15,9.85,10.10,9.85,152000,1519880,10,TPEX_CSV,2026-09-15 14:15:45 +0800
1150915,2026-09-15,上櫃,4413,飛寶企業,18.80,-0.60,19.85,19.85,18.80,4000,77700,4,TPEX_CSV,2026-09-15 14:15:45 +0800
1150915,2026-09-15,上櫃,4416,三圓,11.60,+0.85,10.70,11.80,10.70,2123000,24365900,975,TPEX_CSV,2026-09-15 14:15:45 +0800
1150915,2026-09-15,上櫃,4417,金洲,49.45,-0.20,49.65,49.65,49.30,72000,3563900,58,TPEX_CSV,2026-09-15 14:15:45 +0800
1150915,2026-09-15,上櫃,4419,皇家美食,46.60,+1.50,45.20,46.70,45.10,15000,680850,14,TPEX_CSV,2026-09-15 14:15:45 +0800
1150915,2026-09-15,上櫃,4420,光明,39.25,-0.60,39.75,39.80,39.00,54000,2128750,42,TPEX_CSV,2026-09-15 14:15:45 +0800
1150915,2026-09-15,上櫃,4430,耀億,17.25,-0.25,17.40,17.55,17.10,16000,276050,15,TPEX_CSV,2026-09-15 14:15:45 +0800
1150915,2026-09-15,上櫃,4432,銘旺實,15.75,+0.20,15.80,15.80,15.50,20000,313750,16,TPEX_CSV,2026-09-15 14:15:45 +0800
1150915,2026-09-15,上櫃,4433,興采,18.40,+0.05,18.20,18.80,18.20,117000,2139550,91,TPEX_CSV,2026-09-15 14:15:45 +0800
1150915,2026-09-15,上櫃,4442,竣邦-KY,56.60,+1.00,56.80,57.00,55.70,89000,5044900,76,TPEX_CSV,2026-09-15 14:15:45 +0800
1150915,2026-09-15,上櫃,4502,健信,15.70,+0.05,15.65,15.70,15.50,20000,312600,20,TPEX_CSV,2026-09-15 14:15:45 +0800
1150915,2026-09-15,上櫃,4503,金雨,22.20,-0.30,22.50,22.60,22.15,95000,2121800,63,TPEX_CSV,2026-09-15 14:15:45 +0800
1150915,2026-09-15,上櫃,4506,崇友,118.50,-0.50,118.50,119.00,118.50,43000,5096500,36,TPEX_CSV,2026-09-15 14:15:45 +0800
1150915,2026-09-15,上櫃,4510,高鋒,41.85,+0.05,41.80,42.45,41.80,434000,18241950,272,TPEX_CSV,2026-09-15 14:15:45 +0800
1150915,2026-09-15,上櫃,4513,福裕,15.25,-0.20,15.50,15.60,15.25,119000,1836450,77,TPEX_CSV,2026-09-15 14:15:45 +0800
1150915,2026-09-15,上櫃,4523,永彰,23.45,-0.35,23.80,23.80,23.35,37000,869350,23,TPEX_CSV,2026-09-15 14:15:45 +0800
1150915,2026-09-15,上櫃,4527,方土霖,40.80,-0.20,41.00,41.00,40.50,20000,815600,13,TPEX_CSV,2026-09-15 14:15:45 +0800
1150915,2026-09-15,上櫃,4528,江興鍛,14.85,-0.05,15.15,15.15,14.80,19000,284500,17,TPEX_CSV,2026-09-15 14:15:45 +0800
1150915,2026-09-15,上櫃,4529,淳紳,3.54,-0.01,3.54,3.54,3.54,25000,88500,15,TPEX_CSV,2026-09-15 14:15:45 +0800
1150915,2026-09-15,上櫃,4530,天意能創,25.70,0.00,25.70,25.70,25.70,1000,25700,1,TPEX_CSV,2026-09-15 14:15:45 +0800
1150915,2026-09-15,上櫃,4533,協易機,24.35,-0.20,24.55,24.55,24.05,408000,9879050,232,TPEX_CSV,2026-09-15 14:15:45 +0800
1150915,2026-09-15,上櫃,4534,慶騰,27.25,-0.60,27.85,28.20,27.25,253000,7024450,143,TPEX_CSV,2026-09-15 14:15:45 +0800
1150915,2026-09-15,上櫃,4535,至興,26.90,-0.50,27.00,27.00,26.20,20000,531600,18,TPEX_CSV,2026-09-15 14:15:45 +0800
1150915,2026-09-15,上櫃,4538,大詠城,17.30,+0.05,17.50,17.65,17.20,15000,260600,15,TPEX_CSV,2026-09-15 14:15:45 +0800
1150915,2026-09-15,上櫃,4541,晟田,56.30,-0.90,56.60,57.40,56.10,552000,31256100,411,TPEX_CSV,2026-09-15 14:15:45 +0800
1150915,2026-09-15,上櫃,4542,科嶠,250.00,-2.00,249.00,266.00,249.00,305000,77934500,283,TPEX_CSV,2026-09-15 14:15:45 +0800
1150915,2026-09-15,上櫃,4543,萬在,27.60,-0.40,27.60,28.00,27.55,64000,1769900,51,TPEX_CSV,2026-09-15 14:15:45 +0800
1150915,2026-09-15,上櫃,4549,桓達,94.20,-1.20,94.60,94.60,93.00,44000,4120900,33,TPEX_CSV,2026-09-15 14:15:45 +0800
1150915,2026-09-15,上櫃,4550,長佳,24.20,-0.15,24.20,24.20,24.20,6000,145200,3,TPEX_CSV,2026-09-15 14:15:45 +0800
1150915,2026-09-15,上櫃,4554,橙的,28.10,-0.20,28.00,28.35,28.00,10000,282100,8,TPEX_CSV,2026-09-15 14:15:45 +0800
1150915,2026-09-15,上櫃,4556,旭然,85.00,-5.40,92.00,95.20,84.40,1476000,132180400,1232,TPEX_CSV,2026-09-15 14:15:45 +0800
1150915,2026-09-15,上櫃,4558,寶緯,17.25,0.00,17.25,17.25,17.05,6000,103050,6,TPEX_CSV,2026-09-15 14:15:45 +0800
1150915,2026-09-15,上櫃,4561,健椿,39.50,-0.50,39.50,40.40,39.50,53000,2109750,38,TPEX_CSV,2026-09-15 14:15:45 +0800
1150915,2026-09-15,上櫃,4563,百德,44.65,-0.35,45.00,45.05,44.50,41000,1834800,32,TPEX_CSV,2026-09-15 14:15:45 +0800
1150915,2026-09-15,上櫃,4568,科際精密,39.85,+1.30,39.85,39.85,39.85,2000,79700,2,TPEX_CSV,2026-09-15 14:15:45 +0800
1150915,2026-09-15,上櫃,4577,達航科技,84.50,+0.10,83.70,84.50,82.20,311000,26009800,240,TPEX_CSV,2026-09-15 14:15:45 +0800
1150915,2026-09-15,上櫃,4580,捷流閥業,80.80,+0.20,80.80,80.80,80.10,42000,3380300,36,TPEX_CSV,2026-09-15 14:15:45 +0800
1150915,2026-09-15,上櫃,4584,君帆,37.00,-0.60,37.50,37.50,37.00,10000,373650,6,TPEX_CSV,2026-09-15 14:15:45 +0800
1150915,2026-09-15,上櫃,4609,唐鋒,4.24,0.00,4.24,4.24,4.24,1000,4240,1,TPEX_CSV,2026-09-15 14:15:45 +0800
1150915,2026-09-15,上櫃,4702,中美實,9.25,+0.01,9.19,9.29,9.18,13000,120180,10,TPEX_CSV,2026-09-15 14:15:45 +0800
1150915,2026-09-15,上櫃,4706,大恭,34.10,-2.25,35.80,35.95,34.10,20000,705050,16,TPEX_CSV,2026-09-15 14:15:45 +0800
1150915,2026-09-15,上櫃,4707,磐亞,26.15,+0.05,25.85,26.30,25.65,993000,25819300,527,TPEX_CSV,2026-09-15 14:15:45 +0800
1150915,2026-09-15,上櫃,4711,永純,16.30,+0.10,16.40,16.40,16.20,11000,178850,11,TPEX_CSV,2026-09-15 14:15:45 +0800
1150915,2026-09-15,上櫃,4714,永捷,11.10,-0.30,11.50,11.70,11.10,1992000,22518550,633,TPEX_CSV,2026-09-15 14:15:45 +0800
1150915,2026-09-15,上櫃,4716,大立,16.30,-0.25,16.60,16.60,16.30,276000,4542550,160,TPEX_CSV,2026-09-15 14:15:45 +0800
1150915,2026-09-15,上櫃,4721,美琪瑪,71.00,-0.20,71.10,72.80,70.80,219000,15644400,164,TPEX_CSV,2026-09-15 14:15:45 +0800
1150915,2026-09-15,上櫃,4726,永昕,22.60,-0.35,22.95,23.00,22.45,82000,1868200,60,TPEX_CSV,2026-09-15 14:15:45 +0800
1150915,2026-09-15,上櫃,4728,雙美,395.00,-5.00,395.00,395.00,392.50,6000,2367500,4,TPEX_CSV,2026-09-15 14:15:45 +0800
1150915,2026-09-15,上櫃,4729,熒茂,18.30,0.00,18.35,18.35,18.20,31000,566700,25,TPEX_CSV,2026-09-15 14:15:45 +0800
1150915,2026-09-15,上櫃,4735,豪展,35.60,-0.30,35.70,35.70,35.50,14000,499050,12,TPEX_CSV,2026-09-15 14:15:45 +0800
1150915,2026-09-15,上櫃,4741,泓瀚,36.80,-0.30,38.25,38.25,36.80,65000,2411950,49,TPEX_CSV,2026-09-15 14:15:45 +0800
1150915,2026-09-15,上櫃,4743,合一,43.50,+0.05,43.90,44.40,43.25,720000,31624450,548,TPEX_CSV,2026-09-15 14:15:45 +0800
1150915,2026-09-15,上櫃,4744,皇將,27.45,+0.50,26.65,27.60,26.60,65000,1772600,31,TPEX_CSV,2026-09-15 14:15:45 +0800
1150915,2026-09-15,上櫃,4745,合富-KY,11.65,+0.10,11.55,11.65,11.50,17000,195900,13,TPEX_CSV,2026-09-15 14:15:45 +0800
1150915,2026-09-15,上櫃,4747,強生*,24.50,-0.50,25.00,25.00,24.45,20000,491700,16,TPEX_CSV,2026-09-15 14:15:45 +0800
1150915,2026-09-15,上櫃,4749,新應材,705.00,-4.00,709.00,715.00,704.00,207000,146563000,194,TPEX_CSV,2026-09-15 14:15:45 +0800
1150915,2026-09-15,上櫃,4754,國碳科,37.15,-0.35,37.25,37.30,36.95,27000,1001900,20,TPEX_CSV,2026-09-15 14:15:45 +0800
1150915,2026-09-15,上櫃,4760,勤凱,257.00,+1.50,262.00,269.50,257.00,353000,92863000,319,TPEX_CSV,2026-09-15 14:15:45 +0800
1150915,2026-09-15,上櫃,4767,誠泰科技,27.75,0.00,28.30,28.30,27.45,6000,166600,6,TPEX_CSV,2026-09-15 14:15:45 +0800
1150915,2026-09-15,上櫃,4768,晶呈科技,292.50,-8.50,301.00,302.00,292.50,225000,66888000,206,TPEX_CSV,2026-09-15 14:15:45 +0800
1150915,2026-09-15,上櫃,4772,台特化,238.50,0.00,238.50,238.50,235.00,235000,55699500,202,TPEX_CSV,2026-09-15 14:15:45 +0800
1150915,2026-09-15,上櫃,4806,桂田文創,----,---,----,----,----,0,0,0,TPEX_CSV,2026-09-15 14:15:45 +0800
1150915,2026-09-15,上櫃,4903,聯光通,34.20,-0.60,34.80,34.95,33.80,834000,28593700,611,TPEX_CSV,2026-09-15 14:15:45 +0800
1150915,2026-09-15,上櫃,4905,台聯電,76.50,-1.00,76.10,77.10,75.60,49000,3724500,36,TPEX_CSV,2026-09-15 14:15:45 +0800
1150915,2026-09-15,上櫃,4907,富宇,43.90,-0.15,43.85,44.20,43.10,52000,2271300,38,TPEX_CSV,2026-09-15 14:15:45 +0800
1150915,2026-09-15,上櫃,4908,前鼎,224.00,-1.50,223.00,245.00,218.00,7655000,1770147500,5724,TPEX_CSV,2026-09-15 14:15:45 +0800
1150915,2026-09-15,上櫃,4909,新復興,33.45,-0.15,33.75,34.10,33.30,266000,8970550,199,TPEX_CSV,2026-09-15 14:15:45 +0800
1150915,2026-09-15,上櫃,4911,德英,28.40,-0.10,28.50,28.50,28.10,6000,169350,6,TPEX_CSV,2026-09-15 14:15:45 +0800
1150915,2026-09-15,上櫃,4923,力士,53.10,+1.00,51.80,55.20,51.80,263000,14095200,192,TPEX_CSV,2026-09-15 14:15:45 +0800
1150915,2026-09-15,上櫃,4924,欣厚-KY,13.50,+1.20,13.50,13.50,13.50,483000,6520500,89,TPEX_CSV,2026-09-15 14:15:45 +0800
1150915,2026-09-15,上櫃,4931,新盛力,225.00,-6.50,229.50,233.00,225.00,1787000,409596500,1522,TPEX_CSV,2026-09-15 14:15:45 +0800
1150915,2026-09-15,上櫃,4933,友輝,51.20,0.00,51.20,51.50,50.80,26000,1328000,23,TPEX_CSV,2026-09-15 14:15:45 +0800
1150915,2026-09-15,上櫃,4939,亞電,78.00,-2.60,80.20,82.80,77.70,7857000,629985600,5516,TPEX_CSV,2026-09-15 14:15:45 +0800
1150915,2026-09-15,上櫃,4946,辣椒,92.20,+0.60,91.80,92.20,91.80,2000,184000,2,TPEX_CSV,2026-09-15 14:15:45 +0800
1150915,2026-09-15,上櫃,4950,金耘國際,15.70,-0.70,15.70,16.00,15.45,65000,1012000,48,TPEX_CSV,2026-09-15 14:15:45 +0800
1150915,2026-09-15,上櫃,4951,精拓科,80.20,-0.80,81.10,81.90,79.80,181000,14534700,143,TPEX_CSV,2026-09-15 14:15:45 +0800
1150915,2026-09-15,上櫃,4953,緯致,121.00,+0.50,124.50,125.50,120.50,700000,86030500,534,TPEX_CSV,2026-09-15 14:15:45 +0800
1150915,2026-09-15,上櫃,4966,譜瑞-KY,523.00,-14.00,538.00,538.00,522.00,225000,118848000,204,TPEX_CSV,2026-09-15 14:15:45 +0800
1150915,2026-09-15,上櫃,4971,IET-KY,522.00,-9.00,524.00,557.00,520.00,1399000,752658000,1292,TPEX_CSV,2026-09-15 14:15:45 +0800
1150915,2026-09-15,上櫃,4972,湯石照明,16.25,0.00,16.30,16.35,16.25,7000,114000,6,TPEX_CSV,2026-09-15 14:15:45 +0800
1150915,2026-09-15,上櫃,4973,廣穎,135.00,-3.00,136.50,137.50,135.00,511000,69554000,407,TPEX_CSV,2026-09-15 14:15:45 +0800
1150915,2026-09-15,上櫃,4974,亞泰,70.30,-0.50,70.60,70.80,70.20,48000,3377000,42,TPEX_CSV,2026-09-15 14:15:45 +0800
1150915,2026-09-15,上櫃,4979,華星光,509.00,-38.00,542.00,542.00,501.00,1726000,891386000,1430,TPEX_CSV,2026-09-15 14:15:45 +0800
1150915,2026-09-15,上櫃,4991,環宇-KY,418.00,-27.00,445.50,448.00,418.00,2828000,1222940000,2521,TPEX_CSV,2026-09-15 14:15:45 +0800
1150915,2026-09-15,上櫃,4995,晶達,51.90,+0.70,51.60,52.00,50.80,19000,980300,17,TPEX_CSV,2026-09-15 14:15:45 +0800
1150915,2026-09-15,上櫃,5009,榮剛,31.95,+0.10,31.80,32.20,31.80,1410000,45108400,617,TPEX_CSV,2026-09-15 14:15:45 +0800
1150915,2026-09-15,上櫃,5011,久陽,17.85,-0.25,18.30,18.30,17.85,153000,2746900,78,TPEX_CSV,2026-09-15 14:15:45 +0800
1150915,2026-09-15,上櫃,5013,強新,30.00,+1.00,28.35,30.00,28.35,51000,1516300,28,TPEX_CSV,2026-09-15 14:15:45 +0800
1150915,2026-09-15,上櫃,5014,建錩,9.76,-0.06,9.89,9.89,9.76,92000,899120,45,TPEX_CSV,2026-09-15 14:15:45 +0800
1150915,2026-09-15,上櫃,5015,華祺,21.80,-0.05,21.75,21.80,21.75,10000,217900,6,TPEX_CSV,2026-09-15 14:15:45 +0800
1150915,2026-09-15,上櫃,5016,松和,24.35,-0.10,24.15,24.60,24.15,19000,465050,12,TPEX_CSV,2026-09-15 14:15:45 +0800
1150915,2026-09-15,上櫃,5201,凱衛,30.50,+0.55,29.85,31.20,29.85,184000,5628250,110,TPEX_CSV,2026-09-15 14:15:45 +0800
1150915,2026-09-15,上櫃,5202,力新,14.15,+1.25,12.80,14.15,12.75,1991000,27195300,903,TPEX_CSV,2026-09-15 14:15:45 +0800
1150915,2026-09-15,上櫃,5205,中茂,18.70,-1.05,18.70,18.70,18.70,1000,18700,1,TPEX_CSV,2026-09-15 14:15:45 +0800
1150915,2026-09-15,上櫃,5206,坤悅,21.30,-0.80,21.00,22.00,21.00,1193000,25585550,1005,TPEX_CSV,2026-09-15 14:15:45 +0800
1150915,2026-09-15,上櫃,5209,新鼎,172.50,-0.50,175.00,175.00,171.50,121000,20900000,96,TPEX_CSV,2026-09-15 14:15:45 +0800
1150915,2026-09-15,上櫃,5210,寶碩,28.50,+0.05,28.95,28.95,28.50,64000,1831250,43,TPEX_CSV,2026-09-15 14:15:45 +0800
1150915,2026-09-15,上櫃,5211,蒙恬,20.60,+0.20,21.00,21.00,20.40,64000,1322000,47,TPEX_CSV,2026-09-15 14:15:45 +0800
1150915,2026-09-15,上櫃,5212,凌網,46.35,-0.45,46.95,46.95,46.10,14000,648800,13,TPEX_CSV,2026-09-15 14:15:45 +0800
1150915,2026-09-15,上櫃,5213,亞昕,20.40,-0.15,20.60,20.60,20.35,103000,2103650,88,TPEX_CSV,2026-09-15 14:15:45 +0800
1150915,2026-09-15,上櫃,5220,萬達光電,19.75,+0.05,19.55,19.75,19.40,18000,353250,16,TPEX_CSV,2026-09-15 14:15:45 +0800
1150915,2026-09-15,上櫃,5223,安力-KY,22.90,-0.55,23.10,23.15,22.90,9000,207050,6,TPEX_CSV,2026-09-15 14:15:45 +0800
1150915,2026-09-15,上櫃,5227,立凱-KY,29.10,-0.40,30.10,30.10,29.10,170000,5025600,125,TPEX_CSV,2026-09-15 14:15:45 +0800
1150915,2026-09-15,上櫃,5228,鈺鎧,38.80,-0.70,39.70,40.10,38.80,151000,5938950,112,TPEX_CSV,2026-09-15 14:15:45 +0800
1150915,2026-09-15,上櫃,5230,雷笛克光學,18.30,-0.15,18.50,18.80,18.20,160000,2936550,105,TPEX_CSV,2026-09-15 14:15:45 +0800
1150915,2026-09-15,上櫃,5245,智晶,21.05,-0.70,22.55,22.55,21.05,67000,1423800,52,TPEX_CSV,2026-09-15 14:15:45 +0800
1150915,2026-09-15,上櫃,5251,天鉞電,29.15,+2.65,27.65,29.15,27.00,673000,19419400,375,TPEX_CSV,2026-09-15 14:15:45 +0800
1150915,2026-09-15,上櫃,5263,智崴,89.40,-1.80,91.20,91.20,88.00,363000,32319200,285,TPEX_CSV,2026-09-15 14:15:45 +0800
1150915,2026-09-15,上櫃,5272,笙科,16.50,-0.30,16.80,16.80,16.40,61000,1010400,51,TPEX_CSV,2026-09-15 14:15:45 +0800
1150915,2026-09-15,上櫃,5274,信驊,17520.00,-460.00,17980.00,18160.00,17405.00,113000,2006625000,113,TPEX_CSV,2026-09-15 14:15:45 +0800
1150915,2026-09-15,上櫃,5276,達輝-KY,17.90,+0.25,17.90,17.90,17.90,1000,17900,1,TPEX_CSV,2026-09-15 14:15:45 +0800
1150915,2026-09-15,上櫃,5278,尚凡*,23.30,-0.20,23.45,23.50,23.20,43000,1003700,41,TPEX_CSV,2026-09-15 14:15:45 +0800
1150915,2026-09-15,上櫃,5287,數字,134.50,0.00,135.00,135.00,134.50,26000,3501000,25,TPEX_CSV,2026-09-15 14:15:45 +0800
1150915,2026-09-15,上櫃,5289,宜鼎,1275.00,-15.00,1295.00,1305.00,1260.00,912000,1169820000,822,TPEX_CSV,2026-09-15 14:15:45 +0800
1150915,2026-09-15,上櫃,5291,邑昇,56.70,-0.80,57.30,59.70,56.50,457000,26578000,373,TPEX_CSV,2026-09-15 14:15:45 +0800
1150915,2026-09-15,上櫃,5299,杰力,92.30,-0.70,93.00,93.50,92.10,53000,4908200,47,TPEX_CSV,2026-09-15 14:15:45 +0800
1150915,2026-09-15,上櫃,5301,寶得利,5.00,-0.01,5.06,5.20,5.00,40000,200550,16,TPEX_CSV,2026-09-15 14:15:45 +0800
1150915,2026-09-15,上櫃,5302,太欣,9.60,-0.06,9.66,9.72,9.60,184000,1776370,90,TPEX_CSV,2026-09-15 14:15:45 +0800
1150915,2026-09-15,上櫃,5309,系統電,49.25,+0.05,49.50,49.70,49.10,516000,25480500,380,TPEX_CSV,2026-09-15 14:15:45 +0800
1150915,2026-09-15,上櫃,5310,天剛,25.00,0.00,25.00,25.00,25.00,9000,225000,5,TPEX_CSV,2026-09-15 14:15:45 +0800
1150915,2026-09-15,上櫃,5312,寶島科,89.70,-0.10,91.00,91.00,89.70,6000,542100,6,TPEX_CSV,2026-09-15 14:15:45 +0800
1150915,2026-09-15,上櫃,5314,世紀*,34.20,-3.75,34.20,34.20,34.20,6682000,228524400,2608,TPEX_CSV,2026-09-15 14:15:45 +0800
1150915,2026-09-15,上櫃,5315,光聯,18.00,-0.05,18.05,18.15,18.00,72000,1297850,52,TPEX_CSV,2026-09-15 14:15:45 +0800
1150915,2026-09-15,上櫃,5321,美而快,66.40,-5.40,72.80,73.60,66.00,714000,50110900,542,TPEX_CSV,2026-09-15 14:15:45 +0800
1150915,2026-09-15,上櫃,5324,士開,12.25,0.00,12.25,12.30,12.20,238000,2916300,62,TPEX_CSV,2026-09-15 14:15:45 +0800
1150915,2026-09-15,上櫃,5328,華容,51.50,-2.50,53.90,55.20,51.50,3684000,194749300,2623,TPEX_CSV,2026-09-15 14:15:45 +0800
1150915,2026-09-15,上櫃,5340,建榮,81.80,-2.50,83.90,85.50,81.70,2657000,222511200,1912,TPEX_CSV,2026-09-15 14:15:45 +0800
1150915,2026-09-15,上櫃,5344,立衛,13.15,0.00,13.10,13.15,13.10,8000,105100,5,TPEX_CSV,2026-09-15 14:15:45 +0800
1150915,2026-09-15,上櫃,5345,馥鴻,21.00,+0.45,21.00,21.00,21.00,7000,147000,7,TPEX_CSV,2026-09-15 14:15:45 +0800
1150915,2026-09-15,上櫃,5347,世界,153.00,-6.50,157.50,157.50,153.00,8697000,1346473500,5513,TPEX_CSV,2026-09-15 14:15:45 +0800
1150915,2026-09-15,上櫃,5348,正能量智能,16.00,+0.45,15.45,16.15,15.35,11000,174200,10,TPEX_CSV,2026-09-15 14:15:45 +0800
1150915,2026-09-15,上櫃,5351,鈺創,102.50,-3.50,105.00,106.00,102.50,6211000,645857500,3837,TPEX_CSV,2026-09-15 14:15:45 +0800
1150915,2026-09-15,上櫃,5353,台林,27.60,0.00,28.00,28.00,27.30,24000,666200,14,TPEX_CSV,2026-09-15 14:15:45 +0800
1150915,2026-09-15,上櫃,5355,佳總,6.54,+0.59,6.01,6.54,6.01,499000,3203460,179,TPEX_CSV,2026-09-15 14:15:45 +0800
1150915,2026-09-15,上櫃,5356,協益,25.85,0.00,25.85,25.85,25.75,20000,516650,10,TPEX_CSV,2026-09-15 14:15:45 +0800
1150915,2026-09-15,上櫃,5364,力麗店,8.33,+0.05,8.32,8.43,8.29,50000,417260,29,TPEX_CSV,2026-09-15 14:15:45 +0800
1150915,2026-09-15,上櫃,5381,光譜,22.65,-0.20,22.80,23.05,22.65,239000,5449750,150,TPEX_CSV,2026-09-15 14:15:45 +0800
1150915,2026-09-15,上櫃,5386,青雲,279.50,-22.50,294.50,298.00,279.00,2239000,643296000,1729,TPEX_CSV,2026-09-15 14:15:45 +0800
1150915,2026-09-15,上櫃,5392,能率,39.20,-0.50,40.20,40.20,39.20,483000,19087950,383,TPEX_CSV,2026-09-15 14:15:45 +0800
1150915,2026-09-15,上櫃,5398,慕康生醫,14.25,0.00,14.30,14.50,14.25,15000,214350,14,TPEX_CSV,2026-09-15 14:15:45 +0800
1150915,2026-09-15,上櫃,5403,中菲,93.10,-0.10,93.20,93.20,92.70,31000,2884400,27,TPEX_CSV,2026-09-15 14:15:45 +0800
1150915,2026-09-15,上櫃,5410,國眾,32.80,-0.30,33.10,33.20,32.70,198000,6502450,136,TPEX_CSV,2026-09-15 14:15:45 +0800
1150915,2026-09-15,上櫃,5425,台半,89.40,-0.70,88.80,93.60,88.80,14639000,1337951100,10606,TPEX_CSV,2026-09-15 14:15:45 +0800
1150915,2026-09-15,上櫃,5426,振發,27.15,除息,27.55,27.85,27.15,254000,6960300,194,TPEX_CSV,2026-09-15 14:15:45 +0800
1150915,2026-09-15,上櫃,5432,新門,143.00,-4.00,145.50,146.50,143.00,55000,7936500,55,TPEX_CSV,2026-09-15 14:15:45 +0800
1150915,2026-09-15,上櫃,5438,東友,16.35,-0.05,16.40,16.60,16.35,24000,393800,17,TPEX_CSV,2026-09-15 14:15:45 +0800
1150915,2026-09-15,上櫃,5439,高技,237.50,-9.00,245.00,247.50,237.50,922000,222633000,758,TPEX_CSV,2026-09-15 14:15:45 +0800
1150915,2026-09-15,上櫃,5443,均豪,102.00,-0.50,103.00,105.00,102.00,943000,97632000,698,TPEX_CSV,2026-09-15 14:15:45 +0800
1150915,2026-09-15,上櫃,5450,南良,14.35,-0.05,14.50,14.50,14.35,39000,561100,29,TPEX_CSV,2026-09-15 14:15:45 +0800
1150915,2026-09-15,上櫃,5452,佶優,25.45,-0.40,25.70,25.85,25.45,244000,6244850,177,TPEX_CSV,2026-09-15 14:15:45 +0800
1150915,2026-09-15,上櫃,5455,昇益,29.45,-0.15,29.60,29.60,29.00,3000,88050,3,TPEX_CSV,2026-09-15 14:15:45 +0800
1150915,2026-09-15,上櫃,5457,宣德,24.40,-0.10,24.50,24.85,24.15,622000,15190450,396,TPEX_CSV,2026-09-15 14:15:45 +0800
1150915,2026-09-15,上櫃,5460,同協,16.70,+0.10,16.70,16.70,16.55,19000,315750,14,TPEX_CSV,2026-09-15 14:15:45 +0800
1150915,2026-09-15,上櫃,5464,霖宏,85.20,-3.90,89.40,89.40,85.00,724000,62659800,552,TPEX_CSV,2026-09-15 14:15:45 +0800
1150915,2026-09-15,上櫃,5465,富驊,24.20,-0.05,24.30,24.30,24.10,40000,967500,29,TPEX_CSV,2026-09-15 14:15:45 +0800
1150915,2026-09-15,上櫃,5468,凱鈺,24.20,-0.80,24.55,24.80,24.20,138000,3378250,113,TPEX_CSV,2026-09-15 14:15:45 +0800
1150915,2026-09-15,上櫃,5474,聰泰,150.50,-1.00,151.50,152.50,150.00,109000,16501000,94,TPEX_CSV,2026-09-15 14:15:45 +0800
1150915,2026-09-15,上櫃,5475,德宏,170.00,-6.00,173.00,179.50,169.50,3566000,621179000,2724,TPEX_CSV,2026-09-15 14:15:45 +0800
1150915,2026-09-15,上櫃,5478,智冠,96.60,-0.20,96.80,96.90,96.50,40000,3868500,37,TPEX_CSV,2026-09-15 14:15:45 +0800
1150915,2026-09-15,上櫃,5481,新華,21.20,0.00,21.25,21.25,20.60,178000,3710300,58,TPEX_CSV,2026-09-15 14:15:45 +0800
1150915,2026-09-15,上櫃,5483,中美晶,176.00,-0.50,176.50,185.50,175.00,12020000,2170768500,7700,TPEX_CSV,2026-09-15 14:15:45 +0800
1150915,2026-09-15,上櫃,5487,通泰,29.60,+0.30,28.90,29.85,28.90,32000,939650,27,TPEX_CSV,2026-09-15 14:15:45 +0800
1150915,2026-09-15,上櫃,5488,松普,11.60,-0.05,11.60,11.70,11.50,186000,2155000,91,TPEX_CSV,2026-09-15 14:15:45 +0800
1150915,2026-09-15,上櫃,5489,彩富,39.40,-0.95,39.95,39.95,39.25,47000,1858600,38,TPEX_CSV,2026-09-15 14:15:45 +0800
1150915,2026-09-15,上櫃,5490,同亨,25.00,-0.30,25.30,25.40,25.00,259000,6514250,167,TPEX_CSV,2026-09-15 14:15:45 +0800
1150915,2026-09-15,上櫃,5493,三聯,83.30,+0.30,84.40,84.40,82.90,28000,2336500,22,TPEX_CSV,2026-09-15 14:15:45 +0800
1150915,2026-09-15,上櫃,5498,凱崴,49.05,-1.25,50.40,51.00,49.05,667000,33223150,558,TPEX_CSV,2026-09-15 14:15:45 +0800
1150915,2026-09-15,上櫃,5508,永信建,51.90,-0.20,52.10,52.50,51.70,153000,7972100,115,TPEX_CSV,2026-09-15 14:15:45 +0800
1150915,2026-09-15,上櫃,5511,德昌,69.10,-0.40,69.20,69.50,69.00,92000,6365900,77,TPEX_CSV,2026-09-15 14:15:45 +0800
1150915,2026-09-15,上櫃,5512,力麒,7.67,-0.05,7.73,7.74,7.64,632000,4843880,230,TPEX_CSV,2026-09-15 14:15:45 +0800
1150915,2026-09-15,上櫃,5514,三豐,15.15,-0.10,15.20,15.30,15.15,4000,60900,4,TPEX_CSV,2026-09-15 14:15:45 +0800
1150915,2026-09-15,上櫃,5516,雙喜,11.90,+0.15,11.75,12.00,11.65,7000,82850,5,TPEX_CSV,2026-09-15 14:15:45 +0800
1150915,2026-09-15,上櫃,5520,力泰,81.80,-0.20,82.00,82.00,81.50,12000,981500,3,TPEX_CSV,2026-09-15 14:15:45 +0800
1150915,2026-09-15,上櫃,5523,豐謙,30.35,0.00,30.20,30.35,30.20,18000,545100,13,TPEX_CSV,2026-09-15 14:15:45 +0800
1150915,2026-09-15,上櫃,5529,鉅陞,24.70,+0.90,25.20,26.15,24.05,774000,19748750,292,TPEX_CSV,2026-09-15 14:15:45 +0800
1150915,2026-09-15,上櫃,5530,龍巖,49.85,+0.30,49.55,49.85,49.30,100000,4955000,80,TPEX_CSV,2026-09-15 14:15:45 +0800
1150915,2026-09-15,上櫃,5536,聖暉*,837.00,-12.00,841.00,865.00,828.00,392000,331586000,366,TPEX_CSV,2026-09-15 14:15:45 +0800
1150915,2026-09-15,上櫃,5543,桓鼎-KY,27.45,-0.10,28.20,28.20,26.50,13000,352450,8,TPEX_CSV,2026-09-15 14:15:45 +0800
1150915,2026-09-15,上櫃,5547,久舜,19.90,+0.05,19.85,19.90,19.85,10000,198700,6,TPEX_CSV,2026-09-15 14:15:45 +0800
1150915,2026-09-15,上櫃,5548,安倉,20.30,0.00,20.30,20.30,20.15,9000,182200,9,TPEX_CSV,2026-09-15 14:15:45 +0800
1150915,2026-09-15,上櫃,5601,台聯櫃,----,---,----,----,----,0,0,0,TPEX_CSV,2026-09-15 14:15:45 +0800
1150915,2026-09-15,上櫃,5603,陸海,13.55,-0.05,13.60,13.60,13.40,46000,619350,41,TPEX_CSV,2026-09-15 14:15:45 +0800
1150915,2026-09-15,上櫃,5604,中連,30.85,-0.35,30.85,30.85,30.85,9000,277650,5,TPEX_CSV,2026-09-15 14:15:45 +0800
1150915,2026-09-15,上櫃,5609,中菲行,78.40,-0.40,78.90,78.90,78.30,81000,6352200,64,TPEX_CSV,2026-09-15 14:15:45 +0800
1150915,2026-09-15,上櫃,5701,劍湖山,4.23,+0.12,4.11,4.23,4.10,121000,507260,36,TPEX_CSV,2026-09-15 14:15:45 +0800
1150915,2026-09-15,上櫃,5703,亞都,----,---,----,----,----,0,0,0,TPEX_CSV,2026-09-15 14:15:45 +0800
1150915,2026-09-15,上櫃,5704,老爺知,22.65,-0.20,22.90,22.90,22.55,28000,634400,15,TPEX_CSV,2026-09-15 14:15:45 +0800
1150915,2026-09-15,上櫃,5864,致和證,34.10,-1.40,35.30,35.40,34.10,1842000,63906700,874,TPEX_CSV,2026-09-15 14:15:45 +0800
1150915,2026-09-15,上櫃,5878,台名,38.05,-0.05,38.10,38.10,38.05,3000,114250,2,TPEX_CSV,2026-09-15 14:15:45 +0800
1150915,2026-09-15,上櫃,5902,德記,34.40,-0.30,34.25,34.50,34.05,114000,3906350,11,TPEX_CSV,2026-09-15 14:15:45 +0800
1150915,2026-09-15,上櫃,5903,全家,184.50,-0.50,184.00,185.00,183.50,17000,3125000,11,TPEX_CSV,2026-09-15 14:15:45 +0800
1150915,2026-09-15,上櫃,5904,寶雅*,73.00,+0.10,73.00,73.80,72.50,3922000,287320900,2160,TPEX_CSV,2026-09-15 14:15:45 +0800
1150915,2026-09-15,上櫃,5905,南仁湖,7.31,-0.02,7.38,7.40,7.30,207000,1518130,130,TPEX_CSV,2026-09-15 14:15:45 +0800
1150915,2026-09-15,上櫃,6015,宏遠證,16.85,-0.50,17.25,17.25,16.75,1668000,28310350,699,TPEX_CSV,2026-09-15 14:15:45 +0800
1150915,2026-09-15,上櫃,6016,康和證,21.90,-0.65,22.50,22.60,21.85,3882000,85845500,1413,TPEX_CSV,2026-09-15 14:15:45 +0800
1150915,2026-09-15,上櫃,6020,大展證,20.45,+0.05,20.55,20.55,20.30,9000,183200,5,TPEX_CSV,2026-09-15 14:15:45 +0800
1150915,2026-09-15,上櫃,6021,美好證,44.20,-0.55,44.80,44.90,43.80,467000,20707200,210,TPEX_CSV,2026-09-15 14:15:45 +0800
1150915,2026-09-15,上櫃,6023,元大期,84.40,-0.80,84.80,84.90,84.30,315000,26625600,230,TPEX_CSV,2026-09-15 14:15:45 +0800
1150915,2026-09-15,上櫃,6026,福邦證,15.00,-0.25,15.25,15.30,15.00,909000,13740200,318,TPEX_CSV,2026-09-15 14:15:45 +0800
1150915,2026-09-15,上櫃,6028,公勝保經,94.20,-0.80,95.00,95.20,94.20,12000,1135900,11,TPEX_CSV,2026-09-15 14:15:45 +0800
1150915,2026-09-15,上櫃,6101,寬魚國際,38.00,+0.05,38.20,38.35,37.50,368000,13950400,330,TPEX_CSV,2026-09-15 14:15:45 +0800
1150915,2026-09-15,上櫃,6103,合邦,29.35,-1.65,29.80,30.40,29.35,12000,356900,12,TPEX_CSV,2026-09-15 14:15:45 +0800
1150915,2026-09-15,上櫃,6104,創惟,89.20,-0.80,91.10,91.20,89.20,267000,24079900,245,TPEX_CSV,2026-09-15 14:15:45 +0800
1150915,2026-09-15,上櫃,6109,亞元,10.45,-0.15,10.75,10.75,10.40,156000,1638150,67,TPEX_CSV,2026-09-15 14:15:45 +0800
1150915,2026-09-15,上櫃,6111,光聚晶電,33.30,-0.30,34.10,34.10,33.20,139000,4664400,98,TPEX_CSV,2026-09-15 14:15:45 +0800
1150915,2026-09-15,上櫃,6113,亞矽,22.05,-0.20,22.50,22.55,22.00,38000,841750,32,TPEX_CSV,2026-09-15 14:15:45 +0800
1150915,2026-09-15,上櫃,6114,久威,22.80,-0.10,23.55,23.55,22.70,29000,665900,22,TPEX_CSV,2026-09-15 14:15:45 +0800
1150915,2026-09-15,上櫃,6118,建達,15.10,+0.10,15.10,15.15,14.85,62000,930050,41,TPEX_CSV,2026-09-15 14:15:45 +0800
1150915,2026-09-15,上櫃,6121,新普,373.00,-6.00,378.50,378.50,372.50,310000,116081000,283,TPEX_CSV,2026-09-15 14:15:45 +0800
1150915,2026-09-15,上櫃,6122,擎邦,50.70,-0.40,51.50,51.50,50.70,248000,12680300,199,TPEX_CSV,2026-09-15 14:15:45 +0800
1150915,2026-09-15,上櫃,6123,上奇,42.95,+0.20,42.95,43.50,42.90,63000,2718100,51,TPEX_CSV,2026-09-15 14:15:45 +0800
1150915,2026-09-15,上櫃,6124,業強,26.50,-0.40,27.00,27.00,26.50,2000,53500,2,TPEX_CSV,2026-09-15 14:15:45 +0800
1150915,2026-09-15,上櫃,6125,廣運,47.55,-0.80,48.00,48.35,47.55,419000,20114600,294,TPEX_CSV,2026-09-15 14:15:45 +0800
1150915,2026-09-15,上櫃,6126,信音,28.50,-0.35,28.80,29.05,28.45,294000,8438000,191,TPEX_CSV,2026-09-15 14:15:45 +0800
1150915,2026-09-15,上櫃,6127,九豪,46.75,-0.70,47.15,48.80,46.75,2057000,97891500,1282,TPEX_CSV,2026-09-15 14:15:45 +0800
1150915,2026-09-15,上櫃,6129,普誠,13.55,-0.20,14.20,14.20,13.45,233000,3166250,149,TPEX_CSV,2026-09-15 14:15:45 +0800
1150915,2026-09-15,上櫃,6130,上亞科技,24.00,-0.15,24.20,24.50,23.20,499000,11855500,172,TPEX_CSV,2026-09-15 14:15:45 +0800
1150915,2026-09-15,上櫃,6134,萬旭,28.15,-0.10,28.35,28.70,27.95,54000,1525400,43,TPEX_CSV,2026-09-15 14:15:45 +0800
1150915,2026-09-15,上櫃,6138,茂達,265.00,-3.50,268.50,271.00,264.00,212000,56701500,188,TPEX_CSV,2026-09-15 14:15:45 +0800
1150915,2026-09-15,上櫃,6140,訊達,20.05,+1.80,20.05,20.05,20.05,326000,6536300,139,TPEX_CSV,2026-09-15 14:15:45 +0800
1150915,2026-09-15,上櫃,6143,振曜,81.30,+1.10,80.20,82.60,80.00,504000,41108200,418,TPEX_CSV,2026-09-15 14:15:45 +0800
1150915,2026-09-15,上櫃,6144,得利影,13.10,-0.10,13.25,13.25,12.80,13000,168550,10,TPEX_CSV,2026-09-15 14:15:45 +0800
1150915,2026-09-15,上櫃,6146,耕興,178.00,-1.00,179.00,181.00,178.00,211000,37709500,179,TPEX_CSV,2026-09-15 14:15:45 +0800
1150915,2026-09-15,上櫃,6147,頎邦,200.00,+11.00,194.50,206.50,194.50,63670000,12852151500,34451,TPEX_CSV,2026-09-15 14:15:45 +0800
1150915,2026-09-15,上櫃,6148,驊宏資,37.50,+3.40,37.50,37.50,35.70,4808000,177929900,2555,TPEX_CSV,2026-09-15 14:15:45 +0800
1150915,2026-09-15,上櫃,6150,撼訊,60.10,-0.50,60.40,62.00,60.00,147000,8966200,114,TPEX_CSV,2026-09-15 14:15:45 +0800
1150915,2026-09-15,上櫃,6151,晉倫,34.25,-0.05,34.50,34.50,34.20,66000,2270800,32,TPEX_CSV,2026-09-15 14:15:45 +0800
1150915,2026-09-15,上櫃,6154,順發,14.05,0.00,13.95,14.05,13.85,14000,195000,12,TPEX_CSV,2026-09-15 14:15:45 +0800
1150915,2026-09-15,上櫃,6156,松上,20.05,+0.05,20.05,20.15,19.90,254000,5086300,143,TPEX_CSV,2026-09-15 14:15:45 +0800
1150915,2026-09-15,上櫃,6158,禾昌,16.80,-0.05,17.00,17.00,16.65,23000,384800,17,TPEX_CSV,2026-09-15 14:15:45 +0800
1150915,2026-09-15,上櫃,6160,欣技,14.30,+0.05,14.25,14.45,14.20,50000,712750,27,TPEX_CSV,2026-09-15 14:15:45 +0800
1150915,2026-09-15,上櫃,6161,捷波,47.70,-0.30,48.30,48.80,47.70,62000,2985200,52,TPEX_CSV,2026-09-15 14:15:45 +0800
1150915,2026-09-15,上櫃,6163,華電網,39.75,+0.40,39.35,41.20,39.30,1546000,62067000,1013,TPEX_CSV,2026-09-15 14:15:45 +0800
1150915,2026-09-15,上櫃,6167,久正,9.98,-0.07,10.05,10.05,9.97,140000,1397640,48,TPEX_CSV,2026-09-15 14:15:45 +0800
1150915,2026-09-15,上櫃,6169,昱泉,12.15,0.00,12.15,12.15,12.15,2000,24300,2,TPEX_CSV,2026-09-15 14:15:45 +0800
1150915,2026-09-15,上櫃,6170,統振,48.00,-0.05,48.05,48.10,47.95,88000,4226450,58,TPEX_CSV,2026-09-15 14:15:45 +0800
1150915,2026-09-15,上櫃,6171,大城地產,25.85,-0.05,25.60,25.85,25.25,5000,127950,5,TPEX_CSV,2026-09-15 14:15:45 +0800
1150915,2026-09-15,上櫃,6173,信昌電,294.50,+1.00,299.00,308.00,289.50,28887000,8653632000,21191,TPEX_CSV,2026-09-15 14:15:45 +0800
1150915,2026-09-15,上櫃,6174,安碁,42.45,+1.45,41.85,43.35,41.35,586000,24928700,473,TPEX_CSV,2026-09-15 14:15:45 +0800
1150915,2026-09-15,上櫃,6175,立敦,69.00,-0.30,69.30,70.30,68.80,337000,23443700,231,TPEX_CSV,2026-09-15 14:15:45 +0800
1150915,2026-09-15,上櫃,6179,亞通,34.85,+0.45,33.90,35.40,33.15,9417000,326460900,5043,TPEX_CSV,2026-09-15 14:15:45 +0800
1150915,2026-09-15,上櫃,6180,橘子,40.70,-0.45,41.15,41.40,40.70,130000,5337700,99,TPEX_CSV,2026-09-15 14:15:45 +0800
1150915,2026-09-15,上櫃,6182,合晶,105.50,+2.00,103.50,110.50,103.00,40338000,4338091000,22926,TPEX_CSV,2026-09-15 14:15:45 +0800
1150915,2026-09-15,上櫃,6185,幃翔,12.25,-0.25,12.40,12.50,12.20,328000,4027950,223,TPEX_CSV,2026-09-15 14:15:45 +0800
1150915,2026-09-15,上櫃,6186,新潤,29.60,-0.55,30.15,30.15,29.25,747000,22153550,497,TPEX_CSV,2026-09-15 14:15:45 +0800
1150915,2026-09-15,上櫃,6187,萬潤,1215.00,-10.00,1230.00,1265.00,1210.00,1084000,1341100000,992,TPEX_CSV,2026-09-15 14:15:45 +0800
1150915,2026-09-15,上櫃,6188,廣明,61.60,-0.80,62.10,62.60,61.60,448000,27738600,375,TPEX_CSV,2026-09-15 14:15:45 +0800
1150915,2026-09-15,上櫃,6190,萬泰科,66.00,0.00,66.40,66.90,65.70,599000,39714900,442,TPEX_CSV,2026-09-15 14:15:45 +0800
1150915,2026-09-15,上櫃,6194,育富,30.30,+0.35,30.00,30.30,29.95,72000,2163250,16,TPEX_CSV,2026-09-15 14:15:45 +0800
1150915,2026-09-15,上櫃,6195,詩肯,27.70,-0.20,27.55,27.70,27.45,9000,248150,6,TPEX_CSV,2026-09-15 14:15:45 +0800
1150915,2026-09-15,上櫃,6198,瑞築,----,---,----,----,----,0,0,0,TPEX_CSV,2026-09-15 14:15:45 +0800
1150915,2026-09-15,上櫃,6199,天品,102.50,+2.00,100.50,102.50,98.00,3079000,307299400,1126,TPEX_CSV,2026-09-15 14:15:45 +0800
1150915,2026-09-15,上櫃,6203,海韻電,59.30,-0.40,60.00,60.40,59.30,39000,2326400,37,TPEX_CSV,2026-09-15 14:15:45 +0800
1150915,2026-09-15,上櫃,6204,艾華,89.50,-1.30,91.00,91.80,89.50,209000,18906800,153,TPEX_CSV,2026-09-15 14:15:45 +0800
1150915,2026-09-15,上櫃,6207,雷科,104.00,-2.50,106.00,109.50,104.00,1889000,200921000,1460,TPEX_CSV,2026-09-15 14:15:45 +0800
1150915,2026-09-15,上櫃,6208,日揚,72.00,-1.10,73.10,73.30,72.00,111000,8065600,104,TPEX_CSV,2026-09-15 14:15:45 +0800
1150915,2026-09-15,上櫃,6210,慶生,16.80,-0.70,16.45,17.30,16.45,9000,150200,8,TPEX_CSV,2026-09-15 14:15:45 +0800
1150915,2026-09-15,上櫃,6212,理銘,33.15,+0.95,33.15,33.15,33.15,1000,33150,1,TPEX_CSV,2026-09-15 14:15:45 +0800
1150915,2026-09-15,上櫃,6217,中探針,156.50,-4.50,159.00,169.50,156.00,2896000,467102500,2330,TPEX_CSV,2026-09-15 14:15:45 +0800
1150915,2026-09-15,上櫃,6218,豪勉,49.25,+4.45,44.75,49.25,44.15,3677000,177927900,1987,TPEX_CSV,2026-09-15 14:15:45 +0800
1150915,2026-09-15,上櫃,6219,富旺,12.00,-0.05,12.25,12.25,12.00,25000,301350,17,TPEX_CSV,2026-09-15 14:15:45 +0800
1150915,2026-09-15,上櫃,6220,岳豐,25.45,-0.15,25.35,25.75,25.30,97000,2465100,72,TPEX_CSV,2026-09-15 14:15:45 +0800
1150915,2026-09-15,上櫃,6221,晉泰,28.15,+2.55,28.15,28.15,28.15,1047000,29473050,318,TPEX_CSV,2026-09-15 14:15:45 +0800
1150915,2026-09-15,上櫃,6222,立軒,18.60,-0.60,19.10,19.20,18.55,17000,319900,15,TPEX_CSV,2026-09-15 14:15:45 +0800
1150915,2026-09-15,上櫃,6223,旺矽,5440.00,-155.00,5685.00,5800.00,5430.00,612000,3419930000,592,TPEX_CSV,2026-09-15 14:15:45 +0800
1150915,2026-09-15,上櫃,6227,茂綸,132.50,+5.50,127.00,134.50,124.50,2649000,346034500,2011,TPEX_CSV,2026-09-15 14:15:45 +0800
1150915,2026-09-15,上櫃,6228,全譜,----,---,----,----,----,0,0,0,TPEX_CSV,2026-09-15 14:15:45 +0800
1150915,2026-09-15,上櫃,6229,研通,23.20,-0.10,23.90,23.90,23.20,24000,558850,19,TPEX_CSV,2026-09-15 14:15:45 +0800
1150915,2026-09-15,上櫃,6231,系微,205.50,-2.50,210.00,214.50,205.50,268000,56020500,238,TPEX_CSV,2026-09-15 14:15:45 +0800
1150915,2026-09-15,上櫃,6233,旺玖,20.05,-0.25,20.30,20.30,20.00,76000,1529350,49,TPEX_CSV,2026-09-15 14:15:45 +0800
1150915,2026-09-15,上櫃,6234,高僑,33.50,-0.35,33.75,34.30,33.50,138000,4673400,110,TPEX_CSV,2026-09-15 14:15:45 +0800
1150915,2026-09-15,上櫃,6236,中湛,----,---,----,----,----,0,0,0,TPEX_CSV,2026-09-15 14:15:45 +0800
1150915,2026-09-15,上櫃,6237,驊訊,33.20,0.00,33.85,33.85,33.20,77000,2570150,62,TPEX_CSV,2026-09-15 14:15:45 +0800
1150915,2026-09-15,上櫃,6240,松崗,24.60,+1.35,23.10,25.45,23.10,165000,4004850,110,TPEX_CSV,2026-09-15 14:15:45 +0800
1150915,2026-09-15,上櫃,6241,鑫永洋,15.80,+0.35,15.45,15.80,15.20,30000,458500,22,TPEX_CSV,2026-09-15 14:15:45 +0800
1150915,2026-09-15,上櫃,6242,立康,33.80,+0.10,33.85,34.00,33.70,9000,304700,8,TPEX_CSV,2026-09-15 14:15:45 +0800
1150915,2026-09-15,上櫃,6244,茂迪,21.70,-0.40,22.15,22.35,21.70,1009000,22143850,685,TPEX_CSV,2026-09-15 14:15:45 +0800
1150915,2026-09-15,上櫃,6245,立端,83.70,-1.80,87.20,88.50,83.50,2029000,173842600,1614,TPEX_CSV,2026-09-15 14:15:45 +0800
1150915,2026-09-15,上櫃,6246,臺龍,12.70,+0.05,12.70,12.70,12.70,1000,12700,1,TPEX_CSV,2026-09-15 14:15:45 +0800
1150915,2026-09-15,上櫃,6248,沛波,16.80,0.00,16.60,16.80,16.60,29000,482600,19,TPEX_CSV,2026-09-15 14:15:45 +0800
1150915,2026-09-15,上櫃,6259,百徽,27.80,-0.25,28.20,28.40,27.80,87000,2449100,62,TPEX_CSV,2026-09-15 14:15:45 +0800
1150915,2026-09-15,上櫃,6261,久元,75.50,+1.80,73.60,76.80,73.00,386000,28893900,319,TPEX_CSV,2026-09-15 14:15:45 +0800
1150915,2026-09-15,上櫃,6263,普萊德,153.00,-2.00,154.50,155.50,152.00,47000,7234500,43,TPEX_CSV,2026-09-15 14:15:45 +0800
1150915,2026-09-15,上櫃,6264,富裔,6.02,+0.01,6.03,6.03,5.94,77000,461230,25,TPEX_CSV,2026-09-15 14:15:45 +0800
1150915,2026-09-15,上櫃,6265,方土昶,47.10,-2.10,48.50,49.55,47.10,1869000,89867750,1190,TPEX_CSV,2026-09-15 14:15:45 +0800
1150915,2026-09-15,上櫃,6266,泰詠,24.85,0.00,24.85,25.15,24.75,80000,1989850,60,TPEX_CSV,2026-09-15 14:15:45 +0800
1150915,2026-09-15,上櫃,6270,倍微,28.05,0.00,27.75,28.50,27.75,72000,2024950,55,TPEX_CSV,2026-09-15 14:15:45 +0800
1150915,2026-09-15,上櫃,6274,台燿,1370.00,-40.00,1430.00,1450.00,1370.00,6447000,9064775000,5271,TPEX_CSV,2026-09-15 14:15:45 +0800
1150915,2026-09-15,上櫃,6275,元山,44.80,-0.50,45.00,45.30,44.75,94000,4225300,77,TPEX_CSV,2026-09-15 14:15:45 +0800
1150915,2026-09-15,上櫃,6276,安鈦克,19.10,-0.60,19.05,19.50,19.05,7000,134300,7,TPEX_CSV,2026-09-15 14:15:45 +0800
1150915,2026-09-15,上櫃,6279,胡連,110.50,-0.50,111.50,111.50,110.00,233000,25791000,204,TPEX_CSV,2026-09-15 14:15:45 +0800
1150915,2026-09-15,上櫃,6284,佳邦,75.00,-0.60,75.10,77.70,75.00,564000,43035300,439,TPEX_CSV,2026-09-15 14:15:45 +0800
1150915,2026-09-15,上櫃,6290,良維,253.50,-6.50,260.00,265.50,253.50,1629000,421909000,1237,TPEX_CSV,2026-09-15 14:15:45 +0800
1150915,2026-09-15,上櫃,6291,沛亨,446.00,-20.50,459.00,467.50,445.00,883000,402640500,833,TPEX_CSV,2026-09-15 14:15:45 +0800
1150915,2026-09-15,上櫃,6292,迅德,64.10,-1.90,66.50,66.50,63.70,314000,20311100,253,TPEX_CSV,2026-09-15 14:15:45 +0800
1150915,2026-09-15,上櫃,6294,智基,28.50,0.00,28.50,28.50,28.50,1000,28500,1,TPEX_CSV,2026-09-15 14:15:45 +0800
1150915,2026-09-15,上櫃,6411,晶焱,75.80,-1.20,76.90,77.50,75.80,156000,11904300,130,TPEX_CSV,2026-09-15 14:15:45 +0800
1150915,2026-09-15,上櫃,6417,韋僑,100.50,-3.00,102.50,103.50,100.00,75000,7579500,70,TPEX_CSV,2026-09-15 14:15:45 +0800
1150915,2026-09-15,上櫃,6418,詠昇,34.70,-0.60,34.40,35.20,34.40,64000,2225900,48,TPEX_CSV,2026-09-15 14:15:45 +0800
1150915,2026-09-15,上櫃,6419,京晨科,143.00,-4.00,148.00,148.00,143.00,139000,20094500,126,TPEX_CSV,2026-09-15 14:15:45 +0800
1150915,2026-09-15,上櫃,6423,億而得,79.70,-1.90,80.80,80.80,79.30,14000,1122100,13,TPEX_CSV,2026-09-15 14:15:45 +0800
1150915,2026-09-15,上櫃,6425,易發,59.60,-1.50,61.20,61.60,59.60,143000,8681300,104,TPEX_CSV,2026-09-15 14:15:45 +0800
1150915,2026-09-15,上櫃,6432,今展科,52.20,-0.50,52.60,54.00,52.20,188000,9983600,157,TPEX_CSV,2026-09-15 14:15:45 +0800
1150915,2026-09-15,上櫃,6435,大中,235.50,-5.50,240.00,245.00,235.50,198000,47365000,182,TPEX_CSV,2026-09-15 14:15:45 +0800
1150915,2026-09-15,上櫃,6441,廣錠,24.30,-0.05,23.85,24.45,23.60,195000,4672900,148,TPEX_CSV,2026-09-15 14:15:45 +0800
1150915,2026-09-15,上櫃,6461,益得,24.60,-0.90,25.00,25.05,24.60,51000,1269950,28,TPEX_CSV,2026-09-15 14:15:45 +0800
1150915,2026-09-15,上櫃,6462,神盾,96.50,-1.80,98.30,99.00,96.50,273000,26672100,192,TPEX_CSV,2026-09-15 14:15:45 +0800
1150915,2026-09-15,上櫃,6465,威潤,41.10,-0.55,40.90,41.60,40.65,81000,3325800,75,TPEX_CSV,2026-09-15 14:15:45 +0800
1150915,2026-09-15,上櫃,6469,大樹,64.40,-1.10,65.50,65.50,64.30,385000,24917800,313,TPEX_CSV,2026-09-15 14:15:45 +0800
1150915,2026-09-15,上櫃,6470,宇智,43.00,+0.40,43.25,43.25,42.60,5000,214950,5,TPEX_CSV,2026-09-15 14:15:45 +0800
1150915,2026-09-15,上櫃,6474,華豫寧,35.20,0.00,35.20,35.45,35.20,20000,706250,19,TPEX_CSV,2026-09-15 14:15:45 +0800
1150915,2026-09-15,上櫃,6482,弘煜科,24.75,+0.10,24.85,25.00,24.75,7000,174000,5,TPEX_CSV,2026-09-15 14:15:45 +0800
1150915,2026-09-15,上櫃,6485,點序,58.50,-1.20,59.50,59.50,58.50,111000,6523500,85,TPEX_CSV,2026-09-15 14:15:45 +0800
1150915,2026-09-15,上櫃,6486,互動,79.60,-0.90,80.50,81.20,79.60,59000,4724600,53,TPEX_CSV,2026-09-15 14:15:45 +0800
1150915,2026-09-15,上櫃,6488,環球晶,914.00,+14.00,901.00,959.00,895.00,7277000,6762893000,6274,TPEX_CSV,2026-09-15 14:15:45 +0800
1150915,2026-09-15,上櫃,6492,生華科,33.30,-0.20,33.25,33.60,33.15,174000,5800700,126,TPEX_CSV,2026-09-15 14:15:45 +0800
1150915,2026-09-15,上櫃,6494,九齊,49.05,-0.45,49.50,49.90,48.80,45000,2212600,41,TPEX_CSV,2026-09-15 14:15:45 +0800
1150915,2026-09-15,上櫃,6496,科懋,24.70,+0.45,24.50,24.70,24.50,2000,49200,2,TPEX_CSV,2026-09-15 14:15:45 +0800
1150915,2026-09-15,上櫃,6498,久禾光,64.20,-2.00,66.30,66.30,64.20,110000,7174000,103,TPEX_CSV,2026-09-15 14:15:45 +0800
1150915,2026-09-15,上櫃,6499,益安,70.50,+0.30,70.40,71.80,70.00,129000,9087200,95,TPEX_CSV,2026-09-15 14:15:45 +0800
1150915,2026-09-15,上櫃,6506,雙邦,17.90,0.00,17.90,17.90,17.90,37000,662300,19,TPEX_CSV,2026-09-15 14:15:45 +0800
1150915,2026-09-15,上櫃,6508,惠光,24.75,-0.25,25.45,25.45,24.75,17000,425050,13,TPEX_CSV,2026-09-15 14:15:45 +0800
1150915,2026-09-15,上櫃,6509,聚和,46.15,+0.95,44.85,46.50,44.85,738000,33980900,463,TPEX_CSV,2026-09-15 14:15:45 +0800
1150915,2026-09-15,上櫃,6510,精測,3255.00,-120.00,3325.00,3390.00,3215.00,767000,2528520000,746,TPEX_CSV,2026-09-15 14:15:45 +0800
1150915,2026-09-15,上櫃,6512,啟發電,20.35,+0.25,20.10,20.35,20.10,7000,141500,4,TPEX_CSV,2026-09-15 14:15:45 +0800
1150915,2026-09-15,上櫃,6516,勤崴國際,56.90,+0.70,55.90,56.90,54.90,153000,8458500,90,TPEX_CSV,2026-09-15 14:15:45 +0800
1150915,2026-09-15,上櫃,6517,保勝光學,61.00,-0.70,62.10,62.60,61.00,174000,10738500,144,TPEX_CSV,2026-09-15 14:15:45 +0800
1150915,2026-09-15,上櫃,6523,達爾膚,89.40,-0.60,89.30,89.40,89.30,15000,1340000,11,TPEX_CSV,2026-09-15 14:15:45 +0800
1150915,2026-09-15,上櫃,6527,明達醫,75.00,-0.10,73.90,75.00,73.90,16000,1196500,9,TPEX_CSV,2026-09-15 14:15:45 +0800
1150915,2026-09-15,上櫃,6530,創威,89.50,-1.30,90.10,93.00,89.40,1046000,95093900,862,TPEX_CSV,2026-09-15 14:15:45 +0800
1150915,2026-09-15,上櫃,6532,瑞耘,91.70,-1.80,93.40,94.00,91.40,285000,26392800,250,TPEX_CSV,2026-09-15 14:15:45 +0800
1150915,2026-09-15,上櫃,6535,順藥,75.20,-0.60,75.80,76.60,75.20,112000,8499600,103,TPEX_CSV,2026-09-15 14:15:45 +0800
1150915,2026-09-15,上櫃,6538,倉和,365.00,-7.50,372.50,376.00,364.00,168000,62040000,157,TPEX_CSV,2026-09-15 14:15:45 +0800
1150915,2026-09-15,上櫃,6542,隆中,44.30,+1.20,44.30,44.30,44.30,1000,44300,1,TPEX_CSV,2026-09-15 14:15:45 +0800
1150915,2026-09-15,上櫃,6546,正基,59.10,-0.20,59.90,59.90,58.70,107000,6328700,77,TPEX_CSV,2026-09-15 14:15:45 +0800
1150915,2026-09-15,上櫃,6547,高端疫苗,59.70,+1.60,58.70,60.70,58.00,2531000,150245900,1717,TPEX_CSV,2026-09-15 14:15:45 +0800
1150915,2026-09-15,上櫃,6548,長科*,71.70,-0.60,72.40,73.40,71.20,1707000,123614500,1270,TPEX_CSV,2026-09-15 14:15:45 +0800
1150915,2026-09-15,上櫃,6556,勝品,60.40,0.00,62.20,62.20,60.40,9000,550000,6,TPEX_CSV,2026-09-15 14:15:45 +0800
1150915,2026-09-15,上櫃,6560,欣普羅,31.85,+1.15,30.70,32.75,30.70,108000,3441550,43,TPEX_CSV,2026-09-15 14:15:45 +0800
1150915,2026-09-15,上櫃,6561,是方,308.00,-5.50,313.50,313.50,307.00,102000,31610500,91,TPEX_CSV,2026-09-15 14:15:45 +0800
1150915,2026-09-15,上櫃,6568,宏觀,131.50,-3.50,135.50,136.00,131.50,34000,4536000,31,TPEX_CSV,2026-09-15 14:15:45 +0800
1150915,2026-09-15,上櫃,6569,醫揚,89.90,-1.30,90.50,90.50,89.90,13000,1171400,13,TPEX_CSV,2026-09-15 14:15:45 +0800
1150915,2026-09-15,上櫃,6570,維田,46.20,-1.00,47.25,47.25,46.00,147000,6813650,58,TPEX_CSV,2026-09-15 14:15:45 +0800
1150915,2026-09-15,上櫃,6574,霈方,119.50,0.00,120.00,120.00,118.00,10000,1190000,10,TPEX_CSV,2026-09-15 14:15:45 +0800
1150915,2026-09-15,上櫃,6576,逸達,81.90,-0.30,82.10,82.20,80.80,63000,5140300,52,TPEX_CSV,2026-09-15 14:15:45 +0800
1150915,2026-09-15,上櫃,6577,勁豐,79.40,+0.40,79.00,79.40,78.50,18000,1420700,15,TPEX_CSV,2026-09-15 14:15:45 +0800
1150915,2026-09-15,上櫃,6578,達邦蛋白,17.00,-0.10,17.15,17.15,16.85,26000,441000,20,TPEX_CSV,2026-09-15 14:15:45 +0800
1150915,2026-09-15,上櫃,6584,南俊國際,537.00,-7.00,554.00,557.00,537.00,182000,99632000,174,TPEX_CSV,2026-09-15 14:15:45 +0800
1150915,2026-09-15,上櫃,6588,東典光電,100.00,-7.00,106.50,107.00,100.00,965000,99551000,791,TPEX_CSV,2026-09-15 14:15:45 +0800
1150915,2026-09-15,上櫃,6590,普鴻,68.70,+6.20,64.80,68.70,62.70,148000,10090800,100,TPEX_CSV,2026-09-15 14:15:45 +0800
1150915,2026-09-15,上櫃,6593,台灣銘板,31.60,-0.15,31.95,31.95,31.60,19000,604600,15,TPEX_CSV,2026-09-15 14:15:45 +0800
1150915,2026-09-15,上櫃,6596,寬宏藝術,94.00,+1.00,93.90,94.50,93.00,96000,9006200,72,TPEX_CSV,2026-09-15 14:15:45 +0800
1150915,2026-09-15,上櫃,6597,立誠,----,---,----,----,----,0,0,0,TPEX_CSV,2026-09-15 14:15:45 +0800
1150915,2026-09-15,上櫃,6603,富強鑫,25.05,-0.85,25.65,25.90,25.00,2021000,51255400,1128,TPEX_CSV,2026-09-15 14:15:45 +0800
1150915,2026-09-15,上櫃,6609,瀧澤科,38.85,+0.05,38.80,39.00,38.70,107000,4153350,74,TPEX_CSV,2026-09-15 14:15:45 +0800
1150915,2026-09-15,上櫃,6612,奈米醫材,69.70,-2.10,71.30,71.30,69.70,39000,2747900,27,TPEX_CSV,2026-09-15 14:15:45 +0800
1150915,2026-09-15,上櫃,6613,朋億*,255.00,+1.50,251.00,258.50,249.50,175000,44519500,164,TPEX_CSV,2026-09-15 14:15:45 +0800
1150915,2026-09-15,上櫃,6615,慧智,33.70,+0.05,33.70,33.70,33.70,1000,33700,1,TPEX_CSV,2026-09-15 14:15:45 +0800
1150915,2026-09-15,上櫃,6616,特昇-KY,8.55,+0.20,8.30,8.59,8.30,10000,84570,9,TPEX_CSV,2026-09-15 14:15:45 +0800
1150915,2026-09-15,上櫃,6617,共信-KY,125.50,0.00,128.00,135.00,125.50,827000,107686500,702,TPEX_CSV,2026-09-15 14:15:45 +0800
1150915,2026-09-15,上櫃,6620,漢達,122.00,-5.00,127.50,132.50,122.00,1989000,255639000,1382,TPEX_CSV,2026-09-15 14:15:45 +0800
1150915,2026-09-15,上櫃,6624,萬年清,39.30,+1.05,39.55,40.40,38.30,11000,430050,11,TPEX_CSV,2026-09-15 14:15:45 +0800
1150915,2026-09-15,上櫃,6629,泰金-KY,103.00,0.00,104.00,104.00,103.00,7000,723500,7,TPEX_CSV,2026-09-15 14:15:45 +0800
1150915,2026-09-15,上櫃,6637,醫影,54.00,0.00,54.00,54.00,53.20,10000,537400,7,TPEX_CSV,2026-09-15 14:15:45 +0800
1150915,2026-09-15,上櫃,6640,均華,1100.00,-30.00,1140.00,1155.00,1100.00,190000,213405000,174,TPEX_CSV,2026-09-15 14:15:45 +0800
1150915,2026-09-15,上櫃,6642,富致,75.10,-0.30,75.40,76.40,75.10,51000,3849400,46,TPEX_CSV,2026-09-15 14:15:45 +0800
1150915,2026-09-15,上櫃,6643,M31,410.00,-10.50,420.50,420.50,410.00,194000,80354500,170,TPEX_CSV,2026-09-15 14:15:45 +0800
1150915,2026-09-15,上櫃,6649,台生材,36.05,+0.10,35.95,36.05,35.30,23000,815650,9,TPEX_CSV,2026-09-15 14:15:45 +0800
1150915,2026-09-15,上櫃,6651,全宇昕,141.50,-0.50,140.00,142.00,140.00,43000,6067000,36,TPEX_CSV,2026-09-15 14:15:45 +0800
1150915,2026-09-15,上櫃,6654,天正國際,199.00,-5.00,202.00,204.00,199.00,16000,3213000,13,TPEX_CSV,2026-09-15 14:15:45 +0800
1150915,2026-09-15,上櫃,6661,威健生技,16.60,0.00,16.60,16.60,15.80,6000,96700,6,TPEX_CSV,2026-09-15 14:15:45 +0800
1150915,2026-09-15,上櫃,6662,樂斯科,28.50,-0.20,28.60,28.60,28.50,2000,57100,2,TPEX_CSV,2026-09-15 14:15:45 +0800
1150915,2026-09-15,上櫃,6664,群翊,333.00,-3.00,332.50,339.50,332.00,111000,37102500,98,TPEX_CSV,2026-09-15 14:15:45 +0800
1150915,2026-09-15,上櫃,6667,信紘科,236.00,-9.00,245.50,246.50,236.00,173000,41597000,159,TPEX_CSV,2026-09-15 14:15:45 +0800
1150915,2026-09-15,上櫃,6679,鈺太,194.00,-3.00,196.50,196.50,193.00,129000,25085000,96,TPEX_CSV,2026-09-15 14:15:45 +0800
1150915,2026-09-15,上櫃,6680,鑫創電子,53.80,+1.80,53.80,53.80,53.80,1000,53800,1,TPEX_CSV,2026-09-15 14:15:45 +0800
1150915,2026-09-15,上櫃,6683,雍智科技,1450.00,+115.00,1390.00,1465.00,1390.00,2035000,2967400000,1368,TPEX_CSV,2026-09-15 14:15:45 +0800
1150915,2026-09-15,上櫃,6684,安格,44.40,+0.05,45.40,45.50,44.20,39000,1738050,36,TPEX_CSV,2026-09-15 14:15:45 +0800
1150915,2026-09-15,上櫃,6690,安碁資訊,183.50,-4.50,201.00,201.00,182.50,2249000,435417000,1815,TPEX_CSV,2026-09-15 14:15:45 +0800
1150915,2026-09-15,上櫃,6692,進能服,----,---,----,----,----,0,0,0,TPEX_CSV,2026-09-15 14:15:45 +0800
1150915,2026-09-15,上櫃,6693,廣閎科,173.50,-5.50,178.00,181.50,173.50,778000,137671500,676,TPEX_CSV,2026-09-15 14:15:45 +0800
1150915,2026-09-15,上櫃,6697,東捷資訊,41.05,-0.45,41.50,43.00,41.05,80000,3359650,63,TPEX_CSV,2026-09-15 14:15:45 +0800
1150915,2026-09-15,上櫃,6703,軒郁,100.50,0.00,100.50,100.50,100.00,26000,2606000,9,TPEX_CSV,2026-09-15 14:15:45 +0800
1150915,2026-09-15,上櫃,6708,天擎,37.35,+0.55,37.35,38.65,37.35,29000,1098000,24,TPEX_CSV,2026-09-15 14:15:45 +0800
1150915,2026-09-15,上櫃,6712,長聖,155.50,+1.50,155.00,157.00,154.50,107000,16676500,88,TPEX_CSV,2026-09-15 14:15:45 +0800
1150915,2026-09-15,上櫃,6716,應廣,115.00,-5.50,118.00,121.00,114.00,573000,66578500,484,TPEX_CSV,2026-09-15 14:15:45 +0800
1150915,2026-09-15,上櫃,6720,久昌,129.50,-1.00,131.50,131.50,129.50,6000,780500,6,TPEX_CSV,2026-09-15 14:15:45 +0800
1150915,2026-09-15,上櫃,6721,信實,49.50,-0.10,49.35,49.50,49.35,7000,346000,7,TPEX_CSV,2026-09-15 14:15:45 +0800
1150915,2026-09-15,上櫃,6725,矽科宏晟,207.00,+0.50,205.50,210.00,205.50,35000,7304500,31,TPEX_CSV,2026-09-15 14:15:45 +0800
1150915,2026-09-15,上櫃,6727,亞泰金屬,469.50,-19.00,494.50,504.00,468.00,1035000,502203500,879,TPEX_CSV,2026-09-15 14:15:45 +0800
1150915,2026-09-15,上櫃,6728,上洋,107.50,-0.50,108.00,108.00,107.00,10000,1078500,7,TPEX_CSV,2026-09-15 14:15:45 +0800
1150915,2026-09-15,上櫃,6730,常廣,31.90,0.00,31.50,31.90,31.50,3000,94900,3,TPEX_CSV,2026-09-15 14:15:45 +0800
1150915,2026-09-15,上櫃,6732,昇佳電子,145.00,0.00,147.00,147.00,145.00,45000,6541500,33,TPEX_CSV,2026-09-15 14:15:45 +0800
1150915,2026-09-15,上櫃,6733,博晟生醫,25.05,-0.10,25.10,25.15,24.90,34000,850900,30,TPEX_CSV,2026-09-15 14:15:45 +0800
1150915,2026-09-15,上櫃,6735,美達科技,59.50,-0.50,60.50,61.00,59.50,29000,1745700,25,TPEX_CSV,2026-09-15 14:15:45 +0800
1150915,2026-09-15,上櫃,6739,竹陞科技,1065.00,-80.00,1125.00,1125.00,1065.00,282000,307440000,274,TPEX_CSV,2026-09-15 14:15:45 +0800
1150915,2026-09-15,上櫃,6741,91APP*-KY,58.80,-0.20,59.00,59.10,58.50,76000,4473100,53,TPEX_CSV,2026-09-15 14:15:45 +0800
1150915,2026-09-15,上櫃,6751,智聯服務,41.50,-0.15,41.30,41.50,41.30,2000,82800,2,TPEX_CSV,2026-09-15 14:15:45 +0800
1150915,2026-09-15,上櫃,6752,叡揚,99.00,+2.40,96.60,105.50,96.60,195000,19791300,172,TPEX_CSV,2026-09-15 14:15:45 +0800
1150915,2026-09-15,上櫃,6761,穩得,160.00,-2.00,165.00,165.00,160.00,101000,16434000,91,TPEX_CSV,2026-09-15 14:15:45 +0800
1150915,2026-09-15,上櫃,6762,達亞,----,---,----,----,----,0,0,0,TPEX_CSV,2026-09-15 14:15:45 +0800
1150915,2026-09-15,上櫃,6763,綠界科技*,40.90,-0.20,41.40,41.40,40.70,69000,2823900,66,TPEX_CSV,2026-09-15 14:15:45 +0800
1150915,2026-09-15,上櫃,6767,台微醫,24.65,0.00,24.65,24.65,24.65,1000,24650,1,TPEX_CSV,2026-09-15 14:15:45 +0800
1150915,2026-09-15,上櫃,6785,昱展新藥,94.00,+0.70,91.30,94.50,91.30,27000,2520500,23,TPEX_CSV,2026-09-15 14:15:45 +0800
1150915,2026-09-15,上櫃,6788,華景電,318.50,-7.50,326.00,326.50,318.00,125000,40268000,115,TPEX_CSV,2026-09-15 14:15:45 +0800
1150915,2026-09-15,上櫃,6791,虎門科技,100.00,-2.50,104.50,104.50,99.80,19000,1936600,19,TPEX_CSV,2026-09-15 14:15:45 +0800
1150915,2026-09-15,上櫃,6803,崑鼎,269.00,+0.50,268.00,269.50,267.50,38000,10188000,32,TPEX_CSV,2026-09-15 14:15:45 +0800
1150915,2026-09-15,上櫃,6804,明係,18.25,+0.25,17.85,18.45,17.85,53000,966350,29,TPEX_CSV,2026-09-15 14:15:45 +0800
1150915,2026-09-15,上櫃,6811,宏碁資訊,251.00,+3.00,255.50,255.50,242.50,1323000,330894000,1109,TPEX_CSV,2026-09-15 14:15:45 +0800
1150915,2026-09-15,上櫃,6821,聯寶,40.10,-0.40,40.80,40.80,39.95,32000,1286650,29,TPEX_CSV,2026-09-15 14:15:45 +0800
1150915,2026-09-15,上櫃,6823,濾能,57.60,-1.60,60.90,60.90,57.60,56000,3306100,53,TPEX_CSV,2026-09-15 14:15:45 +0800
1150915,2026-09-15,上櫃,6829,千附精密,204.00,-11.50,211.00,213.00,202.50,1228000,253705000,998,TPEX_CSV,2026-09-15 14:15:45 +0800
1150915,2026-09-15,上櫃,6840,東研信超,90.00,-0.70,90.70,90.90,89.10,135000,12138100,95,TPEX_CSV,2026-09-15 14:15:45 +0800
1150915,2026-09-15,上櫃,6841,長佳智能,51.90,-0.10,52.30,52.70,51.90,74000,3864800,61,TPEX_CSV,2026-09-15 14:15:45 +0800
1150915,2026-09-15,上櫃,6843,進典,38.50,+0.65,37.90,38.50,37.70,12000,455600,12,TPEX_CSV,2026-09-15 14:15:45 +0800
1150915,2026-09-15,上櫃,6844,諾貝兒,58.70,-0.40,59.00,59.00,58.20,28000,1636100,21,TPEX_CSV,2026-09-15 14:15:45 +0800
1150915,2026-09-15,上櫃,6846,綠茵,58.70,-1.20,57.40,58.70,57.40,4000,232700,4,TPEX_CSV,2026-09-15 14:15:45 +0800
1150915,2026-09-15,上櫃,6855,數泓科,112.00,-1.00,111.50,112.50,111.50,7000,784500,6,TPEX_CSV,2026-09-15 14:15:45 +0800
1150915,2026-09-15,上櫃,6856,鑫傳,40.95,-0.05,41.00,41.00,40.95,2000,81950,2,TPEX_CSV,2026-09-15 14:15:45 +0800
1150915,2026-09-15,上櫃,6859,伯特光,116.00,-1.00,116.00,117.00,116.00,8000,930000,8,TPEX_CSV,2026-09-15 14:15:45 +0800
1150915,2026-09-15,上櫃,6865,偉康科技,26.70,-1.00,27.70,29.55,25.45,156000,4201250,134,TPEX_CSV,2026-09-15 14:15:45 +0800
1150915,2026-09-15,上櫃,6870,騰雲,329.00,+24.50,306.00,334.50,306.00,371000,121813000,248,TPEX_CSV,2026-09-15 14:15:45 +0800
1150915,2026-09-15,上櫃,6872,浩宇生醫,22.90,+0.40,22.00,23.10,22.00,296000,6666900,201,TPEX_CSV,2026-09-15 14:15:45 +0800
1150915,2026-09-15,上櫃,6874,倍力,69.40,-0.30,70.20,72.50,69.10,57000,4021200,53,TPEX_CSV,2026-09-15 14:15:45 +0800
1150915,2026-09-15,上櫃,6875,國邑*,32.25,+0.25,32.00,32.50,31.80,101000,3249400,54,TPEX_CSV,2026-09-15 14:15:45 +0800
1150915,2026-09-15,上櫃,6877,鏵友益,108.00,-4.00,110.50,112.50,108.00,49000,5415500,44,TPEX_CSV,2026-09-15 14:15:45 +0800
1150915,2026-09-15,上櫃,6881,潤德,211.00,-2.00,210.00,211.00,210.00,3000,632000,2,TPEX_CSV,2026-09-15 14:15:45 +0800
1150915,2026-09-15,上櫃,6884,海柏特,30.65,-1.70,30.20,31.00,30.20,8000,246050,5,TPEX_CSV,2026-09-15 14:15:45 +0800
1150915,2026-09-15,上櫃,6894,衛司特,352.50,-11.50,357.00,363.50,351.50,34000,12067500,34,TPEX_CSV,2026-09-15 14:15:45 +0800
1150915,2026-09-15,上櫃,6895,宏碩系統,146.00,-4.00,149.50,149.50,145.00,25000,3668500,23,TPEX_CSV,2026-09-15 14:15:45 +0800
1150915,2026-09-15,上櫃,6899,創為精密,49.15,+0.05,49.10,49.40,49.05,8000,393650,8,TPEX_CSV,2026-09-15 14:15:45 +0800
1150915,2026-09-15,上櫃,6903,巨漢,290.50,-1.50,291.00,295.00,290.50,107000,31280000,88,TPEX_CSV,2026-09-15 14:15:45 +0800
1150915,2026-09-15,上櫃,6904,伯鑫,122.00,-0.50,122.00,122.00,118.50,4000,481500,4,TPEX_CSV,2026-09-15 14:15:45 +0800
1150915,2026-09-15,上櫃,6907,雅特力-KY,176.50,-1.50,178.00,180.50,176.00,510000,90596000,464,TPEX_CSV,2026-09-15 14:15:45 +0800
1150915,2026-09-15,上櫃,6910,德鴻,24.90,-0.20,24.85,25.25,24.85,15000,375200,15,TPEX_CSV,2026-09-15 14:15:45 +0800
1150915,2026-09-15,上櫃,6913,鴻呈,124.50,-1.00,126.00,127.00,124.50,225000,28183500,148,TPEX_CSV,2026-09-15 14:15:45 +0800
1150915,2026-09-15,上櫃,6922,宸曜,181.50,-4.00,185.50,189.50,181.50,80000,14748000,71,TPEX_CSV,2026-09-15 14:15:45 +0800
1150915,2026-09-15,上櫃,6925,意藍,60.70,+5.50,60.70,60.70,60.70,150000,9105000,90,TPEX_CSV,2026-09-15 14:15:45 +0800
1150915,2026-09-15,上櫃,6929,佑全,22.05,0.00,21.10,22.05,20.50,11000,233750,10,TPEX_CSV,2026-09-15 14:15:45 +0800
1150915,2026-09-15,上櫃,6945,圓祥生技,109.50,+9.70,100.00,109.50,100.00,805000,86135500,540,TPEX_CSV,2026-09-15 14:15:45 +0800
1150915,2026-09-15,上櫃,6953,家碩,224.50,-3.50,231.00,231.00,220.00,31000,6959500,31,TPEX_CSV,2026-09-15 14:15:45 +0800
1150915,2026-09-15,上櫃,6961,旅天下,48.55,-0.55,49.00,49.00,48.50,28000,1362650,23,TPEX_CSV,2026-09-15 14:15:45 +0800
1150915,2026-09-15,上櫃,6967,汎瑋材料,65.40,+0.70,64.50,65.50,64.50,76000,4948500,65,TPEX_CSV,2026-09-15 14:15:45 +0800
1150915,2026-09-15,上櫃,6968,萬達寵物,41.55,+0.05,41.20,41.55,41.20,20000,829200,20,TPEX_CSV,2026-09-15 14:15:45 +0800
1150915,2026-09-15,上櫃,6971,惠民實業,24.55,-0.25,24.80,24.80,24.55,12000,295700,7,TPEX_CSV,2026-09-15 14:15:45 +0800
1150915,2026-09-15,上櫃,6982,大井泵浦,43.85,-0.30,43.80,43.85,43.00,50000,2162000,41,TPEX_CSV,2026-09-15 14:15:45 +0800
1150915,2026-09-15,上櫃,6983,華洋精機,349.50,+0.50,346.00,350.00,343.50,8000,2774500,8,TPEX_CSV,2026-09-15 14:15:45 +0800
1150915,2026-09-15,上櫃,6986,和迅,40.25,-0.10,40.10,40.50,40.10,21000,845550,18,TPEX_CSV,2026-09-15 14:15:45 +0800
1150915,2026-09-15,上櫃,6996,力領科技,169.50,+4.00,165.50,171.00,165.50,59000,9981500,54,TPEX_CSV,2026-09-15 14:15:45 +0800
1150915,2026-09-15,上櫃,6997,博弘,66.70,-1.30,66.50,66.80,66.50,13000,866300,11,TPEX_CSV,2026-09-15 14:15:45 +0800
1150915,2026-09-15,上櫃,7402,邑錡,99.00,-2.50,100.50,101.00,98.60,178000,17766700,146,TPEX_CSV,2026-09-15 14:15:45 +0800
1150915,2026-09-15,上櫃,7547,碩網,50.90,+1.40,50.50,52.70,50.50,64000,3306000,61,TPEX_CSV,2026-09-15 14:15:45 +0800
1150915,2026-09-15,上櫃,7556,意德士,238.50,-3.50,241.00,245.50,238.50,18000,4338000,18,TPEX_CSV,2026-09-15 14:15:45 +0800
1150915,2026-09-15,上櫃,7584,樂意,27.60,-0.70,27.20,27.95,27.20,4000,109950,4,TPEX_CSV,2026-09-15 14:15:45 +0800
1150915,2026-09-15,上櫃,7642,昶瑞機電,71.30,-1.30,72.60,72.60,70.10,15000,1066000,13,TPEX_CSV,2026-09-15 14:15:45 +0800
1150915,2026-09-15,上櫃,7703,銳澤,199.00,+4.00,195.00,201.00,195.00,66000,13098000,58,TPEX_CSV,2026-09-15 14:15:45 +0800
1150915,2026-09-15,上櫃,7704,明遠精密,61.40,+0.40,60.60,61.60,60.50,8000,486500,7,TPEX_CSV,2026-09-15 14:15:45 +0800
1150915,2026-09-15,上櫃,7708,全家餐飲,91.50,-0.30,92.00,92.00,91.50,8000,733600,8,TPEX_CSV,2026-09-15 14:15:45 +0800
1150915,2026-09-15,上櫃,7709,榮田,80.20,-3.30,83.60,83.60,80.00,135000,10956600,130,TPEX_CSV,2026-09-15 14:15:45 +0800
1150915,2026-09-15,上櫃,7712,博盛半導體,150.00,-0.50,150.50,151.50,148.50,59000,8846000,59,TPEX_CSV,2026-09-15 14:15:45 +0800
1150915,2026-09-15,上櫃,7713,威力德生醫,73.50,0.00,73.50,73.50,73.50,3000,220500,2,TPEX_CSV,2026-09-15 14:15:45 +0800
1150915,2026-09-15,上櫃,7714,創泓科技,178.00,-5.00,184.00,190.00,178.00,1018000,187001000,780,TPEX_CSV,2026-09-15 14:15:45 +0800
1150915,2026-09-15,上櫃,7715,裕山,27.40,-0.25,27.65,27.65,27.30,33000,906850,19,TPEX_CSV,2026-09-15 14:15:45 +0800
1150915,2026-09-15,上櫃,7716,昱臺國際,23.30,0.00,23.20,23.80,23.00,11000,255100,9,TPEX_CSV,2026-09-15 14:15:45 +0800
1150915,2026-09-15,上櫃,7717,萊德光電-KY,479.50,-7.50,478.50,503.00,472.00,566000,276082000,540,TPEX_CSV,2026-09-15 14:15:45 +0800
1150915,2026-09-15,上櫃,7718,友鋮,46.00,0.00,46.25,46.50,46.00,11000,507250,6,TPEX_CSV,2026-09-15 14:15:45 +0800
1150915,2026-09-15,上櫃,7723,築間,18.75,-0.30,18.90,19.00,18.65,24000,451550,22,TPEX_CSV,2026-09-15 14:15:45 +0800
1150915,2026-09-15,上櫃,7728,光焱科技,635.00,-8.00,679.00,696.00,635.00,119000,79692000,119,TPEX_CSV,2026-09-15 14:15:45 +0800
1150915,2026-09-15,上櫃,7734,印能科技,2555.00,+70.00,2500.00,2585.00,2405.00,154000,387650000,151,TPEX_CSV,2026-09-15 14:15:45 +0800
1150915,2026-09-15,上櫃,7738,東聯互動,161.00,-2.50,164.50,164.50,161.00,13000,2100500,13,TPEX_CSV,2026-09-15 14:15:45 +0800
1150915,2026-09-15,上櫃,7743,金利食安,22.80,-0.10,23.05,24.50,22.80,94000,2201450,55,TPEX_CSV,2026-09-15 14:15:45 +0800
1150915,2026-09-15,上櫃,7744,崴寶,484.00,+3.50,480.50,488.50,479.50,33000,15931000,32,TPEX_CSV,2026-09-15 14:15:45 +0800
1150915,2026-09-15,上櫃,7747,昕奇雲端,113.50,0.00,113.50,115.50,113.50,5000,569500,5,TPEX_CSV,2026-09-15 14:15:45 +0800
1150915,2026-09-15,上櫃,7751,竑騰,1360.00,-45.00,1405.00,1440.00,1360.00,125000,175715000,121,TPEX_CSV,2026-09-15 14:15:45 +0800
1150915,2026-09-15,上櫃,7753,星亞,35.60,-0.40,35.70,35.75,35.60,13000,463700,13,TPEX_CSV,2026-09-15 14:15:45 +0800
1150915,2026-09-15,上櫃,7757,金色三麥,87.00,-1.60,87.70,87.80,87.00,16000,1398200,14,TPEX_CSV,2026-09-15 14:15:45 +0800
1150915,2026-09-15,上櫃,7767,仁大資訊,46.15,-0.85,47.15,47.15,46.15,54000,2512400,41,TPEX_CSV,2026-09-15 14:15:45 +0800
1150915,2026-09-15,上櫃,7770,君曜,37.00,+0.50,36.00,37.00,34.90,9000,326600,9,TPEX_CSV,2026-09-15 14:15:45 +0800
1150915,2026-09-15,上櫃,7772,耀穎,130.00,+4.00,126.00,133.00,121.50,116000,14850000,105,TPEX_CSV,2026-09-15 14:15:45 +0800
1150915,2026-09-15,上櫃,7777,能率亞洲,35.35,-0.50,35.70,36.05,35.35,660000,23541500,439,TPEX_CSV,2026-09-15 14:15:45 +0800
1150915,2026-09-15,上櫃,7782,光速火箭,25.65,0.00,25.65,25.65,25.65,1000,25650,1,TPEX_CSV,2026-09-15 14:15:45 +0800
1150915,2026-09-15,上櫃,7792,安葆,311.50,-0.50,313.50,319.00,310.50,209000,65895500,182,TPEX_CSV,2026-09-15 14:15:45 +0800
1150915,2026-09-15,上櫃,7794,宏碁智新,31.30,-0.60,32.20,32.20,31.10,28000,881050,22,TPEX_CSV,2026-09-15 14:15:45 +0800
1150915,2026-09-15,上櫃,7805,威聯通,497.00,0.00,501.00,505.00,497.00,32000,16004500,31,TPEX_CSV,2026-09-15 14:15:45 +0800
1150915,2026-09-15,上櫃,7810,捷創科技,210.50,-11.00,223.50,223.50,210.50,108000,23290000,92,TPEX_CSV,2026-09-15 14:15:45 +0800
1150915,2026-09-15,上櫃,7811,民盛,72.00,-0.20,72.00,72.00,72.00,3000,216000,3,TPEX_CSV,2026-09-15 14:15:45 +0800
1150915,2026-09-15,上櫃,7814,海昌生技,28.30,+0.15,28.15,29.55,28.15,7000,201000,7,TPEX_CSV,2026-09-15 14:15:45 +0800
1150915,2026-09-15,上櫃,7819,精誠金融,34.15,+0.05,34.90,35.00,34.10,30000,1030950,26,TPEX_CSV,2026-09-15 14:15:45 +0800
1150915,2026-09-15,上櫃,7820,立盈,107.00,-1.00,108.00,108.00,104.50,32000,3423500,21,TPEX_CSV,2026-09-15 14:15:45 +0800
1150915,2026-09-15,上櫃,7825,和亞智慧,81.00,-11.40,88.20,88.90,80.60,1117000,94041900,851,TPEX_CSV,2026-09-15 14:15:45 +0800
1150915,2026-09-15,上櫃,7828,創新服務,1845.00,-105.00,1910.00,2040.00,1845.00,273000,526780000,263,TPEX_CSV,2026-09-15 14:15:45 +0800
1150915,2026-09-15,上櫃,7839,達人網,43.80,+0.45,43.35,44.80,43.00,20000,873300,16,TPEX_CSV,2026-09-15 14:15:45 +0800
1150915,2026-09-15,上櫃,7842,天能綠電,97.60,-1.90,97.40,98.10,97.40,17000,1663100,17,TPEX_CSV,2026-09-15 14:15:45 +0800
1150915,2026-09-15,上櫃,8024,佑華,12.90,+0.30,12.70,13.35,12.60,56000,720200,39,TPEX_CSV,2026-09-15 14:15:45 +0800
1150915,2026-09-15,上櫃,8027,鈦昇,164.00,-2.00,165.00,170.50,164.00,1073000,178738500,925,TPEX_CSV,2026-09-15 14:15:45 +0800
1150915,2026-09-15,上櫃,8032,光菱,34.85,+0.30,35.70,35.70,34.45,41000,1416600,16,TPEX_CSV,2026-09-15 14:15:45 +0800
1150915,2026-09-15,上櫃,8034,榮群,19.65,-0.10,20.00,20.00,19.60,25000,491950,22,TPEX_CSV,2026-09-15 14:15:45 +0800
1150915,2026-09-15,上櫃,8038,長園科,33.00,+3.00,30.80,33.00,30.80,565000,18512850,360,TPEX_CSV,2026-09-15 14:15:45 +0800
1150915,2026-09-15,上櫃,8040,九暘,77.60,-0.50,77.70,78.80,77.20,431000,33611000,341,TPEX_CSV,2026-09-15 14:15:45 +0800
1150915,2026-09-15,上櫃,8042,金山電,110.00,-1.00,111.00,116.00,110.00,4211000,473385500,3071,TPEX_CSV,2026-09-15 14:15:45 +0800
1150915,2026-09-15,上櫃,8043,蜜望實,128.50,-4.50,134.00,137.00,128.50,1457000,193330500,1191,TPEX_CSV,2026-09-15 14:15:45 +0800
1150915,2026-09-15,上櫃,8044,網家,23.45,-0.40,23.60,23.75,23.30,259000,6066950,180,TPEX_CSV,2026-09-15 14:15:45 +0800
1150915,2026-09-15,上櫃,8047,星雲,46.70,0.00,46.70,46.70,46.65,14000,653750,4,TPEX_CSV,2026-09-15 14:15:45 +0800
1150915,2026-09-15,上櫃,8048,德勝,48.55,+0.40,47.30,48.55,47.25,68000,3262200,50,TPEX_CSV,2026-09-15 14:15:45 +0800
1150915,2026-09-15,上櫃,8049,晶采,24.55,0.00,24.65,24.70,24.45,96000,2356350,58,TPEX_CSV,2026-09-15 14:15:45 +0800
1150915,2026-09-15,上櫃,8050,廣積,57.00,+0.40,57.00,58.00,56.90,1193000,68563500,841,TPEX_CSV,2026-09-15 14:15:45 +0800
1150915,2026-09-15,上櫃,8054,安國,80.50,-2.00,83.10,83.40,80.50,507000,41472300,365,TPEX_CSV,2026-09-15 14:15:45 +0800
1150915,2026-09-15,上櫃,8064,東捷,108.00,-5.50,113.00,115.50,108.00,6166000,685180500,4311,TPEX_CSV,2026-09-15 14:15:45 +0800
1150915,2026-09-15,上櫃,8066,來思達,14.50,+0.20,14.25,14.50,14.25,22000,314900,16,TPEX_CSV,2026-09-15 14:15:45 +0800
1150915,2026-09-15,上櫃,8067,志旭,12.50,0.00,12.20,12.60,12.20,4000,49500,3,TPEX_CSV,2026-09-15 14:15:45 +0800
1150915,2026-09-15,上櫃,8068,全達,15.90,-0.35,16.30,16.30,15.90,97000,1551450,62,TPEX_CSV,2026-09-15 14:15:45 +0800
1150915,2026-09-15,上櫃,8069,元太,146.00,+0.50,145.50,149.00,144.50,3738000,548671000,2167,TPEX_CSV,2026-09-15 14:15:45 +0800
1150915,2026-09-15,上櫃,8071,能率網通,21.10,-0.30,21.25,21.45,21.05,126000,2674150,102,TPEX_CSV,2026-09-15 14:15:45 +0800
1150915,2026-09-15,上櫃,8074,鉅橡,48.85,-1.05,50.10,50.40,48.85,252000,12420450,208,TPEX_CSV,2026-09-15 14:15:45 +0800
1150915,2026-09-15,上櫃,8076,伍豐,21.05,-0.55,21.75,21.75,21.05,756000,16058250,472,TPEX_CSV,2026-09-15 14:15:45 +0800
1150915,2026-09-15,上櫃,8077,洛碁,----,---,----,----,----,0,0,0,TPEX_CSV,2026-09-15 14:15:45 +0800
1150915,2026-09-15,上櫃,8080,泰霖,29.10,0.00,29.65,29.65,29.00,9000,262500,6,TPEX_CSV,2026-09-15 14:15:45 +0800
1150915,2026-09-15,上櫃,8083,瑞穎,157.00,+0.50,157.50,157.50,156.50,7000,1099000,7,TPEX_CSV,2026-09-15 14:15:45 +0800
1150915,2026-09-15,上櫃,8084,巨虹,41.15,+0.05,41.50,41.80,41.05,268000,11080850,199,TPEX_CSV,2026-09-15 14:15:45 +0800
1150915,2026-09-15,上櫃,8085,福華,14.05,0.00,14.05,14.15,13.95,126000,1766450,78,TPEX_CSV,2026-09-15 14:15:45 +0800
1150915,2026-09-15,上櫃,8086,宏捷科,106.00,+0.50,105.50,109.50,105.50,1829000,196673000,1288,TPEX_CSV,2026-09-15 14:15:45 +0800
1150915,2026-09-15,上櫃,8087,麗升能源,24.00,-0.40,24.30,24.40,23.50,18000,433900,14,TPEX_CSV,2026-09-15 14:15:45 +0800
1150915,2026-09-15,上櫃,8088,品安,40.80,-0.80,41.85,41.85,40.80,251000,10328600,170,TPEX_CSV,2026-09-15 14:15:45 +0800
1150915,2026-09-15,上櫃,8089,康全電訊,17.95,-0.15,18.00,18.05,17.80,66000,1181300,47,TPEX_CSV,2026-09-15 14:15:45 +0800
1150915,2026-09-15,上櫃,8091,翔名,204.00,-3.00,205.00,207.00,204.00,137000,28159000,121,TPEX_CSV,2026-09-15 14:15:45 +0800
1150915,2026-09-15,上櫃,8092,建暐,12.70,0.00,13.20,13.20,12.70,16000,206300,12,TPEX_CSV,2026-09-15 14:15:45 +0800
1150915,2026-09-15,上櫃,8093,保銳,24.45,-1.20,25.75,25.75,24.10,53000,1321450,27,TPEX_CSV,2026-09-15 14:15:45 +0800
1150915,2026-09-15,上櫃,8096,擎亞,86.00,0.00,86.00,89.80,85.10,4530000,394706200,2953,TPEX_CSV,2026-09-15 14:15:45 +0800
1150915,2026-09-15,上櫃,8097,常珵,48.30,0.00,48.05,48.30,47.80,55000,2645550,34,TPEX_CSV,2026-09-15 14:15:45 +0800
1150915,2026-09-15,上櫃,8099,大世科,58.80,+0.20,59.60,59.70,58.20,49000,2880900,42,TPEX_CSV,2026-09-15 14:15:45 +0800
1150915,2026-09-15,上櫃,8102,傑霖科技,60.50,-2.50,61.10,61.10,60.00,23000,1386000,21,TPEX_CSV,2026-09-15 14:15:45 +0800
1150915,2026-09-15,上櫃,8107,大億金茂,----,---,----,----,----,0,0,0,TPEX_CSV,2026-09-15 14:15:45 +0800
1150915,2026-09-15,上櫃,8109,博大,126.50,-1.00,128.00,128.00,126.50,87000,11070000,81,TPEX_CSV,2026-09-15 14:15:45 +0800
1150915,2026-09-15,上櫃,8111,立碁,68.10,-2.60,70.30,71.60,67.60,6037000,419801800,3718,TPEX_CSV,2026-09-15 14:15:45 +0800
1150915,2026-09-15,上櫃,8121,越峰,26.05,-0.45,26.55,26.55,26.05,191000,5017400,137,TPEX_CSV,2026-09-15 14:15:45 +0800
1150915,2026-09-15,上櫃,8147,正淩,129.50,-2.00,129.50,132.00,129.50,50000,6526500,45,TPEX_CSV,2026-09-15 14:15:45 +0800
1150915,2026-09-15,上櫃,8155,博智,313.50,-3.00,316.50,324.50,312.00,387000,122317500,297,TPEX_CSV,2026-09-15 14:15:45 +0800
1150915,2026-09-15,上櫃,8171,天宇,19.80,0.00,19.80,20.20,19.70,155000,3089400,65,TPEX_CSV,2026-09-15 14:15:45 +0800
1150915,2026-09-15,上櫃,8176,智捷,9.91,-0.03,10.00,10.00,9.81,68000,676150,26,TPEX_CSV,2026-09-15 14:15:45 +0800
1150915,2026-09-15,上櫃,8182,加高,37.95,+0.55,37.50,38.95,37.50,465000,17902250,385,TPEX_CSV,2026-09-15 14:15:45 +0800
1150915,2026-09-15,上櫃,8183,精星,27.55,-0.45,28.15,28.15,27.55,233000,6479250,156,TPEX_CSV,2026-09-15 14:15:45 +0800
1150915,2026-09-15,上櫃,8227,巨有科技,249.50,+8.50,239.00,253.00,239.00,1811000,446508500,1499,TPEX_CSV,2026-09-15 14:15:45 +0800
1150915,2026-09-15,上櫃,8234,新漢,61.30,-1.40,62.10,62.70,61.30,267000,16531900,210,TPEX_CSV,2026-09-15 14:15:45 +0800
1150915,2026-09-15,上櫃,8240,華宏,49.00,-1.00,50.20,50.30,49.00,288000,14272950,223,TPEX_CSV,2026-09-15 14:15:45 +0800
1150915,2026-09-15,上櫃,8255,朋程,132.50,-1.00,132.50,135.00,132.00,161000,21468000,137,TPEX_CSV,2026-09-15 14:15:45 +0800
1150915,2026-09-15,上櫃,8272,全景軟體,65.40,+0.40,65.50,66.00,63.20,24000,1549600,23,TPEX_CSV,2026-09-15 14:15:45 +0800
1150915,2026-09-15,上櫃,8279,生展,78.40,-0.30,78.20,78.40,78.20,2000,156600,2,TPEX_CSV,2026-09-15 14:15:45 +0800
1150915,2026-09-15,上櫃,8284,三竹,69.00,+0.40,69.00,69.70,68.20,53000,3670900,30,TPEX_CSV,2026-09-15 14:15:45 +0800
1150915,2026-09-15,上櫃,8289,泰藝,42.50,+1.65,41.00,43.45,41.00,518000,22057100,418,TPEX_CSV,2026-09-15 14:15:45 +0800
1150915,2026-09-15,上櫃,8291,尚茂,29.55,-1.95,31.75,31.85,29.35,7000,213400,7,TPEX_CSV,2026-09-15 14:15:45 +0800
1150915,2026-09-15,上櫃,8299,群聯,1920.00,-15.00,1935.00,1960.00,1900.00,2009000,3880345000,1734,TPEX_CSV,2026-09-15 14:15:45 +0800
1150915,2026-09-15,上櫃,8342,益張,83.00,-2.20,85.50,85.50,83.00,6000,505100,5,TPEX_CSV,2026-09-15 14:15:45 +0800
1150915,2026-09-15,上櫃,8349,恒耀,38.05,-0.35,38.35,38.40,37.80,63000,2395800,53,TPEX_CSV,2026-09-15 14:15:45 +0800
1150915,2026-09-15,上櫃,8354,冠好,16.80,-0.20,17.00,17.00,16.80,27000,456350,17,TPEX_CSV,2026-09-15 14:15:45 +0800
1150915,2026-09-15,上櫃,8358,金居,482.00,-36.00,515.00,516.00,480.00,26088000,13025757000,20211,TPEX_CSV,2026-09-15 14:15:45 +0800
1150915,2026-09-15,上櫃,8383,千附,63.30,-0.70,64.10,64.40,63.20,593000,37760800,449,TPEX_CSV,2026-09-15 14:15:45 +0800
1150915,2026-09-15,上櫃,8390,金益鼎,90.30,-0.10,90.40,91.00,90.00,186000,16851000,139,TPEX_CSV,2026-09-15 14:15:45 +0800
1150915,2026-09-15,上櫃,8401,白紗科,22.70,+0.05,22.65,22.80,22.50,29000,659600,21,TPEX_CSV,2026-09-15 14:15:45 +0800
1150915,2026-09-15,上櫃,8403,盛弘,18.80,-0.15,18.90,18.90,18.80,35000,660400,25,TPEX_CSV,2026-09-15 14:15:45 +0800
1150915,2026-09-15,上櫃,8409,商之器,18.05,0.00,18.05,18.05,18.05,6000,108300,4,TPEX_CSV,2026-09-15 14:15:45 +0800
1150915,2026-09-15,上櫃,8410,森田,29.25,+0.25,29.50,29.50,29.00,22000,639050,13,TPEX_CSV,2026-09-15 14:15:45 +0800
1150915,2026-09-15,上櫃,8415,大國鋼,34.55,-0.35,35.30,35.30,34.55,460000,15991350,313,TPEX_CSV,2026-09-15 14:15:45 +0800
1150915,2026-09-15,上櫃,8416,實威,169.50,-0.50,169.50,169.50,169.50,2000,339000,1,TPEX_CSV,2026-09-15 14:15:45 +0800
1150915,2026-09-15,上櫃,8421,旭源,12.65,+0.30,12.20,13.10,12.10,234000,2958000,101,TPEX_CSV,2026-09-15 14:15:45 +0800
1150915,2026-09-15,上櫃,8423,保綠-KY,17.65,-0.05,17.55,18.00,17.55,15000,267100,13,TPEX_CSV,2026-09-15 14:15:45 +0800
1150915,2026-09-15,上櫃,8424,惠普,68.90,+0.10,68.90,68.90,68.90,2000,137800,2,TPEX_CSV,2026-09-15 14:15:45 +0800
1150915,2026-09-15,上櫃,8426,紅木-KY,20.30,-0.25,20.40,20.65,20.30,18000,366600,10,TPEX_CSV,2026-09-15 14:15:45 +0800
1150915,2026-09-15,上櫃,8431,匯鑽科,60.10,-2.40,61.50,63.00,60.00,2614000,160833600,1766,TPEX_CSV,2026-09-15 14:15:45 +0800
1150915,2026-09-15,上櫃,8432,東生華,49.90,-0.30,49.80,50.00,49.80,7000,349500,6,TPEX_CSV,2026-09-15 14:15:45 +0800
1150915,2026-09-15,上櫃,8433,弘帆,53.30,-0.10,53.50,53.50,53.30,5000,266700,2,TPEX_CSV,2026-09-15 14:15:45 +0800
1150915,2026-09-15,上櫃,8435,鉅邁,53.00,-0.20,53.20,53.20,53.00,15000,796000,11,TPEX_CSV,2026-09-15 14:15:45 +0800
1150915,2026-09-15,上櫃,8436,大江,105.00,-0.50,106.00,106.50,105.00,326000,34397000,265,TPEX_CSV,2026-09-15 14:15:45 +0800
1150915,2026-09-15,上櫃,8437,大地-KY,8.98,-0.13,9.01,9.08,8.98,13000,117100,8,TPEX_CSV,2026-09-15 14:15:45 +0800
1150915,2026-09-15,上櫃,8440,綠電,19.85,-0.15,20.00,20.20,19.85,43000,861250,36,TPEX_CSV,2026-09-15 14:15:45 +0800
1150915,2026-09-15,上櫃,8444,綠河-KY,----,---,----,----,----,0,0,0,TPEX_CSV,2026-09-15 14:15:45 +0800
1150915,2026-09-15,上櫃,8446,華研,84.80,-0.70,85.50,85.50,84.80,38000,3230000,27,TPEX_CSV,2026-09-15 14:15:45 +0800
1150915,2026-09-15,上櫃,8450,霹靂,14.35,-0.10,14.25,14.40,14.00,18000,255800,16,TPEX_CSV,2026-09-15 14:15:45 +0800
1150915,2026-09-15,上櫃,8455,大拓-KY,23.50,-0.10,23.50,23.50,23.50,1000,23500,1,TPEX_CSV,2026-09-15 14:15:45 +0800
1150915,2026-09-15,上櫃,8472,納維康,80.20,-0.80,79.00,82.30,79.00,13000,1056500,10,TPEX_CSV,2026-09-15 14:15:45 +0800
1150915,2026-09-15,上櫃,8477,創業家,15.25,-0.05,15.05,15.25,15.05,5000,75450,3,TPEX_CSV,2026-09-15 14:15:45 +0800
1150915,2026-09-15,上櫃,8489,三貝德,21.60,-0.15,21.50,21.75,21.50,38000,820150,30,TPEX_CSV,2026-09-15 14:15:45 +0800
1150915,2026-09-15,上櫃,8905,裕國,34.30,+0.30,33.90,34.30,33.90,2000,68200,2,TPEX_CSV,2026-09-15 14:15:45 +0800
1150915,2026-09-15,上櫃,8906,花王,28.80,+0.50,28.30,28.80,28.30,8000,227900,2,TPEX_CSV,2026-09-15 14:15:45 +0800
1150915,2026-09-15,上櫃,8908,欣雄,40.15,+0.15,40.40,40.40,40.00,10000,401900,10,TPEX_CSV,2026-09-15 14:15:45 +0800
1150915,2026-09-15,上櫃,8916,光隆,40.80,+0.05,40.75,41.55,40.75,73000,2997150,72,TPEX_CSV,2026-09-15 14:15:45 +0800
1150915,2026-09-15,上櫃,8917,欣泰,52.00,-0.10,52.20,52.20,52.00,5000,260400,4,TPEX_CSV,2026-09-15 14:15:45 +0800
1150915,2026-09-15,上櫃,8921,沈氏,16.65,+0.10,16.55,16.65,16.55,2000,33200,2,TPEX_CSV,2026-09-15 14:15:45 +0800
1150915,2026-09-15,上櫃,8923,時報,18.50,+0.30,18.50,18.50,18.05,55000,1006900,50,TPEX_CSV,2026-09-15 14:15:45 +0800
1150915,2026-09-15,上櫃,8924,大田,49.90,-0.10,50.00,50.00,49.65,33000,1643450,26,TPEX_CSV,2026-09-15 14:15:45 +0800
1150915,2026-09-15,上櫃,8927,北基,18.80,-0.30,19.20,19.20,18.80,66000,1252800,56,TPEX_CSV,2026-09-15 14:15:45 +0800
1150915,2026-09-15,上櫃,8928,鉅明,22.95,-0.30,23.25,23.25,22.95,8000,184650,8,TPEX_CSV,2026-09-15 14:15:45 +0800
1150915,2026-09-15,上櫃,8929,富堡,13.00,0.00,12.90,13.00,12.90,5000,64750,5,TPEX_CSV,2026-09-15 14:15:45 +0800
1150915,2026-09-15,上櫃,8930,青鋼,29.10,0.00,29.10,29.10,28.90,8000,232200,6,TPEX_CSV,2026-09-15 14:15:45 +0800
1150915,2026-09-15,上櫃,8931,大汽電,43.10,-0.10,43.90,43.90,42.80,64000,2756200,54,TPEX_CSV,2026-09-15 14:15:45 +0800
1150915,2026-09-15,上櫃,8932,智通*,85.80,-4.80,90.80,92.70,85.10,2886000,255255600,1565,TPEX_CSV,2026-09-15 14:15:45 +0800
1150915,2026-09-15,上櫃,8933,愛地雅,4.43,-0.04,4.47,4.48,4.43,29000,129660,10,TPEX_CSV,2026-09-15 14:15:45 +0800
1150915,2026-09-15,上櫃,8935,邦泰,17.45,-0.25,17.60,17.70,17.45,50000,877450,38,TPEX_CSV,2026-09-15 14:15:45 +0800
1150915,2026-09-15,上櫃,8936,國統,51.00,0.00,51.00,51.50,50.90,817000,41887700,450,TPEX_CSV,2026-09-15 14:15:45 +0800
1150915,2026-09-15,上櫃,8937,合騏*,27.65,-1.05,28.60,28.70,27.50,306000,8543400,201,TPEX_CSV,2026-09-15 14:15:45 +0800
1150915,2026-09-15,上櫃,8938,明安,52.00,-0.20,52.20,52.20,51.50,31000,1609300,29,TPEX_CSV,2026-09-15 14:15:45 +0800
1150915,2026-09-15,上櫃,8941,關中,45.00,-0.40,45.00,45.00,45.00,2000,90000,2,TPEX_CSV,2026-09-15 14:15:45 +0800
1150915,2026-09-15,上櫃,8942,森鉅,41.00,-0.40,41.40,41.40,41.00,90000,3704750,67,TPEX_CSV,2026-09-15 14:15:45 +0800
1150915,2026-09-15,上櫃,9949,琉園,24.10,+0.15,23.95,24.10,23.90,5000,119850,5,TPEX_CSV,2026-09-15 14:15:45 +0800
1150915,2026-09-15,上櫃,9950,萬國通,10.25,0.00,10.25,10.30,10.20,33000,338500,12,TPEX_CSV,2026-09-15 14:15:45 +0800
1150915,2026-09-15,上櫃,9951,皇田,48.75,-0.05,48.90,48.90,48.50,22000,1072200,19,TPEX_CSV,2026-09-15 14:15:45 +0800
1150915,2026-09-15,上櫃,9960,邁達康,30.60,+0.35,30.25,31.70,30.15,12000,367000,11,TPEX_CSV,2026-09-15 14:15:45 +0800
1150915,2026-09-15,上櫃,9962,有益,10.05,+0.07,9.91,10.15,9.91,30000,299410,13,TPEX_CSV,2026-09-15 14:15:45 +0800
