日期,西元日期,市場,股票代號,股票名稱,收盤價,漲跌,開盤價,最高價,最低價,成交股數,成交金額,成交筆數,資料來源,下載時間
1150806,2026-08-06,上市,00400A,主動國泰動能高息,13.89,0.2000,13.65,13.91,13.51,36957000,508821690,5607,TWSE_CSV,2026-08-06 14:16:02 +0800
1150806,2026-08-06,上市,00401A,主動摩根台灣鑫收,13.39,-0.0200,13.42,13.47,13.22,13828000,184151650,886,TWSE_CSV,2026-08-06 14:16:02 +0800
1150806,2026-08-06,上市,00402A,主動安聯美國科技,9.77,-0.1500,9.79,9.79,9.71,5534000,53926570,541,TWSE_CSV,2026-08-06 14:16:02 +0800
1150806,2026-08-06,上市,00403A,主動統一升級50,9.91,0.1000,9.77,9.94,9.66,183039000,1798790910,22885,TWSE_CSV,2026-08-06 14:16:02 +0800
1150806,2026-08-06,上市,00404A,主動聯博動能50,9.46,-0.0300,9.46,9.50,9.36,4185000,39600000,352,TWSE_CSV,2026-08-06 14:16:02 +0800
1150806,2026-08-06,上市,00405A,主動富邦台灣龍耀,8.25,0.2000,7.98,8.29,7.96,101006000,823626500,8214,TWSE_CSV,2026-08-06 14:16:02 +0800
1150806,2026-08-06,上市,00406A,主動中信台灣收益,9.35,0.0800,9.20,9.39,9.12,39086000,362522160,5447,TWSE_CSV,2026-08-06 14:16:02 +0800
1150806,2026-08-06,上市,00407A,主動凱基台灣,9.45,0.1700,9.27,9.47,9.17,55325000,518747370,5786,TWSE_CSV,2026-08-06 14:16:02 +0800
1150806,2026-08-06,上市,00408A,主動第一金優股息,10.25,0.0900,10.14,10.28,10.04,3849000,39133430,378,TWSE_CSV,2026-08-06 14:16:02 +0800
1150806,2026-08-06,上市,00410A,主動永豐科技趨勢,10.88,0.1800,10.65,10.93,10.60,20498000,221415910,1018,TWSE_CSV,2026-08-06 14:16:02 +0800
1150806,2026-08-06,上市,0050,元大台灣50,103.30,-0.5000,103.25,103.70,102.55,74770000,7708359100,29587,TWSE_CSV,2026-08-06 14:16:02 +0800
1150806,2026-08-06,上市,0051,元大中型100,141.20,1.1000,140.10,141.20,139.05,80000,11233200,35,TWSE_CSV,2026-08-06 14:16:02 +0800
1150806,2026-08-06,上市,0052,富邦科技,60.45,-0.2000,60.20,60.60,59.85,15931000,959094050,4189,TWSE_CSV,2026-08-06 14:16:02 +0800
1150806,2026-08-06,上市,0053,元大電子,234.55,-0.4000,232.10,234.55,232.00,28000,6532100,20,TWSE_CSV,2026-08-06 14:16:02 +0800
1150806,2026-08-06,上市,0055,元大MSCI金融,43.62,-0.7900,44.31,44.41,43.41,402000,17619380,155,TWSE_CSV,2026-08-06 14:16:02 +0800
1150806,2026-08-06,上市,0056,元大高股息,51.30,-0.1500,51.35,51.70,51.00,21080000,1082015050,8527,TWSE_CSV,2026-08-06 14:16:02 +0800
1150806,2026-08-06,上市,0057,富邦摩台,309.05,-1.9000,308.00,309.05,308.00,6000,1850850,5,TWSE_CSV,2026-08-06 14:16:02 +0800
1150806,2026-08-06,上市,0061,元大寶滬深,24.77,-0.1700,24.82,24.99,24.76,245000,6072830,39,TWSE_CSV,2026-08-06 14:16:02 +0800
1150806,2026-08-06,上市,006203,元大MSCI台灣,187.65,-0.2500,187.35,187.65,187.35,3000,562350,3,TWSE_CSV,2026-08-06 14:16:02 +0800
1150806,2026-08-06,上市,006204,永豐臺灣加權,221.75,-0.5000,221.75,221.75,221.75,1000,221750,1,TWSE_CSV,2026-08-06 14:16:02 +0800
1150806,2026-08-06,上市,006205,富邦上証,41.25,-0.1700,41.68,41.68,41.19,249000,10283190,56,TWSE_CSV,2026-08-06 14:16:02 +0800
1150806,2026-08-06,上市,006206,元大上證50,38.12,-0.1800,38.72,38.72,38.05,20000,764790,15,TWSE_CSV,2026-08-06 14:16:02 +0800
1150806,2026-08-06,上市,006207,復華滬深,32.95,-0.3200,33.04,33.17,32.95,161000,5317170,20,TWSE_CSV,2026-08-06 14:16:02 +0800
1150806,2026-08-06,上市,006208,富邦台50,236.55,-1.7000,236.85,237.60,234.80,3508000,828413300,1383,TWSE_CSV,2026-08-06 14:16:02 +0800
1150806,2026-08-06,上市,00625K,富邦上証+R,8.59,0.0000,8.59,8.59,8.59,8000,68720,1,TWSE_CSV,2026-08-06 14:16:02 +0800
1150806,2026-08-06,上市,00631L,元大台灣50正2,33.85,-0.3000,33.69,34.05,33.29,178369000,6003499850,42445,TWSE_CSV,2026-08-06 14:16:02 +0800
1150806,2026-08-06,上市,00632R,元大台灣50反1,10.33,0.0300,10.36,10.45,10.30,193634000,2010091930,13679,TWSE_CSV,2026-08-06 14:16:02 +0800
1150806,2026-08-06,上市,00633L,富邦上証正2,49.49,-0.5600,49.33,50.15,48.87,2054000,101468940,481,TWSE_CSV,2026-08-06 14:16:02 +0800
1150806,2026-08-06,上市,00634R,富邦上証反1,3.10,0.0200,3.10,3.10,3.07,732000,2267160,19,TWSE_CSV,2026-08-06 14:16:02 +0800
1150806,2026-08-06,上市,00635U,期元大S&P黃金,44.27,1.2400,44.73,44.73,44.25,7059000,314356110,3238,TWSE_CSV,2026-08-06 14:16:02 +0800
1150806,2026-08-06,上市,00636,國泰中國A50,28.35,-0.1600,28.24,28.50,28.15,334000,9450230,52,TWSE_CSV,2026-08-06 14:16:02 +0800
1150806,2026-08-06,上市,00636K,國泰中國A50+U,8.77,-0.0100,8.77,8.77,8.77,200,1754,2,TWSE_CSV,2026-08-06 14:16:02 +0800
1150806,2026-08-06,上市,00637L,元大滬深300正2,20.54,-0.2700,20.61,20.84,20.32,12875000,264870600,2051,TWSE_CSV,2026-08-06 14:16:02 +0800
1150806,2026-08-06,上市,00638R,元大滬深300反1,6.65,0.0400,6.69,6.71,6.62,691000,4575710,12,TWSE_CSV,2026-08-06 14:16:02 +0800
1150806,2026-08-06,上市,00639,富邦深100,16.93,-0.3000,17.19,17.23,16.84,623000,10592800,156,TWSE_CSV,2026-08-06 14:16:02 +0800
1150806,2026-08-06,上市,00640L,富邦日本正2,106.50,1.0500,105.30,106.50,105.00,98000,10336000,42,TWSE_CSV,2026-08-06 14:16:02 +0800
1150806,2026-08-06,上市,00641R,富邦日本反1,3.73,0.0000,3.75,3.75,3.73,1623000,6065200,65,TWSE_CSV,2026-08-06 14:16:02 +0800
1150806,2026-08-06,上市,00642U,期元大S&P石油,24.64,-0.1500,24.75,25.05,24.62,2566000,63685610,893,TWSE_CSV,2026-08-06 14:16:02 +0800
1150806,2026-08-06,上市,00643,群益深証中小,18.83,-0.1200,18.81,19.07,18.70,3015000,56919540,123,TWSE_CSV,2026-08-06 14:16:02 +0800
1150806,2026-08-06,上市,00643K,群益深証中小+R,3.97,0.0000,3.93,3.97,3.93,2000,7900,2,TWSE_CSV,2026-08-06 14:16:02 +0800
1150806,2026-08-06,上市,00645,富邦日本,57.30,0.2500,57.05,57.30,56.85,162000,9236100,77,TWSE_CSV,2026-08-06 14:16:02 +0800
1150806,2026-08-06,上市,00646,元大S&P500,78.45,-0.5000,78.60,78.60,78.30,1250000,98031800,685,TWSE_CSV,2026-08-06 14:16:02 +0800
1150806,2026-08-06,上市,00647L,元大S&P500正2,142.70,-1.1500,142.20,142.70,142.05,39000,5554500,15,TWSE_CSV,2026-08-06 14:16:02 +0800
1150806,2026-08-06,上市,00648R,元大S&P500反1,3.90,0.0200,3.91,3.92,3.89,499000,1949630,65,TWSE_CSV,2026-08-06 14:16:02 +0800
1150806,2026-08-06,上市,00650L,復華香港正2,17.28,-0.6200,17.66,17.69,17.24,3314000,57655880,739,TWSE_CSV,2026-08-06 14:16:02 +0800
1150806,2026-08-06,上市,00651R,復華香港反1,5.20,0.0800,5.15,5.21,5.15,220000,1141620,35,TWSE_CSV,2026-08-06 14:16:02 +0800
1150806,2026-08-06,上市,00652,富邦印度,34.46,0.0100,34.45,34.46,34.31,160000,5503210,95,TWSE_CSV,2026-08-06 14:16:02 +0800
1150806,2026-08-06,上市,00653L,富邦印度正2,48.92,0.0100,48.68,49.04,48.60,113000,5518950,36,TWSE_CSV,2026-08-06 14:16:02 +0800
1150806,2026-08-06,上市,00654R,富邦印度反1,6.60,-0.0100,6.61,6.61,6.59,27000,177970,6,TWSE_CSV,2026-08-06 14:16:02 +0800
1150806,2026-08-06,上市,00655L,國泰中國A50正2,34.48,-0.4500,34.47,34.99,34.05,788000,27191660,232,TWSE_CSV,2026-08-06 14:16:02 +0800
1150806,2026-08-06,上市,00656R,國泰中國A50反1,5.84,0.0100,5.88,5.90,5.84,609000,3578010,11,TWSE_CSV,2026-08-06 14:16:02 +0800
1150806,2026-08-06,上市,00657,國泰日經225,77.85,-0.7000,77.60,77.90,77.15,25000,1940050,13,TWSE_CSV,2026-08-06 14:16:02 +0800
1150806,2026-08-06,上市,00657K,國泰日經225+U,24.18,-0.1100,24.18,24.18,24.18,200,4836,2,TWSE_CSV,2026-08-06 14:16:02 +0800
1150806,2026-08-06,上市,00660,元大歐洲50,47.30,-0.0600,47.24,47.30,47.24,3000,141840,3,TWSE_CSV,2026-08-06 14:16:02 +0800
1150806,2026-08-06,上市,00661,元大日經225,85.30,-0.5000,84.55,85.40,84.30,85000,7218550,56,TWSE_CSV,2026-08-06 14:16:02 +0800
1150806,2026-08-06,上市,00662,富邦NASDAQ,122.00,-1.6000,121.75,122.05,121.40,3958000,482034150,915,TWSE_CSV,2026-08-06 14:16:02 +0800
1150806,2026-08-06,上市,00663L,國泰臺灣加權正2,96.95,-0.6500,96.15,97.55,94.80,6558000,631785700,2449,TWSE_CSV,2026-08-06 14:16:02 +0800
1150806,2026-08-06,上市,00664R,國泰臺灣加權反1,1.67,-0.0100,1.68,1.69,1.66,22954000,38496150,912,TWSE_CSV,2026-08-06 14:16:02 +0800
1150806,2026-08-06,上市,00665L,富邦恒生國企正2,9.58,-0.2200,9.75,9.76,9.56,13298000,128101670,1046,TWSE_CSV,2026-08-06 14:16:02 +0800
1150806,2026-08-06,上市,00666R,富邦恒生國企反1,9.04,0.1000,8.94,9.04,8.94,526000,4754290,23,TWSE_CSV,2026-08-06 14:16:02 +0800
1150806,2026-08-06,上市,00668,國泰美國道瓊,64.05,0.0500,64.05,64.05,63.90,283000,18115100,18,TWSE_CSV,2026-08-06 14:16:02 +0800
1150806,2026-08-06,上市,00668K,國泰美國道瓊+U,19.86,0.0900,19.86,19.86,19.86,200,3972,2,TWSE_CSV,2026-08-06 14:16:02 +0800
1150806,2026-08-06,上市,00669R,國泰美國道瓊反1,5.12,-0.0100,5.12,5.12,5.11,1834000,9388180,109,TWSE_CSV,2026-08-06 14:16:02 +0800
1150806,2026-08-06,上市,00670L,富邦NASDAQ正2,201.25,-5.0000,200.40,201.50,199.55,530000,106323000,253,TWSE_CSV,2026-08-06 14:16:02 +0800
1150806,2026-08-06,上市,00671R,富邦NASDAQ反1,2.43,0.0200,2.44,2.44,2.42,3489000,8485260,153,TWSE_CSV,2026-08-06 14:16:02 +0800
1150806,2026-08-06,上市,00673R,期元大S&P原油反1,14.18,0.0800,14.11,14.19,13.93,11014000,154976980,895,TWSE_CSV,2026-08-06 14:16:02 +0800
1150806,2026-08-06,上市,00674R,期元大S&P黃金反1,28.84,-0.8700,28.61,28.84,28.54,455000,13043970,127,TWSE_CSV,2026-08-06 14:16:02 +0800
1150806,2026-08-06,上市,00675L,富邦臺灣加權正2,293.00,-2.1000,290.15,294.75,286.95,1447000,420721550,652,TWSE_CSV,2026-08-06 14:16:02 +0800
1150806,2026-08-06,上市,00676R,富邦臺灣加權反1,5.73,0.0300,5.76,5.77,5.69,8043000,46123280,623,TWSE_CSV,2026-08-06 14:16:02 +0800
1150806,2026-08-06,上市,00678,群益那斯達克生技,40.97,0.1700,40.90,40.98,40.89,344000,14087680,25,TWSE_CSV,2026-08-06 14:16:02 +0800
1150806,2026-08-06,上市,00680L,元大美債20正2,6.58,-0.0300,6.60,6.60,6.57,8001000,52649040,258,TWSE_CSV,2026-08-06 14:16:02 +0800
1150806,2026-08-06,上市,00681R,元大美債20反1,21.62,-0.0100,21.65,21.65,21.62,156000,3377280,5,TWSE_CSV,2026-08-06 14:16:02 +0800
1150806,2026-08-06,上市,00682U,期元大美元指數,0.00,0.0000,0.00,0.00,0.00,0,0,0,TWSE_CSV,2026-08-06 14:16:02 +0800
1150806,2026-08-06,上市,00683L,期元大美元指正2,21.53,0.0100,21.52,21.53,21.47,19000,408460,8,TWSE_CSV,2026-08-06 14:16:02 +0800
1150806,2026-08-06,上市,00684R,期元大美元指反1,15.17,0.0000,15.17,15.17,15.17,1000,15170,1,TWSE_CSV,2026-08-06 14:16:02 +0800
1150806,2026-08-06,上市,00685L,群益臺灣加權正2,11.05,-0.0700,10.97,11.12,10.82,222570000,2441170760,31379,TWSE_CSV,2026-08-06 14:16:02 +0800
1150806,2026-08-06,上市,00686R,群益臺灣加權反1,1.01,-0.0100,1.02,1.03,1.01,9554000,9737260,218,TWSE_CSV,2026-08-06 14:16:02 +0800
1150806,2026-08-06,上市,00688L,國泰20年美債正2,6.57,0.0000,6.58,6.58,6.55,3265000,21419270,135,TWSE_CSV,2026-08-06 14:16:02 +0800
1150806,2026-08-06,上市,00689R,國泰20年美債反1,22.71,0.0000,22.72,22.72,22.71,158000,3588190,5,TWSE_CSV,2026-08-06 14:16:02 +0800
1150806,2026-08-06,上市,00690,兆豐藍籌30,75.80,0.3500,76.00,76.00,74.65,270000,20353200,114,TWSE_CSV,2026-08-06 14:16:02 +0800
1150806,2026-08-06,上市,00692,富邦公司治理,88.30,-0.6500,88.80,88.95,87.75,972000,85846250,341,TWSE_CSV,2026-08-06 14:16:02 +0800
1150806,2026-08-06,上市,00693U,期街口S&P黃豆,21.50,-0.0500,21.50,21.55,21.50,222000,4777660,94,TWSE_CSV,2026-08-06 14:16:02 +0800
1150806,2026-08-06,上市,00700,富邦恒生國企,17.75,-0.1600,17.88,17.88,17.71,1072000,19028600,184,TWSE_CSV,2026-08-06 14:16:02 +0800
1150806,2026-08-06,上市,00701,國泰股利精選30,38.60,-0.4300,39.00,39.19,38.56,375000,14529370,218,TWSE_CSV,2026-08-06 14:16:02 +0800
1150806,2026-08-06,上市,00702,國泰標普低波高息,25.25,-0.0500,25.29,25.29,25.22,4000,101020,4,TWSE_CSV,2026-08-06 14:16:02 +0800
1150806,2026-08-06,上市,00703,台新MSCI中國,20.15,-0.2000,20.18,20.18,20.08,31000,624620,7,TWSE_CSV,2026-08-06 14:16:02 +0800
1150806,2026-08-06,上市,00706L,期元大S&P日圓正2,19.39,-0.0200,19.39,19.45,19.38,536000,10398980,104,TWSE_CSV,2026-08-06 14:16:02 +0800
1150806,2026-08-06,上市,00707R,期元大S&P日圓反1,31.85,0.0500,31.85,31.85,31.85,2000,63700,1,TWSE_CSV,2026-08-06 14:16:02 +0800
1150806,2026-08-06,上市,00708L,期元大S&P黃金正2,77.15,3.9000,78.60,78.80,77.05,12182000,951907350,3365,TWSE_CSV,2026-08-06 14:16:02 +0800
1150806,2026-08-06,上市,00709,富邦歐洲,41.26,-0.1300,41.35,41.35,41.20,64000,2640990,26,TWSE_CSV,2026-08-06 14:16:02 +0800
1150806,2026-08-06,上市,00710B,復華彭博非投等債,19.30,-0.0300,19.34,19.34,19.27,271000,5226210,30,TWSE_CSV,2026-08-06 14:16:02 +0800
1150806,2026-08-06,上市,00711B,復華彭博新興債,15.86,-0.0100,15.86,15.87,15.86,109000,1728770,9,TWSE_CSV,2026-08-06 14:16:02 +0800
1150806,2026-08-06,上市,00712,復華富時不動產,8.80,-0.0500,8.84,8.85,8.79,20574000,181168760,3653,TWSE_CSV,2026-08-06 14:16:02 +0800
1150806,2026-08-06,上市,00713,元大台灣高息低波,61.10,0.0000,61.00,61.15,60.90,2504000,152885150,904,TWSE_CSV,2026-08-06 14:16:02 +0800
1150806,2026-08-06,上市,00714,群益道瓊美國地產,22.57,-0.0500,22.57,22.60,22.55,113000,2553400,11,TWSE_CSV,2026-08-06 14:16:02 +0800
1150806,2026-08-06,上市,00715L,期街口布蘭特正2,38.48,-0.0100,38.82,39.69,38.48,8820000,343849790,2386,TWSE_CSV,2026-08-06 14:16:02 +0800
1150806,2026-08-06,上市,00717,富邦美國特別股,14.99,-0.0800,15.07,15.07,14.97,84000,1260090,48,TWSE_CSV,2026-08-06 14:16:02 +0800
1150806,2026-08-06,上市,00728,第一金工業30,63.25,0.1500,61.60,63.30,61.60,65000,4086150,35,TWSE_CSV,2026-08-06 14:16:02 +0800
1150806,2026-08-06,上市,00730,富邦臺灣優質高息,29.07,0.1700,28.94,29.15,28.50,90000,2605040,70,TWSE_CSV,2026-08-06 14:16:02 +0800
1150806,2026-08-06,上市,00731,復華富時高息低波,90.50,-1.2500,91.45,91.50,90.45,543000,49318100,20,TWSE_CSV,2026-08-06 14:16:02 +0800
1150806,2026-08-06,上市,00733,富邦臺灣中小,64.65,1.9000,62.75,64.65,61.75,626000,39571800,217,TWSE_CSV,2026-08-06 14:16:02 +0800
1150806,2026-08-06,上市,00735,國泰臺韓科技,96.90,-1.8000,96.30,97.35,95.70,2576000,248536300,1314,TWSE_CSV,2026-08-06 14:16:02 +0800
1150806,2026-08-06,上市,00736,國泰新興市場,31.79,-0.2200,31.77,31.86,31.77,132000,4196090,7,TWSE_CSV,2026-08-06 14:16:02 +0800
1150806,2026-08-06,上市,00737,國泰AI機器人,40.72,-0.3600,40.35,40.75,40.33,214000,8706910,83,TWSE_CSV,2026-08-06 14:16:02 +0800
1150806,2026-08-06,上市,00738U,期元大道瓊白銀,49.69,0.7700,50.55,50.55,49.69,4676000,234166190,1730,TWSE_CSV,2026-08-06 14:16:02 +0800
1150806,2026-08-06,上市,00739,元大MSCI A股,28.32,0.0000,28.24,28.36,28.08,13000,367390,11,TWSE_CSV,2026-08-06 14:16:02 +0800
1150806,2026-08-06,上市,00752,中信中國50,24.00,-0.3700,24.25,24.27,23.97,688000,16582600,291,TWSE_CSV,2026-08-06 14:16:02 +0800
1150806,2026-08-06,上市,00753L,中信中國50正2,9.88,-0.2500,9.99,10.08,9.87,10091000,100448720,1047,TWSE_CSV,2026-08-06 14:16:02 +0800
1150806,2026-08-06,上市,00757,統一FANG+,140.15,-1.8000,139.95,140.25,139.45,1785000,249864000,498,TWSE_CSV,2026-08-06 14:16:02 +0800
1150806,2026-08-06,上市,00762,元大全球AI,112.60,-2.7000,112.15,112.75,111.75,254000,28529250,130,TWSE_CSV,2026-08-06 14:16:02 +0800
1150806,2026-08-06,上市,00763U,期街口道瓊銅,35.72,0.3900,35.90,35.90,35.68,470000,16827630,197,TWSE_CSV,2026-08-06 14:16:02 +0800
1150806,2026-08-06,上市,00770,國泰北美科技,69.40,-0.9500,69.60,69.60,69.05,157000,10871850,95,TWSE_CSV,2026-08-06 14:16:02 +0800
1150806,2026-08-06,上市,00771,元大US高息特別股,15.71,-0.0500,15.73,15.73,15.63,30000,470400,19,TWSE_CSV,2026-08-06 14:16:02 +0800
1150806,2026-08-06,上市,00775B,台新投等債15+,32.35,0.0500,32.35,32.36,32.35,5000,161760,5,TWSE_CSV,2026-08-06 14:16:02 +0800
1150806,2026-08-06,上市,00783,富邦中証500,28.30,-0.2000,28.59,28.59,28.30,36000,1021060,6,TWSE_CSV,2026-08-06 14:16:02 +0800
1150806,2026-08-06,上市,00830,國泰費城半導體,85.90,-1.8000,85.80,85.95,84.65,6461000,551841000,2483,TWSE_CSV,2026-08-06 14:16:02 +0800
1150806,2026-08-06,上市,00850,元大臺灣ESG永續,88.50,-0.0500,88.50,88.85,87.50,472000,41680850,215,TWSE_CSV,2026-08-06 14:16:02 +0800
1150806,2026-08-06,上市,00851,台新全球AI,71.80,0.0000,71.80,72.00,71.80,4000,287600,4,TWSE_CSV,2026-08-06 14:16:02 +0800
1150806,2026-08-06,上市,00852L,國泰美國道瓊正2,37.56,0.1500,37.47,37.56,37.45,23000,862140,11,TWSE_CSV,2026-08-06 14:16:02 +0800
1150806,2026-08-06,上市,00861,元大全球未來通訊,87.05,-2.0500,87.30,87.55,86.75,502000,43728100,60,TWSE_CSV,2026-08-06 14:16:02 +0800
1150806,2026-08-06,上市,00865B,國泰US短期公債,49.30,-0.0800,49.38,49.39,49.22,2166000,106732460,538,TWSE_CSV,2026-08-06 14:16:02 +0800
1150806,2026-08-06,上市,00875,國泰網路資安,55.55,-0.8500,55.90,55.90,55.45,40000,2222450,32,TWSE_CSV,2026-08-06 14:16:02 +0800
1150806,2026-08-06,上市,00876,元大全球5G,88.00,-1.6500,88.45,88.45,87.00,133000,11656200,122,TWSE_CSV,2026-08-06 14:16:02 +0800
1150806,2026-08-06,上市,00878,國泰永續高股息,32.84,-0.3100,33.12,33.15,32.81,66611000,2192058170,21526,TWSE_CSV,2026-08-06 14:16:02 +0800
1150806,2026-08-06,上市,00881,國泰台灣科技龍頭,52.75,0.1000,52.50,52.95,51.95,26139000,1373103200,8044,TWSE_CSV,2026-08-06 14:16:02 +0800
1150806,2026-08-06,上市,00882,中信中國高股息,15.00,-0.0900,15.07,15.10,14.95,5257000,78827680,1261,TWSE_CSV,2026-08-06 14:16:02 +0800
1150806,2026-08-06,上市,00885,富邦越南,18.34,-0.1400,18.32,18.51,18.30,1935000,35572200,381,TWSE_CSV,2026-08-06 14:16:02 +0800
1150806,2026-08-06,上市,00891,中信關鍵半導體,35.09,-0.0400,35.03,35.15,34.63,21131000,737822440,6968,TWSE_CSV,2026-08-06 14:16:02 +0800
1150806,2026-08-06,上市,00892,富邦台灣半導體,40.12,-0.1700,40.08,40.31,39.37,3808000,152178650,469,TWSE_CSV,2026-08-06 14:16:02 +0800
1150806,2026-08-06,上市,00893,國泰智能電動車,43.42,-0.2900,43.71,43.71,43.32,703000,30514000,156,TWSE_CSV,2026-08-06 14:16:02 +0800
1150806,2026-08-06,上市,00894,中信小資高價30,47.50,0.3800,47.06,47.70,46.55,1431000,67612220,407,TWSE_CSV,2026-08-06 14:16:02 +0800
1150806,2026-08-06,上市,00895,富邦未來車,50.15,-0.3500,50.75,50.75,49.87,208000,10405650,109,TWSE_CSV,2026-08-06 14:16:02 +0800
1150806,2026-08-06,上市,00896,中信綠能及電動車,26.98,0.2000,26.63,27.10,26.60,1121000,30152900,390,TWSE_CSV,2026-08-06 14:16:02 +0800
1150806,2026-08-06,上市,00897,富邦基因免疫生技,11.30,0.1300,11.22,11.30,11.21,941000,10600000,120,TWSE_CSV,2026-08-06 14:16:02 +0800
1150806,2026-08-06,上市,00898,國泰基因免疫革命,9.61,0.0300,9.60,9.61,9.58,432000,4146550,116,TWSE_CSV,2026-08-06 14:16:02 +0800
1150806,2026-08-06,上市,00899,FT潔淨能源,23.75,-0.5600,23.99,23.99,23.70,19000,451660,18,TWSE_CSV,2026-08-06 14:16:02 +0800
1150806,2026-08-06,上市,00900,富邦特選高股息30,18.67,-0.0700,18.74,18.79,18.62,3554000,66390230,596,TWSE_CSV,2026-08-06 14:16:02 +0800
1150806,2026-08-06,上市,00901,永豐智能車供應鏈,44.24,-0.0800,43.75,44.26,43.75,78000,3435900,15,TWSE_CSV,2026-08-06 14:16:02 +0800
1150806,2026-08-06,上市,00902,中信電池及儲能,13.11,-0.2100,13.17,13.27,13.01,1557000,20427050,250,TWSE_CSV,2026-08-06 14:16:02 +0800
1150806,2026-08-06,上市,00903,富邦元宇宙,21.42,-0.4200,21.37,21.42,21.33,764000,16330860,28,TWSE_CSV,2026-08-06 14:16:02 +0800
1150806,2026-08-06,上市,00904,台新臺灣半導體30,39.46,0.0500,39.41,39.61,38.81,946000,37209980,191,TWSE_CSV,2026-08-06 14:16:02 +0800
1150806,2026-08-06,上市,00905,FT臺灣Smart,25.44,0.0400,25.34,25.55,25.10,666000,16840030,232,TWSE_CSV,2026-08-06 14:16:02 +0800
1150806,2026-08-06,上市,00907,永豐優息存股,16.77,-0.0800,16.76,16.84,16.76,181000,3042070,112,TWSE_CSV,2026-08-06 14:16:02 +0800
1150806,2026-08-06,上市,00908,富邦入息REITs+,15.70,-0.0600,15.76,15.76,15.66,770000,12080290,30,TWSE_CSV,2026-08-06 14:16:02 +0800
1150806,2026-08-06,上市,00909,國泰數位支付服務,45.10,-1.0400,45.28,45.28,44.97,442000,19913560,207,TWSE_CSV,2026-08-06 14:16:02 +0800
1150806,2026-08-06,上市,00910,第一金太空衛星,61.10,-0.4000,61.00,61.20,60.60,588000,35794850,344,TWSE_CSV,2026-08-06 14:16:02 +0800
1150806,2026-08-06,上市,00911,兆豐洲際半導體,54.05,-1.2500,54.55,54.55,53.50,526000,28366550,158,TWSE_CSV,2026-08-06 14:16:02 +0800
1150806,2026-08-06,上市,00912,中信臺灣智慧50,33.00,0.0900,32.83,33.14,32.74,151000,4968570,45,TWSE_CSV,2026-08-06 14:16:02 +0800
1150806,2026-08-06,上市,00913,兆豐台灣晶圓製造,47.21,-0.0400,47.07,47.42,46.28,1604000,75201950,643,TWSE_CSV,2026-08-06 14:16:02 +0800
1150806,2026-08-06,上市,00915,凱基優選高股息30,31.92,-0.2800,32.14,32.14,31.88,2269000,72532550,238,TWSE_CSV,2026-08-06 14:16:02 +0800
1150806,2026-08-06,上市,00916,國泰全球品牌50,27.35,-0.1600,27.50,27.50,27.27,343000,9375290,162,TWSE_CSV,2026-08-06 14:16:02 +0800
1150806,2026-08-06,上市,00917,中信特選金融,24.34,-0.0300,24.37,24.37,24.30,281000,6842550,65,TWSE_CSV,2026-08-06 14:16:02 +0800
1150806,2026-08-06,上市,00918,大華優利高填息30,33.58,-0.0800,33.50,33.76,33.43,10825000,363675030,3047,TWSE_CSV,2026-08-06 14:16:02 +0800
1150806,2026-08-06,上市,00919,群益台灣精選高息,29.60,-0.3400,29.90,29.90,29.54,51893000,1539752660,17594,TWSE_CSV,2026-08-06 14:16:02 +0800
1150806,2026-08-06,上市,00920,富邦ESG綠色電力,24.52,-0.1300,24.49,24.54,24.37,54000,1321320,35,TWSE_CSV,2026-08-06 14:16:02 +0800
1150806,2026-08-06,上市,00921,兆豐龍頭等權重,23.45,0.1000,23.35,23.48,23.25,80000,1870000,28,TWSE_CSV,2026-08-06 14:16:02 +0800
1150806,2026-08-06,上市,00922,國泰台灣領袖50,39.80,-0.0500,39.77,39.98,39.45,4476000,177943980,1177,TWSE_CSV,2026-08-06 14:16:02 +0800
1150806,2026-08-06,上市,00923,群益台ESG低碳50,41.26,-0.0700,41.30,41.48,40.91,15575000,641639450,4928,TWSE_CSV,2026-08-06 14:16:02 +0800
1150806,2026-08-06,上市,00924,復華S&P500成長,34.04,-0.1600,34.05,34.05,33.91,1623000,55134030,439,TWSE_CSV,2026-08-06 14:16:02 +0800
1150806,2026-08-06,上市,00926,凱基全球菁英55,26.88,-0.0700,26.90,26.90,26.80,1679000,45073150,71,TWSE_CSV,2026-08-06 14:16:02 +0800
1150806,2026-08-06,上市,00927,群益半導體收益,35.98,-0.0300,35.88,36.09,35.26,12799000,457624200,3239,TWSE_CSV,2026-08-06 14:16:02 +0800
1150806,2026-08-06,上市,00929,復華台灣科技優息,28.94,0.1600,28.74,28.99,28.32,26142000,749639110,6173,TWSE_CSV,2026-08-06 14:16:02 +0800
1150806,2026-08-06,上市,00930,永豐ESG低碳高息,23.83,0.0600,23.72,23.87,23.65,356000,8474510,72,TWSE_CSV,2026-08-06 14:16:02 +0800
1150806,2026-08-06,上市,00932,兆豐永續高息等權,17.47,0.0900,17.30,17.47,17.30,382000,6642310,88,TWSE_CSV,2026-08-06 14:16:02 +0800
1150806,2026-08-06,上市,00934,中信成長高股息,28.34,0.1100,28.14,28.38,27.81,1938000,54618440,461,TWSE_CSV,2026-08-06 14:16:02 +0800
1150806,2026-08-06,上市,00935,野村臺灣新科技50,55.90,0.0500,55.50,56.20,54.90,6107000,339734450,1673,TWSE_CSV,2026-08-06 14:16:02 +0800
1150806,2026-08-06,上市,00936,台新永續高息中小,21.56,0.2000,21.31,21.60,21.22,1046000,22490960,202,TWSE_CSV,2026-08-06 14:16:02 +0800
1150806,2026-08-06,上市,00938,凱基優選30,24.70,-0.3100,24.90,24.90,24.65,486000,12057960,55,TWSE_CSV,2026-08-06 14:16:02 +0800
1150806,2026-08-06,上市,00939,統一台灣高息動能,22.13,-0.2300,22.22,22.37,22.13,2485000,55220060,412,TWSE_CSV,2026-08-06 14:16:02 +0800
1150806,2026-08-06,上市,00940,元大台灣價值高息,12.45,-0.0200,12.40,12.47,12.33,9355000,116112410,1329,TWSE_CSV,2026-08-06 14:16:02 +0800
1150806,2026-08-06,上市,00941,中信上游半導體,26.35,-0.3200,26.18,26.35,26.11,875000,22970060,145,TWSE_CSV,2026-08-06 14:16:02 +0800
1150806,2026-08-06,上市,00943,兆豐電子高息等權,21.70,0.0000,21.44,21.72,21.33,70000,1506740,22,TWSE_CSV,2026-08-06 14:16:02 +0800
1150806,2026-08-06,上市,00944,野村趨勢動能高息,20.47,-0.2100,20.48,20.52,20.33,445000,9077180,27,TWSE_CSV,2026-08-06 14:16:02 +0800
1150806,2026-08-06,上市,00945B,凱基美國非投等債,14.70,-0.0100,14.71,14.71,14.66,4526000,66443160,296,TWSE_CSV,2026-08-06 14:16:02 +0800
1150806,2026-08-06,上市,00946,群益科技高息成長,15.06,0.0000,15.03,15.06,14.78,1258000,18794290,255,TWSE_CSV,2026-08-06 14:16:02 +0800
1150806,2026-08-06,上市,00947,台新臺灣IC設計,35.50,0.8100,34.52,35.58,34.30,6030000,211716380,1752,TWSE_CSV,2026-08-06 14:16:02 +0800
1150806,2026-08-06,上市,00949,復華日本龍頭,21.66,0.1300,21.53,21.66,21.50,459000,9902780,173,TWSE_CSV,2026-08-06 14:16:02 +0800
1150806,2026-08-06,上市,00951,台新日本半導體,18.07,-0.5700,18.03,18.23,17.71,3646000,65355750,1026,TWSE_CSV,2026-08-06 14:16:02 +0800
1150806,2026-08-06,上市,00952,凱基台灣AI50,18.03,0.0400,17.99,18.11,17.79,1716000,30815430,265,TWSE_CSV,2026-08-06 14:16:02 +0800
1150806,2026-08-06,上市,00953B,群益優選非投等債,9.75,-0.0200,9.77,9.78,9.75,30670000,299261660,3877,TWSE_CSV,2026-08-06 14:16:02 +0800
1150806,2026-08-06,上市,00954,中信日本半導體,19.27,-0.6200,19.26,19.45,18.89,3460000,66084370,760,TWSE_CSV,2026-08-06 14:16:02 +0800
1150806,2026-08-06,上市,00956,中信日經高股息,13.23,0.1400,13.18,13.26,13.18,788000,10431100,110,TWSE_CSV,2026-08-06 14:16:02 +0800
1150806,2026-08-06,上市,00960,野村全球航運龍頭,18.58,-0.1500,18.70,18.70,18.55,138000,2563660,48,TWSE_CSV,2026-08-06 14:16:02 +0800
1150806,2026-08-06,上市,00961,FT臺灣永續高息,13.05,-0.0700,13.15,13.17,13.04,24005000,313853680,4344,TWSE_CSV,2026-08-06 14:16:02 +0800
1150806,2026-08-06,上市,00962,台新AI優息動能,15.02,-0.0200,15.05,15.13,14.90,1103000,16557920,138,TWSE_CSV,2026-08-06 14:16:02 +0800
1150806,2026-08-06,上市,00963,中信全球高股息,13.36,-0.0800,13.46,13.46,13.35,1098000,14682820,228,TWSE_CSV,2026-08-06 14:16:02 +0800
1150806,2026-08-06,上市,00964,中信亞太高股息,14.10,0.0900,13.95,14.10,13.89,2171000,30377060,162,TWSE_CSV,2026-08-06 14:16:02 +0800
1150806,2026-08-06,上市,00965,元大航太防衛科技,26.72,0.0800,26.60,26.76,26.52,4417000,117774890,1038,TWSE_CSV,2026-08-06 14:16:02 +0800
1150806,2026-08-06,上市,00971,野村美國研發龍頭,17.89,0.0000,17.89,17.90,17.79,347000,6193160,38,TWSE_CSV,2026-08-06 14:16:02 +0800
1150806,2026-08-06,上市,00972,野村日本動能高息,21.78,0.3300,21.63,21.79,21.63,420000,9120530,45,TWSE_CSV,2026-08-06 14:16:02 +0800
1150806,2026-08-06,上市,009800,中信NASDAQ,13.19,-0.1700,13.21,13.21,13.12,1000000,13162740,270,TWSE_CSV,2026-08-06 14:16:02 +0800
1150806,2026-08-06,上市,009801,中信美國創新科技,12.59,-0.1300,12.64,12.64,12.53,685000,8611040,182,TWSE_CSV,2026-08-06 14:16:02 +0800
1150806,2026-08-06,上市,009802,富邦旗艦50,18.74,-0.0800,18.82,18.83,18.59,2191000,40997170,322,TWSE_CSV,2026-08-06 14:16:02 +0800
1150806,2026-08-06,上市,009803,玉山市值動能50,20.97,-0.0300,20.97,21.03,20.76,1120000,23452940,237,TWSE_CSV,2026-08-06 14:16:02 +0800
1150806,2026-08-06,上市,009804,聯邦台精彩50,21.64,0.0300,21.51,21.70,21.43,632000,13641100,167,TWSE_CSV,2026-08-06 14:16:02 +0800
1150806,2026-08-06,上市,009805,台新美國電力基建,16.31,-0.0600,16.35,16.35,16.22,3053000,49680030,817,TWSE_CSV,2026-08-06 14:16:02 +0800
1150806,2026-08-06,上市,009808,華南永昌優選50,30.28,-0.3200,30.50,30.50,29.85,322000,9701930,50,TWSE_CSV,2026-08-06 14:16:02 +0800
1150806,2026-08-06,上市,009809,富邦淨零ESG50,17.27,-0.1200,17.39,17.39,17.18,1052000,18144840,36,TWSE_CSV,2026-08-06 14:16:02 +0800
1150806,2026-08-06,上市,00980A,主動野村臺灣優選,23.73,0.4200,23.03,23.80,23.03,14037000,329635000,2887,TWSE_CSV,2026-08-06 14:16:02 +0800
1150806,2026-08-06,上市,009810,玉山全球藍籌100,21.86,-0.0300,21.86,21.86,21.81,160000,3496560,23,TWSE_CSV,2026-08-06 14:16:02 +0800
1150806,2026-08-06,上市,009811,統一美國50,13.54,-0.0500,13.59,13.59,13.50,1643000,22225590,258,TWSE_CSV,2026-08-06 14:16:02 +0800
1150806,2026-08-06,上市,009812,野村日本東證,12.96,0.0600,12.99,12.99,12.90,304000,3929190,79,TWSE_CSV,2026-08-06 14:16:02 +0800
1150806,2026-08-06,上市,009813,貝萊德標普卓越50,11.53,-0.0300,11.54,11.54,11.48,887000,10208790,173,TWSE_CSV,2026-08-06 14:16:02 +0800
1150806,2026-08-06,上市,009816,凱基台灣TOP50,14.96,-0.0400,14.93,15.02,14.81,87819000,1310877800,15448,TWSE_CSV,2026-08-06 14:16:02 +0800
1150806,2026-08-06,上市,009817,國泰日本不動產,9.23,-0.0300,9.26,9.26,9.21,1320000,12181980,82,TWSE_CSV,2026-08-06 14:16:02 +0800
1150806,2026-08-06,上市,009818,華南永昌NASDAQxT,20.32,-0.2200,20.24,20.35,20.24,195000,3959880,39,TWSE_CSV,2026-08-06 14:16:02 +0800
1150806,2026-08-06,上市,009819,中信數據及電力,10.30,-0.1200,10.29,10.31,10.25,3326000,34190220,713,TWSE_CSV,2026-08-06 14:16:02 +0800
1150806,2026-08-06,上市,00981A,主動統一台股增長,28.84,0.3800,28.32,28.98,27.94,173772000,4962972180,33150,TWSE_CSV,2026-08-06 14:16:02 +0800
1150806,2026-08-06,上市,00981T,平衡凱基雙核收息,11.98,-0.0200,12.00,12.00,11.94,2405000,28771100,255,TWSE_CSV,2026-08-06 14:16:02 +0800
1150806,2026-08-06,上市,009820,元大納斯達克精選,9.95,-0.0400,9.98,9.98,9.90,4224000,41958490,335,TWSE_CSV,2026-08-06 14:16:02 +0800
1150806,2026-08-06,上市,009821,野村稀土關鍵資源,14.12,0.4100,14.00,14.20,14.00,13373000,188830840,2532,TWSE_CSV,2026-08-06 14:16:02 +0800
1150806,2026-08-06,上市,009824,群益美國科技巨頭,10.22,-0.0800,10.27,10.29,10.18,6089000,62241900,732,TWSE_CSV,2026-08-06 14:16:02 +0800
1150806,2026-08-06,上市,009826,貝萊德世界股票,10.28,-0.0100,10.29,10.29,10.24,36508000,374603820,7524,TWSE_CSV,2026-08-06 14:16:02 +0800
1150806,2026-08-06,上市,00982A,主動群益台灣強棒,22.71,0.3800,22.25,22.72,21.99,29679000,664394870,6433,TWSE_CSV,2026-08-06 14:16:02 +0800
1150806,2026-08-06,上市,00982D,主動富邦動態入息,9.91,-0.0100,9.92,9.93,9.90,300000,2972940,27,TWSE_CSV,2026-08-06 14:16:02 +0800
1150806,2026-08-06,上市,00982T,平衡兆豐台美動能,15.24,-0.1000,15.12,15.24,15.12,93000,1410130,6,TWSE_CSV,2026-08-06 14:16:02 +0800
1150806,2026-08-06,上市,00983A,主動中信ARK創新,11.61,0.0900,11.52,11.62,11.52,677000,7850810,154,TWSE_CSV,2026-08-06 14:16:02 +0800
1150806,2026-08-06,上市,00983D,主動富邦複合收益,10.13,-0.0100,10.12,10.13,10.10,572000,5788210,60,TWSE_CSV,2026-08-06 14:16:02 +0800
1150806,2026-08-06,上市,00984A,主動安聯台灣高息,14.97,0.1800,14.79,14.98,14.61,3599000,53497180,930,TWSE_CSV,2026-08-06 14:16:02 +0800
1150806,2026-08-06,上市,00984D,主動聯博全球非投,10.16,0.0000,10.15,10.16,10.14,13080000,132747190,902,TWSE_CSV,2026-08-06 14:16:02 +0800
1150806,2026-08-06,上市,00985A,主動野村台灣50,21.77,0.3100,21.45,21.77,21.30,2826000,61105210,671,TWSE_CSV,2026-08-06 14:16:02 +0800
1150806,2026-08-06,上市,00985B,群益ESG投等債0-5,10.34,-0.0100,10.35,10.35,10.33,5565000,57527680,392,TWSE_CSV,2026-08-06 14:16:02 +0800
1150806,2026-08-06,上市,00986A,主動台新龍頭成長,14.82,-0.1500,14.96,14.96,14.77,555000,8218670,51,TWSE_CSV,2026-08-06 14:16:02 +0800
1150806,2026-08-06,上市,00987A,主動台新優勢成長,15.42,0.2400,15.16,15.50,14.91,1760000,26880990,506,TWSE_CSV,2026-08-06 14:16:02 +0800
1150806,2026-08-06,上市,00988A,主動統一全球創新,16.60,-0.5900,16.60,16.69,16.40,57723000,956004310,13482,TWSE_CSV,2026-08-06 14:16:02 +0800
1150806,2026-08-06,上市,00989A,主動摩根美國科技,17.03,-0.3000,16.95,17.03,16.91,1009000,17122730,78,TWSE_CSV,2026-08-06 14:16:02 +0800
1150806,2026-08-06,上市,00990A,主動元大AI新經濟,15.83,-0.3700,15.87,15.89,15.64,15296000,241574930,3874,TWSE_CSV,2026-08-06 14:16:02 +0800
1150806,2026-08-06,上市,00991A,主動復華未來50,17.16,0.2700,16.79,17.20,16.56,98137000,1663277310,13417,TWSE_CSV,2026-08-06 14:16:02 +0800
1150806,2026-08-06,上市,00991B,貝萊德A級公司債,15.17,-0.0200,15.19,15.19,15.14,530000,8036230,42,TWSE_CSV,2026-08-06 14:16:02 +0800
1150806,2026-08-06,上市,00992A,主動群益科技創新,16.93,0.3800,16.62,17.01,16.47,52233000,876154560,7069,TWSE_CSV,2026-08-06 14:16:02 +0800
1150806,2026-08-06,上市,00993A,主動安聯台灣,12.93,0.1200,12.76,12.94,12.57,3698000,47383560,633,TWSE_CSV,2026-08-06 14:16:02 +0800
1150806,2026-08-06,上市,00994A,主動第一金台股優,16.50,0.2500,16.18,16.56,16.00,3343000,54624970,527,TWSE_CSV,2026-08-06 14:16:02 +0800
1150806,2026-08-06,上市,00995A,主動中信台灣卓越,16.84,0.2200,16.46,16.84,16.22,3675000,60998990,519,TWSE_CSV,2026-08-06 14:16:02 +0800
1150806,2026-08-06,上市,00996A,主動兆豐台灣豐收,13.48,0.0100,13.27,13.55,13.03,4898000,65427010,717,TWSE_CSV,2026-08-06 14:16:02 +0800
1150806,2026-08-06,上市,00997A,主動群益美國增長,11.49,-0.2800,11.53,11.53,11.43,9410000,107968250,1753,TWSE_CSV,2026-08-06 14:16:02 +0800
1150806,2026-08-06,上市,00999A,主動野村臺灣高息,10.88,0.1300,10.71,10.91,10.65,18344000,198520850,2481,TWSE_CSV,2026-08-06 14:16:02 +0800
1150806,2026-08-06,上市,1101,台泥,24.35,0.3000,23.95,24.60,23.95,28109000,685649750,8027,TWSE_CSV,2026-08-06 14:16:02 +0800
1150806,2026-08-06,上市,1102,亞泥,32.95,0.3500,32.50,32.95,32.50,6059000,198803650,2329,TWSE_CSV,2026-08-06 14:16:02 +0800
1150806,2026-08-06,上市,1103,嘉泥,13.00,0.0000,12.95,13.05,12.95,210000,2728950,127,TWSE_CSV,2026-08-06 14:16:02 +0800
1150806,2026-08-06,上市,1104,環泥,26.45,0.0500,26.35,26.55,26.35,456000,12063700,301,TWSE_CSV,2026-08-06 14:16:02 +0800
1150806,2026-08-06,上市,1108,幸福,12.05,0.1000,12.00,12.05,11.90,407000,4875050,132,TWSE_CSV,2026-08-06 14:16:02 +0800
1150806,2026-08-06,上市,1109,信大,13.55,0.0000,13.55,13.60,13.50,84000,1138400,46,TWSE_CSV,2026-08-06 14:16:02 +0800
1150806,2026-08-06,上市,1110,東泥,15.80,-0.1000,15.75,15.95,15.60,364000,5728750,269,TWSE_CSV,2026-08-06 14:16:02 +0800
1150806,2026-08-06,上市,1201,味全,12.00,-0.0500,12.05,12.10,11.90,557000,6689850,289,TWSE_CSV,2026-08-06 14:16:02 +0800
1150806,2026-08-06,上市,1203,味王,47.50,-0.3000,46.75,47.50,46.75,20000,941800,20,TWSE_CSV,2026-08-06 14:16:02 +0800
1150806,2026-08-06,上市,1210,大成,55.20,0.2000,55.00,55.20,54.50,5222000,286659000,2888,TWSE_CSV,2026-08-06 14:16:02 +0800
1150806,2026-08-06,上市,1213,大飲,7.48,-0.0200,7.49,7.49,7.41,6000,44820,5,TWSE_CSV,2026-08-06 14:16:02 +0800
1150806,2026-08-06,上市,1215,卜蜂,107.50,3.5000,103.50,108.00,103.50,933000,98979000,681,TWSE_CSV,2026-08-06 14:16:02 +0800
1150806,2026-08-06,上市,1216,統一,73.00,-0.2000,72.80,73.90,72.50,22225000,1621430600,7216,TWSE_CSV,2026-08-06 14:16:02 +0800
1150806,2026-08-06,上市,1217,愛之味,9.78,-0.0500,9.78,9.83,9.74,397000,3880510,225,TWSE_CSV,2026-08-06 14:16:02 +0800
1150806,2026-08-06,上市,1218,泰山,15.55,0.0500,15.35,15.60,15.35,1813000,28029850,603,TWSE_CSV,2026-08-06 14:16:02 +0800
1150806,2026-08-06,上市,1219,福壽,10.65,0.0500,10.50,10.65,10.50,646000,6833300,238,TWSE_CSV,2026-08-06 14:16:02 +0800
1150806,2026-08-06,上市,1220,台榮,11.15,0.0000,11.15,11.15,11.05,68000,754900,54,TWSE_CSV,2026-08-06 14:16:02 +0800
1150806,2026-08-06,上市,1225,福懋油,23.70,-0.5500,24.35,24.35,23.55,208000,4956100,165,TWSE_CSV,2026-08-06 14:16:02 +0800
1150806,2026-08-06,上市,1227,佳格,28.85,0.1500,28.60,29.00,28.60,814000,23456800,513,TWSE_CSV,2026-08-06 14:16:02 +0800
1150806,2026-08-06,上市,1229,聯華,40.60,0.5000,40.00,40.65,40.00,1772000,71715850,1049,TWSE_CSV,2026-08-06 14:16:02 +0800
1150806,2026-08-06,上市,1231,聯華食,79.90,-0.2000,79.20,80.10,79.20,431000,34300100,292,TWSE_CSV,2026-08-06 14:16:02 +0800
1150806,2026-08-06,上市,1232,大統益,155.50,3.0000,152.50,155.50,152.50,262000,40388000,214,TWSE_CSV,2026-08-06 14:16:02 +0800
1150806,2026-08-06,上市,1233,天仁,28.75,0.0500,28.80,28.90,28.60,26000,748550,13,TWSE_CSV,2026-08-06 14:16:02 +0800
1150806,2026-08-06,上市,1234,黑松,33.30,-0.2500,33.50,33.55,33.30,167000,5575700,128,TWSE_CSV,2026-08-06 14:16:02 +0800
1150806,2026-08-06,上市,1235,興泰,36.90,0.8500,36.55,36.90,35.55,10000,362200,10,TWSE_CSV,2026-08-06 14:16:02 +0800
1150806,2026-08-06,上市,1236,宏亞,24.95,0.1000,24.90,25.10,24.60,134000,3338000,99,TWSE_CSV,2026-08-06 14:16:02 +0800
1150806,2026-08-06,上市,1256,鮮活果汁-KY,177.00,-9.0000,182.50,185.00,173.00,375000,65937000,290,TWSE_CSV,2026-08-06 14:16:02 +0800
1150806,2026-08-06,上市,1301,台塑,55.10,-0.9000,55.60,55.90,54.70,12598000,695948300,5786,TWSE_CSV,2026-08-06 14:16:02 +0800
1150806,2026-08-06,上市,1303,南亞,178.50,1.5000,174.00,182.00,169.50,57474000,10127144500,32274,TWSE_CSV,2026-08-06 14:16:02 +0800
1150806,2026-08-06,上市,1304,台聚,11.55,-0.0500,11.45,11.75,11.45,2121000,24640600,847,TWSE_CSV,2026-08-06 14:16:02 +0800
1150806,2026-08-06,上市,1305,華夏,11.45,0.1000,11.15,11.50,11.15,980000,11111050,459,TWSE_CSV,2026-08-06 14:16:02 +0800
1150806,2026-08-06,上市,1307,三芳,32.15,0.1500,31.75,32.20,31.75,380000,12180400,261,TWSE_CSV,2026-08-06 14:16:02 +0800
1150806,2026-08-06,上市,1308,亞聚,13.10,0.1000,12.90,13.15,12.85,1203000,15617000,544,TWSE_CSV,2026-08-06 14:16:02 +0800
1150806,2026-08-06,上市,1309,台達化,12.70,-0.2500,12.80,12.80,12.40,1913000,24121200,746,TWSE_CSV,2026-08-06 14:16:02 +0800
1150806,2026-08-06,上市,1310,台苯,8.00,-0.1700,8.19,8.30,7.89,8306000,66781420,2974,TWSE_CSV,2026-08-06 14:16:02 +0800
1150806,2026-08-06,上市,1312,國喬,12.25,0.1500,11.95,12.25,11.90,3656000,44147700,1204,TWSE_CSV,2026-08-06 14:16:02 +0800
1150806,2026-08-06,上市,1313,聯成,11.60,0.6000,11.00,11.75,11.00,8020000,92299250,2433,TWSE_CSV,2026-08-06 14:16:02 +0800
1150806,2026-08-06,上市,1314,中石化,7.81,-0.0300,7.84,8.00,7.79,19184000,150615860,4577,TWSE_CSV,2026-08-06 14:16:02 +0800
1150806,2026-08-06,上市,1315,達新,63.90,0.6000,63.40,63.90,63.10,14000,888600,13,TWSE_CSV,2026-08-06 14:16:02 +0800
1150806,2026-08-06,上市,1316,上曜,10.10,0.1400,10.00,10.10,9.96,1016000,10198510,435,TWSE_CSV,2026-08-06 14:16:02 +0800
1150806,2026-08-06,上市,1319,東陽,76.50,3.6000,74.00,76.50,73.70,4196000,317546900,2763,TWSE_CSV,2026-08-06 14:16:02 +0800
1150806,2026-08-06,上市,1321,大洋,31.70,0.1000,31.60,31.85,31.55,110000,3481550,51,TWSE_CSV,2026-08-06 14:16:02 +0800
1150806,2026-08-06,上市,1323,永裕,19.85,0.1000,19.75,19.90,19.60,27000,533450,19,TWSE_CSV,2026-08-06 14:16:02 +0800
1150806,2026-08-06,上市,1324,地球,10.05,0.0900,9.96,10.05,9.92,21000,209040,9,TWSE_CSV,2026-08-06 14:16:02 +0800
1150806,2026-08-06,上市,1325,恆大,26.35,-0.3000,26.95,27.10,26.10,431000,11424250,275,TWSE_CSV,2026-08-06 14:16:02 +0800
1150806,2026-08-06,上市,1326,台化,58.10,-0.5000,58.20,59.10,57.70,13384000,778175500,6255,TWSE_CSV,2026-08-06 14:16:02 +0800
1150806,2026-08-06,上市,1337,再生-KY,4.66,-0.0500,4.68,4.70,4.62,231000,1077690,132,TWSE_CSV,2026-08-06 14:16:02 +0800
1150806,2026-08-06,上市,1338,廣華-KY,15.25,-0.2000,15.30,15.40,15.10,71000,1078450,47,TWSE_CSV,2026-08-06 14:16:02 +0800
1150806,2026-08-06,上市,1339,昭輝,45.05,0.6000,44.50,45.25,44.35,205000,9191300,134,TWSE_CSV,2026-08-06 14:16:02 +0800
1150806,2026-08-06,上市,1340,勝悅-KY,5.06,0.0000,5.06,5.10,5.03,132000,667320,94,TWSE_CSV,2026-08-06 14:16:02 +0800
1150806,2026-08-06,上市,1341,富林-KY,59.30,-0.1000,58.10,59.30,57.80,8000,471700,7,TWSE_CSV,2026-08-06 14:16:02 +0800
1150806,2026-08-06,上市,1342,八貫,101.50,-0.5000,102.00,102.00,100.00,219000,22104000,158,TWSE_CSV,2026-08-06 14:16:02 +0800
1150806,2026-08-06,上市,1402,遠東新,27.00,0.3000,26.60,27.10,26.60,19908000,534676800,3969,TWSE_CSV,2026-08-06 14:16:02 +0800
1150806,2026-08-06,上市,1409,新纖,22.60,0.0000,22.50,23.10,22.25,7864000,177412200,3709,TWSE_CSV,2026-08-06 14:16:02 +0800
1150806,2026-08-06,上市,1410,南染,25.45,-0.4500,25.80,25.80,25.35,15000,382550,15,TWSE_CSV,2026-08-06 14:16:02 +0800
1150806,2026-08-06,上市,1413,宏洲,9.27,0.0700,9.20,9.33,9.20,35000,323380,20,TWSE_CSV,2026-08-06 14:16:02 +0800
1150806,2026-08-06,上市,1414,東和,19.35,-0.1500,19.55,19.55,18.80,257000,4924550,184,TWSE_CSV,2026-08-06 14:16:02 +0800
1150806,2026-08-06,上市,1416,廣豐,10.75,-0.1000,10.75,10.80,10.70,96000,1033750,41,TWSE_CSV,2026-08-06 14:16:02 +0800
1150806,2026-08-06,上市,1417,嘉裕,8.25,-0.0500,8.35,8.35,8.18,87000,715640,57,TWSE_CSV,2026-08-06 14:16:02 +0800
1150806,2026-08-06,上市,1418,東華,18.20,-0.1000,18.20,18.20,18.00,7000,127050,5,TWSE_CSV,2026-08-06 14:16:02 +0800
1150806,2026-08-06,上市,1419,新紡,64.20,0.0000,63.50,64.50,63.50,107000,6830100,90,TWSE_CSV,2026-08-06 14:16:02 +0800
1150806,2026-08-06,上市,1423,利華,35.50,0.0000,35.55,35.55,34.45,14000,492550,11,TWSE_CSV,2026-08-06 14:16:02 +0800
1150806,2026-08-06,上市,1432,大魯閣,15.15,0.0500,15.10,15.15,15.00,124000,1868800,81,TWSE_CSV,2026-08-06 14:16:02 +0800
1150806,2026-08-06,上市,1434,福懋,17.10,-0.1500,17.15,17.30,17.05,1914000,32811000,916,TWSE_CSV,2026-08-06 14:16:02 +0800
1150806,2026-08-06,上市,1435,中福,21.20,-1.8000,23.00,23.00,20.85,26000,554250,26,TWSE_CSV,2026-08-06 14:16:02 +0800
1150806,2026-08-06,上市,1436,華友聯,35.40,-0.3000,35.70,35.70,35.05,223000,7845250,149,TWSE_CSV,2026-08-06 14:16:02 +0800
1150806,2026-08-06,上市,1437,勤益控,29.45,-0.3000,29.75,29.75,29.30,142000,4183450,103,TWSE_CSV,2026-08-06 14:16:02 +0800
1150806,2026-08-06,上市,1438,三地開發,22.45,-0.1000,22.85,22.85,22.20,35000,784850,23,TWSE_CSV,2026-08-06 14:16:02 +0800
1150806,2026-08-06,上市,1439,雋揚,28.90,0.0000,29.40,29.40,28.50,24000,694550,13,TWSE_CSV,2026-08-06 14:16:02 +0800
1150806,2026-08-06,上市,1440,南紡,12.50,0.2000,12.20,12.60,12.20,1727000,21484350,630,TWSE_CSV,2026-08-06 14:16:02 +0800
1150806,2026-08-06,上市,1441,大東,9.00,0.1100,8.81,9.00,8.81,21000,188530,13,TWSE_CSV,2026-08-06 14:16:02 +0800
1150806,2026-08-06,上市,1442,名軒,29.50,0.0000,29.10,29.70,29.10,124000,3642800,107,TWSE_CSV,2026-08-06 14:16:02 +0800
1150806,2026-08-06,上市,1443,立益物流,25.80,0.0500,25.75,25.85,25.60,22000,565950,19,TWSE_CSV,2026-08-06 14:16:02 +0800
1150806,2026-08-06,上市,1444,力麗,7.20,0.0400,7.16,7.35,7.10,1352000,9793760,568,TWSE_CSV,2026-08-06 14:16:02 +0800
1150806,2026-08-06,上市,1445,大宇,10.40,-0.0500,10.50,10.50,10.25,89000,920850,56,TWSE_CSV,2026-08-06 14:16:02 +0800
1150806,2026-08-06,上市,1446,宏和,13.75,-0.0500,13.80,13.80,13.60,127000,1739050,88,TWSE_CSV,2026-08-06 14:16:02 +0800
1150806,2026-08-06,上市,1447,力鵬,7.18,0.2500,6.95,7.40,6.87,3816000,27433640,1185,TWSE_CSV,2026-08-06 14:16:02 +0800
1150806,2026-08-06,上市,1449,佳和,12.45,-0.0500,12.35,12.55,12.30,237000,2944950,140,TWSE_CSV,2026-08-06 14:16:02 +0800
1150806,2026-08-06,上市,1451,年興,17.55,-0.0500,17.50,17.55,17.40,35000,611850,29,TWSE_CSV,2026-08-06 14:16:02 +0800
1150806,2026-08-06,上市,1452,宏益,11.10,-0.0500,11.10,11.15,10.70,145000,1594700,85,TWSE_CSV,2026-08-06 14:16:02 +0800
1150806,2026-08-06,上市,1453,大將,11.05,-0.1000,11.15,11.15,10.90,85000,931900,39,TWSE_CSV,2026-08-06 14:16:02 +0800
1150806,2026-08-06,上市,1454,台富,13.00,0.0500,12.80,13.00,12.75,19000,244150,16,TWSE_CSV,2026-08-06 14:16:02 +0800
1150806,2026-08-06,上市,1455,集盛,8.88,0.0300,8.86,8.88,8.74,626000,5515990,372,TWSE_CSV,2026-08-06 14:16:02 +0800
1150806,2026-08-06,上市,1456,怡華,14.10,0.0000,13.80,14.45,13.30,126000,1756400,93,TWSE_CSV,2026-08-06 14:16:02 +0800
1150806,2026-08-06,上市,1457,宜進,14.05,-0.2000,14.20,14.20,14.00,206000,2898400,100,TWSE_CSV,2026-08-06 14:16:02 +0800
1150806,2026-08-06,上市,1459,聯發,12.95,0.0500,12.90,12.95,12.60,148000,1897450,80,TWSE_CSV,2026-08-06 14:16:02 +0800
1150806,2026-08-06,上市,1460,宏遠,6.54,-0.0800,6.62,6.70,6.54,425000,2801040,227,TWSE_CSV,2026-08-06 14:16:02 +0800
1150806,2026-08-06,上市,1463,強盛新,17.90,0.2000,17.55,17.90,17.50,30000,531150,20,TWSE_CSV,2026-08-06 14:16:02 +0800
1150806,2026-08-06,上市,1464,得力,10.40,0.1000,10.35,10.50,10.35,264000,2744250,132,TWSE_CSV,2026-08-06 14:16:02 +0800
1150806,2026-08-06,上市,1465,偉全,12.30,-0.1500,12.35,12.45,12.30,39000,481250,30,TWSE_CSV,2026-08-06 14:16:02 +0800
1150806,2026-08-06,上市,1466,聚隆,15.95,-0.3000,16.45,16.45,15.95,419000,6763100,188,TWSE_CSV,2026-08-06 14:16:02 +0800
1150806,2026-08-06,上市,1467,南緯,9.99,0.0200,10.00,10.35,9.65,1352000,13516390,737,TWSE_CSV,2026-08-06 14:16:02 +0800
1150806,2026-08-06,上市,1468,昶和,13.45,-0.4000,13.75,13.75,13.25,35000,468800,31,TWSE_CSV,2026-08-06 14:16:02 +0800
1150806,2026-08-06,上市,1470,大統新創,23.10,0.2000,22.80,23.10,22.80,5000,114900,5,TWSE_CSV,2026-08-06 14:16:02 +0800
1150806,2026-08-06,上市,1471,首利,9.45,-0.0500,9.40,9.45,9.24,327000,3046560,183,TWSE_CSV,2026-08-06 14:16:02 +0800
1150806,2026-08-06,上市,1472,三洋實業,88.50,0.5000,87.70,88.50,87.70,5000,440200,3,TWSE_CSV,2026-08-06 14:16:02 +0800
1150806,2026-08-06,上市,1473,台南,19.80,0.0000,19.70,19.80,19.50,58000,1136200,57,TWSE_CSV,2026-08-06 14:16:02 +0800
1150806,2026-08-06,上市,1474,弘裕,10.05,0.0900,9.98,10.05,9.96,19000,189870,17,TWSE_CSV,2026-08-06 14:16:02 +0800
1150806,2026-08-06,上市,1475,業旺,27.10,0.2500,26.75,27.10,26.75,14000,378200,13,TWSE_CSV,2026-08-06 14:16:02 +0800
1150806,2026-08-06,上市,1476,儒鴻,364.50,9.5000,355.50,368.00,354.00,2040000,742695500,1409,TWSE_CSV,2026-08-06 14:16:02 +0800
1150806,2026-08-06,上市,1477,聚陽,226.00,1.0000,225.00,229.50,225.00,2125000,481906000,1194,TWSE_CSV,2026-08-06 14:16:02 +0800
1150806,2026-08-06,上市,1503,士電,195.50,-2.0000,196.50,200.50,194.00,1440000,282369500,1122,TWSE_CSV,2026-08-06 14:16:02 +0800
1150806,2026-08-06,上市,1504,東元,66.70,0.2000,66.00,67.00,65.40,4195000,277525300,2592,TWSE_CSV,2026-08-06 14:16:02 +0800
1150806,2026-08-06,上市,1506,正道,10.30,0.0000,10.25,10.35,10.20,122000,1250500,68,TWSE_CSV,2026-08-06 14:16:02 +0800
1150806,2026-08-06,上市,1512,瑞利,6.64,0.0000,6.64,6.82,6.50,96000,634870,64,TWSE_CSV,2026-08-06 14:16:02 +0800
1150806,2026-08-06,上市,1513,中興電,160.50,-0.5000,161.50,162.50,158.50,1695000,270790500,1255,TWSE_CSV,2026-08-06 14:16:02 +0800
1150806,2026-08-06,上市,1514,亞力,101.50,0.0000,101.50,102.00,99.20,1150000,115543800,895,TWSE_CSV,2026-08-06 14:16:02 +0800
1150806,2026-08-06,上市,1515,力山,31.95,1.0500,31.35,32.25,31.35,506000,16119350,378,TWSE_CSV,2026-08-06 14:16:02 +0800
1150806,2026-08-06,上市,1516,川飛,15.55,-0.2500,15.30,15.55,14.80,31000,465350,17,TWSE_CSV,2026-08-06 14:16:02 +0800
1150806,2026-08-06,上市,1517,利奇,11.70,0.3500,11.35,12.35,11.35,1558000,18487750,759,TWSE_CSV,2026-08-06 14:16:02 +0800
1150806,2026-08-06,上市,1519,華城,662.00,-1.0000,666.00,675.00,656.00,832000,552060000,718,TWSE_CSV,2026-08-06 14:16:02 +0800
1150806,2026-08-06,上市,1521,大億,25.25,0.2500,25.00,25.25,24.90,35000,876100,15,TWSE_CSV,2026-08-06 14:16:02 +0800
1150806,2026-08-06,上市,1522,堤維西,29.75,1.5500,28.15,29.75,28.15,1075000,31247850,709,TWSE_CSV,2026-08-06 14:16:02 +0800
1150806,2026-08-06,上市,1524,耿鼎,27.00,0.6000,26.50,27.10,26.30,796000,21357150,525,TWSE_CSV,2026-08-06 14:16:02 +0800
1150806,2026-08-06,上市,1525,江申,68.80,0.0000,67.60,68.80,67.40,23000,1572900,18,TWSE_CSV,2026-08-06 14:16:02 +0800
1150806,2026-08-06,上市,1526,日馳,19.15,1.7000,17.60,19.15,17.60,1766000,33681750,710,TWSE_CSV,2026-08-06 14:16:02 +0800
1150806,2026-08-06,上市,1527,鑽全,32.40,-0.1000,32.50,32.60,32.40,108000,3510100,76,TWSE_CSV,2026-08-06 14:16:02 +0800
1150806,2026-08-06,上市,1528,恩德,18.55,0.1500,18.50,18.60,17.95,554000,10162650,357,TWSE_CSV,2026-08-06 14:16:02 +0800
1150806,2026-08-06,上市,1529,樂事綠能,17.25,0.1000,17.20,17.25,16.80,402000,6819250,232,TWSE_CSV,2026-08-06 14:16:02 +0800
1150806,2026-08-06,上市,1530,亞崴,27.75,-0.1500,27.75,27.75,27.50,14000,386800,13,TWSE_CSV,2026-08-06 14:16:02 +0800
1150806,2026-08-06,上市,1531,高林股,12.85,0.0000,12.90,12.90,12.70,98000,1254150,74,TWSE_CSV,2026-08-06 14:16:02 +0800
1150806,2026-08-06,上市,1532,勤美,21.50,-0.1500,21.35,21.60,21.35,141000,3033150,112,TWSE_CSV,2026-08-06 14:16:02 +0800
1150806,2026-08-06,上市,1533,車王電,33.55,0.9500,32.40,33.65,32.15,188000,6173300,114,TWSE_CSV,2026-08-06 14:16:02 +0800
1150806,2026-08-06,上市,1535,中宇,45.70,0.0000,45.70,46.40,45.70,30000,1375100,28,TWSE_CSV,2026-08-06 14:16:02 +0800
1150806,2026-08-06,上市,1536,和大,51.00,-0.6000,51.10,52.30,50.50,1594000,81992000,1067,TWSE_CSV,2026-08-06 14:16:02 +0800
1150806,2026-08-06,上市,1537,廣隆,126.00,0.5000,125.50,126.50,125.50,59000,7429500,45,TWSE_CSV,2026-08-06 14:16:02 +0800
1150806,2026-08-06,上市,1538,正峰,0.00,0.0000,0.00,0.00,0.00,0,0,0,TWSE_CSV,2026-08-06 14:16:02 +0800
1150806,2026-08-06,上市,1539,巨庭,16.15,0.0500,16.35,16.35,16.00,62000,996200,39,TWSE_CSV,2026-08-06 14:16:02 +0800
1150806,2026-08-06,上市,1540,喬福,20.20,-0.1500,20.35,20.35,20.05,128000,2580600,100,TWSE_CSV,2026-08-06 14:16:02 +0800
1150806,2026-08-06,上市,1541,錩泰,21.70,0.2000,21.20,21.70,21.20,24000,515300,18,TWSE_CSV,2026-08-06 14:16:02 +0800
1150806,2026-08-06,上市,1558,伸興,91.50,0.5000,90.40,91.70,90.30,73000,6661900,57,TWSE_CSV,2026-08-06 14:16:02 +0800
1150806,2026-08-06,上市,1560,中砂,693.00,13.0000,681.00,695.00,673.00,850000,584087000,759,TWSE_CSV,2026-08-06 14:16:02 +0800
1150806,2026-08-06,上市,1563,巧新,57.60,1.2000,56.40,57.60,56.00,614000,34965900,377,TWSE_CSV,2026-08-06 14:16:02 +0800
1150806,2026-08-06,上市,1568,倉佑,28.60,0.2000,28.40,28.60,28.00,278000,7855850,223,TWSE_CSV,2026-08-06 14:16:02 +0800
1150806,2026-08-06,上市,1582,信錦,72.10,1.1000,71.00,72.90,70.20,891000,63955300,702,TWSE_CSV,2026-08-06 14:16:02 +0800
1150806,2026-08-06,上市,1583,程泰,49.65,0.5500,49.10,49.70,49.10,3000,148450,3,TWSE_CSV,2026-08-06 14:16:02 +0800
1150806,2026-08-06,上市,1587,吉茂,24.35,-0.0500,24.25,24.45,24.20,112000,2722050,78,TWSE_CSV,2026-08-06 14:16:02 +0800
1150806,2026-08-06,上市,1590,亞德客-KY,1560.00,50.0000,1490.00,1560.00,1490.00,855000,1315815000,718,TWSE_CSV,2026-08-06 14:16:02 +0800
1150806,2026-08-06,上市,1597,直得,143.00,5.5000,137.50,146.00,136.00,2839000,404699500,2399,TWSE_CSV,2026-08-06 14:16:02 +0800
1150806,2026-08-06,上市,1598,岱宇,20.00,-0.1500,20.10,20.10,19.85,128000,2554200,88,TWSE_CSV,2026-08-06 14:16:02 +0800
1150806,2026-08-06,上市,1603,華電,28.70,-0.2500,29.00,29.25,28.45,403000,11539500,221,TWSE_CSV,2026-08-06 14:16:02 +0800
1150806,2026-08-06,上市,1604,聲寶,23.05,0.0000,23.10,23.10,23.00,139000,3205100,89,TWSE_CSV,2026-08-06 14:16:02 +0800
1150806,2026-08-06,上市,1605,華新,34.25,-0.6000,34.65,35.00,34.05,13898000,477990450,6201,TWSE_CSV,2026-08-06 14:16:02 +0800
1150806,2026-08-06,上市,1608,華榮,34.40,1.0000,34.50,35.40,34.00,9740000,336710800,5203,TWSE_CSV,2026-08-06 14:16:02 +0800
1150806,2026-08-06,上市,1609,大亞,35.95,0.1500,36.20,36.55,35.55,3041000,109388500,1847,TWSE_CSV,2026-08-06 14:16:02 +0800
1150806,2026-08-06,上市,1611,中電,11.90,-0.0500,11.90,12.00,11.85,425000,5057850,219,TWSE_CSV,2026-08-06 14:16:02 +0800
1150806,2026-08-06,上市,1612,宏泰,30.95,0.2000,30.55,31.15,30.55,810000,24974800,510,TWSE_CSV,2026-08-06 14:16:02 +0800
1150806,2026-08-06,上市,1614,三洋電,31.15,0.1000,30.80,31.15,30.80,16000,495550,12,TWSE_CSV,2026-08-06 14:16:02 +0800
1150806,2026-08-06,上市,1615,大山,42.10,0.0500,42.60,42.60,41.70,96000,4018100,74,TWSE_CSV,2026-08-06 14:16:02 +0800
1150806,2026-08-06,上市,1616,億泰,19.70,0.2000,19.50,19.70,19.40,318000,6208700,190,TWSE_CSV,2026-08-06 14:16:02 +0800
1150806,2026-08-06,上市,1617,榮星,18.40,-0.1500,18.40,19.00,18.20,1013000,18787900,731,TWSE_CSV,2026-08-06 14:16:02 +0800
1150806,2026-08-06,上市,1618,合機,38.60,0.1000,38.15,38.60,38.10,317000,12159650,228,TWSE_CSV,2026-08-06 14:16:02 +0800
1150806,2026-08-06,上市,1623,大東電,209.00,-3.5000,215.50,215.50,208.00,128000,26893000,101,TWSE_CSV,2026-08-06 14:16:02 +0800
1150806,2026-08-06,上市,1626,艾美特-KY,9.66,-0.0100,9.69,9.76,9.50,83000,797190,65,TWSE_CSV,2026-08-06 14:16:02 +0800
1150806,2026-08-06,上市,1702,南僑,33.30,0.0000,33.10,33.35,33.10,116000,3855850,77,TWSE_CSV,2026-08-06 14:16:02 +0800
1150806,2026-08-06,上市,1707,葡萄王,88.40,-0.3000,88.80,88.80,88.20,221000,19555100,196,TWSE_CSV,2026-08-06 14:16:02 +0800
1150806,2026-08-06,上市,1708,東鹼,49.75,-0.3500,50.00,50.70,49.35,1744000,86926950,1066,TWSE_CSV,2026-08-06 14:16:02 +0800
1150806,2026-08-06,上市,1709,和益,27.65,1.4500,26.20,28.30,25.80,7565000,207565600,3707,TWSE_CSV,2026-08-06 14:16:02 +0800
1150806,2026-08-06,上市,1710,東聯,13.85,-0.0500,13.90,14.10,13.60,3977000,55106550,1742,TWSE_CSV,2026-08-06 14:16:02 +0800
1150806,2026-08-06,上市,1711,永光,35.50,0.1000,35.00,35.65,34.05,1951000,68269000,1239,TWSE_CSV,2026-08-06 14:16:02 +0800
1150806,2026-08-06,上市,1712,興農,38.65,0.0500,38.60,38.80,38.50,567000,21921150,441,TWSE_CSV,2026-08-06 14:16:02 +0800
1150806,2026-08-06,上市,1713,國化,43.80,0.0000,43.70,44.00,43.45,398000,17360950,254,TWSE_CSV,2026-08-06 14:16:02 +0800
1150806,2026-08-06,上市,1714,和桐,16.20,1.4500,15.95,16.20,15.90,19041000,307793300,3006,TWSE_CSV,2026-08-06 14:16:02 +0800
1150806,2026-08-06,上市,1717,長興,66.20,-0.3000,67.00,67.20,65.40,7380000,490835700,4782,TWSE_CSV,2026-08-06 14:16:02 +0800
1150806,2026-08-06,上市,1718,中纖,10.20,0.2100,10.00,10.95,10.00,71010000,740110150,15210,TWSE_CSV,2026-08-06 14:16:02 +0800
1150806,2026-08-06,上市,1720,生達,56.20,-0.4000,56.40,57.00,56.10,834000,47017200,402,TWSE_CSV,2026-08-06 14:16:02 +0800
1150806,2026-08-06,上市,1721,三晃,20.15,-0.2500,20.65,20.65,19.85,498000,10054100,268,TWSE_CSV,2026-08-06 14:16:02 +0800
1150806,2026-08-06,上市,1722,台肥,45.15,-0.1500,45.05,45.40,44.95,5105000,230158000,1715,TWSE_CSV,2026-08-06 14:16:02 +0800
1150806,2026-08-06,上市,1723,中碳,83.40,-0.3000,82.50,83.70,82.50,284000,23636300,232,TWSE_CSV,2026-08-06 14:16:02 +0800
1150806,2026-08-06,上市,1725,元禎,30.10,0.5000,29.80,30.10,29.40,60000,1785150,50,TWSE_CSV,2026-08-06 14:16:02 +0800
1150806,2026-08-06,上市,1726,永記,77.00,0.0000,76.40,77.00,76.40,17000,1305700,16,TWSE_CSV,2026-08-06 14:16:02 +0800
1150806,2026-08-06,上市,1727,中華化,75.00,1.1000,73.60,75.00,71.50,1069000,78845900,754,TWSE_CSV,2026-08-06 14:16:02 +0800
1150806,2026-08-06,上市,1730,花仙子,51.40,0.2000,51.40,51.50,51.20,55000,2826400,34,TWSE_CSV,2026-08-06 14:16:02 +0800
1150806,2026-08-06,上市,1731,美吾華,20.85,0.3500,20.65,21.05,20.65,366000,7632050,201,TWSE_CSV,2026-08-06 14:16:02 +0800
1150806,2026-08-06,上市,1732,毛寶,26.95,0.0000,26.95,27.00,26.70,102000,2735300,80,TWSE_CSV,2026-08-06 14:16:02 +0800
1150806,2026-08-06,上市,1733,五鼎,31.85,0.0000,31.90,31.95,31.75,91000,2894000,68,TWSE_CSV,2026-08-06 14:16:02 +0800
1150806,2026-08-06,上市,1734,杏輝,31.70,0.0000,31.60,31.70,31.40,139000,4383550,115,TWSE_CSV,2026-08-06 14:16:02 +0800
1150806,2026-08-06,上市,1735,日勝化,20.60,0.1500,20.30,20.65,20.00,116000,2363550,70,TWSE_CSV,2026-08-06 14:16:02 +0800
1150806,2026-08-06,上市,1736,喬山,142.50,8.0000,136.00,147.50,134.50,2691000,383571500,1621,TWSE_CSV,2026-08-06 14:16:02 +0800
1150806,2026-08-06,上市,1737,臺鹽,31.95,0.0000,31.90,31.95,31.80,154000,4904600,124,TWSE_CSV,2026-08-06 14:16:02 +0800
1150806,2026-08-06,上市,1752,南光,31.90,0.3500,32.00,32.00,31.55,29000,919800,19,TWSE_CSV,2026-08-06 14:16:02 +0800
1150806,2026-08-06,上市,1760,寶齡富錦,58.80,-0.8000,59.40,59.40,58.70,68000,4008600,59,TWSE_CSV,2026-08-06 14:16:02 +0800
1150806,2026-08-06,上市,1762,中化生,32.50,0.1500,32.40,32.70,32.25,101000,3275350,84,TWSE_CSV,2026-08-06 14:16:02 +0800
1150806,2026-08-06,上市,1773,勝一,159.00,2.0000,156.00,159.50,154.00,752000,118276000,644,TWSE_CSV,2026-08-06 14:16:02 +0800
1150806,2026-08-06,上市,1776,展宇,16.85,0.1500,16.70,16.85,16.55,87000,1456250,54,TWSE_CSV,2026-08-06 14:16:02 +0800
1150806,2026-08-06,上市,1783,和康生,40.25,-0.2500,40.30,40.30,39.85,72000,2879150,39,TWSE_CSV,2026-08-06 14:16:02 +0800
1150806,2026-08-06,上市,1786,科妍,49.65,-0.3500,49.90,50.00,49.30,92000,4569750,72,TWSE_CSV,2026-08-06 14:16:02 +0800
1150806,2026-08-06,上市,1789,神隆,18.65,-0.7500,18.95,18.95,18.30,1648000,30500850,857,TWSE_CSV,2026-08-06 14:16:02 +0800
1150806,2026-08-06,上市,1795,美時,188.50,-1.5000,189.00,190.00,186.00,861000,161530500,606,TWSE_CSV,2026-08-06 14:16:02 +0800
1150806,2026-08-06,上市,1802,台玻,54.60,0.7000,53.30,55.40,52.30,32051000,1727619500,17370,TWSE_CSV,2026-08-06 14:16:02 +0800
1150806,2026-08-06,上市,1805,寶徠,10.00,0.1300,9.81,10.00,9.81,79000,781050,42,TWSE_CSV,2026-08-06 14:16:02 +0800
1150806,2026-08-06,上市,1806,冠軍,7.97,0.0000,7.93,7.97,7.93,151000,1199600,92,TWSE_CSV,2026-08-06 14:16:02 +0800
1150806,2026-08-06,上市,1808,潤隆,31.85,-0.5500,32.35,32.35,31.65,1077000,34317000,661,TWSE_CSV,2026-08-06 14:16:02 +0800
1150806,2026-08-06,上市,1809,中釉,38.45,-0.9000,39.10,40.15,37.75,1803000,69760800,1163,TWSE_CSV,2026-08-06 14:16:02 +0800
1150806,2026-08-06,上市,1810,和成,24.50,-0.4000,24.80,25.35,24.35,3732000,92180700,1916,TWSE_CSV,2026-08-06 14:16:02 +0800
1150806,2026-08-06,上市,1817,凱撒衛,38.25,0.0000,38.25,38.30,38.25,20000,765100,13,TWSE_CSV,2026-08-06 14:16:02 +0800
1150806,2026-08-06,上市,1903,士紙,47.05,0.2000,46.90,47.20,46.85,135000,6341600,92,TWSE_CSV,2026-08-06 14:16:02 +0800
1150806,2026-08-06,上市,1904,正隆,22.30,1.0500,21.10,22.45,21.10,3664000,80202050,1497,TWSE_CSV,2026-08-06 14:16:02 +0800
1150806,2026-08-06,上市,1905,華紙,13.50,0.3000,13.10,13.50,13.00,1867000,24798950,731,TWSE_CSV,2026-08-06 14:16:02 +0800
1150806,2026-08-06,上市,1906,寶隆,11.00,0.0000,11.05,11.10,10.90,53000,584800,33,TWSE_CSV,2026-08-06 14:16:02 +0800
1150806,2026-08-06,上市,1907,永豐餘,30.35,0.6000,29.70,30.50,29.70,2978000,90159350,1517,TWSE_CSV,2026-08-06 14:16:02 +0800
1150806,2026-08-06,上市,1909,榮成,10.05,0.0600,9.94,10.10,9.94,2243000,22462990,749,TWSE_CSV,2026-08-06 14:16:02 +0800
1150806,2026-08-06,上市,2002,中鋼,19.00,0.1000,18.75,19.10,18.70,34821000,660727800,7691,TWSE_CSV,2026-08-06 14:16:02 +0800
1150806,2026-08-06,上市,2006,東和鋼鐵,86.20,7.8000,78.40,86.20,78.00,10798000,909509000,6278,TWSE_CSV,2026-08-06 14:16:02 +0800
1150806,2026-08-06,上市,2007,燁興,7.04,0.0400,7.00,7.13,7.00,196000,1382820,124,TWSE_CSV,2026-08-06 14:16:02 +0800
1150806,2026-08-06,上市,2008,高興昌,30.85,-0.3000,30.75,31.10,30.60,36000,1106800,15,TWSE_CSV,2026-08-06 14:16:02 +0800
1150806,2026-08-06,上市,2009,第一銅,39.15,0.7000,39.30,41.75,39.05,6105000,244535700,3415,TWSE_CSV,2026-08-06 14:16:02 +0800
1150806,2026-08-06,上市,2010,春源,21.45,0.3500,21.05,21.45,21.05,1274000,27132850,609,TWSE_CSV,2026-08-06 14:16:02 +0800
1150806,2026-08-06,上市,2012,春雨,15.15,-0.0500,15.25,15.25,14.80,106000,1590050,73,TWSE_CSV,2026-08-06 14:16:02 +0800
1150806,2026-08-06,上市,2013,中鋼構,40.70,0.2000,40.70,40.95,40.50,89000,3623350,64,TWSE_CSV,2026-08-06 14:16:02 +0800
1150806,2026-08-06,上市,2014,中鴻,17.15,0.3000,16.75,17.25,16.75,3907000,66814400,1158,TWSE_CSV,2026-08-06 14:16:02 +0800
1150806,2026-08-06,上市,2015,豐興,65.00,1.5000,63.00,65.30,63.00,381000,24599600,264,TWSE_CSV,2026-08-06 14:16:02 +0800
1150806,2026-08-06,上市,2017,官田鋼,9.01,0.3600,8.65,9.07,8.65,873000,7752650,499,TWSE_CSV,2026-08-06 14:16:02 +0800
1150806,2026-08-06,上市,2020,美亞,21.15,0.2000,20.95,21.15,20.95,268000,5644950,183,TWSE_CSV,2026-08-06 14:16:02 +0800
1150806,2026-08-06,上市,2022,聚亨,7.64,0.0600,7.65,7.66,7.59,346000,2638670,202,TWSE_CSV,2026-08-06 14:16:02 +0800
1150806,2026-08-06,上市,2023,燁輝,13.75,0.1000,13.60,13.90,13.60,1042000,14334150,480,TWSE_CSV,2026-08-06 14:16:02 +0800
1150806,2026-08-06,上市,2024,志聯,13.45,0.1000,13.60,13.60,13.25,5000,66800,5,TWSE_CSV,2026-08-06 14:16:02 +0800
1150806,2026-08-06,上市,2025,千興,12.05,0.1500,11.90,12.30,11.90,254000,3058800,129,TWSE_CSV,2026-08-06 14:16:02 +0800
1150806,2026-08-06,上市,2027,大成鋼,46.10,1.7500,44.35,46.95,44.35,39225000,1808223400,14724,TWSE_CSV,2026-08-06 14:16:02 +0800
1150806,2026-08-06,上市,2028,威致,15.25,0.1500,15.10,15.40,15.10,180000,2745850,117,TWSE_CSV,2026-08-06 14:16:02 +0800
1150806,2026-08-06,上市,2029,盛餘,20.45,0.1500,20.25,20.50,20.25,195000,3976800,91,TWSE_CSV,2026-08-06 14:16:02 +0800
1150806,2026-08-06,上市,2030,彰源,17.95,0.5500,17.60,18.00,17.60,1303000,23271700,549,TWSE_CSV,2026-08-06 14:16:02 +0800
1150806,2026-08-06,上市,2031,新光鋼,40.95,2.1500,38.75,40.95,38.75,2481000,100467100,1293,TWSE_CSV,2026-08-06 14:16:02 +0800
1150806,2026-08-06,上市,2032,新鋼,16.90,1.2500,16.40,17.20,16.25,2008000,33786800,1041,TWSE_CSV,2026-08-06 14:16:02 +0800
1150806,2026-08-06,上市,2033,佳大,16.35,0.3500,15.80,16.35,15.80,173000,2779550,98,TWSE_CSV,2026-08-06 14:16:02 +0800
1150806,2026-08-06,上市,2034,允強,18.90,-0.0500,18.70,19.00,18.70,1193000,22485200,493,TWSE_CSV,2026-08-06 14:16:02 +0800
1150806,2026-08-06,上市,2038,海光,12.65,0.4000,12.20,12.80,12.20,1059000,13375400,633,TWSE_CSV,2026-08-06 14:16:02 +0800
1150806,2026-08-06,上市,2049,上銀,362.00,-3.0000,360.00,383.50,357.00,12342000,4557005000,8999,TWSE_CSV,2026-08-06 14:16:02 +0800
1150806,2026-08-06,上市,2059,川湖,10100.00,630.0000,9555.00,10100.00,9510.00,641000,6320570000,632,TWSE_CSV,2026-08-06 14:16:02 +0800
1150806,2026-08-06,上市,2062,橋椿,18.60,-0.2000,18.75,18.85,18.60,109000,2037750,85,TWSE_CSV,2026-08-06 14:16:02 +0800
1150806,2026-08-06,上市,2069,運錩,19.40,0.9000,18.50,19.45,18.50,1116000,21317600,471,TWSE_CSV,2026-08-06 14:16:02 +0800
1150806,2026-08-06,上市,2072,世紀風電,152.00,-9.0000,156.00,156.50,150.00,1259000,191987000,957,TWSE_CSV,2026-08-06 14:16:02 +0800
1150806,2026-08-06,上市,2101,南港,34.60,0.1500,34.30,34.60,34.05,1496000,51368000,707,TWSE_CSV,2026-08-06 14:16:02 +0800
1150806,2026-08-06,上市,2102,泰豐,18.75,-0.2000,18.85,19.05,18.65,238000,4458200,115,TWSE_CSV,2026-08-06 14:16:02 +0800
1150806,2026-08-06,上市,2103,台橡,22.75,0.3500,22.15,22.85,22.05,2501000,56248750,1089,TWSE_CSV,2026-08-06 14:16:02 +0800
1150806,2026-08-06,上市,2104,國際中橡,9.85,0.0800,9.73,9.85,9.71,1546000,15092320,644,TWSE_CSV,2026-08-06 14:16:02 +0800
1150806,2026-08-06,上市,2105,正新,31.00,0.5000,30.40,31.00,30.40,5123000,158195800,2234,TWSE_CSV,2026-08-06 14:16:02 +0800
1150806,2026-08-06,上市,2106,建大,18.05,-0.0500,18.05,18.35,17.95,1066000,19303400,588,TWSE_CSV,2026-08-06 14:16:02 +0800
1150806,2026-08-06,上市,2107,厚生,25.55,0.1500,25.40,25.65,25.35,208000,5291750,78,TWSE_CSV,2026-08-06 14:16:02 +0800
1150806,2026-08-06,上市,2108,南帝,27.70,0.2500,27.20,27.90,27.20,346000,9530450,227,TWSE_CSV,2026-08-06 14:16:02 +0800
1150806,2026-08-06,上市,2109,華豐,14.45,0.0500,14.35,14.45,14.30,57000,818900,44,TWSE_CSV,2026-08-06 14:16:02 +0800
1150806,2026-08-06,上市,2114,鑫永銓,87.40,0.2000,87.40,87.40,86.70,27000,2351100,22,TWSE_CSV,2026-08-06 14:16:02 +0800
1150806,2026-08-06,上市,2115,六暉-KY,22.10,0.2000,21.90,22.20,21.85,75000,1644700,38,TWSE_CSV,2026-08-06 14:16:02 +0800
1150806,2026-08-06,上市,2201,裕隆,27.60,0.2500,27.25,27.60,27.20,1342000,36756450,679,TWSE_CSV,2026-08-06 14:16:02 +0800
1150806,2026-08-06,上市,2204,中華,50.70,-0.8000,51.20,51.70,50.20,3565000,180602800,2002,TWSE_CSV,2026-08-06 14:16:02 +0800
1150806,2026-08-06,上市,2206,三陽工業,61.40,0.7000,60.20,61.40,59.80,783000,47542200,514,TWSE_CSV,2026-08-06 14:16:02 +0800
1150806,2026-08-06,上市,2207,和泰車,516.00,7.0000,502.00,518.00,502.00,327000,167836000,290,TWSE_CSV,2026-08-06 14:16:02 +0800
1150806,2026-08-06,上市,2208,台船,18.90,-0.2000,19.05,19.15,18.80,1766000,33391500,842,TWSE_CSV,2026-08-06 14:16:02 +0800
1150806,2026-08-06,上市,2211,長榮鋼,86.20,-0.5000,86.50,87.60,85.50,3193000,275042700,1782,TWSE_CSV,2026-08-06 14:16:02 +0800
1150806,2026-08-06,上市,2227,裕日車,49.50,-0.5000,49.25,49.50,49.15,36000,1774050,32,TWSE_CSV,2026-08-06 14:16:02 +0800
1150806,2026-08-06,上市,2228,劍麟,77.40,-0.6000,78.00,78.00,76.30,161000,12376900,137,TWSE_CSV,2026-08-06 14:16:02 +0800
1150806,2026-08-06,上市,2231,為升,102.50,9.2000,95.00,102.50,92.90,969000,95783900,730,TWSE_CSV,2026-08-06 14:16:02 +0800
1150806,2026-08-06,上市,2233,宇隆,204.00,-20.0000,211.50,213.50,202.00,3113000,643567500,2338,TWSE_CSV,2026-08-06 14:16:02 +0800
1150806,2026-08-06,上市,2236,百達-KY,135.50,-2.5000,138.00,139.00,135.50,227000,31050000,200,TWSE_CSV,2026-08-06 14:16:02 +0800
1150806,2026-08-06,上市,2239,英利-KY,19.30,-0.5000,19.75,19.95,19.05,192000,3722000,153,TWSE_CSV,2026-08-06 14:16:02 +0800
1150806,2026-08-06,上市,2241,艾姆勒,35.10,-0.2000,35.10,37.10,33.85,2128000,75518850,1289,TWSE_CSV,2026-08-06 14:16:02 +0800
1150806,2026-08-06,上市,2243,宏旭-KY,42.90,-0.5000,43.30,43.45,41.90,165000,7037700,117,TWSE_CSV,2026-08-06 14:16:02 +0800
1150806,2026-08-06,上市,2247,汎德永業,230.00,3.5000,224.50,230.00,224.50,63000,14423500,61,TWSE_CSV,2026-08-06 14:16:02 +0800
1150806,2026-08-06,上市,2248,華勝-KY,58.30,0.4000,58.60,58.60,57.70,39000,2265400,33,TWSE_CSV,2026-08-06 14:16:02 +0800
1150806,2026-08-06,上市,2250,IKKA-KY,59.80,-0.4000,60.30,60.80,59.50,59000,3543700,50,TWSE_CSV,2026-08-06 14:16:02 +0800
1150806,2026-08-06,上市,2254,巨鎧精密-創,60.90,0.0000,60.90,60.90,60.90,2000,121800,1,TWSE_CSV,2026-08-06 14:16:02 +0800
1150806,2026-08-06,上市,2258,鴻華先進-創,29.95,-0.0500,29.80,30.30,29.70,487000,14578400,297,TWSE_CSV,2026-08-06 14:16:02 +0800
1150806,2026-08-06,上市,2301,光寶科,252.50,3.5000,253.50,262.00,249.00,39700000,10113466000,23958,TWSE_CSV,2026-08-06 14:16:02 +0800
1150806,2026-08-06,上市,2302,麗正,43.05,0.6500,41.90,43.05,40.65,2527000,105733850,1672,TWSE_CSV,2026-08-06 14:16:02 +0800
1150806,2026-08-06,上市,2303,聯電,121.50,-0.5000,121.50,123.50,118.00,147092000,17698251000,55391,TWSE_CSV,2026-08-06 14:16:02 +0800
1150806,2026-08-06,上市,2305,全友,26.45,-2.9000,26.45,26.45,26.45,2372000,62739400,994,TWSE_CSV,2026-08-06 14:16:02 +0800
1150806,2026-08-06,上市,2308,台達電,1680.00,30.0000,1650.00,1700.00,1625.00,10379000,17317725000,8163,TWSE_CSV,2026-08-06 14:16:02 +0800
1150806,2026-08-06,上市,2312,金寶,32.20,0.2000,31.70,32.20,31.20,9665000,306820600,4360,TWSE_CSV,2026-08-06 14:16:02 +0800
1150806,2026-08-06,上市,2313,華通,220.50,2.5000,213.50,223.00,209.00,47981000,10371816500,25802,TWSE_CSV,2026-08-06 14:16:02 +0800
1150806,2026-08-06,上市,2314,台揚,12.15,0.0000,12.50,12.50,12.15,90000,1097000,54,TWSE_CSV,2026-08-06 14:16:02 +0800
1150806,2026-08-06,上市,2316,楠梓電,162.50,3.0000,157.00,165.50,153.00,1926000,309835000,1449,TWSE_CSV,2026-08-06 14:16:02 +0800
1150806,2026-08-06,上市,2317,鴻海,264.50,6.0000,258.50,265.00,257.50,79872000,20965259500,41520,TWSE_CSV,2026-08-06 14:16:02 +0800
1150806,2026-08-06,上市,2321,東訊,0.00,0.0000,0.00,0.00,0.00,0,0,0,TWSE_CSV,2026-08-06 14:16:02 +0800
1150806,2026-08-06,上市,2323,中環,10.35,0.0500,10.15,10.35,10.05,4814000,49231650,1223,TWSE_CSV,2026-08-06 14:16:02 +0800
1150806,2026-08-06,上市,2324,仁寶,37.30,0.3500,36.80,37.30,36.50,29361000,1084474350,11107,TWSE_CSV,2026-08-06 14:16:02 +0800
1150806,2026-08-06,上市,2327,國巨*,570.00,-8.0000,563.00,578.00,536.00,51645000,28796516000,36022,TWSE_CSV,2026-08-06 14:16:02 +0800
1150806,2026-08-06,上市,2328,廣宇,45.10,1.0000,44.10,45.45,43.20,3024000,134883850,1958,TWSE_CSV,2026-08-06 14:16:02 +0800
1150806,2026-08-06,上市,2329,華泰,44.60,0.3000,43.30,44.90,42.75,2480000,108689250,1608,TWSE_CSV,2026-08-06 14:16:02 +0800
1150806,2026-08-06,上市,2330,台積電,2365.00,-40.0000,2395.00,2395.00,2360.00,22762000,54025010000,12239,TWSE_CSV,2026-08-06 14:16:02 +0800
1150806,2026-08-06,上市,2331,精英,19.35,-0.2000,19.60,19.60,19.10,937000,18097350,531,TWSE_CSV,2026-08-06 14:16:02 +0800
1150806,2026-08-06,上市,2332,友訊,22.70,-0.2000,23.25,23.35,22.25,31356000,714486200,11563,TWSE_CSV,2026-08-06 14:16:02 +0800
1150806,2026-08-06,上市,2337,旺宏,129.00,11.5000,117.50,129.00,116.00,121447000,15097180000,53907,TWSE_CSV,2026-08-06 14:16:02 +0800
1150806,2026-08-06,上市,2338,光罩,39.65,-0.0500,39.50,39.85,38.30,1581000,62114550,825,TWSE_CSV,2026-08-06 14:16:02 +0800
1150806,2026-08-06,上市,2340,台亞,32.45,-0.9000,33.55,33.60,31.95,3187000,103709200,2033,TWSE_CSV,2026-08-06 14:16:02 +0800
1150806,2026-08-06,上市,2342,茂矽,37.60,-0.0500,37.30,37.75,35.80,1518000,56030850,1152,TWSE_CSV,2026-08-06 14:16:02 +0800
1150806,2026-08-06,上市,2344,華邦電,171.00,2.0000,165.50,173.00,162.00,183604000,30841724500,96674,TWSE_CSV,2026-08-06 14:16:02 +0800
1150806,2026-08-06,上市,2345,智邦,2410.00,25.0000,2590.00,2595.00,2390.00,3929000,9709230000,3452,TWSE_CSV,2026-08-06 14:16:02 +0800
1150806,2026-08-06,上市,2347,聯強,94.70,-2.4000,95.70,96.90,93.60,5145000,485307200,2606,TWSE_CSV,2026-08-06 14:16:02 +0800
1150806,2026-08-06,上市,2348,海悅,69.60,0.8000,70.40,72.60,68.60,1054000,73916300,798,TWSE_CSV,2026-08-06 14:16:02 +0800
1150806,2026-08-06,上市,2349,錸德,10.90,0.0000,10.80,11.10,10.80,1144000,12470500,457,TWSE_CSV,2026-08-06 14:16:02 +0800
1150806,2026-08-06,上市,2351,順德,171.50,2.5000,169.00,175.00,163.00,2834000,478537500,2045,TWSE_CSV,2026-08-06 14:16:02 +0800
1150806,2026-08-06,上市,2352,佳世達,28.80,0.3500,28.45,29.05,28.35,4483000,128940850,2205,TWSE_CSV,2026-08-06 14:16:02 +0800
1150806,2026-08-06,上市,2353,宏碁,30.00,-0.2500,30.10,30.45,29.75,13790000,413553700,5035,TWSE_CSV,2026-08-06 14:16:02 +0800
1150806,2026-08-06,上市,2354,鴻準,61.00,5.5000,58.20,61.00,57.40,29790000,1775648700,14082,TWSE_CSV,2026-08-06 14:16:02 +0800
1150806,2026-08-06,上市,2355,敬鵬,41.60,0.6500,41.10,41.60,39.55,3407000,139134550,2255,TWSE_CSV,2026-08-06 14:16:02 +0800
1150806,2026-08-06,上市,2356,英業達,65.50,-0.2000,65.20,66.20,64.40,17812000,1162722000,9333,TWSE_CSV,2026-08-06 14:16:02 +0800
1150806,2026-08-06,上市,2357,華碩,818.00,-20.0000,830.00,843.00,806.00,3888000,3181473000,3033,TWSE_CSV,2026-08-06 14:16:02 +0800
1150806,2026-08-06,上市,2359,所羅門,144.50,-0.5000,148.00,151.50,143.00,13684000,1998081000,8640,TWSE_CSV,2026-08-06 14:16:02 +0800
1150806,2026-08-06,上市,2360,致茂,1975.00,90.0000,1865.00,1990.00,1845.00,2871000,5567945000,2314,TWSE_CSV,2026-08-06 14:16:02 +0800
1150806,2026-08-06,上市,2362,藍天,51.10,3.9500,47.50,51.80,46.80,12609000,637322400,6707,TWSE_CSV,2026-08-06 14:16:02 +0800
1150806,2026-08-06,上市,2363,矽統,53.00,0.3000,52.30,53.00,51.20,3553000,186027800,2300,TWSE_CSV,2026-08-06 14:16:02 +0800
1150806,2026-08-06,上市,2364,倫飛,71.80,1.2000,70.30,71.90,70.00,155000,11003600,120,TWSE_CSV,2026-08-06 14:16:02 +0800
1150806,2026-08-06,上市,2365,昆盈,30.25,0.2000,30.40,30.40,29.60,894000,26884750,483,TWSE_CSV,2026-08-06 14:16:02 +0800
1150806,2026-08-06,上市,2367,燿華,42.40,0.8000,41.65,42.40,39.65,6827000,281776050,4394,TWSE_CSV,2026-08-06 14:16:02 +0800
1150806,2026-08-06,上市,2368,金像電,985.00,45.0000,925.00,1030.00,906.00,12431000,12173497000,9245,TWSE_CSV,2026-08-06 14:16:02 +0800
1150806,2026-08-06,上市,2369,菱生,34.25,0.5500,33.55,34.30,32.30,8729000,292007500,4575,TWSE_CSV,2026-08-06 14:16:02 +0800
1150806,2026-08-06,上市,2371,大同,25.45,-0.0500,25.50,25.55,25.20,4220000,107128400,2069,TWSE_CSV,2026-08-06 14:16:02 +0800
1150806,2026-08-06,上市,2373,震旦行,53.40,0.0000,53.20,53.40,53.00,33000,1757100,32,TWSE_CSV,2026-08-06 14:16:02 +0800
1150806,2026-08-06,上市,2374,佳能,69.60,0.3000,69.50,70.00,68.60,2108000,146062300,1423,TWSE_CSV,2026-08-06 14:16:02 +0800
1150806,2026-08-06,上市,2375,凱美,123.00,0.0000,121.00,124.50,117.00,2187000,265307000,1591,TWSE_CSV,2026-08-06 14:16:02 +0800
1150806,2026-08-06,上市,2376,技嘉,344.00,2.0000,342.00,348.50,339.00,7404000,2542646500,4537,TWSE_CSV,2026-08-06 14:16:02 +0800
1150806,2026-08-06,上市,2377,微星,154.00,3.0000,151.00,158.00,151.00,16530000,2548874500,9571,TWSE_CSV,2026-08-06 14:16:02 +0800
1150806,2026-08-06,上市,2379,瑞昱,744.00,-7.0000,746.00,751.00,730.00,2318000,1721780000,1791,TWSE_CSV,2026-08-06 14:16:02 +0800
1150806,2026-08-06,上市,2380,虹光,18.95,-0.0500,19.00,19.00,18.90,42000,794700,19,TWSE_CSV,2026-08-06 14:16:02 +0800
1150806,2026-08-06,上市,2382,廣達,302.00,-2.0000,301.50,305.00,299.00,13353000,4041315500,7836,TWSE_CSV,2026-08-06 14:16:02 +0800
1150806,2026-08-06,上市,2383,台光電,5305.00,60.0000,5200.00,5380.00,5105.00,1761000,9302325000,1647,TWSE_CSV,2026-08-06 14:16:02 +0800
1150806,2026-08-06,上市,2385,群光,103.50,-0.5000,105.00,105.50,101.50,5167000,531873000,2587,TWSE_CSV,2026-08-06 14:16:02 +0800
1150806,2026-08-06,上市,2387,精元,37.95,0.1000,37.75,38.00,37.70,253000,9564150,194,TWSE_CSV,2026-08-06 14:16:02 +0800
1150806,2026-08-06,上市,2388,威盛,79.40,-3.6000,82.90,83.30,78.30,8326000,664594500,5099,TWSE_CSV,2026-08-06 14:16:02 +0800
1150806,2026-08-06,上市,2390,云辰,10.45,-0.2500,10.75,10.80,10.35,582000,6114550,318,TWSE_CSV,2026-08-06 14:16:02 +0800
1150806,2026-08-06,上市,2392,正崴,37.40,0.4000,36.80,37.95,36.25,1431000,53213550,954,TWSE_CSV,2026-08-06 14:16:02 +0800
1150806,2026-08-06,上市,2393,億光,61.40,0.7000,60.50,61.50,60.00,2438000,148197100,1587,TWSE_CSV,2026-08-06 14:16:02 +0800
1150806,2026-08-06,上市,2395,研華,622.00,-11.0000,670.00,672.00,614.00,10644000,6830131000,7811,TWSE_CSV,2026-08-06 14:16:02 +0800
1150806,2026-08-06,上市,2397,友通,61.80,-0.3000,61.50,62.60,60.30,731000,44784700,550,TWSE_CSV,2026-08-06 14:16:02 +0800
1150806,2026-08-06,上市,2399,映泰,42.70,3.3500,40.60,43.20,39.65,11684000,483737550,6512,TWSE_CSV,2026-08-06 14:16:02 +0800
1150806,2026-08-06,上市,2401,凌陽,27.40,-0.3500,27.70,27.70,26.55,2812000,76177250,1687,TWSE_CSV,2026-08-06 14:16:02 +0800
1150806,2026-08-06,上市,2402,毅嘉,54.90,0.9000,53.80,54.90,52.60,1350000,72826500,1012,TWSE_CSV,2026-08-06 14:16:02 +0800
1150806,2026-08-06,上市,2404,漢唐,1170.00,55.0000,1110.00,1180.00,1085.00,1682000,1919245000,1416,TWSE_CSV,2026-08-06 14:16:02 +0800
1150806,2026-08-06,上市,2405,輔信,16.15,-0.1500,16.30,16.40,16.05,963000,15651100,566,TWSE_CSV,2026-08-06 14:16:02 +0800
1150806,2026-08-06,上市,2406,國碩,32.15,-0.7000,32.25,32.85,31.65,6304000,202458050,3458,TWSE_CSV,2026-08-06 14:16:02 +0800
1150806,2026-08-06,上市,2408,南亞科,459.00,14.0000,441.00,462.50,436.00,104926000,47482155000,66946,TWSE_CSV,2026-08-06 14:16:02 +0800
1150806,2026-08-06,上市,2409,友達,24.55,0.1000,24.30,24.65,23.65,144490000,3489566950,36642,TWSE_CSV,2026-08-06 14:16:02 +0800
1150806,2026-08-06,上市,2412,中華電,137.00,0.0000,136.50,137.50,136.50,7767000,1063364000,3301,TWSE_CSV,2026-08-06 14:16:02 +0800
1150806,2026-08-06,上市,2413,環科,42.05,1.7000,40.95,42.30,40.00,919000,38234800,700,TWSE_CSV,2026-08-06 14:16:02 +0800
1150806,2026-08-06,上市,2414,精技,56.50,-4.1000,55.20,57.00,54.60,2627000,145366900,1365,TWSE_CSV,2026-08-06 14:16:02 +0800
1150806,2026-08-06,上市,2415,錩新,31.70,0.4000,31.35,31.70,30.85,207000,6493200,138,TWSE_CSV,2026-08-06 14:16:02 +0800
1150806,2026-08-06,上市,2417,圓剛,41.40,-0.6000,42.05,42.90,41.35,492000,20611700,372,TWSE_CSV,2026-08-06 14:16:02 +0800
1150806,2026-08-06,上市,2419,仲琦,24.55,-0.2500,25.00,25.00,24.10,529000,13003300,350,TWSE_CSV,2026-08-06 14:16:02 +0800
1150806,2026-08-06,上市,2420,新巨,55.40,0.2000,55.20,55.40,54.50,393000,21634400,246,TWSE_CSV,2026-08-06 14:16:02 +0800
1150806,2026-08-06,上市,2421,建準,154.50,14.0000,142.00,154.50,141.50,11633000,1769740000,6667,TWSE_CSV,2026-08-06 14:16:02 +0800
1150806,2026-08-06,上市,2423,固緯,74.80,0.6000,72.70,74.80,71.60,125000,9161100,92,TWSE_CSV,2026-08-06 14:16:02 +0800
1150806,2026-08-06,上市,2424,隴華,8.59,0.3900,8.18,8.59,8.18,17000,139850,8,TWSE_CSV,2026-08-06 14:16:02 +0800
1150806,2026-08-06,上市,2425,承啟,48.15,-0.9500,49.10,49.10,47.05,3809000,182519400,2443,TWSE_CSV,2026-08-06 14:16:02 +0800
1150806,2026-08-06,上市,2426,鼎元,63.90,1.4000,61.30,67.00,61.10,16839000,1079076900,10881,TWSE_CSV,2026-08-06 14:16:02 +0800
1150806,2026-08-06,上市,2427,三商電,21.90,-0.5000,22.25,22.35,21.70,462000,10123150,332,TWSE_CSV,2026-08-06 14:16:02 +0800
1150806,2026-08-06,上市,2428,興勤,232.00,3.5000,226.00,232.00,217.00,665000,150013000,515,TWSE_CSV,2026-08-06 14:16:02 +0800
1150806,2026-08-06,上市,2429,銘旺科,31.40,-0.7500,31.60,31.75,30.60,285000,8894850,214,TWSE_CSV,2026-08-06 14:16:02 +0800
1150806,2026-08-06,上市,2430,燦坤,16.75,0.1000,16.60,16.75,16.55,74000,1230700,59,TWSE_CSV,2026-08-06 14:16:02 +0800
1150806,2026-08-06,上市,2431,聯昌,10.50,0.1000,10.30,10.50,10.25,96000,990650,64,TWSE_CSV,2026-08-06 14:16:02 +0800
1150806,2026-08-06,上市,2432,倚天酷碁-創,28.40,-0.1000,28.60,29.35,28.35,202000,5818600,112,TWSE_CSV,2026-08-06 14:16:02 +0800
1150806,2026-08-06,上市,2433,互盛電,41.80,0.0500,41.65,41.85,41.60,22000,918450,17,TWSE_CSV,2026-08-06 14:16:02 +0800
1150806,2026-08-06,上市,2434,統懋,56.90,-3.2000,61.80,62.00,54.40,1585000,90589600,1215,TWSE_CSV,2026-08-06 14:16:02 +0800
1150806,2026-08-06,上市,2436,偉詮電,61.40,0.4000,61.50,61.70,60.10,4669000,285280900,2871,TWSE_CSV,2026-08-06 14:16:02 +0800
1150806,2026-08-06,上市,2438,翔耀,17.55,0.0000,17.15,17.55,17.15,23000,398950,22,TWSE_CSV,2026-08-06 14:16:02 +0800
1150806,2026-08-06,上市,2439,美律,80.20,-1.2000,81.50,81.50,79.70,1883000,151215700,1268,TWSE_CSV,2026-08-06 14:16:02 +0800
1150806,2026-08-06,上市,2440,太空梭,15.15,-0.1000,15.25,15.25,14.85,260000,3920250,174,TWSE_CSV,2026-08-06 14:16:02 +0800
1150806,2026-08-06,上市,2441,超豐,123.00,4.5000,117.00,124.00,115.00,6561000,788129500,4434,TWSE_CSV,2026-08-06 14:16:02 +0800
1150806,2026-08-06,上市,2442,新美齊,19.00,0.0500,19.00,19.10,18.85,1108000,21010600,467,TWSE_CSV,2026-08-06 14:16:02 +0800
1150806,2026-08-06,上市,2444,兆勁,10.80,-0.0500,10.80,10.80,10.60,188000,2018550,117,TWSE_CSV,2026-08-06 14:16:02 +0800
1150806,2026-08-06,上市,2449,京元電子,249.00,2.0000,246.00,252.50,240.00,14537000,3600068000,9407,TWSE_CSV,2026-08-06 14:16:02 +0800
1150806,2026-08-06,上市,2450,神腦,28.30,-0.1500,28.40,28.45,28.20,258000,7303100,218,TWSE_CSV,2026-08-06 14:16:02 +0800
1150806,2026-08-06,上市,2451,創見,293.00,10.5000,280.00,296.00,280.00,10614000,3079518500,7153,TWSE_CSV,2026-08-06 14:16:02 +0800
1150806,2026-08-06,上市,2453,凌群,53.00,-0.7000,54.00,54.00,52.50,217000,11509700,160,TWSE_CSV,2026-08-06 14:16:02 +0800
1150806,2026-08-06,上市,2454,聯發科,3920.00,-80.0000,4100.00,4100.00,3905.00,6728000,26605225000,5638,TWSE_CSV,2026-08-06 14:16:02 +0800
1150806,2026-08-06,上市,2455,全新,372.00,-16.0000,384.00,402.00,365.50,34649000,13334736500,21273,TWSE_CSV,2026-08-06 14:16:02 +0800
1150806,2026-08-06,上市,2457,飛宏,23.45,-0.3500,23.70,23.70,23.00,1048000,24464000,758,TWSE_CSV,2026-08-06 14:16:02 +0800
1150806,2026-08-06,上市,2458,義隆,147.50,-13.0000,146.00,148.50,144.50,8909000,1296701000,5850,TWSE_CSV,2026-08-06 14:16:02 +0800
1150806,2026-08-06,上市,2459,敦吉,64.60,0.3000,64.30,64.70,64.00,73000,4696900,52,TWSE_CSV,2026-08-06 14:16:02 +0800
1150806,2026-08-06,上市,2460,建通,31.05,-0.6000,31.45,31.55,30.40,344000,10585300,235,TWSE_CSV,2026-08-06 14:16:02 +0800
1150806,2026-08-06,上市,2461,光群雷,16.65,-0.2500,16.90,16.95,16.50,504000,8392550,259,TWSE_CSV,2026-08-06 14:16:02 +0800
1150806,2026-08-06,上市,2462,良得電,19.45,-0.3500,19.80,19.80,19.00,329000,6394350,252,TWSE_CSV,2026-08-06 14:16:02 +0800
1150806,2026-08-06,上市,2464,盟立,178.00,8.0000,171.50,184.00,171.00,25155000,4476999000,17027,TWSE_CSV,2026-08-06 14:16:02 +0800
1150806,2026-08-06,上市,2465,麗臺,85.50,-0.3000,86.30,89.40,83.20,3883000,333908700,2739,TWSE_CSV,2026-08-06 14:16:02 +0800
1150806,2026-08-06,上市,2466,冠西電,95.50,-0.8000,96.00,99.50,95.20,741000,71648900,591,TWSE_CSV,2026-08-06 14:16:02 +0800
1150806,2026-08-06,上市,2467,志聖,519.00,2.0000,512.00,522.00,491.50,809000,412559000,725,TWSE_CSV,2026-08-06 14:16:02 +0800
1150806,2026-08-06,上市,2468,華經,34.75,-0.9500,35.50,35.70,34.55,375000,13075800,286,TWSE_CSV,2026-08-06 14:16:02 +0800
1150806,2026-08-06,上市,2471,資通,48.45,-0.5500,49.00,49.25,48.25,95000,4607400,81,TWSE_CSV,2026-08-06 14:16:02 +0800
1150806,2026-08-06,上市,2472,立隆電,238.00,-2.5000,240.00,242.50,224.00,3594000,846205500,3071,TWSE_CSV,2026-08-06 14:16:02 +0800
1150806,2026-08-06,上市,2474,可成,187.50,6.0000,182.50,187.50,182.50,2661000,493839000,1694,TWSE_CSV,2026-08-06 14:16:02 +0800
1150806,2026-08-06,上市,2476,鉅祥,127.50,3.0000,124.00,128.00,120.50,1861000,233208000,1216,TWSE_CSV,2026-08-06 14:16:02 +0800
1150806,2026-08-06,上市,2477,美隆電,21.70,0.1500,21.50,22.00,21.40,221000,4792700,112,TWSE_CSV,2026-08-06 14:16:02 +0800
1150806,2026-08-06,上市,2478,大毅,121.50,1.5000,118.00,123.00,112.00,4196000,495404000,2952,TWSE_CSV,2026-08-06 14:16:02 +0800
1150806,2026-08-06,上市,2480,敦陽科,155.50,2.5000,153.50,156.00,151.50,259000,39859500,190,TWSE_CSV,2026-08-06 14:16:02 +0800
1150806,2026-08-06,上市,2481,強茂,139.00,5.0000,129.50,141.00,126.50,25349000,3441002000,14810,TWSE_CSV,2026-08-06 14:16:02 +0800
1150806,2026-08-06,上市,2482,連宇,16.20,-0.3000,16.50,16.50,16.00,193000,3115100,147,TWSE_CSV,2026-08-06 14:16:02 +0800
1150806,2026-08-06,上市,2483,百容,37.45,-1.1000,37.65,38.95,36.35,2493000,92832250,1567,TWSE_CSV,2026-08-06 14:16:02 +0800
1150806,2026-08-06,上市,2484,希華,71.20,0.7000,71.30,72.20,68.20,14075000,993240700,9441,TWSE_CSV,2026-08-06 14:16:02 +0800
1150806,2026-08-06,上市,2485,兆赫,41.00,-0.0500,41.10,41.10,39.10,3977000,160224400,2579,TWSE_CSV,2026-08-06 14:16:02 +0800
1150806,2026-08-06,上市,2486,一詮,229.00,10.5000,223.00,234.00,214.00,6791000,1524534500,4826,TWSE_CSV,2026-08-06 14:16:02 +0800
1150806,2026-08-06,上市,2488,漢平,48.60,0.1000,48.40,48.75,48.20,106000,5139300,84,TWSE_CSV,2026-08-06 14:16:02 +0800
1150806,2026-08-06,上市,2489,瑞軒,31.70,-1.4000,33.05,33.05,30.50,27301000,859812450,13243,TWSE_CSV,2026-08-06 14:16:02 +0800
1150806,2026-08-06,上市,2491,吉祥全,31.95,2.9000,31.95,31.95,31.95,303000,9680850,111,TWSE_CSV,2026-08-06 14:16:02 +0800
1150806,2026-08-06,上市,2492,華新科,256.50,-3.0000,256.00,259.50,236.50,25152000,6247368000,15414,TWSE_CSV,2026-08-06 14:16:02 +0800
1150806,2026-08-06,上市,2493,揚博,220.00,14.5000,208.50,223.50,201.00,4476000,960121000,3497,TWSE_CSV,2026-08-06 14:16:02 +0800
1150806,2026-08-06,上市,2495,普安,39.00,0.7000,38.30,39.30,37.05,1668000,63796100,1084,TWSE_CSV,2026-08-06 14:16:02 +0800
1150806,2026-08-06,上市,2496,卓越,59.10,-0.6000,60.10,60.10,59.00,31000,1838000,29,TWSE_CSV,2026-08-06 14:16:02 +0800
1150806,2026-08-06,上市,2497,怡利電,48.55,1.5500,46.70,48.70,46.70,544000,26084800,400,TWSE_CSV,2026-08-06 14:16:02 +0800
1150806,2026-08-06,上市,2498,宏達電,40.60,0.1500,40.45,40.90,40.05,3502000,142002500,1757,TWSE_CSV,2026-08-06 14:16:02 +0800
1150806,2026-08-06,上市,2501,國建,22.00,-0.2500,22.10,22.15,21.70,3646000,80084800,1545,TWSE_CSV,2026-08-06 14:16:02 +0800
1150806,2026-08-06,上市,2504,國產,30.40,0.0500,30.30,30.65,30.20,2122000,64506950,983,TWSE_CSV,2026-08-06 14:16:02 +0800
1150806,2026-08-06,上市,2505,國揚,17.70,0.0000,17.70,17.85,17.65,233000,4135850,124,TWSE_CSV,2026-08-06 14:16:02 +0800
1150806,2026-08-06,上市,2506,太設,8.57,0.0400,8.60,8.60,8.47,156000,1329720,94,TWSE_CSV,2026-08-06 14:16:02 +0800
1150806,2026-08-06,上市,2509,全坤建,12.95,-0.1500,13.10,13.10,12.90,127000,1644600,68,TWSE_CSV,2026-08-06 14:16:02 +0800
1150806,2026-08-06,上市,2511,太子,8.30,-0.0300,8.28,8.40,8.22,1595000,13204900,705,TWSE_CSV,2026-08-06 14:16:02 +0800
1150806,2026-08-06,上市,2514,龍邦,12.15,-0.3000,12.40,12.40,12.05,380000,4640100,197,TWSE_CSV,2026-08-06 14:16:02 +0800
1150806,2026-08-06,上市,2515,中工,11.85,-0.0500,11.90,11.95,11.75,4083000,48370750,1455,TWSE_CSV,2026-08-06 14:16:02 +0800
1150806,2026-08-06,上市,2516,新建,13.85,-0.1000,14.25,14.25,13.85,124000,1734700,84,TWSE_CSV,2026-08-06 14:16:02 +0800
1150806,2026-08-06,上市,2520,冠德,34.10,-0.2000,34.05,34.35,33.90,889000,30289500,557,TWSE_CSV,2026-08-06 14:16:02 +0800
1150806,2026-08-06,上市,2524,京城,34.05,-0.9000,34.80,35.05,33.95,187000,6417800,143,TWSE_CSV,2026-08-06 14:16:02 +0800
1150806,2026-08-06,上市,2527,宏璟,45.95,3.2000,42.45,46.00,42.45,1303000,57835700,908,TWSE_CSV,2026-08-06 14:16:02 +0800
1150806,2026-08-06,上市,2528,皇普,20.50,0.4000,19.80,20.65,19.80,395000,7998550,236,TWSE_CSV,2026-08-06 14:16:02 +0800
1150806,2026-08-06,上市,2530,華建,19.25,-0.3500,19.30,19.55,19.20,407000,7844150,279,TWSE_CSV,2026-08-06 14:16:02 +0800
1150806,2026-08-06,上市,2534,宏盛,17.10,0.1000,16.85,17.10,16.85,303000,5145000,182,TWSE_CSV,2026-08-06 14:16:02 +0800
1150806,2026-08-06,上市,2535,達欣工,93.00,5.1000,90.50,94.50,90.50,1149000,106292700,884,TWSE_CSV,2026-08-06 14:16:02 +0800
1150806,2026-08-06,上市,2536,宏普,17.95,0.0500,17.90,17.95,17.80,214000,3826150,147,TWSE_CSV,2026-08-06 14:16:02 +0800
1150806,2026-08-06,上市,2537,聯上發,10.95,0.0000,11.00,11.00,10.85,320000,3494150,189,TWSE_CSV,2026-08-06 14:16:02 +0800
1150806,2026-08-06,上市,2538,基泰,9.15,-0.1400,9.35,9.35,9.12,635000,5830980,416,TWSE_CSV,2026-08-06 14:16:02 +0800
1150806,2026-08-06,上市,2539,櫻花建,43.10,-0.2500,42.85,43.55,42.50,1160000,49850400,713,TWSE_CSV,2026-08-06 14:16:02 +0800
1150806,2026-08-06,上市,2540,愛山林,54.70,-3.1000,56.90,57.00,54.70,2304000,127536900,1400,TWSE_CSV,2026-08-06 14:16:02 +0800
1150806,2026-08-06,上市,2542,興富發,44.10,0.0500,43.80,44.20,43.80,5026000,221030900,1717,TWSE_CSV,2026-08-06 14:16:02 +0800
1150806,2026-08-06,上市,2543,皇昌,37.70,0.2500,37.10,37.70,37.10,512000,19128850,357,TWSE_CSV,2026-08-06 14:16:02 +0800
1150806,2026-08-06,上市,2545,皇翔,31.90,-0.1500,32.05,32.15,31.65,440000,14029950,345,TWSE_CSV,2026-08-06 14:16:02 +0800
1150806,2026-08-06,上市,2546,根基,100.00,0.8000,99.00,100.00,99.00,231000,22997600,192,TWSE_CSV,2026-08-06 14:16:02 +0800
1150806,2026-08-06,上市,2547,日勝生,10.35,0.0500,10.25,10.40,10.25,1572000,16199000,551,TWSE_CSV,2026-08-06 14:16:02 +0800
1150806,2026-08-06,上市,2548,華固,95.30,-1.2000,95.60,96.20,94.50,1960000,186723500,1218,TWSE_CSV,2026-08-06 14:16:02 +0800
1150806,2026-08-06,上市,2597,潤弘,164.50,1.0000,161.00,164.50,160.50,217000,35248000,195,TWSE_CSV,2026-08-06 14:16:02 +0800
1150806,2026-08-06,上市,2601,益航,6.27,-0.2300,6.40,6.50,6.20,2638000,16633630,943,TWSE_CSV,2026-08-06 14:16:02 +0800
1150806,2026-08-06,上市,2603,長榮,204.00,-1.0000,204.00,205.50,202.00,3678000,747672500,2014,TWSE_CSV,2026-08-06 14:16:02 +0800
1150806,2026-08-06,上市,2605,新興,32.00,0.0000,32.30,32.35,31.65,2991000,95488550,1410,TWSE_CSV,2026-08-06 14:16:02 +0800
1150806,2026-08-06,上市,2606,裕民,64.40,-0.1000,65.20,65.60,64.10,2627000,169736400,1755,TWSE_CSV,2026-08-06 14:16:02 +0800
1150806,2026-08-06,上市,2607,榮運,47.25,0.2500,46.90,47.25,46.75,290000,13635150,212,TWSE_CSV,2026-08-06 14:16:02 +0800
1150806,2026-08-06,上市,2608,嘉里大榮,28.60,0.0000,28.50,28.65,28.50,141000,4029700,99,TWSE_CSV,2026-08-06 14:16:02 +0800
1150806,2026-08-06,上市,2609,陽明,50.40,-0.2000,50.40,50.60,50.00,8368000,420500500,3848,TWSE_CSV,2026-08-06 14:16:02 +0800
1150806,2026-08-06,上市,2610,華航,22.15,-0.4500,22.60,22.70,22.10,23567000,524456400,6843,TWSE_CSV,2026-08-06 14:16:02 +0800
1150806,2026-08-06,上市,2611,志信,13.40,0.0000,13.40,13.50,13.30,151000,2017650,105,TWSE_CSV,2026-08-06 14:16:02 +0800
1150806,2026-08-06,上市,2612,中航,54.50,-0.4000,55.50,55.50,54.20,226000,12348300,165,TWSE_CSV,2026-08-06 14:16:02 +0800
1150806,2026-08-06,上市,2613,中櫃,20.30,0.0000,20.15,20.30,20.00,129000,2597000,99,TWSE_CSV,2026-08-06 14:16:02 +0800
1150806,2026-08-06,上市,2614,東森,17.95,0.0000,17.95,18.05,17.85,339000,6085000,220,TWSE_CSV,2026-08-06 14:16:02 +0800
1150806,2026-08-06,上市,2615,萬海,84.30,-1.1000,85.10,85.60,84.00,4843000,408849600,2814,TWSE_CSV,2026-08-06 14:16:02 +0800
1150806,2026-08-06,上市,2616,山隆,13.30,0.0000,13.25,13.30,13.20,144000,1907450,102,TWSE_CSV,2026-08-06 14:16:02 +0800
1150806,2026-08-06,上市,2617,台航,29.10,0.2000,28.80,29.15,28.75,517000,14985900,298,TWSE_CSV,2026-08-06 14:16:02 +0800
1150806,2026-08-06,上市,2618,長榮航,43.25,-0.5500,43.70,43.95,43.10,19896000,863318800,7022,TWSE_CSV,2026-08-06 14:16:02 +0800
1150806,2026-08-06,上市,2630,亞航,49.00,-0.9000,49.95,50.40,48.70,1780000,87568850,1110,TWSE_CSV,2026-08-06 14:16:02 +0800
1150806,2026-08-06,上市,2633,台灣高鐵,25.80,-0.1000,25.70,25.85,25.70,4244000,109381800,1292,TWSE_CSV,2026-08-06 14:16:02 +0800
1150806,2026-08-06,上市,2634,漢翔,62.20,-1.3000,63.00,64.00,61.50,17860000,1113099500,9121,TWSE_CSV,2026-08-06 14:16:02 +0800
1150806,2026-08-06,上市,2636,台驊控股,64.80,0.3000,64.20,64.90,64.20,128000,8268600,110,TWSE_CSV,2026-08-06 14:16:02 +0800
1150806,2026-08-06,上市,2637,慧洋-KY,85.50,0.1000,86.20,86.60,84.50,2192000,187027900,1352,TWSE_CSV,2026-08-06 14:16:02 +0800
1150806,2026-08-06,上市,2642,宅配通,20.50,0.0000,20.65,20.65,20.10,34000,687900,26,TWSE_CSV,2026-08-06 14:16:02 +0800
1150806,2026-08-06,上市,2645,長榮航太,194.00,-2.5000,198.00,198.00,191.50,1505000,291934500,1018,TWSE_CSV,2026-08-06 14:16:02 +0800
1150806,2026-08-06,上市,2646,星宇航空,21.15,-0.1500,21.20,21.40,21.05,3668000,77662500,1675,TWSE_CSV,2026-08-06 14:16:02 +0800
1150806,2026-08-06,上市,2701,萬企,10.60,0.0500,10.50,10.60,10.50,17000,179150,16,TWSE_CSV,2026-08-06 14:16:02 +0800
1150806,2026-08-06,上市,2702,華園,12.40,-0.1500,12.30,12.50,12.20,99000,1222600,49,TWSE_CSV,2026-08-06 14:16:02 +0800
1150806,2026-08-06,上市,2704,國賓,45.60,-0.2500,45.60,46.20,45.30,81000,3695250,70,TWSE_CSV,2026-08-06 14:16:02 +0800
1150806,2026-08-06,上市,2705,六福,16.10,0.0000,16.20,16.20,16.00,48000,770800,35,TWSE_CSV,2026-08-06 14:16:02 +0800
1150806,2026-08-06,上市,2706,第一店,12.45,0.0500,12.50,12.50,12.40,62000,770350,42,TWSE_CSV,2026-08-06 14:16:02 +0800
1150806,2026-08-06,上市,2707,晶華,177.00,1.0000,176.00,177.00,176.00,64000,11302500,60,TWSE_CSV,2026-08-06 14:16:02 +0800
1150806,2026-08-06,上市,2712,遠雄來,14.85,0.4500,14.40,14.85,14.30,11000,161350,10,TWSE_CSV,2026-08-06 14:16:02 +0800
1150806,2026-08-06,上市,2722,夏都,22.05,0.3500,21.35,22.30,21.35,49000,1065400,35,TWSE_CSV,2026-08-06 14:16:02 +0800
1150806,2026-08-06,上市,2723,美食-KY,61.40,0.2000,61.10,61.60,60.70,201000,12272800,140,TWSE_CSV,2026-08-06 14:16:02 +0800
1150806,2026-08-06,上市,2727,王品,224.00,0.0000,222.00,224.50,222.00,209000,46735000,186,TWSE_CSV,2026-08-06 14:16:02 +0800
1150806,2026-08-06,上市,2731,雄獅,146.00,0.0000,146.00,146.50,145.00,522000,76036000,365,TWSE_CSV,2026-08-06 14:16:02 +0800
1150806,2026-08-06,上市,2739,寒舍,34.10,0.0500,34.30,34.30,33.95,31000,1055900,27,TWSE_CSV,2026-08-06 14:16:02 +0800
1150806,2026-08-06,上市,2748,雲品,37.95,-0.2500,38.00,38.15,37.80,91000,3448650,64,TWSE_CSV,2026-08-06 14:16:02 +0800
1150806,2026-08-06,上市,2753,八方雲集,179.50,0.5000,179.00,179.50,178.50,95000,16985000,85,TWSE_CSV,2026-08-06 14:16:02 +0800
1150806,2026-08-06,上市,2762,世界健身-KY,82.80,0.0000,82.10,83.10,82.00,70000,5775900,59,TWSE_CSV,2026-08-06 14:16:02 +0800
1150806,2026-08-06,上市,2801,彰銀,23.15,-0.5000,23.50,23.75,23.15,36175000,844406500,9454,TWSE_CSV,2026-08-06 14:16:02 +0800
1150806,2026-08-06,上市,2812,台中銀,18.50,-0.3000,18.80,18.80,18.40,28671000,531287550,9534,TWSE_CSV,2026-08-06 14:16:02 +0800
1150806,2026-08-06,上市,2816,旺旺保,33.75,0.1000,33.65,34.05,33.60,120000,4058600,72,TWSE_CSV,2026-08-06 14:16:02 +0800
1150806,2026-08-06,上市,2820,華票,16.30,0.0000,16.30,16.40,16.30,1103000,18011500,501,TWSE_CSV,2026-08-06 14:16:02 +0800
1150806,2026-08-06,上市,2832,台產,57.80,-0.8000,58.50,59.10,57.70,368000,21371600,201,TWSE_CSV,2026-08-06 14:16:02 +0800
1150806,2026-08-06,上市,2834,臺企銀,16.55,-0.2000,16.70,16.80,16.55,38655000,643876550,8818,TWSE_CSV,2026-08-06 14:16:02 +0800
1150806,2026-08-06,上市,2836,高雄銀,11.80,0.0000,11.80,11.85,11.75,1370000,16158900,508,TWSE_CSV,2026-08-06 14:16:02 +0800
1150806,2026-08-06,上市,2838,聯邦銀,20.45,-0.2000,20.40,20.65,20.35,1686000,34467450,750,TWSE_CSV,2026-08-06 14:16:02 +0800
1150806,2026-08-06,上市,2845,遠東銀,13.15,-0.1500,13.20,13.35,13.15,8007000,105685700,2304,TWSE_CSV,2026-08-06 14:16:02 +0800
1150806,2026-08-06,上市,2849,安泰銀,14.40,-0.2500,14.50,14.60,14.35,255000,3691250,195,TWSE_CSV,2026-08-06 14:16:02 +0800
1150806,2026-08-06,上市,2850,新產,157.00,-0.5000,154.50,157.00,153.00,284000,43965500,225,TWSE_CSV,2026-08-06 14:16:02 +0800
1150806,2026-08-06,上市,2851,中再保,35.00,0.0000,34.80,35.05,34.80,764000,26672250,453,TWSE_CSV,2026-08-06 14:16:02 +0800
1150806,2026-08-06,上市,2852,第一保,26.65,0.0500,26.60,26.65,26.50,196000,5202700,148,TWSE_CSV,2026-08-06 14:16:02 +0800
1150806,2026-08-06,上市,2855,統一證,45.10,-0.7500,45.30,45.50,44.30,4538000,204050100,2351,TWSE_CSV,2026-08-06 14:16:02 +0800
1150806,2026-08-06,上市,2867,三商壽,9.77,0.0000,9.68,9.82,9.68,17342000,169301220,3457,TWSE_CSV,2026-08-06 14:16:02 +0800
1150806,2026-08-06,上市,2880,華南金,44.05,0.2500,43.20,44.60,43.20,25379000,1117320950,11160,TWSE_CSV,2026-08-06 14:16:02 +0800
1150806,2026-08-06,上市,2881,富邦金,126.00,-3.5000,128.50,129.50,125.00,19665000,2491321500,7319,TWSE_CSV,2026-08-06 14:16:02 +0800
1150806,2026-08-06,上市,2882,國泰金,97.50,-3.0000,99.30,100.50,97.50,16387000,1614790500,7161,TWSE_CSV,2026-08-06 14:16:02 +0800
1150806,2026-08-06,上市,2883,凱基金,30.60,-1.0000,31.15,31.35,30.50,45703000,1408528550,13171,TWSE_CSV,2026-08-06 14:16:02 +0800
1150806,2026-08-06,上市,2884,玉山金,37.95,-0.1500,37.70,38.25,37.70,22482000,853552050,5105,TWSE_CSV,2026-08-06 14:16:02 +0800
1150806,2026-08-06,上市,2885,元大金,67.10,-2.3000,68.40,69.30,67.10,26675000,1805377900,10354,TWSE_CSV,2026-08-06 14:16:02 +0800
1150806,2026-08-06,上市,2886,兆豐金,50.30,-0.9000,50.50,51.90,50.30,31142000,1585573000,10932,TWSE_CSV,2026-08-06 14:16:02 +0800
1150806,2026-08-06,上市,2887,台新新光金,34.50,-1.2000,35.30,35.65,34.50,57432000,2005490100,13327,TWSE_CSV,2026-08-06 14:16:02 +0800
1150806,2026-08-06,上市,2889,國票金,15.30,-0.0500,15.30,15.40,15.20,5786000,88379850,1753,TWSE_CSV,2026-08-06 14:16:02 +0800
1150806,2026-08-06,上市,2890,永豐金,38.70,-0.8500,39.20,39.60,38.70,15797000,617270800,5833,TWSE_CSV,2026-08-06 14:16:02 +0800
1150806,2026-08-06,上市,2891,中信金,64.60,-1.4000,65.10,66.40,64.60,27188000,1777096700,9175,TWSE_CSV,2026-08-06 14:16:02 +0800
1150806,2026-08-06,上市,2892,第一金,35.50,-0.4000,35.80,36.30,35.50,50554000,1811957150,10562,TWSE_CSV,2026-08-06 14:16:02 +0800
1150806,2026-08-06,上市,2897,王道銀行,10.10,-0.1500,10.15,10.20,10.10,3462000,35133000,984,TWSE_CSV,2026-08-06 14:16:02 +0800
1150806,2026-08-06,上市,2901,欣欣,24.00,0.1500,23.85,24.00,23.70,12000,286600,10,TWSE_CSV,2026-08-06 14:16:02 +0800
1150806,2026-08-06,上市,2903,遠百,21.85,-0.1500,21.90,22.00,21.85,1088000,23821950,622,TWSE_CSV,2026-08-06 14:16:02 +0800
1150806,2026-08-06,上市,2904,匯僑,13.20,0.0000,13.20,13.20,13.10,37000,486600,18,TWSE_CSV,2026-08-06 14:16:02 +0800
1150806,2026-08-06,上市,2905,三商,16.20,-0.1500,16.30,16.40,15.80,1483000,23896900,599,TWSE_CSV,2026-08-06 14:16:02 +0800
1150806,2026-08-06,上市,2906,高林,13.00,0.1000,12.85,13.00,12.85,163000,2109450,95,TWSE_CSV,2026-08-06 14:16:02 +0800
1150806,2026-08-06,上市,2908,特力,21.70,-0.3000,21.70,21.80,21.35,279000,6022650,200,TWSE_CSV,2026-08-06 14:16:02 +0800
1150806,2026-08-06,上市,2910,統領,24.45,-0.2500,24.05,24.45,24.05,54000,1308300,50,TWSE_CSV,2026-08-06 14:16:02 +0800
1150806,2026-08-06,上市,2911,麗嬰房,6.82,-0.0200,6.81,6.99,6.72,92000,625770,65,TWSE_CSV,2026-08-06 14:16:02 +0800
1150806,2026-08-06,上市,2912,統一超,220.00,-1.5000,220.00,224.00,219.50,2035000,449566000,1494,TWSE_CSV,2026-08-06 14:16:02 +0800
1150806,2026-08-06,上市,2913,農林,10.90,-0.0500,10.95,11.00,10.80,1989000,21657850,663,TWSE_CSV,2026-08-06 14:16:02 +0800
1150806,2026-08-06,上市,2915,潤泰全,51.20,-0.6000,51.60,51.90,51.10,1863000,95589500,749,TWSE_CSV,2026-08-06 14:16:02 +0800
1150806,2026-08-06,上市,2923,鼎固-KY,28.20,-1.1000,28.70,29.10,27.40,394000,11063050,252,TWSE_CSV,2026-08-06 14:16:02 +0800
1150806,2026-08-06,上市,2929,淘帝-KY,5.51,-0.0500,5.54,5.54,5.43,101000,555720,75,TWSE_CSV,2026-08-06 14:16:02 +0800
1150806,2026-08-06,上市,2939,永邑-KY,18.20,0.0000,18.35,18.35,18.10,17000,308950,17,TWSE_CSV,2026-08-06 14:16:02 +0800
1150806,2026-08-06,上市,2945,三商家購,41.60,0.0000,41.10,41.60,41.10,5000,207500,4,TWSE_CSV,2026-08-06 14:16:02 +0800
1150806,2026-08-06,上市,3002,歐格,16.60,0.1000,16.40,16.60,16.20,86000,1414800,67,TWSE_CSV,2026-08-06 14:16:02 +0800
1150806,2026-08-06,上市,3003,健和興,60.80,0.0000,60.20,61.10,58.50,768000,46063300,514,TWSE_CSV,2026-08-06 14:16:02 +0800
1150806,2026-08-06,上市,3004,豐達科,129.00,0.5000,130.50,130.50,125.50,670000,85627500,433,TWSE_CSV,2026-08-06 14:16:02 +0800
1150806,2026-08-06,上市,3005,神基,115.50,0.5000,114.50,116.00,113.50,2724000,312915000,1470,TWSE_CSV,2026-08-06 14:16:02 +0800
1150806,2026-08-06,上市,3006,晶豪科,258.00,19.0000,240.00,258.00,239.00,30174000,7569436000,18962,TWSE_CSV,2026-08-06 14:16:02 +0800
1150806,2026-08-06,上市,3008,大立光,4625.00,50.0000,4525.00,4770.00,4515.00,2149000,9937190000,2021,TWSE_CSV,2026-08-06 14:16:02 +0800
1150806,2026-08-06,上市,3010,華立,120.50,1.5000,118.00,121.50,117.00,558000,66822500,414,TWSE_CSV,2026-08-06 14:16:02 +0800
1150806,2026-08-06,上市,3011,今皓,11.55,-0.2500,11.70,11.70,11.50,331000,3842050,178,TWSE_CSV,2026-08-06 14:16:02 +0800
1150806,2026-08-06,上市,3013,晟銘電,87.00,2.4000,83.60,87.00,83.00,942000,80381600,781,TWSE_CSV,2026-08-06 14:16:02 +0800
1150806,2026-08-06,上市,3014,聯陽,130.50,0.5000,132.00,132.50,129.50,1519000,199105000,1190,TWSE_CSV,2026-08-06 14:16:02 +0800
1150806,2026-08-06,上市,3015,全漢,57.00,0.9000,55.90,57.00,55.20,395000,22217000,301,TWSE_CSV,2026-08-06 14:16:02 +0800
1150806,2026-08-06,上市,3016,嘉晶,103.50,-0.5000,104.00,104.50,98.00,7171000,730250600,4648,TWSE_CSV,2026-08-06 14:16:02 +0800
1150806,2026-08-06,上市,3017,奇鋐,2940.00,210.0000,2730.00,2965.00,2730.00,8294000,23966120000,7024,TWSE_CSV,2026-08-06 14:16:02 +0800
1150806,2026-08-06,上市,3018,隆銘綠能,14.50,0.4500,14.10,14.50,14.10,56000,794350,48,TWSE_CSV,2026-08-06 14:16:02 +0800
1150806,2026-08-06,上市,3019,亞光,131.50,-2.5000,131.00,131.50,128.50,3157000,410988500,2267,TWSE_CSV,2026-08-06 14:16:02 +0800
1150806,2026-08-06,上市,3021,鴻名,20.75,-0.3000,21.00,21.05,20.25,135000,2778450,92,TWSE_CSV,2026-08-06 14:16:02 +0800
1150806,2026-08-06,上市,3022,威強電,100.50,2.9000,98.10,101.00,96.00,8847000,876693400,6302,TWSE_CSV,2026-08-06 14:16:02 +0800
1150806,2026-08-06,上市,3023,信邦,323.00,5.0000,316.00,326.00,313.50,1491000,481328000,1141,TWSE_CSV,2026-08-06 14:16:02 +0800
1150806,2026-08-06,上市,3024,憶聲,12.60,0.1000,12.60,12.70,12.45,773000,9709250,377,TWSE_CSV,2026-08-06 14:16:02 +0800
1150806,2026-08-06,上市,3025,星通,56.00,-0.1000,56.00,56.10,55.00,161000,8949600,120,TWSE_CSV,2026-08-06 14:16:02 +0800
1150806,2026-08-06,上市,3026,禾伸堂,593.00,46.0000,541.00,593.00,525.00,1743000,986795000,1058,TWSE_CSV,2026-08-06 14:16:02 +0800
1150806,2026-08-06,上市,3027,盛達,18.50,0.0500,18.45,18.50,18.15,127000,2327700,101,TWSE_CSV,2026-08-06 14:16:02 +0800
1150806,2026-08-06,上市,3028,增你強,72.60,0.9000,71.60,72.70,69.20,1549000,110246600,1152,TWSE_CSV,2026-08-06 14:16:02 +0800
1150806,2026-08-06,上市,3029,零壹,110.00,3.0000,111.00,114.00,108.50,3172000,350816500,2294,TWSE_CSV,2026-08-06 14:16:02 +0800
1150806,2026-08-06,上市,3030,德律,295.50,-2.0000,297.50,298.50,288.50,961000,282569000,806,TWSE_CSV,2026-08-06 14:16:02 +0800
1150806,2026-08-06,上市,3031,佰鴻,22.95,-0.2500,23.20,23.30,22.50,563000,12877000,370,TWSE_CSV,2026-08-06 14:16:02 +0800
1150806,2026-08-06,上市,3032,偉訓,84.40,-2.7000,86.80,88.10,84.00,1691000,145375800,1112,TWSE_CSV,2026-08-06 14:16:02 +0800
1150806,2026-08-06,上市,3033,威健,47.85,0.0000,46.35,48.00,46.05,6813000,321548300,3979,TWSE_CSV,2026-08-06 14:16:02 +0800
1150806,2026-08-06,上市,3034,聯詠,543.00,-7.0000,547.00,556.00,540.00,2903000,1578878000,2105,TWSE_CSV,2026-08-06 14:16:02 +0800
1150806,2026-08-06,上市,3035,智原,171.00,-0.5000,170.50,172.50,165.50,3257000,553430000,2578,TWSE_CSV,2026-08-06 14:16:02 +0800
1150806,2026-08-06,上市,3036,文曄,233.50,8.5000,225.50,235.50,224.00,23013000,5305081000,11292,TWSE_CSV,2026-08-06 14:16:02 +0800
1150806,2026-08-06,上市,3037,欣興,973.00,4.0000,958.00,995.00,928.00,24978000,24077900000,20433,TWSE_CSV,2026-08-06 14:16:02 +0800
1150806,2026-08-06,上市,3038,全台,20.95,0.1000,20.80,21.10,20.75,203000,4242550,136,TWSE_CSV,2026-08-06 14:16:02 +0800
1150806,2026-08-06,上市,3040,遠見,38.10,0.6000,37.40,38.10,36.50,145000,5450650,110,TWSE_CSV,2026-08-06 14:16:02 +0800
1150806,2026-08-06,上市,3041,揚智,22.70,-0.2000,22.90,22.90,22.25,572000,12873550,291,TWSE_CSV,2026-08-06 14:16:02 +0800
1150806,2026-08-06,上市,3042,晶技,174.00,-3.0000,177.50,178.50,169.50,9005000,1561144000,5930,TWSE_CSV,2026-08-06 14:16:02 +0800
1150806,2026-08-06,上市,3043,科風,20.05,-0.2000,20.25,20.25,19.90,33000,660200,25,TWSE_CSV,2026-08-06 14:16:02 +0800
1150806,2026-08-06,上市,3044,健鼎,397.50,-1.0000,395.00,405.00,383.50,2406000,951823500,2086,TWSE_CSV,2026-08-06 14:16:02 +0800
1150806,2026-08-06,上市,3045,台灣大,110.50,0.0000,110.50,111.50,110.00,4671000,515626500,2175,TWSE_CSV,2026-08-06 14:16:02 +0800
1150806,2026-08-06,上市,3046,建碁,55.80,0.3000,55.60,57.00,55.00,555000,31000800,402,TWSE_CSV,2026-08-06 14:16:02 +0800
1150806,2026-08-06,上市,3047,訊舟,14.50,-0.1500,14.65,14.65,14.30,380000,5492150,245,TWSE_CSV,2026-08-06 14:16:02 +0800
1150806,2026-08-06,上市,3048,益登,58.40,0.1000,58.00,58.50,56.10,4217000,242500400,2746,TWSE_CSV,2026-08-06 14:16:02 +0800
1150806,2026-08-06,上市,3049,精金,10.60,-0.1500,10.60,10.90,10.40,1518000,16064550,770,TWSE_CSV,2026-08-06 14:16:02 +0800
1150806,2026-08-06,上市,3050,鈺德,11.20,-0.1000,11.30,11.30,11.10,341000,3811350,167,TWSE_CSV,2026-08-06 14:16:02 +0800
1150806,2026-08-06,上市,3051,力特,22.70,0.0000,23.00,23.00,22.20,293000,6611350,238,TWSE_CSV,2026-08-06 14:16:02 +0800
1150806,2026-08-06,上市,3052,夆典,10.65,0.1000,10.55,10.65,10.55,219000,2323650,71,TWSE_CSV,2026-08-06 14:16:02 +0800
1150806,2026-08-06,上市,3054,立萬利,50.30,0.8000,49.20,50.60,48.90,52000,2577950,46,TWSE_CSV,2026-08-06 14:16:02 +0800
1150806,2026-08-06,上市,3055,蔚華科,110.50,-1.5000,109.00,114.00,109.00,437000,48549000,315,TWSE_CSV,2026-08-06 14:16:02 +0800
1150806,2026-08-06,上市,3056,富華新,14.05,0.1000,13.95,14.10,13.85,779000,10895700,376,TWSE_CSV,2026-08-06 14:16:02 +0800
1150806,2026-08-06,上市,3057,喬鼎,16.05,0.0500,15.90,16.30,15.50,181000,2873700,132,TWSE_CSV,2026-08-06 14:16:02 +0800
1150806,2026-08-06,上市,3058,立德,8.19,0.0000,8.21,8.25,8.10,362000,2953270,172,TWSE_CSV,2026-08-06 14:16:02 +0800
1150806,2026-08-06,上市,3059,華晶科,40.45,0.4500,40.00,40.65,39.35,1387000,55611400,976,TWSE_CSV,2026-08-06 14:16:02 +0800
1150806,2026-08-06,上市,3060,銘異,29.15,0.1000,29.10,29.20,28.15,900000,25910850,615,TWSE_CSV,2026-08-06 14:16:02 +0800
1150806,2026-08-06,上市,3062,建漢,20.65,0.0000,20.70,20.70,19.90,1458000,29611950,881,TWSE_CSV,2026-08-06 14:16:02 +0800
1150806,2026-08-06,上市,3090,日電貿,155.00,8.0000,145.00,157.50,142.00,9367000,1401742500,6322,TWSE_CSV,2026-08-06 14:16:02 +0800
1150806,2026-08-06,上市,3092,鴻碩,23.65,0.0500,23.60,23.65,22.95,94000,2194400,75,TWSE_CSV,2026-08-06 14:16:02 +0800
1150806,2026-08-06,上市,3094,聯傑,35.60,-0.4500,36.05,36.05,34.85,707000,25044150,548,TWSE_CSV,2026-08-06 14:16:02 +0800
1150806,2026-08-06,上市,3130,一零四,203.00,-1.0000,204.00,204.00,202.50,41000,8326000,39,TWSE_CSV,2026-08-06 14:16:02 +0800
1150806,2026-08-06,上市,3135,凌航,186.50,10.0000,176.50,189.00,172.00,4774000,863420000,3284,TWSE_CSV,2026-08-06 14:16:02 +0800
1150806,2026-08-06,上市,3138,耀登,97.00,-0.5000,97.50,97.70,94.70,196000,18889300,156,TWSE_CSV,2026-08-06 14:16:02 +0800
1150806,2026-08-06,上市,3149,正達,63.10,-2.3000,65.00,65.40,62.20,9753000,618703500,5452,TWSE_CSV,2026-08-06 14:16:02 +0800
1150806,2026-08-06,上市,3150,鈺寶-創,16.15,-0.1000,16.25,16.25,16.05,19000,306650,12,TWSE_CSV,2026-08-06 14:16:02 +0800
1150806,2026-08-06,上市,3164,景岳,16.30,0.1000,16.15,16.30,16.10,18000,290950,13,TWSE_CSV,2026-08-06 14:16:02 +0800
1150806,2026-08-06,上市,3167,大量,705.00,60.0000,645.00,709.00,645.00,865000,589386000,700,TWSE_CSV,2026-08-06 14:16:02 +0800
1150806,2026-08-06,上市,3168,眾福科,42.85,0.1000,42.80,42.85,42.70,16000,684400,9,TWSE_CSV,2026-08-06 14:16:02 +0800
1150806,2026-08-06,上市,3189,景碩,853.00,25.0000,816.00,853.00,801.00,22695000,18927692000,17832,TWSE_CSV,2026-08-06 14:16:02 +0800
1150806,2026-08-06,上市,3209,全科,59.00,0.3000,58.50,59.10,57.80,840000,49175800,593,TWSE_CSV,2026-08-06 14:16:02 +0800
1150806,2026-08-06,上市,3229,晟鈦,46.00,1.7500,43.80,46.80,42.55,524000,23571150,328,TWSE_CSV,2026-08-06 14:16:02 +0800
1150806,2026-08-06,上市,3231,緯創,189.50,-3.5000,193.50,199.00,188.00,82240000,15750461500,42273,TWSE_CSV,2026-08-06 14:16:02 +0800
1150806,2026-08-06,上市,3257,虹冠電,51.50,-0.1000,51.20,51.50,50.10,233000,11883400,192,TWSE_CSV,2026-08-06 14:16:02 +0800
1150806,2026-08-06,上市,3266,昇陽,13.75,-0.1500,13.80,13.90,13.75,32000,442750,23,TWSE_CSV,2026-08-06 14:16:02 +0800
1150806,2026-08-06,上市,3296,勝德,23.40,0.4000,23.00,23.65,22.60,90000,2072550,81,TWSE_CSV,2026-08-06 14:16:02 +0800
1150806,2026-08-06,上市,3305,昇貿,114.50,3.0000,111.00,115.00,108.50,1397000,156754000,1017,TWSE_CSV,2026-08-06 14:16:02 +0800
1150806,2026-08-06,上市,3308,聯德,19.85,0.0500,19.60,19.95,19.50,21000,413350,19,TWSE_CSV,2026-08-06 14:16:02 +0800
1150806,2026-08-06,上市,3311,閎暉,32.10,-0.6000,32.30,32.40,31.95,216000,6942250,145,TWSE_CSV,2026-08-06 14:16:02 +0800
1150806,2026-08-06,上市,3312,弘憶股,47.70,-0.2000,47.80,48.10,46.60,749000,35437150,555,TWSE_CSV,2026-08-06 14:16:02 +0800
1150806,2026-08-06,上市,3321,同泰,20.65,1.4500,19.90,21.10,19.85,603000,12420350,328,TWSE_CSV,2026-08-06 14:16:02 +0800
1150806,2026-08-06,上市,3338,泰碩,65.20,1.6000,64.40,66.00,63.90,455000,29574800,366,TWSE_CSV,2026-08-06 14:16:02 +0800
1150806,2026-08-06,上市,3346,麗清,20.70,0.5500,20.20,20.70,19.75,408000,8272050,312,TWSE_CSV,2026-08-06 14:16:02 +0800
1150806,2026-08-06,上市,3356,奇偶,56.10,-1.0000,57.20,57.30,55.60,400000,22488800,274,TWSE_CSV,2026-08-06 14:16:02 +0800
1150806,2026-08-06,上市,3376,新日興,188.50,0.0000,179.00,190.00,179.00,1997000,369412500,1474,TWSE_CSV,2026-08-06 14:16:02 +0800
1150806,2026-08-06,上市,3380,明泰,28.55,-0.3500,28.80,28.90,27.80,1572000,44451900,1078,TWSE_CSV,2026-08-06 14:16:02 +0800
1150806,2026-08-06,上市,3406,玉晶光,547.00,14.0000,530.00,552.00,529.00,2985000,1611562000,2263,TWSE_CSV,2026-08-06 14:16:02 +0800
1150806,2026-08-06,上市,3413,京鼎,320.00,-1.5000,320.00,323.00,311.00,1472000,467349000,1116,TWSE_CSV,2026-08-06 14:16:02 +0800
1150806,2026-08-06,上市,3416,融程電,186.50,1.5000,182.00,191.50,182.00,623000,115921000,524,TWSE_CSV,2026-08-06 14:16:02 +0800
1150806,2026-08-06,上市,3419,譁裕,11.80,-0.3000,12.00,12.10,11.80,91000,1082950,74,TWSE_CSV,2026-08-06 14:16:02 +0800
1150806,2026-08-06,上市,3432,台端,16.00,0.0000,15.60,16.00,15.50,10000,157700,6,TWSE_CSV,2026-08-06 14:16:02 +0800
1150806,2026-08-06,上市,3437,榮創,17.80,0.0000,17.90,18.20,17.40,383000,6798150,275,TWSE_CSV,2026-08-06 14:16:02 +0800
1150806,2026-08-06,上市,3443,創意,4480.00,90.0000,4395.00,4550.00,4250.00,1767000,7845915000,1625,TWSE_CSV,2026-08-06 14:16:02 +0800
1150806,2026-08-06,上市,3447,展達,28.35,0.7000,27.90,28.45,27.30,121000,3370700,102,TWSE_CSV,2026-08-06 14:16:02 +0800
1150806,2026-08-06,上市,3450,聯鈞,491.50,16.5000,463.50,499.00,463.50,22437000,10851582500,17052,TWSE_CSV,2026-08-06 14:16:02 +0800
1150806,2026-08-06,上市,3481,群創,50.00,2.2000,47.90,50.00,46.70,296088000,14290826000,109578,TWSE_CSV,2026-08-06 14:16:02 +0800
1150806,2026-08-06,上市,3494,誠研,6.95,0.0000,7.10,7.14,6.85,79000,548580,59,TWSE_CSV,2026-08-06 14:16:02 +0800
1150806,2026-08-06,上市,3501,維熹,38.55,0.0500,38.55,38.95,38.45,86000,3319850,68,TWSE_CSV,2026-08-06 14:16:02 +0800
1150806,2026-08-06,上市,3504,揚明光,77.10,0.6000,76.00,78.40,73.20,1757000,133259200,1269,TWSE_CSV,2026-08-06 14:16:02 +0800
1150806,2026-08-06,上市,3515,華擎,214.50,5.0000,210.50,215.00,208.50,728000,154403000,613,TWSE_CSV,2026-08-06 14:16:02 +0800
1150806,2026-08-06,上市,3518,柏騰,25.60,-0.0500,25.60,25.90,24.95,314000,7958750,232,TWSE_CSV,2026-08-06 14:16:02 +0800
1150806,2026-08-06,上市,3528,安馳,90.30,1.5000,89.00,90.70,87.30,587000,52465100,568,TWSE_CSV,2026-08-06 14:16:02 +0800
1150806,2026-08-06,上市,3530,晶相光,53.90,-1.6000,55.20,55.20,51.80,495000,26265500,378,TWSE_CSV,2026-08-06 14:16:02 +0800
1150806,2026-08-06,上市,3532,台勝科,316.00,-0.5000,301.00,316.50,300.00,914000,286130500,588,TWSE_CSV,2026-08-06 14:16:02 +0800
1150806,2026-08-06,上市,3533,嘉澤,1970.00,15.0000,1930.00,2025.00,1925.00,835000,1655470000,779,TWSE_CSV,2026-08-06 14:16:02 +0800
1150806,2026-08-06,上市,3535,晶彩科,87.30,2.2000,85.90,87.50,83.10,731000,62630800,584,TWSE_CSV,2026-08-06 14:16:02 +0800
1150806,2026-08-06,上市,3543,州巧,36.60,3.3000,33.35,36.60,33.35,4521000,164025650,1867,TWSE_CSV,2026-08-06 14:16:02 +0800
1150806,2026-08-06,上市,3545,敦泰,50.80,0.3000,50.00,50.90,49.10,757000,37924450,599,TWSE_CSV,2026-08-06 14:16:02 +0800
1150806,2026-08-06,上市,3550,聯穎,22.80,0.2500,23.10,23.40,22.35,2124000,48596500,1281,TWSE_CSV,2026-08-06 14:16:02 +0800
1150806,2026-08-06,上市,3557,嘉威,26.50,-0.1000,26.60,26.60,26.05,38000,1004150,28,TWSE_CSV,2026-08-06 14:16:02 +0800
1150806,2026-08-06,上市,3563,牧德,688.00,3.0000,684.00,699.00,671.00,556000,382426000,494,TWSE_CSV,2026-08-06 14:16:02 +0800
1150806,2026-08-06,上市,3576,聯合再生,17.40,-0.8500,17.85,17.90,17.20,20412000,356316350,6774,TWSE_CSV,2026-08-06 14:16:02 +0800
1150806,2026-08-06,上市,3583,辛耘,737.00,34.0000,700.00,738.00,685.00,846000,604830000,765,TWSE_CSV,2026-08-06 14:16:02 +0800
1150806,2026-08-06,上市,3588,通嘉,52.00,-1.3000,52.80,52.80,51.50,310000,16170400,193,TWSE_CSV,2026-08-06 14:16:02 +0800
1150806,2026-08-06,上市,3591,艾笛森,21.60,-0.8500,22.05,22.10,20.90,2438000,52514600,1434,TWSE_CSV,2026-08-06 14:16:02 +0800
1150806,2026-08-06,上市,3592,瑞鼎,245.50,2.0000,240.00,248.00,238.00,595000,144747500,513,TWSE_CSV,2026-08-06 14:16:02 +0800
1150806,2026-08-06,上市,3593,力銘,12.50,0.0000,12.50,12.50,12.50,7000,87500,6,TWSE_CSV,2026-08-06 14:16:02 +0800
1150806,2026-08-06,上市,3596,智易,182.50,-5.0000,187.00,187.00,176.00,1326000,240079000,1050,TWSE_CSV,2026-08-06 14:16:02 +0800
1150806,2026-08-06,上市,3605,宏致,108.00,6.5000,102.50,111.50,98.00,22324000,2361842000,11659,TWSE_CSV,2026-08-06 14:16:02 +0800
1150806,2026-08-06,上市,3607,谷崧,14.35,0.2500,14.10,14.35,14.10,200000,2843200,99,TWSE_CSV,2026-08-06 14:16:02 +0800
1150806,2026-08-06,上市,3617,碩天,228.50,-3.0000,230.00,232.50,223.50,346000,78623500,311,TWSE_CSV,2026-08-06 14:16:02 +0800
1150806,2026-08-06,上市,3622,洋華,54.00,0.0000,53.70,54.00,53.40,111000,5953900,83,TWSE_CSV,2026-08-06 14:16:02 +0800
1150806,2026-08-06,上市,3645,達邁,69.30,-0.1000,69.70,70.00,67.70,966000,66659500,687,TWSE_CSV,2026-08-06 14:16:02 +0800
1150806,2026-08-06,上市,3652,精聯,34.20,3.1000,33.50,34.20,32.45,535000,18182600,266,TWSE_CSV,2026-08-06 14:16:02 +0800
1150806,2026-08-06,上市,3653,健策,4450.00,110.0000,4295.00,4595.00,4230.00,1950000,8646240000,1790,TWSE_CSV,2026-08-06 14:16:02 +0800
1150806,2026-08-06,上市,3661,世芯-KY,3660.00,50.0000,3620.00,3720.00,3580.00,1685000,6161410000,1587,TWSE_CSV,2026-08-06 14:16:02 +0800
1150806,2026-08-06,上市,3665,貿聯-KY,2370.00,15.0000,2405.00,2555.00,2370.00,4655000,11501580000,4120,TWSE_CSV,2026-08-06 14:16:02 +0800
1150806,2026-08-06,上市,3669,圓展,38.35,-1.4000,39.20,40.45,37.50,622000,23858650,484,TWSE_CSV,2026-08-06 14:16:02 +0800
1150806,2026-08-06,上市,3673,TPK-KY,61.80,0.2000,61.10,61.80,59.40,3807000,231666400,2528,TWSE_CSV,2026-08-06 14:16:02 +0800
1150806,2026-08-06,上市,3679,新至陞,110.50,1.0000,109.00,110.50,109.00,9000,987500,9,TWSE_CSV,2026-08-06 14:16:02 +0800
1150806,2026-08-06,上市,3686,達能,14.85,-0.1500,15.20,15.70,14.55,190000,2811700,99,TWSE_CSV,2026-08-06 14:16:02 +0800
1150806,2026-08-06,上市,3694,海華,56.10,-1.7000,56.90,57.60,55.50,1614000,90856100,1017,TWSE_CSV,2026-08-06 14:16:02 +0800
1150806,2026-08-06,上市,3701,大眾控,43.50,0.6000,43.00,44.45,41.55,4393000,189427400,3008,TWSE_CSV,2026-08-06 14:16:02 +0800
1150806,2026-08-06,上市,3702,大聯大,125.50,-3.5000,126.50,127.00,122.50,14785000,1849099500,7990,TWSE_CSV,2026-08-06 14:16:02 +0800
1150806,2026-08-06,上市,3703,欣陸,20.35,0.0000,20.25,20.45,20.25,926000,18823800,544,TWSE_CSV,2026-08-06 14:16:02 +0800
1150806,2026-08-06,上市,3704,合勤控,47.25,-1.5500,49.20,49.20,46.75,3016000,143037150,1915,TWSE_CSV,2026-08-06 14:16:02 +0800
1150806,2026-08-06,上市,3705,永信,53.40,0.6000,53.00,53.50,52.80,142000,7541100,102,TWSE_CSV,2026-08-06 14:16:02 +0800
1150806,2026-08-06,上市,3706,神達,92.90,1.0000,92.00,94.00,91.80,19344000,1802719500,10316,TWSE_CSV,2026-08-06 14:16:02 +0800
1150806,2026-08-06,上市,3708,上緯投控,97.50,0.3000,96.30,97.50,95.60,193000,18610300,162,TWSE_CSV,2026-08-06 14:16:02 +0800
1150806,2026-08-06,上市,3711,日月光投控,595.00,2.0000,585.00,597.00,574.00,16946000,9942605000,10940,TWSE_CSV,2026-08-06 14:16:02 +0800
1150806,2026-08-06,上市,3712,永崴投控,20.30,0.0000,20.05,20.45,19.70,1079000,21707450,571,TWSE_CSV,2026-08-06 14:16:02 +0800
1150806,2026-08-06,上市,3714,富采,57.70,2.6000,56.30,57.80,54.60,8944000,505959300,5307,TWSE_CSV,2026-08-06 14:16:02 +0800
1150806,2026-08-06,上市,3715,定穎投控,116.50,7.0000,109.50,120.00,106.00,8926000,1023505500,5859,TWSE_CSV,2026-08-06 14:16:02 +0800
1150806,2026-08-06,上市,3716,中化控股,32.00,-0.1500,32.15,32.40,31.85,189000,6061750,126,TWSE_CSV,2026-08-06 14:16:02 +0800
1150806,2026-08-06,上市,3717,聯嘉投控,22.90,-0.1500,23.05,23.05,22.40,2225000,50605850,893,TWSE_CSV,2026-08-06 14:16:02 +0800
1150806,2026-08-06,上市,4104,佳醫,69.90,0.2000,69.70,69.90,69.50,114000,7939400,98,TWSE_CSV,2026-08-06 14:16:02 +0800
1150806,2026-08-06,上市,4106,雃博,24.90,0.8500,24.25,25.50,24.10,841000,20966650,375,TWSE_CSV,2026-08-06 14:16:02 +0800
1150806,2026-08-06,上市,4108,懷特,11.15,-0.0500,11.20,11.20,11.05,85000,944300,48,TWSE_CSV,2026-08-06 14:16:02 +0800
1150806,2026-08-06,上市,4119,旭富,48.65,0.0500,48.80,48.85,47.50,118000,5690200,87,TWSE_CSV,2026-08-06 14:16:02 +0800
1150806,2026-08-06,上市,4133,亞諾法,21.40,-0.1000,21.80,21.85,21.10,167000,3581400,122,TWSE_CSV,2026-08-06 14:16:02 +0800
1150806,2026-08-06,上市,4137,麗豐-KY,94.90,-0.6000,95.10,95.20,94.50,103000,9762700,80,TWSE_CSV,2026-08-06 14:16:02 +0800
1150806,2026-08-06,上市,4142,國光生,17.15,0.0000,17.20,17.75,17.15,1393000,24236150,793,TWSE_CSV,2026-08-06 14:16:02 +0800
1150806,2026-08-06,上市,4148,全宇生技-KY,30.80,-0.1500,31.10,31.10,30.50,50000,1536150,38,TWSE_CSV,2026-08-06 14:16:02 +0800
1150806,2026-08-06,上市,4155,訊映,14.40,0.0000,14.40,14.40,14.20,140000,2003750,102,TWSE_CSV,2026-08-06 14:16:02 +0800
1150806,2026-08-06,上市,4164,承業醫,25.90,-0.1500,25.85,25.95,25.40,377000,9671250,288,TWSE_CSV,2026-08-06 14:16:02 +0800
1150806,2026-08-06,上市,4169,泰宗,161.00,-1.0000,163.00,163.00,159.50,102000,16395000,81,TWSE_CSV,2026-08-06 14:16:02 +0800
1150806,2026-08-06,上市,4178,永笙-KY,18.85,0.8000,17.75,19.00,17.45,286000,5174200,213,TWSE_CSV,2026-08-06 14:16:02 +0800
1150806,2026-08-06,上市,4190,佐登-KY,25.20,0.0000,25.00,25.20,24.95,6000,150450,6,TWSE_CSV,2026-08-06 14:16:02 +0800
1150806,2026-08-06,上市,4195,基米-創,15.30,0.1500,15.15,15.30,14.95,102000,1533800,57,TWSE_CSV,2026-08-06 14:16:02 +0800
1150806,2026-08-06,上市,4306,炎洲,14.45,0.2500,14.10,14.55,14.10,712000,10242550,321,TWSE_CSV,2026-08-06 14:16:02 +0800
1150806,2026-08-06,上市,4414,如興,8.31,-0.0400,8.32,8.39,8.26,180000,1495090,126,TWSE_CSV,2026-08-06 14:16:02 +0800
1150806,2026-08-06,上市,4426,利勤,7.92,0.0000,7.88,7.95,7.88,55000,435600,43,TWSE_CSV,2026-08-06 14:16:02 +0800
1150806,2026-08-06,上市,4438,廣越,60.50,0.0000,60.40,61.00,59.50,199000,11943200,42,TWSE_CSV,2026-08-06 14:16:02 +0800
1150806,2026-08-06,上市,4439,冠星-KY,102.00,0.5000,102.50,102.50,101.00,4000,407000,4,TWSE_CSV,2026-08-06 14:16:02 +0800
1150806,2026-08-06,上市,4440,宜新實業,17.45,0.0000,17.40,17.45,17.35,40000,695450,33,TWSE_CSV,2026-08-06 14:16:02 +0800
1150806,2026-08-06,上市,4441,振大環球,193.50,5.0000,191.50,195.00,188.50,180000,34520000,148,TWSE_CSV,2026-08-06 14:16:02 +0800
1150806,2026-08-06,上市,4526,東台,30.15,-0.5500,31.00,31.00,30.00,1075000,32594250,791,TWSE_CSV,2026-08-06 14:16:02 +0800
1150806,2026-08-06,上市,4532,瑞智,24.60,0.5000,24.05,24.65,24.05,1004000,24466500,647,TWSE_CSV,2026-08-06 14:16:02 +0800
1150806,2026-08-06,上市,4536,拓凱,167.50,1.5000,165.00,167.50,165.00,241000,40104000,170,TWSE_CSV,2026-08-06 14:16:02 +0800
1150806,2026-08-06,上市,4540,全球傳動,55.80,2.2000,53.60,56.40,52.70,4410000,242214800,3109,TWSE_CSV,2026-08-06 14:16:02 +0800
1150806,2026-08-06,上市,4545,銘鈺,33.60,0.1500,34.20,34.20,32.30,73000,2406950,64,TWSE_CSV,2026-08-06 14:16:02 +0800
1150806,2026-08-06,上市,4551,智伸科,170.00,4.5000,165.50,171.50,163.00,980000,164363500,779,TWSE_CSV,2026-08-06 14:16:02 +0800
1150806,2026-08-06,上市,4552,力達-KY,17.60,-0.1000,17.55,17.65,17.50,81000,1423450,60,TWSE_CSV,2026-08-06 14:16:02 +0800
1150806,2026-08-06,上市,4555,氣立,47.05,4.2500,46.00,47.05,45.60,333000,15600350,187,TWSE_CSV,2026-08-06 14:16:02 +0800
1150806,2026-08-06,上市,4557,永新-KY,48.80,0.6000,47.30,48.85,47.30,63000,3019100,49,TWSE_CSV,2026-08-06 14:16:02 +0800
1150806,2026-08-06,上市,4560,強信-KY,31.70,0.1500,31.55,31.80,31.10,255000,7993650,136,TWSE_CSV,2026-08-06 14:16:02 +0800
1150806,2026-08-06,上市,4562,穎漢,31.60,0.5500,31.10,32.55,31.10,467000,14877200,345,TWSE_CSV,2026-08-06 14:16:02 +0800
1150806,2026-08-06,上市,4564,元翎,16.25,-0.2000,16.45,16.50,16.15,737000,11992350,466,TWSE_CSV,2026-08-06 14:16:02 +0800
1150806,2026-08-06,上市,4566,時碩工業,69.40,-1.0000,70.40,70.70,68.20,1031000,71495700,754,TWSE_CSV,2026-08-06 14:16:02 +0800
1150806,2026-08-06,上市,4569,六方科-KY,166.00,0.0000,166.00,169.50,163.00,70000,11679500,66,TWSE_CSV,2026-08-06 14:16:02 +0800
1150806,2026-08-06,上市,4571,鈞興-KY,167.50,4.5000,162.50,167.50,160.50,281000,46090000,231,TWSE_CSV,2026-08-06 14:16:02 +0800
1150806,2026-08-06,上市,4572,駐龍,141.00,1.0000,140.00,141.00,140.00,12000,1684500,11,TWSE_CSV,2026-08-06 14:16:02 +0800
1150806,2026-08-06,上市,4576,大銀微系統,218.50,0.5000,216.50,227.50,214.50,3232000,710470000,2655,TWSE_CSV,2026-08-06 14:16:02 +0800
1150806,2026-08-06,上市,4581,光隆精密-KY,51.30,0.3000,51.00,51.30,50.90,12000,613200,11,TWSE_CSV,2026-08-06 14:16:02 +0800
1150806,2026-08-06,上市,4582,聚恆-創,28.40,0.0500,28.30,28.45,28.05,107000,3024050,52,TWSE_CSV,2026-08-06 14:16:02 +0800
1150806,2026-08-06,上市,4583,台灣精銳,505.00,-10.0000,508.00,518.00,500.00,114000,57842000,109,TWSE_CSV,2026-08-06 14:16:02 +0800
1150806,2026-08-06,上市,4585,達明,300.50,-0.5000,302.50,312.00,298.50,531000,161312000,428,TWSE_CSV,2026-08-06 14:16:02 +0800
1150806,2026-08-06,上市,4588,玖鼎電力,51.10,0.1000,52.00,52.00,50.30,38000,1933400,34,TWSE_CSV,2026-08-06 14:16:02 +0800
1150806,2026-08-06,上市,4590,富田-創,81.20,0.9000,80.30,82.40,79.50,278000,22463000,153,TWSE_CSV,2026-08-06 14:16:02 +0800
1150806,2026-08-06,上市,4720,德淵,19.55,-0.0500,19.75,19.75,19.10,334000,6482400,217,TWSE_CSV,2026-08-06 14:16:02 +0800
1150806,2026-08-06,上市,4722,國精化,230.00,12.0000,218.00,234.00,210.00,1392000,309866000,1122,TWSE_CSV,2026-08-06 14:16:02 +0800
1150806,2026-08-06,上市,4736,泰博,129.00,-0.5000,128.50,129.00,128.00,106000,13621500,92,TWSE_CSV,2026-08-06 14:16:02 +0800
1150806,2026-08-06,上市,4737,華廣,54.00,-0.3000,54.60,54.70,53.60,92000,4968100,63,TWSE_CSV,2026-08-06 14:16:02 +0800
1150806,2026-08-06,上市,4739,康普,87.50,1.6000,86.00,87.80,85.20,1501000,130185900,842,TWSE_CSV,2026-08-06 14:16:02 +0800
1150806,2026-08-06,上市,4746,台耀,52.90,0.0000,52.70,53.00,52.40,304000,16021500,217,TWSE_CSV,2026-08-06 14:16:02 +0800
1150806,2026-08-06,上市,4755,三福化,116.00,0.0000,114.50,116.50,113.50,92000,10580500,83,TWSE_CSV,2026-08-06 14:16:02 +0800
1150806,2026-08-06,上市,4763,材料*-KY,49.65,1.2000,48.20,49.70,48.10,5471000,268124000,2711,TWSE_CSV,2026-08-06 14:16:02 +0800
1150806,2026-08-06,上市,4764,雙鍵,262.50,1.5000,260.00,268.00,255.00,1832000,477859000,1560,TWSE_CSV,2026-08-06 14:16:02 +0800
1150806,2026-08-06,上市,4766,南寶,320.00,0.5000,318.50,321.00,315.50,204000,65008500,181,TWSE_CSV,2026-08-06 14:16:02 +0800
1150806,2026-08-06,上市,4770,上品,212.50,-2.5000,215.00,215.00,211.00,171000,36295500,145,TWSE_CSV,2026-08-06 14:16:02 +0800
1150806,2026-08-06,上市,4771,望隼,197.50,5.0000,194.00,198.00,191.50,192000,37464000,135,TWSE_CSV,2026-08-06 14:16:02 +0800
1150806,2026-08-06,上市,4807,日成-KY,34.20,-2.4500,36.50,36.50,33.00,376000,12933100,238,TWSE_CSV,2026-08-06 14:16:02 +0800
1150806,2026-08-06,上市,4904,遠傳,102.00,1.0000,100.50,102.00,100.50,5037000,510599500,2011,TWSE_CSV,2026-08-06 14:16:02 +0800
1150806,2026-08-06,上市,4906,正文,35.50,-2.1500,36.10,36.45,34.70,12060000,427264900,6254,TWSE_CSV,2026-08-06 14:16:02 +0800
1150806,2026-08-06,上市,4912,聯德控股-KY,90.90,1.3000,91.20,91.90,87.40,553000,49491500,426,TWSE_CSV,2026-08-06 14:16:02 +0800
1150806,2026-08-06,上市,4915,致伸,61.90,-1.8000,63.00,63.00,61.40,7606000,471507600,4349,TWSE_CSV,2026-08-06 14:16:02 +0800
1150806,2026-08-06,上市,4916,事欣科,108.00,3.5000,104.00,109.50,104.00,5004000,537750500,3396,TWSE_CSV,2026-08-06 14:16:02 +0800
1150806,2026-08-06,上市,4919,新唐,125.00,-5.0000,125.00,127.00,117.50,10507000,1286531500,6618,TWSE_CSV,2026-08-06 14:16:02 +0800
1150806,2026-08-06,上市,4927,泰鼎-KY,35.05,3.1500,32.30,35.05,31.15,3629000,121737850,1827,TWSE_CSV,2026-08-06 14:16:02 +0800
1150806,2026-08-06,上市,4930,燦星網,16.20,-0.0500,16.15,16.20,15.95,16000,257700,14,TWSE_CSV,2026-08-06 14:16:02 +0800
1150806,2026-08-06,上市,4934,太極,14.40,-0.4500,14.80,14.90,14.20,491000,7057500,293,TWSE_CSV,2026-08-06 14:16:02 +0800
1150806,2026-08-06,上市,4935,茂林-KY,34.65,0.1500,34.50,34.80,34.10,122000,4186250,95,TWSE_CSV,2026-08-06 14:16:02 +0800
1150806,2026-08-06,上市,4938,和碩,88.00,-1.5000,88.00,89.20,87.40,7468000,657434700,4184,TWSE_CSV,2026-08-06 14:16:02 +0800
1150806,2026-08-06,上市,4942,嘉彰,34.15,0.3000,33.85,34.15,33.80,54000,1834350,34,TWSE_CSV,2026-08-06 14:16:02 +0800
1150806,2026-08-06,上市,4943,康控-KY,8.78,0.3200,8.79,8.79,8.78,9000,79060,6,TWSE_CSV,2026-08-06 14:16:02 +0800
1150806,2026-08-06,上市,4949,有成精密,67.50,1.2000,66.10,67.80,64.10,303000,19964600,258,TWSE_CSV,2026-08-06 14:16:02 +0800
1150806,2026-08-06,上市,4952,凌通,48.80,-0.1000,49.00,49.00,47.30,203000,9772750,181,TWSE_CSV,2026-08-06 14:16:02 +0800
1150806,2026-08-06,上市,4956,光鋐,31.40,-0.2000,31.60,32.50,30.80,2590000,81815900,1671,TWSE_CSV,2026-08-06 14:16:02 +0800
1150806,2026-08-06,上市,4958,臻鼎-KY,482.00,-6.0000,486.50,490.00,453.00,49821000,23630469000,34098,TWSE_CSV,2026-08-06 14:16:02 +0800
1150806,2026-08-06,上市,4960,誠美材,20.95,-0.0500,20.70,21.05,20.20,1401000,28990850,797,TWSE_CSV,2026-08-06 14:16:02 +0800
1150806,2026-08-06,上市,4961,天鈺,167.50,9.0000,159.00,168.00,159.00,820000,135284500,661,TWSE_CSV,2026-08-06 14:16:02 +0800
1150806,2026-08-06,上市,4967,十銓,280.00,14.5000,263.50,282.00,263.50,10190000,2798887500,7867,TWSE_CSV,2026-08-06 14:16:02 +0800
1150806,2026-08-06,上市,4968,立積,97.50,-1.3000,100.00,100.50,96.20,511000,49842500,423,TWSE_CSV,2026-08-06 14:16:02 +0800
1150806,2026-08-06,上市,4976,佳凌,37.15,0.6500,36.00,37.25,35.70,1900000,69339700,1361,TWSE_CSV,2026-08-06 14:16:02 +0800
1150806,2026-08-06,上市,4977,眾達-KY,138.50,-4.0000,139.50,141.50,134.00,3378000,468389500,2640,TWSE_CSV,2026-08-06 14:16:02 +0800
1150806,2026-08-06,上市,4989,榮科,67.70,0.8000,67.10,69.30,65.50,9993000,676232000,6413,TWSE_CSV,2026-08-06 14:16:02 +0800
1150806,2026-08-06,上市,4994,傳奇,86.70,-1.5000,88.30,89.40,86.50,84000,7430000,37,TWSE_CSV,2026-08-06 14:16:02 +0800
1150806,2026-08-06,上市,4999,鑫禾,18.40,-0.0500,18.40,18.55,18.25,32000,587050,24,TWSE_CSV,2026-08-06 14:16:02 +0800
1150806,2026-08-06,上市,5007,三星,56.00,-0.1000,55.80,56.10,55.80,26000,1454700,22,TWSE_CSV,2026-08-06 14:16:02 +0800
1150806,2026-08-06,上市,5203,訊連,67.00,-0.5000,67.10,67.50,66.20,110000,7322000,105,TWSE_CSV,2026-08-06 14:16:02 +0800
1150806,2026-08-06,上市,5215,科嘉-KY,38.10,-0.4000,38.90,38.90,37.70,61000,2316550,54,TWSE_CSV,2026-08-06 14:16:02 +0800
1150806,2026-08-06,上市,5222,全訊,113.00,0.0000,111.50,113.00,110.50,183000,20471000,144,TWSE_CSV,2026-08-06 14:16:02 +0800
1150806,2026-08-06,上市,5225,東科-KY,74.90,-0.6000,75.50,75.50,74.50,156000,11679300,133,TWSE_CSV,2026-08-06 14:16:02 +0800
1150806,2026-08-06,上市,5234,達興材料,335.50,0.5000,323.00,339.50,323.00,251000,82934500,201,TWSE_CSV,2026-08-06 14:16:02 +0800
1150806,2026-08-06,上市,5236,凌陽創新,145.50,-4.0000,147.50,147.50,142.50,174000,25224000,154,TWSE_CSV,2026-08-06 14:16:02 +0800
1150806,2026-08-06,上市,5243,乙盛-KY,89.30,3.4000,85.90,89.30,82.90,1365000,118401000,926,TWSE_CSV,2026-08-06 14:16:02 +0800
1150806,2026-08-06,上市,5244,弘凱,33.60,1.5500,33.05,33.95,32.60,327000,10916100,257,TWSE_CSV,2026-08-06 14:16:02 +0800
1150806,2026-08-06,上市,5258,虹堡,52.00,-0.8000,51.50,53.30,51.50,475000,24713100,360,TWSE_CSV,2026-08-06 14:16:02 +0800
1150806,2026-08-06,上市,5269,祥碩,1410.00,-5.0000,1420.00,1435.00,1365.00,913000,1278210000,836,TWSE_CSV,2026-08-06 14:16:02 +0800
1150806,2026-08-06,上市,5283,禾聯碩,53.80,0.4000,52.70,53.80,52.70,88000,4675700,69,TWSE_CSV,2026-08-06 14:16:02 +0800
1150806,2026-08-06,上市,5284,jpp-KY,303.50,-9.5000,310.00,320.00,302.50,483000,148930000,402,TWSE_CSV,2026-08-06 14:16:02 +0800
1150806,2026-08-06,上市,5285,界霖,77.90,0.5000,77.40,78.40,75.00,437000,33663100,344,TWSE_CSV,2026-08-06 14:16:02 +0800
1150806,2026-08-06,上市,5288,豐祥-KY,188.50,0.0000,185.00,189.00,183.00,147000,27345000,123,TWSE_CSV,2026-08-06 14:16:02 +0800
1150806,2026-08-06,上市,5292,華懋,168.50,5.5000,163.00,168.50,162.00,96000,15758500,77,TWSE_CSV,2026-08-06 14:16:02 +0800
1150806,2026-08-06,上市,5306,桂盟,93.20,3.3000,89.10,93.40,89.10,267000,24625100,237,TWSE_CSV,2026-08-06 14:16:02 +0800
1150806,2026-08-06,上市,5388,中磊,91.80,0.2000,91.30,92.20,89.90,2778000,253289000,1812,TWSE_CSV,2026-08-06 14:16:02 +0800
1150806,2026-08-06,上市,5434,崇越,509.00,-3.0000,512.00,513.00,495.00,1093000,551497000,999,TWSE_CSV,2026-08-06 14:16:02 +0800
1150806,2026-08-06,上市,5469,瀚宇博,70.50,0.1000,70.60,70.70,68.70,1359000,95061400,1076,TWSE_CSV,2026-08-06 14:16:02 +0800
1150806,2026-08-06,上市,5471,松翰,54.40,-0.6000,54.90,54.90,53.00,1315000,70972100,906,TWSE_CSV,2026-08-06 14:16:02 +0800
1150806,2026-08-06,上市,5484,慧友,40.95,-0.3500,41.05,41.40,40.20,216000,8835450,174,TWSE_CSV,2026-08-06 14:16:02 +0800
1150806,2026-08-06,上市,5515,建國,42.40,0.4500,42.15,42.40,41.90,313000,13201850,204,TWSE_CSV,2026-08-06 14:16:02 +0800
1150806,2026-08-06,上市,5519,隆大,27.75,0.0000,27.60,27.80,27.60,205000,5671100,144,TWSE_CSV,2026-08-06 14:16:02 +0800
1150806,2026-08-06,上市,5521,工信,10.15,-0.1000,10.20,10.25,10.10,1454000,14765800,561,TWSE_CSV,2026-08-06 14:16:02 +0800
1150806,2026-08-06,上市,5522,遠雄,63.80,-0.6000,64.10,64.40,63.40,976000,62339500,667,TWSE_CSV,2026-08-06 14:16:02 +0800
1150806,2026-08-06,上市,5525,順天,21.75,0.0000,22.00,22.00,21.25,230000,4967000,185,TWSE_CSV,2026-08-06 14:16:02 +0800
1150806,2026-08-06,上市,5531,鄉林,7.67,-0.1100,7.85,7.88,7.64,568000,4369810,392,TWSE_CSV,2026-08-06 14:16:02 +0800
1150806,2026-08-06,上市,5533,皇鼎,14.00,0.0500,13.90,14.00,13.80,152000,2108050,78,TWSE_CSV,2026-08-06 14:16:02 +0800
1150806,2026-08-06,上市,5534,長虹,77.80,-0.3000,77.30,77.90,77.30,312000,24232400,242,TWSE_CSV,2026-08-06 14:16:02 +0800
1150806,2026-08-06,上市,5538,東明-KY,34.20,0.1500,33.95,34.20,33.65,56000,1903350,38,TWSE_CSV,2026-08-06 14:16:02 +0800
1150806,2026-08-06,上市,5546,永固-KY,13.70,0.1000,13.60,13.70,13.20,59000,798700,43,TWSE_CSV,2026-08-06 14:16:02 +0800
1150806,2026-08-06,上市,5607,遠雄港,48.85,0.7000,48.15,49.05,48.15,348000,16909700,274,TWSE_CSV,2026-08-06 14:16:02 +0800
1150806,2026-08-06,上市,5608,四維航,13.25,0.0000,13.35,13.35,13.10,822000,10857600,389,TWSE_CSV,2026-08-06 14:16:02 +0800
1150806,2026-08-06,上市,5706,鳳凰,44.80,0.8500,44.25,45.00,44.00,193000,8602000,127,TWSE_CSV,2026-08-06 14:16:02 +0800
1150806,2026-08-06,上市,5871,中租-KY,109.00,-3.0000,111.00,111.50,109.00,7206000,790544500,4086,TWSE_CSV,2026-08-06 14:16:02 +0800
1150806,2026-08-06,上市,5876,上海商銀,43.45,-0.7000,43.65,44.40,43.15,8013000,348475150,3216,TWSE_CSV,2026-08-06 14:16:02 +0800
1150806,2026-08-06,上市,5880,合庫金,26.10,-0.5000,26.45,26.70,26.10,26657000,701085550,6827,TWSE_CSV,2026-08-06 14:16:02 +0800
1150806,2026-08-06,上市,5906,台南-KY,40.70,0.0000,40.70,40.70,40.70,4000,162800,2,TWSE_CSV,2026-08-06 14:16:02 +0800
1150806,2026-08-06,上市,5907,大洋-KY,4.86,-0.0900,4.97,4.99,4.81,383000,1876900,161,TWSE_CSV,2026-08-06 14:16:02 +0800
1150806,2026-08-06,上市,6005,群益證,34.55,-0.3000,34.70,34.90,34.10,6870000,236281500,3015,TWSE_CSV,2026-08-06 14:16:02 +0800
1150806,2026-08-06,上市,6024,群益期,59.30,-0.4000,59.50,59.60,58.60,271000,16010600,223,TWSE_CSV,2026-08-06 14:16:02 +0800
1150806,2026-08-06,上市,6108,競國,18.00,0.6000,17.55,18.15,17.30,432000,7664950,221,TWSE_CSV,2026-08-06 14:16:02 +0800
1150806,2026-08-06,上市,6112,邁達特,45.25,2.6500,44.60,46.50,44.40,2947000,134242400,1950,TWSE_CSV,2026-08-06 14:16:02 +0800
1150806,2026-08-06,上市,6115,鎰勝,45.10,0.0000,45.05,45.20,45.00,216000,9730250,142,TWSE_CSV,2026-08-06 14:16:02 +0800
1150806,2026-08-06,上市,6116,彩晶,14.00,-0.2000,14.20,14.30,13.50,52600000,731643450,13519,TWSE_CSV,2026-08-06 14:16:02 +0800
1150806,2026-08-06,上市,6117,迎廣,65.40,-0.2000,65.60,65.70,64.20,141000,9163000,111,TWSE_CSV,2026-08-06 14:16:02 +0800
1150806,2026-08-06,上市,6120,達運,13.45,-0.2000,13.60,13.60,13.20,1500000,20050150,866,TWSE_CSV,2026-08-06 14:16:02 +0800
1150806,2026-08-06,上市,6128,上福,20.15,-0.0500,20.10,20.20,19.90,54000,1081800,51,TWSE_CSV,2026-08-06 14:16:02 +0800
1150806,2026-08-06,上市,6133,金橋,21.25,-0.7000,21.85,21.85,21.05,648000,13801800,429,TWSE_CSV,2026-08-06 14:16:02 +0800
1150806,2026-08-06,上市,6136,富爾特,24.75,-0.1500,24.85,24.85,24.35,93000,2284650,79,TWSE_CSV,2026-08-06 14:16:02 +0800
1150806,2026-08-06,上市,6139,亞翔,836.00,36.0000,798.00,840.00,776.00,4045000,3282589000,3406,TWSE_CSV,2026-08-06 14:16:02 +0800
1150806,2026-08-06,上市,6141,柏承,34.40,-1.0500,34.00,35.10,34.00,926000,31861800,540,TWSE_CSV,2026-08-06 14:16:02 +0800
1150806,2026-08-06,上市,6142,友勁,9.53,-0.1900,9.60,9.68,9.43,735000,6990890,267,TWSE_CSV,2026-08-06 14:16:02 +0800
1150806,2026-08-06,上市,6152,百一,11.90,0.0000,12.00,12.00,11.55,205000,2409550,132,TWSE_CSV,2026-08-06 14:16:02 +0800
1150806,2026-08-06,上市,6153,嘉聯益,16.30,0.3000,16.00,16.35,15.50,3193000,51286150,1459,TWSE_CSV,2026-08-06 14:16:02 +0800
1150806,2026-08-06,上市,6155,鈞寶,55.50,0.6000,54.90,55.50,52.50,1233000,66781800,918,TWSE_CSV,2026-08-06 14:16:02 +0800
1150806,2026-08-06,上市,6164,華興,11.85,-0.1500,12.00,12.00,11.70,602000,7131000,214,TWSE_CSV,2026-08-06 14:16:02 +0800
1150806,2026-08-06,上市,6165,浪凡,49.50,0.1000,49.50,49.70,48.80,1267000,62662650,169,TWSE_CSV,2026-08-06 14:16:02 +0800
1150806,2026-08-06,上市,6166,凌華,145.00,6.0000,143.00,148.50,139.00,7807000,1126554000,5769,TWSE_CSV,2026-08-06 14:16:02 +0800
1150806,2026-08-06,上市,6168,宏齊,24.70,-0.5000,25.20,25.20,23.95,1634000,40105950,902,TWSE_CSV,2026-08-06 14:16:02 +0800
1150806,2026-08-06,上市,6176,瑞儀,84.30,-0.3000,84.30,85.20,83.50,3828000,322567500,2220,TWSE_CSV,2026-08-06 14:16:02 +0800
1150806,2026-08-06,上市,6177,達麗,47.80,0.0500,47.35,48.00,47.25,776000,36991100,440,TWSE_CSV,2026-08-06 14:16:02 +0800
1150806,2026-08-06,上市,6183,關貿,91.40,-0.7000,91.40,91.40,91.20,19000,1735400,19,TWSE_CSV,2026-08-06 14:16:02 +0800
1150806,2026-08-06,上市,6184,大豐電,42.30,-0.0500,42.05,42.30,42.05,46000,1937850,37,TWSE_CSV,2026-08-06 14:16:02 +0800
1150806,2026-08-06,上市,6189,豐藝,48.95,0.1500,48.30,48.95,48.15,318000,15468550,245,TWSE_CSV,2026-08-06 14:16:02 +0800
1150806,2026-08-06,上市,6191,精成科,84.90,0.5000,84.40,85.40,82.60,2495000,209721200,1668,TWSE_CSV,2026-08-06 14:16:02 +0800
1150806,2026-08-06,上市,6192,巨路,114.00,-0.5000,114.50,115.00,111.50,137000,15552000,117,TWSE_CSV,2026-08-06 14:16:02 +0800
1150806,2026-08-06,上市,6196,帆宣,508.00,-1.0000,501.00,509.00,483.50,1736000,864380000,1535,TWSE_CSV,2026-08-06 14:16:02 +0800
1150806,2026-08-06,上市,6197,佳必琪,316.50,4.0000,312.50,321.00,307.00,1706000,538409500,1404,TWSE_CSV,2026-08-06 14:16:02 +0800
1150806,2026-08-06,上市,6201,亞弘電,45.70,0.2000,45.50,45.70,45.40,11000,501300,10,TWSE_CSV,2026-08-06 14:16:02 +0800
1150806,2026-08-06,上市,6202,盛群,59.30,-0.8000,60.00,60.30,57.90,2861000,167969900,2018,TWSE_CSV,2026-08-06 14:16:02 +0800
1150806,2026-08-06,上市,6205,詮欣,59.90,-0.2000,59.30,59.90,56.80,510000,29932500,435,TWSE_CSV,2026-08-06 14:16:02 +0800
1150806,2026-08-06,上市,6206,飛捷,144.50,-3.5000,148.50,152.00,143.50,4419000,646570000,2921,TWSE_CSV,2026-08-06 14:16:02 +0800
1150806,2026-08-06,上市,6209,今國光,76.70,4.8000,71.60,77.30,70.50,7600000,560092900,4074,TWSE_CSV,2026-08-06 14:16:02 +0800
1150806,2026-08-06,上市,6213,聯茂,375.00,34.0000,341.00,375.00,336.50,30081000,10756765500,20967,TWSE_CSV,2026-08-06 14:16:02 +0800
1150806,2026-08-06,上市,6214,精誠,145.50,-7.5000,147.50,147.50,140.00,4380000,633901000,3099,TWSE_CSV,2026-08-06 14:16:02 +0800
1150806,2026-08-06,上市,6215,和椿,97.10,1.1000,97.10,99.50,95.60,1561000,152621600,1282,TWSE_CSV,2026-08-06 14:16:02 +0800
1150806,2026-08-06,上市,6216,居易,21.85,0.0500,21.80,22.00,21.70,96000,2092650,67,TWSE_CSV,2026-08-06 14:16:02 +0800
1150806,2026-08-06,上市,6224,聚鼎,56.50,0.8000,55.50,56.50,52.90,322000,17735800,275,TWSE_CSV,2026-08-06 14:16:02 +0800
1150806,2026-08-06,上市,6225,天瀚,25.20,0.8500,26.70,26.75,24.55,104000,2706200,67,TWSE_CSV,2026-08-06 14:16:02 +0800
1150806,2026-08-06,上市,6226,光鼎,22.85,2.0500,20.85,22.85,20.85,13127000,293482950,5122,TWSE_CSV,2026-08-06 14:16:02 +0800
1150806,2026-08-06,上市,6230,尼得科超眾,111.00,3.0000,106.50,113.00,106.50,77000,8450000,73,TWSE_CSV,2026-08-06 14:16:02 +0800
1150806,2026-08-06,上市,6235,華孚,39.10,-0.0500,39.05,39.15,38.20,533000,20638650,355,TWSE_CSV,2026-08-06 14:16:02 +0800
1150806,2026-08-06,上市,6239,力成,269.50,13.0000,255.00,271.00,249.50,17713000,4620057000,11753,TWSE_CSV,2026-08-06 14:16:02 +0800
1150806,2026-08-06,上市,6243,迅杰,45.30,-4.2000,49.50,49.50,45.20,3408000,157895500,2317,TWSE_CSV,2026-08-06 14:16:02 +0800
1150806,2026-08-06,上市,6257,矽格,207.00,4.5000,203.00,207.50,198.50,3572000,728819500,2704,TWSE_CSV,2026-08-06 14:16:02 +0800
1150806,2026-08-06,上市,6269,台郡,64.50,2.8000,60.70,65.60,59.10,9318000,587897000,5704,TWSE_CSV,2026-08-06 14:16:02 +0800
1150806,2026-08-06,上市,6271,同欣電,192.00,2.0000,187.50,196.00,184.00,10725000,2039909500,7508,TWSE_CSV,2026-08-06 14:16:02 +0800
1150806,2026-08-06,上市,6272,驊陞,25.15,1.0500,23.95,25.45,23.95,150000,3717900,131,TWSE_CSV,2026-08-06 14:16:02 +0800
1150806,2026-08-06,上市,6277,宏正,75.30,-2.2000,76.40,76.80,75.30,289000,21911200,238,TWSE_CSV,2026-08-06 14:16:02 +0800
1150806,2026-08-06,上市,6278,台表科,162.50,-5.5000,165.00,165.50,154.00,9203000,1467694500,6330,TWSE_CSV,2026-08-06 14:16:02 +0800
1150806,2026-08-06,上市,6281,全國電,51.70,0.3000,51.40,51.70,51.00,79000,4045000,67,TWSE_CSV,2026-08-06 14:16:02 +0800
1150806,2026-08-06,上市,6282,康舒,48.30,0.3000,47.70,48.35,46.55,7738000,368514950,4843,TWSE_CSV,2026-08-06 14:16:02 +0800
1150806,2026-08-06,上市,6283,淳安,20.00,-0.2000,20.40,20.40,19.50,138000,2739350,111,TWSE_CSV,2026-08-06 14:16:02 +0800
1150806,2026-08-06,上市,6285,啟碁,247.00,-13.0000,256.50,256.50,240.00,12742000,3156906000,8301,TWSE_CSV,2026-08-06 14:16:02 +0800
1150806,2026-08-06,上市,6405,悅城,39.00,0.0500,38.65,39.75,37.15,480000,18552200,295,TWSE_CSV,2026-08-06 14:16:02 +0800
1150806,2026-08-06,上市,6409,旭隼,1010.00,47.0000,962.00,1025.00,939.00,518000,511376000,464,TWSE_CSV,2026-08-06 14:16:02 +0800
1150806,2026-08-06,上市,6412,群電,78.90,0.3000,78.50,79.20,76.90,1218000,94822100,881,TWSE_CSV,2026-08-06 14:16:02 +0800
1150806,2026-08-06,上市,6414,樺漢,468.00,-1.0000,469.00,494.50,463.00,4130000,1963054000,3290,TWSE_CSV,2026-08-06 14:16:02 +0800
1150806,2026-08-06,上市,6415,矽力*-KY,445.00,0.0000,437.00,453.50,426.00,3401000,1493765500,2737,TWSE_CSV,2026-08-06 14:16:02 +0800
1150806,2026-08-06,上市,6416,瑞祺電通,103.00,3.4000,98.50,104.50,98.50,1033000,105309300,783,TWSE_CSV,2026-08-06 14:16:02 +0800
1150806,2026-08-06,上市,6426,統新,187.00,17.0000,172.50,187.00,169.00,1249000,224448500,923,TWSE_CSV,2026-08-06 14:16:02 +0800
1150806,2026-08-06,上市,6431,光麗-KY,18.80,0.8000,17.70,18.80,17.55,70000,1292950,38,TWSE_CSV,2026-08-06 14:16:02 +0800
1150806,2026-08-06,上市,6438,迅得,147.00,0.0000,145.50,147.50,143.50,204000,29712500,181,TWSE_CSV,2026-08-06 14:16:02 +0800
1150806,2026-08-06,上市,6442,光聖,1415.00,45.0000,1370.00,1420.00,1335.00,3349000,4611920000,2978,TWSE_CSV,2026-08-06 14:16:02 +0800
1150806,2026-08-06,上市,6443,元晶,26.70,-1.0000,27.45,27.65,25.80,6941000,184575000,3643,TWSE_CSV,2026-08-06 14:16:02 +0800
1150806,2026-08-06,上市,6446,藥華藥,1290.00,-45.0000,1390.00,1390.00,1250.00,5897000,7716830000,4218,TWSE_CSV,2026-08-06 14:16:02 +0800
1150806,2026-08-06,上市,6449,鈺邦,239.00,9.5000,226.50,240.00,220.00,863000,199287500,641,TWSE_CSV,2026-08-06 14:16:02 +0800
1150806,2026-08-06,上市,6451,訊芯-KY,452.00,22.0000,428.00,468.50,411.50,9122000,4015571500,7408,TWSE_CSV,2026-08-06 14:16:02 +0800
1150806,2026-08-06,上市,6456,GIS-KY,61.40,1.1000,60.50,61.50,58.80,1510000,91451600,1002,TWSE_CSV,2026-08-06 14:16:02 +0800
1150806,2026-08-06,上市,6464,台數科,77.30,-1.1000,77.60,78.30,77.30,31000,2408700,25,TWSE_CSV,2026-08-06 14:16:02 +0800
1150806,2026-08-06,上市,6472,保瑞,418.50,-6.0000,419.50,422.00,409.00,785000,325960500,679,TWSE_CSV,2026-08-06 14:16:02 +0800
1150806,2026-08-06,上市,6477,安集,35.25,-1.0500,36.35,36.80,35.20,1133000,40330500,804,TWSE_CSV,2026-08-06 14:16:02 +0800
1150806,2026-08-06,上市,6491,晶碩,379.00,0.0000,380.00,381.00,369.00,793000,299255000,598,TWSE_CSV,2026-08-06 14:16:02 +0800
1150806,2026-08-06,上市,6504,南六,38.60,-0.2000,38.65,38.90,38.05,67000,2577300,55,TWSE_CSV,2026-08-06 14:16:02 +0800
1150806,2026-08-06,上市,6505,台塑化,67.10,-0.5000,66.80,67.40,66.20,13712000,917256300,6352,TWSE_CSV,2026-08-06 14:16:02 +0800
1150806,2026-08-06,上市,6515,穎崴,6775.00,-110.0000,6800.00,6890.00,6230.00,451000,3004475000,419,TWSE_CSV,2026-08-06 14:16:02 +0800
1150806,2026-08-06,上市,6525,捷敏-KY,139.00,4.0000,134.50,140.50,131.00,1662000,226377500,1253,TWSE_CSV,2026-08-06 14:16:02 +0800
1150806,2026-08-06,上市,6526,達發,637.00,5.0000,627.00,656.00,625.00,1291000,828548000,1122,TWSE_CSV,2026-08-06 14:16:02 +0800
1150806,2026-08-06,上市,6531,愛普*,900.00,45.0000,858.00,908.00,858.00,1767000,1570640000,1486,TWSE_CSV,2026-08-06 14:16:02 +0800
1150806,2026-08-06,上市,6533,晶心科,233.00,4.5000,231.00,233.50,222.50,694000,158775000,535,TWSE_CSV,2026-08-06 14:16:02 +0800
1150806,2026-08-06,上市,6534,正瀚-創,94.90,0.1000,93.70,94.90,93.40,127000,11984800,108,TWSE_CSV,2026-08-06 14:16:02 +0800
1150806,2026-08-06,上市,6541,泰福-KY,37.85,-0.1000,37.55,37.85,36.70,379000,14148500,262,TWSE_CSV,2026-08-06 14:16:02 +0800
1150806,2026-08-06,上市,6550,北極星藥業-KY,11.20,-0.0500,11.20,11.30,11.05,740000,8271650,450,TWSE_CSV,2026-08-06 14:16:02 +0800
1150806,2026-08-06,上市,6552,易華電,24.60,0.1500,24.50,24.65,24.35,102000,2497650,55,TWSE_CSV,2026-08-06 14:16:02 +0800
1150806,2026-08-06,上市,6558,興能高,26.25,0.7000,25.20,26.60,25.20,474000,12394500,351,TWSE_CSV,2026-08-06 14:16:02 +0800
1150806,2026-08-06,上市,6573,虹揚-KY,17.30,-0.3500,17.35,17.55,16.90,315000,5417350,189,TWSE_CSV,2026-08-06 14:16:02 +0800
1150806,2026-08-06,上市,6579,研揚,175.00,-4.5000,180.00,187.00,172.50,2048000,364677000,1673,TWSE_CSV,2026-08-06 14:16:02 +0800
1150806,2026-08-06,上市,6581,鋼聯,109.00,0.5000,107.50,109.00,107.50,15000,1623500,14,TWSE_CSV,2026-08-06 14:16:02 +0800
1150806,2026-08-06,上市,6582,申豐,31.60,0.2500,31.35,31.60,31.15,33000,1036850,29,TWSE_CSV,2026-08-06 14:16:02 +0800
1150806,2026-08-06,上市,6585,鼎基,118.50,-3.0000,120.50,122.50,115.50,449000,53031000,370,TWSE_CSV,2026-08-06 14:16:02 +0800
1150806,2026-08-06,上市,6589,台康生技,48.00,-0.6500,48.10,48.35,47.40,545000,26014150,384,TWSE_CSV,2026-08-06 14:16:02 +0800
1150806,2026-08-06,上市,6591,動力-KY,45.00,1.0000,44.20,45.00,43.80,103000,4574300,91,TWSE_CSV,2026-08-06 14:16:02 +0800
1150806,2026-08-06,上市,6592,和潤企業,59.60,-0.4000,59.50,60.20,59.50,377000,22505400,326,TWSE_CSV,2026-08-06 14:16:02 +0800
1150806,2026-08-06,上市,6598,ABC-KY,30.15,-0.9500,31.20,31.60,30.00,562000,17209800,355,TWSE_CSV,2026-08-06 14:16:02 +0800
1150806,2026-08-06,上市,6605,帝寶,138.00,2.0000,135.00,138.00,135.00,426000,58425500,281,TWSE_CSV,2026-08-06 14:16:02 +0800
1150806,2026-08-06,上市,6606,建德工業,26.00,-0.1000,26.10,26.15,25.20,122000,3133100,89,TWSE_CSV,2026-08-06 14:16:02 +0800
1150806,2026-08-06,上市,6614,資拓宏宇,36.20,0.4000,35.75,36.20,35.35,24000,857350,18,TWSE_CSV,2026-08-06 14:16:02 +0800
1150806,2026-08-06,上市,6625,必應,76.80,0.1000,76.70,77.10,76.40,50000,3835000,36,TWSE_CSV,2026-08-06 14:16:02 +0800
1150806,2026-08-06,上市,6641,基士德-KY,17.95,0.0000,17.80,18.05,17.75,29000,516100,17,TWSE_CSV,2026-08-06 14:16:02 +0800
1150806,2026-08-06,上市,6645,金萬林-創,13.45,0.4500,13.00,13.45,13.00,5000,65900,4,TWSE_CSV,2026-08-06 14:16:02 +0800
1150806,2026-08-06,上市,6655,科定,119.50,-0.5000,116.50,119.50,116.50,10000,1182000,10,TWSE_CSV,2026-08-06 14:16:02 +0800
1150806,2026-08-06,上市,6657,華安,31.00,0.5000,30.25,31.00,30.05,51000,1544200,39,TWSE_CSV,2026-08-06 14:16:02 +0800
1150806,2026-08-06,上市,6658,聯策,151.50,0.0000,151.50,153.50,147.00,232000,34933500,208,TWSE_CSV,2026-08-06 14:16:02 +0800
1150806,2026-08-06,上市,6666,羅麗芬-KY,42.30,-0.4000,42.70,42.85,42.00,24000,1014900,24,TWSE_CSV,2026-08-06 14:16:02 +0800
1150806,2026-08-06,上市,6668,中揚光,35.20,-0.5000,35.75,35.75,34.85,293000,10331150,224,TWSE_CSV,2026-08-06 14:16:02 +0800
1150806,2026-08-06,上市,6669,緯穎,6265.00,90.0000,6160.00,6275.00,6050.00,1260000,7802370000,1173,TWSE_CSV,2026-08-06 14:16:02 +0800
1150806,2026-08-06,上市,6670,復盛應用,263.50,5.0000,256.50,263.50,256.00,367000,95760000,317,TWSE_CSV,2026-08-06 14:16:02 +0800
1150806,2026-08-06,上市,6671,三能-KY,23.00,0.0000,22.25,23.00,22.25,3000,68250,3,TWSE_CSV,2026-08-06 14:16:02 +0800
1150806,2026-08-06,上市,6672,騰輝電子-KY,232.50,11.0000,220.50,233.00,216.00,3144000,712037500,2455,TWSE_CSV,2026-08-06 14:16:02 +0800
1150806,2026-08-06,上市,6674,鋐寶科技,15.50,0.1000,15.55,15.55,15.15,10000,153650,10,TWSE_CSV,2026-08-06 14:16:02 +0800
1150806,2026-08-06,上市,6689,伊雲谷,61.10,0.4000,61.20,61.20,60.40,57000,3465200,52,TWSE_CSV,2026-08-06 14:16:02 +0800
1150806,2026-08-06,上市,6691,洋基工程,722.00,24.0000,693.00,723.00,670.00,1065000,744083000,910,TWSE_CSV,2026-08-06 14:16:02 +0800
1150806,2026-08-06,上市,6695,芯鼎,50.10,-1.0000,51.30,51.40,49.65,437000,21961100,332,TWSE_CSV,2026-08-06 14:16:02 +0800
1150806,2026-08-06,上市,6698,旭暉應材,34.50,0.4500,33.95,34.50,33.00,167000,5620200,113,TWSE_CSV,2026-08-06 14:16:02 +0800
1150806,2026-08-06,上市,6706,惠特,112.00,-4.5000,114.50,115.50,109.00,3058000,343089000,2330,TWSE_CSV,2026-08-06 14:16:02 +0800
1150806,2026-08-06,上市,6715,嘉基,360.00,-11.5000,365.50,373.50,355.00,632000,228254000,524,TWSE_CSV,2026-08-06 14:16:02 +0800
1150806,2026-08-06,上市,6719,力智,214.50,-1.5000,213.00,217.00,209.50,882000,188291000,704,TWSE_CSV,2026-08-06 14:16:02 +0800
1150806,2026-08-06,上市,6722,輝創,32.80,-0.2500,33.15,33.15,32.40,30000,983000,24,TWSE_CSV,2026-08-06 14:16:02 +0800
1150806,2026-08-06,上市,6742,澤米,44.05,-1.5000,45.60,45.60,44.00,348000,15465000,263,TWSE_CSV,2026-08-06 14:16:02 +0800
1150806,2026-08-06,上市,6743,安普新,25.15,-1.2500,26.25,26.25,25.05,522000,13282700,354,TWSE_CSV,2026-08-06 14:16:02 +0800
1150806,2026-08-06,上市,6753,龍德造船,132.00,-2.0000,133.00,134.00,129.50,748000,98511500,543,TWSE_CSV,2026-08-06 14:16:02 +0800
1150806,2026-08-06,上市,6754,匯僑設計,42.70,0.7000,42.90,42.90,41.85,7000,297150,6,TWSE_CSV,2026-08-06 14:16:02 +0800
1150806,2026-08-06,上市,6756,威鋒電子,103.00,3.7000,99.20,106.00,98.60,473000,48591200,368,TWSE_CSV,2026-08-06 14:16:02 +0800
1150806,2026-08-06,上市,6757,台灣虎航,56.50,-0.2000,56.10,56.90,55.90,708000,39831500,526,TWSE_CSV,2026-08-06 14:16:02 +0800
1150806,2026-08-06,上市,6768,志強-KY,66.70,0.7000,65.40,66.70,65.10,518000,34112200,397,TWSE_CSV,2026-08-06 14:16:02 +0800
1150806,2026-08-06,上市,6770,力積電,66.60,0.5000,66.40,68.50,65.00,442193000,29408368300,159140,TWSE_CSV,2026-08-06 14:16:02 +0800
1150806,2026-08-06,上市,6771,平和環保-創,38.10,0.1000,38.10,38.20,37.80,38000,1446250,20,TWSE_CSV,2026-08-06 14:16:02 +0800
1150806,2026-08-06,上市,6776,展碁國際,53.20,-0.6000,53.80,53.80,53.10,169000,9005800,132,TWSE_CSV,2026-08-06 14:16:02 +0800
1150806,2026-08-06,上市,6781,AES-KY,1090.00,25.0000,1045.00,1105.00,1045.00,1006000,1082405000,931,TWSE_CSV,2026-08-06 14:16:02 +0800
1150806,2026-08-06,上市,6782,視陽,206.00,7.0000,201.50,207.50,201.50,726000,148991500,526,TWSE_CSV,2026-08-06 14:16:02 +0800
1150806,2026-08-06,上市,6789,采鈺,456.50,3.0000,449.00,457.50,437.00,1040000,467390000,890,TWSE_CSV,2026-08-06 14:16:02 +0800
1150806,2026-08-06,上市,6790,永豐實,38.25,0.0000,38.25,38.40,38.00,106000,4045900,82,TWSE_CSV,2026-08-06 14:16:02 +0800
1150806,2026-08-06,上市,6792,詠業,55.40,-0.5000,56.40,56.40,54.30,33000,1815600,32,TWSE_CSV,2026-08-06 14:16:02 +0800
1150806,2026-08-06,上市,6794,向榮生技,74.60,0.3000,74.90,75.70,73.90,33000,2454900,25,TWSE_CSV,2026-08-06 14:16:02 +0800
1150806,2026-08-06,上市,6796,晉弘,56.80,0.2000,58.20,58.20,55.90,16000,903400,15,TWSE_CSV,2026-08-06 14:16:02 +0800
1150806,2026-08-06,上市,6799,來頡,91.40,4.4000,89.30,93.50,86.30,1952000,176869100,1435,TWSE_CSV,2026-08-06 14:16:02 +0800
1150806,2026-08-06,上市,6805,富世達,1760.00,160.0000,1650.00,1760.00,1635.00,2956000,5101695000,1764,TWSE_CSV,2026-08-06 14:16:02 +0800
1150806,2026-08-06,上市,6807,峰源-KY,36.40,1.2000,34.95,36.40,34.60,10000,354650,10,TWSE_CSV,2026-08-06 14:16:02 +0800
1150806,2026-08-06,上市,6830,汎銓,425.00,20.5000,404.50,438.00,404.50,2876000,1218846500,2527,TWSE_CSV,2026-08-06 14:16:02 +0800
1150806,2026-08-06,上市,6831,邁科,656.00,59.0000,596.00,656.00,592.00,1401000,893806000,1172,TWSE_CSV,2026-08-06 14:16:02 +0800
1150806,2026-08-06,上市,6834,天二科技,92.10,0.9000,91.10,93.10,87.50,2004000,181812100,1592,TWSE_CSV,2026-08-06 14:16:02 +0800
1150806,2026-08-06,上市,6835,圓裕,30.90,0.1500,31.40,31.40,30.40,21000,643400,21,TWSE_CSV,2026-08-06 14:16:02 +0800
1150806,2026-08-06,上市,6838,台新藥,23.25,-0.1500,23.25,23.25,22.80,243000,5574100,164,TWSE_CSV,2026-08-06 14:16:02 +0800
1150806,2026-08-06,上市,6854,錼創科技-KY創,97.00,0.6000,96.40,97.50,94.30,163000,15566600,150,TWSE_CSV,2026-08-06 14:16:02 +0800
1150806,2026-08-06,上市,6861,睿生光電,210.50,1.0000,209.50,214.00,203.50,271000,56727500,228,TWSE_CSV,2026-08-06 14:16:02 +0800
1150806,2026-08-06,上市,6862,三集瑞-KY,144.00,0.0000,144.00,144.50,138.50,134000,18975500,115,TWSE_CSV,2026-08-06 14:16:02 +0800
1150806,2026-08-06,上市,6863,永道-KY,131.00,-4.0000,137.00,137.00,129.50,328000,43517500,251,TWSE_CSV,2026-08-06 14:16:02 +0800
1150806,2026-08-06,上市,6869,雲豹能源,67.80,-0.3000,67.80,68.30,66.90,366000,24703900,303,TWSE_CSV,2026-08-06 14:16:02 +0800
1150806,2026-08-06,上市,6873,泓德能源,78.60,0.6000,78.00,78.60,77.40,207000,16143600,160,TWSE_CSV,2026-08-06 14:16:02 +0800
1150806,2026-08-06,上市,6885,全福生技,21.00,0.1500,20.85,21.00,20.70,149000,3101750,113,TWSE_CSV,2026-08-06 14:16:02 +0800
1150806,2026-08-06,上市,6887,寶綠特-KY,36.45,-0.6500,37.25,38.10,36.05,19000,697250,18,TWSE_CSV,2026-08-06 14:16:02 +0800
1150806,2026-08-06,上市,6890,來億-KY,170.50,-1.0000,169.00,171.50,167.00,168000,28376000,148,TWSE_CSV,2026-08-06 14:16:02 +0800
1150806,2026-08-06,上市,6901,鑽石投資,17.50,-0.1000,17.35,17.65,17.20,1196000,20755550,834,TWSE_CSV,2026-08-06 14:16:02 +0800
1150806,2026-08-06,上市,6902,GOGOLOOK,123.50,0.5000,123.00,123.50,119.50,107000,12919500,84,TWSE_CSV,2026-08-06 14:16:02 +0800
1150806,2026-08-06,上市,6906,現觀科,73.70,1.6000,71.00,74.10,70.50,37000,2669200,33,TWSE_CSV,2026-08-06 14:16:02 +0800
1150806,2026-08-06,上市,6908,宏碁遊戲-創,33.60,0.7500,32.50,33.60,32.50,4000,133300,4,TWSE_CSV,2026-08-06 14:16:02 +0800
1150806,2026-08-06,上市,6909,創控,40.85,-0.3000,41.15,41.15,39.90,184000,7443850,149,TWSE_CSV,2026-08-06 14:16:02 +0800
1150806,2026-08-06,上市,6914,阜爾運通,146.50,-0.5000,146.50,147.00,146.00,31000,4541000,27,TWSE_CSV,2026-08-06 14:16:02 +0800
1150806,2026-08-06,上市,6916,華凌,18.20,0.1000,18.20,18.20,18.10,19000,344400,15,TWSE_CSV,2026-08-06 14:16:02 +0800
1150806,2026-08-06,上市,6918,愛派司,71.10,-1.0000,72.10,72.10,70.60,17000,1209700,14,TWSE_CSV,2026-08-06 14:16:02 +0800
1150806,2026-08-06,上市,6919,康霈*,107.50,-1.0000,108.50,110.00,106.00,3316000,357248500,1835,TWSE_CSV,2026-08-06 14:16:02 +0800
1150806,2026-08-06,上市,6921,嘉雨思-創,64.50,0.7000,63.90,65.60,63.90,41000,2636500,27,TWSE_CSV,2026-08-06 14:16:02 +0800
1150806,2026-08-06,上市,6923,中台,74.60,1.0000,73.00,75.10,73.00,66000,4886500,61,TWSE_CSV,2026-08-06 14:16:02 +0800
1150806,2026-08-06,上市,6924,榮惠-KY創,114.00,6.0000,107.00,114.00,106.00,53000,5763500,40,TWSE_CSV,2026-08-06 14:16:02 +0800
1150806,2026-08-06,上市,6928,攸泰科技,48.40,-0.9000,48.90,48.90,47.35,86000,4138250,73,TWSE_CSV,2026-08-06 14:16:02 +0800
1150806,2026-08-06,上市,6931,青松健康,37.30,-0.4000,36.50,37.50,36.50,58000,2149650,47,TWSE_CSV,2026-08-06 14:16:02 +0800
1150806,2026-08-06,上市,6933,AMAX-KY,169.00,3.5000,167.00,170.00,161.50,292000,48622500,250,TWSE_CSV,2026-08-06 14:16:02 +0800
1150806,2026-08-06,上市,6934,心誠鎂,73.20,-1.6000,74.80,75.50,73.20,34000,2531900,26,TWSE_CSV,2026-08-06 14:16:02 +0800
1150806,2026-08-06,上市,6936,永鴻生技,31.90,0.1500,32.10,32.40,31.80,49000,1578300,30,TWSE_CSV,2026-08-06 14:16:02 +0800
1150806,2026-08-06,上市,6937,天虹,262.50,2.5000,260.50,264.00,253.50,272000,70629500,221,TWSE_CSV,2026-08-06 14:16:02 +0800
1150806,2026-08-06,上市,6944,兆聯實業,794.00,7.0000,787.00,796.00,774.00,315000,247722000,296,TWSE_CSV,2026-08-06 14:16:02 +0800
1150806,2026-08-06,上市,6947,台鎔科技,81.60,0.7000,79.50,83.80,79.00,950000,77910900,628,TWSE_CSV,2026-08-06 14:16:02 +0800
1150806,2026-08-06,上市,6949,沛爾生醫-創,977.00,19.0000,958.00,978.00,935.00,155000,148450000,152,TWSE_CSV,2026-08-06 14:16:02 +0800
1150806,2026-08-06,上市,6951,青新-創,70.80,-0.4000,71.20,71.20,70.80,30000,2127500,23,TWSE_CSV,2026-08-06 14:16:02 +0800
1150806,2026-08-06,上市,6952,大武山,37.00,0.7000,37.20,37.20,36.15,16000,585200,16,TWSE_CSV,2026-08-06 14:16:02 +0800
1150806,2026-08-06,上市,6955,邦睿生技-創,122.50,1.5000,121.00,122.50,121.00,2000,243500,2,TWSE_CSV,2026-08-06 14:16:02 +0800
1150806,2026-08-06,上市,6957,裕慶-KY,210.00,-3.5000,212.00,212.00,204.00,92000,19133000,85,TWSE_CSV,2026-08-06 14:16:02 +0800
1150806,2026-08-06,上市,6958,日盛台駿,18.45,-0.2500,18.55,18.55,18.10,53000,973950,42,TWSE_CSV,2026-08-06 14:16:02 +0800
1150806,2026-08-06,上市,6962,奕力-KY,31.35,0.1500,31.50,31.50,30.60,972000,30204800,635,TWSE_CSV,2026-08-06 14:16:02 +0800
1150806,2026-08-06,上市,6965,中傑-KY,76.70,0.5000,75.30,77.00,75.20,31000,2360600,30,TWSE_CSV,2026-08-06 14:16:02 +0800
1150806,2026-08-06,上市,6969,成信實業*-創,34.80,0.7000,34.15,35.00,34.10,115000,3969850,85,TWSE_CSV,2026-08-06 14:16:02 +0800
1150806,2026-08-06,上市,6988,威力暘-創,12.65,0.7500,11.95,12.65,11.95,40000,491200,25,TWSE_CSV,2026-08-06 14:16:02 +0800
1150806,2026-08-06,上市,6994,富威電力,35.95,-0.6000,36.60,36.60,35.45,876000,31310800,533,TWSE_CSV,2026-08-06 14:16:02 +0800
1150806,2026-08-06,上市,7610,聯友金屬-創,1750.00,155.0000,1565.00,1750.00,1565.00,231000,390330000,185,TWSE_CSV,2026-08-06 14:16:02 +0800
1150806,2026-08-06,上市,7631,聚賢研發-創,132.00,-1.5000,134.00,134.00,130.50,22000,2905000,19,TWSE_CSV,2026-08-06 14:16:02 +0800
1150806,2026-08-06,上市,7689,大鵬科CLMX,164.00,-3.0000,166.00,166.50,156.00,265000,42705000,223,TWSE_CSV,2026-08-06 14:16:02 +0800
1150806,2026-08-06,上市,7705,三商餐飲,31.55,1.4500,30.10,32.65,30.10,154000,4791000,117,TWSE_CSV,2026-08-06 14:16:02 +0800
1150806,2026-08-06,上市,7711,永擎,361.50,32.5000,361.50,361.50,361.50,163000,58924500,124,TWSE_CSV,2026-08-06 14:16:02 +0800
1150806,2026-08-06,上市,7721,微程式,61.40,0.3000,61.20,61.60,60.50,52000,3181900,44,TWSE_CSV,2026-08-06 14:16:02 +0800
1150806,2026-08-06,上市,7722,LINEPAY,274.50,4.5000,269.00,274.50,269.00,42000,11406500,42,TWSE_CSV,2026-08-06 14:16:02 +0800
1150806,2026-08-06,上市,7730,暉盛-創,160.00,0.0000,157.00,162.00,155.50,64000,10105500,59,TWSE_CSV,2026-08-06 14:16:02 +0800
1150806,2026-08-06,上市,7732,金興精密,35.60,-0.0500,35.60,35.60,35.15,10000,354300,10,TWSE_CSV,2026-08-06 14:16:02 +0800
1150806,2026-08-06,上市,7736,虎山,69.90,0.3000,70.00,70.00,69.00,22000,1532700,19,TWSE_CSV,2026-08-06 14:16:02 +0800
1150806,2026-08-06,上市,7740,熙特爾-創,155.00,1.5000,155.00,157.00,153.50,134000,20751000,94,TWSE_CSV,2026-08-06 14:16:02 +0800
1150806,2026-08-06,上市,7749,意騰-KY,347.50,-0.5000,345.50,349.00,342.00,51000,17645500,50,TWSE_CSV,2026-08-06 14:16:02 +0800
1150806,2026-08-06,上市,7750,新代,2365.00,-95.0000,2465.00,2515.00,2315.00,486000,1167805000,479,TWSE_CSV,2026-08-06 14:16:02 +0800
1150806,2026-08-06,上市,7760,享溫馨,33.65,0.5000,33.15,33.65,32.80,98000,3274200,43,TWSE_CSV,2026-08-06 14:16:02 +0800
1150806,2026-08-06,上市,7765,中華資安,222.00,-0.5000,223.00,223.00,220.50,33000,7307500,32,TWSE_CSV,2026-08-06 14:16:02 +0800
1150806,2026-08-06,上市,7768,頌勝科技,263.50,1.5000,260.50,263.50,253.00,50000,12910500,49,TWSE_CSV,2026-08-06 14:16:02 +0800
1150806,2026-08-06,上市,7769,鴻勁,6475.00,-55.0000,6415.00,6550.00,6220.00,445000,2863440000,436,TWSE_CSV,2026-08-06 14:16:02 +0800
1150806,2026-08-06,上市,7780,大研生醫*,16.70,0.1000,16.55,16.70,16.45,715000,11826200,340,TWSE_CSV,2026-08-06 14:16:02 +0800
1150806,2026-08-06,上市,7786,東方風能,123.50,-0.5000,123.00,124.00,120.00,337000,40923500,237,TWSE_CSV,2026-08-06 14:16:02 +0800
1150806,2026-08-06,上市,7788,松川精密,218.00,8.0000,209.50,222.50,206.50,986000,212976500,811,TWSE_CSV,2026-08-06 14:16:02 +0800
1150806,2026-08-06,上市,7791,皇家可口,59.60,-0.1000,59.70,60.00,59.10,46000,2732600,33,TWSE_CSV,2026-08-06 14:16:02 +0800
1150806,2026-08-06,上市,7795,長廣,421.00,-5.0000,420.00,438.50,414.00,713000,301906000,577,TWSE_CSV,2026-08-06 14:16:02 +0800
1150806,2026-08-06,上市,7799,禾榮科,357.00,-4.5000,360.50,364.50,354.00,243000,86844500,201,TWSE_CSV,2026-08-06 14:16:02 +0800
1150806,2026-08-06,上市,7803,雲象科技-創,20.70,0.9500,19.40,20.70,19.20,66000,1311100,36,TWSE_CSV,2026-08-06 14:16:02 +0800
1150806,2026-08-06,上市,7818,溢泰實業,62.00,-0.1000,61.30,62.60,61.30,84000,5193400,63,TWSE_CSV,2026-08-06 14:16:02 +0800
1150806,2026-08-06,上市,7821,神數,40.15,0.1500,40.10,40.30,39.50,165000,6567750,75,TWSE_CSV,2026-08-06 14:16:02 +0800
1150806,2026-08-06,上市,7822,倍利科,867.00,0.0000,862.00,898.00,855.00,151000,131870000,147,TWSE_CSV,2026-08-06 14:16:02 +0800
1150806,2026-08-06,上市,7823,奧義賽博-KY創,85.00,0.5000,84.00,85.00,84.00,14000,1186000,14,TWSE_CSV,2026-08-06 14:16:02 +0800
1150806,2026-08-06,上市,7827,漢康-KY創,156.50,0.5000,156.00,157.50,151.00,395000,61330000,293,TWSE_CSV,2026-08-06 14:16:02 +0800
1150806,2026-08-06,上市,7835,永悅健康-創,25.25,-2.8000,27.10,27.10,25.25,149000,3845200,106,TWSE_CSV,2026-08-06 14:16:02 +0800
1150806,2026-08-06,上市,8011,台通,16.40,-0.3000,16.70,16.70,16.35,274000,4499850,190,TWSE_CSV,2026-08-06 14:16:02 +0800
1150806,2026-08-06,上市,8016,矽創,308.50,16.0000,291.50,315.00,289.50,1487000,452553500,1198,TWSE_CSV,2026-08-06 14:16:02 +0800
1150806,2026-08-06,上市,8021,尖點,417.50,21.5000,395.50,432.00,384.50,9851000,4069841000,7342,TWSE_CSV,2026-08-06 14:16:02 +0800
1150806,2026-08-06,上市,8028,昇陽半導體,274.50,-7.5000,277.00,278.50,262.50,5540000,1496757500,4579,TWSE_CSV,2026-08-06 14:16:02 +0800
1150806,2026-08-06,上市,8033,雷虎,190.00,1.0000,187.50,191.00,184.00,802000,151546500,573,TWSE_CSV,2026-08-06 14:16:02 +0800
1150806,2026-08-06,上市,8039,台虹,216.00,-4.0000,222.50,229.50,214.00,29015000,6442660000,18695,TWSE_CSV,2026-08-06 14:16:02 +0800
1150806,2026-08-06,上市,8045,達運光電,54.40,-1.0000,56.00,56.00,54.00,95000,5166100,80,TWSE_CSV,2026-08-06 14:16:02 +0800
1150806,2026-08-06,上市,8046,南電,1105.00,45.0000,1060.00,1130.00,1015.00,3547000,3801610000,2829,TWSE_CSV,2026-08-06 14:16:02 +0800
1150806,2026-08-06,上市,8070,長華*,47.25,0.0000,47.60,47.90,46.05,1733000,81377950,1127,TWSE_CSV,2026-08-06 14:16:02 +0800
1150806,2026-08-06,上市,8072,陞泰,26.20,-0.7000,26.60,26.60,25.95,237000,6190600,167,TWSE_CSV,2026-08-06 14:16:02 +0800
1150806,2026-08-06,上市,8081,致新,261.00,3.0000,258.00,262.50,252.50,739000,190565000,581,TWSE_CSV,2026-08-06 14:16:02 +0800
1150806,2026-08-06,上市,8101,華冠,12.50,0.0000,13.20,13.20,12.40,12000,151250,9,TWSE_CSV,2026-08-06 14:16:02 +0800
1150806,2026-08-06,上市,8103,瀚荃,84.50,5.8000,78.70,85.00,78.10,1018000,83574600,737,TWSE_CSV,2026-08-06 14:16:02 +0800
1150806,2026-08-06,上市,8104,錸寶,31.15,-0.0500,31.30,31.75,30.65,318000,9922850,221,TWSE_CSV,2026-08-06 14:16:02 +0800
1150806,2026-08-06,上市,8105,凌巨,16.50,-0.2000,16.55,16.70,16.15,1324000,21736550,770,TWSE_CSV,2026-08-06 14:16:02 +0800
1150806,2026-08-06,上市,8110,華東,46.00,0.0000,45.10,46.00,44.00,6356000,287130750,3878,TWSE_CSV,2026-08-06 14:16:02 +0800
1150806,2026-08-06,上市,8112,至上,89.00,2.8000,86.60,89.20,84.70,13741000,1201994900,7869,TWSE_CSV,2026-08-06 14:16:02 +0800
1150806,2026-08-06,上市,8114,振樺電,225.50,-4.5000,229.50,235.00,220.50,973000,220976500,843,TWSE_CSV,2026-08-06 14:16:02 +0800
1150806,2026-08-06,上市,8131,福懋科,64.30,-1.7000,65.10,65.40,62.20,5721000,363938800,3733,TWSE_CSV,2026-08-06 14:16:02 +0800
1150806,2026-08-06,上市,8150,南茂,86.90,0.4000,85.80,88.70,83.50,30134000,2581745700,17744,TWSE_CSV,2026-08-06 14:16:02 +0800
1150806,2026-08-06,上市,8162,微矽電子-創,54.00,1.5000,50.70,54.40,50.70,180000,9561800,144,TWSE_CSV,2026-08-06 14:16:02 +0800
1150806,2026-08-06,上市,8163,達方,30.85,-0.2000,30.85,31.15,30.25,1145000,35251800,785,TWSE_CSV,2026-08-06 14:16:02 +0800
1150806,2026-08-06,上市,8201,無敵,11.85,0.2500,11.95,11.95,11.65,25000,295450,21,TWSE_CSV,2026-08-06 14:16:02 +0800
1150806,2026-08-06,上市,8210,勤誠,1235.00,65.0000,1155.00,1265.00,1155.00,1937000,2370575000,1688,TWSE_CSV,2026-08-06 14:16:02 +0800
1150806,2026-08-06,上市,8213,志超,30.35,0.1500,30.10,30.35,29.80,187000,5611000,130,TWSE_CSV,2026-08-06 14:16:02 +0800
1150806,2026-08-06,上市,8215,明基材,24.20,0.3500,23.70,24.20,23.35,586000,13988950,423,TWSE_CSV,2026-08-06 14:16:02 +0800
1150806,2026-08-06,上市,8222,寶一,36.55,-0.9000,37.45,37.70,36.55,441000,16228850,313,TWSE_CSV,2026-08-06 14:16:02 +0800
1150806,2026-08-06,上市,8249,菱光,42.30,-0.5000,42.50,42.55,41.55,132000,5550000,115,TWSE_CSV,2026-08-06 14:16:02 +0800
1150806,2026-08-06,上市,8261,富鼎,186.50,7.0000,177.50,186.50,171.00,6171000,1115381000,4565,TWSE_CSV,2026-08-06 14:16:02 +0800
1150806,2026-08-06,上市,8271,宇瞻,247.00,20.0000,225.00,249.50,221.50,16985000,4101497000,11036,TWSE_CSV,2026-08-06 14:16:02 +0800
1150806,2026-08-06,上市,8341,日友,75.30,0.0000,75.10,75.50,75.10,86000,6469300,68,TWSE_CSV,2026-08-06 14:16:02 +0800
1150806,2026-08-06,上市,8367,建新國際,40.10,-0.2000,40.25,40.25,39.95,50000,2005950,39,TWSE_CSV,2026-08-06 14:16:02 +0800
1150806,2026-08-06,上市,8374,羅昇,79.90,0.1000,80.40,81.30,78.80,297000,23790700,260,TWSE_CSV,2026-08-06 14:16:02 +0800
1150806,2026-08-06,上市,8404,百和興業-KY,16.15,-0.0500,16.25,16.30,16.10,87000,1409800,65,TWSE_CSV,2026-08-06 14:16:02 +0800
1150806,2026-08-06,上市,8411,福貞-KY,12.95,-0.1500,13.00,13.15,12.75,228000,2943450,110,TWSE_CSV,2026-08-06 14:16:02 +0800
1150806,2026-08-06,上市,8422,可寧衛*,26.15,0.1500,25.85,26.30,25.75,3959000,102887500,1721,TWSE_CSV,2026-08-06 14:16:02 +0800
1150806,2026-08-06,上市,8429,金麗-KY,6.06,-0.0800,6.10,6.12,6.04,193000,1172480,80,TWSE_CSV,2026-08-06 14:16:02 +0800
1150806,2026-08-06,上市,8438,昶昕,66.20,2.8000,65.70,67.30,63.80,620000,40800800,474,TWSE_CSV,2026-08-06 14:16:02 +0800
1150806,2026-08-06,上市,8442,威宏-KY,44.30,0.1500,44.10,44.30,43.40,66000,2899450,47,TWSE_CSV,2026-08-06 14:16:02 +0800
1150806,2026-08-06,上市,8443,阿瘦,11.45,0.0000,11.35,11.45,11.15,41000,463750,32,TWSE_CSV,2026-08-06 14:16:02 +0800
1150806,2026-08-06,上市,8454,富邦媒,258.00,-3.5000,258.50,261.50,255.00,467000,120033000,407,TWSE_CSV,2026-08-06 14:16:02 +0800
1150806,2026-08-06,上市,8462,柏文,164.50,-2.0000,165.00,166.50,162.00,148000,24256500,114,TWSE_CSV,2026-08-06 14:16:02 +0800
1150806,2026-08-06,上市,8463,潤泰材,20.90,-0.0500,20.95,21.00,20.75,72000,1502300,46,TWSE_CSV,2026-08-06 14:16:02 +0800
1150806,2026-08-06,上市,8464,億豐,382.00,6.5000,373.50,385.00,373.50,402000,153361000,375,TWSE_CSV,2026-08-06 14:16:02 +0800
1150806,2026-08-06,上市,8466,美吉吉-KY,16.85,0.0000,16.95,16.95,16.70,12000,202500,7,TWSE_CSV,2026-08-06 14:16:02 +0800
1150806,2026-08-06,上市,8467,波力-KY,97.90,-0.6000,97.00,97.90,95.90,20000,1929200,15,TWSE_CSV,2026-08-06 14:16:02 +0800
1150806,2026-08-06,上市,8473,山林水,41.65,0.2500,41.20,41.70,40.70,1294000,53295100,340,TWSE_CSV,2026-08-06 14:16:02 +0800
1150806,2026-08-06,上市,8476,台境*,20.90,0.8000,20.15,21.20,19.75,461000,9471600,251,TWSE_CSV,2026-08-06 14:16:02 +0800
1150806,2026-08-06,上市,8478,東哥遊艇,151.50,1.0000,150.50,151.50,150.00,147000,22155000,115,TWSE_CSV,2026-08-06 14:16:02 +0800
1150806,2026-08-06,上市,8481,政伸,40.00,0.0000,39.95,40.15,39.90,42000,1680000,31,TWSE_CSV,2026-08-06 14:16:02 +0800
1150806,2026-08-06,上市,8482,商億-KY,49.90,0.0000,49.90,49.90,49.90,5000,249500,5,TWSE_CSV,2026-08-06 14:16:02 +0800
1150806,2026-08-06,上市,8487,愛爾達-創,72.40,-2.5000,70.60,72.70,70.30,89000,6384300,77,TWSE_CSV,2026-08-06 14:16:02 +0800
1150806,2026-08-06,上市,8488,吉源-KY,10.15,0.1000,9.93,10.15,9.93,39000,389440,28,TWSE_CSV,2026-08-06 14:16:02 +0800
1150806,2026-08-06,上市,8499,鼎炫-KY,250.50,-3.5000,249.00,253.50,249.00,9000,2257500,9,TWSE_CSV,2026-08-06 14:16:02 +0800
1150806,2026-08-06,上市,8926,台汽電,63.50,0.2000,63.30,63.70,62.80,3919000,248143700,2261,TWSE_CSV,2026-08-06 14:16:02 +0800
1150806,2026-08-06,上市,8940,新天地,15.35,0.0000,15.25,15.35,15.25,26000,397750,22,TWSE_CSV,2026-08-06 14:16:02 +0800
1150806,2026-08-06,上市,8996,高力,1135.00,100.0000,1055.00,1135.00,1040.00,4289000,4745410000,3198,TWSE_CSV,2026-08-06 14:16:02 +0800
1150806,2026-08-06,上市,9103,美德醫療-DR,5.23,-0.0700,5.28,5.31,5.19,819000,4289400,272,TWSE_CSV,2026-08-06 14:16:02 +0800
1150806,2026-08-06,上市,910322,康師傅-DR,23.20,-0.4500,23.25,23.40,23.15,56000,1304150,28,TWSE_CSV,2026-08-06 14:16:02 +0800
1150806,2026-08-06,上市,9105,泰金寶-DR,8.18,-0.0300,8.20,8.26,8.11,10256000,83883410,2371,TWSE_CSV,2026-08-06 14:16:02 +0800
1150806,2026-08-06,上市,910861,神州-DR,3.91,0.0000,3.90,3.91,3.90,10000,39020,7,TWSE_CSV,2026-08-06 14:16:02 +0800
1150806,2026-08-06,上市,9110,越南控-DR,3.13,-0.1700,3.00,3.30,2.97,212000,634390,39,TWSE_CSV,2026-08-06 14:16:02 +0800
1150806,2026-08-06,上市,911608,明輝-DR,2.60,-0.1900,2.60,2.60,2.60,13000,33800,8,TWSE_CSV,2026-08-06 14:16:02 +0800
1150806,2026-08-06,上市,911622,泰聚亨-DR,3.79,0.0000,3.72,3.79,3.65,35000,128580,15,TWSE_CSV,2026-08-06 14:16:02 +0800
1150806,2026-08-06,上市,911868,同方友友-DR,1.18,-0.0100,1.18,1.19,1.18,37000,43690,17,TWSE_CSV,2026-08-06 14:16:02 +0800
1150806,2026-08-06,上市,912000,晨訊科-DR,2.66,0.0200,2.67,2.67,2.64,159000,422020,51,TWSE_CSV,2026-08-06 14:16:02 +0800
1150806,2026-08-06,上市,9136,巨騰-DR,11.35,0.0000,11.05,11.45,11.05,241000,2711100,75,TWSE_CSV,2026-08-06 14:16:02 +0800
1150806,2026-08-06,上市,9802,鈺齊-KY,69.90,0.6000,69.10,69.90,68.60,659000,45682800,459,TWSE_CSV,2026-08-06 14:16:02 +0800
1150806,2026-08-06,上市,9902,台火,13.65,-0.0500,13.70,13.85,13.50,141000,1918450,58,TWSE_CSV,2026-08-06 14:16:02 +0800
1150806,2026-08-06,上市,9904,寶成,23.75,0.3000,23.35,23.80,23.30,12575000,296986200,3440,TWSE_CSV,2026-08-06 14:16:02 +0800
1150806,2026-08-06,上市,9905,大華,20.95,0.0500,20.90,21.00,20.85,145000,3031700,71,TWSE_CSV,2026-08-06 14:16:02 +0800
1150806,2026-08-06,上市,9906,欣巴巴,39.00,-0.4000,38.90,39.50,38.85,39000,1521800,37,TWSE_CSV,2026-08-06 14:16:02 +0800
1150806,2026-08-06,上市,9907,統一實,14.40,-0.1500,14.45,14.55,14.35,5782000,83275400,2150,TWSE_CSV,2026-08-06 14:16:02 +0800
1150806,2026-08-06,上市,9908,大台北,29.00,0.0000,29.00,29.05,28.95,142000,4116600,89,TWSE_CSV,2026-08-06 14:16:02 +0800
1150806,2026-08-06,上市,9910,豐泰,69.70,2.3000,66.90,69.70,66.90,1297000,88861800,890,TWSE_CSV,2026-08-06 14:16:02 +0800
1150806,2026-08-06,上市,9911,櫻花,82.10,0.7000,81.40,82.20,81.40,306000,25062600,238,TWSE_CSV,2026-08-06 14:16:02 +0800
1150806,2026-08-06,上市,9912,偉聯,12.55,-0.3000,12.85,12.85,12.50,66000,830900,39,TWSE_CSV,2026-08-06 14:16:02 +0800
1150806,2026-08-06,上市,9914,美利達,79.50,0.0000,76.70,79.50,76.50,2580000,201683500,1804,TWSE_CSV,2026-08-06 14:16:02 +0800
1150806,2026-08-06,上市,9917,中保科,108.00,0.0000,108.00,108.50,107.50,264000,28500000,200,TWSE_CSV,2026-08-06 14:16:02 +0800
1150806,2026-08-06,上市,9918,欣天然,42.60,0.0000,42.50,42.65,42.40,21000,891550,13,TWSE_CSV,2026-08-06 14:16:02 +0800
1150806,2026-08-06,上市,9919,康那香,13.95,-0.0500,14.00,14.00,13.80,275000,3824800,164,TWSE_CSV,2026-08-06 14:16:02 +0800
1150806,2026-08-06,上市,9921,巨大,90.20,5.1000,86.10,91.00,85.10,3278000,290047700,2236,TWSE_CSV,2026-08-06 14:16:02 +0800
1150806,2026-08-06,上市,9924,福興,38.55,0.0500,38.55,38.55,38.25,118000,4529850,93,TWSE_CSV,2026-08-06 14:16:02 +0800
1150806,2026-08-06,上市,9925,新保,40.05,-0.0500,40.05,40.15,40.05,321000,12863300,209,TWSE_CSV,2026-08-06 14:16:02 +0800
1150806,2026-08-06,上市,9926,新海,49.50,0.5000,48.90,49.50,48.90,15000,739200,12,TWSE_CSV,2026-08-06 14:16:02 +0800
1150806,2026-08-06,上市,9927,泰銘,68.90,0.3000,68.80,68.90,68.40,53000,3639600,48,TWSE_CSV,2026-08-06 14:16:02 +0800
1150806,2026-08-06,上市,9928,中視,18.15,0.1500,17.90,18.50,17.90,33000,597550,18,TWSE_CSV,2026-08-06 14:16:02 +0800
1150806,2026-08-06,上市,9929,秋雨,11.40,0.2500,11.05,11.40,11.05,2000,22450,2,TWSE_CSV,2026-08-06 14:16:02 +0800
1150806,2026-08-06,上市,9930,中聯資源,62.20,-0.1000,62.00,62.30,62.00,100000,6211500,81,TWSE_CSV,2026-08-06 14:16:02 +0800
1150806,2026-08-06,上市,9931,欣高,33.95,0.0000,33.70,33.95,33.65,17000,573700,17,TWSE_CSV,2026-08-06 14:16:02 +0800
1150806,2026-08-06,上市,9933,中鼎,37.15,0.5000,36.25,37.20,36.25,1213000,44711250,817,TWSE_CSV,2026-08-06 14:16:02 +0800
1150806,2026-08-06,上市,9934,成霖,10.75,0.1000,10.70,10.85,10.60,785000,8399700,360,TWSE_CSV,2026-08-06 14:16:02 +0800
1150806,2026-08-06,上市,9935,慶豐富,19.60,-0.0500,19.85,19.85,19.45,527000,10323300,240,TWSE_CSV,2026-08-06 14:16:02 +0800
1150806,2026-08-06,上市,9937,全國,55.40,0.0000,55.00,55.40,54.80,25000,1377700,23,TWSE_CSV,2026-08-06 14:16:02 +0800
1150806,2026-08-06,上市,9938,百和,42.25,-0.2500,42.35,42.45,42.10,1419000,59930550,959,TWSE_CSV,2026-08-06 14:16:02 +0800
1150806,2026-08-06,上市,9939,宏全,142.50,8.5000,133.00,144.50,133.00,5127000,724940500,3425,TWSE_CSV,2026-08-06 14:16:02 +0800
1150806,2026-08-06,上市,9940,信義,20.35,-0.0500,20.30,20.55,20.30,347000,7087900,162,TWSE_CSV,2026-08-06 14:16:02 +0800
1150806,2026-08-06,上市,9941,裕融,81.90,-0.4000,81.70,82.20,81.00,964000,78685400,731,TWSE_CSV,2026-08-06 14:16:02 +0800
1150806,2026-08-06,上市,9942,茂順,115.50,1.0000,114.50,115.50,114.50,49000,5624500,45,TWSE_CSV,2026-08-06 14:16:02 +0800
1150806,2026-08-06,上市,9943,好樂迪,51.30,0.3000,51.10,51.30,50.90,67000,3422200,53,TWSE_CSV,2026-08-06 14:16:02 +0800
1150806,2026-08-06,上市,9944,新麗,17.60,0.0000,17.70,17.70,17.60,26000,458650,10,TWSE_CSV,2026-08-06 14:16:02 +0800
1150806,2026-08-06,上市,9945,潤泰新,26.35,-0.0500,26.20,26.55,26.20,3741000,98604650,1483,TWSE_CSV,2026-08-06 14:16:02 +0800
1150806,2026-08-06,上市,9946,三發地產,17.80,-0.0500,17.95,18.00,17.80,121000,2163050,74,TWSE_CSV,2026-08-06 14:16:02 +0800
1150806,2026-08-06,上市,9955,佳龍,23.85,0.8000,24.80,25.25,23.85,1010000,24576550,640,TWSE_CSV,2026-08-06 14:16:02 +0800
1150806,2026-08-06,上市,9958,世紀鋼,110.50,3.5000,106.50,110.50,106.50,1588000,173017000,1128,TWSE_CSV,2026-08-06 14:16:02 +0800
1150806,2026-08-06,上櫃,006201,元大富櫃50,43.66,+1.24,42.34,43.94,42.01,471000,20325560,173,TPEX_CSV,2026-08-06 14:16:02 +0800
1150806,2026-08-06,上櫃,00679B,元大美債20年,26.66,-0.01,26.66,26.67,26.58,13019000,346822240,1292,TPEX_CSV,2026-08-06 14:16:02 +0800
1150806,2026-08-06,上櫃,00687B,國泰20年美債,27.76,0.00,27.76,27.78,27.68,14343000,397783830,786,TPEX_CSV,2026-08-06 14:16:02 +0800
1150806,2026-08-06,上櫃,00687C,國泰20年美債+櫃U,9.17,-0.01,9.17,9.17,9.17,25000,229250,2,TPEX_CSV,2026-08-06 14:16:02 +0800
1150806,2026-08-06,上櫃,00694B,富邦美債1-3,42.34,0.00,42.34,42.34,42.25,222000,9391320,25,TPEX_CSV,2026-08-06 14:16:02 +0800
1150806,2026-08-06,上櫃,00695B,富邦美債7-10,35.40,-0.01,35.41,35.41,35.33,139000,4916110,27,TPEX_CSV,2026-08-06 14:16:02 +0800
1150806,2026-08-06,上櫃,00696B,富邦美債20年,28.76,+0.02,28.69,28.77,28.67,6317000,181520920,140,TPEX_CSV,2026-08-06 14:16:02 +0800
1150806,2026-08-06,上櫃,00697B,元大美債7-10,35.94,-0.05,35.92,35.98,35.88,118000,4241470,56,TPEX_CSV,2026-08-06 14:16:02 +0800
1150806,2026-08-06,上櫃,00719B,元大美債1-3,31.47,-0.01,31.48,31.54,31.42,3613000,113680870,401,TPEX_CSV,2026-08-06 14:16:02 +0800
1150806,2026-08-06,上櫃,00720B,元大投資級公司債,32.60,-0.01,32.57,32.62,32.51,3751000,122117350,423,TPEX_CSV,2026-08-06 14:16:02 +0800
1150806,2026-08-06,上櫃,00722B,群益投資級電信債,35.00,-0.02,35.01,35.01,34.89,5716000,199969860,152,TPEX_CSV,2026-08-06 14:16:02 +0800
1150806,2026-08-06,上櫃,00723B,群益投資級科技債,30.15,-0.04,30.14,30.15,30.14,100000,3014500,4,TPEX_CSV,2026-08-06 14:16:02 +0800
1150806,2026-08-06,上櫃,00724B,群益投資級金融債,33.57,-0.06,33.62,33.62,33.53,2169000,72783930,60,TPEX_CSV,2026-08-06 14:16:02 +0800
1150806,2026-08-06,上櫃,00725B,國泰投資級公司債,34.77,0.00,34.75,34.78,34.68,2001000,69497550,934,TPEX_CSV,2026-08-06 14:16:02 +0800
1150806,2026-08-06,上櫃,00726B,國泰新興投等債,32.72,+0.10,32.67,32.72,32.61,328000,10709860,27,TPEX_CSV,2026-08-06 14:16:02 +0800
1150806,2026-08-06,上櫃,00727B,國泰優選非投等債,39.78,-0.11,39.74,39.78,39.72,134000,5330250,8,TPEX_CSV,2026-08-06 14:16:02 +0800
1150806,2026-08-06,上櫃,00734B,台新JPM新興債,----,---,----,----,----,0,0,0,TPEX_CSV,2026-08-06 14:16:02 +0800
1150806,2026-08-06,上櫃,00740B,富邦全球投等債,38.34,-0.03,38.28,38.37,38.28,340000,13031430,119,TPEX_CSV,2026-08-06 14:16:02 +0800
1150806,2026-08-06,上櫃,00741B,富邦全球非投等債,37.92,-0.03,37.85,37.94,37.85,115000,4360540,15,TPEX_CSV,2026-08-06 14:16:02 +0800
1150806,2026-08-06,上櫃,00746B,富邦A級公司債,35.29,-0.04,35.24,35.30,35.22,72000,2539580,11,TPEX_CSV,2026-08-06 14:16:02 +0800
1150806,2026-08-06,上櫃,00749B,凱基新興債10+,31.34,-0.01,31.34,31.34,31.34,100000,3134000,2,TPEX_CSV,2026-08-06 14:16:02 +0800
1150806,2026-08-06,上櫃,00750B,凱基科技債10+,32.54,+0.01,32.54,32.54,32.54,100000,3254000,2,TPEX_CSV,2026-08-06 14:16:02 +0800
1150806,2026-08-06,上櫃,00751B,元大AAA至A公司債,31.18,+0.01,31.17,31.19,31.09,2978000,92737830,956,TPEX_CSV,2026-08-06 14:16:02 +0800
1150806,2026-08-06,上櫃,00754B,群益AAA-AA公司債,32.85,-0.10,32.86,32.86,32.83,105000,3448720,7,TPEX_CSV,2026-08-06 14:16:02 +0800
1150806,2026-08-06,上櫃,00755B,群益投資級公用債,32.79,-0.07,32.86,32.86,32.78,152000,4988100,37,TPEX_CSV,2026-08-06 14:16:02 +0800
1150806,2026-08-06,上櫃,00756B,群益投等新興公債,31.48,-0.03,31.50,31.50,31.40,372000,11703480,50,TPEX_CSV,2026-08-06 14:16:02 +0800
1150806,2026-08-06,上櫃,00758B,復華能源債,51.60,0.00,51.60,51.60,51.60,104000,5366400,3,TPEX_CSV,2026-08-06 14:16:02 +0800
1150806,2026-08-06,上櫃,00759B,復華製藥債,54.45,-0.05,54.45,54.45,54.45,100000,5445000,2,TPEX_CSV,2026-08-06 14:16:02 +0800
1150806,2026-08-06,上櫃,00760B,復華新興企業債,53.75,0.00,53.50,53.75,53.50,109000,5848500,8,TPEX_CSV,2026-08-06 14:16:02 +0800
1150806,2026-08-06,上櫃,00761B,國泰A級公司債,34.35,-0.07,34.37,34.37,34.30,300000,10305700,33,TPEX_CSV,2026-08-06 14:16:02 +0800
1150806,2026-08-06,上櫃,00764B,群益25年美債,27.65,-0.02,27.64,27.67,27.59,3545000,98033730,49,TPEX_CSV,2026-08-06 14:16:02 +0800
1150806,2026-08-06,上櫃,00768B,復華20年美債,49.95,-0.03,49.95,49.97,49.86,1273000,63559060,56,TPEX_CSV,2026-08-06 14:16:02 +0800
1150806,2026-08-06,上櫃,00772B,中信高評級公司債,33.43,+0.03,33.42,33.43,33.33,1484000,49538530,228,TPEX_CSV,2026-08-06 14:16:02 +0800
1150806,2026-08-06,上櫃,00773B,中信優先金融債,35.86,-0.05,35.87,35.87,35.79,143000,5123890,37,TPEX_CSV,2026-08-06 14:16:02 +0800
1150806,2026-08-06,上櫃,00777B,凱基AAA至A公司債,32.10,+0.04,32.15,32.15,32.04,113000,3627620,5,TPEX_CSV,2026-08-06 14:16:02 +0800
1150806,2026-08-06,上櫃,00778B,凱基金融債20+,34.28,-0.03,34.28,34.28,34.28,100000,3428000,2,TPEX_CSV,2026-08-06 14:16:02 +0800
1150806,2026-08-06,上櫃,00779B,凱基美債25+,27.96,0.00,27.96,27.96,27.90,312000,8722860,7,TPEX_CSV,2026-08-06 14:16:02 +0800
1150806,2026-08-06,上櫃,00780B,國泰A級金融債,37.69,-0.02,38.21,38.21,37.66,121000,4561990,7,TPEX_CSV,2026-08-06 14:16:02 +0800
1150806,2026-08-06,上櫃,00781B,國泰A級科技債,27.88,-0.04,27.84,27.88,27.82,175000,4875520,10,TPEX_CSV,2026-08-06 14:16:02 +0800
1150806,2026-08-06,上櫃,00782B,國泰A級公用債,30.09,-0.06,30.11,30.11,30.04,109000,3279600,10,TPEX_CSV,2026-08-06 14:16:02 +0800
1150806,2026-08-06,上櫃,00785B,富邦金融投等債,34.92,+0.04,34.70,34.96,34.70,153000,5341300,12,TPEX_CSV,2026-08-06 14:16:02 +0800
1150806,2026-08-06,上櫃,00786B,元大10年IG銀行債,32.95,0.00,32.90,32.95,32.84,73000,2402410,14,TPEX_CSV,2026-08-06 14:16:02 +0800
1150806,2026-08-06,上櫃,00787B,元大10年IG醫療債,32.45,-0.06,32.48,32.48,32.45,3000,97390,3,TPEX_CSV,2026-08-06 14:16:02 +0800
1150806,2026-08-06,上櫃,00788B,元大10年IG電能債,29.81,-0.03,29.77,29.81,29.77,31000,923030,9,TPEX_CSV,2026-08-06 14:16:02 +0800
1150806,2026-08-06,上櫃,00789B,復華公司債A3,47.28,+0.08,47.20,47.28,47.20,112000,5294280,4,TPEX_CSV,2026-08-06 14:16:02 +0800
1150806,2026-08-06,上櫃,00791B,復華信用債1-5,57.50,0.00,57.50,57.55,57.50,102000,5865050,4,TPEX_CSV,2026-08-06 14:16:02 +0800
1150806,2026-08-06,上櫃,00792B,群益A級公司債,31.52,-0.07,31.48,31.56,31.48,112000,3529380,7,TPEX_CSV,2026-08-06 14:16:02 +0800
1150806,2026-08-06,上櫃,00793B,群益AAA-A醫療債,30.58,-0.01,30.54,30.58,30.54,2000,61120,2,TPEX_CSV,2026-08-06 14:16:02 +0800
1150806,2026-08-06,上櫃,00795B,中信美國公債20年,26.85,-0.01,26.86,26.86,26.78,6961000,186788420,279,TPEX_CSV,2026-08-06 14:16:02 +0800
1150806,2026-08-06,上櫃,00799B,國泰A級醫療債,29.56,-0.06,29.60,29.60,29.53,297000,8779420,33,TPEX_CSV,2026-08-06 14:16:02 +0800
1150806,2026-08-06,上櫃,00834B,第一金金融債10+,33.73,-0.08,33.73,33.73,33.73,100000,3373000,2,TPEX_CSV,2026-08-06 14:16:02 +0800
1150806,2026-08-06,上櫃,00836B,永豐10年A公司債,28.53,-0.02,28.47,28.53,28.47,425000,12113250,19,TPEX_CSV,2026-08-06 14:16:02 +0800
1150806,2026-08-06,上櫃,00840B,凱基IG精選15+,29.62,-0.05,29.62,29.62,29.62,100000,2962000,2,TPEX_CSV,2026-08-06 14:16:02 +0800
1150806,2026-08-06,上櫃,00841B,凱基AAA-AA公司債,28.52,0.00,28.41,28.52,28.41,101000,2880410,3,TPEX_CSV,2026-08-06 14:16:02 +0800
1150806,2026-08-06,上櫃,00842B,台新美元銀行債,30.00,+0.02,29.98,30.00,29.94,113000,3385350,20,TPEX_CSV,2026-08-06 14:16:02 +0800
1150806,2026-08-06,上櫃,00844B,台新15年IG金融債,31.64,0.00,31.64,31.64,31.64,1000,31640,1,TPEX_CSV,2026-08-06 14:16:02 +0800
1150806,2026-08-06,上櫃,00845B,富邦新興投等債,33.49,+0.05,33.45,33.49,33.45,102000,3415930,4,TPEX_CSV,2026-08-06 14:16:02 +0800
1150806,2026-08-06,上櫃,00846B,富邦歐洲銀行債,36.36,-0.04,36.28,36.36,36.28,102000,3708640,4,TPEX_CSV,2026-08-06 14:16:02 +0800
1150806,2026-08-06,上櫃,00847B,中信美國市政債,25.53,+0.01,25.51,25.56,25.51,424000,10828340,11,TPEX_CSV,2026-08-06 14:16:02 +0800
1150806,2026-08-06,上櫃,00848B,中信新興亞洲債,34.01,+0.03,34.02,34.02,33.97,401000,13631020,9,TPEX_CSV,2026-08-06 14:16:02 +0800
1150806,2026-08-06,上櫃,00849B,中信EM主權債0-5,37.79,+0.03,37.65,37.80,37.65,317000,11969150,11,TPEX_CSV,2026-08-06 14:16:02 +0800
1150806,2026-08-06,上櫃,00853B,統一美債10年Aa-A,27.42,-0.03,27.39,27.44,27.39,1067000,29260270,29,TPEX_CSV,2026-08-06 14:16:02 +0800
1150806,2026-08-06,上櫃,00856B,永豐1-3年美公債,38.00,-0.11,38.00,38.00,38.00,1000,38000,1,TPEX_CSV,2026-08-06 14:16:02 +0800
1150806,2026-08-06,上櫃,00857B,永豐20年美公債,23.05,-0.02,23.03,23.06,23.00,1204000,27736050,74,TPEX_CSV,2026-08-06 14:16:02 +0800
1150806,2026-08-06,上櫃,00858,永豐美國500大,36.50,-0.17,36.53,36.53,36.42,279000,10173770,71,TPEX_CSV,2026-08-06 14:16:02 +0800
1150806,2026-08-06,上櫃,00859B,群益0-1年美債,41.52,-0.02,41.62,41.62,41.45,2801000,116252110,116,TPEX_CSV,2026-08-06 14:16:02 +0800
1150806,2026-08-06,上櫃,00860B,群益1-5Y投資級債,38.84,-0.07,38.82,38.84,38.82,100000,3883000,4,TPEX_CSV,2026-08-06 14:16:02 +0800
1150806,2026-08-06,上櫃,00862B,中信投資級公司債,31.43,-0.03,31.45,31.45,31.36,406000,12746530,12,TPEX_CSV,2026-08-06 14:16:02 +0800
1150806,2026-08-06,上櫃,00863B,中信全球電信債,31.56,-0.07,31.59,31.59,31.52,401000,12647590,9,TPEX_CSV,2026-08-06 14:16:02 +0800
1150806,2026-08-06,上櫃,00864B,中信美國公債0-1,47.10,0.00,47.03,47.14,47.01,1541000,72516700,195,TPEX_CSV,2026-08-06 14:16:02 +0800
1150806,2026-08-06,上櫃,00867B,台新A-BBB電信債,30.57,-0.11,30.70,30.70,30.57,281000,8622290,14,TPEX_CSV,2026-08-06 14:16:02 +0800
1150806,2026-08-06,上櫃,00870B,元大15年EM主權債,27.92,+0.07,27.89,27.92,27.89,24000,669480,4,TPEX_CSV,2026-08-06 14:16:02 +0800
1150806,2026-08-06,上櫃,00877,復華中國5G,36.87,-0.25,37.01,37.97,35.64,3558000,130940620,1248,TPEX_CSV,2026-08-06 14:16:02 +0800
1150806,2026-08-06,上櫃,00884B,中信低碳新興債,29.24,-0.03,29.21,29.27,29.21,225000,6577550,6,TPEX_CSV,2026-08-06 14:16:02 +0800
1150806,2026-08-06,上櫃,00886,永豐美國科技,45.94,-0.74,46.60,46.60,45.94,3000,138480,2,TPEX_CSV,2026-08-06 14:16:02 +0800
1150806,2026-08-06,上櫃,00887,永豐中國科技50大,16.89,-0.15,16.97,17.10,16.70,5879000,99399190,1198,TPEX_CSV,2026-08-06 14:16:02 +0800
1150806,2026-08-06,上櫃,00888,永豐台灣ESG,32.10,+0.01,32.00,32.18,31.65,4827000,154122180,1692,TPEX_CSV,2026-08-06 14:16:02 +0800
1150806,2026-08-06,上櫃,00890B,凱基ESG BBB債15+,31.99,-0.08,31.96,31.99,31.90,112000,3582410,6,TPEX_CSV,2026-08-06 14:16:02 +0800
1150806,2026-08-06,上櫃,00928,中信上櫃ESG 30,32.42,+1.15,31.27,32.51,30.95,990000,31696370,388,TPEX_CSV,2026-08-06 14:16:02 +0800
1150806,2026-08-06,上櫃,00931B,統一美債20年,13.33,-0.02,13.33,13.34,13.30,786000,10473600,89,TPEX_CSV,2026-08-06 14:16:02 +0800
1150806,2026-08-06,上櫃,00933B,國泰10Y+金融債,16.03,-0.02,16.03,16.04,16.00,3803000,60915740,642,TPEX_CSV,2026-08-06 14:16:02 +0800
1150806,2026-08-06,上櫃,00937B,群益ESG投等債20+,14.73,0.00,14.73,14.74,14.69,18824000,276905110,2296,TPEX_CSV,2026-08-06 14:16:02 +0800
1150806,2026-08-06,上櫃,00942B,台新美A公司債20+,14.15,-0.01,14.23,14.23,14.13,879000,12441560,53,TPEX_CSV,2026-08-06 14:16:02 +0800
1150806,2026-08-06,上櫃,00948B,中信優息投資級債,9.40,+0.01,9.41,9.41,9.38,5166000,48520090,335,TPEX_CSV,2026-08-06 14:16:02 +0800
1150806,2026-08-06,上櫃,00950B,凱基A級公司債,14.00,-0.03,14.03,14.03,13.98,581000,8131380,118,TPEX_CSV,2026-08-06 14:16:02 +0800
1150806,2026-08-06,上櫃,00955,中信日本商社,15.61,+0.31,15.50,15.61,15.50,7582000,118013910,1721,TPEX_CSV,2026-08-06 14:16:02 +0800
1150806,2026-08-06,上櫃,00957B,兆豐US優選投等債,13.34,-0.01,13.33,13.35,13.32,532000,7091820,26,TPEX_CSV,2026-08-06 14:16:02 +0800
1150806,2026-08-06,上櫃,00958B,永豐ESG銀行債15+,9.28,-0.01,9.27,9.28,9.27,300000,2782220,11,TPEX_CSV,2026-08-06 14:16:02 +0800
1150806,2026-08-06,上櫃,00959B,大華投等美債15Y+,9.34,0.00,9.32,9.34,9.31,389000,3625690,57,TPEX_CSV,2026-08-06 14:16:02 +0800
1150806,2026-08-06,上櫃,00966B,統一ESG投等債15+,13.80,-0.01,13.81,13.81,13.77,340000,4688430,15,TPEX_CSV,2026-08-06 14:16:02 +0800
1150806,2026-08-06,上櫃,00967B,元大優息美債,9.13,0.00,9.16,9.16,9.10,100000,910780,22,TPEX_CSV,2026-08-06 14:16:02 +0800
1150806,2026-08-06,上櫃,00968B,元大優息投等債,9.23,-0.01,9.24,9.24,9.20,7171000,66148430,1129,TPEX_CSV,2026-08-06 14:16:02 +0800
1150806,2026-08-06,上櫃,00969B,元大零息超長美債,8.20,0.00,8.20,8.21,8.18,1043000,8534880,35,TPEX_CSV,2026-08-06 14:16:02 +0800
1150806,2026-08-06,上櫃,00970B,台新BBB投等債20+,9.31,-0.02,9.33,9.33,9.29,338000,3142930,49,TPEX_CSV,2026-08-06 14:16:02 +0800
1150806,2026-08-06,上櫃,009806,台新標普500,13.86,-0.07,13.90,13.90,13.86,32000,443640,5,TPEX_CSV,2026-08-06 14:16:02 +0800
1150806,2026-08-06,上櫃,009807,台新標普科技精選,17.05,-0.21,17.02,17.05,17.00,191000,3251400,4,TPEX_CSV,2026-08-06 14:16:02 +0800
1150806,2026-08-06,上櫃,00980B,台新特選IG債10+,9.43,0.00,9.41,9.43,9.41,130000,1225470,6,TPEX_CSV,2026-08-06 14:16:02 +0800
1150806,2026-08-06,上櫃,00980D,主動聯博投等入息,20.50,+0.01,20.55,20.55,20.47,391000,8010490,52,TPEX_CSV,2026-08-06 14:16:02 +0800
1150806,2026-08-06,上櫃,00980T,平衡凱基美國TOP,12.04,-0.08,12.12,12.12,12.03,428000,5152420,14,TPEX_CSV,2026-08-06 14:16:02 +0800
1150806,2026-08-06,上櫃,009814,富邦標普500,11.58,-0.05,11.59,11.59,11.54,381000,4405580,151,TPEX_CSV,2026-08-06 14:16:02 +0800
1150806,2026-08-06,上櫃,009815,大華美國MAG7+,11.69,-0.10,11.70,11.71,11.65,2646000,30896080,439,TPEX_CSV,2026-08-06 14:16:02 +0800
1150806,2026-08-06,上櫃,00981B,第一金優選非投債,9.33,-0.01,9.33,9.33,9.31,12822000,119478260,860,TPEX_CSV,2026-08-06 14:16:02 +0800
1150806,2026-08-06,上櫃,00981D,主動中信非投等債,10.49,-0.01,10.50,10.51,10.49,1919000,20140450,253,TPEX_CSV,2026-08-06 14:16:02 +0800
1150806,2026-08-06,上櫃,009822,華南永昌未來金融,9.71,-0.15,9.70,9.71,9.68,190000,1842570,40,TPEX_CSV,2026-08-06 14:16:02 +0800
1150806,2026-08-06,上櫃,009823,群益S&P500,10.65,-0.05,10.65,10.65,10.62,2152000,22888000,531,TPEX_CSV,2026-08-06 14:16:02 +0800
1150806,2026-08-06,上櫃,009825,聯邦美國金融創新,10.02,+0.03,10.03,10.04,9.99,6929000,69456150,343,TPEX_CSV,2026-08-06 14:16:02 +0800
1150806,2026-08-06,上櫃,00982B,FT投資級債20+,9.69,+0.02,9.69,9.69,9.69,68000,658920,3,TPEX_CSV,2026-08-06 14:16:02 +0800
1150806,2026-08-06,上櫃,00983B,大華優利美公債20,15.51,-0.03,15.48,15.52,15.48,299000,4633880,21,TPEX_CSV,2026-08-06 14:16:02 +0800
1150806,2026-08-06,上櫃,00984B,大華優利美A債15,16.19,0.00,16.19,16.19,16.15,325000,5255400,49,TPEX_CSV,2026-08-06 14:16:02 +0800
1150806,2026-08-06,上櫃,00985D,主動貝萊德優投等,10.11,-0.01,10.12,10.12,10.09,367000,3710650,66,TPEX_CSV,2026-08-06 14:16:02 +0800
1150806,2026-08-06,上櫃,00986B,FT金融債10+,9.75,-0.04,9.79,9.80,9.72,1017000,9952370,41,TPEX_CSV,2026-08-06 14:16:02 +0800
1150806,2026-08-06,上櫃,00986D,主動復華金融債息,14.73,-0.01,14.74,14.75,14.71,1393000,20512650,87,TPEX_CSV,2026-08-06 14:16:02 +0800
1150806,2026-08-06,上櫃,00987B,野村10+澳洲公債,16.28,+0.01,16.30,16.32,16.27,1051000,17131360,59,TPEX_CSV,2026-08-06 14:16:02 +0800
1150806,2026-08-06,上櫃,00988B,玉山嚴選非投債,20.00,-0.02,20.02,20.02,19.95,3033000,60590870,371,TPEX_CSV,2026-08-06 14:16:02 +0800
1150806,2026-08-06,上櫃,00989B,台新美國非投等債,10.26,-0.01,10.26,10.27,10.24,4592000,47071780,194,TPEX_CSV,2026-08-06 14:16:02 +0800
1150806,2026-08-06,上櫃,00990B,國泰收益非投等債,10.09,-0.02,10.11,10.11,10.08,1032000,10409660,96,TPEX_CSV,2026-08-06 14:16:02 +0800
1150806,2026-08-06,上櫃,00998A,主動復華金融股息,18.10,-0.01,18.12,18.14,18.10,2102000,38081190,436,TPEX_CSV,2026-08-06 14:16:02 +0800
1150806,2026-08-06,上櫃,1240,茂生農經,55.00,-0.10,55.00,55.00,55.00,1000,55000,1,TPEX_CSV,2026-08-06 14:16:02 +0800
1150806,2026-08-06,上櫃,1259,安心,----,---,----,----,----,0,0,0,TPEX_CSV,2026-08-06 14:16:02 +0800
1150806,2026-08-06,上櫃,1264,德麥,255.00,-1.00,255.50,255.50,255.00,11000,2807000,11,TPEX_CSV,2026-08-06 14:16:02 +0800
1150806,2026-08-06,上櫃,1268,漢來美食,170.50,+1.00,170.00,170.50,169.50,25000,4240500,20,TPEX_CSV,2026-08-06 14:16:02 +0800
1150806,2026-08-06,上櫃,1294,漢田生技,56.20,-0.50,56.70,56.70,56.00,13000,730100,12,TPEX_CSV,2026-08-06 14:16:02 +0800
1150806,2026-08-06,上櫃,1295,生合,46.20,-0.20,46.25,46.40,46.00,36000,1661950,30,TPEX_CSV,2026-08-06 14:16:02 +0800
1150806,2026-08-06,上櫃,1336,台翰,15.10,-0.10,15.20,15.20,15.00,78000,1176150,55,TPEX_CSV,2026-08-06 14:16:02 +0800
1150806,2026-08-06,上櫃,1565,精華,93.10,-0.10,93.00,93.40,92.50,40000,3717400,30,TPEX_CSV,2026-08-06 14:16:02 +0800
1150806,2026-08-06,上櫃,1569,濱川,44.50,+1.85,42.65,46.00,42.65,529000,23376100,334,TPEX_CSV,2026-08-06 14:16:02 +0800
1150806,2026-08-06,上櫃,1570,力肯,33.75,-0.25,34.00,34.00,33.50,34000,1145250,31,TPEX_CSV,2026-08-06 14:16:02 +0800
1150806,2026-08-06,上櫃,1580,新麥,112.50,+0.50,112.00,112.50,112.00,44000,4938500,32,TPEX_CSV,2026-08-06 14:16:02 +0800
1150806,2026-08-06,上櫃,1584,精剛,17.50,+0.10,17.50,17.70,17.25,453000,7899050,242,TPEX_CSV,2026-08-06 14:16:02 +0800
1150806,2026-08-06,上櫃,1586,和勤,18.25,+0.10,18.25,18.30,18.10,103000,1871300,62,TPEX_CSV,2026-08-06 14:16:02 +0800
1150806,2026-08-06,上櫃,1591,駿吉-KY,36.60,+0.40,36.20,36.60,35.25,122000,4371800,104,TPEX_CSV,2026-08-06 14:16:02 +0800
1150806,2026-08-06,上櫃,1593,祺驊,31.05,+0.90,30.20,31.15,30.10,52000,1589800,37,TPEX_CSV,2026-08-06 14:16:02 +0800
1150806,2026-08-06,上櫃,1595,川寶,61.90,-0.60,62.50,63.50,60.50,373000,23060000,289,TPEX_CSV,2026-08-06 14:16:02 +0800
1150806,2026-08-06,上櫃,1599,宏佳騰,23.80,+0.15,23.80,24.00,23.55,9000,213900,9,TPEX_CSV,2026-08-06 14:16:02 +0800
1150806,2026-08-06,上櫃,1742,台蠟,17.95,-0.15,17.85,17.95,17.00,121000,2099300,77,TPEX_CSV,2026-08-06 14:16:02 +0800
1150806,2026-08-06,上櫃,1777,生泰,73.90,+1.60,72.50,73.90,72.50,31000,2271200,28,TPEX_CSV,2026-08-06 14:16:02 +0800
1150806,2026-08-06,上櫃,1780,立弘,23.35,-0.05,23.20,23.35,23.00,88000,2035700,43,TPEX_CSV,2026-08-06 14:16:02 +0800
1150806,2026-08-06,上櫃,1781,合世,11.45,-0.10,11.70,11.70,11.30,4000,45750,4,TPEX_CSV,2026-08-06 14:16:02 +0800
1150806,2026-08-06,上櫃,1784,訊聯,59.90,+1.20,59.60,60.80,58.60,137000,8179900,103,TPEX_CSV,2026-08-06 14:16:02 +0800
1150806,2026-08-06,上櫃,1785,光洋科,115.00,+3.50,112.00,116.00,110.00,6323000,720019000,4068,TPEX_CSV,2026-08-06 14:16:02 +0800
1150806,2026-08-06,上櫃,1788,杏昌,130.00,-0.50,130.50,131.00,129.50,23000,2995500,17,TPEX_CSV,2026-08-06 14:16:02 +0800
1150806,2026-08-06,上櫃,1796,金穎生技,30.90,+0.20,30.80,30.90,30.20,57000,1747150,21,TPEX_CSV,2026-08-06 14:16:02 +0800
1150806,2026-08-06,上櫃,1799,易威,32.15,+0.50,31.80,32.30,31.60,69000,2202600,54,TPEX_CSV,2026-08-06 14:16:02 +0800
1150806,2026-08-06,上櫃,1813,寶利徠,11.50,+0.05,11.55,11.55,11.50,23000,265600,4,TPEX_CSV,2026-08-06 14:16:02 +0800
1150806,2026-08-06,上櫃,1815,富喬,86.80,+2.90,83.60,91.90,83.50,40334000,3523390300,22845,TPEX_CSV,2026-08-06 14:16:02 +0800
1150806,2026-08-06,上櫃,2035,唐榮,27.00,-0.15,27.00,27.00,27.00,1000,27000,1,TPEX_CSV,2026-08-06 14:16:02 +0800
1150806,2026-08-06,上櫃,2061,風青,58.20,+3.00,56.10,60.70,55.00,3989000,235465800,2126,TPEX_CSV,2026-08-06 14:16:02 +0800
1150806,2026-08-06,上櫃,2063,世鎧,23.80,+0.10,23.70,23.80,23.70,14000,332400,12,TPEX_CSV,2026-08-06 14:16:02 +0800
1150806,2026-08-06,上櫃,2064,晉椿,11.60,-0.20,11.95,12.05,11.40,272000,3201250,31,TPEX_CSV,2026-08-06 14:16:02 +0800
1150806,2026-08-06,上櫃,2065,世豐,32.30,+0.90,31.40,32.50,31.40,45000,1430850,35,TPEX_CSV,2026-08-06 14:16:02 +0800
1150806,2026-08-06,上櫃,2066,世德,61.50,0.00,61.60,62.20,60.90,14000,863400,12,TPEX_CSV,2026-08-06 14:16:02 +0800
1150806,2026-08-06,上櫃,2067,嘉鋼,6.41,-0.03,6.22,6.41,6.22,2000,12630,2,TPEX_CSV,2026-08-06 14:16:02 +0800
1150806,2026-08-06,上櫃,2070,精湛,58.30,+5.30,58.30,58.30,58.30,46000,2681800,37,TPEX_CSV,2026-08-06 14:16:02 +0800
1150806,2026-08-06,上櫃,2073,雄順,26.80,+0.65,26.80,26.80,26.80,1000,26800,1,TPEX_CSV,2026-08-06 14:16:02 +0800
1150806,2026-08-06,上櫃,2221,大甲,46.30,+1.55,45.20,46.60,44.20,175000,7929900,145,TPEX_CSV,2026-08-06 14:16:02 +0800
1150806,2026-08-06,上櫃,2230,泰茂,26.35,+1.75,24.30,26.65,23.80,281000,7141400,188,TPEX_CSV,2026-08-06 14:16:02 +0800
1150806,2026-08-06,上櫃,2235,謚源,27.75,-0.20,26.70,27.75,26.65,7000,188650,7,TPEX_CSV,2026-08-06 14:16:02 +0800
1150806,2026-08-06,上櫃,2596,綠意,31.05,+0.10,30.55,31.10,30.55,13000,402150,9,TPEX_CSV,2026-08-06 14:16:02 +0800
1150806,2026-08-06,上櫃,2640,大車隊,146.00,+1.00,146.00,146.00,146.00,1000,146000,1,TPEX_CSV,2026-08-06 14:16:02 +0800
1150806,2026-08-06,上櫃,2641,正德,17.15,-0.10,17.25,17.30,17.05,520000,8917550,286,TPEX_CSV,2026-08-06 14:16:02 +0800
1150806,2026-08-06,上櫃,2643,捷迅,63.50,+0.80,63.00,63.50,62.90,40000,2526400,35,TPEX_CSV,2026-08-06 14:16:02 +0800
1150806,2026-08-06,上櫃,2718,全心投控,44.60,-0.20,44.20,44.75,44.20,7000,311350,6,TPEX_CSV,2026-08-06 14:16:02 +0800
1150806,2026-08-06,上櫃,2719,燦星旅,21.65,+0.05,21.80,21.90,21.40,10000,217450,9,TPEX_CSV,2026-08-06 14:16:02 +0800
1150806,2026-08-06,上櫃,2724,藝舍-KY,11.00,+0.40,11.30,11.35,10.25,13000,139250,13,TPEX_CSV,2026-08-06 14:16:02 +0800
1150806,2026-08-06,上櫃,2726,雅茗-KY,8.64,+0.01,8.64,8.69,8.47,39000,333850,22,TPEX_CSV,2026-08-06 14:16:02 +0800
1150806,2026-08-06,上櫃,2729,瓦城,159.50,-0.50,160.00,161.50,159.00,15000,2398000,14,TPEX_CSV,2026-08-06 14:16:02 +0800
1150806,2026-08-06,上櫃,2732,六角,64.00,+0.90,63.00,64.10,63.00,23000,1462900,21,TPEX_CSV,2026-08-06 14:16:02 +0800
1150806,2026-08-06,上櫃,2734,易飛網,14.85,+0.20,14.80,15.05,14.70,83000,1232800,46,TPEX_CSV,2026-08-06 14:16:02 +0800
1150806,2026-08-06,上櫃,2736,富野,11.45,-0.05,11.45,11.50,11.30,75000,857500,36,TPEX_CSV,2026-08-06 14:16:02 +0800
1150806,2026-08-06,上櫃,2740,華軒,30.40,-2.60,32.75,32.75,30.40,2000,63150,2,TPEX_CSV,2026-08-06 14:16:02 +0800
1150806,2026-08-06,上櫃,2743,山富,56.80,+0.30,56.50,56.80,56.20,74000,4173900,46,TPEX_CSV,2026-08-06 14:16:02 +0800
1150806,2026-08-06,上櫃,2745,五福,88.40,+1.80,87.00,88.70,87.00,80000,7032600,68,TPEX_CSV,2026-08-06 14:16:02 +0800
1150806,2026-08-06,上櫃,2751,王座,51.90,0.00,50.90,51.90,50.90,8000,409500,8,TPEX_CSV,2026-08-06 14:16:02 +0800
1150806,2026-08-06,上櫃,2752,豆府,174.50,-0.50,175.00,175.00,174.50,3000,524000,3,TPEX_CSV,2026-08-06 14:16:02 +0800
1150806,2026-08-06,上櫃,2754,亞洲藏壽司,70.40,-1.30,70.80,71.00,70.00,42000,2962400,29,TPEX_CSV,2026-08-06 14:16:02 +0800
1150806,2026-08-06,上櫃,2755,揚秦,103.50,+0.50,103.00,103.50,102.50,14000,1441500,13,TPEX_CSV,2026-08-06 14:16:02 +0800
1150806,2026-08-06,上櫃,2756,聯發國際,57.00,+0.50,55.70,57.00,55.30,27000,1529800,21,TPEX_CSV,2026-08-06 14:16:02 +0800
1150806,2026-08-06,上櫃,2916,滿心,41.20,+0.70,40.50,41.40,40.50,94000,3856250,69,TPEX_CSV,2026-08-06 14:16:02 +0800
1150806,2026-08-06,上櫃,2924,宏太-KY,17.00,+0.70,16.80,17.00,16.80,2000,33800,2,TPEX_CSV,2026-08-06 14:16:02 +0800
1150806,2026-08-06,上櫃,2926,誠品生活,30.50,-0.10,30.25,30.50,30.05,12000,363700,11,TPEX_CSV,2026-08-06 14:16:02 +0800
1150806,2026-08-06,上櫃,2937,集雅社,44.70,-0.60,45.00,45.00,44.70,5000,224300,5,TPEX_CSV,2026-08-06 14:16:02 +0800
1150806,2026-08-06,上櫃,2941,米斯特,----,---,----,----,----,0,0,0,TPEX_CSV,2026-08-06 14:16:02 +0800
1150806,2026-08-06,上櫃,2947,振宇五金,62.30,-1.70,62.60,62.60,62.30,6000,375000,6,TPEX_CSV,2026-08-06 14:16:02 +0800
1150806,2026-08-06,上櫃,2948,寶陞,38.00,0.00,38.00,38.50,38.00,15000,570750,8,TPEX_CSV,2026-08-06 14:16:02 +0800
1150806,2026-08-06,上櫃,2949,欣新網,----,---,----,----,----,0,0,0,TPEX_CSV,2026-08-06 14:16:02 +0800
1150806,2026-08-06,上櫃,3064,泰偉,----,---,----,----,----,0,0,0,TPEX_CSV,2026-08-06 14:16:02 +0800
1150806,2026-08-06,上櫃,3066,李洲,22.20,+0.35,21.05,22.60,21.05,441000,9582050,299,TPEX_CSV,2026-08-06 14:16:02 +0800
1150806,2026-08-06,上櫃,3067,全域,18.15,+0.05,18.15,18.15,18.15,1000,18150,1,TPEX_CSV,2026-08-06 14:16:02 +0800
1150806,2026-08-06,上櫃,3071,協禧,26.05,-0.05,26.10,26.25,25.50,139000,3612150,98,TPEX_CSV,2026-08-06 14:16:02 +0800
1150806,2026-08-06,上櫃,3073,天方能源,22.20,+0.20,22.10,22.20,21.55,37000,814650,25,TPEX_CSV,2026-08-06 14:16:02 +0800
1150806,2026-08-06,上櫃,3078,僑威,53.40,+0.60,52.80,53.40,52.10,445000,23547800,284,TPEX_CSV,2026-08-06 14:16:02 +0800
1150806,2026-08-06,上櫃,3081,聯亞,2375.00,+215.00,2185.00,2375.00,2180.00,4738000,11031070000,3056,TPEX_CSV,2026-08-06 14:16:02 +0800
1150806,2026-08-06,上櫃,3083,網龍,25.30,0.00,25.30,25.80,24.85,70000,1760750,47,TPEX_CSV,2026-08-06 14:16:02 +0800
1150806,2026-08-06,上櫃,3085,新零售,11.75,-0.30,11.35,11.75,11.35,8000,91300,7,TPEX_CSV,2026-08-06 14:16:02 +0800
1150806,2026-08-06,上櫃,3086,華義*,27.60,+0.15,27.15,27.80,27.10,88000,2421850,63,TPEX_CSV,2026-08-06 14:16:02 +0800
1150806,2026-08-06,上櫃,3088,艾訊,134.00,+1.50,132.00,137.50,131.00,2266000,303430500,1774,TPEX_CSV,2026-08-06 14:16:02 +0800
1150806,2026-08-06,上櫃,3093,港建*,48.45,+1.95,46.35,48.90,45.50,330000,15646150,263,TPEX_CSV,2026-08-06 14:16:02 +0800
1150806,2026-08-06,上櫃,3095,及成,39.30,+1.30,38.85,39.30,38.80,7000,272750,7,TPEX_CSV,2026-08-06 14:16:02 +0800
1150806,2026-08-06,上櫃,3105,穩懋,382.00,+6.00,378.00,394.00,365.50,40539000,15398960500,27936,TPEX_CSV,2026-08-06 14:16:02 +0800
1150806,2026-08-06,上櫃,3114,好德,36.90,+3.35,33.65,36.90,32.70,2306000,82967750,1492,TPEX_CSV,2026-08-06 14:16:02 +0800
1150806,2026-08-06,上櫃,3115,富榮綱,9.01,-0.19,8.69,9.01,8.69,8000,69880,6,TPEX_CSV,2026-08-06 14:16:02 +0800
1150806,2026-08-06,上櫃,3118,進階,31.65,-0.05,31.65,31.85,31.60,26000,824000,12,TPEX_CSV,2026-08-06 14:16:02 +0800
1150806,2026-08-06,上櫃,3122,笙泉,25.50,-0.10,25.00,25.65,25.00,35000,890000,33,TPEX_CSV,2026-08-06 14:16:02 +0800
1150806,2026-08-06,上櫃,3128,昇銳,21.85,-0.05,21.90,22.00,21.55,45000,980150,30,TPEX_CSV,2026-08-06 14:16:02 +0800
1150806,2026-08-06,上櫃,3131,弘塑,2385.00,+40.00,2300.00,2400.00,2190.00,1386000,3168525000,1269,TPEX_CSV,2026-08-06 14:16:02 +0800
1150806,2026-08-06,上櫃,3141,晶宏,78.40,+4.00,75.70,80.00,75.50,2561000,200067800,1727,TPEX_CSV,2026-08-06 14:16:02 +0800
1150806,2026-08-06,上櫃,3147,大綜,244.50,-27.00,249.50,251.00,244.50,669000,164999500,473,TPEX_CSV,2026-08-06 14:16:02 +0800
1150806,2026-08-06,上櫃,3152,璟德,222.50,除息,226.00,226.50,220.50,120000,26882000,113,TPEX_CSV,2026-08-06 14:16:02 +0800
1150806,2026-08-06,上櫃,3158,嘉實,83.60,+1.00,82.60,83.60,82.60,4000,333400,4,TPEX_CSV,2026-08-06 14:16:02 +0800
1150806,2026-08-06,上櫃,3162,精確,63.30,-2.10,65.50,65.50,62.40,547000,34617300,422,TPEX_CSV,2026-08-06 14:16:02 +0800
1150806,2026-08-06,上櫃,3163,波若威,710.00,-12.00,722.00,757.00,706.00,11118000,8158992000,9379,TPEX_CSV,2026-08-06 14:16:02 +0800
1150806,2026-08-06,上櫃,3169,亞信,104.50,+1.50,103.00,105.50,102.00,132000,13761500,98,TPEX_CSV,2026-08-06 14:16:02 +0800
1150806,2026-08-06,上櫃,3171,炎洲流通,66.00,+0.50,65.50,66.00,64.60,9000,589700,9,TPEX_CSV,2026-08-06 14:16:02 +0800
1150806,2026-08-06,上櫃,3176,基亞,32.45,-1.05,33.80,34.35,32.30,965000,31557000,274,TPEX_CSV,2026-08-06 14:16:02 +0800
1150806,2026-08-06,上櫃,3178,公準,58.90,+1.30,58.00,60.30,57.20,101000,6000400,92,TPEX_CSV,2026-08-06 14:16:02 +0800
1150806,2026-08-06,上櫃,3188,鑫龍騰,23.15,+0.05,23.10,23.20,23.05,161000,3727000,99,TPEX_CSV,2026-08-06 14:16:02 +0800
1150806,2026-08-06,上櫃,3191,雲嘉南,18.60,-0.20,18.90,18.90,18.60,80000,1510600,20,TPEX_CSV,2026-08-06 14:16:02 +0800
1150806,2026-08-06,上櫃,3205,佰研,48.50,+0.55,47.50,48.60,47.50,35000,1690350,22,TPEX_CSV,2026-08-06 14:16:02 +0800
1150806,2026-08-06,上櫃,3206,志豐,33.50,+0.55,32.85,33.60,32.85,29000,959050,18,TPEX_CSV,2026-08-06 14:16:02 +0800
1150806,2026-08-06,上櫃,3207,耀勝,41.60,+0.15,40.45,42.25,40.45,182000,7529250,121,TPEX_CSV,2026-08-06 14:16:02 +0800
1150806,2026-08-06,上櫃,3211,順達,356.50,+32.00,324.50,356.50,322.00,10477000,3627054500,7203,TPEX_CSV,2026-08-06 14:16:02 +0800
1150806,2026-08-06,上櫃,3213,茂訊,138.50,+4.00,135.50,143.50,133.00,2605000,362721000,1570,TPEX_CSV,2026-08-06 14:16:02 +0800
1150806,2026-08-06,上櫃,3217,優群,143.00,-0.50,144.00,144.00,141.50,594000,84605500,445,TPEX_CSV,2026-08-06 14:16:02 +0800
1150806,2026-08-06,上櫃,3218,大學光,140.00,0.00,140.00,141.00,137.50,161000,22414500,140,TPEX_CSV,2026-08-06 14:16:02 +0800
1150806,2026-08-06,上櫃,3219,倚強科,71.50,+6.50,71.50,71.50,71.50,183000,13084500,91,TPEX_CSV,2026-08-06 14:16:02 +0800
1150806,2026-08-06,上櫃,3221,台嘉碩,47.30,-0.35,47.30,48.35,46.10,1757000,82929400,1347,TPEX_CSV,2026-08-06 14:16:02 +0800
1150806,2026-08-06,上櫃,3224,三顧,35.65,+0.55,35.30,35.80,35.25,7000,248400,7,TPEX_CSV,2026-08-06 14:16:02 +0800
1150806,2026-08-06,上櫃,3226,龍鋒,51.50,+0.10,51.20,51.50,50.90,37000,1895800,25,TPEX_CSV,2026-08-06 14:16:02 +0800
1150806,2026-08-06,上櫃,3227,原相,204.00,-5.50,206.50,207.50,200.50,893000,181580000,728,TPEX_CSV,2026-08-06 14:16:02 +0800
1150806,2026-08-06,上櫃,3228,金麗科,146.50,+1.00,145.50,146.50,141.00,140000,20168000,124,TPEX_CSV,2026-08-06 14:16:02 +0800
1150806,2026-08-06,上櫃,3230,錦明,41.35,+0.35,41.00,41.75,39.60,746000,30265950,533,TPEX_CSV,2026-08-06 14:16:02 +0800
1150806,2026-08-06,上櫃,3232,昱捷,19.60,0.00,19.95,19.95,19.40,23000,449400,22,TPEX_CSV,2026-08-06 14:16:02 +0800
1150806,2026-08-06,上櫃,3234,光環,110.50,-4.50,115.00,115.00,108.00,1596000,177898000,1076,TPEX_CSV,2026-08-06 14:16:02 +0800
1150806,2026-08-06,上櫃,3236,千如,43.25,+0.55,42.45,43.35,40.75,2112000,89360450,1478,TPEX_CSV,2026-08-06 14:16:02 +0800
1150806,2026-08-06,上櫃,3252,海灣,15.80,-0.10,15.80,15.80,15.80,2000,31600,1,TPEX_CSV,2026-08-06 14:16:02 +0800
1150806,2026-08-06,上櫃,3259,鑫創,14.90,+0.35,14.55,14.90,14.55,5000,73100,3,TPEX_CSV,2026-08-06 14:16:02 +0800
1150806,2026-08-06,上櫃,3260,威剛,421.00,+25.00,397.50,426.50,394.00,21028000,8714707500,15325,TPEX_CSV,2026-08-06 14:16:02 +0800
1150806,2026-08-06,上櫃,3264,欣銓,211.50,+9.50,201.50,215.50,200.00,8972000,1875300500,5868,TPEX_CSV,2026-08-06 14:16:02 +0800
1150806,2026-08-06,上櫃,3265,台星科,157.50,+2.00,157.00,160.50,152.50,1213000,190255500,956,TPEX_CSV,2026-08-06 14:16:02 +0800
1150806,2026-08-06,上櫃,3268,海德威,20.80,-0.15,20.80,21.00,20.65,52000,1081400,34,TPEX_CSV,2026-08-06 14:16:02 +0800
1150806,2026-08-06,上櫃,3272,東碩,14.15,+0.10,14.05,14.15,13.85,44000,615900,20,TPEX_CSV,2026-08-06 14:16:02 +0800
1150806,2026-08-06,上櫃,3276,宇環,14.90,-0.15,14.95,15.05,14.50,365000,5365550,205,TPEX_CSV,2026-08-06 14:16:02 +0800
1150806,2026-08-06,上櫃,3284,太普高,21.80,+1.00,20.85,21.80,20.65,207000,4395550,137,TPEX_CSV,2026-08-06 14:16:02 +0800
1150806,2026-08-06,上櫃,3285,微端,38.90,+1.05,37.55,38.90,37.55,60000,2283150,44,TPEX_CSV,2026-08-06 14:16:02 +0800
1150806,2026-08-06,上櫃,3287,廣寰科,29.70,0.00,29.70,29.95,29.15,44000,1300700,37,TPEX_CSV,2026-08-06 14:16:02 +0800
1150806,2026-08-06,上櫃,3288,點晶,22.85,-1.05,23.90,23.90,21.60,94000,2119050,68,TPEX_CSV,2026-08-06 14:16:02 +0800
1150806,2026-08-06,上櫃,3289,宜特,147.00,+2.50,144.50,147.50,141.00,371000,53597000,309,TPEX_CSV,2026-08-06 14:16:02 +0800
1150806,2026-08-06,上櫃,3290,東浦,53.60,+0.40,53.10,53.60,52.10,518000,27302900,343,TPEX_CSV,2026-08-06 14:16:02 +0800
1150806,2026-08-06,上櫃,3293,鈊象,784.00,+7.00,777.00,785.00,770.00,1224000,954965000,996,TPEX_CSV,2026-08-06 14:16:02 +0800
1150806,2026-08-06,上櫃,3294,英濟,30.35,-0.25,30.65,30.85,30.00,236000,7174750,200,TPEX_CSV,2026-08-06 14:16:02 +0800
1150806,2026-08-06,上櫃,3297,杭特,26.45,-0.35,27.10,27.10,26.20,28000,739300,24,TPEX_CSV,2026-08-06 14:16:02 +0800
1150806,2026-08-06,上櫃,3303,岱稜,54.10,-0.80,55.50,55.50,53.30,668000,35930400,439,TPEX_CSV,2026-08-06 14:16:02 +0800
1150806,2026-08-06,上櫃,3306,鼎天,43.40,+0.05,43.35,43.55,43.00,89000,3847500,62,TPEX_CSV,2026-08-06 14:16:02 +0800
1150806,2026-08-06,上櫃,3310,佳穎,68.00,+1.00,67.50,68.00,66.70,17000,1148200,14,TPEX_CSV,2026-08-06 14:16:02 +0800
1150806,2026-08-06,上櫃,3313,斐成,10.30,0.00,10.30,10.30,10.20,51000,522850,35,TPEX_CSV,2026-08-06 14:16:02 +0800
1150806,2026-08-06,上櫃,3317,尼克森,69.80,+0.10,69.40,70.60,67.20,558000,38672800,432,TPEX_CSV,2026-08-06 14:16:02 +0800
1150806,2026-08-06,上櫃,3322,建舜電,11.40,0.00,11.40,11.50,11.15,186000,2112300,87,TPEX_CSV,2026-08-06 14:16:02 +0800
1150806,2026-08-06,上櫃,3323,加百裕,30.15,+0.80,30.00,31.60,29.65,1115000,33973050,862,TPEX_CSV,2026-08-06 14:16:02 +0800
1150806,2026-08-06,上櫃,3324,雙鴻,1060.00,+95.00,1020.00,1060.00,1000.00,7041000,7416630000,3352,TPEX_CSV,2026-08-06 14:16:02 +0800
1150806,2026-08-06,上櫃,3325,旭品,11.95,-0.10,12.05,12.05,11.80,62000,733450,28,TPEX_CSV,2026-08-06 14:16:02 +0800
1150806,2026-08-06,上櫃,3332,幸康,61.90,-0.80,62.10,62.10,60.50,4000,246500,4,TPEX_CSV,2026-08-06 14:16:02 +0800
1150806,2026-08-06,上櫃,3339,泰谷,40.60,+0.80,39.05,43.00,39.05,6196000,257626850,3832,TPEX_CSV,2026-08-06 14:16:02 +0800
1150806,2026-08-06,上櫃,3349,寶德,22.45,+0.35,22.10,22.45,21.45,124000,2708750,60,TPEX_CSV,2026-08-06 14:16:02 +0800
1150806,2026-08-06,上櫃,3354,律勝,20.95,-0.15,20.85,20.95,20.20,70000,1444650,54,TPEX_CSV,2026-08-06 14:16:02 +0800
1150806,2026-08-06,上櫃,3357,臺慶科,210.00,0.00,208.00,210.00,200.50,1620000,333642500,1242,TPEX_CSV,2026-08-06 14:16:02 +0800
1150806,2026-08-06,上櫃,3360,尚立,16.10,-0.20,16.40,16.40,15.90,601000,9670000,328,TPEX_CSV,2026-08-06 14:16:02 +0800
1150806,2026-08-06,上櫃,3362,先進光,176.00,+1.50,173.00,180.00,171.50,793000,140427000,694,TPEX_CSV,2026-08-06 14:16:02 +0800
1150806,2026-08-06,上櫃,3363,上詮,604.00,+4.00,590.00,625.00,587.00,3866000,2356862000,3319,TPEX_CSV,2026-08-06 14:16:02 +0800
1150806,2026-08-06,上櫃,3372,典範,15.80,0.00,15.80,15.80,15.35,312000,4874200,191,TPEX_CSV,2026-08-06 14:16:02 +0800
1150806,2026-08-06,上櫃,3373,熱映,16.70,+0.20,16.30,16.80,16.30,148000,2455400,87,TPEX_CSV,2026-08-06 14:16:02 +0800
1150806,2026-08-06,上櫃,3374,精材,316.00,+3.00,313.00,317.50,304.00,9180000,2860316500,6651,TPEX_CSV,2026-08-06 14:16:02 +0800
1150806,2026-08-06,上櫃,3379,彬台,27.25,+0.50,26.75,27.35,26.35,115000,3091350,83,TPEX_CSV,2026-08-06 14:16:02 +0800
1150806,2026-08-06,上櫃,3388,崇越電,73.40,+0.20,73.20,74.10,72.10,364000,26579900,227,TPEX_CSV,2026-08-06 14:16:02 +0800
1150806,2026-08-06,上櫃,3390,旭軟,23.70,+0.10,23.85,23.85,23.15,153000,3592350,99,TPEX_CSV,2026-08-06 14:16:02 +0800
1150806,2026-08-06,上櫃,3402,漢科,129.50,-0.50,129.00,130.50,125.50,520000,66668000,344,TPEX_CSV,2026-08-06 14:16:02 +0800
1150806,2026-08-06,上櫃,3430,奇鈦科,116.00,+2.00,113.00,118.00,109.50,1103000,127554000,505,TPEX_CSV,2026-08-06 14:16:02 +0800
1150806,2026-08-06,上櫃,3434,哲固,31.00,+0.75,30.55,31.00,30.15,118000,3605150,101,TPEX_CSV,2026-08-06 14:16:02 +0800
1150806,2026-08-06,上櫃,3438,類比科,61.30,+0.40,60.90,63.20,59.20,565000,34724700,450,TPEX_CSV,2026-08-06 14:16:02 +0800
1150806,2026-08-06,上櫃,3441,聯一光,88.40,+3.00,84.60,89.40,81.30,13687000,1166653800,9263,TPEX_CSV,2026-08-06 14:16:02 +0800
1150806,2026-08-06,上櫃,3444,利機,68.70,+0.10,67.60,68.80,67.00,45000,3057100,42,TPEX_CSV,2026-08-06 14:16:02 +0800
1150806,2026-08-06,上櫃,3455,由田,189.50,+3.50,189.00,190.00,180.50,618000,114758500,504,TPEX_CSV,2026-08-06 14:16:02 +0800
1150806,2026-08-06,上櫃,3465,進泰電子,29.80,+0.10,29.60,30.15,29.45,56000,1668500,46,TPEX_CSV,2026-08-06 14:16:02 +0800
1150806,2026-08-06,上櫃,3466,德晉,24.35,-0.50,24.90,24.90,24.20,164000,4006750,129,TPEX_CSV,2026-08-06 14:16:02 +0800
1150806,2026-08-06,上櫃,3467,台灣精材,46.95,+0.25,46.80,46.95,45.20,47000,2173800,45,TPEX_CSV,2026-08-06 14:16:02 +0800
1150806,2026-08-06,上櫃,3479,安勤,141.00,+1.00,141.00,144.50,138.50,1521000,213988000,1157,TPEX_CSV,2026-08-06 14:16:02 +0800
1150806,2026-08-06,上櫃,3483,力致,76.50,+3.00,73.60,76.50,72.50,487000,36442300,317,TPEX_CSV,2026-08-06 14:16:02 +0800
1150806,2026-08-06,上櫃,3484,崧騰,52.10,-0.70,53.10,53.10,51.60,302000,15710500,214,TPEX_CSV,2026-08-06 14:16:02 +0800
1150806,2026-08-06,上櫃,3485,敘豐,214.50,+6.00,208.50,220.50,205.00,132000,28205000,111,TPEX_CSV,2026-08-06 14:16:02 +0800
1150806,2026-08-06,上櫃,3489,森寶,25.90,0.00,25.90,26.10,25.90,732000,19011500,252,TPEX_CSV,2026-08-06 14:16:02 +0800
1150806,2026-08-06,上櫃,3490,單井,29.70,+1.15,28.55,29.70,28.05,1924000,56065800,496,TPEX_CSV,2026-08-06 14:16:02 +0800
1150806,2026-08-06,上櫃,3491,昇達科,1350.00,+65.00,1245.00,1380.00,1240.00,3377000,4495045000,2745,TPEX_CSV,2026-08-06 14:16:02 +0800
1150806,2026-08-06,上櫃,3492,長盛,22.30,+0.20,22.00,22.30,21.95,8000,177100,8,TPEX_CSV,2026-08-06 14:16:02 +0800
1150806,2026-08-06,上櫃,3498,陽程,111.00,-2.00,113.00,114.00,109.00,1113000,124185500,860,TPEX_CSV,2026-08-06 14:16:02 +0800
1150806,2026-08-06,上櫃,3499,環天科,13.00,0.00,13.00,13.00,12.70,24000,310400,17,TPEX_CSV,2026-08-06 14:16:02 +0800
1150806,2026-08-06,上櫃,3508,位速,17.25,+0.25,16.95,17.30,16.55,50000,844600,38,TPEX_CSV,2026-08-06 14:16:02 +0800
1150806,2026-08-06,上櫃,3511,矽瑪,19.90,-0.15,20.10,20.20,19.70,146000,2913050,89,TPEX_CSV,2026-08-06 14:16:02 +0800
1150806,2026-08-06,上櫃,3512,皇龍,19.75,0.00,19.75,19.80,19.55,13000,256450,13,TPEX_CSV,2026-08-06 14:16:02 +0800
1150806,2026-08-06,上櫃,3516,亞帝歐,26.40,除息,26.40,26.45,26.15,11000,289050,11,TPEX_CSV,2026-08-06 14:16:02 +0800
1150806,2026-08-06,上櫃,3520,華盈,18.45,+0.20,18.25,18.45,17.30,356000,6406550,210,TPEX_CSV,2026-08-06 14:16:02 +0800
1150806,2026-08-06,上櫃,3521,台鋼建設,12.15,0.00,12.15,12.20,12.15,13000,158000,9,TPEX_CSV,2026-08-06 14:16:02 +0800
1150806,2026-08-06,上櫃,3522,御嵿,12.10,+0.05,11.80,12.20,11.60,67000,790200,38,TPEX_CSV,2026-08-06 14:16:02 +0800
1150806,2026-08-06,上櫃,3523,迎輝,15.65,0.00,14.65,15.65,14.65,7000,106000,7,TPEX_CSV,2026-08-06 14:16:02 +0800
1150806,2026-08-06,上櫃,3526,凡甲,296.00,-11.00,298.00,298.00,287.50,655000,192288000,530,TPEX_CSV,2026-08-06 14:16:02 +0800
1150806,2026-08-06,上櫃,3527,聚積,51.60,-0.90,53.60,53.60,51.50,54000,2799500,43,TPEX_CSV,2026-08-06 14:16:02 +0800
1150806,2026-08-06,上櫃,3529,力旺,2660.00,+30.00,2635.00,2770.00,2565.00,1074000,2886800000,957,TPEX_CSV,2026-08-06 14:16:02 +0800
1150806,2026-08-06,上櫃,3531,先益,21.90,+0.20,21.70,21.90,21.70,3000,65450,3,TPEX_CSV,2026-08-06 14:16:02 +0800
1150806,2026-08-06,上櫃,3537,堡達,52.80,+1.30,51.50,53.50,49.90,680000,35404550,480,TPEX_CSV,2026-08-06 14:16:02 +0800
1150806,2026-08-06,上櫃,3540,曜越,20.40,+0.10,20.30,20.40,20.00,78000,1577100,44,TPEX_CSV,2026-08-06 14:16:02 +0800
1150806,2026-08-06,上櫃,3541,西柏,20.70,0.00,20.70,20.70,20.60,26000,538050,17,TPEX_CSV,2026-08-06 14:16:02 +0800
1150806,2026-08-06,上櫃,3546,宇峻,75.30,-0.50,75.80,75.90,75.00,109000,8223800,81,TPEX_CSV,2026-08-06 14:16:02 +0800
1150806,2026-08-06,上櫃,3548,兆利,77.50,+1.20,76.20,77.50,74.70,108000,8270100,87,TPEX_CSV,2026-08-06 14:16:02 +0800
1150806,2026-08-06,上櫃,3551,世禾,178.00,+0.50,176.50,178.00,171.50,470000,81925500,313,TPEX_CSV,2026-08-06 14:16:02 +0800
1150806,2026-08-06,上櫃,3552,同致,45.00,-0.35,45.55,45.55,44.35,96000,4311500,63,TPEX_CSV,2026-08-06 14:16:02 +0800
1150806,2026-08-06,上櫃,3555,博士旺,157.50,-4.00,163.50,164.50,155.00,87000,13978000,83,TPEX_CSV,2026-08-06 14:16:02 +0800
1150806,2026-08-06,上櫃,3556,禾瑞亞,63.40,+0.80,63.70,64.00,62.30,312000,19708700,254,TPEX_CSV,2026-08-06 14:16:02 +0800
1150806,2026-08-06,上櫃,3558,神準,129.00,+1.00,127.00,129.00,125.50,54000,6894500,49,TPEX_CSV,2026-08-06 14:16:02 +0800
1150806,2026-08-06,上櫃,3564,其陽,46.05,-0.65,46.70,46.85,45.80,101000,4672450,66,TPEX_CSV,2026-08-06 14:16:02 +0800
1150806,2026-08-06,上櫃,3567,逸昌,26.20,+0.05,26.00,26.40,25.80,38000,993550,25,TPEX_CSV,2026-08-06 14:16:02 +0800
1150806,2026-08-06,上櫃,3570,大塚,164.00,0.00,164.50,164.50,163.50,17000,2785500,16,TPEX_CSV,2026-08-06 14:16:02 +0800
1150806,2026-08-06,上櫃,3577,泓格,138.00,0.00,135.50,143.50,135.50,1128000,157394500,915,TPEX_CSV,2026-08-06 14:16:02 +0800
1150806,2026-08-06,上櫃,3580,友威科,78.60,-0.30,80.20,80.20,76.10,152000,11866700,128,TPEX_CSV,2026-08-06 14:16:02 +0800
1150806,2026-08-06,上櫃,3581,博磊,122.50,+11.00,110.50,122.50,107.00,528000,62130000,314,TPEX_CSV,2026-08-06 14:16:02 +0800
1150806,2026-08-06,上櫃,3587,閎康,267.00,-9.50,272.00,284.50,259.00,2142000,576349500,1688,TPEX_CSV,2026-08-06 14:16:02 +0800
1150806,2026-08-06,上櫃,3594,磐儀,57.90,+1.80,57.90,59.80,56.00,4561000,264294900,2893,TPEX_CSV,2026-08-06 14:16:02 +0800
1150806,2026-08-06,上櫃,3597,映興,26.25,0.00,26.35,26.35,25.90,23000,599850,19,TPEX_CSV,2026-08-06 14:16:02 +0800
1150806,2026-08-06,上櫃,3609,三一東林,25.40,-0.60,26.00,26.20,25.35,169000,4377000,67,TPEX_CSV,2026-08-06 14:16:02 +0800
1150806,2026-08-06,上櫃,3611,鼎翰,186.50,0.00,185.50,187.00,184.50,19000,3539000,19,TPEX_CSV,2026-08-06 14:16:02 +0800
1150806,2026-08-06,上櫃,3615,安可,35.75,+0.05,35.65,35.80,34.25,333000,11734100,274,TPEX_CSV,2026-08-06 14:16:02 +0800
1150806,2026-08-06,上櫃,3623,富晶通,20.10,0.00,19.90,20.20,19.90,10000,200500,9,TPEX_CSV,2026-08-06 14:16:02 +0800
1150806,2026-08-06,上櫃,3624,光頡,75.60,+0.80,71.70,76.20,71.30,982000,72469000,572,TPEX_CSV,2026-08-06 14:16:02 +0800
1150806,2026-08-06,上櫃,3625,西勝,16.85,-0.05,16.90,17.10,16.55,126000,2129350,91,TPEX_CSV,2026-08-06 14:16:02 +0800
1150806,2026-08-06,上櫃,3628,盈正,64.40,0.00,63.50,64.40,63.00,39000,2482200,29,TPEX_CSV,2026-08-06 14:16:02 +0800
1150806,2026-08-06,上櫃,3629,地心引力,14.75,+0.75,13.35,14.75,13.35,6000,81500,4,TPEX_CSV,2026-08-06 14:16:02 +0800
1150806,2026-08-06,上櫃,3630,新鉅科,25.95,-0.50,26.45,26.50,25.50,555000,14386100,371,TPEX_CSV,2026-08-06 14:16:02 +0800
1150806,2026-08-06,上櫃,3631,晟楠,31.40,-0.25,31.60,31.65,31.15,19000,595850,17,TPEX_CSV,2026-08-06 14:16:02 +0800
1150806,2026-08-06,上櫃,3632,研勤,7.92,+0.09,7.79,7.92,7.69,20000,155380,20,TPEX_CSV,2026-08-06 14:16:02 +0800
1150806,2026-08-06,上櫃,3646,艾恩特,23.20,-0.20,23.20,23.20,23.20,1000,23200,1,TPEX_CSV,2026-08-06 14:16:02 +0800
1150806,2026-08-06,上櫃,3663,鑫科,63.40,-1.00,64.40,64.40,62.30,447000,28335100,340,TPEX_CSV,2026-08-06 14:16:02 +0800
1150806,2026-08-06,上櫃,3664,安瑞-KY,6.70,-0.30,6.30,6.70,6.30,4000,25800,4,TPEX_CSV,2026-08-06 14:16:02 +0800
1150806,2026-08-06,上櫃,3666,光耀,25.10,0.00,24.80,25.10,24.80,18000,449750,16,TPEX_CSV,2026-08-06 14:16:02 +0800
1150806,2026-08-06,上櫃,3672,康聯訊,12.90,+0.10,12.50,12.90,12.50,9000,114350,8,TPEX_CSV,2026-08-06 14:16:02 +0800
1150806,2026-08-06,上櫃,3675,德微,267.00,-0.50,260.50,273.00,254.00,665000,175691500,576,TPEX_CSV,2026-08-06 14:16:02 +0800
1150806,2026-08-06,上櫃,3680,家登,453.00,+5.50,445.00,455.00,437.00,825000,370200000,710,TPEX_CSV,2026-08-06 14:16:02 +0800
1150806,2026-08-06,上櫃,3684,榮昌,51.00,+1.00,50.90,52.00,50.60,82000,4185400,46,TPEX_CSV,2026-08-06 14:16:02 +0800
1150806,2026-08-06,上櫃,3685,元創精密,38.10,+3.45,35.55,38.10,34.80,2175000,81786000,877,TPEX_CSV,2026-08-06 14:16:02 +0800
1150806,2026-08-06,上櫃,3687,歐買尬,66.30,+0.20,65.80,68.10,65.70,77000,5150100,64,TPEX_CSV,2026-08-06 14:16:02 +0800
1150806,2026-08-06,上櫃,3689,湧德,110.50,+3.00,111.50,112.50,109.00,2482000,275575500,1599,TPEX_CSV,2026-08-06 14:16:02 +0800
1150806,2026-08-06,上櫃,3691,碩禾,112.50,-2.00,114.50,115.00,111.00,274000,30983000,224,TPEX_CSV,2026-08-06 14:16:02 +0800
1150806,2026-08-06,上櫃,3693,營邦,537.00,+36.00,499.50,539.00,488.50,1108000,579448500,944,TPEX_CSV,2026-08-06 14:16:02 +0800
1150806,2026-08-06,上櫃,3707,漢磊,62.10,-0.30,62.80,62.80,59.60,3652000,224032600,2522,TPEX_CSV,2026-08-06 14:16:02 +0800
1150806,2026-08-06,上櫃,3709,鑫聯大投控,79.50,+0.90,79.50,79.50,77.20,1061000,83241700,612,TPEX_CSV,2026-08-06 14:16:02 +0800
1150806,2026-08-06,上櫃,3710,連展投控,5.07,+0.02,4.88,5.20,4.88,594000,2954430,135,TPEX_CSV,2026-08-06 14:16:02 +0800
1150806,2026-08-06,上櫃,3713,新晶投控,14.40,-0.15,14.50,14.50,14.05,6000,85450,6,TPEX_CSV,2026-08-06 14:16:02 +0800
1150806,2026-08-06,上櫃,4102,永日,19.05,-0.05,18.90,19.15,18.70,25000,471750,18,TPEX_CSV,2026-08-06 14:16:02 +0800
1150806,2026-08-06,上櫃,4105,東洋,76.10,-0.50,76.80,76.80,76.10,276000,21062400,226,TPEX_CSV,2026-08-06 14:16:02 +0800
1150806,2026-08-06,上櫃,4107,邦特,113.00,0.00,113.00,113.00,113.00,27000,3051000,20,TPEX_CSV,2026-08-06 14:16:02 +0800
1150806,2026-08-06,上櫃,4109,加捷生醫,11.20,+0.05,11.20,11.25,11.15,63000,705700,33,TPEX_CSV,2026-08-06 14:16:02 +0800
1150806,2026-08-06,上櫃,4111,濟生,29.85,-0.30,29.70,29.90,29.45,200000,5932850,110,TPEX_CSV,2026-08-06 14:16:02 +0800
1150806,2026-08-06,上櫃,4113,聯上,14.75,-0.05,14.70,14.75,14.45,135000,1974850,51,TPEX_CSV,2026-08-06 14:16:02 +0800
1150806,2026-08-06,上櫃,4114,健喬,28.95,0.00,29.00,29.00,28.85,526000,15208200,277,TPEX_CSV,2026-08-06 14:16:02 +0800
1150806,2026-08-06,上櫃,4116,明基醫,40.80,+0.85,40.60,41.00,39.50,159000,6434300,123,TPEX_CSV,2026-08-06 14:16:02 +0800
1150806,2026-08-06,上櫃,4120,友華,49.10,+0.30,48.75,49.30,48.75,51000,2505950,38,TPEX_CSV,2026-08-06 14:16:02 +0800
1150806,2026-08-06,上櫃,4121,優盛,13.00,0.00,13.05,13.10,13.00,37000,481500,20,TPEX_CSV,2026-08-06 14:16:02 +0800
1150806,2026-08-06,上櫃,4123,晟德,38.75,-0.40,39.15,39.15,38.65,1650000,63952450,803,TPEX_CSV,2026-08-06 14:16:02 +0800
1150806,2026-08-06,上櫃,4126,太醫,76.60,+0.60,76.50,77.10,76.30,37000,2840600,36,TPEX_CSV,2026-08-06 14:16:02 +0800
1150806,2026-08-06,上櫃,4127,天良,86.00,+1.10,87.30,89.90,82.60,697000,59748200,568,TPEX_CSV,2026-08-06 14:16:02 +0800
1150806,2026-08-06,上櫃,4128,中天,14.40,-0.15,14.60,14.60,14.30,902000,12996300,399,TPEX_CSV,2026-08-06 14:16:02 +0800
1150806,2026-08-06,上櫃,4129,聯合,84.80,+1.50,84.20,84.80,83.30,42000,3522000,38,TPEX_CSV,2026-08-06 14:16:02 +0800
1150806,2026-08-06,上櫃,4131,浩泰,33.50,-0.20,33.60,33.60,32.40,12000,395800,12,TPEX_CSV,2026-08-06 14:16:02 +0800
1150806,2026-08-06,上櫃,4138,曜亞,51.00,-0.20,50.90,51.00,50.90,9000,458800,8,TPEX_CSV,2026-08-06 14:16:02 +0800
1150806,2026-08-06,上櫃,4139,馬光-KY,39.00,-1.50,38.50,39.00,38.00,14000,543900,14,TPEX_CSV,2026-08-06 14:16:02 +0800
1150806,2026-08-06,上櫃,4147,中裕,58.50,-0.60,59.50,59.50,57.80,323000,18871000,244,TPEX_CSV,2026-08-06 14:16:02 +0800
1150806,2026-08-06,上櫃,4153,鈺緯,32.00,0.00,32.00,32.00,31.50,17000,542100,12,TPEX_CSV,2026-08-06 14:16:02 +0800
1150806,2026-08-06,上櫃,4154,樂威科-KY,11.35,-0.40,11.10,11.45,11.00,4000,44900,4,TPEX_CSV,2026-08-06 14:16:02 +0800
1150806,2026-08-06,上櫃,4157,太景*-KY,8.48,-0.13,8.60,8.60,8.45,523000,4443190,202,TPEX_CSV,2026-08-06 14:16:02 +0800
1150806,2026-08-06,上櫃,4160,訊聯基因,39.95,+0.25,39.70,39.95,39.30,18000,713950,18,TPEX_CSV,2026-08-06 14:16:02 +0800
1150806,2026-08-06,上櫃,4161,聿新科,22.45,-0.10,22.55,22.55,22.20,16000,356800,14,TPEX_CSV,2026-08-06 14:16:02 +0800
1150806,2026-08-06,上櫃,4162,智擎,63.20,-0.50,63.80,63.90,62.80,177000,11175300,160,TPEX_CSV,2026-08-06 14:16:02 +0800
1150806,2026-08-06,上櫃,4163,鐿鈦,134.50,+12.00,134.50,134.50,134.50,97000,13046500,68,TPEX_CSV,2026-08-06 14:16:02 +0800
1150806,2026-08-06,上櫃,4166,友霖,24.95,-0.10,24.85,25.05,24.65,43000,1069850,32,TPEX_CSV,2026-08-06 14:16:02 +0800
1150806,2026-08-06,上櫃,4167,松瑞藥,18.70,+0.50,18.20,18.80,18.05,1220000,22321200,516,TPEX_CSV,2026-08-06 14:16:02 +0800
1150806,2026-08-06,上櫃,4168,醣聯,23.25,+0.40,22.90,23.25,22.70,128000,2947700,57,TPEX_CSV,2026-08-06 14:16:02 +0800
1150806,2026-08-06,上櫃,4171,瑞基,17.20,+0.45,16.85,17.30,16.80,179000,3050800,105,TPEX_CSV,2026-08-06 14:16:02 +0800
1150806,2026-08-06,上櫃,4173,久裕,17.70,+0.10,17.80,17.80,17.55,47000,830700,37,TPEX_CSV,2026-08-06 14:16:02 +0800
1150806,2026-08-06,上櫃,4174,浩鼎,25.95,-0.30,26.40,26.80,25.80,248000,6463000,156,TPEX_CSV,2026-08-06 14:16:02 +0800
1150806,2026-08-06,上櫃,4175,杏一,----,---,----,----,----,0,0,0,TPEX_CSV,2026-08-06 14:16:02 +0800
1150806,2026-08-06,上櫃,4183,福永生技,----,---,----,----,----,0,0,0,TPEX_CSV,2026-08-06 14:16:02 +0800
1150806,2026-08-06,上櫃,4188,安克,10.10,+0.10,10.30,10.30,10.10,31000,315500,22,TPEX_CSV,2026-08-06 14:16:02 +0800
1150806,2026-08-06,上櫃,4192,杏國,19.15,-0.05,19.00,19.15,18.60,9000,170050,9,TPEX_CSV,2026-08-06 14:16:02 +0800
1150806,2026-08-06,上櫃,4198,欣大健康,----,---,----,----,----,0,0,0,TPEX_CSV,2026-08-06 14:16:02 +0800
1150806,2026-08-06,上櫃,4205,中華食,69.60,+0.60,69.40,69.70,69.40,14000,974200,13,TPEX_CSV,2026-08-06 14:16:02 +0800
1150806,2026-08-06,上櫃,4207,環泰,19.85,0.00,19.50,19.85,19.45,21000,414900,11,TPEX_CSV,2026-08-06 14:16:02 +0800
1150806,2026-08-06,上櫃,4303,信立,45.20,+1.25,44.35,45.50,43.85,591000,26509300,410,TPEX_CSV,2026-08-06 14:16:02 +0800
1150806,2026-08-06,上櫃,4304,勝昱,15.90,0.00,16.00,16.20,15.35,25000,397550,14,TPEX_CSV,2026-08-06 14:16:02 +0800
1150806,2026-08-06,上櫃,4305,世坤,43.95,+1.35,43.45,44.00,43.45,3000,131400,3,TPEX_CSV,2026-08-06 14:16:02 +0800
1150806,2026-08-06,上櫃,4401,東隆興,13.80,-0.10,14.10,14.10,13.80,17000,235850,12,TPEX_CSV,2026-08-06 14:16:02 +0800
1150806,2026-08-06,上櫃,4402,郡都開發,17.05,+0.15,17.35,17.35,16.95,7000,119600,7,TPEX_CSV,2026-08-06 14:16:02 +0800
1150806,2026-08-06,上櫃,4406,新昕纖,9.95,+0.05,9.89,9.95,9.89,6000,59440,4,TPEX_CSV,2026-08-06 14:16:02 +0800
1150806,2026-08-06,上櫃,4413,飛寶企業,14.75,+0.30,14.45,14.95,14.45,27000,396350,17,TPEX_CSV,2026-08-06 14:16:02 +0800
1150806,2026-08-06,上櫃,4416,三圓,10.60,+0.30,10.25,10.80,10.25,217000,2284900,112,TPEX_CSV,2026-08-06 14:16:02 +0800
1150806,2026-08-06,上櫃,4417,金洲,43.50,+0.30,43.80,43.80,43.25,20000,870450,19,TPEX_CSV,2026-08-06 14:16:02 +0800
1150806,2026-08-06,上櫃,4419,皇家美食,45.20,-0.25,45.10,45.20,45.10,2000,90300,2,TPEX_CSV,2026-08-06 14:16:02 +0800
1150806,2026-08-06,上櫃,4420,光明,35.60,+0.15,35.45,35.80,35.15,34000,1209100,24,TPEX_CSV,2026-08-06 14:16:02 +0800
1150806,2026-08-06,上櫃,4430,耀億,17.35,-0.35,17.75,17.90,17.10,52000,898300,27,TPEX_CSV,2026-08-06 14:16:02 +0800
1150806,2026-08-06,上櫃,4432,銘旺實,16.05,-0.20,16.25,16.25,16.00,33000,530400,24,TPEX_CSV,2026-08-06 14:16:02 +0800
1150806,2026-08-06,上櫃,4433,興采,19.60,0.00,19.65,19.65,19.55,6000,117600,6,TPEX_CSV,2026-08-06 14:16:02 +0800
1150806,2026-08-06,上櫃,4442,竣邦-KY,52.80,-0.30,52.60,54.40,52.50,370000,19712000,290,TPEX_CSV,2026-08-06 14:16:02 +0800
1150806,2026-08-06,上櫃,4502,健信,15.70,0.00,15.65,15.70,15.65,14000,219650,10,TPEX_CSV,2026-08-06 14:16:02 +0800
1150806,2026-08-06,上櫃,4503,金雨,33.45,+0.20,32.95,33.80,32.85,93000,3098000,62,TPEX_CSV,2026-08-06 14:16:02 +0800
1150806,2026-08-06,上櫃,4506,崇友,122.00,-1.00,123.00,123.00,121.50,15000,1830500,13,TPEX_CSV,2026-08-06 14:16:02 +0800
1150806,2026-08-06,上櫃,4510,高鋒,38.85,+0.60,38.60,39.15,37.90,416000,16091050,311,TPEX_CSV,2026-08-06 14:16:02 +0800
1150806,2026-08-06,上櫃,4513,福裕,17.65,+0.05,17.80,18.10,17.50,566000,10047050,355,TPEX_CSV,2026-08-06 14:16:02 +0800
1150806,2026-08-06,上櫃,4523,永彰,25.60,+0.30,25.30,26.00,25.30,82000,2103200,54,TPEX_CSV,2026-08-06 14:16:02 +0800
1150806,2026-08-06,上櫃,4527,方土霖,40.00,+0.65,39.70,40.80,39.55,54000,2163650,36,TPEX_CSV,2026-08-06 14:16:02 +0800
1150806,2026-08-06,上櫃,4528,江興鍛,15.20,0.00,15.25,15.25,15.15,13000,197550,9,TPEX_CSV,2026-08-06 14:16:02 +0800
1150806,2026-08-06,上櫃,4529,淳紳,4.10,-0.15,4.25,4.25,4.10,9000,37170,4,TPEX_CSV,2026-08-06 14:16:02 +0800
1150806,2026-08-06,上櫃,4530,宏易,24.35,0.00,24.35,24.35,24.35,1000,24350,1,TPEX_CSV,2026-08-06 14:16:02 +0800
1150806,2026-08-06,上櫃,4533,協易機,24.90,-0.15,25.00,25.00,24.50,201000,4990400,137,TPEX_CSV,2026-08-06 14:16:02 +0800
1150806,2026-08-06,上櫃,4534,慶騰,34.15,-0.85,35.00,35.50,32.55,1250000,42470400,713,TPEX_CSV,2026-08-06 14:16:02 +0800
1150806,2026-08-06,上櫃,4535,至興,28.10,-0.35,28.45,28.45,28.10,5000,140950,5,TPEX_CSV,2026-08-06 14:16:02 +0800
1150806,2026-08-06,上櫃,4538,大詠城,17.55,+0.20,17.40,17.60,17.35,23000,401750,23,TPEX_CSV,2026-08-06 14:16:02 +0800
1150806,2026-08-06,上櫃,4541,晟田,63.70,-2.30,66.40,67.00,63.70,2643000,170818800,2009,TPEX_CSV,2026-08-06 14:16:02 +0800
1150806,2026-08-06,上櫃,4542,科嶠,307.00,+0.50,311.00,329.50,297.50,2670000,833088000,2278,TPEX_CSV,2026-08-06 14:16:02 +0800
1150806,2026-08-06,上櫃,4543,萬在,32.40,+1.30,30.85,32.50,30.85,168000,5329900,110,TPEX_CSV,2026-08-06 14:16:02 +0800
1150806,2026-08-06,上櫃,4549,桓達,90.80,+0.40,90.60,92.00,89.80,125000,11365700,90,TPEX_CSV,2026-08-06 14:16:02 +0800
1150806,2026-08-06,上櫃,4550,長佳,24.40,-0.50,24.50,24.55,24.40,8000,195800,7,TPEX_CSV,2026-08-06 14:16:02 +0800
1150806,2026-08-06,上櫃,4554,橙的,30.80,0.00,30.55,30.85,30.55,6000,184600,6,TPEX_CSV,2026-08-06 14:16:02 +0800
1150806,2026-08-06,上櫃,4556,旭然,83.10,-1.40,85.30,85.50,83.00,134000,11254600,111,TPEX_CSV,2026-08-06 14:16:02 +0800
1150806,2026-08-06,上櫃,4558,寶緯,16.85,+0.85,16.10,16.85,16.10,36000,586450,21,TPEX_CSV,2026-08-06 14:16:02 +0800
1150806,2026-08-06,上櫃,4561,健椿,39.90,+3.60,38.70,39.90,36.95,388000,15202650,244,TPEX_CSV,2026-08-06 14:16:02 +0800
1150806,2026-08-06,上櫃,4563,百德,40.50,+0.90,39.50,40.95,39.35,72000,2913700,51,TPEX_CSV,2026-08-06 14:16:02 +0800
1150806,2026-08-06,上櫃,4568,科際精密,39.50,+0.05,39.45,39.65,39.45,5000,197550,5,TPEX_CSV,2026-08-06 14:16:02 +0800
1150806,2026-08-06,上櫃,4577,達航科技,77.80,+2.00,75.80,80.40,74.00,530000,40935600,405,TPEX_CSV,2026-08-06 14:16:02 +0800
1150806,2026-08-06,上櫃,4580,捷流閥業,80.50,-0.20,80.70,81.00,80.20,16000,1289700,15,TPEX_CSV,2026-08-06 14:16:02 +0800
1150806,2026-08-06,上櫃,4584,君帆,----,---,----,----,----,0,0,0,TPEX_CSV,2026-08-06 14:16:02 +0800
1150806,2026-08-06,上櫃,4609,唐鋒,----,---,----,----,----,0,0,0,TPEX_CSV,2026-08-06 14:16:02 +0800
1150806,2026-08-06,上櫃,4702,中美實,9.51,-0.08,9.60,9.61,9.51,30000,286540,16,TPEX_CSV,2026-08-06 14:16:02 +0800
1150806,2026-08-06,上櫃,4706,大恭,----,---,----,----,----,0,0,0,TPEX_CSV,2026-08-06 14:16:02 +0800
1150806,2026-08-06,上櫃,4707,磐亞,33.85,+3.00,32.00,33.90,30.65,12923000,414326150,6838,TPEX_CSV,2026-08-06 14:16:02 +0800
1150806,2026-08-06,上櫃,4711,永純,16.10,+0.10,16.20,16.25,15.80,16000,255500,13,TPEX_CSV,2026-08-06 14:16:02 +0800
1150806,2026-08-06,上櫃,4714,永捷,10.55,+0.15,10.45,10.65,10.40,850000,8967150,373,TPEX_CSV,2026-08-06 14:16:02 +0800
1150806,2026-08-06,上櫃,4716,大立,17.20,+0.20,16.90,17.60,16.80,452000,7764700,249,TPEX_CSV,2026-08-06 14:16:02 +0800
1150806,2026-08-06,上櫃,4721,美琪瑪,72.00,+0.60,72.00,72.80,70.70,361000,25956100,273,TPEX_CSV,2026-08-06 14:16:02 +0800
1150806,2026-08-06,上櫃,4726,永昕,24.45,-0.55,25.00,25.00,24.40,105000,2591650,60,TPEX_CSV,2026-08-06 14:16:02 +0800
1150806,2026-08-06,上櫃,4728,雙美,393.50,+5.50,388.00,400.00,388.00,10000,3957000,10,TPEX_CSV,2026-08-06 14:16:02 +0800
1150806,2026-08-06,上櫃,4729,熒茂,19.75,+0.35,19.40,19.85,19.10,158000,3088500,118,TPEX_CSV,2026-08-06 14:16:02 +0800
1150806,2026-08-06,上櫃,4735,豪展,30.90,+0.55,30.60,31.00,30.45,44000,1352750,34,TPEX_CSV,2026-08-06 14:16:02 +0800
1150806,2026-08-06,上櫃,4741,泓瀚,44.35,-1.25,45.50,46.00,43.95,159000,7108350,151,TPEX_CSV,2026-08-06 14:16:02 +0800
1150806,2026-08-06,上櫃,4743,合一,45.55,-0.20,45.70,45.95,44.45,1433000,64503900,980,TPEX_CSV,2026-08-06 14:16:02 +0800
1150806,2026-08-06,上櫃,4744,皇將,28.25,+0.75,27.70,28.25,27.60,19000,531400,17,TPEX_CSV,2026-08-06 14:16:02 +0800
1150806,2026-08-06,上櫃,4745,合富-KY,12.10,+0.10,11.90,12.10,11.90,42000,504650,21,TPEX_CSV,2026-08-06 14:16:02 +0800
1150806,2026-08-06,上櫃,4747,強生,49.90,-0.90,50.80,50.80,49.90,47000,2370650,21,TPEX_CSV,2026-08-06 14:16:02 +0800
1150806,2026-08-06,上櫃,4749,新應材,823.00,+29.00,802.00,832.00,786.00,906000,737501000,844,TPEX_CSV,2026-08-06 14:16:02 +0800
1150806,2026-08-06,上櫃,4754,國碳科,36.30,-0.20,36.40,36.40,36.30,9000,326950,8,TPEX_CSV,2026-08-06 14:16:02 +0800
1150806,2026-08-06,上櫃,4760,勤凱,249.50,+3.50,244.50,253.00,236.00,393000,96355000,323,TPEX_CSV,2026-08-06 14:16:02 +0800
1150806,2026-08-06,上櫃,4767,誠泰科技,26.65,-0.05,26.70,26.70,26.50,11000,292250,11,TPEX_CSV,2026-08-06 14:16:02 +0800
1150806,2026-08-06,上櫃,4768,晶呈科技,301.00,+4.00,297.00,303.50,287.00,328000,97473000,296,TPEX_CSV,2026-08-06 14:16:02 +0800
1150806,2026-08-06,上櫃,4772,台特化,240.50,+3.50,237.50,242.00,229.00,474000,112238500,398,TPEX_CSV,2026-08-06 14:16:02 +0800
1150806,2026-08-06,上櫃,4806,桂田文創,10.20,0.00,9.91,10.20,9.91,4000,40110,3,TPEX_CSV,2026-08-06 14:16:02 +0800
1150806,2026-08-06,上櫃,4903,聯光通,39.00,-1.65,40.20,40.60,39.00,1730000,68705650,1213,TPEX_CSV,2026-08-06 14:16:02 +0800
1150806,2026-08-06,上櫃,4905,台聯電,65.70,-0.60,65.50,66.00,63.60,6000,390700,6,TPEX_CSV,2026-08-06 14:16:02 +0800
1150806,2026-08-06,上櫃,4907,富宇,45.00,-0.40,45.25,45.45,44.50,216000,9698900,135,TPEX_CSV,2026-08-06 14:16:02 +0800
1150806,2026-08-06,上櫃,4908,前鼎,157.00,-8.50,169.00,173.00,157.00,5301000,871878000,4094,TPEX_CSV,2026-08-06 14:16:02 +0800
1150806,2026-08-06,上櫃,4909,新復興,38.35,+0.05,38.30,38.60,37.30,285000,10855450,206,TPEX_CSV,2026-08-06 14:16:02 +0800
1150806,2026-08-06,上櫃,4911,德英,28.15,-0.30,29.00,29.00,28.00,89000,2508550,55,TPEX_CSV,2026-08-06 14:16:02 +0800
1150806,2026-08-06,上櫃,4923,力士,44.40,-1.90,44.95,45.30,43.10,430000,18980900,340,TPEX_CSV,2026-08-06 14:16:02 +0800
1150806,2026-08-06,上櫃,4924,欣厚-KY,10.00,-0.10,10.20,10.20,10.00,22000,220850,19,TPEX_CSV,2026-08-06 14:16:02 +0800
1150806,2026-08-06,上櫃,4931,新盛力,218.50,+19.50,197.00,218.50,197.00,5707000,1227158000,3513,TPEX_CSV,2026-08-06 14:16:02 +0800
1150806,2026-08-06,上櫃,4933,友輝,56.80,-0.40,56.80,57.20,56.30,68000,3853000,62,TPEX_CSV,2026-08-06 14:16:02 +0800
1150806,2026-08-06,上櫃,4939,亞電,61.40,+2.00,59.40,65.00,59.30,17629000,1098583300,11787,TPEX_CSV,2026-08-06 14:16:02 +0800
1150806,2026-08-06,上櫃,4946,辣椒,79.00,+7.10,72.70,79.00,72.00,42000,3156100,34,TPEX_CSV,2026-08-06 14:16:02 +0800
1150806,2026-08-06,上櫃,4950,金耘國際,15.65,+0.05,15.50,16.00,15.50,23000,361800,8,TPEX_CSV,2026-08-06 14:16:02 +0800
1150806,2026-08-06,上櫃,4951,精拓科,80.50,-0.70,81.50,82.00,79.80,131000,10565400,101,TPEX_CSV,2026-08-06 14:16:02 +0800
1150806,2026-08-06,上櫃,4953,緯致,127.50,-2.50,130.00,131.00,126.50,321000,41054500,251,TPEX_CSV,2026-08-06 14:16:02 +0800
1150806,2026-08-06,上櫃,4966,譜瑞-KY,605.00,-13.00,610.00,612.00,594.00,1433000,865247000,1285,TPEX_CSV,2026-08-06 14:16:02 +0800
1150806,2026-08-06,上櫃,4971,IET-KY,480.00,+18.00,465.00,508.00,459.00,4385000,2150289000,3631,TPEX_CSV,2026-08-06 14:16:02 +0800
1150806,2026-08-06,上櫃,4972,湯石照明,16.50,+0.05,16.45,16.50,16.45,17000,279950,9,TPEX_CSV,2026-08-06 14:16:02 +0800
1150806,2026-08-06,上櫃,4973,廣穎,162.50,+14.50,146.50,162.50,143.00,5235000,823951000,3563,TPEX_CSV,2026-08-06 14:16:02 +0800
1150806,2026-08-06,上櫃,4974,亞泰,68.40,-0.30,69.10,69.10,67.80,44000,3000000,37,TPEX_CSV,2026-08-06 14:16:02 +0800
1150806,2026-08-06,上櫃,4979,華星光,488.00,-4.00,472.50,494.50,472.50,3150000,1523325000,2186,TPEX_CSV,2026-08-06 14:16:02 +0800
1150806,2026-08-06,上櫃,4991,環宇-KY,442.00,-27.00,422.50,452.50,422.50,1630000,713412000,1225,TPEX_CSV,2026-08-06 14:16:02 +0800
1150806,2026-08-06,上櫃,4995,晶達,48.65,-0.80,49.60,49.60,48.20,20000,972600,20,TPEX_CSV,2026-08-06 14:16:02 +0800
1150806,2026-08-06,上櫃,5009,榮剛,32.50,-0.80,33.25,33.25,32.40,2080000,67992300,1073,TPEX_CSV,2026-08-06 14:16:02 +0800
1150806,2026-08-06,上櫃,5011,久陽,18.40,+0.65,18.15,18.65,17.65,255000,4639000,156,TPEX_CSV,2026-08-06 14:16:02 +0800
1150806,2026-08-06,上櫃,5013,強新,25.40,+0.75,25.40,25.40,25.40,1000,25400,1,TPEX_CSV,2026-08-06 14:16:02 +0800
1150806,2026-08-06,上櫃,5014,建錩,10.65,+0.30,10.30,10.80,10.30,482000,5116300,159,TPEX_CSV,2026-08-06 14:16:02 +0800
1150806,2026-08-06,上櫃,5015,華祺,21.30,+0.20,21.15,21.30,21.15,9000,190700,5,TPEX_CSV,2026-08-06 14:16:02 +0800
1150806,2026-08-06,上櫃,5016,松和,24.05,0.00,24.00,24.05,24.00,4000,96050,2,TPEX_CSV,2026-08-06 14:16:02 +0800
1150806,2026-08-06,上櫃,5201,凱衛,26.65,+0.05,26.75,26.75,26.65,8000,213800,5,TPEX_CSV,2026-08-06 14:16:02 +0800
1150806,2026-08-06,上櫃,5202,力新,12.40,-0.10,12.45,12.55,12.15,226000,2801200,98,TPEX_CSV,2026-08-06 14:16:02 +0800
1150806,2026-08-06,上櫃,5205,中茂,21.85,0.00,21.85,21.85,21.85,5000,109250,1,TPEX_CSV,2026-08-06 14:16:02 +0800
1150806,2026-08-06,上櫃,5206,坤悅,21.25,+0.35,20.95,21.25,20.95,87000,1837650,64,TPEX_CSV,2026-08-06 14:16:02 +0800
1150806,2026-08-06,上櫃,5209,新鼎,157.00,-2.00,157.50,157.50,156.00,37000,5805500,20,TPEX_CSV,2026-08-06 14:16:02 +0800
1150806,2026-08-06,上櫃,5210,寶碩,27.80,-0.25,28.05,28.15,27.30,196000,5437200,130,TPEX_CSV,2026-08-06 14:16:02 +0800
1150806,2026-08-06,上櫃,5211,蒙恬,19.80,-0.10,19.75,19.80,19.55,13000,256200,11,TPEX_CSV,2026-08-06 14:16:02 +0800
1150806,2026-08-06,上櫃,5212,凌網,47.00,0.00,47.00,47.00,47.00,3000,141000,3,TPEX_CSV,2026-08-06 14:16:02 +0800
1150806,2026-08-06,上櫃,5213,亞昕,20.95,-0.30,21.35,21.35,20.80,412000,8616450,237,TPEX_CSV,2026-08-06 14:16:02 +0800
1150806,2026-08-06,上櫃,5220,萬達光電,20.50,0.00,20.60,20.60,20.05,32000,648650,18,TPEX_CSV,2026-08-06 14:16:02 +0800
1150806,2026-08-06,上櫃,5223,安力-KY,22.95,+0.10,23.35,23.35,22.85,7000,162000,7,TPEX_CSV,2026-08-06 14:16:02 +0800
1150806,2026-08-06,上櫃,5227,立凱-KY,34.00,-0.05,33.95,34.35,32.85,372000,12463700,249,TPEX_CSV,2026-08-06 14:16:02 +0800
1150806,2026-08-06,上櫃,5228,鈺鎧,43.65,+3.95,39.00,43.65,38.35,406000,16816800,302,TPEX_CSV,2026-08-06 14:16:02 +0800
1150806,2026-08-06,上櫃,5230,雷笛克光學,17.40,-0.45,17.85,17.85,17.25,216000,3771500,124,TPEX_CSV,2026-08-06 14:16:02 +0800
1150806,2026-08-06,上櫃,5245,智晶,23.00,+0.10,22.90,23.00,22.50,43000,981050,41,TPEX_CSV,2026-08-06 14:16:02 +0800
1150806,2026-08-06,上櫃,5251,天鉞電,25.90,-0.20,26.10,26.10,25.40,23000,592300,23,TPEX_CSV,2026-08-06 14:16:02 +0800
1150806,2026-08-06,上櫃,5263,智崴,92.40,-0.40,92.90,93.00,91.80,98000,9050600,82,TPEX_CSV,2026-08-06 14:16:02 +0800
1150806,2026-08-06,上櫃,5272,笙科,18.25,+0.75,17.85,19.25,17.85,1031000,19300150,663,TPEX_CSV,2026-08-06 14:16:02 +0800
1150806,2026-08-06,上櫃,5274,信驊,16750.00,+730.00,16625.00,17000.00,16000.00,318000,5305905000,315,TPEX_CSV,2026-08-06 14:16:02 +0800
1150806,2026-08-06,上櫃,5276,達輝-KY,19.05,-0.50,19.05,19.05,19.05,1000,19050,1,TPEX_CSV,2026-08-06 14:16:02 +0800
1150806,2026-08-06,上櫃,5278,尚凡*,24.65,+0.25,24.40,24.70,24.35,50000,1226650,39,TPEX_CSV,2026-08-06 14:16:02 +0800
1150806,2026-08-06,上櫃,5287,數字,146.50,0.00,147.50,148.00,145.50,23000,3369000,22,TPEX_CSV,2026-08-06 14:16:02 +0800
1150806,2026-08-06,上櫃,5289,宜鼎,1610.00,+145.00,1435.00,1610.00,1435.00,3469000,5353690000,2940,TPEX_CSV,2026-08-06 14:16:02 +0800
1150806,2026-08-06,上櫃,5291,邑昇,51.00,+1.45,50.00,51.80,48.20,186000,9342000,145,TPEX_CSV,2026-08-06 14:16:02 +0800
1150806,2026-08-06,上櫃,5299,杰力,103.00,-2.00,105.00,105.00,100.50,443000,45471500,381,TPEX_CSV,2026-08-06 14:16:02 +0800
1150806,2026-08-06,上櫃,5301,寶得利,5.20,-0.06,5.26,5.35,5.20,11000,57970,7,TPEX_CSV,2026-08-06 14:16:02 +0800
1150806,2026-08-06,上櫃,5302,太欣,10.10,-0.10,10.30,10.30,10.00,366000,3695700,136,TPEX_CSV,2026-08-06 14:16:02 +0800
1150806,2026-08-06,上櫃,5309,系統電,53.20,+0.50,52.70,54.60,52.20,3400000,182122200,2252,TPEX_CSV,2026-08-06 14:16:02 +0800
1150806,2026-08-06,上櫃,5310,天剛,25.00,0.00,25.00,25.00,25.00,2000,50000,2,TPEX_CSV,2026-08-06 14:16:02 +0800
1150806,2026-08-06,上櫃,5312,寶島科,90.30,-0.20,90.10,90.60,89.80,66000,5946100,39,TPEX_CSV,2026-08-06 14:16:02 +0800
1150806,2026-08-06,上櫃,5314,世紀*,59.50,+2.70,56.80,59.80,56.00,3960000,230829600,2565,TPEX_CSV,2026-08-06 14:16:02 +0800
1150806,2026-08-06,上櫃,5315,光聯,19.25,-0.10,19.20,19.25,19.00,123000,2352750,64,TPEX_CSV,2026-08-06 14:16:02 +0800
1150806,2026-08-06,上櫃,5321,美而快,54.30,+1.30,53.20,55.10,52.60,189000,10235400,133,TPEX_CSV,2026-08-06 14:16:02 +0800
1150806,2026-08-06,上櫃,5324,士開,12.40,+0.10,12.25,12.45,12.10,622000,7620700,77,TPEX_CSV,2026-08-06 14:16:02 +0800
1150806,2026-08-06,上櫃,5328,華容,62.90,-3.00,65.90,65.90,61.80,12527000,795163000,8636,TPEX_CSV,2026-08-06 14:16:02 +0800
1150806,2026-08-06,上櫃,5340,建榮,71.40,-4.30,74.10,76.60,70.60,4722000,344330900,3552,TPEX_CSV,2026-08-06 14:16:02 +0800
1150806,2026-08-06,上櫃,5344,立衛,14.35,-0.05,14.40,14.40,14.30,14000,200900,10,TPEX_CSV,2026-08-06 14:16:02 +0800
1150806,2026-08-06,上櫃,5345,馥鴻,22.80,-1.35,24.15,24.30,22.20,31000,715100,24,TPEX_CSV,2026-08-06 14:16:02 +0800
1150806,2026-08-06,上櫃,5347,世界,151.50,-5.50,158.00,160.00,149.50,36125000,5502600500,19923,TPEX_CSV,2026-08-06 14:16:02 +0800
1150806,2026-08-06,上櫃,5348,正能量智能,----,---,----,----,----,0,0,0,TPEX_CSV,2026-08-06 14:16:02 +0800
1150806,2026-08-06,上櫃,5351,鈺創,103.00,+6.50,95.90,103.00,95.80,48375000,4840830800,29536,TPEX_CSV,2026-08-06 14:16:02 +0800
1150806,2026-08-06,上櫃,5353,台林,28.80,+0.40,28.50,28.80,28.20,35000,994000,27,TPEX_CSV,2026-08-06 14:16:02 +0800
1150806,2026-08-06,上櫃,5355,佳總,5.53,-0.27,5.80,5.80,5.52,35000,196340,13,TPEX_CSV,2026-08-06 14:16:02 +0800
1150806,2026-08-06,上櫃,5356,協益,24.40,-0.05,24.55,24.70,24.35,29000,708200,24,TPEX_CSV,2026-08-06 14:16:02 +0800
1150806,2026-08-06,上櫃,5364,力麗店,8.73,-0.07,8.92,8.92,8.72,35000,307350,24,TPEX_CSV,2026-08-06 14:16:02 +0800
1150806,2026-08-06,上櫃,5371,中光電,86.70,-3.80,89.40,89.90,86.40,10592000,928744700,7185,TPEX_CSV,2026-08-06 14:16:02 +0800
1150806,2026-08-06,上櫃,5381,光譜,23.75,-0.40,24.15,24.15,23.20,394000,9302500,231,TPEX_CSV,2026-08-06 14:16:02 +0800
1150806,2026-08-06,上櫃,5386,青雲,271.00,+13.50,252.00,274.50,252.00,1049000,277125000,923,TPEX_CSV,2026-08-06 14:16:02 +0800
1150806,2026-08-06,上櫃,5392,能率,46.20,-0.20,46.70,47.60,46.00,7450000,348578750,4641,TPEX_CSV,2026-08-06 14:16:02 +0800
1150806,2026-08-06,上櫃,5398,慕康生醫,14.10,+0.10,14.20,14.45,13.90,69000,966450,32,TPEX_CSV,2026-08-06 14:16:02 +0800
1150806,2026-08-06,上櫃,5403,中菲,91.70,0.00,91.80,92.60,91.70,32000,2941500,20,TPEX_CSV,2026-08-06 14:16:02 +0800
1150806,2026-08-06,上櫃,5410,國眾,37.50,+1.10,36.70,37.50,36.20,436000,16080950,292,TPEX_CSV,2026-08-06 14:16:02 +0800
1150806,2026-08-06,上櫃,5425,台半,84.90,+1.40,83.40,85.10,80.10,6442000,536919000,4543,TPEX_CSV,2026-08-06 14:16:02 +0800
1150806,2026-08-06,上櫃,5426,振發,26.20,+0.50,25.85,26.40,25.25,326000,8434300,248,TPEX_CSV,2026-08-06 14:16:02 +0800
1150806,2026-08-06,上櫃,5432,新門,108.00,-0.50,109.00,112.50,107.50,79000,8659000,57,TPEX_CSV,2026-08-06 14:16:02 +0800
1150806,2026-08-06,上櫃,5438,東友,17.00,-0.40,17.30,17.30,16.75,145000,2464000,61,TPEX_CSV,2026-08-06 14:16:02 +0800
1150806,2026-08-06,上櫃,5439,高技,236.00,+10.00,226.50,241.50,217.00,3043000,707266500,2207,TPEX_CSV,2026-08-06 14:16:02 +0800
1150806,2026-08-06,上櫃,5443,均豪,95.20,+0.50,94.80,95.50,92.30,690000,64778700,524,TPEX_CSV,2026-08-06 14:16:02 +0800
1150806,2026-08-06,上櫃,5450,南良,14.20,+0.20,14.15,14.20,14.00,50000,707050,39,TPEX_CSV,2026-08-06 14:16:02 +0800
1150806,2026-08-06,上櫃,5452,佶優,26.45,-0.05,26.70,26.70,25.80,297000,7784950,226,TPEX_CSV,2026-08-06 14:16:02 +0800
1150806,2026-08-06,上櫃,5455,昇益,28.50,-0.05,28.50,28.50,28.50,1000,28500,1,TPEX_CSV,2026-08-06 14:16:02 +0800
1150806,2026-08-06,上櫃,5457,宣德,28.40,-0.05,28.40,28.60,27.85,268000,7600050,182,TPEX_CSV,2026-08-06 14:16:02 +0800
1150806,2026-08-06,上櫃,5460,同協,15.90,-0.10,15.95,16.00,15.80,56000,891300,36,TPEX_CSV,2026-08-06 14:16:02 +0800
1150806,2026-08-06,上櫃,5464,霖宏,67.60,+5.00,64.50,68.80,60.70,1181000,79160200,716,TPEX_CSV,2026-08-06 14:16:02 +0800
1150806,2026-08-06,上櫃,5465,富驊,21.60,-0.15,21.75,21.75,21.25,63000,1348150,37,TPEX_CSV,2026-08-06 14:16:02 +0800
1150806,2026-08-06,上櫃,5468,凱鈺,25.55,+0.10,24.75,26.15,24.40,124000,3097350,85,TPEX_CSV,2026-08-06 14:16:02 +0800
1150806,2026-08-06,上櫃,5474,聰泰,148.50,-0.50,150.00,153.00,148.50,132000,19775000,117,TPEX_CSV,2026-08-06 14:16:02 +0800
1150806,2026-08-06,上櫃,5475,德宏,123.00,-1.50,121.50,127.50,119.00,5435000,666720500,4069,TPEX_CSV,2026-08-06 14:16:02 +0800
1150806,2026-08-06,上櫃,5478,智冠,99.00,+0.10,98.60,99.20,98.30,51000,5045500,46,TPEX_CSV,2026-08-06 14:16:02 +0800
1150806,2026-08-06,上櫃,5481,新華,19.80,-0.15,20.15,20.15,19.75,15000,297800,14,TPEX_CSV,2026-08-06 14:16:02 +0800
1150806,2026-08-06,上櫃,5483,中美晶,177.50,-0.50,176.50,179.00,170.00,19193000,3362751500,12307,TPEX_CSV,2026-08-06 14:16:02 +0800
1150806,2026-08-06,上櫃,5487,通泰,28.95,-0.05,29.15,29.20,28.70,62000,1793450,49,TPEX_CSV,2026-08-06 14:16:02 +0800
1150806,2026-08-06,上櫃,5488,松普,13.20,-0.20,13.50,13.50,13.00,433000,5706800,194,TPEX_CSV,2026-08-06 14:16:02 +0800
1150806,2026-08-06,上櫃,5489,彩富,43.40,+0.85,42.55,43.50,41.90,44000,1882950,34,TPEX_CSV,2026-08-06 14:16:02 +0800
1150806,2026-08-06,上櫃,5490,同亨,33.35,+1.35,32.00,33.35,31.80,1730000,56507400,1111,TPEX_CSV,2026-08-06 14:16:02 +0800
1150806,2026-08-06,上櫃,5493,三聯,78.20,+0.20,79.00,79.00,77.00,46000,3595800,36,TPEX_CSV,2026-08-06 14:16:02 +0800
1150806,2026-08-06,上櫃,5498,凱崴,50.10,+2.45,47.90,50.90,46.10,2275000,111244300,1719,TPEX_CSV,2026-08-06 14:16:02 +0800
1150806,2026-08-06,上櫃,5508,永信建,51.90,+0.60,51.70,52.10,50.40,330000,16908300,220,TPEX_CSV,2026-08-06 14:16:02 +0800
1150806,2026-08-06,上櫃,5511,德昌,70.10,+0.50,69.40,70.90,69.40,91000,6394700,73,TPEX_CSV,2026-08-06 14:16:02 +0800
1150806,2026-08-06,上櫃,5512,力麒,7.72,+0.06,7.67,7.72,7.63,302000,2315500,120,TPEX_CSV,2026-08-06 14:16:02 +0800
1150806,2026-08-06,上櫃,5514,三豐,13.55,-0.20,13.60,14.00,13.45,32000,434650,29,TPEX_CSV,2026-08-06 14:16:02 +0800
1150806,2026-08-06,上櫃,5516,雙喜,11.95,+0.35,11.40,12.65,11.35,120000,1448600,81,TPEX_CSV,2026-08-06 14:16:02 +0800
1150806,2026-08-06,上櫃,5520,力泰,----,---,----,----,----,0,0,0,TPEX_CSV,2026-08-06 14:16:02 +0800
1150806,2026-08-06,上櫃,5523,豐謙,30.35,0.00,30.20,30.35,30.20,9000,273000,5,TPEX_CSV,2026-08-06 14:16:02 +0800
1150806,2026-08-06,上櫃,5529,鉅陞,21.20,-0.30,21.50,21.50,21.20,74000,1579450,34,TPEX_CSV,2026-08-06 14:16:02 +0800
1150806,2026-08-06,上櫃,5530,龍巖,47.25,-0.25,47.50,47.50,47.05,178000,8404200,128,TPEX_CSV,2026-08-06 14:16:02 +0800
1150806,2026-08-06,上櫃,5536,聖暉*,1070.00,+50.00,1015.00,1110.00,1010.00,501000,533130000,445,TPEX_CSV,2026-08-06 14:16:02 +0800
1150806,2026-08-06,上櫃,5543,桓鼎-KY,26.45,-1.15,25.35,26.45,24.85,48000,1217900,25,TPEX_CSV,2026-08-06 14:16:02 +0800
1150806,2026-08-06,上櫃,5547,久舜,19.60,-0.20,19.75,19.80,19.60,5000,98550,4,TPEX_CSV,2026-08-06 14:16:02 +0800
1150806,2026-08-06,上櫃,5548,安倉,20.45,+0.20,20.25,20.50,20.25,16000,326550,8,TPEX_CSV,2026-08-06 14:16:02 +0800
1150806,2026-08-06,上櫃,5601,台聯櫃,28.90,0.00,28.90,28.90,28.90,11000,317900,4,TPEX_CSV,2026-08-06 14:16:02 +0800
1150806,2026-08-06,上櫃,5603,陸海,14.15,+0.05,14.00,14.15,14.00,16000,225450,11,TPEX_CSV,2026-08-06 14:16:02 +0800
1150806,2026-08-06,上櫃,5604,中連,30.40,+0.35,30.30,30.40,30.30,6000,182100,4,TPEX_CSV,2026-08-06 14:16:02 +0800
1150806,2026-08-06,上櫃,5609,中菲行,78.90,+0.80,78.30,78.90,78.00,197000,15502900,106,TPEX_CSV,2026-08-06 14:16:02 +0800
1150806,2026-08-06,上櫃,5701,劍湖山,4.25,-0.13,4.32,4.32,4.15,30000,125980,22,TPEX_CSV,2026-08-06 14:16:02 +0800
1150806,2026-08-06,上櫃,5703,亞都,14.20,+0.05,14.20,14.20,14.20,3000,42600,2,TPEX_CSV,2026-08-06 14:16:02 +0800
1150806,2026-08-06,上櫃,5704,老爺知,21.75,-0.10,21.85,21.85,21.75,5000,109100,4,TPEX_CSV,2026-08-06 14:16:02 +0800
1150806,2026-08-06,上櫃,5864,致和證,29.15,-2.00,29.35,29.85,28.50,7475000,216893000,2633,TPEX_CSV,2026-08-06 14:16:02 +0800
1150806,2026-08-06,上櫃,5878,台名,38.20,0.00,38.20,38.20,38.20,9000,343800,6,TPEX_CSV,2026-08-06 14:16:02 +0800
1150806,2026-08-06,上櫃,5902,德記,34.30,0.00,34.30,34.30,34.30,5000,171500,4,TPEX_CSV,2026-08-06 14:16:02 +0800
1150806,2026-08-06,上櫃,5903,全家,183.50,-0.50,185.00,185.00,183.00,29000,5328000,27,TPEX_CSV,2026-08-06 14:16:02 +0800
1150806,2026-08-06,上櫃,5905,南仁湖,8.14,+0.02,8.12,8.20,8.09,302000,2457220,119,TPEX_CSV,2026-08-06 14:16:02 +0800
1150806,2026-08-06,上櫃,6015,宏遠證,15.50,-0.45,15.80,15.80,15.40,1514000,23479100,554,TPEX_CSV,2026-08-06 14:16:02 +0800
1150806,2026-08-06,上櫃,6016,康和證,20.30,-0.60,20.60,20.65,20.05,4001000,81073850,1311,TPEX_CSV,2026-08-06 14:16:02 +0800
1150806,2026-08-06,上櫃,6020,大展證,21.00,-0.05,21.00,21.00,20.80,30000,625850,15,TPEX_CSV,2026-08-06 14:16:02 +0800
1150806,2026-08-06,上櫃,6021,美好證,33.85,-0.65,34.05,34.20,33.25,88000,2970450,71,TPEX_CSV,2026-08-06 14:16:02 +0800
1150806,2026-08-06,上櫃,6023,元大期,87.00,-0.70,87.30,87.60,86.40,251000,21805700,166,TPEX_CSV,2026-08-06 14:16:02 +0800
1150806,2026-08-06,上櫃,6026,福邦證,13.90,-0.25,13.95,14.05,13.80,834000,11611650,378,TPEX_CSV,2026-08-06 14:16:02 +0800
1150806,2026-08-06,上櫃,6028,公勝保經,82.40,+1.40,80.90,82.90,80.90,23000,1890800,21,TPEX_CSV,2026-08-06 14:16:02 +0800
1150806,2026-08-06,上櫃,6101,寬魚國際,35.60,-0.45,36.10,36.45,35.05,127000,4518650,112,TPEX_CSV,2026-08-06 14:16:02 +0800
1150806,2026-08-06,上櫃,6103,合邦,29.05,+0.55,26.85,30.10,26.85,4000,115850,4,TPEX_CSV,2026-08-06 14:16:02 +0800
1150806,2026-08-06,上櫃,6104,創惟,95.00,+0.80,93.60,95.00,92.70,274000,25814400,242,TPEX_CSV,2026-08-06 14:16:02 +0800
1150806,2026-08-06,上櫃,6109,亞元,10.90,-0.15,11.05,11.05,10.80,114000,1239000,59,TPEX_CSV,2026-08-06 14:16:02 +0800
1150806,2026-08-06,上櫃,6111,光聚晶電,36.90,-0.45,37.10,37.10,36.60,121000,4456850,79,TPEX_CSV,2026-08-06 14:16:02 +0800
1150806,2026-08-06,上櫃,6113,亞矽,22.80,+0.35,22.40,22.90,22.20,55000,1244700,43,TPEX_CSV,2026-08-06 14:16:02 +0800
1150806,2026-08-06,上櫃,6114,久威,25.75,0.00,25.75,25.75,25.75,7000,180250,4,TPEX_CSV,2026-08-06 14:16:02 +0800
1150806,2026-08-06,上櫃,6118,建達,15.75,+0.05,15.80,15.85,15.55,43000,672600,39,TPEX_CSV,2026-08-06 14:16:02 +0800
1150806,2026-08-06,上櫃,6121,新普,380.50,+8.00,371.00,381.00,370.00,1034000,389881500,615,TPEX_CSV,2026-08-06 14:16:02 +0800
1150806,2026-08-06,上櫃,6122,擎邦,46.70,+0.80,45.75,46.70,45.20,258000,11874400,156,TPEX_CSV,2026-08-06 14:16:02 +0800
1150806,2026-08-06,上櫃,6123,上奇,42.45,+0.25,42.20,42.50,42.10,20000,846400,14,TPEX_CSV,2026-08-06 14:16:02 +0800
1150806,2026-08-06,上櫃,6124,業強,26.80,0.00,26.95,26.95,26.55,15000,402900,12,TPEX_CSV,2026-08-06 14:16:02 +0800
1150806,2026-08-06,上櫃,6125,廣運,49.05,除息,49.70,49.70,48.15,391000,19138450,297,TPEX_CSV,2026-08-06 14:16:02 +0800
1150806,2026-08-06,上櫃,6126,信音,31.55,+0.05,31.35,31.60,31.05,267000,8379150,154,TPEX_CSV,2026-08-06 14:16:02 +0800
1150806,2026-08-06,上櫃,6127,九豪,50.00,+0.65,49.55,50.10,47.00,2596000,127297300,1780,TPEX_CSV,2026-08-06 14:16:02 +0800
1150806,2026-08-06,上櫃,6129,普誠,15.00,+0.50,14.50,15.10,14.20,516000,7539950,255,TPEX_CSV,2026-08-06 14:16:02 +0800
1150806,2026-08-06,上櫃,6130,上亞科技,24.10,+0.30,23.90,24.35,23.80,44000,1059400,29,TPEX_CSV,2026-08-06 14:16:02 +0800
1150806,2026-08-06,上櫃,6134,萬旭,27.15,-0.05,27.05,27.60,26.25,288000,7761300,175,TPEX_CSV,2026-08-06 14:16:02 +0800
1150806,2026-08-06,上櫃,6138,茂達,288.50,-1.00,290.00,292.50,279.50,963000,276400500,724,TPEX_CSV,2026-08-06 14:16:02 +0800
1150806,2026-08-06,上櫃,6140,訊達,16.60,-0.20,16.60,16.80,16.30,52000,857200,31,TPEX_CSV,2026-08-06 14:16:02 +0800
1150806,2026-08-06,上櫃,6143,振曜,94.00,+0.20,93.60,94.00,92.70,199000,18607500,167,TPEX_CSV,2026-08-06 14:16:02 +0800
1150806,2026-08-06,上櫃,6144,得利影,13.20,+0.05,13.55,13.55,12.85,13000,169550,11,TPEX_CSV,2026-08-06 14:16:02 +0800
1150806,2026-08-06,上櫃,6146,耕興,190.00,-4.00,190.00,191.50,187.00,370000,70007500,337,TPEX_CSV,2026-08-06 14:16:02 +0800
1150806,2026-08-06,上櫃,6147,頎邦,151.00,-7.50,153.00,154.50,146.50,28395000,4275426500,15399,TPEX_CSV,2026-08-06 14:16:02 +0800
1150806,2026-08-06,上櫃,6148,驊宏資,28.05,-1.65,29.15,29.15,27.75,718000,20371550,472,TPEX_CSV,2026-08-06 14:16:02 +0800
1150806,2026-08-06,上櫃,6150,撼訊,57.40,-1.30,58.70,58.70,57.40,130000,7512500,110,TPEX_CSV,2026-08-06 14:16:02 +0800
1150806,2026-08-06,上櫃,6151,晉倫,35.00,+0.30,34.80,35.00,34.40,105000,3650200,64,TPEX_CSV,2026-08-06 14:16:02 +0800
1150806,2026-08-06,上櫃,6154,順發,13.75,+0.20,13.80,13.80,13.65,31000,426150,14,TPEX_CSV,2026-08-06 14:16:02 +0800
1150806,2026-08-06,上櫃,6156,松上,20.70,-1.65,21.30,21.30,20.15,3230000,65884650,1423,TPEX_CSV,2026-08-06 14:16:02 +0800
1150806,2026-08-06,上櫃,6158,禾昌,16.85,-0.35,17.05,17.20,16.70,96000,1619250,52,TPEX_CSV,2026-08-06 14:16:02 +0800
1150806,2026-08-06,上櫃,6160,欣技,14.15,-0.20,14.35,14.35,14.05,33000,465900,25,TPEX_CSV,2026-08-06 14:16:02 +0800
1150806,2026-08-06,上櫃,6161,捷波,55.90,+0.30,55.50,57.60,55.20,966000,54234000,701,TPEX_CSV,2026-08-06 14:16:02 +0800
1150806,2026-08-06,上櫃,6163,華電網,41.25,0.00,40.55,41.50,40.00,524000,21457150,354,TPEX_CSV,2026-08-06 14:16:02 +0800
1150806,2026-08-06,上櫃,6167,久正,10.40,-0.15,10.55,10.55,10.35,149000,1548350,56,TPEX_CSV,2026-08-06 14:16:02 +0800
1150806,2026-08-06,上櫃,6169,昱泉,13.30,+0.05,13.60,13.60,13.00,36000,470700,18,TPEX_CSV,2026-08-06 14:16:02 +0800
1150806,2026-08-06,上櫃,6170,統振,46.25,-0.10,46.30,46.40,46.00,55000,2543950,45,TPEX_CSV,2026-08-06 14:16:02 +0800
1150806,2026-08-06,上櫃,6171,大城地產,23.10,-0.10,23.75,23.75,23.10,7000,163100,7,TPEX_CSV,2026-08-06 14:16:02 +0800
1150806,2026-08-06,上櫃,6173,信昌電,171.00,+6.00,164.00,171.50,154.00,5634000,924485500,4267,TPEX_CSV,2026-08-06 14:16:02 +0800
1150806,2026-08-06,上櫃,6174,安碁,41.50,-0.50,41.30,42.80,40.10,1139000,47301100,922,TPEX_CSV,2026-08-06 14:16:02 +0800
1150806,2026-08-06,上櫃,6175,立敦,76.90,0.00,76.80,77.10,73.60,948000,71679200,723,TPEX_CSV,2026-08-06 14:16:02 +0800
1150806,2026-08-06,上櫃,6179,亞通,26.35,-1.30,27.70,27.70,26.00,1740000,46151050,938,TPEX_CSV,2026-08-06 14:16:02 +0800
1150806,2026-08-06,上櫃,6180,橘子,40.60,-0.30,40.50,40.60,39.70,587000,23601150,356,TPEX_CSV,2026-08-06 14:16:02 +0800
1150806,2026-08-06,上櫃,6182,合晶,108.00,+4.00,100.50,108.00,99.00,5564000,582708400,2367,TPEX_CSV,2026-08-06 14:16:02 +0800
1150806,2026-08-06,上櫃,6185,幃翔,13.70,-0.10,13.80,13.80,13.50,231000,3144750,121,TPEX_CSV,2026-08-06 14:16:02 +0800
1150806,2026-08-06,上櫃,6186,新潤,36.55,除息,36.35,36.95,36.35,1672000,61234250,1012,TPEX_CSV,2026-08-06 14:16:02 +0800
1150806,2026-08-06,上櫃,6187,萬潤,1175.00,+105.00,1070.00,1175.00,1035.00,4118000,4630335000,3134,TPEX_CSV,2026-08-06 14:16:02 +0800
1150806,2026-08-06,上櫃,6188,廣明,71.90,+1.10,70.80,71.90,70.70,538000,38439000,419,TPEX_CSV,2026-08-06 14:16:02 +0800
1150806,2026-08-06,上櫃,6190,萬泰科,68.00,+0.10,68.40,68.70,66.00,907000,61384400,640,TPEX_CSV,2026-08-06 14:16:02 +0800
1150806,2026-08-06,上櫃,6194,育富,29.65,+0.10,29.65,29.65,29.40,51000,1507050,16,TPEX_CSV,2026-08-06 14:16:02 +0800
1150806,2026-08-06,上櫃,6195,詩肯,27.15,+0.20,27.00,27.15,26.80,50000,1350000,19,TPEX_CSV,2026-08-06 14:16:02 +0800
1150806,2026-08-06,上櫃,6198,瑞築,----,---,----,----,----,0,0,0,TPEX_CSV,2026-08-06 14:16:02 +0800
1150806,2026-08-06,上櫃,6199,天品,96.30,-2.20,98.80,101.00,96.00,449000,43997100,386,TPEX_CSV,2026-08-06 14:16:02 +0800
1150806,2026-08-06,上櫃,6203,海韻電,60.60,-0.40,61.00,61.00,60.40,62000,3766500,51,TPEX_CSV,2026-08-06 14:16:02 +0800
1150806,2026-08-06,上櫃,6204,艾華,76.80,+2.10,75.10,77.90,71.10,244000,18532200,204,TPEX_CSV,2026-08-06 14:16:02 +0800
1150806,2026-08-06,上櫃,6207,雷科,104.00,-0.50,103.50,105.00,99.10,2402000,246117300,1766,TPEX_CSV,2026-08-06 14:16:02 +0800
1150806,2026-08-06,上櫃,6208,日揚,81.90,-1.00,82.90,82.90,81.70,255000,20958800,186,TPEX_CSV,2026-08-06 14:16:02 +0800
1150806,2026-08-06,上櫃,6210,慶生,17.30,-0.45,17.65,18.05,16.50,69000,1179400,45,TPEX_CSV,2026-08-06 14:16:02 +0800
1150806,2026-08-06,上櫃,6212,理銘,29.10,+0.05,29.10,29.10,29.10,1000,29100,1,TPEX_CSV,2026-08-06 14:16:02 +0800
1150806,2026-08-06,上櫃,6217,中探針,161.50,+14.50,138.00,161.50,138.00,965000,146272500,656,TPEX_CSV,2026-08-06 14:16:02 +0800
1150806,2026-08-06,上櫃,6218,豪勉,34.50,+0.70,34.00,34.75,33.75,246000,8443350,142,TPEX_CSV,2026-08-06 14:16:02 +0800
1150806,2026-08-06,上櫃,6219,富旺,12.40,0.00,12.50,12.50,12.20,39000,479600,27,TPEX_CSV,2026-08-06 14:16:02 +0800
1150806,2026-08-06,上櫃,6220,岳豐,26.65,+0.05,26.55,26.80,25.90,102000,2687400,78,TPEX_CSV,2026-08-06 14:16:02 +0800
1150806,2026-08-06,上櫃,6221,晉泰,20.80,-0.05,20.85,21.40,20.50,114000,2361700,76,TPEX_CSV,2026-08-06 14:16:02 +0800
1150806,2026-08-06,上櫃,6222,立軒,20.30,-0.55,20.15,20.30,20.10,14000,282650,10,TPEX_CSV,2026-08-06 14:16:02 +0800
1150806,2026-08-06,上櫃,6223,旺矽,6300.00,+55.00,6190.00,6360.00,6005.00,609000,3805025000,584,TPEX_CSV,2026-08-06 14:16:02 +0800
1150806,2026-08-06,上櫃,6227,茂綸,125.00,+1.50,122.00,125.00,120.00,289000,35500500,263,TPEX_CSV,2026-08-06 14:16:02 +0800
1150806,2026-08-06,上櫃,6228,全譜,17.95,+0.05,18.20,18.30,17.95,3000,54450,3,TPEX_CSV,2026-08-06 14:16:02 +0800
1150806,2026-08-06,上櫃,6229,研通,23.70,+0.10,23.25,23.80,23.00,46000,1070850,33,TPEX_CSV,2026-08-06 14:16:02 +0800
1150806,2026-08-06,上櫃,6231,系微,228.50,-1.50,235.50,235.50,224.00,221000,50631500,202,TPEX_CSV,2026-08-06 14:16:02 +0800
1150806,2026-08-06,上櫃,6233,旺玖,20.55,-0.25,20.80,20.85,20.35,91000,1874950,70,TPEX_CSV,2026-08-06 14:16:02 +0800
1150806,2026-08-06,上櫃,6234,高僑,34.70,-0.50,35.10,35.10,33.75,311000,10696100,236,TPEX_CSV,2026-08-06 14:16:02 +0800
1150806,2026-08-06,上櫃,6236,中湛,----,---,----,----,----,0,0,0,TPEX_CSV,2026-08-06 14:16:02 +0800
1150806,2026-08-06,上櫃,6237,驊訊,33.50,-0.60,34.50,34.50,33.00,246000,8234500,150,TPEX_CSV,2026-08-06 14:16:02 +0800
1150806,2026-08-06,上櫃,6240,松崗,18.90,+0.40,18.15,18.90,18.15,9000,166800,6,TPEX_CSV,2026-08-06 14:16:02 +0800
1150806,2026-08-06,上櫃,6241,鑫永洋,15.40,-1.05,16.40,16.45,14.90,483000,7492000,271,TPEX_CSV,2026-08-06 14:16:02 +0800
1150806,2026-08-06,上櫃,6242,立康,34.60,-0.40,34.60,34.60,34.60,4000,138400,4,TPEX_CSV,2026-08-06 14:16:02 +0800
1150806,2026-08-06,上櫃,6244,茂迪,23.75,-0.95,24.30,24.35,23.40,3496000,83266150,1595,TPEX_CSV,2026-08-06 14:16:02 +0800
1150806,2026-08-06,上櫃,6245,立端,82.40,+1.40,81.40,83.50,80.40,515000,42304900,408,TPEX_CSV,2026-08-06 14:16:02 +0800
1150806,2026-08-06,上櫃,6246,臺龍,12.45,-0.25,12.50,12.75,12.40,31000,386650,26,TPEX_CSV,2026-08-06 14:16:02 +0800
1150806,2026-08-06,上櫃,6248,沛波,17.60,+0.15,17.65,17.65,17.60,26000,457950,20,TPEX_CSV,2026-08-06 14:16:02 +0800
1150806,2026-08-06,上櫃,6259,百徽,29.90,-0.40,30.25,30.45,29.10,354000,10575250,224,TPEX_CSV,2026-08-06 14:16:02 +0800
1150806,2026-08-06,上櫃,6261,久元,80.10,+1.80,77.80,80.40,77.00,444000,35057700,384,TPEX_CSV,2026-08-06 14:16:02 +0800
1150806,2026-08-06,上櫃,6263,普萊德,157.00,+3.00,153.50,158.50,151.00,185000,28819500,168,TPEX_CSV,2026-08-06 14:16:02 +0800
1150806,2026-08-06,上櫃,6264,富裔,6.06,+0.01,6.05,6.06,6.00,56000,337210,19,TPEX_CSV,2026-08-06 14:16:02 +0800
1150806,2026-08-06,上櫃,6265,方土昶,54.70,+3.40,51.40,55.60,50.80,6184000,328683700,3488,TPEX_CSV,2026-08-06 14:16:02 +0800
1150806,2026-08-06,上櫃,6266,泰詠,24.05,-0.05,24.00,24.10,23.55,222000,5313200,91,TPEX_CSV,2026-08-06 14:16:02 +0800
1150806,2026-08-06,上櫃,6270,倍微,29.70,-0.30,30.00,30.00,29.20,205000,6041750,151,TPEX_CSV,2026-08-06 14:16:02 +0800
1150806,2026-08-06,上櫃,6274,台燿,1530.00,+60.00,1405.00,1530.00,1365.00,16285000,23865860000,11941,TPEX_CSV,2026-08-06 14:16:02 +0800
1150806,2026-08-06,上櫃,6275,元山,45.25,+2.05,43.45,46.45,42.80,632000,28512250,465,TPEX_CSV,2026-08-06 14:16:02 +0800
1150806,2026-08-06,上櫃,6276,安鈦克,20.15,-1.30,21.10,21.10,20.15,7000,144700,7,TPEX_CSV,2026-08-06 14:16:02 +0800
1150806,2026-08-06,上櫃,6279,胡連,120.50,+1.50,120.00,120.50,118.00,409000,48978000,301,TPEX_CSV,2026-08-06 14:16:02 +0800
1150806,2026-08-06,上櫃,6284,佳邦,76.20,-1.20,77.00,77.40,74.00,965000,73211400,670,TPEX_CSV,2026-08-06 14:16:02 +0800
1150806,2026-08-06,上櫃,6290,良維,214.00,+0.50,214.50,216.50,206.00,3755000,795795500,2913,TPEX_CSV,2026-08-06 14:16:02 +0800
1150806,2026-08-06,上櫃,6291,沛亨,383.00,+3.00,372.00,387.00,363.50,449000,168926000,407,TPEX_CSV,2026-08-06 14:16:02 +0800
1150806,2026-08-06,上櫃,6292,迅德,59.70,+1.10,58.60,60.40,57.50,214000,12698600,160,TPEX_CSV,2026-08-06 14:16:02 +0800
1150806,2026-08-06,上櫃,6294,智基,26.90,-0.10,26.20,26.90,26.20,6000,160500,6,TPEX_CSV,2026-08-06 14:16:02 +0800
1150806,2026-08-06,上櫃,6411,晶焱,78.30,+0.50,77.20,78.70,76.00,212000,16421400,167,TPEX_CSV,2026-08-06 14:16:02 +0800
1150806,2026-08-06,上櫃,6417,韋僑,118.50,+4.00,114.00,118.50,112.00,90000,10407500,76,TPEX_CSV,2026-08-06 14:16:02 +0800
1150806,2026-08-06,上櫃,6418,詠昇,31.85,-0.20,34.30,34.30,30.65,62000,1974850,50,TPEX_CSV,2026-08-06 14:16:02 +0800
1150806,2026-08-06,上櫃,6419,京晨科,149.50,+13.50,137.00,149.50,137.00,649000,95409500,461,TPEX_CSV,2026-08-06 14:16:02 +0800
1150806,2026-08-06,上櫃,6423,億而得,76.10,+3.20,72.30,77.50,71.50,141000,10536200,110,TPEX_CSV,2026-08-06 14:16:02 +0800
1150806,2026-08-06,上櫃,6425,易發,55.50,0.00,55.50,56.50,54.40,141000,7841300,118,TPEX_CSV,2026-08-06 14:16:02 +0800
1150806,2026-08-06,上櫃,6432,今展科,73.50,+2.50,72.00,74.00,70.30,1517000,109903300,1115,TPEX_CSV,2026-08-06 14:16:02 +0800
1150806,2026-08-06,上櫃,6435,大中,258.50,+3.50,254.50,259.00,244.00,532000,134485500,459,TPEX_CSV,2026-08-06 14:16:02 +0800
1150806,2026-08-06,上櫃,6441,廣錠,21.35,+1.90,19.50,21.35,18.85,222000,4621100,161,TPEX_CSV,2026-08-06 14:16:02 +0800
1150806,2026-08-06,上櫃,6461,益得,15.60,-0.20,15.80,15.80,15.55,96000,1503050,40,TPEX_CSV,2026-08-06 14:16:02 +0800
1150806,2026-08-06,上櫃,6462,神盾,100.00,+0.60,99.90,101.50,98.50,371000,37060300,294,TPEX_CSV,2026-08-06 14:16:02 +0800
1150806,2026-08-06,上櫃,6465,威潤,46.90,+0.05,46.85,47.60,45.80,159000,7398950,123,TPEX_CSV,2026-08-06 14:16:02 +0800
1150806,2026-08-06,上櫃,6469,大樹,70.20,-0.80,71.00,71.00,70.00,388000,27319000,311,TPEX_CSV,2026-08-06 14:16:02 +0800
1150806,2026-08-06,上櫃,6470,宇智,43.40,+0.70,42.70,43.50,42.70,89000,3848800,50,TPEX_CSV,2026-08-06 14:16:02 +0800
1150806,2026-08-06,上櫃,6474,華豫寧,37.80,+0.20,37.50,38.00,37.50,34000,1283700,27,TPEX_CSV,2026-08-06 14:16:02 +0800
1150806,2026-08-06,上櫃,6482,弘煜科,27.50,0.00,27.50,27.50,27.50,2000,55000,2,TPEX_CSV,2026-08-06 14:16:02 +0800
1150806,2026-08-06,上櫃,6485,點序,63.90,+0.60,63.30,63.90,61.00,255000,16038400,197,TPEX_CSV,2026-08-06 14:16:02 +0800
1150806,2026-08-06,上櫃,6486,互動,74.50,+0.30,74.30,74.50,74.00,27000,2003300,25,TPEX_CSV,2026-08-06 14:16:02 +0800
1150806,2026-08-06,上櫃,6488,環球晶,872.00,0.00,877.00,885.00,828.00,10781000,9272565000,8142,TPEX_CSV,2026-08-06 14:16:02 +0800
1150806,2026-08-06,上櫃,6492,生華科,38.70,-0.60,39.50,39.90,38.20,300000,11651900,215,TPEX_CSV,2026-08-06 14:16:02 +0800
1150806,2026-08-06,上櫃,6494,九齊,50.50,+0.50,50.80,50.80,48.75,70000,3485150,53,TPEX_CSV,2026-08-06 14:16:02 +0800
1150806,2026-08-06,上櫃,6496,科懋,24.30,+0.45,24.40,24.40,23.55,11000,263650,11,TPEX_CSV,2026-08-06 14:16:02 +0800
1150806,2026-08-06,上櫃,6498,久禾光,75.10,-1.10,76.20,76.20,74.00,151000,11271200,116,TPEX_CSV,2026-08-06 14:16:02 +0800
1150806,2026-08-06,上櫃,6499,益安,57.60,-1.40,59.00,59.00,57.00,169000,9738300,121,TPEX_CSV,2026-08-06 14:16:02 +0800
1150806,2026-08-06,上櫃,6506,雙邦,16.60,+0.10,16.50,16.75,16.25,42000,696750,26,TPEX_CSV,2026-08-06 14:16:02 +0800
1150806,2026-08-06,上櫃,6508,惠光,25.90,-0.30,26.90,26.90,25.90,28000,734750,23,TPEX_CSV,2026-08-06 14:16:02 +0800
1150806,2026-08-06,上櫃,6509,聚和,47.00,+1.15,45.65,47.25,45.65,1294000,60448800,742,TPEX_CSV,2026-08-06 14:16:02 +0800
1150806,2026-08-06,上櫃,6510,精測,2835.00,+80.00,2720.00,2880.00,2655.00,452000,1254980000,419,TPEX_CSV,2026-08-06 14:16:02 +0800
1150806,2026-08-06,上櫃,6512,啟發電,----,---,----,----,----,0,0,0,TPEX_CSV,2026-08-06 14:16:02 +0800
1150806,2026-08-06,上櫃,6516,勤崴國際,61.30,-1.70,62.00,63.40,60.60,137000,8454200,110,TPEX_CSV,2026-08-06 14:16:02 +0800
1150806,2026-08-06,上櫃,6517,保勝光學,63.00,-1.00,64.20,64.80,62.60,370000,23431000,300,TPEX_CSV,2026-08-06 14:16:02 +0800
1150806,2026-08-06,上櫃,6523,達爾膚,90.50,-0.40,90.90,90.90,90.10,16000,1447700,15,TPEX_CSV,2026-08-06 14:16:02 +0800
1150806,2026-08-06,上櫃,6527,明達醫,75.60,+2.00,74.00,75.60,73.60,61000,4558600,41,TPEX_CSV,2026-08-06 14:16:02 +0800
1150806,2026-08-06,上櫃,6530,創威,77.30,-4.80,80.50,81.00,76.00,1581000,123982300,1201,TPEX_CSV,2026-08-06 14:16:02 +0800
1150806,2026-08-06,上櫃,6532,瑞耘,76.60,+4.20,78.80,78.90,74.40,549000,41977700,490,TPEX_CSV,2026-08-06 14:16:02 +0800
1150806,2026-08-06,上櫃,6535,順藥,90.10,+0.40,90.60,90.60,88.00,96000,8540900,89,TPEX_CSV,2026-08-06 14:16:02 +0800
1150806,2026-08-06,上櫃,6538,倉和,150.00,-6.50,152.50,155.00,146.50,1808000,272655500,1293,TPEX_CSV,2026-08-06 14:16:02 +0800
1150806,2026-08-06,上櫃,6542,隆中,48.75,+1.20,47.20,48.75,47.10,4000,190150,4,TPEX_CSV,2026-08-06 14:16:02 +0800
1150806,2026-08-06,上櫃,6546,正基,60.00,+0.90,60.00,60.50,58.70,340000,20343100,203,TPEX_CSV,2026-08-06 14:16:02 +0800
1150806,2026-08-06,上櫃,6547,高端疫苗,48.90,-3.20,52.20,54.60,48.80,9868000,505741800,5411,TPEX_CSV,2026-08-06 14:16:02 +0800
1150806,2026-08-06,上櫃,6548,長科*,74.20,-0.20,75.00,75.00,71.80,2608000,191839400,1823,TPEX_CSV,2026-08-06 14:16:02 +0800
1150806,2026-08-06,上櫃,6556,勝品,68.30,+3.30,67.30,69.00,67.30,25000,1699200,23,TPEX_CSV,2026-08-06 14:16:02 +0800
1150806,2026-08-06,上櫃,6560,欣普羅,32.45,+0.10,33.25,33.25,31.85,28000,901300,19,TPEX_CSV,2026-08-06 14:16:02 +0800
1150806,2026-08-06,上櫃,6561,是方,327.50,+2.00,321.00,327.50,321.00,23000,7474500,22,TPEX_CSV,2026-08-06 14:16:02 +0800
1150806,2026-08-06,上櫃,6568,宏觀,139.50,+1.50,137.00,139.50,134.00,81000,11108000,63,TPEX_CSV,2026-08-06 14:16:02 +0800
1150806,2026-08-06,上櫃,6569,醫揚,98.40,+0.50,97.90,100.00,97.00,118000,11670100,90,TPEX_CSV,2026-08-06 14:16:02 +0800
1150806,2026-08-06,上櫃,6570,維田,56.80,-0.10,56.90,56.90,55.60,179000,10079600,135,TPEX_CSV,2026-08-06 14:16:02 +0800
1150806,2026-08-06,上櫃,6574,霈方,141.50,+11.50,127.00,143.00,127.00,221000,30156000,187,TPEX_CSV,2026-08-06 14:16:02 +0800
1150806,2026-08-06,上櫃,6576,逸達,79.70,0.00,79.10,79.70,78.60,60000,4745000,45,TPEX_CSV,2026-08-06 14:16:02 +0800
1150806,2026-08-06,上櫃,6577,勁豐,78.80,-1.20,79.50,79.60,78.50,83000,6543000,73,TPEX_CSV,2026-08-06 14:16:02 +0800
1150806,2026-08-06,上櫃,6578,達邦蛋白,18.80,0.00,18.90,18.90,18.20,148000,2765250,74,TPEX_CSV,2026-08-06 14:16:02 +0800
1150806,2026-08-06,上櫃,6584,南俊國際,500.00,+13.00,490.00,501.00,469.50,1039000,502160500,965,TPEX_CSV,2026-08-06 14:16:02 +0800
1150806,2026-08-06,上櫃,6588,東典光電,94.00,0.00,94.10,98.90,92.80,2265000,215873400,1833,TPEX_CSV,2026-08-06 14:16:02 +0800
1150806,2026-08-06,上櫃,6590,普鴻,64.30,-1.00,60.10,64.30,60.10,46000,2799000,37,TPEX_CSV,2026-08-06 14:16:02 +0800
1150806,2026-08-06,上櫃,6593,台灣銘板,32.45,+0.05,32.05,32.45,32.05,12000,386250,12,TPEX_CSV,2026-08-06 14:16:02 +0800
1150806,2026-08-06,上櫃,6596,寬宏藝術,89.10,+0.40,89.00,89.50,88.90,38000,3388000,33,TPEX_CSV,2026-08-06 14:16:02 +0800
1150806,2026-08-06,上櫃,6597,立誠,64.90,+1.70,61.00,65.00,61.00,7000,444400,7,TPEX_CSV,2026-08-06 14:16:02 +0800
1150806,2026-08-06,上櫃,6603,富強鑫,25.75,-1.00,27.00,27.10,25.55,2078000,54489800,1019,TPEX_CSV,2026-08-06 14:16:02 +0800
1150806,2026-08-06,上櫃,6609,瀧澤科,38.25,+0.05,38.45,38.45,37.65,105000,4001650,71,TPEX_CSV,2026-08-06 14:16:02 +0800
1150806,2026-08-06,上櫃,6612,奈米醫材,71.60,+0.20,70.80,72.50,70.80,32000,2290500,25,TPEX_CSV,2026-08-06 14:16:02 +0800
1150806,2026-08-06,上櫃,6613,朋億*,306.50,+7.50,300.00,308.50,293.50,340000,102168000,309,TPEX_CSV,2026-08-06 14:16:02 +0800
1150806,2026-08-06,上櫃,6615,慧智,33.80,-1.25,33.80,34.05,33.70,21000,711400,16,TPEX_CSV,2026-08-06 14:16:02 +0800
1150806,2026-08-06,上櫃,6616,特昇-KY,8.72,-0.05,8.75,8.93,8.60,21000,183630,19,TPEX_CSV,2026-08-06 14:16:02 +0800
1150806,2026-08-06,上櫃,6617,共信-KY,87.60,+7.90,78.60,87.60,78.60,436000,36732500,335,TPEX_CSV,2026-08-06 14:16:02 +0800
1150806,2026-08-06,上櫃,6620,漢達,85.90,-3.40,89.90,89.90,85.70,503000,43706300,390,TPEX_CSV,2026-08-06 14:16:02 +0800
1150806,2026-08-06,上櫃,6624,萬年清,42.95,+2.45,41.90,43.35,41.80,5000,211800,5,TPEX_CSV,2026-08-06 14:16:02 +0800
1150806,2026-08-06,上櫃,6629,泰金-KY,106.50,+2.50,105.00,106.50,104.50,22000,2319500,18,TPEX_CSV,2026-08-06 14:16:02 +0800
1150806,2026-08-06,上櫃,6637,醫影,62.10,-0.10,61.60,62.60,61.60,35000,2174600,22,TPEX_CSV,2026-08-06 14:16:02 +0800
1150806,2026-08-06,上櫃,6640,均華,948.00,+38.00,901.00,950.00,873.00,171000,156318000,163,TPEX_CSV,2026-08-06 14:16:02 +0800
1150806,2026-08-06,上櫃,6642,富致,77.00,0.00,76.60,77.50,75.00,205000,15662900,179,TPEX_CSV,2026-08-06 14:16:02 +0800
1150806,2026-08-06,上櫃,6643,M31,455.00,+41.00,430.00,455.00,421.00,1095000,482667500,953,TPEX_CSV,2026-08-06 14:16:02 +0800
1150806,2026-08-06,上櫃,6649,台生材,36.60,+0.30,36.25,36.60,36.25,20000,729750,19,TPEX_CSV,2026-08-06 14:16:02 +0800
1150806,2026-08-06,上櫃,6651,全宇昕,120.50,+0.50,120.00,122.00,115.00,147000,17413500,120,TPEX_CSV,2026-08-06 14:16:02 +0800
1150806,2026-08-06,上櫃,6654,天正國際,170.50,+1.50,169.00,173.00,168.00,20000,3386500,17,TPEX_CSV,2026-08-06 14:16:02 +0800
1150806,2026-08-06,上櫃,6661,威健生技,----,---,----,----,----,0,0,0,TPEX_CSV,2026-08-06 14:16:02 +0800
1150806,2026-08-06,上櫃,6662,樂斯科,30.20,+0.25,30.30,31.00,30.00,58000,1765950,49,TPEX_CSV,2026-08-06 14:16:02 +0800
1150806,2026-08-06,上櫃,6664,群翊,345.00,-7.00,355.50,355.50,339.50,143000,49358500,133,TPEX_CSV,2026-08-06 14:16:02 +0800
1150806,2026-08-06,上櫃,6667,信紘科,232.00,+1.50,230.00,232.00,226.00,110000,25148000,92,TPEX_CSV,2026-08-06 14:16:02 +0800
1150806,2026-08-06,上櫃,6679,鈺太,217.50,-14.00,224.00,224.00,213.00,653000,141748000,555,TPEX_CSV,2026-08-06 14:16:02 +0800
1150806,2026-08-06,上櫃,6680,鑫創電子,57.80,+0.60,57.50,58.30,55.90,12000,681600,12,TPEX_CSV,2026-08-06 14:16:02 +0800
1150806,2026-08-06,上櫃,6683,雍智科技,1185.00,-10.00,1140.00,1225.00,1105.00,1074000,1247275000,895,TPEX_CSV,2026-08-06 14:16:02 +0800
1150806,2026-08-06,上櫃,6684,安格,47.20,-0.75,47.55,47.75,46.65,110000,5194400,67,TPEX_CSV,2026-08-06 14:16:02 +0800
1150806,2026-08-06,上櫃,6690,安碁資訊,165.00,+0.50,166.50,166.50,164.00,40000,6597000,34,TPEX_CSV,2026-08-06 14:16:02 +0800
1150806,2026-08-06,上櫃,6692,進能服,22.20,-0.60,22.35,22.35,22.00,32000,707800,26,TPEX_CSV,2026-08-06 14:16:02 +0800
1150806,2026-08-06,上櫃,6693,廣閎科,169.00,-1.50,175.00,175.00,163.50,762000,128423500,611,TPEX_CSV,2026-08-06 14:16:02 +0800
1150806,2026-08-06,上櫃,6697,東捷資訊,40.00,0.00,39.30,40.00,39.30,7000,278300,5,TPEX_CSV,2026-08-06 14:16:02 +0800
1150806,2026-08-06,上櫃,6703,軒郁,107.00,+1.00,105.00,107.00,104.50,22000,2329500,19,TPEX_CSV,2026-08-06 14:16:02 +0800
1150806,2026-08-06,上櫃,6708,天擎,38.65,-0.35,38.70,38.70,38.00,10000,384150,10,TPEX_CSV,2026-08-06 14:16:02 +0800
1150806,2026-08-06,上櫃,6712,長聖,152.50,+2.50,150.50,153.00,148.50,384000,57842000,278,TPEX_CSV,2026-08-06 14:16:02 +0800
1150806,2026-08-06,上櫃,6716,應廣,87.00,+3.60,84.00,87.00,83.70,227000,19452100,163,TPEX_CSV,2026-08-06 14:16:02 +0800
1150806,2026-08-06,上櫃,6720,久昌,135.00,-0.50,134.00,136.50,134.00,16000,2162000,14,TPEX_CSV,2026-08-06 14:16:02 +0800
1150806,2026-08-06,上櫃,6721,信實,51.40,-0.10,51.50,51.50,51.40,13000,669300,10,TPEX_CSV,2026-08-06 14:16:02 +0800
1150806,2026-08-06,上櫃,6725,矽科宏晟,253.50,+3.50,250.00,255.00,245.00,73000,18333000,68,TPEX_CSV,2026-08-06 14:16:02 +0800
1150806,2026-08-06,上櫃,6727,亞泰金屬,400.00,-7.00,444.00,444.00,388.00,1149000,473197000,999,TPEX_CSV,2026-08-06 14:16:02 +0800
1150806,2026-08-06,上櫃,6728,上洋,105.50,+1.00,105.00,105.50,105.00,11000,1157500,9,TPEX_CSV,2026-08-06 14:16:02 +0800
1150806,2026-08-06,上櫃,6730,常廣,----,---,----,----,----,0,0,0,TPEX_CSV,2026-08-06 14:16:02 +0800
1150806,2026-08-06,上櫃,6732,昇佳電子,157.50,-2.00,159.00,159.50,154.50,218000,34274500,190,TPEX_CSV,2026-08-06 14:16:02 +0800
1150806,2026-08-06,上櫃,6733,博晟生醫,27.70,+0.45,27.25,27.70,26.40,112000,3014350,80,TPEX_CSV,2026-08-06 14:16:02 +0800
1150806,2026-08-06,上櫃,6735,美達科技,72.90,+6.60,66.30,72.90,64.60,181000,12367900,134,TPEX_CSV,2026-08-06 14:16:02 +0800
1150806,2026-08-06,上櫃,6739,竹陞科技,1115.00,+70.00,1055.00,1120.00,1055.00,129000,140780000,123,TPEX_CSV,2026-08-06 14:16:02 +0800
1150806,2026-08-06,上櫃,6741,91APP*-KY,55.70,-0.50,55.80,55.80,54.90,87000,4822000,82,TPEX_CSV,2026-08-06 14:16:02 +0800
1150806,2026-08-06,上櫃,6751,智聯服務,41.65,+0.65,41.20,41.65,41.20,5000,207300,5,TPEX_CSV,2026-08-06 14:16:02 +0800
1150806,2026-08-06,上櫃,6752,叡揚,99.60,+1.20,98.00,99.60,98.00,18000,1773000,14,TPEX_CSV,2026-08-06 14:16:02 +0800
1150806,2026-08-06,上櫃,6761,穩得,159.00,+7.50,150.50,161.50,145.00,375000,57703000,310,TPEX_CSV,2026-08-06 14:16:02 +0800
1150806,2026-08-06,上櫃,6762,達亞,----,---,----,----,----,0,0,0,TPEX_CSV,2026-08-06 14:16:02 +0800
1150806,2026-08-06,上櫃,6763,綠界科技*,42.50,+0.30,42.60,42.60,41.95,177000,7492250,128,TPEX_CSV,2026-08-06 14:16:02 +0800
1150806,2026-08-06,上櫃,6767,台微醫,24.70,+0.45,24.50,24.70,24.50,2000,49200,2,TPEX_CSV,2026-08-06 14:16:02 +0800
1150806,2026-08-06,上櫃,6785,昱展新藥,98.90,+0.50,98.40,99.00,96.20,30000,2932500,29,TPEX_CSV,2026-08-06 14:16:02 +0800
1150806,2026-08-06,上櫃,6788,華景電,356.50,-2.50,356.00,359.50,348.00,347000,122924000,291,TPEX_CSV,2026-08-06 14:16:02 +0800
1150806,2026-08-06,上櫃,6791,虎門科技,104.50,+2.50,104.00,105.00,103.50,16000,1666500,16,TPEX_CSV,2026-08-06 14:16:02 +0800
1150806,2026-08-06,上櫃,6803,崑鼎,269.50,-0.50,270.00,271.00,269.50,38000,10258000,37,TPEX_CSV,2026-08-06 14:16:02 +0800
1150806,2026-08-06,上櫃,6804,明係,18.95,+0.95,18.30,19.35,18.10,294000,5529450,151,TPEX_CSV,2026-08-06 14:16:02 +0800
1150806,2026-08-06,上櫃,6811,宏碁資訊,231.50,-14.50,246.00,246.00,230.00,382000,89302000,312,TPEX_CSV,2026-08-06 14:16:02 +0800
1150806,2026-08-06,上櫃,6821,聯寶,42.60,0.00,42.85,43.05,41.15,115000,4852500,91,TPEX_CSV,2026-08-06 14:16:02 +0800
1150806,2026-08-06,上櫃,6823,濾能,67.20,0.00,68.90,69.00,66.00,54000,3627400,54,TPEX_CSV,2026-08-06 14:16:02 +0800
1150806,2026-08-06,上櫃,6829,千附精密,196.00,+8.00,189.50,198.50,187.50,474000,91617000,414,TPEX_CSV,2026-08-06 14:16:02 +0800
1150806,2026-08-06,上櫃,6840,東研信超,66.80,-1.80,68.00,68.20,65.60,168000,11243500,129,TPEX_CSV,2026-08-06 14:16:02 +0800
1150806,2026-08-06,上櫃,6841,長佳智能,56.50,+1.00,55.50,56.50,55.30,158000,8846300,123,TPEX_CSV,2026-08-06 14:16:02 +0800
1150806,2026-08-06,上櫃,6843,進典,39.55,+0.15,39.55,39.55,39.55,1000,39550,1,TPEX_CSV,2026-08-06 14:16:02 +0800
1150806,2026-08-06,上櫃,6844,諾貝兒,60.50,-0.10,60.40,60.50,60.40,14000,846300,8,TPEX_CSV,2026-08-06 14:16:02 +0800
1150806,2026-08-06,上櫃,6846,綠茵,61.00,0.00,60.70,61.10,60.50,12000,728500,7,TPEX_CSV,2026-08-06 14:16:02 +0800
1150806,2026-08-06,上櫃,6855,數泓科,117.00,除息,114.00,117.00,111.00,11000,1242000,11,TPEX_CSV,2026-08-06 14:16:02 +0800
1150806,2026-08-06,上櫃,6856,鑫傳,45.15,+1.05,45.15,45.15,45.15,1000,45150,1,TPEX_CSV,2026-08-06 14:16:02 +0800
1150806,2026-08-06,上櫃,6859,伯特光,101.00,+1.30,101.00,101.00,101.00,6000,606000,5,TPEX_CSV,2026-08-06 14:16:02 +0800
1150806,2026-08-06,上櫃,6865,偉康科技,24.75,0.00,24.75,24.75,24.75,1000,24750,1,TPEX_CSV,2026-08-06 14:16:02 +0800
1150806,2026-08-06,上櫃,6870,騰雲,261.50,+8.50,258.00,278.00,255.50,135000,36274000,114,TPEX_CSV,2026-08-06 14:16:02 +0800
1150806,2026-08-06,上櫃,6872,浩宇生醫,15.20,0.00,15.60,15.60,15.20,8000,123200,6,TPEX_CSV,2026-08-06 14:16:02 +0800
1150806,2026-08-06,上櫃,6874,倍力,77.00,+0.10,76.90,77.00,76.70,11000,845300,10,TPEX_CSV,2026-08-06 14:16:02 +0800
1150806,2026-08-06,上櫃,6875,國邑*,32.85,-0.45,32.80,32.95,32.00,154000,5019750,88,TPEX_CSV,2026-08-06 14:16:02 +0800
1150806,2026-08-06,上櫃,6877,鏵友益,125.00,0.00,124.50,125.00,121.00,58000,7117500,57,TPEX_CSV,2026-08-06 14:16:02 +0800
1150806,2026-08-06,上櫃,6881,潤德,200.50,0.00,200.50,200.50,200.50,3000,601500,3,TPEX_CSV,2026-08-06 14:16:02 +0800
1150806,2026-08-06,上櫃,6884,海柏特,31.40,-0.10,29.60,31.40,29.60,26000,774850,20,TPEX_CSV,2026-08-06 14:16:02 +0800
1150806,2026-08-06,上櫃,6894,衛司特,352.50,-1.50,350.00,355.00,346.50,24000,8385000,23,TPEX_CSV,2026-08-06 14:16:02 +0800
1150806,2026-08-06,上櫃,6895,宏碩系統,117.00,-1.50,121.00,121.00,114.00,43000,4997000,40,TPEX_CSV,2026-08-06 14:16:02 +0800
1150806,2026-08-06,上櫃,6899,創為精密,50.90,-0.10,51.00,51.00,50.60,6000,305000,6,TPEX_CSV,2026-08-06 14:16:02 +0800
1150806,2026-08-06,上櫃,6903,巨漢,326.00,+6.50,319.00,328.50,313.50,296000,95765500,241,TPEX_CSV,2026-08-06 14:16:02 +0800
1150806,2026-08-06,上櫃,6904,伯鑫,----,---,----,----,----,0,0,0,TPEX_CSV,2026-08-06 14:16:02 +0800
1150806,2026-08-06,上櫃,6907,雅特力-KY,195.00,+17.50,177.50,195.00,175.50,2457000,465502500,1733,TPEX_CSV,2026-08-06 14:16:02 +0800
1150806,2026-08-06,上櫃,6910,德鴻,24.70,+0.40,24.30,25.20,24.30,34000,849250,17,TPEX_CSV,2026-08-06 14:16:02 +0800
1150806,2026-08-06,上櫃,6913,鴻呈,139.00,+12.50,126.50,139.00,126.50,1008000,137896000,673,TPEX_CSV,2026-08-06 14:16:02 +0800
1150806,2026-08-06,上櫃,6922,宸曜,194.50,0.00,196.50,196.50,186.50,204000,39065500,188,TPEX_CSV,2026-08-06 14:16:02 +0800
1150806,2026-08-06,上櫃,6925,意藍,53.90,+0.90,53.10,53.90,52.10,29000,1538000,27,TPEX_CSV,2026-08-06 14:16:02 +0800
1150806,2026-08-06,上櫃,6929,佑全,----,---,----,----,----,0,0,0,TPEX_CSV,2026-08-06 14:16:02 +0800
1150806,2026-08-06,上櫃,6945,圓祥生技,96.90,-0.50,97.40,98.90,96.80,116000,11321300,106,TPEX_CSV,2026-08-06 14:16:02 +0800
1150806,2026-08-06,上櫃,6953,家碩,215.50,+0.50,214.00,219.00,211.00,20000,4281500,20,TPEX_CSV,2026-08-06 14:16:02 +0800
1150806,2026-08-06,上櫃,6961,旅天下,51.00,-0.10,51.00,51.30,50.50,32000,1629400,23,TPEX_CSV,2026-08-06 14:16:02 +0800
1150806,2026-08-06,上櫃,6967,汎瑋材料,69.00,-1.00,69.50,70.20,68.90,68000,4716600,37,TPEX_CSV,2026-08-06 14:16:02 +0800
1150806,2026-08-06,上櫃,6968,萬達寵物,43.55,+0.10,43.50,43.80,43.45,26000,1131900,17,TPEX_CSV,2026-08-06 14:16:02 +0800
1150806,2026-08-06,上櫃,6971,惠民實業,25.50,-0.10,25.60,25.60,25.40,33000,840650,22,TPEX_CSV,2026-08-06 14:16:02 +0800
1150806,2026-08-06,上櫃,6982,大井泵浦,48.05,-0.70,48.10,48.20,47.60,25000,1199050,14,TPEX_CSV,2026-08-06 14:16:02 +0800
1150806,2026-08-06,上櫃,6983,華洋精機,304.00,-7.00,308.00,311.00,303.00,23000,7024500,20,TPEX_CSV,2026-08-06 14:16:02 +0800
1150806,2026-08-06,上櫃,6986,和迅,43.55,-0.10,43.20,43.80,43.15,81000,3527950,43,TPEX_CSV,2026-08-06 14:16:02 +0800
1150806,2026-08-06,上櫃,6996,力領科技,186.00,+6.00,185.00,187.00,182.50,139000,25689000,128,TPEX_CSV,2026-08-06 14:16:02 +0800
1150806,2026-08-06,上櫃,6997,博弘,70.90,-2.10,73.00,73.00,68.00,19000,1323800,19,TPEX_CSV,2026-08-06 14:16:02 +0800
1150806,2026-08-06,上櫃,7402,邑錡,104.50,-1.50,106.00,106.00,102.50,246000,25616000,198,TPEX_CSV,2026-08-06 14:16:02 +0800
1150806,2026-08-06,上櫃,7547,碩網,49.40,+1.00,48.40,49.40,48.40,10000,487700,9,TPEX_CSV,2026-08-06 14:16:02 +0800
1150806,2026-08-06,上櫃,7556,意德士,223.00,-0.50,223.50,223.50,219.00,13000,2877000,13,TPEX_CSV,2026-08-06 14:16:02 +0800
1150806,2026-08-06,上櫃,7584,樂意,25.50,+0.30,25.50,25.50,25.50,1000,25500,1,TPEX_CSV,2026-08-06 14:16:02 +0800
1150806,2026-08-06,上櫃,7642,昶瑞機電,77.20,-0.80,78.00,79.20,76.70,12000,934100,11,TPEX_CSV,2026-08-06 14:16:02 +0800
1150806,2026-08-06,上櫃,7703,銳澤,181.50,+10.00,175.00,182.50,174.00,108000,19219000,92,TPEX_CSV,2026-08-06 14:16:02 +0800
1150806,2026-08-06,上櫃,7704,明遠精密,65.80,+0.50,65.20,66.80,64.10,133000,8751900,98,TPEX_CSV,2026-08-06 14:16:02 +0800
1150806,2026-08-06,上櫃,7708,全家餐飲,93.00,+0.70,93.00,93.90,93.00,28000,2615000,25,TPEX_CSV,2026-08-06 14:16:02 +0800
1150806,2026-08-06,上櫃,7709,榮田,73.60,+1.50,70.80,74.00,70.80,48000,3468000,45,TPEX_CSV,2026-08-06 14:16:02 +0800
1150806,2026-08-06,上櫃,7712,博盛半導體,142.00,+2.00,141.00,144.00,135.50,377000,52996500,231,TPEX_CSV,2026-08-06 14:16:02 +0800
1150806,2026-08-06,上櫃,7713,威力德生醫,69.10,-0.40,69.50,69.50,68.60,15000,1034200,11,TPEX_CSV,2026-08-06 14:16:02 +0800
1150806,2026-08-06,上櫃,7714,創泓科技,153.50,-4.50,155.50,156.50,149.00,309000,47233000,270,TPEX_CSV,2026-08-06 14:16:02 +0800
1150806,2026-08-06,上櫃,7715,裕山,36.00,+0.40,35.50,37.20,35.10,242000,8814850,120,TPEX_CSV,2026-08-06 14:16:02 +0800
1150806,2026-08-06,上櫃,7716,昱臺國際,24.80,-0.05,23.85,24.80,23.80,16000,383150,10,TPEX_CSV,2026-08-06 14:16:02 +0800
1150806,2026-08-06,上櫃,7717,萊德光電-KY,427.00,-13.00,440.00,446.50,426.00,156000,67951500,140,TPEX_CSV,2026-08-06 14:16:02 +0800
1150806,2026-08-06,上櫃,7718,友鋮,47.25,-0.70,47.15,47.50,47.10,13000,614650,11,TPEX_CSV,2026-08-06 14:16:02 +0800
1150806,2026-08-06,上櫃,7723,築間,18.50,+0.05,18.25,18.70,18.20,33000,609650,26,TPEX_CSV,2026-08-06 14:16:02 +0800
1150806,2026-08-06,上櫃,7728,光焱科技,624.00,+5.00,619.00,624.00,603.00,9000,5480000,9,TPEX_CSV,2026-08-06 14:16:02 +0800
1150806,2026-08-06,上櫃,7734,印能科技,3390.00,-50.00,3385.00,3480.00,3345.00,143000,488235000,133,TPEX_CSV,2026-08-06 14:16:02 +0800
1150806,2026-08-06,上櫃,7738,東聯互動,166.00,-1.50,169.00,169.00,165.50,14000,2330000,14,TPEX_CSV,2026-08-06 14:16:02 +0800
1150806,2026-08-06,上櫃,7743,金利食安,20.60,-0.20,20.80,21.30,20.60,7000,146050,7,TPEX_CSV,2026-08-06 14:16:02 +0800
1150806,2026-08-06,上櫃,7744,崴寶,450.50,+6.00,444.00,454.50,440.00,54000,24114000,52,TPEX_CSV,2026-08-06 14:16:02 +0800
1150806,2026-08-06,上櫃,7747,昕奇雲端,116.00,0.00,116.00,116.00,116.00,1000,116000,1,TPEX_CSV,2026-08-06 14:16:02 +0800
1150806,2026-08-06,上櫃,7751,竑騰,1405.00,0.00,1390.00,1435.00,1370.00,232000,326580000,226,TPEX_CSV,2026-08-06 14:16:02 +0800
1150806,2026-08-06,上櫃,7753,星亞,38.05,+0.85,36.90,38.05,36.80,15000,559550,15,TPEX_CSV,2026-08-06 14:16:02 +0800
1150806,2026-08-06,上櫃,7757,金色三麥,89.00,+0.40,90.00,90.00,89.00,5000,446000,5,TPEX_CSV,2026-08-06 14:16:02 +0800
1150806,2026-08-06,上櫃,7767,仁大資訊,47.50,0.00,47.20,47.50,47.00,30000,1415900,25,TPEX_CSV,2026-08-06 14:16:02 +0800
1150806,2026-08-06,上櫃,7770,君曜,39.40,-0.20,39.40,39.55,39.00,8000,314650,8,TPEX_CSV,2026-08-06 14:16:02 +0800
1150806,2026-08-06,上櫃,7772,耀穎,94.40,+1.80,90.50,97.00,90.10,39000,3665700,38,TPEX_CSV,2026-08-06 14:16:02 +0800
1150806,2026-08-06,上櫃,7777,能率亞洲,41.70,-0.70,42.60,42.95,41.00,2428000,102058550,1548,TPEX_CSV,2026-08-06 14:16:02 +0800
1150806,2026-08-06,上櫃,7782,光速火箭,25.80,-0.10,25.75,25.80,25.75,5000,128800,2,TPEX_CSV,2026-08-06 14:16:02 +0800
1150806,2026-08-06,上櫃,7792,安葆,217.00,+13.50,205.00,219.00,198.50,396000,83029000,278,TPEX_CSV,2026-08-06 14:16:02 +0800
1150806,2026-08-06,上櫃,7794,宏碁智新,29.05,+0.55,28.75,29.10,28.50,54000,1555000,30,TPEX_CSV,2026-08-06 14:16:02 +0800
1150806,2026-08-06,上櫃,7805,威聯通,642.00,+4.00,638.00,650.00,638.00,27000,17275000,25,TPEX_CSV,2026-08-06 14:16:02 +0800
1150806,2026-08-06,上櫃,7810,捷創科技,196.00,+6.50,198.00,198.00,189.50,42000,8179000,38,TPEX_CSV,2026-08-06 14:16:02 +0800
1150806,2026-08-06,上櫃,7811,民盛,71.00,0.00,71.00,71.20,71.00,33000,2343600,14,TPEX_CSV,2026-08-06 14:16:02 +0800
1150806,2026-08-06,上櫃,7814,海昌生技,30.00,-0.40,30.00,30.25,29.80,26000,779050,24,TPEX_CSV,2026-08-06 14:16:02 +0800
1150806,2026-08-06,上櫃,7819,精誠金融,34.45,+0.05,34.90,34.90,34.40,20000,689750,15,TPEX_CSV,2026-08-06 14:16:02 +0800
1150806,2026-08-06,上櫃,7820,立盈,100.00,-0.50,99.00,100.00,99.00,3000,299000,3,TPEX_CSV,2026-08-06 14:16:02 +0800
1150806,2026-08-06,上櫃,7828,創新服務,1755.00,+5.00,1755.00,1775.00,1630.00,85000,145460000,84,TPEX_CSV,2026-08-06 14:16:02 +0800
1150806,2026-08-06,上櫃,7839,達人網,45.75,+0.25,45.70,45.75,45.50,26000,1184900,11,TPEX_CSV,2026-08-06 14:16:02 +0800
1150806,2026-08-06,上櫃,7842,天能綠電,75.80,-0.30,75.20,77.10,75.20,45000,3422200,30,TPEX_CSV,2026-08-06 14:16:02 +0800
1150806,2026-08-06,上櫃,8024,佑華,14.55,-0.15,14.90,14.90,14.35,21000,304400,20,TPEX_CSV,2026-08-06 14:16:02 +0800
1150806,2026-08-06,上櫃,8027,鈦昇,183.00,0.00,177.50,184.50,170.50,2586000,458872000,2037,TPEX_CSV,2026-08-06 14:16:02 +0800
1150806,2026-08-06,上櫃,8032,光菱,36.30,0.00,36.30,36.30,36.00,33000,1193600,25,TPEX_CSV,2026-08-06 14:16:02 +0800
1150806,2026-08-06,上櫃,8034,榮群,19.55,0.00,19.35,19.55,19.25,25000,486050,19,TPEX_CSV,2026-08-06 14:16:02 +0800
1150806,2026-08-06,上櫃,8038,長園科,32.25,+0.35,32.90,32.90,31.50,156000,5033100,116,TPEX_CSV,2026-08-06 14:16:02 +0800
1150806,2026-08-06,上櫃,8040,九暘,72.20,-1.70,73.80,74.00,71.50,323000,23429800,254,TPEX_CSV,2026-08-06 14:16:02 +0800
1150806,2026-08-06,上櫃,8042,金山電,112.50,+2.50,109.50,112.50,103.50,3228000,350523000,2242,TPEX_CSV,2026-08-06 14:16:02 +0800
1150806,2026-08-06,上櫃,8043,蜜望實,135.00,-0.50,133.50,137.00,129.00,3281000,436376500,2411,TPEX_CSV,2026-08-06 14:16:02 +0800
1150806,2026-08-06,上櫃,8044,網家,27.35,+0.40,27.00,27.65,26.80,292000,7970350,193,TPEX_CSV,2026-08-06 14:16:02 +0800
1150806,2026-08-06,上櫃,8047,星雲,44.20,0.00,44.20,44.20,42.55,17000,742600,11,TPEX_CSV,2026-08-06 14:16:02 +0800
1150806,2026-08-06,上櫃,8048,德勝,54.00,-0.90,54.10,55.30,53.00,143000,7759800,100,TPEX_CSV,2026-08-06 14:16:02 +0800
1150806,2026-08-06,上櫃,8049,晶采,26.30,0.00,26.10,26.35,26.10,71000,1866750,49,TPEX_CSV,2026-08-06 14:16:02 +0800
1150806,2026-08-06,上櫃,8050,廣積,63.10,-1.80,67.40,67.40,62.20,9598000,612056100,6381,TPEX_CSV,2026-08-06 14:16:02 +0800
1150806,2026-08-06,上櫃,8054,安國,83.40,+0.20,83.80,83.90,80.50,781000,64395700,593,TPEX_CSV,2026-08-06 14:16:02 +0800
1150806,2026-08-06,上櫃,8059,凱碩,15.15,-0.05,15.20,15.20,14.90,59000,887550,35,TPEX_CSV,2026-08-06 14:16:02 +0800
1150806,2026-08-06,上櫃,8064,東捷,105.50,+1.50,103.50,106.00,99.90,1793000,185264900,1338,TPEX_CSV,2026-08-06 14:16:02 +0800
1150806,2026-08-06,上櫃,8066,來思達,14.75,-0.25,14.70,14.80,14.70,5000,73650,5,TPEX_CSV,2026-08-06 14:16:02 +0800
1150806,2026-08-06,上櫃,8067,志旭,13.25,-0.40,13.70,13.70,13.25,4000,54350,2,TPEX_CSV,2026-08-06 14:16:02 +0800
1150806,2026-08-06,上櫃,8068,全達,18.15,+0.10,18.10,18.20,17.90,77000,1392250,58,TPEX_CSV,2026-08-06 14:16:02 +0800
1150806,2026-08-06,上櫃,8069,元太,196.00,+0.50,193.50,204.00,192.00,12491000,2475343000,6108,TPEX_CSV,2026-08-06 14:16:02 +0800
1150806,2026-08-06,上櫃,8071,能率網通,23.15,-0.65,23.70,23.75,22.90,900000,21012400,581,TPEX_CSV,2026-08-06 14:16:02 +0800
1150806,2026-08-06,上櫃,8074,鉅橡,55.50,+0.60,55.50,55.70,53.00,597000,32646800,397,TPEX_CSV,2026-08-06 14:16:02 +0800
1150806,2026-08-06,上櫃,8076,伍豐,23.15,-0.15,23.45,23.50,23.00,492000,11396400,276,TPEX_CSV,2026-08-06 14:16:02 +0800
1150806,2026-08-06,上櫃,8077,洛碁,47.00,+1.20,47.00,47.00,47.00,1000,47000,1,TPEX_CSV,2026-08-06 14:16:02 +0800
1150806,2026-08-06,上櫃,8080,泰霖,27.25,-0.35,27.90,27.90,27.00,69000,1889000,31,TPEX_CSV,2026-08-06 14:16:02 +0800
1150806,2026-08-06,上櫃,8083,瑞穎,158.50,0.00,158.50,159.00,157.00,49000,7735500,49,TPEX_CSV,2026-08-06 14:16:02 +0800
1150806,2026-08-06,上櫃,8084,巨虹,42.45,+0.60,42.00,43.30,41.85,88000,3731650,77,TPEX_CSV,2026-08-06 14:16:02 +0800
1150806,2026-08-06,上櫃,8085,福華,11.15,0.00,11.15,11.20,11.00,254000,2805200,103,TPEX_CSV,2026-08-06 14:16:02 +0800
1150806,2026-08-06,上櫃,8086,宏捷科,123.50,-0.50,124.00,124.00,120.00,1751000,214579000,1026,TPEX_CSV,2026-08-06 14:16:02 +0800
1150806,2026-08-06,上櫃,8087,麗升能源,28.90,-0.10,28.90,28.90,28.90,6000,173400,6,TPEX_CSV,2026-08-06 14:16:02 +0800
1150806,2026-08-06,上櫃,8088,品安,48.40,+0.75,47.65,52.40,46.95,7065000,357888500,2996,TPEX_CSV,2026-08-06 14:16:02 +0800
1150806,2026-08-06,上櫃,8089,康全電訊,18.50,+0.15,18.35,18.50,18.25,92000,1692750,64,TPEX_CSV,2026-08-06 14:16:02 +0800
1150806,2026-08-06,上櫃,8091,翔名,229.00,0.00,226.00,231.50,220.50,348000,78919000,319,TPEX_CSV,2026-08-06 14:16:02 +0800
1150806,2026-08-06,上櫃,8092,建暐,13.40,-0.05,13.60,13.60,13.20,18000,240450,13,TPEX_CSV,2026-08-06 14:16:02 +0800
1150806,2026-08-06,上櫃,8093,保銳,20.70,0.00,20.80,20.80,20.05,5000,102350,5,TPEX_CSV,2026-08-06 14:16:02 +0800
1150806,2026-08-06,上櫃,8096,擎亞,135.50,+6.00,128.00,138.00,128.00,7155000,950843000,4448,TPEX_CSV,2026-08-06 14:16:02 +0800
1150806,2026-08-06,上櫃,8097,常珵,51.80,0.00,52.10,52.10,51.60,25000,1296500,15,TPEX_CSV,2026-08-06 14:16:02 +0800
1150806,2026-08-06,上櫃,8099,大世科,58.50,+2.50,55.90,59.90,55.90,257000,14875800,171,TPEX_CSV,2026-08-06 14:16:02 +0800
1150806,2026-08-06,上櫃,8102,傑霖科技,68.20,-1.20,68.00,69.60,67.90,8000,546900,8,TPEX_CSV,2026-08-06 14:16:02 +0800
1150806,2026-08-06,上櫃,8107,大億金茂,11.55,+0.25,11.40,11.85,11.40,33000,385600,29,TPEX_CSV,2026-08-06 14:16:02 +0800
1150806,2026-08-06,上櫃,8109,博大,132.00,+1.50,130.50,133.50,129.00,242000,31863500,195,TPEX_CSV,2026-08-06 14:16:02 +0800
1150806,2026-08-06,上櫃,8111,立碁,62.60,-0.90,64.50,65.10,62.40,7883000,501782400,5206,TPEX_CSV,2026-08-06 14:16:02 +0800
1150806,2026-08-06,上櫃,8121,越峰,29.30,-0.20,29.65,29.65,28.20,569000,16478100,377,TPEX_CSV,2026-08-06 14:16:02 +0800
1150806,2026-08-06,上櫃,8147,正淩,128.00,+2.50,128.00,129.00,122.00,248000,31547000,199,TPEX_CSV,2026-08-06 14:16:02 +0800
1150806,2026-08-06,上櫃,8155,博智,306.00,+14.50,287.00,313.50,283.00,929000,280714000,745,TPEX_CSV,2026-08-06 14:16:02 +0800
1150806,2026-08-06,上櫃,8171,天宇,19.55,+0.05,19.35,19.60,19.25,27000,526000,25,TPEX_CSV,2026-08-06 14:16:02 +0800
1150806,2026-08-06,上櫃,8176,智捷,9.83,-0.09,9.92,9.92,9.81,21000,206250,11,TPEX_CSV,2026-08-06 14:16:02 +0800
1150806,2026-08-06,上櫃,8182,加高,39.40,-0.50,39.60,40.00,38.45,626000,24571050,465,TPEX_CSV,2026-08-06 14:16:02 +0800
1150806,2026-08-06,上櫃,8183,精星,29.10,-0.25,29.50,29.50,28.80,117000,3400900,87,TPEX_CSV,2026-08-06 14:16:02 +0800
1150806,2026-08-06,上櫃,8227,巨有科技,148.00,-2.00,150.00,150.00,144.00,217000,31902500,195,TPEX_CSV,2026-08-06 14:16:02 +0800
1150806,2026-08-06,上櫃,8234,新漢,67.70,-0.20,67.00,70.10,66.50,731000,50025000,596,TPEX_CSV,2026-08-06 14:16:02 +0800
1150806,2026-08-06,上櫃,8240,華宏,41.80,+0.05,41.55,42.15,40.50,97000,4028250,79,TPEX_CSV,2026-08-06 14:16:02 +0800
1150806,2026-08-06,上櫃,8255,朋程,143.00,-3.00,145.00,147.00,140.00,455000,65150000,347,TPEX_CSV,2026-08-06 14:16:02 +0800
1150806,2026-08-06,上櫃,8272,全景軟體,64.30,-0.30,66.50,66.50,64.10,9000,585300,9,TPEX_CSV,2026-08-06 14:16:02 +0800
1150806,2026-08-06,上櫃,8277,商丞,8.12,-0.08,8.10,8.24,8.10,37000,302340,31,TPEX_CSV,2026-08-06 14:16:02 +0800
1150806,2026-08-06,上櫃,8279,生展,91.00,+1.10,90.00,91.00,90.00,4000,362000,4,TPEX_CSV,2026-08-06 14:16:02 +0800
1150806,2026-08-06,上櫃,8284,三竹,62.50,+0.50,62.50,62.50,62.50,7000,437500,6,TPEX_CSV,2026-08-06 14:16:02 +0800
1150806,2026-08-06,上櫃,8289,泰藝,42.85,-0.65,42.80,43.10,41.30,337000,14311200,270,TPEX_CSV,2026-08-06 14:16:02 +0800
1150806,2026-08-06,上櫃,8291,尚茂,41.00,+3.70,37.50,41.00,37.50,84000,3385750,68,TPEX_CSV,2026-08-06 14:16:02 +0800
1150806,2026-08-06,上櫃,8299,群聯,2025.00,+180.00,1815.00,2025.00,1815.00,5289000,10274840000,4233,TPEX_CSV,2026-08-06 14:16:02 +0800
1150806,2026-08-06,上櫃,8342,益張,87.50,-1.20,87.50,87.50,87.50,4000,350000,2,TPEX_CSV,2026-08-06 14:16:02 +0800
1150806,2026-08-06,上櫃,8349,恒耀,39.70,-0.20,39.90,39.90,39.50,19000,754450,17,TPEX_CSV,2026-08-06 14:16:02 +0800
1150806,2026-08-06,上櫃,8354,冠好,15.40,-0.10,15.30,15.45,15.10,10000,152850,10,TPEX_CSV,2026-08-06 14:16:02 +0800
1150806,2026-08-06,上櫃,8358,金居,384.00,+34.50,350.50,384.00,341.50,20501000,7465360500,13971,TPEX_CSV,2026-08-06 14:16:02 +0800
1150806,2026-08-06,上櫃,8383,千附,71.70,+0.70,70.10,72.70,69.30,2005000,142751000,1498,TPEX_CSV,2026-08-06 14:16:02 +0800
1150806,2026-08-06,上櫃,8390,金益鼎,98.50,+3.20,98.10,98.50,96.20,583000,57043100,460,TPEX_CSV,2026-08-06 14:16:02 +0800
1150806,2026-08-06,上櫃,8401,白紗科,22.70,-0.10,22.80,22.80,22.70,9000,204750,8,TPEX_CSV,2026-08-06 14:16:02 +0800
1150806,2026-08-06,上櫃,8403,盛弘,18.95,+0.05,18.90,18.95,18.80,36000,679900,31,TPEX_CSV,2026-08-06 14:16:02 +0800
1150806,2026-08-06,上櫃,8409,商之器,18.10,-0.20,18.30,18.45,18.10,5000,91200,5,TPEX_CSV,2026-08-06 14:16:02 +0800
1150806,2026-08-06,上櫃,8410,森田,30.95,+0.05,30.45,31.10,30.40,12000,368300,12,TPEX_CSV,2026-08-06 14:16:02 +0800
1150806,2026-08-06,上櫃,8415,大國鋼,37.85,+0.75,37.10,38.20,37.10,573000,21707600,334,TPEX_CSV,2026-08-06 14:16:02 +0800
1150806,2026-08-06,上櫃,8416,實威,169.00,-0.50,170.00,170.00,169.00,2000,339000,2,TPEX_CSV,2026-08-06 14:16:02 +0800
1150806,2026-08-06,上櫃,8421,旭源,14.45,+0.05,14.40,14.60,14.00,255000,3665650,137,TPEX_CSV,2026-08-06 14:16:02 +0800
1150806,2026-08-06,上櫃,8423,保綠-KY,18.00,+0.10,17.95,18.05,17.95,15000,270500,8,TPEX_CSV,2026-08-06 14:16:02 +0800
1150806,2026-08-06,上櫃,8424,惠普,68.80,0.00,68.90,68.90,68.80,4000,275400,3,TPEX_CSV,2026-08-06 14:16:02 +0800
1150806,2026-08-06,上櫃,8426,紅木-KY,21.45,-0.05,21.35,21.45,21.10,40000,852850,22,TPEX_CSV,2026-08-06 14:16:02 +0800
1150806,2026-08-06,上櫃,8431,匯鑽科,50.00,-0.90,50.90,50.90,49.85,152000,7623200,100,TPEX_CSV,2026-08-06 14:16:02 +0800
1150806,2026-08-06,上櫃,8432,東生華,51.00,+0.30,51.00,51.30,50.80,59000,3006300,49,TPEX_CSV,2026-08-06 14:16:02 +0800
1150806,2026-08-06,上櫃,8433,弘帆,53.90,+0.10,53.80,53.90,53.80,7000,376700,6,TPEX_CSV,2026-08-06 14:16:02 +0800
1150806,2026-08-06,上櫃,8435,鉅邁,52.40,+0.20,52.20,52.40,52.20,9000,470200,7,TPEX_CSV,2026-08-06 14:16:02 +0800
1150806,2026-08-06,上櫃,8436,大江,119.50,+5.00,115.00,119.50,114.50,722000,85014000,472,TPEX_CSV,2026-08-06 14:16:02 +0800
1150806,2026-08-06,上櫃,8437,大地-KY,9.22,+0.33,8.80,9.26,8.80,10000,91850,8,TPEX_CSV,2026-08-06 14:16:02 +0800
1150806,2026-08-06,上櫃,8440,綠電,19.60,+0.35,19.55,19.80,19.35,53000,1037800,42,TPEX_CSV,2026-08-06 14:16:02 +0800
1150806,2026-08-06,上櫃,8444,綠河-KY,5.50,+0.15,5.35,5.50,5.35,9000,48900,6,TPEX_CSV,2026-08-06 14:16:02 +0800
1150806,2026-08-06,上櫃,8446,華研,85.70,+0.60,85.10,85.90,85.10,22000,1880600,22,TPEX_CSV,2026-08-06 14:16:02 +0800
1150806,2026-08-06,上櫃,8450,霹靂,14.70,+0.05,14.75,14.75,14.15,20000,290000,16,TPEX_CSV,2026-08-06 14:16:02 +0800
1150806,2026-08-06,上櫃,8455,大拓-KY,24.15,+0.20,24.00,24.25,24.00,7000,168850,5,TPEX_CSV,2026-08-06 14:16:02 +0800
1150806,2026-08-06,上櫃,8472,夠麻吉,68.00,-0.20,68.20,68.20,68.00,4000,272600,3,TPEX_CSV,2026-08-06 14:16:02 +0800
1150806,2026-08-06,上櫃,8477,創業家,15.70,-0.20,15.55,15.70,15.50,3000,46750,3,TPEX_CSV,2026-08-06 14:16:02 +0800
1150806,2026-08-06,上櫃,8489,三貝德,22.85,-0.05,22.50,22.85,22.50,7000,159150,7,TPEX_CSV,2026-08-06 14:16:02 +0800
1150806,2026-08-06,上櫃,8905,裕國,34.00,+0.10,33.20,34.00,33.20,7000,236250,7,TPEX_CSV,2026-08-06 14:16:02 +0800
1150806,2026-08-06,上櫃,8906,花王,27.10,0.00,27.10,27.10,27.10,5000,135500,4,TPEX_CSV,2026-08-06 14:16:02 +0800
1150806,2026-08-06,上櫃,8908,欣雄,39.80,-0.15,39.90,40.00,39.60,29000,1156350,23,TPEX_CSV,2026-08-06 14:16:02 +0800
1150806,2026-08-06,上櫃,8916,光隆,43.30,+0.25,43.80,43.80,43.20,124000,5386400,99,TPEX_CSV,2026-08-06 14:16:02 +0800
1150806,2026-08-06,上櫃,8917,欣泰,53.00,0.00,53.00,53.00,53.00,5000,265000,3,TPEX_CSV,2026-08-06 14:16:02 +0800
1150806,2026-08-06,上櫃,8921,沈氏,----,---,----,----,----,0,0,0,TPEX_CSV,2026-08-06 14:16:02 +0800
1150806,2026-08-06,上櫃,8923,時報,----,---,----,----,----,0,0,0,TPEX_CSV,2026-08-06 14:16:02 +0800
1150806,2026-08-06,上櫃,8924,大田,51.90,-0.10,52.00,52.50,51.20,104000,5388400,82,TPEX_CSV,2026-08-06 14:16:02 +0800
1150806,2026-08-06,上櫃,8927,北基,21.00,+0.65,20.40,21.00,20.35,217000,4492850,133,TPEX_CSV,2026-08-06 14:16:02 +0800
1150806,2026-08-06,上櫃,8928,鉅明,22.80,+0.40,22.25,22.80,22.25,28000,634000,25,TPEX_CSV,2026-08-06 14:16:02 +0800
1150806,2026-08-06,上櫃,8929,富堡,13.20,+0.10,13.10,13.20,13.10,11000,144650,9,TPEX_CSV,2026-08-06 14:16:02 +0800
1150806,2026-08-06,上櫃,8930,青鋼,30.80,+0.10,30.70,30.90,30.60,31000,953950,19,TPEX_CSV,2026-08-06 14:16:02 +0800
1150806,2026-08-06,上櫃,8931,大汽電,40.80,-0.10,40.90,40.90,40.50,24000,977100,21,TPEX_CSV,2026-08-06 14:16:02 +0800
1150806,2026-08-06,上櫃,8932,智通*,101.00,+1.60,99.40,103.00,98.20,1715000,172486300,995,TPEX_CSV,2026-08-06 14:16:02 +0800
1150806,2026-08-06,上櫃,8933,愛地雅,4.42,+0.09,4.28,4.42,4.27,111000,480600,41,TPEX_CSV,2026-08-06 14:16:02 +0800
1150806,2026-08-06,上櫃,8935,邦泰,17.35,-0.25,17.75,17.75,17.25,117000,2028800,82,TPEX_CSV,2026-08-06 14:16:02 +0800
1150806,2026-08-06,上櫃,8936,國統,52.30,+0.20,52.50,52.50,51.70,671000,34926300,438,TPEX_CSV,2026-08-06 14:16:02 +0800
1150806,2026-08-06,上櫃,8937,合騏*,23.90,0.00,23.70,23.90,23.70,12000,285150,11,TPEX_CSV,2026-08-06 14:16:02 +0800
1150806,2026-08-06,上櫃,8938,明安,52.90,-0.70,53.00,53.00,52.60,128000,6761800,95,TPEX_CSV,2026-08-06 14:16:02 +0800
1150806,2026-08-06,上櫃,8941,關中,43.40,0.00,43.35,43.40,43.35,3000,130150,2,TPEX_CSV,2026-08-06 14:16:02 +0800
1150806,2026-08-06,上櫃,8942,森鉅,37.90,+0.30,37.60,38.00,37.45,91000,3422850,40,TPEX_CSV,2026-08-06 14:16:02 +0800
1150806,2026-08-06,上櫃,9949,琉園,23.30,+0.05,23.00,23.60,23.00,31000,722650,18,TPEX_CSV,2026-08-06 14:16:02 +0800
1150806,2026-08-06,上櫃,9950,萬國通,10.45,0.00,10.50,10.50,10.45,25000,262150,13,TPEX_CSV,2026-08-06 14:16:02 +0800
1150806,2026-08-06,上櫃,9951,皇田,52.70,-0.20,52.70,52.90,52.60,33000,1738400,21,TPEX_CSV,2026-08-06 14:16:02 +0800
1150806,2026-08-06,上櫃,9960,邁達康,31.10,除息,31.35,31.35,31.00,11000,341900,11,TPEX_CSV,2026-08-06 14:16:02 +0800
1150806,2026-08-06,上櫃,9962,有益,9.98,+0.21,9.80,10.00,9.80,89000,886490,54,TPEX_CSV,2026-08-06 14:16:02 +0800
