日期,西元日期,市場,股票代號,股票名稱,收盤價,漲跌,開盤價,最高價,最低價,成交股數,成交金額,成交筆數,資料來源,下載時間
1150729,2026-07-29,上市,00400A,主動國泰動能高息,11.88,-0.6300,12.53,12.62,11.67,97055000,1163205180,19002,TWSE_CSV,2026-07-29 14:15:30 +0800
1150729,2026-07-29,上市,00401A,主動摩根台灣鑫收,11.61,-0.5300,12.18,12.20,11.33,18320000,214875210,1064,TWSE_CSV,2026-07-29 14:15:30 +0800
1150729,2026-07-29,上市,00402A,主動安聯美國科技,9.05,-0.1600,9.17,9.17,8.99,6488000,58739280,1733,TWSE_CSV,2026-07-29 14:15:30 +0800
1150729,2026-07-29,上市,00403A,主動統一升級50,8.46,-0.5400,9.00,9.02,8.36,769251000,6604766170,152266,TWSE_CSV,2026-07-29 14:15:30 +0800
1150729,2026-07-29,上市,00404A,主動聯博動能50,8.48,-0.3900,8.86,8.89,8.31,17882000,152724290,1478,TWSE_CSV,2026-07-29 14:15:30 +0800
1150729,2026-07-29,上市,00405A,主動富邦台灣龍耀,6.70,-0.5700,7.27,7.30,6.63,217159000,1483434650,32297,TWSE_CSV,2026-07-29 14:15:30 +0800
1150729,2026-07-29,上市,00406A,主動中信台灣收益,8.03,-0.5000,8.57,8.61,7.88,205443000,1666011890,32413,TWSE_CSV,2026-07-29 14:15:30 +0800
1150729,2026-07-29,上市,00407A,主動凱基台灣,7.79,-0.4700,8.30,8.32,7.62,129745000,1018193090,21463,TWSE_CSV,2026-07-29 14:15:30 +0800
1150729,2026-07-29,上市,00408A,主動第一金優股息,9.29,-0.2100,9.54,9.61,9.09,3767000,34913760,927,TWSE_CSV,2026-07-29 14:15:30 +0800
1150729,2026-07-29,上市,0050,元大台灣50,93.70,-3.4500,96.95,97.00,91.80,480683000,45129753200,227745,TWSE_CSV,2026-07-29 14:15:30 +0800
1150729,2026-07-29,上市,0051,元大中型100,125.75,-4.3000,130.05,130.50,123.55,132000,16635650,89,TWSE_CSV,2026-07-29 14:15:30 +0800
1150729,2026-07-29,上市,0052,富邦科技,54.40,-2.2500,56.60,56.60,53.35,60320000,3301855500,21426,TWSE_CSV,2026-07-29 14:15:30 +0800
1150729,2026-07-29,上市,0053,元大電子,204.05,-12.6500,213.00,213.70,203.40,33000,6865500,25,TWSE_CSV,2026-07-29 14:15:30 +0800
1150729,2026-07-29,上市,0055,元大MSCI金融,42.10,-0.3200,42.56,42.84,41.28,605000,25394000,149,TWSE_CSV,2026-07-29 14:15:30 +0800
1150729,2026-07-29,上市,0056,元大高股息,46.73,-1.4600,48.31,48.67,45.98,129935000,6112126490,54708,TWSE_CSV,2026-07-29 14:15:30 +0800
1150729,2026-07-29,上市,0057,富邦摩台,275.75,-16.3000,289.00,289.00,274.60,36000,10112650,23,TWSE_CSV,2026-07-29 14:15:30 +0800
1150729,2026-07-29,上市,0061,元大寶滬深,24.70,0.1900,24.51,24.70,24.27,252000,6157340,90,TWSE_CSV,2026-07-29 14:15:30 +0800
1150729,2026-07-29,上市,006203,元大MSCI台灣,168.80,-8.2000,173.75,175.00,167.55,53000,9034250,31,TWSE_CSV,2026-07-29 14:15:30 +0800
1150729,2026-07-29,上市,006204,永豐臺灣加權,198.65,-11.2500,201.85,201.85,198.65,14000,2797700,6,TWSE_CSV,2026-07-29 14:15:30 +0800
1150729,2026-07-29,上市,006205,富邦上証,40.90,0.2500,40.51,40.92,40.50,438000,17792120,89,TWSE_CSV,2026-07-29 14:15:30 +0800
1150729,2026-07-29,上市,006206,元大上證50,38.25,0.0600,38.42,38.42,37.87,48000,1828340,26,TWSE_CSV,2026-07-29 14:15:30 +0800
1150729,2026-07-29,上市,006207,復華滬深,32.77,0.1600,32.62,32.77,32.36,384000,12476320,13,TWSE_CSV,2026-07-29 14:15:30 +0800
1150729,2026-07-29,上市,006208,富邦台50,214.05,-8.0500,222.15,222.25,210.20,8173000,1754920450,4212,TWSE_CSV,2026-07-29 14:15:30 +0800
1150729,2026-07-29,上市,00625K,富邦上証+R,0.00,0.0000,0.00,0.00,0.00,0,0,0,TWSE_CSV,2026-07-29 14:15:30 +0800
1150729,2026-07-29,上市,00631L,元大台灣50正2,28.53,-2.0700,30.62,30.70,27.37,760805000,21895012070,187034,TWSE_CSV,2026-07-29 14:15:30 +0800
1150729,2026-07-29,上市,00632R,元大台灣50反1,11.43,0.3500,11.05,11.67,11.03,443991000,5052859640,36338,TWSE_CSV,2026-07-29 14:15:30 +0800
1150729,2026-07-29,上市,00633L,富邦上証正2,48.88,0.2300,48.68,48.88,47.70,2661000,128712530,502,TWSE_CSV,2026-07-29 14:15:30 +0800
1150729,2026-07-29,上市,00634R,富邦上証反1,3.13,-0.0100,3.14,3.16,3.12,762000,2392390,34,TWSE_CSV,2026-07-29 14:15:30 +0800
1150729,2026-07-29,上市,00635U,期元大S&P黃金,41.90,-0.1300,41.86,41.99,41.75,3325000,139174700,1074,TWSE_CSV,2026-07-29 14:15:30 +0800
1150729,2026-07-29,上市,00636,國泰中國A50,28.34,0.0900,28.24,28.35,27.96,618000,17386270,102,TWSE_CSV,2026-07-29 14:15:30 +0800
1150729,2026-07-29,上市,00636K,國泰中國A50+U,8.71,-0.1000,8.71,8.71,8.71,200,1742,2,TWSE_CSV,2026-07-29 14:15:30 +0800
1150729,2026-07-29,上市,00637L,元大滬深300正2,20.44,0.1800,20.37,20.44,19.89,23021000,464603510,2896,TWSE_CSV,2026-07-29 14:15:30 +0800
1150729,2026-07-29,上市,00638R,元大滬深300反1,6.73,-0.0100,6.77,6.80,6.73,174000,1178280,32,TWSE_CSV,2026-07-29 14:15:30 +0800
1150729,2026-07-29,上市,00639,富邦深100,16.78,0.0400,16.71,16.79,16.39,1144000,19029990,179,TWSE_CSV,2026-07-29 14:15:30 +0800
1150729,2026-07-29,上市,00640L,富邦日本正2,101.60,0.1500,102.05,102.30,100.00,400000,40439000,52,TWSE_CSV,2026-07-29 14:15:30 +0800
1150729,2026-07-29,上市,00641R,富邦日本反1,3.82,-0.0100,3.81,3.84,3.80,2478000,9464460,200,TWSE_CSV,2026-07-29 14:15:30 +0800
1150729,2026-07-29,上市,00642U,期元大S&P石油,26.95,0.1300,27.15,27.30,26.88,6346000,172043280,812,TWSE_CSV,2026-07-29 14:15:30 +0800
1150729,2026-07-29,上市,00643,群益深証中小,18.51,-0.0800,18.57,18.59,18.15,1930000,35362620,174,TWSE_CSV,2026-07-29 14:15:30 +0800
1150729,2026-07-29,上市,00643K,群益深証中小+R,0.00,0.0000,0.00,0.00,0.00,0,0,0,TWSE_CSV,2026-07-29 14:15:30 +0800
1150729,2026-07-29,上市,00645,富邦日本,55.90,0.0000,56.05,56.25,55.50,291000,16250650,136,TWSE_CSV,2026-07-29 14:15:30 +0800
1150729,2026-07-29,上市,00646,元大S&P500,75.55,0.4000,75.70,75.85,75.40,5140000,388359800,1039,TWSE_CSV,2026-07-29 14:15:30 +0800
1150729,2026-07-29,上市,00647L,元大S&P500正2,132.25,0.8000,131.90,132.95,131.80,49000,6489350,34,TWSE_CSV,2026-07-29 14:15:30 +0800
1150729,2026-07-29,上市,00648R,元大S&P500反1,4.10,0.0000,4.06,4.11,4.04,7336000,29932110,208,TWSE_CSV,2026-07-29 14:15:30 +0800
1150729,2026-07-29,上市,00650L,復華香港正2,17.68,0.6800,17.39,17.82,17.33,11154000,196872570,1404,TWSE_CSV,2026-07-29 14:15:30 +0800
1150729,2026-07-29,上市,00651R,復華香港反1,5.18,-0.0900,5.23,5.23,5.14,826000,4258450,65,TWSE_CSV,2026-07-29 14:15:30 +0800
1150729,2026-07-29,上市,00652,富邦印度,33.62,0.4400,33.39,33.63,33.39,797000,26724740,208,TWSE_CSV,2026-07-29 14:15:30 +0800
1150729,2026-07-29,上市,00653L,富邦印度正2,47.28,0.7700,47.00,47.36,47.00,373000,17593210,135,TWSE_CSV,2026-07-29 14:15:30 +0800
1150729,2026-07-29,上市,00654R,富邦印度反1,6.72,-0.0800,6.74,6.77,6.72,165000,1112500,17,TWSE_CSV,2026-07-29 14:15:30 +0800
1150729,2026-07-29,上市,00655L,國泰中國A50正2,34.17,0.2300,34.05,34.17,33.28,1614000,54630530,244,TWSE_CSV,2026-07-29 14:15:30 +0800
1150729,2026-07-29,上市,00656R,國泰中國A50反1,5.94,-0.0100,5.93,6.01,5.93,18000,107610,6,TWSE_CSV,2026-07-29 14:15:30 +0800
1150729,2026-07-29,上市,00657,國泰日經225,71.90,-0.9500,72.60,72.60,71.10,348000,25040750,14,TWSE_CSV,2026-07-29 14:15:30 +0800
1150729,2026-07-29,上市,00657K,國泰日經225+U,21.97,-0.6300,21.97,21.97,21.97,200,4394,2,TWSE_CSV,2026-07-29 14:15:30 +0800
1150729,2026-07-29,上市,00660,元大歐洲50,45.83,-0.1700,46.00,46.00,45.83,3000,137670,3,TWSE_CSV,2026-07-29 14:15:30 +0800
1150729,2026-07-29,上市,00661,元大日經225,79.05,-1.3500,80.45,80.75,78.20,138000,10942500,52,TWSE_CSV,2026-07-29 14:15:30 +0800
1150729,2026-07-29,上市,00662,富邦NASDAQ,115.15,-0.5500,115.95,116.00,114.55,5209000,600071450,1865,TWSE_CSV,2026-07-29 14:15:30 +0800
1150729,2026-07-29,上市,00663L,國泰臺灣加權正2,80.80,-6.0500,87.05,87.25,77.25,28417000,2326443700,8166,TWSE_CSV,2026-07-29 14:15:30 +0800
1150729,2026-07-29,上市,00664R,國泰臺灣加權反1,1.87,0.0800,1.78,1.88,1.78,107093000,196940990,3179,TWSE_CSV,2026-07-29 14:15:30 +0800
1150729,2026-07-29,上市,00665L,富邦恒生國企正2,9.81,0.4200,9.60,9.94,9.58,45813000,449734650,3046,TWSE_CSV,2026-07-29 14:15:30 +0800
1150729,2026-07-29,上市,00666R,富邦恒生國企反1,8.94,-0.2200,8.98,8.99,8.90,439000,3927000,60,TWSE_CSV,2026-07-29 14:15:30 +0800
1150729,2026-07-29,上市,00668,國泰美國道瓊,62.45,0.7500,62.30,62.45,62.25,56000,3493950,32,TWSE_CSV,2026-07-29 14:15:30 +0800
1150729,2026-07-29,上市,00668K,國泰美國道瓊+U,19.30,0.2200,19.30,19.30,19.30,200,3860,2,TWSE_CSV,2026-07-29 14:15:30 +0800
1150729,2026-07-29,上市,00669R,國泰美國道瓊反1,5.29,-0.0600,5.28,5.31,5.28,1603000,8481910,154,TWSE_CSV,2026-07-29 14:15:30 +0800
1150729,2026-07-29,上市,00670L,富邦NASDAQ正2,178.50,-1.7000,181.65,181.80,176.45,807000,144274050,486,TWSE_CSV,2026-07-29 14:15:30 +0800
1150729,2026-07-29,上市,00671R,富邦NASDAQ反1,2.60,0.0200,2.57,2.61,2.56,14638000,37878710,507,TWSE_CSV,2026-07-29 14:15:30 +0800
1150729,2026-07-29,上市,00673R,期元大S&P原油反1,13.07,-0.0300,12.95,13.10,12.88,29088000,377018150,1922,TWSE_CSV,2026-07-29 14:15:30 +0800
1150729,2026-07-29,上市,00674R,期元大S&P黃金反1,30.51,0.0400,30.57,30.60,30.51,85000,2596890,24,TWSE_CSV,2026-07-29 14:15:30 +0800
1150729,2026-07-29,上市,00675L,富邦臺灣加權正2,244.75,-17.9500,262.90,263.75,233.20,6479000,1601900600,2786,TWSE_CSV,2026-07-29 14:15:30 +0800
1150729,2026-07-29,上市,00676R,富邦臺灣加權反1,6.33,0.2400,6.09,6.44,6.09,23697000,148815030,1991,TWSE_CSV,2026-07-29 14:15:30 +0800
1150729,2026-07-29,上市,00678,群益那斯達克生技,40.99,0.5300,40.74,41.01,40.74,287000,11737800,39,TWSE_CSV,2026-07-29 14:15:30 +0800
1150729,2026-07-29,上市,00680L,元大美債20正2,6.73,0.0500,6.71,6.75,6.71,20902000,140637680,1002,TWSE_CSV,2026-07-29 14:15:30 +0800
1150729,2026-07-29,上市,00681R,元大美債20反1,21.44,-0.1100,21.40,21.44,21.40,62000,1327000,4,TWSE_CSV,2026-07-29 14:15:30 +0800
1150729,2026-07-29,上市,00682U,期元大美元指數,20.89,0.0000,20.61,20.91,20.61,34000,710490,4,TWSE_CSV,2026-07-29 14:15:30 +0800
1150729,2026-07-29,上市,00683L,期元大美元指正2,22.16,-0.1700,22.24,22.24,22.16,25000,555530,6,TWSE_CSV,2026-07-29 14:15:30 +0800
1150729,2026-07-29,上市,00684R,期元大美元指反1,14.85,0.0000,14.85,14.85,14.85,1000,14850,1,TWSE_CSV,2026-07-29 14:15:30 +0800
1150729,2026-07-29,上市,00685L,群益臺灣加權正2,9.22,-0.7100,9.94,9.98,8.81,1008266000,9374130320,154970,TWSE_CSV,2026-07-29 14:15:30 +0800
1150729,2026-07-29,上市,00686R,群益臺灣加權反1,1.12,0.0300,1.08,1.15,1.08,28717000,32173570,897,TWSE_CSV,2026-07-29 14:15:30 +0800
1150729,2026-07-29,上市,00688L,國泰20年美債正2,6.70,0.0400,6.69,6.72,6.68,8201000,54952090,504,TWSE_CSV,2026-07-29 14:15:30 +0800
1150729,2026-07-29,上市,00689R,國泰20年美債反1,22.53,-0.0800,22.52,22.53,22.52,12000,270250,3,TWSE_CSV,2026-07-29 14:15:30 +0800
1150729,2026-07-29,上市,00690,兆豐藍籌30,66.10,-3.1000,69.25,69.30,64.60,1454000,96057800,518,TWSE_CSV,2026-07-29 14:15:30 +0800
1150729,2026-07-29,上市,00692,富邦公司治理,80.50,-2.9000,83.20,83.40,78.85,2135000,172830900,735,TWSE_CSV,2026-07-29 14:15:30 +0800
1150729,2026-07-29,上市,00693U,期街口S&P黃豆,22.26,0.1000,22.33,22.33,22.22,1374000,30574830,137,TWSE_CSV,2026-07-29 14:15:30 +0800
1150729,2026-07-29,上市,00700,富邦恒生國企,17.97,0.4400,17.54,18.08,17.54,961000,17246100,188,TWSE_CSV,2026-07-29 14:15:30 +0800
1150729,2026-07-29,上市,00701,國泰股利精選30,36.92,-0.6400,37.67,37.91,36.42,1359000,50778770,225,TWSE_CSV,2026-07-29 14:15:30 +0800
1150729,2026-07-29,上市,00702,國泰標普低波高息,25.51,0.3800,25.55,25.55,25.45,64000,1632040,32,TWSE_CSV,2026-07-29 14:15:30 +0800
1150729,2026-07-29,上市,00703,台新MSCI中國,20.01,0.4600,19.85,20.11,19.79,40000,799980,24,TWSE_CSV,2026-07-29 14:15:30 +0800
1150729,2026-07-29,上市,00706L,期元大S&P日圓正2,18.12,0.0700,18.06,18.13,18.03,4443000,80242080,370,TWSE_CSV,2026-07-29 14:15:30 +0800
1150729,2026-07-29,上市,00707R,期元大S&P日圓反1,0.00,0.0000,0.00,0.00,0.00,0,0,0,TWSE_CSV,2026-07-29 14:15:30 +0800
1150729,2026-07-29,上市,00708L,期元大S&P黃金正2,69.60,-0.3000,69.20,69.80,68.90,2827000,195933550,956,TWSE_CSV,2026-07-29 14:15:30 +0800
1150729,2026-07-29,上市,00709,富邦歐洲,40.78,0.2200,40.57,41.01,40.57,133000,5445230,117,TWSE_CSV,2026-07-29 14:15:30 +0800
1150729,2026-07-29,上市,00710B,復華彭博非投等債,19.25,0.0200,19.20,19.30,19.20,202000,3890690,42,TWSE_CSV,2026-07-29 14:15:30 +0800
1150729,2026-07-29,上市,00711B,復華彭博新興債,15.98,0.0100,15.97,15.99,15.96,190000,3034970,16,TWSE_CSV,2026-07-29 14:15:30 +0800
1150729,2026-07-29,上市,00712,復華富時不動產,8.93,0.1400,8.96,8.98,8.93,77085000,690525180,5913,TWSE_CSV,2026-07-29 14:15:30 +0800
1150729,2026-07-29,上市,00713,元大台灣高息低波,60.25,-0.1500,61.00,61.05,59.30,8818000,531150250,3080,TWSE_CSV,2026-07-29 14:15:30 +0800
1150729,2026-07-29,上市,00714,群益道瓊美國地產,23.14,0.0600,23.10,23.15,23.10,417000,9648580,51,TWSE_CSV,2026-07-29 14:15:30 +0800
1150729,2026-07-29,上市,00715L,期街口布蘭特正2,44.41,-0.2900,44.95,45.65,44.39,11623000,523369520,2089,TWSE_CSV,2026-07-29 14:15:30 +0800
1150729,2026-07-29,上市,00717,富邦美國特別股,14.81,0.0100,14.76,14.83,14.76,292000,4324220,66,TWSE_CSV,2026-07-29 14:15:30 +0800
1150729,2026-07-29,上市,00728,第一金工業30,55.40,-2.4000,57.70,57.70,54.40,371000,20698150,77,TWSE_CSV,2026-07-29 14:15:30 +0800
1150729,2026-07-29,上市,00730,富邦臺灣優質高息,26.82,-0.2600,27.08,27.25,26.19,102000,2709840,58,TWSE_CSV,2026-07-29 14:15:30 +0800
1150729,2026-07-29,上市,00731,復華富時高息低波,87.30,-0.9000,89.10,89.10,86.30,740000,64684650,49,TWSE_CSV,2026-07-29 14:15:30 +0800
1150729,2026-07-29,上市,00733,富邦臺灣中小,55.75,-3.5000,59.25,59.25,54.80,1910000,107338100,522,TWSE_CSV,2026-07-29 14:15:30 +0800
1150729,2026-07-29,上市,00735,國泰臺韓科技,84.60,-5.2000,90.00,90.65,82.10,7286000,621632150,3104,TWSE_CSV,2026-07-29 14:15:30 +0800
1150729,2026-07-29,上市,00736,國泰新興市場,30.48,-0.3200,30.50,30.61,30.48,102000,3111090,4,TWSE_CSV,2026-07-29 14:15:30 +0800
1150729,2026-07-29,上市,00737,國泰AI機器人,37.93,0.4000,37.56,38.12,37.56,188000,7109230,74,TWSE_CSV,2026-07-29 14:15:30 +0800
1150729,2026-07-29,上市,00738U,期元大道瓊白銀,46.39,0.4900,45.90,46.60,45.79,2945000,135962850,809,TWSE_CSV,2026-07-29 14:15:30 +0800
1150729,2026-07-29,上市,00739,元大MSCI A股,27.90,0.0300,27.85,27.92,27.55,79000,2182630,20,TWSE_CSV,2026-07-29 14:15:30 +0800
1150729,2026-07-29,上市,00752,中信中國50,23.85,0.6600,23.31,24.08,23.31,7929000,189150730,1420,TWSE_CSV,2026-07-29 14:15:30 +0800
1150729,2026-07-29,上市,00753L,中信中國50正2,9.70,0.3700,9.57,9.80,9.49,26614000,257658200,3128,TWSE_CSV,2026-07-29 14:15:30 +0800
1150729,2026-07-29,上市,00757,統一FANG+,127.60,-0.6000,128.35,128.50,127.00,4946000,629840750,627,TWSE_CSV,2026-07-29 14:15:30 +0800
1150729,2026-07-29,上市,00762,元大全球AI,100.80,-2.7000,102.05,102.15,100.00,350000,35381900,112,TWSE_CSV,2026-07-29 14:15:30 +0800
1150729,2026-07-29,上市,00763U,期街口道瓊銅,33.65,-0.1400,33.76,33.85,33.46,572000,19262360,180,TWSE_CSV,2026-07-29 14:15:30 +0800
1150729,2026-07-29,上市,00770,國泰北美科技,64.15,-0.6500,64.55,64.70,63.85,459000,29457050,163,TWSE_CSV,2026-07-29 14:15:30 +0800
1150729,2026-07-29,上市,00771,元大US高息特別股,15.72,-0.0600,15.73,15.77,15.71,102000,1606750,14,TWSE_CSV,2026-07-29 14:15:30 +0800
1150729,2026-07-29,上市,00775B,台新投等債15+,32.25,0.0500,32.20,32.25,32.20,83000,2676600,3,TWSE_CSV,2026-07-29 14:15:30 +0800
1150729,2026-07-29,上市,00783,富邦中証500,27.32,-0.0400,27.33,27.38,26.89,345000,9388150,28,TWSE_CSV,2026-07-29 14:15:30 +0800
1150729,2026-07-29,上市,00830,國泰費城半導體,77.75,-3.2000,79.90,79.90,76.50,22635000,1764489750,8919,TWSE_CSV,2026-07-29 14:15:30 +0800
1150729,2026-07-29,上市,00850,元大臺灣ESG永續,78.75,-3.6000,82.35,82.65,77.50,1753000,138247350,710,TWSE_CSV,2026-07-29 14:15:30 +0800
1150729,2026-07-29,上市,00851,台新全球AI,65.20,-2.7000,66.15,66.15,64.80,7000,457550,7,TWSE_CSV,2026-07-29 14:15:30 +0800
1150729,2026-07-29,上市,00852L,國泰美國道瓊正2,35.43,0.7500,35.40,35.55,35.30,69000,2445990,32,TWSE_CSV,2026-07-29 14:15:30 +0800
1150729,2026-07-29,上市,00861,元大全球未來通訊,79.75,-2.9000,82.50,82.50,78.80,196000,15618300,57,TWSE_CSV,2026-07-29 14:15:30 +0800
1150729,2026-07-29,上市,00865B,國泰US短期公債,49.47,-0.0100,49.48,49.61,49.42,5502000,272388290,1392,TWSE_CSV,2026-07-29 14:15:30 +0800
1150729,2026-07-29,上市,00875,國泰網路資安,50.80,0.1500,50.85,51.00,50.65,283000,14392200,31,TWSE_CSV,2026-07-29 14:15:30 +0800
1150729,2026-07-29,上市,00876,元大全球5G,77.20,-5.1000,81.50,81.50,75.80,521000,40339500,238,TWSE_CSV,2026-07-29 14:15:30 +0800
1150729,2026-07-29,上市,00878,國泰永續高股息,30.91,-0.5900,31.82,32.02,30.41,90015000,2799315790,27156,TWSE_CSV,2026-07-29 14:15:30 +0800
1150729,2026-07-29,上市,00881,國泰台灣科技龍頭,46.07,-2.0700,48.15,48.35,45.04,25760000,1191747040,8638,TWSE_CSV,2026-07-29 14:15:30 +0800
1150729,2026-07-29,上市,00882,中信中國高股息,15.43,0.3200,15.16,15.50,15.15,27553000,423890450,4222,TWSE_CSV,2026-07-29 14:15:30 +0800
1150729,2026-07-29,上市,00885,富邦越南,17.36,0.1700,17.24,17.38,17.24,5129000,88821830,764,TWSE_CSV,2026-07-29 14:15:30 +0800
1150729,2026-07-29,上市,00891,中信關鍵半導體,30.16,-1.8100,31.79,31.89,29.62,37718000,1145229680,12078,TWSE_CSV,2026-07-29 14:15:30 +0800
1150729,2026-07-29,上市,00892,富邦台灣半導體,34.65,-2.0100,36.82,36.83,34.03,7688000,266634440,1460,TWSE_CSV,2026-07-29 14:15:30 +0800
1150729,2026-07-29,上市,00893,國泰智能電動車,40.98,-1.0000,41.50,41.50,40.67,2449000,100236650,346,TWSE_CSV,2026-07-29 14:15:30 +0800
1150729,2026-07-29,上市,00894,中信小資高價30,39.88,-2.3100,42.29,42.29,38.90,2347000,93751700,911,TWSE_CSV,2026-07-29 14:15:30 +0800
1150729,2026-07-29,上市,00895,富邦未來車,46.05,-0.9900,46.78,46.84,45.76,1169000,53975220,202,TWSE_CSV,2026-07-29 14:15:30 +0800
1150729,2026-07-29,上市,00896,中信綠能及電動車,23.82,-1.1300,24.83,25.08,23.37,5217000,124906310,1811,TWSE_CSV,2026-07-29 14:15:30 +0800
1150729,2026-07-29,上市,00897,富邦基因免疫生技,11.11,0.1600,11.06,11.11,11.03,1745000,19297320,186,TWSE_CSV,2026-07-29 14:15:30 +0800
1150729,2026-07-29,上市,00898,國泰基因免疫革命,9.34,0.0800,9.30,9.38,9.30,844000,7880120,151,TWSE_CSV,2026-07-29 14:15:30 +0800
1150729,2026-07-29,上市,00899,FT潔淨能源,22.99,-0.8100,23.20,23.20,22.96,344000,7925670,74,TWSE_CSV,2026-07-29 14:15:30 +0800
1150729,2026-07-29,上市,00900,富邦特選高股息30,17.66,-0.2100,18.01,18.10,17.32,7580000,133614960,1652,TWSE_CSV,2026-07-29 14:15:30 +0800
1150729,2026-07-29,上市,00901,永豐智能車供應鏈,38.00,-2.5100,39.41,40.55,37.60,1139000,43959500,121,TWSE_CSV,2026-07-29 14:15:30 +0800
1150729,2026-07-29,上市,00902,中信電池及儲能,12.17,-0.2200,12.35,12.35,12.00,1312000,15890180,315,TWSE_CSV,2026-07-29 14:15:30 +0800
1150729,2026-07-29,上市,00903,富邦元宇宙,19.81,-0.2900,19.95,19.95,19.69,677000,13441070,45,TWSE_CSV,2026-07-29 14:15:30 +0800
1150729,2026-07-29,上市,00904,台新臺灣半導體30,34.31,-1.9800,36.28,36.28,33.73,2588000,89304880,752,TWSE_CSV,2026-07-29 14:15:30 +0800
1150729,2026-07-29,上市,00905,FT臺灣Smart,22.47,-1.0500,23.52,23.52,22.10,4233000,95354280,1458,TWSE_CSV,2026-07-29 14:15:30 +0800
1150729,2026-07-29,上市,00907,永豐優息存股,16.45,-0.0600,16.65,16.65,16.16,1869000,30690460,339,TWSE_CSV,2026-07-29 14:15:30 +0800
1150729,2026-07-29,上市,00908,富邦入息REITs+,15.80,0.1200,15.68,15.83,15.68,443000,6991440,80,TWSE_CSV,2026-07-29 14:15:30 +0800
1150729,2026-07-29,上市,00909,國泰數位支付服務,43.51,-1.1000,44.50,44.50,43.34,1267000,55193980,338,TWSE_CSV,2026-07-29 14:15:30 +0800
1150729,2026-07-29,上市,00910,第一金太空衛星,53.00,-1.3000,54.30,54.30,52.55,1351000,71769000,553,TWSE_CSV,2026-07-29 14:15:30 +0800
1150729,2026-07-29,上市,00911,兆豐洲際半導體,50.00,-2.3000,51.15,51.15,49.16,790000,39415470,249,TWSE_CSV,2026-07-29 14:15:30 +0800
1150729,2026-07-29,上市,00912,中信臺灣智慧50,28.90,-1.4600,30.50,30.50,28.63,1429000,41680580,213,TWSE_CSV,2026-07-29 14:15:30 +0800
1150729,2026-07-29,上市,00913,兆豐台灣晶圓製造,40.46,-3.2000,43.11,43.30,39.98,3657000,150222940,902,TWSE_CSV,2026-07-29 14:15:30 +0800
1150729,2026-07-29,上市,00915,凱基優選高股息30,30.04,-0.4600,30.43,31.00,29.57,6126000,185210600,720,TWSE_CSV,2026-07-29 14:15:30 +0800
1150729,2026-07-29,上市,00916,國泰全球品牌50,26.09,0.2000,26.00,26.21,25.89,1797000,46823060,469,TWSE_CSV,2026-07-29 14:15:30 +0800
1150729,2026-07-29,上市,00917,中信特選金融,24.17,0.1000,24.10,24.24,24.10,684000,16537860,264,TWSE_CSV,2026-07-29 14:15:30 +0800
1150729,2026-07-29,上市,00918,大華優利高填息30,31.46,-0.3700,32.22,32.40,30.88,38717000,1225189660,9191,TWSE_CSV,2026-07-29 14:15:30 +0800
1150729,2026-07-29,上市,00919,群益台灣精選高息,28.50,-0.3900,29.20,29.39,28.02,128376000,3672937290,39642,TWSE_CSV,2026-07-29 14:15:30 +0800
1150729,2026-07-29,上市,00920,富邦ESG綠色電力,22.51,-0.6500,22.87,22.87,22.24,494000,11175760,87,TWSE_CSV,2026-07-29 14:15:30 +0800
1150729,2026-07-29,上市,00921,兆豐龍頭等權重,21.80,-0.3700,22.36,22.36,21.38,270000,5960500,39,TWSE_CSV,2026-07-29 14:15:30 +0800
1150729,2026-07-29,上市,00922,國泰台灣領袖50,35.59,-1.4100,37.01,37.10,34.90,22617000,807569910,8711,TWSE_CSV,2026-07-29 14:15:30 +0800
1150729,2026-07-29,上市,00923,群益台ESG低碳50,36.77,-1.5300,38.32,38.35,36.04,9986000,368890320,2786,TWSE_CSV,2026-07-29 14:15:30 +0800
1150729,2026-07-29,上市,00924,復華S&P500成長,31.77,-0.0100,31.90,31.91,31.67,3624000,115138500,706,TWSE_CSV,2026-07-29 14:15:30 +0800
1150729,2026-07-29,上市,00926,凱基全球菁英55,25.41,0.1100,25.36,25.50,25.33,1341000,34027980,133,TWSE_CSV,2026-07-29 14:15:30 +0800
1150729,2026-07-29,上市,00927,群益半導體收益,31.59,-1.8200,33.30,33.58,30.86,57293000,1811822410,11532,TWSE_CSV,2026-07-29 14:15:30 +0800
1150729,2026-07-29,上市,00929,復華台灣科技優息,26.41,-0.7000,27.34,27.56,25.82,61373000,1623178560,14929,TWSE_CSV,2026-07-29 14:15:30 +0800
1150729,2026-07-29,上市,00930,永豐ESG低碳高息,22.57,-0.3500,23.09,23.14,22.08,1117000,24992670,191,TWSE_CSV,2026-07-29 14:15:30 +0800
1150729,2026-07-29,上市,00932,兆豐永續高息等權,16.51,-0.2800,16.91,17.00,16.19,617000,10111460,84,TWSE_CSV,2026-07-29 14:15:30 +0800
1150729,2026-07-29,上市,00934,中信成長高股息,25.80,-0.2300,26.43,26.60,25.04,4372000,112792820,1071,TWSE_CSV,2026-07-29 14:15:30 +0800
1150729,2026-07-29,上市,00935,野村臺灣新科技50,47.62,-3.0800,50.70,50.75,46.54,41543000,1988865890,11832,TWSE_CSV,2026-07-29 14:15:30 +0800
1150729,2026-07-29,上市,00936,台新永續高息中小,19.75,-0.0800,20.16,20.16,19.20,1787000,35009880,269,TWSE_CSV,2026-07-29 14:15:30 +0800
1150729,2026-07-29,上市,00938,凱基優選30,23.49,-0.4700,24.15,24.15,23.21,2093000,49677000,84,TWSE_CSV,2026-07-29 14:15:30 +0800
1150729,2026-07-29,上市,00939,統一台灣高息動能,21.37,-0.1100,21.76,21.84,21.00,6928000,148410820,1137,TWSE_CSV,2026-07-29 14:15:30 +0800
1150729,2026-07-29,上市,00940,元大台灣價值高息,11.62,-0.1600,11.92,11.99,11.37,28131000,326206650,3899,TWSE_CSV,2026-07-29 14:15:30 +0800
1150729,2026-07-29,上市,00941,中信上游半導體,23.73,-1.1200,24.51,24.51,23.55,3827000,91252940,649,TWSE_CSV,2026-07-29 14:15:30 +0800
1150729,2026-07-29,上市,00943,兆豐電子高息等權,20.17,-0.5100,20.60,20.60,19.80,242000,4861580,61,TWSE_CSV,2026-07-29 14:15:30 +0800
1150729,2026-07-29,上市,00944,野村趨勢動能高息,19.20,-0.5700,19.94,19.94,18.90,844000,16184950,110,TWSE_CSV,2026-07-29 14:15:30 +0800
1150729,2026-07-29,上市,00945B,凱基美國非投等債,14.66,0.0100,14.65,14.69,14.64,6652000,97554420,589,TWSE_CSV,2026-07-29 14:15:30 +0800
1150729,2026-07-29,上市,00946,群益科技高息成長,14.12,-0.2100,14.55,14.64,13.80,5275000,74838260,1099,TWSE_CSV,2026-07-29 14:15:30 +0800
1150729,2026-07-29,上市,00947,台新臺灣IC設計,28.33,-2.2200,30.13,30.33,27.77,13848000,396204690,3714,TWSE_CSV,2026-07-29 14:15:30 +0800
1150729,2026-07-29,上市,00949,復華日本龍頭,20.72,0.2400,20.50,20.77,20.50,1644000,33998360,314,TWSE_CSV,2026-07-29 14:15:30 +0800
1150729,2026-07-29,上市,00951,台新日本半導體,14.68,-1.3900,15.70,15.70,14.39,7068000,105365470,2335,TWSE_CSV,2026-07-29 14:15:30 +0800
1150729,2026-07-29,上市,00952,凱基台灣AI50,16.20,-0.5000,16.72,16.91,15.75,5008000,81244220,796,TWSE_CSV,2026-07-29 14:15:30 +0800
1150729,2026-07-29,上市,00953B,群益優選非投等債,9.80,0.0000,9.80,9.83,9.79,43364000,425308790,5890,TWSE_CSV,2026-07-29 14:15:30 +0800
1150729,2026-07-29,上市,00954,中信日本半導體,15.69,-1.4300,16.60,16.60,15.31,6091000,96878420,1611,TWSE_CSV,2026-07-29 14:15:30 +0800
1150729,2026-07-29,上市,00956,中信日經高股息,13.12,0.2800,12.84,13.12,12.84,593000,7737750,153,TWSE_CSV,2026-07-29 14:15:30 +0800
1150729,2026-07-29,上市,00960,野村全球航運龍頭,18.50,0.2200,18.50,18.55,18.45,1161000,21483600,262,TWSE_CSV,2026-07-29 14:15:30 +0800
1150729,2026-07-29,上市,00961,FT臺灣永續高息,12.59,0.0100,12.76,12.81,12.40,17054000,214591580,3130,TWSE_CSV,2026-07-29 14:15:30 +0800
1150729,2026-07-29,上市,00962,台新AI優息動能,13.77,-0.3000,14.25,14.29,13.48,846000,11688110,138,TWSE_CSV,2026-07-29 14:15:30 +0800
1150729,2026-07-29,上市,00963,中信全球高股息,13.41,0.1300,13.30,13.43,13.30,2035000,27253200,245,TWSE_CSV,2026-07-29 14:15:30 +0800
1150729,2026-07-29,上市,00964,中信亞太高股息,13.44,-0.1300,13.55,13.70,13.32,2921000,39287220,324,TWSE_CSV,2026-07-29 14:15:30 +0800
1150729,2026-07-29,上市,00965,元大航太防衛科技,24.17,-0.4900,24.60,24.60,24.00,1987000,48124020,467,TWSE_CSV,2026-07-29 14:15:30 +0800
1150729,2026-07-29,上市,00971,野村美國研發龍頭,16.79,0.1600,16.82,16.84,16.71,479000,8027000,101,TWSE_CSV,2026-07-29 14:15:30 +0800
1150729,2026-07-29,上市,00972,野村日本動能高息,21.43,0.4300,21.00,21.45,21.00,223000,4749830,56,TWSE_CSV,2026-07-29 14:15:30 +0800
1150729,2026-07-29,上市,009800,中信NASDAQ,12.46,-0.0600,12.56,12.56,12.40,1517000,18899190,322,TWSE_CSV,2026-07-29 14:15:30 +0800
1150729,2026-07-29,上市,009801,中信美國創新科技,11.85,-0.1000,11.90,11.94,11.77,1635000,19390540,117,TWSE_CSV,2026-07-29 14:15:30 +0800
1150729,2026-07-29,上市,009802,富邦旗艦50,16.25,-0.8000,17.05,17.22,15.85,11220000,183630510,1606,TWSE_CSV,2026-07-29 14:15:30 +0800
1150729,2026-07-29,上市,009803,玉山市值動能50,18.80,-0.7000,19.51,19.58,18.44,4424000,83470360,1487,TWSE_CSV,2026-07-29 14:15:30 +0800
1150729,2026-07-29,上市,009804,聯邦台精彩50,19.18,-0.8200,19.99,20.14,18.80,2889000,55792500,830,TWSE_CSV,2026-07-29 14:15:30 +0800
1150729,2026-07-29,上市,009805,台新美國電力基建,15.52,-0.2600,15.77,15.77,15.48,10324000,160780370,1708,TWSE_CSV,2026-07-29 14:15:30 +0800
1150729,2026-07-29,上市,009808,華南永昌優選50,27.74,-0.9400,28.70,28.70,27.25,1090000,30296640,148,TWSE_CSV,2026-07-29 14:15:30 +0800
1150729,2026-07-29,上市,009809,富邦淨零ESG50,15.97,-0.5000,16.47,16.47,15.73,1585000,25305570,77,TWSE_CSV,2026-07-29 14:15:30 +0800
1150729,2026-07-29,上市,00980A,主動野村臺灣優選,19.58,-1.2000,20.78,20.85,19.12,24422000,480973740,3679,TWSE_CSV,2026-07-29 14:15:30 +0800
1150729,2026-07-29,上市,009810,玉山全球藍籌100,20.82,0.1500,20.83,20.86,20.75,106000,2205920,35,TWSE_CSV,2026-07-29 14:15:30 +0800
1150729,2026-07-29,上市,009811,統一美國50,12.89,0.0600,12.93,12.94,12.86,3453000,44545480,377,TWSE_CSV,2026-07-29 14:15:30 +0800
1150729,2026-07-29,上市,009812,野村日本東證,12.30,0.0200,12.29,12.36,12.22,796000,9770000,135,TWSE_CSV,2026-07-29 14:15:30 +0800
1150729,2026-07-29,上市,009813,貝萊德標普卓越50,10.96,0.0300,10.95,11.00,10.93,3732000,40913990,395,TWSE_CSV,2026-07-29 14:15:30 +0800
1150729,2026-07-29,上市,009816,凱基台灣TOP50,13.35,-0.5900,13.96,13.98,13.10,473750000,6351734470,107828,TWSE_CSV,2026-07-29 14:15:30 +0800
1150729,2026-07-29,上市,009817,國泰日本不動產,9.40,0.1100,9.33,9.42,9.33,5569000,52308100,361,TWSE_CSV,2026-07-29 14:15:30 +0800
1150729,2026-07-29,上市,009818,華南永昌NASDAQxT,19.06,-0.1300,19.15,19.15,18.90,258000,4909450,66,TWSE_CSV,2026-07-29 14:15:30 +0800
1150729,2026-07-29,上市,009819,中信數據及電力,9.69,-0.1400,9.83,9.83,9.65,7948000,77092260,2058,TWSE_CSV,2026-07-29 14:15:30 +0800
1150729,2026-07-29,上市,00981A,主動統一台股增長,23.85,-1.6000,25.50,25.58,23.20,540904000,12993190920,113699,TWSE_CSV,2026-07-29 14:15:30 +0800
1150729,2026-07-29,上市,00981T,平衡凱基雙核收息,11.65,-0.1200,11.77,11.78,11.61,6448000,75301510,664,TWSE_CSV,2026-07-29 14:15:30 +0800
1150729,2026-07-29,上市,009820,元大納斯達克精選,9.21,-0.2000,9.37,9.37,9.17,9352000,86462320,1347,TWSE_CSV,2026-07-29 14:15:30 +0800
1150729,2026-07-29,上市,009821,野村稀土關鍵資源,12.48,-0.2400,12.70,12.70,12.44,11626000,145366860,2174,TWSE_CSV,2026-07-29 14:15:30 +0800
1150729,2026-07-29,上市,009824,群益美國科技巨頭,9.68,-0.0900,9.81,9.82,9.63,10338000,100433680,2121,TWSE_CSV,2026-07-29 14:15:30 +0800
1150729,2026-07-29,上市,00982A,主動群益台灣強棒,18.87,-1.2200,20.15,20.30,18.39,74217000,1409279260,15488,TWSE_CSV,2026-07-29 14:15:30 +0800
1150729,2026-07-29,上市,00982D,主動富邦動態入息,9.88,0.0100,9.86,9.90,9.86,1402000,13849570,69,TWSE_CSV,2026-07-29 14:15:30 +0800
1150729,2026-07-29,上市,00982T,平衡兆豐台美動能,14.00,-0.2800,14.17,14.19,13.86,131000,1846910,25,TWSE_CSV,2026-07-29 14:15:30 +0800
1150729,2026-07-29,上市,00983A,主動中信ARK創新,11.09,0.0300,11.10,11.22,11.05,967000,10736690,154,TWSE_CSV,2026-07-29 14:15:30 +0800
1150729,2026-07-29,上市,00983D,主動富邦複合收益,10.14,0.0100,10.12,10.15,10.12,574000,5818550,79,TWSE_CSV,2026-07-29 14:15:30 +0800
1150729,2026-07-29,上市,00984A,主動安聯台灣高息,13.40,-0.5800,13.98,14.09,13.18,14222000,191650370,3706,TWSE_CSV,2026-07-29 14:15:30 +0800
1150729,2026-07-29,上市,00984D,主動聯博全球非投,10.19,0.0000,10.19,10.23,10.18,22029000,224750630,1089,TWSE_CSV,2026-07-29 14:15:30 +0800
1150729,2026-07-29,上市,00985A,主動野村台灣50,18.63,-0.9700,19.61,19.66,18.26,21468000,400756920,1772,TWSE_CSV,2026-07-29 14:15:30 +0800
1150729,2026-07-29,上市,00985B,群益ESG投等債0-5,10.41,-0.0100,10.39,10.43,10.39,8954000,93258610,479,TWSE_CSV,2026-07-29 14:15:30 +0800
1150729,2026-07-29,上市,00986A,主動台新龍頭成長,13.54,-0.3500,13.89,13.89,13.43,711000,9623080,119,TWSE_CSV,2026-07-29 14:15:30 +0800
1150729,2026-07-29,上市,00987A,主動台新優勢成長,12.39,-0.9600,13.32,13.32,12.10,7945000,98205740,1051,TWSE_CSV,2026-07-29 14:15:30 +0800
1150729,2026-07-29,上市,00988A,主動統一全球創新,14.35,-1.0400,15.16,15.16,13.98,104314000,1509841900,23254,TWSE_CSV,2026-07-29 14:15:30 +0800
1150729,2026-07-29,上市,00989A,主動摩根美國科技,15.77,-0.3400,15.93,15.94,15.69,2319000,36668490,154,TWSE_CSV,2026-07-29 14:15:30 +0800
1150729,2026-07-29,上市,00990A,主動元大AI新經濟,13.83,-0.9300,14.58,14.58,13.49,51215000,711938690,10818,TWSE_CSV,2026-07-29 14:15:30 +0800
1150729,2026-07-29,上市,00991A,主動復華未來50,14.07,-1.0400,15.09,15.15,13.69,297929000,4208432500,48486,TWSE_CSV,2026-07-29 14:15:30 +0800
1150729,2026-07-29,上市,00992A,主動群益科技創新,13.59,-0.9900,14.60,14.70,13.22,99868000,1358138400,14620,TWSE_CSV,2026-07-29 14:15:30 +0800
1150729,2026-07-29,上市,00993A,主動安聯台灣,10.69,-0.7200,11.40,11.42,10.50,18991000,204373250,2625,TWSE_CSV,2026-07-29 14:15:30 +0800
1150729,2026-07-29,上市,00994A,主動第一金台股優,13.51,-0.9200,14.49,14.49,13.24,9871000,134329530,1614,TWSE_CSV,2026-07-29 14:15:30 +0800
1150729,2026-07-29,上市,00995A,主動中信台灣卓越,13.74,-0.9900,14.73,14.80,13.46,25251000,348163250,1677,TWSE_CSV,2026-07-29 14:15:30 +0800
1150729,2026-07-29,上市,00996A,主動兆豐台灣豐收,11.16,-0.8400,11.91,11.99,10.93,20766000,232335120,2055,TWSE_CSV,2026-07-29 14:15:30 +0800
1150729,2026-07-29,上市,00997A,主動群益美國增長,10.35,-0.4100,10.71,10.71,10.24,20119000,209484090,3874,TWSE_CSV,2026-07-29 14:15:30 +0800
1150729,2026-07-29,上市,00999A,主動野村臺灣高息,9.42,-0.4300,9.85,9.89,9.24,30276000,285794710,4992,TWSE_CSV,2026-07-29 14:15:30 +0800
1150729,2026-07-29,上市,1101,台泥,24.35,-0.4500,24.90,25.05,23.95,47046000,1148186600,13051,TWSE_CSV,2026-07-29 14:15:30 +0800
1150729,2026-07-29,上市,1102,亞泥,32.80,-0.2000,33.15,33.30,32.25,13178000,430186350,4130,TWSE_CSV,2026-07-29 14:15:30 +0800
1150729,2026-07-29,上市,1103,嘉泥,13.20,-0.2500,13.50,13.50,13.10,875000,11600500,352,TWSE_CSV,2026-07-29 14:15:30 +0800
1150729,2026-07-29,上市,1104,環泥,26.85,0.2000,26.75,26.85,26.35,1195000,31802650,737,TWSE_CSV,2026-07-29 14:15:30 +0800
1150729,2026-07-29,上市,1108,幸福,11.95,-0.1000,12.05,12.10,11.80,399000,4752100,210,TWSE_CSV,2026-07-29 14:15:30 +0800
1150729,2026-07-29,上市,1109,信大,13.85,0.1500,13.90,13.90,13.65,156000,2149750,128,TWSE_CSV,2026-07-29 14:15:30 +0800
1150729,2026-07-29,上市,1110,東泥,16.05,0.1500,16.00,16.15,15.60,380000,6057250,196,TWSE_CSV,2026-07-29 14:15:30 +0800
1150729,2026-07-29,上市,1201,味全,12.25,0.1000,12.15,12.35,12.10,763000,9325000,372,TWSE_CSV,2026-07-29 14:15:30 +0800
1150729,2026-07-29,上市,1203,味王,49.95,1.8000,48.15,49.95,47.50,141000,6961600,115,TWSE_CSV,2026-07-29 14:15:30 +0800
1150729,2026-07-29,上市,1210,大成,57.20,-0.3000,57.70,58.00,56.20,3448000,197031900,1711,TWSE_CSV,2026-07-29 14:15:30 +0800
1150729,2026-07-29,上市,1213,大飲,0.00,0.0000,0.00,0.00,0.00,0,0,0,TWSE_CSV,2026-07-29 14:15:30 +0800
1150729,2026-07-29,上市,1215,卜蜂,106.50,0.5000,106.50,106.50,104.50,881000,92910000,639,TWSE_CSV,2026-07-29 14:15:30 +0800
1150729,2026-07-29,上市,1216,統一,78.20,0.8000,77.60,78.20,76.90,22863000,1776687000,8802,TWSE_CSV,2026-07-29 14:15:30 +0800
1150729,2026-07-29,上市,1217,愛之味,9.98,0.0000,10.00,10.05,9.83,964000,9589150,444,TWSE_CSV,2026-07-29 14:15:30 +0800
1150729,2026-07-29,上市,1218,泰山,16.00,0.1500,16.00,16.10,15.90,2228000,35599250,849,TWSE_CSV,2026-07-29 14:15:30 +0800
1150729,2026-07-29,上市,1219,福壽,11.65,0.0000,11.75,11.75,11.55,584000,6799800,279,TWSE_CSV,2026-07-29 14:15:30 +0800
1150729,2026-07-29,上市,1220,台榮,11.25,0.0500,11.25,11.25,11.10,108000,1207500,80,TWSE_CSV,2026-07-29 14:15:30 +0800
1150729,2026-07-29,上市,1225,福懋油,27.20,0.5000,27.10,27.25,26.45,269000,7232700,189,TWSE_CSV,2026-07-29 14:15:30 +0800
1150729,2026-07-29,上市,1227,佳格,29.80,0.3000,29.65,30.05,29.50,3003000,89569250,1468,TWSE_CSV,2026-07-29 14:15:30 +0800
1150729,2026-07-29,上市,1229,聯華,40.90,0.0000,40.90,41.20,40.25,2845000,115889400,1607,TWSE_CSV,2026-07-29 14:15:30 +0800
1150729,2026-07-29,上市,1231,聯華食,90.30,-1.5000,91.90,92.30,89.40,1027000,92905100,712,TWSE_CSV,2026-07-29 14:15:30 +0800
1150729,2026-07-29,上市,1232,大統益,156.50,3.0000,154.50,157.50,154.50,429000,66811500,350,TWSE_CSV,2026-07-29 14:15:30 +0800
1150729,2026-07-29,上市,1233,天仁,28.95,-0.1000,30.10,30.10,28.85,45000,1307600,30,TWSE_CSV,2026-07-29 14:15:30 +0800
1150729,2026-07-29,上市,1234,黑松,34.10,0.3500,33.90,34.20,33.80,377000,12822700,251,TWSE_CSV,2026-07-29 14:15:30 +0800
1150729,2026-07-29,上市,1235,興泰,37.40,0.6500,37.00,37.40,36.30,52000,1925100,40,TWSE_CSV,2026-07-29 14:15:30 +0800
1150729,2026-07-29,上市,1236,宏亞,23.85,0.3500,24.00,24.00,23.50,73000,1735200,57,TWSE_CSV,2026-07-29 14:15:30 +0800
1150729,2026-07-29,上市,1256,鮮活果汁-KY,174.00,-5.5000,179.50,181.00,170.00,267000,46080000,239,TWSE_CSV,2026-07-29 14:15:30 +0800
1150729,2026-07-29,上市,1301,台塑,56.20,-1.3000,57.70,58.10,54.20,44821000,2497421300,16447,TWSE_CSV,2026-07-29 14:15:30 +0800
1150729,2026-07-29,上市,1303,南亞,141.50,-15.5000,153.00,156.00,141.50,105779000,15457321500,35178,TWSE_CSV,2026-07-29 14:15:30 +0800
1150729,2026-07-29,上市,1304,台聚,11.30,-0.1000,11.50,11.50,10.90,6193000,68619350,2273,TWSE_CSV,2026-07-29 14:15:30 +0800
1150729,2026-07-29,上市,1305,華夏,10.95,-0.2500,11.30,11.30,10.60,3657000,39455000,1420,TWSE_CSV,2026-07-29 14:15:30 +0800
1150729,2026-07-29,上市,1307,三芳,30.65,-0.3500,31.25,31.35,30.00,1333000,40627550,754,TWSE_CSV,2026-07-29 14:15:30 +0800
1150729,2026-07-29,上市,1308,亞聚,12.65,-0.0500,12.75,12.80,12.25,3927000,48871350,1185,TWSE_CSV,2026-07-29 14:15:30 +0800
1150729,2026-07-29,上市,1309,台達化,12.60,-0.2500,12.80,12.85,12.15,3498000,43339950,1362,TWSE_CSV,2026-07-29 14:15:30 +0800
1150729,2026-07-29,上市,1310,台苯,7.46,-0.6200,7.28,7.58,7.28,27769000,204160800,7380,TWSE_CSV,2026-07-29 14:15:30 +0800
1150729,2026-07-29,上市,1312,國喬,11.10,-0.4500,11.40,11.65,10.95,10953000,122037000,3146,TWSE_CSV,2026-07-29 14:15:30 +0800
1150729,2026-07-29,上市,1313,聯成,10.60,-0.3500,11.00,11.00,10.35,7882000,82937950,1997,TWSE_CSV,2026-07-29 14:15:30 +0800
1150729,2026-07-29,上市,1314,中石化,7.51,-0.2900,7.85,7.87,7.42,42976000,324506690,9843,TWSE_CSV,2026-07-29 14:15:30 +0800
1150729,2026-07-29,上市,1315,達新,63.00,-0.7000,64.10,64.40,62.50,51000,3221100,39,TWSE_CSV,2026-07-29 14:15:30 +0800
1150729,2026-07-29,上市,1316,上曜,9.60,-0.3900,10.10,10.10,9.39,4324000,41607920,1669,TWSE_CSV,2026-07-29 14:15:30 +0800
1150729,2026-07-29,上市,1319,東陽,70.50,0.4000,71.00,71.50,68.80,3523000,246665800,1905,TWSE_CSV,2026-07-29 14:15:30 +0800
1150729,2026-07-29,上市,1321,大洋,32.15,0.0000,32.40,32.40,31.55,285000,9121700,199,TWSE_CSV,2026-07-29 14:15:30 +0800
1150729,2026-07-29,上市,1323,永裕,19.90,0.1000,20.00,20.00,19.50,60000,1181350,53,TWSE_CSV,2026-07-29 14:15:30 +0800
1150729,2026-07-29,上市,1324,地球,10.00,-0.2000,10.20,10.20,9.95,113000,1131700,81,TWSE_CSV,2026-07-29 14:15:30 +0800
1150729,2026-07-29,上市,1325,恆大,26.50,-0.5000,27.00,27.15,25.95,559000,14740400,396,TWSE_CSV,2026-07-29 14:15:30 +0800
1150729,2026-07-29,上市,1326,台化,58.50,-2.4000,61.40,62.00,56.60,50291000,2941330700,19660,TWSE_CSV,2026-07-29 14:15:30 +0800
1150729,2026-07-29,上市,1337,再生-KY,4.56,-0.1400,4.74,4.74,4.54,771000,3546850,366,TWSE_CSV,2026-07-29 14:15:30 +0800
1150729,2026-07-29,上市,1338,廣華-KY,15.40,-0.0500,15.45,15.45,14.85,135000,2035700,90,TWSE_CSV,2026-07-29 14:15:30 +0800
1150729,2026-07-29,上市,1339,昭輝,43.50,-0.7000,44.70,44.70,42.65,173000,7517600,135,TWSE_CSV,2026-07-29 14:15:30 +0800
1150729,2026-07-29,上市,1340,勝悅-KY,5.16,-0.0400,5.20,5.25,5.00,449000,2279400,218,TWSE_CSV,2026-07-29 14:15:30 +0800
1150729,2026-07-29,上市,1341,富林-KY,58.00,-0.4000,59.80,59.80,57.00,20000,1155500,15,TWSE_CSV,2026-07-29 14:15:30 +0800
1150729,2026-07-29,上市,1342,八貫,103.00,-2.5000,105.50,105.50,100.00,489000,50044500,388,TWSE_CSV,2026-07-29 14:15:30 +0800
1150729,2026-07-29,上市,1402,遠東新,27.25,-0.1500,27.65,27.75,26.70,16894000,459290000,5757,TWSE_CSV,2026-07-29 14:15:30 +0800
1150729,2026-07-29,上市,1409,新纖,20.40,-0.9000,21.60,21.60,19.85,18812000,382651500,6866,TWSE_CSV,2026-07-29 14:15:30 +0800
1150729,2026-07-29,上市,1410,南染,24.80,0.0000,25.50,25.50,24.25,82000,2030500,71,TWSE_CSV,2026-07-29 14:15:30 +0800
1150729,2026-07-29,上市,1413,宏洲,9.38,-0.5400,9.92,10.05,9.10,92000,873770,62,TWSE_CSV,2026-07-29 14:15:30 +0800
1150729,2026-07-29,上市,1414,東和,18.55,-0.0500,18.35,18.80,17.70,449000,8142150,314,TWSE_CSV,2026-07-29 14:15:30 +0800
1150729,2026-07-29,上市,1416,廣豐,10.75,-0.0500,10.90,10.90,10.60,495000,5292300,181,TWSE_CSV,2026-07-29 14:15:30 +0800
1150729,2026-07-29,上市,1417,嘉裕,8.28,-0.0600,8.34,8.41,8.20,241000,2000570,129,TWSE_CSV,2026-07-29 14:15:30 +0800
1150729,2026-07-29,上市,1418,東華,18.45,-0.1500,18.55,18.55,17.90,22000,405050,16,TWSE_CSV,2026-07-29 14:15:30 +0800
1150729,2026-07-29,上市,1419,新紡,70.10,1.9000,69.30,70.30,68.20,495000,34362000,340,TWSE_CSV,2026-07-29 14:15:30 +0800
1150729,2026-07-29,上市,1423,利華,35.75,0.0500,36.95,36.95,35.65,22000,792200,19,TWSE_CSV,2026-07-29 14:15:30 +0800
1150729,2026-07-29,上市,1432,大魯閣,15.00,0.0000,15.15,15.15,14.90,253000,3782250,167,TWSE_CSV,2026-07-29 14:15:30 +0800
1150729,2026-07-29,上市,1434,福懋,17.60,-0.4000,18.20,18.20,17.20,5863000,102989650,2149,TWSE_CSV,2026-07-29 14:15:30 +0800
1150729,2026-07-29,上市,1435,中福,22.15,-1.3500,21.75,22.75,21.15,38000,829650,29,TWSE_CSV,2026-07-29 14:15:30 +0800
1150729,2026-07-29,上市,1436,華友聯,35.60,-0.5000,36.50,36.50,35.25,833000,29833000,520,TWSE_CSV,2026-07-29 14:15:30 +0800
1150729,2026-07-29,上市,1437,勤益控,31.10,0.2000,30.90,31.20,30.60,325000,10068850,162,TWSE_CSV,2026-07-29 14:15:30 +0800
1150729,2026-07-29,上市,1438,三地開發,22.25,0.3500,22.25,22.25,21.50,79000,1730800,58,TWSE_CSV,2026-07-29 14:15:30 +0800
1150729,2026-07-29,上市,1439,雋揚,27.45,0.6000,27.30,27.50,26.85,45000,1225750,34,TWSE_CSV,2026-07-29 14:15:30 +0800
1150729,2026-07-29,上市,1440,南紡,12.20,-0.3000,12.55,12.55,12.00,3665000,44706150,1232,TWSE_CSV,2026-07-29 14:15:30 +0800
1150729,2026-07-29,上市,1441,大東,9.10,0.0100,9.10,9.10,8.97,28000,254190,17,TWSE_CSV,2026-07-29 14:15:30 +0800
1150729,2026-07-29,上市,1442,名軒,29.90,0.0000,29.95,30.15,28.95,585000,17351950,421,TWSE_CSV,2026-07-29 14:15:30 +0800
1150729,2026-07-29,上市,1443,立益物流,26.20,0.4000,26.40,26.55,25.50,53000,1382850,45,TWSE_CSV,2026-07-29 14:15:30 +0800
1150729,2026-07-29,上市,1444,力麗,7.21,-0.1900,7.51,7.51,7.10,2460000,17777750,809,TWSE_CSV,2026-07-29 14:15:30 +0800
1150729,2026-07-29,上市,1445,大宇,10.50,-0.2000,10.75,10.75,10.40,74000,781350,45,TWSE_CSV,2026-07-29 14:15:30 +0800
1150729,2026-07-29,上市,1446,宏和,13.65,-0.0500,13.90,13.90,13.25,434000,5846800,237,TWSE_CSV,2026-07-29 14:15:30 +0800
1150729,2026-07-29,上市,1447,力鵬,6.85,-0.1800,7.15,7.19,6.68,2951000,20175700,1122,TWSE_CSV,2026-07-29 14:15:30 +0800
1150729,2026-07-29,上市,1449,佳和,11.80,-0.4500,12.40,12.40,11.75,707000,8434800,324,TWSE_CSV,2026-07-29 14:15:30 +0800
1150729,2026-07-29,上市,1451,年興,17.40,0.0000,17.40,17.40,17.20,186000,3221650,97,TWSE_CSV,2026-07-29 14:15:30 +0800
1150729,2026-07-29,上市,1452,宏益,11.30,-0.1500,11.50,11.50,11.10,141000,1585100,77,TWSE_CSV,2026-07-29 14:15:30 +0800
1150729,2026-07-29,上市,1453,大將,11.05,-0.1000,11.40,11.40,10.90,84000,926200,63,TWSE_CSV,2026-07-29 14:15:30 +0800
1150729,2026-07-29,上市,1454,台富,12.75,0.4000,12.80,12.80,12.50,30000,381050,29,TWSE_CSV,2026-07-29 14:15:30 +0800
1150729,2026-07-29,上市,1455,集盛,8.66,-0.2600,8.96,8.97,8.55,1366000,11847270,523,TWSE_CSV,2026-07-29 14:15:30 +0800
1150729,2026-07-29,上市,1456,怡華,14.00,0.1000,14.00,14.00,13.30,79000,1090300,50,TWSE_CSV,2026-07-29 14:15:30 +0800
1150729,2026-07-29,上市,1457,宜進,14.30,-0.0500,14.35,14.35,14.20,169000,2408500,80,TWSE_CSV,2026-07-29 14:15:30 +0800
1150729,2026-07-29,上市,1460,宏遠,6.63,-0.1900,6.82,6.85,6.57,787000,5236740,275,TWSE_CSV,2026-07-29 14:15:30 +0800
1150729,2026-07-29,上市,1463,強盛新,17.75,-0.0500,17.95,17.95,17.45,151000,2664450,71,TWSE_CSV,2026-07-29 14:15:30 +0800
1150729,2026-07-29,上市,1464,得力,10.25,-0.1000,10.45,10.45,10.15,685000,7014550,298,TWSE_CSV,2026-07-29 14:15:30 +0800
1150729,2026-07-29,上市,1465,偉全,12.40,-0.0500,12.60,12.60,12.25,106000,1310900,71,TWSE_CSV,2026-07-29 14:15:30 +0800
1150729,2026-07-29,上市,1466,聚隆,15.90,-0.2000,16.10,16.20,15.00,943000,14619600,356,TWSE_CSV,2026-07-29 14:15:30 +0800
1150729,2026-07-29,上市,1467,南緯,10.20,-0.0500,10.25,10.55,9.84,878000,8900330,504,TWSE_CSV,2026-07-29 14:15:30 +0800
1150729,2026-07-29,上市,1468,昶和,13.45,0.3500,13.15,13.45,13.15,75000,999250,59,TWSE_CSV,2026-07-29 14:15:30 +0800
1150729,2026-07-29,上市,1470,大統新創,22.95,0.2000,22.90,23.00,22.35,20000,455650,17,TWSE_CSV,2026-07-29 14:15:30 +0800
1150729,2026-07-29,上市,1471,首利,9.46,0.0600,9.65,9.65,8.88,466000,4265840,226,TWSE_CSV,2026-07-29 14:15:30 +0800
1150729,2026-07-29,上市,1472,三洋實業,89.00,-0.4000,90.00,90.00,86.60,95000,8368400,55,TWSE_CSV,2026-07-29 14:15:30 +0800
1150729,2026-07-29,上市,1473,台南,19.75,-0.3000,20.00,20.00,19.40,213000,4182950,111,TWSE_CSV,2026-07-29 14:15:30 +0800
1150729,2026-07-29,上市,1474,弘裕,10.25,0.0000,10.40,10.40,10.10,90000,918200,69,TWSE_CSV,2026-07-29 14:15:30 +0800
1150729,2026-07-29,上市,1475,業旺,27.20,0.7000,27.45,27.45,26.20,23000,614350,22,TWSE_CSV,2026-07-29 14:15:30 +0800
1150729,2026-07-29,上市,1476,儒鴻,338.50,-0.5000,339.50,339.50,328.00,1585000,531006000,1171,TWSE_CSV,2026-07-29 14:15:30 +0800
1150729,2026-07-29,上市,1477,聚陽,216.50,2.0000,217.00,217.50,210.00,1432000,306503500,1067,TWSE_CSV,2026-07-29 14:15:30 +0800
1150729,2026-07-29,上市,1503,士電,188.50,-2.0000,192.50,194.50,182.00,2039000,380728500,1564,TWSE_CSV,2026-07-29 14:15:30 +0800
1150729,2026-07-29,上市,1504,東元,62.00,-1.0000,63.60,64.30,60.00,13499000,828286300,7528,TWSE_CSV,2026-07-29 14:15:30 +0800
1150729,2026-07-29,上市,1506,正道,10.30,-0.1000,10.50,10.50,10.15,324000,3335800,132,TWSE_CSV,2026-07-29 14:15:30 +0800
1150729,2026-07-29,上市,1512,瑞利,6.74,0.0400,6.71,6.84,6.50,117000,780600,59,TWSE_CSV,2026-07-29 14:15:30 +0800
1150729,2026-07-29,上市,1513,中興電,149.50,-3.0000,153.00,154.00,145.50,5578000,825499500,3601,TWSE_CSV,2026-07-29 14:15:30 +0800
1150729,2026-07-29,上市,1514,亞力,98.70,-2.3000,102.00,103.00,96.00,3510000,345823200,2424,TWSE_CSV,2026-07-29 14:15:30 +0800
1150729,2026-07-29,上市,1515,力山,28.30,-1.6500,29.10,30.10,27.30,3371000,95125200,2157,TWSE_CSV,2026-07-29 14:15:30 +0800
1150729,2026-07-29,上市,1516,川飛,15.35,-0.1000,15.90,15.90,15.00,16000,244000,14,TWSE_CSV,2026-07-29 14:15:30 +0800
1150729,2026-07-29,上市,1517,利奇,11.90,0.5000,11.50,11.95,11.35,1845000,21634400,1038,TWSE_CSV,2026-07-29 14:15:30 +0800
1150729,2026-07-29,上市,1519,華城,668.00,0.0000,679.00,680.00,640.00,2146000,1408433000,1769,TWSE_CSV,2026-07-29 14:15:30 +0800
1150729,2026-07-29,上市,1521,大億,25.10,0.2000,25.80,25.80,24.65,25000,625600,22,TWSE_CSV,2026-07-29 14:15:30 +0800
1150729,2026-07-29,上市,1522,堤維西,27.15,-0.4500,27.75,27.75,26.70,847000,22871800,512,TWSE_CSV,2026-07-29 14:15:30 +0800
1150729,2026-07-29,上市,1524,耿鼎,25.55,-0.1000,25.95,25.95,25.00,797000,20236300,418,TWSE_CSV,2026-07-29 14:15:30 +0800
1150729,2026-07-29,上市,1525,江申,67.90,0.4000,68.70,68.70,67.50,26000,1766500,24,TWSE_CSV,2026-07-29 14:15:30 +0800
1150729,2026-07-29,上市,1526,日馳,18.90,1.7000,17.50,18.90,17.50,3330000,62163200,1176,TWSE_CSV,2026-07-29 14:15:30 +0800
1150729,2026-07-29,上市,1527,鑽全,33.50,-0.0500,33.90,33.90,33.20,526000,17554050,198,TWSE_CSV,2026-07-29 14:15:30 +0800
1150729,2026-07-29,上市,1528,恩德,17.00,-0.8000,18.05,18.10,16.20,2344000,39560000,1310,TWSE_CSV,2026-07-29 14:15:30 +0800
1150729,2026-07-29,上市,1529,樂事綠能,16.80,-0.6000,17.50,17.50,16.00,940000,15612800,598,TWSE_CSV,2026-07-29 14:15:30 +0800
1150729,2026-07-29,上市,1530,亞崴,28.15,-0.1500,28.45,28.85,27.25,81000,2261000,72,TWSE_CSV,2026-07-29 14:15:30 +0800
1150729,2026-07-29,上市,1531,高林股,12.90,0.0500,13.00,13.00,12.65,300000,3831250,86,TWSE_CSV,2026-07-29 14:15:30 +0800
1150729,2026-07-29,上市,1532,勤美,22.40,-0.1500,22.65,22.70,21.85,1102000,24439250,518,TWSE_CSV,2026-07-29 14:15:30 +0800
1150729,2026-07-29,上市,1533,車王電,31.65,-0.4000,33.20,33.20,31.05,191000,6041400,136,TWSE_CSV,2026-07-29 14:15:30 +0800
1150729,2026-07-29,上市,1535,中宇,46.45,0.6000,46.95,47.00,45.50,148000,6796750,102,TWSE_CSV,2026-07-29 14:15:30 +0800
1150729,2026-07-29,上市,1536,和大,45.80,-1.8500,48.00,48.40,44.80,3975000,182864650,2064,TWSE_CSV,2026-07-29 14:15:30 +0800
1150729,2026-07-29,上市,1537,廣隆,126.50,-1.5000,127.50,128.00,125.00,146000,18413500,124,TWSE_CSV,2026-07-29 14:15:30 +0800
1150729,2026-07-29,上市,1538,正峰,10.00,0.1800,10.00,10.00,9.55,15000,147640,15,TWSE_CSV,2026-07-29 14:15:30 +0800
1150729,2026-07-29,上市,1539,巨庭,16.00,-0.1000,16.30,16.30,15.75,166000,2652850,83,TWSE_CSV,2026-07-29 14:15:30 +0800
1150729,2026-07-29,上市,1540,喬福,18.80,0.0000,20.00,20.20,18.45,686000,13084900,320,TWSE_CSV,2026-07-29 14:15:30 +0800
1150729,2026-07-29,上市,1541,錩泰,20.95,-0.1500,21.30,21.30,20.75,25000,525600,22,TWSE_CSV,2026-07-29 14:15:30 +0800
1150729,2026-07-29,上市,1558,伸興,91.20,2.0000,89.90,91.60,89.90,184000,16719300,151,TWSE_CSV,2026-07-29 14:15:30 +0800
1150729,2026-07-29,上市,1560,中砂,594.00,-41.0000,625.00,634.00,573.00,1880000,1114624000,1678,TWSE_CSV,2026-07-29 14:15:30 +0800
1150729,2026-07-29,上市,1563,巧新,54.70,-3.2000,58.30,58.40,53.30,2747000,152019800,1067,TWSE_CSV,2026-07-29 14:15:30 +0800
1150729,2026-07-29,上市,1568,倉佑,26.65,-0.6500,28.35,28.35,25.95,868000,22990100,495,TWSE_CSV,2026-07-29 14:15:30 +0800
1150729,2026-07-29,上市,1582,信錦,64.50,-1.6000,66.50,66.90,62.50,1630000,103816100,1244,TWSE_CSV,2026-07-29 14:15:30 +0800
1150729,2026-07-29,上市,1583,程泰,49.75,-0.1000,50.70,50.70,48.40,45000,2221000,45,TWSE_CSV,2026-07-29 14:15:30 +0800
1150729,2026-07-29,上市,1587,吉茂,23.75,-0.6000,24.55,24.55,23.05,547000,12929700,349,TWSE_CSV,2026-07-29 14:15:30 +0800
1150729,2026-07-29,上市,1590,亞德客-KY,1325.00,-40.0000,1420.00,1420.00,1275.00,1266000,1681640000,1079,TWSE_CSV,2026-07-29 14:15:30 +0800
1150729,2026-07-29,上市,1597,直得,109.50,-8.0000,116.00,119.50,106.00,1706000,186644500,1263,TWSE_CSV,2026-07-29 14:15:30 +0800
1150729,2026-07-29,上市,1598,岱宇,20.75,1.0000,21.00,21.70,20.20,4015000,85775450,2016,TWSE_CSV,2026-07-29 14:15:30 +0800
1150729,2026-07-29,上市,1603,華電,28.00,-0.5500,28.40,28.70,27.35,502000,13941800,346,TWSE_CSV,2026-07-29 14:15:30 +0800
1150729,2026-07-29,上市,1604,聲寶,23.45,0.1000,23.45,23.55,23.25,629000,14716800,324,TWSE_CSV,2026-07-29 14:15:30 +0800
1150729,2026-07-29,上市,1605,華新,29.35,-1.2500,30.85,30.95,28.35,42250000,1232989000,14189,TWSE_CSV,2026-07-29 14:15:30 +0800
1150729,2026-07-29,上市,1608,華榮,27.55,-0.7500,28.55,28.60,26.85,3325000,91363500,1543,TWSE_CSV,2026-07-29 14:15:30 +0800
1150729,2026-07-29,上市,1609,大亞,33.00,-1.3500,34.60,34.85,32.10,6169000,203426450,3433,TWSE_CSV,2026-07-29 14:15:30 +0800
1150729,2026-07-29,上市,1611,中電,11.45,-0.3500,11.65,11.75,11.15,968000,11034050,489,TWSE_CSV,2026-07-29 14:15:30 +0800
1150729,2026-07-29,上市,1612,宏泰,29.80,-0.7000,30.75,30.75,29.10,1704000,50620850,1063,TWSE_CSV,2026-07-29 14:15:30 +0800
1150729,2026-07-29,上市,1614,三洋電,31.30,0.1500,31.20,31.45,30.80,150000,4668400,92,TWSE_CSV,2026-07-29 14:15:30 +0800
1150729,2026-07-29,上市,1615,大山,42.05,-0.1000,43.15,43.15,41.20,204000,8518450,154,TWSE_CSV,2026-07-29 14:15:30 +0800
1150729,2026-07-29,上市,1616,億泰,18.20,-0.5500,18.80,18.90,17.55,845000,15331450,528,TWSE_CSV,2026-07-29 14:15:30 +0800
1150729,2026-07-29,上市,1617,榮星,16.30,-0.9500,17.05,17.25,15.60,1281000,20773650,690,TWSE_CSV,2026-07-29 14:15:30 +0800
1150729,2026-07-29,上市,1618,合機,36.70,-1.3000,38.25,38.40,35.85,1131000,41638400,675,TWSE_CSV,2026-07-29 14:15:30 +0800
1150729,2026-07-29,上市,1623,大東電,209.00,-9.0000,215.50,216.50,206.00,375000,78495000,264,TWSE_CSV,2026-07-29 14:15:30 +0800
1150729,2026-07-29,上市,1626,艾美特-KY,9.88,-0.0900,10.20,10.20,9.81,104000,1030380,75,TWSE_CSV,2026-07-29 14:15:30 +0800
1150729,2026-07-29,上市,1702,南僑,34.00,0.6500,33.40,34.15,33.20,766000,25807000,487,TWSE_CSV,2026-07-29 14:15:30 +0800
1150729,2026-07-29,上市,1707,葡萄王,90.90,0.3000,91.00,91.80,90.00,678000,61561400,528,TWSE_CSV,2026-07-29 14:15:30 +0800
1150729,2026-07-29,上市,1708,東鹼,47.50,-2.0500,50.20,50.20,46.50,5398000,259843400,3051,TWSE_CSV,2026-07-29 14:15:30 +0800
1150729,2026-07-29,上市,1709,和益,24.00,-0.5500,24.45,24.80,23.55,3747000,89883650,1629,TWSE_CSV,2026-07-29 14:15:30 +0800
1150729,2026-07-29,上市,1710,東聯,13.15,-0.6500,13.95,13.95,12.70,11676000,154405150,3181,TWSE_CSV,2026-07-29 14:15:30 +0800
1150729,2026-07-29,上市,1711,永光,31.45,-1.2000,32.80,33.20,29.90,10258000,315750150,5211,TWSE_CSV,2026-07-29 14:15:30 +0800
1150729,2026-07-29,上市,1712,興農,39.15,-0.2000,39.50,39.50,38.70,946000,36911750,687,TWSE_CSV,2026-07-29 14:15:30 +0800
1150729,2026-07-29,上市,1713,國化,46.40,-1.2000,47.60,47.60,46.10,320000,14883400,180,TWSE_CSV,2026-07-29 14:15:30 +0800
1150729,2026-07-29,上市,1714,和桐,13.20,-0.4500,13.85,13.85,12.80,17869000,234050650,5080,TWSE_CSV,2026-07-29 14:15:30 +0800
1150729,2026-07-29,上市,1717,長興,54.80,-3.0000,59.00,59.80,52.80,16532000,911150500,9437,TWSE_CSV,2026-07-29 14:15:30 +0800
1150729,2026-07-29,上市,1718,中纖,9.20,-0.5300,9.89,9.89,8.90,43146000,396214000,11144,TWSE_CSV,2026-07-29 14:15:30 +0800
1150729,2026-07-29,上市,1720,生達,57.80,0.5000,57.50,58.00,56.60,702000,40383600,490,TWSE_CSV,2026-07-29 14:15:30 +0800
1150729,2026-07-29,上市,1721,三晃,18.90,-0.6500,20.20,20.20,18.00,1268000,23762650,548,TWSE_CSV,2026-07-29 14:15:30 +0800
1150729,2026-07-29,上市,1722,台肥,45.30,-0.7500,46.25,46.30,45.20,5045000,229789700,1957,TWSE_CSV,2026-07-29 14:15:30 +0800
1150729,2026-07-29,上市,1723,中碳,82.30,-1.5000,84.40,84.40,80.50,895000,73497800,656,TWSE_CSV,2026-07-29 14:15:30 +0800
1150729,2026-07-29,上市,1725,元禎,28.90,-0.1000,29.50,29.50,28.30,199000,5742300,152,TWSE_CSV,2026-07-29 14:15:30 +0800
1150729,2026-07-29,上市,1726,永記,78.40,1.0000,77.50,78.90,77.30,95000,7405000,80,TWSE_CSV,2026-07-29 14:15:30 +0800
1150729,2026-07-29,上市,1727,中華化,65.40,-5.7000,71.10,71.50,64.00,3510000,231537300,2093,TWSE_CSV,2026-07-29 14:15:30 +0800
1150729,2026-07-29,上市,1730,花仙子,51.00,-0.1000,51.50,51.50,50.60,98000,4990500,80,TWSE_CSV,2026-07-29 14:15:30 +0800
1150729,2026-07-29,上市,1731,美吾華,20.50,-0.1000,20.65,20.65,20.45,151000,3100050,93,TWSE_CSV,2026-07-29 14:15:30 +0800
1150729,2026-07-29,上市,1732,毛寶,26.10,-0.6500,27.00,27.00,25.75,445000,11685100,275,TWSE_CSV,2026-07-29 14:15:30 +0800
1150729,2026-07-29,上市,1733,五鼎,32.00,0.3000,32.10,32.15,31.60,280000,8898050,148,TWSE_CSV,2026-07-29 14:15:30 +0800
1150729,2026-07-29,上市,1734,杏輝,31.95,0.1000,31.95,32.10,31.25,589000,18687350,331,TWSE_CSV,2026-07-29 14:15:30 +0800
1150729,2026-07-29,上市,1735,日勝化,18.65,-0.3500,19.50,19.50,18.00,357000,6616500,206,TWSE_CSV,2026-07-29 14:15:30 +0800
1150729,2026-07-29,上市,1736,喬山,134.50,4.0000,132.50,135.00,127.50,1107000,144732500,727,TWSE_CSV,2026-07-29 14:15:30 +0800
1150729,2026-07-29,上市,1737,臺鹽,32.15,0.0000,32.20,32.20,31.90,148000,4747650,108,TWSE_CSV,2026-07-29 14:15:30 +0800
1150729,2026-07-29,上市,1752,南光,31.75,0.0500,31.85,31.85,31.10,138000,4329850,91,TWSE_CSV,2026-07-29 14:15:30 +0800
1150729,2026-07-29,上市,1760,寶齡富錦,58.70,-1.0000,61.20,61.20,57.90,302000,17802100,227,TWSE_CSV,2026-07-29 14:15:30 +0800
1150729,2026-07-29,上市,1762,中化生,32.50,-0.2000,33.85,33.85,31.90,252000,8166000,148,TWSE_CSV,2026-07-29 14:15:30 +0800
1150729,2026-07-29,上市,1773,勝一,148.00,-6.0000,154.00,156.00,143.00,1357000,200044000,1039,TWSE_CSV,2026-07-29 14:15:30 +0800
1150729,2026-07-29,上市,1776,展宇,16.65,-0.3500,17.65,17.65,16.00,183000,3002750,122,TWSE_CSV,2026-07-29 14:15:30 +0800
1150729,2026-07-29,上市,1783,和康生,39.85,-0.2500,40.85,40.85,39.20,116000,4596400,98,TWSE_CSV,2026-07-29 14:15:30 +0800
1150729,2026-07-29,上市,1786,科妍,49.10,-0.1000,49.70,50.40,48.10,406000,19926300,260,TWSE_CSV,2026-07-29 14:15:30 +0800
1150729,2026-07-29,上市,1789,神隆,19.45,0.2000,19.65,19.85,19.10,1366000,26595650,691,TWSE_CSV,2026-07-29 14:15:30 +0800
1150729,2026-07-29,上市,1795,美時,175.50,-1.0000,178.50,179.50,170.50,2003000,348444500,1426,TWSE_CSV,2026-07-29 14:15:30 +0800
1150729,2026-07-29,上市,1802,台玻,44.05,-4.1000,48.70,48.70,43.35,34810000,1555845850,17184,TWSE_CSV,2026-07-29 14:15:30 +0800
1150729,2026-07-29,上市,1805,寶徠,9.87,0.1300,9.98,9.98,9.10,232000,2210810,88,TWSE_CSV,2026-07-29 14:15:30 +0800
1150729,2026-07-29,上市,1806,冠軍,8.03,0.0100,8.16,8.16,7.92,319000,2554290,224,TWSE_CSV,2026-07-29 14:15:30 +0800
1150729,2026-07-29,上市,1808,潤隆,31.40,-0.2000,31.80,31.80,30.70,1358000,42390050,941,TWSE_CSV,2026-07-29 14:15:30 +0800
1150729,2026-07-29,上市,1809,中釉,31.85,-1.8000,33.65,34.15,30.30,2841000,89357400,1775,TWSE_CSV,2026-07-29 14:15:30 +0800
1150729,2026-07-29,上市,1810,和成,23.80,-1.0500,25.70,25.70,23.00,13925000,331624450,5949,TWSE_CSV,2026-07-29 14:15:30 +0800
1150729,2026-07-29,上市,1817,凱撒衛,38.70,0.0000,38.85,38.85,38.25,75000,2885050,58,TWSE_CSV,2026-07-29 14:15:30 +0800
1150729,2026-07-29,上市,1903,士紙,48.00,-0.5500,48.50,48.65,46.90,274000,13044000,183,TWSE_CSV,2026-07-29 14:15:30 +0800
1150729,2026-07-29,上市,1904,正隆,21.05,-0.3000,21.50,21.55,20.70,2648000,55679100,1171,TWSE_CSV,2026-07-29 14:15:30 +0800
1150729,2026-07-29,上市,1905,華紙,12.80,-0.2000,13.10,13.20,12.45,4415000,56142400,1631,TWSE_CSV,2026-07-29 14:15:30 +0800
1150729,2026-07-29,上市,1906,寶隆,11.05,0.1500,11.20,11.20,10.90,72000,792500,53,TWSE_CSV,2026-07-29 14:15:30 +0800
1150729,2026-07-29,上市,1907,永豐餘,28.45,0.3000,28.20,28.90,28.20,3564000,101514300,1561,TWSE_CSV,2026-07-29 14:15:30 +0800
1150729,2026-07-29,上市,1909,榮成,9.88,-0.1700,10.00,10.10,9.77,3656000,36210100,1256,TWSE_CSV,2026-07-29 14:15:30 +0800
1150729,2026-07-29,上市,2002,中鋼,18.95,-0.0500,19.10,19.15,18.65,53099000,1001535400,11366,TWSE_CSV,2026-07-29 14:15:30 +0800
1150729,2026-07-29,上市,2006,東和鋼鐵,72.40,-0.1000,72.80,73.30,69.00,2282000,163640800,1476,TWSE_CSV,2026-07-29 14:15:30 +0800
1150729,2026-07-29,上市,2007,燁興,7.00,0.0200,7.23,7.23,6.90,415000,2896270,208,TWSE_CSV,2026-07-29 14:15:30 +0800
1150729,2026-07-29,上市,2008,高興昌,30.75,0.2000,30.50,30.90,30.20,37000,1133250,34,TWSE_CSV,2026-07-29 14:15:30 +0800
1150729,2026-07-29,上市,2009,第一銅,35.05,0.0000,36.70,36.75,34.80,1943000,68826450,1133,TWSE_CSV,2026-07-29 14:15:30 +0800
1150729,2026-07-29,上市,2010,春源,21.00,-0.1000,21.10,21.25,20.70,2110000,44203050,875,TWSE_CSV,2026-07-29 14:15:30 +0800
1150729,2026-07-29,上市,2012,春雨,16.00,0.2000,16.40,16.40,15.60,98000,1556400,85,TWSE_CSV,2026-07-29 14:15:30 +0800
1150729,2026-07-29,上市,2013,中鋼構,40.95,0.1500,41.40,41.40,40.25,191000,7774200,155,TWSE_CSV,2026-07-29 14:15:30 +0800
1150729,2026-07-29,上市,2014,中鴻,16.80,-0.1500,17.15,17.15,16.50,3777000,63180200,1501,TWSE_CSV,2026-07-29 14:15:30 +0800
1150729,2026-07-29,上市,2015,豐興,65.60,1.0000,64.50,66.90,64.50,717000,46767200,460,TWSE_CSV,2026-07-29 14:15:30 +0800
1150729,2026-07-29,上市,2017,官田鋼,8.80,0.0400,8.79,8.84,8.52,886000,7674310,391,TWSE_CSV,2026-07-29 14:15:30 +0800
1150729,2026-07-29,上市,2020,美亞,21.30,0.2000,21.15,21.30,20.85,473000,9942550,274,TWSE_CSV,2026-07-29 14:15:30 +0800
1150729,2026-07-29,上市,2022,聚亨,7.57,-0.0500,7.62,7.70,7.31,1465000,11023430,609,TWSE_CSV,2026-07-29 14:15:30 +0800
1150729,2026-07-29,上市,2023,燁輝,13.65,-0.2000,13.90,13.90,13.55,2155000,29442400,734,TWSE_CSV,2026-07-29 14:15:30 +0800
1150729,2026-07-29,上市,2024,志聯,14.00,0.2500,14.05,14.05,13.65,33000,459200,32,TWSE_CSV,2026-07-29 14:15:30 +0800
1150729,2026-07-29,上市,2025,千興,12.45,0.7000,11.90,12.45,11.80,1115000,13471750,486,TWSE_CSV,2026-07-29 14:15:30 +0800
1150729,2026-07-29,上市,2027,大成鋼,43.25,1.0500,42.10,43.55,42.05,25245000,1084951900,10621,TWSE_CSV,2026-07-29 14:15:30 +0800
1150729,2026-07-29,上市,2028,威致,15.55,0.0500,15.50,15.55,15.10,190000,2910750,129,TWSE_CSV,2026-07-29 14:15:30 +0800
1150729,2026-07-29,上市,2029,盛餘,20.55,-0.0500,20.85,20.85,20.45,470000,9690050,236,TWSE_CSV,2026-07-29 14:15:30 +0800
1150729,2026-07-29,上市,2030,彰源,17.05,-0.0500,17.25,17.30,16.60,1059000,17833750,532,TWSE_CSV,2026-07-29 14:15:30 +0800
1150729,2026-07-29,上市,2031,新光鋼,39.50,-0.3000,40.05,40.25,38.55,895000,35118000,487,TWSE_CSV,2026-07-29 14:15:30 +0800
1150729,2026-07-29,上市,2032,新鋼,15.30,-0.3000,15.95,15.95,15.00,342000,5232300,203,TWSE_CSV,2026-07-29 14:15:30 +0800
1150729,2026-07-29,上市,2033,佳大,15.00,0.3000,14.70,15.00,14.60,116000,1708500,78,TWSE_CSV,2026-07-29 14:15:30 +0800
1150729,2026-07-29,上市,2034,允強,18.45,-0.4000,18.85,18.90,17.95,3380000,61964700,1342,TWSE_CSV,2026-07-29 14:15:30 +0800
1150729,2026-07-29,上市,2038,海光,12.15,-0.2000,12.70,12.70,11.90,569000,6896900,265,TWSE_CSV,2026-07-29 14:15:30 +0800
1150729,2026-07-29,上市,2049,上銀,290.50,-9.5000,306.00,314.50,281.00,3822000,1118963500,3128,TWSE_CSV,2026-07-29 14:15:30 +0800
1150729,2026-07-29,上市,2059,川湖,7145.00,-305.0000,7450.00,7595.00,6840.00,823000,5842720000,780,TWSE_CSV,2026-07-29 14:15:30 +0800
1150729,2026-07-29,上市,2062,橋椿,18.45,0.0000,18.90,18.90,18.00,507000,9301950,304,TWSE_CSV,2026-07-29 14:15:30 +0800
1150729,2026-07-29,上市,2069,運錩,17.85,-0.0500,17.90,18.10,17.55,407000,7238250,166,TWSE_CSV,2026-07-29 14:15:30 +0800
1150729,2026-07-29,上市,2072,世紀風電,149.50,-3.5000,153.00,156.00,147.50,739000,111824500,532,TWSE_CSV,2026-07-29 14:15:30 +0800
1150729,2026-07-29,上市,2101,南港,32.25,-0.4500,32.75,33.20,31.65,2961000,95841050,1231,TWSE_CSV,2026-07-29 14:15:30 +0800
1150729,2026-07-29,上市,2102,泰豐,19.30,0.0500,19.35,19.35,18.90,389000,7441150,219,TWSE_CSV,2026-07-29 14:15:30 +0800
1150729,2026-07-29,上市,2103,台橡,20.65,-0.5500,21.20,21.35,20.15,8675000,178650850,2843,TWSE_CSV,2026-07-29 14:15:30 +0800
1150729,2026-07-29,上市,2104,國際中橡,9.67,-0.2300,9.99,9.99,9.56,7141000,69048370,2156,TWSE_CSV,2026-07-29 14:15:30 +0800
1150729,2026-07-29,上市,2105,正新,30.40,-0.3000,30.95,31.05,30.00,10835000,329021400,4481,TWSE_CSV,2026-07-29 14:15:30 +0800
1150729,2026-07-29,上市,2106,建大,18.25,-0.1500,18.40,18.55,18.05,1963000,35813650,799,TWSE_CSV,2026-07-29 14:15:30 +0800
1150729,2026-07-29,上市,2107,厚生,25.65,-0.1000,25.75,25.85,25.20,260000,6624300,171,TWSE_CSV,2026-07-29 14:15:30 +0800
1150729,2026-07-29,上市,2108,南帝,26.60,-0.7000,27.40,27.55,26.10,1367000,36457650,794,TWSE_CSV,2026-07-29 14:15:30 +0800
1150729,2026-07-29,上市,2109,華豐,14.40,-0.0500,14.55,14.55,14.05,208000,2967900,134,TWSE_CSV,2026-07-29 14:15:30 +0800
1150729,2026-07-29,上市,2114,鑫永銓,87.30,0.1000,88.00,88.00,86.50,59000,5141300,50,TWSE_CSV,2026-07-29 14:15:30 +0800
1150729,2026-07-29,上市,2115,六暉-KY,21.55,-0.2000,21.90,21.90,21.30,80000,1719500,52,TWSE_CSV,2026-07-29 14:15:30 +0800
1150729,2026-07-29,上市,2201,裕隆,27.00,-0.3000,27.45,27.65,26.65,3829000,103341950,1805,TWSE_CSV,2026-07-29 14:15:30 +0800
1150729,2026-07-29,上市,2204,中華,51.70,0.2000,52.20,52.30,50.70,1282000,65917700,929,TWSE_CSV,2026-07-29 14:15:30 +0800
1150729,2026-07-29,上市,2206,三陽工業,63.60,1.0000,62.60,63.70,62.50,2236000,141247900,1228,TWSE_CSV,2026-07-29 14:15:30 +0800
1150729,2026-07-29,上市,2207,和泰車,519.00,19.0000,505.00,521.00,505.00,1237000,637974000,969,TWSE_CSV,2026-07-29 14:15:30 +0800
1150729,2026-07-29,上市,2208,台船,18.40,-0.4500,19.10,19.15,18.00,6046000,111397300,2583,TWSE_CSV,2026-07-29 14:15:30 +0800
1150729,2026-07-29,上市,2211,長榮鋼,88.00,0.0000,88.50,88.60,86.20,869000,75947700,606,TWSE_CSV,2026-07-29 14:15:30 +0800
1150729,2026-07-29,上市,2227,裕日車,50.80,0.4000,50.70,50.80,49.35,116000,5839900,87,TWSE_CSV,2026-07-29 14:15:30 +0800
1150729,2026-07-29,上市,2228,劍麟,77.70,-0.2000,78.20,78.60,75.00,245000,18687500,194,TWSE_CSV,2026-07-29 14:15:30 +0800
1150729,2026-07-29,上市,2231,為升,88.80,-2.7000,92.30,92.60,86.30,604000,53742800,442,TWSE_CSV,2026-07-29 14:15:30 +0800
1150729,2026-07-29,上市,2233,宇隆,185.50,-6.5000,193.50,199.50,175.50,1729000,316968500,950,TWSE_CSV,2026-07-29 14:15:30 +0800
1150729,2026-07-29,上市,2236,百達-KY,131.00,-0.5000,132.50,132.50,119.00,873000,109477000,624,TWSE_CSV,2026-07-29 14:15:30 +0800
1150729,2026-07-29,上市,2239,英利-KY,20.00,0.1500,20.00,20.20,18.55,412000,7915250,290,TWSE_CSV,2026-07-29 14:15:30 +0800
1150729,2026-07-29,上市,2241,艾姆勒,30.50,-1.0000,32.65,32.65,29.50,1179000,35763850,741,TWSE_CSV,2026-07-29 14:15:30 +0800
1150729,2026-07-29,上市,2243,宏旭-KY,44.25,-3.0500,48.85,48.85,42.65,806000,35370700,439,TWSE_CSV,2026-07-29 14:15:30 +0800
1150729,2026-07-29,上市,2247,汎德永業,226.00,2.0000,226.00,231.00,224.50,177000,40306000,150,TWSE_CSV,2026-07-29 14:15:30 +0800
1150729,2026-07-29,上市,2248,華勝-KY,58.50,-1.1000,60.00,60.00,56.60,158000,9164800,109,TWSE_CSV,2026-07-29 14:15:30 +0800
1150729,2026-07-29,上市,2250,IKKA-KY,56.30,-2.8000,59.50,59.50,54.90,324000,18271800,222,TWSE_CSV,2026-07-29 14:15:30 +0800
1150729,2026-07-29,上市,2254,巨鎧精密-創,62.00,1.5000,60.50,62.00,60.50,14000,857700,13,TWSE_CSV,2026-07-29 14:15:30 +0800
1150729,2026-07-29,上市,2258,鴻華先進-創,32.25,0.8000,31.95,32.25,31.40,1252000,39932850,654,TWSE_CSV,2026-07-29 14:15:30 +0800
1150729,2026-07-29,上市,2301,光寶科,185.00,-9.0000,194.50,197.50,176.50,25858000,4773353500,14454,TWSE_CSV,2026-07-29 14:15:30 +0800
1150729,2026-07-29,上市,2302,麗正,34.15,-3.7500,37.60,39.25,34.15,2861000,101390450,1809,TWSE_CSV,2026-07-29 14:15:30 +0800
1150729,2026-07-29,上市,2303,聯電,102.50,-11.0000,109.50,112.00,102.50,268299000,28316599500,69648,TWSE_CSV,2026-07-29 14:15:30 +0800
1150729,2026-07-29,上市,2305,全友,27.45,-3.0500,30.50,30.80,27.45,9722000,273594550,4603,TWSE_CSV,2026-07-29 14:15:30 +0800
1150729,2026-07-29,上市,2308,台達電,1495.00,-85.0000,1560.00,1595.00,1425.00,20603000,30560890000,13818,TWSE_CSV,2026-07-29 14:15:30 +0800
1150729,2026-07-29,上市,2312,金寶,29.10,-0.6000,30.05,30.80,28.00,27047000,783367550,12445,TWSE_CSV,2026-07-29 14:15:30 +0800
1150729,2026-07-29,上市,2313,華通,171.00,-11.0000,182.50,183.00,164.00,46540000,7923837500,25897,TWSE_CSV,2026-07-29 14:15:30 +0800
1150729,2026-07-29,上市,2314,台揚,11.30,-0.7000,12.25,12.25,10.80,293000,3284550,144,TWSE_CSV,2026-07-29 14:15:30 +0800
1150729,2026-07-29,上市,2316,楠梓電,136.50,-6.0000,143.00,146.00,128.50,3766000,507749500,2575,TWSE_CSV,2026-07-29 14:15:30 +0800
1150729,2026-07-29,上市,2317,鴻海,237.00,-1.0000,240.00,246.50,231.00,81674000,19431927500,39994,TWSE_CSV,2026-07-29 14:15:30 +0800
1150729,2026-07-29,上市,2321,東訊,0.00,0.0000,0.00,0.00,0.00,0,0,0,TWSE_CSV,2026-07-29 14:15:30 +0800
1150729,2026-07-29,上市,2323,中環,9.51,-0.4100,10.00,10.10,9.26,11964000,114788280,3009,TWSE_CSV,2026-07-29 14:15:30 +0800
1150729,2026-07-29,上市,2324,仁寶,34.85,0.1500,35.00,36.30,33.90,82355000,2894145700,30446,TWSE_CSV,2026-07-29 14:15:30 +0800
1150729,2026-07-29,上市,2327,國巨*,507.00,-56.0000,539.00,545.00,507.00,49769000,25959611000,27583,TWSE_CSV,2026-07-29 14:15:30 +0800
1150729,2026-07-29,上市,2328,廣宇,40.35,-2.2000,42.60,43.25,38.65,5538000,223277800,3044,TWSE_CSV,2026-07-29 14:15:30 +0800
1150729,2026-07-29,上市,2329,華泰,38.75,-1.9000,40.65,41.10,37.10,7197000,276405550,4080,TWSE_CSV,2026-07-29 14:15:30 +0800
1150729,2026-07-29,上市,2330,台積電,2200.00,-80.0000,2260.00,2280.00,2180.00,55171000,122751640000,31559,TWSE_CSV,2026-07-29 14:15:30 +0800
1150729,2026-07-29,上市,2331,精英,17.80,-0.7000,18.75,18.75,17.30,3478000,61775350,1567,TWSE_CSV,2026-07-29 14:15:30 +0800
1150729,2026-07-29,上市,2332,友訊,24.00,0.4000,23.75,24.20,22.45,76759000,1786779100,27817,TWSE_CSV,2026-07-29 14:15:30 +0800
1150729,2026-07-29,上市,2337,旺宏,102.00,-11.0000,110.00,110.50,102.00,78643000,8148074500,22267,TWSE_CSV,2026-07-29 14:15:30 +0800
1150729,2026-07-29,上市,2338,光罩,35.15,-2.9500,38.80,38.80,34.30,3373000,118982200,1949,TWSE_CSV,2026-07-29 14:15:30 +0800
1150729,2026-07-29,上市,2340,台亞,26.30,-2.0500,28.55,28.75,25.55,5587000,146413300,3089,TWSE_CSV,2026-07-29 14:15:30 +0800
1150729,2026-07-29,上市,2342,茂矽,32.05,-2.6500,34.65,34.90,31.25,3758000,120510950,2361,TWSE_CSV,2026-07-29 14:15:30 +0800
1150729,2026-07-29,上市,2344,華邦電,130.00,-14.0000,137.00,137.50,130.00,80996000,10635055000,25150,TWSE_CSV,2026-07-29 14:15:30 +0800
1150729,2026-07-29,上市,2345,智邦,1910.00,-130.0000,2040.00,2110.00,1840.00,3711000,7202680000,2898,TWSE_CSV,2026-07-29 14:15:30 +0800
1150729,2026-07-29,上市,2347,聯強,85.40,-0.6000,88.00,88.40,83.40,3786000,324140200,2288,TWSE_CSV,2026-07-29 14:15:30 +0800
1150729,2026-07-29,上市,2348,海悅,75.20,-1.2000,76.40,77.00,73.50,715000,53553800,480,TWSE_CSV,2026-07-29 14:15:30 +0800
1150729,2026-07-29,上市,2349,錸德,10.25,-0.4000,10.85,10.85,10.00,3093000,31744200,1016,TWSE_CSV,2026-07-29 14:15:30 +0800
1150729,2026-07-29,上市,2351,順德,130.50,-14.0000,145.00,145.50,130.50,4908000,659143500,3406,TWSE_CSV,2026-07-29 14:15:30 +0800
1150729,2026-07-29,上市,2352,佳世達,26.95,-0.7500,27.90,28.10,26.05,7716000,207486350,3846,TWSE_CSV,2026-07-29 14:15:30 +0800
1150729,2026-07-29,上市,2353,宏碁,28.65,-0.2000,29.10,29.55,27.70,37021000,1049541050,13394,TWSE_CSV,2026-07-29 14:15:30 +0800
1150729,2026-07-29,上市,2354,鴻準,53.00,-1.0000,54.60,55.30,51.20,8624000,455526000,4937,TWSE_CSV,2026-07-29 14:15:30 +0800
1150729,2026-07-29,上市,2355,敬鵬,36.00,-2.0000,38.05,38.50,35.05,6768000,244456200,3466,TWSE_CSV,2026-07-29 14:15:30 +0800
1150729,2026-07-29,上市,2356,英業達,60.30,1.5000,60.00,61.60,58.00,52367000,3127576800,25368,TWSE_CSV,2026-07-29 14:15:30 +0800
1150729,2026-07-29,上市,2357,華碩,761.00,26.0000,750.00,771.00,736.00,6730000,5075840000,5013,TWSE_CSV,2026-07-29 14:15:30 +0800
1150729,2026-07-29,上市,2359,所羅門,137.00,3.0000,134.50,139.00,127.00,7877000,1053647500,5702,TWSE_CSV,2026-07-29 14:15:30 +0800
1150729,2026-07-29,上市,2360,致茂,1835.00,-105.0000,1940.00,1960.00,1765.00,3613000,6641535000,3049,TWSE_CSV,2026-07-29 14:15:30 +0800
1150729,2026-07-29,上市,2362,藍天,41.85,-1.1500,43.50,43.55,41.10,1476000,62208700,910,TWSE_CSV,2026-07-29 14:15:30 +0800
1150729,2026-07-29,上市,2363,矽統,45.50,-3.7000,49.50,49.50,44.30,9464000,432008850,5643,TWSE_CSV,2026-07-29 14:15:30 +0800
1150729,2026-07-29,上市,2364,倫飛,67.90,-0.5000,69.10,69.70,65.30,334000,22274000,263,TWSE_CSV,2026-07-29 14:15:30 +0800
1150729,2026-07-29,上市,2365,昆盈,26.80,-1.1500,28.30,28.50,25.75,2254000,60074900,1403,TWSE_CSV,2026-07-29 14:15:30 +0800
1150729,2026-07-29,上市,2367,燿華,35.85,-2.5500,38.65,38.95,34.60,15468000,552941350,8378,TWSE_CSV,2026-07-29 14:15:30 +0800
1150729,2026-07-29,上市,2368,金像電,729.00,-80.0000,805.00,813.00,729.00,7864000,5904244000,5762,TWSE_CSV,2026-07-29 14:15:30 +0800
1150729,2026-07-29,上市,2369,菱生,27.60,-2.4000,30.20,30.50,27.00,13909000,385407250,6751,TWSE_CSV,2026-07-29 14:15:30 +0800
1150729,2026-07-29,上市,2371,大同,24.10,-0.7000,24.90,25.10,23.35,15987000,383836400,5304,TWSE_CSV,2026-07-29 14:15:30 +0800
1150729,2026-07-29,上市,2373,震旦行,54.00,0.1000,54.20,54.20,53.50,89000,4786800,65,TWSE_CSV,2026-07-29 14:15:30 +0800
1150729,2026-07-29,上市,2374,佳能,62.60,-1.3000,64.50,65.30,59.60,4957000,307300100,3037,TWSE_CSV,2026-07-29 14:15:30 +0800
1150729,2026-07-29,上市,2375,凱美,107.50,-11.0000,115.00,118.50,107.00,6123000,680951000,4025,TWSE_CSV,2026-07-29 14:15:30 +0800
1150729,2026-07-29,上市,2376,技嘉,321.50,-5.5000,331.00,336.00,315.50,7407000,2397174500,5029,TWSE_CSV,2026-07-29 14:15:30 +0800
1150729,2026-07-29,上市,2377,微星,137.50,-1.5000,140.50,144.50,133.00,17380000,2396195500,10441,TWSE_CSV,2026-07-29 14:15:30 +0800
1150729,2026-07-29,上市,2379,瑞昱,738.00,7.0000,742.00,777.00,715.00,5475000,4042551000,4338,TWSE_CSV,2026-07-29 14:15:30 +0800
1150729,2026-07-29,上市,2380,虹光,18.80,-0.1500,18.90,19.05,18.75,85000,1609000,44,TWSE_CSV,2026-07-29 14:15:30 +0800
1150729,2026-07-29,上市,2382,廣達,309.50,-4.0000,319.00,322.50,301.50,27506000,8573768000,17463,TWSE_CSV,2026-07-29 14:15:30 +0800
1150729,2026-07-29,上市,2383,台光電,4100.00,-310.0000,4380.00,4475.00,3985.00,3274000,13571325000,2906,TWSE_CSV,2026-07-29 14:15:30 +0800
1150729,2026-07-29,上市,2385,群光,101.50,-1.5000,103.00,103.50,99.20,5245000,527206600,2814,TWSE_CSV,2026-07-29 14:15:30 +0800
1150729,2026-07-29,上市,2387,精元,37.60,-0.2500,38.00,38.10,36.70,867000,32316350,484,TWSE_CSV,2026-07-29 14:15:30 +0800
1150729,2026-07-29,上市,2388,威盛,67.40,-2.4000,70.50,71.00,65.10,7692000,518512700,4737,TWSE_CSV,2026-07-29 14:15:30 +0800
1150729,2026-07-29,上市,2390,云辰,10.05,-0.4500,10.65,10.65,9.90,804000,8105360,415,TWSE_CSV,2026-07-29 14:15:30 +0800
1150729,2026-07-29,上市,2392,正崴,33.60,-1.1500,35.00,35.10,32.85,3364000,113413750,1667,TWSE_CSV,2026-07-29 14:15:30 +0800
1150729,2026-07-29,上市,2393,億光,61.20,-2.0000,63.60,63.80,60.40,3480000,213973100,2066,TWSE_CSV,2026-07-29 14:15:30 +0800
1150729,2026-07-29,上市,2395,研華,550.00,-6.0000,549.00,565.00,529.00,5208000,2846810000,3774,TWSE_CSV,2026-07-29 14:15:30 +0800
1150729,2026-07-29,上市,2397,友通,54.00,-1.9000,56.90,56.90,52.50,780000,42059100,554,TWSE_CSV,2026-07-29 14:15:30 +0800
1150729,2026-07-29,上市,2399,映泰,32.45,-1.8500,34.95,35.00,30.90,3856000,123129700,2146,TWSE_CSV,2026-07-29 14:15:30 +0800
1150729,2026-07-29,上市,2401,凌陽,24.15,-1.7000,25.95,26.10,23.30,7179000,173206600,4048,TWSE_CSV,2026-07-29 14:15:30 +0800
1150729,2026-07-29,上市,2402,毅嘉,49.80,0.0000,53.30,53.60,47.75,4470000,222501400,2293,TWSE_CSV,2026-07-29 14:15:30 +0800
1150729,2026-07-29,上市,2404,漢唐,1015.00,5.0000,1025.00,1075.00,975.00,3788000,3865170000,3126,TWSE_CSV,2026-07-29 14:15:30 +0800
1150729,2026-07-29,上市,2405,輔信,14.90,-0.5000,15.50,15.65,14.50,3045000,45266850,1177,TWSE_CSV,2026-07-29 14:15:30 +0800
1150729,2026-07-29,上市,2406,國碩,28.75,-2.1000,31.00,31.35,27.80,12945000,371758850,6444,TWSE_CSV,2026-07-29 14:15:30 +0800
1150729,2026-07-29,上市,2408,南亞科,353.50,-39.0000,378.00,378.00,353.50,54617000,19641859000,28364,TWSE_CSV,2026-07-29 14:15:30 +0800
1150729,2026-07-29,上市,2409,友達,23.65,-0.2500,24.80,25.15,23.05,250452000,6011476000,69573,TWSE_CSV,2026-07-29 14:15:30 +0800
1150729,2026-07-29,上市,2412,中華電,140.50,-0.5000,141.00,142.50,139.00,36443000,5134755000,8504,TWSE_CSV,2026-07-29 14:15:30 +0800
1150729,2026-07-29,上市,2413,環科,36.65,-1.4500,39.10,39.15,34.60,1335000,48164950,892,TWSE_CSV,2026-07-29 14:15:30 +0800
1150729,2026-07-29,上市,2414,精技,55.30,-0.6000,56.60,56.60,53.40,472000,25735900,352,TWSE_CSV,2026-07-29 14:15:30 +0800
1150729,2026-07-29,上市,2415,錩新,29.90,-0.9000,30.80,30.90,28.80,370000,11014650,278,TWSE_CSV,2026-07-29 14:15:30 +0800
1150729,2026-07-29,上市,2417,圓剛,38.10,-0.5000,39.00,39.70,36.50,1477000,55774250,947,TWSE_CSV,2026-07-29 14:15:30 +0800
1150729,2026-07-29,上市,2419,仲琦,22.90,-0.6000,23.70,23.85,22.00,1499000,33834850,839,TWSE_CSV,2026-07-29 14:15:30 +0800
1150729,2026-07-29,上市,2420,新巨,53.80,-1.0000,54.60,55.30,52.00,1039000,55066500,711,TWSE_CSV,2026-07-29 14:15:30 +0800
1150729,2026-07-29,上市,2421,建準,124.50,-2.0000,129.50,130.00,118.50,3270000,401716000,2346,TWSE_CSV,2026-07-29 14:15:30 +0800
1150729,2026-07-29,上市,2423,固緯,66.50,-2.7000,68.00,69.50,64.10,359000,23783100,292,TWSE_CSV,2026-07-29 14:15:30 +0800
1150729,2026-07-29,上市,2424,隴華,7.65,-0.1300,7.71,7.71,7.30,65000,481290,41,TWSE_CSV,2026-07-29 14:15:30 +0800
1150729,2026-07-29,上市,2425,承啟,44.15,0.8500,44.00,44.65,41.00,4650000,199766550,2906,TWSE_CSV,2026-07-29 14:15:30 +0800
1150729,2026-07-29,上市,2426,鼎元,50.30,-5.5000,55.80,56.30,50.30,8351000,433859300,4526,TWSE_CSV,2026-07-29 14:15:30 +0800
1150729,2026-07-29,上市,2427,三商電,22.30,-0.4500,22.75,22.90,21.65,980000,21642650,534,TWSE_CSV,2026-07-29 14:15:30 +0800
1150729,2026-07-29,上市,2428,興勤,209.00,-7.0000,214.00,217.00,197.00,1478000,302072000,1060,TWSE_CSV,2026-07-29 14:15:30 +0800
1150729,2026-07-29,上市,2429,銘旺科,31.20,-3.4500,35.15,36.00,31.20,742000,23831550,408,TWSE_CSV,2026-07-29 14:15:30 +0800
1150729,2026-07-29,上市,2430,燦坤,17.15,-0.1500,17.45,17.45,17.05,153000,2632900,94,TWSE_CSV,2026-07-29 14:15:30 +0800
1150729,2026-07-29,上市,2431,聯昌,10.00,-0.4000,10.50,10.50,9.90,472000,4754280,205,TWSE_CSV,2026-07-29 14:15:30 +0800
1150729,2026-07-29,上市,2432,倚天酷碁-創,27.60,-0.5500,27.65,28.45,27.00,77000,2119000,56,TWSE_CSV,2026-07-29 14:15:30 +0800
1150729,2026-07-29,上市,2433,互盛電,41.95,-0.0500,42.15,42.15,41.70,63000,2637900,57,TWSE_CSV,2026-07-29 14:15:30 +0800
1150729,2026-07-29,上市,2434,統懋,53.40,-5.9000,59.00,59.00,53.40,115000,6253900,89,TWSE_CSV,2026-07-29 14:15:30 +0800
1150729,2026-07-29,上市,2436,偉詮電,51.80,-3.2000,55.80,55.80,49.70,3918000,201534250,2583,TWSE_CSV,2026-07-29 14:15:30 +0800
1150729,2026-07-29,上市,2438,翔耀,16.60,-0.2000,17.15,17.20,16.00,145000,2387900,98,TWSE_CSV,2026-07-29 14:15:30 +0800
1150729,2026-07-29,上市,2439,美律,81.30,-0.6000,81.70,83.10,80.00,1687000,137505900,1066,TWSE_CSV,2026-07-29 14:15:30 +0800
1150729,2026-07-29,上市,2440,太空梭,15.05,-0.0500,15.10,15.25,14.70,703000,10501850,307,TWSE_CSV,2026-07-29 14:15:30 +0800
1150729,2026-07-29,上市,2441,超豐,98.60,-10.9000,108.50,108.50,98.60,6941000,698415800,4258,TWSE_CSV,2026-07-29 14:15:30 +0800
1150729,2026-07-29,上市,2442,新美齊,19.10,0.1000,19.05,19.25,18.75,2256000,42860550,914,TWSE_CSV,2026-07-29 14:15:30 +0800
1150729,2026-07-29,上市,2444,兆勁,10.60,-0.3000,11.30,11.30,10.50,500000,5319550,225,TWSE_CSV,2026-07-29 14:15:30 +0800
1150729,2026-07-29,上市,2449,京元電子,212.50,-23.5000,236.00,236.00,212.50,20919000,4561756000,13648,TWSE_CSV,2026-07-29 14:15:30 +0800
1150729,2026-07-29,上市,2450,神腦,28.80,0.1000,29.00,29.00,28.50,197000,5646450,145,TWSE_CSV,2026-07-29 14:15:30 +0800
1150729,2026-07-29,上市,2451,創見,269.50,12.0000,261.00,278.00,250.00,12459000,3261115500,9581,TWSE_CSV,2026-07-29 14:15:30 +0800
1150729,2026-07-29,上市,2453,凌群,50.40,-0.1000,51.50,51.60,49.50,665000,33365000,374,TWSE_CSV,2026-07-29 14:15:30 +0800
1150729,2026-07-29,上市,2454,聯發科,3150.00,-165.0000,3315.00,3335.00,2990.00,14941000,46511045000,12214,TWSE_CSV,2026-07-29 14:15:30 +0800
1150729,2026-07-29,上市,2455,全新,272.50,-30.0000,304.00,304.00,272.50,5183000,1456204500,3816,TWSE_CSV,2026-07-29 14:15:30 +0800
1150729,2026-07-29,上市,2457,飛宏,21.05,-1.2500,22.40,22.60,20.25,4476000,93972950,2312,TWSE_CSV,2026-07-29 14:15:30 +0800
1150729,2026-07-29,上市,2458,義隆,149.50,-5.0000,155.00,156.50,144.00,3228000,476443500,2126,TWSE_CSV,2026-07-29 14:15:30 +0800
1150729,2026-07-29,上市,2459,敦吉,64.40,-0.7000,65.20,65.40,63.60,235000,15058800,176,TWSE_CSV,2026-07-29 14:15:30 +0800
1150729,2026-07-29,上市,2460,建通,29.00,-0.9000,29.95,29.95,27.00,960000,27215550,452,TWSE_CSV,2026-07-29 14:15:30 +0800
1150729,2026-07-29,上市,2461,光群雷,15.60,0.1000,15.70,15.70,15.20,1075000,16588450,410,TWSE_CSV,2026-07-29 14:15:30 +0800
1150729,2026-07-29,上市,2462,良得電,19.65,-0.2500,19.60,20.40,19.20,598000,11710600,331,TWSE_CSV,2026-07-29 14:15:30 +0800
1150729,2026-07-29,上市,2464,盟立,123.00,-8.0000,131.00,134.00,118.00,6767000,829363500,4633,TWSE_CSV,2026-07-29 14:15:30 +0800
1150729,2026-07-29,上市,2465,麗臺,72.60,-2.0000,75.00,76.00,69.00,1624000,115948400,1101,TWSE_CSV,2026-07-29 14:15:30 +0800
1150729,2026-07-29,上市,2466,冠西電,89.80,-4.8000,94.10,95.40,86.40,2116000,190936400,1490,TWSE_CSV,2026-07-29 14:15:30 +0800
1150729,2026-07-29,上市,2467,志聖,461.00,-47.0000,517.00,520.00,457.50,1697000,804806500,1417,TWSE_CSV,2026-07-29 14:15:30 +0800
1150729,2026-07-29,上市,2468,華經,32.30,-1.9500,33.30,34.35,31.25,955000,31012850,656,TWSE_CSV,2026-07-29 14:15:30 +0800
1150729,2026-07-29,上市,2471,資通,47.60,-0.4000,48.00,48.30,46.45,348000,16423050,262,TWSE_CSV,2026-07-29 14:15:30 +0800
1150729,2026-07-29,上市,2472,立隆電,220.00,-15.0000,238.50,242.00,211.50,5806000,1285326500,4208,TWSE_CSV,2026-07-29 14:15:30 +0800
1150729,2026-07-29,上市,2474,可成,180.50,-4.0000,185.00,186.00,177.00,4517000,814212000,2899,TWSE_CSV,2026-07-29 14:15:30 +0800
1150729,2026-07-29,上市,2476,鉅祥,106.00,-5.0000,111.50,112.50,100.50,3948000,414429000,1847,TWSE_CSV,2026-07-29 14:15:30 +0800
1150729,2026-07-29,上市,2477,美隆電,21.20,-0.3000,21.60,21.60,20.90,163000,3450400,110,TWSE_CSV,2026-07-29 14:15:30 +0800
1150729,2026-07-29,上市,2478,大毅,104.50,-11.5000,114.50,115.50,104.50,3007000,326350000,1955,TWSE_CSV,2026-07-29 14:15:30 +0800
1150729,2026-07-29,上市,2480,敦陽科,156.00,0.5000,158.00,159.00,151.50,365000,56389000,322,TWSE_CSV,2026-07-29 14:15:30 +0800
1150729,2026-07-29,上市,2481,強茂,112.50,-12.0000,124.50,124.50,112.50,14023000,1616196500,6569,TWSE_CSV,2026-07-29 14:15:30 +0800
1150729,2026-07-29,上市,2482,連宇,16.25,0.0000,17.40,17.40,15.75,660000,10812850,301,TWSE_CSV,2026-07-29 14:15:30 +0800
1150729,2026-07-29,上市,2483,百容,35.00,-3.8500,38.15,38.15,35.00,290000,10270200,196,TWSE_CSV,2026-07-29 14:15:30 +0800
1150729,2026-07-29,上市,2484,希華,59.30,-6.5000,64.50,67.20,59.30,15099000,938530600,8497,TWSE_CSV,2026-07-29 14:15:30 +0800
1150729,2026-07-29,上市,2485,兆赫,35.45,-1.5500,37.50,37.55,33.40,8451000,294808400,4697,TWSE_CSV,2026-07-29 14:15:30 +0800
1150729,2026-07-29,上市,2486,一詮,184.50,-20.5000,200.00,200.50,184.50,7535000,1421084500,4198,TWSE_CSV,2026-07-29 14:15:30 +0800
1150729,2026-07-29,上市,2488,漢平,48.50,-0.0500,48.95,48.95,47.50,277000,13309750,157,TWSE_CSV,2026-07-29 14:15:30 +0800
1150729,2026-07-29,上市,2489,瑞軒,26.10,-1.3500,27.45,27.80,24.80,15324000,394655950,7228,TWSE_CSV,2026-07-29 14:15:30 +0800
1150729,2026-07-29,上市,2491,吉祥全,23.55,-1.8500,25.40,25.40,22.90,675000,15903700,367,TWSE_CSV,2026-07-29 14:15:30 +0800
1150729,2026-07-29,上市,2492,華新科,220.50,-24.5000,234.50,234.50,220.50,1569000,351746500,817,TWSE_CSV,2026-07-29 14:15:30 +0800
1150729,2026-07-29,上市,2493,揚博,176.00,-19.5000,197.50,198.00,176.00,2638000,481188500,1834,TWSE_CSV,2026-07-29 14:15:30 +0800
1150729,2026-07-29,上市,2495,普安,32.50,-1.4000,33.90,34.45,31.25,3245000,104826350,1927,TWSE_CSV,2026-07-29 14:15:30 +0800
1150729,2026-07-29,上市,2496,卓越,58.00,-0.5000,58.40,59.50,57.40,86000,4977700,52,TWSE_CSV,2026-07-29 14:15:30 +0800
1150729,2026-07-29,上市,2497,怡利電,42.80,-2.9500,46.30,46.60,41.50,2802000,119913650,2041,TWSE_CSV,2026-07-29 14:15:30 +0800
1150729,2026-07-29,上市,2498,宏達電,38.55,-1.3500,40.05,40.50,37.90,7721000,299840350,3968,TWSE_CSV,2026-07-29 14:15:30 +0800
1150729,2026-07-29,上市,2501,國建,22.15,-0.2500,22.55,22.70,21.90,2969000,65937850,1572,TWSE_CSV,2026-07-29 14:15:30 +0800
1150729,2026-07-29,上市,2504,國產,31.55,0.3500,31.65,31.75,30.80,3123000,97947450,1772,TWSE_CSV,2026-07-29 14:15:30 +0800
1150729,2026-07-29,上市,2505,國揚,17.90,0.0000,18.10,18.15,17.65,457000,8163500,237,TWSE_CSV,2026-07-29 14:15:30 +0800
1150729,2026-07-29,上市,2506,太設,8.65,-0.0300,8.78,8.78,8.55,277000,2386350,131,TWSE_CSV,2026-07-29 14:15:30 +0800
1150729,2026-07-29,上市,2509,全坤建,13.10,-0.0500,13.35,13.35,12.90,210000,2730900,104,TWSE_CSV,2026-07-29 14:15:30 +0800
1150729,2026-07-29,上市,2511,太子,8.43,0.0100,8.45,8.46,8.32,2993000,25121460,898,TWSE_CSV,2026-07-29 14:15:30 +0800
1150729,2026-07-29,上市,2514,龍邦,12.75,-0.0500,12.80,12.80,12.55,148000,1878800,104,TWSE_CSV,2026-07-29 14:15:30 +0800
1150729,2026-07-29,上市,2515,中工,11.65,-0.1000,11.75,11.80,11.30,7929000,91575250,2211,TWSE_CSV,2026-07-29 14:15:30 +0800
1150729,2026-07-29,上市,2516,新建,13.85,-0.1500,14.25,14.25,13.85,152000,2122300,83,TWSE_CSV,2026-07-29 14:15:30 +0800
1150729,2026-07-29,上市,2520,冠德,34.70,-0.3000,35.20,35.20,34.00,1921000,66470600,1124,TWSE_CSV,2026-07-29 14:15:30 +0800
1150729,2026-07-29,上市,2524,京城,36.25,0.8000,35.75,36.25,34.10,286000,10190350,197,TWSE_CSV,2026-07-29 14:15:30 +0800
1150729,2026-07-29,上市,2527,宏璟,41.65,-1.5000,43.45,43.60,40.55,1371000,57204600,931,TWSE_CSV,2026-07-29 14:15:30 +0800
1150729,2026-07-29,上市,2528,皇普,19.25,0.0000,19.05,19.65,18.85,853000,16341250,397,TWSE_CSV,2026-07-29 14:15:30 +0800
1150729,2026-07-29,上市,2530,華建,20.65,0.7500,19.90,21.10,19.90,2649000,54629900,1335,TWSE_CSV,2026-07-29 14:15:30 +0800
1150729,2026-07-29,上市,2534,宏盛,17.20,0.0000,17.25,17.40,16.95,961000,16440350,441,TWSE_CSV,2026-07-29 14:15:30 +0800
1150729,2026-07-29,上市,2535,達欣工,86.30,-0.1000,86.70,87.30,84.20,525000,44860200,427,TWSE_CSV,2026-07-29 14:15:30 +0800
1150729,2026-07-29,上市,2536,宏普,17.95,0.0500,18.05,18.10,17.65,1189000,21187650,498,TWSE_CSV,2026-07-29 14:15:30 +0800
1150729,2026-07-29,上市,2537,聯上發,10.85,-0.1000,11.00,11.05,10.70,2464000,26666700,564,TWSE_CSV,2026-07-29 14:15:30 +0800
1150729,2026-07-29,上市,2538,基泰,10.00,0.0400,10.10,10.10,9.80,1145000,11386720,387,TWSE_CSV,2026-07-29 14:15:30 +0800
1150729,2026-07-29,上市,2539,櫻花建,42.65,1.5000,41.35,43.70,41.20,4188000,179059900,1953,TWSE_CSV,2026-07-29 14:15:30 +0800
1150729,2026-07-29,上市,2540,愛山林,57.80,1.9000,56.20,59.00,55.90,4713000,271073400,2348,TWSE_CSV,2026-07-29 14:15:30 +0800
1150729,2026-07-29,上市,2542,興富發,43.25,0.3000,43.00,43.40,42.50,7652000,329072500,3501,TWSE_CSV,2026-07-29 14:15:30 +0800
1150729,2026-07-29,上市,2543,皇昌,36.50,-2.2500,38.85,39.50,35.90,2944000,110153450,1603,TWSE_CSV,2026-07-29 14:15:30 +0800
1150729,2026-07-29,上市,2545,皇翔,33.00,0.2000,33.30,33.30,32.35,469000,15380850,348,TWSE_CSV,2026-07-29 14:15:30 +0800
1150729,2026-07-29,上市,2546,根基,98.00,1.2000,96.90,98.30,95.40,316000,30745100,260,TWSE_CSV,2026-07-29 14:15:30 +0800
1150729,2026-07-29,上市,2547,日勝生,10.25,0.0500,10.20,10.25,10.05,4080000,41346550,911,TWSE_CSV,2026-07-29 14:15:30 +0800
1150729,2026-07-29,上市,2548,華固,98.00,-0.8000,99.30,99.30,97.00,1834000,179247100,1165,TWSE_CSV,2026-07-29 14:15:30 +0800
1150729,2026-07-29,上市,2597,潤弘,163.00,2.0000,162.50,164.00,159.00,412000,66509000,354,TWSE_CSV,2026-07-29 14:15:30 +0800
1150729,2026-07-29,上市,2601,益航,6.20,-0.0400,6.30,6.30,6.00,3670000,22543430,1117,TWSE_CSV,2026-07-29 14:15:30 +0800
1150729,2026-07-29,上市,2603,長榮,201.50,1.5000,205.00,205.50,198.00,12916000,2612260000,5757,TWSE_CSV,2026-07-29 14:15:30 +0800
1150729,2026-07-29,上市,2605,新興,31.10,0.0000,31.50,31.75,30.15,6641000,204732100,3185,TWSE_CSV,2026-07-29 14:15:30 +0800
1150729,2026-07-29,上市,2606,裕民,61.30,-0.8000,62.40,62.50,60.10,3608000,220348300,2222,TWSE_CSV,2026-07-29 14:15:30 +0800
1150729,2026-07-29,上市,2607,榮運,47.40,0.2000,47.15,47.60,46.00,804000,37930050,520,TWSE_CSV,2026-07-29 14:15:30 +0800
1150729,2026-07-29,上市,2608,嘉里大榮,29.75,0.2500,29.50,29.95,29.45,902000,26771400,465,TWSE_CSV,2026-07-29 14:15:30 +0800
1150729,2026-07-29,上市,2609,陽明,50.10,-0.6000,50.90,51.60,49.50,22544000,1135865000,9130,TWSE_CSV,2026-07-29 14:15:30 +0800
1150729,2026-07-29,上市,2610,華航,21.70,-0.0500,22.10,22.40,21.25,65422000,1427966800,15593,TWSE_CSV,2026-07-29 14:15:30 +0800
1150729,2026-07-29,上市,2611,志信,13.40,-0.2500,13.95,13.95,13.20,561000,7587200,244,TWSE_CSV,2026-07-29 14:15:30 +0800
1150729,2026-07-29,上市,2612,中航,51.10,0.0000,51.10,51.60,49.50,572000,28826800,360,TWSE_CSV,2026-07-29 14:15:30 +0800
1150729,2026-07-29,上市,2613,中櫃,20.15,-0.4500,20.90,20.90,19.80,597000,12034900,328,TWSE_CSV,2026-07-29 14:15:30 +0800
1150729,2026-07-29,上市,2614,東森,18.05,-0.2500,18.35,18.35,17.65,1325000,23805150,538,TWSE_CSV,2026-07-29 14:15:30 +0800
1150729,2026-07-29,上市,2615,萬海,85.00,1.4000,84.80,86.20,83.70,16184000,1377827100,9271,TWSE_CSV,2026-07-29 14:15:30 +0800
1150729,2026-07-29,上市,2616,山隆,13.55,-0.0500,13.75,13.75,13.35,299000,4027350,173,TWSE_CSV,2026-07-29 14:15:30 +0800
1150729,2026-07-29,上市,2617,台航,28.45,-0.0500,28.75,28.80,27.85,989000,27905050,648,TWSE_CSV,2026-07-29 14:15:30 +0800
1150729,2026-07-29,上市,2618,長榮航,41.45,-1.3000,43.00,43.40,40.75,47257000,1979708550,14117,TWSE_CSV,2026-07-29 14:15:30 +0800
1150729,2026-07-29,上市,2630,亞航,48.10,-1.5000,50.10,50.80,46.20,4478000,215457900,2742,TWSE_CSV,2026-07-29 14:15:30 +0800
1150729,2026-07-29,上市,2633,台灣高鐵,26.05,0.0500,26.10,26.25,25.70,8492000,220805500,2790,TWSE_CSV,2026-07-29 14:15:30 +0800
1150729,2026-07-29,上市,2634,漢翔,60.70,-0.2000,61.00,62.20,58.00,47068000,2803459600,22253,TWSE_CSV,2026-07-29 14:15:30 +0800
1150729,2026-07-29,上市,2636,台驊控股,65.60,-0.3000,66.00,66.50,64.20,468000,30497300,340,TWSE_CSV,2026-07-29 14:15:30 +0800
1150729,2026-07-29,上市,2637,慧洋-KY,80.40,-1.5000,82.90,83.40,77.80,2561000,205061800,1777,TWSE_CSV,2026-07-29 14:15:30 +0800
1150729,2026-07-29,上市,2642,宅配通,20.20,-0.1500,21.10,21.10,20.15,118000,2392300,68,TWSE_CSV,2026-07-29 14:15:30 +0800
1150729,2026-07-29,上市,2645,長榮航太,182.00,-3.5000,187.00,189.50,174.50,3108000,558860500,2398,TWSE_CSV,2026-07-29 14:15:30 +0800
1150729,2026-07-29,上市,2646,星宇航空,21.50,-0.3000,21.85,22.00,21.15,8854000,190294800,3614,TWSE_CSV,2026-07-29 14:15:30 +0800
1150729,2026-07-29,上市,2701,萬企,10.75,-0.0500,10.75,10.80,10.60,139000,1489500,94,TWSE_CSV,2026-07-29 14:15:30 +0800
1150729,2026-07-29,上市,2702,華園,12.45,-0.3000,12.95,12.95,12.20,111000,1381900,70,TWSE_CSV,2026-07-29 14:15:30 +0800
1150729,2026-07-29,上市,2704,國賓,47.35,1.7000,46.00,49.70,45.55,257000,12054000,203,TWSE_CSV,2026-07-29 14:15:30 +0800
1150729,2026-07-29,上市,2705,六福,16.20,0.1000,16.25,16.25,15.90,186000,2989350,118,TWSE_CSV,2026-07-29 14:15:30 +0800
1150729,2026-07-29,上市,2706,第一店,12.70,0.0500,12.70,12.70,12.45,292000,3673600,153,TWSE_CSV,2026-07-29 14:15:30 +0800
1150729,2026-07-29,上市,2707,晶華,180.00,0.5000,180.00,180.50,177.50,285000,51121000,228,TWSE_CSV,2026-07-29 14:15:30 +0800
1150729,2026-07-29,上市,2712,遠雄來,14.85,0.0500,14.90,14.90,14.30,19000,279250,17,TWSE_CSV,2026-07-29 14:15:30 +0800
1150729,2026-07-29,上市,2722,夏都,21.30,0.1000,21.60,21.60,20.80,107000,2265000,75,TWSE_CSV,2026-07-29 14:15:30 +0800
1150729,2026-07-29,上市,2723,美食-KY,61.50,-0.4000,62.50,62.50,60.60,406000,24907200,323,TWSE_CSV,2026-07-29 14:15:30 +0800
1150729,2026-07-29,上市,2727,王品,229.00,0.0000,229.00,230.50,226.00,666000,152001000,488,TWSE_CSV,2026-07-29 14:15:30 +0800
1150729,2026-07-29,上市,2731,雄獅,145.00,1.5000,144.50,145.00,142.00,596000,85394500,394,TWSE_CSV,2026-07-29 14:15:30 +0800
1150729,2026-07-29,上市,2739,寒舍,34.75,-0.2000,34.95,35.00,34.15,202000,6994450,128,TWSE_CSV,2026-07-29 14:15:30 +0800
1150729,2026-07-29,上市,2748,雲品,39.80,0.3000,40.30,40.30,38.90,324000,12777950,205,TWSE_CSV,2026-07-29 14:15:30 +0800
1150729,2026-07-29,上市,2753,八方雲集,176.00,-1.0000,178.00,179.50,174.00,361000,63665500,299,TWSE_CSV,2026-07-29 14:15:30 +0800
1150729,2026-07-29,上市,2762,世界健身-KY,88.10,1.1000,87.90,88.50,86.20,223000,19515300,182,TWSE_CSV,2026-07-29 14:15:30 +0800
1150729,2026-07-29,上市,2801,彰銀,24.45,-0.1000,24.70,24.80,24.00,41273000,1005575100,12657,TWSE_CSV,2026-07-29 14:15:30 +0800
1150729,2026-07-29,上市,2812,台中銀,20.65,-0.1000,20.75,20.85,20.40,34904000,721279200,5135,TWSE_CSV,2026-07-29 14:15:30 +0800
1150729,2026-07-29,上市,2816,旺旺保,33.25,-0.1500,33.70,33.70,32.80,239000,7913100,153,TWSE_CSV,2026-07-29 14:15:30 +0800
1150729,2026-07-29,上市,2820,華票,16.60,0.1000,16.60,16.65,16.35,2480000,40945950,933,TWSE_CSV,2026-07-29 14:15:30 +0800
1150729,2026-07-29,上市,2832,台產,56.90,0.6000,56.60,57.10,55.50,368000,20735800,237,TWSE_CSV,2026-07-29 14:15:30 +0800
1150729,2026-07-29,上市,2834,臺企銀,17.95,-0.1500,18.10,18.15,17.70,66402000,1188577150,11320,TWSE_CSV,2026-07-29 14:15:30 +0800
1150729,2026-07-29,上市,2836,高雄銀,11.95,0.0000,12.40,12.45,11.80,16878000,202874900,3475,TWSE_CSV,2026-07-29 14:15:30 +0800
1150729,2026-07-29,上市,2838,聯邦銀,20.45,0.0500,20.55,20.55,20.05,4448000,90190650,1506,TWSE_CSV,2026-07-29 14:15:30 +0800
1150729,2026-07-29,上市,2845,遠東銀,13.30,0.0000,13.30,13.40,13.10,15745000,208267600,3891,TWSE_CSV,2026-07-29 14:15:30 +0800
1150729,2026-07-29,上市,2849,安泰銀,15.35,0.4500,14.95,15.35,14.90,1031000,15651750,437,TWSE_CSV,2026-07-29 14:15:30 +0800
1150729,2026-07-29,上市,2850,新產,155.50,0.5000,157.00,158.50,154.00,970000,151310500,607,TWSE_CSV,2026-07-29 14:15:30 +0800
1150729,2026-07-29,上市,2851,中再保,34.05,-0.3500,34.85,34.85,32.95,4379000,147027750,1958,TWSE_CSV,2026-07-29 14:15:30 +0800
1150729,2026-07-29,上市,2852,第一保,26.60,0.0000,26.70,26.75,26.30,481000,12731800,229,TWSE_CSV,2026-07-29 14:15:30 +0800
1150729,2026-07-29,上市,2855,統一證,40.80,-1.4000,42.30,42.50,39.75,6813000,276631600,3381,TWSE_CSV,2026-07-29 14:15:30 +0800
1150729,2026-07-29,上市,2867,三商壽,9.37,0.0200,9.35,9.49,9.20,39950000,373655460,5272,TWSE_CSV,2026-07-29 14:15:30 +0800
1150729,2026-07-29,上市,2880,華南金,41.80,0.4000,41.45,42.50,40.70,34524000,1444991900,12945,TWSE_CSV,2026-07-29 14:15:30 +0800
1150729,2026-07-29,上市,2881,富邦金,123.00,-2.5000,126.50,127.00,120.50,30631000,3780212500,9313,TWSE_CSV,2026-07-29 14:15:30 +0800
1150729,2026-07-29,上市,2882,國泰金,94.10,-1.3000,95.00,96.60,92.50,29830000,2817660100,11202,TWSE_CSV,2026-07-29 14:15:30 +0800
1150729,2026-07-29,上市,2883,凱基金,29.15,-0.4500,29.65,29.95,28.50,58047000,1690679950,15448,TWSE_CSV,2026-07-29 14:15:30 +0800
1150729,2026-07-29,上市,2884,玉山金,36.50,0.2500,36.40,36.90,35.85,75667000,2751300450,16393,TWSE_CSV,2026-07-29 14:15:30 +0800
1150729,2026-07-29,上市,2885,元大金,62.20,-1.3000,64.40,64.70,60.70,42376000,2657140600,11640,TWSE_CSV,2026-07-29 14:15:30 +0800
1150729,2026-07-29,上市,2886,兆豐金,49.90,0.4500,49.45,50.50,49.05,44840000,2231733650,14428,TWSE_CSV,2026-07-29 14:15:30 +0800
1150729,2026-07-29,上市,2887,台新新光金,32.60,-1.3500,34.15,34.20,32.25,95829000,3163852350,21589,TWSE_CSV,2026-07-29 14:15:30 +0800
1150729,2026-07-29,上市,2889,國票金,15.40,-0.2000,15.60,15.60,15.15,8275000,127085250,2705,TWSE_CSV,2026-07-29 14:15:30 +0800
1150729,2026-07-29,上市,2890,永豐金,38.60,-0.0500,39.10,39.20,38.15,39004000,1509326850,9874,TWSE_CSV,2026-07-29 14:15:30 +0800
1150729,2026-07-29,上市,2891,中信金,62.00,-0.4000,63.50,63.50,60.80,54162000,3369550100,17826,TWSE_CSV,2026-07-29 14:15:30 +0800
1150729,2026-07-29,上市,2892,第一金,34.80,0.0000,34.80,35.10,34.15,49562000,1720499400,13453,TWSE_CSV,2026-07-29 14:15:30 +0800
1150729,2026-07-29,上市,2897,王道銀行,10.25,0.0500,10.30,10.30,10.05,10503000,107070400,2383,TWSE_CSV,2026-07-29 14:15:30 +0800
1150729,2026-07-29,上市,2901,欣欣,24.35,0.2000,24.25,24.35,24.15,17000,412700,16,TWSE_CSV,2026-07-29 14:15:30 +0800
1150729,2026-07-29,上市,2903,遠百,22.35,0.0500,22.40,22.60,22.05,4176000,93446550,1629,TWSE_CSV,2026-07-29 14:15:30 +0800
1150729,2026-07-29,上市,2904,匯僑,13.55,-0.0500,13.60,13.65,13.45,35000,474450,27,TWSE_CSV,2026-07-29 14:15:30 +0800
1150729,2026-07-29,上市,2905,三商,16.45,0.2500,16.25,16.45,16.05,2316000,37676050,978,TWSE_CSV,2026-07-29 14:15:30 +0800
1150729,2026-07-29,上市,2906,高林,13.15,0.0000,13.45,13.45,12.80,514000,6695700,274,TWSE_CSV,2026-07-29 14:15:30 +0800
1150729,2026-07-29,上市,2908,特力,22.15,0.1500,22.00,22.15,21.80,194000,4268700,119,TWSE_CSV,2026-07-29 14:15:30 +0800
1150729,2026-07-29,上市,2910,統領,26.00,1.8000,24.90,26.00,24.70,171000,4332850,133,TWSE_CSV,2026-07-29 14:15:30 +0800
1150729,2026-07-29,上市,2911,麗嬰房,6.74,-0.1500,6.98,6.98,6.38,258000,1701760,167,TWSE_CSV,2026-07-29 14:15:30 +0800
1150729,2026-07-29,上市,2912,統一超,241.00,3.5000,239.50,242.00,237.50,4905000,1176637000,2621,TWSE_CSV,2026-07-29 14:15:30 +0800
1150729,2026-07-29,上市,2913,農林,10.90,-0.2000,11.25,11.25,10.75,3165000,34602700,942,TWSE_CSV,2026-07-29 14:15:30 +0800
1150729,2026-07-29,上市,2915,潤泰全,51.10,0.6000,51.00,51.20,50.10,3954000,200492600,1808,TWSE_CSV,2026-07-29 14:15:30 +0800
1150729,2026-07-29,上市,2923,鼎固-KY,41.00,3.3500,37.65,41.35,35.90,1034000,41759400,566,TWSE_CSV,2026-07-29 14:15:30 +0800
1150729,2026-07-29,上市,2929,淘帝-KY,5.64,-0.1900,5.77,5.78,5.56,140000,792380,86,TWSE_CSV,2026-07-29 14:15:30 +0800
1150729,2026-07-29,上市,2939,永邑-KY,19.55,0.3500,19.30,19.65,18.70,64000,1221400,55,TWSE_CSV,2026-07-29 14:15:30 +0800
1150729,2026-07-29,上市,2945,三商家購,41.45,0.1500,41.85,41.85,40.90,24000,990500,20,TWSE_CSV,2026-07-29 14:15:30 +0800
1150729,2026-07-29,上市,3002,歐格,15.55,-0.7000,16.30,16.35,14.80,388000,6007450,240,TWSE_CSV,2026-07-29 14:15:30 +0800
1150729,2026-07-29,上市,3003,健和興,54.30,-3.0000,57.90,57.90,52.90,1053000,57339600,795,TWSE_CSV,2026-07-29 14:15:30 +0800
1150729,2026-07-29,上市,3004,豐達科,132.00,-0.5000,132.00,135.00,124.50,1240000,159744500,753,TWSE_CSV,2026-07-29 14:15:30 +0800
1150729,2026-07-29,上市,3005,神基,107.00,-3.0000,110.00,111.50,104.00,5252000,559269500,2964,TWSE_CSV,2026-07-29 14:15:30 +0800
1150729,2026-07-29,上市,3006,晶豪科,172.00,-19.0000,185.50,185.50,172.00,8707000,1519609500,5349,TWSE_CSV,2026-07-29 14:15:30 +0800
1150729,2026-07-29,上市,3008,大立光,3850.00,-50.0000,3905.00,4010.00,3685.00,3176000,12232470000,2927,TWSE_CSV,2026-07-29 14:15:30 +0800
1150729,2026-07-29,上市,3010,華立,110.50,-3.0000,114.50,115.00,107.00,1454000,159740000,1093,TWSE_CSV,2026-07-29 14:15:30 +0800
1150729,2026-07-29,上市,3011,今皓,11.55,-0.3000,11.80,11.95,11.40,1356000,15728600,475,TWSE_CSV,2026-07-29 14:15:30 +0800
1150729,2026-07-29,上市,3013,晟銘電,75.50,-3.9000,79.60,80.20,72.00,3171000,235760300,2191,TWSE_CSV,2026-07-29 14:15:30 +0800
1150729,2026-07-29,上市,3014,聯陽,121.00,-3.5000,125.00,126.00,118.50,1478000,178711500,1137,TWSE_CSV,2026-07-29 14:15:30 +0800
1150729,2026-07-29,上市,3015,全漢,50.80,-1.2000,52.30,52.40,49.00,1075000,53859200,760,TWSE_CSV,2026-07-29 14:15:30 +0800
1150729,2026-07-29,上市,3016,嘉晶,77.30,-7.5000,83.60,83.70,76.40,5644000,440668100,3667,TWSE_CSV,2026-07-29 14:15:30 +0800
1150729,2026-07-29,上市,3017,奇鋐,2095.00,-145.0000,2225.00,2245.00,2020.00,6080000,12800300000,5312,TWSE_CSV,2026-07-29 14:15:30 +0800
1150729,2026-07-29,上市,3018,隆銘綠能,17.25,1.5500,17.25,17.25,17.25,384000,6624000,158,TWSE_CSV,2026-07-29 14:15:30 +0800
1150729,2026-07-29,上市,3019,亞光,123.00,-3.0000,126.50,128.50,118.00,5618000,686014500,3752,TWSE_CSV,2026-07-29 14:15:30 +0800
1150729,2026-07-29,上市,3021,鴻名,20.10,-0.2000,20.75,20.75,19.00,367000,7185500,253,TWSE_CSV,2026-07-29 14:15:30 +0800
1150729,2026-07-29,上市,3022,威強電,88.00,-1.2000,91.80,92.10,85.10,2932000,258294400,2159,TWSE_CSV,2026-07-29 14:15:30 +0800
1150729,2026-07-29,上市,3023,信邦,278.00,-3.5000,281.00,286.00,269.00,1996000,548465000,1490,TWSE_CSV,2026-07-29 14:15:30 +0800
1150729,2026-07-29,上市,3024,憶聲,12.35,-0.4000,12.80,12.80,12.00,1907000,23399150,707,TWSE_CSV,2026-07-29 14:15:30 +0800
1150729,2026-07-29,上市,3025,星通,51.40,-2.0000,53.40,54.00,49.60,579000,29499600,420,TWSE_CSV,2026-07-29 14:15:30 +0800
1150729,2026-07-29,上市,3026,禾伸堂,474.50,-52.5000,474.50,474.50,474.50,756000,358722000,238,TWSE_CSV,2026-07-29 14:15:30 +0800
1150729,2026-07-29,上市,3027,盛達,17.60,-0.9500,18.20,18.55,17.00,796000,13931100,497,TWSE_CSV,2026-07-29 14:15:30 +0800
1150729,2026-07-29,上市,3028,增你強,58.30,-2.2000,60.60,61.30,56.50,2779000,160848900,1830,TWSE_CSV,2026-07-29 14:15:30 +0800
1150729,2026-07-29,上市,3029,零壹,99.30,-2.2000,102.00,102.50,97.70,1495000,149247700,1054,TWSE_CSV,2026-07-29 14:15:30 +0800
1150729,2026-07-29,上市,3030,德律,255.00,-18.5000,274.50,276.00,246.50,4177000,1060134500,2570,TWSE_CSV,2026-07-29 14:15:30 +0800
1150729,2026-07-29,上市,3031,佰鴻,19.65,-2.1500,21.90,22.15,19.65,2202000,44090550,1076,TWSE_CSV,2026-07-29 14:15:30 +0800
1150729,2026-07-29,上市,3032,偉訓,73.90,-4.8000,78.70,79.20,72.20,988000,74315900,684,TWSE_CSV,2026-07-29 14:15:30 +0800
1150729,2026-07-29,上市,3033,威健,43.45,-2.5000,45.95,46.25,41.95,10569000,459230550,6006,TWSE_CSV,2026-07-29 14:15:30 +0800
1150729,2026-07-29,上市,3034,聯詠,505.00,12.5000,505.00,522.00,493.00,6062000,3060683500,4224,TWSE_CSV,2026-07-29 14:15:30 +0800
1150729,2026-07-29,上市,3035,智原,167.00,-18.5000,172.00,173.00,167.00,4391000,737103500,2875,TWSE_CSV,2026-07-29 14:15:30 +0800
1150729,2026-07-29,上市,3036,文曄,184.50,-6.0000,189.00,192.50,180.00,10738000,1973783500,5514,TWSE_CSV,2026-07-29 14:15:30 +0800
1150729,2026-07-29,上市,3037,欣興,688.00,-76.0000,785.00,786.00,688.00,29455000,21022083000,19786,TWSE_CSV,2026-07-29 14:15:30 +0800
1150729,2026-07-29,上市,3038,全台,19.90,-0.2500,20.35,20.50,19.50,518000,10331100,293,TWSE_CSV,2026-07-29 14:15:30 +0800
1150729,2026-07-29,上市,3040,遠見,35.40,0.0000,36.40,36.40,34.00,1492000,52644050,302,TWSE_CSV,2026-07-29 14:15:30 +0800
1150729,2026-07-29,上市,3041,揚智,20.55,-1.4500,22.15,22.30,20.00,2381000,49302250,1330,TWSE_CSV,2026-07-29 14:15:30 +0800
1150729,2026-07-29,上市,3042,晶技,136.50,-13.0000,147.50,150.50,135.00,11959000,1661017000,6829,TWSE_CSV,2026-07-29 14:15:30 +0800
1150729,2026-07-29,上市,3043,科風,18.85,-0.6500,20.00,20.00,18.40,241000,4564400,180,TWSE_CSV,2026-07-29 14:15:30 +0800
1150729,2026-07-29,上市,3044,健鼎,339.50,-20.0000,360.00,361.00,327.00,5580000,1887796000,3952,TWSE_CSV,2026-07-29 14:15:30 +0800
1150729,2026-07-29,上市,3045,台灣大,113.50,-0.5000,114.00,115.00,112.50,16240000,1845365000,3584,TWSE_CSV,2026-07-29 14:15:30 +0800
1150729,2026-07-29,上市,3046,建碁,51.20,-1.7000,53.70,53.70,50.30,649000,33336200,412,TWSE_CSV,2026-07-29 14:15:30 +0800
1150729,2026-07-29,上市,3047,訊舟,13.60,-0.7500,14.50,14.60,13.15,1860000,25443950,903,TWSE_CSV,2026-07-29 14:15:30 +0800
1150729,2026-07-29,上市,3048,益登,44.20,-2.2500,47.15,47.15,42.55,4035000,177203850,2478,TWSE_CSV,2026-07-29 14:15:30 +0800
1150729,2026-07-29,上市,3049,精金,9.58,-0.4700,10.20,10.20,9.31,4593000,44081800,1826,TWSE_CSV,2026-07-29 14:15:30 +0800
1150729,2026-07-29,上市,3050,鈺德,10.65,-0.5500,11.20,11.25,10.40,2076000,22172350,640,TWSE_CSV,2026-07-29 14:15:30 +0800
1150729,2026-07-29,上市,3051,力特,20.90,-0.8500,22.55,22.55,20.00,1101000,23132850,542,TWSE_CSV,2026-07-29 14:15:30 +0800
1150729,2026-07-29,上市,3052,夆典,10.50,-0.1500,10.75,10.75,10.40,494000,5181850,227,TWSE_CSV,2026-07-29 14:15:30 +0800
1150729,2026-07-29,上市,3054,立萬利,48.00,-2.6000,51.20,51.20,45.55,132000,6269100,112,TWSE_CSV,2026-07-29 14:15:30 +0800
1150729,2026-07-29,上市,3055,蔚華科,103.50,-11.0000,113.50,114.50,103.50,1953000,208119500,1229,TWSE_CSV,2026-07-29 14:15:30 +0800
1150729,2026-07-29,上市,3056,富華新,13.95,0.0500,14.00,14.05,13.55,1771000,24410050,848,TWSE_CSV,2026-07-29 14:15:30 +0800
1150729,2026-07-29,上市,3057,喬鼎,13.60,-0.9000,14.50,14.50,13.20,226000,3090550,144,TWSE_CSV,2026-07-29 14:15:30 +0800
1150729,2026-07-29,上市,3058,立德,8.14,-0.1900,8.63,8.63,8.00,979000,7954730,419,TWSE_CSV,2026-07-29 14:15:30 +0800
1150729,2026-07-29,上市,3059,華晶科,37.50,-0.8500,39.00,39.00,36.50,3113000,116201300,1898,TWSE_CSV,2026-07-29 14:15:30 +0800
1150729,2026-07-29,上市,3060,銘異,26.15,-0.6500,27.20,28.20,24.95,4577000,118872400,2189,TWSE_CSV,2026-07-29 14:15:30 +0800
1150729,2026-07-29,上市,3062,建漢,18.90,-0.9000,20.10,20.10,18.35,4102000,77188350,1951,TWSE_CSV,2026-07-29 14:15:30 +0800
1150729,2026-07-29,上市,3090,日電貿,126.50,-14.0000,138.00,138.00,126.50,869000,110779500,495,TWSE_CSV,2026-07-29 14:15:30 +0800
1150729,2026-07-29,上市,3092,鴻碩,22.70,-1.0500,24.70,24.70,21.70,514000,11501850,365,TWSE_CSV,2026-07-29 14:15:30 +0800
1150729,2026-07-29,上市,3094,聯傑,30.75,-2.0500,33.45,33.45,29.60,1996000,61545750,1352,TWSE_CSV,2026-07-29 14:15:30 +0800
1150729,2026-07-29,上市,3130,一零四,205.00,0.0000,204.50,206.00,204.50,69000,14140500,61,TWSE_CSV,2026-07-29 14:15:30 +0800
1150729,2026-07-29,上市,3135,凌航,148.00,2.5000,148.00,154.00,135.00,2667000,380411000,2012,TWSE_CSV,2026-07-29 14:15:30 +0800
1150729,2026-07-29,上市,3138,耀登,86.00,-4.0000,90.00,91.50,81.50,1052000,88506600,918,TWSE_CSV,2026-07-29 14:15:30 +0800
1150729,2026-07-29,上市,3149,正達,64.70,-3.4000,67.60,68.40,63.10,8796000,571997300,5362,TWSE_CSV,2026-07-29 14:15:30 +0800
1150729,2026-07-29,上市,3150,鈺寶-創,14.90,-1.4500,16.25,16.25,14.85,113000,1719650,71,TWSE_CSV,2026-07-29 14:15:30 +0800
1150729,2026-07-29,上市,3164,景岳,16.45,0.1500,16.70,16.70,16.15,77000,1258400,48,TWSE_CSV,2026-07-29 14:15:30 +0800
1150729,2026-07-29,上市,3167,大量,482.50,-53.5000,536.00,536.00,482.50,704000,340589500,237,TWSE_CSV,2026-07-29 14:15:30 +0800
1150729,2026-07-29,上市,3168,眾福科,41.40,-1.0000,43.75,43.75,40.40,71000,2930600,60,TWSE_CSV,2026-07-29 14:15:30 +0800
1150729,2026-07-29,上市,3189,景碩,576.00,-63.0000,650.00,650.00,576.00,15423000,9202367000,10393,TWSE_CSV,2026-07-29 14:15:30 +0800
1150729,2026-07-29,上市,3209,全科,53.40,-1.6000,55.00,55.20,51.40,2469000,130231500,1533,TWSE_CSV,2026-07-29 14:15:30 +0800
1150729,2026-07-29,上市,3229,晟鈦,38.25,-1.1500,39.00,39.75,37.50,563000,21901250,298,TWSE_CSV,2026-07-29 14:15:30 +0800
1150729,2026-07-29,上市,3231,緯創,169.50,-0.5000,173.00,178.50,164.00,154187000,26380473000,70067,TWSE_CSV,2026-07-29 14:15:30 +0800
1150729,2026-07-29,上市,3257,虹冠電,49.00,-0.4500,50.30,50.30,46.80,468000,22415050,325,TWSE_CSV,2026-07-29 14:15:30 +0800
1150729,2026-07-29,上市,3266,昇陽,13.80,0.1500,13.80,13.80,13.65,96000,1319650,70,TWSE_CSV,2026-07-29 14:15:30 +0800
1150729,2026-07-29,上市,3296,勝德,22.70,-1.4000,24.85,24.85,21.75,188000,4282350,133,TWSE_CSV,2026-07-29 14:15:30 +0800
1150729,2026-07-29,上市,3305,昇貿,94.70,-6.3000,101.50,102.00,91.80,3631000,345554100,2361,TWSE_CSV,2026-07-29 14:15:30 +0800
1150729,2026-07-29,上市,3308,聯德,19.05,-0.2000,19.25,19.25,18.25,108000,2017900,79,TWSE_CSV,2026-07-29 14:15:30 +0800
1150729,2026-07-29,上市,3311,閎暉,32.15,-1.4500,33.35,33.55,31.00,548000,17560800,357,TWSE_CSV,2026-07-29 14:15:30 +0800
1150729,2026-07-29,上市,3312,弘憶股,41.95,-1.8000,44.65,44.65,40.10,1774000,73737450,1045,TWSE_CSV,2026-07-29 14:15:30 +0800
1150729,2026-07-29,上市,3321,同泰,17.50,-0.3000,18.50,18.50,16.50,488000,8330100,215,TWSE_CSV,2026-07-29 14:15:30 +0800
1150729,2026-07-29,上市,3338,泰碩,56.70,-2.5000,59.20,60.00,54.00,1137000,63943500,743,TWSE_CSV,2026-07-29 14:15:30 +0800
1150729,2026-07-29,上市,3346,麗清,18.60,-0.8000,19.85,19.85,18.05,842000,15686250,473,TWSE_CSV,2026-07-29 14:15:30 +0800
1150729,2026-07-29,上市,3356,奇偶,54.50,-1.8000,56.30,57.30,52.20,660000,35577500,421,TWSE_CSV,2026-07-29 14:15:30 +0800
1150729,2026-07-29,上市,3376,新日興,169.00,-10.5000,178.00,181.00,164.00,5892000,1002869500,3584,TWSE_CSV,2026-07-29 14:15:30 +0800
1150729,2026-07-29,上市,3380,明泰,27.05,-1.3000,28.50,28.75,25.55,3807000,100977500,2222,TWSE_CSV,2026-07-29 14:15:30 +0800
1150729,2026-07-29,上市,3406,玉晶光,466.50,-16.0000,491.50,491.50,452.50,2513000,1183192500,2092,TWSE_CSV,2026-07-29 14:15:30 +0800
1150729,2026-07-29,上市,3413,京鼎,289.00,-19.0000,308.00,308.50,279.50,4271000,1238641000,2964,TWSE_CSV,2026-07-29 14:15:30 +0800
1150729,2026-07-29,上市,3416,融程電,165.50,-4.0000,170.00,171.00,157.50,738000,119844000,581,TWSE_CSV,2026-07-29 14:15:30 +0800
1150729,2026-07-29,上市,3419,譁裕,11.95,0.0000,12.40,12.40,11.30,451000,5233000,230,TWSE_CSV,2026-07-29 14:15:30 +0800
1150729,2026-07-29,上市,3432,台端,15.15,-0.3000,15.45,15.50,14.10,60000,881700,49,TWSE_CSV,2026-07-29 14:15:30 +0800
1150729,2026-07-29,上市,3437,榮創,15.90,-0.7000,16.90,16.95,15.40,933000,14808700,535,TWSE_CSV,2026-07-29 14:15:30 +0800
1150729,2026-07-29,上市,3443,創意,3295.00,-365.0000,3605.00,3685.00,3295.00,2300000,7877020000,2034,TWSE_CSV,2026-07-29 14:15:30 +0800
1150729,2026-07-29,上市,3447,展達,26.70,-1.1000,27.45,28.05,25.15,598000,15698750,403,TWSE_CSV,2026-07-29 14:15:30 +0800
1150729,2026-07-29,上市,3450,聯鈞,364.50,-40.5000,405.00,405.50,364.50,7228000,2726752500,5104,TWSE_CSV,2026-07-29 14:15:30 +0800
1150729,2026-07-29,上市,3481,群創,41.80,-3.2000,45.40,45.50,40.50,519660000,21864534800,170768,TWSE_CSV,2026-07-29 14:15:30 +0800
1150729,2026-07-29,上市,3494,誠研,7.11,-0.0600,7.17,7.24,7.00,152000,1075090,96,TWSE_CSV,2026-07-29 14:15:30 +0800
1150729,2026-07-29,上市,3501,維熹,40.05,0.1500,40.00,40.40,39.30,763000,30385550,352,TWSE_CSV,2026-07-29 14:15:30 +0800
1150729,2026-07-29,上市,3504,揚明光,68.60,6.2000,63.00,68.60,62.40,6558000,439065300,4201,TWSE_CSV,2026-07-29 14:15:30 +0800
1150729,2026-07-29,上市,3515,華擎,190.50,-6.5000,198.50,198.50,187.50,613000,118049500,502,TWSE_CSV,2026-07-29 14:15:30 +0800
1150729,2026-07-29,上市,3518,柏騰,23.60,-1.1000,24.70,24.95,22.35,969000,22467450,628,TWSE_CSV,2026-07-29 14:15:30 +0800
1150729,2026-07-29,上市,3528,安馳,78.50,-2.3000,82.00,82.50,75.40,537000,41851700,368,TWSE_CSV,2026-07-29 14:15:30 +0800
1150729,2026-07-29,上市,3530,晶相光,51.70,-1.5000,53.90,54.30,50.10,271000,13925800,232,TWSE_CSV,2026-07-29 14:15:30 +0800
1150729,2026-07-29,上市,3532,台勝科,308.00,-34.0000,337.00,339.50,308.00,2837000,897067000,2139,TWSE_CSV,2026-07-29 14:15:30 +0800
1150729,2026-07-29,上市,3533,嘉澤,1725.00,-110.0000,1850.00,1865.00,1655.00,1013000,1760715000,903,TWSE_CSV,2026-07-29 14:15:30 +0800
1150729,2026-07-29,上市,3535,晶彩科,74.40,-5.6000,79.20,80.40,72.00,2895000,214522900,1854,TWSE_CSV,2026-07-29 14:15:30 +0800
1150729,2026-07-29,上市,3543,州巧,27.35,0.3500,27.45,29.30,26.05,1949000,53574300,1105,TWSE_CSV,2026-07-29 14:15:30 +0800
1150729,2026-07-29,上市,3545,敦泰,45.80,-0.6500,47.20,49.10,44.15,2048000,94790250,1535,TWSE_CSV,2026-07-29 14:15:30 +0800
1150729,2026-07-29,上市,3550,聯穎,19.10,-1.1000,20.55,20.55,18.35,2057000,39045450,1195,TWSE_CSV,2026-07-29 14:15:30 +0800
1150729,2026-07-29,上市,3557,嘉威,25.50,-0.2500,26.40,26.40,24.00,159000,3950750,116,TWSE_CSV,2026-07-29 14:15:30 +0800
1150729,2026-07-29,上市,3563,牧德,588.00,-47.0000,639.00,648.00,572.00,865000,513199000,804,TWSE_CSV,2026-07-29 14:15:30 +0800
1150729,2026-07-29,上市,3576,聯合再生,16.00,-0.8500,16.85,17.00,15.50,17204000,277027050,6266,TWSE_CSV,2026-07-29 14:15:30 +0800
1150729,2026-07-29,上市,3583,辛耘,624.00,-63.0000,688.00,695.00,619.00,1041000,662069000,791,TWSE_CSV,2026-07-29 14:15:30 +0800
1150729,2026-07-29,上市,3588,通嘉,46.75,-3.3500,50.80,50.80,45.10,745000,34751300,563,TWSE_CSV,2026-07-29 14:15:30 +0800
1150729,2026-07-29,上市,3591,艾笛森,18.50,-1.1500,19.65,19.85,18.00,1327000,24609100,861,TWSE_CSV,2026-07-29 14:15:30 +0800
1150729,2026-07-29,上市,3592,瑞鼎,225.50,-5.0000,236.00,236.00,220.00,447000,100792000,407,TWSE_CSV,2026-07-29 14:15:30 +0800
1150729,2026-07-29,上市,3593,力銘,13.40,0.1000,13.65,13.65,12.10,15000,191700,13,TWSE_CSV,2026-07-29 14:15:30 +0800
1150729,2026-07-29,上市,3596,智易,169.50,-7.5000,179.00,179.00,163.50,1237000,208777500,901,TWSE_CSV,2026-07-29 14:15:30 +0800
1150729,2026-07-29,上市,3605,宏致,82.50,-2.3000,86.00,87.40,78.80,8955000,741693300,5915,TWSE_CSV,2026-07-29 14:15:30 +0800
1150729,2026-07-29,上市,3607,谷崧,13.50,-0.5000,14.40,14.40,13.15,603000,8171000,346,TWSE_CSV,2026-07-29 14:15:30 +0800
1150729,2026-07-29,上市,3617,碩天,204.50,-3.5000,210.50,211.00,198.50,407000,82971000,340,TWSE_CSV,2026-07-29 14:15:30 +0800
1150729,2026-07-29,上市,3622,洋華,51.70,-0.9000,53.60,53.60,50.30,460000,23560700,323,TWSE_CSV,2026-07-29 14:15:30 +0800
1150729,2026-07-29,上市,3645,達邁,61.70,-2.4000,64.00,64.90,59.70,3433000,210818000,2005,TWSE_CSV,2026-07-29 14:15:30 +0800
1150729,2026-07-29,上市,3652,精聯,28.80,-0.4500,29.90,29.90,27.80,308000,8797250,237,TWSE_CSV,2026-07-29 14:15:30 +0800
1150729,2026-07-29,上市,3653,健策,3310.00,-60.0000,3360.00,3510.00,3230.00,2118000,7095955000,1913,TWSE_CSV,2026-07-29 14:15:30 +0800
1150729,2026-07-29,上市,3661,世芯-KY,2805.00,-310.0000,3000.00,3055.00,2805.00,2793000,8074450000,2429,TWSE_CSV,2026-07-29 14:15:30 +0800
1150729,2026-07-29,上市,3665,貿聯-KY,2090.00,-125.0000,2230.00,2275.00,1995.00,4004000,8489240000,3568,TWSE_CSV,2026-07-29 14:15:30 +0800
1150729,2026-07-29,上市,3669,圓展,39.60,-0.8500,41.00,41.90,38.30,1651000,66543250,1220,TWSE_CSV,2026-07-29 14:15:30 +0800
1150729,2026-07-29,上市,3673,TPK-KY,53.50,-3.5000,57.20,57.80,51.80,9910000,531135000,5464,TWSE_CSV,2026-07-29 14:15:30 +0800
1150729,2026-07-29,上市,3679,新至陞,115.00,5.5000,110.50,115.00,108.50,197000,21798500,130,TWSE_CSV,2026-07-29 14:15:30 +0800
1150729,2026-07-29,上市,3686,達能,14.40,-0.6500,15.05,15.05,13.80,171000,2433150,109,TWSE_CSV,2026-07-29 14:15:30 +0800
1150729,2026-07-29,上市,3694,海華,52.00,-3.5000,56.10,56.10,49.95,2560000,132787100,1603,TWSE_CSV,2026-07-29 14:15:30 +0800
1150729,2026-07-29,上市,3701,大眾控,35.10,-3.5000,38.60,38.80,34.75,1312000,46327700,813,TWSE_CSV,2026-07-29 14:15:30 +0800
1150729,2026-07-29,上市,3702,大聯大,106.00,-4.0000,110.50,110.50,102.50,8907000,940808000,4162,TWSE_CSV,2026-07-29 14:15:30 +0800
1150729,2026-07-29,上市,3703,欣陸,20.45,-0.1500,20.70,20.70,20.20,2881000,58724950,895,TWSE_CSV,2026-07-29 14:15:30 +0800
1150729,2026-07-29,上市,3704,合勤控,40.90,-2.7000,43.65,44.10,39.25,3941000,159915950,2310,TWSE_CSV,2026-07-29 14:15:30 +0800
1150729,2026-07-29,上市,3705,永信,54.50,0.4000,54.00,54.50,53.60,211000,11397000,169,TWSE_CSV,2026-07-29 14:15:30 +0800
1150729,2026-07-29,上市,3706,神達,85.30,-2.9000,88.50,89.20,83.50,17074000,1462209000,10482,TWSE_CSV,2026-07-29 14:15:30 +0800
1150729,2026-07-29,上市,3708,上緯投控,88.10,-3.2000,91.60,91.80,85.60,1156000,101300100,806,TWSE_CSV,2026-07-29 14:15:30 +0800
1150729,2026-07-29,上市,3711,日月光投控,499.00,-55.0000,538.00,547.00,499.00,21890000,11252784000,13283,TWSE_CSV,2026-07-29 14:15:30 +0800
1150729,2026-07-29,上市,3712,永崴投控,17.00,0.0000,16.95,17.35,16.15,1185000,19771850,571,TWSE_CSV,2026-07-29 14:15:30 +0800
1150729,2026-07-29,上市,3714,富采,46.10,-3.1000,49.45,50.20,44.55,12384000,573046750,6396,TWSE_CSV,2026-07-29 14:15:30 +0800
1150729,2026-07-29,上市,3715,定穎投控,98.00,-6.0000,106.00,106.00,93.60,10407000,1007302600,6057,TWSE_CSV,2026-07-29 14:15:30 +0800
1150729,2026-07-29,上市,3716,中化控股,33.15,0.1000,33.30,33.30,32.40,312000,10239000,180,TWSE_CSV,2026-07-29 14:15:30 +0800
1150729,2026-07-29,上市,3717,聯嘉投控,20.40,-0.7500,21.20,21.45,19.35,4247000,86260450,1893,TWSE_CSV,2026-07-29 14:15:30 +0800
1150729,2026-07-29,上市,4104,佳醫,71.30,0.5000,71.40,71.50,70.40,314000,22311400,233,TWSE_CSV,2026-07-29 14:15:30 +0800
1150729,2026-07-29,上市,4106,雃博,24.50,0.3000,24.45,24.50,23.85,263000,6359450,165,TWSE_CSV,2026-07-29 14:15:30 +0800
1150729,2026-07-29,上市,4108,懷特,11.40,0.0000,11.65,11.65,11.05,318000,3593750,161,TWSE_CSV,2026-07-29 14:15:30 +0800
1150729,2026-07-29,上市,4119,旭富,49.55,-0.5500,50.60,50.60,47.70,391000,19111700,246,TWSE_CSV,2026-07-29 14:15:30 +0800
1150729,2026-07-29,上市,4133,亞諾法,21.30,0.3500,21.30,21.45,20.50,381000,7969150,287,TWSE_CSV,2026-07-29 14:15:30 +0800
1150729,2026-07-29,上市,4137,麗豐-KY,94.80,-0.2000,95.40,95.80,93.50,205000,19319200,186,TWSE_CSV,2026-07-29 14:15:30 +0800
1150729,2026-07-29,上市,4142,國光生,16.60,-0.1500,17.05,17.05,16.40,2301000,38209200,934,TWSE_CSV,2026-07-29 14:15:30 +0800
1150729,2026-07-29,上市,4148,全宇生技-KY,30.55,-0.5000,31.05,31.05,29.85,72000,2188600,57,TWSE_CSV,2026-07-29 14:15:30 +0800
1150729,2026-07-29,上市,4155,訊映,14.60,-0.3500,14.90,15.10,14.50,257000,3786100,181,TWSE_CSV,2026-07-29 14:15:30 +0800
1150729,2026-07-29,上市,4164,承業醫,26.35,-0.4500,26.95,27.00,25.80,860000,22566750,531,TWSE_CSV,2026-07-29 14:15:30 +0800
1150729,2026-07-29,上市,4169,泰宗,181.00,-20.0000,181.00,181.00,181.00,165000,29865000,118,TWSE_CSV,2026-07-29 14:15:30 +0800
1150729,2026-07-29,上市,4178,永笙-KY,17.40,-0.4000,18.20,18.20,17.20,308000,5413400,167,TWSE_CSV,2026-07-29 14:15:30 +0800
1150729,2026-07-29,上市,4190,佐登-KY,25.30,-0.1500,25.45,25.55,24.60,51000,1281650,47,TWSE_CSV,2026-07-29 14:15:30 +0800
1150729,2026-07-29,上市,4195,基米-創,15.65,-0.2500,16.25,16.25,15.15,143000,2205700,109,TWSE_CSV,2026-07-29 14:15:30 +0800
1150729,2026-07-29,上市,4306,炎洲,14.05,-0.1500,14.20,14.35,13.80,1919000,26937800,681,TWSE_CSV,2026-07-29 14:15:30 +0800
1150729,2026-07-29,上市,4414,如興,8.57,0.0700,8.80,8.80,8.30,403000,3423100,222,TWSE_CSV,2026-07-29 14:15:30 +0800
1150729,2026-07-29,上市,4426,利勤,7.97,-0.1800,8.30,8.30,7.97,265000,2136580,150,TWSE_CSV,2026-07-29 14:15:30 +0800
1150729,2026-07-29,上市,4438,廣越,61.00,0.2000,62.10,62.10,59.10,61000,3691500,51,TWSE_CSV,2026-07-29 14:15:30 +0800
1150729,2026-07-29,上市,4439,冠星-KY,99.20,-0.8000,100.00,100.00,97.00,16000,1571400,15,TWSE_CSV,2026-07-29 14:15:30 +0800
1150729,2026-07-29,上市,4440,宜新實業,17.35,0.0500,17.60,17.60,17.20,73000,1261450,46,TWSE_CSV,2026-07-29 14:15:30 +0800
1150729,2026-07-29,上市,4441,振大環球,173.00,-1.0000,175.00,176.50,168.50,129000,22154000,115,TWSE_CSV,2026-07-29 14:15:30 +0800
1150729,2026-07-29,上市,4526,東台,27.55,-1.4000,29.15,29.30,26.30,3105000,84713750,1705,TWSE_CSV,2026-07-29 14:15:30 +0800
1150729,2026-07-29,上市,4532,瑞智,23.35,-0.6000,24.25,24.25,22.95,2419000,56379050,1200,TWSE_CSV,2026-07-29 14:15:30 +0800
1150729,2026-07-29,上市,4536,拓凱,167.00,1.5000,166.00,169.00,165.00,524000,87161000,377,TWSE_CSV,2026-07-29 14:15:30 +0800
1150729,2026-07-29,上市,4540,全球傳動,44.95,-2.7000,47.80,49.00,43.00,2049000,92093300,1326,TWSE_CSV,2026-07-29 14:15:30 +0800
1150729,2026-07-29,上市,4545,銘鈺,31.30,-1.4500,33.45,33.45,30.20,366000,11491150,187,TWSE_CSV,2026-07-29 14:15:30 +0800
1150729,2026-07-29,上市,4551,智伸科,160.50,-6.5000,168.50,169.00,151.00,1603000,254024000,828,TWSE_CSV,2026-07-29 14:15:30 +0800
1150729,2026-07-29,上市,4552,力達-KY,17.50,-0.8500,18.55,18.55,17.30,801000,14023650,273,TWSE_CSV,2026-07-29 14:15:30 +0800
1150729,2026-07-29,上市,4555,氣立,40.25,-2.7000,43.85,43.85,38.70,901000,35664400,491,TWSE_CSV,2026-07-29 14:15:30 +0800
1150729,2026-07-29,上市,4557,永新-KY,50.00,0.0000,50.50,50.70,48.65,90000,4428800,71,TWSE_CSV,2026-07-29 14:15:30 +0800
1150729,2026-07-29,上市,4560,強信-KY,31.40,0.0000,31.55,31.85,30.80,328000,10269700,132,TWSE_CSV,2026-07-29 14:15:30 +0800
1150729,2026-07-29,上市,4562,穎漢,28.25,-1.5500,30.55,30.55,26.85,441000,12411150,312,TWSE_CSV,2026-07-29 14:15:30 +0800
1150729,2026-07-29,上市,4564,元翎,16.35,-0.3000,16.80,16.90,15.80,2329000,37678800,1133,TWSE_CSV,2026-07-29 14:15:30 +0800
1150729,2026-07-29,上市,4566,時碩工業,69.70,-1.4000,71.10,72.60,67.50,3604000,251070700,2511,TWSE_CSV,2026-07-29 14:15:30 +0800
1150729,2026-07-29,上市,4569,六方科-KY,150.00,-4.5000,155.00,155.00,142.00,209000,30799000,163,TWSE_CSV,2026-07-29 14:15:30 +0800
1150729,2026-07-29,上市,4571,鈞興-KY,144.50,-4.5000,149.00,150.50,140.00,492000,70770000,359,TWSE_CSV,2026-07-29 14:15:30 +0800
1150729,2026-07-29,上市,4572,駐龍,139.00,-1.5000,143.00,143.00,136.00,69000,9510000,58,TWSE_CSV,2026-07-29 14:15:30 +0800
1150729,2026-07-29,上市,4576,大銀微系統,176.00,-4.5000,182.50,189.50,168.00,2513000,444898500,2082,TWSE_CSV,2026-07-29 14:15:30 +0800
1150729,2026-07-29,上市,4581,光隆精密-KY,50.80,0.1000,51.90,51.90,50.00,46000,2313300,28,TWSE_CSV,2026-07-29 14:15:30 +0800
1150729,2026-07-29,上市,4582,聚恆-創,26.85,-0.3500,27.30,27.75,26.20,229000,6149600,155,TWSE_CSV,2026-07-29 14:15:30 +0800
1150729,2026-07-29,上市,4583,台灣精銳,487.00,-54.0000,560.00,560.00,487.00,189000,95621000,169,TWSE_CSV,2026-07-29 14:15:30 +0800
1150729,2026-07-29,上市,4585,達明,288.50,-3.5000,294.50,298.00,276.50,368000,105286500,316,TWSE_CSV,2026-07-29 14:15:30 +0800
1150729,2026-07-29,上市,4588,玖鼎電力,49.30,-0.4000,51.30,53.00,48.50,204000,10082000,134,TWSE_CSV,2026-07-29 14:15:30 +0800
1150729,2026-07-29,上市,4590,富田-創,77.50,-2.6000,82.30,82.30,75.40,282000,21876200,189,TWSE_CSV,2026-07-29 14:15:30 +0800
1150729,2026-07-29,上市,4720,德淵,18.25,-0.3500,18.90,18.90,17.60,1429000,25550150,492,TWSE_CSV,2026-07-29 14:15:30 +0800
1150729,2026-07-29,上市,4722,國精化,166.50,-18.0000,185.50,189.00,166.50,1459000,251570500,980,TWSE_CSV,2026-07-29 14:15:30 +0800
1150729,2026-07-29,上市,4736,泰博,129.50,0.0000,131.00,131.00,126.50,244000,31324500,206,TWSE_CSV,2026-07-29 14:15:30 +0800
1150729,2026-07-29,上市,4737,華廣,58.30,0.8000,58.50,58.50,56.80,146000,8414200,122,TWSE_CSV,2026-07-29 14:15:30 +0800
1150729,2026-07-29,上市,4739,康普,71.50,-3.9000,76.60,76.60,68.70,2761000,196393400,1693,TWSE_CSV,2026-07-29 14:15:30 +0800
1150729,2026-07-29,上市,4746,台耀,49.70,-0.8000,50.90,51.00,48.50,1071000,53090650,704,TWSE_CSV,2026-07-29 14:15:30 +0800
1150729,2026-07-29,上市,4755,三福化,106.00,-4.5000,112.00,112.00,101.00,1032000,107676500,670,TWSE_CSV,2026-07-29 14:15:30 +0800
1150729,2026-07-29,上市,4763,材料*-KY,47.00,-0.6500,48.00,48.65,45.90,11560000,544572300,5488,TWSE_CSV,2026-07-29 14:15:30 +0800
1150729,2026-07-29,上市,4764,雙鍵,253.00,-28.0000,281.00,284.00,253.00,2980000,787724000,2392,TWSE_CSV,2026-07-29 14:15:30 +0800
1150729,2026-07-29,上市,4766,南寶,310.00,-9.0000,316.00,321.00,302.00,623000,192558500,546,TWSE_CSV,2026-07-29 14:15:30 +0800
1150729,2026-07-29,上市,4770,上品,212.50,-4.5000,218.50,221.00,208.00,542000,115856000,382,TWSE_CSV,2026-07-29 14:15:30 +0800
1150729,2026-07-29,上市,4771,望隼,181.50,-0.5000,182.00,183.50,176.00,353000,63110000,283,TWSE_CSV,2026-07-29 14:15:30 +0800
1150729,2026-07-29,上市,4807,日成-KY,38.00,-0.1000,38.10,38.10,36.65,286000,10653000,154,TWSE_CSV,2026-07-29 14:15:30 +0800
1150729,2026-07-29,上市,4904,遠傳,106.50,0.5000,108.00,108.50,105.00,19315000,2059457000,7222,TWSE_CSV,2026-07-29 14:15:30 +0800
1150729,2026-07-29,上市,4906,正文,30.25,-1.5500,31.80,32.15,28.65,9698000,286463950,4783,TWSE_CSV,2026-07-29 14:15:30 +0800
1150729,2026-07-29,上市,4912,聯德控股-KY,78.40,-2.8000,80.80,81.80,75.00,575000,44831100,443,TWSE_CSV,2026-07-29 14:15:30 +0800
1150729,2026-07-29,上市,4915,致伸,63.00,-1.4000,64.90,65.60,61.80,4040000,255214100,2756,TWSE_CSV,2026-07-29 14:15:30 +0800
1150729,2026-07-29,上市,4916,事欣科,90.20,-6.9000,97.50,99.60,87.40,4973000,451525900,3438,TWSE_CSV,2026-07-29 14:15:30 +0800
1150729,2026-07-29,上市,4919,新唐,108.50,-12.0000,121.00,121.50,108.50,7602000,848691500,4718,TWSE_CSV,2026-07-29 14:15:30 +0800
1150729,2026-07-29,上市,4927,泰鼎-KY,28.40,-2.7000,31.20,31.55,28.00,8029000,230197250,3544,TWSE_CSV,2026-07-29 14:15:30 +0800
1150729,2026-07-29,上市,4930,燦星網,15.60,-0.6000,16.30,17.80,15.60,942000,15920300,575,TWSE_CSV,2026-07-29 14:15:30 +0800
1150729,2026-07-29,上市,4934,太極,13.60,-0.7000,14.65,14.65,13.15,1068000,14568750,429,TWSE_CSV,2026-07-29 14:15:30 +0800
1150729,2026-07-29,上市,4935,茂林-KY,35.00,0.0000,35.10,35.20,33.65,182000,6254900,148,TWSE_CSV,2026-07-29 14:15:30 +0800
1150729,2026-07-29,上市,4938,和碩,82.00,-1.2000,84.20,85.10,80.30,10717000,881937500,5120,TWSE_CSV,2026-07-29 14:15:30 +0800
1150729,2026-07-29,上市,4942,嘉彰,34.30,0.0000,34.70,35.00,33.40,332000,11356450,218,TWSE_CSV,2026-07-29 14:15:30 +0800
1150729,2026-07-29,上市,4943,康控-KY,8.29,-0.5300,8.96,8.96,8.00,42000,343240,21,TWSE_CSV,2026-07-29 14:15:30 +0800
1150729,2026-07-29,上市,4949,有成精密,57.80,-4.1000,61.90,61.90,55.80,1152000,66018300,773,TWSE_CSV,2026-07-29 14:15:30 +0800
1150729,2026-07-29,上市,4952,凌通,42.85,-2.8500,46.10,46.10,41.40,767000,33037350,549,TWSE_CSV,2026-07-29 14:15:30 +0800
1150729,2026-07-29,上市,4956,光鋐,25.35,-1.6500,26.80,27.20,24.30,1807000,45469650,1152,TWSE_CSV,2026-07-29 14:15:30 +0800
1150729,2026-07-29,上市,4958,臻鼎-KY,404.50,-23.0000,432.00,432.00,385.00,42834000,17124620000,30651,TWSE_CSV,2026-07-29 14:15:30 +0800
1150729,2026-07-29,上市,4960,誠美材,18.70,-1.1500,20.00,20.00,17.95,4756000,87974200,2110,TWSE_CSV,2026-07-29 14:15:30 +0800
1150729,2026-07-29,上市,4961,天鈺,149.00,-3.0000,154.00,154.50,144.50,810000,120008500,643,TWSE_CSV,2026-07-29 14:15:30 +0800
1150729,2026-07-29,上市,4967,十銓,218.50,8.5000,213.00,227.50,198.00,4981000,1033531500,3830,TWSE_CSV,2026-07-29 14:15:30 +0800
1150729,2026-07-29,上市,4968,立積,87.60,-4.7000,92.40,93.40,84.00,1468000,127773900,1101,TWSE_CSV,2026-07-29 14:15:30 +0800
1150729,2026-07-29,上市,4976,佳凌,37.70,3.4000,34.60,37.70,34.55,13023000,479684350,6974,TWSE_CSV,2026-07-29 14:15:30 +0800
1150729,2026-07-29,上市,4977,眾達-KY,112.00,-12.0000,123.00,125.00,112.00,2184000,251588000,1757,TWSE_CSV,2026-07-29 14:15:30 +0800
1150729,2026-07-29,上市,4989,榮科,55.50,-4.0000,60.20,60.40,53.60,8322000,460772800,4817,TWSE_CSV,2026-07-29 14:15:30 +0800
1150729,2026-07-29,上市,4994,傳奇,93.00,1.2000,91.80,94.20,90.60,23000,2131300,22,TWSE_CSV,2026-07-29 14:15:30 +0800
1150729,2026-07-29,上市,4999,鑫禾,18.70,-0.4000,19.30,19.30,18.35,126000,2355100,98,TWSE_CSV,2026-07-29 14:15:30 +0800
1150729,2026-07-29,上市,5007,三星,56.90,0.3000,56.60,56.90,56.50,108000,6133900,88,TWSE_CSV,2026-07-29 14:15:30 +0800
1150729,2026-07-29,上市,5203,訊連,63.20,-3.1000,67.30,67.30,62.30,594000,37726200,433,TWSE_CSV,2026-07-29 14:15:30 +0800
1150729,2026-07-29,上市,5215,科嘉-KY,38.10,0.3000,38.90,38.90,36.55,188000,7023050,139,TWSE_CSV,2026-07-29 14:15:30 +0800
1150729,2026-07-29,上市,5222,全訊,104.00,-6.0000,111.00,112.00,101.50,699000,73283000,537,TWSE_CSV,2026-07-29 14:15:30 +0800
1150729,2026-07-29,上市,5225,東科-KY,70.70,-0.5000,72.00,72.20,68.90,300000,20998100,230,TWSE_CSV,2026-07-29 14:15:30 +0800
1150729,2026-07-29,上市,5234,達興材料,298.50,-7.0000,309.00,314.00,283.50,752000,221705000,665,TWSE_CSV,2026-07-29 14:15:30 +0800
1150729,2026-07-29,上市,5236,凌陽創新,137.50,-6.0000,142.00,142.50,133.50,432000,59400000,356,TWSE_CSV,2026-07-29 14:15:30 +0800
1150729,2026-07-29,上市,5243,乙盛-KY,74.80,-4.1000,78.90,81.50,71.20,3546000,263121500,2229,TWSE_CSV,2026-07-29 14:15:30 +0800
1150729,2026-07-29,上市,5244,弘凱,29.30,-1.5000,30.20,30.90,27.85,513000,14865350,310,TWSE_CSV,2026-07-29 14:15:30 +0800
1150729,2026-07-29,上市,5258,虹堡,48.55,-1.9500,50.20,51.90,46.90,674000,33061500,507,TWSE_CSV,2026-07-29 14:15:30 +0800
1150729,2026-07-29,上市,5269,祥碩,1450.00,-5.0000,1460.00,1485.00,1370.00,1426000,2035180000,1343,TWSE_CSV,2026-07-29 14:15:30 +0800
1150729,2026-07-29,上市,5283,禾聯碩,53.60,0.0000,53.80,53.90,52.40,123000,6527500,94,TWSE_CSV,2026-07-29 14:15:30 +0800
1150729,2026-07-29,上市,5284,jpp-KY,264.00,0.5000,272.50,272.50,249.00,990000,254937500,878,TWSE_CSV,2026-07-29 14:15:30 +0800
1150729,2026-07-29,上市,5285,界霖,66.10,-5.6000,71.70,71.70,64.60,1843000,121882700,1173,TWSE_CSV,2026-07-29 14:15:30 +0800
1150729,2026-07-29,上市,5288,豐祥-KY,183.00,-2.5000,185.50,188.00,176.50,374000,68280500,280,TWSE_CSV,2026-07-29 14:15:30 +0800
1150729,2026-07-29,上市,5292,華懋,155.50,-4.5000,160.00,160.00,150.00,186000,28449000,165,TWSE_CSV,2026-07-29 14:15:30 +0800
1150729,2026-07-29,上市,5306,桂盟,89.90,0.4000,88.70,90.50,88.40,274000,24435300,220,TWSE_CSV,2026-07-29 14:15:30 +0800
1150729,2026-07-29,上市,5388,中磊,81.90,-4.5000,87.60,87.80,79.20,7896000,650261000,3960,TWSE_CSV,2026-07-29 14:15:30 +0800
1150729,2026-07-29,上市,5434,崇越,491.50,-25.5000,520.00,523.00,480.00,1462000,719394500,1226,TWSE_CSV,2026-07-29 14:15:30 +0800
1150729,2026-07-29,上市,5469,瀚宇博,65.20,-2.5000,68.20,68.60,63.00,2749000,178294300,1765,TWSE_CSV,2026-07-29 14:15:30 +0800
1150729,2026-07-29,上市,5471,松翰,46.70,-3.9000,51.50,51.50,45.55,2476000,116960550,1688,TWSE_CSV,2026-07-29 14:15:30 +0800
1150729,2026-07-29,上市,5484,慧友,37.55,-1.0500,40.05,40.05,36.80,298000,11190250,215,TWSE_CSV,2026-07-29 14:15:30 +0800
1150729,2026-07-29,上市,5515,建國,42.35,-0.1000,43.50,43.50,41.20,581000,24297950,441,TWSE_CSV,2026-07-29 14:15:30 +0800
1150729,2026-07-29,上市,5519,隆大,27.65,-0.0500,28.10,28.10,27.20,552000,15218000,381,TWSE_CSV,2026-07-29 14:15:30 +0800
1150729,2026-07-29,上市,5521,工信,9.78,-0.1200,10.00,10.05,9.63,5650000,55447130,2171,TWSE_CSV,2026-07-29 14:15:30 +0800
1150729,2026-07-29,上市,5522,遠雄,65.60,-0.3000,66.60,66.60,64.60,944000,61880100,716,TWSE_CSV,2026-07-29 14:15:30 +0800
1150729,2026-07-29,上市,5525,順天,23.05,0.3000,22.95,23.35,22.65,307000,7049800,174,TWSE_CSV,2026-07-29 14:15:30 +0800
1150729,2026-07-29,上市,5531,鄉林,7.90,0.1600,7.82,7.93,7.74,1117000,8736050,480,TWSE_CSV,2026-07-29 14:15:30 +0800
1150729,2026-07-29,上市,5533,皇鼎,14.30,0.0000,14.35,14.35,14.05,244000,3457850,118,TWSE_CSV,2026-07-29 14:15:30 +0800
1150729,2026-07-29,上市,5534,長虹,78.00,0.1000,78.30,78.50,76.30,1187000,91670700,785,TWSE_CSV,2026-07-29 14:15:30 +0800
1150729,2026-07-29,上市,5538,東明-KY,33.95,0.2500,34.65,34.65,33.15,47000,1583100,43,TWSE_CSV,2026-07-29 14:15:30 +0800
1150729,2026-07-29,上市,5546,永固-KY,14.15,0.1500,13.55,14.15,13.10,82000,1112600,42,TWSE_CSV,2026-07-29 14:15:30 +0800
1150729,2026-07-29,上市,5607,遠雄港,49.10,0.2500,49.50,49.70,47.80,872000,42377800,555,TWSE_CSV,2026-07-29 14:15:30 +0800
1150729,2026-07-29,上市,5608,四維航,13.00,-0.3500,13.35,13.40,12.80,3054000,39891300,1113,TWSE_CSV,2026-07-29 14:15:30 +0800
1150729,2026-07-29,上市,5706,鳳凰,44.85,0.0000,44.75,45.25,44.00,296000,13143250,202,TWSE_CSV,2026-07-29 14:15:30 +0800
1150729,2026-07-29,上市,5871,中租-KY,112.50,0.0000,112.00,114.50,110.50,14638000,1640617500,5368,TWSE_CSV,2026-07-29 14:15:30 +0800
1150729,2026-07-29,上市,5876,上海商銀,44.35,0.4500,44.00,44.60,43.60,17272000,761511650,5487,TWSE_CSV,2026-07-29 14:15:30 +0800
1150729,2026-07-29,上市,5880,合庫金,26.10,0.1500,26.00,26.20,25.70,45689000,1189655950,9627,TWSE_CSV,2026-07-29 14:15:30 +0800
1150729,2026-07-29,上市,5906,台南-KY,40.00,0.0000,40.40,40.40,40.00,2000,80400,2,TWSE_CSV,2026-07-29 14:15:30 +0800
1150729,2026-07-29,上市,5907,大洋-KY,4.67,-0.0300,4.70,4.85,4.60,571000,2652150,150,TWSE_CSV,2026-07-29 14:15:30 +0800
1150729,2026-07-29,上市,6005,群益證,32.85,-0.8500,33.90,34.00,32.10,12774000,419303200,5393,TWSE_CSV,2026-07-29 14:15:30 +0800
1150729,2026-07-29,上市,6024,群益期,63.10,-0.7000,64.00,64.20,62.30,1205000,76253400,675,TWSE_CSV,2026-07-29 14:15:30 +0800
1150729,2026-07-29,上市,6108,競國,16.35,-0.1000,16.85,16.85,16.10,697000,11403650,353,TWSE_CSV,2026-07-29 14:15:30 +0800
1150729,2026-07-29,上市,6112,邁達特,38.05,-1.4500,39.05,39.85,37.00,958000,36621700,591,TWSE_CSV,2026-07-29 14:15:30 +0800
1150729,2026-07-29,上市,6115,鎰勝,45.75,0.2500,45.70,45.75,44.85,312000,14108650,219,TWSE_CSV,2026-07-29 14:15:30 +0800
1150729,2026-07-29,上市,6116,彩晶,11.95,-0.9500,13.00,13.10,11.65,51702000,624794150,15203,TWSE_CSV,2026-07-29 14:15:30 +0800
1150729,2026-07-29,上市,6117,迎廣,65.00,-3.2000,66.80,67.30,62.00,807000,51768400,507,TWSE_CSV,2026-07-29 14:15:30 +0800
1150729,2026-07-29,上市,6120,達運,11.60,-0.5000,12.30,12.35,11.35,5283000,61919300,1691,TWSE_CSV,2026-07-29 14:15:30 +0800
1150729,2026-07-29,上市,6128,上福,19.90,-0.2500,20.45,20.45,19.60,109000,2162950,89,TWSE_CSV,2026-07-29 14:15:30 +0800
1150729,2026-07-29,上市,6133,金橋,19.25,-0.7500,20.15,20.30,18.65,1353000,26041450,780,TWSE_CSV,2026-07-29 14:15:30 +0800
1150729,2026-07-29,上市,6136,富爾特,24.05,-0.1000,24.40,24.40,23.30,339000,8099650,227,TWSE_CSV,2026-07-29 14:15:30 +0800
1150729,2026-07-29,上市,6139,亞翔,671.00,-33.0000,706.00,730.00,641.00,7525000,5075875000,5962,TWSE_CSV,2026-07-29 14:15:30 +0800
1150729,2026-07-29,上市,6141,柏承,30.70,-1.8000,32.45,32.70,29.25,2201000,67438800,1045,TWSE_CSV,2026-07-29 14:15:30 +0800
1150729,2026-07-29,上市,6142,友勁,9.68,-0.1500,9.83,9.95,9.28,1122000,10679600,519,TWSE_CSV,2026-07-29 14:15:30 +0800
1150729,2026-07-29,上市,6152,百一,11.30,-0.5000,11.95,11.95,11.00,807000,9103900,318,TWSE_CSV,2026-07-29 14:15:30 +0800
1150729,2026-07-29,上市,6153,嘉聯益,14.20,-0.8500,15.15,15.30,13.70,8730000,123987100,3376,TWSE_CSV,2026-07-29 14:15:30 +0800
1150729,2026-07-29,上市,6155,鈞寶,49.55,-2.1500,52.00,55.50,46.60,3383000,167727750,2331,TWSE_CSV,2026-07-29 14:15:30 +0800
1150729,2026-07-29,上市,6164,華興,11.05,-0.4000,11.50,11.55,10.55,1338000,14692050,615,TWSE_CSV,2026-07-29 14:15:30 +0800
1150729,2026-07-29,上市,6165,浪凡,47.80,-0.5000,48.40,48.80,46.30,586000,27700200,368,TWSE_CSV,2026-07-29 14:15:30 +0800
1150729,2026-07-29,上市,6166,凌華,139.00,2.0000,137.50,140.00,130.00,5827000,786070500,4208,TWSE_CSV,2026-07-29 14:15:30 +0800
1150729,2026-07-29,上市,6168,宏齊,20.05,-1.6000,21.75,22.00,19.55,2839000,57101050,1536,TWSE_CSV,2026-07-29 14:15:30 +0800
1150729,2026-07-29,上市,6176,瑞儀,83.90,-0.5000,84.00,84.80,81.50,7657000,634478000,4215,TWSE_CSV,2026-07-29 14:15:30 +0800
1150729,2026-07-29,上市,6177,達麗,47.10,-0.3000,47.65,47.85,46.40,1757000,82887100,932,TWSE_CSV,2026-07-29 14:15:30 +0800
1150729,2026-07-29,上市,6183,關貿,92.80,0.9000,91.80,92.80,90.70,75000,6882600,66,TWSE_CSV,2026-07-29 14:15:30 +0800
1150729,2026-07-29,上市,6184,大豐電,42.80,0.3500,42.75,43.00,42.30,94000,4015500,76,TWSE_CSV,2026-07-29 14:15:30 +0800
1150729,2026-07-29,上市,6189,豐藝,45.75,-1.1000,47.85,47.85,44.70,1027000,46875000,719,TWSE_CSV,2026-07-29 14:15:30 +0800
1150729,2026-07-29,上市,6191,精成科,79.60,-4.4000,84.20,84.50,77.10,5574000,444904500,3350,TWSE_CSV,2026-07-29 14:15:30 +0800
1150729,2026-07-29,上市,6192,巨路,108.00,-3.0000,112.00,112.00,105.50,312000,33629500,259,TWSE_CSV,2026-07-29 14:15:30 +0800
1150729,2026-07-29,上市,6196,帆宣,447.00,-27.5000,474.00,479.00,428.00,2327000,1032317500,1889,TWSE_CSV,2026-07-29 14:15:30 +0800
1150729,2026-07-29,上市,6197,佳必琪,277.50,-12.5000,293.00,295.50,266.50,2950000,814840500,2383,TWSE_CSV,2026-07-29 14:15:30 +0800
1150729,2026-07-29,上市,6201,亞弘電,49.00,0.0500,50.40,50.40,48.10,48000,2352200,41,TWSE_CSV,2026-07-29 14:15:30 +0800
1150729,2026-07-29,上市,6202,盛群,45.05,-3.7500,49.10,49.60,43.95,4772000,214910900,2803,TWSE_CSV,2026-07-29 14:15:30 +0800
1150729,2026-07-29,上市,6205,詮欣,53.00,-3.4000,54.90,56.80,51.10,1239000,65304600,813,TWSE_CSV,2026-07-29 14:15:30 +0800
1150729,2026-07-29,上市,6206,飛捷,123.00,-1.5000,125.50,128.00,118.00,2294000,281432500,1714,TWSE_CSV,2026-07-29 14:15:30 +0800
1150729,2026-07-29,上市,6209,今國光,63.00,-0.7000,64.00,68.60,60.40,14338000,924690500,9505,TWSE_CSV,2026-07-29 14:15:30 +0800
1150729,2026-07-29,上市,6213,聯茂,249.00,-27.5000,275.00,277.50,249.00,11663000,3015891500,8053,TWSE_CSV,2026-07-29 14:15:30 +0800
1150729,2026-07-29,上市,6214,精誠,144.00,1.0000,144.50,147.00,140.50,3309000,476688500,2268,TWSE_CSV,2026-07-29 14:15:30 +0800
1150729,2026-07-29,上市,6215,和椿,84.40,-4.8000,89.50,91.00,80.30,1674000,140117700,1202,TWSE_CSV,2026-07-29 14:15:30 +0800
1150729,2026-07-29,上市,6216,居易,21.60,-0.3500,22.40,22.40,21.35,367000,7935900,229,TWSE_CSV,2026-07-29 14:15:30 +0800
1150729,2026-07-29,上市,6224,聚鼎,50.20,-2.6000,52.00,52.90,48.05,649000,32158300,520,TWSE_CSV,2026-07-29 14:15:30 +0800
1150729,2026-07-29,上市,6225,天瀚,23.25,-2.4500,26.30,28.25,23.25,138000,3551150,75,TWSE_CSV,2026-07-29 14:15:30 +0800
1150729,2026-07-29,上市,6226,光鼎,22.55,2.0500,21.55,22.55,21.55,15956000,357610100,4501,TWSE_CSV,2026-07-29 14:15:30 +0800
1150729,2026-07-29,上市,6230,尼得科超眾,112.00,-3.0000,117.00,117.00,106.50,101000,11181000,98,TWSE_CSV,2026-07-29 14:15:30 +0800
1150729,2026-07-29,上市,6235,華孚,35.10,-1.8000,36.35,37.45,34.05,1329000,46844700,808,TWSE_CSV,2026-07-29 14:15:30 +0800
1150729,2026-07-29,上市,6239,力成,233.00,-18.5000,259.50,267.50,226.50,32580000,7818617500,20396,TWSE_CSV,2026-07-29 14:15:30 +0800
1150729,2026-07-29,上市,6243,迅杰,51.20,1.6000,48.95,53.20,47.20,10191000,508616650,6742,TWSE_CSV,2026-07-29 14:15:30 +0800
1150729,2026-07-29,上市,6257,矽格,181.50,-13.5000,196.50,198.50,176.00,8891000,1620113000,6064,TWSE_CSV,2026-07-29 14:15:30 +0800
1150729,2026-07-29,上市,6269,台郡,49.00,-2.3000,52.00,52.50,47.20,7004000,339645850,4122,TWSE_CSV,2026-07-29 14:15:30 +0800
1150729,2026-07-29,上市,6271,同欣電,149.00,-16.5000,165.50,165.50,149.00,5743000,882175500,3514,TWSE_CSV,2026-07-29 14:15:30 +0800
1150729,2026-07-29,上市,6272,驊陞,24.90,-0.7000,25.95,25.95,24.00,397000,9789600,204,TWSE_CSV,2026-07-29 14:15:30 +0800
1150729,2026-07-29,上市,6277,宏正,76.30,-1.6000,77.50,77.50,74.30,787000,59363300,540,TWSE_CSV,2026-07-29 14:15:30 +0800
1150729,2026-07-29,上市,6278,台表科,136.50,-7.0000,144.50,146.50,130.50,6686000,909774500,4436,TWSE_CSV,2026-07-29 14:15:30 +0800
1150729,2026-07-29,上市,6281,全國電,52.00,0.0000,52.00,52.10,51.40,83000,4299200,69,TWSE_CSV,2026-07-29 14:15:30 +0800
1150729,2026-07-29,上市,6282,康舒,40.70,-2.1500,43.00,43.50,38.70,18378000,737659350,10213,TWSE_CSV,2026-07-29 14:15:30 +0800
1150729,2026-07-29,上市,6283,淳安,20.00,-0.2000,20.55,20.55,18.85,361000,7019750,225,TWSE_CSV,2026-07-29 14:15:30 +0800
1150729,2026-07-29,上市,6285,啟碁,216.00,-14.0000,233.00,234.50,207.00,11099000,2382266500,7232,TWSE_CSV,2026-07-29 14:15:30 +0800
1150729,2026-07-29,上市,6405,悅城,33.85,-2.1000,36.50,36.85,32.50,1455000,49054350,927,TWSE_CSV,2026-07-29 14:15:30 +0800
1150729,2026-07-29,上市,6409,旭隼,923.00,-7.0000,941.00,985.00,887.00,742000,692998000,688,TWSE_CSV,2026-07-29 14:15:30 +0800
1150729,2026-07-29,上市,6412,群電,77.50,-1.2000,79.00,80.00,74.80,1374000,105251500,1083,TWSE_CSV,2026-07-29 14:15:30 +0800
1150729,2026-07-29,上市,6414,樺漢,436.50,0.5000,440.00,452.50,419.50,4869000,2110699500,4060,TWSE_CSV,2026-07-29 14:15:30 +0800
1150729,2026-07-29,上市,6415,矽力*-KY,375.50,-29.0000,400.00,400.00,364.50,7766000,2923354500,5896,TWSE_CSV,2026-07-29 14:15:30 +0800
1150729,2026-07-29,上市,6416,瑞祺電通,92.30,-3.5000,95.80,96.20,89.00,1221000,112231800,876,TWSE_CSV,2026-07-29 14:15:30 +0800
1150729,2026-07-29,上市,6426,統新,148.50,-14.0000,162.00,167.50,146.50,1377000,210527000,1112,TWSE_CSV,2026-07-29 14:15:30 +0800
1150729,2026-07-29,上市,6431,光麗-KY,16.40,-0.3000,16.75,16.90,16.15,289000,4734300,62,TWSE_CSV,2026-07-29 14:15:30 +0800
1150729,2026-07-29,上市,6438,迅得,130.50,-5.5000,138.00,138.50,126.00,968000,125584500,756,TWSE_CSV,2026-07-29 14:15:30 +0800
1150729,2026-07-29,上市,6442,光聖,1110.00,-120.0000,1230.00,1230.00,1110.00,1696000,1927535000,1371,TWSE_CSV,2026-07-29 14:15:30 +0800
1150729,2026-07-29,上市,6443,元晶,23.55,-2.0500,26.25,26.25,23.05,8849000,210859950,4500,TWSE_CSV,2026-07-29 14:15:30 +0800
1150729,2026-07-29,上市,6446,藥華藥,1080.00,-35.0000,1120.00,1130.00,1050.00,3673000,3966510000,2553,TWSE_CSV,2026-07-29 14:15:30 +0800
1150729,2026-07-29,上市,6449,鈺邦,202.00,-15.0000,220.50,222.00,195.50,1986000,401409000,1357,TWSE_CSV,2026-07-29 14:15:30 +0800
1150729,2026-07-29,上市,6451,訊芯-KY,342.50,-38.0000,380.50,385.50,342.50,2890000,1025979000,2058,TWSE_CSV,2026-07-29 14:15:30 +0800
1150729,2026-07-29,上市,6456,GIS-KY,53.30,-4.1000,58.40,58.40,51.70,5266000,281190400,3168,TWSE_CSV,2026-07-29 14:15:30 +0800
1150729,2026-07-29,上市,6464,台數科,79.50,0.2000,79.20,79.50,79.00,58000,4600000,49,TWSE_CSV,2026-07-29 14:15:30 +0800
1150729,2026-07-29,上市,6472,保瑞,378.00,-0.5000,384.00,387.50,367.50,882000,332422000,776,TWSE_CSV,2026-07-29 14:15:30 +0800
1150729,2026-07-29,上市,6477,安集,34.25,-0.9500,36.05,36.15,32.75,2985000,101672650,1632,TWSE_CSV,2026-07-29 14:15:30 +0800
1150729,2026-07-29,上市,6491,晶碩,322.00,-1.5000,325.00,330.00,309.00,551000,175147500,501,TWSE_CSV,2026-07-29 14:15:30 +0800
1150729,2026-07-29,上市,6504,南六,40.95,1.2500,40.00,40.95,38.50,155000,6201650,114,TWSE_CSV,2026-07-29 14:15:30 +0800
1150729,2026-07-29,上市,6505,台塑化,74.80,0.2000,76.30,77.10,72.00,47929000,3559845000,22515,TWSE_CSV,2026-07-29 14:15:30 +0800
1150729,2026-07-29,上市,6515,穎崴,5415.00,-520.0000,6090.00,6090.00,5355.00,589000,3291115000,562,TWSE_CSV,2026-07-29 14:15:30 +0800
1150729,2026-07-29,上市,6525,捷敏-KY,120.50,-7.5000,128.00,129.00,116.50,2664000,320457000,1871,TWSE_CSV,2026-07-29 14:15:30 +0800
1150729,2026-07-29,上市,6526,達發,507.00,-25.0000,540.00,541.00,486.00,767000,385144500,717,TWSE_CSV,2026-07-29 14:15:30 +0800
1150729,2026-07-29,上市,6531,愛普*,627.00,-69.0000,655.00,666.00,627.00,4215000,2673289000,2214,TWSE_CSV,2026-07-29 14:15:30 +0800
1150729,2026-07-29,上市,6533,晶心科,198.00,-6.5000,206.50,206.50,187.50,1176000,228230500,991,TWSE_CSV,2026-07-29 14:15:30 +0800
1150729,2026-07-29,上市,6534,正瀚-創,93.30,0.6000,93.50,94.00,91.60,165000,15350800,124,TWSE_CSV,2026-07-29 14:15:30 +0800
1150729,2026-07-29,上市,6541,泰福-KY,37.80,-0.6000,38.80,38.80,36.70,610000,22965950,395,TWSE_CSV,2026-07-29 14:15:30 +0800
1150729,2026-07-29,上市,6550,北極星藥業-KY,11.55,0.1000,11.75,11.80,11.30,1902000,21990050,875,TWSE_CSV,2026-07-29 14:15:30 +0800
1150729,2026-07-29,上市,6552,易華電,23.90,-0.0500,24.65,24.70,22.70,334000,7745850,196,TWSE_CSV,2026-07-29 14:15:30 +0800
1150729,2026-07-29,上市,6558,興能高,23.15,-1.7500,24.55,25.00,22.55,872000,20452100,605,TWSE_CSV,2026-07-29 14:15:30 +0800
1150729,2026-07-29,上市,6573,虹揚-KY,16.55,-0.2000,18.25,18.25,15.10,779000,12414500,383,TWSE_CSV,2026-07-29 14:15:30 +0800
1150729,2026-07-29,上市,6579,研揚,158.00,-4.5000,163.50,164.50,152.00,1097000,172100500,869,TWSE_CSV,2026-07-29 14:15:30 +0800
1150729,2026-07-29,上市,6581,鋼聯,108.50,0.0000,108.00,108.50,107.50,61000,6594500,41,TWSE_CSV,2026-07-29 14:15:30 +0800
1150729,2026-07-29,上市,6582,申豐,32.00,0.4000,32.35,32.35,31.30,76000,2409800,59,TWSE_CSV,2026-07-29 14:15:30 +0800
1150729,2026-07-29,上市,6585,鼎基,110.00,-3.0000,114.00,115.50,105.00,693000,74805500,420,TWSE_CSV,2026-07-29 14:15:30 +0800
1150729,2026-07-29,上市,6589,台康生技,45.85,-0.1000,46.50,46.95,45.05,889000,40864750,663,TWSE_CSV,2026-07-29 14:15:30 +0800
1150729,2026-07-29,上市,6591,動力-KY,42.30,-1.5500,44.00,44.00,41.30,306000,12953800,217,TWSE_CSV,2026-07-29 14:15:30 +0800
1150729,2026-07-29,上市,6592,和潤企業,60.10,-0.2000,60.90,60.90,59.00,672000,40150700,482,TWSE_CSV,2026-07-29 14:15:30 +0800
1150729,2026-07-29,上市,6598,ABC-KY,30.95,1.8500,30.20,31.30,29.15,1227000,37227000,703,TWSE_CSV,2026-07-29 14:15:30 +0800
1150729,2026-07-29,上市,6605,帝寶,131.00,1.0000,132.00,133.00,128.00,509000,66012500,408,TWSE_CSV,2026-07-29 14:15:30 +0800
1150729,2026-07-29,上市,6606,建德工業,25.75,-0.1500,26.15,26.15,25.30,114000,2923850,79,TWSE_CSV,2026-07-29 14:15:30 +0800
1150729,2026-07-29,上市,6614,資拓宏宇,37.60,-0.1000,39.05,39.05,36.15,175000,6426950,110,TWSE_CSV,2026-07-29 14:15:30 +0800
1150729,2026-07-29,上市,6625,必應,73.90,-0.1000,74.90,74.90,72.40,161000,11789100,138,TWSE_CSV,2026-07-29 14:15:30 +0800
1150729,2026-07-29,上市,6641,基士德-KY,17.00,-0.3000,17.20,17.55,16.55,58000,994700,46,TWSE_CSV,2026-07-29 14:15:30 +0800
1150729,2026-07-29,上市,6645,金萬林-創,13.40,-0.1000,13.40,13.90,13.40,59000,797550,34,TWSE_CSV,2026-07-29 14:15:30 +0800
1150729,2026-07-29,上市,6655,科定,120.00,2.5000,117.50,120.00,117.00,20000,2374000,18,TWSE_CSV,2026-07-29 14:15:30 +0800
1150729,2026-07-29,上市,6657,華安,30.25,-1.5500,32.95,32.95,29.35,462000,13914400,204,TWSE_CSV,2026-07-29 14:15:30 +0800
1150729,2026-07-29,上市,6658,聯策,138.00,-6.5000,145.00,147.50,132.00,800000,109097000,623,TWSE_CSV,2026-07-29 14:15:30 +0800
1150729,2026-07-29,上市,6666,羅麗芬-KY,44.55,-0.3500,44.90,44.95,43.30,53000,2335700,48,TWSE_CSV,2026-07-29 14:15:30 +0800
1150729,2026-07-29,上市,6668,中揚光,37.15,3.3500,35.30,37.15,33.70,3008000,109052450,2116,TWSE_CSV,2026-07-29 14:15:30 +0800
1150729,2026-07-29,上市,6669,緯穎,5135.00,-180.0000,5430.00,5475.00,4940.00,2704000,14076240000,2508,TWSE_CSV,2026-07-29 14:15:30 +0800
1150729,2026-07-29,上市,6670,復盛應用,267.00,-1.0000,270.50,271.50,260.00,340000,90070000,290,TWSE_CSV,2026-07-29 14:15:30 +0800
1150729,2026-07-29,上市,6671,三能-KY,23.15,0.4000,23.15,23.15,22.75,32000,737250,26,TWSE_CSV,2026-07-29 14:15:30 +0800
1150729,2026-07-29,上市,6672,騰輝電子-KY,185.50,-14.0000,204.00,204.00,180.00,3152000,585084000,2265,TWSE_CSV,2026-07-29 14:15:30 +0800
1150729,2026-07-29,上市,6674,鋐寶科技,15.85,0.2000,15.85,15.85,14.50,61000,923300,52,TWSE_CSV,2026-07-29 14:15:30 +0800
1150729,2026-07-29,上市,6689,伊雲谷,55.40,0.0000,59.20,59.20,53.60,353000,19538100,251,TWSE_CSV,2026-07-29 14:15:30 +0800
1150729,2026-07-29,上市,6691,洋基工程,629.00,-16.0000,647.00,659.00,600.00,803000,500067000,699,TWSE_CSV,2026-07-29 14:15:30 +0800
1150729,2026-07-29,上市,6695,芯鼎,46.75,-2.3500,49.40,50.60,45.20,1409000,66068550,1001,TWSE_CSV,2026-07-29 14:15:30 +0800
1150729,2026-07-29,上市,6698,旭暉應材,30.40,-1.5500,33.00,33.00,29.30,715000,21405950,375,TWSE_CSV,2026-07-29 14:15:30 +0800
1150729,2026-07-29,上市,6706,惠特,94.10,-7.9000,102.00,103.00,91.80,2056000,194201100,1432,TWSE_CSV,2026-07-29 14:15:30 +0800
1150729,2026-07-29,上市,6715,嘉基,320.50,0.0000,378.00,378.00,320.50,475000,156137500,328,TWSE_CSV,2026-07-29 14:15:30 +0800
1150729,2026-07-29,上市,6719,力智,199.00,-9.5000,208.50,213.50,189.00,2669000,525425000,2124,TWSE_CSV,2026-07-29 14:15:30 +0800
1150729,2026-07-29,上市,6722,輝創,33.25,-0.3500,34.80,34.80,31.50,121000,3957550,107,TWSE_CSV,2026-07-29 14:15:30 +0800
1150729,2026-07-29,上市,6742,澤米,42.30,1.7500,41.85,42.30,38.80,1365000,54842350,919,TWSE_CSV,2026-07-29 14:15:30 +0800
1150729,2026-07-29,上市,6743,安普新,29.85,0.0500,30.25,30.25,29.10,414000,12229050,270,TWSE_CSV,2026-07-29 14:15:30 +0800
1150729,2026-07-29,上市,6753,龍德造船,129.50,-3.5000,134.00,138.50,123.50,3050000,391660500,2138,TWSE_CSV,2026-07-29 14:15:30 +0800
1150729,2026-07-29,上市,6754,匯僑設計,42.95,0.3500,43.70,43.70,42.35,17000,732450,16,TWSE_CSV,2026-07-29 14:15:30 +0800
1150729,2026-07-29,上市,6756,威鋒電子,86.30,-3.4000,90.60,90.80,83.00,281000,24257400,239,TWSE_CSV,2026-07-29 14:15:30 +0800
1150729,2026-07-29,上市,6757,台灣虎航,55.20,0.5000,54.50,55.70,53.70,2334000,127751900,1342,TWSE_CSV,2026-07-29 14:15:30 +0800
1150729,2026-07-29,上市,6768,志強-KY,69.50,-0.9000,71.30,71.60,68.00,433000,30161700,323,TWSE_CSV,2026-07-29 14:15:30 +0800
1150729,2026-07-29,上市,6770,力積電,50.40,-5.4000,55.10,55.20,50.30,157231000,8081529900,60402,TWSE_CSV,2026-07-29 14:15:30 +0800
1150729,2026-07-29,上市,6771,平和環保-創,38.05,-0.2000,38.90,38.90,37.80,33000,1261850,17,TWSE_CSV,2026-07-29 14:15:30 +0800
1150729,2026-07-29,上市,6776,展碁國際,51.70,-0.8000,53.80,53.90,50.50,317000,16320500,262,TWSE_CSV,2026-07-29 14:15:30 +0800
1150729,2026-07-29,上市,6781,AES-KY,870.00,-45.0000,922.00,934.00,840.00,1002000,876736000,916,TWSE_CSV,2026-07-29 14:15:30 +0800
1150729,2026-07-29,上市,6782,視陽,177.00,-1.0000,179.00,180.00,172.00,382000,67119000,320,TWSE_CSV,2026-07-29 14:15:30 +0800
1150729,2026-07-29,上市,6789,采鈺,400.50,-23.5000,426.00,430.50,382.50,3205000,1267792500,2586,TWSE_CSV,2026-07-29 14:15:30 +0800
1150729,2026-07-29,上市,6790,永豐實,39.05,-0.0500,39.10,39.25,38.85,229000,8939050,151,TWSE_CSV,2026-07-29 14:15:30 +0800
1150729,2026-07-29,上市,6792,詠業,49.75,-1.2500,50.90,51.10,48.50,154000,7619700,138,TWSE_CSV,2026-07-29 14:15:30 +0800
1150729,2026-07-29,上市,6794,向榮生技,75.30,-1.0000,76.30,76.30,73.70,33000,2474000,29,TWSE_CSV,2026-07-29 14:15:30 +0800
1150729,2026-07-29,上市,6796,晉弘,56.00,-0.9000,58.80,58.80,52.50,121000,6685900,73,TWSE_CSV,2026-07-29 14:15:30 +0800
1150729,2026-07-29,上市,6799,來頡,72.20,-5.3000,77.50,77.60,70.10,1060000,76667400,711,TWSE_CSV,2026-07-29 14:15:30 +0800
1150729,2026-07-29,上市,6805,富世達,1265.00,-75.0000,1365.00,1400.00,1210.00,1684000,2122725000,1381,TWSE_CSV,2026-07-29 14:15:30 +0800
1150729,2026-07-29,上市,6807,峰源-KY,35.00,0.9000,35.20,35.20,34.50,8000,279650,8,TWSE_CSV,2026-07-29 14:15:30 +0800
1150729,2026-07-29,上市,6830,汎銓,337.00,-37.0000,375.50,375.50,337.00,1763000,611219000,1341,TWSE_CSV,2026-07-29 14:15:30 +0800
1150729,2026-07-29,上市,6831,邁科,511.00,-56.0000,555.00,555.00,511.00,348000,181593000,225,TWSE_CSV,2026-07-29 14:15:30 +0800
1150729,2026-07-29,上市,6834,天二科技,74.10,-8.2000,80.80,82.50,74.10,2104000,161860100,1420,TWSE_CSV,2026-07-29 14:15:30 +0800
1150729,2026-07-29,上市,6835,圓裕,30.60,0.4000,31.10,31.10,28.45,100000,2974300,76,TWSE_CSV,2026-07-29 14:15:30 +0800
1150729,2026-07-29,上市,6838,台新藥,24.70,-0.2500,25.35,25.35,23.85,221000,5370550,153,TWSE_CSV,2026-07-29 14:15:30 +0800
1150729,2026-07-29,上市,6854,錼創科技-KY創,87.30,-3.2000,89.10,90.90,82.50,866000,74035300,572,TWSE_CSV,2026-07-29 14:15:30 +0800
1150729,2026-07-29,上市,6861,睿生光電,181.00,-11.5000,189.00,192.50,173.50,913000,161885500,579,TWSE_CSV,2026-07-29 14:15:30 +0800
1150729,2026-07-29,上市,6862,三集瑞-KY,120.50,-9.0000,129.50,132.00,117.00,510000,61373000,391,TWSE_CSV,2026-07-29 14:15:30 +0800
1150729,2026-07-29,上市,6863,永道-KY,123.50,2.0000,121.00,125.50,117.50,661000,80195000,491,TWSE_CSV,2026-07-29 14:15:30 +0800
1150729,2026-07-29,上市,6869,雲豹能源,65.90,-0.1000,67.70,67.70,62.50,1136000,73079400,817,TWSE_CSV,2026-07-29 14:15:30 +0800
1150729,2026-07-29,上市,6873,泓德能源,78.10,-2.6000,82.10,82.20,75.00,1090000,84879200,670,TWSE_CSV,2026-07-29 14:15:30 +0800
1150729,2026-07-29,上市,6885,全福生技,20.70,-0.3500,21.10,21.15,20.40,510000,10573600,281,TWSE_CSV,2026-07-29 14:15:30 +0800
1150729,2026-07-29,上市,6887,寶綠特-KY,37.35,-0.5000,37.85,37.95,36.00,45000,1657600,35,TWSE_CSV,2026-07-29 14:15:30 +0800
1150729,2026-07-29,上市,6890,來億-KY,176.00,3.0000,176.00,179.50,168.00,652000,113288000,507,TWSE_CSV,2026-07-29 14:15:30 +0800
1150729,2026-07-29,上市,6901,鑽石投資,16.75,-0.7000,17.50,17.50,16.20,2666000,44482500,1261,TWSE_CSV,2026-07-29 14:15:30 +0800
1150729,2026-07-29,上市,6902,GOGOLOOK,113.50,-1.5000,115.50,115.50,108.50,161000,17854500,132,TWSE_CSV,2026-07-29 14:15:30 +0800
1150729,2026-07-29,上市,6906,現觀科,68.00,-1.9000,70.80,70.80,63.50,207000,13673800,170,TWSE_CSV,2026-07-29 14:15:30 +0800
1150729,2026-07-29,上市,6908,宏碁遊戲-創,32.85,-1.0500,35.00,35.00,32.10,26000,869050,21,TWSE_CSV,2026-07-29 14:15:30 +0800
1150729,2026-07-29,上市,6909,創控,38.20,-1.4500,40.00,40.00,36.60,737000,28131350,533,TWSE_CSV,2026-07-29 14:15:30 +0800
1150729,2026-07-29,上市,6914,阜爾運通,146.00,0.5000,145.50,146.00,143.50,86000,12459500,76,TWSE_CSV,2026-07-29 14:15:30 +0800
1150729,2026-07-29,上市,6916,華凌,17.30,-0.9000,18.20,18.55,16.75,247000,4250450,153,TWSE_CSV,2026-07-29 14:15:30 +0800
1150729,2026-07-29,上市,6918,愛派司,70.10,-1.6000,72.80,72.80,68.30,96000,6692200,65,TWSE_CSV,2026-07-29 14:15:30 +0800
1150729,2026-07-29,上市,6919,康霈*,102.00,-1.5000,104.00,106.00,98.40,8419000,856423500,4989,TWSE_CSV,2026-07-29 14:15:30 +0800
1150729,2026-07-29,上市,6921,嘉雨思-創,59.70,-1.5000,63.40,63.40,58.20,48000,2864400,32,TWSE_CSV,2026-07-29 14:15:30 +0800
1150729,2026-07-29,上市,6923,中台,74.70,-0.8000,77.20,77.20,72.80,217000,16076100,170,TWSE_CSV,2026-07-29 14:15:30 +0800
1150729,2026-07-29,上市,6924,榮惠-KY創,99.80,-0.2000,99.60,99.80,90.80,70000,6703000,47,TWSE_CSV,2026-07-29 14:15:30 +0800
1150729,2026-07-29,上市,6928,攸泰科技,45.85,-2.8500,49.75,49.75,43.85,625000,28693400,486,TWSE_CSV,2026-07-29 14:15:30 +0800
1150729,2026-07-29,上市,6931,青松健康,37.65,-0.6000,38.30,38.30,37.10,79000,2974100,71,TWSE_CSV,2026-07-29 14:15:30 +0800
1150729,2026-07-29,上市,6933,AMAX-KY,148.00,-9.0000,159.00,161.50,142.00,521000,77680500,467,TWSE_CSV,2026-07-29 14:15:30 +0800
1150729,2026-07-29,上市,6934,心誠鎂,74.50,-4.3000,78.80,78.80,71.80,75000,5475200,66,TWSE_CSV,2026-07-29 14:15:30 +0800
1150729,2026-07-29,上市,6936,永鴻生技,31.95,0.2000,32.05,32.10,31.55,76000,2421300,49,TWSE_CSV,2026-07-29 14:15:30 +0800
1150729,2026-07-29,上市,6937,天虹,238.50,-15.5000,255.00,257.50,229.00,904000,213683500,709,TWSE_CSV,2026-07-29 14:15:30 +0800
1150729,2026-07-29,上市,6944,兆聯實業,687.00,-28.0000,723.00,728.00,660.00,827000,566925000,734,TWSE_CSV,2026-07-29 14:15:30 +0800
1150729,2026-07-29,上市,6947,台鎔科技,69.30,-2.8000,72.20,73.00,68.00,852000,59104000,528,TWSE_CSV,2026-07-29 14:15:30 +0800
1150729,2026-07-29,上市,6949,沛爾生醫-創,802.00,-89.0000,891.00,891.00,802.00,214000,173282000,180,TWSE_CSV,2026-07-29 14:15:30 +0800
1150729,2026-07-29,上市,6951,青新-創,70.90,-0.3000,71.40,71.40,70.30,42000,2973600,36,TWSE_CSV,2026-07-29 14:15:30 +0800
1150729,2026-07-29,上市,6952,大武山,34.10,-1.0000,35.70,35.70,33.20,45000,1537200,43,TWSE_CSV,2026-07-29 14:15:30 +0800
1150729,2026-07-29,上市,6955,邦睿生技-創,112.00,-1.0000,112.00,112.00,110.00,7000,777000,6,TWSE_CSV,2026-07-29 14:15:30 +0800
1150729,2026-07-29,上市,6957,裕慶-KY,216.00,-14.0000,225.50,227.00,210.50,262000,56910500,219,TWSE_CSV,2026-07-29 14:15:30 +0800
1150729,2026-07-29,上市,6958,日盛台駿,18.65,0.4500,18.85,18.85,17.90,163000,3003800,121,TWSE_CSV,2026-07-29 14:15:30 +0800
1150729,2026-07-29,上市,6962,奕力-KY,30.15,-0.3500,31.00,31.00,29.45,3806000,114201750,1668,TWSE_CSV,2026-07-29 14:15:30 +0800
1150729,2026-07-29,上市,6965,中傑-KY,78.50,0.0000,79.70,79.70,77.40,72000,5653900,60,TWSE_CSV,2026-07-29 14:15:30 +0800
1150729,2026-07-29,上市,6969,成信實業*-創,28.15,-3.1000,29.00,30.05,28.15,690000,19744900,382,TWSE_CSV,2026-07-29 14:15:30 +0800
1150729,2026-07-29,上市,6988,威力暘-創,12.80,0.2500,12.95,12.95,11.95,60000,734300,31,TWSE_CSV,2026-07-29 14:15:30 +0800
1150729,2026-07-29,上市,6994,富威電力,38.75,-1.0500,40.00,40.25,37.75,641000,24789750,421,TWSE_CSV,2026-07-29 14:15:30 +0800
1150729,2026-07-29,上市,7610,聯友金屬-創,1215.00,-135.0000,1215.00,1215.00,1215.00,123000,149445000,71,TWSE_CSV,2026-07-29 14:15:30 +0800
1150729,2026-07-29,上市,7631,聚賢研發-創,130.00,-2.0000,130.00,130.50,119.00,144000,17993500,120,TWSE_CSV,2026-07-29 14:15:30 +0800
1150729,2026-07-29,上市,7705,三商餐飲,30.30,0.1000,30.75,30.75,29.80,84000,2523400,65,TWSE_CSV,2026-07-29 14:15:30 +0800
1150729,2026-07-29,上市,7711,永擎,282.00,-3.0000,287.50,293.50,270.50,298000,82380500,269,TWSE_CSV,2026-07-29 14:15:30 +0800
1150729,2026-07-29,上市,7721,微程式,57.30,-1.9000,59.20,60.00,55.10,219000,12545400,177,TWSE_CSV,2026-07-29 14:15:30 +0800
1150729,2026-07-29,上市,7722,LINEPAY,272.50,3.5000,273.00,279.50,265.00,193000,52337000,163,TWSE_CSV,2026-07-29 14:15:30 +0800
1150729,2026-07-29,上市,7730,暉盛-創,145.00,-2.0000,148.00,150.00,135.50,115000,16422000,107,TWSE_CSV,2026-07-29 14:15:30 +0800
1150729,2026-07-29,上市,7732,金興精密,34.95,0.0000,35.10,35.90,34.40,32000,1122100,27,TWSE_CSV,2026-07-29 14:15:30 +0800
1150729,2026-07-29,上市,7736,虎山,70.20,-0.8000,70.80,72.10,69.00,389000,27280100,61,TWSE_CSV,2026-07-29 14:15:30 +0800
1150729,2026-07-29,上市,7740,熙特爾-創,145.00,4.5000,142.50,147.50,140.00,208000,29754000,174,TWSE_CSV,2026-07-29 14:15:30 +0800
1150729,2026-07-29,上市,7749,意騰-KY,311.50,-21.5000,334.50,334.50,300.00,458000,142481000,357,TWSE_CSV,2026-07-29 14:15:30 +0800
1150729,2026-07-29,上市,7750,新代,1890.00,-25.0000,1945.00,1965.00,1800.00,292000,546260000,275,TWSE_CSV,2026-07-29 14:15:30 +0800
1150729,2026-07-29,上市,7760,享溫馨,33.65,-0.4000,34.20,34.20,33.00,140000,4683800,44,TWSE_CSV,2026-07-29 14:15:30 +0800
1150729,2026-07-29,上市,7765,中華資安,223.50,-1.5000,223.50,228.00,220.00,97000,21622500,71,TWSE_CSV,2026-07-29 14:15:30 +0800
1150729,2026-07-29,上市,7768,頌勝科技,250.00,-12.5000,262.00,262.00,237.00,181000,44653000,148,TWSE_CSV,2026-07-29 14:15:30 +0800
1150729,2026-07-29,上市,7769,鴻勁,5175.00,-575.0000,5685.00,5760.00,5175.00,1025000,5456160000,862,TWSE_CSV,2026-07-29 14:15:30 +0800
1150729,2026-07-29,上市,7780,大研生醫*,16.70,-0.2500,17.00,17.05,16.30,1851000,30730100,852,TWSE_CSV,2026-07-29 14:15:30 +0800
1150729,2026-07-29,上市,7786,東方風能,124.00,0.5000,125.00,126.50,122.00,252000,31263500,176,TWSE_CSV,2026-07-29 14:15:30 +0800
1150729,2026-07-29,上市,7788,松川精密,186.00,-10.0000,199.50,199.50,180.00,1527000,283980500,1141,TWSE_CSV,2026-07-29 14:15:30 +0800
1150729,2026-07-29,上市,7791,皇家可口,60.40,-0.4000,61.40,61.40,59.00,230000,13772700,133,TWSE_CSV,2026-07-29 14:15:30 +0800
1150729,2026-07-29,上市,7795,長廣,347.50,-22.5000,355.00,399.00,333.00,931000,324280500,832,TWSE_CSV,2026-07-29 14:15:30 +0800
1150729,2026-07-29,上市,7799,禾榮科,343.50,-15.5000,365.50,371.00,333.50,1016000,349912500,652,TWSE_CSV,2026-07-29 14:15:30 +0800
1150729,2026-07-29,上市,7803,雲象科技-創,19.70,-0.3000,20.00,20.15,19.10,201000,3971150,126,TWSE_CSV,2026-07-29 14:15:30 +0800
1150729,2026-07-29,上市,7818,溢泰實業,65.40,-1.2000,67.00,67.00,64.10,282000,18314100,159,TWSE_CSV,2026-07-29 14:15:30 +0800
1150729,2026-07-29,上市,7821,神數,39.85,-0.1500,40.20,40.20,39.10,171000,6778250,128,TWSE_CSV,2026-07-29 14:15:30 +0800
1150729,2026-07-29,上市,7822,倍利科,768.00,-77.0000,845.00,849.00,761.00,241000,187889000,230,TWSE_CSV,2026-07-29 14:15:30 +0800
1150729,2026-07-29,上市,7823,奧義賽博-KY創,76.80,-3.2000,82.60,82.60,76.30,43000,3332000,34,TWSE_CSV,2026-07-29 14:15:30 +0800
1150729,2026-07-29,上市,7827,漢康-KY創,141.00,1.0000,141.50,142.00,133.00,498000,68654000,388,TWSE_CSV,2026-07-29 14:15:30 +0800
1150729,2026-07-29,上市,7835,永悅健康-創,33.00,-2.3500,35.20,35.20,32.00,75000,2500750,51,TWSE_CSV,2026-07-29 14:15:30 +0800
1150729,2026-07-29,上市,8011,台通,15.60,-0.2500,16.10,16.10,15.30,771000,12023700,508,TWSE_CSV,2026-07-29 14:15:30 +0800
1150729,2026-07-29,上市,8016,矽創,264.50,-9.0000,277.00,286.00,257.00,1628000,434505000,1360,TWSE_CSV,2026-07-29 14:15:30 +0800
1150729,2026-07-29,上市,8021,尖點,316.50,-35.0000,346.00,349.50,316.50,1982000,649881500,1445,TWSE_CSV,2026-07-29 14:15:30 +0800
1150729,2026-07-29,上市,8028,昇陽半導體,252.00,-28.0000,281.00,281.00,252.00,1138000,293811000,891,TWSE_CSV,2026-07-29 14:15:30 +0800
1150729,2026-07-29,上市,8033,雷虎,157.00,-17.0000,175.00,175.00,157.00,1594000,254553000,1051,TWSE_CSV,2026-07-29 14:15:30 +0800
1150729,2026-07-29,上市,8039,台虹,175.50,-19.0000,180.00,181.50,175.50,7160000,1272488500,1830,TWSE_CSV,2026-07-29 14:15:30 +0800
1150729,2026-07-29,上市,8045,達運光電,53.40,-2.2000,55.80,56.20,50.10,391000,20579300,320,TWSE_CSV,2026-07-29 14:15:30 +0800
1150729,2026-07-29,上市,8046,南電,879.00,-97.0000,994.00,995.00,879.00,12973000,11987630000,10209,TWSE_CSV,2026-07-29 14:15:30 +0800
1150729,2026-07-29,上市,8070,長華*,42.05,-2.3000,44.85,44.85,40.85,5655000,237111900,3284,TWSE_CSV,2026-07-29 14:15:30 +0800
1150729,2026-07-29,上市,8072,陞泰,25.85,-0.5500,26.00,26.75,25.00,360000,9232300,254,TWSE_CSV,2026-07-29 14:15:30 +0800
1150729,2026-07-29,上市,8081,致新,241.50,-5.5000,247.00,251.50,235.50,1541000,370831500,1196,TWSE_CSV,2026-07-29 14:15:30 +0800
1150729,2026-07-29,上市,8101,華冠,12.20,0.0000,12.20,12.20,12.20,4000,48800,4,TWSE_CSV,2026-07-29 14:15:30 +0800
1150729,2026-07-29,上市,8103,瀚荃,69.10,-3.8000,72.40,74.10,66.50,1895000,130512100,1292,TWSE_CSV,2026-07-29 14:15:30 +0800
1150729,2026-07-29,上市,8104,錸寶,29.15,-1.9500,31.95,31.95,28.05,1373000,39844350,754,TWSE_CSV,2026-07-29 14:15:30 +0800
1150729,2026-07-29,上市,8105,凌巨,15.15,-0.6000,16.00,16.00,14.50,5005000,74915450,2161,TWSE_CSV,2026-07-29 14:15:30 +0800
1150729,2026-07-29,上市,8110,華東,34.15,-3.7500,37.60,37.75,34.15,6574000,229965300,3668,TWSE_CSV,2026-07-29 14:15:30 +0800
1150729,2026-07-29,上市,8112,至上,76.70,-1.5000,78.70,78.70,73.50,13582000,1024027900,7375,TWSE_CSV,2026-07-29 14:15:30 +0800
1150729,2026-07-29,上市,8114,振樺電,209.50,-4.0000,216.50,218.00,196.50,1567000,323728000,1280,TWSE_CSV,2026-07-29 14:15:30 +0800
1150729,2026-07-29,上市,8131,福懋科,53.60,-4.6000,58.10,58.10,52.40,6203000,333662800,3355,TWSE_CSV,2026-07-29 14:15:30 +0800
1150729,2026-07-29,上市,8150,南茂,72.90,-8.1000,78.60,79.60,72.90,23090000,1735577300,11540,TWSE_CSV,2026-07-29 14:15:30 +0800
1150729,2026-07-29,上市,8162,微矽電子-創,49.00,-4.3000,53.10,53.60,48.00,543000,26595500,340,TWSE_CSV,2026-07-29 14:15:30 +0800
1150729,2026-07-29,上市,8163,達方,28.95,-1.0500,30.00,30.15,27.90,2183000,62622150,1301,TWSE_CSV,2026-07-29 14:15:30 +0800
1150729,2026-07-29,上市,8201,無敵,11.65,-0.2500,11.90,11.90,11.30,64000,742700,41,TWSE_CSV,2026-07-29 14:15:30 +0800
1150729,2026-07-29,上市,8210,勤誠,981.00,-39.0000,1030.00,1030.00,957.00,1448000,1426042000,1357,TWSE_CSV,2026-07-29 14:15:30 +0800
1150729,2026-07-29,上市,8213,志超,28.90,-0.9000,29.90,29.95,28.10,1413000,40683500,850,TWSE_CSV,2026-07-29 14:15:30 +0800
1150729,2026-07-29,上市,8215,明基材,21.70,-1.1000,23.25,23.30,21.00,1391000,30274500,901,TWSE_CSV,2026-07-29 14:15:30 +0800
1150729,2026-07-29,上市,8222,寶一,35.55,-1.5500,37.25,37.80,34.75,1587000,57080550,1090,TWSE_CSV,2026-07-29 14:15:30 +0800
1150729,2026-07-29,上市,8249,菱光,40.05,-1.3500,41.55,41.55,38.35,693000,27434300,444,TWSE_CSV,2026-07-29 14:15:30 +0800
1150729,2026-07-29,上市,8261,富鼎,175.50,-19.5000,193.00,195.00,175.50,4772000,867756000,3000,TWSE_CSV,2026-07-29 14:15:30 +0800
1150729,2026-07-29,上市,8271,宇瞻,222.50,17.5000,210.00,225.50,201.50,18141000,3883761500,13045,TWSE_CSV,2026-07-29 14:15:30 +0800
1150729,2026-07-29,上市,8341,日友,76.20,-0.3000,76.80,76.90,75.30,350000,26564300,283,TWSE_CSV,2026-07-29 14:15:30 +0800
1150729,2026-07-29,上市,8367,建新國際,40.60,-0.1000,41.00,41.00,40.30,43000,1743450,29,TWSE_CSV,2026-07-29 14:15:30 +0800
1150729,2026-07-29,上市,8374,羅昇,70.00,-2.8000,72.90,74.30,65.60,533000,36650200,405,TWSE_CSV,2026-07-29 14:15:30 +0800
1150729,2026-07-29,上市,8404,百和興業-KY,16.60,0.0500,16.65,16.65,16.30,425000,6982400,240,TWSE_CSV,2026-07-29 14:15:30 +0800
1150729,2026-07-29,上市,8411,福貞-KY,12.95,-0.0500,13.05,13.05,12.75,147000,1895800,85,TWSE_CSV,2026-07-29 14:15:30 +0800
1150729,2026-07-29,上市,8422,可寧衛*,24.80,-0.1500,24.80,25.10,24.05,12250000,298916950,5061,TWSE_CSV,2026-07-29 14:15:30 +0800
1150729,2026-07-29,上市,8429,金麗-KY,6.00,-0.0100,6.14,6.14,5.97,452000,2718220,140,TWSE_CSV,2026-07-29 14:15:30 +0800
1150729,2026-07-29,上市,8438,昶昕,53.00,-5.5000,60.90,60.90,52.70,2226000,118908700,561,TWSE_CSV,2026-07-29 14:15:30 +0800
1150729,2026-07-29,上市,8442,威宏-KY,44.15,-0.4500,45.75,45.75,43.00,127000,5586850,97,TWSE_CSV,2026-07-29 14:15:30 +0800
1150729,2026-07-29,上市,8443,阿瘦,11.55,0.1000,11.45,11.55,11.30,46000,528100,35,TWSE_CSV,2026-07-29 14:15:30 +0800
1150729,2026-07-29,上市,8454,富邦媒,250.50,12.0000,242.50,250.50,238.50,1528000,373709500,1152,TWSE_CSV,2026-07-29 14:15:30 +0800
1150729,2026-07-29,上市,8462,柏文,164.00,4.0000,160.00,164.50,160.00,391000,63337000,284,TWSE_CSV,2026-07-29 14:15:30 +0800
1150729,2026-07-29,上市,8463,潤泰材,21.20,-0.0500,21.40,21.40,20.90,78000,1646900,57,TWSE_CSV,2026-07-29 14:15:30 +0800
1150729,2026-07-29,上市,8464,億豐,378.50,1.5000,381.50,381.50,370.50,784000,294951500,672,TWSE_CSV,2026-07-29 14:15:30 +0800
1150729,2026-07-29,上市,8466,美吉吉-KY,16.70,-0.4500,17.80,17.80,16.35,101000,1690900,74,TWSE_CSV,2026-07-29 14:15:30 +0800
1150729,2026-07-29,上市,8467,波力-KY,101.00,0.0000,105.00,105.00,99.00,25000,2532500,23,TWSE_CSV,2026-07-29 14:15:30 +0800
1150729,2026-07-29,上市,8473,山林水,40.40,-1.8500,42.45,42.45,39.70,1358000,54972800,647,TWSE_CSV,2026-07-29 14:15:30 +0800
1150729,2026-07-29,上市,8476,台境*,19.75,-0.2000,20.35,20.35,19.00,878000,17027450,475,TWSE_CSV,2026-07-29 14:15:30 +0800
1150729,2026-07-29,上市,8478,東哥遊艇,151.00,0.5000,152.50,153.00,147.00,282000,42076500,237,TWSE_CSV,2026-07-29 14:15:30 +0800
1150729,2026-07-29,上市,8481,政伸,40.45,0.2500,40.20,40.45,40.05,14000,564950,13,TWSE_CSV,2026-07-29 14:15:30 +0800
1150729,2026-07-29,上市,8482,商億-KY,49.70,1.3500,50.30,50.30,48.85,21000,1041200,20,TWSE_CSV,2026-07-29 14:15:30 +0800
1150729,2026-07-29,上市,8487,愛爾達-創,74.50,-0.5000,76.00,76.00,74.10,30000,2230400,25,TWSE_CSV,2026-07-29 14:15:30 +0800
1150729,2026-07-29,上市,8488,吉源-KY,10.20,0.0000,10.15,10.25,10.15,14000,142900,14,TWSE_CSV,2026-07-29 14:15:30 +0800
1150729,2026-07-29,上市,8499,鼎炫-KY,242.00,-11.0000,248.00,253.50,236.00,96000,23336500,89,TWSE_CSV,2026-07-29 14:15:30 +0800
1150729,2026-07-29,上市,8926,台汽電,60.80,-1.1000,62.00,62.60,59.00,6216000,374446900,3927,TWSE_CSV,2026-07-29 14:15:30 +0800
1150729,2026-07-29,上市,8940,新天地,16.00,0.0500,16.20,16.25,15.95,144000,2307450,48,TWSE_CSV,2026-07-29 14:15:30 +0800
1150729,2026-07-29,上市,8996,高力,859.00,-47.0000,932.00,948.00,830.00,4702000,4090035000,3974,TWSE_CSV,2026-07-29 14:15:30 +0800
1150729,2026-07-29,上市,9103,美德醫療-DR,5.13,-0.1800,5.35,5.44,5.07,1781000,9231650,664,TWSE_CSV,2026-07-29 14:15:30 +0800
1150729,2026-07-29,上市,910322,康師傅-DR,24.85,0.9000,24.10,24.95,24.10,208000,5144150,64,TWSE_CSV,2026-07-29 14:15:30 +0800
1150729,2026-07-29,上市,9105,泰金寶-DR,7.38,-0.3700,7.80,7.89,7.17,36197000,269692940,6883,TWSE_CSV,2026-07-29 14:15:30 +0800
1150729,2026-07-29,上市,910861,神州-DR,3.81,-0.1400,3.92,3.92,3.81,94000,362940,31,TWSE_CSV,2026-07-29 14:15:30 +0800
1150729,2026-07-29,上市,9110,越南控-DR,3.14,-0.0100,3.14,3.16,3.04,61000,192310,12,TWSE_CSV,2026-07-29 14:15:30 +0800
1150729,2026-07-29,上市,911608,明輝-DR,2.70,0.0000,2.47,2.70,2.47,2000,5170,2,TWSE_CSV,2026-07-29 14:15:30 +0800
1150729,2026-07-29,上市,911622,泰聚亨-DR,3.66,-0.0200,3.65,3.68,3.50,121000,433600,30,TWSE_CSV,2026-07-29 14:15:30 +0800
1150729,2026-07-29,上市,911868,同方友友-DR,1.20,0.0200,1.19,1.21,1.14,1210000,1429280,214,TWSE_CSV,2026-07-29 14:15:30 +0800
1150729,2026-07-29,上市,912000,晨訊科-DR,2.57,-0.0700,2.65,2.65,2.50,847000,2167740,230,TWSE_CSV,2026-07-29 14:15:30 +0800
1150729,2026-07-29,上市,9136,巨騰-DR,10.80,-1.0500,11.80,12.05,10.70,1564000,17334750,402,TWSE_CSV,2026-07-29 14:15:30 +0800
1150729,2026-07-29,上市,9802,鈺齊-KY,72.70,-0.1000,72.80,73.70,70.50,1203000,86386400,672,TWSE_CSV,2026-07-29 14:15:30 +0800
1150729,2026-07-29,上市,9902,台火,13.65,-0.1000,14.10,14.10,13.40,221000,3013850,100,TWSE_CSV,2026-07-29 14:15:30 +0800
1150729,2026-07-29,上市,9904,寶成,24.10,0.0500,24.10,24.35,23.70,27880000,669465350,7845,TWSE_CSV,2026-07-29 14:15:30 +0800
1150729,2026-07-29,上市,9905,大華,20.60,-0.1000,20.75,20.75,20.50,149000,3068750,91,TWSE_CSV,2026-07-29 14:15:30 +0800
1150729,2026-07-29,上市,9906,欣巴巴,38.45,-1.5000,40.80,40.80,38.00,196000,7681200,156,TWSE_CSV,2026-07-29 14:15:30 +0800
1150729,2026-07-29,上市,9907,統一實,15.25,0.0500,15.20,15.25,14.95,4515000,68080700,1758,TWSE_CSV,2026-07-29 14:15:30 +0800
1150729,2026-07-29,上市,9908,大台北,29.35,-0.0500,29.45,29.45,29.05,487000,14268900,268,TWSE_CSV,2026-07-29 14:15:30 +0800
1150729,2026-07-29,上市,9910,豐泰,70.80,1.7000,69.80,71.70,69.60,3137000,221808200,1888,TWSE_CSV,2026-07-29 14:15:30 +0800
1150729,2026-07-29,上市,9911,櫻花,82.30,-0.2000,83.20,83.20,81.30,595000,48729500,472,TWSE_CSV,2026-07-29 14:15:30 +0800
1150729,2026-07-29,上市,9912,偉聯,12.65,0.0000,12.65,12.70,12.55,74000,933300,51,TWSE_CSV,2026-07-29 14:15:30 +0800
1150729,2026-07-29,上市,9914,美利達,79.20,2.0000,78.40,80.90,77.50,4340000,343335200,2777,TWSE_CSV,2026-07-29 14:15:30 +0800
1150729,2026-07-29,上市,9917,中保科,111.00,0.5000,111.00,111.00,109.00,1164000,128279000,707,TWSE_CSV,2026-07-29 14:15:30 +0800
1150729,2026-07-29,上市,9918,欣天然,43.00,-0.5000,43.50,43.50,42.50,72000,3086800,55,TWSE_CSV,2026-07-29 14:15:30 +0800
1150729,2026-07-29,上市,9919,康那香,13.70,-0.3000,14.20,14.20,13.50,821000,11297400,475,TWSE_CSV,2026-07-29 14:15:30 +0800
1150729,2026-07-29,上市,9921,巨大,87.40,2.4000,85.80,87.50,85.50,2721000,235592600,1886,TWSE_CSV,2026-07-29 14:15:30 +0800
1150729,2026-07-29,上市,9924,福興,39.40,0.2000,39.80,39.80,38.55,284000,11039750,257,TWSE_CSV,2026-07-29 14:15:30 +0800
1150729,2026-07-29,上市,9925,新保,40.50,0.0500,40.40,40.65,40.20,1324000,53517400,635,TWSE_CSV,2026-07-29 14:15:30 +0800
1150729,2026-07-29,上市,9926,新海,49.80,0.4500,49.45,49.80,49.30,82000,4066600,68,TWSE_CSV,2026-07-29 14:15:30 +0800
1150729,2026-07-29,上市,9927,泰銘,69.30,-0.5000,70.30,70.30,68.20,173000,11909800,125,TWSE_CSV,2026-07-29 14:15:30 +0800
1150729,2026-07-29,上市,9928,中視,17.95,-0.1500,18.50,18.50,17.80,96000,1730500,50,TWSE_CSV,2026-07-29 14:15:30 +0800
1150729,2026-07-29,上市,9929,秋雨,11.55,0.2000,11.70,11.75,11.35,71000,812250,19,TWSE_CSV,2026-07-29 14:15:30 +0800
1150729,2026-07-29,上市,9930,中聯資源,63.90,0.4000,64.10,64.30,62.70,329000,20910500,287,TWSE_CSV,2026-07-29 14:15:30 +0800
1150729,2026-07-29,上市,9931,欣高,33.95,0.0000,33.95,33.95,33.55,67000,2266050,50,TWSE_CSV,2026-07-29 14:15:30 +0800
1150729,2026-07-29,上市,9933,中鼎,36.30,-2.8000,38.55,38.90,35.20,7722000,281280450,4072,TWSE_CSV,2026-07-29 14:15:30 +0800
1150729,2026-07-29,上市,9934,成霖,10.35,0.0000,10.50,10.50,10.10,1175000,12045150,434,TWSE_CSV,2026-07-29 14:15:30 +0800
1150729,2026-07-29,上市,9935,慶豐富,19.20,0.0000,19.40,19.40,18.80,518000,9937900,231,TWSE_CSV,2026-07-29 14:15:30 +0800
1150729,2026-07-29,上市,9937,全國,56.30,0.8000,55.90,56.60,55.70,115000,6456900,89,TWSE_CSV,2026-07-29 14:15:30 +0800
1150729,2026-07-29,上市,9938,百和,46.60,0.0000,47.10,47.25,46.40,2910000,135896150,1360,TWSE_CSV,2026-07-29 14:15:30 +0800
1150729,2026-07-29,上市,9939,宏全,130.00,2.0000,130.00,130.50,125.00,3514000,448722500,2101,TWSE_CSV,2026-07-29 14:15:30 +0800
1150729,2026-07-29,上市,9940,信義,20.80,0.4000,20.40,20.80,20.35,1744000,35897400,592,TWSE_CSV,2026-07-29 14:15:30 +0800
1150729,2026-07-29,上市,9941,裕融,82.00,-0.2000,82.50,83.00,80.60,1606000,130998300,1060,TWSE_CSV,2026-07-29 14:15:30 +0800
1150729,2026-07-29,上市,9942,茂順,120.00,-0.5000,121.50,121.50,119.00,318000,38186500,198,TWSE_CSV,2026-07-29 14:15:30 +0800
1150729,2026-07-29,上市,9943,好樂迪,52.80,0.1000,53.10,53.10,52.10,187000,9814200,132,TWSE_CSV,2026-07-29 14:15:30 +0800
1150729,2026-07-29,上市,9944,新麗,17.70,0.0000,17.85,17.95,17.55,49000,870400,32,TWSE_CSV,2026-07-29 14:15:30 +0800
1150729,2026-07-29,上市,9945,潤泰新,26.05,0.0500,26.20,26.40,25.55,9690000,251384600,3582,TWSE_CSV,2026-07-29 14:15:30 +0800
1150729,2026-07-29,上市,9946,三發地產,17.95,0.2000,17.75,18.25,17.50,393000,6986150,212,TWSE_CSV,2026-07-29 14:15:30 +0800
1150729,2026-07-29,上市,9955,佳龍,22.85,-0.5000,23.85,23.85,22.20,429000,9745800,281,TWSE_CSV,2026-07-29 14:15:30 +0800
1150729,2026-07-29,上市,9958,世紀鋼,104.00,-1.0000,104.50,106.00,100.50,2157000,221185500,1411,TWSE_CSV,2026-07-29 14:15:30 +0800
1150729,2026-07-29,上櫃,006201,元大富櫃50,35.99,-2.16,38.15,38.15,35.28,979000,35360960,322,TPEX_CSV,2026-07-29 14:15:30 +0800
1150729,2026-07-29,上櫃,00679B,元大美債20年,27.03,+0.12,26.93,27.04,26.92,62188000,1678679560,8067,TPEX_CSV,2026-07-29 14:15:30 +0800
1150729,2026-07-29,上櫃,00687B,國泰20年美債,28.13,+0.11,28.07,28.15,28.04,49284000,1385387640,6304,TPEX_CSV,2026-07-29 14:15:30 +0800
1150729,2026-07-29,上櫃,00687C,國泰20年美債+櫃U,9.22,+0.02,9.22,9.22,9.22,36600,337452,18,TPEX_CSV,2026-07-29 14:15:30 +0800
1150729,2026-07-29,上櫃,00694B,富邦美債1-3,42.45,+0.01,42.43,42.51,42.39,268000,11378130,52,TPEX_CSV,2026-07-29 14:15:30 +0800
1150729,2026-07-29,上櫃,00695B,富邦美債7-10,35.51,+0.06,35.36,35.55,35.36,164000,5824320,18,TPEX_CSV,2026-07-29 14:15:30 +0800
1150729,2026-07-29,上櫃,00696B,富邦美債20年,29.14,+0.11,29.06,29.19,29.05,5646000,164512470,336,TPEX_CSV,2026-07-29 14:15:30 +0800
1150729,2026-07-29,上櫃,00697B,元大美債7-10,36.08,+0.07,36.01,36.10,35.98,1181000,42596420,260,TPEX_CSV,2026-07-29 14:15:30 +0800
1150729,2026-07-29,上櫃,00719B,元大美債1-3,31.48,+0.02,31.38,31.56,31.38,8972000,282572740,1467,TPEX_CSV,2026-07-29 14:15:30 +0800
1150729,2026-07-29,上櫃,00720B,元大投資級公司債,32.62,+0.05,32.59,32.67,32.57,11773000,384016170,1890,TPEX_CSV,2026-07-29 14:15:30 +0800
1150729,2026-07-29,上櫃,00722B,群益投資級電信債,35.06,+0.09,35.02,35.10,34.98,3844000,134722520,331,TPEX_CSV,2026-07-29 14:15:30 +0800
1150729,2026-07-29,上櫃,00723B,群益投資級科技債,29.97,+0.09,29.95,29.97,29.95,110000,3296180,8,TPEX_CSV,2026-07-29 14:15:30 +0800
1150729,2026-07-29,上櫃,00724B,群益投資級金融債,33.65,+0.07,33.56,33.70,33.56,3894000,131081800,164,TPEX_CSV,2026-07-29 14:15:30 +0800
1150729,2026-07-29,上櫃,00725B,國泰投資級公司債,34.69,+0.07,34.65,34.74,34.62,7839000,271906950,1208,TPEX_CSV,2026-07-29 14:15:30 +0800
1150729,2026-07-29,上櫃,00726B,國泰新興投等債,32.93,+0.07,32.86,32.96,32.86,461000,15183080,40,TPEX_CSV,2026-07-29 14:15:30 +0800
1150729,2026-07-29,上櫃,00727B,國泰優選非投等債,39.77,+0.03,39.68,39.82,39.68,126000,5010650,11,TPEX_CSV,2026-07-29 14:15:30 +0800
1150729,2026-07-29,上櫃,00734B,台新JPM新興債,15.82,+0.01,15.82,15.82,15.82,1000,15820,1,TPEX_CSV,2026-07-29 14:15:30 +0800
1150729,2026-07-29,上櫃,00740B,富邦全球投等債,38.27,+0.09,38.14,38.33,38.14,3343000,127984510,276,TPEX_CSV,2026-07-29 14:15:30 +0800
1150729,2026-07-29,上櫃,00741B,富邦全球非投等債,38.00,+0.12,36.00,38.10,36.00,293000,11149840,56,TPEX_CSV,2026-07-29 14:15:30 +0800
1150729,2026-07-29,上櫃,00746B,富邦A級公司債,35.33,+0.13,35.19,35.35,35.19,510000,18015570,20,TPEX_CSV,2026-07-29 14:15:30 +0800
1150729,2026-07-29,上櫃,00749B,凱基新興債10+,31.57,+0.07,31.57,31.57,31.57,102000,3220140,3,TPEX_CSV,2026-07-29 14:15:30 +0800
1150729,2026-07-29,上櫃,00750B,凱基科技債10+,32.41,+0.09,32.41,32.41,32.41,100000,3241000,2,TPEX_CSV,2026-07-29 14:15:30 +0800
1150729,2026-07-29,上櫃,00751B,元大AAA至A公司債,31.15,+0.05,31.14,31.21,31.13,11651000,363127780,1796,TPEX_CSV,2026-07-29 14:15:30 +0800
1150729,2026-07-29,上櫃,00754B,群益AAA-AA公司債,32.74,+0.12,32.75,32.75,32.71,168000,5497430,13,TPEX_CSV,2026-07-29 14:15:30 +0800
1150729,2026-07-29,上櫃,00755B,群益投資級公用債,33.01,+0.07,32.94,33.02,32.94,111000,3664150,9,TPEX_CSV,2026-07-29 14:15:30 +0800
1150729,2026-07-29,上櫃,00756B,群益投等新興公債,31.58,-0.03,31.60,31.72,31.55,282000,8924300,38,TPEX_CSV,2026-07-29 14:15:30 +0800
1150729,2026-07-29,上櫃,00758B,復華能源債,51.95,0.00,51.95,51.95,51.95,100000,5195000,2,TPEX_CSV,2026-07-29 14:15:30 +0800
1150729,2026-07-29,上櫃,00759B,復華製藥債,54.90,+0.20,54.90,54.90,54.90,100000,5490000,2,TPEX_CSV,2026-07-29 14:15:30 +0800
1150729,2026-07-29,上櫃,00760B,復華新興企業債,54.00,+0.05,54.00,54.10,53.95,139000,7515950,11,TPEX_CSV,2026-07-29 14:15:30 +0800
1150729,2026-07-29,上櫃,00761B,國泰A級公司債,34.38,+0.10,34.33,34.41,34.33,600000,20630620,71,TPEX_CSV,2026-07-29 14:15:30 +0800
1150729,2026-07-29,上櫃,00764B,群益25年美債,28.05,+0.10,27.95,28.06,27.95,4893000,137192780,270,TPEX_CSV,2026-07-29 14:15:30 +0800
1150729,2026-07-29,上櫃,00768B,復華20年美債,50.65,+0.20,50.50,50.70,50.50,604000,30590450,60,TPEX_CSV,2026-07-29 14:15:30 +0800
1150729,2026-07-29,上櫃,00772B,中信高評級公司債,33.43,+0.10,33.34,33.47,33.34,6617000,221174890,939,TPEX_CSV,2026-07-29 14:15:30 +0800
1150729,2026-07-29,上櫃,00773B,中信優先金融債,35.92,+0.07,35.85,35.98,35.85,1342000,48229320,146,TPEX_CSV,2026-07-29 14:15:30 +0800
1150729,2026-07-29,上櫃,00777B,凱基AAA至A公司債,32.22,+0.10,32.23,32.23,32.21,103000,3319650,4,TPEX_CSV,2026-07-29 14:15:30 +0800
1150729,2026-07-29,上櫃,00778B,凱基金融債20+,34.44,+0.12,34.46,34.46,34.44,102000,3512920,3,TPEX_CSV,2026-07-29 14:15:30 +0800
1150729,2026-07-29,上櫃,00779B,凱基美債25+,28.34,+0.04,28.30,28.38,28.30,410000,11627330,23,TPEX_CSV,2026-07-29 14:15:30 +0800
1150729,2026-07-29,上櫃,00780B,國泰A級金融債,37.74,+0.01,37.74,37.80,37.74,271000,10236910,17,TPEX_CSV,2026-07-29 14:15:30 +0800
1150729,2026-07-29,上櫃,00781B,國泰A級科技債,27.81,+0.07,27.77,27.84,27.77,188000,5228650,30,TPEX_CSV,2026-07-29 14:15:30 +0800
1150729,2026-07-29,上櫃,00782B,國泰A級公用債,30.29,+0.07,30.25,30.33,30.25,210000,6365710,19,TPEX_CSV,2026-07-29 14:15:30 +0800
1150729,2026-07-29,上櫃,00785B,富邦金融投等債,34.94,+0.11,34.69,34.98,34.69,55000,1921500,7,TPEX_CSV,2026-07-29 14:15:30 +0800
1150729,2026-07-29,上櫃,00786B,元大10年IG銀行債,32.97,+0.12,32.95,33.00,32.90,179000,5896560,37,TPEX_CSV,2026-07-29 14:15:30 +0800
1150729,2026-07-29,上櫃,00787B,元大10年IG醫療債,32.62,+0.14,32.58,32.67,32.45,215000,6995690,34,TPEX_CSV,2026-07-29 14:15:30 +0800
1150729,2026-07-29,上櫃,00788B,元大10年IG電能債,29.99,+0.09,29.90,30.01,29.90,447000,13393890,63,TPEX_CSV,2026-07-29 14:15:30 +0800
1150729,2026-07-29,上櫃,00789B,復華公司債A3,47.37,+0.18,47.36,47.41,47.35,141000,6683160,14,TPEX_CSV,2026-07-29 14:15:30 +0800
1150729,2026-07-29,上櫃,00791B,復華信用債1-5,57.65,+0.05,57.65,57.65,57.65,100000,5765000,2,TPEX_CSV,2026-07-29 14:15:30 +0800
1150729,2026-07-29,上櫃,00792B,群益A級公司債,31.66,+0.13,31.58,31.68,31.58,106000,3354790,15,TPEX_CSV,2026-07-29 14:15:30 +0800
1150729,2026-07-29,上櫃,00793B,群益AAA-A醫療債,30.74,+0.11,30.74,30.78,30.74,62000,1906430,9,TPEX_CSV,2026-07-29 14:15:30 +0800
1150729,2026-07-29,上櫃,00795B,中信美國公債20年,27.23,+0.14,27.14,27.24,27.12,13181000,358520310,1652,TPEX_CSV,2026-07-29 14:15:30 +0800
1150729,2026-07-29,上櫃,00799B,國泰A級醫療債,29.74,+0.12,29.62,29.76,29.62,376000,11179630,32,TPEX_CSV,2026-07-29 14:15:30 +0800
1150729,2026-07-29,上櫃,00834B,第一金金融債10+,33.92,-0.08,33.93,33.93,33.92,125000,4241100,6,TPEX_CSV,2026-07-29 14:15:30 +0800
1150729,2026-07-29,上櫃,00836B,永豐10年A公司債,28.64,+0.08,28.64,28.64,28.64,2000,57280,1,TPEX_CSV,2026-07-29 14:15:30 +0800
1150729,2026-07-29,上櫃,00840B,凱基IG精選15+,29.64,+0.03,29.54,29.70,29.54,115000,3413200,4,TPEX_CSV,2026-07-29 14:15:30 +0800
1150729,2026-07-29,上櫃,00841B,凱基AAA-AA公司債,28.55,+0.14,28.42,28.55,28.37,327000,9309800,13,TPEX_CSV,2026-07-29 14:15:30 +0800
1150729,2026-07-29,上櫃,00842B,台新美元銀行債,30.00,-0.01,30.00,30.06,30.00,124000,3723650,34,TPEX_CSV,2026-07-29 14:15:30 +0800
1150729,2026-07-29,上櫃,00844B,台新15年IG金融債,31.80,+0.09,31.80,31.80,31.80,81000,2575800,3,TPEX_CSV,2026-07-29 14:15:30 +0800
1150729,2026-07-29,上櫃,00845B,富邦新興投等債,33.70,+0.07,33.70,33.70,33.70,100000,3370000,2,TPEX_CSV,2026-07-29 14:15:30 +0800
1150729,2026-07-29,上櫃,00846B,富邦歐洲銀行債,36.46,+0.06,36.22,36.48,36.22,138000,5023510,17,TPEX_CSV,2026-07-29 14:15:30 +0800
1150729,2026-07-29,上櫃,00847B,中信美國市政債,25.75,+0.10,25.76,25.76,25.72,426000,10971320,12,TPEX_CSV,2026-07-29 14:15:30 +0800
1150729,2026-07-29,上櫃,00848B,中信新興亞洲債,34.22,+0.05,34.22,34.23,34.22,830000,28404400,21,TPEX_CSV,2026-07-29 14:15:30 +0800
1150729,2026-07-29,上櫃,00849B,中信EM主權債0-5,37.99,+0.04,37.91,38.03,37.91,406000,15425760,11,TPEX_CSV,2026-07-29 14:15:30 +0800
1150729,2026-07-29,上櫃,00853B,統一美債10年Aa-A,27.47,+0.08,27.43,27.50,27.43,1104000,30326270,39,TPEX_CSV,2026-07-29 14:15:30 +0800
1150729,2026-07-29,上櫃,00856B,永豐1-3年美公債,38.02,-0.27,38.15,38.18,38.02,307000,11705930,30,TPEX_CSV,2026-07-29 14:15:30 +0800
1150729,2026-07-29,上櫃,00857B,永豐20年美公債,23.38,+0.10,23.31,23.40,23.30,3885000,90819470,564,TPEX_CSV,2026-07-29 14:15:30 +0800
1150729,2026-07-29,上櫃,00858,永豐美國500大,34.97,+0.04,35.01,35.10,34.89,947000,33136410,254,TPEX_CSV,2026-07-29 14:15:30 +0800
1150729,2026-07-29,上櫃,00859B,群益0-1年美債,41.66,-0.02,41.69,41.74,41.64,2535000,105658260,169,TPEX_CSV,2026-07-29 14:15:30 +0800
1150729,2026-07-29,上櫃,00860B,群益1-5Y投資級債,39.00,+0.08,38.92,39.03,38.92,116000,4524970,17,TPEX_CSV,2026-07-29 14:15:30 +0800
1150729,2026-07-29,上櫃,00862B,中信投資級公司債,31.46,+0.10,31.41,31.49,31.41,803000,25273930,35,TPEX_CSV,2026-07-29 14:15:30 +0800
1150729,2026-07-29,上櫃,00863B,中信全球電信債,31.64,+0.08,31.60,31.68,31.60,422000,13366150,13,TPEX_CSV,2026-07-29 14:15:30 +0800
1150729,2026-07-29,上櫃,00864B,中信美國公債0-1,47.27,-0.02,47.29,47.37,47.23,3042000,143892940,307,TPEX_CSV,2026-07-29 14:15:30 +0800
1150729,2026-07-29,上櫃,00867B,台新A-BBB電信債,30.78,+0.12,30.78,30.78,30.78,450000,13851000,6,TPEX_CSV,2026-07-29 14:15:30 +0800
1150729,2026-07-29,上櫃,00870B,元大15年EM主權債,28.13,+0.14,28.11,28.13,28.11,41000,1152930,3,TPEX_CSV,2026-07-29 14:15:30 +0800
1150729,2026-07-29,上櫃,00877,復華中國5G,34.53,-0.97,35.41,35.44,33.50,7359000,251503950,1505,TPEX_CSV,2026-07-29 14:15:30 +0800
1150729,2026-07-29,上櫃,00884B,中信低碳新興債,29.44,+0.02,29.36,29.48,29.36,471000,13881160,14,TPEX_CSV,2026-07-29 14:15:30 +0800
1150729,2026-07-29,上櫃,00886,永豐美國科技,----,---,----,----,----,0,0,0,TPEX_CSV,2026-07-29 14:15:30 +0800
1150729,2026-07-29,上櫃,00887,永豐中國科技50大,16.33,-0.27,16.72,16.72,16.00,12274000,198682800,2506,TPEX_CSV,2026-07-29 14:15:30 +0800
1150729,2026-07-29,上櫃,00888,永豐台灣ESG,28.31,-1.65,29.79,30.00,27.87,25648000,731792260,7311,TPEX_CSV,2026-07-29 14:15:30 +0800
1150729,2026-07-29,上櫃,00890B,凱基ESG BBB債15+,31.95,+0.03,31.95,31.99,31.94,171000,5468300,19,TPEX_CSV,2026-07-29 14:15:30 +0800
1150729,2026-07-29,上櫃,00928,中信上櫃ESG 30,25.50,-2.00,27.28,27.46,25.15,5896000,153320560,737,TPEX_CSV,2026-07-29 14:15:30 +0800
1150729,2026-07-29,上櫃,00931B,統一美債20年,13.54,+0.06,13.49,13.54,13.48,4691000,63429330,695,TPEX_CSV,2026-07-29 14:15:30 +0800
1150729,2026-07-29,上櫃,00933B,國泰10Y+金融債,16.04,+0.02,16.02,16.07,16.01,22954000,368306210,1784,TPEX_CSV,2026-07-29 14:15:30 +0800
1150729,2026-07-29,上櫃,00937B,群益ESG投等債20+,14.68,+0.03,14.66,14.71,14.65,95767000,1406124790,7942,TPEX_CSV,2026-07-29 14:15:30 +0800
1150729,2026-07-29,上櫃,00942B,台新美A公司債20+,14.20,+0.06,14.15,14.20,14.15,2682000,38031960,164,TPEX_CSV,2026-07-29 14:15:30 +0800
1150729,2026-07-29,上櫃,00948B,中信優息投資級債,9.39,+0.02,9.37,9.41,9.37,11942000,112149770,806,TPEX_CSV,2026-07-29 14:15:30 +0800
1150729,2026-07-29,上櫃,00950B,凱基A級公司債,14.10,+0.05,14.05,14.11,14.05,8756000,123338430,453,TPEX_CSV,2026-07-29 14:15:30 +0800
1150729,2026-07-29,上櫃,00955,中信日本商社,14.90,+0.09,14.81,14.95,14.80,10685000,158933920,2010,TPEX_CSV,2026-07-29 14:15:30 +0800
1150729,2026-07-29,上櫃,00957B,兆豐US優選投等債,13.34,+0.04,13.30,13.35,13.30,857000,11428110,49,TPEX_CSV,2026-07-29 14:15:30 +0800
1150729,2026-07-29,上櫃,00958B,永豐ESG銀行債15+,9.30,+0.03,9.28,9.30,9.28,1064000,9894990,52,TPEX_CSV,2026-07-29 14:15:30 +0800
1150729,2026-07-29,上櫃,00959B,大華投等美債15Y+,9.37,+0.02,9.35,9.39,9.35,3530000,33053930,272,TPEX_CSV,2026-07-29 14:15:30 +0800
1150729,2026-07-29,上櫃,00966B,統一ESG投等債15+,13.89,+0.03,13.87,13.90,13.87,820000,11383020,48,TPEX_CSV,2026-07-29 14:15:30 +0800
1150729,2026-07-29,上櫃,00967B,元大優息美債,9.22,+0.02,9.24,9.24,9.21,1923000,17729300,73,TPEX_CSV,2026-07-29 14:15:30 +0800
1150729,2026-07-29,上櫃,00968B,元大優息投等債,9.19,+0.01,9.18,9.21,9.18,6462000,59464770,215,TPEX_CSV,2026-07-29 14:15:30 +0800
1150729,2026-07-29,上櫃,00969B,元大零息超長美債,8.40,+0.03,8.38,8.41,8.36,1979000,16625720,75,TPEX_CSV,2026-07-29 14:15:30 +0800
1150729,2026-07-29,上櫃,00970B,台新BBB投等債20+,9.29,+0.01,9.28,9.30,9.27,1114000,10353680,97,TPEX_CSV,2026-07-29 14:15:30 +0800
1150729,2026-07-29,上櫃,009806,台新標普500,13.39,+0.04,13.40,13.43,13.39,134000,1797570,11,TPEX_CSV,2026-07-29 14:15:30 +0800
1150729,2026-07-29,上櫃,009807,台新標普科技精選,15.82,-0.25,15.90,15.90,15.75,176000,2790840,18,TPEX_CSV,2026-07-29 14:15:30 +0800
1150729,2026-07-29,上櫃,00980B,台新特選IG債10+,9.42,+0.04,9.42,9.42,9.41,286000,2692620,10,TPEX_CSV,2026-07-29 14:15:30 +0800
1150729,2026-07-29,上櫃,00980D,主動聯博投等入息,20.46,+0.01,20.45,20.48,20.45,1041000,21304870,122,TPEX_CSV,2026-07-29 14:15:30 +0800
1150729,2026-07-29,上櫃,00980T,平衡凱基美國TOP,11.48,+0.06,11.49,11.49,11.41,136000,1554990,23,TPEX_CSV,2026-07-29 14:15:30 +0800
1150729,2026-07-29,上櫃,009814,富邦標普500,11.16,+0.05,11.17,11.20,11.14,2123000,23718140,332,TPEX_CSV,2026-07-29 14:15:30 +0800
1150729,2026-07-29,上櫃,009815,大華美國MAG7+,10.84,-0.01,10.90,10.93,10.79,8481000,91957050,758,TPEX_CSV,2026-07-29 14:15:30 +0800
1150729,2026-07-29,上櫃,00981B,第一金優選非投債,9.26,0.00,9.26,9.28,9.25,25792000,238933290,1262,TPEX_CSV,2026-07-29 14:15:30 +0800
1150729,2026-07-29,上櫃,00981D,主動中信非投等債,10.49,+0.02,10.48,10.50,10.46,8896000,93242940,567,TPEX_CSV,2026-07-29 14:15:30 +0800
1150729,2026-07-29,上櫃,009822,華南永昌未來金融,9.70,-0.01,9.54,9.73,9.54,815000,7890210,94,TPEX_CSV,2026-07-29 14:15:30 +0800
1150729,2026-07-29,上櫃,009823,群益S&P500,10.27,+0.05,10.27,10.31,10.25,5846000,60084260,1091,TPEX_CSV,2026-07-29 14:15:30 +0800
1150729,2026-07-29,上櫃,009825,聯邦美國金融創新,9.83,+0.15,9.76,9.83,9.75,2642000,25869040,220,TPEX_CSV,2026-07-29 14:15:30 +0800
1150729,2026-07-29,上櫃,00982B,FT投資級債20+,9.68,-0.03,9.71,9.73,9.68,786000,7640500,42,TPEX_CSV,2026-07-29 14:15:30 +0800
1150729,2026-07-29,上櫃,00983B,大華優利美公債20,15.80,+0.07,15.73,15.80,15.73,507000,8006920,39,TPEX_CSV,2026-07-29 14:15:30 +0800
1150729,2026-07-29,上櫃,00984B,大華優利美A債15,16.28,+0.06,16.22,16.28,16.22,1834000,29824820,201,TPEX_CSV,2026-07-29 14:15:30 +0800
1150729,2026-07-29,上櫃,00985D,主動貝萊德優投等,10.12,-0.02,10.16,10.16,10.12,933000,9447710,111,TPEX_CSV,2026-07-29 14:15:30 +0800
1150729,2026-07-29,上櫃,00986B,FT金融債10+,9.85,+0.02,9.86,9.86,9.85,4000,39410,2,TPEX_CSV,2026-07-29 14:15:30 +0800
1150729,2026-07-29,上櫃,00986D,主動復華金融債息,14.76,+0.02,14.74,14.77,14.74,1200000,17712580,100,TPEX_CSV,2026-07-29 14:15:30 +0800
1150729,2026-07-29,上櫃,00987B,野村10+澳洲公債,16.12,+0.07,16.04,16.14,16.01,1774000,28593790,119,TPEX_CSV,2026-07-29 14:15:30 +0800
1150729,2026-07-29,上櫃,00988B,玉山嚴選非投債,19.87,+0.06,19.84,19.92,19.84,4986000,99076070,281,TPEX_CSV,2026-07-29 14:15:30 +0800
1150729,2026-07-29,上櫃,00989B,台新美國非投等債,10.24,+0.02,10.21,10.25,10.21,2291000,23456460,42,TPEX_CSV,2026-07-29 14:15:30 +0800
1150729,2026-07-29,上櫃,00990B,國泰收益非投等債,10.06,+0.02,10.04,10.07,10.04,1868000,18781540,146,TPEX_CSV,2026-07-29 14:15:30 +0800
1150729,2026-07-29,上櫃,00998A,主動復華金融股息,17.47,-0.14,17.55,17.56,17.40,5656000,98949660,824,TPEX_CSV,2026-07-29 14:15:30 +0800
1150729,2026-07-29,上櫃,1240,茂生農經,53.60,-0.80,54.10,54.10,53.60,5000,269800,5,TPEX_CSV,2026-07-29 14:15:30 +0800
1150729,2026-07-29,上櫃,1259,安心,59.90,-0.40,60.20,60.20,59.00,14000,836700,9,TPEX_CSV,2026-07-29 14:15:30 +0800
1150729,2026-07-29,上櫃,1264,德麥,255.00,-2.00,257.50,257.50,255.00,28000,7173500,27,TPEX_CSV,2026-07-29 14:15:30 +0800
1150729,2026-07-29,上櫃,1268,漢來美食,167.00,-2.00,168.00,168.50,167.00,21000,3518500,19,TPEX_CSV,2026-07-29 14:15:30 +0800
1150729,2026-07-29,上櫃,1294,漢田生技,56.10,+0.60,55.60,56.80,55.10,34000,1889700,27,TPEX_CSV,2026-07-29 14:15:30 +0800
1150729,2026-07-29,上櫃,1295,生合,46.55,-0.40,48.00,48.00,46.00,75000,3497550,65,TPEX_CSV,2026-07-29 14:15:30 +0800
1150729,2026-07-29,上櫃,1336,台翰,15.10,0.00,15.10,15.65,14.60,438000,6574700,218,TPEX_CSV,2026-07-29 14:15:30 +0800
1150729,2026-07-29,上櫃,1565,精華,91.00,-1.20,92.70,93.00,90.40,236000,21527200,167,TPEX_CSV,2026-07-29 14:15:30 +0800
1150729,2026-07-29,上櫃,1569,濱川,37.20,-2.10,39.05,39.75,36.50,1602000,59877500,576,TPEX_CSV,2026-07-29 14:15:30 +0800
1150729,2026-07-29,上櫃,1570,力肯,33.25,-2.25,35.65,35.65,32.50,251000,8367800,170,TPEX_CSV,2026-07-29 14:15:30 +0800
1150729,2026-07-29,上櫃,1580,新麥,111.50,+0.50,111.00,112.00,110.50,95000,10553000,68,TPEX_CSV,2026-07-29 14:15:30 +0800
1150729,2026-07-29,上櫃,1584,精剛,17.20,-0.75,17.95,18.05,16.85,1275000,22050850,618,TPEX_CSV,2026-07-29 14:15:30 +0800
1150729,2026-07-29,上櫃,1586,和勤,18.00,-0.05,18.20,18.20,17.65,1136000,20296000,559,TPEX_CSV,2026-07-29 14:15:30 +0800
1150729,2026-07-29,上櫃,1591,駿吉-KY,40.00,-1.60,41.60,43.05,39.00,434000,17373600,296,TPEX_CSV,2026-07-29 14:15:30 +0800
1150729,2026-07-29,上櫃,1593,祺驊,29.75,-0.05,29.80,29.90,29.40,47000,1393700,34,TPEX_CSV,2026-07-29 14:15:30 +0800
1150729,2026-07-29,上櫃,1595,川寶,48.00,-2.00,50.20,50.40,45.20,823000,38689150,576,TPEX_CSV,2026-07-29 14:15:30 +0800
1150729,2026-07-29,上櫃,1599,宏佳騰,24.40,0.00,24.10,24.80,23.55,92000,2218450,62,TPEX_CSV,2026-07-29 14:15:30 +0800
1150729,2026-07-29,上櫃,1742,台蠟,16.05,+0.05,15.95,16.30,15.80,55000,881800,33,TPEX_CSV,2026-07-29 14:15:30 +0800
1150729,2026-07-29,上櫃,1777,生泰,71.90,+0.10,71.10,71.90,70.70,50000,3551500,43,TPEX_CSV,2026-07-29 14:15:30 +0800
1150729,2026-07-29,上櫃,1780,立弘,23.80,-0.35,23.50,23.80,22.25,217000,5046850,112,TPEX_CSV,2026-07-29 14:15:30 +0800
1150729,2026-07-29,上櫃,1781,合世,11.25,-0.10,11.25,11.25,10.75,17000,189500,12,TPEX_CSV,2026-07-29 14:15:30 +0800
1150729,2026-07-29,上櫃,1784,訊聯,56.30,-2.10,58.40,58.50,54.00,376000,21096300,280,TPEX_CSV,2026-07-29 14:15:30 +0800
1150729,2026-07-29,上櫃,1785,光洋科,95.40,-5.60,101.50,102.50,91.80,14818000,1411373900,8323,TPEX_CSV,2026-07-29 14:15:30 +0800
1150729,2026-07-29,上櫃,1788,杏昌,129.50,-0.50,129.50,130.50,129.00,36000,4667500,32,TPEX_CSV,2026-07-29 14:15:30 +0800
1150729,2026-07-29,上櫃,1796,金穎生技,28.25,-2.10,30.35,30.35,28.25,36000,1048100,15,TPEX_CSV,2026-07-29 14:15:30 +0800
1150729,2026-07-29,上櫃,1799,易威,32.45,-2.95,33.15,33.95,32.00,710000,23199300,376,TPEX_CSV,2026-07-29 14:15:30 +0800
1150729,2026-07-29,上櫃,1813,寶利徠,11.30,-0.55,11.80,11.85,11.30,49000,560950,41,TPEX_CSV,2026-07-29 14:15:30 +0800
1150729,2026-07-29,上櫃,1815,富喬,62.70,-5.20,68.60,68.70,61.20,20119000,1268694100,10807,TPEX_CSV,2026-07-29 14:15:30 +0800
1150729,2026-07-29,上櫃,2035,唐榮,26.20,-0.80,26.20,26.20,26.20,2000,52400,2,TPEX_CSV,2026-07-29 14:15:30 +0800
1150729,2026-07-29,上櫃,2061,風青,55.40,+3.20,52.30,57.40,50.10,3530000,189066900,2034,TPEX_CSV,2026-07-29 14:15:30 +0800
1150729,2026-07-29,上櫃,2063,世鎧,23.75,-0.25,23.90,24.00,23.75,43000,1024450,31,TPEX_CSV,2026-07-29 14:15:30 +0800
1150729,2026-07-29,上櫃,2064,晉椿,12.15,-0.30,12.40,12.65,12.00,82000,1008800,30,TPEX_CSV,2026-07-29 14:15:30 +0800
1150729,2026-07-29,上櫃,2065,世豐,31.20,-0.60,31.70,31.80,31.00,99000,3128200,51,TPEX_CSV,2026-07-29 14:15:30 +0800
1150729,2026-07-29,上櫃,2066,世德,58.60,-2.10,60.20,60.70,57.90,90000,5296600,65,TPEX_CSV,2026-07-29 14:15:30 +0800
1150729,2026-07-29,上櫃,2067,嘉鋼,6.25,-0.17,6.28,6.28,6.25,10000,62630,9,TPEX_CSV,2026-07-29 14:15:30 +0800
1150729,2026-07-29,上櫃,2070,精湛,46.20,-1.95,49.00,49.00,43.45,227000,10373000,187,TPEX_CSV,2026-07-29 14:15:30 +0800
1150729,2026-07-29,上櫃,2073,雄順,28.30,-0.20,28.30,28.30,28.30,1000,28300,1,TPEX_CSV,2026-07-29 14:15:30 +0800
1150729,2026-07-29,上櫃,2221,大甲,44.05,-2.30,45.90,46.35,42.65,412000,18278650,328,TPEX_CSV,2026-07-29 14:15:30 +0800
1150729,2026-07-29,上櫃,2230,泰茂,21.10,-0.75,21.40,21.95,20.50,267000,5643550,182,TPEX_CSV,2026-07-29 14:15:30 +0800
1150729,2026-07-29,上櫃,2235,謚源,26.75,-0.25,26.00,26.75,26.00,8000,210300,8,TPEX_CSV,2026-07-29 14:15:30 +0800
1150729,2026-07-29,上櫃,2596,綠意,30.90,-0.20,31.15,31.70,30.30,118000,3668000,71,TPEX_CSV,2026-07-29 14:15:30 +0800
1150729,2026-07-29,上櫃,2640,大車隊,143.00,0.00,144.00,146.00,141.50,44000,6284500,35,TPEX_CSV,2026-07-29 14:15:30 +0800
1150729,2026-07-29,上櫃,2641,正德,16.55,-0.35,16.90,16.95,16.30,1847000,30545900,898,TPEX_CSV,2026-07-29 14:15:30 +0800
1150729,2026-07-29,上櫃,2643,捷迅,58.50,-0.90,59.40,59.40,58.00,42000,2452300,34,TPEX_CSV,2026-07-29 14:15:30 +0800
1150729,2026-07-29,上櫃,2718,全心投控,42.45,-2.40,44.75,44.75,40.40,99000,4176850,63,TPEX_CSV,2026-07-29 14:15:30 +0800
1150729,2026-07-29,上櫃,2719,燦星旅,21.25,-1.00,21.70,22.25,21.20,40000,859700,37,TPEX_CSV,2026-07-29 14:15:30 +0800
1150729,2026-07-29,上櫃,2724,藝舍-KY,10.40,-1.10,11.05,11.35,10.35,66000,694900,45,TPEX_CSV,2026-07-29 14:15:30 +0800
1150729,2026-07-29,上櫃,2726,雅茗-KY,8.88,-0.06,9.05,9.05,8.67,10000,87690,10,TPEX_CSV,2026-07-29 14:15:30 +0800
1150729,2026-07-29,上櫃,2729,瓦城,160.50,+0.50,162.00,165.00,158.50,80000,12915500,61,TPEX_CSV,2026-07-29 14:15:30 +0800
1150729,2026-07-29,上櫃,2732,六角,62.50,-1.30,63.40,63.40,62.00,103000,6439700,80,TPEX_CSV,2026-07-29 14:15:30 +0800
1150729,2026-07-29,上櫃,2734,易飛網,14.35,-0.45,14.85,14.85,14.10,155000,2234350,100,TPEX_CSV,2026-07-29 14:15:30 +0800
1150729,2026-07-29,上櫃,2736,富野,11.60,-0.20,11.70,11.70,11.40,192000,2221650,73,TPEX_CSV,2026-07-29 14:15:30 +0800
1150729,2026-07-29,上櫃,2740,華軒,33.40,0.00,33.40,33.40,33.40,1000,33400,1,TPEX_CSV,2026-07-29 14:15:30 +0800
1150729,2026-07-29,上櫃,2743,山富,57.80,-1.80,59.60,59.60,56.40,207000,11915000,155,TPEX_CSV,2026-07-29 14:15:30 +0800
1150729,2026-07-29,上櫃,2745,五福,87.20,-2.80,90.20,90.30,85.00,292000,25547700,236,TPEX_CSV,2026-07-29 14:15:30 +0800
1150729,2026-07-29,上櫃,2751,王座,49.55,-0.95,50.50,50.50,49.50,23000,1149850,16,TPEX_CSV,2026-07-29 14:15:30 +0800
1150729,2026-07-29,上櫃,2752,豆府,171.50,-2.50,175.00,175.00,171.00,41000,7065500,34,TPEX_CSV,2026-07-29 14:15:30 +0800
1150729,2026-07-29,上櫃,2754,亞洲藏壽司,68.10,-0.90,69.00,69.00,67.40,36000,2445400,32,TPEX_CSV,2026-07-29 14:15:30 +0800
1150729,2026-07-29,上櫃,2755,揚秦,101.00,-1.50,103.00,103.00,100.50,91000,9238500,66,TPEX_CSV,2026-07-29 14:15:30 +0800
1150729,2026-07-29,上櫃,2756,聯發國際,56.20,-2.80,57.40,57.50,56.20,60000,3402000,41,TPEX_CSV,2026-07-29 14:15:30 +0800
1150729,2026-07-29,上櫃,2916,滿心,39.20,-0.25,39.50,39.65,39.05,101000,3963700,67,TPEX_CSV,2026-07-29 14:15:30 +0800
1150729,2026-07-29,上櫃,2924,宏太-KY,18.00,-0.05,18.20,18.60,18.00,13000,237250,10,TPEX_CSV,2026-07-29 14:15:30 +0800
1150729,2026-07-29,上櫃,2926,誠品生活,30.15,-0.90,30.70,30.95,30.00,40000,1213100,39,TPEX_CSV,2026-07-29 14:15:30 +0800
1150729,2026-07-29,上櫃,2937,集雅社,46.00,-1.70,46.50,46.50,46.00,4000,185200,3,TPEX_CSV,2026-07-29 14:15:30 +0800
1150729,2026-07-29,上櫃,2941,米斯特,31.20,-1.65,30.25,33.95,30.25,4000,125900,4,TPEX_CSV,2026-07-29 14:15:30 +0800
1150729,2026-07-29,上櫃,2947,振宇五金,61.00,-1.50,62.60,62.60,61.00,9000,553400,6,TPEX_CSV,2026-07-29 14:15:30 +0800
1150729,2026-07-29,上櫃,2948,寶陞,36.95,+0.40,36.00,37.25,36.00,3000,110200,3,TPEX_CSV,2026-07-29 14:15:30 +0800
1150729,2026-07-29,上櫃,2949,欣新網,59.00,-3.10,60.30,60.30,59.00,7000,419700,5,TPEX_CSV,2026-07-29 14:15:30 +0800
1150729,2026-07-29,上櫃,3064,泰偉,----,---,----,----,----,0,0,0,TPEX_CSV,2026-07-29 14:15:30 +0800
1150729,2026-07-29,上櫃,3066,李洲,19.70,-1.05,20.70,20.70,19.15,512000,10082350,287,TPEX_CSV,2026-07-29 14:15:30 +0800
1150729,2026-07-29,上櫃,3067,全域,----,---,----,----,----,0,0,0,TPEX_CSV,2026-07-29 14:15:30 +0800
1150729,2026-07-29,上櫃,3071,協禧,24.35,-0.20,25.00,25.00,22.65,577000,13445800,364,TPEX_CSV,2026-07-29 14:15:30 +0800
1150729,2026-07-29,上櫃,3073,天方能源,21.20,-0.60,21.60,21.60,20.50,185000,3915200,89,TPEX_CSV,2026-07-29 14:15:30 +0800
1150729,2026-07-29,上櫃,3078,僑威,50.20,-1.00,51.90,51.90,49.70,1101000,55337200,707,TPEX_CSV,2026-07-29 14:15:30 +0800
1150729,2026-07-29,上櫃,3081,聯亞,1540.00,-170.00,1720.00,1740.00,1540.00,4014000,6412525000,3368,TPEX_CSV,2026-07-29 14:15:30 +0800
1150729,2026-07-29,上櫃,3083,網龍,24.55,-0.65,24.70,25.05,24.15,216000,5290300,158,TPEX_CSV,2026-07-29 14:15:30 +0800
1150729,2026-07-29,上櫃,3085,新零售,12.10,+0.15,10.80,12.10,10.80,9000,98500,8,TPEX_CSV,2026-07-29 14:15:30 +0800
1150729,2026-07-29,上櫃,3086,華義*,26.40,-1.25,28.05,28.05,25.80,479000,12726500,253,TPEX_CSV,2026-07-29 14:15:30 +0800
1150729,2026-07-29,上櫃,3088,艾訊,133.50,+1.00,134.00,137.50,125.50,2502000,326440000,1921,TPEX_CSV,2026-07-29 14:15:30 +0800
1150729,2026-07-29,上櫃,3093,港建*,43.05,-1.95,44.05,45.55,41.15,1466000,62456300,809,TPEX_CSV,2026-07-29 14:15:30 +0800
1150729,2026-07-29,上櫃,3095,及成,37.05,-0.85,37.90,37.90,37.00,14000,525800,11,TPEX_CSV,2026-07-29 14:15:30 +0800
1150729,2026-07-29,上櫃,3105,穩懋,291.00,-32.00,326.50,333.00,291.00,27642000,8398463000,19643,TPEX_CSV,2026-07-29 14:15:30 +0800
1150729,2026-07-29,上櫃,3114,好德,29.00,-0.60,29.95,29.95,27.70,582000,16583750,420,TPEX_CSV,2026-07-29 14:15:30 +0800
1150729,2026-07-29,上櫃,3115,富榮綱,----,---,----,----,----,0,0,0,TPEX_CSV,2026-07-29 14:15:30 +0800
1150729,2026-07-29,上櫃,3118,進階,31.75,-0.05,31.85,31.90,31.70,47000,1493500,20,TPEX_CSV,2026-07-29 14:15:30 +0800
1150729,2026-07-29,上櫃,3122,笙泉,23.00,-1.00,23.85,23.85,22.00,184000,4165700,122,TPEX_CSV,2026-07-29 14:15:30 +0800
1150729,2026-07-29,上櫃,3128,昇銳,20.40,-0.95,21.25,21.55,19.50,356000,7243600,202,TPEX_CSV,2026-07-29 14:15:30 +0800
1150729,2026-07-29,上櫃,3131,弘塑,2255.00,除息,2505.00,2505.00,2255.00,213000,492695000,206,TPEX_CSV,2026-07-29 14:15:30 +0800
1150729,2026-07-29,上櫃,3141,晶宏,60.00,-3.20,63.20,64.10,57.20,692000,40904800,491,TPEX_CSV,2026-07-29 14:15:30 +0800
1150729,2026-07-29,上櫃,3147,大綜,209.50,-14.50,225.50,227.00,202.00,1267000,265547500,1077,TPEX_CSV,2026-07-29 14:15:30 +0800
1150729,2026-07-29,上櫃,3152,璟德,212.50,-6.00,222.00,223.00,205.00,284000,60075500,250,TPEX_CSV,2026-07-29 14:15:30 +0800
1150729,2026-07-29,上櫃,3158,嘉實,82.00,+0.20,81.40,82.00,81.10,20000,1626100,20,TPEX_CSV,2026-07-29 14:15:30 +0800
1150729,2026-07-29,上櫃,3162,精確,57.10,-2.70,60.00,61.30,55.00,1371000,78031700,895,TPEX_CSV,2026-07-29 14:15:30 +0800
1150729,2026-07-29,上櫃,3163,波若威,525.00,-58.00,580.00,597.00,525.00,6686000,3680176000,5127,TPEX_CSV,2026-07-29 14:15:30 +0800
1150729,2026-07-29,上櫃,3169,亞信,96.00,-1.30,97.30,98.30,93.00,329000,31236600,250,TPEX_CSV,2026-07-29 14:15:30 +0800
1150729,2026-07-29,上櫃,3171,炎洲流通,64.20,0.00,65.50,65.50,63.00,26000,1665000,19,TPEX_CSV,2026-07-29 14:15:30 +0800
1150729,2026-07-29,上櫃,3176,基亞,32.05,-0.30,32.75,32.80,31.70,399000,12805450,221,TPEX_CSV,2026-07-29 14:15:30 +0800
1150729,2026-07-29,上櫃,3178,公準,56.00,-3.80,59.10,59.80,53.90,228000,12790200,156,TPEX_CSV,2026-07-29 14:15:30 +0800
1150729,2026-07-29,上櫃,3188,鑫龍騰,22.55,0.00,22.60,23.20,22.15,342000,7676100,216,TPEX_CSV,2026-07-29 14:15:30 +0800
1150729,2026-07-29,上櫃,3191,雲嘉南,17.60,0.00,16.30,17.85,16.30,48000,825600,33,TPEX_CSV,2026-07-29 14:15:30 +0800
1150729,2026-07-29,上櫃,3205,佰研,47.60,+0.05,47.70,48.20,47.10,142000,6763700,89,TPEX_CSV,2026-07-29 14:15:30 +0800
1150729,2026-07-29,上櫃,3206,志豐,31.40,-1.30,32.05,32.70,31.00,123000,3913800,87,TPEX_CSV,2026-07-29 14:15:30 +0800
1150729,2026-07-29,上櫃,3207,耀勝,39.80,-3.10,42.95,42.95,39.50,703000,28371100,428,TPEX_CSV,2026-07-29 14:15:30 +0800
1150729,2026-07-29,上櫃,3211,順達,308.00,-29.00,326.50,328.00,303.50,5807000,1792107500,3682,TPEX_CSV,2026-07-29 14:15:30 +0800
1150729,2026-07-29,上櫃,3213,茂訊,121.50,-2.50,125.00,125.00,116.00,501000,59718000,379,TPEX_CSV,2026-07-29 14:15:30 +0800
1150729,2026-07-29,上櫃,3217,優群,140.00,-5.00,145.00,145.00,136.00,999000,139240000,763,TPEX_CSV,2026-07-29 14:15:30 +0800
1150729,2026-07-29,上櫃,3218,大學光,134.00,-2.00,136.50,137.50,130.50,324000,43194500,258,TPEX_CSV,2026-07-29 14:15:30 +0800
1150729,2026-07-29,上櫃,3219,倚強科,55.90,-1.40,58.10,59.00,53.30,238000,13128000,175,TPEX_CSV,2026-07-29 14:15:30 +0800
1150729,2026-07-29,上櫃,3221,台嘉碩,42.55,-3.40,45.05,47.10,41.40,3465000,150098800,2420,TPEX_CSV,2026-07-29 14:15:30 +0800
1150729,2026-07-29,上櫃,3224,三顧,33.45,+0.25,34.10,34.25,32.10,83000,2762150,56,TPEX_CSV,2026-07-29 14:15:30 +0800
1150729,2026-07-29,上櫃,3226,龍鋒,44.85,-1.30,44.85,44.85,44.85,1000,44850,1,TPEX_CSV,2026-07-29 14:15:30 +0800
1150729,2026-07-29,上櫃,3227,原相,185.00,-5.00,190.50,191.00,179.00,1567000,287429500,1239,TPEX_CSV,2026-07-29 14:15:30 +0800
1150729,2026-07-29,上櫃,3228,金麗科,135.50,-8.50,157.00,157.00,133.50,450000,62291500,346,TPEX_CSV,2026-07-29 14:15:30 +0800
1150729,2026-07-29,上櫃,3230,錦明,35.95,-1.60,37.00,39.95,35.00,1545000,56824150,1035,TPEX_CSV,2026-07-29 14:15:30 +0800
1150729,2026-07-29,上櫃,3232,昱捷,19.00,-1.55,20.60,20.60,18.80,182000,3490450,70,TPEX_CSV,2026-07-29 14:15:30 +0800
1150729,2026-07-29,上櫃,3234,光環,90.00,-9.90,100.50,101.00,90.00,1324000,122010300,841,TPEX_CSV,2026-07-29 14:15:30 +0800
1150729,2026-07-29,上櫃,3236,千如,38.45,-0.45,38.90,40.20,35.50,4771000,178533900,3158,TPEX_CSV,2026-07-29 14:15:30 +0800
1150729,2026-07-29,上櫃,3252,海灣,16.35,-0.10,16.15,16.50,16.15,102000,1672550,25,TPEX_CSV,2026-07-29 14:15:30 +0800
1150729,2026-07-29,上櫃,3259,鑫創,14.90,-0.05,14.95,14.95,14.50,49000,726650,21,TPEX_CSV,2026-07-29 14:15:30 +0800
1150729,2026-07-29,上櫃,3260,威剛,394.00,+25.00,367.00,405.00,350.00,30604000,11435738500,22292,TPEX_CSV,2026-07-29 14:15:30 +0800
1150729,2026-07-29,上櫃,3264,欣銓,167.00,-18.50,184.50,185.00,167.00,7261000,1245396500,4717,TPEX_CSV,2026-07-29 14:15:30 +0800
1150729,2026-07-29,上櫃,3265,台星科,137.00,-12.50,150.00,151.50,135.00,1263000,175343000,882,TPEX_CSV,2026-07-29 14:15:30 +0800
1150729,2026-07-29,上櫃,3268,海德威,19.55,-0.35,20.05,20.05,19.00,285000,5586950,101,TPEX_CSV,2026-07-29 14:15:30 +0800
1150729,2026-07-29,上櫃,3272,東碩,13.30,-0.55,13.70,13.70,12.85,243000,3219650,74,TPEX_CSV,2026-07-29 14:15:30 +0800
1150729,2026-07-29,上櫃,3276,宇環,15.55,-0.20,15.80,16.25,14.85,800000,12222450,335,TPEX_CSV,2026-07-29 14:15:30 +0800
1150729,2026-07-29,上櫃,3284,太普高,20.05,-0.60,20.60,20.80,19.70,552000,11053450,284,TPEX_CSV,2026-07-29 14:15:30 +0800
1150729,2026-07-29,上櫃,3285,微端,36.55,+0.55,37.60,37.60,36.00,107000,3913050,71,TPEX_CSV,2026-07-29 14:15:30 +0800
1150729,2026-07-29,上櫃,3287,廣寰科,27.40,-0.70,28.40,28.40,27.00,144000,3962000,76,TPEX_CSV,2026-07-29 14:15:30 +0800
1150729,2026-07-29,上櫃,3288,點晶,24.50,-2.70,24.80,24.80,24.50,104000,2555100,74,TPEX_CSV,2026-07-29 14:15:30 +0800
1150729,2026-07-29,上櫃,3289,宜特,133.50,-10.00,144.00,145.00,130.00,1629000,218893000,1188,TPEX_CSV,2026-07-29 14:15:30 +0800
1150729,2026-07-29,上櫃,3290,東浦,51.70,-3.00,54.90,55.60,49.85,1506000,78056550,879,TPEX_CSV,2026-07-29 14:15:30 +0800
1150729,2026-07-29,上櫃,3293,鈊象,734.00,+11.00,732.00,755.00,722.00,2283000,1684916000,1925,TPEX_CSV,2026-07-29 14:15:30 +0800
1150729,2026-07-29,上櫃,3294,英濟,27.30,-1.85,29.25,29.70,26.25,1245000,34011750,829,TPEX_CSV,2026-07-29 14:15:30 +0800
1150729,2026-07-29,上櫃,3297,杭特,25.75,-2.25,28.00,28.10,25.20,235000,6186950,175,TPEX_CSV,2026-07-29 14:15:30 +0800
1150729,2026-07-29,上櫃,3303,岱稜,50.50,+0.50,50.50,51.10,48.30,947000,46712600,575,TPEX_CSV,2026-07-29 14:15:30 +0800
1150729,2026-07-29,上櫃,3306,鼎天,42.30,-0.90,43.05,43.50,41.50,356000,15014300,211,TPEX_CSV,2026-07-29 14:15:30 +0800
1150729,2026-07-29,上櫃,3310,佳穎,65.70,-0.20,64.20,65.70,63.80,24000,1552500,22,TPEX_CSV,2026-07-29 14:15:30 +0800
1150729,2026-07-29,上櫃,3313,斐成,10.15,-1.10,11.15,11.25,10.15,778000,8066300,228,TPEX_CSV,2026-07-29 14:15:30 +0800
1150729,2026-07-29,上櫃,3317,尼克森,62.60,-4.30,66.90,68.00,60.30,1637000,102390800,1161,TPEX_CSV,2026-07-29 14:15:30 +0800
1150729,2026-07-29,上櫃,3322,建舜電,10.90,-0.70,11.60,11.65,10.45,2321000,24915900,734,TPEX_CSV,2026-07-29 14:15:30 +0800
1150729,2026-07-29,上櫃,3323,加百裕,26.25,-2.05,28.00,28.50,25.50,1066000,28063400,678,TPEX_CSV,2026-07-29 14:15:30 +0800
1150729,2026-07-29,上櫃,3324,雙鴻,855.00,-15.00,864.00,894.00,816.00,3138000,2656473000,2726,TPEX_CSV,2026-07-29 14:15:30 +0800
1150729,2026-07-29,上櫃,3325,旭品,11.55,-0.15,11.80,11.80,10.95,377000,4242200,150,TPEX_CSV,2026-07-29 14:15:30 +0800
1150729,2026-07-29,上櫃,3332,幸康,62.10,-2.00,62.60,62.60,62.00,26000,1618400,19,TPEX_CSV,2026-07-29 14:15:30 +0800
1150729,2026-07-29,上櫃,3339,泰谷,31.80,-2.25,33.90,34.35,30.65,1180000,37642350,637,TPEX_CSV,2026-07-29 14:15:30 +0800
1150729,2026-07-29,上櫃,3349,寶德,22.30,-0.05,22.35,22.35,20.70,133000,2884550,81,TPEX_CSV,2026-07-29 14:15:30 +0800
1150729,2026-07-29,上櫃,3354,律勝,18.95,-1.25,20.20,20.20,18.20,332000,6266450,238,TPEX_CSV,2026-07-29 14:15:30 +0800
1150729,2026-07-29,上櫃,3357,臺慶科,185.00,-8.00,195.00,197.50,178.00,3416000,635061000,2443,TPEX_CSV,2026-07-29 14:15:30 +0800
1150729,2026-07-29,上櫃,3360,尚立,15.00,-0.80,16.10,16.10,14.25,1787000,26644950,944,TPEX_CSV,2026-07-29 14:15:30 +0800
1150729,2026-07-29,上櫃,3362,先進光,173.50,+15.50,159.50,173.50,158.00,22991000,3893167000,14421,TPEX_CSV,2026-07-29 14:15:30 +0800
1150729,2026-07-29,上櫃,3363,上詮,485.50,-53.50,536.00,544.00,485.50,2573000,1287155000,2183,TPEX_CSV,2026-07-29 14:15:30 +0800
1150729,2026-07-29,上櫃,3372,典範,14.90,-0.75,15.50,15.65,14.50,998000,14904850,477,TPEX_CSV,2026-07-29 14:15:30 +0800
1150729,2026-07-29,上櫃,3373,熱映,16.25,-0.35,16.85,16.85,15.90,256000,4160600,160,TPEX_CSV,2026-07-29 14:15:30 +0800
1150729,2026-07-29,上櫃,3374,精材,279.50,-31.00,308.50,308.50,279.50,10366000,2998245500,6700,TPEX_CSV,2026-07-29 14:15:30 +0800
1150729,2026-07-29,上櫃,3379,彬台,24.90,-2.00,25.50,26.95,24.35,484000,12244650,322,TPEX_CSV,2026-07-29 14:15:30 +0800
1150729,2026-07-29,上櫃,3388,崇越電,68.80,-1.90,70.90,71.40,67.00,924000,63030300,655,TPEX_CSV,2026-07-29 14:15:30 +0800
1150729,2026-07-29,上櫃,3390,旭軟,21.60,-0.90,22.55,22.80,21.05,495000,10649700,261,TPEX_CSV,2026-07-29 14:15:30 +0800
1150729,2026-07-29,上櫃,3402,漢科,115.50,-5.00,120.50,122.00,111.50,957000,110324000,731,TPEX_CSV,2026-07-29 14:15:30 +0800
1150729,2026-07-29,上櫃,3430,奇鈦科,95.20,-5.80,103.00,104.00,91.00,713000,67381300,590,TPEX_CSV,2026-07-29 14:15:30 +0800
1150729,2026-07-29,上櫃,3434,哲固,29.50,0.00,29.90,30.20,28.30,467000,13641850,227,TPEX_CSV,2026-07-29 14:15:30 +0800
1150729,2026-07-29,上櫃,3438,類比科,48.35,-2.75,52.40,52.40,47.20,192000,9347100,156,TPEX_CSV,2026-07-29 14:15:30 +0800
1150729,2026-07-29,上櫃,3441,聯一光,84.80,+7.60,77.50,84.90,75.00,58554000,4705606800,36361,TPEX_CSV,2026-07-29 14:15:30 +0800
1150729,2026-07-29,上櫃,3444,利機,63.70,-2.90,65.10,66.70,61.30,323000,20439100,255,TPEX_CSV,2026-07-29 14:15:30 +0800
1150729,2026-07-29,上櫃,3455,由田,152.00,-16.50,171.00,173.00,152.00,1741000,274062500,1279,TPEX_CSV,2026-07-29 14:15:30 +0800
1150729,2026-07-29,上櫃,3465,進泰電子,29.95,0.00,29.60,30.15,29.40,62000,1843900,41,TPEX_CSV,2026-07-29 14:15:30 +0800
1150729,2026-07-29,上櫃,3466,德晉,26.45,-1.55,28.25,28.25,26.00,482000,12994450,278,TPEX_CSV,2026-07-29 14:15:30 +0800
1150729,2026-07-29,上櫃,3467,台灣精材,44.60,-3.40,48.05,48.05,43.20,372000,16473450,234,TPEX_CSV,2026-07-29 14:15:30 +0800
1150729,2026-07-29,上櫃,3479,安勤,139.50,+1.50,142.00,142.00,130.00,2394000,325735000,1773,TPEX_CSV,2026-07-29 14:15:30 +0800
1150729,2026-07-29,上櫃,3483,力致,72.50,-2.60,75.50,77.30,69.70,718000,51848600,539,TPEX_CSV,2026-07-29 14:15:30 +0800
1150729,2026-07-29,上櫃,3484,崧騰,45.65,-1.45,47.20,47.70,44.90,401000,18401350,283,TPEX_CSV,2026-07-29 14:15:30 +0800
1150729,2026-07-29,上櫃,3485,敘豐,192.00,-15.00,207.00,208.00,186.50,249000,48056500,215,TPEX_CSV,2026-07-29 14:15:30 +0800
1150729,2026-07-29,上櫃,3489,森寶,19.80,+0.40,19.30,20.00,19.25,131000,2544250,83,TPEX_CSV,2026-07-29 14:15:30 +0800
1150729,2026-07-29,上櫃,3490,單井,25.85,-0.80,27.00,27.00,25.30,760000,19929850,428,TPEX_CSV,2026-07-29 14:15:30 +0800
1150729,2026-07-29,上櫃,3491,昇達科,1025.00,-65.00,1100.00,1130.00,996.00,2636000,2746993000,2300,TPEX_CSV,2026-07-29 14:15:30 +0800
1150729,2026-07-29,上櫃,3492,長盛,21.65,-0.45,22.10,22.10,21.50,49000,1064350,33,TPEX_CSV,2026-07-29 14:15:30 +0800
1150729,2026-07-29,上櫃,3498,陽程,93.30,-5.90,101.00,101.00,89.30,2622000,242358200,1659,TPEX_CSV,2026-07-29 14:15:30 +0800
1150729,2026-07-29,上櫃,3499,環天科,12.45,-0.95,13.40,13.40,12.10,146000,1806550,91,TPEX_CSV,2026-07-29 14:15:30 +0800
1150729,2026-07-29,上櫃,3508,位速,15.65,+0.20,15.00,15.65,14.75,161000,2417600,99,TPEX_CSV,2026-07-29 14:15:30 +0800
1150729,2026-07-29,上櫃,3511,矽瑪,18.45,-0.95,19.40,19.50,17.55,634000,11649500,391,TPEX_CSV,2026-07-29 14:15:30 +0800
1150729,2026-07-29,上櫃,3512,皇龍,19.45,-0.05,19.50,19.70,18.95,92000,1763050,48,TPEX_CSV,2026-07-29 14:15:30 +0800
1150729,2026-07-29,上櫃,3516,亞帝歐,23.90,-0.35,24.30,24.95,23.50,43000,1034800,32,TPEX_CSV,2026-07-29 14:15:30 +0800
1150729,2026-07-29,上櫃,3520,華盈,16.30,-0.30,17.15,17.15,15.95,493000,8016450,217,TPEX_CSV,2026-07-29 14:15:30 +0800
1150729,2026-07-29,上櫃,3521,台鋼建設,12.20,-0.35,12.90,13.50,12.10,45000,564850,34,TPEX_CSV,2026-07-29 14:15:30 +0800
1150729,2026-07-29,上櫃,3522,御嵿,11.65,-0.60,12.20,12.20,11.65,344000,4086350,97,TPEX_CSV,2026-07-29 14:15:30 +0800
1150729,2026-07-29,上櫃,3523,迎輝,14.55,-0.65,14.00,15.15,13.90,50000,727000,34,TPEX_CSV,2026-07-29 14:15:30 +0800
1150729,2026-07-29,上櫃,3526,凡甲,283.00,-13.50,295.50,297.50,278.50,945000,270581500,700,TPEX_CSV,2026-07-29 14:15:30 +0800
1150729,2026-07-29,上櫃,3527,聚積,48.30,除息,51.80,52.00,47.50,261000,12839150,219,TPEX_CSV,2026-07-29 14:15:30 +0800
1150729,2026-07-29,上櫃,3529,力旺,2085.00,-115.00,2245.00,2275.00,1995.00,1082000,2243690000,997,TPEX_CSV,2026-07-29 14:15:30 +0800
1150729,2026-07-29,上櫃,3531,先益,21.70,-0.80,21.75,21.75,21.50,9000,195250,4,TPEX_CSV,2026-07-29 14:15:30 +0800
1150729,2026-07-29,上櫃,3537,堡達,47.05,除息,49.90,50.30,45.50,973000,45838150,679,TPEX_CSV,2026-07-29 14:15:30 +0800
1150729,2026-07-29,上櫃,3540,曜越,19.35,除息,20.40,20.45,18.90,557000,10800000,279,TPEX_CSV,2026-07-29 14:15:30 +0800
1150729,2026-07-29,上櫃,3541,西柏,20.60,-0.65,21.25,21.30,20.60,50000,1046800,38,TPEX_CSV,2026-07-29 14:15:30 +0800
1150729,2026-07-29,上櫃,3546,宇峻,72.20,-1.40,73.30,74.40,71.60,228000,16541400,172,TPEX_CSV,2026-07-29 14:15:30 +0800
1150729,2026-07-29,上櫃,3548,兆利,67.80,-3.70,71.50,71.50,65.80,623000,42153100,411,TPEX_CSV,2026-07-29 14:15:30 +0800
1150729,2026-07-29,上櫃,3551,世禾,160.50,-10.50,173.50,174.00,154.00,1193000,190481000,848,TPEX_CSV,2026-07-29 14:15:30 +0800
1150729,2026-07-29,上櫃,3552,同致,44.20,-1.40,45.10,45.15,42.40,350000,15397000,196,TPEX_CSV,2026-07-29 14:15:30 +0800
1150729,2026-07-29,上櫃,3555,博士旺,134.00,-7.00,137.00,140.50,127.00,120000,15652500,111,TPEX_CSV,2026-07-29 14:15:30 +0800
1150729,2026-07-29,上櫃,3556,禾瑞亞,54.70,-3.30,58.00,58.50,52.50,748000,40696000,577,TPEX_CSV,2026-07-29 14:15:30 +0800
1150729,2026-07-29,上櫃,3558,神準,117.00,-5.50,122.50,123.00,114.00,203000,23908000,169,TPEX_CSV,2026-07-29 14:15:30 +0800
1150729,2026-07-29,上櫃,3564,其陽,41.40,-1.90,46.70,46.70,40.30,449000,18845550,282,TPEX_CSV,2026-07-29 14:15:30 +0800
1150729,2026-07-29,上櫃,3567,逸昌,25.10,-0.80,25.65,25.85,24.50,146000,3659650,103,TPEX_CSV,2026-07-29 14:15:30 +0800
1150729,2026-07-29,上櫃,3570,大塚,160.50,-1.50,162.00,162.00,158.00,57000,9091500,52,TPEX_CSV,2026-07-29 14:15:30 +0800
1150729,2026-07-29,上櫃,3577,泓格,120.50,-7.50,128.50,129.00,115.50,1667000,200739500,1271,TPEX_CSV,2026-07-29 14:15:30 +0800
1150729,2026-07-29,上櫃,3580,友威科,69.00,-5.60,75.20,76.50,67.20,735000,50954500,529,TPEX_CSV,2026-07-29 14:15:30 +0800
1150729,2026-07-29,上櫃,3581,博磊,93.20,-7.80,102.50,103.00,90.90,757000,71421800,577,TPEX_CSV,2026-07-29 14:15:30 +0800
1150729,2026-07-29,上櫃,3587,閎康,215.00,-13.50,228.50,231.00,206.00,1120000,238846000,886,TPEX_CSV,2026-07-29 14:15:30 +0800
1150729,2026-07-29,上櫃,3594,磐儀,50.70,-1.80,53.00,53.80,48.50,1792000,91544100,1175,TPEX_CSV,2026-07-29 14:15:30 +0800
1150729,2026-07-29,上櫃,3597,映興,24.90,-0.60,24.70,25.35,24.20,33000,813450,30,TPEX_CSV,2026-07-29 14:15:30 +0800
1150729,2026-07-29,上櫃,3609,三一東林,21.85,-2.40,24.95,25.00,21.85,355000,7981650,198,TPEX_CSV,2026-07-29 14:15:30 +0800
1150729,2026-07-29,上櫃,3611,鼎翰,181.00,-2.00,183.00,184.00,179.50,94000,17068000,83,TPEX_CSV,2026-07-29 14:15:30 +0800
1150729,2026-07-29,上櫃,3615,安可,32.45,-1.80,34.30,34.65,31.20,1335000,43097650,815,TPEX_CSV,2026-07-29 14:15:30 +0800
1150729,2026-07-29,上櫃,3623,富晶通,19.70,-0.80,20.50,20.60,19.00,74000,1458200,62,TPEX_CSV,2026-07-29 14:15:30 +0800
1150729,2026-07-29,上櫃,3624,光頡,62.30,-6.90,67.10,67.10,62.30,1001000,62814000,560,TPEX_CSV,2026-07-29 14:15:30 +0800
1150729,2026-07-29,上櫃,3625,西勝,15.35,-1.10,16.35,16.55,14.90,698000,10812600,273,TPEX_CSV,2026-07-29 14:15:30 +0800
1150729,2026-07-29,上櫃,3628,盈正,62.40,-1.90,64.40,64.60,61.40,175000,10972000,137,TPEX_CSV,2026-07-29 14:15:30 +0800
1150729,2026-07-29,上櫃,3629,地心引力,----,---,----,----,----,0,0,0,TPEX_CSV,2026-07-29 14:15:30 +0800
1150729,2026-07-29,上櫃,3630,新鉅科,27.20,+1.80,25.40,27.60,25.20,3917000,103848200,2624,TPEX_CSV,2026-07-29 14:15:30 +0800
1150729,2026-07-29,上櫃,3631,晟楠,31.90,-0.35,32.45,32.45,30.10,69000,2164350,59,TPEX_CSV,2026-07-29 14:15:30 +0800
1150729,2026-07-29,上櫃,3632,研勤,7.76,-0.30,7.76,7.76,7.76,2000,15520,2,TPEX_CSV,2026-07-29 14:15:30 +0800
1150729,2026-07-29,上櫃,3646,艾恩特,23.15,0.00,23.00,23.15,22.70,37000,846600,30,TPEX_CSV,2026-07-29 14:15:30 +0800
1150729,2026-07-29,上櫃,3663,鑫科,55.90,-4.80,62.30,62.30,54.70,1236000,69475300,883,TPEX_CSV,2026-07-29 14:15:30 +0800
1150729,2026-07-29,上櫃,3664,安瑞-KY,5.20,-0.29,5.49,5.49,5.20,18000,93890,11,TPEX_CSV,2026-07-29 14:15:30 +0800
1150729,2026-07-29,上櫃,3666,光耀,25.00,-0.05,25.00,25.05,24.70,39000,972150,33,TPEX_CSV,2026-07-29 14:15:30 +0800
1150729,2026-07-29,上櫃,3672,康聯訊,12.50,-0.25,12.75,13.30,12.35,66000,838800,39,TPEX_CSV,2026-07-29 14:15:30 +0800
1150729,2026-07-29,上櫃,3675,德微,202.50,-13.50,220.00,220.00,194.50,335000,66099500,254,TPEX_CSV,2026-07-29 14:15:30 +0800
1150729,2026-07-29,上櫃,3680,家登,385.00,-25.50,410.50,418.00,372.00,2574000,994772000,2068,TPEX_CSV,2026-07-29 14:15:30 +0800
1150729,2026-07-29,上櫃,3684,榮昌,47.90,-0.70,48.00,48.00,46.80,17000,803550,17,TPEX_CSV,2026-07-29 14:15:30 +0800
1150729,2026-07-29,上櫃,3685,元創精密,34.10,-1.95,35.95,36.50,32.50,1225000,41279300,506,TPEX_CSV,2026-07-29 14:15:30 +0800
1150729,2026-07-29,上櫃,3687,歐買尬,64.60,-3.20,69.30,69.30,64.00,146000,9580100,133,TPEX_CSV,2026-07-29 14:15:30 +0800
1150729,2026-07-29,上櫃,3689,湧德,99.30,-4.20,104.00,105.50,97.00,2459000,245694500,1433,TPEX_CSV,2026-07-29 14:15:30 +0800
1150729,2026-07-29,上櫃,3691,碩禾,100.50,-4.50,107.00,107.00,96.70,1354000,135754400,958,TPEX_CSV,2026-07-29 14:15:30 +0800
1150729,2026-07-29,上櫃,3693,營邦,429.50,-16.50,448.50,453.00,402.00,1214000,511660500,979,TPEX_CSV,2026-07-29 14:15:30 +0800
1150729,2026-07-29,上櫃,3707,漢磊,52.80,-2.10,54.90,55.30,49.60,7472000,384890700,4606,TPEX_CSV,2026-07-29 14:15:30 +0800
1150729,2026-07-29,上櫃,3709,鑫聯大投控,67.50,-3.10,71.00,71.00,64.00,1417000,95067600,884,TPEX_CSV,2026-07-29 14:15:30 +0800
1150729,2026-07-29,上櫃,3710,連展投控,4.99,-0.35,5.38,5.38,4.95,806000,4049670,209,TPEX_CSV,2026-07-29 14:15:30 +0800
1150729,2026-07-29,上櫃,3713,新晶投控,14.35,+0.30,14.00,14.35,13.55,91000,1262250,43,TPEX_CSV,2026-07-29 14:15:30 +0800
1150729,2026-07-29,上櫃,4102,永日,19.15,-0.30,19.45,19.45,19.00,40000,767550,23,TPEX_CSV,2026-07-29 14:15:30 +0800
1150729,2026-07-29,上櫃,4105,東洋,75.70,-0.70,76.60,76.60,75.00,737000,55757600,515,TPEX_CSV,2026-07-29 14:15:30 +0800
1150729,2026-07-29,上櫃,4107,邦特,110.50,-2.00,112.50,112.50,110.00,137000,15175000,101,TPEX_CSV,2026-07-29 14:15:30 +0800
1150729,2026-07-29,上櫃,4109,加捷生醫,11.20,0.00,11.25,11.30,11.10,224000,2502300,114,TPEX_CSV,2026-07-29 14:15:30 +0800
1150729,2026-07-29,上櫃,4111,濟生,29.95,-0.05,29.95,30.00,29.75,88000,2628900,50,TPEX_CSV,2026-07-29 14:15:30 +0800
1150729,2026-07-29,上櫃,4113,聯上,14.35,+0.25,14.15,14.70,14.00,349000,4979500,205,TPEX_CSV,2026-07-29 14:15:30 +0800
1150729,2026-07-29,上櫃,4114,健喬,29.25,+0.05,29.20,29.35,28.75,2151000,62445000,949,TPEX_CSV,2026-07-29 14:15:30 +0800
1150729,2026-07-29,上櫃,4116,明基醫,37.65,+0.55,37.90,38.00,36.95,127000,4733900,100,TPEX_CSV,2026-07-29 14:15:30 +0800
1150729,2026-07-29,上櫃,4120,友華,46.90,-0.10,47.75,47.75,46.55,110000,5157250,71,TPEX_CSV,2026-07-29 14:15:30 +0800
1150729,2026-07-29,上櫃,4121,優盛,12.80,-0.20,13.00,13.05,12.60,162000,2073750,67,TPEX_CSV,2026-07-29 14:15:30 +0800
1150729,2026-07-29,上櫃,4123,晟德,38.10,0.00,38.45,38.50,37.25,2304000,87324300,1379,TPEX_CSV,2026-07-29 14:15:30 +0800
1150729,2026-07-29,上櫃,4126,太醫,75.60,+0.10,75.60,75.70,75.20,72000,5431300,46,TPEX_CSV,2026-07-29 14:15:30 +0800
1150729,2026-07-29,上櫃,4127,天良,73.50,-0.60,76.90,76.90,72.10,191000,14087400,128,TPEX_CSV,2026-07-29 14:15:30 +0800
1150729,2026-07-29,上櫃,4128,中天,14.05,-0.40,14.55,14.75,13.90,1991000,28274100,904,TPEX_CSV,2026-07-29 14:15:30 +0800
1150729,2026-07-29,上櫃,4129,聯合,84.00,-3.50,87.10,87.90,83.00,285000,24277200,215,TPEX_CSV,2026-07-29 14:15:30 +0800
1150729,2026-07-29,上櫃,4131,浩泰,34.40,+0.40,33.40,34.40,33.40,3000,101700,3,TPEX_CSV,2026-07-29 14:15:30 +0800
1150729,2026-07-29,上櫃,4138,曜亞,50.50,-0.20,50.70,50.80,50.20,40000,2017400,32,TPEX_CSV,2026-07-29 14:15:30 +0800
1150729,2026-07-29,上櫃,4139,馬光-KY,36.00,-4.00,40.00,40.00,36.00,55000,2017700,37,TPEX_CSV,2026-07-29 14:15:30 +0800
1150729,2026-07-29,上櫃,4147,中裕,56.50,-1.50,58.40,58.70,55.00,1309000,73842000,816,TPEX_CSV,2026-07-29 14:15:30 +0800
1150729,2026-07-29,上櫃,4153,鈺緯,31.00,-0.50,31.05,31.05,30.20,18000,554550,14,TPEX_CSV,2026-07-29 14:15:30 +0800
1150729,2026-07-29,上櫃,4154,樂威科-KY,11.70,-0.20,12.25,12.25,10.80,10000,113550,10,TPEX_CSV,2026-07-29 14:15:30 +0800
1150729,2026-07-29,上櫃,4157,太景*-KY,7.93,-0.17,8.24,8.24,7.73,1746000,13854190,621,TPEX_CSV,2026-07-29 14:15:30 +0800
1150729,2026-07-29,上櫃,4160,訊聯基因,39.25,-0.20,39.00,39.25,38.55,30000,1164350,29,TPEX_CSV,2026-07-29 14:15:30 +0800
1150729,2026-07-29,上櫃,4161,聿新科,21.60,-0.35,22.35,22.35,21.20,52000,1128000,37,TPEX_CSV,2026-07-29 14:15:30 +0800
1150729,2026-07-29,上櫃,4162,智擎,63.50,-0.80,64.40,64.60,62.10,693000,43817200,514,TPEX_CSV,2026-07-29 14:15:30 +0800
1150729,2026-07-29,上櫃,4163,鐿鈦,119.50,-2.00,121.50,122.00,117.00,143000,17156500,99,TPEX_CSV,2026-07-29 14:15:30 +0800
1150729,2026-07-29,上櫃,4166,友霖,24.60,-0.35,25.00,25.05,24.20,251000,6177700,123,TPEX_CSV,2026-07-29 14:15:30 +0800
1150729,2026-07-29,上櫃,4167,松瑞藥,17.00,-0.70,17.70,17.85,16.85,1385000,23889900,729,TPEX_CSV,2026-07-29 14:15:30 +0800
1150729,2026-07-29,上櫃,4168,醣聯,22.05,-0.80,22.55,22.85,21.25,539000,11796800,224,TPEX_CSV,2026-07-29 14:15:30 +0800
1150729,2026-07-29,上櫃,4171,瑞基,17.30,-1.20,18.60,18.90,17.00,314000,5499200,233,TPEX_CSV,2026-07-29 14:15:30 +0800
1150729,2026-07-29,上櫃,4173,久裕,17.55,-0.25,17.75,17.75,17.50,112000,1968900,78,TPEX_CSV,2026-07-29 14:15:30 +0800
1150729,2026-07-29,上櫃,4174,浩鼎,25.55,-0.75,26.40,26.50,24.85,713000,18102250,350,TPEX_CSV,2026-07-29 14:15:30 +0800
1150729,2026-07-29,上櫃,4175,杏一,49.50,-0.60,50.20,50.20,49.50,53000,2645400,37,TPEX_CSV,2026-07-29 14:15:30 +0800
1150729,2026-07-29,上櫃,4183,福永生技,14.70,0.00,14.25,14.70,13.25,19000,262900,15,TPEX_CSV,2026-07-29 14:15:30 +0800
1150729,2026-07-29,上櫃,4188,安克,9.65,-0.23,9.66,9.68,9.06,89000,830830,46,TPEX_CSV,2026-07-29 14:15:30 +0800
1150729,2026-07-29,上櫃,4192,杏國,----,---,----,----,----,0,0,0,TPEX_CSV,2026-07-29 14:15:30 +0800
1150729,2026-07-29,上櫃,4198,欣大健康,41.50,+0.50,41.50,41.50,41.50,1000,41500,1,TPEX_CSV,2026-07-29 14:15:30 +0800
1150729,2026-07-29,上櫃,4205,中華食,69.80,-0.40,70.20,70.20,69.60,43000,3002400,39,TPEX_CSV,2026-07-29 14:15:30 +0800
1150729,2026-07-29,上櫃,4207,環泰,19.60,-0.10,19.55,19.80,19.35,92000,1792500,47,TPEX_CSV,2026-07-29 14:15:30 +0800
1150729,2026-07-29,上櫃,4303,信立,40.40,-1.10,40.50,42.80,39.40,1004000,40421450,635,TPEX_CSV,2026-07-29 14:15:30 +0800
1150729,2026-07-29,上櫃,4304,勝昱,16.90,+0.40,17.05,17.05,16.85,5000,84550,5,TPEX_CSV,2026-07-29 14:15:30 +0800
1150729,2026-07-29,上櫃,4305,世坤,41.45,-0.55,41.45,41.45,41.45,1000,41450,1,TPEX_CSV,2026-07-29 14:15:30 +0800
1150729,2026-07-29,上櫃,4401,東隆興,14.10,-0.30,14.45,14.80,14.10,133000,1899150,64,TPEX_CSV,2026-07-29 14:15:30 +0800
1150729,2026-07-29,上櫃,4402,郡都開發,15.85,+0.35,15.50,16.05,15.50,12000,188800,12,TPEX_CSV,2026-07-29 14:15:30 +0800
1150729,2026-07-29,上櫃,4406,新昕纖,10.30,+0.05,10.30,11.00,10.25,212000,2266450,108,TPEX_CSV,2026-07-29 14:15:30 +0800
1150729,2026-07-29,上櫃,4413,飛寶企業,14.10,+0.05,14.20,14.20,14.10,2000,28300,2,TPEX_CSV,2026-07-29 14:15:30 +0800
1150729,2026-07-29,上櫃,4416,三圓,10.20,+0.05,10.20,10.50,9.98,390000,3962950,144,TPEX_CSV,2026-07-29 14:15:30 +0800
1150729,2026-07-29,上櫃,4417,金洲,42.70,-0.30,43.30,43.30,42.40,159000,6778200,100,TPEX_CSV,2026-07-29 14:15:30 +0800
1150729,2026-07-29,上櫃,4419,皇家美食,45.00,-0.10,45.20,45.20,45.00,5000,225200,5,TPEX_CSV,2026-07-29 14:15:30 +0800
1150729,2026-07-29,上櫃,4420,光明,34.20,-0.55,34.75,34.75,34.00,36000,1229450,25,TPEX_CSV,2026-07-29 14:15:30 +0800
1150729,2026-07-29,上櫃,4430,耀億,16.65,-0.05,18.35,18.35,16.65,127000,2237750,90,TPEX_CSV,2026-07-29 14:15:30 +0800
1150729,2026-07-29,上櫃,4432,銘旺實,15.40,-0.20,15.50,15.60,15.40,24000,371400,12,TPEX_CSV,2026-07-29 14:15:30 +0800
1150729,2026-07-29,上櫃,4433,興采,19.30,-0.05,19.40,19.40,19.30,15000,290150,15,TPEX_CSV,2026-07-29 14:15:30 +0800
1150729,2026-07-29,上櫃,4442,竣邦-KY,62.10,-0.40,61.80,62.20,57.60,1500000,91763700,306,TPEX_CSV,2026-07-29 14:15:30 +0800
1150729,2026-07-29,上櫃,4502,健信,15.65,0.00,15.70,15.70,15.05,125000,1936800,53,TPEX_CSV,2026-07-29 14:15:30 +0800
1150729,2026-07-29,上櫃,4503,金雨,31.00,-2.60,34.05,34.05,30.25,350000,11013900,231,TPEX_CSV,2026-07-29 14:15:30 +0800
1150729,2026-07-29,上櫃,4506,崇友,120.50,+0.50,120.50,121.00,118.50,188000,22583000,149,TPEX_CSV,2026-07-29 14:15:30 +0800
1150729,2026-07-29,上櫃,4510,高鋒,34.40,-2.10,36.50,37.50,33.00,880000,30123350,519,TPEX_CSV,2026-07-29 14:15:30 +0800
1150729,2026-07-29,上櫃,4513,福裕,17.30,-1.00,18.25,18.85,16.75,2100000,36754100,1251,TPEX_CSV,2026-07-29 14:15:30 +0800
1150729,2026-07-29,上櫃,4523,永彰,24.35,-0.65,24.80,25.40,24.15,208000,5106550,128,TPEX_CSV,2026-07-29 14:15:30 +0800
1150729,2026-07-29,上櫃,4527,方土霖,38.90,-0.10,39.75,39.75,38.90,42000,1640350,31,TPEX_CSV,2026-07-29 14:15:30 +0800
1150729,2026-07-29,上櫃,4528,江興鍛,15.00,-0.30,15.25,15.35,14.90,58000,871800,46,TPEX_CSV,2026-07-29 14:15:30 +0800
1150729,2026-07-29,上櫃,4529,淳紳,4.13,-0.25,4.38,4.45,4.02,66000,273360,34,TPEX_CSV,2026-07-29 14:15:30 +0800
1150729,2026-07-29,上櫃,4530,宏易,24.90,-0.10,26.85,26.85,24.50,15000,384550,15,TPEX_CSV,2026-07-29 14:15:30 +0800
1150729,2026-07-29,上櫃,4533,協易機,23.35,-1.25,24.40,24.90,22.20,1650000,38450100,757,TPEX_CSV,2026-07-29 14:15:30 +0800
1150729,2026-07-29,上櫃,4534,慶騰,29.80,-3.30,32.30,33.10,29.80,2260000,68573950,1071,TPEX_CSV,2026-07-29 14:15:30 +0800
1150729,2026-07-29,上櫃,4535,至興,27.40,-0.45,27.95,28.80,27.20,41000,1142750,30,TPEX_CSV,2026-07-29 14:15:30 +0800
1150729,2026-07-29,上櫃,4538,大詠城,17.40,0.00,17.30,17.45,17.20,12000,208300,11,TPEX_CSV,2026-07-29 14:15:30 +0800
1150729,2026-07-29,上櫃,4541,晟田,61.20,-1.70,63.50,64.40,59.30,6704000,412584200,4410,TPEX_CSV,2026-07-29 14:15:30 +0800
1150729,2026-07-29,上櫃,4542,科嶠,252.50,-28.00,265.50,279.00,252.50,476000,122947000,361,TPEX_CSV,2026-07-29 14:15:30 +0800
1150729,2026-07-29,上櫃,4543,萬在,29.05,-1.25,30.10,30.40,27.50,214000,6193550,138,TPEX_CSV,2026-07-29 14:15:30 +0800
1150729,2026-07-29,上櫃,4549,桓達,85.60,除息,89.50,91.30,82.90,235000,20343400,178,TPEX_CSV,2026-07-29 14:15:30 +0800
1150729,2026-07-29,上櫃,4550,長佳,24.35,+0.10,24.25,24.45,23.55,27000,652800,14,TPEX_CSV,2026-07-29 14:15:30 +0800
1150729,2026-07-29,上櫃,4554,橙的,29.60,-0.50,31.25,31.25,29.20,65000,1928450,52,TPEX_CSV,2026-07-29 14:15:30 +0800
1150729,2026-07-29,上櫃,4556,旭然,95.00,-10.50,97.30,100.50,95.00,226000,21866300,168,TPEX_CSV,2026-07-29 14:15:30 +0800
1150729,2026-07-29,上櫃,4558,寶緯,15.80,-0.95,16.35,16.55,15.55,58000,921950,41,TPEX_CSV,2026-07-29 14:15:30 +0800
1150729,2026-07-29,上櫃,4561,健椿,32.90,-1.40,34.25,34.30,32.00,199000,6532550,149,TPEX_CSV,2026-07-29 14:15:30 +0800
1150729,2026-07-29,上櫃,4563,百德,36.50,-2.25,38.40,38.40,35.75,308000,11317250,227,TPEX_CSV,2026-07-29 14:15:30 +0800
1150729,2026-07-29,上櫃,4568,科際精密,39.30,+0.35,38.90,39.30,38.40,8000,310000,8,TPEX_CSV,2026-07-29 14:15:30 +0800
1150729,2026-07-29,上櫃,4577,達航科技,69.60,-7.70,76.80,82.70,69.60,3948000,306895600,3184,TPEX_CSV,2026-07-29 14:15:30 +0800
1150729,2026-07-29,上櫃,4580,捷流閥業,79.90,-0.30,80.20,80.20,79.00,110000,8739100,95,TPEX_CSV,2026-07-29 14:15:30 +0800
1150729,2026-07-29,上櫃,4584,君帆,39.70,-0.80,40.40,40.40,39.30,10000,395550,10,TPEX_CSV,2026-07-29 14:15:30 +0800
1150729,2026-07-29,上櫃,4609,唐鋒,5.05,-0.01,5.05,5.05,5.05,1000,5050,1,TPEX_CSV,2026-07-29 14:15:30 +0800
1150729,2026-07-29,上櫃,4702,中美實,9.16,-0.19,9.35,9.40,9.06,98000,899690,63,TPEX_CSV,2026-07-29 14:15:30 +0800
1150729,2026-07-29,上櫃,4706,大恭,----,---,----,----,----,0,0,0,TPEX_CSV,2026-07-29 14:15:30 +0800
1150729,2026-07-29,上櫃,4707,磐亞,25.80,-2.85,26.80,26.90,25.80,1873000,48894250,762,TPEX_CSV,2026-07-29 14:15:30 +0800
1150729,2026-07-29,上櫃,4711,永純,15.45,-0.50,15.80,15.80,15.20,110000,1704450,66,TPEX_CSV,2026-07-29 14:15:30 +0800
1150729,2026-07-29,上櫃,4714,永捷,9.88,-0.42,10.30,10.40,9.70,1767000,17556210,830,TPEX_CSV,2026-07-29 14:15:30 +0800
1150729,2026-07-29,上櫃,4716,大立,16.40,-0.65,17.35,17.40,16.00,1177000,19397300,572,TPEX_CSV,2026-07-29 14:15:30 +0800
1150729,2026-07-29,上櫃,4721,美琪瑪,65.00,-3.00,69.10,69.10,62.90,947000,61495600,695,TPEX_CSV,2026-07-29 14:15:30 +0800
1150729,2026-07-29,上櫃,4726,永昕,24.50,-0.50,25.45,25.45,24.50,236000,5863350,156,TPEX_CSV,2026-07-29 14:15:30 +0800
1150729,2026-07-29,上櫃,4728,雙美,378.00,0.00,378.00,378.00,374.00,10000,3765500,10,TPEX_CSV,2026-07-29 14:15:30 +0800
1150729,2026-07-29,上櫃,4729,熒茂,17.65,-0.65,18.50,18.60,17.30,423000,7519650,247,TPEX_CSV,2026-07-29 14:15:30 +0800
1150729,2026-07-29,上櫃,4735,豪展,29.50,-0.70,30.20,30.20,29.00,93000,2738800,61,TPEX_CSV,2026-07-29 14:15:30 +0800
1150729,2026-07-29,上櫃,4741,泓瀚,39.00,-4.30,44.45,44.45,39.00,494000,19679300,251,TPEX_CSV,2026-07-29 14:15:30 +0800
1150729,2026-07-29,上櫃,4743,合一,42.25,-1.40,44.25,44.90,41.10,3278000,139598100,1779,TPEX_CSV,2026-07-29 14:15:30 +0800
1150729,2026-07-29,上櫃,4744,皇將,29.00,0.00,29.00,29.20,28.00,50000,1437700,32,TPEX_CSV,2026-07-29 14:15:30 +0800
1150729,2026-07-29,上櫃,4745,合富-KY,10.80,-1.20,12.00,12.00,10.80,420000,4703750,208,TPEX_CSV,2026-07-29 14:15:30 +0800
1150729,2026-07-29,上櫃,4747,強生,49.95,-1.55,50.80,50.80,46.40,100000,4875800,66,TPEX_CSV,2026-07-29 14:15:30 +0800
1150729,2026-07-29,上櫃,4749,新應材,664.00,-54.00,726.00,730.00,647.00,2395000,1599458000,1984,TPEX_CSV,2026-07-29 14:15:30 +0800
1150729,2026-07-29,上櫃,4754,國碳科,36.10,-0.40,36.40,36.45,35.80,73000,2642100,49,TPEX_CSV,2026-07-29 14:15:30 +0800
1150729,2026-07-29,上櫃,4760,勤凱,205.00,-12.00,217.50,222.00,196.00,938000,191532500,716,TPEX_CSV,2026-07-29 14:15:30 +0800
1150729,2026-07-29,上櫃,4767,誠泰科技,26.20,-0.20,26.10,26.40,26.05,9000,236150,8,TPEX_CSV,2026-07-29 14:15:30 +0800
1150729,2026-07-29,上櫃,4768,晶呈科技,270.50,-26.50,304.00,304.00,267.50,815000,224293500,702,TPEX_CSV,2026-07-29 14:15:30 +0800
1150729,2026-07-29,上櫃,4772,台特化,217.50,-11.50,227.50,234.50,208.00,1164000,253413000,955,TPEX_CSV,2026-07-29 14:15:30 +0800
1150729,2026-07-29,上櫃,4806,桂田文創,9.68,-0.18,9.81,9.81,9.68,14000,136420,7,TPEX_CSV,2026-07-29 14:15:30 +0800
1150729,2026-07-29,上櫃,4903,聯光通,35.30,-3.30,38.65,39.60,34.75,3320000,120622100,2316,TPEX_CSV,2026-07-29 14:15:30 +0800
1150729,2026-07-29,上櫃,4905,台聯電,65.20,-0.20,65.40,65.40,65.20,12000,784600,8,TPEX_CSV,2026-07-29 14:15:30 +0800
1150729,2026-07-29,上櫃,4907,富宇,41.50,0.00,41.20,41.60,40.35,312000,12787500,191,TPEX_CSV,2026-07-29 14:15:30 +0800
1150729,2026-07-29,上櫃,4908,前鼎,125.50,-8.00,134.00,135.50,120.50,1982000,247200500,1508,TPEX_CSV,2026-07-29 14:15:30 +0800
1150729,2026-07-29,上櫃,4909,新復興,34.85,-1.45,36.50,37.35,33.10,1140000,39312400,772,TPEX_CSV,2026-07-29 14:15:30 +0800
1150729,2026-07-29,上櫃,4911,德英,30.30,-0.70,28.80,30.90,28.80,43000,1287950,40,TPEX_CSV,2026-07-29 14:15:30 +0800
1150729,2026-07-29,上櫃,4923,力士,38.15,-1.95,40.10,40.70,36.50,370000,14105450,271,TPEX_CSV,2026-07-29 14:15:30 +0800
1150729,2026-07-29,上櫃,4924,欣厚-KY,9.30,-0.60,9.76,9.76,9.24,58000,547780,38,TPEX_CSV,2026-07-29 14:15:30 +0800
1150729,2026-07-29,上櫃,4931,新盛力,174.00,-11.00,186.50,193.00,166.50,6397000,1116644000,4656,TPEX_CSV,2026-07-29 14:15:30 +0800
1150729,2026-07-29,上櫃,4933,友輝,51.70,-1.80,53.60,53.90,50.70,186000,9648200,155,TPEX_CSV,2026-07-29 14:15:30 +0800
1150729,2026-07-29,上櫃,4939,亞電,49.95,-5.55,54.00,55.20,49.95,5940000,306331700,3636,TPEX_CSV,2026-07-29 14:15:30 +0800
1150729,2026-07-29,上櫃,4946,辣椒,68.70,-7.30,76.00,76.00,68.40,64000,4464500,49,TPEX_CSV,2026-07-29 14:15:30 +0800
1150729,2026-07-29,上櫃,4950,金耘國際,15.90,-0.55,15.90,15.90,14.85,67000,1036850,25,TPEX_CSV,2026-07-29 14:15:30 +0800
1150729,2026-07-29,上櫃,4951,精拓科,75.20,-2.80,77.70,78.30,72.00,503000,37219400,414,TPEX_CSV,2026-07-29 14:15:30 +0800
1150729,2026-07-29,上櫃,4953,緯軟,118.00,-1.50,120.00,121.50,115.00,466000,54764500,316,TPEX_CSV,2026-07-29 14:15:30 +0800
1150729,2026-07-29,上櫃,4966,譜瑞-KY,561.00,-17.00,590.00,602.00,549.00,1425000,809919000,1259,TPEX_CSV,2026-07-29 14:15:30 +0800
1150729,2026-07-29,上櫃,4971,IET-KY,351.00,-39.00,397.00,399.00,351.00,1013000,370488500,858,TPEX_CSV,2026-07-29 14:15:30 +0800
1150729,2026-07-29,上櫃,4972,湯石照明,16.50,+0.05,16.45,16.50,16.15,70000,1143200,29,TPEX_CSV,2026-07-29 14:15:30 +0800
1150729,2026-07-29,上櫃,4973,廣穎,122.50,-6.50,125.00,129.00,116.50,2860000,346689000,1975,TPEX_CSV,2026-07-29 14:15:30 +0800
1150729,2026-07-29,上櫃,4974,亞泰,65.30,-1.30,66.20,66.70,63.30,266000,17236400,210,TPEX_CSV,2026-07-29 14:15:30 +0800
1150729,2026-07-29,上櫃,4979,華星光,384.50,-42.50,427.50,433.00,384.50,17535000,7023359000,12245,TPEX_CSV,2026-07-29 14:15:30 +0800
1150729,2026-07-29,上櫃,4991,環宇-KY,356.50,-39.50,392.50,401.00,356.50,6052000,2243514500,4348,TPEX_CSV,2026-07-29 14:15:30 +0800
1150729,2026-07-29,上櫃,4995,晶達,45.90,-2.15,46.80,46.80,45.05,126000,5789100,86,TPEX_CSV,2026-07-29 14:15:30 +0800
1150729,2026-07-29,上櫃,5009,榮剛,32.00,-0.30,32.40,32.70,30.95,4755000,150278250,2099,TPEX_CSV,2026-07-29 14:15:30 +0800
1150729,2026-07-29,上櫃,5011,久陽,18.00,-1.25,19.25,19.25,17.60,994000,18159200,409,TPEX_CSV,2026-07-29 14:15:30 +0800
1150729,2026-07-29,上櫃,5013,強新,----,---,----,----,----,0,0,0,TPEX_CSV,2026-07-29 14:15:30 +0800
1150729,2026-07-29,上櫃,5014,建錩,10.90,-0.15,11.20,11.20,10.80,489000,5351250,173,TPEX_CSV,2026-07-29 14:15:30 +0800
1150729,2026-07-29,上櫃,5015,華祺,21.05,-0.45,21.10,21.10,21.00,27000,568550,16,TPEX_CSV,2026-07-29 14:15:30 +0800
1150729,2026-07-29,上櫃,5016,松和,23.60,-0.05,23.65,23.85,23.60,29000,687450,21,TPEX_CSV,2026-07-29 14:15:30 +0800
1150729,2026-07-29,上櫃,5201,凱衛,26.20,-0.15,26.85,27.30,25.95,84000,2220300,71,TPEX_CSV,2026-07-29 14:15:30 +0800
1150729,2026-07-29,上櫃,5202,力新,11.40,-0.70,12.25,12.25,11.20,566000,6602750,286,TPEX_CSV,2026-07-29 14:15:30 +0800
1150729,2026-07-29,上櫃,5205,中茂,22.05,-0.05,22.05,22.05,22.05,1000,22050,1,TPEX_CSV,2026-07-29 14:15:30 +0800
1150729,2026-07-29,上櫃,5206,坤悅,20.00,0.00,20.00,20.05,19.75,122000,2431400,85,TPEX_CSV,2026-07-29 14:15:30 +0800
1150729,2026-07-29,上櫃,5209,新鼎,152.00,0.00,152.00,153.00,151.00,27000,4098000,26,TPEX_CSV,2026-07-29 14:15:30 +0800
1150729,2026-07-29,上櫃,5210,寶碩,28.45,-0.30,28.90,29.45,28.00,890000,25471200,375,TPEX_CSV,2026-07-29 14:15:30 +0800
1150729,2026-07-29,上櫃,5211,蒙恬,18.45,-0.55,19.45,19.45,18.20,33000,614400,32,TPEX_CSV,2026-07-29 14:15:30 +0800
1150729,2026-07-29,上櫃,5212,凌網,46.50,-0.05,46.60,46.60,46.00,24000,1111200,22,TPEX_CSV,2026-07-29 14:15:30 +0800
1150729,2026-07-29,上櫃,5213,亞昕,21.40,-0.35,21.60,21.80,21.25,325000,7003300,218,TPEX_CSV,2026-07-29 14:15:30 +0800
1150729,2026-07-29,上櫃,5220,萬達光電,20.00,-0.60,20.75,20.75,19.70,43000,862550,33,TPEX_CSV,2026-07-29 14:15:30 +0800
1150729,2026-07-29,上櫃,5223,安力-KY,21.90,-0.95,22.50,22.50,21.75,30000,659700,22,TPEX_CSV,2026-07-29 14:15:30 +0800
1150729,2026-07-29,上櫃,5227,立凱-KY,37.45,-4.15,41.65,42.45,37.45,1720000,66166550,797,TPEX_CSV,2026-07-29 14:15:30 +0800
1150729,2026-07-29,上櫃,5228,鈺鎧,36.15,-1.75,36.55,38.70,34.15,577000,20345950,424,TPEX_CSV,2026-07-29 14:15:30 +0800
1150729,2026-07-29,上櫃,5230,雷笛克光學,17.00,-0.40,17.35,17.35,16.25,569000,9535600,310,TPEX_CSV,2026-07-29 14:15:30 +0800
1150729,2026-07-29,上櫃,5245,智晶,22.50,-0.50,22.75,22.75,21.85,35000,777600,32,TPEX_CSV,2026-07-29 14:15:30 +0800
1150729,2026-07-29,上櫃,5251,天鉞電,24.95,-1.35,26.35,26.55,24.35,276000,6957950,187,TPEX_CSV,2026-07-29 14:15:30 +0800
1150729,2026-07-29,上櫃,5263,智崴,91.00,-1.80,92.80,93.00,88.30,341000,30713500,276,TPEX_CSV,2026-07-29 14:15:30 +0800
1150729,2026-07-29,上櫃,5272,笙科,16.65,-0.90,17.60,17.60,16.20,194000,3287950,131,TPEX_CSV,2026-07-29 14:15:30 +0800
1150729,2026-07-29,上櫃,5274,信驊,12910.00,-320.00,12955.00,13245.00,12210.00,338000,4308110000,325,TPEX_CSV,2026-07-29 14:15:30 +0800
1150729,2026-07-29,上櫃,5276,達輝-KY,----,---,----,----,----,0,0,0,TPEX_CSV,2026-07-29 14:15:30 +0800
1150729,2026-07-29,上櫃,5278,尚凡*,23.30,-0.35,23.65,23.65,23.15,329000,7643650,175,TPEX_CSV,2026-07-29 14:15:30 +0800
1150729,2026-07-29,上櫃,5287,數字,145.00,0.00,145.50,146.00,144.50,86000,12499000,71,TPEX_CSV,2026-07-29 14:15:30 +0800
1150729,2026-07-29,上櫃,5289,宜鼎,1160.00,-40.00,1190.00,1200.00,1090.00,3345000,3793595000,2839,TPEX_CSV,2026-07-29 14:15:30 +0800
1150729,2026-07-29,上櫃,5291,邑昇,46.10,-2.80,48.95,49.85,44.10,774000,35488150,472,TPEX_CSV,2026-07-29 14:15:30 +0800
1150729,2026-07-29,上櫃,5299,杰力,96.10,+8.70,91.70,96.10,89.80,1685000,156130200,1281,TPEX_CSV,2026-07-29 14:15:30 +0800
1150729,2026-07-29,上櫃,5301,寶得利,5.50,0.00,5.50,5.50,5.16,33000,172480,13,TPEX_CSV,2026-07-29 14:15:30 +0800
1150729,2026-07-29,上櫃,5302,太欣,9.89,-0.08,10.00,10.40,9.55,787000,7812980,367,TPEX_CSV,2026-07-29 14:15:30 +0800
1150729,2026-07-29,上櫃,5309,系統電,46.60,-2.90,49.50,50.40,45.00,3912000,183172350,2277,TPEX_CSV,2026-07-29 14:15:30 +0800
1150729,2026-07-29,上櫃,5310,天剛,24.40,0.00,24.40,24.40,23.40,16000,388150,11,TPEX_CSV,2026-07-29 14:15:30 +0800
1150729,2026-07-29,上櫃,5312,寶島科,88.90,+0.50,88.00,89.30,87.30,139000,12268000,119,TPEX_CSV,2026-07-29 14:15:30 +0800
1150729,2026-07-29,上櫃,5314,世紀*,50.30,-2.70,53.10,53.70,48.00,7178000,360712300,3399,TPEX_CSV,2026-07-29 14:15:30 +0800
1150729,2026-07-29,上櫃,5315,光聯,18.55,-0.25,19.00,19.00,18.35,549000,10179450,238,TPEX_CSV,2026-07-29 14:15:30 +0800
1150729,2026-07-29,上櫃,5321,美而快,53.80,-0.20,54.10,57.40,51.80,489000,26415500,260,TPEX_CSV,2026-07-29 14:15:30 +0800
1150729,2026-07-29,上櫃,5324,士開,11.95,+0.05,11.90,12.05,11.85,624000,7458900,61,TPEX_CSV,2026-07-29 14:15:30 +0800
1150729,2026-07-29,上櫃,5328,華容,64.50,+3.20,62.00,66.00,57.10,65570000,4039989200,38839,TPEX_CSV,2026-07-29 14:15:30 +0800
1150729,2026-07-29,上櫃,5340,建榮,59.30,-3.20,61.60,62.90,56.80,2303000,135218400,1431,TPEX_CSV,2026-07-29 14:15:30 +0800
1150729,2026-07-29,上櫃,5344,立衛,13.60,-0.60,14.20,14.20,13.40,137000,1884000,66,TPEX_CSV,2026-07-29 14:15:30 +0800
1150729,2026-07-29,上櫃,5345,馥鴻,20.65,-2.25,23.15,23.20,20.65,84000,1760850,59,TPEX_CSV,2026-07-29 14:15:30 +0800
1150729,2026-07-29,上櫃,5347,世界,133.00,-14.50,147.50,150.00,133.00,28373000,3908806500,13011,TPEX_CSV,2026-07-29 14:15:30 +0800
1150729,2026-07-29,上櫃,5348,正能量智能,16.40,-1.35,16.75,16.90,16.00,14000,228350,14,TPEX_CSV,2026-07-29 14:15:30 +0800
1150729,2026-07-29,上櫃,5351,鈺創,70.10,-5.20,73.40,74.60,67.80,15789000,1100274200,9488,TPEX_CSV,2026-07-29 14:15:30 +0800
1150729,2026-07-29,上櫃,5353,台林,26.95,-0.85,27.40,27.70,26.50,103000,2782750,77,TPEX_CSV,2026-07-29 14:15:30 +0800
1150729,2026-07-29,上櫃,5355,佳總,5.49,-0.43,5.71,5.80,5.35,105000,573570,43,TPEX_CSV,2026-07-29 14:15:30 +0800
1150729,2026-07-29,上櫃,5356,協益,24.10,-0.25,24.45,24.45,24.00,165000,3982950,124,TPEX_CSV,2026-07-29 14:15:30 +0800
1150729,2026-07-29,上櫃,5364,力麗店,8.50,-0.05,8.50,8.54,8.40,99000,838650,42,TPEX_CSV,2026-07-29 14:15:30 +0800
1150729,2026-07-29,上櫃,5371,中光電,71.50,-4.30,75.80,76.70,68.40,16697000,1188177100,9107,TPEX_CSV,2026-07-29 14:15:30 +0800
1150729,2026-07-29,上櫃,5381,光譜,21.70,-0.80,22.55,22.85,21.00,747000,16179850,474,TPEX_CSV,2026-07-29 14:15:30 +0800
1150729,2026-07-29,上櫃,5386,青雲,214.00,-9.50,227.00,227.50,201.50,1328000,278012000,1095,TPEX_CSV,2026-07-29 14:15:30 +0800
1150729,2026-07-29,上櫃,5392,能率,36.25,-1.55,38.00,39.15,34.60,1885000,68378900,1124,TPEX_CSV,2026-07-29 14:15:30 +0800
1150729,2026-07-29,上櫃,5398,慕康生醫,14.45,-0.30,14.65,14.65,14.35,20000,288750,18,TPEX_CSV,2026-07-29 14:15:30 +0800
1150729,2026-07-29,上櫃,5403,中菲,92.80,-0.90,93.60,93.60,91.70,95000,8799200,76,TPEX_CSV,2026-07-29 14:15:30 +0800
1150729,2026-07-29,上櫃,5410,國眾,35.20,-0.55,35.80,36.15,34.50,1137000,40008700,676,TPEX_CSV,2026-07-29 14:15:30 +0800
1150729,2026-07-29,上櫃,5425,台半,70.10,-5.20,76.70,77.50,67.80,11461000,802732700,6906,TPEX_CSV,2026-07-29 14:15:30 +0800
1150729,2026-07-29,上櫃,5426,振發,23.60,-0.25,24.55,24.55,22.50,1583000,36647300,891,TPEX_CSV,2026-07-29 14:15:30 +0800
1150729,2026-07-29,上櫃,5432,新門,102.00,-9.00,109.00,109.00,99.90,127000,12946600,117,TPEX_CSV,2026-07-29 14:15:30 +0800
1150729,2026-07-29,上櫃,5438,東友,16.15,-0.70,16.55,16.90,15.25,253000,4045650,145,TPEX_CSV,2026-07-29 14:15:30 +0800
1150729,2026-07-29,上櫃,5439,高技,195.50,-16.50,212.00,214.00,191.00,3603000,712229000,2649,TPEX_CSV,2026-07-29 14:15:30 +0800
1150729,2026-07-29,上櫃,5443,均豪,82.80,-7.20,90.70,91.40,81.00,2780000,231440800,1877,TPEX_CSV,2026-07-29 14:15:30 +0800
1150729,2026-07-29,上櫃,5450,南良,14.20,-0.55,14.55,14.55,13.90,379000,5367850,247,TPEX_CSV,2026-07-29 14:15:30 +0800
1150729,2026-07-29,上櫃,5452,佶優,23.75,-1.10,24.90,25.15,22.40,1263000,29375350,763,TPEX_CSV,2026-07-29 14:15:30 +0800
1150729,2026-07-29,上櫃,5455,昇益,28.20,+0.15,28.00,28.20,28.00,10000,280350,9,TPEX_CSV,2026-07-29 14:15:30 +0800
1150729,2026-07-29,上櫃,5457,宣德,28.65,-0.80,29.45,29.65,27.40,1680000,47491950,831,TPEX_CSV,2026-07-29 14:15:30 +0800
1150729,2026-07-29,上櫃,5460,同協,15.25,-0.35,15.65,15.65,15.00,219000,3351500,94,TPEX_CSV,2026-07-29 14:15:30 +0800
1150729,2026-07-29,上櫃,5464,霖宏,64.80,-7.10,71.90,71.90,64.80,456000,29763200,259,TPEX_CSV,2026-07-29 14:15:30 +0800
1150729,2026-07-29,上櫃,5465,富驊,21.00,-0.95,21.80,22.15,20.80,98000,2070850,72,TPEX_CSV,2026-07-29 14:15:30 +0800
1150729,2026-07-29,上櫃,5468,凱鈺,22.80,-0.80,23.65,23.65,22.30,336000,7648650,143,TPEX_CSV,2026-07-29 14:15:30 +0800
1150729,2026-07-29,上櫃,5474,聰泰,132.00,-6.00,138.50,138.50,126.00,308000,40151000,270,TPEX_CSV,2026-07-29 14:15:30 +0800
1150729,2026-07-29,上櫃,5475,德宏,109.00,-10.50,113.00,117.00,108.00,3007000,331890000,1837,TPEX_CSV,2026-07-29 14:15:30 +0800
1150729,2026-07-29,上櫃,5478,智冠,98.80,-0.90,99.70,100.00,97.20,120000,11789900,101,TPEX_CSV,2026-07-29 14:15:30 +0800
1150729,2026-07-29,上櫃,5481,新華,20.30,-0.60,21.05,21.05,19.70,169000,3395800,104,TPEX_CSV,2026-07-29 14:15:30 +0800
1150729,2026-07-29,上櫃,5483,中美晶,166.50,-18.50,183.00,183.00,166.50,16105000,2747239500,8968,TPEX_CSV,2026-07-29 14:15:30 +0800
1150729,2026-07-29,上櫃,5487,通泰,28.00,+0.05,27.95,28.80,27.40,72000,2010450,62,TPEX_CSV,2026-07-29 14:15:30 +0800
1150729,2026-07-29,上櫃,5488,松普,12.80,-0.20,13.45,13.45,12.35,998000,12735550,430,TPEX_CSV,2026-07-29 14:15:30 +0800
1150729,2026-07-29,上櫃,5489,彩富,41.10,-1.85,41.55,43.05,40.70,241000,10064600,155,TPEX_CSV,2026-07-29 14:15:30 +0800
1150729,2026-07-29,上櫃,5490,同亨,33.15,+0.90,32.60,34.95,31.65,4214000,140956550,2578,TPEX_CSV,2026-07-29 14:15:30 +0800
1150729,2026-07-29,上櫃,5493,三聯,73.50,-2.50,77.60,77.60,71.10,212000,15622000,173,TPEX_CSV,2026-07-29 14:15:30 +0800
1150729,2026-07-29,上櫃,5498,凱崴,41.00,-2.40,43.95,44.30,39.10,3282000,132858550,2186,TPEX_CSV,2026-07-29 14:15:30 +0800
1150729,2026-07-29,上櫃,5508,永信建,50.10,0.00,49.55,50.30,49.40,661000,32899200,431,TPEX_CSV,2026-07-29 14:15:30 +0800
1150729,2026-07-29,上櫃,5511,德昌,73.80,+0.30,74.10,74.20,71.80,480000,35303400,260,TPEX_CSV,2026-07-29 14:15:30 +0800
1150729,2026-07-29,上櫃,5512,力麒,7.68,-0.10,7.81,7.83,7.57,1490000,11449730,493,TPEX_CSV,2026-07-29 14:15:30 +0800
1150729,2026-07-29,上櫃,5514,三豐,----,---,----,----,----,0,0,0,TPEX_CSV,2026-07-29 14:15:30 +0800
1150729,2026-07-29,上櫃,5516,雙喜,10.55,0.00,10.65,10.65,10.35,60000,629500,29,TPEX_CSV,2026-07-29 14:15:30 +0800
1150729,2026-07-29,上櫃,5520,力泰,80.80,-0.80,81.20,81.20,80.80,4000,323900,4,TPEX_CSV,2026-07-29 14:15:30 +0800
1150729,2026-07-29,上櫃,5523,豐謙,30.35,0.00,30.20,30.35,30.20,11000,333500,9,TPEX_CSV,2026-07-29 14:15:30 +0800
1150729,2026-07-29,上櫃,5529,鉅陞,21.05,-0.35,21.35,21.40,20.65,52000,1088600,30,TPEX_CSV,2026-07-29 14:15:30 +0800
1150729,2026-07-29,上櫃,5530,龍巖,46.60,-0.75,47.40,47.40,46.10,606000,28273100,390,TPEX_CSV,2026-07-29 14:15:30 +0800
1150729,2026-07-29,上櫃,5536,聖暉*,944.00,-71.00,992.00,1020.00,925.00,1394000,1333481000,1151,TPEX_CSV,2026-07-29 14:15:30 +0800
1150729,2026-07-29,上櫃,5543,桓鼎-KY,27.50,-0.95,28.75,28.75,27.50,17000,473400,9,TPEX_CSV,2026-07-29 14:15:30 +0800
1150729,2026-07-29,上櫃,5547,久舜,19.75,-0.05,19.50,19.75,19.00,51000,985700,37,TPEX_CSV,2026-07-29 14:15:30 +0800
1150729,2026-07-29,上櫃,5548,安倉,20.40,-0.30,20.60,20.60,20.30,81000,1654100,46,TPEX_CSV,2026-07-29 14:15:30 +0800
1150729,2026-07-29,上櫃,5601,台聯櫃,29.00,-1.00,30.00,30.00,28.65,36000,1053250,17,TPEX_CSV,2026-07-29 14:15:30 +0800
1150729,2026-07-29,上櫃,5603,陸海,14.20,0.00,14.30,14.30,14.05,93000,1313950,50,TPEX_CSV,2026-07-29 14:15:30 +0800
1150729,2026-07-29,上櫃,5604,中連,29.90,-0.25,30.40,30.40,29.90,54000,1624700,37,TPEX_CSV,2026-07-29 14:15:30 +0800
1150729,2026-07-29,上櫃,5609,中菲行,78.20,-0.80,79.00,79.30,77.90,252000,19776500,179,TPEX_CSV,2026-07-29 14:15:30 +0800
1150729,2026-07-29,上櫃,5701,劍湖山,4.38,-0.01,4.39,4.40,4.14,161000,692230,64,TPEX_CSV,2026-07-29 14:15:30 +0800
1150729,2026-07-29,上櫃,5703,亞都,13.90,+0.05,13.50,13.90,13.25,12000,160850,7,TPEX_CSV,2026-07-29 14:15:30 +0800
1150729,2026-07-29,上櫃,5704,老爺知,21.30,-0.25,21.40,21.65,21.30,32000,683100,22,TPEX_CSV,2026-07-29 14:15:30 +0800
1150729,2026-07-29,上櫃,5864,致和證,28.85,-1.55,30.50,30.70,27.85,4518000,130418250,1907,TPEX_CSV,2026-07-29 14:15:30 +0800
1150729,2026-07-29,上櫃,5878,台名,38.60,-0.40,38.60,38.60,38.60,1000,38600,1,TPEX_CSV,2026-07-29 14:15:30 +0800
1150729,2026-07-29,上櫃,5902,德記,33.85,-0.15,34.15,34.15,33.55,20000,677700,17,TPEX_CSV,2026-07-29 14:15:30 +0800
1150729,2026-07-29,上櫃,5903,全家,190.00,+1.50,188.50,190.00,188.50,52000,9842000,50,TPEX_CSV,2026-07-29 14:15:30 +0800
1150729,2026-07-29,上櫃,5904,寶雅,720.00,+41.00,693.00,740.00,685.00,1352000,966405000,1173,TPEX_CSV,2026-07-29 14:15:30 +0800
1150729,2026-07-29,上櫃,5905,南仁湖,8.15,-0.20,8.35,8.37,8.02,787000,6429700,280,TPEX_CSV,2026-07-29 14:15:30 +0800
1150729,2026-07-29,上櫃,6015,宏遠證,14.70,-0.50,15.30,15.45,14.20,2897000,42408600,999,TPEX_CSV,2026-07-29 14:15:30 +0800
1150729,2026-07-29,上櫃,6016,康和證,19.40,-0.60,20.05,20.20,18.75,6694000,130191450,2148,TPEX_CSV,2026-07-29 14:15:30 +0800
1150729,2026-07-29,上櫃,6020,大展證,20.20,-0.65,20.90,21.30,20.20,98000,2023800,41,TPEX_CSV,2026-07-29 14:15:30 +0800
1150729,2026-07-29,上櫃,6021,美好證,32.20,-1.35,33.55,33.85,31.70,227000,7346800,129,TPEX_CSV,2026-07-29 14:15:30 +0800
1150729,2026-07-29,上櫃,6023,元大期,86.40,0.00,86.60,88.00,85.60,1139000,98792000,604,TPEX_CSV,2026-07-29 14:15:30 +0800
1150729,2026-07-29,上櫃,6026,福邦證,13.35,-0.45,13.85,13.95,13.10,3274000,44069550,1090,TPEX_CSV,2026-07-29 14:15:30 +0800
1150729,2026-07-29,上櫃,6028,公勝保經,79.20,-0.10,79.30,79.40,78.60,40000,3161800,23,TPEX_CSV,2026-07-29 14:15:30 +0800
1150729,2026-07-29,上櫃,6101,寬魚國際,34.80,-2.45,36.70,37.25,34.00,576000,20110650,405,TPEX_CSV,2026-07-29 14:15:30 +0800
1150729,2026-07-29,上櫃,6103,合邦,28.25,-1.55,30.50,30.50,28.00,5000,144250,5,TPEX_CSV,2026-07-29 14:15:30 +0800
1150729,2026-07-29,上櫃,6104,創惟,86.50,-3.10,90.30,90.50,82.80,1377000,118014000,1054,TPEX_CSV,2026-07-29 14:15:30 +0800
1150729,2026-07-29,上櫃,6109,亞元,11.20,-0.45,11.60,11.60,10.85,268000,2996700,112,TPEX_CSV,2026-07-29 14:15:30 +0800
1150729,2026-07-29,上櫃,6111,光聚晶電,37.35,-0.85,37.85,38.60,35.75,411000,15083300,231,TPEX_CSV,2026-07-29 14:15:30 +0800
1150729,2026-07-29,上櫃,6113,亞矽,19.85,-1.65,21.90,21.90,19.85,296000,6008800,174,TPEX_CSV,2026-07-29 14:15:30 +0800
1150729,2026-07-29,上櫃,6114,久威,25.60,除息,26.10,26.10,25.00,149000,3795200,75,TPEX_CSV,2026-07-29 14:15:30 +0800
1150729,2026-07-29,上櫃,6118,建達,15.70,-0.10,15.90,15.90,15.00,451000,6919150,219,TPEX_CSV,2026-07-29 14:15:30 +0800
1150729,2026-07-29,上櫃,6121,新普,348.00,-10.00,358.50,361.50,340.00,773000,269347500,627,TPEX_CSV,2026-07-29 14:15:30 +0800
1150729,2026-07-29,上櫃,6122,擎邦,49.00,-0.15,49.25,49.70,48.00,408000,19726200,285,TPEX_CSV,2026-07-29 14:15:30 +0800
1150729,2026-07-29,上櫃,6123,上奇,41.65,-0.85,42.40,42.75,41.15,101000,4228000,84,TPEX_CSV,2026-07-29 14:15:30 +0800
1150729,2026-07-29,上櫃,6124,業強,25.40,-0.60,25.80,25.80,24.90,28000,711300,26,TPEX_CSV,2026-07-29 14:15:30 +0800
1150729,2026-07-29,上櫃,6125,廣運,44.30,-3.25,47.60,48.10,43.00,1995000,88525450,1286,TPEX_CSV,2026-07-29 14:15:30 +0800
1150729,2026-07-29,上櫃,6126,信音,29.00,-0.40,29.55,30.15,28.15,1213000,34897700,757,TPEX_CSV,2026-07-29 14:15:30 +0800
1150729,2026-07-29,上櫃,6127,九豪,45.50,-3.00,48.35,49.70,43.65,4408000,200770200,2854,TPEX_CSV,2026-07-29 14:15:30 +0800
1150729,2026-07-29,上櫃,6129,普誠,13.60,-0.45,14.05,14.10,13.00,1103000,14769350,428,TPEX_CSV,2026-07-29 14:15:30 +0800
1150729,2026-07-29,上櫃,6130,上亞科技,23.80,-0.65,24.90,24.95,22.50,253000,5963950,115,TPEX_CSV,2026-07-29 14:15:30 +0800
1150729,2026-07-29,上櫃,6134,萬旭,23.70,-1.70,25.45,25.80,23.05,614000,14697050,390,TPEX_CSV,2026-07-29 14:15:30 +0800
1150729,2026-07-29,上櫃,6138,茂達,273.00,-14.50,288.50,295.50,263.00,1107000,303673000,900,TPEX_CSV,2026-07-29 14:15:30 +0800
1150729,2026-07-29,上櫃,6140,訊達,15.90,-0.90,15.25,16.35,15.15,317000,4899200,182,TPEX_CSV,2026-07-29 14:15:30 +0800
1150729,2026-07-29,上櫃,6143,振曜,84.90,-3.20,89.50,89.80,82.60,1027000,87622700,787,TPEX_CSV,2026-07-29 14:15:30 +0800
1150729,2026-07-29,上櫃,6144,得利影,13.35,+0.05,13.75,13.75,12.75,41000,541350,32,TPEX_CSV,2026-07-29 14:15:30 +0800
1150729,2026-07-29,上櫃,6146,耕興,185.00,-4.00,191.00,191.50,183.50,394000,73399000,313,TPEX_CSV,2026-07-29 14:15:30 +0800
1150729,2026-07-29,上櫃,6147,頎邦,126.00,-13.50,139.50,139.50,126.00,28834000,3777998000,12762,TPEX_CSV,2026-07-29 14:15:30 +0800
1150729,2026-07-29,上櫃,6148,驊宏資,25.75,-1.65,27.70,27.80,24.70,793000,20630650,522,TPEX_CSV,2026-07-29 14:15:30 +0800
1150729,2026-07-29,上櫃,6150,撼訊,51.90,-1.00,53.50,54.10,49.80,461000,23533700,331,TPEX_CSV,2026-07-29 14:15:30 +0800
1150729,2026-07-29,上櫃,6151,晉倫,32.90,-1.60,34.30,34.30,32.25,310000,10270200,200,TPEX_CSV,2026-07-29 14:15:30 +0800
1150729,2026-07-29,上櫃,6154,順發,13.50,-0.10,13.50,13.65,13.45,70000,944900,36,TPEX_CSV,2026-07-29 14:15:30 +0800
1150729,2026-07-29,上櫃,6156,松上,20.35,-0.85,21.50,21.50,19.40,2270000,45522600,1164,TPEX_CSV,2026-07-29 14:15:30 +0800
1150729,2026-07-29,上櫃,6158,禾昌,17.15,-0.55,17.60,17.60,16.40,100000,1697600,70,TPEX_CSV,2026-07-29 14:15:30 +0800
1150729,2026-07-29,上櫃,6160,欣技,13.90,-0.55,14.75,14.75,13.70,78000,1093800,62,TPEX_CSV,2026-07-29 14:15:30 +0800
1150729,2026-07-29,上櫃,6161,捷波,45.80,-1.65,47.10,47.25,44.35,370000,16901500,203,TPEX_CSV,2026-07-29 14:15:30 +0800
1150729,2026-07-29,上櫃,6163,華電網,37.25,-1.35,38.75,39.65,35.05,2181000,79819700,1311,TPEX_CSV,2026-07-29 14:15:30 +0800
1150729,2026-07-29,上櫃,6167,久正,10.00,-0.15,10.25,10.30,9.79,891000,8871490,295,TPEX_CSV,2026-07-29 14:15:30 +0800
1150729,2026-07-29,上櫃,6169,昱泉,13.20,-0.20,13.40,13.40,12.85,14000,185200,10,TPEX_CSV,2026-07-29 14:15:30 +0800
1150729,2026-07-29,上櫃,6170,統振,45.45,-1.05,46.55,46.60,45.20,497000,22754600,302,TPEX_CSV,2026-07-29 14:15:30 +0800
1150729,2026-07-29,上櫃,6171,大城地產,22.95,-0.20,22.60,22.95,22.55,22000,497750,13,TPEX_CSV,2026-07-29 14:15:30 +0800
1150729,2026-07-29,上櫃,6173,信昌電,147.00,-16.00,149.50,149.50,147.00,433000,64133500,262,TPEX_CSV,2026-07-29 14:15:30 +0800
1150729,2026-07-29,上櫃,6174,安碁,37.90,-3.20,41.00,42.40,37.00,1473000,56934400,1088,TPEX_CSV,2026-07-29 14:15:30 +0800
1150729,2026-07-29,上櫃,6175,立敦,68.70,-3.50,73.40,74.40,66.20,2439000,167515100,1536,TPEX_CSV,2026-07-29 14:15:30 +0800
1150729,2026-07-29,上櫃,6179,亞通,23.10,-0.90,24.00,24.20,22.40,1927000,44375000,895,TPEX_CSV,2026-07-29 14:15:30 +0800
1150729,2026-07-29,上櫃,6180,橘子,41.80,-1.20,43.05,43.30,41.50,689000,29078500,430,TPEX_CSV,2026-07-29 14:15:30 +0800
1150729,2026-07-29,上櫃,6182,合晶,94.10,-10.40,97.30,97.30,94.10,5998000,568261400,3355,TPEX_CSV,2026-07-29 14:15:30 +0800
1150729,2026-07-29,上櫃,6185,幃翔,13.70,-0.05,13.85,13.85,13.45,261000,3543050,136,TPEX_CSV,2026-07-29 14:15:30 +0800
1150729,2026-07-29,上櫃,6186,新潤,41.55,+0.15,41.75,41.95,40.65,1057000,43615150,609,TPEX_CSV,2026-07-29 14:15:30 +0800
1150729,2026-07-29,上櫃,6187,萬潤,890.00,-72.00,978.00,1005.00,866.00,4097000,3728987000,3533,TPEX_CSV,2026-07-29 14:15:30 +0800
1150729,2026-07-29,上櫃,6188,廣明,64.40,-2.60,67.10,68.30,62.10,2079000,134360000,1286,TPEX_CSV,2026-07-29 14:15:30 +0800
1150729,2026-07-29,上櫃,6190,萬泰科,60.20,-4.60,65.80,66.30,58.40,3733000,225424900,2251,TPEX_CSV,2026-07-29 14:15:30 +0800
1150729,2026-07-29,上櫃,6194,育富,29.25,-0.60,29.85,29.85,29.20,81000,2387100,48,TPEX_CSV,2026-07-29 14:15:30 +0800
1150729,2026-07-29,上櫃,6195,詩肯,26.60,-0.35,27.00,27.00,26.60,47000,1256500,27,TPEX_CSV,2026-07-29 14:15:30 +0800
1150729,2026-07-29,上櫃,6198,瑞築,18.70,-0.95,19.80,19.80,18.70,96000,1832350,32,TPEX_CSV,2026-07-29 14:15:30 +0800
1150729,2026-07-29,上櫃,6199,天品,94.10,-4.50,100.50,106.00,94.10,1237000,125246900,736,TPEX_CSV,2026-07-29 14:15:30 +0800
1150729,2026-07-29,上櫃,6203,海韻電,64.50,-1.10,65.70,65.70,63.80,256000,16504400,203,TPEX_CSV,2026-07-29 14:15:30 +0800
1150729,2026-07-29,上櫃,6204,艾華,63.20,-3.20,66.50,67.20,61.00,272000,17177200,206,TPEX_CSV,2026-07-29 14:15:30 +0800
1150729,2026-07-29,上櫃,6207,雷科,94.20,-5.80,100.00,104.00,90.10,8064000,759419300,5453,TPEX_CSV,2026-07-29 14:15:30 +0800
1150729,2026-07-29,上櫃,6208,日揚,79.60,+1.10,78.60,80.00,77.30,550000,43051300,383,TPEX_CSV,2026-07-29 14:15:30 +0800
1150729,2026-07-29,上櫃,6210,慶生,19.25,+0.15,18.50,19.25,18.50,7000,132500,7,TPEX_CSV,2026-07-29 14:15:30 +0800
1150729,2026-07-29,上櫃,6212,理銘,28.25,-0.50,28.25,28.25,28.25,2000,56500,2,TPEX_CSV,2026-07-29 14:15:30 +0800
1150729,2026-07-29,上櫃,6217,中探針,112.50,-12.00,112.50,112.50,112.50,153000,17212500,115,TPEX_CSV,2026-07-29 14:15:30 +0800
1150729,2026-07-29,上櫃,6218,豪勉,30.20,-1.40,31.80,31.90,28.50,712000,21215300,481,TPEX_CSV,2026-07-29 14:15:30 +0800
1150729,2026-07-29,上櫃,6219,富旺,12.35,+0.05,12.20,12.50,12.00,347000,4232250,136,TPEX_CSV,2026-07-29 14:15:30 +0800
1150729,2026-07-29,上櫃,6220,岳豐,25.00,-0.90,25.95,25.95,24.40,378000,9408200,276,TPEX_CSV,2026-07-29 14:15:30 +0800
1150729,2026-07-29,上櫃,6221,晉泰,20.60,-0.75,21.25,21.25,20.40,175000,3626500,129,TPEX_CSV,2026-07-29 14:15:30 +0800
1150729,2026-07-29,上櫃,6222,立軒,20.45,+0.30,19.75,20.45,19.30,11000,218000,11,TPEX_CSV,2026-07-29 14:15:30 +0800
1150729,2026-07-29,上櫃,6223,旺矽,4790.00,-375.00,5070.00,5280.00,4650.00,1061000,5093995000,959,TPEX_CSV,2026-07-29 14:15:30 +0800
1150729,2026-07-29,上櫃,6227,茂綸,111.00,-4.50,116.00,118.00,106.50,780000,87643000,637,TPEX_CSV,2026-07-29 14:15:30 +0800
1150729,2026-07-29,上櫃,6228,全譜,18.25,+0.05,18.25,18.25,18.25,4000,73000,2,TPEX_CSV,2026-07-29 14:15:30 +0800
1150729,2026-07-29,上櫃,6229,研通,21.90,-0.75,22.60,22.65,21.00,177000,3866050,81,TPEX_CSV,2026-07-29 14:15:30 +0800
1150729,2026-07-29,上櫃,6231,系微,201.50,-10.50,210.00,214.00,191.50,691000,137706000,631,TPEX_CSV,2026-07-29 14:15:30 +0800
1150729,2026-07-29,上櫃,6233,旺玖,19.05,-1.20,20.60,20.60,18.70,610000,11756100,271,TPEX_CSV,2026-07-29 14:15:30 +0800
1150729,2026-07-29,上櫃,6234,高僑,31.95,-2.00,34.10,34.30,31.00,1146000,36636150,701,TPEX_CSV,2026-07-29 14:15:30 +0800
1150729,2026-07-29,上櫃,6236,中湛,----,---,----,----,----,0,0,0,TPEX_CSV,2026-07-29 14:15:30 +0800
1150729,2026-07-29,上櫃,6237,驊訊,31.00,-2.00,33.30,33.30,30.10,517000,16101150,357,TPEX_CSV,2026-07-29 14:15:30 +0800
1150729,2026-07-29,上櫃,6240,松崗,17.30,+0.10,17.20,17.75,17.20,12000,210000,10,TPEX_CSV,2026-07-29 14:15:30 +0800
1150729,2026-07-29,上櫃,6241,鑫永洋,15.50,-0.20,15.65,15.95,14.15,689000,10417550,285,TPEX_CSV,2026-07-29 14:15:30 +0800
1150729,2026-07-29,上櫃,6242,立康,34.65,-0.55,35.00,35.00,34.65,11000,383400,11,TPEX_CSV,2026-07-29 14:15:30 +0800
1150729,2026-07-29,上櫃,6244,茂迪,21.15,-1.55,23.10,23.10,20.60,6356000,135686100,2677,TPEX_CSV,2026-07-29 14:15:30 +0800
1150729,2026-07-29,上櫃,6245,立端,77.40,-2.60,80.30,80.30,74.40,1051000,80258800,816,TPEX_CSV,2026-07-29 14:15:30 +0800
1150729,2026-07-29,上櫃,6246,臺龍,11.95,-0.60,12.50,12.50,11.80,50000,609200,30,TPEX_CSV,2026-07-29 14:15:30 +0800
1150729,2026-07-29,上櫃,6248,沛波,17.30,-0.30,17.50,17.50,17.00,202000,3467450,90,TPEX_CSV,2026-07-29 14:15:30 +0800
1150729,2026-07-29,上櫃,6259,百徽,27.70,-1.20,29.55,29.55,26.30,888000,24304500,602,TPEX_CSV,2026-07-29 14:15:30 +0800
1150729,2026-07-29,上櫃,6261,久元,73.10,-3.00,77.80,77.80,70.10,1329000,96294000,985,TPEX_CSV,2026-07-29 14:15:30 +0800
1150729,2026-07-29,上櫃,6263,普萊德,140.50,-3.50,144.00,146.00,138.50,219000,30862000,187,TPEX_CSV,2026-07-29 14:15:30 +0800
1150729,2026-07-29,上櫃,6264,富裔,6.00,-0.03,5.92,6.03,5.91,18000,107260,13,TPEX_CSV,2026-07-29 14:15:30 +0800
1150729,2026-07-29,上櫃,6265,方土昶,41.05,-2.55,44.10,44.60,39.25,3408000,138174500,1945,TPEX_CSV,2026-07-29 14:15:30 +0800
1150729,2026-07-29,上櫃,6266,泰詠,23.80,-0.40,24.30,24.30,23.45,391000,9308350,221,TPEX_CSV,2026-07-29 14:15:30 +0800
1150729,2026-07-29,上櫃,6270,倍微,27.05,-1.20,28.30,28.60,26.00,759000,20406700,464,TPEX_CSV,2026-07-29 14:15:30 +0800
1150729,2026-07-29,上櫃,6274,台燿,1020.00,-110.00,1125.00,1155.00,1020.00,7090000,7513380000,5230,TPEX_CSV,2026-07-29 14:15:30 +0800
1150729,2026-07-29,上櫃,6275,元山,40.10,-1.50,41.50,41.90,39.50,416000,16715200,284,TPEX_CSV,2026-07-29 14:15:30 +0800
1150729,2026-07-29,上櫃,6276,安鈦克,19.00,-0.45,20.30,20.30,18.85,66000,1260150,51,TPEX_CSV,2026-07-29 14:15:30 +0800
1150729,2026-07-29,上櫃,6279,胡連,112.50,-0.50,113.00,113.50,110.00,507000,56601000,371,TPEX_CSV,2026-07-29 14:15:30 +0800
1150729,2026-07-29,上櫃,6284,佳邦,69.20,-4.00,75.00,75.00,66.60,2160000,149216300,1395,TPEX_CSV,2026-07-29 14:15:30 +0800
1150729,2026-07-29,上櫃,6290,良維,202.50,-12.50,215.00,217.00,193.50,5221000,1041585000,3788,TPEX_CSV,2026-07-29 14:15:30 +0800
1150729,2026-07-29,上櫃,6291,沛亨,315.00,-21.00,325.00,336.50,302.50,840000,259611500,632,TPEX_CSV,2026-07-29 14:15:30 +0800
1150729,2026-07-29,上櫃,6292,迅德,47.30,-1.40,48.70,48.95,46.10,251000,11737300,168,TPEX_CSV,2026-07-29 14:15:30 +0800
1150729,2026-07-29,上櫃,6294,智基,26.50,-0.50,26.90,26.90,26.10,26000,688500,23,TPEX_CSV,2026-07-29 14:15:30 +0800
1150729,2026-07-29,上櫃,6411,晶焱,70.60,除息,74.20,74.60,68.90,900000,63352200,602,TPEX_CSV,2026-07-29 14:15:30 +0800
1150729,2026-07-29,上櫃,6417,韋僑,106.50,-5.50,114.00,114.00,102.50,273000,29268500,205,TPEX_CSV,2026-07-29 14:15:30 +0800
1150729,2026-07-29,上櫃,6418,詠昇,29.50,-2.05,31.15,31.15,28.75,209000,6216150,113,TPEX_CSV,2026-07-29 14:15:30 +0800
1150729,2026-07-29,上櫃,6419,京晨科,120.50,-4.50,128.50,128.50,114.00,226000,26805500,211,TPEX_CSV,2026-07-29 14:15:30 +0800
1150729,2026-07-29,上櫃,6423,億而得,65.50,-1.20,66.50,66.80,62.50,152000,9772100,123,TPEX_CSV,2026-07-29 14:15:30 +0800
1150729,2026-07-29,上櫃,6425,易發,51.30,-2.80,54.30,55.10,48.70,697000,35337200,511,TPEX_CSV,2026-07-29 14:15:30 +0800
1150729,2026-07-29,上櫃,6432,今展科,72.30,+0.80,72.90,73.90,69.30,2008000,143450300,1592,TPEX_CSV,2026-07-29 14:15:30 +0800
1150729,2026-07-29,上櫃,6435,大中,220.00,-15.00,238.00,238.00,211.50,891000,196485500,737,TPEX_CSV,2026-07-29 14:15:30 +0800
1150729,2026-07-29,上櫃,6441,廣錠,19.20,-0.80,19.90,20.00,18.55,126000,2407250,116,TPEX_CSV,2026-07-29 14:15:30 +0800
1150729,2026-07-29,上櫃,6461,益得,15.45,+0.05,15.40,15.85,15.25,233000,3596700,107,TPEX_CSV,2026-07-29 14:15:30 +0800
1150729,2026-07-29,上櫃,6462,神盾,91.80,-1.80,94.50,94.80,88.30,1106000,99753500,862,TPEX_CSV,2026-07-29 14:15:30 +0800
1150729,2026-07-29,上櫃,6465,威潤,46.20,-1.50,47.70,47.70,45.00,370000,17007800,280,TPEX_CSV,2026-07-29 14:15:30 +0800
1150729,2026-07-29,上櫃,6469,大樹,77.50,-0.30,78.50,79.00,76.50,573000,44419800,429,TPEX_CSV,2026-07-29 14:15:30 +0800
1150729,2026-07-29,上櫃,6470,宇智,45.65,-1.05,46.30,46.40,45.05,71000,3243150,55,TPEX_CSV,2026-07-29 14:15:30 +0800
1150729,2026-07-29,上櫃,6474,華豫寧,36.25,-0.40,36.65,36.90,36.15,34000,1238500,27,TPEX_CSV,2026-07-29 14:15:30 +0800
1150729,2026-07-29,上櫃,6482,弘煜科,27.40,-0.20,27.40,27.40,27.40,10000,274000,8,TPEX_CSV,2026-07-29 14:15:30 +0800
1150729,2026-07-29,上櫃,6485,點序,55.20,-3.40,59.00,59.50,52.80,694000,37569000,508,TPEX_CSV,2026-07-29 14:15:30 +0800
1150729,2026-07-29,上櫃,6486,互動,75.30,-1.20,76.70,77.50,74.70,176000,13284200,100,TPEX_CSV,2026-07-29 14:15:30 +0800
1150729,2026-07-29,上櫃,6488,環球晶,864.00,-95.00,947.00,948.00,864.00,4729000,4179797000,3361,TPEX_CSV,2026-07-29 14:15:30 +0800
1150729,2026-07-29,上櫃,6492,生華科,39.40,0.00,39.40,39.50,38.05,387000,15016650,252,TPEX_CSV,2026-07-29 14:15:30 +0800
1150729,2026-07-29,上櫃,6494,九齊,44.30,-2.00,45.70,46.25,43.00,523000,23435400,281,TPEX_CSV,2026-07-29 14:15:30 +0800
1150729,2026-07-29,上櫃,6496,科懋,24.25,-0.10,24.10,24.30,24.00,17000,409100,9,TPEX_CSV,2026-07-29 14:15:30 +0800
1150729,2026-07-29,上櫃,6498,久禾光,70.00,-4.00,74.50,75.70,68.60,278000,19629400,223,TPEX_CSV,2026-07-29 14:15:30 +0800
1150729,2026-07-29,上櫃,6499,益安,58.30,-3.60,62.10,62.10,56.30,925000,53768900,551,TPEX_CSV,2026-07-29 14:15:30 +0800
1150729,2026-07-29,上櫃,6506,雙邦,16.15,-0.45,16.60,16.65,15.95,204000,3301850,91,TPEX_CSV,2026-07-29 14:15:30 +0800
1150729,2026-07-29,上櫃,6508,惠光,24.85,-0.35,25.60,25.80,24.85,92000,2316650,62,TPEX_CSV,2026-07-29 14:15:30 +0800
1150729,2026-07-29,上櫃,6509,聚和,42.50,-1.60,44.20,45.20,41.05,2348000,99035300,1149,TPEX_CSV,2026-07-29 14:15:30 +0800
1150729,2026-07-29,上櫃,6510,精測,2370.00,-110.00,2475.00,2500.00,2235.00,621000,1437905000,569,TPEX_CSV,2026-07-29 14:15:30 +0800
1150729,2026-07-29,上櫃,6512,啟發電,19.70,0.00,19.70,19.70,19.65,7000,137700,7,TPEX_CSV,2026-07-29 14:15:30 +0800
1150729,2026-07-29,上櫃,6516,勤崴國際,55.60,-1.70,57.00,57.50,55.50,95000,5344100,81,TPEX_CSV,2026-07-29 14:15:30 +0800
1150729,2026-07-29,上櫃,6517,保勝光學,64.90,+4.30,60.60,66.40,58.20,2310000,145717000,1655,TPEX_CSV,2026-07-29 14:15:30 +0800
1150729,2026-07-29,上櫃,6523,達爾膚,89.50,-1.00,90.60,90.60,89.10,39000,3499700,30,TPEX_CSV,2026-07-29 14:15:30 +0800
1150729,2026-07-29,上櫃,6527,明達醫,67.00,-1.60,68.60,68.60,67.00,14000,944600,14,TPEX_CSV,2026-07-29 14:15:30 +0800
1150729,2026-07-29,上櫃,6530,創威,64.70,-4.20,68.50,70.00,62.20,1026000,66613400,768,TPEX_CSV,2026-07-29 14:15:30 +0800
1150729,2026-07-29,上櫃,6532,瑞耘,61.30,-3.40,64.50,65.10,58.70,387000,23498200,267,TPEX_CSV,2026-07-29 14:15:30 +0800
1150729,2026-07-29,上櫃,6535,順藥,88.10,-4.50,94.60,94.60,86.80,171000,15268500,160,TPEX_CSV,2026-07-29 14:15:30 +0800
1150729,2026-07-29,上櫃,6538,倉和,122.00,+4.50,120.00,123.00,108.50,2370000,270903000,1317,TPEX_CSV,2026-07-29 14:15:30 +0800
1150729,2026-07-29,上櫃,6542,隆中,47.90,+0.20,47.25,47.90,47.10,9000,427000,9,TPEX_CSV,2026-07-29 14:15:30 +0800
1150729,2026-07-29,上櫃,6546,正基,53.70,-3.80,57.70,58.20,51.80,815000,43820400,531,TPEX_CSV,2026-07-29 14:15:30 +0800
1150729,2026-07-29,上櫃,6547,高端疫苗,45.70,-0.80,47.05,47.35,45.05,2173000,99970400,1255,TPEX_CSV,2026-07-29 14:15:30 +0800
1150729,2026-07-29,上櫃,6548,長科*,59.60,-2.40,62.10,63.00,55.80,8508000,493766900,5042,TPEX_CSV,2026-07-29 14:15:30 +0800
1150729,2026-07-29,上櫃,6556,勝品,64.60,-0.50,65.00,65.00,63.00,10000,640000,10,TPEX_CSV,2026-07-29 14:15:30 +0800
1150729,2026-07-29,上櫃,6560,欣普羅,30.65,-1.00,30.75,30.80,29.50,135000,4094950,76,TPEX_CSV,2026-07-29 14:15:30 +0800
1150729,2026-07-29,上櫃,6561,是方,324.00,+2.50,322.00,327.50,317.00,71000,22869000,65,TPEX_CSV,2026-07-29 14:15:30 +0800
1150729,2026-07-29,上櫃,6568,宏觀,125.00,-8.50,135.00,135.00,120.50,302000,37493500,254,TPEX_CSV,2026-07-29 14:15:30 +0800
1150729,2026-07-29,上櫃,6569,醫揚,97.30,-3.20,100.00,101.00,94.90,62000,6025800,59,TPEX_CSV,2026-07-29 14:15:30 +0800
1150729,2026-07-29,上櫃,6570,維田,48.45,+0.70,50.60,50.60,46.85,198000,9449350,152,TPEX_CSV,2026-07-29 14:15:30 +0800
1150729,2026-07-29,上櫃,6574,霈方,118.50,-4.50,121.00,121.50,115.00,144000,16923500,113,TPEX_CSV,2026-07-29 14:15:30 +0800
1150729,2026-07-29,上櫃,6576,逸達,79.00,-1.70,79.80,80.00,76.70,241000,18880700,146,TPEX_CSV,2026-07-29 14:15:30 +0800
1150729,2026-07-29,上櫃,6577,勁豐,81.80,-1.60,83.50,83.60,77.20,349000,27834100,277,TPEX_CSV,2026-07-29 14:15:30 +0800
1150729,2026-07-29,上櫃,6578,達邦蛋白,16.10,-0.20,16.05,16.10,15.90,46000,735600,32,TPEX_CSV,2026-07-29 14:15:30 +0800
1150729,2026-07-29,上櫃,6584,南俊國際,434.00,-48.00,457.00,473.00,434.00,494000,219534500,427,TPEX_CSV,2026-07-29 14:15:30 +0800
1150729,2026-07-29,上櫃,6588,東典光電,89.90,-3.10,91.50,100.00,86.90,15006000,1409923800,10742,TPEX_CSV,2026-07-29 14:15:30 +0800
1150729,2026-07-29,上櫃,6590,普鴻,65.40,-0.60,65.60,65.60,64.70,16000,1042300,16,TPEX_CSV,2026-07-29 14:15:30 +0800
1150729,2026-07-29,上櫃,6593,台灣銘板,32.50,-0.20,33.00,33.25,32.05,196000,6366400,153,TPEX_CSV,2026-07-29 14:15:30 +0800
1150729,2026-07-29,上櫃,6596,寬宏藝術,86.10,-0.80,87.00,87.60,85.20,218000,18744600,161,TPEX_CSV,2026-07-29 14:15:30 +0800
1150729,2026-07-29,上櫃,6597,立誠,59.50,+0.10,61.40,61.40,58.00,6000,352900,5,TPEX_CSV,2026-07-29 14:15:30 +0800
1150729,2026-07-29,上櫃,6603,富強鑫,26.20,+0.60,25.45,26.40,25.20,3516000,90664700,1566,TPEX_CSV,2026-07-29 14:15:30 +0800
1150729,2026-07-29,上櫃,6609,瀧澤科,35.40,-1.75,37.25,37.40,35.00,517000,18480600,342,TPEX_CSV,2026-07-29 14:15:30 +0800
1150729,2026-07-29,上櫃,6612,奈米醫材,68.30,-1.20,68.70,69.00,68.00,20000,1370700,18,TPEX_CSV,2026-07-29 14:15:30 +0800
1150729,2026-07-29,上櫃,6613,朋億*,263.50,-19.00,280.50,285.50,254.50,602000,158749000,476,TPEX_CSV,2026-07-29 14:15:30 +0800
1150729,2026-07-29,上櫃,6615,慧智,33.00,-0.60,32.80,33.00,32.75,12000,394550,11,TPEX_CSV,2026-07-29 14:15:30 +0800
1150729,2026-07-29,上櫃,6616,特昇-KY,8.84,-0.03,8.74,8.98,8.61,28000,245450,23,TPEX_CSV,2026-07-29 14:15:30 +0800
1150729,2026-07-29,上櫃,6617,共信-KY,78.90,-2.60,81.00,81.00,76.10,417000,32479600,333,TPEX_CSV,2026-07-29 14:15:30 +0800
1150729,2026-07-29,上櫃,6620,漢達,87.60,+0.30,87.90,93.50,86.40,1272000,113929400,919,TPEX_CSV,2026-07-29 14:15:30 +0800
1150729,2026-07-29,上櫃,6624,萬年清,38.45,-1.05,39.05,39.05,38.45,4000,155000,4,TPEX_CSV,2026-07-29 14:15:30 +0800
1150729,2026-07-29,上櫃,6629,泰金-KY,103.50,+0.50,102.00,103.50,101.50,17000,1736500,15,TPEX_CSV,2026-07-29 14:15:30 +0800
1150729,2026-07-29,上櫃,6637,醫影,61.60,-0.50,62.10,62.10,60.30,124000,7603300,73,TPEX_CSV,2026-07-29 14:15:30 +0800
1150729,2026-07-29,上櫃,6640,均華,790.00,-81.00,872.00,877.00,784.00,252000,202487000,226,TPEX_CSV,2026-07-29 14:15:30 +0800
1150729,2026-07-29,上櫃,6642,富致,70.00,-1.50,71.50,72.30,65.20,422000,28500700,368,TPEX_CSV,2026-07-29 14:15:30 +0800
1150729,2026-07-29,上櫃,6643,M31,378.00,-38.00,423.50,426.00,374.50,1017000,393661500,920,TPEX_CSV,2026-07-29 14:15:30 +0800
1150729,2026-07-29,上櫃,6649,台生材,37.90,+0.75,36.20,37.90,34.40,208000,7416900,152,TPEX_CSV,2026-07-29 14:15:30 +0800
1150729,2026-07-29,上櫃,6651,全宇昕,112.00,-2.50,114.50,116.00,106.50,248000,27345000,210,TPEX_CSV,2026-07-29 14:15:30 +0800
1150729,2026-07-29,上櫃,6654,天正國際,153.00,-13.00,166.00,166.00,149.50,142000,22056500,112,TPEX_CSV,2026-07-29 14:15:30 +0800
1150729,2026-07-29,上櫃,6661,威健生技,16.55,-1.20,17.40,17.40,16.55,4000,68300,4,TPEX_CSV,2026-07-29 14:15:30 +0800
1150729,2026-07-29,上櫃,6662,樂斯科,30.80,+0.30,29.65,31.00,29.30,22000,661600,21,TPEX_CSV,2026-07-29 14:15:30 +0800
1150729,2026-07-29,上櫃,6664,群翊,313.50,-17.00,330.50,336.00,302.50,585000,183446000,477,TPEX_CSV,2026-07-29 14:15:30 +0800
1150729,2026-07-29,上櫃,6667,信紘科,220.00,-13.00,232.50,233.00,215.00,482000,106545000,387,TPEX_CSV,2026-07-29 14:15:30 +0800
1150729,2026-07-29,上櫃,6679,鈺太,195.50,-13.50,209.00,210.00,188.50,1020000,197484500,511,TPEX_CSV,2026-07-29 14:15:30 +0800
1150729,2026-07-29,上櫃,6680,鑫創電子,55.10,+0.10,55.50,55.50,55.10,3000,165700,2,TPEX_CSV,2026-07-29 14:15:30 +0800
1150729,2026-07-29,上櫃,6683,雍智科技,936.00,-104.00,1040.00,1040.00,936.00,65000,61672000,59,TPEX_CSV,2026-07-29 14:15:30 +0800
1150729,2026-07-29,上櫃,6684,安格,45.00,-2.70,47.10,47.10,42.95,355000,15678700,285,TPEX_CSV,2026-07-29 14:15:30 +0800
1150729,2026-07-29,上櫃,6690,安碁資訊,156.00,-3.50,160.00,161.00,155.00,91000,14353500,80,TPEX_CSV,2026-07-29 14:15:30 +0800
1150729,2026-07-29,上櫃,6692,進能服,22.35,-0.70,22.45,22.55,22.00,28000,623650,22,TPEX_CSV,2026-07-29 14:15:30 +0800
1150729,2026-07-29,上櫃,6693,廣閎科,142.00,-13.50,156.00,157.00,140.00,1056000,152275000,741,TPEX_CSV,2026-07-29 14:15:30 +0800
1150729,2026-07-29,上櫃,6697,東捷資訊,38.80,-1.60,39.70,39.90,38.00,99000,3900050,56,TPEX_CSV,2026-07-29 14:15:30 +0800
1150729,2026-07-29,上櫃,6703,軒郁,103.00,-0.50,103.50,104.00,101.50,68000,6983500,52,TPEX_CSV,2026-07-29 14:15:30 +0800
1150729,2026-07-29,上櫃,6708,天擎,37.70,-0.10,36.50,37.70,35.00,45000,1626200,31,TPEX_CSV,2026-07-29 14:15:30 +0800
1150729,2026-07-29,上櫃,6712,長聖,146.50,+2.00,146.50,147.00,142.00,498000,71767500,343,TPEX_CSV,2026-07-29 14:15:30 +0800
1150729,2026-07-29,上櫃,6716,應廣,71.00,-5.80,75.20,76.90,69.20,530000,37556800,320,TPEX_CSV,2026-07-29 14:15:30 +0800
1150729,2026-07-29,上櫃,6720,久昌,137.00,-1.00,137.50,137.50,126.00,143000,18687500,117,TPEX_CSV,2026-07-29 14:15:30 +0800
1150729,2026-07-29,上櫃,6721,信實,52.00,-0.50,52.50,52.50,52.00,12000,625300,11,TPEX_CSV,2026-07-29 14:15:30 +0800
1150729,2026-07-29,上櫃,6725,矽科宏晟,245.50,-19.50,268.00,268.00,241.50,261000,64974000,182,TPEX_CSV,2026-07-29 14:15:30 +0800
1150729,2026-07-29,上櫃,6727,亞泰金屬,309.00,-34.00,313.00,313.00,309.00,149000,46109000,132,TPEX_CSV,2026-07-29 14:15:30 +0800
1150729,2026-07-29,上櫃,6728,上洋,108.00,-1.00,108.50,108.50,106.00,35000,3744500,33,TPEX_CSV,2026-07-29 14:15:30 +0800
1150729,2026-07-29,上櫃,6730,常廣,32.80,-0.60,33.30,33.30,32.10,40000,1309250,18,TPEX_CSV,2026-07-29 14:15:30 +0800
1150729,2026-07-29,上櫃,6732,昇佳電子,150.00,-5.50,156.00,158.50,143.00,610000,90224000,510,TPEX_CSV,2026-07-29 14:15:30 +0800
1150729,2026-07-29,上櫃,6733,博晟生醫,28.90,+2.60,28.90,28.90,28.90,276000,7976400,133,TPEX_CSV,2026-07-29 14:15:30 +0800
1150729,2026-07-29,上櫃,6735,美達科技,59.30,-2.90,63.10,63.10,57.20,236000,13926500,184,TPEX_CSV,2026-07-29 14:15:30 +0800
1150729,2026-07-29,上櫃,6739,竹陞科技,847.00,-94.00,940.00,942.00,847.00,213000,185207000,201,TPEX_CSV,2026-07-29 14:15:30 +0800
1150729,2026-07-29,上櫃,6741,91APP*-KY,54.30,-0.20,54.80,55.40,53.00,542000,29286700,327,TPEX_CSV,2026-07-29 14:15:30 +0800
1150729,2026-07-29,上櫃,6751,智聯服務,39.95,-0.35,40.00,40.30,39.50,31000,1235600,21,TPEX_CSV,2026-07-29 14:15:30 +0800
1150729,2026-07-29,上櫃,6752,叡揚,93.20,-4.20,93.30,97.40,92.60,57000,5333700,55,TPEX_CSV,2026-07-29 14:15:30 +0800
1150729,2026-07-29,上櫃,6761,穩得,134.00,-4.50,139.00,139.00,126.00,491000,64295000,366,TPEX_CSV,2026-07-29 14:15:30 +0800
1150729,2026-07-29,上櫃,6762,達亞,176.00,-3.00,178.50,178.50,170.00,7000,1213500,7,TPEX_CSV,2026-07-29 14:15:30 +0800
1150729,2026-07-29,上櫃,6763,綠界科技*,40.45,-1.15,41.65,41.65,40.05,541000,22037500,374,TPEX_CSV,2026-07-29 14:15:30 +0800
1150729,2026-07-29,上櫃,6767,台微醫,24.50,-0.20,24.35,24.50,24.20,12000,291350,10,TPEX_CSV,2026-07-29 14:15:30 +0800
1150729,2026-07-29,上櫃,6785,昱展新藥,99.10,-6.40,105.50,105.50,97.50,274000,27357800,215,TPEX_CSV,2026-07-29 14:15:30 +0800
1150729,2026-07-29,上櫃,6788,華景電,306.00,-5.00,313.50,319.00,292.00,765000,230229000,654,TPEX_CSV,2026-07-29 14:15:30 +0800
1150729,2026-07-29,上櫃,6791,虎門科技,97.00,-3.50,99.90,99.90,96.80,67000,6532600,60,TPEX_CSV,2026-07-29 14:15:30 +0800
1150729,2026-07-29,上櫃,6803,崑鼎,270.00,-1.00,272.00,273.00,268.50,114000,30802500,93,TPEX_CSV,2026-07-29 14:15:30 +0800
1150729,2026-07-29,上櫃,6804,明係,19.10,+0.10,18.90,19.65,18.70,289000,5532500,189,TPEX_CSV,2026-07-29 14:15:30 +0800
1150729,2026-07-29,上櫃,6811,宏碁資訊,214.50,-9.50,225.00,225.00,212.00,262000,56691500,225,TPEX_CSV,2026-07-29 14:15:30 +0800
1150729,2026-07-29,上櫃,6821,聯寶,38.80,-1.25,40.80,41.35,37.30,372000,14296200,226,TPEX_CSV,2026-07-29 14:15:30 +0800
1150729,2026-07-29,上櫃,6823,濾能,62.90,-0.50,67.80,67.80,60.00,166000,10276800,134,TPEX_CSV,2026-07-29 14:15:30 +0800
1150729,2026-07-29,上櫃,6829,千附精密,169.00,-11.00,181.00,183.00,162.50,1094000,184712000,874,TPEX_CSV,2026-07-29 14:15:30 +0800
1150729,2026-07-29,上櫃,6840,東研信超,57.80,-1.20,61.00,61.00,56.70,105000,6071800,76,TPEX_CSV,2026-07-29 14:15:30 +0800
1150729,2026-07-29,上櫃,6841,長佳智能,53.80,-1.40,55.90,55.90,52.70,488000,26248200,357,TPEX_CSV,2026-07-29 14:15:30 +0800
1150729,2026-07-29,上櫃,6843,進典,38.50,-0.20,38.50,39.40,38.20,8000,308000,6,TPEX_CSV,2026-07-29 14:15:30 +0800
1150729,2026-07-29,上櫃,6844,諾貝兒,60.10,-1.10,60.70,60.70,60.10,13000,784700,11,TPEX_CSV,2026-07-29 14:15:30 +0800
1150729,2026-07-29,上櫃,6846,綠茵,60.20,-2.20,62.50,63.00,60.20,35000,2140600,31,TPEX_CSV,2026-07-29 14:15:30 +0800
1150729,2026-07-29,上櫃,6855,數泓科,111.00,-1.50,110.00,112.00,110.00,8000,888500,7,TPEX_CSV,2026-07-29 14:15:30 +0800
1150729,2026-07-29,上櫃,6856,鑫傳,44.00,+0.15,44.80,44.85,42.35,18000,783200,18,TPEX_CSV,2026-07-29 14:15:30 +0800
1150729,2026-07-29,上櫃,6859,伯特光,99.00,+1.00,97.50,99.00,93.50,76000,7324200,63,TPEX_CSV,2026-07-29 14:15:30 +0800
1150729,2026-07-29,上櫃,6865,偉康科技,25.40,+0.85,24.40,25.40,23.85,14000,340650,12,TPEX_CSV,2026-07-29 14:15:30 +0800
1150729,2026-07-29,上櫃,6870,騰雲,223.00,-20.00,242.50,242.50,220.00,89000,20198500,88,TPEX_CSV,2026-07-29 14:15:30 +0800
1150729,2026-07-29,上櫃,6872,浩宇生醫,15.30,-0.20,15.50,15.75,15.10,31000,474200,23,TPEX_CSV,2026-07-29 14:15:30 +0800
1150729,2026-07-29,上櫃,6874,倍力,75.00,-2.40,76.40,76.40,72.90,46000,3415900,34,TPEX_CSV,2026-07-29 14:15:30 +0800
1150729,2026-07-29,上櫃,6875,國邑*,32.80,-1.75,34.20,34.40,32.50,159000,5321500,114,TPEX_CSV,2026-07-29 14:15:30 +0800
1150729,2026-07-29,上櫃,6877,鏵友益,109.00,-9.50,115.00,115.00,107.00,122000,13214500,96,TPEX_CSV,2026-07-29 14:15:30 +0800
1150729,2026-07-29,上櫃,6881,潤德,199.00,-5.00,201.50,201.50,199.00,6000,1202500,5,TPEX_CSV,2026-07-29 14:15:30 +0800
1150729,2026-07-29,上櫃,6884,海柏特,29.40,-0.65,30.00,30.00,29.30,8000,235750,6,TPEX_CSV,2026-07-29 14:15:30 +0800
1150729,2026-07-29,上櫃,6894,衛司特,302.50,-16.50,321.00,325.00,299.00,90000,27475500,87,TPEX_CSV,2026-07-29 14:15:30 +0800
1150729,2026-07-29,上櫃,6895,宏碩系統,113.50,-4.00,116.00,118.00,110.00,116000,13226500,98,TPEX_CSV,2026-07-29 14:15:30 +0800
1150729,2026-07-29,上櫃,6899,創為精密,49.00,-0.80,49.85,50.40,49.00,46000,2272100,38,TPEX_CSV,2026-07-29 14:15:30 +0800
1150729,2026-07-29,上櫃,6903,巨漢,291.00,-19.50,310.00,315.00,279.50,1141000,330101500,934,TPEX_CSV,2026-07-29 14:15:30 +0800
1150729,2026-07-29,上櫃,6904,伯鑫,116.00,-2.50,118.00,120.00,114.00,12000,1402000,12,TPEX_CSV,2026-07-29 14:15:30 +0800
1150729,2026-07-29,上櫃,6907,雅特力-KY,160.50,-17.50,172.00,172.00,160.50,446000,72471000,353,TPEX_CSV,2026-07-29 14:15:30 +0800
1150729,2026-07-29,上櫃,6910,德鴻,24.10,-1.20,25.70,25.70,24.10,15000,370900,14,TPEX_CSV,2026-07-29 14:15:30 +0800
1150729,2026-07-29,上櫃,6913,鴻呈,115.50,-3.50,119.00,119.00,111.50,281000,31998500,203,TPEX_CSV,2026-07-29 14:15:30 +0800
1150729,2026-07-29,上櫃,6922,宸曜,168.00,-5.50,172.00,173.00,163.00,214000,35781500,165,TPEX_CSV,2026-07-29 14:15:30 +0800
1150729,2026-07-29,上櫃,6925,意藍,50.00,-2.00,52.00,52.00,48.70,115000,5749750,90,TPEX_CSV,2026-07-29 14:15:30 +0800
1150729,2026-07-29,上櫃,6929,佑全,23.00,+0.15,21.90,23.00,21.50,9000,196600,9,TPEX_CSV,2026-07-29 14:15:30 +0800
1150729,2026-07-29,上櫃,6945,圓祥生技,88.80,-2.10,93.90,93.90,87.10,352000,31345500,239,TPEX_CSV,2026-07-29 14:15:30 +0800
1150729,2026-07-29,上櫃,6953,家碩,193.50,-17.50,207.00,207.00,191.00,101000,19997500,95,TPEX_CSV,2026-07-29 14:15:30 +0800
1150729,2026-07-29,上櫃,6961,旅天下,51.90,-0.60,52.50,52.50,51.30,52000,2691600,37,TPEX_CSV,2026-07-29 14:15:30 +0800
1150729,2026-07-29,上櫃,6967,汎瑋材料,68.50,+0.70,69.00,69.10,65.00,136000,9083000,101,TPEX_CSV,2026-07-29 14:15:30 +0800
1150729,2026-07-29,上櫃,6968,萬達寵物,42.90,-0.60,43.50,43.55,42.00,122000,5242200,81,TPEX_CSV,2026-07-29 14:15:30 +0800
1150729,2026-07-29,上櫃,6971,惠民實業,26.10,-0.20,26.25,26.25,25.90,32000,833950,27,TPEX_CSV,2026-07-29 14:15:30 +0800
1150729,2026-07-29,上櫃,6982,大井泵浦,47.00,-0.50,46.20,47.80,45.00,67000,3060850,60,TPEX_CSV,2026-07-29 14:15:30 +0800
1150729,2026-07-29,上櫃,6983,華洋精機,287.00,-23.00,304.00,306.00,280.00,71000,20611500,68,TPEX_CSV,2026-07-29 14:15:30 +0800
1150729,2026-07-29,上櫃,6986,和迅,43.65,-0.45,44.30,44.60,43.00,101000,4424950,72,TPEX_CSV,2026-07-29 14:15:30 +0800
1150729,2026-07-29,上櫃,6996,力領科技,164.50,-5.50,170.50,171.00,162.00,236000,38967000,166,TPEX_CSV,2026-07-29 14:15:30 +0800
1150729,2026-07-29,上櫃,6997,博弘,68.50,-2.70,69.90,69.90,68.50,3000,208300,3,TPEX_CSV,2026-07-29 14:15:30 +0800
1150729,2026-07-29,上櫃,7402,邑錡,96.30,-5.20,101.00,104.50,91.50,918000,88630600,715,TPEX_CSV,2026-07-29 14:15:30 +0800
1150729,2026-07-29,上櫃,7547,碩網,45.50,-3.85,49.40,49.40,45.10,53000,2488950,36,TPEX_CSV,2026-07-29 14:15:30 +0800
1150729,2026-07-29,上櫃,7556,意德士,201.50,-8.50,207.00,207.00,195.00,121000,24221000,104,TPEX_CSV,2026-07-29 14:15:30 +0800
1150729,2026-07-29,上櫃,7584,樂意,25.50,-0.30,25.20,25.55,24.10,8000,200300,8,TPEX_CSV,2026-07-29 14:15:30 +0800
1150729,2026-07-29,上櫃,7642,昶瑞機電,77.90,-3.20,78.30,78.90,73.40,52000,4007100,44,TPEX_CSV,2026-07-29 14:15:30 +0800
1150729,2026-07-29,上櫃,7703,銳澤,156.00,-13.00,165.00,166.00,153.50,273000,43192500,206,TPEX_CSV,2026-07-29 14:15:30 +0800
1150729,2026-07-29,上櫃,7704,明遠精密,50.50,-0.60,50.10,52.00,48.80,135000,6797000,79,TPEX_CSV,2026-07-29 14:15:30 +0800
1150729,2026-07-29,上櫃,7708,全家餐飲,94.00,0.00,94.10,94.30,93.90,91000,8554000,55,TPEX_CSV,2026-07-29 14:15:30 +0800
1150729,2026-07-29,上櫃,7709,榮田,66.50,+1.50,65.00,68.00,58.50,121000,7394100,105,TPEX_CSV,2026-07-29 14:15:30 +0800
1150729,2026-07-29,上櫃,7712,博盛半導體,121.50,-6.50,128.50,130.50,117.00,541000,65538500,433,TPEX_CSV,2026-07-29 14:15:30 +0800
1150729,2026-07-29,上櫃,7713,威力德生醫,70.00,0.00,70.10,70.50,70.00,10000,701500,10,TPEX_CSV,2026-07-29 14:15:30 +0800
1150729,2026-07-29,上櫃,7714,創泓科技,136.00,-6.50,143.00,143.00,129.00,345000,45747000,285,TPEX_CSV,2026-07-29 14:15:30 +0800
1150729,2026-07-29,上櫃,7715,裕山,29.25,-0.75,30.00,30.00,27.55,156000,4492050,102,TPEX_CSV,2026-07-29 14:15:30 +0800
1150729,2026-07-29,上櫃,7716,昱臺國際,24.00,0.00,24.00,24.00,24.00,1000,24000,1,TPEX_CSV,2026-07-29 14:15:30 +0800
1150729,2026-07-29,上櫃,7717,萊德光電-KY,363.00,-37.50,426.00,426.00,360.50,289000,106680500,246,TPEX_CSV,2026-07-29 14:15:30 +0800
1150729,2026-07-29,上櫃,7718,友鋮,47.00,-0.10,46.70,47.10,46.60,56000,2628600,36,TPEX_CSV,2026-07-29 14:15:30 +0800
1150729,2026-07-29,上櫃,7723,築間,19.15,-0.75,19.60,19.60,18.90,114000,2181200,80,TPEX_CSV,2026-07-29 14:15:30 +0800
1150729,2026-07-29,上櫃,7728,光焱科技,531.00,-59.00,590.00,590.00,531.00,39000,21164000,37,TPEX_CSV,2026-07-29 14:15:30 +0800
1150729,2026-07-29,上櫃,7734,印能科技,3090.00,-15.00,3205.00,3205.00,2840.00,202000,610090000,187,TPEX_CSV,2026-07-29 14:15:30 +0800
1150729,2026-07-29,上櫃,7738,東聯互動,164.00,-1.00,165.00,166.00,163.00,37000,6088500,37,TPEX_CSV,2026-07-29 14:15:30 +0800
1150729,2026-07-29,上櫃,7743,金利食安,----,---,----,----,----,0,0,0,TPEX_CSV,2026-07-29 14:15:30 +0800
1150729,2026-07-29,上櫃,7744,崴寶,374.50,-20.00,395.00,395.00,358.00,113000,41960000,100,TPEX_CSV,2026-07-29 14:15:30 +0800
1150729,2026-07-29,上櫃,7747,昕奇雲端,----,---,----,----,----,0,0,0,TPEX_CSV,2026-07-29 14:15:30 +0800
1150729,2026-07-29,上櫃,7751,竑騰,1070.00,-115.00,1155.00,1165.00,1070.00,152000,167465000,139,TPEX_CSV,2026-07-29 14:15:30 +0800
1150729,2026-07-29,上櫃,7753,星亞,37.35,除息,38.25,39.35,36.05,54000,2011500,45,TPEX_CSV,2026-07-29 14:15:30 +0800
1150729,2026-07-29,上櫃,7757,金色三麥,88.50,-2.00,90.50,90.50,88.20,62000,5507700,55,TPEX_CSV,2026-07-29 14:15:30 +0800
1150729,2026-07-29,上櫃,7767,仁大資訊,48.80,-2.60,51.50,51.50,47.00,118000,5777900,87,TPEX_CSV,2026-07-29 14:15:30 +0800
1150729,2026-07-29,上櫃,7770,君曜,40.45,-0.50,39.35,40.45,39.35,2000,79800,2,TPEX_CSV,2026-07-29 14:15:30 +0800
1150729,2026-07-29,上櫃,7772,耀穎,85.20,-4.00,89.20,94.90,84.00,110000,9375400,94,TPEX_CSV,2026-07-29 14:15:30 +0800
1150729,2026-07-29,上櫃,7777,能率亞洲,34.95,-2.10,37.00,38.20,33.70,2018000,71444650,1407,TPEX_CSV,2026-07-29 14:15:30 +0800
1150729,2026-07-29,上櫃,7782,光速火箭,----,---,----,----,----,0,0,0,TPEX_CSV,2026-07-29 14:15:30 +0800
1150729,2026-07-29,上櫃,7792,安葆,191.00,-12.00,201.00,204.00,186.50,224000,43114500,211,TPEX_CSV,2026-07-29 14:15:30 +0800
1150729,2026-07-29,上櫃,7794,宏碁智新,27.25,-0.85,28.40,28.40,26.90,66000,1821750,38,TPEX_CSV,2026-07-29 14:15:30 +0800
1150729,2026-07-29,上櫃,7805,威聯通,580.00,-9.00,600.00,600.00,565.00,90000,52134000,90,TPEX_CSV,2026-07-29 14:15:30 +0800
1150729,2026-07-29,上櫃,7810,捷創科技,176.50,-11.00,187.50,187.50,170.00,87000,15494500,76,TPEX_CSV,2026-07-29 14:15:30 +0800
1150729,2026-07-29,上櫃,7811,民盛,70.70,-0.80,70.60,70.80,70.50,17000,1201600,15,TPEX_CSV,2026-07-29 14:15:30 +0800
1150729,2026-07-29,上櫃,7814,海昌生技,29.60,-0.85,30.45,30.45,29.60,76000,2277100,67,TPEX_CSV,2026-07-29 14:15:30 +0800
1150729,2026-07-29,上櫃,7819,精誠金融,35.10,-0.05,35.30,35.70,35.10,55000,1938900,47,TPEX_CSV,2026-07-29 14:15:30 +0800
1150729,2026-07-29,上櫃,7820,立盈,97.90,-5.60,101.00,103.00,93.20,33000,3237000,33,TPEX_CSV,2026-07-29 14:15:30 +0800
1150729,2026-07-29,上櫃,7828,創新服務,1290.00,-140.00,1390.00,1410.00,1290.00,394000,519165000,326,TPEX_CSV,2026-07-29 14:15:30 +0800
1150729,2026-07-29,上櫃,7839,達人網,44.95,-0.35,44.10,44.95,42.10,13000,567150,13,TPEX_CSV,2026-07-29 14:15:30 +0800
1150729,2026-07-29,上櫃,7842,天能綠電,82.90,-2.90,84.00,84.50,78.20,49000,4025900,31,TPEX_CSV,2026-07-29 14:15:30 +0800
1150729,2026-07-29,上櫃,8024,佑華,13.80,-0.60,14.75,14.90,13.35,57000,800400,46,TPEX_CSV,2026-07-29 14:15:30 +0800
1150729,2026-07-29,上櫃,8027,鈦昇,157.50,-17.00,167.00,172.50,157.50,3731000,601554500,2340,TPEX_CSV,2026-07-29 14:15:30 +0800
1150729,2026-07-29,上櫃,8032,光菱,33.10,-1.75,35.00,35.80,32.20,290000,9578100,194,TPEX_CSV,2026-07-29 14:15:30 +0800
1150729,2026-07-29,上櫃,8034,榮群,18.65,-0.90,19.90,19.95,18.40,257000,4840200,174,TPEX_CSV,2026-07-29 14:15:30 +0800
1150729,2026-07-29,上櫃,8038,長園科,31.40,-2.35,33.90,33.90,30.40,442000,13966250,305,TPEX_CSV,2026-07-29 14:15:30 +0800
1150729,2026-07-29,上櫃,8040,九暘,64.50,-3.10,67.10,67.70,60.90,1358000,85089000,895,TPEX_CSV,2026-07-29 14:15:30 +0800
1150729,2026-07-29,上櫃,8042,金山電,95.40,-10.60,104.00,107.50,95.40,4022000,397483600,2471,TPEX_CSV,2026-07-29 14:15:30 +0800
1150729,2026-07-29,上櫃,8043,蜜望實,119.50,-13.00,128.50,132.50,119.50,5349000,666731500,4037,TPEX_CSV,2026-07-29 14:15:30 +0800
1150729,2026-07-29,上櫃,8044,網家,25.65,-1.15,26.60,27.05,24.80,760000,19630200,459,TPEX_CSV,2026-07-29 14:15:30 +0800
1150729,2026-07-29,上櫃,8047,星雲,44.20,-0.30,43.20,44.30,42.55,26000,1122450,10,TPEX_CSV,2026-07-29 14:15:30 +0800
1150729,2026-07-29,上櫃,8048,德勝,49.20,-1.10,49.85,51.40,46.40,492000,23523750,341,TPEX_CSV,2026-07-29 14:15:30 +0800
1150729,2026-07-29,上櫃,8049,晶采,24.90,-0.60,25.45,25.55,24.70,288000,7215000,176,TPEX_CSV,2026-07-29 14:15:30 +0800
1150729,2026-07-29,上櫃,8050,廣積,60.80,+2.30,60.90,63.50,58.00,7956000,482656800,5263,TPEX_CSV,2026-07-29 14:15:30 +0800
1150729,2026-07-29,上櫃,8054,安國,79.00,-5.00,84.50,85.50,75.60,2080000,163109800,1524,TPEX_CSV,2026-07-29 14:15:30 +0800
1150729,2026-07-29,上櫃,8059,凱碩,14.30,-0.50,14.80,15.35,14.20,148000,2140700,97,TPEX_CSV,2026-07-29 14:15:30 +0800
1150729,2026-07-29,上櫃,8064,東捷,87.80,-6.30,94.30,95.30,84.70,4753000,413385800,3014,TPEX_CSV,2026-07-29 14:15:30 +0800
1150729,2026-07-29,上櫃,8066,來思達,14.75,-0.15,15.00,15.35,14.75,10000,150150,9,TPEX_CSV,2026-07-29 14:15:30 +0800
1150729,2026-07-29,上櫃,8067,志旭,12.75,-0.20,13.30,13.30,11.90,7000,86700,7,TPEX_CSV,2026-07-29 14:15:30 +0800
1150729,2026-07-29,上櫃,8068,全達,16.45,-0.90,17.40,17.40,15.70,490000,8036400,302,TPEX_CSV,2026-07-29 14:15:30 +0800
1150729,2026-07-29,上櫃,8069,元太,179.00,+6.00,177.50,189.00,174.00,12771000,2298950500,7599,TPEX_CSV,2026-07-29 14:15:30 +0800
1150729,2026-07-29,上櫃,8071,能率網通,20.05,-1.25,21.30,21.70,19.20,1431000,28723400,867,TPEX_CSV,2026-07-29 14:15:30 +0800
1150729,2026-07-29,上櫃,8074,鉅橡,46.80,-3.20,50.00,51.00,45.10,1495000,69883250,943,TPEX_CSV,2026-07-29 14:15:30 +0800
1150729,2026-07-29,上櫃,8076,伍豐,22.30,-0.35,22.70,22.85,21.65,1652000,36602700,846,TPEX_CSV,2026-07-29 14:15:30 +0800
1150729,2026-07-29,上櫃,8077,洛碁,43.60,0.00,43.60,43.60,43.55,3000,130750,3,TPEX_CSV,2026-07-29 14:15:30 +0800
1150729,2026-07-29,上櫃,8080,泰霖,27.30,+0.05,27.25,27.30,27.25,21000,572550,13,TPEX_CSV,2026-07-29 14:15:30 +0800
1150729,2026-07-29,上櫃,8083,瑞穎,156.50,+1.50,156.50,158.50,154.50,192000,29960000,173,TPEX_CSV,2026-07-29 14:15:30 +0800
1150729,2026-07-29,上櫃,8084,巨虹,41.45,-1.00,42.45,42.70,40.10,206000,8487800,176,TPEX_CSV,2026-07-29 14:15:30 +0800
1150729,2026-07-29,上櫃,8085,福華,11.30,-0.55,11.65,11.70,10.90,573000,6390250,278,TPEX_CSV,2026-07-29 14:15:30 +0800
1150729,2026-07-29,上櫃,8086,宏捷科,106.50,-5.50,110.50,113.00,102.00,4135000,436132000,2414,TPEX_CSV,2026-07-29 14:15:30 +0800
1150729,2026-07-29,上櫃,8087,麗升能源,28.00,-0.35,28.35,28.35,28.00,4000,112550,3,TPEX_CSV,2026-07-29 14:15:30 +0800
1150729,2026-07-29,上櫃,8088,品安,42.10,-1.20,42.70,44.00,40.00,1072000,44433450,803,TPEX_CSV,2026-07-29 14:15:30 +0800
1150729,2026-07-29,上櫃,8089,康全電訊,20.20,+1.60,18.45,20.20,17.15,512000,9294400,319,TPEX_CSV,2026-07-29 14:15:30 +0800
1150729,2026-07-29,上櫃,8091,翔名,204.50,-11.00,218.00,219.00,197.00,1028000,210092500,776,TPEX_CSV,2026-07-29 14:15:30 +0800
1150729,2026-07-29,上櫃,8092,建暐,13.00,+0.10,13.20,13.20,12.75,32000,415150,28,TPEX_CSV,2026-07-29 14:15:30 +0800
1150729,2026-07-29,上櫃,8093,保銳,18.50,-0.55,18.20,18.70,18.20,15000,276800,15,TPEX_CSV,2026-07-29 14:15:30 +0800
1150729,2026-07-29,上櫃,8096,擎亞,113.50,-12.50,122.00,122.00,113.50,900000,102328500,531,TPEX_CSV,2026-07-29 14:15:30 +0800
1150729,2026-07-29,上櫃,8097,常珵,51.00,-0.30,51.30,52.30,49.80,170000,8615100,104,TPEX_CSV,2026-07-29 14:15:30 +0800
1150729,2026-07-29,上櫃,8099,大世科,55.80,-1.20,57.40,58.00,54.10,244000,13460100,171,TPEX_CSV,2026-07-29 14:15:30 +0800
1150729,2026-07-29,上櫃,8102,傑霖科技,70.70,-1.50,71.10,71.10,68.00,14000,973000,13,TPEX_CSV,2026-07-29 14:15:30 +0800
1150729,2026-07-29,上櫃,8107,大億金茂,11.05,-0.35,11.35,11.45,11.00,148000,1653900,98,TPEX_CSV,2026-07-29 14:15:30 +0800
1150729,2026-07-29,上櫃,8109,博大,116.50,-4.00,119.50,121.50,114.00,524000,61399500,403,TPEX_CSV,2026-07-29 14:15:30 +0800
1150729,2026-07-29,上櫃,8111,立碁,62.60,+0.80,61.40,63.40,58.30,27382000,1669841300,17638,TPEX_CSV,2026-07-29 14:15:30 +0800
1150729,2026-07-29,上櫃,8121,越峰,27.70,-1.50,29.00,29.55,26.50,1600000,44076300,873,TPEX_CSV,2026-07-29 14:15:30 +0800
1150729,2026-07-29,上櫃,8147,正淩,109.50,-8.00,114.00,116.50,106.00,677000,74169000,436,TPEX_CSV,2026-07-29 14:15:30 +0800
1150729,2026-07-29,上櫃,8155,博智,258.00,-19.00,280.00,282.00,249.50,1848000,476351500,1400,TPEX_CSV,2026-07-29 14:15:30 +0800
1150729,2026-07-29,上櫃,8171,天宇,18.80,-1.05,19.60,19.60,18.40,268000,5055150,135,TPEX_CSV,2026-07-29 14:15:30 +0800
1150729,2026-07-29,上櫃,8176,智捷,9.71,-0.19,9.99,9.99,9.61,194000,1888690,129,TPEX_CSV,2026-07-29 14:15:30 +0800
1150729,2026-07-29,上櫃,8182,加高,34.95,-2.20,37.20,38.50,33.85,1602000,56726500,1100,TPEX_CSV,2026-07-29 14:15:30 +0800
1150729,2026-07-29,上櫃,8183,精星,27.95,-1.00,29.20,29.35,26.75,348000,9629600,233,TPEX_CSV,2026-07-29 14:15:30 +0800
1150729,2026-07-29,上櫃,8227,巨有科技,134.00,-10.00,146.00,146.00,130.00,882000,117847500,740,TPEX_CSV,2026-07-29 14:15:30 +0800
1150729,2026-07-29,上櫃,8234,新漢,59.10,-0.20,60.90,61.40,56.50,1038000,60818700,757,TPEX_CSV,2026-07-29 14:15:30 +0800
1150729,2026-07-29,上櫃,8240,華宏,36.80,-1.65,38.15,39.10,35.50,729000,26779500,473,TPEX_CSV,2026-07-29 14:15:30 +0800
1150729,2026-07-29,上櫃,8255,朋程,131.00,-7.00,138.00,140.50,127.00,1178000,154264000,881,TPEX_CSV,2026-07-29 14:15:30 +0800
1150729,2026-07-29,上櫃,8272,全景軟體,65.80,-1.60,67.90,67.90,63.50,6000,393300,6,TPEX_CSV,2026-07-29 14:15:30 +0800
1150729,2026-07-29,上櫃,8277,商丞,7.60,-0.36,7.96,8.05,7.50,243000,1860720,93,TPEX_CSV,2026-07-29 14:15:30 +0800
1150729,2026-07-29,上櫃,8279,生展,86.60,-1.50,88.10,88.20,86.60,14000,1227600,13,TPEX_CSV,2026-07-29 14:15:30 +0800
1150729,2026-07-29,上櫃,8284,三竹,61.20,-0.40,61.50,61.60,60.80,21000,1289100,14,TPEX_CSV,2026-07-29 14:15:30 +0800
1150729,2026-07-29,上櫃,8289,泰藝,37.60,-2.60,40.30,41.45,36.25,1201000,45255700,792,TPEX_CSV,2026-07-29 14:15:30 +0800
1150729,2026-07-29,上櫃,8291,尚茂,39.60,-4.40,45.00,45.00,39.60,52000,2238950,45,TPEX_CSV,2026-07-29 14:15:30 +0800
1150729,2026-07-29,上櫃,8299,群聯,1515.00,-135.00,1620.00,1620.00,1485.00,8133000,12348895000,5731,TPEX_CSV,2026-07-29 14:15:30 +0800
1150729,2026-07-29,上櫃,8342,益張,88.50,+1.20,88.50,88.50,88.50,2000,177000,1,TPEX_CSV,2026-07-29 14:15:30 +0800
1150729,2026-07-29,上櫃,8349,恒耀,39.50,-0.30,40.00,40.00,37.80,180000,7009600,125,TPEX_CSV,2026-07-29 14:15:30 +0800
1150729,2026-07-29,上櫃,8354,冠好,15.10,-0.20,15.30,15.35,14.90,146000,2195000,56,TPEX_CSV,2026-07-29 14:15:30 +0800
1150729,2026-07-29,上櫃,8358,金居,301.00,-33.00,326.00,326.00,301.00,9010000,2757379500,5041,TPEX_CSV,2026-07-29 14:15:30 +0800
1150729,2026-07-29,上櫃,8383,千附,68.90,-7.60,77.30,78.50,68.90,2127000,150484900,1342,TPEX_CSV,2026-07-29 14:15:30 +0800
1150729,2026-07-29,上櫃,8390,金益鼎,88.90,-2.70,90.50,92.00,85.50,1090000,96474300,769,TPEX_CSV,2026-07-29 14:15:30 +0800
1150729,2026-07-29,上櫃,8401,白紗科,22.50,-0.10,23.00,23.00,22.00,99000,2206150,48,TPEX_CSV,2026-07-29 14:15:30 +0800
1150729,2026-07-29,上櫃,8403,盛弘,18.90,-0.15,19.05,19.10,18.90,243000,4614050,101,TPEX_CSV,2026-07-29 14:15:30 +0800
1150729,2026-07-29,上櫃,8409,商之器,18.15,-0.85,19.00,19.00,18.00,21000,384850,17,TPEX_CSV,2026-07-29 14:15:30 +0800
1150729,2026-07-29,上櫃,8410,森田,30.70,-0.45,31.75,31.75,30.00,95000,2878300,55,TPEX_CSV,2026-07-29 14:15:30 +0800
1150729,2026-07-29,上櫃,8415,大國鋼,38.30,+0.10,38.20,38.70,37.75,845000,32337250,588,TPEX_CSV,2026-07-29 14:15:30 +0800
1150729,2026-07-29,上櫃,8416,實威,168.00,0.00,166.50,169.00,166.00,6000,1002000,6,TPEX_CSV,2026-07-29 14:15:30 +0800
1150729,2026-07-29,上櫃,8421,旭源,14.90,+1.35,13.85,14.90,13.85,304000,4438900,168,TPEX_CSV,2026-07-29 14:15:30 +0800
1150729,2026-07-29,上櫃,8423,保綠-KY,17.40,0.00,17.40,17.40,17.25,21000,364200,11,TPEX_CSV,2026-07-29 14:15:30 +0800
1150729,2026-07-29,上櫃,8424,惠普,68.40,-0.50,68.90,68.90,67.90,52000,3547300,37,TPEX_CSV,2026-07-29 14:15:30 +0800
1150729,2026-07-29,上櫃,8426,紅木-KY,20.45,-0.20,20.50,20.65,19.95,156000,3155300,51,TPEX_CSV,2026-07-29 14:15:30 +0800
1150729,2026-07-29,上櫃,8431,匯鑽科,44.50,-1.60,46.80,46.80,43.50,463000,20598000,340,TPEX_CSV,2026-07-29 14:15:30 +0800
1150729,2026-07-29,上櫃,8432,東生華,48.80,-1.20,50.60,50.60,48.80,106000,5203750,70,TPEX_CSV,2026-07-29 14:15:30 +0800
1150729,2026-07-29,上櫃,8433,弘帆,52.20,-0.70,52.80,52.80,51.50,44000,2287900,41,TPEX_CSV,2026-07-29 14:15:30 +0800
1150729,2026-07-29,上櫃,8435,鉅邁,52.10,-0.20,52.30,52.30,52.00,18000,938800,18,TPEX_CSV,2026-07-29 14:15:30 +0800
1150729,2026-07-29,上櫃,8436,大江,113.50,-1.50,115.00,116.50,112.00,603000,68334500,405,TPEX_CSV,2026-07-29 14:15:30 +0800
1150729,2026-07-29,上櫃,8437,大地-KY,9.69,+0.02,9.94,9.94,9.17,96000,904370,64,TPEX_CSV,2026-07-29 14:15:30 +0800
1150729,2026-07-29,上櫃,8440,綠電,18.55,-1.00,19.25,19.25,18.20,240000,4483300,149,TPEX_CSV,2026-07-29 14:15:30 +0800
1150729,2026-07-29,上櫃,8444,綠河-KY,4.65,-0.42,5.00,5.00,4.65,20000,93350,11,TPEX_CSV,2026-07-29 14:15:30 +0800
1150729,2026-07-29,上櫃,8446,華研,84.60,-1.10,85.80,88.50,84.50,87000,7390000,77,TPEX_CSV,2026-07-29 14:15:30 +0800
1150729,2026-07-29,上櫃,8450,霹靂,14.75,-0.20,14.60,14.90,14.10,92000,1334200,82,TPEX_CSV,2026-07-29 14:15:30 +0800
1150729,2026-07-29,上櫃,8455,大拓-KY,23.50,-2.05,25.55,25.55,23.00,28000,663600,17,TPEX_CSV,2026-07-29 14:15:30 +0800
1150729,2026-07-29,上櫃,8472,夠麻吉,68.00,+0.50,67.00,69.20,66.60,18000,1217400,17,TPEX_CSV,2026-07-29 14:15:30 +0800
1150729,2026-07-29,上櫃,8477,創業家,15.05,-0.65,15.30,15.30,14.70,136000,2039500,66,TPEX_CSV,2026-07-29 14:15:30 +0800
1150729,2026-07-29,上櫃,8489,三貝德,21.90,-0.40,22.10,22.55,21.50,74000,1623050,59,TPEX_CSV,2026-07-29 14:15:30 +0800
1150729,2026-07-29,上櫃,8905,裕國,30.60,+0.40,30.20,30.60,30.20,4000,121200,2,TPEX_CSV,2026-07-29 14:15:30 +0800
1150729,2026-07-29,上櫃,8906,花王,25.30,-0.60,25.70,25.70,24.40,81000,2043800,41,TPEX_CSV,2026-07-29 14:15:30 +0800
1150729,2026-07-29,上櫃,8908,欣雄,39.35,-0.50,39.85,40.00,39.10,76000,2992500,46,TPEX_CSV,2026-07-29 14:15:30 +0800
1150729,2026-07-29,上櫃,8916,光隆,42.45,+0.20,42.50,42.70,42.25,93000,3945250,72,TPEX_CSV,2026-07-29 14:15:30 +0800
1150729,2026-07-29,上櫃,8917,欣泰,52.50,-0.40,53.00,53.00,51.70,13000,680500,7,TPEX_CSV,2026-07-29 14:15:30 +0800
1150729,2026-07-29,上櫃,8921,沈氏,17.50,0.00,17.00,17.50,17.00,3000,51500,2,TPEX_CSV,2026-07-29 14:15:30 +0800
1150729,2026-07-29,上櫃,8923,時報,----,---,----,----,----,0,0,0,TPEX_CSV,2026-07-29 14:15:30 +0800
1150729,2026-07-29,上櫃,8924,大田,55.30,-0.40,55.80,55.80,54.60,145000,7992900,89,TPEX_CSV,2026-07-29 14:15:30 +0800
1150729,2026-07-29,上櫃,8927,北基,19.55,-0.05,19.60,20.00,19.30,520000,10146300,266,TPEX_CSV,2026-07-29 14:15:30 +0800
1150729,2026-07-29,上櫃,8928,鉅明,22.35,-0.60,22.85,22.85,22.00,51000,1143950,42,TPEX_CSV,2026-07-29 14:15:30 +0800
1150729,2026-07-29,上櫃,8929,富堡,13.30,+0.05,13.15,13.30,13.10,19000,250000,17,TPEX_CSV,2026-07-29 14:15:30 +0800
1150729,2026-07-29,上櫃,8930,青鋼,29.95,-0.20,30.15,30.15,29.50,47000,1400500,34,TPEX_CSV,2026-07-29 14:15:30 +0800
1150729,2026-07-29,上櫃,8931,大汽電,42.20,-0.10,42.30,42.30,41.25,65000,2718650,41,TPEX_CSV,2026-07-29 14:15:30 +0800
1150729,2026-07-29,上櫃,8932,智通*,89.50,-8.60,96.20,96.50,88.30,5801000,527511800,2752,TPEX_CSV,2026-07-29 14:15:30 +0800
1150729,2026-07-29,上櫃,8933,愛地雅,4.29,-0.07,4.36,4.36,4.22,146000,624290,74,TPEX_CSV,2026-07-29 14:15:30 +0800
1150729,2026-07-29,上櫃,8935,邦泰,17.45,-0.30,17.60,17.80,17.00,448000,7755950,219,TPEX_CSV,2026-07-29 14:15:30 +0800
1150729,2026-07-29,上櫃,8936,國統,50.80,-0.70,52.10,52.10,50.00,2098000,106100500,1317,TPEX_CSV,2026-07-29 14:15:30 +0800
1150729,2026-07-29,上櫃,8937,合騏*,22.70,-0.90,23.30,23.60,22.10,111000,2519250,72,TPEX_CSV,2026-07-29 14:15:30 +0800
1150729,2026-07-29,上櫃,8938,明安,55.40,-0.40,56.60,56.60,54.80,174000,9631600,144,TPEX_CSV,2026-07-29 14:15:30 +0800
1150729,2026-07-29,上櫃,8941,關中,43.00,+0.65,43.00,43.00,43.00,1000,43000,1,TPEX_CSV,2026-07-29 14:15:30 +0800
1150729,2026-07-29,上櫃,8942,森鉅,36.00,-0.80,36.75,36.85,35.55,385000,13896100,207,TPEX_CSV,2026-07-29 14:15:30 +0800
1150729,2026-07-29,上櫃,9949,琉園,22.80,-0.55,23.95,24.35,22.60,54000,1248700,49,TPEX_CSV,2026-07-29 14:15:30 +0800
1150729,2026-07-29,上櫃,9950,萬國通,10.20,-0.25,10.35,10.45,10.00,102000,1043350,34,TPEX_CSV,2026-07-29 14:15:30 +0800
1150729,2026-07-29,上櫃,9951,皇田,52.00,-1.00,52.70,53.00,51.90,94000,4909800,71,TPEX_CSV,2026-07-29 14:15:30 +0800
1150729,2026-07-29,上櫃,9960,邁達康,31.10,-0.60,31.40,31.40,31.10,12000,373750,7,TPEX_CSV,2026-07-29 14:15:30 +0800
1150729,2026-07-29,上櫃,9962,有益,9.77,0.00,9.77,9.87,9.61,30000,291390,24,TPEX_CSV,2026-07-29 14:15:30 +0800
