日期,西元日期,市場,股票代號,股票名稱,收盤價,漲跌,開盤價,最高價,最低價,成交股數,成交金額,成交筆數,資料來源,下載時間
1150903,2026/9/3,上櫃,00400A,主動國泰動能高息,14.88,-0.29,15.3,15.3,14.87,39392538,594017983,11238,TPEX_CSV,2026/9/3 15:37
1150903,2026/9/3,上櫃,00401A,主動摩根台灣鑫收,13.96,-0.1,14.08,14.17,13.95,4704700,66216375,1230,TPEX_CSV,2026/9/3 15:37
1150903,2026/9/3,上櫃,00402A,主動安聯美國科技,9.35,-0.01,9.34,9.42,9.34,2973797,27876945,1022,TPEX_CSV,2026/9/3 15:37
1150903,2026/9/3,上櫃,00403A,主動統一升級50,10.06,-0.21,10.32,10.36,10.05,140341986,1429562871,27792,TPEX_CSV,2026/9/3 15:37
1150903,2026/9/3,上櫃,00404A,主動聯博動能50,9.7,-0.1,9.82,9.86,9.7,16800189,164435225,3204,TPEX_CSV,2026/9/3 15:37
1150903,2026/9/3,上櫃,00405A,主動富邦台灣龍耀,8.57,-0.21,8.84,8.87,8.55,55835409,487080157,8174,TPEX_CSV,2026/9/3 15:37
1150903,2026/9/3,上櫃,00406A,主動中信台灣收益,9.46,-0.18,9.73,9.73,9.45,202872481,1939841809,50362,TPEX_CSV,2026/9/3 15:37
1150903,2026/9/3,上櫃,00407A,主動凱基台灣,9.56,-0.22,9.86,9.88,9.55,34228110,331893992,6722,TPEX_CSV,2026/9/3 15:37
1150903,2026/9/3,上櫃,00408A,主動第一金優股息,10.35,-0.2,10.61,10.61,10.35,921561,9657182,341,TPEX_CSV,2026/9/3 15:37
1150903,2026/9/3,上櫃,00409A,主動復華全球50,9.59,-0.11,9.78,9.78,9.59,41059344,396958428,10881,TPEX_CSV,2026/9/3 15:37
1150903,2026/9/3,上櫃,00410A,主動永豐科技趨勢,11.84,-0.47,12.4,12.4,11.83,14494245,175692754,2452,TPEX_CSV,2026/9/3 15:37
1150903,2026/9/3,上櫃,0050,元大台灣50,106.2,-0.6,106.9,107.4,106.15,48818422,5214024570,68878,TPEX_CSV,2026/9/3 15:37
1150903,2026/9/3,上櫃,0051,元大中型100,144,-2.45,147.75,147.75,144,60773,8836395,488,TPEX_CSV,2026/9/3 15:37
1150903,2026/9/3,上櫃,0052,富邦科技,61.6,-0.45,62.2,62.25,61.5,9151448,566917405,10662,TPEX_CSV,2026/9/3 15:37
1150903,2026/9/3,上櫃,0053,元大電子,239.7,-2.65,242.4,242.7,239.5,62568,15131372,1527,TPEX_CSV,2026/9/3 15:37
1150903,2026/9/3,上櫃,0055,元大MSCI金融,48.2,1.1,47.3,48.8,47.16,1557817,75230713,2782,TPEX_CSV,2026/9/3 15:37
1150903,2026/9/3,上櫃,0056,元大高股息,54.5,-0.6,55.5,55.8,54.5,26524720,1463769692,26594,TPEX_CSV,2026/9/3 15:37
1150903,2026/9/3,上櫃,0057,富邦摩台,317.75,-1.4,319.6,320.65,317.75,7922,2532008,640,TPEX_CSV,2026/9/3 15:37
1150903,2026/9/3,上櫃,0061,元大寶滬深,24.05,-0.18,24.18,24.25,24.05,95185,2302545,146,TPEX_CSV,2026/9/3 15:37
1150903,2026/9/3,上櫃,006203,元大MSCI台灣,193.75,-1.05,194.9,195.45,193.75,12106,2355593,1066,TPEX_CSV,2026/9/3 15:37
1150903,2026/9/3,上櫃,006204,永豐臺灣加權,230.8,0,231.7,231.7,230.8,62513,14424151,132,TPEX_CSV,2026/9/3 15:37
1150903,2026/9/3,上櫃,006205,富邦上証,40.5,-0.02,40.52,40.76,40.5,237496,9641219,277,TPEX_CSV,2026/9/3 15:37
1150903,2026/9/3,上櫃,006206,元大上證50,37.74,-0.18,38.02,38.1,37.74,45170,1717220,83,TPEX_CSV,2026/9/3 15:37
1150903,2026/9/3,上櫃,006207,復華滬深,32.02,-0.04,32.1,32.26,32.02,122228,3933740,126,TPEX_CSV,2026/9/3 15:37
1150903,2026/9/3,上櫃,006208,富邦台50,243.8,-1.4,245.2,246.2,243.35,1674640,410023002,9013,TPEX_CSV,2026/9/3 15:37
1150903,2026/9/3,上櫃,00625K,富邦上証+R,,0,,,,,,,TPEX_CSV,2026/9/3 15:37
1150903,2026/9/3,上櫃,00631L,元大台灣50正2,35.41,-0.52,36.14,36.29,35.38,138859967,4982785760,43678,TPEX_CSV,2026/9/3 15:37
1150903,2026/9/3,上櫃,00632R,元大台灣50反1,10,0.09,9.87,10,9.85,107552530,1067406798,9511,TPEX_CSV,2026/9/3 15:37
1150903,2026/9/3,上櫃,00633L,富邦上証正2,47.65,-0.31,48.08,48.72,47.65,1225597,59195336,385,TPEX_CSV,2026/9/3 15:37
1150903,2026/9/3,上櫃,00634R,富邦上証反1,3.15,0.01,3.12,3.15,3.11,33700,105088,10,TPEX_CSV,2026/9/3 15:37
1150903,2026/9/3,上櫃,00635U,期元大S&P黃金,45.76,1.17,45.3,45.85,45.3,4041771,184364267,2786,TPEX_CSV,2026/9/3 15:37
1150903,2026/9/3,上櫃,00636,國泰中國A50,27.38,-0.09,27.6,27.66,27.38,142533,3930726,214,TPEX_CSV,2026/9/3 15:37
1150903,2026/9/3,上櫃,00636K,國泰中國A50+U,8.7,0.04,8.7,8.7,8.7,200,1740,2,TPEX_CSV,2026/9/3 15:37
1150903,2026/9/3,上櫃,00637L,元大滬深300正2,19.61,-0.14,19.77,20.04,19.61,11233026,223004330,1866,TPEX_CSV,2026/9/3 15:37
1150903,2026/9/3,上櫃,00638R,元大滬深300反1,6.72,0.02,6.67,6.72,6.67,12000,80270,5,TPEX_CSV,2026/9/3 15:37
1150903,2026/9/3,上櫃,00639,富邦深100,16.01,-0.07,16.1,16.2,16.01,166174,2675444,211,TPEX_CSV,2026/9/3 15:37
1150903,2026/9/3,上櫃,00640L,富邦日本正2,107.7,-0.1,108.35,109.55,107.55,107866,11738886,97,TPEX_CSV,2026/9/3 15:37
1150903,2026/9/3,上櫃,00641R,富邦日本反1,3.67,-0.01,3.67,3.68,3.65,598190,2191793,66,TPEX_CSV,2026/9/3 15:37
1150903,2026/9/3,上櫃,00642U,期元大S&P石油,29.95,-0.13,30.08,30.35,29.95,2151161,64838851,779,TPEX_CSV,2026/9/3 15:37
1150903,2026/9/3,上櫃,00643,群益深証中小,18.06,-0.13,18.17,18.24,18.04,2253553,40960523,104,TPEX_CSV,2026/9/3 15:37
1150903,2026/9/3,上櫃,00643K,群益深証中小+R,,0,,,,,,,TPEX_CSV,2026/9/3 15:37
1150903,2026/9/3,上櫃,00645,富邦日本,57.75,0,58.05,58.3,57.75,155828,9050888,279,TPEX_CSV,2026/9/3 15:37
1150903,2026/9/3,上櫃,00646,元大S&P500,76.5,0.25,76.55,76.7,76.45,4260130,326427285,4415,TPEX_CSV,2026/9/3 15:37
1150903,2026/9/3,上櫃,00647L,元大S&P500正2,137.2,0.7,137.35,137.9,135.35,187943,25791968,53,TPEX_CSV,2026/9/3 15:37
1150903,2026/9/3,上櫃,00648R,元大S&P500反1,3.94,-0.01,3.95,3.95,3.92,213090,837962,46,TPEX_CSV,2026/9/3 15:37
1150903,2026/9/3,上櫃,00650L,復華香港正2,16.76,0.06,16.95,17.22,16.74,2191142,37366302,552,TPEX_CSV,2026/9/3 15:37
1150903,2026/9/3,上櫃,00651R,復華香港反1,5.21,-0.02,5.14,5.21,5.14,109888,570164,23,TPEX_CSV,2026/9/3 15:37
1150903,2026/9/3,上櫃,00652,富邦印度,33.14,0.27,33,33.2,33,416599,13773376,224,TPEX_CSV,2026/9/3 15:37
1150903,2026/9/3,上櫃,00653L,富邦印度正2,45.75,0.22,45.89,46.01,45.75,244468,11218259,46,TPEX_CSV,2026/9/3 15:37
1150903,2026/9/3,上櫃,00654R,富邦印度反1,6.74,-0.08,6.76,6.77,6.74,26010,175938,6,TPEX_CSV,2026/9/3 15:37
1150903,2026/9/3,上櫃,00655L,國泰中國A50正2,33.07,-0.26,33.3,33.88,33.07,651705,21855039,181,TPEX_CSV,2026/9/3 15:37
1150903,2026/9/3,上櫃,00656R,國泰中國A50反1,5.92,0.02,5.88,5.92,5.88,2017,11899,4,TPEX_CSV,2026/9/3 15:37
1150903,2026/9/3,上櫃,00657,國泰日經225,74.95,-0.45,75.4,75.75,74.95,270684,20437101,91,TPEX_CSV,2026/9/3 15:37
1150903,2026/9/3,上櫃,00657K,國泰日經225+U,23.94,0.08,23.94,23.94,23.94,200,4788,2,TPEX_CSV,2026/9/3 15:37
1150903,2026/9/3,上櫃,00660,元大歐洲50,46.67,0.21,46.66,46.67,46.63,4183,194872,83,TPEX_CSV,2026/9/3 15:37
1150903,2026/9/3,上櫃,00661,元大日經225,82.8,-0.45,83.15,83.5,82.8,83553,6956355,232,TPEX_CSV,2026/9/3 15:37
1150903,2026/9/3,上櫃,00662,富邦NASDAQ,118.45,0.05,118.75,119.05,118.4,2204367,261736172,2815,TPEX_CSV,2026/9/3 15:37
1150903,2026/9/3,上櫃,00663L,國泰臺灣加權正2,102.3,-1.95,104.7,105.3,102.1,4928840,511648949,2506,TPEX_CSV,2026/9/3 15:37
1150903,2026/9/3,上櫃,00664R,國泰臺灣加權反1,1.61,0.01,1.6,1.62,1.59,21910392,35134570,866,TPEX_CSV,2026/9/3 15:37
1150903,2026/9/3,上櫃,00665L,富邦恒生國企正2,9.26,-0.01,9.41,9.56,9.25,11916207,112494942,1196,TPEX_CSV,2026/9/3 15:37
1150903,2026/9/3,上櫃,00666R,富邦恒生國企反1,9.09,-0.04,9,9.09,9,8550,77255,9,TPEX_CSV,2026/9/3 15:37
1150903,2026/9/3,上櫃,00668,國泰美國道瓊,61.55,0.3,61.55,61.65,61.55,167861,10333502,98,TPEX_CSV,2026/9/3 15:37
1150903,2026/9/3,上櫃,00668K,國泰美國道瓊+U,19.42,0.11,19.42,19.42,19.42,200,3884,2,TPEX_CSV,2026/9/3 15:37
1150903,2026/9/3,上櫃,00669R,國泰美國道瓊反1,5.21,-0.01,5.22,5.22,5.19,129800,675662,35,TPEX_CSV,2026/9/3 15:37
1150903,2026/9/3,上櫃,00670L,富邦NASDAQ正2,193.7,-0.15,194.6,195.7,193.7,1197245,233162399,595,TPEX_CSV,2026/9/3 15:37
1150903,2026/9/3,上櫃,00671R,富邦NASDAQ反1,2.47,0,2.46,2.47,2.45,4084279,10043217,118,TPEX_CSV,2026/9/3 15:37
1150903,2026/9/3,上櫃,00673R,期元大S&P原油反1,11.4,0.03,11.36,11.4,11.25,33798336,382326856,3959,TPEX_CSV,2026/9/3 15:37
1150903,2026/9/3,上櫃,00674R,期元大S&P黃金反1,27.62,-0.74,27.83,27.84,27.54,234712,6508080,122,TPEX_CSV,2026/9/3 15:37
1150903,2026/9/3,上櫃,00675L,富邦臺灣加權正2,310,-5.35,317.1,318.8,309.35,1103328,345933208,1256,TPEX_CSV,2026/9/3 15:37
1150903,2026/9/3,上櫃,00676R,富邦臺灣加權反1,5.52,0.04,5.45,5.53,5.44,4926599,27038158,451,TPEX_CSV,2026/9/3 15:37
1150903,2026/9/3,上櫃,00678,群益那斯達克生技,44.4,0.46,44.36,44.51,44.36,253132,11252047,136,TPEX_CSV,2026/9/3 15:37
1150903,2026/9/3,上櫃,00680L,元大美債20正2,6.4,0.08,6.37,6.41,6.37,15797345,101047418,495,TPEX_CSV,2026/9/3 15:37
1150903,2026/9/3,上櫃,00681R,元大美債20反1,21.76,-0.14,21.76,21.76,21.76,2410,52465,4,TPEX_CSV,2026/9/3 15:37
1150903,2026/9/3,上櫃,00682U,期元大美元指數,,0,,,,,,,TPEX_CSV,2026/9/3 15:37
1150903,2026/9/3,上櫃,00683L,期元大美元指正2,21.42,-0.17,21.4,21.42,21.36,63192,1353483,10,TPEX_CSV,2026/9/3 15:37
1150903,2026/9/3,上櫃,00684R,期元大美元指反1,15.19,0.04,15.19,15.19,15.19,52022,790211,4,TPEX_CSV,2026/9/3 15:37
1150903,2026/9/3,上櫃,00685L,群益臺灣加權正2,11.69,-0.2,11.96,12.03,11.65,179920274,2133775304,32668,TPEX_CSV,2026/9/3 15:37
1150903,2026/9/3,上櫃,00686R,群益臺灣加權反1,0.98,0,0.98,0.99,0.97,3510484,3437025,138,TPEX_CSV,2026/9/3 15:37
1150903,2026/9/3,上櫃,00688L,國泰20年美債正2,6.39,0.06,6.36,6.39,6.36,3909050,24922085,208,TPEX_CSV,2026/9/3 15:37
1150903,2026/9/3,上櫃,00689R,國泰20年美債反1,22.73,-0.17,22.73,22.73,22.73,2130,48430,2,TPEX_CSV,2026/9/3 15:37
1150903,2026/9/3,上櫃,00690,兆豐藍籌30,77.8,-0.55,78.45,79.4,77.8,205960,16169895,408,TPEX_CSV,2026/9/3 15:37
1150903,2026/9/3,上櫃,00692,富邦公司治理,91.2,-0.4,91.6,92.05,91.1,1050125,96059793,1014,TPEX_CSV,2026/9/3 15:37
1150903,2026/9/3,上櫃,00693U,期街口S&P黃豆,23.92,0.21,23.88,23.94,23.81,1171191,27989469,334,TPEX_CSV,2026/9/3 15:37
1150903,2026/9/3,上櫃,00700,富邦恒生國企,17.17,-0.07,17.36,17.48,17.17,112696,1956371,144,TPEX_CSV,2026/9/3 15:37
1150903,2026/9/3,上櫃,00701,國泰股利精選30,39.6,0.53,39.07,39.93,39.07,679777,26935440,725,TPEX_CSV,2026/9/3 15:37
1150903,2026/9/3,上櫃,00702,國泰標普低波高息,24.92,0.02,24.93,24.95,24.92,113013,2818212,88,TPEX_CSV,2026/9/3 15:37
1150903,2026/9/3,上櫃,00703,台新MSCI中國,19.32,0.13,19.41,19.43,19.32,39255,761038,9,TPEX_CSV,2026/9/3 15:37
1150903,2026/9/3,上櫃,00706L,期元大S&P日圓正2,19.29,0.52,19.07,19.31,19.04,2829449,54316276,612,TPEX_CSV,2026/9/3 15:37
1150903,2026/9/3,上櫃,00707R,期元大S&P日圓反1,,0,,,,,,,TPEX_CSV,2026/9/3 15:37
1150903,2026/9/3,上櫃,00708L,期元大S&P黃金正2,82.05,4.2,80.5,82.5,80.45,6396113,521311355,3832,TPEX_CSV,2026/9/3 15:37
1150903,2026/9/3,上櫃,00709,富邦歐洲,40.68,0.22,40.63,40.68,40.49,32340,1312485,154,TPEX_CSV,2026/9/3 15:37
1150903,2026/9/3,上櫃,00710B,復華彭博非投等債,19.09,-0.01,19.1,19.1,19.07,208364,3976504,80,TPEX_CSV,2026/9/3 15:37
1150903,2026/9/3,上櫃,00711B,復華彭博新興債,15.54,0.01,15.54,15.56,15.53,109129,1697081,81,TPEX_CSV,2026/9/3 15:37
1150903,2026/9/3,上櫃,00712,復華富時不動產,8.64,0.03,8.65,8.65,8.63,38907745,336229930,5299,TPEX_CSV,2026/9/3 15:37
1150903,2026/9/3,上櫃,00713,元大台灣高息低波,63.1,0.3,62.95,63.25,62.85,4101987,258604985,3036,TPEX_CSV,2026/9/3 15:37
1150903,2026/9/3,上櫃,00714,群益道瓊美國地產,21.51,-0.15,21.48,21.53,21.48,136359,2934792,100,TPEX_CSV,2026/9/3 15:37
1150903,2026/9/3,上櫃,00715L,期街口布蘭特正2,56.05,-0.95,56.5,57.5,56.05,4035325,228981844,1297,TPEX_CSV,2026/9/3 15:37
1150903,2026/9/3,上櫃,00717,富邦美國特別股,14.64,0.03,14.7,14.7,14.61,158437,2317661,157,TPEX_CSV,2026/9/3 15:37
1150903,2026/9/3,上櫃,00728,第一金工業30,68.05,-1.15,69.6,69.6,68.05,210289,14522334,487,TPEX_CSV,2026/9/3 15:37
1150903,2026/9/3,上櫃,00730,富邦臺灣優質高息,28.4,-0.55,28.95,28.97,28.39,169977,4883027,373,TPEX_CSV,2026/9/3 15:37
1150903,2026/9/3,上櫃,00731,復華富時高息低波,97.15,0.2,97.2,97.85,97.15,623113,60810793,224,TPEX_CSV,2026/9/3 15:37
1150903,2026/9/3,上櫃,00733,富邦臺灣中小,64.95,-2.1,67.45,67.5,64.9,500191,33126699,881,TPEX_CSV,2026/9/3 15:37
1150903,2026/9/3,上櫃,00735,國泰臺韓科技,100.6,-1.75,102.6,103.05,100.45,1704721,173923556,1826,TPEX_CSV,2026/9/3 15:37
1150903,2026/9/3,上櫃,00736,國泰新興市場,31.63,0.13,31.8,31.8,31.63,202262,6411171,109,TPEX_CSV,2026/9/3 15:37
1150903,2026/9/3,上櫃,00737,國泰AI機器人,40.03,-0.19,40.22,40.26,40,181835,7298795,208,TPEX_CSV,2026/9/3 15:37
1150903,2026/9/3,上櫃,00738U,期元大道瓊白銀,52.2,1.45,51.85,52.65,51.85,3502941,183261600,1475,TPEX_CSV,2026/9/3 15:37
1150903,2026/9/3,上櫃,00739,元大MSCI A股,27.44,-0.14,27.63,27.7,27.44,328777,9085366,109,TPEX_CSV,2026/9/3 15:37
1150903,2026/9/3,上櫃,00752,中信中國50,22.79,0.01,22.8,23.09,22.79,340596,7822397,345,TPEX_CSV,2026/9/3 15:37
1150903,2026/9/3,上櫃,00753L,中信中國50正2,9.13,-0.03,9.26,9.38,9.11,8161802,75678488,1051,TPEX_CSV,2026/9/3 15:37
1150903,2026/9/3,上櫃,00757,統一FANG+,138.25,0,138.5,138.9,138.15,355428,49278481,1077,TPEX_CSV,2026/9/3 15:37
1150903,2026/9/3,上櫃,00762,元大全球AI,110.1,0,111,111,110.1,102162,11318731,356,TPEX_CSV,2026/9/3 15:37
1150903,2026/9/3,上櫃,00763U,期街口道瓊銅,34.37,0.17,34.51,34.61,34.37,392351,13544936,201,TPEX_CSV,2026/9/3 15:37
1150903,2026/9/3,上櫃,00770,國泰北美科技,67,-0.15,67.5,67.5,67,1035914,69664973,937,TPEX_CSV,2026/9/3 15:37
1150903,2026/9/3,上櫃,00771,元大US高息特別股,15.25,-0.04,15.32,15.32,15.25,33253,507602,21,TPEX_CSV,2026/9/3 15:37
1150903,2026/9/3,上櫃,00775B,台新投等債15+,30.86,0.16,30.86,30.86,30.86,1033,31873,2,TPEX_CSV,2026/9/3 15:37
1150903,2026/9/3,上櫃,00783,富邦中証500,27.76,0.1,27.85,27.85,27.76,3316,91990,124,TPEX_CSV,2026/9/3 15:37
1150903,2026/9/3,上櫃,00830,國泰費城半導體,79.4,-0.25,80,80.15,79.3,5557063,443999404,9687,TPEX_CSV,2026/9/3 15:37
1150903,2026/9/3,上櫃,00850,元大臺灣ESG永續,91.05,-0.85,91.95,92.3,91.05,1195184,109733940,1057,TPEX_CSV,2026/9/3 15:37
1150903,2026/9/3,上櫃,00851,台新全球AI,69.4,0.25,69.5,69.5,69.4,43156,2994962,79,TPEX_CSV,2026/9/3 15:37
1150903,2026/9/3,上櫃,00852L,國泰美國道瓊正2,35.16,0.4,35.17,35.2,35.16,26004,914722,9,TPEX_CSV,2026/9/3 15:37
1150903,2026/9/3,上櫃,00861,元大全球未來通訊,82.5,-0.7,83.35,83.35,82.5,46346,3849615,334,TPEX_CSV,2026/9/3 15:37
1150903,2026/9/3,上櫃,00865B,國泰US短期公債,48.71,-0.04,48.82,48.82,48.67,3115262,151724593,674,TPEX_CSV,2026/9/3 15:37
1150903,2026/9/3,上櫃,00875,國泰網路資安,52.2,-1.05,52.5,52.5,52.2,105061,5504914,336,TPEX_CSV,2026/9/3 15:37
1150903,2026/9/3,上櫃,00876,元大全球5G,83.7,-0.8,84.3,84.7,83.7,99005,8340513,453,TPEX_CSV,2026/9/3 15:37
1150903,2026/9/3,上櫃,00878,國泰永續高股息,33.58,-0.07,33.78,33.98,33.56,48730945,1650401023,19145,TPEX_CSV,2026/9/3 15:37
1150903,2026/9/3,上櫃,00881,國泰台灣科技龍頭,49.8,-0.2,50.15,50.3,49.53,14833937,740923076,13063,TPEX_CSV,2026/9/3 15:37
1150903,2026/9/3,上櫃,00882,中信中國高股息,14.96,0.01,14.95,15.11,14.95,4767703,71755101,1185,TPEX_CSV,2026/9/3 15:37
1150903,2026/9/3,上櫃,00885,富邦越南,18.53,-0.01,18.54,18.59,18.36,1407043,26046543,680,TPEX_CSV,2026/9/3 15:37
1150903,2026/9/3,上櫃,00891,中信關鍵半導體,34.38,-0.41,35,35.03,34.3,9612870,333738047,5808,TPEX_CSV,2026/9/3 15:37
1150903,2026/9/3,上櫃,00892,富邦台灣半導體,40.29,-0.46,41.01,41.09,40.27,3358831,137063967,891,TPEX_CSV,2026/9/3 15:37
1150903,2026/9/3,上櫃,00893,國泰智能電動車,41.71,0.13,41.8,42,41.71,365878,15328547,387,TPEX_CSV,2026/9/3 15:37
1150903,2026/9/3,上櫃,00894,中信小資高價30,46.6,-0.72,47.42,47.63,46.58,730802,34558942,853,TPEX_CSV,2026/9/3 15:37
1150903,2026/9/3,上櫃,00895,富邦未來車,49.1,0.13,49.9,49.9,49.1,263793,13018637,266,TPEX_CSV,2026/9/3 15:37
1150903,2026/9/3,上櫃,00896,中信綠能及電動車,27.86,-0.44,28.5,28.54,27.85,18017721,507459089,9096,TPEX_CSV,2026/9/3 15:37
1150903,2026/9/3,上櫃,00897,富邦基因免疫生技,13.3,0.08,13.31,13.36,13.3,589824,7867563,318,TPEX_CSV,2026/9/3 15:37
1150903,2026/9/3,上櫃,00898,國泰基因免疫革命,10.97,0.11,11.02,11.03,10.97,662746,7293040,337,TPEX_CSV,2026/9/3 15:37
1150903,2026/9/3,上櫃,00899,FT潔淨能源,22.95,0.23,22.97,22.97,22.82,15569,356346,130,TPEX_CSV,2026/9/3 15:37
1150903,2026/9/3,上櫃,00900,富邦特選高股息30,19.53,-0.08,19.66,19.77,19.5,7158911,140636899,1390,TPEX_CSV,2026/9/3 15:37
1150903,2026/9/3,上櫃,00901,永豐智能車供應鏈,45.5,-0.7,46.04,46.04,45.5,297376,13657969,206,TPEX_CSV,2026/9/3 15:37
1150903,2026/9/3,上櫃,00902,中信電池及儲能,13.01,-0.03,13.19,13.19,13,305006,3996363,292,TPEX_CSV,2026/9/3 15:37
1150903,2026/9/3,上櫃,00903,富邦元宇宙,20.95,0.11,21,21.04,20.95,384426,8078593,169,TPEX_CSV,2026/9/3 15:37
1150903,2026/9/3,上櫃,00904,台新臺灣半導體30,40.01,-0.6,40.5,41,39.99,867094,35147585,546,TPEX_CSV,2026/9/3 15:37
1150903,2026/9/3,上櫃,00905,FT臺灣Smart,26.07,-0.22,26.57,26.57,26,1921676,50418697,1136,TPEX_CSV,2026/9/3 15:37
1150903,2026/9/3,上櫃,00907,永豐優息存股,17.61,0.18,17.43,17.73,17.43,1592945,28094680,595,TPEX_CSV,2026/9/3 15:37
1150903,2026/9/3,上櫃,00908,富邦入息REITs+,15.2,-0.04,15.25,15.25,15.19,214671,3264436,90,TPEX_CSV,2026/9/3 15:37
1150903,2026/9/3,上櫃,00909,國泰數位支付服務,44.86,0.56,44.66,44.94,44.64,1706522,76487217,720,TPEX_CSV,2026/9/3 15:37
1150903,2026/9/3,上櫃,00910,第一金太空衛星,56.5,0.45,56.2,56.8,56.2,488299,27617805,942,TPEX_CSV,2026/9/3 15:37
1150903,2026/9/3,上櫃,00911,兆豐洲際半導體,50.2,-0.2,50.3,50.75,50.2,197512,9979398,511,TPEX_CSV,2026/9/3 15:37
1150903,2026/9/3,上櫃,00912,中信臺灣智慧50,34.62,-0.28,35.2,35.2,34.62,327962,11470222,249,TPEX_CSV,2026/9/3 15:37
1150903,2026/9/3,上櫃,00913,兆豐台灣晶圓製造,46.72,-0.63,47.7,48,46.57,1695282,80456335,674,TPEX_CSV,2026/9/3 15:37
1150903,2026/9/3,上櫃,00915,凱基優選高股息30,32.28,-0.08,32.37,32.58,32.25,3198591,103845674,1082,TPEX_CSV,2026/9/3 15:37
1150903,2026/9/3,上櫃,00916,國泰全球品牌50,26.71,-0.06,26.77,26.82,26.71,603003,16144735,332,TPEX_CSV,2026/9/3 15:37
1150903,2026/9/3,上櫃,00917,中信特選金融,23.94,0,24,24,23.94,290599,6959309,327,TPEX_CSV,2026/9/3 15:37
1150903,2026/9/3,上櫃,00918,大華優利高填息30,35.46,-0.02,35.75,35.9,35.44,101188690,3616414712,29380,TPEX_CSV,2026/9/3 15:37
1150903,2026/9/3,上櫃,00919,群益台灣精選高息,32.52,0.17,32.41,32.87,32.4,99495242,3249646701,34595,TPEX_CSV,2026/9/3 15:37
1150903,2026/9/3,上櫃,00920,富邦ESG綠色電力,23.98,0.14,23.84,24.13,23.84,255899,6152606,185,TPEX_CSV,2026/9/3 15:37
1150903,2026/9/3,上櫃,00921,兆豐龍頭等權重,24.42,-0.2,24.74,24.82,24.41,1485925,36561108,752,TPEX_CSV,2026/9/3 15:37
1150903,2026/9/3,上櫃,00922,國泰台灣領袖50,41.43,-0.35,41.86,41.98,41.39,8989050,375467732,3454,TPEX_CSV,2026/9/3 15:37
1150903,2026/9/3,上櫃,00923,群益台ESG低碳50,39.52,-0.19,39.9,39.99,39.48,3892064,154850476,2373,TPEX_CSV,2026/9/3 15:37
1150903,2026/9/3,上櫃,00924,復華S&P500成長,32.79,0.16,32.82,32.88,32.76,1166483,38325766,956,TPEX_CSV,2026/9/3 15:37
1150903,2026/9/3,上櫃,00926,凱基全球菁英55,26.27,0.05,26.37,26.37,26.27,685833,18050244,206,TPEX_CSV,2026/9/3 15:37
1150903,2026/9/3,上櫃,00927,群益半導體收益,36.23,-0.46,36.98,36.98,36.2,11686024,427286962,6528,TPEX_CSV,2026/9/3 15:37
1150903,2026/9/3,上櫃,00929,復華台灣科技優息,28.89,-0.54,29.51,29.54,28.85,47435067,1384132933,24519,TPEX_CSV,2026/9/3 15:37
1150903,2026/9/3,上櫃,00930,永豐ESG低碳高息,24,-0.07,24.13,24.21,23.98,1543828,37207437,667,TPEX_CSV,2026/9/3 15:37
1150903,2026/9/3,上櫃,00932,兆豐永續高息等權,17.4,-0.17,17.65,17.65,17.4,855412,14973458,158,TPEX_CSV,2026/9/3 15:37
1150903,2026/9/3,上櫃,00934,中信成長高股息,30,-0.61,30.64,30.75,30,2983116,90675014,1678,TPEX_CSV,2026/9/3 15:37
1150903,2026/9/3,上櫃,00935,野村臺灣新科技50,57.45,-0.35,58.35,58.5,57.4,7053362,409184958,5245,TPEX_CSV,2026/9/3 15:37
1150903,2026/9/3,上櫃,00936,台新永續高息中小,21.27,-0.32,21.65,21.77,21.25,2161688,46250432,399,TPEX_CSV,2026/9/3 15:37
1150903,2026/9/3,上櫃,00938,凱基優選30,26.1,0.3,26.23,26.36,25.92,1905339,49786361,268,TPEX_CSV,2026/9/3 15:37
1150903,2026/9/3,上櫃,00939,統一台灣高息動能,23.57,0.19,23.38,23.8,23.38,7056521,166977970,1514,TPEX_CSV,2026/9/3 15:37
1150903,2026/9/3,上櫃,00940,元大台灣價值高息,12.78,-0.12,12.92,12.97,12.78,10883984,140418978,6514,TPEX_CSV,2026/9/3 15:37
1150903,2026/9/3,上櫃,00941,中信上游半導體,24.48,-0.04,24.52,24.65,24.48,480658,11814751,564,TPEX_CSV,2026/9/3 15:37
1150903,2026/9/3,上櫃,00943,兆豐電子高息等權,21.14,-0.27,21.44,21.47,21.14,550128,11729808,169,TPEX_CSV,2026/9/3 15:37
1150903,2026/9/3,上櫃,00944,野村趨勢動能高息,21.16,-0.04,21.25,21.4,21.16,134307,2863859,261,TPEX_CSV,2026/9/3 15:37
1150903,2026/9/3,上櫃,00945B,凱基美國非投等債,14.41,0,14.42,14.43,14.4,2365597,34104924,397,TPEX_CSV,2026/9/3 15:37
1150903,2026/9/3,上櫃,00946,群益科技高息成長,15.24,-0.37,15.63,15.65,15.21,3259920,50495559,848,TPEX_CSV,2026/9/3 15:37
1150903,2026/9/3,上櫃,00947,台新臺灣IC設計,36.69,-1.04,38,38.3,36.65,6893197,259415773,3594,TPEX_CSV,2026/9/3 15:37
1150903,2026/9/3,上櫃,00949,復華日本龍頭,21.82,0.21,21.8,22.05,21.8,502382,11034056,285,TPEX_CSV,2026/9/3 15:37
1150903,2026/9/3,上櫃,00951,台新日本半導體,16.39,0.02,16.45,16.71,16.38,1301297,21538828,581,TPEX_CSV,2026/9/3 15:37
1150903,2026/9/3,上櫃,00952,凱基台灣AI50,18.01,-0.46,18.47,18.56,18.01,1943634,35520458,674,TPEX_CSV,2026/9/3 15:37
1150903,2026/9/3,上櫃,00953B,群益優選非投等債,9.56,0,9.56,9.57,9.56,24223769,231697845,3572,TPEX_CSV,2026/9/3 15:37
1150903,2026/9/3,上櫃,00954,中信日本半導體,17.48,0.04,17.5,17.79,17.44,1700317,29991462,482,TPEX_CSV,2026/9/3 15:37
1150903,2026/9/3,上櫃,00956,中信日經高股息,13.65,0.28,13.5,13.74,13.5,625686,8550446,186,TPEX_CSV,2026/9/3 15:37
1150903,2026/9/3,上櫃,00960,野村全球航運龍頭,21.32,0.5,21.03,21.4,21.03,1341388,28562904,607,TPEX_CSV,2026/9/3 15:37
1150903,2026/9/3,上櫃,00961,FT臺灣永續高息,13.42,0.05,13.43,13.51,13.41,35676189,480614449,6787,TPEX_CSV,2026/9/3 15:37
1150903,2026/9/3,上櫃,00962,台新AI優息動能,15.28,-0.31,15.73,15.75,15.27,7490169,116325549,2164,TPEX_CSV,2026/9/3 15:37
1150903,2026/9/3,上櫃,00963,中信全球高股息,13.22,0.08,13.14,13.23,13.14,1106659,14613260,307,TPEX_CSV,2026/9/3 15:37
1150903,2026/9/3,上櫃,00964,中信亞太高股息,14.87,-0.04,14.96,15.01,14.87,1666439,24931886,414,TPEX_CSV,2026/9/3 15:37
1150903,2026/9/3,上櫃,00965,元大航太防衛科技,24.92,-0.04,25.05,25.05,24.91,1592241,39768329,771,TPEX_CSV,2026/9/3 15:37
1150903,2026/9/3,上櫃,00971,野村美國研發龍頭,17.39,0.03,17.48,17.49,17.39,73528,1284583,167,TPEX_CSV,2026/9/3 15:37
1150903,2026/9/3,上櫃,00972,野村日本動能高息,22.27,0.5,22.13,22.4,22.1,295141,6565817,66,TPEX_CSV,2026/9/3 15:37
1150903,2026/9/3,上櫃,009800,中信NASDAQ,12.82,-0.01,12.89,12.9,12.82,1659917,21355288,473,TPEX_CSV,2026/9/3 15:37
1150903,2026/9/3,上櫃,009801,中信美國創新科技,11.04,0.01,11.09,11.11,11.04,504527,5592706,263,TPEX_CSV,2026/9/3 15:37
1150903,2026/9/3,上櫃,009802,富邦旗艦50,19.77,0.02,20.05,20.12,19.76,22289716,444848023,2983,TPEX_CSV,2026/9/3 15:37
1150903,2026/9/3,上櫃,009803,玉山市值動能50,21.78,-0.19,22.09,22.1,21.74,8851227,194170243,4093,TPEX_CSV,2026/9/3 15:37
1150903,2026/9/3,上櫃,009804,聯邦台精彩50,22.64,-0.14,22.88,22.95,22.64,918674,20958052,317,TPEX_CSV,2026/9/3 15:37
1150903,2026/9/3,上櫃,009805,台新美國電力基建,14.78,0.08,14.71,14.83,14.71,3371043,49870650,1700,TPEX_CSV,2026/9/3 15:37
1150903,2026/9/3,上櫃,009808,華南永昌優選50,30.77,-0.09,30.86,31.05,30.75,255559,7891923,49,TPEX_CSV,2026/9/3 15:37
1150903,2026/9/3,上櫃,009809,富邦淨零ESG50,17.72,-0.04,17.82,17.9,17.7,667713,11917346,101,TPEX_CSV,2026/9/3 15:37
1150903,2026/9/3,上櫃,00980A,主動野村臺灣優選,24.21,-0.56,24.99,25,24.19,7511073,185381459,2497,TPEX_CSV,2026/9/3 15:37
1150903,2026/9/3,上櫃,009810,玉山全球藍籌100,21.25,0.07,21.18,21.32,21.18,181258,3843385,48,TPEX_CSV,2026/9/3 15:37
1150903,2026/9/3,上櫃,009811,統一美國50,13.18,0.05,13.2,13.23,13.18,609423,8050800,423,TPEX_CSV,2026/9/3 15:37
1150903,2026/9/3,上櫃,009812,野村日本東證,12.89,0.17,12.85,13,12.84,725200,9376239,200,TPEX_CSV,2026/9/3 15:37
1150903,2026/9/3,上櫃,009813,貝萊德標普卓越50,11.22,0.05,11.2,11.25,11.2,1315413,14774169,352,TPEX_CSV,2026/9/3 15:37
1150903,2026/9/3,上櫃,009816,凱基台灣TOP50,15.62,-0.03,15.69,15.8,15.61,72502037,1138889710,19147,TPEX_CSV,2026/9/3 15:37
1150903,2026/9/3,上櫃,009817,國泰日本不動產,9.03,0.07,8.96,9.04,8.88,3070689,27607801,288,TPEX_CSV,2026/9/3 15:37
1150903,2026/9/3,上櫃,009818,華南永昌NASDAQxT,19.65,0.05,19.72,19.73,19.65,311979,6151755,45,TPEX_CSV,2026/9/3 15:37
1150903,2026/9/3,上櫃,009819,中信數據及電力,9.6,-0.05,9.65,9.65,9.59,6962345,66892919,2879,TPEX_CSV,2026/9/3 15:37
1150903,2026/9/3,上櫃,00981A,主動統一台股增長,29.13,-0.6,29.91,29.96,29.11,153989254,4546467923,62121,TPEX_CSV,2026/9/3 15:37
1150903,2026/9/3,上櫃,00981T,平衡凱基雙核收息,11.79,0.01,11.79,11.84,11.78,2094146,24720510,322,TPEX_CSV,2026/9/3 15:37
1150903,2026/9/3,上櫃,009820,元大納斯達克精選,9.66,0.02,9.69,9.73,9.65,7266035,70298255,644,TPEX_CSV,2026/9/3 15:37
1150903,2026/9/3,上櫃,009821,野村稀土關鍵資源,14.91,0.12,14.9,15,14.89,3284305,49011137,1055,TPEX_CSV,2026/9/3 15:37
1150903,2026/9/3,上櫃,009824,群益美國科技巨頭,9.97,0.04,9.98,10.02,9.97,6842543,68411679,1331,TPEX_CSV,2026/9/3 15:37
1150903,2026/9/3,上櫃,009826,貝萊德世界股票,10.05,0.01,10.05,10.06,10.04,10822948,108771816,3361,TPEX_CSV,2026/9/3 15:37
1150903,2026/9/3,上櫃,009827,玉山未來全球算力,9.93,0.03,9.99,9.99,9.92,15723796,156683440,3418,TPEX_CSV,2026/9/3 15:37
1150903,2026/9/3,上櫃,009828,中信台日韓PCB,9.33,-0.53,9.77,9.77,9.33,146075643,1387582589,33294,TPEX_CSV,2026/9/3 15:37
1150903,2026/9/3,上櫃,009829,大華韓國KOSPI50,10.03,-0.17,10.28,10.36,10.02,21764576,222575029,3002,TPEX_CSV,2026/9/3 15:37
1150903,2026/9/3,上櫃,00982A,主動群益台灣強棒,22.41,-0.59,23.15,23.18,22.38,20830187,475037931,7651,TPEX_CSV,2026/9/3 15:37
1150903,2026/9/3,上櫃,00982D,主動富邦動態入息,9.65,0.02,9.65,9.67,9.65,86476,834662,121,TPEX_CSV,2026/9/3 15:37
1150903,2026/9/3,上櫃,00982T,平衡兆豐台美動能,15.53,-0.07,15.66,15.71,15.52,192224,3001983,70,TPEX_CSV,2026/9/3 15:37
1150903,2026/9/3,上櫃,00983A,主動中信ARK創新,12.21,0.06,12.2,12.26,12.2,1379515,16895618,277,TPEX_CSV,2026/9/3 15:37
1150903,2026/9/3,上櫃,00983D,主動富邦複合收益,9.85,0.01,9.85,9.86,9.85,309727,3051384,261,TPEX_CSV,2026/9/3 15:37
1150903,2026/9/3,上櫃,00984A,主動安聯台灣高息,15.47,-0.26,15.83,15.85,15.44,3800750,59485994,2186,TPEX_CSV,2026/9/3 15:37
1150903,2026/9/3,上櫃,00984D,主動聯博全球非投,9.91,0,9.93,9.93,9.9,11490297,113793775,1553,TPEX_CSV,2026/9/3 15:37
1150903,2026/9/3,上櫃,00985A,主動野村台灣50,22.84,-0.33,23.33,23.34,22.81,2379172,54990388,1216,TPEX_CSV,2026/9/3 15:37
1150903,2026/9/3,上櫃,00985B,群益ESG投等債0-5,10.13,-0.01,10.14,10.15,10.12,5283163,53558633,648,TPEX_CSV,2026/9/3 15:37
1150903,2026/9/3,上櫃,00986A,主動台新龍頭成長,14.04,0.02,14.02,14.11,14.02,277873,3907513,137,TPEX_CSV,2026/9/3 15:37
1150903,2026/9/3,上櫃,00987A,主動台新優勢成長,16.17,-0.4,16.8,16.8,16.17,1936338,31906744,658,TPEX_CSV,2026/9/3 15:37
1150903,2026/9/3,上櫃,00988A,主動統一全球創新,15.53,-0.18,15.71,15.77,15.52,26119136,409354138,11939,TPEX_CSV,2026/9/3 15:37
1150903,2026/9/3,上櫃,00989A,主動摩根美國科技,16.53,-0.05,16.6,16.65,16.53,1446213,23993072,166,TPEX_CSV,2026/9/3 15:37
1150903,2026/9/3,上櫃,00990A,主動元大AI新經濟,14.65,-0.12,14.79,14.89,14.65,20271778,299367091,5273,TPEX_CSV,2026/9/3 15:37
1150903,2026/9/3,上櫃,00991A,主動復華未來50,17.31,-0.62,18.06,18.06,17.28,79537233,1402998203,32257,TPEX_CSV,2026/9/3 15:37
1150903,2026/9/3,上櫃,00991B,貝萊德A級公司債,14.77,0.07,14.74,14.77,14.74,308205,4550078,22,TPEX_CSV,2026/9/3 15:37
1150903,2026/9/3,上櫃,00992A,主動群益科技創新,18.04,-0.64,18.82,18.86,18.01,41973407,772333527,11837,TPEX_CSV,2026/9/3 15:37
1150903,2026/9/3,上櫃,00993A,主動安聯台灣,13.08,-0.4,13.61,13.61,13.07,4672764,62158850,1204,TPEX_CSV,2026/9/3 15:37
1150903,2026/9/3,上櫃,00994A,主動第一金台股優,16.58,-0.4,17.15,17.15,16.56,6018205,101843064,1475,TPEX_CSV,2026/9/3 15:37
1150903,2026/9/3,上櫃,00995A,主動中信台灣卓越,17,-0.34,17.45,17.52,16.95,4125855,71206294,966,TPEX_CSV,2026/9/3 15:37
1150903,2026/9/3,上櫃,00996A,主動兆豐台灣豐收,13.6,-0.42,14.23,14.23,13.6,2653111,36719114,1109,TPEX_CSV,2026/9/3 15:37
1150903,2026/9/3,上櫃,00997A,主動群益美國增長,10.8,-0.07,10.88,10.88,10.8,7427203,80481766,3015,TPEX_CSV,2026/9/3 15:37
1150903,2026/9/3,上櫃,00999A,主動野村臺灣高息,11.36,-0.18,11.58,11.6,11.35,10414532,119595971,3135,TPEX_CSV,2026/9/3 15:37
1150903,2026/9/3,上櫃,01001T,土銀富邦R1,11.23,-0.01,11.23,11.23,11.23,79000,887170,9,TPEX_CSV,2026/9/3 15:37
1150903,2026/9/3,上櫃,01002T,土銀國泰R1,13.01,0,13.03,13.03,13.01,24005,312573,12,TPEX_CSV,2026/9/3 15:37
1150903,2026/9/3,上櫃,01004T,土銀富邦R2,10.06,-0.01,10.1,10.1,10.06,36000,362750,30,TPEX_CSV,2026/9/3 15:37
1150903,2026/9/3,上櫃,01007T,兆豐國泰R2,11.36,0.05,11.31,11.36,11.25,93000,1048450,75,TPEX_CSV,2026/9/3 15:37
1150903,2026/9/3,上櫃,01009T,王道圓滿R1,5.68,0,5.67,5.68,5.66,32000,181220,6,TPEX_CSV,2026/9/3 15:37
1150903,2026/9/3,上櫃,01010T,京城樂富R1,,0,,,,,,,TPEX_CSV,2026/9/3 15:37
1150903,2026/9/3,上櫃,020000,富邦特選蘋果N,31.04,-0.03,30.95,31.04,30.72,5000,154560,5,TPEX_CSV,2026/9/3 15:37
1150903,2026/9/3,上櫃,020011,統一微波高息20N,,0,,,,,,,TPEX_CSV,2026/9/3 15:37
1150903,2026/9/3,上櫃,020012,富邦行動通訊N,,0,,,,,,,TPEX_CSV,2026/9/3 15:37
1150903,2026/9/3,上櫃,02001L,富邦蘋果正二N,131.7,-4.85,139.8,139.8,131.7,62000,8326650,40,TPEX_CSV,2026/9/3 15:37
1150903,2026/9/3,上櫃,020020,元大台股領航N,28.65,0.14,28.65,28.65,28.65,2000,57300,1,TPEX_CSV,2026/9/3 15:37
1150903,2026/9/3,上櫃,020028,元大特選電動車N,21.44,0.14,21.2,21.44,21.2,23000,490680,4,TPEX_CSV,2026/9/3 15:37
1150903,2026/9/3,上櫃,020029,元大ESG高股息N,19.49,0.3,19.25,19.51,19.25,64000,1240950,36,TPEX_CSV,2026/9/3 15:37
1150903,2026/9/3,上櫃,020030,統一智慧電動車N,19.64,-0.16,19.64,19.64,19.64,2000,39280,1,TPEX_CSV,2026/9/3 15:37
1150903,2026/9/3,上櫃,020031,統一IC設計臺灣N,10.73,0.09,10.73,10.75,10.7,11000,117990,6,TPEX_CSV,2026/9/3 15:37
1150903,2026/9/3,上櫃,020032,元大綠能N,,0,,,,,,,TPEX_CSV,2026/9/3 15:37
1150903,2026/9/3,上櫃,020034,元大IC設計N,15.53,-0.15,15.9,15.92,15.53,48000,755280,4,TPEX_CSV,2026/9/3 15:37
1150903,2026/9/3,上櫃,020036,元大金融配息N,,0,,,,,,,TPEX_CSV,2026/9/3 15:37
1150903,2026/9/3,上櫃,020037,元大金融高股息N,,0,,,,,,,TPEX_CSV,2026/9/3 15:37
1150903,2026/9/3,上櫃,020038,元大ESG配息N,15.05,0.37,14.85,15.05,14.85,52000,776190,8,TPEX_CSV,2026/9/3 15:37
1150903,2026/9/3,上櫃,020039,元大加權N,,0,,,,,,,TPEX_CSV,2026/9/3 15:37
1150903,2026/9/3,上櫃,1101,台泥,24.45,-0.35,24.85,24.95,24.4,24047477,592638021,8180,TPEX_CSV,2026/9/3 15:37
1150903,2026/9/3,上櫃,1101B,台泥乙特,43.6,0.4,43.2,43.6,43.2,13034,563567,6,TPEX_CSV,2026/9/3 15:37
1150903,2026/9/3,上櫃,1102,亞泥,35.2,0.2,34.8,35.35,34.75,7273749,255760597,2867,TPEX_CSV,2026/9/3 15:37
1150903,2026/9/3,上櫃,1103,嘉泥,13.25,0,13.2,13.25,13.15,153467,2027661,135,TPEX_CSV,2026/9/3 15:37
1150903,2026/9/3,上櫃,1104,環泥,27.8,0.75,27,27.9,27,1904132,52628841,1300,TPEX_CSV,2026/9/3 15:37
1150903,2026/9/3,上櫃,1108,幸福,11.6,-0.1,11.7,11.7,11.6,332613,3870777,139,TPEX_CSV,2026/9/3 15:37
1150903,2026/9/3,上櫃,1109,信大,13.45,0,13.5,13.55,13.45,59032,795588,70,TPEX_CSV,2026/9/3 15:37
1150903,2026/9/3,上櫃,1110,東泥,16.1,0,15.95,16.15,15.95,97317,1561015,72,TPEX_CSV,2026/9/3 15:37
1150903,2026/9/3,上櫃,1201,味全,12.15,-0.1,12.2,12.25,12.15,254938,3109539,282,TPEX_CSV,2026/9/3 15:37
1150903,2026/9/3,上櫃,1203,味王,43.2,0,43.5,44.4,42.85,16327,714430,48,TPEX_CSV,2026/9/3 15:37
1150903,2026/9/3,上櫃,1210,大成,51.8,0,51.8,52.3,51.6,1126917,58419985,1152,TPEX_CSV,2026/9/3 15:37
1150903,2026/9/3,上櫃,1213,大飲,7.47,-0.13,7.49,7.49,7.45,7689,57518,10,TPEX_CSV,2026/9/3 15:37
1150903,2026/9/3,上櫃,1215,卜蜂,110,0.5,110,110,109,510167,55890616,599,TPEX_CSV,2026/9/3 15:37
1150903,2026/9/3,上櫃,1216,統一,75.6,-1,76.6,76.6,75.6,6932731,525758218,5106,TPEX_CSV,2026/9/3 15:37
1150903,2026/9/3,上櫃,1217,愛之味,9.96,0,9.95,9.99,9.95,224504,2237609,349,TPEX_CSV,2026/9/3 15:37
1150903,2026/9/3,上櫃,1218,泰山,14.35,-0.05,14.4,14.5,14.35,607993,8756294,431,TPEX_CSV,2026/9/3 15:37
1150903,2026/9/3,上櫃,1219,福壽,11.5,-0.05,11.5,11.55,11.45,204665,2355408,140,TPEX_CSV,2026/9/3 15:37
1150903,2026/9/3,上櫃,1220,台榮,10.7,-0.05,10.7,10.7,10.65,80752,864212,139,TPEX_CSV,2026/9/3 15:37
1150903,2026/9/3,上櫃,1225,福懋油,24.9,-0.25,25.15,25.55,24.9,165778,4148011,142,TPEX_CSV,2026/9/3 15:37
1150903,2026/9/3,上櫃,1227,佳格,28.55,-0.05,28.6,28.65,28.5,408399,11667494,371,TPEX_CSV,2026/9/3 15:37
1150903,2026/9/3,上櫃,1229,聯華,42.1,0.15,42,42.35,41.55,2339162,98359679,2849,TPEX_CSV,2026/9/3 15:37
1150903,2026/9/3,上櫃,1231,聯華食,80,-0.2,80.3,80.4,79.9,352358,28224001,631,TPEX_CSV,2026/9/3 15:37
1150903,2026/9/3,上櫃,1232,大統益,155.5,-1,157,157,155.5,129851,20250263,302,TPEX_CSV,2026/9/3 15:37
1150903,2026/9/3,上櫃,1233,天仁,28.3,0,28.5,28.5,28.3,11017,312728,12,TPEX_CSV,2026/9/3 15:37
1150903,2026/9/3,上櫃,1234,黑松,33.3,-0.15,33.45,33.5,33.25,50732,1689657,96,TPEX_CSV,2026/9/3 15:37
1150903,2026/9/3,上櫃,1235,興泰,38,1,37.8,38,37.8,3000,113800,3,TPEX_CSV,2026/9/3 15:37
1150903,2026/9/3,上櫃,1236,宏亞,26.05,0.1,25.6,26.2,25.6,137121,3543075,93,TPEX_CSV,2026/9/3 15:37
1150903,2026/9/3,上櫃,1256,鮮活果汁-KY,173,-4.5,178,178.5,173,134463,23562247,1534,TPEX_CSV,2026/9/3 15:37
1150903,2026/9/3,上櫃,1301,台塑,65.7,-1.1,67,71.2,65.7,52367902,3564969042,30568,TPEX_CSV,2026/9/3 15:37
1150903,2026/9/3,上櫃,1303,南亞,221,-16.5,243,244.5,219.5,103990697,23734839689,102382,TPEX_CSV,2026/9/3 15:37
1150903,2026/9/3,上櫃,1304,台聚,12.45,-0.15,12.6,13.05,12.4,3297866,41831683,1353,TPEX_CSV,2026/9/3 15:37
1150903,2026/9/3,上櫃,1305,華夏,12.35,-0.15,12.55,12.95,12.35,2609879,32892922,1089,TPEX_CSV,2026/9/3 15:37
1150903,2026/9/3,上櫃,1307,三芳,30.35,-0.1,30.5,30.75,30.35,638349,19447242,502,TPEX_CSV,2026/9/3 15:37
1150903,2026/9/3,上櫃,1308,亞聚,14.4,-0.2,14.6,15,14.3,2030294,29553774,1040,TPEX_CSV,2026/9/3 15:37
1150903,2026/9/3,上櫃,1309,台達化,13.6,-0.2,13.7,14.4,13.55,2693780,37436695,1619,TPEX_CSV,2026/9/3 15:37
1150903,2026/9/3,上櫃,1310,台苯,8.82,-0.15,8.99,9.29,8.75,4431788,39787678,2460,TPEX_CSV,2026/9/3 15:37
1150903,2026/9/3,上櫃,1312,國喬,14.9,-0.35,15.1,16.4,14.8,57277445,887821666,18599,TPEX_CSV,2026/9/3 15:37
1150903,2026/9/3,上櫃,1312A,國喬特,,0,,,,,,,TPEX_CSV,2026/9/3 15:37
1150903,2026/9/3,上櫃,1313,聯成,11.9,-0.15,12.05,12.5,11.9,3072405,37432839,1271,TPEX_CSV,2026/9/3 15:37
1150903,2026/9/3,上櫃,1314,中石化,8.12,-0.1,8.23,8.55,8.12,34031523,282635902,7295,TPEX_CSV,2026/9/3 15:37
1150903,2026/9/3,上櫃,1315,達新,65.7,-0.3,65.6,66.1,65.6,10236,673584,18,TPEX_CSV,2026/9/3 15:37
1150903,2026/9/3,上櫃,1316,上曜,10.75,-0.05,10.9,11.05,10.7,1882638,20375648,787,TPEX_CSV,2026/9/3 15:37
1150903,2026/9/3,上櫃,1319,東陽,81.4,-1.6,82.6,83,81.2,1898204,155495643,1576,TPEX_CSV,2026/9/3 15:37
1150903,2026/9/3,上櫃,1321,大洋,32.6,-0.15,32.8,33.1,32.4,57100,1864769,57,TPEX_CSV,2026/9/3 15:37
1150903,2026/9/3,上櫃,1323,永裕,21.35,0.1,21.25,21.6,21,45624,965861,105,TPEX_CSV,2026/9/3 15:37
1150903,2026/9/3,上櫃,1324,地球,10.25,0.2,10.3,10.3,10.2,38359,393171,38,TPEX_CSV,2026/9/3 15:37
1150903,2026/9/3,上櫃,1325,恆大,25.4,-0.25,25.75,25.9,25.35,101594,2598162,132,TPEX_CSV,2026/9/3 15:37
1150903,2026/9/3,上櫃,1326,台化,69.7,-3.1,72.1,78.2,69.3,82419512,5990598233,46158,TPEX_CSV,2026/9/3 15:37
1150903,2026/9/3,上櫃,1337,再生-KY,4.52,-0.07,4.68,4.68,4.52,316729,1444593,231,TPEX_CSV,2026/9/3 15:37
1150903,2026/9/3,上櫃,1338,廣華-KY,14.45,-0.1,14.45,14.45,14.3,35268,506971,53,TPEX_CSV,2026/9/3 15:37
1150903,2026/9/3,上櫃,1339,昭輝,42.6,-0.6,43,43.2,42.6,37021,1588310,58,TPEX_CSV,2026/9/3 15:37
1150903,2026/9/3,上櫃,1340,勝悅-KY,5.16,-0.06,5.17,5.21,5.14,89937,464838,88,TPEX_CSV,2026/9/3 15:37
1150903,2026/9/3,上櫃,1341,富林-KY,58.9,-0.7,59.8,59.8,58.9,2000,118700,2,TPEX_CSV,2026/9/3 15:37
1150903,2026/9/3,上櫃,1342,八貫,102,-0.5,103,103.5,102,171351,17568741,200,TPEX_CSV,2026/9/3 15:37
1150903,2026/9/3,上櫃,1402,遠東新,29.1,0,29.15,29.4,28.8,10260912,298806786,3489,TPEX_CSV,2026/9/3 15:37
1150903,2026/9/3,上櫃,1409,新纖,24.6,-0.75,25.25,26.45,24.6,23016182,582386409,10586,TPEX_CSV,2026/9/3 15:37
1150903,2026/9/3,上櫃,1410,南染,24.55,-0.25,24.8,25.1,24.55,231266,5730490,202,TPEX_CSV,2026/9/3 15:37
1150903,2026/9/3,上櫃,1413,宏洲,9.08,0,9.11,9.2,9.08,30730,279688,19,TPEX_CSV,2026/9/3 15:37
1150903,2026/9/3,上櫃,1414,東和,17.9,-0.9,18.8,18.85,17.9,201421,3696153,163,TPEX_CSV,2026/9/3 15:37
1150903,2026/9/3,上櫃,1416,廣豐,11.7,0,11.65,11.9,11.65,294645,3467348,181,TPEX_CSV,2026/9/3 15:37
1150903,2026/9/3,上櫃,1417,嘉裕,8.29,0,8.3,8.33,8.23,118093,977043,75,TPEX_CSV,2026/9/3 15:37
1150903,2026/9/3,上櫃,1418,東華,17.45,-0.2,17.5,17.9,17.45,10308,181958,20,TPEX_CSV,2026/9/3 15:37
1150903,2026/9/3,上櫃,1419,新紡,66.4,-0.6,66.8,67.6,66.1,143807,9618167,159,TPEX_CSV,2026/9/3 15:37
1150903,2026/9/3,上櫃,1423,利華,,0,,,,600,21050,8,TPEX_CSV,2026/9/3 15:37
1150903,2026/9/3,上櫃,1432,大魯閣,15,-0.05,15.1,15.15,15,62212,937189,186,TPEX_CSV,2026/9/3 15:37
1150903,2026/9/3,上櫃,1434,福懋,18.1,-0.15,18.25,18.6,18.05,1820254,33219642,1056,TPEX_CSV,2026/9/3 15:37
1150903,2026/9/3,上櫃,1435,中福,21.05,-0.45,20.9,22.25,20.9,16542,350353,27,TPEX_CSV,2026/9/3 15:37
1150903,2026/9/3,上櫃,1436,華友聯,38.15,-0.35,38.2,38.5,38.15,70152,2681200,134,TPEX_CSV,2026/9/3 15:37
1150903,2026/9/3,上櫃,1437,勤益控,31.95,-0.05,31.85,32,31.8,46110,1471997,48,TPEX_CSV,2026/9/3 15:37
1150903,2026/9/3,上櫃,1438,三地開發,22.3,-0.1,22.25,22.4,22.25,31316,699508,61,TPEX_CSV,2026/9/3 15:37
1150903,2026/9/3,上櫃,1439,雋揚,28.9,-0.35,29.75,29.75,28.9,3166,93150,11,TPEX_CSV,2026/9/3 15:37
1150903,2026/9/3,上櫃,1440,南紡,14.2,0,14.4,14.85,14.1,8086252,116535784,2617,TPEX_CSV,2026/9/3 15:37
1150903,2026/9/3,上櫃,1441,大東,8.8,-0.01,8.8,8.8,8.72,25300,221886,146,TPEX_CSV,2026/9/3 15:37
1150903,2026/9/3,上櫃,1442,名軒,29.5,-0.1,29.7,29.8,29.5,63342,1877156,63,TPEX_CSV,2026/9/3 15:37
1150903,2026/9/3,上櫃,1443,立益物流,23.8,0,23.7,23.9,23.7,13022,309926,13,TPEX_CSV,2026/9/3 15:37
1150903,2026/9/3,上櫃,1444,力麗,7.1,-0.1,7.21,7.47,7.1,2292326,16536434,940,TPEX_CSV,2026/9/3 15:37
1150903,2026/9/3,上櫃,1445,大宇,10.2,-0.1,10.3,10.3,10.15,96228,981579,33,TPEX_CSV,2026/9/3 15:37
1150903,2026/9/3,上櫃,1446,宏和,13.45,-0.1,13.5,13.55,13.45,106143,1432644,51,TPEX_CSV,2026/9/3 15:37
1150903,2026/9/3,上櫃,1447,力鵬,6.75,-0.13,6.91,7.09,6.75,1682125,11596938,811,TPEX_CSV,2026/9/3 15:37
1150903,2026/9/3,上櫃,1449,佳和,12.15,-0.15,12.25,12.35,12.1,337438,4122056,454,TPEX_CSV,2026/9/3 15:37
1150903,2026/9/3,上櫃,1451,年興,17.25,-0.05,17.3,17.35,17.25,33602,580892,69,TPEX_CSV,2026/9/3 15:37
1150903,2026/9/3,上櫃,1452,宏益,11.35,-0.05,11.35,11.4,11.2,92349,1039128,83,TPEX_CSV,2026/9/3 15:37
1150903,2026/9/3,上櫃,1453,大將,11.1,0.05,11.2,11.2,11.1,3057,34070,21,TPEX_CSV,2026/9/3 15:37
1150903,2026/9/3,上櫃,1454,台富,12.1,-0.1,12.15,12.15,12.1,19835,240993,79,TPEX_CSV,2026/9/3 15:37
1150903,2026/9/3,上櫃,1455,集盛,9.97,-0.18,10.2,10.4,9.97,1902317,19242331,754,TPEX_CSV,2026/9/3 15:37
1150903,2026/9/3,上櫃,1456,怡華,14,-0.4,14.1,14.4,14,43704,618335,42,TPEX_CSV,2026/9/3 15:37
1150903,2026/9/3,上櫃,1457,宜進,14.4,-0.05,14.5,14.5,14.35,122011,1764207,31,TPEX_CSV,2026/9/3 15:37
1150903,2026/9/3,上櫃,1459,聯發,15.3,-0.25,15.6,15.6,15.3,52307,808395,50,TPEX_CSV,2026/9/3 15:37
1150903,2026/9/3,上櫃,1460,宏遠,6.56,-0.04,6.63,6.63,6.56,186307,1227817,121,TPEX_CSV,2026/9/3 15:37
1150903,2026/9/3,上櫃,1463,強盛新,17.35,0,17.35,17.35,17.3,46140,798603,23,TPEX_CSV,2026/9/3 15:37
1150903,2026/9/3,上櫃,1464,得力,10.05,0,10.1,10.1,10.05,313664,3153827,162,TPEX_CSV,2026/9/3 15:37
1150903,2026/9/3,上櫃,1465,偉全,11.95,-0.2,12.1,12.4,11.95,467856,5644827,319,TPEX_CSV,2026/9/3 15:37
1150903,2026/9/3,上櫃,1466,聚隆,15.7,-0.4,16.1,16.15,15.7,337852,5366430,185,TPEX_CSV,2026/9/3 15:37
1150903,2026/9/3,上櫃,1467,南緯,8.21,-0.07,8.38,8.38,8.21,62056,512341,63,TPEX_CSV,2026/9/3 15:37
1150903,2026/9/3,上櫃,1468,昶和,12.9,0,12.6,12.9,12.5,65123,824866,46,TPEX_CSV,2026/9/3 15:37
1150903,2026/9/3,上櫃,1470,大統新創,,0,,,,20,486,1,TPEX_CSV,2026/9/3 15:37
1150903,2026/9/3,上櫃,1471,首利,9.73,-0.19,9.89,9.95,9.73,112830,1109461,121,TPEX_CSV,2026/9/3 15:37
1150903,2026/9/3,上櫃,1472,三洋實業,88.2,-0.4,88.8,88.8,88.2,12000,1064900,4,TPEX_CSV,2026/9/3 15:37
1150903,2026/9/3,上櫃,1473,台南,20.1,-0.05,20.05,20.15,20,19491,391592,81,TPEX_CSV,2026/9/3 15:37
1150903,2026/9/3,上櫃,1474,弘裕,9.99,0.02,9.99,10.1,9.92,112834,1127474,60,TPEX_CSV,2026/9/3 15:37
1150903,2026/9/3,上櫃,1475,業旺,26.25,0,26.5,27,26.25,18000,480300,16,TPEX_CSV,2026/9/3 15:37
1150903,2026/9/3,上櫃,1476,儒鴻,313.5,-0.5,314,317,312.5,1133402,355840036,1353,TPEX_CSV,2026/9/3 15:37
1150903,2026/9/3,上櫃,1477,聚陽,194,-2,196,197.5,194,1323035,258522445,1860,TPEX_CSV,2026/9/3 15:37
1150903,2026/9/3,上櫃,1503,士電,201,-5,207.5,210,201,1509182,308032835,4124,TPEX_CSV,2026/9/3 15:37
1150903,2026/9/3,上櫃,1504,東元,71,-1.6,72.9,73.2,71,7456813,536318850,6026,TPEX_CSV,2026/9/3 15:37
1150903,2026/9/3,上櫃,1506,正道,10.05,0,10.05,10.1,10,123602,1241711,56,TPEX_CSV,2026/9/3 15:37
1150903,2026/9/3,上櫃,1512,瑞利,6.2,-0.18,6.38,6.38,6.2,96001,602380,85,TPEX_CSV,2026/9/3 15:37
1150903,2026/9/3,上櫃,1513,中興電,162.5,-2.5,166,166,162.5,2234597,366161878,4298,TPEX_CSV,2026/9/3 15:37
1150903,2026/9/3,上櫃,1514,亞力,100.5,-2.5,103.5,104,100.5,1487636,151590910,1712,TPEX_CSV,2026/9/3 15:37
1150903,2026/9/3,上櫃,1515,力山,31,-1,32.05,32.4,31,1384153,43410118,1154,TPEX_CSV,2026/9/3 15:37
1150903,2026/9/3,上櫃,1516,川飛,14.35,-0.2,14.25,14.6,14,36314,514342,67,TPEX_CSV,2026/9/3 15:37
1150903,2026/9/3,上櫃,1517,利奇,10.8,-0.3,11.1,11.2,10.8,532763,5844509,371,TPEX_CSV,2026/9/3 15:37
1150903,2026/9/3,上櫃,1519,華城,722,-19,749,750,722,1340195,983322599,7161,TPEX_CSV,2026/9/3 15:37
1150903,2026/9/3,上櫃,1521,大億,25.8,-0.1,25.9,25.9,25.8,3000,77500,3,TPEX_CSV,2026/9/3 15:37
1150903,2026/9/3,上櫃,1522,堤維西,26.95,-0.45,27.4,27.4,26.95,650650,17604131,510,TPEX_CSV,2026/9/3 15:37
1150903,2026/9/3,上櫃,1522A,堤維西甲特,51,0,51,51,51,1000,51000,1,TPEX_CSV,2026/9/3 15:37
1150903,2026/9/3,上櫃,1524,耿鼎,26.75,-0.35,27.15,27.15,26.75,427829,11522376,316,TPEX_CSV,2026/9/3 15:37
1150903,2026/9/3,上櫃,1525,江申,66.6,-0.3,66.9,66.9,66.3,4288,285324,29,TPEX_CSV,2026/9/3 15:37
1150903,2026/9/3,上櫃,1526,日馳,15.4,-0.65,16.05,16.05,15.4,359635,5630622,223,TPEX_CSV,2026/9/3 15:37
1150903,2026/9/3,上櫃,1527,鑽全,32.65,0.05,32.7,32.7,32.55,84454,2753627,68,TPEX_CSV,2026/9/3 15:37
1150903,2026/9/3,上櫃,1528,恩德,18.7,-0.65,19.35,19.55,18.7,699605,13370325,489,TPEX_CSV,2026/9/3 15:37
1150903,2026/9/3,上櫃,1529,樂事綠能,16.7,-0.1,16.95,16.95,16.5,608189,10135445,418,TPEX_CSV,2026/9/3 15:37
1150903,2026/9/3,上櫃,1530,亞崴,28.6,0,28.55,28.6,28.4,24625,702065,34,TPEX_CSV,2026/9/3 15:37
1150903,2026/9/3,上櫃,1531,高林股,11.9,0.15,11.8,12.05,11.8,81554,973026,81,TPEX_CSV,2026/9/3 15:37
1150903,2026/9/3,上櫃,1532,勤美,23.05,0.05,23.1,23.3,22.9,336469,7773158,196,TPEX_CSV,2026/9/3 15:37
1150903,2026/9/3,上櫃,1533,車王電,31.4,0.3,31.6,31.6,30.8,66273,2057443,72,TPEX_CSV,2026/9/3 15:37
1150903,2026/9/3,上櫃,1535,中宇,45.3,-0.2,45.35,45.45,45.2,29156,1321668,61,TPEX_CSV,2026/9/3 15:37
1150903,2026/9/3,上櫃,1536,和大,49.2,-0.35,50,51.4,49.2,2258048,113966834,1731,TPEX_CSV,2026/9/3 15:37
1150903,2026/9/3,上櫃,1537,廣隆,116.5,-1,117.5,117.5,116,281110,32742974,440,TPEX_CSV,2026/9/3 15:37
1150903,2026/9/3,上櫃,1538,正峰,,0,,,,,,,TPEX_CSV,2026/9/3 15:37
1150903,2026/9/3,上櫃,1539,巨庭,15.6,-0.1,15.7,15.7,15.6,21176,331308,15,TPEX_CSV,2026/9/3 15:37
1150903,2026/9/3,上櫃,1540,喬福,19.7,0.05,19.65,20,19.55,222006,4377674,323,TPEX_CSV,2026/9/3 15:37
1150903,2026/9/3,上櫃,1541,錩泰,21.55,0.1,21.45,22.15,21.4,9309,200431,13,TPEX_CSV,2026/9/3 15:37
1150903,2026/9/3,上櫃,1558,伸興,106,0.5,104.5,108.5,104.5,204979,21886493,449,TPEX_CSV,2026/9/3 15:37
1150903,2026/9/3,上櫃,1560,中砂,711,7,705,727,702,1273917,911850263,2497,TPEX_CSV,2026/9/3 15:37
1150903,2026/9/3,上櫃,1568,倉佑,28.7,-0.2,29,29.2,28.6,224540,6485782,144,TPEX_CSV,2026/9/3 15:37
1150903,2026/9/3,上櫃,1582,信錦,73.2,-1.9,75.6,75.9,73,412575,30609321,639,TPEX_CSV,2026/9/3 15:37
1150903,2026/9/3,上櫃,1583,程泰,48.25,0,48.25,48.55,48.1,10220,493722,25,TPEX_CSV,2026/9/3 15:37
1150903,2026/9/3,上櫃,1587,吉茂,24.2,0.2,24,24.25,23.8,185975,4472295,162,TPEX_CSV,2026/9/3 15:37
1150903,2026/9/3,上櫃,1590,亞德客-KY,1375,-20,1395,1410,1370,421501,585972435,702,TPEX_CSV,2026/9/3 15:37
1150903,2026/9/3,上櫃,1597,直得,144.5,-4,151.5,157.5,144,6266958,943211785,5946,TPEX_CSV,2026/9/3 15:37
1150903,2026/9/3,上櫃,1598,岱宇,19.9,-0.25,20.15,20.15,19.8,123957,2473544,210,TPEX_CSV,2026/9/3 15:37
1150903,2026/9/3,上櫃,1603,華電,30.35,-0.2,30.5,30.6,30.2,154173,4686152,184,TPEX_CSV,2026/9/3 15:37
1150903,2026/9/3,上櫃,1604,聲寶,23.45,0.05,23.4,23.65,23.35,378253,8901271,227,TPEX_CSV,2026/9/3 15:37
1150903,2026/9/3,上櫃,1605,華新,37.6,-0.6,38.3,39.25,37.6,18436265,708479218,9628,TPEX_CSV,2026/9/3 15:37
1150903,2026/9/3,上櫃,1608,華榮,36.35,-0.45,37,37.25,36.35,2312929,84903739,1647,TPEX_CSV,2026/9/3 15:37
1150903,2026/9/3,上櫃,1609,大亞,37,-0.5,37.6,37.9,37,2643259,98771633,2090,TPEX_CSV,2026/9/3 15:37
1150903,2026/9/3,上櫃,1611,中電,11.65,-0.1,11.75,11.8,11.65,370827,4356278,274,TPEX_CSV,2026/9/3 15:37
1150903,2026/9/3,上櫃,1612,宏泰,34.75,0.1,34.75,34.95,34.6,499767,17370277,323,TPEX_CSV,2026/9/3 15:37
1150903,2026/9/3,上櫃,1614,三洋電,30.55,-0.2,30.7,30.8,30.55,17125,525359,27,TPEX_CSV,2026/9/3 15:37
1150903,2026/9/3,上櫃,1615,大山,44.3,0.1,44.65,44.65,43.85,121472,5347178,155,TPEX_CSV,2026/9/3 15:37
1150903,2026/9/3,上櫃,1616,億泰,18.8,-0.45,19.3,19.3,18.8,323106,6146194,225,TPEX_CSV,2026/9/3 15:37
1150903,2026/9/3,上櫃,1617,榮星,18.3,-0.7,19.2,19.4,18.25,960600,17947786,549,TPEX_CSV,2026/9/3 15:37
1150903,2026/9/3,上櫃,1618,合機,39.5,-0.3,39.75,40,39.5,359476,14247056,614,TPEX_CSV,2026/9/3 15:37
1150903,2026/9/3,上櫃,1623,大東電,207,0,207,209.5,206.5,71721,14907140,143,TPEX_CSV,2026/9/3 15:37
1150903,2026/9/3,上櫃,1626,艾美特-KY,9.63,-0.08,9.65,9.71,9.63,16963,164173,31,TPEX_CSV,2026/9/3 15:37
1150903,2026/9/3,上櫃,1702,南僑,32.45,-0.15,32.6,32.75,32.45,123541,4024881,124,TPEX_CSV,2026/9/3 15:37
1150903,2026/9/3,上櫃,1707,葡萄王,90.7,-1.1,92,92.6,90.6,438654,40108103,535,TPEX_CSV,2026/9/3 15:37
1150903,2026/9/3,上櫃,1708,東鹼,50.6,0,51.1,52.3,50.6,4127503,211875258,2982,TPEX_CSV,2026/9/3 15:37
1150903,2026/9/3,上櫃,1709,和益,33.45,-1.55,35.15,35.9,33.2,11959315,407435631,13909,TPEX_CSV,2026/9/3 15:37
1150903,2026/9/3,上櫃,1710,東聯,16.2,-0.15,16.35,16.75,16,7836930,128381688,2354,TPEX_CSV,2026/9/3 15:37
1150903,2026/9/3,上櫃,1711,永光,41.55,-1.85,43.4,44.25,41.4,4036152,171663792,2879,TPEX_CSV,2026/9/3 15:37
1150903,2026/9/3,上櫃,1712,興農,40.6,-0.45,41.05,41.05,40.45,1149667,46788123,1394,TPEX_CSV,2026/9/3 15:37
1150903,2026/9/3,上櫃,1713,國化,43.95,-0.95,44.9,44.9,43.7,483515,21390902,301,TPEX_CSV,2026/9/3 15:37
1150903,2026/9/3,上櫃,1714,和桐,16.55,-0.8,17.4,17.75,16.55,21319110,362380857,14372,TPEX_CSV,2026/9/3 15:37
1150903,2026/9/3,上櫃,1717,長興,76.8,-4,80.6,82.6,76.6,18887972,1490973565,15358,TPEX_CSV,2026/9/3 15:37
1150903,2026/9/3,上櫃,1718,中纖,10.7,-0.1,10.85,11.25,10.65,20408995,222098193,5774,TPEX_CSV,2026/9/3 15:37
1150903,2026/9/3,上櫃,1720,生達,56,-0.4,56.3,56.4,55.8,365073,20450469,551,TPEX_CSV,2026/9/3 15:37
1150903,2026/9/3,上櫃,1721,三晃,20,-0.4,20.4,20.7,19.9,582005,11811299,369,TPEX_CSV,2026/9/3 15:37
1150903,2026/9/3,上櫃,1722,台肥,44.65,0.05,44.65,45.25,44.6,3504176,157449772,2151,TPEX_CSV,2026/9/3 15:37
1150903,2026/9/3,上櫃,1723,中碳,86.9,-0.1,87,89.4,86.3,937734,82648224,927,TPEX_CSV,2026/9/3 15:37
1150903,2026/9/3,上櫃,1725,元禎,31.35,-0.1,31.6,31.7,31,43230,1358917,39,TPEX_CSV,2026/9/3 15:37
1150903,2026/9/3,上櫃,1726,永記,76.9,-0.1,76.7,77,76.7,12514,961857,44,TPEX_CSV,2026/9/3 15:37
1150903,2026/9/3,上櫃,1727,中華化,89.2,-5,94.1,95.1,89.1,3460712,316883596,4441,TPEX_CSV,2026/9/3 15:37
1150903,2026/9/3,上櫃,1730,花仙子,51.5,0,51.6,51.8,51.5,25802,1330675,43,TPEX_CSV,2026/9/3 15:37
1150903,2026/9/3,上櫃,1731,美吾華,20.9,-0.05,20.9,21,20.85,92491,1935268,78,TPEX_CSV,2026/9/3 15:37
1150903,2026/9/3,上櫃,1732,毛寶,25.85,-0.3,25.95,26.1,25.85,82436,2137684,69,TPEX_CSV,2026/9/3 15:37
1150903,2026/9/3,上櫃,1733,五鼎,32.25,0,32.25,32.45,32.15,159208,5143223,110,TPEX_CSV,2026/9/3 15:37
1150903,2026/9/3,上櫃,1734,杏輝,30.6,-0.05,30.65,30.65,30.5,152828,4674828,578,TPEX_CSV,2026/9/3 15:37
1150903,2026/9/3,上櫃,1735,日勝化,20.1,-1,21,21.1,20.1,106170,2183016,152,TPEX_CSV,2026/9/3 15:37
1150903,2026/9/3,上櫃,1736,喬山,122,-4,126.5,126.5,121.5,648932,80059395,686,TPEX_CSV,2026/9/3 15:37
1150903,2026/9/3,上櫃,1737,臺鹽,30.65,0,30.65,30.75,30.65,151239,4640016,193,TPEX_CSV,2026/9/3 15:37
1150903,2026/9/3,上櫃,1752,南光,31.45,-0.1,31.5,31.55,31.45,40108,1264294,30,TPEX_CSV,2026/9/3 15:37
1150903,2026/9/3,上櫃,1760,寶齡富錦,56.3,-0.9,57.1,57.2,56.3,251879,14263738,323,TPEX_CSV,2026/9/3 15:37
1150903,2026/9/3,上櫃,1762,中化生,35.9,-0.3,36.3,36.4,35.65,94060,3375098,114,TPEX_CSV,2026/9/3 15:37
1150903,2026/9/3,上櫃,1773,勝一,161,-2.5,164,167.5,160.5,712542,116472042,999,TPEX_CSV,2026/9/3 15:37
1150903,2026/9/3,上櫃,1776,展宇,17,-0.1,17.45,17.45,16.95,35386,605675,35,TPEX_CSV,2026/9/3 15:37
1150903,2026/9/3,上櫃,1783,和康生,38.8,-0.3,39.05,39.45,38.8,32786,1276061,137,TPEX_CSV,2026/9/3 15:37
1150903,2026/9/3,上櫃,1786,科妍,44.3,-1.85,45.8,45.85,44.3,546186,24531766,501,TPEX_CSV,2026/9/3 15:37
1150903,2026/9/3,上櫃,1789,神隆,18.9,-0.1,18.95,19.2,18.9,415449,7907154,227,TPEX_CSV,2026/9/3 15:37
1150903,2026/9/3,上櫃,1795,美時,181.5,-2.5,184,184.5,181.5,899770,164457469,1438,TPEX_CSV,2026/9/3 15:37
1150903,2026/9/3,上櫃,1802,台玻,58.6,-2.2,61.5,64,58.5,52312929,3201335586,33932,TPEX_CSV,2026/9/3 15:37
1150903,2026/9/3,上櫃,1805,寶徠,10.15,0,10.05,10.2,10,64644,654700,33,TPEX_CSV,2026/9/3 15:37
1150903,2026/9/3,上櫃,1806,冠軍,8.02,-0.01,8.04,8.05,8.02,235170,1888318,138,TPEX_CSV,2026/9/3 15:37
1150903,2026/9/3,上櫃,1808,潤隆,35.8,0.35,35.45,36.1,34.8,2500291,88876417,2189,TPEX_CSV,2026/9/3 15:37
1150903,2026/9/3,上櫃,1809,中釉,37.1,-1.4,38.5,39.7,37.1,1153494,44089963,1057,TPEX_CSV,2026/9/3 15:37
1150903,2026/9/3,上櫃,1810,和成,24,-0.65,24.65,24.9,24,2744058,66879199,1561,TPEX_CSV,2026/9/3 15:37
1150903,2026/9/3,上櫃,1817,凱撒衛,40.05,-0.15,40.1,40.2,40,60135,2409057,57,TPEX_CSV,2026/9/3 15:37
1150903,2026/9/3,上櫃,1903,士紙,47.6,0,47.45,47.9,47.45,57462,2738708,72,TPEX_CSV,2026/9/3 15:37
1150903,2026/9/3,上櫃,1904,正隆,25.1,0.55,24.65,25.5,24.65,2549770,63992821,1713,TPEX_CSV,2026/9/3 15:37
1150903,2026/9/3,上櫃,1905,華紙,13.65,-0.2,13.9,14.1,13.65,2590179,35945313,1208,TPEX_CSV,2026/9/3 15:37
1150903,2026/9/3,上櫃,1906,寶隆,11.2,0,11.2,11.3,11.1,40354,450911,73,TPEX_CSV,2026/9/3 15:37
1150903,2026/9/3,上櫃,1907,永豐餘,30.3,0.2,29.95,30.75,29.95,930587,28223334,779,TPEX_CSV,2026/9/3 15:37
1150903,2026/9/3,上櫃,1909,榮成,11.15,-0.2,11.3,11.45,11.15,3194862,36010211,873,TPEX_CSV,2026/9/3 15:37
1150903,2026/9/3,上櫃,2002,中鋼,19,-0.05,19,19.25,19,28510563,544796877,6214,TPEX_CSV,2026/9/3 15:37
1150903,2026/9/3,上櫃,2002A,中鋼特,37.15,0,37.2,37.2,37.15,9000,334400,7,TPEX_CSV,2026/9/3 15:37
1150903,2026/9/3,上櫃,2006,東和鋼鐵,82.6,-0.1,82.2,83.6,81.4,2194133,181701696,3743,TPEX_CSV,2026/9/3 15:37
1150903,2026/9/3,上櫃,2007,燁興,6.93,0.01,6.9,7.02,6.9,149678,1042146,100,TPEX_CSV,2026/9/3 15:37
1150903,2026/9/3,上櫃,2008,高興昌,30.5,-0.05,30.5,30.5,30.5,4936,150261,21,TPEX_CSV,2026/9/3 15:37
1150903,2026/9/3,上櫃,2009,第一銅,39.2,-0.7,40.2,40.2,39.15,1487527,58855128,1287,TPEX_CSV,2026/9/3 15:37
1150903,2026/9/3,上櫃,2010,春源,22.55,0.1,22.55,22.7,22.5,813247,18368507,476,TPEX_CSV,2026/9/3 15:37
1150903,2026/9/3,上櫃,2012,春雨,14.45,-0.15,14.5,14.6,14.45,71150,1029904,52,TPEX_CSV,2026/9/3 15:37
1150903,2026/9/3,上櫃,2013,中鋼構,41.7,0.1,41.6,41.9,41.5,37157,1548831,75,TPEX_CSV,2026/9/3 15:37
1150903,2026/9/3,上櫃,2014,中鴻,16.9,-0.05,17.15,17.2,16.9,1558220,26475380,661,TPEX_CSV,2026/9/3 15:37
1150903,2026/9/3,上櫃,2015,豐興,64.4,0,64.2,64.5,63.9,122241,7854425,122,TPEX_CSV,2026/9/3 15:37
1150903,2026/9/3,上櫃,2017,官田鋼,9,-0.07,9.07,9.15,9,577725,5230328,288,TPEX_CSV,2026/9/3 15:37
1150903,2026/9/3,上櫃,2020,美亞,21.8,0.05,21.7,22.3,21.7,407631,8992553,268,TPEX_CSV,2026/9/3 15:37
1150903,2026/9/3,上櫃,2022,聚亨,7.59,0.01,7.58,7.65,7.53,230430,1744220,190,TPEX_CSV,2026/9/3 15:37
1150903,2026/9/3,上櫃,2023,燁輝,13.8,-0.05,13.8,13.9,13.75,440101,6079376,281,TPEX_CSV,2026/9/3 15:37
1150903,2026/9/3,上櫃,2024,志聯,13.25,0,13.3,13.3,13,27663,362521,39,TPEX_CSV,2026/9/3 15:37
1150903,2026/9/3,上櫃,2025,千興,12.65,-0.2,12.85,12.95,12.65,320993,4097831,130,TPEX_CSV,2026/9/3 15:37
1150903,2026/9/3,上櫃,2027,大成鋼,50.2,0.65,49.45,50.5,49.4,11064729,554653266,5091,TPEX_CSV,2026/9/3 15:37
1150903,2026/9/3,上櫃,2028,威致,15.65,-0.1,15.8,15.8,15.65,45808,719962,28,TPEX_CSV,2026/9/3 15:37
1150903,2026/9/3,上櫃,2029,盛餘,21.9,0.15,21.75,21.95,21.75,112236,2452494,178,TPEX_CSV,2026/9/3 15:37
1150903,2026/9/3,上櫃,2030,彰源,23.4,0.8,22.6,23.4,22.6,2669737,61855946,1525,TPEX_CSV,2026/9/3 15:37
1150903,2026/9/3,上櫃,2031,新光鋼,45.35,0.15,45.15,45.8,45.15,471983,21457810,413,TPEX_CSV,2026/9/3 15:37
1150903,2026/9/3,上櫃,2032,新鋼,16.9,-0.35,17.1,17.35,16.9,374053,6413664,177,TPEX_CSV,2026/9/3 15:37
1150903,2026/9/3,上櫃,2033,佳大,25.55,0.9,24.45,25.55,24.45,1081739,26945479,643,TPEX_CSV,2026/9/3 15:37
1150903,2026/9/3,上櫃,2034,允強,20.65,0.15,20.5,20.85,20.5,969221,20046921,549,TPEX_CSV,2026/9/3 15:37
1150903,2026/9/3,上櫃,2038,海光,12.6,-0.15,12.8,12.85,12.6,124151,1574310,117,TPEX_CSV,2026/9/3 15:37
1150903,2026/9/3,上櫃,2049,上銀,344.5,-7.5,353,364.5,343,3382843,1195952472,4936,TPEX_CSV,2026/9/3 15:37
1150903,2026/9/3,上櫃,2059,川湖,13450,-415,13935,14195,13255,651444,8978890510,11459,TPEX_CSV,2026/9/3 15:37
1150903,2026/9/3,上櫃,2062,橋椿,19.25,0.2,19.3,19.6,19.1,252098,4878871,209,TPEX_CSV,2026/9/3 15:37
1150903,2026/9/3,上櫃,2069,運錩,20.95,0.15,21.05,21.15,20.75,345942,7251209,202,TPEX_CSV,2026/9/3 15:37
1150903,2026/9/3,上櫃,2072,世紀風電,138,-1,140,140,138,433022,60109614,461,TPEX_CSV,2026/9/3 15:37
1150903,2026/9/3,上櫃,2101,南港,31.4,-0.25,31.65,31.85,31.35,1117451,35236645,858,TPEX_CSV,2026/9/3 15:37
1150903,2026/9/3,上櫃,2102,泰豐,18.25,-0.2,18.4,18.45,18.2,439422,8054255,272,TPEX_CSV,2026/9/3 15:37
1150903,2026/9/3,上櫃,2103,台橡,27.95,-0.35,28.2,28.9,27.9,4443020,125767982,2208,TPEX_CSV,2026/9/3 15:37
1150903,2026/9/3,上櫃,2104,國際中橡,10.3,-0.15,10.5,10.7,10.25,2464970,25727402,976,TPEX_CSV,2026/9/3 15:37
1150903,2026/9/3,上櫃,2105,正新,30.7,-0.25,30.85,31.1,30.6,3182212,97905356,2085,TPEX_CSV,2026/9/3 15:37
1150903,2026/9/3,上櫃,2106,建大,17.2,-0.2,17.35,17.45,17.15,814198,14036910,582,TPEX_CSV,2026/9/3 15:37
1150903,2026/9/3,上櫃,2107,厚生,26.75,-0.15,26.8,27.1,26.75,211029,5679950,191,TPEX_CSV,2026/9/3 15:37
1150903,2026/9/3,上櫃,2108,南帝,29.85,-0.7,30.55,31,29.85,771022,23247395,659,TPEX_CSV,2026/9/3 15:37
1150903,2026/9/3,上櫃,2109,華豐,14.8,0.05,14.75,14.85,14.7,177726,2628733,69,TPEX_CSV,2026/9/3 15:37
1150903,2026/9/3,上櫃,2114,鑫永銓,89.2,0,89.7,89.9,89.1,23033,2058144,23,TPEX_CSV,2026/9/3 15:37
1150903,2026/9/3,上櫃,2115,六暉-KY,23.8,-0.15,24.15,24.15,23.75,52150,1244568,49,TPEX_CSV,2026/9/3 15:37
1150903,2026/9/3,上櫃,2201,裕隆,31.4,-0.55,31.55,31.8,31.05,8031685,252003389,4970,TPEX_CSV,2026/9/3 15:37
1150903,2026/9/3,上櫃,2204,中華,54.4,0,54.8,55.1,54.2,784820,42806138,657,TPEX_CSV,2026/9/3 15:37
1150903,2026/9/3,上櫃,2206,三陽工業,63.1,-0.2,63.2,63.4,62.5,468593,29534970,472,TPEX_CSV,2026/9/3 15:37
1150903,2026/9/3,上櫃,2207,和泰車,521,4,515,526,514,171878,89722586,420,TPEX_CSV,2026/9/3 15:37
1150903,2026/9/3,上櫃,2208,台船,18.85,-0.2,19.1,19.2,18.8,2884242,54648957,1432,TPEX_CSV,2026/9/3 15:37
1150903,2026/9/3,上櫃,2211,長榮鋼,83.6,1,83.2,84.1,82.8,448366,37524058,464,TPEX_CSV,2026/9/3 15:37
1150903,2026/9/3,上櫃,2227,裕日車,47.6,-0.3,47.45,47.8,47.1,25830,1225345,45,TPEX_CSV,2026/9/3 15:37
1150903,2026/9/3,上櫃,2228,劍麟,74.3,-0.6,75,75,74.1,76239,5673263,144,TPEX_CSV,2026/9/3 15:37
1150903,2026/9/3,上櫃,2231,為升,90,-2,92.4,92.4,90,217874,19771277,404,TPEX_CSV,2026/9/3 15:37
1150903,2026/9/3,上櫃,2233,宇隆,165,-6,172,174,165,495267,83454794,851,TPEX_CSV,2026/9/3 15:37
1150903,2026/9/3,上櫃,2236,百達-KY,124.5,6.5,120,125,118.5,237106,29127071,250,TPEX_CSV,2026/9/3 15:37
1150903,2026/9/3,上櫃,2237,華德動能-創,27.7,-0.1,28,28,27.65,123641,3438803,101,TPEX_CSV,2026/9/3 15:37
1150903,2026/9/3,上櫃,2239,英利-KY,19.75,-0.2,19.95,20.25,19.75,39000,777950,39,TPEX_CSV,2026/9/3 15:37
1150903,2026/9/3,上櫃,2241,艾姆勒,34.25,-0.25,34.5,34.5,33.85,263067,8980443,386,TPEX_CSV,2026/9/3 15:37
1150903,2026/9/3,上櫃,2243,宏旭-KY,43.9,1,42.9,45.2,42.9,254865,11237928,262,TPEX_CSV,2026/9/3 15:37
1150903,2026/9/3,上櫃,2247,汎德永業,229.5,-2,228.5,230,228.5,13063,2996676,85,TPEX_CSV,2026/9/3 15:37
1150903,2026/9/3,上櫃,2248,華勝-KY,61.7,-0.5,62.4,62.5,61.6,18039,1121018,17,TPEX_CSV,2026/9/3 15:37
1150903,2026/9/3,上櫃,2250,IKKA-KY,57.1,-1.4,58.5,58.7,57.1,56489,3276367,111,TPEX_CSV,2026/9/3 15:37
1150903,2026/9/3,上櫃,2254,巨鎧精密-創,62,0,62,63,61.8,562005,35061141,260,TPEX_CSV,2026/9/3 15:37
1150903,2026/9/3,上櫃,2258,鴻華先進-創,30.1,-0.9,30.9,31.5,30.1,536087,16510399,386,TPEX_CSV,2026/9/3 15:37
1150903,2026/9/3,上櫃,2301,光寶科,299,-16,321.5,325.5,296.5,38271722,11850653828,47316,TPEX_CSV,2026/9/3 15:37
1150903,2026/9/3,上櫃,2302,麗正,42.35,-0.4,42.9,44.2,42.1,2345091,101111833,1856,TPEX_CSV,2026/9/3 15:37
1150903,2026/9/3,上櫃,2303,聯電,125,-1,127.5,129,123,139492332,17565846193,75404,TPEX_CSV,2026/9/3 15:37
1150903,2026/9/3,上櫃,2305,全友,30.1,0.05,30.25,30.5,29.25,4355058,130270541,2740,TPEX_CSV,2026/9/3 15:37
1150903,2026/9/3,上櫃,2308,台達電,1760,30,1735,1810,1725,10319094,18258171130,33129,TPEX_CSV,2026/9/3 15:37
1150903,2026/9/3,上櫃,2312,金寶,31.8,-1.35,33.25,33.7,31.8,11799179,385294830,10603,TPEX_CSV,2026/9/3 15:37
1150903,2026/9/3,上櫃,2313,華通,236,-13,250.5,255,236,25802101,6295512919,31146,TPEX_CSV,2026/9/3 15:37
1150903,2026/9/3,上櫃,2314,台揚,11.5,0.1,11.4,11.5,11.4,62913,718466,89,TPEX_CSV,2026/9/3 15:37
1150903,2026/9/3,上櫃,2316,楠梓電,153,-8.5,161,163,153,2097754,329954259,2630,TPEX_CSV,2026/9/3 15:37
1150903,2026/9/3,上櫃,2317,鴻海,247.5,-3.5,253.5,254.5,247.5,29386493,7370230023,27352,TPEX_CSV,2026/9/3 15:37
1150903,2026/9/3,上櫃,2321,東訊,14.5,-0.7,15,15.4,14.5,27820,421632,33,TPEX_CSV,2026/9/3 15:37
1150903,2026/9/3,上櫃,2323,中環,10.85,-0.1,11,11.15,10.8,7410045,81223673,1903,TPEX_CSV,2026/9/3 15:37
1150903,2026/9/3,上櫃,2324,仁寶,38.75,-0.95,40,40.55,38.7,57406208,2273502501,26897,TPEX_CSV,2026/9/3 15:37
1150903,2026/9/3,上櫃,2327,國巨*,511,-29,545,545,511,34250413,18092347295,116705,TPEX_CSV,2026/9/3 15:37
1150903,2026/9/3,上櫃,2328,廣宇,45.8,-2,48.4,48.55,45.75,2193699,102695492,4451,TPEX_CSV,2026/9/3 15:37
1150903,2026/9/3,上櫃,2329,華泰,42.25,-1.1,43.7,43.85,42.25,1940658,83249458,1676,TPEX_CSV,2026/9/3 15:37
1150903,2026/9/3,上櫃,2330,台積電,2390,5,2385,2400,2380,13477351,32211259600,54228,TPEX_CSV,2026/9/3 15:37
1150903,2026/9/3,上櫃,2331,精英,19.25,-0.6,19.9,20.1,19.25,2095707,41045429,956,TPEX_CSV,2026/9/3 15:37
1150903,2026/9/3,上櫃,2332,友訊,18.65,-0.65,19.75,19.95,18.65,16755643,321639474,6418,TPEX_CSV,2026/9/3 15:37
1150903,2026/9/3,上櫃,2337,旺宏,117,-6,125,127.5,117,47049932,5714745628,36343,TPEX_CSV,2026/9/3 15:37
1150903,2026/9/3,上櫃,2338,光罩,38.05,-1.1,39.65,39.7,38,1025652,39733757,1165,TPEX_CSV,2026/9/3 15:37
1150903,2026/9/3,上櫃,2340,台亞,33.2,-0.95,34.5,35.3,33.2,3250363,111726274,2261,TPEX_CSV,2026/9/3 15:37
1150903,2026/9/3,上櫃,2342,茂矽,39.5,-0.3,40.05,41.25,39.5,1556168,62846462,1263,TPEX_CSV,2026/9/3 15:37
1150903,2026/9/3,上櫃,2344,華邦電,169,-10,181.5,185.5,168,161326224,28426851042,135682,TPEX_CSV,2026/9/3 15:37
1150903,2026/9/3,上櫃,2345,智邦,2090,-50,2150,2165,2060,2730824,5790070715,8130,TPEX_CSV,2026/9/3 15:37
1150903,2026/9/3,上櫃,2347,聯強,86.4,-1,87.1,87.7,86.2,2677469,232656677,2504,TPEX_CSV,2026/9/3 15:37
1150903,2026/9/3,上櫃,2348,海悅,71.1,0,71.2,71.7,70.7,176989,12619216,184,TPEX_CSV,2026/9/3 15:37
1150903,2026/9/3,上櫃,2348A,海悅甲特,38.5,0.2,38.45,38.75,38.45,44834,1726438,28,TPEX_CSV,2026/9/3 15:37
1150903,2026/9/3,上櫃,2349,錸德,10.85,-0.25,11.15,11.25,10.8,2347095,25824323,809,TPEX_CSV,2026/9/3 15:37
1150903,2026/9/3,上櫃,2351,順德,223,-6,234,235,222,3696561,843428812,5288,TPEX_CSV,2026/9/3 15:37
1150903,2026/9/3,上櫃,2352,佳世達,28.5,-0.2,28.85,29.6,28.5,7278956,209749719,3186,TPEX_CSV,2026/9/3 15:37
1150903,2026/9/3,上櫃,2353,宏碁,31.25,-0.9,32.3,32.7,31.25,19934079,635424770,9796,TPEX_CSV,2026/9/3 15:37
1150903,2026/9/3,上櫃,2354,鴻準,63.7,-2.6,67,67.2,63.7,17792867,1161623059,13451,TPEX_CSV,2026/9/3 15:37
1150903,2026/9/3,上櫃,2355,敬鵬,41.85,-2.15,44.1,44.5,41.85,2105214,90305493,2263,TPEX_CSV,2026/9/3 15:37
1150903,2026/9/3,上櫃,2356,英業達,65,-1.6,67.5,68.1,64.8,16089639,1072526170,13528,TPEX_CSV,2026/9/3 15:37
1150903,2026/9/3,上櫃,2357,華碩,971,-39,1020,1025,962,3188248,3152950591,9552,TPEX_CSV,2026/9/3 15:37
1150903,2026/9/3,上櫃,2359,所羅門,140.5,-4,147.5,151.5,140,8437786,1219377242,7938,TPEX_CSV,2026/9/3 15:37
1150903,2026/9/3,上櫃,2360,致茂,2015,40,2020,2095,2005,1935146,3965987930,4649,TPEX_CSV,2026/9/3 15:37
1150903,2026/9/3,上櫃,2362,藍天,47.25,-1.45,49,49.9,47.25,1806815,87371585,2194,TPEX_CSV,2026/9/3 15:37
1150903,2026/9/3,上櫃,2363,矽統,50.1,-0.9,51.3,51.9,50.1,3454519,175485105,2680,TPEX_CSV,2026/9/3 15:37
1150903,2026/9/3,上櫃,2364,倫飛,66,-1.5,67.5,68.2,65.7,365778,24371361,783,TPEX_CSV,2026/9/3 15:37
1150903,2026/9/3,上櫃,2365,昆盈,29.15,-1,30.15,30.7,29.1,1648097,48973659,1637,TPEX_CSV,2026/9/3 15:37
1150903,2026/9/3,上櫃,2367,燿華,42.3,-1.75,44.45,44.7,42.3,3746634,162625065,3715,TPEX_CSV,2026/9/3 15:37
1150903,2026/9/3,上櫃,2368,金像電,1100,-75,1190,1190,1090,9171589,10383077230,20158,TPEX_CSV,2026/9/3 15:37
1150903,2026/9/3,上櫃,2369,菱生,30.4,-1.1,31.85,32.1,30.4,4337390,135012145,3076,TPEX_CSV,2026/9/3 15:37
1150903,2026/9/3,上櫃,2371,大同,27.6,-0.6,28.3,28.5,27.55,6720599,188023863,3821,TPEX_CSV,2026/9/3 15:37
1150903,2026/9/3,上櫃,2373,震旦行,52.9,0,52.8,53.5,52.8,23316,1234893,51,TPEX_CSV,2026/9/3 15:37
1150903,2026/9/3,上櫃,2374,佳能,67.9,-2.2,70.5,71.8,67.9,4401779,305043175,5511,TPEX_CSV,2026/9/3 15:37
1150903,2026/9/3,上櫃,2375,凱美,118,-7,125,125.5,118,2882822,350779065,3605,TPEX_CSV,2026/9/3 15:37
1150903,2026/9/3,上櫃,2376,技嘉,350.5,-11,364,369,347,8179674,2934848952,8938,TPEX_CSV,2026/9/3 15:37
1150903,2026/9/3,上櫃,2377,微星,150.5,-4.5,157,162,150.5,13700696,2126542409,12101,TPEX_CSV,2026/9/3 15:37
1150903,2026/9/3,上櫃,2379,瑞昱,707,-37,752,752,707,2920738,2100846469,8061,TPEX_CSV,2026/9/3 15:37
1150903,2026/9/3,上櫃,2380,虹光,18.2,-0.1,18.35,18.45,18.2,126746,2322394,175,TPEX_CSV,2026/9/3 15:37
1150903,2026/9/3,上櫃,2382,廣達,335,-2,339.5,342.5,332.5,11868856,4015981374,11471,TPEX_CSV,2026/9/3 15:37
1150903,2026/9/3,上櫃,2383,台光電,5290,-155,5500,5550,5290,1640346,8893839305,14277,TPEX_CSV,2026/9/3 15:37
1150903,2026/9/3,上櫃,2385,群光,107.5,-2,110,110.5,107,3457217,375334566,2887,TPEX_CSV,2026/9/3 15:37
1150903,2026/9/3,上櫃,2387,精元,36.6,-0.45,37.25,37.25,36.6,238660,8786949,295,TPEX_CSV,2026/9/3 15:37
1150903,2026/9/3,上櫃,2388,威盛,75,-1.4,76.1,78,73.7,6337270,479396031,4948,TPEX_CSV,2026/9/3 15:37
1150903,2026/9/3,上櫃,2390,云辰,10.1,-0.2,10.3,10.35,10.1,503919,5141667,250,TPEX_CSV,2026/9/3 15:37
1150903,2026/9/3,上櫃,2392,正崴,45.35,-0.15,46.25,47.65,45.35,4625829,213782270,3718,TPEX_CSV,2026/9/3 15:37
1150903,2026/9/3,上櫃,2393,億光,64.6,-1.4,65.8,66.5,64.6,1109407,72383720,1450,TPEX_CSV,2026/9/3 15:37
1150903,2026/9/3,上櫃,2395,研華,674,-18,706,715,673,2965759,2034629815,5233,TPEX_CSV,2026/9/3 15:37
1150903,2026/9/3,上櫃,2397,友通,61.4,-1.5,63,64.2,61.4,331889,20710832,278,TPEX_CSV,2026/9/3 15:37
1150903,2026/9/3,上櫃,2399,映泰,44.4,-1.7,46.55,46.75,44.25,3744046,170513780,3016,TPEX_CSV,2026/9/3 15:37
1150903,2026/9/3,上櫃,2401,凌陽,24.85,-0.65,25.65,25.85,24.85,2404067,60632190,1495,TPEX_CSV,2026/9/3 15:37
1150903,2026/9/3,上櫃,2402,毅嘉,57.3,-2,59,59.5,57.2,2415106,140579391,2379,TPEX_CSV,2026/9/3 15:37
1150903,2026/9/3,上櫃,2404,漢唐,1035,10,1030,1060,1025,1457353,1514854175,3169,TPEX_CSV,2026/9/3 15:37
1150903,2026/9/3,上櫃,2405,輔信,15,-0.45,15.5,15.5,15,1428440,21676384,1000,TPEX_CSV,2026/9/3 15:37
1150903,2026/9/3,上櫃,2406,國碩,27.05,-0.85,28,28.25,27,4151276,113991264,3699,TPEX_CSV,2026/9/3 15:37
1150903,2026/9/3,上櫃,2408,南亞科,477.5,-40.5,533,539,477.5,123832867,62053039830,204823,TPEX_CSV,2026/9/3 15:37
1150903,2026/9/3,上櫃,2409,友達,26.55,0.15,26.9,28.85,26.55,440835576,12220835535,120271,TPEX_CSV,2026/9/3 15:37
1150903,2026/9/3,上櫃,2412,中華電,138,0.5,137.5,138.5,136.5,13060255,1799727937,5899,TPEX_CSV,2026/9/3 15:37
1150903,2026/9/3,上櫃,2413,環科,41.65,-1.3,43.3,43.4,41.55,477695,20214460,546,TPEX_CSV,2026/9/3 15:37
1150903,2026/9/3,上櫃,2414,精技,52.4,0,52.5,52.8,52.1,102212,5363604,116,TPEX_CSV,2026/9/3 15:37
1150903,2026/9/3,上櫃,2415,錩新,27.9,-0.95,28.95,29.35,27.9,234676,6668958,263,TPEX_CSV,2026/9/3 15:37
1150903,2026/9/3,上櫃,2417,圓剛,41.7,-1.9,43.8,44.2,41.7,622140,26650434,1760,TPEX_CSV,2026/9/3 15:37
1150903,2026/9/3,上櫃,2419,仲琦,27.3,-0.6,28.2,29.5,27.3,13313309,378754089,7365,TPEX_CSV,2026/9/3 15:37
1150903,2026/9/3,上櫃,2420,新巨,54.4,-0.3,54.8,55,54.3,194651,10647238,453,TPEX_CSV,2026/9/3 15:37
1150903,2026/9/3,上櫃,2421,建準,164.5,-3.5,168,174,163,4870989,818107199,4903,TPEX_CSV,2026/9/3 15:37
1150903,2026/9/3,上櫃,2423,固緯,73.2,-1,74,74.6,73,70598,5190611,81,TPEX_CSV,2026/9/3 15:37
1150903,2026/9/3,上櫃,2424,隴華,8.02,0.01,8,8.02,8,7000,56030,6,TPEX_CSV,2026/9/3 15:37
1150903,2026/9/3,上櫃,2425,承啟,36.35,-1.3,37.95,38.2,36.2,1158056,42774585,1273,TPEX_CSV,2026/9/3 15:37
1150903,2026/9/3,上櫃,2426,鼎元,95,-9.5,105,107.5,95,52236548,5200315314,36791,TPEX_CSV,2026/9/3 15:37
1150903,2026/9/3,上櫃,2427,三商電,21.9,-0.25,22.3,22.3,21.9,323507,7143524,377,TPEX_CSV,2026/9/3 15:37
1150903,2026/9/3,上櫃,2428,興勤,244.5,-6,250.5,253,244.5,1098757,273447839,1775,TPEX_CSV,2026/9/3 15:37
1150903,2026/9/3,上櫃,2429,銘旺科,31.1,-0.95,32.5,32.5,31.1,255861,8081249,268,TPEX_CSV,2026/9/3 15:37
1150903,2026/9/3,上櫃,2430,燦坤,17.8,0,17.65,17.8,17.65,53017,939714,68,TPEX_CSV,2026/9/3 15:37
1150903,2026/9/3,上櫃,2431,聯昌,10.05,-0.15,10.25,10.35,9.9,426536,4295831,236,TPEX_CSV,2026/9/3 15:37
1150903,2026/9/3,上櫃,2432,倚天酷碁-創,26.9,-0.6,27.5,27.5,26.9,64066,1747833,40,TPEX_CSV,2026/9/3 15:37
1150903,2026/9/3,上櫃,2433,互盛電,41.55,-0.05,41.35,41.75,41.35,17466,726664,23,TPEX_CSV,2026/9/3 15:37
1150903,2026/9/3,上櫃,2434,統懋,64.1,-0.9,66.7,71.5,64.1,3404556,233954133,2815,TPEX_CSV,2026/9/3 15:37
1150903,2026/9/3,上櫃,2436,偉詮電,65.1,-1.8,67.1,67.4,65,2954871,195042258,3773,TPEX_CSV,2026/9/3 15:37
1150903,2026/9/3,上櫃,2438,翔耀,22.05,2,21.5,22.05,21.05,1014704,22166248,737,TPEX_CSV,2026/9/3 15:37
1150903,2026/9/3,上櫃,2439,美律,77.6,-0.7,78.4,78.6,77.6,953736,74334600,945,TPEX_CSV,2026/9/3 15:37
1150903,2026/9/3,上櫃,2440,太空梭,14.15,-0.1,14.25,14.35,14,208512,2950413,110,TPEX_CSV,2026/9/3 15:37
1150903,2026/9/3,上櫃,2441,超豐,113.5,-2.5,117,117.5,113.5,3142109,361722460,2552,TPEX_CSV,2026/9/3 15:37
1150903,2026/9/3,上櫃,2442,新美齊,19.3,0.05,19.3,19.4,19.2,2188808,42214228,1044,TPEX_CSV,2026/9/3 15:37
1150903,2026/9/3,上櫃,2444,兆勁,10.8,-0.05,10.9,11.1,10.8,226382,2470762,136,TPEX_CSV,2026/9/3 15:37
1150903,2026/9/3,上櫃,2449,京元電子,261,-9.5,278,278,260,25192365,6751238542,40936,TPEX_CSV,2026/9/3 15:37
1150903,2026/9/3,上櫃,2450,神腦,28.2,-0.05,28.2,28.25,28.1,40054,1128593,70,TPEX_CSV,2026/9/3 15:37
1150903,2026/9/3,上櫃,2451,創見,286,-10.5,298.5,300,286,4408811,1289813697,6281,TPEX_CSV,2026/9/3 15:37
1150903,2026/9/3,上櫃,2453,凌群,51.8,-0.5,52.3,52.4,51.8,212229,11046126,255,TPEX_CSV,2026/9/3 15:37
1150903,2026/9/3,上櫃,2454,聯發科,4340,65,4400,4420,4290,9319994,40663342040,61142,TPEX_CSV,2026/9/3 15:37
1150903,2026/9/3,上櫃,2455,全新,525,-17,541,555,520,21442379,11565107874,23190,TPEX_CSV,2026/9/3 15:37
1150903,2026/9/3,上櫃,2457,飛宏,22.55,-0.5,23.15,23.45,22.5,1162772,26576056,873,TPEX_CSV,2026/9/3 15:37
1150903,2026/9/3,上櫃,2458,義隆,133,-4,137,137.5,133,1889453,255725318,2480,TPEX_CSV,2026/9/3 15:37
1150903,2026/9/3,上櫃,2459,敦吉,66.3,-0.6,67.1,67.1,66.3,46361,3094006,49,TPEX_CSV,2026/9/3 15:37
1150903,2026/9/3,上櫃,2460,建通,28.25,-0.2,28.45,29,28.2,209547,5991948,216,TPEX_CSV,2026/9/3 15:37
1150903,2026/9/3,上櫃,2461,光群雷,18.3,-0.1,18.6,18.6,18.2,469311,8603980,274,TPEX_CSV,2026/9/3 15:37
1150903,2026/9/3,上櫃,2462,良得電,19.7,-0.3,19.8,20,19.7,197146,3907947,204,TPEX_CSV,2026/9/3 15:37
1150903,2026/9/3,上櫃,2464,盟立,222,20,215,222,214,17067426,3775967572,9338,TPEX_CSV,2026/9/3 15:37
1150903,2026/9/3,上櫃,2465,麗臺,96.2,-8.8,106.5,107.5,96,12290391,1242204488,8622,TPEX_CSV,2026/9/3 15:37
1150903,2026/9/3,上櫃,2466,冠西電,94.7,-9.3,104,105,94.7,2125817,210888591,2108,TPEX_CSV,2026/9/3 15:37
1150903,2026/9/3,上櫃,2467,志聖,595,-14,622,622,594,1093999,666273893,2687,TPEX_CSV,2026/9/3 15:37
1150903,2026/9/3,上櫃,2468,華經,32.8,-0.8,33.85,34.2,32.75,341505,11313053,266,TPEX_CSV,2026/9/3 15:37
1150903,2026/9/3,上櫃,2471,資通,50,-0.4,50.4,50.4,50,113860,5711699,208,TPEX_CSV,2026/9/3 15:37
1150903,2026/9/3,上櫃,2472,立隆電,207,-10,218,220,206.5,2263326,480628117,3209,TPEX_CSV,2026/9/3 15:37
1150903,2026/9/3,上櫃,2474,可成,206.5,-4.5,211,211.5,206,3352417,699746718,3887,TPEX_CSV,2026/9/3 15:37
1150903,2026/9/3,上櫃,2476,鉅祥,122.5,-3,126.5,126.5,121.5,1245283,154447196,4808,TPEX_CSV,2026/9/3 15:37
1150903,2026/9/3,上櫃,2477,美隆電,21.55,0,21.7,21.85,21.5,189687,4102944,615,TPEX_CSV,2026/9/3 15:37
1150903,2026/9/3,上櫃,2478,大毅,114.5,-6.5,121.5,121.5,114.5,2343366,276123133,2738,TPEX_CSV,2026/9/3 15:37
1150903,2026/9/3,上櫃,2480,敦陽科,155.5,-1,157.5,157.5,155.5,39652,6188457,133,TPEX_CSV,2026/9/3 15:37
1150903,2026/9/3,上櫃,2481,強茂,156,8,151,162.5,150.5,66498096,10562901341,45548,TPEX_CSV,2026/9/3 15:37
1150903,2026/9/3,上櫃,2482,連宇,15.9,-0.05,15.95,16.05,15.8,81724,1297990,389,TPEX_CSV,2026/9/3 15:37
1150903,2026/9/3,上櫃,2483,百容,33.5,-1.35,35.1,35.4,33.5,905154,31003785,820,TPEX_CSV,2026/9/3 15:37
1150903,2026/9/3,上櫃,2484,希華,70.1,-4.4,74.9,75.2,70,10122542,728433230,9587,TPEX_CSV,2026/9/3 15:37
1150903,2026/9/3,上櫃,2485,兆赫,40.7,-1.6,42.5,43.2,40.7,2470370,103214218,2883,TPEX_CSV,2026/9/3 15:37
1150903,2026/9/3,上櫃,2486,一詮,259.5,-28.5,304.5,307.5,259.5,34953265,9605903312,42534,TPEX_CSV,2026/9/3 15:37
1150903,2026/9/3,上櫃,2488,漢平,48.4,0.1,48.75,48.75,48.35,63444,3073572,74,TPEX_CSV,2026/9/3 15:37
1150903,2026/9/3,上櫃,2489,瑞軒,40.9,-1.35,42.6,43.3,39.9,40968646,1697646063,24095,TPEX_CSV,2026/9/3 15:37
1150903,2026/9/3,上櫃,2491,吉祥全,45,-5,50.1,52.9,45,5334137,253815295,3837,TPEX_CSV,2026/9/3 15:37
1150903,2026/9/3,上櫃,2492,華新科,271.5,-21.5,295.5,296,270,22304424,6290369925,35887,TPEX_CSV,2026/9/3 15:37
1150903,2026/9/3,上櫃,2493,揚博,179,-5,185,189.5,177,1055266,192482348,1507,TPEX_CSV,2026/9/3 15:37
1150903,2026/9/3,上櫃,2495,普安,36.9,-1.15,37.8,38,36.8,2308078,86039942,1584,TPEX_CSV,2026/9/3 15:37
1150903,2026/9/3,上櫃,2496,卓越,54.5,-0.1,54.9,55.3,54.5,25587,1405554,37,TPEX_CSV,2026/9/3 15:37
1150903,2026/9/3,上櫃,2497,怡利電,44.65,-0.75,45.6,46,44.6,274218,12382887,230,TPEX_CSV,2026/9/3 15:37
1150903,2026/9/3,上櫃,2498,宏達電,41.6,-0.05,41.3,43.3,41,12708286,536985336,7136,TPEX_CSV,2026/9/3 15:37
1150903,2026/9/3,上櫃,2501,國建,22.5,0,22.45,22.65,22.35,1322107,29780935,621,TPEX_CSV,2026/9/3 15:37
1150903,2026/9/3,上櫃,2504,國產,31.5,0.1,31.3,31.55,31.3,1071527,33728735,556,TPEX_CSV,2026/9/3 15:37
1150903,2026/9/3,上櫃,2505,國揚,17,0,17,17.05,16.9,115564,1959062,96,TPEX_CSV,2026/9/3 15:37
1150903,2026/9/3,上櫃,2506,太設,8.54,-0.02,8.54,8.58,8.52,118701,1012801,59,TPEX_CSV,2026/9/3 15:37
1150903,2026/9/3,上櫃,2509,全坤建,14.95,0.1,14.7,15.1,14.7,137470,2048947,98,TPEX_CSV,2026/9/3 15:37
1150903,2026/9/3,上櫃,2511,太子,8.34,0.01,8.33,8.38,8.3,387625,3235686,210,TPEX_CSV,2026/9/3 15:37
1150903,2026/9/3,上櫃,2514,龍邦,11.7,0,11.75,11.8,11.65,71868,844553,112,TPEX_CSV,2026/9/3 15:37
1150903,2026/9/3,上櫃,2515,中工,11.95,-0.15,12.15,12.15,11.95,6012237,72245908,1186,TPEX_CSV,2026/9/3 15:37
1150903,2026/9/3,上櫃,2516,新建,13.95,-0.1,14,14,13.9,62564,874816,36,TPEX_CSV,2026/9/3 15:37
1150903,2026/9/3,上櫃,2520,冠德,36.9,1.05,35.85,37.1,35.8,1846518,67773111,1376,TPEX_CSV,2026/9/3 15:37
1150903,2026/9/3,上櫃,2524,京城,34,-0.3,34.25,34.45,34,40801,1395811,142,TPEX_CSV,2026/9/3 15:37
1150903,2026/9/3,上櫃,2527,宏璟,43.2,0.25,42.95,44.2,42.95,588200,25661967,617,TPEX_CSV,2026/9/3 15:37
1150903,2026/9/3,上櫃,2528,皇普,19.8,0.05,19.95,19.95,19.7,156674,3105489,162,TPEX_CSV,2026/9/3 15:37
1150903,2026/9/3,上櫃,2530,華建,19.55,0.3,19.25,19.75,19.25,693942,13541281,417,TPEX_CSV,2026/9/3 15:37
1150903,2026/9/3,上櫃,2534,宏盛,17.15,0.1,17.1,17.15,17.05,210539,3602725,193,TPEX_CSV,2026/9/3 15:37
1150903,2026/9/3,上櫃,2535,達欣工,88.6,-0.9,89.2,90.1,88.6,326427,29097635,1263,TPEX_CSV,2026/9/3 15:37
1150903,2026/9/3,上櫃,2536,宏普,18.8,-1.55,20.2,20.2,18.65,2876811,55333924,1273,TPEX_CSV,2026/9/3 15:37
1150903,2026/9/3,上櫃,2537,聯上發,11.65,0.1,11.55,11.8,11.55,706309,8254802,290,TPEX_CSV,2026/9/3 15:37
1150903,2026/9/3,上櫃,2538,基泰,8.89,0.08,8.81,8.93,8.75,733869,6486643,299,TPEX_CSV,2026/9/3 15:37
1150903,2026/9/3,上櫃,2539,櫻花建,35.1,0.15,34.85,35.3,34.8,860951,30226523,681,TPEX_CSV,2026/9/3 15:37
1150903,2026/9/3,上櫃,2540,愛山林,47.15,0.25,47,47.6,46.7,384011,18129633,347,TPEX_CSV,2026/9/3 15:37
1150903,2026/9/3,上櫃,2542,興富發,48.65,0.7,48,48.75,47.85,10377793,502345296,4592,TPEX_CSV,2026/9/3 15:37
1150903,2026/9/3,上櫃,2543,皇昌,38.35,0.05,38.45,38.95,38.25,671813,25864433,474,TPEX_CSV,2026/9/3 15:37
1150903,2026/9/3,上櫃,2545,皇翔,34.65,0.4,34.25,34.7,34.25,221043,7643286,143,TPEX_CSV,2026/9/3 15:37
1150903,2026/9/3,上櫃,2546,根基,107,1.5,105.5,109.5,104.5,395813,42367666,963,TPEX_CSV,2026/9/3 15:37
1150903,2026/9/3,上櫃,2547,日勝生,9.99,0,10,10.1,9.98,1259448,12621602,422,TPEX_CSV,2026/9/3 15:37
1150903,2026/9/3,上櫃,2548,華固,93.5,0.1,93.5,94.1,93.3,779361,73004042,806,TPEX_CSV,2026/9/3 15:37
1150903,2026/9/3,上櫃,2597,潤弘,168,-2,171,171.5,168,174519,29554025,1115,TPEX_CSV,2026/9/3 15:37
1150903,2026/9/3,上櫃,2601,益航,6.74,-0.09,6.85,6.99,6.74,2358199,16144907,1529,TPEX_CSV,2026/9/3 15:37
1150903,2026/9/3,上櫃,2603,長榮,239,4.5,234.5,239.5,232.5,9241484,2195805615,8062,TPEX_CSV,2026/9/3 15:37
1150903,2026/9/3,上櫃,2605,新興,35.5,0.45,36.45,36.75,35.5,16528623,596073313,8681,TPEX_CSV,2026/9/3 15:37
1150903,2026/9/3,上櫃,2606,裕民,78.2,3.1,78,80,77.2,13294747,1047299137,10647,TPEX_CSV,2026/9/3 15:37
1150903,2026/9/3,上櫃,2607,榮運,53.4,0.1,53.5,53.6,53.1,246797,13159869,271,TPEX_CSV,2026/9/3 15:37
1150903,2026/9/3,上櫃,2608,嘉里大榮,28.45,-0.1,28.55,28.65,28.45,157203,4481810,147,TPEX_CSV,2026/9/3 15:37
1150903,2026/9/3,上櫃,2609,陽明,57.8,0.3,57.6,58.6,57.2,35026477,2035605996,16134,TPEX_CSV,2026/9/3 15:37
1150903,2026/9/3,上櫃,2610,華航,20.55,0.1,20.45,20.65,20.45,17156660,352680432,4871,TPEX_CSV,2026/9/3 15:37
1150903,2026/9/3,上櫃,2611,志信,14.55,-0.1,14.8,14.95,14.55,642992,9474632,384,TPEX_CSV,2026/9/3 15:37
1150903,2026/9/3,上櫃,2612,中航,63.3,1.9,63.8,65.8,63,1918065,123229905,2144,TPEX_CSV,2026/9/3 15:37
1150903,2026/9/3,上櫃,2613,中櫃,22.5,-0.1,23.1,23.3,22.5,791445,18099291,659,TPEX_CSV,2026/9/3 15:37
1150903,2026/9/3,上櫃,2614,東森,18.15,-0.05,18.3,18.45,18.15,679406,12411965,595,TPEX_CSV,2026/9/3 15:37
1150903,2026/9/3,上櫃,2615,萬海,115.5,3.5,114,118,113,19760722,2280623417,12794,TPEX_CSV,2026/9/3 15:37
1150903,2026/9/3,上櫃,2616,山隆,13.45,0,13.45,13.5,13.4,53223,715795,130,TPEX_CSV,2026/9/3 15:37
1150903,2026/9/3,上櫃,2617,台航,32.3,1.05,32.4,32.9,31.95,5115281,166478078,3020,TPEX_CSV,2026/9/3 15:37
1150903,2026/9/3,上櫃,2618,長榮航,42.8,0.65,42.45,42.95,42.15,26435053,1128481088,7683,TPEX_CSV,2026/9/3 15:37
1150903,2026/9/3,上櫃,2630,亞航,49.55,-1.25,50.8,51.5,49.5,1638589,82425971,1527,TPEX_CSV,2026/9/3 15:37
1150903,2026/9/3,上櫃,2633,台灣高鐵,26.2,0,26.1,26.3,26.1,3119861,81753522,1323,TPEX_CSV,2026/9/3 15:37
1150903,2026/9/3,上櫃,2634,漢翔,64.4,-2,66.7,66.9,64.1,15474023,1011968551,12388,TPEX_CSV,2026/9/3 15:37
1150903,2026/9/3,上櫃,2636,台驊控股,69.5,0.1,69.8,71.2,69.5,615607,43134990,775,TPEX_CSV,2026/9/3 15:37
1150903,2026/9/3,上櫃,2637,慧洋-KY,99.8,3.5,99.6,103,98.5,7545575,760768270,6680,TPEX_CSV,2026/9/3 15:37
1150903,2026/9/3,上櫃,2642,宅配通,20.35,-0.1,20.15,20.45,20.15,38449,781297,47,TPEX_CSV,2026/9/3 15:37
1150903,2026/9/3,上櫃,2645,長榮航太,171.5,-4.5,175.5,177.5,171.5,2233942,389726123,2674,TPEX_CSV,2026/9/3 15:37
1150903,2026/9/3,上櫃,2646,星宇航空,20.7,0.05,20.65,20.75,20.55,2731941,56439236,1419,TPEX_CSV,2026/9/3 15:37
1150903,2026/9/3,上櫃,2701,萬企,10.35,-0.1,10.4,10.45,10.35,67576,701140,58,TPEX_CSV,2026/9/3 15:37
1150903,2026/9/3,上櫃,2702,華園,12.7,0,12.7,12.95,12.6,32306,412004,36,TPEX_CSV,2026/9/3 15:37
1150903,2026/9/3,上櫃,2704,國賓,45.25,0.1,45.1,45.45,45.1,59951,2713254,62,TPEX_CSV,2026/9/3 15:37
1150903,2026/9/3,上櫃,2705,六福,15.65,-0.05,15.65,15.85,15.65,40692,639964,92,TPEX_CSV,2026/9/3 15:37
1150903,2026/9/3,上櫃,2706,第一店,12.5,0,12.5,12.6,12.5,67819,849359,67,TPEX_CSV,2026/9/3 15:37
1150903,2026/9/3,上櫃,2707,晶華,178.5,-0.5,179.5,179.5,177.5,80003,14273127,135,TPEX_CSV,2026/9/3 15:37
1150903,2026/9/3,上櫃,2712,遠雄來,14.2,-0.05,14.2,14.2,14.2,3000,42600,3,TPEX_CSV,2026/9/3 15:37
1150903,2026/9/3,上櫃,2722,夏都,21.3,-0.15,21.4,21.7,21.25,43371,928059,46,TPEX_CSV,2026/9/3 15:37
1150903,2026/9/3,上櫃,2723,美食-KY,82.8,-0.7,83,83.5,81.8,521467,43085581,856,TPEX_CSV,2026/9/3 15:37
1150903,2026/9/3,上櫃,2727,王品,231.5,-3,234.5,234.5,231.5,177292,41155024,1235,TPEX_CSV,2026/9/3 15:37
1150903,2026/9/3,上櫃,2731,雄獅,143,-0.5,144.5,144.5,142.5,171975,24636093,335,TPEX_CSV,2026/9/3 15:37
1150903,2026/9/3,上櫃,2739,寒舍,37.9,0.05,37.45,37.9,37.45,65437,2459819,98,TPEX_CSV,2026/9/3 15:37
1150903,2026/9/3,上櫃,2748,雲品,38.7,-0.15,38.85,38.9,38.7,53946,2092888,47,TPEX_CSV,2026/9/3 15:37
1150903,2026/9/3,上櫃,2753,八方雲集,180,-2,182,182,180,65192,11772450,195,TPEX_CSV,2026/9/3 15:37
1150903,2026/9/3,上櫃,2762,世界健身-KY,81.8,-0.3,82,82.2,81.2,94282,7697149,168,TPEX_CSV,2026/9/3 15:37
1150903,2026/9/3,上櫃,2801,彰銀,26.6,0.9,25.7,26.9,25.7,46745368,1240635413,15917,TPEX_CSV,2026/9/3 15:37
1150903,2026/9/3,上櫃,2812,台中銀,19.45,0.05,19.45,19.7,19.4,26374345,515704508,5291,TPEX_CSV,2026/9/3 15:37
1150903,2026/9/3,上櫃,2816,旺旺保,39.55,0.65,39.4,40.05,38.9,861126,33936521,572,TPEX_CSV,2026/9/3 15:37
1150903,2026/9/3,上櫃,2820,華票,17.05,0.3,16.75,17.3,16.75,6662949,113591006,1619,TPEX_CSV,2026/9/3 15:37
1150903,2026/9/3,上櫃,2832,台產,58,-0.2,58,58.4,57.8,171886,9986179,196,TPEX_CSV,2026/9/3 15:37
1150903,2026/9/3,上櫃,2834,臺企銀,17.1,-0.15,17.15,17.4,17,101013429,1737285670,17380,TPEX_CSV,2026/9/3 15:37
1150903,2026/9/3,上櫃,2836,高雄銀,12.25,0.1,12.1,12.35,12.1,3510984,43008111,1079,TPEX_CSV,2026/9/3 15:37
1150903,2026/9/3,上櫃,2836A,高雄銀甲特,24.1,0.05,24.05,24.1,24.05,13000,312700,5,TPEX_CSV,2026/9/3 15:37
1150903,2026/9/3,上櫃,2838,聯邦銀,20.65,0.1,20.55,20.9,20.55,2892600,60033514,1203,TPEX_CSV,2026/9/3 15:37
1150903,2026/9/3,上櫃,2838A,聯邦銀甲特,51.9,-0.1,52,52,51.9,53126,2758454,28,TPEX_CSV,2026/9/3 15:37
1150903,2026/9/3,上櫃,2845,遠東銀,13.65,0.65,13.05,13.8,13.05,42579382,575444209,7966,TPEX_CSV,2026/9/3 15:37
1150903,2026/9/3,上櫃,2849,安泰銀,14.55,0.15,14.35,14.8,14.3,136002,1985086,142,TPEX_CSV,2026/9/3 15:37
1150903,2026/9/3,上櫃,2850,新產,159,-2,161.5,161.5,158.5,319778,51156251,925,TPEX_CSV,2026/9/3 15:37
1150903,2026/9/3,上櫃,2851,中再保,47.3,1.15,46,47.85,46,3799416,179255995,3168,TPEX_CSV,2026/9/3 15:37
1150903,2026/9/3,上櫃,2852,第一保,28.25,-0.1,28.3,28.5,28.1,295169,8378455,226,TPEX_CSV,2026/9/3 15:37
1150903,2026/9/3,上櫃,2855,統一證,50.6,1,49.7,50.8,49.7,6834505,343990520,3459,TPEX_CSV,2026/9/3 15:37
1150903,2026/9/3,上櫃,2880,華南金,43.45,0.45,42.9,43.75,42.65,16242371,705145676,9150,TPEX_CSV,2026/9/3 15:37
1150903,2026/9/3,上櫃,2881,富邦金,147,3.5,144,148.5,143,18744586,2744847237,10870,TPEX_CSV,2026/9/3 15:37
1150903,2026/9/3,上櫃,2881A,富邦特,61.8,0.2,61.6,61.9,61.6,104052,6435736,38,TPEX_CSV,2026/9/3 15:37
1150903,2026/9/3,上櫃,2881B,富邦金乙特,60.9,0,60.8,60.9,60.6,48266,2928493,11,TPEX_CSV,2026/9/3 15:37
1150903,2026/9/3,上櫃,2881C,富邦金丙特,51.6,0.1,51.5,51.6,51.5,61862,3190647,44,TPEX_CSV,2026/9/3 15:37
1150903,2026/9/3,上櫃,2882,國泰金,112.5,3.5,110.5,115,109.5,35860344,4066528549,18590,TPEX_CSV,2026/9/3 15:37
1150903,2026/9/3,上櫃,2882A,國泰特,60.3,0,60.2,60.3,60.2,20591,1240978,18,TPEX_CSV,2026/9/3 15:37
1150903,2026/9/3,上櫃,2882B,國泰金乙特,58.9,0,58.8,58.9,58.8,19523,1148021,18,TPEX_CSV,2026/9/3 15:37
1150903,2026/9/3,上櫃,2883,凱基金,35.9,0.4,35.65,36.75,35.6,60617343,2203760776,27659,TPEX_CSV,2026/9/3 15:37
1150903,2026/9/3,上櫃,2883B,凱基金乙特,8.21,0,8.2,8.22,8.2,989185,8114911,165,TPEX_CSV,2026/9/3 15:37
1150903,2026/9/3,上櫃,2884,玉山金,43.2,2.7,41.35,43.5,40.55,96702581,4118897070,36826,TPEX_CSV,2026/9/3 15:37
1150903,2026/9/3,上櫃,2885,元大金,68.5,1.8,66.5,69.4,66.3,35817623,2450401763,15036,TPEX_CSV,2026/9/3 15:37
1150903,2026/9/3,上櫃,2886,兆豐金,50.4,1.4,49,50.8,48.9,37830876,1899601590,13884,TPEX_CSV,2026/9/3 15:37
1150903,2026/9/3,上櫃,2887,台新新光金,41.45,0.25,41.5,42.65,41.25,78353912,3283672223,57139,TPEX_CSV,2026/9/3 15:37
1150903,2026/9/3,上櫃,2887E,台新新光戊特一,48.65,-0.1,48.75,48.75,48.65,124369,6055450,101,TPEX_CSV,2026/9/3 15:37
1150903,2026/9/3,上櫃,2887F,台新新光戊特二,45.85,0.1,45.85,45.9,45.8,41588,1907544,29,TPEX_CSV,2026/9/3 15:37
1150903,2026/9/3,上櫃,2887G,台新新光庚特一,44.15,0.05,44.05,44.15,44.05,85135,3758246,52,TPEX_CSV,2026/9/3 15:37
1150903,2026/9/3,上櫃,2887H,台新新光庚特二,42.15,0.05,42.15,42.2,42.15,63963,2696528,35,TPEX_CSV,2026/9/3 15:37
1150903,2026/9/3,上櫃,2887I,台新新光辛特,9.52,0,9.52,9.54,9.51,9277835,88386079,852,TPEX_CSV,2026/9/3 15:37
1150903,2026/9/3,上櫃,2887Z1,台新新光己特,21.75,0.55,21.2,22,21.2,510026,11071337,114,TPEX_CSV,2026/9/3 15:37
1150903,2026/9/3,上櫃,2889,國票金,16.45,0.45,16,16.8,16,44317804,720549989,7137,TPEX_CSV,2026/9/3 15:37
1150903,2026/9/3,上櫃,2890,永豐金,42.6,0.45,42.5,43.15,42.2,26042081,1114393229,11697,TPEX_CSV,2026/9/3 15:37
1150903,2026/9/3,上櫃,2891,中信金,67.5,0.9,66.6,68,66.3,37253663,2509026032,15154,TPEX_CSV,2026/9/3 15:37
1150903,2026/9/3,上櫃,2891B,中信金乙特,62,0,62,62,62,2352,145656,9,TPEX_CSV,2026/9/3 15:37
1150903,2026/9/3,上櫃,2891C,中信金丙特,61.5,0,61.5,61.5,61.5,2176,133756,9,TPEX_CSV,2026/9/3 15:37
1150903,2026/9/3,上櫃,2892,第一金,36.85,0.6,36.25,37.1,36.1,38579002,1420007165,15014,TPEX_CSV,2026/9/3 15:37
1150903,2026/9/3,上櫃,2897,王道銀行,10.9,0.2,10.7,11,10.7,16173535,176218426,2642,TPEX_CSV,2026/9/3 15:37
1150903,2026/9/3,上櫃,2897B,王道銀乙特,11.7,0.1,11.65,11.7,11.65,360528,4205596,52,TPEX_CSV,2026/9/3 15:37
1150903,2026/9/3,上櫃,2901,欣欣,23.6,0.05,23.75,23.75,23.55,5436,128376,16,TPEX_CSV,2026/9/3 15:37
1150903,2026/9/3,上櫃,2903,遠百,22.3,-0.05,22.3,22.55,22.2,1668663,37393645,785,TPEX_CSV,2026/9/3 15:37
1150903,2026/9/3,上櫃,2904,匯僑,12.8,0,12.85,12.85,12.8,37501,480071,21,TPEX_CSV,2026/9/3 15:37
1150903,2026/9/3,上櫃,2905,三商,18.2,0.4,17.8,18.5,17.8,2924093,53514197,1501,TPEX_CSV,2026/9/3 15:37
1150903,2026/9/3,上櫃,2906,高林,13.8,-0.05,13.9,13.9,13.8,88673,1227849,83,TPEX_CSV,2026/9/3 15:37
1150903,2026/9/3,上櫃,2908,特力,22.1,0.3,21.75,22.1,21.75,245710,5391423,105,TPEX_CSV,2026/9/3 15:37
1150903,2026/9/3,上櫃,2910,統領,23.25,-0.85,23.9,24,23.25,18224,428120,26,TPEX_CSV,2026/9/3 15:37
1150903,2026/9/3,上櫃,2911,麗嬰房,6.34,0.02,6.31,6.35,6.29,71569,452413,74,TPEX_CSV,2026/9/3 15:37
1150903,2026/9/3,上櫃,2912,統一超,216.5,-0.5,217.5,217.5,216.5,894688,194101938,1404,TPEX_CSV,2026/9/3 15:37
1150903,2026/9/3,上櫃,2913,農林,11.1,-0.05,11.15,11.25,11.05,1361349,15177138,406,TPEX_CSV,2026/9/3 15:37
1150903,2026/9/3,上櫃,2915,潤泰全,56.8,-0.4,57.1,57.5,56.7,1494724,85301334,917,TPEX_CSV,2026/9/3 15:37
1150903,2026/9/3,上櫃,2923,鼎固-KY,23.65,-0.4,23.9,24.35,23.6,88431,2108255,196,TPEX_CSV,2026/9/3 15:37
1150903,2026/9/3,上櫃,2929,淘帝-KY,5.65,-0.02,5.69,5.72,5.58,101929,575838,57,TPEX_CSV,2026/9/3 15:37
1150903,2026/9/3,上櫃,2939,永邑-KY,19.7,-0.1,19.7,19.7,19.7,1000,19700,1,TPEX_CSV,2026/9/3 15:37
1150903,2026/9/3,上櫃,2945,三商家購,40,0,40.4,40.4,40,4194,168512,10,TPEX_CSV,2026/9/3 15:37
1150903,2026/9/3,上櫃,3002,歐格,16.95,-0.4,17.4,17.5,16.95,81462,1402093,88,TPEX_CSV,2026/9/3 15:37
1150903,2026/9/3,上櫃,3003,健和興,65.4,-2.6,68.9,68.9,65.1,760070,50644003,958,TPEX_CSV,2026/9/3 15:37
1150903,2026/9/3,上櫃,3004,豐達科,123,3,126.5,129,123,1065876,133569116,1005,TPEX_CSV,2026/9/3 15:37
1150903,2026/9/3,上櫃,3005,神基,113,-3,116,116.5,113,2693708,308262519,2739,TPEX_CSV,2026/9/3 15:37
1150903,2026/9/3,上櫃,3006,晶豪科,277,-4.5,300.5,309.5,275,41962593,12403005528,35022,TPEX_CSV,2026/9/3 15:37
1150903,2026/9/3,上櫃,3008,大立光,7150,-660,7770,7825,7090,1688885,12410329075,31978,TPEX_CSV,2026/9/3 15:37
1150903,2026/9/3,上櫃,3010,華立,127.5,-2,130.5,132,127.5,759489,98541868,727,TPEX_CSV,2026/9/3 15:37
1150903,2026/9/3,上櫃,3011,今皓,10.1,-0.25,10.4,10.5,10.1,325176,3344180,196,TPEX_CSV,2026/9/3 15:37
1150903,2026/9/3,上櫃,3013,晟銘電,86,-3.5,89.5,90.5,85.6,1450798,127460422,1844,TPEX_CSV,2026/9/3 15:37
1150903,2026/9/3,上櫃,3014,聯陽,130.5,-0.5,131.5,132.5,130,1134150,148806745,1346,TPEX_CSV,2026/9/3 15:37
1150903,2026/9/3,上櫃,3015,全漢,52.2,-1.5,54,54,52.2,451102,23829627,549,TPEX_CSV,2026/9/3 15:37
1150903,2026/9/3,上櫃,3016,嘉晶,98.3,-1.7,100.5,103,98.2,3531323,354240412,2984,TPEX_CSV,2026/9/3 15:37
1150903,2026/9/3,上櫃,3017,奇鋐,3300,-10,3395,3525,3290,4401016,15056977385,14326,TPEX_CSV,2026/9/3 15:37
1150903,2026/9/3,上櫃,3018,隆銘綠能,11.65,-0.45,12.1,12.1,11.6,64607,758737,126,TPEX_CSV,2026/9/3 15:37
1150903,2026/9/3,上櫃,3019,亞光,143,-14.5,162,163,143,33676349,5129976313,27708,TPEX_CSV,2026/9/3 15:37
1150903,2026/9/3,上櫃,3021,鴻名,22.1,2,20.1,22.1,20.1,525343,11533034,280,TPEX_CSV,2026/9/3 15:37
1150903,2026/9/3,上櫃,3022,威強電,87.2,-3.2,90.6,90.9,87.1,1539796,136805967,1750,TPEX_CSV,2026/9/3 15:37
1150903,2026/9/3,上櫃,3023,信邦,325,-5,331.5,341.5,325,2127281,707978819,7993,TPEX_CSV,2026/9/3 15:37
1150903,2026/9/3,上櫃,3024,憶聲,14.65,-0.15,14.8,15,14.6,1311220,19327912,498,TPEX_CSV,2026/9/3 15:37
1150903,2026/9/3,上櫃,3025,星通,52,-0.8,53,53.2,52,152593,8037802,229,TPEX_CSV,2026/9/3 15:37
1150903,2026/9/3,上櫃,3026,禾伸堂,638,-48,691,699,632,7150909,4749291605,14602,TPEX_CSV,2026/9/3 15:37
1150903,2026/9/3,上櫃,3027,盛達,17.95,-0.4,18.55,18.6,17.9,155349,2828628,154,TPEX_CSV,2026/9/3 15:37
1150903,2026/9/3,上櫃,3028,增你強,64,-2,66,66.5,64,849074,55182228,1205,TPEX_CSV,2026/9/3 15:37
1150903,2026/9/3,上櫃,3029,零壹,109,-3.5,113,113,109,827261,91551057,1818,TPEX_CSV,2026/9/3 15:37
1150903,2026/9/3,上櫃,3030,德律,293.5,5,292,306.5,287.5,2790260,835513882,5334,TPEX_CSV,2026/9/3 15:37
1150903,2026/9/3,上櫃,3031,佰鴻,24.35,-0.3,24.65,25.25,24.3,666721,16570832,417,TPEX_CSV,2026/9/3 15:37
1150903,2026/9/3,上櫃,3032,偉訓,78.8,-1.7,80.6,81.1,78.6,356102,28311980,327,TPEX_CSV,2026/9/3 15:37
1150903,2026/9/3,上櫃,3033,威健,44.15,-0.5,44.7,45,44.1,2823183,125751791,2177,TPEX_CSV,2026/9/3 15:37
1150903,2026/9/3,上櫃,3034,聯詠,527,-16,548,549,522,2612709,1392383033,5159,TPEX_CSV,2026/9/3 15:37
1150903,2026/9/3,上櫃,3035,智原,180,-4.5,186.5,187.5,179,2519016,459205712,3235,TPEX_CSV,2026/9/3 15:37
1150903,2026/9/3,上櫃,3036,文曄,190.5,3.5,190,196,189,15173402,2921758414,13264,TPEX_CSV,2026/9/3 15:37
1150903,2026/9/3,上櫃,3037,欣興,923,-50,997,1005,923,33450176,31823133945,87187,TPEX_CSV,2026/9/3 15:37
1150903,2026/9/3,上櫃,3038,全台,20.05,-0.15,20.3,20.3,20,148397,2984791,185,TPEX_CSV,2026/9/3 15:37
1150903,2026/9/3,上櫃,3040,遠見,35.65,-0.6,35.75,36.1,34.9,419263,14845874,580,TPEX_CSV,2026/9/3 15:37
1150903,2026/9/3,上櫃,3041,揚智,22.95,-0.85,23.85,24,22.95,803771,18725255,639,TPEX_CSV,2026/9/3 15:37
1150903,2026/9/3,上櫃,3042,晶技,174,-6,181,181.5,171,10757015,1890016902,10336,TPEX_CSV,2026/9/3 15:37
1150903,2026/9/3,上櫃,3043,科風,20.85,-0.35,21.25,21.4,20.85,78721,1660856,78,TPEX_CSV,2026/9/3 15:37
1150903,2026/9/3,上櫃,3044,健鼎,487.5,-14.5,500,504,486,2287315,1131587362,6555,TPEX_CSV,2026/9/3 15:37
1150903,2026/9/3,上櫃,3045,台灣大,118,2,116,118,115.5,13130153,1534484765,5678,TPEX_CSV,2026/9/3 15:37
1150903,2026/9/3,上櫃,3046,建碁,55,-1.2,56.8,57.4,55,381611,21401144,325,TPEX_CSV,2026/9/3 15:37
1150903,2026/9/3,上櫃,3047,訊舟,13.4,-0.4,13.9,14,13.4,660302,8996249,462,TPEX_CSV,2026/9/3 15:37
1150903,2026/9/3,上櫃,3048,益登,52.4,-1.6,54.2,54.4,52.4,1604527,85555079,1547,TPEX_CSV,2026/9/3 15:37
1150903,2026/9/3,上櫃,3049,精金,12.8,-0.25,13.05,13.35,12.8,8576774,111383746,4369,TPEX_CSV,2026/9/3 15:37
1150903,2026/9/3,上櫃,3050,鈺德,11.3,-0.4,11.7,11.75,11.3,476237,5458368,237,TPEX_CSV,2026/9/3 15:37
1150903,2026/9/3,上櫃,3051,力特,21.75,-1,22.55,22.85,21.75,1110565,24646296,853,TPEX_CSV,2026/9/3 15:37
1150903,2026/9/3,上櫃,3052,夆典,10.55,0,10.55,10.6,10.5,261144,2754707,133,TPEX_CSV,2026/9/3 15:37
1150903,2026/9/3,上櫃,3054,立萬利,55.7,-0.5,58.9,58.9,54,66848,3687522,118,TPEX_CSV,2026/9/3 15:37
1150903,2026/9/3,上櫃,3055,蔚華科,131,-11,143,144.5,130.5,7905506,1091160198,6973,TPEX_CSV,2026/9/3 15:37
1150903,2026/9/3,上櫃,3056,富華新,14,-0.1,14.05,14.1,13.9,442035,6182559,335,TPEX_CSV,2026/9/3 15:37
1150903,2026/9/3,上櫃,3057,喬鼎,17,-0.45,17.45,17.45,17,41514,716015,73,TPEX_CSV,2026/9/3 15:37
1150903,2026/9/3,上櫃,3058,立德,8.07,-0.08,8.17,8.2,8.06,410272,3326733,258,TPEX_CSV,2026/9/3 15:37
1150903,2026/9/3,上櫃,3059,華晶科,38.45,-1.15,40.05,40.45,38.4,2551840,99741503,2405,TPEX_CSV,2026/9/3 15:37
1150903,2026/9/3,上櫃,3060,銘異,25.7,-1.05,26.95,27.45,25.6,2110238,55538817,1534,TPEX_CSV,2026/9/3 15:37
1150903,2026/9/3,上櫃,3062,建漢,20.4,-0.7,21.1,21.35,20.4,1364358,28291404,974,TPEX_CSV,2026/9/3 15:37
1150903,2026/9/3,上櫃,3090,日電貿,162.5,-6,169,172,162.5,5160663,865304004,5364,TPEX_CSV,2026/9/3 15:37
1150903,2026/9/3,上櫃,3092,鴻碩,23.5,-0.4,24,24,23.5,128101,3044362,162,TPEX_CSV,2026/9/3 15:37
1150903,2026/9/3,上櫃,3094,聯傑,42.3,1.1,41.85,43.8,40.1,9326594,393695077,6844,TPEX_CSV,2026/9/3 15:37
1150903,2026/9/3,上櫃,3130,一零四,209.5,-1,210.5,210.5,209.5,47515,9983266,244,TPEX_CSV,2026/9/3 15:37
1150903,2026/9/3,上櫃,3135,凌航,172.5,-3.5,178.5,179,172.5,1317691,230173000,1932,TPEX_CSV,2026/9/3 15:37
1150903,2026/9/3,上櫃,3138,耀登,93,-3.7,98.8,98.8,93,149939,14297061,323,TPEX_CSV,2026/9/3 15:37
1150903,2026/9/3,上櫃,3149,正達,59.5,-3.9,63.3,63.3,59.4,13607314,835209289,9478,TPEX_CSV,2026/9/3 15:37
1150903,2026/9/3,上櫃,3150,鈺寶-創,16.5,-0.5,17.05,17.05,16.35,39000,648800,21,TPEX_CSV,2026/9/3 15:37
1150903,2026/9/3,上櫃,3164,景岳,,0,,,,334,5282,14,TPEX_CSV,2026/9/3 15:37
1150903,2026/9/3,上櫃,3167,大量,730,-44,779,785,724,4103594,3074739627,9557,TPEX_CSV,2026/9/3 15:37
1150903,2026/9/3,上櫃,3168,眾福科,42.45,0.65,42.8,43.1,42.25,50226,2154222,33,TPEX_CSV,2026/9/3 15:37
1150903,2026/9/3,上櫃,3189,景碩,775,-72,867,882,775,27084870,22092746781,74010,TPEX_CSV,2026/9/3 15:37
1150903,2026/9/3,上櫃,3209,全科,47,-0.5,47.7,48.25,47,1575465,74761184,1350,TPEX_CSV,2026/9/3 15:37
1150903,2026/9/3,上櫃,3229,晟鈦,48.6,-2.6,51.2,51.3,48.6,900368,44567841,1016,TPEX_CSV,2026/9/3 15:37
1150903,2026/9/3,上櫃,3231,緯創,188.5,3,188,196,186.5,97294860,18657223713,79426,TPEX_CSV,2026/9/3 15:37
1150903,2026/9/3,上櫃,3257,虹冠電,49.65,-0.55,50.3,50.7,49.65,245091,12300275,231,TPEX_CSV,2026/9/3 15:37
1150903,2026/9/3,上櫃,3266,昇陽,13.7,-0.2,13.85,13.85,13.65,43748,600601,45,TPEX_CSV,2026/9/3 15:37
1150903,2026/9/3,上櫃,3296,勝德,23.65,-0.4,24.05,24.05,23.55,17851,422569,65,TPEX_CSV,2026/9/3 15:37
1150903,2026/9/3,上櫃,3305,昇貿,108.5,-3.5,113,113.5,108.5,1175046,130185713,1389,TPEX_CSV,2026/9/3 15:37
1150903,2026/9/3,上櫃,3308,聯德,21.75,-0.05,22.05,22.25,21.45,65747,1430455,121,TPEX_CSV,2026/9/3 15:37
1150903,2026/9/3,上櫃,3311,閎暉,31.75,-0.65,32.4,32.55,31.7,210688,6756341,345,TPEX_CSV,2026/9/3 15:37
1150903,2026/9/3,上櫃,3312,弘憶股,52,-4,57.6,57.6,52,3448091,189416733,2639,TPEX_CSV,2026/9/3 15:37
1150903,2026/9/3,上櫃,3321,同泰,18,0.4,17.5,18.4,17.5,229260,4112869,129,TPEX_CSV,2026/9/3 15:37
1150903,2026/9/3,上櫃,3338,泰碩,63.1,-3.4,66.7,67.2,63.1,488429,31694303,699,TPEX_CSV,2026/9/3 15:37
1150903,2026/9/3,上櫃,3346,麗清,18.8,-0.3,19.35,19.35,18.8,204693,3884265,223,TPEX_CSV,2026/9/3 15:37
1150903,2026/9/3,上櫃,3356,奇偶,62.4,-0.8,63.5,63.6,62.2,525048,32918407,929,TPEX_CSV,2026/9/3 15:37
1150903,2026/9/3,上櫃,3376,新日興,204,-4,208.5,210,201.5,4725016,971014689,6456,TPEX_CSV,2026/9/3 15:37
1150903,2026/9/3,上櫃,3380,明泰,29,-1.05,30,30.45,29,7241869,215530512,4218,TPEX_CSV,2026/9/3 15:37
1150903,2026/9/3,上櫃,3406,玉晶光,991,-59,1060,1070,990,2416584,2452876665,6089,TPEX_CSV,2026/9/3 15:37
1150903,2026/9/3,上櫃,3413,京鼎,280,-5.5,287,287,280,677098,191665424,2294,TPEX_CSV,2026/9/3 15:37
1150903,2026/9/3,上櫃,3416,融程電,165,-7.5,172.5,173.5,165,615196,103512531,1023,TPEX_CSV,2026/9/3 15:37
1150903,2026/9/3,上櫃,3419,譁裕,11.7,-0.3,12,12,11.7,202169,2377508,90,TPEX_CSV,2026/9/3 15:37
1150903,2026/9/3,上櫃,3432,台端,14.55,-0.2,14.6,14.75,14.55,29017,423644,16,TPEX_CSV,2026/9/3 15:37
1150903,2026/9/3,上櫃,3437,榮創,17.6,-0.5,18.2,18.85,17.6,657145,11996728,575,TPEX_CSV,2026/9/3 15:37
1150903,2026/9/3,上櫃,3443,創意,5800,-95,5895,6045,5725,1600424,9415174865,7769,TPEX_CSV,2026/9/3 15:37
1150903,2026/9/3,上櫃,3447,展達,28.25,-1.5,29.95,30.35,28.25,133284,3883844,134,TPEX_CSV,2026/9/3 15:37
1150903,2026/9/3,上櫃,3450,聯鈞,554,-48,598,606,554,2686591,1533674384,7067,TPEX_CSV,2026/9/3 15:37
1150903,2026/9/3,上櫃,3481,群創,48.1,-0.95,49.85,52.4,48.1,365400350,18451205490,150045,TPEX_CSV,2026/9/3 15:37
1150903,2026/9/3,上櫃,3494,誠研,7.08,-0.01,7.3,7.3,6.9,71036,499369,54,TPEX_CSV,2026/9/3 15:37
1150903,2026/9/3,上櫃,3501,維熹,39.9,-0.05,40,40.3,39.65,128521,5132074,113,TPEX_CSV,2026/9/3 15:37
1150903,2026/9/3,上櫃,3504,揚明光,87.8,-6.5,94.3,95.6,87.1,6869508,620501379,6994,TPEX_CSV,2026/9/3 15:37
1150903,2026/9/3,上櫃,3515,華擎,220,-8.5,232.5,235,220,713926,161317329,1491,TPEX_CSV,2026/9/3 15:37
1150903,2026/9/3,上櫃,3518,柏騰,31.85,-0.05,33.05,34.75,31.25,3558467,117754750,2565,TPEX_CSV,2026/9/3 15:37
1150903,2026/9/3,上櫃,3528,安馳,82.4,-3.6,86.6,86.6,82.3,244453,20516582,549,TPEX_CSV,2026/9/3 15:37
1150903,2026/9/3,上櫃,3530,晶相光,57.8,-2.1,60.5,60.9,57.8,148751,8760057,198,TPEX_CSV,2026/9/3 15:37
1150903,2026/9/3,上櫃,3532,台勝科,381,-5,391,402,376,6008409,2351915964,7204,TPEX_CSV,2026/9/3 15:37
1150903,2026/9/3,上櫃,3533,嘉澤,1670,-35,1730,1730,1665,798509,1349662300,3677,TPEX_CSV,2026/9/3 15:37
1150903,2026/9/3,上櫃,3535,晶彩科,85.5,-3,90.4,91.9,85.5,1145991,101804986,1248,TPEX_CSV,2026/9/3 15:37
1150903,2026/9/3,上櫃,3543,州巧,44.9,-3.75,48.65,48.65,43.9,4991065,226644944,3265,TPEX_CSV,2026/9/3 15:37
1150903,2026/9/3,上櫃,3545,敦泰,50.4,-2.1,52.1,52.8,50,1158738,59555845,1454,TPEX_CSV,2026/9/3 15:37
1150903,2026/9/3,上櫃,3550,聯穎,22.95,-0.55,23.75,24.05,22.95,963825,22644460,668,TPEX_CSV,2026/9/3 15:37
1150903,2026/9/3,上櫃,3557,嘉威,24,-0.2,24.25,24.25,24,17850,429448,34,TPEX_CSV,2026/9/3 15:37
1150903,2026/9/3,上櫃,3563,牧德,676,-34,709,716,676,671038,464267330,2400,TPEX_CSV,2026/9/3 15:37
1150903,2026/9/3,上櫃,3576,聯合再生,17.05,-0.25,17.3,17.45,17,6607421,113750855,2767,TPEX_CSV,2026/9/3 15:37
1150903,2026/9/3,上櫃,3583,辛耘,742,-15,772,777,741,875396,664746430,1984,TPEX_CSV,2026/9/3 15:37
1150903,2026/9/3,上櫃,3588,通嘉,51.9,-2.1,54.5,54.5,51.8,154006,8128766,327,TPEX_CSV,2026/9/3 15:37
1150903,2026/9/3,上櫃,3591,艾笛森,22.7,0.1,23.3,24.25,22.55,1404170,32652615,1318,TPEX_CSV,2026/9/3 15:37
1150903,2026/9/3,上櫃,3592,瑞鼎,221,-5.5,227,227.5,221,254513,56896773,552,TPEX_CSV,2026/9/3 15:37
1150903,2026/9/3,上櫃,3593,力銘,10.4,-0.1,10.5,10.5,10,26003,265629,19,TPEX_CSV,2026/9/3 15:37
1150903,2026/9/3,上櫃,3596,智易,157,-4,162.5,162.5,157,1644979,262195100,1598,TPEX_CSV,2026/9/3 15:37
1150903,2026/9/3,上櫃,3605,宏致,114.5,-12.5,128,129.5,114.5,13684319,1635226546,11861,TPEX_CSV,2026/9/3 15:37
1150903,2026/9/3,上櫃,3607,谷崧,13.65,-0.15,13.85,14,13.65,152138,2090106,110,TPEX_CSV,2026/9/3 15:37
1150903,2026/9/3,上櫃,3617,碩天,241.5,-7.5,250.5,250.5,241.5,405007,99145460,1126,TPEX_CSV,2026/9/3 15:37
1150903,2026/9/3,上櫃,3622,洋華,52.7,-0.7,53.4,53.7,52.7,514333,27328260,356,TPEX_CSV,2026/9/3 15:37
1150903,2026/9/3,上櫃,3645,達邁,70.3,-2.2,72.5,73.3,70.2,2690321,191756445,2571,TPEX_CSV,2026/9/3 15:37
1150903,2026/9/3,上櫃,3652,精聯,31.8,-0.9,33.3,33.3,31.8,130724,4252922,182,TPEX_CSV,2026/9/3 15:37
1150903,2026/9/3,上櫃,3653,健策,5615,-155,5770,5820,5590,902445,5153293205,5503,TPEX_CSV,2026/9/3 15:37
1150903,2026/9/3,上櫃,3661,世芯-KY,4050,0,4210,4260,4010,1876714,7792714080,11350,TPEX_CSV,2026/9/3 15:37
1150903,2026/9/3,上櫃,3665,貿聯-KY,2100,-70,2170,2180,2100,2445221,5192342850,8973,TPEX_CSV,2026/9/3 15:37
1150903,2026/9/3,上櫃,3669,圓展,34.8,-0.8,36,36,34.8,201791,7096714,197,TPEX_CSV,2026/9/3 15:37
1150903,2026/9/3,上櫃,3673,TPK-KY,64.7,-2.3,67.4,68.8,64.7,5624756,375458195,4035,TPEX_CSV,2026/9/3 15:37
1150903,2026/9/3,上櫃,3679,新至陞,108,0.5,108.5,108.5,107.5,6871,742707,29,TPEX_CSV,2026/9/3 15:37
1150903,2026/9/3,上櫃,3686,達能,14.4,0,14.4,14.4,14.25,58872,841905,63,TPEX_CSV,2026/9/3 15:37
1150903,2026/9/3,上櫃,3694,海華,50,-1.4,51.8,52,50,835465,42371108,655,TPEX_CSV,2026/9/3 15:37
1150903,2026/9/3,上櫃,3701,大眾控,40.45,-2.8,43.25,44,40.3,2180721,91719725,2038,TPEX_CSV,2026/9/3 15:37
1150903,2026/9/3,上櫃,3702,大聯大,102,0,102.5,104.5,101.5,10122351,1040620039,6483,TPEX_CSV,2026/9/3 15:37
1150903,2026/9/3,上櫃,3703,欣陸,19.95,0.55,19.45,20,19.45,1537050,30467170,683,TPEX_CSV,2026/9/3 15:37
1150903,2026/9/3,上櫃,3704,合勤控,40,-2.1,42.1,42.75,40,3368025,139216710,2547,TPEX_CSV,2026/9/3 15:37
1150903,2026/9/3,上櫃,3705,永信,55.9,-0.1,55.8,56.2,55.8,93669,5238830,93,TPEX_CSV,2026/9/3 15:37
1150903,2026/9/3,上櫃,3706,神達,91.5,-3.2,94.9,95.3,91.4,14808074,1379920700,12935,TPEX_CSV,2026/9/3 15:37
1150903,2026/9/3,上櫃,3708,上緯投控,100,-1,100.5,101,99.6,502519,50432172,376,TPEX_CSV,2026/9/3 15:37
1150903,2026/9/3,上櫃,3711,日月光投控,589,0,595,605,585,11637807,6921581069,18737,TPEX_CSV,2026/9/3 15:37
1150903,2026/9/3,上櫃,3712,永崴投控,21,-0.2,21.25,21.5,20.95,690998,14593106,401,TPEX_CSV,2026/9/3 15:37
1150903,2026/9/3,上櫃,3714,富采,61.5,-0.5,63.8,68.2,61.2,50253672,3300541834,29862,TPEX_CSV,2026/9/3 15:37
1150903,2026/9/3,上櫃,3715,定穎投控,118,-6.5,125.5,126.5,117.5,5543430,670233654,6050,TPEX_CSV,2026/9/3 15:37
1150903,2026/9/3,上櫃,3716,中化控股,34.35,-0.3,34.75,34.95,34.35,327035,11284934,278,TPEX_CSV,2026/9/3 15:37
1150903,2026/9/3,上櫃,3717,聯嘉投控,22.05,-0.3,22.4,22.95,22.05,1404156,31417356,746,TPEX_CSV,2026/9/3 15:37
1150903,2026/9/3,上櫃,4104,佳醫,70.8,-0.4,71.4,71.4,70.7,104429,7410251,214,TPEX_CSV,2026/9/3 15:37
1150903,2026/9/3,上櫃,4106,雃博,24.5,0,24.6,24.6,24.3,87334,2131962,202,TPEX_CSV,2026/9/3 15:37
1150903,2026/9/3,上櫃,4108,懷特,11.35,0.05,11.35,11.45,11.3,138051,1567963,126,TPEX_CSV,2026/9/3 15:37
1150903,2026/9/3,上櫃,4119,旭富,56.1,0.2,55.5,56.5,54,369838,20368832,461,TPEX_CSV,2026/9/3 15:37
1150903,2026/9/3,上櫃,4133,亞諾法,20.5,-0.15,20.65,20.65,20.5,66853,1373041,74,TPEX_CSV,2026/9/3 15:37
1150903,2026/9/3,上櫃,4137,麗豐-KY,79.9,-1.4,81.2,81.3,79.8,415473,33399993,610,TPEX_CSV,2026/9/3 15:37
1150903,2026/9/3,上櫃,4142,國光生,17.6,-0.2,17.8,17.9,17.6,581839,10302087,328,TPEX_CSV,2026/9/3 15:37
1150903,2026/9/3,上櫃,4148,全宇生技-KY,31.3,-0.25,32,32,31.3,21076,668715,18,TPEX_CSV,2026/9/3 15:37
1150903,2026/9/3,上櫃,4155,訊映,14.3,-0.1,14.45,14.45,14.25,138853,1986391,126,TPEX_CSV,2026/9/3 15:37
1150903,2026/9/3,上櫃,4164,承業醫,26,-0.2,26.35,26.35,25.9,220061,5734581,324,TPEX_CSV,2026/9/3 15:37
1150903,2026/9/3,上櫃,4169,泰宗,150.5,-3,153.5,154,150.5,118707,18029008,179,TPEX_CSV,2026/9/3 15:37
1150903,2026/9/3,上櫃,4178,永笙-KY,16.6,-0.3,16.9,16.95,16.6,129964,2181711,76,TPEX_CSV,2026/9/3 15:37
1150903,2026/9/3,上櫃,4190,佐登-KY,25.8,0,25.8,25.8,25.8,3040,78776,19,TPEX_CSV,2026/9/3 15:37
1150903,2026/9/3,上櫃,4195,基米-創,13.95,-0.1,14.05,14.2,13.9,98014,1371538,91,TPEX_CSV,2026/9/3 15:37
1150903,2026/9/3,上櫃,4306,炎洲,15.25,0.2,15.05,15.3,15.05,1718050,26131367,645,TPEX_CSV,2026/9/3 15:37
1150903,2026/9/3,上櫃,4414,如興,8.19,-0.23,8.39,8.41,8.19,203731,1690122,148,TPEX_CSV,2026/9/3 15:37
1150903,2026/9/3,上櫃,4426,利勤,7.58,0.05,7.53,7.86,7.53,106708,814502,63,TPEX_CSV,2026/9/3 15:37
1150903,2026/9/3,上櫃,4438,廣越,58.2,-0.1,58.4,58.9,58.2,74122,4331711,60,TPEX_CSV,2026/9/3 15:37
1150903,2026/9/3,上櫃,4439,冠星-KY,96.2,0.5,95.8,97.1,95.7,8943,859204,32,TPEX_CSV,2026/9/3 15:37
1150903,2026/9/3,上櫃,4440,宜新實業,17.55,0.05,17.6,17.6,17.45,34140,597850,23,TPEX_CSV,2026/9/3 15:37
1150903,2026/9/3,上櫃,4441,振大環球,171.5,-1.5,173,173.5,171.5,32734,5639463,57,TPEX_CSV,2026/9/3 15:37
1150903,2026/9/3,上櫃,4526,東台,31.4,0.15,32.2,33.4,31.2,11493007,371528992,7723,TPEX_CSV,2026/9/3 15:37
1150903,2026/9/3,上櫃,4532,瑞智,23.7,-0.2,23.9,24.15,23.65,753368,17937917,518,TPEX_CSV,2026/9/3 15:37
1150903,2026/9/3,上櫃,4536,拓凱,163.5,-1,164.5,166,163.5,88086,14487006,217,TPEX_CSV,2026/9/3 15:37
1150903,2026/9/3,上櫃,4540,全球傳動,59.5,0,61.5,63.6,59.5,6258594,385101879,5056,TPEX_CSV,2026/9/3 15:37
1150903,2026/9/3,上櫃,4545,銘鈺,31.65,-0.4,32.1,32.4,31.65,194056,6204004,99,TPEX_CSV,2026/9/3 15:37
1150903,2026/9/3,上櫃,4551,智伸科,161,-5,168,169,161,831133,135978271,959,TPEX_CSV,2026/9/3 15:37
1150903,2026/9/3,上櫃,4552,力達-KY,16.65,-0.2,16.75,16.85,16.55,157595,2619930,99,TPEX_CSV,2026/9/3 15:37
1150903,2026/9/3,上櫃,4555,氣立,45.25,-1.05,46.5,46.65,45.25,100791,4642005,224,TPEX_CSV,2026/9/3 15:37
1150903,2026/9/3,上櫃,4557,永新-KY,49.55,-0.85,50.1,50.9,49.5,43716,2185741,56,TPEX_CSV,2026/9/3 15:37
1150903,2026/9/3,上櫃,4560,強信-KY,29.45,-0.1,29.65,29.65,29.3,289020,8513850,102,TPEX_CSV,2026/9/3 15:37
1150903,2026/9/3,上櫃,4562,穎漢,30.1,-1,31.5,31.7,30.1,185616,5737622,148,TPEX_CSV,2026/9/3 15:37
1150903,2026/9/3,上櫃,4564,元翎,16.1,-0.35,16.6,16.65,16,1174601,18953950,648,TPEX_CSV,2026/9/3 15:37
1150903,2026/9/3,上櫃,4566,時碩工業,62.9,-2.7,66.4,67.1,62.8,1571746,101737373,1574,TPEX_CSV,2026/9/3 15:37
1150903,2026/9/3,上櫃,4569,六方科-KY,172.5,-7,180,182.5,172.5,336382,60352280,802,TPEX_CSV,2026/9/3 15:37
1150903,2026/9/3,上櫃,4571,鈞興-KY,154.5,-3.5,160.5,161.5,154,195023,30846382,300,TPEX_CSV,2026/9/3 15:37
1150903,2026/9/3,上櫃,4572,駐龍,140,-3.5,142.5,142.5,140,12144,1717004,30,TPEX_CSV,2026/9/3 15:37
1150903,2026/9/3,上櫃,4576,大銀微系統,231,-11,250,251.5,229.5,9012781,2179368576,32122,TPEX_CSV,2026/9/3 15:37
1150903,2026/9/3,上櫃,4581,光隆精密-KY,48,-0.3,48,48,48,1000,48000,1,TPEX_CSV,2026/9/3 15:37
1150903,2026/9/3,上櫃,4582,聚恆-創,23.4,-0.2,23.25,23.8,23.25,34030,801900,25,TPEX_CSV,2026/9/3 15:37
1150903,2026/9/3,上櫃,4583,台灣精銳,462,-16.5,478.5,492.5,461.5,92394,43742045,389,TPEX_CSV,2026/9/3 15:37
1150903,2026/9/3,上櫃,4585,達明,288,-6.5,296,302,288,288946,84654236,1031,TPEX_CSV,2026/9/3 15:37
1150903,2026/9/3,上櫃,4588,玖鼎電力,52.8,0.1,52.3,52.8,52.3,5218,273957,11,TPEX_CSV,2026/9/3 15:37
1150903,2026/9/3,上櫃,4590,富田-創,89.1,-0.7,89.9,91.5,89.1,290070,26146463,265,TPEX_CSV,2026/9/3 15:37
1150903,2026/9/3,上櫃,4720,德淵,18.5,-0.45,19.1,19.9,18.5,852582,16328294,575,TPEX_CSV,2026/9/3 15:37
1150903,2026/9/3,上櫃,4722,國精化,195.5,-6,203.5,207.5,195.5,511628,103109323,770,TPEX_CSV,2026/9/3 15:37
1150903,2026/9/3,上櫃,4736,泰博,127,1,126,129,126,293279,37340175,302,TPEX_CSV,2026/9/3 15:37
1150903,2026/9/3,上櫃,4737,華廣,57.7,0.3,57.4,57.7,56.8,62011,3550529,59,TPEX_CSV,2026/9/3 15:37
1150903,2026/9/3,上櫃,4739,康普,82.3,-3.1,86.1,86.1,82.1,1167720,98002673,1426,TPEX_CSV,2026/9/3 15:37
1150903,2026/9/3,上櫃,4746,台耀,46,-1.7,47.7,47.95,46,1197379,56075194,1276,TPEX_CSV,2026/9/3 15:37
1150903,2026/9/3,上櫃,4755,三福化,116,-2.5,118.5,120.5,116,202759,23955467,272,TPEX_CSV,2026/9/3 15:37
1150903,2026/9/3,上櫃,4763,材料*-KY,49.1,-2.4,51.9,52.4,49.05,11725611,589419184,7640,TPEX_CSV,2026/9/3 15:37
1150903,2026/9/3,上櫃,4764,雙鍵,217.5,-22.5,239,243,216,1961994,447348745,2165,TPEX_CSV,2026/9/3 15:37
1150903,2026/9/3,上櫃,4766,南寶,342,-4.5,346.5,346.5,341.5,135747,46708575,334,TPEX_CSV,2026/9/3 15:37
1150903,2026/9/3,上櫃,4770,上品,217,1,215.5,221.5,215,280635,61123789,390,TPEX_CSV,2026/9/3 15:37
1150903,2026/9/3,上櫃,4771,望隼,209.5,-5,217.5,217.5,208.5,197735,41815755,1859,TPEX_CSV,2026/9/3 15:37
1150903,2026/9/3,上櫃,4807,日成-KY,27.55,-0.35,28.4,28.4,27.5,62432,1730440,96,TPEX_CSV,2026/9/3 15:37
1150903,2026/9/3,上櫃,4904,遠傳,103.5,1,102.5,103.5,102,3510171,361422424,2060,TPEX_CSV,2026/9/3 15:37
1150903,2026/9/3,上櫃,4906,正文,35.5,-1.45,37.1,37.35,35.5,5107223,185054988,3382,TPEX_CSV,2026/9/3 15:37
1150903,2026/9/3,上櫃,4912,聯德控股-KY,101.5,-1.5,103,105.5,101,970665,99499161,1057,TPEX_CSV,2026/9/3 15:37
1150903,2026/9/3,上櫃,4915,致伸,59.6,-0.7,60.7,60.9,59.6,2285577,137845400,1851,TPEX_CSV,2026/9/3 15:37
1150903,2026/9/3,上櫃,4916,事欣科,96.7,-3.8,101,101.5,96.7,2064632,203519330,2605,TPEX_CSV,2026/9/3 15:37
1150903,2026/9/3,上櫃,4919,新唐,115,-5.5,121.5,123,115,2315891,274339225,2914,TPEX_CSV,2026/9/3 15:37
1150903,2026/9/3,上櫃,4927,泰鼎-KY,40.55,-1.75,42.5,43.45,40.45,4106241,170543351,2991,TPEX_CSV,2026/9/3 15:37
1150903,2026/9/3,上櫃,4930,燦星網,16.1,-0.1,16.3,16.3,16.1,17814,288803,160,TPEX_CSV,2026/9/3 15:37
1150903,2026/9/3,上櫃,4934,太極,13.65,-0.5,14.3,14.55,13.65,505087,7087094,302,TPEX_CSV,2026/9/3 15:37
1150903,2026/9/3,上櫃,4935,茂林-KY,33.55,0.05,33.5,34.05,33.4,95200,3192059,50,TPEX_CSV,2026/9/3 15:37
1150903,2026/9/3,上櫃,4938,和碩,90.4,-1.3,92,92.9,89.9,9098623,829858851,6716,TPEX_CSV,2026/9/3 15:37
1150903,2026/9/3,上櫃,4942,嘉彰,33.05,0.05,33.1,33.15,33,52075,1720847,37,TPEX_CSV,2026/9/3 15:37
1150903,2026/9/3,上櫃,4943,康控-KY,7.9,0,8.25,8.25,7.31,120641,904564,130,TPEX_CSV,2026/9/3 15:37
1150903,2026/9/3,上櫃,4949,有成精密,77.5,-4.8,81.5,82,76.8,1607862,127542852,1670,TPEX_CSV,2026/9/3 15:37
1150903,2026/9/3,上櫃,4952,凌通,50.2,-1.2,51.8,51.8,50.2,313060,15978925,695,TPEX_CSV,2026/9/3 15:37
1150903,2026/9/3,上櫃,4956,光鋐,34.8,-1.4,36.5,37.6,34.8,2671227,96534275,2419,TPEX_CSV,2026/9/3 15:37
1150903,2026/9/3,上櫃,4958,臻鼎-KY,464,-43,520,525,462,40982476,19905489723,78406,TPEX_CSV,2026/9/3 15:37
1150903,2026/9/3,上櫃,4960,誠美材,20.8,-0.5,21.35,22.05,20.8,2805170,60080810,1640,TPEX_CSV,2026/9/3 15:37
1150903,2026/9/3,上櫃,4961,天鈺,166,-3.5,170,170,165,620585,103653524,798,TPEX_CSV,2026/9/3 15:37
1150903,2026/9/3,上櫃,4967,十銓,272.5,-5.5,281,283.5,271,5011144,1384781357,15329,TPEX_CSV,2026/9/3 15:37
1150903,2026/9/3,上櫃,4968,立積,90.4,-3.3,94.2,94.2,90.4,361525,33201707,584,TPEX_CSV,2026/9/3 15:37
1150903,2026/9/3,上櫃,4976,佳凌,37.7,-3.85,41.5,42,37.7,12436263,489670876,8693,TPEX_CSV,2026/9/3 15:37
1150903,2026/9/3,上櫃,4977,眾達-KY,172.5,-4,179.5,186,171.5,6148309,1108019913,9646,TPEX_CSV,2026/9/3 15:37
1150903,2026/9/3,上櫃,4989,榮科,60.5,-3.3,64.3,65.6,60.4,4727679,295626726,4165,TPEX_CSV,2026/9/3 15:37
1150903,2026/9/3,上櫃,4994,傳奇,81.9,0.5,81.3,83.9,81,6000,491500,6,TPEX_CSV,2026/9/3 15:37
1150903,2026/9/3,上櫃,4999,鑫禾,18.4,-0.05,18.4,18.5,18.1,53185,977360,108,TPEX_CSV,2026/9/3 15:37
1150903,2026/9/3,上櫃,5007,三星,55.8,-0.1,55.9,56.2,55.8,11042,617854,13,TPEX_CSV,2026/9/3 15:37
1150903,2026/9/3,上櫃,5203,訊連,58.8,-0.2,59.1,59.2,58.6,83239,4901595,129,TPEX_CSV,2026/9/3 15:37
1150903,2026/9/3,上櫃,5215,科嘉-KY,39.1,-0.5,39.3,39.4,38.85,18325,716645,55,TPEX_CSV,2026/9/3 15:37
1150903,2026/9/3,上櫃,5222,全訊,104,-2,106.5,107,104,201173,21095704,306,TPEX_CSV,2026/9/3 15:37
1150903,2026/9/3,上櫃,5225,東科-KY,61,-0.1,61,61.7,60.6,179001,10942581,168,TPEX_CSV,2026/9/3 15:37
1150903,2026/9/3,上櫃,5234,達興材料,289.5,-7.5,300.5,307.5,289,326185,97404309,768,TPEX_CSV,2026/9/3 15:37
1150903,2026/9/3,上櫃,5236,凌陽創新,136,-1.5,138,138,135.5,77258,10562893,136,TPEX_CSV,2026/9/3 15:37
1150903,2026/9/3,上櫃,5243,乙盛-KY,88.3,-3.5,92.4,93.2,88.3,890385,80348836,1362,TPEX_CSV,2026/9/3 15:37
1150903,2026/9/3,上櫃,5244,弘凱,34.9,0,35.15,35.9,34.55,196691,6912060,216,TPEX_CSV,2026/9/3 15:37
1150903,2026/9/3,上櫃,5258,虹堡,45.1,-1.25,46.45,46.9,45.1,361033,16572472,608,TPEX_CSV,2026/9/3 15:37
1150903,2026/9/3,上櫃,5269,祥碩,1440,-20,1470,1495,1430,532498,776493315,2162,TPEX_CSV,2026/9/3 15:37
1150903,2026/9/3,上櫃,5283,禾聯碩,53.8,1.4,53,55,53,117040,6314889,247,TPEX_CSV,2026/9/3 15:37
1150903,2026/9/3,上櫃,5284,jpp-KY,323,-32,350,353.5,322.5,790708,265511379,1448,TPEX_CSV,2026/9/3 15:37
1150903,2026/9/3,上櫃,5285,界霖,86.3,-3.3,89.7,90.3,84.2,4511949,394876318,4365,TPEX_CSV,2026/9/3 15:37
1150903,2026/9/3,上櫃,5288,豐祥-KY,187,-4.5,191.5,193.5,185.5,156379,29340702,476,TPEX_CSV,2026/9/3 15:37
1150903,2026/9/3,上櫃,5292,華懋,219,-15.5,229.5,232,218,417545,93576532,14619,TPEX_CSV,2026/9/3 15:37
1150903,2026/9/3,上櫃,5306,桂盟,94.5,1.3,93.2,94.5,93.2,131331,12338687,185,TPEX_CSV,2026/9/3 15:37
1150903,2026/9/3,上櫃,5388,中磊,75.1,-1.7,77.5,77.7,75,5028064,381623824,4755,TPEX_CSV,2026/9/3 15:37
1150903,2026/9/3,上櫃,5434,崇越,527,-8,536,544,527,707339,380211807,1386,TPEX_CSV,2026/9/3 15:37
1150903,2026/9/3,上櫃,5469,瀚宇博,71.2,-2.5,73.9,74.2,71.2,1041089,75499410,1281,TPEX_CSV,2026/9/3 15:37
1150903,2026/9/3,上櫃,5471,松翰,59.9,-1.1,61.5,61.7,59.8,1950245,118094376,1629,TPEX_CSV,2026/9/3 15:37
1150903,2026/9/3,上櫃,5484,慧友,39.1,-1.1,40.3,40.4,39,223683,8867798,227,TPEX_CSV,2026/9/3 15:37
1150903,2026/9/3,上櫃,5515,建國,52.9,0.2,52.4,53.2,52.3,316769,16747535,357,TPEX_CSV,2026/9/3 15:37
1150903,2026/9/3,上櫃,5519,隆大,27.25,-0.2,27.45,27.55,27.25,331527,9081350,340,TPEX_CSV,2026/9/3 15:37
1150903,2026/9/3,上櫃,5521,工信,10.55,0,10.55,10.7,10.55,1154332,12245339,586,TPEX_CSV,2026/9/3 15:37
1150903,2026/9/3,上櫃,5522,遠雄,63.8,0.6,63,64,63,392082,24953686,384,TPEX_CSV,2026/9/3 15:37
1150903,2026/9/3,上櫃,5525,順天,22,0,22.05,22.15,21.85,123998,2728327,64,TPEX_CSV,2026/9/3 15:37
1150903,2026/9/3,上櫃,5531,鄉林,7.47,0.25,7.26,7.47,7.2,912472,6733844,442,TPEX_CSV,2026/9/3 15:37
1150903,2026/9/3,上櫃,5533,皇鼎,13.9,-0.05,13.95,13.95,13.8,102054,1415281,52,TPEX_CSV,2026/9/3 15:37
1150903,2026/9/3,上櫃,5534,長虹,76.6,0.3,76.3,77.1,75.8,657989,50455517,730,TPEX_CSV,2026/9/3 15:37
1150903,2026/9/3,上櫃,5538,東明-KY,36.65,-0.5,37.2,38,36.65,78511,2898684,50,TPEX_CSV,2026/9/3 15:37
1150903,2026/9/3,上櫃,5546,永固-KY,14.8,0.1,14.4,14.9,14.4,26000,383450,12,TPEX_CSV,2026/9/3 15:37
1150903,2026/9/3,上櫃,5607,遠雄港,57.2,1.6,54.4,57.4,54.4,2416852,136220485,2228,TPEX_CSV,2026/9/3 15:37
1150903,2026/9/3,上櫃,5608,四維航,17.45,0.95,17.3,17.75,17.15,13237460,231468428,5829,TPEX_CSV,2026/9/3 15:37
1150903,2026/9/3,上櫃,5706,鳳凰,44.7,-0.2,44.8,44.9,44.7,69144,3095957,202,TPEX_CSV,2026/9/3 15:37
1150903,2026/9/3,上櫃,5871,中租-KY,111.5,-1.5,112.5,113,111.5,7218455,809218472,5016,TPEX_CSV,2026/9/3 15:37
1150903,2026/9/3,上櫃,5871A,中租-KY甲特,100,0.1,99.9,100,99.9,63891,6388257,25,TPEX_CSV,2026/9/3 15:37
1150903,2026/9/3,上櫃,5876,上海商銀,45.95,0.6,45.15,46,45.1,13157273,602531106,6459,TPEX_CSV,2026/9/3 15:37
1150903,2026/9/3,上櫃,5880,合庫金,26.7,0.4,26.3,26.85,26.25,32491451,865313285,10913,TPEX_CSV,2026/9/3 15:37
1150903,2026/9/3,上櫃,5906,台南-KY,38,0,38,38,38,1000,38000,1,TPEX_CSV,2026/9/3 15:37
1150903,2026/9/3,上櫃,5907,大洋-KY,4.91,-0.05,4.98,4.98,4.89,291043,1432424,91,TPEX_CSV,2026/9/3 15:37
1150903,2026/9/3,上櫃,6005,群益證,32.35,0.35,32,32.95,32,8491306,275972297,4772,TPEX_CSV,2026/9/3 15:37
1150903,2026/9/3,上櫃,6024,群益期,63,0.1,63.1,63.5,62.9,166335,10522298,281,TPEX_CSV,2026/9/3 15:37
1150903,2026/9/3,上櫃,6108,競國,23.05,-0.85,24.25,24.25,23.05,2740157,64092139,1195,TPEX_CSV,2026/9/3 15:37
1150903,2026/9/3,上櫃,6112,邁達特,44.95,-1.05,46.5,46.75,44.9,365636,16732878,1279,TPEX_CSV,2026/9/3 15:37
1150903,2026/9/3,上櫃,6115,鎰勝,43.95,-0.05,44.05,44.35,43.9,85732,3776125,68,TPEX_CSV,2026/9/3 15:37
1150903,2026/9/3,上櫃,6116,彩晶,13.9,-0.25,14.35,15,13.9,45896083,660966866,12739,TPEX_CSV,2026/9/3 15:37
1150903,2026/9/3,上櫃,6117,迎廣,64,-1.4,66.4,66.8,64,339977,22284099,413,TPEX_CSV,2026/9/3 15:37
1150903,2026/9/3,上櫃,6120,達運,12.4,-0.25,12.75,13.05,12.4,2299935,29264679,903,TPEX_CSV,2026/9/3 15:37
1150903,2026/9/3,上櫃,6128,上福,19.85,0.15,19.7,19.9,19.7,15690,311081,25,TPEX_CSV,2026/9/3 15:37
1150903,2026/9/3,上櫃,6133,金橋,23.75,0.1,23.95,24.75,23.7,1537631,37109869,1224,TPEX_CSV,2026/9/3 15:37
1150903,2026/9/3,上櫃,6136,富爾特,24.65,0.1,24.5,24.7,24.5,95618,2347787,76,TPEX_CSV,2026/9/3 15:37
1150903,2026/9/3,上櫃,6139,亞翔,712,-9,725,741,711,2059979,1493591792,6218,TPEX_CSV,2026/9/3 15:37
1150903,2026/9/3,上櫃,6141,柏承,51.7,-3.1,55,56.2,51.5,4475000,237324136,3133,TPEX_CSV,2026/9/3 15:37
1150903,2026/9/3,上櫃,6142,友勁,8.65,-0.21,8.86,8.92,8.65,375140,3279899,255,TPEX_CSV,2026/9/3 15:37
1150903,2026/9/3,上櫃,6152,百一,13.55,-0.4,13.95,14,13.55,491885,6765265,356,TPEX_CSV,2026/9/3 15:37
1150903,2026/9/3,上櫃,6153,嘉聯益,17.2,-0.8,18.2,18.4,17.1,3615483,63580491,1967,TPEX_CSV,2026/9/3 15:37
1150903,2026/9/3,上櫃,6155,鈞寶,53.8,-2.2,56.4,56.9,53.8,806458,44308893,787,TPEX_CSV,2026/9/3 15:37
1150903,2026/9/3,上櫃,6164,華興,11.9,-0.3,12.35,12.35,11.9,180569,2188604,184,TPEX_CSV,2026/9/3 15:37
1150903,2026/9/3,上櫃,6165,浪凡,49.2,-0.75,49.9,50.5,49.2,291428,14451677,343,TPEX_CSV,2026/9/3 15:37
1150903,2026/9/3,上櫃,6166,凌華,114,-3,119.5,121,113.5,2228259,260996787,2460,TPEX_CSV,2026/9/3 15:37
1150903,2026/9/3,上櫃,6168,宏齊,27.6,-0.05,28.05,29.65,27.5,8401636,241763850,5392,TPEX_CSV,2026/9/3 15:37
1150903,2026/9/3,上櫃,6176,瑞儀,90.3,-2,92.9,93,90.3,2737594,249338986,5019,TPEX_CSV,2026/9/3 15:37
1150903,2026/9/3,上櫃,6177,達麗,48.75,1.55,47.9,49.2,47.45,2841912,137587208,2069,TPEX_CSV,2026/9/3 15:37
1150903,2026/9/3,上櫃,6183,關貿,91.3,0,91.3,91.6,91,17447,1593189,66,TPEX_CSV,2026/9/3 15:37
1150903,2026/9/3,上櫃,6184,大豐電,40.3,0.1,40.1,40.55,40.1,52269,2103892,70,TPEX_CSV,2026/9/3 15:37
1150903,2026/9/3,上櫃,6189,豐藝,48.05,-0.45,48.5,48.7,48.05,265943,12839712,643,TPEX_CSV,2026/9/3 15:37
1150903,2026/9/3,上櫃,6191,精成科,81.4,-2.1,83.5,84,81.1,1665497,137158014,1919,TPEX_CSV,2026/9/3 15:37
1150903,2026/9/3,上櫃,6192,巨路,115.5,0.5,115,116.5,114,134092,15450159,139,TPEX_CSV,2026/9/3 15:37
1150903,2026/9/3,上櫃,6196,帆宣,500,8,500,523,498.5,2947816,1507987264,5379,TPEX_CSV,2026/9/3 15:37
1150903,2026/9/3,上櫃,6197,佳必琪,299,-14.5,314,315.5,299,2845571,873301380,7448,TPEX_CSV,2026/9/3 15:37
1150903,2026/9/3,上櫃,6201,亞弘電,44.45,0.25,44.4,44.5,44.4,6110,271661,7,TPEX_CSV,2026/9/3 15:37
1150903,2026/9/3,上櫃,6202,盛群,57,-1.5,59.5,59.5,56.7,1108257,63922364,1375,TPEX_CSV,2026/9/3 15:37
1150903,2026/9/3,上櫃,6205,詮欣,65.4,-2.9,68.8,69.7,65.2,586849,39205986,771,TPEX_CSV,2026/9/3 15:37
1150903,2026/9/3,上櫃,6206,飛捷,134.5,-3.5,138.5,140.5,134.5,924919,126181865,1306,TPEX_CSV,2026/9/3 15:37
1150903,2026/9/3,上櫃,6209,今國光,81.1,-3.2,84.5,85.7,80.5,19919693,1643168521,23698,TPEX_CSV,2026/9/3 15:37
1150903,2026/9/3,上櫃,6213,聯茂,512,-24,550,552,509,12963621,6859730645,16125,TPEX_CSV,2026/9/3 15:37
1150903,2026/9/3,上櫃,6214,精誠,183,0,183,184.5,182.5,2152555,395077069,1231,TPEX_CSV,2026/9/3 15:37
1150903,2026/9/3,上櫃,6215,和椿,97.8,-2.2,102.5,105.5,97.8,1316140,132807481,1316,TPEX_CSV,2026/9/3 15:37
1150903,2026/9/3,上櫃,6216,居易,20.45,-0.1,20.55,20.6,20.45,120534,2471089,75,TPEX_CSV,2026/9/3 15:37
1150903,2026/9/3,上櫃,6224,聚鼎,79.6,-5.4,89.9,92,79.6,7047769,607354865,7985,TPEX_CSV,2026/9/3 15:37
1150903,2026/9/3,上櫃,6225,天瀚,60.4,2.4,58,60.7,58,60561,3600356,76,TPEX_CSV,2026/9/3 15:37
1150903,2026/9/3,上櫃,6226,光鼎,32,-2.15,35.1,35.55,32,5284891,176071665,4329,TPEX_CSV,2026/9/3 15:37
1150903,2026/9/3,上櫃,6230,尼得科超眾,106,-4,110,110,106,36389,3911460,202,TPEX_CSV,2026/9/3 15:37
1150903,2026/9/3,上櫃,6235,華孚,39.45,-0.3,40,40.35,39.25,300811,11943474,377,TPEX_CSV,2026/9/3 15:37
1150903,2026/9/3,上櫃,6239,力成,275,-3,282.5,284.5,273.5,9490466,2646475519,11336,TPEX_CSV,2026/9/3 15:37
1150903,2026/9/3,上櫃,6243,迅杰,38.85,-0.95,40.45,41.1,38.85,467896,18714950,539,TPEX_CSV,2026/9/3 15:37
1150903,2026/9/3,上櫃,6257,矽格,209,-7,217,217.5,208.5,9652799,2045212066,12229,TPEX_CSV,2026/9/3 15:37
1150903,2026/9/3,上櫃,6269,台郡,65,-6.7,71.5,72.5,64.7,12283027,831651644,10867,TPEX_CSV,2026/9/3 15:37
1150903,2026/9/3,上櫃,6271,同欣電,215.5,-7.5,225,227,215,3700475,816578520,4657,TPEX_CSV,2026/9/3 15:37
1150903,2026/9/3,上櫃,6272,驊陞,28.95,1.3,29,30.4,28,2680094,79208395,1693,TPEX_CSV,2026/9/3 15:37
1150903,2026/9/3,上櫃,6277,宏正,79.9,1.1,78.5,80.3,78.5,383812,30387723,310,TPEX_CSV,2026/9/3 15:37
1150903,2026/9/3,上櫃,6278,台表科,191.5,-8,202.5,202.5,191.5,3353471,655702316,4018,TPEX_CSV,2026/9/3 15:37
1150903,2026/9/3,上櫃,6281,全國電,51.3,-0.2,51.5,51.5,51.3,19310,993457,20,TPEX_CSV,2026/9/3 15:37
1150903,2026/9/3,上櫃,6282,康舒,43.2,-1.3,44.8,45.05,43.15,5453980,240200997,5383,TPEX_CSV,2026/9/3 15:37
1150903,2026/9/3,上櫃,6283,淳安,20,0.05,20,20.35,19.8,105647,2110140,88,TPEX_CSV,2026/9/3 15:37
1150903,2026/9/3,上櫃,6285,啟碁,233.5,-12,246,248.5,233.5,3634085,872688080,7028,TPEX_CSV,2026/9/3 15:37
1150903,2026/9/3,上櫃,6405,悅城,39.2,-3.05,42.25,42.25,39.1,1088439,44099820,2316,TPEX_CSV,2026/9/3 15:37
1150903,2026/9/3,上櫃,6409,旭隼,972,-33,1005,1020,972,456721,452633434,2903,TPEX_CSV,2026/9/3 15:37
1150903,2026/9/3,上櫃,6412,群電,77.3,-1.9,79.2,79.5,77,641667,50126957,1032,TPEX_CSV,2026/9/3 15:37
1150903,2026/9/3,上櫃,6414,樺漢,381,-10.5,393,396,381,1142273,442807278,2286,TPEX_CSV,2026/9/3 15:37
1150903,2026/9/3,上櫃,6415,矽力*-KY,411,-15,426.5,437.5,408,4262145,1796175283,6049,TPEX_CSV,2026/9/3 15:37
1150903,2026/9/3,上櫃,6416,瑞祺電通,95.5,-5,101,101,95.5,681947,66427668,1514,TPEX_CSV,2026/9/3 15:37
1150903,2026/9/3,上櫃,6426,統新,265.5,8.5,260.5,274,249,3546338,936464091,4686,TPEX_CSV,2026/9/3 15:37
1150903,2026/9/3,上櫃,6431,光麗-KY,19.8,0.2,19.3,20,19.25,84001,1657919,60,TPEX_CSV,2026/9/3 15:37
1150903,2026/9/3,上櫃,6438,迅得,154,-5.5,162,164,154,970646,153865024,2148,TPEX_CSV,2026/9/3 15:37
1150903,2026/9/3,上櫃,6442,光聖,1770,-25,1840,1920,1770,7869894,14605772890,22748,TPEX_CSV,2026/9/3 15:37
1150903,2026/9/3,上櫃,6443,元晶,24.55,-0.55,25.2,25.6,24.55,3308376,82756949,2357,TPEX_CSV,2026/9/3 15:37
1150903,2026/9/3,上櫃,6446,藥華藥,1350,45,1315,1375,1315,3196968,4306859230,7617,TPEX_CSV,2026/9/3 15:37
1150903,2026/9/3,上櫃,6449,鈺邦,216.5,-8.5,225.5,226.5,216.5,662259,146441510,1575,TPEX_CSV,2026/9/3 15:37
1150903,2026/9/3,上櫃,6451,訊芯-KY,450,-50,505,505,450,13899708,6579191008,17777,TPEX_CSV,2026/9/3 15:37
1150903,2026/9/3,上櫃,6456,GIS-KY,67.4,-2.7,71.5,72.1,67.1,4089243,284519747,3468,TPEX_CSV,2026/9/3 15:37
1150903,2026/9/3,上櫃,6464,台數科,76.8,0,76.8,76.8,76.8,1365,104728,7,TPEX_CSV,2026/9/3 15:37
1150903,2026/9/3,上櫃,6472,保瑞,411.5,-11,426.5,426.5,411.5,732118,305641588,2243,TPEX_CSV,2026/9/3 15:37
1150903,2026/9/3,上櫃,6477,安集,34.6,-1.15,35.8,36,34.6,830884,29217533,827,TPEX_CSV,2026/9/3 15:37
1150903,2026/9/3,上櫃,6491,晶碩,380.5,-13.5,396,396,380,583589,223885439,907,TPEX_CSV,2026/9/3 15:37
1150903,2026/9/3,上櫃,6504,南六,37.4,-0.05,38.2,38.2,37.4,18071,678190,17,TPEX_CSV,2026/9/3 15:37
1150903,2026/9/3,上櫃,6505,台塑化,76.5,-2.2,78.1,79.9,76.1,27551720,2143202691,17994,TPEX_CSV,2026/9/3 15:37
1150903,2026/9/3,上櫃,6515,穎崴,7000,-50,7320,7350,7000,819545,5904821885,6107,TPEX_CSV,2026/9/3 15:37
1150903,2026/9/3,上櫃,6525,捷敏-KY,135.5,-1.5,138.5,142,135.5,1236719,171818808,1310,TPEX_CSV,2026/9/3 15:37
1150903,2026/9/3,上櫃,6526,達發,630,-16,652,655,630,573091,368013477,2057,TPEX_CSV,2026/9/3 15:37
1150903,2026/9/3,上櫃,6531,愛普*,912,-45,967,995,907,8083032,7777080541,12729,TPEX_CSV,2026/9/3 15:37
1150903,2026/9/3,上櫃,6533,晶心科,264,0.5,264,273.5,263.5,1829812,491749376,9368,TPEX_CSV,2026/9/3 15:37
1150903,2026/9/3,上櫃,6534,正瀚-創,91,-0.5,92.3,92.3,90.8,60541,5516487,44,TPEX_CSV,2026/9/3 15:37
1150903,2026/9/3,上櫃,6541,泰福-KY,31.25,-1.3,32.55,32.65,31.2,556908,17651386,686,TPEX_CSV,2026/9/3 15:37
1150903,2026/9/3,上櫃,6550,北極星藥業-KY,10.3,-0.3,10.7,10.7,10.3,1005655,10494439,694,TPEX_CSV,2026/9/3 15:37
1150903,2026/9/3,上櫃,6552,易華電,24.25,-0.3,24.5,24.5,24.2,83342,2029534,94,TPEX_CSV,2026/9/3 15:37
1150903,2026/9/3,上櫃,6558,興能高,24.55,-0.05,24.6,25.1,24.55,159384,3945316,145,TPEX_CSV,2026/9/3 15:37
1150903,2026/9/3,上櫃,6573,虹揚-KY,16.3,-0.6,16.9,17.2,16.3,353651,5858890,226,TPEX_CSV,2026/9/3 15:37
1150903,2026/9/3,上櫃,6579,研揚,142.5,-6,150,151.5,142.5,401380,58979558,548,TPEX_CSV,2026/9/3 15:37
1150903,2026/9/3,上櫃,6581,鋼聯,108.5,0,108.5,108.5,108.5,5150,558800,7,TPEX_CSV,2026/9/3 15:37
1150903,2026/9/3,上櫃,6582,申豐,31.7,-0.25,31.95,31.95,31.65,18152,576586,50,TPEX_CSV,2026/9/3 15:37
1150903,2026/9/3,上櫃,6585,鼎基,111.5,-1.5,113.5,114,111,151452,16934380,170,TPEX_CSV,2026/9/3 15:37
1150903,2026/9/3,上櫃,6589,台康生技,47.9,-0.6,48.6,48.95,47.9,308436,14892210,273,TPEX_CSV,2026/9/3 15:37
1150903,2026/9/3,上櫃,6591,動力-KY,42.5,-0.1,42.6,42.8,42.25,109068,4630577,113,TPEX_CSV,2026/9/3 15:37
1150903,2026/9/3,上櫃,6592,和潤企業,60.9,-0.3,61,61.9,60.7,414855,25448173,587,TPEX_CSV,2026/9/3 15:37
1150903,2026/9/3,上櫃,6592A,和潤企業甲特,95.8,0.2,95.8,95.8,95.8,5155,493818,4,TPEX_CSV,2026/9/3 15:37
1150903,2026/9/3,上櫃,6592B,和潤企業乙特,94.9,0.2,94.8,94.9,94.8,6272,595044,24,TPEX_CSV,2026/9/3 15:37
1150903,2026/9/3,上櫃,6598,ABC-KY,27.2,-0.7,28.1,28.1,27.05,219853,6031910,172,TPEX_CSV,2026/9/3 15:37
1150903,2026/9/3,上櫃,6605,帝寶,137,-0.5,137.5,139,136.5,168254,23134686,249,TPEX_CSV,2026/9/3 15:37
1150903,2026/9/3,上櫃,6606,建德工業,25.6,-0.1,26,26,25.45,97492,2505723,64,TPEX_CSV,2026/9/3 15:37
1150903,2026/9/3,上櫃,6614,資拓宏宇,35.4,0.15,35.9,35.9,35.4,9612,341335,15,TPEX_CSV,2026/9/3 15:37
1150903,2026/9/3,上櫃,6625,必應,75.5,-0.5,76.2,76.2,75.3,55010,4163189,92,TPEX_CSV,2026/9/3 15:37
1150903,2026/9/3,上櫃,6641,基士德-KY,17,-0.05,17.05,17.2,17,19000,324050,10,TPEX_CSV,2026/9/3 15:37
1150903,2026/9/3,上櫃,6645,金萬林-創,12.4,-0.15,12.55,12.55,12.4,7001,87212,8,TPEX_CSV,2026/9/3 15:37
1150903,2026/9/3,上櫃,6655,科定,,0,,,,128,14464,3,TPEX_CSV,2026/9/3 15:37
1150903,2026/9/3,上櫃,6657,華安,30.2,-0.55,30.75,30.8,30.15,84264,2572287,91,TPEX_CSV,2026/9/3 15:37
1150903,2026/9/3,上櫃,6658,聯策,174,-9,184,187,171.5,495944,88771307,2770,TPEX_CSV,2026/9/3 15:37
1150903,2026/9/3,上櫃,6666,羅麗芬-KY,44.05,-0.35,44.65,44.65,43.85,15124,668200,19,TPEX_CSV,2026/9/3 15:37
1150903,2026/9/3,上櫃,6668,中揚光,42.6,-1.4,44,44.75,41.35,2902743,123469234,2603,TPEX_CSV,2026/9/3 15:37
1150903,2026/9/3,上櫃,6669,緯穎,2475,-135,2605,2630,2475,5103604,13086185380,82614,TPEX_CSV,2026/9/3 15:37
1150903,2026/9/3,上櫃,6670,復盛應用,275,-3.5,281.5,281.5,274,253035,69914139,1961,TPEX_CSV,2026/9/3 15:37
1150903,2026/9/3,上櫃,6671,三能-KY,23.1,0.3,23.45,23.5,23,22100,514955,17,TPEX_CSV,2026/9/3 15:37
1150903,2026/9/3,上櫃,6672,騰輝電子-KY,263,-9,274,276,261.5,1884635,504670316,4456,TPEX_CSV,2026/9/3 15:37
1150903,2026/9/3,上櫃,6674,鋐寶科技,15.8,-0.1,15.9,15.9,15.65,3000,47350,3,TPEX_CSV,2026/9/3 15:37
1150903,2026/9/3,上櫃,6689,伊雲谷,60.8,-1.5,62.8,62.8,60.8,122736,7488376,189,TPEX_CSV,2026/9/3 15:37
1150903,2026/9/3,上櫃,6691,洋基工程,603,-4,609,621,603,426141,260450679,1095,TPEX_CSV,2026/9/3 15:37
1150903,2026/9/3,上櫃,6695,芯鼎,49.1,-1.6,50.9,50.9,48.55,758262,37256244,1000,TPEX_CSV,2026/9/3 15:37
1150903,2026/9/3,上櫃,6698,旭暉應材,31.4,-1.75,33.5,33.5,31.2,203604,6521784,427,TPEX_CSV,2026/9/3 15:37
1150903,2026/9/3,上櫃,6706,惠特,120.5,-5.5,128,138,120.5,5165561,666295729,4782,TPEX_CSV,2026/9/3 15:37
1150903,2026/9/3,上櫃,6715,嘉基,307.5,-34,340,341.5,307.5,1556786,497607113,2311,TPEX_CSV,2026/9/3 15:37
1150903,2026/9/3,上櫃,6719,力智,187,-6,193,194.5,187,480562,91274221,1480,TPEX_CSV,2026/9/3 15:37
1150903,2026/9/3,上櫃,6722,輝創,32.7,-0.15,32.85,32.85,32,8200,266017,12,TPEX_CSV,2026/9/3 15:37
1150903,2026/9/3,上櫃,6742,澤米,44,-2.05,48,49.55,44,1132679,52439997,1049,TPEX_CSV,2026/9/3 15:37
1150903,2026/9/3,上櫃,6743,安普新,28.5,0,28.45,28.55,27.95,263652,7451947,292,TPEX_CSV,2026/9/3 15:37
1150903,2026/9/3,上櫃,6753,龍德造船,137,-2,140,141,137,859903,119251499,988,TPEX_CSV,2026/9/3 15:37
1150903,2026/9/3,上櫃,6754,匯僑設計,41.35,-0.25,41.6,41.6,41.1,4292,177500,13,TPEX_CSV,2026/9/3 15:37
1150903,2026/9/3,上櫃,6756,威鋒電子,100.5,-3,104.5,105.5,100.5,245234,25115251,256,TPEX_CSV,2026/9/3 15:37
1150903,2026/9/3,上櫃,6757,台灣虎航,55.9,0.6,55.3,56.2,55.3,833701,46623524,812,TPEX_CSV,2026/9/3 15:37
1150903,2026/9/3,上櫃,6768,志強-KY,64,0,64,64.6,64,118268,7592835,134,TPEX_CSV,2026/9/3 15:37
1150903,2026/9/3,上櫃,6770,力積電,67.8,-2.6,71.2,72,67.5,115197089,8017595089,72860,TPEX_CSV,2026/9/3 15:37
1150903,2026/9/3,上櫃,6771,平和環保-創,41.7,0,41.7,41.9,41.25,15166,631237,17,TPEX_CSV,2026/9/3 15:37
1150903,2026/9/3,上櫃,6776,展碁國際,52.7,-0.2,52.8,53.5,52.2,175774,9270656,153,TPEX_CSV,2026/9/3 15:37
1150903,2026/9/3,上櫃,6781,AES-KY,1060,-55,1120,1130,1055,665562,724263565,2677,TPEX_CSV,2026/9/3 15:37
1150903,2026/9/3,上櫃,6782,視陽,235,-4,240,240,232,540473,127071295,1630,TPEX_CSV,2026/9/3 15:37
1150903,2026/9/3,上櫃,6789,采鈺,465.5,-18,485,488.5,465,2032703,967363246,4061,TPEX_CSV,2026/9/3 15:37
1150903,2026/9/3,上櫃,6790,永豐實,38,0,38,38.05,37.95,114885,4364828,103,TPEX_CSV,2026/9/3 15:37
1150903,2026/9/3,上櫃,6792,詠業,59.2,0,59.2,60.2,59,47410,2833800,32,TPEX_CSV,2026/9/3 15:37
1150903,2026/9/3,上櫃,6794,向榮生技,75,0,74.3,75.2,72.8,26000,1935800,22,TPEX_CSV,2026/9/3 15:37
1150903,2026/9/3,上櫃,6796,晉弘,59.3,0.2,59.5,61.3,59.3,69688,4158195,53,TPEX_CSV,2026/9/3 15:37
1150903,2026/9/3,上櫃,6799,來頡,80.2,-1.4,82.6,83.1,80,147612,12069959,318,TPEX_CSV,2026/9/3 15:37
1150903,2026/9/3,上櫃,6805,富世達,2095,-15,2130,2170,2030,870133,1820265045,3545,TPEX_CSV,2026/9/3 15:37
1150903,2026/9/3,上櫃,6807,峰源-KY,32.7,0,32.6,32.7,32.5,14022,456471,13,TPEX_CSV,2026/9/3 15:37
1150903,2026/9/3,上櫃,6830,汎銓,590,-8,615,641,582,5312183,3244307616,9958,TPEX_CSV,2026/9/3 15:37
1150903,2026/9/3,上櫃,6831,邁科,585,-24,613,622,585,741344,444350333,1784,TPEX_CSV,2026/9/3 15:37
1150903,2026/9/3,上櫃,6834,天二科技,87.2,-5,92.1,95,87,2575546,233383668,3198,TPEX_CSV,2026/9/3 15:37
1150903,2026/9/3,上櫃,6835,圓裕,31.05,-0.05,31.55,31.55,30.7,25000,779250,16,TPEX_CSV,2026/9/3 15:37
1150903,2026/9/3,上櫃,6838,台新藥,24,0.4,23.7,24.45,23.7,295383,7073848,219,TPEX_CSV,2026/9/3 15:37
1150903,2026/9/3,上櫃,6854,錼創科技-KY創,92.7,-6.8,99.5,102.5,92.7,642573,61485721,1030,TPEX_CSV,2026/9/3 15:37
1150903,2026/9/3,上櫃,6861,睿生光電,178.5,-12,190.5,190.5,178.5,593595,108884750,1439,TPEX_CSV,2026/9/3 15:37
1150903,2026/9/3,上櫃,6862,三集瑞-KY,139,-0.5,143.5,143.5,137,119945,16664171,152,TPEX_CSV,2026/9/3 15:37
1150903,2026/9/3,上櫃,6863,永道-KY,104,-3,107,108,104,112723,11854197,148,TPEX_CSV,2026/9/3 15:37
1150903,2026/9/3,上櫃,6869,雲豹能源,65,-1.6,66.7,66.9,65,312157,20502071,475,TPEX_CSV,2026/9/3 15:37
1150903,2026/9/3,上櫃,6873,泓德能源,68.1,-0.8,68.9,69,67.2,186719,12718576,236,TPEX_CSV,2026/9/3 15:37
1150903,2026/9/3,上櫃,6885,全福生技,23.25,-1.35,24.55,24.55,23.25,535514,12702057,389,TPEX_CSV,2026/9/3 15:37
1150903,2026/9/3,上櫃,6887,寶綠特-KY,37.15,-0.45,37.5,37.5,37.15,8000,297550,7,TPEX_CSV,2026/9/3 15:37
1150903,2026/9/3,上櫃,6890,來億-KY,169,2.5,168,173,166.5,313214,53282716,643,TPEX_CSV,2026/9/3 15:37
1150903,2026/9/3,上櫃,6901,鑽石投資,14.9,-0.35,15.25,15.4,14.9,1090417,16512912,678,TPEX_CSV,2026/9/3 15:37
1150903,2026/9/3,上櫃,6902,GOGOLOOK,124,0,124,125,122.5,46386,5727747,153,TPEX_CSV,2026/9/3 15:37
1150903,2026/9/3,上櫃,6906,現觀科,83.4,7.5,77.4,83.4,77.4,397569,32551177,451,TPEX_CSV,2026/9/3 15:37
1150903,2026/9/3,上櫃,6908,宏碁遊戲-創,30.1,-0.2,30.1,30.1,30.05,7116,214119,10,TPEX_CSV,2026/9/3 15:37
1150903,2026/9/3,上櫃,6909,創控,39.6,-1.3,40.85,41.4,39.55,227598,9183365,280,TPEX_CSV,2026/9/3 15:37
1150903,2026/9/3,上櫃,6914,阜爾運通,122,0,123,123,121.5,20513,2506335,86,TPEX_CSV,2026/9/3 15:37
1150903,2026/9/3,上櫃,6916,華凌,18.5,0,18.75,18.75,18.5,27100,502280,19,TPEX_CSV,2026/9/3 15:37
1150903,2026/9/3,上櫃,6918,愛派司,77.1,0.9,78.4,78.4,77.1,18409,1429503,30,TPEX_CSV,2026/9/3 15:37
1150903,2026/9/3,上櫃,6919,康霈*,84.5,-3.6,88.8,89.4,84.5,11601300,998736399,11766,TPEX_CSV,2026/9/3 15:37
1150903,2026/9/3,上櫃,6921,嘉雨思-創,63.7,-0.2,61.1,63.7,61.1,4005,249841,6,TPEX_CSV,2026/9/3 15:37
1150903,2026/9/3,上櫃,6923,中台,75.4,0,76,76,74.8,30359,2288113,124,TPEX_CSV,2026/9/3 15:37
1150903,2026/9/3,上櫃,6924,榮惠-KY創,113.5,0,115,115,113.5,13192,1504980,18,TPEX_CSV,2026/9/3 15:37
1150903,2026/9/3,上櫃,6928,攸泰科技,47.95,-0.45,48.8,48.8,47.95,40183,1938545,51,TPEX_CSV,2026/9/3 15:37
1150903,2026/9/3,上櫃,6931,青松健康,40.95,-0.25,41.2,41.25,40.55,27290,1120104,30,TPEX_CSV,2026/9/3 15:37
1150903,2026/9/3,上櫃,6933,AMAX-KY,302,-29,316,322,301.5,1360888,422415973,2222,TPEX_CSV,2026/9/3 15:37
1150903,2026/9/3,上櫃,6934,心誠鎂,74,-2.1,75.5,75.5,74,45101,3367944,41,TPEX_CSV,2026/9/3 15:37
1150903,2026/9/3,上櫃,6936,永鴻生技,32.8,0,33,33,32.8,20373,669909,25,TPEX_CSV,2026/9/3 15:37
1150903,2026/9/3,上櫃,6937,天虹,278,-15.5,295,299.5,278,534837,153085414,1935,TPEX_CSV,2026/9/3 15:37
1150903,2026/9/3,上櫃,6944,兆聯實業,695,-14,707,714,695,473829,332183440,2693,TPEX_CSV,2026/9/3 15:37
1150903,2026/9/3,上櫃,6947,台鎔科技,68.4,-1,69.6,70.1,68.4,315073,21844592,369,TPEX_CSV,2026/9/3 15:37
1150903,2026/9/3,上櫃,6951,青新-創,71.8,0.1,71,72,71,16784,1199699,41,TPEX_CSV,2026/9/3 15:37
1150903,2026/9/3,上櫃,6952,大武山,,0,,,,113,4256,9,TPEX_CSV,2026/9/3 15:37
1150903,2026/9/3,上櫃,6955,邦睿生技-創,98.9,-4.1,102.5,102.5,98.9,4000,405900,3,TPEX_CSV,2026/9/3 15:37
1150903,2026/9/3,上櫃,6957,裕慶-KY,217.5,-0.5,218,220.5,217.5,34627,7574303,47,TPEX_CSV,2026/9/3 15:37
1150903,2026/9/3,上櫃,6958,日盛台駿,17.2,0.1,17.25,17.3,17.1,23468,404377,18,TPEX_CSV,2026/9/3 15:37
1150903,2026/9/3,上櫃,6958A,日盛台駿甲特,20.6,0.1,20.5,20.7,20.5,46040,948174,16,TPEX_CSV,2026/9/3 15:37
1150903,2026/9/3,上櫃,6962,奕力-KY,31.8,-0.5,32.3,32.55,31.8,1776312,56870458,1106,TPEX_CSV,2026/9/3 15:37
1150903,2026/9/3,上櫃,6965,中傑-KY,73.7,0.3,73.2,73.9,73,14177,1040985,16,TPEX_CSV,2026/9/3 15:37
1150903,2026/9/3,上櫃,6969,成信實業*-創,33.35,-1.05,34,34,33.3,92510,3105180,86,TPEX_CSV,2026/9/3 15:37
1150903,2026/9/3,上櫃,6988,威力暘-創,11.3,0,11.3,11.35,11.25,43444,490468,17,TPEX_CSV,2026/9/3 15:37
1150903,2026/9/3,上櫃,6994,富威電力,35.55,-0.55,36.2,36.2,35.5,322249,11497959,339,TPEX_CSV,2026/9/3 15:37
1150903,2026/9/3,上櫃,7610,聯友金屬-創,1655,135,1540,1670,1540,1152011,1906168455,3734,TPEX_CSV,2026/9/3 15:37
1150903,2026/9/3,上櫃,7631,聚賢研發-創,141,-3.5,144,144.5,141,31354,4494704,45,TPEX_CSV,2026/9/3 15:37
1150903,2026/9/3,上櫃,7689,大鵬科CLMX,170.5,-2.5,173,173,170.5,44494,7630494,416,TPEX_CSV,2026/9/3 15:37
1150903,2026/9/3,上櫃,7705,三商餐飲,29.8,-0.35,30.2,30.25,29.8,247241,7399859,247,TPEX_CSV,2026/9/3 15:37
1150903,2026/9/3,上櫃,7711,永擎,575,-35,617,617,575,1693857,1008351848,7772,TPEX_CSV,2026/9/3 15:37
1150903,2026/9/3,上櫃,7721,微程式,60.3,-1,61.3,61.3,59.6,137250,8269330,126,TPEX_CSV,2026/9/3 15:37
1150903,2026/9/3,上櫃,7722,LINEPAY,274.5,-2.5,276.5,282.5,274,51555,14302402,303,TPEX_CSV,2026/9/3 15:37
1150903,2026/9/3,上櫃,7730,暉盛-創,188,17,173,188,173,343073,62795546,228,TPEX_CSV,2026/9/3 15:37
1150903,2026/9/3,上櫃,7732,金興精密,33.5,-0.3,34,34,33.5,4000,135050,4,TPEX_CSV,2026/9/3 15:37
1150903,2026/9/3,上櫃,7736,虎山,69.9,0.7,68.4,69.9,68.2,19040,1313560,18,TPEX_CSV,2026/9/3 15:37
1150903,2026/9/3,上櫃,7740,熙特爾-創,129,-1.5,130.5,131.5,128,81783,10614400,119,TPEX_CSV,2026/9/3 15:37
1150903,2026/9/3,上櫃,7749,意騰-KY,363.5,-6.5,371,374,363.5,122766,45236655,251,TPEX_CSV,2026/9/3 15:37
1150903,2026/9/3,上櫃,7750,新代,2200,-100,2270,2300,2200,186623,418056240,1657,TPEX_CSV,2026/9/3 15:37
1150903,2026/9/3,上櫃,7760,享溫馨,33.2,0,33.2,33.2,33,80065,2647509,15,TPEX_CSV,2026/9/3 15:37
1150903,2026/9/3,上櫃,7765,中華資安,222,-1.5,222.5,224.5,220.5,48221,10727456,172,TPEX_CSV,2026/9/3 15:37
1150903,2026/9/3,上櫃,7768,頌勝科技,278,-8,287,289.5,278,73782,20875389,233,TPEX_CSV,2026/9/3 15:37
1150903,2026/9/3,上櫃,7769,鴻勁,5870,160,5810,6025,5620,940844,5510001330,8997,TPEX_CSV,2026/9/3 15:37
1150903,2026/9/3,上櫃,7780,大研生醫*,16.65,0,16.9,16.9,16.6,1434571,24036693,805,TPEX_CSV,2026/9/3 15:37
1150903,2026/9/3,上櫃,7786,東方風能,116.5,0,117.5,119,116.5,49961,5870462,69,TPEX_CSV,2026/9/3 15:37
1150903,2026/9/3,上櫃,7788,松川精密,315,-1,330,332,297.5,3682299,1156904502,4822,TPEX_CSV,2026/9/3 15:37
1150903,2026/9/3,上櫃,7791,皇家可口,55.3,-0.6,55.9,55.9,55.2,46581,2582834,106,TPEX_CSV,2026/9/3 15:37
1150903,2026/9/3,上櫃,7795,長廣,489,-26,531,534,489,726386,369151818,1361,TPEX_CSV,2026/9/3 15:37
1150903,2026/9/3,上櫃,7799,禾榮科,352,-8,366.5,366.5,352,217617,78112613,430,TPEX_CSV,2026/9/3 15:37
1150903,2026/9/3,上櫃,7803,雲象科技-創,19.1,-0.3,19.1,19.4,18.95,12120,231739,15,TPEX_CSV,2026/9/3 15:37
1150903,2026/9/3,上櫃,7818,溢泰實業,60.8,0.2,61.3,62.2,60.7,87086,5324139,71,TPEX_CSV,2026/9/3 15:37
1150903,2026/9/3,上櫃,7821,神數,39.4,-0.3,39.9,40.1,39.2,126374,5016967,257,TPEX_CSV,2026/9/3 15:37
1150903,2026/9/3,上櫃,7822,倍利科,898,-32,930,934,898,118970,108391739,1273,TPEX_CSV,2026/9/3 15:37
1150903,2026/9/3,上櫃,7823,奧義賽博-KY創,83.7,0.1,84.1,84.1,82.5,30216,2513817,34,TPEX_CSV,2026/9/3 15:37
1150903,2026/9/3,上櫃,7827,漢康-KY創,151.5,-0.5,152,152.5,148.5,130656,19710849,154,TPEX_CSV,2026/9/3 15:37
1150903,2026/9/3,上櫃,7835,永悅健康-創,23.75,-2.45,25.4,26.7,23.7,83195,2023074,71,TPEX_CSV,2026/9/3 15:37
1150903,2026/9/3,上櫃,7855,和運租車,42.8,0.05,42.8,42.9,42.75,591844,25342686,489,TPEX_CSV,2026/9/3 15:37
1150903,2026/9/3,上櫃,8011,台通,15.75,-0.25,16,16.25,15.75,348446,5546433,291,TPEX_CSV,2026/9/3 15:37
1150903,2026/9/3,上櫃,8016,矽創,290,-5,298.5,298.5,289,533546,156668106,3129,TPEX_CSV,2026/9/3 15:37
1150903,2026/9/3,上櫃,8021,尖點,413.5,-45.5,461,462,413.5,14442146,6172833330,22663,TPEX_CSV,2026/9/3 15:37
1150903,2026/9/3,上櫃,8028,昇陽半導體,236.5,-9,248,249,236.5,1932954,465826693,3843,TPEX_CSV,2026/9/3 15:37
1150903,2026/9/3,上櫃,8033,雷虎,173,-8,183,184.5,172.5,5483122,975200445,7480,TPEX_CSV,2026/9/3 15:37
1150903,2026/9/3,上櫃,8039,台虹,293,-20.5,316,318.5,291,39244963,11836309756,37551,TPEX_CSV,2026/9/3 15:37
1150903,2026/9/3,上櫃,8045,達運光電,50.4,-1.1,51.5,52.5,50.3,114892,5891329,137,TPEX_CSV,2026/9/3 15:37
1150903,2026/9/3,上櫃,8046,南電,1080,-120,1225,1225,1080,23330491,25900902380,74810,TPEX_CSV,2026/9/3 15:37
1150903,2026/9/3,上櫃,8070,長華*,49.2,-1.4,50.8,51.1,49.2,1829131,91380916,2265,TPEX_CSV,2026/9/3 15:37
1150903,2026/9/3,上櫃,8072,陞泰,26.05,-0.15,26.25,26.3,25.85,127135,3312031,184,TPEX_CSV,2026/9/3 15:37
1150903,2026/9/3,上櫃,8081,致新,251.5,-6,258,260,251.5,383017,97717302,706,TPEX_CSV,2026/9/3 15:37
1150903,2026/9/3,上櫃,8101,華冠,11.65,-0.7,11.65,11.65,11.65,4061,47363,8,TPEX_CSV,2026/9/3 15:37
1150903,2026/9/3,上櫃,8103,瀚荃,121,-1,122,123,118,3928316,474232708,6605,TPEX_CSV,2026/9/3 15:37
1150903,2026/9/3,上櫃,8104,錸寶,30.45,-0.55,31.55,31.8,30.4,267633,8282911,301,TPEX_CSV,2026/9/3 15:37
1150903,2026/9/3,上櫃,8105,凌巨,15,-0.95,15.8,16.2,15,6185107,94923351,2336,TPEX_CSV,2026/9/3 15:37
1150903,2026/9/3,上櫃,8110,華東,43.25,-1.45,45.25,45.8,43.25,3128800,138785054,3021,TPEX_CSV,2026/9/3 15:37
1150903,2026/9/3,上櫃,8112,至上,89.3,-1.9,91.5,92.1,89.2,9207939,833041213,7727,TPEX_CSV,2026/9/3 15:37
1150903,2026/9/3,上櫃,8112A,至上甲特,45.2,0.1,45.15,45.25,45.15,75977,3434593,33,TPEX_CSV,2026/9/3 15:37
1150903,2026/9/3,上櫃,8114,振樺電,189,-9.5,198.5,199,189,639210,123274266,1098,TPEX_CSV,2026/9/3 15:37
1150903,2026/9/3,上櫃,8131,福懋科,60.5,-2.1,63.2,63.9,60.5,1739477,107640147,1639,TPEX_CSV,2026/9/3 15:37
1150903,2026/9/3,上櫃,8150,南茂,89.1,-1.1,91.2,93.5,88.9,23458442,2131161019,17509,TPEX_CSV,2026/9/3 15:37
1150903,2026/9/3,上櫃,8162,微矽電子-創,58.9,-3.3,61.8,61.8,58.9,106107,6423198,112,TPEX_CSV,2026/9/3 15:37
1150903,2026/9/3,上櫃,8163,達方,31.1,-0.65,31.95,32.05,31,556145,17436043,832,TPEX_CSV,2026/9/3 15:37
1150903,2026/9/3,上櫃,8201,無敵,11.65,-0.05,11.7,11.7,11.65,20662,241099,24,TPEX_CSV,2026/9/3 15:37
1150903,2026/9/3,上櫃,8210,勤誠,948,-20,979,989,947,992780,961084083,3981,TPEX_CSV,2026/9/3 15:37
1150903,2026/9/3,上櫃,8213,志超,32.8,-0.6,33.3,33.8,32.75,482616,15928630,358,TPEX_CSV,2026/9/3 15:37
1150903,2026/9/3,上櫃,8215,明基材,25.3,-1,26.2,26.55,25.3,1158678,30070781,1206,TPEX_CSV,2026/9/3 15:37
1150903,2026/9/3,上櫃,8222,寶一,36.75,-1.5,38.6,38.7,36.75,591216,22198219,2394,TPEX_CSV,2026/9/3 15:37
1150903,2026/9/3,上櫃,8249,菱光,40.2,-1.45,41.65,41.9,40.2,304794,12426247,385,TPEX_CSV,2026/9/3 15:37
1150903,2026/9/3,上櫃,8261,富鼎,173,-4,179,184.5,173,3621186,647016298,4254,TPEX_CSV,2026/9/3 15:37
1150903,2026/9/3,上櫃,8271,宇瞻,217,-8.5,227.5,229.5,217,3191252,708115085,4160,TPEX_CSV,2026/9/3 15:37
1150903,2026/9/3,上櫃,8341,日友,75.1,-0.5,75.3,75.8,75.1,110856,8359666,192,TPEX_CSV,2026/9/3 15:37
1150903,2026/9/3,上櫃,8367,建新國際,41.15,0.65,40.35,41.2,40.35,18261,746999,24,TPEX_CSV,2026/9/3 15:37
1150903,2026/9/3,上櫃,8374,羅昇,79.2,-2.1,82.5,84,79.2,335822,27261931,384,TPEX_CSV,2026/9/3 15:37
1150903,2026/9/3,上櫃,8404,百和興業-KY,16.25,-0.2,16.35,16.55,16.2,269641,4410140,155,TPEX_CSV,2026/9/3 15:37
1150903,2026/9/3,上櫃,8411,福貞-KY,12.9,0.1,12.8,12.9,12.75,46039,591032,67,TPEX_CSV,2026/9/3 15:37
1150903,2026/9/3,上櫃,8422,可寧衛*,26.15,-0.5,26.7,26.85,26.15,3790114,100333774,2639,TPEX_CSV,2026/9/3 15:37
1150903,2026/9/3,上櫃,8429,金麗-KY,6,0.01,5.99,6.02,5.99,53016,318211,57,TPEX_CSV,2026/9/3 15:37
1150903,2026/9/3,上櫃,8438,昶昕,68.8,-1.6,71.4,71.4,68.3,181071,12554543,515,TPEX_CSV,2026/9/3 15:37
1150903,2026/9/3,上櫃,8442,威宏-KY,45.3,0,45.3,45.4,45.2,25639,1163405,32,TPEX_CSV,2026/9/3 15:37
1150903,2026/9/3,上櫃,8443,阿瘦,11.2,-0.15,11.3,11.3,10.95,95548,1070337,73,TPEX_CSV,2026/9/3 15:37
1150903,2026/9/3,上櫃,8454,富邦媒,238,-5,246.5,246.5,238,459453,110316237,1471,TPEX_CSV,2026/9/3 15:37
1150903,2026/9/3,上櫃,8462,柏文,165.5,-2.5,167.5,167.5,164,115527,19090475,258,TPEX_CSV,2026/9/3 15:37
1150903,2026/9/3,上櫃,8463,潤泰材,21.4,0,21.4,21.6,21.4,18753,402860,21,TPEX_CSV,2026/9/3 15:37
1150903,2026/9/3,上櫃,8464,億豐,367.5,-5,374,374,367.5,126478,46720120,215,TPEX_CSV,2026/9/3 15:37
1150903,2026/9/3,上櫃,8466,美吉吉-KY,15.3,0,15.5,15.5,15.3,7453,114294,12,TPEX_CSV,2026/9/3 15:37
1150903,2026/9/3,上櫃,8467,波力-KY,90,-0.4,90.5,90.5,90,27157,2447886,29,TPEX_CSV,2026/9/3 15:37
1150903,2026/9/3,上櫃,8473,山林水,46.15,0.2,46.25,47.15,46,591596,27516732,504,TPEX_CSV,2026/9/3 15:37
1150903,2026/9/3,上櫃,8476,台境*,19.2,-0.35,19.3,19.6,19.2,183249,3545440,165,TPEX_CSV,2026/9/3 15:37
1150903,2026/9/3,上櫃,8478,東哥遊艇,141,-3.5,143,143,140.5,91994,13035876,139,TPEX_CSV,2026/9/3 15:37
1150903,2026/9/3,上櫃,8481,政伸,40.6,-0.3,40.85,40.85,40.6,15000,611250,10,TPEX_CSV,2026/9/3 15:37
1150903,2026/9/3,上櫃,8482,商億-KY,47.1,0.2,46.75,47.1,46.75,3050,143312,4,TPEX_CSV,2026/9/3 15:37
1150903,2026/9/3,上櫃,8487,愛爾達-創,70.4,-0.6,70.6,70.6,70.4,9643,680332,30,TPEX_CSV,2026/9/3 15:37
1150903,2026/9/3,上櫃,8488,吉源-KY,9.77,-0.18,9.94,10.1,9.7,341000,3375470,56,TPEX_CSV,2026/9/3 15:37
1150903,2026/9/3,上櫃,8499,鼎炫-KY,252.5,-4,255.5,256,252.5,11092,2818193,37,TPEX_CSV,2026/9/3 15:37
1150903,2026/9/3,上櫃,8926,台汽電,56.6,0.3,56.7,57.5,56.4,2059074,117151971,1605,TPEX_CSV,2026/9/3 15:37
1150903,2026/9/3,上櫃,8940,新天地,15.05,-0.05,15.1,15.35,14.95,47625,716837,81,TPEX_CSV,2026/9/3 15:37
1150903,2026/9/3,上櫃,8996,高力,1185,-80,1285,1310,1185,4551450,5666289060,8803,TPEX_CSV,2026/9/3 15:37
1150903,2026/9/3,上櫃,9103,美德醫療-DR,5.03,-0.04,5.09,5.11,5.03,531523,2690352,186,TPEX_CSV,2026/9/3 15:37
1150903,2026/9/3,上櫃,910322,康師傅-DR,25.2,0.3,25.2,25.2,25.2,2290,57673,10,TPEX_CSV,2026/9/3 15:37
1150903,2026/9/3,上櫃,9105,泰金寶-DR,8.54,0.06,8.66,8.77,8.54,23859315,206393045,4473,TPEX_CSV,2026/9/3 15:37
1150903,2026/9/3,上櫃,910861,神州-DR,3.68,-0.05,3.72,3.76,3.6,241000,886340,86,TPEX_CSV,2026/9/3 15:37
1150903,2026/9/3,上櫃,9110,越南控-DR,,0,,,,,,,TPEX_CSV,2026/9/3 15:37
1150903,2026/9/3,上櫃,911608,明輝-DR,2.72,0,2.71,2.74,2.57,37343,99646,364,TPEX_CSV,2026/9/3 15:37
1150903,2026/9/3,上櫃,911622,泰聚亨-DR,,0,,,,,,,TPEX_CSV,2026/9/3 15:37
1150903,2026/9/3,上櫃,911868,同方友友-DR,1.16,-0.01,1.17,1.17,1.16,161642,188331,30,TPEX_CSV,2026/9/3 15:37
1150903,2026/9/3,上櫃,912000,晨訊科-DR,2.44,-0.03,2.49,2.49,2.44,229419,564613,80,TPEX_CSV,2026/9/3 15:37
1150903,2026/9/3,上櫃,9136,巨騰-DR,10.9,-0.3,11.3,11.3,10.9,79110,870465,44,TPEX_CSV,2026/9/3 15:37
1150903,2026/9/3,上櫃,9802,鈺齊-KY,72.2,0.1,72.9,72.9,72,673972,48851935,951,TPEX_CSV,2026/9/3 15:37
1150903,2026/9/3,上櫃,9902,台火,13.6,-0.05,13.85,13.85,13.6,89976,1228436,89,TPEX_CSV,2026/9/3 15:37
1150903,2026/9/3,上櫃,9904,寶成,24.55,-0.2,24.7,24.85,24.55,8277870,203904514,3054,TPEX_CSV,2026/9/3 15:37
1150903,2026/9/3,上櫃,9905,大華,21.45,0.05,21.35,21.55,21.35,75748,1623099,52,TPEX_CSV,2026/9/3 15:37
1150903,2026/9/3,上櫃,9906,欣巴巴,42.6,1.35,41.3,43,41.25,107031,4520506,165,TPEX_CSV,2026/9/3 15:37
1150903,2026/9/3,上櫃,9907,統一實,15.35,-0.15,15.5,15.6,15.35,2101800,32527670,836,TPEX_CSV,2026/9/3 15:37
1150903,2026/9/3,上櫃,9908,大台北,29.05,0.05,29,29.1,28.95,80146,2326303,88,TPEX_CSV,2026/9/3 15:37
1150903,2026/9/3,上櫃,9910,豐泰,67.7,-0.3,68.6,68.6,67.6,594929,40379390,585,TPEX_CSV,2026/9/3 15:37
1150903,2026/9/3,上櫃,9911,櫻花,82.1,0,81.8,82.3,81.8,100452,8241734,189,TPEX_CSV,2026/9/3 15:37
1150903,2026/9/3,上櫃,9912,偉聯,12.6,-0.1,12.5,12.75,12.5,75856,958266,63,TPEX_CSV,2026/9/3 15:37
1150903,2026/9/3,上櫃,9914,美利達,79.6,-1.4,81,81.8,79.6,1505494,120766514,1745,TPEX_CSV,2026/9/3 15:37
1150903,2026/9/3,上櫃,9917,中保科,106,0,106,106.5,105.5,225552,23924785,335,TPEX_CSV,2026/9/3 15:37
1150903,2026/9/3,上櫃,9918,欣天然,43.45,0.65,43.45,43.45,43.45,1386,59990,11,TPEX_CSV,2026/9/3 15:37
1150903,2026/9/3,上櫃,9919,康那香,13.85,-0.05,14,14,13.8,102878,1422828,91,TPEX_CSV,2026/9/3 15:37
1150903,2026/9/3,上櫃,9921,巨大,100.5,-1,102,102,100,904096,91036754,955,TPEX_CSV,2026/9/3 15:37
1150903,2026/9/3,上櫃,9924,福興,38.4,0,38.35,38.45,38.3,72535,2783100,104,TPEX_CSV,2026/9/3 15:37
1150903,2026/9/3,上櫃,9925,新保,39.7,-0.3,40.05,40.05,39.65,1318393,52399133,1228,TPEX_CSV,2026/9/3 15:37
1150903,2026/9/3,上櫃,9926,新海,49.15,0.3,48.7,49.4,48.7,9047,443963,11,TPEX_CSV,2026/9/3 15:37
1150903,2026/9/3,上櫃,9927,泰銘,69.5,-0.3,70.3,70.3,69.5,105453,7349669,378,TPEX_CSV,2026/9/3 15:37
1150903,2026/9/3,上櫃,9928,中視,18,0.15,18,18.1,17.95,29516,531758,40,TPEX_CSV,2026/9/3 15:37
1150903,2026/9/3,上櫃,9929,秋雨,11.4,0.3,10.85,12,10.85,61497,693076,32,TPEX_CSV,2026/9/3 15:37
1150903,2026/9/3,上櫃,9930,中聯資源,62.4,-0.6,63,63.1,62.3,100253,6276731,125,TPEX_CSV,2026/9/3 15:37
1150903,2026/9/3,上櫃,9931,欣高,33.9,-0.1,34,34,33.9,10313,349877,21,TPEX_CSV,2026/9/3 15:37
1150903,2026/9/3,上櫃,9933,中鼎,40.8,0.05,40.65,41.2,40.25,2016815,82248575,2564,TPEX_CSV,2026/9/3 15:37
1150903,2026/9/3,上櫃,9934,成霖,11.05,-0.05,11.1,11.15,11,492294,5454423,190,TPEX_CSV,2026/9/3 15:37
1150903,2026/9/3,上櫃,9935,慶豐富,19.6,-0.2,19.75,19.8,19.6,154494,3041957,106,TPEX_CSV,2026/9/3 15:37
1150903,2026/9/3,上櫃,9937,全國,55.1,0.1,54.8,55.1,54.8,19101,1050454,17,TPEX_CSV,2026/9/3 15:37
1150903,2026/9/3,上櫃,9938,百和,41.25,-0.35,41.45,41.75,41.2,725298,30032723,772,TPEX_CSV,2026/9/3 15:37
1150903,2026/9/3,上櫃,9939,宏全,131.5,0,131,132.5,131,334954,44087549,512,TPEX_CSV,2026/9/3 15:37
1150903,2026/9/3,上櫃,9940,信義,20.3,0.05,20.2,20.45,20.15,212712,4316354,153,TPEX_CSV,2026/9/3 15:37
1150903,2026/9/3,上櫃,9941,裕融,80.9,-1.7,82.6,82.9,80.9,880217,71578939,2642,TPEX_CSV,2026/9/3 15:37
1150903,2026/9/3,上櫃,9941A,裕融甲特,48.95,0,49,49,48.95,28819,1411876,26,TPEX_CSV,2026/9/3 15:37
1150903,2026/9/3,上櫃,9942,茂順,114,-0.5,114.5,115,114,47840,5484348,73,TPEX_CSV,2026/9/3 15:37
1150903,2026/9/3,上櫃,9943,好樂迪,51,-0.2,51.3,51.4,50.9,52965,2711595,60,TPEX_CSV,2026/9/3 15:37
1150903,2026/9/3,上櫃,9944,新麗,17.2,0,17.2,17.35,17.2,52725,909878,43,TPEX_CSV,2026/9/3 15:37
1150903,2026/9/3,上櫃,9945,潤泰新,28.25,-0.05,28.3,28.5,28.15,4124099,116934595,1987,TPEX_CSV,2026/9/3 15:37
1150903,2026/9/3,上櫃,9946,三發地產,17.15,-0.15,17.35,17.45,17.15,108883,1884947,105,TPEX_CSV,2026/9/3 15:37
1150903,2026/9/3,上櫃,9955,佳龍,23.65,-0.2,23.85,24.2,23.65,210820,5043284,295,TPEX_CSV,2026/9/3 15:37
1150903,2026/9/3,上櫃,9958,世紀鋼,88.4,-1.9,90.4,90.8,88.4,1656324,148053023,2325,TPEX_CSV,2026/9/3 15:37
1150903,2026/9/3,上市,00411A,主動統一前沿科技,9.48,-0.02,9.59,9.59,9.48,13752000,131330520,1638,TWSE_CSV,2026/9/3 15:37
1150903,2026/9/3,上市,00679B,元大美債20年,25.77,+0.12,25.71,25.78,25.70,14902000,383482640,1700,TWSE_CSV,2026/9/3 15:37
1150903,2026/9/3,上市,00687B,國泰20年美債,27.11,+0.14,27.06,27.12,27.04,11607000,314368580,1188,TWSE_CSV,2026/9/3 15:37
1150903,2026/9/3,上市,00687C,國泰20年美債+櫃U,9.10,+0.05,9.10,9.10,9.10,25000,227500,2,TWSE_CSV,2026/9/3 15:37
1150903,2026/9/3,上市,00694B,富邦美債1-3,41.71,-0.01,41.69,41.74,41.69,664000,27704580,131,TWSE_CSV,2026/9/3 15:37
1150903,2026/9/3,上市,00695B,富邦美債7-10,34.58,+0.06,34.54,34.60,34.54,69000,2384790,9,TWSE_CSV,2026/9/3 15:37
1150903,2026/9/3,上市,00696B,富邦美債20年,28.07,+0.15,28.01,28.08,28.00,1351000,37903440,52,TWSE_CSV,2026/9/3 15:37
1150903,2026/9/3,上市,00697B,元大美債7-10,35.16,+0.06,35.16,35.16,35.10,114000,4005620,58,TWSE_CSV,2026/9/3 15:37
1150903,2026/9/3,上市,00719B,元大美債1-3,31.02,0.00,31.09,31.09,31.01,1736000,53871360,291,TWSE_CSV,2026/9/3 15:37
1150903,2026/9/3,上市,00720B,元大投資級公司債,31.79,+0.08,31.73,31.80,31.73,3019000,95906510,519,TWSE_CSV,2026/9/3 15:37
1150903,2026/9/3,上市,00722B,群益投資級電信債,34.18,+0.12,34.08,34.18,34.08,4898000,167218820,111,TWSE_CSV,2026/9/3 15:37
1150903,2026/9/3,上市,00723B,群益投資級科技債,29.27,+0.09,29.21,29.27,29.21,107000,3131270,11,TWSE_CSV,2026/9/3 15:37
1150903,2026/9/3,上市,00724B,群益投資級金融債,32.66,+0.07,32.61,32.68,32.61,2957000,96543000,80,TWSE_CSV,2026/9/3 15:37
1150903,2026/9/3,上市,00725B,國泰投資級公司債,33.88,+0.10,33.83,33.89,33.82,2488000,84227760,367,TWSE_CSV,2026/9/3 15:37
1150903,2026/9/3,上市,00726B,國泰新興投等債,32.10,-0.03,32.07,32.10,32.05,153000,4909010,21,TWSE_CSV,2026/9/3 15:37
1150903,2026/9/3,上市,00727B,國泰優選非投等債,39.23,0.00,39.15,39.24,39.14,159000,6233150,9,TWSE_CSV,2026/9/3 15:37
1150903,2026/9/3,上市,00734B,台新JPM新興債,15.36,-0.12,15.30,15.36,15.30,302000,4638660,4,TWSE_CSV,2026/9/3 15:37
1150903,2026/9/3,上市,00740B,富邦全球投等債,37.24,+0.11,37.15,37.24,37.15,1810000,67345230,59,TWSE_CSV,2026/9/3 15:37
1150903,2026/9/3,上市,00741B,富邦全球非投等債,37.13,+0.03,37.09,37.16,37.09,115000,4269960,10,TWSE_CSV,2026/9/3 15:37
1150903,2026/9/3,上市,00746B,富邦A級公司債,34.34,+0.15,34.25,34.34,34.25,227000,7791440,16,TWSE_CSV,2026/9/3 15:37
1150903,2026/9/3,上市,00749B,凱基新興債10+,30.70,0.00,30.70,30.70,30.70,100000,3070000,2,TWSE_CSV,2026/9/3 15:37
1150903,2026/9/3,上市,00750B,凱基科技債10+,31.59,+0.02,31.62,31.66,31.47,299000,9440160,31,TWSE_CSV,2026/9/3 15:37
1150903,2026/9/3,上市,00751B,元大AAA至A公司債,30.30,+0.09,30.24,30.31,30.24,3517000,106446020,540,TWSE_CSV,2026/9/3 15:37
1150903,2026/9/3,上市,00754B,群益AAA-AA公司債,31.24,+0.07,31.18,31.25,31.18,109000,3405120,5,TWSE_CSV,2026/9/3 15:37
1150903,2026/9/3,上市,00755B,群益投資級公用債,31.48,+0.15,31.42,31.48,31.42,130000,4090910,11,TWSE_CSV,2026/9/3 15:37
1150903,2026/9/3,上市,00756B,群益投等新興公債,30.20,+0.04,30.16,30.26,30.16,120000,3628070,15,TWSE_CSV,2026/9/3 15:37
1150903,2026/9/3,上市,00758B,復華能源債,49.97,+0.12,49.97,49.97,49.97,100000,4997000,2,TWSE_CSV,2026/9/3 15:37
1150903,2026/9/3,上市,00759B,復華製藥債,52.55,+0.15,52.55,52.55,52.55,101000,5307550,3,TWSE_CSV,2026/9/3 15:37
1150903,2026/9/3,上市,00760B,復華新興企業債,51.95,-0.15,51.80,52.25,51.80,103000,5371000,5,TWSE_CSV,2026/9/3 15:37
1150903,2026/9/3,上市,00761B,國泰A級公司債,32.93,+0.14,32.94,32.94,32.85,263000,8656480,38,TWSE_CSV,2026/9/3 15:37
1150903,2026/9/3,上市,00764B,群益25年美債,27.01,+0.15,26.94,27.01,26.93,9329000,251711450,116,TWSE_CSV,2026/9/3 15:37
1150903,2026/9/3,上市,00768B,復華20年美債,47.99,+0.29,47.91,47.99,47.82,351000,16811900,41,TWSE_CSV,2026/9/3 15:37
1150903,2026/9/3,上市,00772B,中信高評級公司債,32.36,+0.11,32.34,32.37,32.30,963000,31136770,229,TWSE_CSV,2026/9/3 15:37
1150903,2026/9/3,上市,00773B,中信優先金融債,34.70,+0.12,34.64,34.70,34.62,1201000,41638110,73,TWSE_CSV,2026/9/3 15:37
1150903,2026/9/3,上市,00777B,凱基AAA至A公司債,31.10,+0.03,31.10,31.10,31.10,100000,3110000,2,TWSE_CSV,2026/9/3 15:37
1150903,2026/9/3,上市,00778B,凱基金融債20+,33.10,+0.04,33.10,33.10,33.10,100000,3310000,2,TWSE_CSV,2026/9/3 15:37
1150903,2026/9/3,上市,00779B,凱基美債25+,27.29,+0.10,27.27,27.29,27.27,307000,8371990,4,TWSE_CSV,2026/9/3 15:37
1150903,2026/9/3,上市,00780B,國泰A級金融債,36.26,+0.02,36.24,36.26,36.21,187000,6778080,11,TWSE_CSV,2026/9/3 15:37
1150903,2026/9/3,上市,00781B,國泰A級科技債,27.10,+0.12,27.01,27.12,27.01,143000,3875570,13,TWSE_CSV,2026/9/3 15:37
1150903,2026/9/3,上市,00782B,國泰A級公用債,29.31,+0.10,29.21,29.31,29.21,163000,4773340,11,TWSE_CSV,2026/9/3 15:37
1150903,2026/9/3,上市,00785B,富邦金融投等債,33.80,+0.01,33.83,33.83,33.80,52000,1757630,4,TWSE_CSV,2026/9/3 15:37
1150903,2026/9/3,上市,00786B,元大10年IG銀行債,31.60,+0.07,31.61,31.61,31.54,14000,442120,8,TWSE_CSV,2026/9/3 15:37
1150903,2026/9/3,上市,00787B,元大10年IG醫療債,31.61,+0.07,31.61,31.61,31.59,104000,3286140,8,TWSE_CSV,2026/9/3 15:37
1150903,2026/9/3,上市,00788B,元大10年IG電能債,29.02,+0.11,28.98,29.02,28.98,22000,637820,4,TWSE_CSV,2026/9/3 15:37
1150903,2026/9/3,上市,00789B,復華公司債A3,45.96,+0.17,45.96,45.96,45.96,100000,4596000,2,TWSE_CSV,2026/9/3 15:37
1150903,2026/9/3,上市,00791B,復華信用債1-5,56.55,-0.15,56.60,56.60,56.55,101000,5716550,3,TWSE_CSV,2026/9/3 15:37
1150903,2026/9/3,上市,00792B,群益A級公司債,30.72,+0.15,30.66,30.73,30.66,125000,3839170,13,TWSE_CSV,2026/9/3 15:37
1150903,2026/9/3,上市,00793B,群益AAA-A醫療債,29.62,+0.14,29.48,29.73,29.48,452000,13380430,42,TWSE_CSV,2026/9/3 15:37
1150903,2026/9/3,上市,00795B,中信美國公債20年,25.88,+0.13,25.80,25.89,25.80,2883000,74527400,294,TWSE_CSV,2026/9/3 15:37
1150903,2026/9/3,上市,00799B,國泰A級醫療債,28.45,+0.12,28.65,28.65,28.26,353000,10031060,35,TWSE_CSV,2026/9/3 15:37
1150903,2026/9/3,上市,00834B,第一金金融債10+,33.02,+0.06,32.92,33.02,32.92,120000,3960510,8,TWSE_CSV,2026/9/3 15:37
1150903,2026/9/3,上市,00836B,永豐10年A公司債,27.71,+0.06,27.71,27.77,27.70,121000,3357770,15,TWSE_CSV,2026/9/3 15:37
1150903,2026/9/3,上市,00840B,凱基IG精選15+,28.62,+0.04,28.62,28.62,28.62,100000,2862000,2,TWSE_CSV,2026/9/3 15:37
1150903,2026/9/3,上市,00841B,凱基AAA-AA公司債,27.20,-0.02,27.27,27.27,27.20,101000,2754200,3,TWSE_CSV,2026/9/3 15:37
1150903,2026/9/3,上市,00842B,台新美元銀行債,29.22,+0.08,29.19,29.22,29.19,319000,9317790,23,TWSE_CSV,2026/9/3 15:37
1150903,2026/9/3,上市,00844B,台新15年IG金融債,30.34,+0.02,30.34,30.34,30.34,1000,30340,1,TWSE_CSV,2026/9/3 15:37
1150903,2026/9/3,上市,00845B,富邦新興投等債,32.46,+0.03,32.38,32.46,32.36,140000,4540800,4,TWSE_CSV,2026/9/3 15:37
1150903,2026/9/3,上市,00846B,富邦歐洲銀行債,35.07,+0.15,34.95,35.07,34.95,113000,3961530,5,TWSE_CSV,2026/9/3 15:37
1150903,2026/9/3,上市,00847B,中信美國市政債,24.52,+0.07,24.45,24.53,24.45,226000,5540780,8,TWSE_CSV,2026/9/3 15:37
1150903,2026/9/3,上市,00848B,中信新興亞洲債,33.30,+0.03,33.32,33.32,33.30,201000,6697300,5,TWSE_CSV,2026/9/3 15:37
1150903,2026/9/3,上市,00849B,中信EM主權債0-5,37.18,-0.06,37.07,37.23,37.07,203000,7548370,6,TWSE_CSV,2026/9/3 15:37
1150903,2026/9/3,上市,00853B,統一美債10年Aa-A,26.65,+0.04,26.65,26.65,26.64,1010000,26906460,27,TWSE_CSV,2026/9/3 15:37
1150903,2026/9/3,上市,00856B,永豐1-3年美公債,37.31,+0.03,37.29,37.31,37.29,41000,1528910,2,TWSE_CSV,2026/9/3 15:37
1150903,2026/9/3,上市,00857B,永豐20年美公債,22.51,+0.12,22.47,22.52,22.45,520000,11694300,73,TWSE_CSV,2026/9/3 15:37
1150903,2026/9/3,上市,00858,永豐美國500大,35.66,+0.07,35.78,35.78,35.66,199000,7106110,78,TWSE_CSV,2026/9/3 15:37
1150903,2026/9/3,上市,00859B,群益0-1年美債,41.01,-0.04,41.05,41.05,40.99,1520000,62331710,105,TWSE_CSV,2026/9/3 15:37
1150903,2026/9/3,上市,00860B,群益1-5Y投資級債,37.81,0.00,37.81,37.81,37.81,135000,5104350,6,TWSE_CSV,2026/9/3 15:37
1150903,2026/9/3,上市,00862B,中信投資級公司債,30.58,+0.11,30.55,30.61,30.55,282000,8628210,17,TWSE_CSV,2026/9/3 15:37
1150903,2026/9/3,上市,00863B,中信全球電信債,30.81,+0.14,30.71,30.81,30.71,203000,6249330,6,TWSE_CSV,2026/9/3 15:37
1150903,2026/9/3,上市,00864B,中信美國公債0-1,45.95,-0.04,45.99,45.99,45.88,939000,43131090,201,TWSE_CSV,2026/9/3 15:37
1150903,2026/9/3,上市,00867B,台新A-BBB電信債,----,---,----,----,----,0,0,0,TWSE_CSV,2026/9/3 15:37
1150903,2026/9/3,上市,00870B,元大15年EM主權債,27.29,+0.04,27.29,27.29,27.29,1000,27290,1,TWSE_CSV,2026/9/3 15:37
1150903,2026/9/3,上市,00877,復華中國5G,36.11,-0.64,36.80,36.90,36.10,1797000,65537400,683,TWSE_CSV,2026/9/3 15:37
1150903,2026/9/3,上市,00884B,中信低碳新興債,28.60,+0.12,28.60,28.60,28.59,209000,5976400,5,TWSE_CSV,2026/9/3 15:37
1150903,2026/9/3,上市,00886,永豐美國科技,46.91,0.00,46.91,46.91,46.91,21000,985110,3,TWSE_CSV,2026/9/3 15:37
1150903,2026/9/3,上市,00887,永豐中國科技50大,15.76,-0.13,15.85,16.00,15.76,3294000,52230400,967,TWSE_CSV,2026/9/3 15:37
1150903,2026/9/3,上市,00888,永豐台灣ESG,33.05,-0.49,33.60,33.68,33.04,4384000,146212590,1817,TWSE_CSV,2026/9/3 15:37
1150903,2026/9/3,上市,00890B,凱基ESG BBB債15+,31.06,+0.07,31.03,31.06,31.03,109000,3385370,7,TWSE_CSV,2026/9/3 15:37
1150903,2026/9/3,上市,00928,中信上櫃ESG 30,31.85,-1.27,33.72,33.72,31.85,533000,17386770,277,TWSE_CSV,2026/9/3 15:37
1150903,2026/9/3,上市,00931B,統一美債20年,13.03,+0.07,13.00,13.03,12.99,2817000,36657370,181,TWSE_CSV,2026/9/3 15:37
1150903,2026/9/3,上市,00933B,國泰10Y+金融債,15.51,+0.04,15.50,15.52,15.49,5739000,88980000,634,TWSE_CSV,2026/9/3 15:37
1150903,2026/9/3,上市,00937B,群益ESG投等債20+,14.28,+0.05,14.26,14.29,14.25,35984000,513556720,2724,TWSE_CSV,2026/9/3 15:37
1150903,2026/9/3,上市,00942B,台新美A公司債20+,13.73,+0.06,13.68,13.73,13.68,487000,6673310,47,TWSE_CSV,2026/9/3 15:37
1150903,2026/9/3,上市,00948B,中信優息投資級債,9.12,+0.02,9.10,9.13,9.10,2697000,24595910,219,TWSE_CSV,2026/9/3 15:37
1150903,2026/9/3,上市,00950B,凱基A級公司債,13.56,+0.04,13.58,13.58,13.54,2640000,35775350,115,TWSE_CSV,2026/9/3 15:37
1150903,2026/9/3,上市,00955,中信日本商社,16.29,+0.53,16.07,16.39,16.07,14311000,232803330,3972,TWSE_CSV,2026/9/3 15:37
1150903,2026/9/3,上市,00957B,兆豐US優選投等債,12.94,+0.04,12.92,12.94,12.92,143000,1848060,23,TWSE_CSV,2026/9/3 15:37
1150903,2026/9/3,上市,00958B,永豐ESG銀行債15+,8.98,+0.02,8.97,8.99,8.97,979000,8789750,27,TWSE_CSV,2026/9/3 15:37
1150903,2026/9/3,上市,00959B,大華投等美債15Y+,9.06,+0.03,9.04,9.06,9.03,654000,5917480,94,TWSE_CSV,2026/9/3 15:37
1150903,2026/9/3,上市,00966B,統一ESG投等債15+,13.41,+0.04,13.39,13.42,13.39,985000,13207190,30,TWSE_CSV,2026/9/3 15:37
1150903,2026/9/3,上市,00967B,元大優息美債,8.90,+0.05,8.88,8.90,8.85,158000,1402240,20,TWSE_CSV,2026/9/3 15:37
1150903,2026/9/3,上市,00968B,元大優息投等債,8.95,+0.02,8.95,8.95,8.92,643000,5747960,81,TWSE_CSV,2026/9/3 15:37
1150903,2026/9/3,上市,00969B,元大零息超長美債,7.99,+0.07,7.95,7.99,7.95,630000,5017250,64,TWSE_CSV,2026/9/3 15:37
1150903,2026/9/3,上市,00970B,台新BBB投等債20+,9.03,+0.04,9.01,9.04,9.01,640000,5773850,47,TWSE_CSV,2026/9/3 15:37
1150903,2026/9/3,上市,00980B,台新特選IG債10+,9.17,+0.04,9.17,9.17,9.15,387000,3544990,20,TWSE_CSV,2026/9/3 15:37
1150903,2026/9/3,上市,00980D,主動聯博投等入息,20.03,+0.02,20.01,20.03,20.00,223000,4463430,57,TWSE_CSV,2026/9/3 15:37
1150903,2026/9/3,上市,00980T,平衡凱基美國TOP,11.78,+0.06,11.75,11.81,11.75,407000,4803390,26,TWSE_CSV,2026/9/3 15:37
1150903,2026/9/3,上市,00981B,第一金優選非投債,9.15,0.00,9.15,9.16,9.14,6718000,61433050,703,TWSE_CSV,2026/9/3 15:37
1150903,2026/9/3,上市,00981D,主動中信非投等債,10.29,0.00,10.29,10.29,10.28,1731000,17806620,196,TWSE_CSV,2026/9/3 15:37
1150903,2026/9/3,上市,00982B,FT投資級債20+,9.44,0.00,9.44,9.44,9.44,1000,9440,1,TWSE_CSV,2026/9/3 15:37
1150903,2026/9/3,上市,00983B,大華優利美公債20,15.10,+0.10,15.01,15.10,15.01,571000,8609750,26,TWSE_CSV,2026/9/3 15:37
1150903,2026/9/3,上市,00984B,大華優利美A債15,15.71,+0.06,15.65,15.71,15.65,533000,8364650,79,TWSE_CSV,2026/9/3 15:37
1150903,2026/9/3,上市,00985D,主動貝萊德優投等,9.80,+0.02,9.78,9.82,9.78,909000,8909380,72,TWSE_CSV,2026/9/3 15:37
1150903,2026/9/3,上市,00986B,FT金融債10+,9.55,+0.07,9.55,9.55,9.55,3000,28650,1,TWSE_CSV,2026/9/3 15:37
1150903,2026/9/3,上市,00986D,主動復華金融債息,14.31,0.00,14.31,14.32,14.29,1263000,18068930,72,TWSE_CSV,2026/9/3 15:37
1150903,2026/9/3,上市,00987B,野村10+澳洲公債,15.78,+0.05,15.80,15.82,15.78,615000,9720940,35,TWSE_CSV,2026/9/3 15:37
1150903,2026/9/3,上市,00987D,主動統一美債量化,9.96,+0.04,9.96,9.97,9.94,3615000,35989630,73,TWSE_CSV,2026/9/3 15:37
1150903,2026/9/3,上市,00988B,玉山嚴選非投債,19.49,+0.01,19.49,19.49,19.47,732000,14262270,189,TWSE_CSV,2026/9/3 15:37
1150903,2026/9/3,上市,00989B,台新美國非投等債,10.03,0.00,10.03,10.05,10.02,3399000,34098970,99,TWSE_CSV,2026/9/3 15:37
1150903,2026/9/3,上市,00990B,國泰收益非投等債,9.96,0.00,9.96,9.97,9.95,828000,8248470,62,TWSE_CSV,2026/9/3 15:37
1150903,2026/9/3,上市,00998A,主動復華金融股息,17.81,+0.10,17.83,17.90,17.81,6153000,109799530,1005,TWSE_CSV,2026/9/3 15:37
1150903,2026/9/3,上市,1240,茂生農經,55.00,-0.20,55.00,55.60,54.00,60000,3265800,37,TWSE_CSV,2026/9/3 15:37
1150903,2026/9/3,上市,1259,安心,63.60,+1.50,63.60,63.60,63.60,2000,127200,2,TWSE_CSV,2026/9/3 15:37
1150903,2026/9/3,上市,1264,德麥,252.00,-0.50,252.50,252.50,252.00,6000,1512500,6,TWSE_CSV,2026/9/3 15:37
1150903,2026/9/3,上市,1268,漢來美食,181.50,0.00,181.50,182.00,180.00,88000,15921000,68,TWSE_CSV,2026/9/3 15:37
1150903,2026/9/3,上市,1294,漢田生技,53.40,-0.20,53.20,53.50,53.10,20000,1064800,17,TWSE_CSV,2026/9/3 15:37
1150903,2026/9/3,上市,1295,生合,45.35,-0.10,45.45,45.45,45.35,23000,1044700,19,TWSE_CSV,2026/9/3 15:37
1150903,2026/9/3,上市,1336,台翰,16.10,-0.55,16.55,16.75,16.10,367000,5998300,224,TWSE_CSV,2026/9/3 15:37
1150903,2026/9/3,上市,1565,精華,99.50,-1.00,100.50,101.00,98.60,92000,9180700,85,TWSE_CSV,2026/9/3 15:37
1150903,2026/9/3,上市,1569,濱川,45.40,-2.50,48.00,48.10,45.15,681000,31659200,408,TWSE_CSV,2026/9/3 15:37
1150903,2026/9/3,上市,1570,力肯,33.00,-0.15,33.10,33.10,32.90,38000,1251950,31,TWSE_CSV,2026/9/3 15:37
1150903,2026/9/3,上市,1580,新麥,103.00,0.00,103.00,103.50,102.50,23000,2370000,22,TWSE_CSV,2026/9/3 15:37
1150903,2026/9/3,上市,1584,精剛,18.10,+0.05,18.25,18.35,17.95,288000,5216900,153,TWSE_CSV,2026/9/3 15:37
1150903,2026/9/3,上市,1586,和勤,18.00,-0.15,18.20,18.20,17.95,146000,2635400,94,TWSE_CSV,2026/9/3 15:37
1150903,2026/9/3,上市,1591,駿吉-KY,35.40,-0.90,36.90,36.90,35.40,246000,8801850,171,TWSE_CSV,2026/9/3 15:37
1150903,2026/9/3,上市,1593,祺驊,31.60,0.00,31.60,31.60,31.60,20000,632000,7,TWSE_CSV,2026/9/3 15:37
1150903,2026/9/3,上市,1595,川寶,70.00,-3.00,74.20,75.00,67.20,2042000,143713000,1538,TWSE_CSV,2026/9/3 15:37
1150903,2026/9/3,上市,1599,宏佳騰,23.05,+0.15,22.80,23.15,22.75,13000,298400,13,TWSE_CSV,2026/9/3 15:37
1150903,2026/9/3,上市,1742,台蠟,17.60,-0.30,18.05,18.05,17.60,103000,1827700,24,TWSE_CSV,2026/9/3 15:37
1150903,2026/9/3,上市,1777,生泰,74.30,-0.10,74.30,74.30,73.70,39000,2884400,30,TWSE_CSV,2026/9/3 15:37
1150903,2026/9/3,上市,1780,立弘,24.30,-0.25,24.55,24.55,24.25,6000,146100,6,TWSE_CSV,2026/9/3 15:37
1150903,2026/9/3,上市,1781,合世,10.20,-0.15,10.45,10.45,10.20,13000,133350,10,TWSE_CSV,2026/9/3 15:37
1150903,2026/9/3,上市,1784,訊聯,59.10,-1.20,60.30,60.30,58.90,76000,4513200,70,TWSE_CSV,2026/9/3 15:37
1150903,2026/9/3,上市,1785,光洋科,100.00,-2.00,104.00,105.00,100.00,4677000,476223500,3174,TWSE_CSV,2026/9/3 15:37
1150903,2026/9/3,上市,1788,杏昌,128.50,-0.50,129.00,129.00,128.50,7000,901000,6,TWSE_CSV,2026/9/3 15:37
1150903,2026/9/3,上市,1796,金穎生技,30.20,+0.30,30.20,30.20,30.20,2000,60400,2,TWSE_CSV,2026/9/3 15:37
1150903,2026/9/3,上市,1799,易威,29.75,-0.40,30.10,30.20,29.75,168000,5020200,94,TWSE_CSV,2026/9/3 15:37
1150903,2026/9/3,上市,1813,寶利徠,11.40,-0.10,11.40,11.50,11.40,6000,68550,6,TWSE_CSV,2026/9/3 15:37
1150903,2026/9/3,上市,1815,富喬,120.00,-11.00,132.00,139.50,118.00,120272000,15397417500,61206,TWSE_CSV,2026/9/3 15:37
1150903,2026/9/3,上市,2035,唐榮,26.60,0.00,26.60,26.60,26.60,2000,53200,2,TWSE_CSV,2026/9/3 15:37
1150903,2026/9/3,上市,2061,風青,51.90,-4.10,56.00,57.00,51.90,2539000,138533200,1550,TWSE_CSV,2026/9/3 15:37
1150903,2026/9/3,上市,2063,世鎧,24.00,0.00,24.15,24.15,23.90,15000,359800,12,TWSE_CSV,2026/9/3 15:37
1150903,2026/9/3,上市,2064,晉椿,----,---,----,----,----,0,0,0,TWSE_CSV,2026/9/3 15:37
1150903,2026/9/3,上市,2065,世豐,36.25,+0.05,36.20,36.35,36.10,37000,1340000,23,TWSE_CSV,2026/9/3 15:37
1150903,2026/9/3,上市,2066,世德,53.30,-0.80,54.10,54.20,53.30,33000,1779300,23,TWSE_CSV,2026/9/3 15:37
1150903,2026/9/3,上市,2067,嘉鋼,4.83,-0.01,4.84,4.84,4.60,35000,163630,15,TWSE_CSV,2026/9/3 15:37
1150903,2026/9/3,上市,2070,精湛,65.30,-1.10,67.00,67.90,65.30,158000,10516900,133,TWSE_CSV,2026/9/3 15:37
1150903,2026/9/3,上市,2073,雄順,26.60,+0.25,26.60,26.60,26.60,2000,53200,1,TWSE_CSV,2026/9/3 15:37
1150903,2026/9/3,上市,2221,大甲,91.50,+8.30,84.20,91.50,84.20,4812000,429039000,3334,TWSE_CSV,2026/9/3 15:37
1150903,2026/9/3,上市,2230,泰茂,22.00,-0.65,22.65,22.70,22.00,58000,1298300,49,TWSE_CSV,2026/9/3 15:37
1150903,2026/9/3,上市,2235,謚源,27.85,-0.55,27.50,27.85,27.50,4000,110350,2,TWSE_CSV,2026/9/3 15:37
1150903,2026/9/3,上市,2596,綠意,36.05,+0.30,35.90,36.30,35.80,122000,4399400,41,TWSE_CSV,2026/9/3 15:37
1150903,2026/9/3,上市,2640,大車隊,156.50,-2.00,157.00,157.00,156.50,15000,2351500,11,TWSE_CSV,2026/9/3 15:37
1150903,2026/9/3,上市,2641,正德,18.10,+0.20,18.40,18.60,18.05,3965000,72725950,1559,TWSE_CSV,2026/9/3 15:37
1150903,2026/9/3,上市,2643,捷迅,62.60,0.00,62.60,62.60,62.60,2000,125200,2,TWSE_CSV,2026/9/3 15:37
1150903,2026/9/3,上市,2718,全心投控,41.50,-0.20,42.75,42.75,41.30,26000,1081500,22,TWSE_CSV,2026/9/3 15:37
1150903,2026/9/3,上市,2719,燦星旅,19.80,-0.60,20.35,20.35,19.70,18000,359050,17,TWSE_CSV,2026/9/3 15:37
1150903,2026/9/3,上市,2724,藝舍-KY,10.40,0.00,10.45,10.45,10.40,11000,114450,2,TWSE_CSV,2026/9/3 15:37
1150903,2026/9/3,上市,2726,雅茗-KY,8.21,-0.04,8.40,8.40,8.03,8000,65560,8,TWSE_CSV,2026/9/3 15:37
1150903,2026/9/3,上市,2729,瓦城,155.50,+0.50,155.50,155.50,155.00,9000,1398000,9,TWSE_CSV,2026/9/3 15:37
1150903,2026/9/3,上市,2732,六角,63.00,除息,63.50,63.70,62.20,24000,1515600,24,TWSE_CSV,2026/9/3 15:37
1150903,2026/9/3,上市,2734,易飛網,14.90,-0.05,14.95,14.95,14.80,20000,298750,10,TWSE_CSV,2026/9/3 15:37
1150903,2026/9/3,上市,2736,富野,11.55,0.00,11.60,11.65,11.40,63000,727050,46,TWSE_CSV,2026/9/3 15:37
1150903,2026/9/3,上市,2740,華軒,30.60,-0.20,30.70,30.70,30.60,2000,61300,2,TWSE_CSV,2026/9/3 15:37
1150903,2026/9/3,上市,2743,山富,58.50,-0.30,58.60,58.90,58.00,59000,3457300,42,TWSE_CSV,2026/9/3 15:37
1150903,2026/9/3,上市,2745,五福,87.00,-0.90,87.90,87.90,87.00,51000,4463200,48,TWSE_CSV,2026/9/3 15:37
1150903,2026/9/3,上市,2751,王座,51.30,-0.40,52.80,52.80,51.30,6000,310100,6,TWSE_CSV,2026/9/3 15:37
1150903,2026/9/3,上市,2752,豆府,176.50,-0.50,176.50,177.00,176.00,10000,1768000,9,TWSE_CSV,2026/9/3 15:37
1150903,2026/9/3,上市,2754,亞洲藏壽司,68.60,-0.90,68.40,69.00,68.40,17000,1168800,15,TWSE_CSV,2026/9/3 15:37
1150903,2026/9/3,上市,2755,揚秦,102.50,0.00,102.00,102.50,102.00,4000,408500,3,TWSE_CSV,2026/9/3 15:37
1150903,2026/9/3,上市,2756,聯發國際,62.90,除息,62.30,63.30,62.20,9000,562500,5,TWSE_CSV,2026/9/3 15:37
1150903,2026/9/3,上市,2916,滿心,40.00,0.00,40.00,40.00,39.90,34000,1359000,22,TWSE_CSV,2026/9/3 15:37
1150903,2026/9/3,上市,2924,宏太-KY,16.85,-0.65,17.45,17.45,16.20,11000,181850,9,TWSE_CSV,2026/9/3 15:37
1150903,2026/9/3,上市,2926,誠品生活,30.50,-0.20,30.70,30.70,30.50,5000,153100,4,TWSE_CSV,2026/9/3 15:37
1150903,2026/9/3,上市,2937,集雅社,44.10,0.00,44.10,44.10,44.10,1000,44100,1,TWSE_CSV,2026/9/3 15:37
1150903,2026/9/3,上市,2941,米斯特,----,---,----,----,----,0,0,0,TWSE_CSV,2026/9/3 15:37
1150903,2026/9/3,上市,2947,振宇五金,61.50,0.00,61.50,61.50,61.50,25000,1537500,8,TWSE_CSV,2026/9/3 15:37
1150903,2026/9/3,上市,2948,寶陞,36.80,-1.40,38.20,38.20,36.80,3000,111850,3,TWSE_CSV,2026/9/3 15:37
1150903,2026/9/3,上市,2949,欣新網,----,---,----,----,----,0,0,0,TWSE_CSV,2026/9/3 15:37
1150903,2026/9/3,上市,3064,泰偉,----,---,----,----,----,0,0,0,TWSE_CSV,2026/9/3 15:37
1150903,2026/9/3,上市,3066,李洲,24.75,-1.05,26.20,26.90,24.75,1813000,46639350,1180,TWSE_CSV,2026/9/3 15:37
1150903,2026/9/3,上市,3067,全域,17.15,-1.10,17.15,17.15,17.15,1000,17150,1,TWSE_CSV,2026/9/3 15:37
1150903,2026/9/3,上市,3071,協禧,24.35,-0.15,24.70,24.70,23.95,176000,4272100,107,TWSE_CSV,2026/9/3 15:37
1150903,2026/9/3,上市,3073,天方能源,22.60,+0.60,21.75,22.75,21.75,40000,880600,27,TWSE_CSV,2026/9/3 15:37
1150903,2026/9/3,上市,3078,僑威,46.00,-1.80,47.85,48.00,46.00,1365000,63869350,914,TWSE_CSV,2026/9/3 15:37
1150903,2026/9/3,上市,3081,聯亞,3120.00,-275.00,3425.00,3485.00,3110.00,3924000,12890995000,3389,TWSE_CSV,2026/9/3 15:37
1150903,2026/9/3,上市,3083,網龍,23.05,-0.20,23.25,23.25,22.95,19000,437800,18,TWSE_CSV,2026/9/3 15:37
1150903,2026/9/3,上市,3085,新零售,10.85,-0.35,11.20,11.20,10.85,7000,76800,5,TWSE_CSV,2026/9/3 15:37
1150903,2026/9/3,上市,3086,華義*,30.00,-1.15,31.15,31.15,30.00,128000,3873200,90,TWSE_CSV,2026/9/3 15:37
1150903,2026/9/3,上市,3088,艾訊,120.00,-3.00,124.50,124.50,120.00,761000,92645500,593,TWSE_CSV,2026/9/3 15:37
1150903,2026/9/3,上市,3093,港建*,45.60,-1.00,47.05,47.50,45.60,305000,14190100,246,TWSE_CSV,2026/9/3 15:37
1150903,2026/9/3,上市,3095,及成,35.15,-0.60,35.00,35.15,34.95,4000,140100,4,TWSE_CSV,2026/9/3 15:37
1150903,2026/9/3,上市,3105,穩懋,446.50,-23.00,478.00,490.00,440.00,40305000,18822500000,30147,TWSE_CSV,2026/9/3 15:37
1150903,2026/9/3,上市,3114,好德,30.60,除權息,32.50,32.85,30.60,649000,20295700,498,TWSE_CSV,2026/9/3 15:37
1150903,2026/9/3,上市,3115,富榮綱,8.61,0.00,8.61,8.61,8.61,2000,17220,2,TWSE_CSV,2026/9/3 15:37
1150903,2026/9/3,上市,3118,進階,31.50,-0.15,31.85,31.85,31.50,29000,918500,20,TWSE_CSV,2026/9/3 15:37
1150903,2026/9/3,上市,3122,笙泉,25.15,-0.50,25.15,25.55,25.00,111000,2791600,59,TWSE_CSV,2026/9/3 15:37
1150903,2026/9/3,上市,3128,昇銳,20.05,-0.25,20.25,20.45,20.05,115000,2325900,58,TWSE_CSV,2026/9/3 15:37
1150903,2026/9/3,上市,3131,弘塑,2365.00,-40.00,2440.00,2470.00,2365.00,316000,760735000,291,TWSE_CSV,2026/9/3 15:37
1150903,2026/9/3,上市,3141,晶宏,100.00,+0.50,99.50,105.00,97.50,21248000,2138029200,13210,TWSE_CSV,2026/9/3 15:37
1150903,2026/9/3,上市,3147,大綜,215.00,-5.50,221.00,223.00,215.00,339000,73978000,270,TWSE_CSV,2026/9/3 15:37
1150903,2026/9/3,上市,3152,璟德,232.50,-7.50,244.00,245.00,232.50,107000,25360500,103,TWSE_CSV,2026/9/3 15:37
1150903,2026/9/3,上市,3158,嘉實,83.60,-0.50,83.50,83.60,83.50,2000,167100,2,TWSE_CSV,2026/9/3 15:37
1150903,2026/9/3,上市,3162,精確,71.50,+0.30,72.40,78.30,71.50,4135000,312770300,2423,TWSE_CSV,2026/9/3 15:37
1150903,2026/9/3,上市,3163,波若威,720.00,-46.00,779.00,780.00,720.00,906000,674153000,772,TWSE_CSV,2026/9/3 15:37
1150903,2026/9/3,上市,3169,亞信,105.00,-5.00,109.50,111.50,104.50,524000,55941000,447,TWSE_CSV,2026/9/3 15:37
1150903,2026/9/3,上市,3171,炎洲流通,62.70,-0.30,63.70,63.70,62.50,19000,1193100,10,TWSE_CSV,2026/9/3 15:37
1150903,2026/9/3,上市,3176,基亞,35.00,-0.10,35.35,35.40,34.95,330000,11597950,206,TWSE_CSV,2026/9/3 15:37
1150903,2026/9/3,上市,3178,公準,60.80,-1.80,63.00,63.70,60.70,55000,3408800,44,TWSE_CSV,2026/9/3 15:37
1150903,2026/9/3,上市,3188,鑫龍騰,24.35,-0.10,24.55,24.55,24.25,112000,2733700,80,TWSE_CSV,2026/9/3 15:37
1150903,2026/9/3,上市,3191,雲嘉南,17.45,+0.10,17.25,17.45,17.25,7000,121150,6,TWSE_CSV,2026/9/3 15:37
1150903,2026/9/3,上市,3205,佰研,47.05,-0.40,47.40,47.45,46.45,75000,3510100,38,TWSE_CSV,2026/9/3 15:37
1150903,2026/9/3,上市,3206,志豐,33.95,-0.10,34.25,34.50,33.95,28000,957800,21,TWSE_CSV,2026/9/3 15:37
1150903,2026/9/3,上市,3207,耀勝,40.20,0.00,40.25,41.30,39.30,157000,6321800,132,TWSE_CSV,2026/9/3 15:37
1150903,2026/9/3,上市,3211,順達,375.00,-17.00,394.50,396.50,375.00,6072000,2331474500,4705,TWSE_CSV,2026/9/3 15:37
1150903,2026/9/3,上市,3213,茂訊,127.00,0.00,127.00,127.50,126.00,213000,26987500,181,TWSE_CSV,2026/9/3 15:37
1150903,2026/9/3,上市,3217,優群,134.00,-1.50,136.00,136.50,133.50,440000,59328000,319,TWSE_CSV,2026/9/3 15:37
1150903,2026/9/3,上市,3218,大學光,138.00,-2.50,140.50,141.50,138.00,186000,25875500,156,TWSE_CSV,2026/9/3 15:37
1150903,2026/9/3,上市,3219,倚強科,90.50,+0.10,91.60,93.30,89.10,889000,81101500,756,TWSE_CSV,2026/9/3 15:37
1150903,2026/9/3,上市,3221,台嘉碩,48.05,-2.95,51.00,51.30,48.00,2423000,120066300,1760,TWSE_CSV,2026/9/3 15:37
1150903,2026/9/3,上市,3224,三顧,34.25,0.00,35.00,35.00,33.95,27000,920150,22,TWSE_CSV,2026/9/3 15:37
1150903,2026/9/3,上市,3226,龍鋒,52.50,-1.50,54.00,54.00,52.50,13000,695500,9,TWSE_CSV,2026/9/3 15:37
1150903,2026/9/3,上市,3227,原相,191.50,-4.00,195.50,196.50,191.50,533000,103017000,448,TWSE_CSV,2026/9/3 15:37
1150903,2026/9/3,上市,3228,金麗科,171.00,-8.00,184.50,184.50,171.00,260000,46008000,224,TWSE_CSV,2026/9/3 15:37
1150903,2026/9/3,上市,3230,錦明,42.70,-1.40,44.10,44.45,42.70,452000,19510450,307,TWSE_CSV,2026/9/3 15:37
1150903,2026/9/3,上市,3232,昱捷,19.60,-0.05,19.55,19.65,19.50,26000,508750,11,TWSE_CSV,2026/9/3 15:37
1150903,2026/9/3,上市,3234,光環,194.50,-16.50,211.00,214.00,193.50,6156000,1256169500,4391,TWSE_CSV,2026/9/3 15:37
1150903,2026/9/3,上市,3236,千如,42.00,-1.80,44.10,44.30,42.00,1246000,53610600,937,TWSE_CSV,2026/9/3 15:37
1150903,2026/9/3,上市,3252,海灣,15.50,+0.05,15.50,15.50,15.50,1000,15500,1,TWSE_CSV,2026/9/3 15:37
1150903,2026/9/3,上市,3259,鑫創,----,---,----,----,----,0,0,0,TWSE_CSV,2026/9/3 15:37
1150903,2026/9/3,上市,3260,威剛,395.00,-17.50,417.00,419.50,394.00,9994000,4056506500,6907,TWSE_CSV,2026/9/3 15:37
1150903,2026/9/3,上市,3264,欣銓,226.00,-7.50,237.00,237.00,226.00,4168000,961592500,3112,TWSE_CSV,2026/9/3 15:37
1150903,2026/9/3,上市,3265,台星科,173.00,-5.50,179.50,179.50,172.50,1564000,273562500,1251,TWSE_CSV,2026/9/3 15:37
1150903,2026/9/3,上市,3268,海德威,17.45,-0.30,17.50,17.60,17.35,16000,279250,11,TWSE_CSV,2026/9/3 15:37
1150903,2026/9/3,上市,3272,東碩,14.20,0.00,14.65,14.65,14.10,50000,712050,31,TWSE_CSV,2026/9/3 15:37
1150903,2026/9/3,上市,3276,宇環,14.05,-0.30,14.20,14.40,14.05,103000,1460050,77,TWSE_CSV,2026/9/3 15:37
1150903,2026/9/3,上市,3284,太普高,20.60,0.00,21.10,21.15,20.60,45000,933150,41,TWSE_CSV,2026/9/3 15:37
1150903,2026/9/3,上市,3285,微端,41.00,-1.10,43.50,43.50,41.00,32000,1332350,29,TWSE_CSV,2026/9/3 15:37
1150903,2026/9/3,上市,3287,廣寰科,36.60,-1.00,37.35,37.55,36.60,242000,8968850,173,TWSE_CSV,2026/9/3 15:37
1150903,2026/9/3,上市,3288,點晶,20.85,-0.25,20.85,20.85,20.80,6000,124900,6,TWSE_CSV,2026/9/3 15:37
1150903,2026/9/3,上市,3289,宜特,138.00,-3.50,142.00,144.50,137.50,592000,83251500,431,TWSE_CSV,2026/9/3 15:37
1150903,2026/9/3,上市,3290,東浦,46.55,-2.15,49.00,49.00,46.45,838000,39698850,508,TWSE_CSV,2026/9/3 15:37
1150903,2026/9/3,上市,3293,鈊象,703.00,-5.00,705.00,710.00,702.00,1229000,866794000,1056,TWSE_CSV,2026/9/3 15:37
1150903,2026/9/3,上市,3294,英濟,29.55,-0.65,30.45,31.20,29.55,477000,14366650,293,TWSE_CSV,2026/9/3 15:37
1150903,2026/9/3,上市,3297,杭特,26.90,-0.70,27.65,27.90,26.85,44000,1200000,37,TWSE_CSV,2026/9/3 15:37
1150903,2026/9/3,上市,3303,岱稜,51.30,-0.30,51.70,52.20,51.30,220000,11390200,120,TWSE_CSV,2026/9/3 15:37
1150903,2026/9/3,上市,3306,鼎天,44.60,-0.25,45.00,45.00,44.35,75000,3343050,40,TWSE_CSV,2026/9/3 15:37
1150903,2026/9/3,上市,3310,佳穎,69.10,-0.10,69.10,69.10,68.60,17000,1174100,10,TWSE_CSV,2026/9/3 15:37
1150903,2026/9/3,上市,3313,斐成,10.85,-0.10,10.95,11.00,10.65,116000,1244100,61,TWSE_CSV,2026/9/3 15:37
1150903,2026/9/3,上市,3317,尼克森,61.00,-1.50,62.80,63.50,61.00,620000,38640800,499,TWSE_CSV,2026/9/3 15:37
1150903,2026/9/3,上市,3322,建舜電,11.15,0.00,11.20,11.35,11.15,172000,1933750,77,TWSE_CSV,2026/9/3 15:37
1150903,2026/9/3,上市,3323,加百裕,28.55,-0.85,29.45,29.50,28.55,389000,11244500,284,TWSE_CSV,2026/9/3 15:37
1150903,2026/9/3,上市,3324,雙鴻,1350.00,-85.00,1435.00,1455.00,1320.00,2042000,2801115000,1690,TWSE_CSV,2026/9/3 15:37
1150903,2026/9/3,上市,3325,旭品,11.15,-0.10,11.25,11.25,11.15,61000,683500,28,TWSE_CSV,2026/9/3 15:37
1150903,2026/9/3,上市,3332,幸康,61.00,0.00,61.00,61.00,60.80,10000,609800,5,TWSE_CSV,2026/9/3 15:37
1150903,2026/9/3,上市,3339,泰谷,42.10,-4.60,46.00,46.30,42.05,3774000,166259650,2313,TWSE_CSV,2026/9/3 15:37
1150903,2026/9/3,上市,3349,寶德,22.50,-0.30,22.80,22.80,22.15,78000,1746200,41,TWSE_CSV,2026/9/3 15:37
1150903,2026/9/3,上市,3354,律勝,24.15,-1.90,26.25,26.60,24.15,1262000,32041700,844,TWSE_CSV,2026/9/3 15:37
1150903,2026/9/3,上市,3357,臺慶科,203.00,-6.00,210.50,211.00,203.00,927000,191736500,698,TWSE_CSV,2026/9/3 15:37
1150903,2026/9/3,上市,3360,尚立,14.80,-0.40,15.30,15.35,14.80,643000,9639500,326,TWSE_CSV,2026/9/3 15:37
1150903,2026/9/3,上市,3362,先進光,198.00,-12.00,212.50,213.00,198.00,1196000,243664500,937,TWSE_CSV,2026/9/3 15:37
1150903,2026/9/3,上市,3363,上詮,774.00,-6.00,798.00,850.00,767.00,8690000,7076994000,7174,TWSE_CSV,2026/9/3 15:37
1150903,2026/9/3,上市,3372,典範,14.60,-0.35,15.05,15.25,14.60,419000,6200900,266,TWSE_CSV,2026/9/3 15:37
1150903,2026/9/3,上市,3373,熱映,16.40,0.00,16.45,16.45,16.35,24000,393600,14,TWSE_CSV,2026/9/3 15:37
1150903,2026/9/3,上市,3374,精材,400.00,-19.50,420.00,424.00,393.00,4513000,1835288500,3426,TWSE_CSV,2026/9/3 15:37
1150903,2026/9/3,上市,3379,彬台,28.50,-0.60,29.30,29.75,28.50,93000,2678350,77,TWSE_CSV,2026/9/3 15:37
1150903,2026/9/3,上市,3388,崇越電,88.00,-3.00,90.80,91.60,88.00,992000,88719800,789,TWSE_CSV,2026/9/3 15:37
1150903,2026/9/3,上市,3390,旭軟,21.80,-0.50,22.20,22.45,21.80,199000,4394550,124,TWSE_CSV,2026/9/3 15:37
1150903,2026/9/3,上市,3402,漢科,120.00,-1.00,121.00,123.00,120.00,212000,25719500,160,TWSE_CSV,2026/9/3 15:37
1150903,2026/9/3,上市,3430,奇鈦科,105.50,-5.50,110.50,111.50,105.50,262000,28325000,205,TWSE_CSV,2026/9/3 15:37
1150903,2026/9/3,上市,3434,哲固,29.50,-0.25,29.55,29.70,29.50,63000,1863100,43,TWSE_CSV,2026/9/3 15:37
1150903,2026/9/3,上市,3438,類比科,66.00,-1.20,68.10,68.20,65.70,386000,25925100,322,TWSE_CSV,2026/9/3 15:37
1150903,2026/9/3,上市,3441,聯一光,130.00,-9.50,142.00,144.00,130.00,3173000,433424500,2594,TWSE_CSV,2026/9/3 15:37
1150903,2026/9/3,上市,3444,利機,81.00,-2.70,84.10,84.70,81.00,288000,24006600,246,TWSE_CSV,2026/9/3 15:37
1150903,2026/9/3,上市,3455,由田,239.00,-17.50,260.00,273.50,239.00,3876000,978157000,3079,TWSE_CSV,2026/9/3 15:37
1150903,2026/9/3,上市,3465,進泰電子,29.10,+0.10,29.20,29.20,29.10,23000,669750,17,TWSE_CSV,2026/9/3 15:37
1150903,2026/9/3,上市,3466,德晉,24.70,-0.25,25.10,25.25,24.20,161000,3949450,115,TWSE_CSV,2026/9/3 15:37
1150903,2026/9/3,上市,3467,台灣精材,51.80,+2.25,49.95,51.90,49.50,175000,8857250,121,TWSE_CSV,2026/9/3 15:37
1150903,2026/9/3,上市,3479,安勤,122.00,-2.00,124.00,125.00,122.00,411000,50516500,325,TWSE_CSV,2026/9/3 15:37
1150903,2026/9/3,上市,3483,力致,78.20,-1.40,83.60,83.60,78.10,759000,60753300,591,TWSE_CSV,2026/9/3 15:37
1150903,2026/9/3,上市,3484,崧騰,46.90,除息,49.00,49.00,46.90,434000,20678750,343,TWSE_CSV,2026/9/3 15:37
1150903,2026/9/3,上市,3485,敘豐,210.00,-7.00,218.50,219.50,210.00,86000,18349000,84,TWSE_CSV,2026/9/3 15:37
1150903,2026/9/3,上市,3489,森寶,22.75,0.00,22.75,22.95,22.60,67000,1523750,41,TWSE_CSV,2026/9/3 15:37
1150903,2026/9/3,上市,3490,單井,44.95,-1.10,46.50,47.45,44.80,3895000,178367900,2503,TWSE_CSV,2026/9/3 15:37
1150903,2026/9/3,上市,3491,昇達科,1405.00,-40.00,1445.00,1485.00,1375.00,1779000,2551430000,1518,TWSE_CSV,2026/9/3 15:37
1150903,2026/9/3,上市,3492,長盛,19.25,+0.10,19.30,19.35,19.25,56000,1080150,23,TWSE_CSV,2026/9/3 15:37
1150903,2026/9/3,上市,3498,陽程,192.00,-9.50,216.00,221.50,191.00,6524000,1337998000,4367,TWSE_CSV,2026/9/3 15:37
1150903,2026/9/3,上市,3499,環天科,12.40,0.00,12.45,12.45,12.20,13000,160550,12,TWSE_CSV,2026/9/3 15:37
1150903,2026/9/3,上市,3508,位速,20.55,-1.00,21.55,21.60,20.55,186000,3907600,140,TWSE_CSV,2026/9/3 15:37
1150903,2026/9/3,上市,3511,矽瑪,19.65,-0.10,19.85,20.15,19.65,246000,4888850,144,TWSE_CSV,2026/9/3 15:37
1150903,2026/9/3,上市,3512,皇龍,19.65,-0.05,19.70,19.70,19.50,12000,235450,10,TWSE_CSV,2026/9/3 15:37
1150903,2026/9/3,上市,3516,亞帝歐,26.15,+0.15,26.20,26.20,25.50,745000,19287650,77,TWSE_CSV,2026/9/3 15:37
1150903,2026/9/3,上市,3520,華盈,17.30,-0.10,17.45,17.55,17.30,91000,1581600,45,TWSE_CSV,2026/9/3 15:37
1150903,2026/9/3,上市,3521,台鋼建設,12.05,-0.20,12.05,12.20,12.05,17000,205550,10,TWSE_CSV,2026/9/3 15:37
1150903,2026/9/3,上市,3522,御嵿,11.80,+0.10,11.80,11.85,11.70,76000,896150,38,TWSE_CSV,2026/9/3 15:37
1150903,2026/9/3,上市,3523,迎輝,15.10,+0.25,15.10,15.10,15.10,1000,15100,1,TWSE_CSV,2026/9/3 15:37
1150903,2026/9/3,上市,3526,凡甲,280.00,-4.50,286.00,286.50,280.00,239000,67677500,202,TWSE_CSV,2026/9/3 15:37
1150903,2026/9/3,上市,3527,聚積,51.20,-0.80,52.00,52.60,51.20,113000,5883100,64,TWSE_CSV,2026/9/3 15:37
1150903,2026/9/3,上市,3529,力旺,2330.00,-65.00,2410.00,2485.00,2330.00,1090000,2625835000,961,TWSE_CSV,2026/9/3 15:37
1150903,2026/9/3,上市,3531,先益,21.30,-0.25,21.45,21.45,21.30,2000,42750,2,TWSE_CSV,2026/9/3 15:37
1150903,2026/9/3,上市,3537,堡達,52.40,-2.10,55.00,55.40,52.40,371000,19953000,263,TWSE_CSV,2026/9/3 15:37
1150903,2026/9/3,上市,3540,曜越,23.20,-1.05,24.15,24.25,23.20,816000,19230600,551,TWSE_CSV,2026/9/3 15:37
1150903,2026/9/3,上市,3541,西柏,21.55,-0.25,21.80,21.80,21.55,17000,368150,12,TWSE_CSV,2026/9/3 15:37
1150903,2026/9/3,上市,3546,宇峻,71.30,-1.10,71.20,72.10,71.20,109000,7801700,76,TWSE_CSV,2026/9/3 15:37
1150903,2026/9/3,上市,3548,兆利,81.00,-4.10,85.20,85.80,80.80,348000,28900600,281,TWSE_CSV,2026/9/3 15:37
1150903,2026/9/3,上市,3551,世禾,176.00,-4.00,183.00,183.50,176.00,264000,47483500,222,TWSE_CSV,2026/9/3 15:37
1150903,2026/9/3,上市,3552,同致,42.95,-0.50,43.70,43.70,42.95,118000,5083400,89,TWSE_CSV,2026/9/3 15:37
1150903,2026/9/3,上市,3555,博士旺,185.50,-11.50,195.50,199.50,185.50,78000,15025000,78,TWSE_CSV,2026/9/3 15:37
1150903,2026/9/3,上市,3556,禾瑞亞,61.40,-1.60,63.10,63.40,61.40,194000,12072100,161,TWSE_CSV,2026/9/3 15:37
1150903,2026/9/3,上市,3558,神準,118.50,-5.00,123.50,123.50,118.50,124000,14966000,101,TWSE_CSV,2026/9/3 15:37
1150903,2026/9/3,上市,3564,其陽,52.90,+4.80,52.90,52.90,51.10,1754000,92547100,691,TWSE_CSV,2026/9/3 15:37
1150903,2026/9/3,上市,3567,逸昌,25.65,-0.05,25.70,25.85,25.65,19000,488350,16,TWSE_CSV,2026/9/3 15:37
1150903,2026/9/3,上市,3570,大塚,162.50,-1.00,164.00,164.00,162.50,10000,1628000,10,TWSE_CSV,2026/9/3 15:37
1150903,2026/9/3,上市,3577,泓格,109.50,-3.50,114.00,115.50,109.00,455000,50818500,350,TWSE_CSV,2026/9/3 15:37
1150903,2026/9/3,上市,3580,友威科,85.50,-3.50,89.00,93.00,85.20,862000,76604200,653,TWSE_CSV,2026/9/3 15:37
1150903,2026/9/3,上市,3581,博磊,107.00,-4.50,113.50,115.50,107.00,487000,53952000,356,TWSE_CSV,2026/9/3 15:37
1150903,2026/9/3,上市,3587,閎康,249.50,-15.50,265.00,269.50,249.50,890000,230064000,743,TWSE_CSV,2026/9/3 15:37
1150903,2026/9/3,上市,3594,磐儀,47.30,-1.60,49.20,49.50,47.00,1079000,51789750,774,TWSE_CSV,2026/9/3 15:37
1150903,2026/9/3,上市,3597,映興,26.15,+0.15,26.05,26.15,25.90,12000,312100,9,TWSE_CSV,2026/9/3 15:37
1150903,2026/9/3,上市,3609,三一東林,18.00,0.00,18.00,18.20,17.80,28000,503500,23,TWSE_CSV,2026/9/3 15:37
1150903,2026/9/3,上市,3611,鼎翰,183.00,-1.00,184.00,184.50,183.00,16000,2937500,16,TWSE_CSV,2026/9/3 15:37
1150903,2026/9/3,上市,3615,安可,35.75,-1.50,37.70,38.50,35.75,519000,19255400,389,TWSE_CSV,2026/9/3 15:37
1150903,2026/9/3,上市,3623,富晶通,24.00,+0.70,23.30,24.30,23.30,127000,3039050,90,TWSE_CSV,2026/9/3 15:37
1150903,2026/9/3,上市,3624,光頡,84.80,-4.20,89.50,89.90,84.80,3522000,307416700,2613,TWSE_CSV,2026/9/3 15:37
1150903,2026/9/3,上市,3625,西勝,13.05,-0.10,13.10,13.50,12.90,284000,3729000,103,TWSE_CSV,2026/9/3 15:37
1150903,2026/9/3,上市,3628,盈正,68.50,-0.70,69.20,69.20,67.90,49000,3360600,23,TWSE_CSV,2026/9/3 15:37
1150903,2026/9/3,上市,3629,地心引力,19.85,-0.05,18.85,19.85,18.85,2000,38700,2,TWSE_CSV,2026/9/3 15:37
1150903,2026/9/3,上市,3630,新鉅科,27.05,-0.05,27.15,27.35,26.00,1378000,36883050,851,TWSE_CSV,2026/9/3 15:37
1150903,2026/9/3,上市,3631,晟楠,37.25,-3.05,40.40,40.40,37.25,179000,6932000,151,TWSE_CSV,2026/9/3 15:37
1150903,2026/9/3,上市,3632,研勤,7.35,0.00,7.35,7.35,7.35,2000,14700,2,TWSE_CSV,2026/9/3 15:37
1150903,2026/9/3,上市,3646,艾恩特,23.80,+0.05,23.95,23.95,23.65,7000,166400,7,TWSE_CSV,2026/9/3 15:37
1150903,2026/9/3,上市,3663,鑫科,60.40,-2.20,63.40,64.80,60.20,854000,53263400,640,TWSE_CSV,2026/9/3 15:37
1150903,2026/9/3,上市,3664,安瑞-KY,9.10,+0.76,9.05,9.17,8.50,232000,2112480,86,TWSE_CSV,2026/9/3 15:37
1150903,2026/9/3,上市,3666,光耀,25.00,0.00,24.90,25.00,24.90,4000,99900,4,TWSE_CSV,2026/9/3 15:37
1150903,2026/9/3,上市,3672,康聯訊,12.00,-0.15,12.00,12.15,12.00,22000,264250,17,TWSE_CSV,2026/9/3 15:37
1150903,2026/9/3,上市,3675,德微,277.00,+3.00,280.50,292.00,275.00,1335000,379164000,1093,TWSE_CSV,2026/9/3 15:37
1150903,2026/9/3,上市,3680,家登,512.00,-8.00,530.00,544.00,512.00,1811000,951281000,1478,TWSE_CSV,2026/9/3 15:37
1150903,2026/9/3,上市,3684,榮昌,54.10,+0.10,54.00,54.10,54.00,10000,540100,6,TWSE_CSV,2026/9/3 15:37
1150903,2026/9/3,上市,3685,元創精密,36.20,-1.50,37.50,37.50,36.20,392000,14399200,204,TWSE_CSV,2026/9/3 15:37
1150903,2026/9/3,上市,3687,歐買尬,63.20,-0.50,63.70,64.40,63.20,25000,1589100,24,TWSE_CSV,2026/9/3 15:37
1150903,2026/9/3,上市,3689,湧德,114.50,-4.00,122.50,124.00,114.50,3809000,453812000,2461,TWSE_CSV,2026/9/3 15:37
1150903,2026/9/3,上市,3691,碩禾,97.60,-3.90,102.00,102.50,97.60,579000,57370000,484,TWSE_CSV,2026/9/3 15:37
1150903,2026/9/3,上市,3693,營邦,648.00,+6.00,650.00,690.00,638.00,3104000,2056906000,2603,TWSE_CSV,2026/9/3 15:37
1150903,2026/9/3,上市,3707,漢磊,60.50,-1.70,62.60,63.40,60.50,3199000,198015400,2145,TWSE_CSV,2026/9/3 15:37
1150903,2026/9/3,上市,3709,鑫聯大投控,64.90,-1.10,66.50,67.20,64.80,463000,30523300,322,TWSE_CSV,2026/9/3 15:37
1150903,2026/9/3,上市,3710,連展投控,5.04,+0.04,5.02,5.10,5.00,208000,1044770,76,TWSE_CSV,2026/9/3 15:37
1150903,2026/9/3,上市,3713,新晶投控,14.20,-0.50,14.60,14.70,14.10,43000,613300,33,TWSE_CSV,2026/9/3 15:37
1150903,2026/9/3,上市,3718,中光電投控,78.30,-5.20,85.00,86.00,77.20,3400000,276465000,2361,TWSE_CSV,2026/9/3 15:37
1150903,2026/9/3,上市,4102,永日,19.20,+0.05,19.15,19.20,19.00,23000,440000,16,TWSE_CSV,2026/9/3 15:37
1150903,2026/9/3,上市,4105,東洋,77.30,-0.40,77.50,77.80,77.30,321000,24846700,242,TWSE_CSV,2026/9/3 15:37
1150903,2026/9/3,上市,4107,邦特,113.00,0.00,113.00,113.50,113.00,32000,3616500,26,TWSE_CSV,2026/9/3 15:37
1150903,2026/9/3,上市,4109,加捷生醫,11.00,-0.10,11.15,11.20,10.95,235000,2596800,115,TWSE_CSV,2026/9/3 15:37
1150903,2026/9/3,上市,4111,濟生,28.65,-0.10,28.75,28.75,28.60,25000,717150,24,TWSE_CSV,2026/9/3 15:37
1150903,2026/9/3,上市,4113,聯上,15.10,0.00,15.05,15.10,15.00,44000,662150,28,TWSE_CSV,2026/9/3 15:37
1150903,2026/9/3,上市,4114,健喬,29.60,-0.10,29.75,29.85,29.60,417000,12384800,227,TWSE_CSV,2026/9/3 15:37
1150903,2026/9/3,上市,4116,明基醫,40.45,+0.35,40.10,41.00,40.10,93000,3773400,50,TWSE_CSV,2026/9/3 15:37
1150903,2026/9/3,上市,4120,友華,45.70,-1.60,46.50,47.25,45.10,23000,1057100,19,TWSE_CSV,2026/9/3 15:37
1150903,2026/9/3,上市,4121,優盛,12.85,-0.15,12.95,13.00,12.85,46000,594300,25,TWSE_CSV,2026/9/3 15:37
1150903,2026/9/3,上市,4123,晟德,30.55,-0.30,30.85,30.95,30.50,1970000,60259550,995,TWSE_CSV,2026/9/3 15:37
1150903,2026/9/3,上市,4126,太醫,78.10,+0.50,77.60,78.10,77.50,23000,1791900,20,TWSE_CSV,2026/9/3 15:37
1150903,2026/9/3,上市,4127,天良,66.00,-3.90,70.00,70.50,66.00,422000,28336700,316,TWSE_CSV,2026/9/3 15:37
1150903,2026/9/3,上市,4128,中天,14.55,-0.35,14.85,14.90,14.50,1301000,19106550,665,TWSE_CSV,2026/9/3 15:37
1150903,2026/9/3,上市,4129,聯合,81.20,-0.30,81.50,81.70,81.20,198000,16116600,139,TWSE_CSV,2026/9/3 15:37
1150903,2026/9/3,上市,4131,浩泰,30.75,+0.05,30.75,30.75,30.75,1000,30750,1,TWSE_CSV,2026/9/3 15:37
1150903,2026/9/3,上市,4138,曜亞,52.70,+0.80,52.00,53.00,52.00,41000,2157300,33,TWSE_CSV,2026/9/3 15:37
1150903,2026/9/3,上市,4139,馬光-KY,42.15,-0.30,43.00,43.00,42.10,45000,1898150,24,TWSE_CSV,2026/9/3 15:37
1150903,2026/9/3,上市,4147,中裕,63.20,-0.20,63.10,64.60,63.10,693000,44179100,437,TWSE_CSV,2026/9/3 15:37
1150903,2026/9/3,上市,4153,鈺緯,32.40,+0.20,32.50,32.60,32.40,4000,130000,4,TWSE_CSV,2026/9/3 15:37
1150903,2026/9/3,上市,4154,樂威科-KY,12.50,0.00,12.50,12.50,12.50,5000,62500,3,TWSE_CSV,2026/9/3 15:37
1150903,2026/9/3,上市,4157,太景*-KY,8.75,-0.13,8.96,8.97,8.75,473000,4191130,180,TWSE_CSV,2026/9/3 15:37
1150903,2026/9/3,上市,4160,訊聯基因,39.70,-0.15,39.80,39.80,39.30,19000,750200,19,TWSE_CSV,2026/9/3 15:37
1150903,2026/9/3,上市,4161,聿新科,22.70,-0.20,22.80,23.00,22.50,17000,386700,12,TWSE_CSV,2026/9/3 15:37
1150903,2026/9/3,上市,4162,智擎,57.80,+0.10,58.00,58.40,57.60,212000,12287600,169,TWSE_CSV,2026/9/3 15:37
1150903,2026/9/3,上市,4163,鐿鈦,139.00,+1.50,139.00,139.50,137.50,44000,6101000,38,TWSE_CSV,2026/9/3 15:37
1150903,2026/9/3,上市,4166,友霖,24.75,-0.05,24.50,25.05,24.50,77000,1910550,52,TWSE_CSV,2026/9/3 15:37
1150903,2026/9/3,上市,4167,松瑞藥,19.00,-0.35,19.50,19.50,19.00,908000,17472000,457,TWSE_CSV,2026/9/3 15:37
1150903,2026/9/3,上市,4168,醣聯,22.30,+0.05,22.50,22.50,22.05,78000,1730200,46,TWSE_CSV,2026/9/3 15:37
1150903,2026/9/3,上市,4171,瑞基,16.80,-0.10,16.95,16.95,16.80,19000,321050,16,TWSE_CSV,2026/9/3 15:37
1150903,2026/9/3,上市,4173,久裕,17.25,-0.10,17.30,17.30,17.20,33000,569700,27,TWSE_CSV,2026/9/3 15:37
1150903,2026/9/3,上市,4174,浩鼎,24.60,-0.40,25.45,25.45,24.60,487000,12121650,306,TWSE_CSV,2026/9/3 15:37
1150903,2026/9/3,上市,4175,杏一,51.60,+0.10,51.90,51.90,51.60,9000,464700,9,TWSE_CSV,2026/9/3 15:37
1150903,2026/9/3,上市,4183,福永生技,----,---,----,----,----,0,0,0,TWSE_CSV,2026/9/3 15:37
1150903,2026/9/3,上市,4188,安克,14.05,-0.45,14.20,14.60,14.05,141000,2023450,112,TWSE_CSV,2026/9/3 15:37
1150903,2026/9/3,上市,4192,杏國,18.50,-0.75,18.65,18.80,18.50,48000,893750,22,TWSE_CSV,2026/9/3 15:37
1150903,2026/9/3,上市,4198,欣大健康,46.80,-0.20,47.00,49.90,45.30,24000,1129000,19,TWSE_CSV,2026/9/3 15:37
1150903,2026/9/3,上市,4205,中華食,69.70,+0.10,69.70,69.70,69.60,5000,348200,5,TWSE_CSV,2026/9/3 15:37
1150903,2026/9/3,上市,4207,環泰,20.35,-0.05,20.55,20.55,20.30,21000,428100,17,TWSE_CSV,2026/9/3 15:37
1150903,2026/9/3,上市,4303,信立,35.50,-0.80,36.30,36.65,35.50,1115000,40238250,641,TWSE_CSV,2026/9/3 15:37
1150903,2026/9/3,上市,4304,勝昱,19.60,-1.00,20.60,20.60,19.60,16000,315600,14,TWSE_CSV,2026/9/3 15:37
1150903,2026/9/3,上市,4305,世坤,----,---,----,----,----,0,0,0,TWSE_CSV,2026/9/3 15:37
1150903,2026/9/3,上市,4401,東隆興,14.10,+0.10,14.35,14.35,14.00,33000,466800,27,TWSE_CSV,2026/9/3 15:37
1150903,2026/9/3,上市,4402,郡都開發,14.85,-0.10,14.55,15.00,14.45,29000,425500,24,TWSE_CSV,2026/9/3 15:37
1150903,2026/9/3,上市,4406,新昕纖,9.90,-0.09,9.95,9.95,9.90,4000,39700,3,TWSE_CSV,2026/9/3 15:37
1150903,2026/9/3,上市,4413,飛寶企業,20.00,+0.10,19.95,20.00,19.60,28000,552600,19,TWSE_CSV,2026/9/3 15:37
1150903,2026/9/3,上市,4416,三圓,12.40,-0.25,12.60,12.85,12.40,604000,7578100,302,TWSE_CSV,2026/9/3 15:37
1150903,2026/9/3,上市,4417,金洲,47.00,0.00,47.00,47.10,46.95,47000,2209900,31,TWSE_CSV,2026/9/3 15:37
1150903,2026/9/3,上市,4419,皇家美食,46.75,+1.20,47.10,47.10,45.20,9000,411450,9,TWSE_CSV,2026/9/3 15:37
1150903,2026/9/3,上市,4420,光明,38.10,-0.50,38.80,38.80,37.80,40000,1525100,30,TWSE_CSV,2026/9/3 15:37
1150903,2026/9/3,上市,4430,耀億,17.65,+0.05,17.60,17.75,17.40,19000,332600,19,TWSE_CSV,2026/9/3 15:37
1150903,2026/9/3,上市,4432,銘旺實,15.60,-0.25,15.85,15.85,15.60,5000,78350,5,TWSE_CSV,2026/9/3 15:37
1150903,2026/9/3,上市,4433,興采,18.80,-0.10,18.85,18.85,18.80,14000,263750,7,TWSE_CSV,2026/9/3 15:37
1150903,2026/9/3,上市,4442,竣邦-KY,50.40,-0.20,50.60,50.60,50.40,18000,908300,17,TWSE_CSV,2026/9/3 15:37
1150903,2026/9/3,上市,4502,健信,15.65,0.00,15.65,15.70,15.60,24000,376100,16,TWSE_CSV,2026/9/3 15:37
1150903,2026/9/3,上市,4503,金雨,23.30,-1.00,24.35,24.35,23.30,323000,7696050,235,TWSE_CSV,2026/9/3 15:37
1150903,2026/9/3,上市,4506,崇友,122.00,0.00,122.00,123.00,122.00,45000,5493500,42,TWSE_CSV,2026/9/3 15:37
1150903,2026/9/3,上市,4510,高鋒,47.05,+1.25,46.20,48.10,46.00,9457000,447135250,6063,TWSE_CSV,2026/9/3 15:37
1150903,2026/9/3,上市,4513,福裕,16.00,-0.05,16.25,16.30,16.00,223000,3594600,125,TWSE_CSV,2026/9/3 15:37
1150903,2026/9/3,上市,4523,永彰,23.80,0.00,24.10,24.10,23.65,44000,1045150,31,TWSE_CSV,2026/9/3 15:37
1150903,2026/9/3,上市,4527,方土霖,40.60,-0.10,40.70,40.70,40.55,35000,1420900,19,TWSE_CSV,2026/9/3 15:37
1150903,2026/9/3,上市,4528,江興鍛,14.95,-0.05,15.00,15.05,14.95,16000,240000,14,TWSE_CSV,2026/9/3 15:37
1150903,2026/9/3,上市,4529,淳紳,3.78,-0.02,3.80,4.05,3.78,66000,257770,26,TWSE_CSV,2026/9/3 15:37
1150903,2026/9/3,上市,4530,天意能創,27.00,-0.45,28.40,29.35,27.00,18000,503350,15,TWSE_CSV,2026/9/3 15:37
1150903,2026/9/3,上市,4533,協易機,25.60,-0.75,26.55,26.55,25.60,787000,20332100,421,TWSE_CSV,2026/9/3 15:37
1150903,2026/9/3,上市,4534,慶騰,28.90,-1.00,30.15,30.60,28.90,697000,20616100,379,TWSE_CSV,2026/9/3 15:37
1150903,2026/9/3,上市,4535,至興,27.50,-0.55,28.05,28.05,27.50,6000,166650,5,TWSE_CSV,2026/9/3 15:37
1150903,2026/9/3,上市,4538,大詠城,17.70,-0.15,18.00,18.00,17.60,13000,231050,13,TWSE_CSV,2026/9/3 15:37
1150903,2026/9/3,上市,4541,晟田,62.80,-2.00,65.60,66.60,62.80,1350000,86644000,992,TWSE_CSV,2026/9/3 15:37
1150903,2026/9/3,上市,4542,科嶠,279.00,-18.50,297.50,300.50,277.00,799000,232077000,688,TWSE_CSV,2026/9/3 15:37
1150903,2026/9/3,上市,4543,萬在,30.20,-0.10,30.70,30.70,29.90,55000,1652800,42,TWSE_CSV,2026/9/3 15:37
1150903,2026/9/3,上市,4549,桓達,100.50,-2.00,102.00,102.00,100.50,31000,3130500,21,TWSE_CSV,2026/9/3 15:37
1150903,2026/9/3,上市,4550,長佳,24.00,0.00,24.05,24.45,24.00,66000,1584750,14,TWSE_CSV,2026/9/3 15:37
1150903,2026/9/3,上市,4554,橙的,29.20,-0.75,30.10,30.10,29.10,21000,617250,21,TWSE_CSV,2026/9/3 15:37
1150903,2026/9/3,上市,4556,旭然,66.30,-3.70,70.40,70.40,66.00,212000,14499900,179,TWSE_CSV,2026/9/3 15:37
1150903,2026/9/3,上市,4558,寶緯,17.30,-0.20,17.55,17.55,17.20,25000,432500,23,TWSE_CSV,2026/9/3 15:37
1150903,2026/9/3,上市,4561,健椿,42.70,-0.65,44.00,44.60,42.65,199000,8696000,162,TWSE_CSV,2026/9/3 15:37
1150903,2026/9/3,上市,4563,百德,43.60,-1.80,45.90,47.00,43.60,254000,11618750,195,TWSE_CSV,2026/9/3 15:37
1150903,2026/9/3,上市,4568,科際精密,39.20,-0.40,39.60,39.60,39.20,5000,197350,5,TWSE_CSV,2026/9/3 15:37
1150903,2026/9/3,上市,4577,達航科技,87.00,-1.80,88.00,92.80,86.80,705000,62894000,592,TWSE_CSV,2026/9/3 15:37
1150903,2026/9/3,上市,4580,捷流閥業,82.60,-0.70,83.00,84.50,82.40,113000,9376700,96,TWSE_CSV,2026/9/3 15:37
1150903,2026/9/3,上市,4584,君帆,38.70,-0.40,39.45,39.85,38.70,6000,234750,5,TWSE_CSV,2026/9/3 15:37
1150903,2026/9/3,上市,4609,唐鋒,4.25,0.00,4.25,4.25,4.25,2000,8500,2,TWSE_CSV,2026/9/3 15:37
1150903,2026/9/3,上市,4702,中美實,9.53,-0.18,9.62,9.78,9.41,190000,1810100,114,TWSE_CSV,2026/9/3 15:37
1150903,2026/9/3,上市,4706,大恭,32.40,0.00,32.40,32.40,32.40,1000,32400,1,TWSE_CSV,2026/9/3 15:37
1150903,2026/9/3,上市,4707,磐亞,30.40,-1.05,31.65,32.15,30.40,2296000,71333350,1183,TWSE_CSV,2026/9/3 15:37
1150903,2026/9/3,上市,4711,永純,16.60,-0.10,16.70,16.70,16.55,60000,997000,30,TWSE_CSV,2026/9/3 15:37
1150903,2026/9/3,上市,4714,永捷,10.60,-0.25,10.90,11.00,10.60,514000,5527850,283,TWSE_CSV,2026/9/3 15:37
1150903,2026/9/3,上市,4716,大立,17.10,-0.20,17.45,17.50,17.05,1114000,19137400,429,TWSE_CSV,2026/9/3 15:37
1150903,2026/9/3,上市,4721,美琪瑪,71.90,-1.40,74.00,74.40,71.80,410000,29936500,296,TWSE_CSV,2026/9/3 15:37
1150903,2026/9/3,上市,4726,永昕,23.95,-0.25,24.20,24.20,23.95,73000,1754850,42,TWSE_CSV,2026/9/3 15:37
1150903,2026/9/3,上市,4728,雙美,----,---,----,----,----,0,0,0,TWSE_CSV,2026/9/3 15:37
1150903,2026/9/3,上市,4729,熒茂,19.00,+0.05,19.15,19.15,18.75,58000,1099300,39,TWSE_CSV,2026/9/3 15:37
1150903,2026/9/3,上市,4735,豪展,37.75,0.00,38.30,38.30,37.75,45000,1713200,33,TWSE_CSV,2026/9/3 15:37
1150903,2026/9/3,上市,4741,泓瀚,40.40,-1.70,42.10,42.60,40.40,137000,5621000,115,TWSE_CSV,2026/9/3 15:37
1150903,2026/9/3,上市,4743,合一,44.75,-1.90,45.50,45.60,44.75,1800000,81324500,1194,TWSE_CSV,2026/9/3 15:37
1150903,2026/9/3,上市,4744,皇將,27.60,+0.10,27.80,27.80,27.40,42000,1155050,24,TWSE_CSV,2026/9/3 15:37
1150903,2026/9/3,上市,4745,合富-KY,11.75,-0.05,11.80,11.80,11.75,3000,35350,3,TWSE_CSV,2026/9/3 15:37
1150903,2026/9/3,上市,4747,強生*,24.85,+0.25,24.60,25.30,24.55,78000,1942400,59,TWSE_CSV,2026/9/3 15:37
1150903,2026/9/3,上市,4749,新應材,759.00,-28.00,795.00,797.00,758.00,531000,412584000,471,TWSE_CSV,2026/9/3 15:37
1150903,2026/9/3,上市,4754,國碳科,38.65,0.00,38.70,38.70,38.60,39000,1508650,19,TWSE_CSV,2026/9/3 15:37
1150903,2026/9/3,上市,4760,勤凱,258.00,-14.50,273.00,275.50,258.00,468000,124002500,418,TWSE_CSV,2026/9/3 15:37
1150903,2026/9/3,上市,4767,誠泰科技,28.75,-0.35,28.50,29.10,28.50,7000,200650,7,TWSE_CSV,2026/9/3 15:37
1150903,2026/9/3,上市,4768,晶呈科技,290.50,-7.50,301.00,305.00,290.50,225000,66682000,209,TWSE_CSV,2026/9/3 15:37
1150903,2026/9/3,上市,4772,台特化,247.00,-9.00,260.00,260.00,247.00,814000,203676000,675,TWSE_CSV,2026/9/3 15:37
1150903,2026/9/3,上市,4806,桂田文創,9.10,-0.03,8.85,9.10,8.80,21000,185610,10,TWSE_CSV,2026/9/3 15:37
1150903,2026/9/3,上市,4903,聯光通,37.25,-0.80,38.50,39.15,36.55,1853000,70289450,1368,TWSE_CSV,2026/9/3 15:37
1150903,2026/9/3,上市,4905,台聯電,85.80,-3.10,88.70,89.70,85.00,45000,3925100,39,TWSE_CSV,2026/9/3 15:37
1150903,2026/9/3,上市,4907,富宇,47.25,-0.25,47.75,47.75,46.90,53000,2500300,46,TWSE_CSV,2026/9/3 15:37
1150903,2026/9/3,上市,4908,前鼎,204.50,-13.50,220.00,229.50,200.50,2615000,567930000,1963,TWSE_CSV,2026/9/3 15:37
1150903,2026/9/3,上市,4909,新復興,37.05,-1.60,38.75,39.20,37.05,470000,17778100,355,TWSE_CSV,2026/9/3 15:37
1150903,2026/9/3,上市,4911,德英,29.85,-0.10,29.40,30.00,29.20,8000,235750,7,TWSE_CSV,2026/9/3 15:37
1150903,2026/9/3,上市,4923,力士,50.40,-2.30,53.90,53.90,50.00,264000,13614600,212,TWSE_CSV,2026/9/3 15:37
1150903,2026/9/3,上市,4924,欣厚-KY,10.90,+0.98,9.97,10.90,9.97,276000,2956830,171,TWSE_CSV,2026/9/3 15:37
1150903,2026/9/3,上市,4931,新盛力,239.50,-10.50,251.50,253.00,239.00,4261000,1045239500,3375,TWSE_CSV,2026/9/3 15:37
1150903,2026/9/3,上市,4933,友輝,54.40,-0.40,54.80,55.10,54.30,53000,2890000,34,TWSE_CSV,2026/9/3 15:37
1150903,2026/9/3,上市,4939,亞電,81.50,-7.40,90.50,90.50,81.50,5544000,465830500,4099,TWSE_CSV,2026/9/3 15:37
1150903,2026/9/3,上市,4946,辣椒,90.10,-0.70,90.80,91.00,88.10,11000,993300,10,TWSE_CSV,2026/9/3 15:37
1150903,2026/9/3,上市,4950,金耘國際,16.30,+0.05,16.25,16.40,16.25,21000,342350,14,TWSE_CSV,2026/9/3 15:37
1150903,2026/9/3,上市,4951,精拓科,78.20,-1.20,79.30,79.50,78.20,163000,12832900,109,TWSE_CSV,2026/9/3 15:37
1150903,2026/9/3,上市,4953,緯致,119.00,-4.00,123.50,123.50,119.00,293000,35418500,203,TWSE_CSV,2026/9/3 15:37
1150903,2026/9/3,上市,4966,譜瑞-KY,558.00,-21.00,580.00,582.00,558.00,930000,527400000,805,TWSE_CSV,2026/9/3 15:37
1150903,2026/9/3,上市,4971,IET-KY,611.00,-58.00,678.00,719.00,605.00,8356000,5640319000,7256,TWSE_CSV,2026/9/3 15:37
1150903,2026/9/3,上市,4972,湯石照明,16.70,-0.05,16.60,16.70,16.50,15000,248450,11,TWSE_CSV,2026/9/3 15:37
1150903,2026/9/3,上市,4973,廣穎,146.50,-5.00,154.50,157.50,146.50,1584000,239335000,1238,TWSE_CSV,2026/9/3 15:37
1150903,2026/9/3,上市,4974,亞泰,70.30,-1.20,72.00,72.00,70.20,152000,10743900,134,TWSE_CSV,2026/9/3 15:37
1150903,2026/9/3,上市,4979,華星光,572.00,-52.00,633.00,635.00,572.00,2518000,1513746000,1982,TWSE_CSV,2026/9/3 15:37
1150903,2026/9/3,上市,4991,環宇-KY,484.50,-45.50,536.00,560.00,480.50,12932000,6752099500,10957,TWSE_CSV,2026/9/3 15:37
1150903,2026/9/3,上市,4995,晶達,50.40,+0.20,50.60,50.60,50.30,36000,1816300,19,TWSE_CSV,2026/9/3 15:37
1150903,2026/9/3,上市,5009,榮剛,33.35,-0.20,33.55,34.15,33.35,1290000,43517350,735,TWSE_CSV,2026/9/3 15:37
1150903,2026/9/3,上市,5011,久陽,18.45,0.00,18.55,18.60,18.25,137000,2518450,65,TWSE_CSV,2026/9/3 15:37
1150903,2026/9/3,上市,5013,強新,28.20,-0.45,28.65,28.65,28.10,17000,480800,12,TWSE_CSV,2026/9/3 15:37
1150903,2026/9/3,上市,5014,建錩,10.05,-0.05,10.05,10.15,10.05,232000,2334000,67,TWSE_CSV,2026/9/3 15:37
1150903,2026/9/3,上市,5015,華祺,22.05,0.00,22.10,22.10,22.05,10000,220800,6,TWSE_CSV,2026/9/3 15:37
1150903,2026/9/3,上市,5016,松和,24.80,+0.35,24.50,24.80,24.50,15000,369600,11,TWSE_CSV,2026/9/3 15:37
1150903,2026/9/3,上市,5201,凱衛,25.90,+0.25,25.80,25.95,25.80,52000,1343350,21,TWSE_CSV,2026/9/3 15:37
1150903,2026/9/3,上市,5202,力新,11.85,-0.15,12.00,12.00,11.85,69000,823750,26,TWSE_CSV,2026/9/3 15:37
1150903,2026/9/3,上市,5205,中茂,20.60,+0.10,20.60,20.60,20.60,4000,82400,1,TWSE_CSV,2026/9/3 15:37
1150903,2026/9/3,上市,5206,坤悅,23.35,+0.05,23.35,23.55,23.35,160000,3745550,91,TWSE_CSV,2026/9/3 15:37
1150903,2026/9/3,上市,5209,新鼎,154.00,-1.00,155.00,155.50,154.00,73000,11282500,54,TWSE_CSV,2026/9/3 15:37
1150903,2026/9/3,上市,5210,寶碩,28.65,-0.25,29.00,29.20,28.65,168000,4854200,98,TWSE_CSV,2026/9/3 15:37
1150903,2026/9/3,上市,5211,蒙恬,19.20,-0.20,19.40,19.40,19.20,5000,96350,5,TWSE_CSV,2026/9/3 15:37
1150903,2026/9/3,上市,5212,凌網,46.40,-0.20,46.50,46.60,46.40,6000,278900,6,TWSE_CSV,2026/9/3 15:37
1150903,2026/9/3,上市,5213,亞昕,20.90,-0.10,21.00,21.05,20.90,199000,4170050,130,TWSE_CSV,2026/9/3 15:37
1150903,2026/9/3,上市,5220,萬達光電,19.65,-0.25,20.20,20.20,19.15,50000,969550,33,TWSE_CSV,2026/9/3 15:37
1150903,2026/9/3,上市,5223,安力-KY,23.50,-1.20,25.00,25.00,23.50,143000,3414050,62,TWSE_CSV,2026/9/3 15:37
1150903,2026/9/3,上市,5227,立凱-KY,30.20,-0.70,30.90,31.30,30.20,188000,5771700,114,TWSE_CSV,2026/9/3 15:37
1150903,2026/9/3,上市,5228,鈺鎧,39.10,-1.65,40.75,41.00,39.10,223000,8935050,176,TWSE_CSV,2026/9/3 15:37
1150903,2026/9/3,上市,5230,雷笛克光學,17.80,-0.05,17.80,18.30,17.65,96000,1713850,65,TWSE_CSV,2026/9/3 15:37
1150903,2026/9/3,上市,5245,智晶,22.85,-0.45,23.55,23.55,22.60,38000,867200,36,TWSE_CSV,2026/9/3 15:37
1150903,2026/9/3,上市,5251,天鉞電,26.05,-0.50,26.95,26.95,26.05,62000,1641950,43,TWSE_CSV,2026/9/3 15:37
1150903,2026/9/3,上市,5263,智崴,98.30,+0.20,98.20,102.00,97.60,257000,25590500,195,TWSE_CSV,2026/9/3 15:37
1150903,2026/9/3,上市,5272,笙科,16.90,-0.20,17.35,17.35,16.90,31000,528550,25,TWSE_CSV,2026/9/3 15:37
1150903,2026/9/3,上市,5274,信驊,17850.00,+125.00,17735.00,18790.00,17360.00,523000,9555225000,518,TWSE_CSV,2026/9/3 15:37
1150903,2026/9/3,上市,5276,達輝-KY,----,---,----,----,----,0,0,0,TWSE_CSV,2026/9/3 15:37
1150903,2026/9/3,上市,5278,尚凡*,24.30,-0.20,24.60,24.60,24.25,27000,657600,26,TWSE_CSV,2026/9/3 15:37
1150903,2026/9/3,上市,5287,數字,136.00,+0.50,136.50,136.50,135.50,44000,5980000,41,TWSE_CSV,2026/9/3 15:37
1150903,2026/9/3,上市,5289,宜鼎,1345.00,-75.00,1445.00,1455.00,1345.00,1605000,2246645000,1441,TWSE_CSV,2026/9/3 15:37
1150903,2026/9/3,上市,5291,邑昇,68.70,-2.00,71.00,72.20,68.00,1424000,99979100,1019,TWSE_CSV,2026/9/3 15:37
1150903,2026/9/3,上市,5299,杰力,94.70,-2.60,98.00,98.40,94.70,263000,25459600,228,TWSE_CSV,2026/9/3 15:37
1150903,2026/9/3,上市,5301,寶得利,5.55,-0.20,5.75,6.03,5.51,10000,56340,9,TWSE_CSV,2026/9/3 15:37
1150903,2026/9/3,上市,5302,太欣,10.20,-0.10,10.45,10.45,10.15,344000,3516600,132,TWSE_CSV,2026/9/3 15:37
1150903,2026/9/3,上市,5309,系統電,50.70,-1.80,53.00,53.30,50.70,1135000,58647100,785,TWSE_CSV,2026/9/3 15:37
1150903,2026/9/3,上市,5310,天剛,----,---,----,----,----,0,0,0,TWSE_CSV,2026/9/3 15:37
1150903,2026/9/3,上市,5312,寶島科,91.90,+0.10,91.80,91.90,91.50,4000,366800,4,TWSE_CSV,2026/9/3 15:37
1150903,2026/9/3,上市,5314,世紀*,31.00,-3.20,34.25,34.35,30.85,4315000,137759600,2311,TWSE_CSV,2026/9/3 15:37
1150903,2026/9/3,上市,5315,光聯,18.75,-0.15,18.90,19.00,18.75,194000,3657250,99,TWSE_CSV,2026/9/3 15:37
1150903,2026/9/3,上市,5321,美而快,76.40,-0.60,77.00,79.70,75.50,609000,47614300,434,TWSE_CSV,2026/9/3 15:37
1150903,2026/9/3,上市,5324,士開,12.30,0.00,12.20,12.30,12.05,357000,4362400,62,TWSE_CSV,2026/9/3 15:37
1150903,2026/9/3,上市,5328,華容,59.00,-2.50,61.10,61.90,59.00,3299000,199057600,2485,TWSE_CSV,2026/9/3 15:37
1150903,2026/9/3,上市,5340,建榮,79.10,-3.00,82.10,86.30,78.60,3306000,272777700,2502,TWSE_CSV,2026/9/3 15:37
1150903,2026/9/3,上市,5344,立衛,13.55,-0.05,13.50,13.60,13.50,22000,297450,13,TWSE_CSV,2026/9/3 15:37
1150903,2026/9/3,上市,5345,馥鴻,21.70,-0.30,22.00,22.00,21.70,19000,415500,17,TWSE_CSV,2026/9/3 15:37
1150903,2026/9/3,上市,5347,世界,147.00,-2.50,151.00,151.00,147.00,9756000,1453427500,4741,TWSE_CSV,2026/9/3 15:37
1150903,2026/9/3,上市,5348,正能量智能,16.85,+0.10,16.85,16.85,16.85,1000,16850,1,TWSE_CSV,2026/9/3 15:37
1150903,2026/9/3,上市,5351,鈺創,110.00,-7.00,119.50,123.50,110.00,25041000,2899378500,15249,TWSE_CSV,2026/9/3 15:37
1150903,2026/9/3,上市,5353,台林,27.95,-0.05,28.00,28.30,27.80,59000,1647550,39,TWSE_CSV,2026/9/3 15:37
1150903,2026/9/3,上市,5355,佳總,5.99,-0.01,5.76,5.99,5.76,72000,422030,21,TWSE_CSV,2026/9/3 15:37
1150903,2026/9/3,上市,5356,協益,25.90,-0.25,26.30,26.30,25.90,46000,1198050,32,TWSE_CSV,2026/9/3 15:37
1150903,2026/9/3,上市,5364,力麗店,8.42,-0.01,8.43,8.54,8.41,54000,456210,28,TWSE_CSV,2026/9/3 15:37
1150903,2026/9/3,上市,5381,光譜,25.05,-1.05,26.35,26.50,25.00,594000,15197350,384,TWSE_CSV,2026/9/3 15:37
1150903,2026/9/3,上市,5386,青雲,260.00,-18.00,283.00,291.00,257.00,1768000,484799000,1560,TWSE_CSV,2026/9/3 15:37
1150903,2026/9/3,上市,5392,能率,43.00,-1.85,45.00,45.85,43.00,2201000,96873150,1350,TWSE_CSV,2026/9/3 15:37
1150903,2026/9/3,上市,5398,慕康生醫,14.25,-0.05,14.25,14.30,14.20,184000,2621700,41,TWSE_CSV,2026/9/3 15:37
1150903,2026/9/3,上市,5403,中菲,93.30,0.00,93.50,93.60,93.00,13000,1212500,13,TWSE_CSV,2026/9/3 15:37
1150903,2026/9/3,上市,5410,國眾,35.85,-0.40,36.45,36.45,35.80,175000,6308950,101,TWSE_CSV,2026/9/3 15:37
1150903,2026/9/3,上市,5425,台半,91.20,-1.30,92.80,96.10,90.70,21301000,2002008000,14686,TWSE_CSV,2026/9/3 15:37
1150903,2026/9/3,上市,5426,振發,28.20,-1.10,29.00,29.60,28.20,819000,23565750,608,TWSE_CSV,2026/9/3 15:37
1150903,2026/9/3,上市,5432,新門,153.00,+4.00,152.00,155.00,147.00,172000,26261000,151,TWSE_CSV,2026/9/3 15:37
1150903,2026/9/3,上市,5438,東友,16.60,-0.20,16.80,16.80,16.60,18000,300300,15,TWSE_CSV,2026/9/3 15:37
1150903,2026/9/3,上市,5439,高技,261.00,-8.50,269.50,272.00,261.00,2076000,552667000,1493,TWSE_CSV,2026/9/3 15:37
1150903,2026/9/3,上市,5443,均豪,110.00,-2.00,113.00,115.00,110.00,2474000,278395000,1822,TWSE_CSV,2026/9/3 15:37
1150903,2026/9/3,上市,5450,南良,14.60,0.00,14.65,14.85,14.60,61000,893550,41,TWSE_CSV,2026/9/3 15:37
1150903,2026/9/3,上市,5452,佶優,26.75,-0.90,27.95,28.00,26.75,326000,8921650,246,TWSE_CSV,2026/9/3 15:37
1150903,2026/9/3,上市,5455,昇益,30.05,-0.05,30.05,30.05,30.05,1000,30050,1,TWSE_CSV,2026/9/3 15:37
1150903,2026/9/3,上市,5457,宣德,27.70,-0.25,27.90,28.25,27.55,260000,7241700,154,TWSE_CSV,2026/9/3 15:37
1150903,2026/9/3,上市,5460,同協,16.05,+0.10,15.95,16.15,15.95,32000,513450,20,TWSE_CSV,2026/9/3 15:37
1150903,2026/9/3,上市,5464,霖宏,69.00,-0.30,69.70,71.90,68.00,375000,26134000,225,TWSE_CSV,2026/9/3 15:37
1150903,2026/9/3,上市,5465,富驊,24.45,-0.35,24.85,24.90,24.45,61000,1500300,42,TWSE_CSV,2026/9/3 15:37
1150903,2026/9/3,上市,5468,凱鈺,24.45,-0.15,24.85,24.85,24.25,150000,3671150,93,TWSE_CSV,2026/9/3 15:37
1150903,2026/9/3,上市,5474,聰泰,146.00,-4.50,153.00,153.00,146.00,147000,21828000,126,TWSE_CSV,2026/9/3 15:37
1150903,2026/9/3,上市,5475,德宏,182.50,-7.50,192.00,208.50,181.00,6874000,1347393000,5434,TWSE_CSV,2026/9/3 15:37
1150903,2026/9/3,上市,5478,智冠,98.00,-0.40,98.40,98.70,98.00,70000,6876300,52,TWSE_CSV,2026/9/3 15:37
1150903,2026/9/3,上市,5481,新華,20.20,-0.40,20.35,20.60,20.20,348000,7075450,112,TWSE_CSV,2026/9/3 15:37
1150903,2026/9/3,上市,5483,中美晶,176.00,-3.00,181.00,187.50,176.00,17401000,3169121000,10850,TWSE_CSV,2026/9/3 15:37
1150903,2026/9/3,上市,5487,通泰,29.15,-0.45,29.60,29.85,29.15,12000,355600,4,TWSE_CSV,2026/9/3 15:37
1150903,2026/9/3,上市,5488,松普,11.85,-0.35,12.25,12.30,11.85,361000,4330900,154,TWSE_CSV,2026/9/3 15:37
1150903,2026/9/3,上市,5489,彩富,41.10,-0.75,41.40,41.60,41.00,31000,1278600,27,TWSE_CSV,2026/9/3 15:37
1150903,2026/9/3,上市,5490,同亨,26.80,-0.80,27.40,27.45,26.75,1543000,41699000,966,TWSE_CSV,2026/9/3 15:37
1150903,2026/9/3,上市,5493,三聯,84.10,-1.90,86.00,87.30,84.10,111000,9477000,92,TWSE_CSV,2026/9/3 15:37
1150903,2026/9/3,上市,5498,凱崴,52.90,-2.90,55.90,56.90,52.90,2471000,134579200,1790,TWSE_CSV,2026/9/3 15:37
1150903,2026/9/3,上市,5508,永信建,54.20,+0.80,53.40,54.70,53.30,339000,18325700,243,TWSE_CSV,2026/9/3 15:37
1150903,2026/9/3,上市,5511,德昌,70.00,-1.00,71.30,71.30,69.60,241000,16930400,145,TWSE_CSV,2026/9/3 15:37
1150903,2026/9/3,上市,5512,力麒,7.79,+0.05,7.78,7.79,7.73,918000,7124650,155,TWSE_CSV,2026/9/3 15:37
1150903,2026/9/3,上市,5514,三豐,15.00,+0.05,15.00,15.00,15.00,16000,240000,5,TWSE_CSV,2026/9/3 15:37
1150903,2026/9/3,上市,5516,雙喜,11.80,-0.05,11.65,11.90,11.65,11000,129300,8,TWSE_CSV,2026/9/3 15:37
1150903,2026/9/3,上市,5520,力泰,----,---,----,----,----,0,0,0,TWSE_CSV,2026/9/3 15:37
1150903,2026/9/3,上市,5523,豐謙,30.35,0.00,30.25,30.35,30.25,34000,1030150,14,TWSE_CSV,2026/9/3 15:37
1150903,2026/9/3,上市,5529,鉅陞,23.90,+1.35,22.50,23.95,22.50,248000,5832150,112,TWSE_CSV,2026/9/3 15:37
1150903,2026/9/3,上市,5530,龍巖,49.80,-0.40,50.20,50.50,49.75,214000,10706050,130,TWSE_CSV,2026/9/3 15:37
1150903,2026/9/3,上市,5536,聖暉*,817.00,-6.00,822.00,847.00,817.00,1112000,926338000,988,TWSE_CSV,2026/9/3 15:37
1150903,2026/9/3,上市,5543,桓鼎-KY,28.80,0.00,29.50,29.50,28.80,2000,58300,2,TWSE_CSV,2026/9/3 15:37
1150903,2026/9/3,上市,5547,久舜,19.65,-0.05,19.65,19.65,19.65,11000,216150,11,TWSE_CSV,2026/9/3 15:37
1150903,2026/9/3,上市,5548,安倉,20.50,+0.05,20.45,20.50,20.45,6000,122850,5,TWSE_CSV,2026/9/3 15:37
1150903,2026/9/3,上市,5601,台聯櫃,30.50,0.00,30.05,30.50,30.05,16000,485350,3,TWSE_CSV,2026/9/3 15:37
1150903,2026/9/3,上市,5603,陸海,14.00,-0.10,14.25,14.40,14.00,150000,2115600,56,TWSE_CSV,2026/9/3 15:37
1150903,2026/9/3,上市,5604,中連,30.95,+0.05,30.90,31.05,30.90,7000,216550,6,TWSE_CSV,2026/9/3 15:37
1150903,2026/9/3,上市,5609,中菲行,77.80,-0.20,78.40,78.40,77.80,75000,5842100,53,TWSE_CSV,2026/9/3 15:37
1150903,2026/9/3,上市,5701,劍湖山,4.30,+0.06,4.24,4.31,4.18,36000,151840,24,TWSE_CSV,2026/9/3 15:37
1150903,2026/9/3,上市,5703,亞都,13.85,+0.05,13.85,13.90,13.85,4000,55450,3,TWSE_CSV,2026/9/3 15:37
1150903,2026/9/3,上市,5704,老爺知,23.40,-0.10,23.70,23.70,23.10,32000,749800,28,TWSE_CSV,2026/9/3 15:37
1150903,2026/9/3,上市,5864,致和證,36.30,+0.40,36.35,37.15,36.10,2585000,94711500,1214,TWSE_CSV,2026/9/3 15:37
1150903,2026/9/3,上市,5878,台名,38.55,+0.05,38.55,38.55,38.55,2000,77100,2,TWSE_CSV,2026/9/3 15:37
1150903,2026/9/3,上市,5902,德記,34.40,-0.10,34.50,34.55,34.25,5000,172150,5,TWSE_CSV,2026/9/3 15:37
1150903,2026/9/3,上市,5903,全家,184.50,-0.50,185.00,186.00,184.50,30000,5544000,29,TWSE_CSV,2026/9/3 15:37
1150903,2026/9/3,上市,5904,寶雅*,70.60,-2.80,73.40,73.40,70.60,9461000,677042900,6866,TWSE_CSV,2026/9/3 15:37
1150903,2026/9/3,上市,5905,南仁湖,7.70,-0.04,7.77,7.78,7.70,411000,3175530,171,TWSE_CSV,2026/9/3 15:37
1150903,2026/9/3,上市,6015,宏遠證,16.40,+0.10,16.40,16.85,16.35,2104000,34902650,726,TWSE_CSV,2026/9/3 15:37
1150903,2026/9/3,上市,6016,康和證,21.40,+0.45,21.25,21.80,21.20,6322000,136267900,2058,TWSE_CSV,2026/9/3 15:37
1150903,2026/9/3,上市,6020,大展證,20.90,0.00,21.00,21.15,20.90,18000,378850,18,TWSE_CSV,2026/9/3 15:37
1150903,2026/9/3,上市,6021,美好證,39.35,+0.35,39.10,39.75,39.10,104000,4099650,65,TWSE_CSV,2026/9/3 15:37
1150903,2026/9/3,上市,6023,元大期,86.10,-0.30,86.30,86.90,85.90,399000,34488400,289,TWSE_CSV,2026/9/3 15:37
1150903,2026/9/3,上市,6026,福邦證,15.05,0.00,15.05,15.25,15.05,1358000,20592800,452,TWSE_CSV,2026/9/3 15:37
1150903,2026/9/3,上市,6028,公勝保經,97.60,+0.70,97.00,97.60,95.70,19000,1838500,18,TWSE_CSV,2026/9/3 15:37
1150903,2026/9/3,上市,6101,寬魚國際,37.70,-0.65,38.20,39.50,37.70,313000,12146750,229,TWSE_CSV,2026/9/3 15:37
1150903,2026/9/3,上市,6103,合邦,41.00,-3.30,45.00,45.00,41.00,57000,2445600,46,TWSE_CSV,2026/9/3 15:37
1150903,2026/9/3,上市,6104,創惟,95.30,-2.70,98.40,99.10,95.30,524000,50875500,434,TWSE_CSV,2026/9/3 15:37
1150903,2026/9/3,上市,6109,亞元,10.90,-0.10,10.90,10.90,10.75,72000,777050,33,TWSE_CSV,2026/9/3 15:37
1150903,2026/9/3,上市,6111,光聚晶電,37.40,-0.10,37.50,37.55,36.90,166000,6190550,109,TWSE_CSV,2026/9/3 15:37
1150903,2026/9/3,上市,6113,亞矽,22.90,-0.50,23.50,23.50,22.90,112000,2595000,74,TWSE_CSV,2026/9/3 15:37
1150903,2026/9/3,上市,6114,久威,24.75,-0.45,25.10,25.10,24.75,16000,399000,14,TWSE_CSV,2026/9/3 15:37
1150903,2026/9/3,上市,6118,建達,15.15,-0.20,15.40,15.65,15.15,87000,1332950,69,TWSE_CSV,2026/9/3 15:37
1150903,2026/9/3,上市,6121,新普,394.50,-9.50,407.00,407.00,392.50,477000,189276500,427,TWSE_CSV,2026/9/3 15:37
1150903,2026/9/3,上市,6122,擎邦,51.90,+3.20,50.60,52.40,49.50,2005000,103471550,1279,TWSE_CSV,2026/9/3 15:37
1150903,2026/9/3,上市,6123,上奇,43.70,0.00,43.70,43.80,43.65,31000,1354950,24,TWSE_CSV,2026/9/3 15:37
1150903,2026/9/3,上市,6124,業強,26.65,+0.10,26.70,27.05,26.65,12000,323200,9,TWSE_CSV,2026/9/3 15:37
1150903,2026/9/3,上市,6125,廣運,51.90,+0.20,53.40,55.20,51.90,3282000,174471700,2222,TWSE_CSV,2026/9/3 15:37
1150903,2026/9/3,上市,6126,信音,29.15,除息,29.75,29.80,29.15,595000,17502950,345,TWSE_CSV,2026/9/3 15:37
1150903,2026/9/3,上市,6127,九豪,46.85,-1.75,48.90,49.10,46.80,1821000,87026400,1361,TWSE_CSV,2026/9/3 15:37
1150903,2026/9/3,上市,6130,上亞科技,26.45,-0.50,27.20,27.45,26.45,89000,2372700,58,TWSE_CSV,2026/9/3 15:37
1150903,2026/9/3,上市,6134,萬旭,28.60,-0.45,29.05,29.40,28.50,107000,3075050,82,TWSE_CSV,2026/9/3 15:37
1150903,2026/9/3,上市,6138,茂達,280.00,-8.00,292.50,292.50,280.00,385000,109659500,319,TWSE_CSV,2026/9/3 15:37
1150903,2026/9/3,上市,6140,訊達,16.55,-0.20,16.75,16.75,16.55,45000,748750,25,TWSE_CSV,2026/9/3 15:37
1150903,2026/9/3,上市,6143,振曜,88.00,-0.60,88.80,89.40,88.00,273000,24181400,219,TWSE_CSV,2026/9/3 15:37
1150903,2026/9/3,上市,6144,得利影,13.20,-0.05,13.00,13.50,13.00,14000,184400,11,TWSE_CSV,2026/9/3 15:37
1150903,2026/9/3,上市,6146,耕興,185.00,除息,189.00,189.50,185.00,388000,72629500,327,TWSE_CSV,2026/9/3 15:37
1150903,2026/9/3,上市,6147,頎邦,189.00,+6.50,183.50,199.50,174.00,63936000,12097615500,36074,TWSE_CSV,2026/9/3 15:37
1150903,2026/9/3,上市,6148,驊宏資,27.75,-0.25,28.00,28.25,27.75,86000,2400800,70,TWSE_CSV,2026/9/3 15:37
1150903,2026/9/3,上市,6150,撼訊,60.50,-1.80,63.10,63.20,60.50,175000,10783700,147,TWSE_CSV,2026/9/3 15:37
1150903,2026/9/3,上市,6151,晉倫,35.25,-0.30,35.55,35.65,35.00,152000,5358350,102,TWSE_CSV,2026/9/3 15:37
1150903,2026/9/3,上市,6154,順發,14.10,+0.10,14.00,14.10,14.00,12000,168400,7,TWSE_CSV,2026/9/3 15:37
1150903,2026/9/3,上市,6156,松上,20.65,-0.30,21.05,21.15,20.65,453000,9433400,278,TWSE_CSV,2026/9/3 15:37
1150903,2026/9/3,上市,6158,禾昌,17.30,-0.20,17.80,18.05,17.20,124000,2184450,81,TWSE_CSV,2026/9/3 15:37
1150903,2026/9/3,上市,6160,欣技,14.75,-0.20,14.95,14.95,14.55,70000,1026900,41,TWSE_CSV,2026/9/3 15:37
1150903,2026/9/3,上市,6161,捷波,51.70,+1.70,50.40,53.00,50.40,391000,20223600,269,TWSE_CSV,2026/9/3 15:37
1150903,2026/9/3,上市,6163,華電網,40.30,-1.40,41.95,42.35,40.00,1138000,46426100,526,TWSE_CSV,2026/9/3 15:37
1150903,2026/9/3,上市,6167,久正,10.30,-0.10,10.40,10.45,10.25,329000,3392550,100,TWSE_CSV,2026/9/3 15:37
1150903,2026/9/3,上市,6169,昱泉,12.35,-0.10,12.30,12.40,12.30,10000,123750,4,TWSE_CSV,2026/9/3 15:37
1150903,2026/9/3,上市,6170,統振,48.00,0.00,48.00,48.30,47.85,180000,8635750,80,TWSE_CSV,2026/9/3 15:37
1150903,2026/9/3,上市,6171,大城地產,25.85,-0.45,26.70,26.70,25.85,54000,1405750,40,TWSE_CSV,2026/9/3 15:37
1150903,2026/9/3,上市,6173,信昌電,241.00,-19.50,258.50,258.50,237.50,12412000,3084451000,8809,TWSE_CSV,2026/9/3 15:37
1150903,2026/9/3,上市,6174,安碁,42.55,-1.50,44.20,44.50,42.45,723000,31180100,535,TWSE_CSV,2026/9/3 15:37
1150903,2026/9/3,上市,6175,立敦,69.30,-2.10,72.30,72.30,69.00,744000,52567100,549,TWSE_CSV,2026/9/3 15:37
1150903,2026/9/3,上市,6179,亞通,29.20,-0.55,30.00,30.10,29.10,2419000,71186100,1074,TWSE_CSV,2026/9/3 15:37
1150903,2026/9/3,上市,6180,橘子,40.75,-0.45,41.30,41.30,40.65,201000,8224700,146,TWSE_CSV,2026/9/3 15:37
1150903,2026/9/3,上市,6182,合晶,104.50,-6.00,111.00,112.50,104.50,47543000,5136307000,28905,TWSE_CSV,2026/9/3 15:37
1150903,2026/9/3,上市,6185,幃翔,12.75,-0.05,12.80,12.80,12.70,80000,1020750,56,TWSE_CSV,2026/9/3 15:37
1150903,2026/9/3,上市,6186,新潤,31.75,+0.30,31.50,32.20,31.50,484000,15457400,349,TWSE_CSV,2026/9/3 15:37
1150903,2026/9/3,上市,6187,萬潤,1300.00,-40.00,1365.00,1410.00,1300.00,2927000,3954465000,2469,TWSE_CSV,2026/9/3 15:37
1150903,2026/9/3,上市,6188,廣明,65.60,-2.30,68.30,69.40,65.60,1704000,113747800,1043,TWSE_CSV,2026/9/3 15:37
1150903,2026/9/3,上市,6190,萬泰科,67.30,-1.80,69.20,69.80,67.00,2067000,140539200,1496,TWSE_CSV,2026/9/3 15:37
1150903,2026/9/3,上市,6194,育富,29.65,-0.10,29.85,29.90,29.65,77000,2287650,28,TWSE_CSV,2026/9/3 15:37
1150903,2026/9/3,上市,6195,詩肯,27.85,+0.05,27.80,28.10,27.80,13000,362200,12,TWSE_CSV,2026/9/3 15:37
1150903,2026/9/3,上市,6198,瑞築,19.80,+0.35,19.80,19.80,19.80,2000,39600,1,TWSE_CSV,2026/9/3 15:37
1150903,2026/9/3,上市,6199,天品,95.20,0.00,95.20,97.70,94.00,2043000,195903900,789,TWSE_CSV,2026/9/3 15:37
1150903,2026/9/3,上市,006201,元大富櫃50,43.34,-1.75,45.09,45.60,43.34,173000,7717460,106,TWSE_CSV,2026/9/3 15:37
1150903,2026/9/3,上市,6203,海韻電,60.30,-0.60,61.00,61.00,60.00,43000,2595100,39,TWSE_CSV,2026/9/3 15:37
1150903,2026/9/3,上市,6204,艾華,88.50,-1.50,90.20,91.00,87.30,318000,28297900,266,TWSE_CSV,2026/9/3 15:37
1150903,2026/9/3,上市,6207,雷科,104.00,-6.50,112.00,115.00,103.00,8742000,957063500,6463,TWSE_CSV,2026/9/3 15:37
1150903,2026/9/3,上市,6208,日揚,76.50,-4.70,81.50,82.00,76.50,758000,59143200,537,TWSE_CSV,2026/9/3 15:37
1150903,2026/9/3,上市,6210,慶生,17.80,-0.10,17.70,17.80,17.70,6000,106700,4,TWSE_CSV,2026/9/3 15:37
1150903,2026/9/3,上市,6212,理銘,30.95,0.00,30.95,30.95,30.95,1000,30950,1,TWSE_CSV,2026/9/3 15:37
1150903,2026/9/3,上市,6217,中探針,195.50,0.00,196.00,210.50,192.50,12982000,2600911000,9809,TWSE_CSV,2026/9/3 15:37
1150903,2026/9/3,上市,6218,豪勉,42.60,-0.95,43.75,44.70,41.75,1753000,75411050,1275,TWSE_CSV,2026/9/3 15:37
1150903,2026/9/3,上市,6219,富旺,12.40,+0.30,12.10,12.65,12.05,135000,1664500,78,TWSE_CSV,2026/9/3 15:37
1150903,2026/9/3,上市,6220,岳豐,25.60,-0.30,25.95,26.05,25.55,177000,4568500,97,TWSE_CSV,2026/9/3 15:37
1150903,2026/9/3,上市,6221,晉泰,21.50,-0.10,21.55,21.70,21.50,89000,1918350,48,TWSE_CSV,2026/9/3 15:37
1150903,2026/9/3,上市,6222,立軒,20.05,0.00,20.05,20.05,20.05,2000,40100,2,TWSE_CSV,2026/9/3 15:37
1150903,2026/9/3,上市,6223,旺矽,5045.00,-245.00,5370.00,5370.00,5000.00,1380000,7110120000,1335,TWSE_CSV,2026/9/3 15:37
1150903,2026/9/3,上市,6227,茂綸,113.00,-3.00,118.00,118.00,113.00,374000,43203500,312,TWSE_CSV,2026/9/3 15:37
1150903,2026/9/3,上市,6228,全譜,----,---,----,----,----,0,0,0,TWSE_CSV,2026/9/3 15:37
1150903,2026/9/3,上市,6229,研通,23.60,-0.35,24.10,24.10,23.60,38000,900000,26,TWSE_CSV,2026/9/3 15:37
1150903,2026/9/3,上市,6231,系微,208.00,-8.00,218.50,219.50,208.00,151000,32116500,147,TWSE_CSV,2026/9/3 15:37
1150903,2026/9/3,上市,6233,旺玖,20.95,-0.25,21.70,21.80,20.95,119000,2514650,75,TWSE_CSV,2026/9/3 15:37
1150903,2026/9/3,上市,6234,高僑,34.10,除息,35.95,35.95,34.10,177000,6160500,136,TWSE_CSV,2026/9/3 15:37
1150903,2026/9/3,上市,6236,中湛,----,---,----,----,----,0,0,0,TWSE_CSV,2026/9/3 15:37
1150903,2026/9/3,上市,6237,驊訊,35.20,-1.85,38.00,38.00,35.10,393000,14367150,276,TWSE_CSV,2026/9/3 15:37
1150903,2026/9/3,上市,6240,松崗,27.95,+0.65,27.30,28.25,25.60,322000,8516600,165,TWSE_CSV,2026/9/3 15:37
1150903,2026/9/3,上市,6241,鑫永洋,16.75,-0.50,17.05,17.45,16.75,71000,1198050,48,TWSE_CSV,2026/9/3 15:37
1150903,2026/9/3,上市,6242,立康,33.80,-0.20,34.00,34.00,33.80,3000,101800,3,TWSE_CSV,2026/9/3 15:37
1150903,2026/9/3,上市,6244,茂迪,23.10,-0.40,23.80,23.95,23.10,1778000,41917600,1016,TWSE_CSV,2026/9/3 15:37
1150903,2026/9/3,上市,6245,立端,76.10,-2.10,78.20,79.00,76.10,863000,66460500,598,TWSE_CSV,2026/9/3 15:37
1150903,2026/9/3,上市,6246,臺龍,12.75,-0.40,13.15,13.15,12.70,130000,1673600,85,TWSE_CSV,2026/9/3 15:37
1150903,2026/9/3,上市,6248,沛波,16.95,-0.05,17.10,17.10,16.70,211000,3567100,99,TWSE_CSV,2026/9/3 15:37
1150903,2026/9/3,上市,6259,百徽,28.95,-1.00,30.10,30.30,28.90,349000,10246600,251,TWSE_CSV,2026/9/3 15:37
1150903,2026/9/3,上市,6261,久元,78.60,-1.40,81.20,81.70,78.50,439000,35101100,377,TWSE_CSV,2026/9/3 15:37
1150903,2026/9/3,上市,6263,普萊德,171.50,-1.50,174.50,174.50,171.00,250000,43097500,186,TWSE_CSV,2026/9/3 15:37
1150903,2026/9/3,上市,6264,富裔,6.01,-0.06,6.06,6.07,6.01,5000,30220,4,TWSE_CSV,2026/9/3 15:37
1150903,2026/9/3,上市,6265,方土昶,54.10,-1.70,56.60,57.60,54.00,2914000,161627500,1927,TWSE_CSV,2026/9/3 15:37
1150903,2026/9/3,上市,6266,泰詠,24.60,-0.15,24.75,24.95,24.60,97000,2395800,67,TWSE_CSV,2026/9/3 15:37
1150903,2026/9/3,上市,6270,倍微,28.20,-1.00,29.25,29.30,28.20,240000,6876150,169,TWSE_CSV,2026/9/3 15:37
1150903,2026/9/3,上市,6274,台燿,1345.00,-65.00,1420.00,1430.00,1340.00,4441000,6154515000,3678,TWSE_CSV,2026/9/3 15:37
1150903,2026/9/3,上市,6275,元山,45.05,-0.85,46.35,46.35,45.05,155000,7070500,118,TWSE_CSV,2026/9/3 15:37
1150903,2026/9/3,上市,6276,安鈦克,20.30,-0.10,20.60,20.85,20.30,13000,266300,10,TWSE_CSV,2026/9/3 15:37
1150903,2026/9/3,上市,6279,胡連,118.00,除息,121.50,122.50,117.50,1274000,151948000,993,TWSE_CSV,2026/9/3 15:37
1150903,2026/9/3,上市,6284,佳邦,75.60,-2.40,79.30,79.30,75.60,1257000,96618400,900,TWSE_CSV,2026/9/3 15:37
1150903,2026/9/3,上市,6290,良維,245.50,-11.00,257.00,261.50,245.00,2604000,653982000,1822,TWSE_CSV,2026/9/3 15:37
1150903,2026/9/3,上市,6291,沛亨,458.00,+18.00,453.00,484.00,453.00,4296000,2038910500,3107,TWSE_CSV,2026/9/3 15:37
1150903,2026/9/3,上市,6292,迅德,60.00,-1.70,61.70,62.40,59.60,98000,5974500,82,TWSE_CSV,2026/9/3 15:37
1150903,2026/9/3,上市,6294,智基,28.75,-0.25,29.05,29.05,28.75,19000,550200,8,TWSE_CSV,2026/9/3 15:37
1150903,2026/9/3,上市,6411,晶焱,79.00,-2.40,82.30,82.30,79.00,320000,25758100,266,TWSE_CSV,2026/9/3 15:37
1150903,2026/9/3,上市,6417,韋僑,104.50,-2.00,106.00,106.50,104.50,67000,7058500,59,TWSE_CSV,2026/9/3 15:37
1150903,2026/9/3,上市,6418,詠昇,33.55,-1.80,35.20,35.20,33.50,225000,7649550,120,TWSE_CSV,2026/9/3 15:37
1150903,2026/9/3,上市,6419,京晨科,146.00,-9.50,157.00,161.00,146.00,359000,54995000,314,TWSE_CSV,2026/9/3 15:37
1150903,2026/9/3,上市,6423,億而得,84.50,-1.20,87.50,89.00,84.50,155000,13415500,121,TWSE_CSV,2026/9/3 15:37
1150903,2026/9/3,上市,6425,易發,61.50,-3.50,65.00,65.20,61.20,441000,27786100,377,TWSE_CSV,2026/9/3 15:37
1150903,2026/9/3,上市,6432,今展科,59.30,-2.50,61.80,63.30,59.30,417000,25290400,334,TWSE_CSV,2026/9/3 15:37
1150903,2026/9/3,上市,6435,大中,237.00,-8.00,246.00,250.00,237.00,402000,97675500,361,TWSE_CSV,2026/9/3 15:37
1150903,2026/9/3,上市,6441,廣錠,20.95,-0.40,21.35,21.35,20.95,21000,442150,20,TWSE_CSV,2026/9/3 15:37
1150903,2026/9/3,上市,6462,神盾,98.30,-2.70,102.00,102.00,98.30,377000,37652000,263,TWSE_CSV,2026/9/3 15:37
1150903,2026/9/3,上市,6465,威潤,46.00,-0.95,46.90,46.90,46.00,96000,4454000,70,TWSE_CSV,2026/9/3 15:37
1150903,2026/9/3,上市,6469,大樹,67.20,-0.70,68.00,68.00,67.00,329000,22162900,302,TWSE_CSV,2026/9/3 15:37
1150903,2026/9/3,上市,6470,宇智,41.75,-0.20,42.00,42.00,41.35,31000,1288100,29,TWSE_CSV,2026/9/3 15:37
1150903,2026/9/3,上市,6474,華豫寧,36.55,-0.15,36.90,36.90,36.30,24000,874550,21,TWSE_CSV,2026/9/3 15:37
1150903,2026/9/3,上市,6482,弘煜科,24.75,-0.65,24.80,25.35,24.65,17000,424500,16,TWSE_CSV,2026/9/3 15:37
1150903,2026/9/3,上市,6485,點序,59.10,-2.10,61.20,62.00,59.00,268000,16259700,202,TWSE_CSV,2026/9/3 15:37
1150903,2026/9/3,上市,6486,互動,83.10,-1.10,92.60,92.60,82.60,2345000,204947900,1653,TWSE_CSV,2026/9/3 15:37
1150903,2026/9/3,上市,6488,環球晶,927.00,-40.00,970.00,974.00,920.00,7319000,6941750000,6207,TWSE_CSV,2026/9/3 15:37
1150903,2026/9/3,上市,6492,生華科,33.80,-0.40,34.20,34.35,33.80,272000,9246000,209,TWSE_CSV,2026/9/3 15:37
1150903,2026/9/3,上市,6494,九齊,55.00,-0.20,55.50,56.70,54.90,188000,10489500,129,TWSE_CSV,2026/9/3 15:37
1150903,2026/9/3,上市,6496,科懋,24.45,+0.15,24.30,24.45,24.30,8000,194950,8,TWSE_CSV,2026/9/3 15:37
1150903,2026/9/3,上市,6498,久禾光,74.00,-4.30,79.80,80.50,73.50,390000,29663400,334,TWSE_CSV,2026/9/3 15:37
1150903,2026/9/3,上市,6499,益安,71.70,-3.30,74.60,75.50,71.60,414000,30136000,328,TWSE_CSV,2026/9/3 15:37
1150903,2026/9/3,上市,6506,雙邦,18.40,+0.25,18.20,18.75,18.20,184000,3395700,98,TWSE_CSV,2026/9/3 15:37
1150903,2026/9/3,上市,6508,惠光,26.05,+0.05,26.15,26.15,25.85,4000,104100,4,TWSE_CSV,2026/9/3 15:37
1150903,2026/9/3,上市,6509,聚和,46.95,+0.20,46.65,47.20,46.35,941000,44083750,648,TWSE_CSV,2026/9/3 15:37
1150903,2026/9/3,上市,6510,精測,3350.00,-85.00,3495.00,3585.00,3235.00,1865000,6378990000,1748,TWSE_CSV,2026/9/3 15:37
1150903,2026/9/3,上市,6512,啟發電,20.20,-0.40,20.30,20.30,20.20,5000,101400,5,TWSE_CSV,2026/9/3 15:37
1150903,2026/9/3,上市,6516,勤崴國際,58.00,-0.60,57.70,58.50,57.60,23000,1330100,21,TWSE_CSV,2026/9/3 15:37
1150903,2026/9/3,上市,6517,保勝光學,66.80,-4.00,71.30,72.50,66.80,981000,67277800,785,TWSE_CSV,2026/9/3 15:37
1150903,2026/9/3,上市,6523,達爾膚,89.50,0.00,89.50,89.60,89.50,24000,2149700,20,TWSE_CSV,2026/9/3 15:37
1150903,2026/9/3,上市,6527,明達醫,74.10,-0.40,74.50,74.50,74.00,13000,965600,9,TWSE_CSV,2026/9/3 15:37
1150903,2026/9/3,上市,6530,創威,95.00,-6.00,100.50,102.50,94.10,3938000,385791700,3029,TWSE_CSV,2026/9/3 15:37
1150903,2026/9/3,上市,6532,瑞耘,99.80,+2.80,97.60,103.50,97.60,1726000,174312800,1231,TWSE_CSV,2026/9/3 15:37
1150903,2026/9/3,上市,6535,順藥,75.50,-6.70,83.00,86.00,75.20,898000,71379900,742,TWSE_CSV,2026/9/3 15:37
1150903,2026/9/3,上市,6538,倉和,273.00,+24.50,273.00,273.00,273.00,495000,135135000,259,TWSE_CSV,2026/9/3 15:37
1150903,2026/9/3,上市,6542,隆中,45.00,+1.35,45.00,45.00,45.00,1000,45000,1,TWSE_CSV,2026/9/3 15:37
1150903,2026/9/3,上市,6546,正基,62.10,-1.40,64.00,64.50,62.10,255000,16084500,177,TWSE_CSV,2026/9/3 15:37
1150903,2026/9/3,上市,6547,高端疫苗,61.80,+0.30,61.90,62.70,61.30,2906000,180375800,1559,TWSE_CSV,2026/9/3 15:37
1150903,2026/9/3,上市,6548,長科*,71.30,-2.60,74.30,74.60,71.30,2166000,157619600,1613,TWSE_CSV,2026/9/3 15:37
1150903,2026/9/3,上市,6556,勝品,60.70,-0.30,61.00,61.00,60.70,9000,547300,6,TWSE_CSV,2026/9/3 15:37
1150903,2026/9/3,上市,6560,欣普羅,31.20,-0.05,31.25,31.25,31.20,9000,280850,6,TWSE_CSV,2026/9/3 15:37
1150903,2026/9/3,上市,6561,是方,322.50,-2.50,326.50,326.50,322.00,33000,10672000,30,TWSE_CSV,2026/9/3 15:37
1150903,2026/9/3,上市,6568,宏觀,133.50,-6.50,142.50,142.50,133.50,153000,21021000,131,TWSE_CSV,2026/9/3 15:37
1150903,2026/9/3,上市,6569,醫揚,91.00,-0.10,91.20,91.20,90.80,34000,3095900,25,TWSE_CSV,2026/9/3 15:37
1150903,2026/9/3,上市,6570,維田,50.40,-1.60,52.30,52.30,50.40,85000,4366400,61,TWSE_CSV,2026/9/3 15:37
1150903,2026/9/3,上市,6574,霈方,119.50,-0.50,119.00,119.50,118.00,29000,3444000,23,TWSE_CSV,2026/9/3 15:37
1150903,2026/9/3,上市,6576,逸達,80.30,-0.30,80.50,80.50,79.50,77000,6155900,59,TWSE_CSV,2026/9/3 15:37
1150903,2026/9/3,上市,6577,勁豐,79.90,-0.40,79.60,80.50,79.50,27000,2152700,24,TWSE_CSV,2026/9/3 15:37
1150903,2026/9/3,上市,6578,達邦蛋白,18.00,+0.15,18.40,18.40,17.95,127000,2293700,58,TWSE_CSV,2026/9/3 15:37
1150903,2026/9/3,上市,6584,南俊國際,629.00,-29.00,667.00,673.00,628.00,810000,527186000,725,TWSE_CSV,2026/9/3 15:37
1150903,2026/9/3,上市,6588,東典光電,103.00,-4.50,107.00,111.00,101.50,1382000,146950500,1190,TWSE_CSV,2026/9/3 15:37
1150903,2026/9/3,上市,6590,普鴻,65.50,+0.60,65.40,65.60,65.40,19000,1244600,13,TWSE_CSV,2026/9/3 15:37
1150903,2026/9/3,上市,6593,台灣銘板,31.75,-0.30,32.05,32.05,31.75,29000,924050,29,TWSE_CSV,2026/9/3 15:37
1150903,2026/9/3,上市,6596,寬宏藝術,94.90,-0.90,95.50,95.80,94.80,151000,14370700,106,TWSE_CSV,2026/9/3 15:37
1150903,2026/9/3,上市,6597,立誠,73.00,-1.80,69.40,73.00,69.40,3000,211800,3,TWSE_CSV,2026/9/3 15:37
1150903,2026/9/3,上市,6603,富強鑫,24.90,-0.70,25.60,25.60,24.85,1306000,32869850,647,TWSE_CSV,2026/9/3 15:37
1150903,2026/9/3,上市,6609,瀧澤科,40.30,-0.25,40.65,41.00,39.90,161000,6515300,129,TWSE_CSV,2026/9/3 15:37
1150903,2026/9/3,上市,6612,奈米醫材,70.90,+0.10,70.90,71.60,70.50,28000,1983900,21,TWSE_CSV,2026/9/3 15:37
1150903,2026/9/3,上市,6613,朋億*,257.00,-7.50,264.50,265.00,257.00,461000,120175500,409,TWSE_CSV,2026/9/3 15:37
1150903,2026/9/3,上市,6615,慧智,34.10,-0.15,34.25,34.25,34.10,2000,68350,2,TWSE_CSV,2026/9/3 15:37
1150903,2026/9/3,上市,6616,特昇-KY,8.29,0.00,8.13,8.29,8.10,16000,131120,12,TWSE_CSV,2026/9/3 15:37
1150903,2026/9/3,上市,6617,共信-KY,113.50,-7.00,119.50,119.50,113.50,1087000,126106000,683,TWSE_CSV,2026/9/3 15:37
1150903,2026/9/3,上市,6620,漢達,98.00,+2.60,92.90,103.50,92.00,3548000,351609600,2350,TWSE_CSV,2026/9/3 15:37
1150903,2026/9/3,上市,6624,萬年清,39.30,-1.25,41.80,41.80,39.30,9000,358800,8,TWSE_CSV,2026/9/3 15:37
1150903,2026/9/3,上市,6629,泰金-KY,107.50,+0.50,109.00,109.00,105.50,30000,3226500,19,TWSE_CSV,2026/9/3 15:37
1150903,2026/9/3,上市,6637,醫影,56.40,+0.50,55.90,57.50,55.90,16000,898400,12,TWSE_CSV,2026/9/3 15:37
1150903,2026/9/3,上市,6640,均華,1185.00,-25.00,1230.00,1240.00,1180.00,1215000,1463115000,1125,TWSE_CSV,2026/9/3 15:37
1150903,2026/9/3,上市,6642,富致,80.30,+0.50,80.30,83.10,80.00,225000,18425000,151,TWSE_CSV,2026/9/3 15:37
1150903,2026/9/3,上市,6643,M31,403.00,-13.00,417.50,423.00,402.50,279000,114368000,259,TWSE_CSV,2026/9/3 15:37
1150903,2026/9/3,上市,6649,台生材,35.75,+0.35,36.10,36.40,34.95,33000,1182950,26,TWSE_CSV,2026/9/3 15:37
1150903,2026/9/3,上市,6651,全宇昕,148.00,-3.50,152.00,152.00,148.00,131000,19680500,114,TWSE_CSV,2026/9/3 15:37
1150903,2026/9/3,上市,6654,天正國際,215.00,+15.00,200.50,220.00,200.50,226000,48129000,163,TWSE_CSV,2026/9/3 15:37
1150903,2026/9/3,上市,6661,威健生技,----,---,----,----,----,0,0,0,TWSE_CSV,2026/9/3 15:37
1150903,2026/9/3,上市,6662,樂斯科,28.50,0.00,28.50,28.50,28.50,3000,85500,3,TWSE_CSV,2026/9/3 15:37
1150903,2026/9/3,上市,6664,群翊,363.00,+0.50,371.00,392.50,362.50,1290000,488926000,1168,TWSE_CSV,2026/9/3 15:37
1150903,2026/9/3,上市,6667,信紘科,218.00,+1.00,216.50,221.50,216.00,188000,41191500,150,TWSE_CSV,2026/9/3 15:37
1150903,2026/9/3,上市,6679,鈺太,208.50,+4.00,208.00,209.00,203.00,254000,52478500,203,TWSE_CSV,2026/9/3 15:37
1150903,2026/9/3,上市,6680,鑫創電子,----,---,----,----,----,0,0,0,TWSE_CSV,2026/9/3 15:37
1150903,2026/9/3,上市,6683,雍智科技,1385.00,-75.00,1470.00,1475.00,1360.00,1905000,2702045000,1734,TWSE_CSV,2026/9/3 15:37
1150903,2026/9/3,上市,6684,安格,45.55,-2.05,47.60,47.60,45.50,102000,4708950,87,TWSE_CSV,2026/9/3 15:37
1150903,2026/9/3,上市,6690,安碁資訊,162.50,-3.00,166.50,166.50,162.50,29000,4740000,22,TWSE_CSV,2026/9/3 15:37
1150903,2026/9/3,上市,6692,進能服,23.45,+0.30,23.90,24.00,23.20,18000,427600,16,TWSE_CSV,2026/9/3 15:37
1150903,2026/9/3,上市,6693,廣閎科,178.50,+5.50,175.50,187.00,175.50,2402000,435665000,1932,TWSE_CSV,2026/9/3 15:37
1150903,2026/9/3,上市,6697,東捷資訊,41.25,0.00,40.70,41.45,40.70,15000,615800,13,TWSE_CSV,2026/9/3 15:37
1150903,2026/9/3,上市,6703,軒郁,102.00,-0.50,103.00,103.00,102.00,21000,2147500,21,TWSE_CSV,2026/9/3 15:37
1150903,2026/9/3,上市,6708,天擎,38.80,+1.30,38.80,38.80,38.80,2000,77600,1,TWSE_CSV,2026/9/3 15:37
1150903,2026/9/3,上市,6712,長聖,156.50,-1.00,158.50,158.50,156.00,216000,33842500,143,TWSE_CSV,2026/9/3 15:37
1150903,2026/9/3,上市,6716,應廣,130.00,+4.50,126.00,138.00,122.50,2055000,270428000,1681,TWSE_CSV,2026/9/3 15:37
1150903,2026/9/3,上市,6720,久昌,131.50,-3.50,133.50,134.50,131.50,28000,3720000,21,TWSE_CSV,2026/9/3 15:37
1150903,2026/9/3,上市,6721,信實,51.20,0.00,51.20,51.20,50.80,26000,1326700,25,TWSE_CSV,2026/9/3 15:37
1150903,2026/9/3,上市,6725,矽科宏晟,219.00,-6.00,224.00,225.00,219.00,86000,19123000,73,TWSE_CSV,2026/9/3 15:37
1150903,2026/9/3,上市,6727,亞泰金屬,550.00,-30.00,580.00,598.00,545.00,2045000,1167677000,1697,TWSE_CSV,2026/9/3 15:37
1150903,2026/9/3,上市,6728,上洋,107.00,-1.00,108.00,108.00,107.00,31000,3324000,17,TWSE_CSV,2026/9/3 15:37
1150903,2026/9/3,上市,6730,常廣,33.00,+0.10,32.35,33.00,32.35,6000,196550,6,TWSE_CSV,2026/9/3 15:37
1150903,2026/9/3,上市,6732,昇佳電子,148.50,-3.00,152.50,153.00,148.50,192000,28816000,144,TWSE_CSV,2026/9/3 15:37
1150903,2026/9/3,上市,6733,博晟生醫,26.50,-1.00,27.50,27.65,26.50,114000,3083850,65,TWSE_CSV,2026/9/3 15:37
1150903,2026/9/3,上市,6735,美達科技,60.80,-5.20,65.80,65.80,60.80,113000,7103400,98,TWSE_CSV,2026/9/3 15:37
1150903,2026/9/3,上市,6739,竹陞科技,1075.00,-45.00,1120.00,1150.00,1075.00,129000,142180000,125,TWSE_CSV,2026/9/3 15:37
1150903,2026/9/3,上市,6741,91APP*-KY,59.60,-0.20,60.20,60.20,58.70,254000,15068900,191,TWSE_CSV,2026/9/3 15:37
1150903,2026/9/3,上市,6751,智聯服務,41.70,-0.50,42.30,42.30,41.70,9000,379000,8,TWSE_CSV,2026/9/3 15:37
1150903,2026/9/3,上市,6752,叡揚,97.00,0.00,97.00,97.00,97.00,10000,970000,4,TWSE_CSV,2026/9/3 15:37
1150903,2026/9/3,上市,6761,穩得,181.50,-4.00,185.50,190.50,181.50,413000,76711500,335,TWSE_CSV,2026/9/3 15:37
1150903,2026/9/3,上市,6762,達亞,165.00,0.00,165.00,165.00,165.00,1000,165000,1,TWSE_CSV,2026/9/3 15:37
1150903,2026/9/3,上市,6763,綠界科技*,40.80,-0.20,41.40,41.40,40.80,190000,7787000,147,TWSE_CSV,2026/9/3 15:37
1150903,2026/9/3,上市,6767,台微醫,----,---,----,----,----,0,0,0,TWSE_CSV,2026/9/3 15:37
1150903,2026/9/3,上市,6785,昱展新藥,90.70,-0.50,91.20,92.70,90.60,35000,3194900,32,TWSE_CSV,2026/9/3 15:37
1150903,2026/9/3,上市,6788,華景電,355.00,-13.00,368.50,371.50,355.00,247000,89556000,240,TWSE_CSV,2026/9/3 15:37
1150903,2026/9/3,上市,6791,虎門科技,99.50,-1.00,100.50,100.50,99.50,4000,400000,4,TWSE_CSV,2026/9/3 15:37
1150903,2026/9/3,上市,6803,崑鼎,271.00,+1.50,270.50,271.00,269.50,48000,12974500,43,TWSE_CSV,2026/9/3 15:37
1150903,2026/9/3,上市,6804,明係,18.35,-0.05,18.40,18.50,18.35,66000,1218400,18,TWSE_CSV,2026/9/3 15:37
1150903,2026/9/3,上市,6811,宏碁資訊,220.00,-4.50,224.50,225.00,219.50,59000,13080000,57,TWSE_CSV,2026/9/3 15:37
1150903,2026/9/3,上市,6821,聯寶,41.40,-0.60,42.50,42.75,41.20,74000,3076300,69,TWSE_CSV,2026/9/3 15:37
1150903,2026/9/3,上市,6823,濾能,59.50,-1.30,61.20,61.20,59.40,145000,8679500,110,TWSE_CSV,2026/9/3 15:37
1150903,2026/9/3,上市,6829,千附精密,231.50,-11.50,246.00,246.00,231.50,875000,207752500,725,TWSE_CSV,2026/9/3 15:37
1150903,2026/9/3,上市,6840,東研信超,90.10,-2.20,92.30,97.10,90.10,461000,42959700,375,TWSE_CSV,2026/9/3 15:37
1150903,2026/9/3,上市,6841,長佳智能,52.70,-0.90,54.10,54.10,52.70,279000,14809200,179,TWSE_CSV,2026/9/3 15:37
1150903,2026/9/3,上市,6843,進典,38.00,-0.40,38.40,38.40,38.00,9000,344300,9,TWSE_CSV,2026/9/3 15:37
1150903,2026/9/3,上市,6844,諾貝兒,60.00,-0.20,59.90,60.00,59.80,19000,1138300,13,TWSE_CSV,2026/9/3 15:37
1150903,2026/9/3,上市,6846,綠茵,58.30,+0.20,58.20,58.30,58.20,2000,116500,2,TWSE_CSV,2026/9/3 15:37
1150903,2026/9/3,上市,6855,數泓科,----,---,----,----,----,0,0,0,TWSE_CSV,2026/9/3 15:37
1150903,2026/9/3,上市,6856,鑫傳,----,---,----,----,----,0,0,0,TWSE_CSV,2026/9/3 15:37
1150903,2026/9/3,上市,6859,伯特光,112.00,-1.50,114.50,115.00,110.50,56000,6280000,52,TWSE_CSV,2026/9/3 15:37
1150903,2026/9/3,上市,6865,偉康科技,25.10,-0.05,24.60,25.20,24.50,18000,451050,10,TWSE_CSV,2026/9/3 15:37
1150903,2026/9/3,上市,6870,騰雲,288.00,-4.00,292.00,296.50,281.00,89000,25654000,79,TWSE_CSV,2026/9/3 15:37
1150903,2026/9/3,上市,6872,浩宇生醫,16.90,+1.50,16.50,16.90,16.30,259000,4344150,133,TWSE_CSV,2026/9/3 15:37
1150903,2026/9/3,上市,6874,倍力,70.10,除權息,73.20,73.80,70.10,128000,9154200,113,TWSE_CSV,2026/9/3 15:37
1150903,2026/9/3,上市,6875,國邑*,33.00,+0.30,32.75,33.20,31.90,179000,5832450,118,TWSE_CSV,2026/9/3 15:37
1150903,2026/9/3,上市,6877,鏵友益,110.00,-3.50,112.50,112.50,109.50,86000,9578500,59,TWSE_CSV,2026/9/3 15:37
1150903,2026/9/3,上市,6881,潤德,215.00,-1.00,215.00,215.00,215.00,1000,215000,1,TWSE_CSV,2026/9/3 15:37
1150903,2026/9/3,上市,6884,海柏特,29.45,-0.10,29.50,29.50,29.35,10000,294550,8,TWSE_CSV,2026/9/3 15:37
1150903,2026/9/3,上市,6894,衛司特,349.00,-7.00,353.00,357.00,349.00,28000,9862500,28,TWSE_CSV,2026/9/3 15:37
1150903,2026/9/3,上市,6895,宏碩系統,153.00,-8.50,162.00,162.50,153.00,105000,16349500,94,TWSE_CSV,2026/9/3 15:37
1150903,2026/9/3,上市,6899,創為精密,49.70,-0.15,49.85,49.90,49.70,9000,448300,9,TWSE_CSV,2026/9/3 15:37
1150903,2026/9/3,上市,6903,巨漢,305.50,-4.50,311.00,315.50,305.50,220000,68370500,208,TWSE_CSV,2026/9/3 15:37
1150903,2026/9/3,上市,6904,伯鑫,----,---,----,----,----,0,0,0,TWSE_CSV,2026/9/3 15:37
1150903,2026/9/3,上市,6907,雅特力-KY,177.50,-13.50,191.50,193.00,173.00,1516000,280079500,1280,TWSE_CSV,2026/9/3 15:37
1150903,2026/9/3,上市,6910,德鴻,24.80,-0.50,25.25,25.25,24.80,15000,376000,13,TWSE_CSV,2026/9/3 15:37
1150903,2026/9/3,上市,6913,鴻呈,149.00,-4.00,154.00,157.00,149.00,576000,87707000,482,TWSE_CSV,2026/9/3 15:37
1150903,2026/9/3,上市,6922,宸曜,201.00,-5.50,208.00,210.00,201.00,154000,31491500,138,TWSE_CSV,2026/9/3 15:37
1150903,2026/9/3,上市,6925,意藍,50.00,-0.60,50.50,50.50,50.00,7000,350700,7,TWSE_CSV,2026/9/3 15:37
1150903,2026/9/3,上市,6929,佑全,22.40,-0.35,22.30,22.40,22.05,8000,177200,7,TWSE_CSV,2026/9/3 15:37
1150903,2026/9/3,上市,6945,圓祥生技,97.40,-0.20,98.20,99.90,93.00,156000,15019700,138,TWSE_CSV,2026/9/3 15:37
1150903,2026/9/3,上市,6953,家碩,237.50,-4.00,242.00,246.50,237.50,10000,2420500,10,TWSE_CSV,2026/9/3 15:37
1150903,2026/9/3,上市,6961,旅天下,50.00,-0.20,50.00,50.20,49.95,50000,2500850,34,TWSE_CSV,2026/9/3 15:37
1150903,2026/9/3,上市,6967,汎瑋材料,69.30,-2.70,72.20,72.20,69.30,123000,8667300,99,TWSE_CSV,2026/9/3 15:37
1150903,2026/9/3,上市,6968,萬達寵物,41.75,+0.05,41.70,41.80,41.50,59000,2459700,35,TWSE_CSV,2026/9/3 15:37
1150903,2026/9/3,上市,6971,惠民實業,26.05,+0.05,26.00,26.15,25.95,21000,546350,15,TWSE_CSV,2026/9/3 15:37
1150903,2026/9/3,上市,6982,大井泵浦,47.65,-0.55,47.30,47.95,47.30,9000,427400,9,TWSE_CSV,2026/9/3 15:37
1150903,2026/9/3,上市,6983,華洋精機,358.00,+12.50,356.50,361.00,351.00,63000,22508500,59,TWSE_CSV,2026/9/3 15:37
1150903,2026/9/3,上市,6986,和迅,41.50,-1.00,42.20,42.65,40.50,45000,1880150,40,TWSE_CSV,2026/9/3 15:37
1150903,2026/9/3,上市,6996,力領科技,183.00,+0.50,184.00,187.00,183.00,125000,23151000,92,TWSE_CSV,2026/9/3 15:37
1150903,2026/9/3,上市,6997,博弘,68.00,0.00,68.00,68.00,68.00,3000,204000,1,TWSE_CSV,2026/9/3 15:37
1150903,2026/9/3,上市,7402,邑錡,103.00,-4.50,106.00,108.50,103.00,499000,52610000,361,TWSE_CSV,2026/9/3 15:37
1150903,2026/9/3,上市,7547,碩網,50.60,-0.20,50.50,50.60,50.50,2000,101100,2,TWSE_CSV,2026/9/3 15:37
1150903,2026/9/3,上市,7556,意德士,245.00,-7.50,252.50,252.50,245.00,31000,7713000,30,TWSE_CSV,2026/9/3 15:37
1150903,2026/9/3,上市,7584,樂意,26.50,-0.30,26.30,27.20,25.60,7000,183150,7,TWSE_CSV,2026/9/3 15:37
1150903,2026/9/3,上市,7642,昶瑞機電,76.20,-0.80,77.00,77.70,76.20,8000,613200,8,TWSE_CSV,2026/9/3 15:37
1150903,2026/9/3,上市,7703,銳澤,185.50,+6.50,180.00,188.50,180.00,137000,25473500,122,TWSE_CSV,2026/9/3 15:37
1150903,2026/9/3,上市,7704,明遠精密,60.10,-1.50,61.30,62.00,59.80,81000,4911200,58,TWSE_CSV,2026/9/3 15:37
1150903,2026/9/3,上市,7708,全家餐飲,91.90,-0.10,91.80,92.00,91.80,8000,735700,8,TWSE_CSV,2026/9/3 15:37
1150903,2026/9/3,上市,7709,榮田,70.30,-3.30,75.20,75.20,70.30,58000,4200900,50,TWSE_CSV,2026/9/3 15:37
1150903,2026/9/3,上市,7712,博盛半導體,152.00,-0.50,153.50,158.00,152.00,318000,49164000,275,TWSE_CSV,2026/9/3 15:37
1150903,2026/9/3,上市,7713,威力德生醫,74.00,0.00,73.80,74.00,73.80,20000,1479800,12,TWSE_CSV,2026/9/3 15:37
1150903,2026/9/3,上市,7714,創泓科技,160.00,-8.00,163.50,166.00,160.00,275000,44507000,229,TWSE_CSV,2026/9/3 15:37
1150903,2026/9/3,上市,7715,裕山,28.90,-0.10,29.00,29.05,28.90,31000,897700,14,TWSE_CSV,2026/9/3 15:37
1150903,2026/9/3,上市,7716,昱臺國際,23.80,-0.15,23.50,23.90,23.50,11000,262000,4,TWSE_CSV,2026/9/3 15:37
1150903,2026/9/3,上市,7717,萊德光電-KY,409.00,-14.00,425.00,429.50,409.00,131000,54812000,127,TWSE_CSV,2026/9/3 15:37
1150903,2026/9/3,上市,7718,友鋮,46.85,-0.60,46.85,46.85,46.80,13000,608500,8,TWSE_CSV,2026/9/3 15:37
1150903,2026/9/3,上市,7723,築間,18.80,-0.05,18.90,19.00,18.80,15000,283100,14,TWSE_CSV,2026/9/3 15:37
1150903,2026/9/3,上市,7728,光焱科技,639.00,-28.00,675.00,678.00,636.00,32000,20862000,31,TWSE_CSV,2026/9/3 15:37
1150903,2026/9/3,上市,7734,印能科技,2710.00,-85.00,2805.00,2925.00,2710.00,163000,458615000,160,TWSE_CSV,2026/9/3 15:37
1150903,2026/9/3,上市,7738,東聯互動,175.00,+4.00,171.00,175.00,170.50,119000,20623000,89,TWSE_CSV,2026/9/3 15:37
1150903,2026/9/3,上市,7743,金利食安,21.80,+0.60,21.30,21.90,21.20,76000,1624300,37,TWSE_CSV,2026/9/3 15:37
1150903,2026/9/3,上市,7744,崴寶,521.00,-19.00,538.00,540.00,518.00,122000,64499000,120,TWSE_CSV,2026/9/3 15:37
1150903,2026/9/3,上市,7747,昕奇雲端,113.00,0.00,112.50,113.00,112.50,2000,225500,2,TWSE_CSV,2026/9/3 15:37
1150903,2026/9/3,上市,7751,竑騰,1465.00,-90.00,1555.00,1590.00,1450.00,472000,719620000,425,TWSE_CSV,2026/9/3 15:37
1150903,2026/9/3,上市,7753,星亞,36.30,-0.05,36.35,36.80,36.20,24000,873750,20,TWSE_CSV,2026/9/3 15:37
1150903,2026/9/3,上市,7757,金色三麥,----,---,----,----,----,0,0,0,TWSE_CSV,2026/9/3 15:37
1150903,2026/9/3,上市,7767,仁大資訊,44.95,-0.05,45.00,45.00,44.90,10000,449550,7,TWSE_CSV,2026/9/3 15:37
1150903,2026/9/3,上市,7770,君曜,35.75,-0.10,35.85,35.85,34.95,6000,211500,6,TWSE_CSV,2026/9/3 15:37
1150903,2026/9/3,上市,7772,耀穎,99.50,+9.00,91.50,99.50,90.50,218000,21023500,199,TWSE_CSV,2026/9/3 15:37
1150903,2026/9/3,上市,7777,能率亞洲,38.05,-1.10,39.25,39.40,38.05,1499000,57880950,1030,TWSE_CSV,2026/9/3 15:37
1150903,2026/9/3,上市,7782,光速火箭,26.55,+0.60,27.25,27.25,26.35,25000,673200,21,TWSE_CSV,2026/9/3 15:37
1150903,2026/9/3,上市,7792,安葆,305.00,-3.00,309.50,315.50,305.00,194000,60026000,171,TWSE_CSV,2026/9/3 15:37
1150903,2026/9/3,上市,7794,宏碁智新,28.40,-0.05,28.40,28.45,28.40,12000,341100,12,TWSE_CSV,2026/9/3 15:37
1150903,2026/9/3,上市,7805,威聯通,502.00,-21.00,522.00,522.00,502.00,91000,46333000,82,TWSE_CSV,2026/9/3 15:37
1150903,2026/9/3,上市,7810,捷創科技,218.50,-3.50,222.50,228.00,218.50,76000,16966000,72,TWSE_CSV,2026/9/3 15:37
1150903,2026/9/3,上市,7811,民盛,73.10,+0.20,73.10,73.10,73.10,12000,877200,4,TWSE_CSV,2026/9/3 15:37
1150903,2026/9/3,上市,7814,海昌生技,29.00,-0.30,29.20,29.25,29.00,35000,1018700,29,TWSE_CSV,2026/9/3 15:37
1150903,2026/9/3,上市,7819,精誠金融,36.30,-0.10,37.00,37.05,36.30,50000,1834950,33,TWSE_CSV,2026/9/3 15:37
1150903,2026/9/3,上市,7820,立盈,118.00,-1.50,120.00,120.00,117.50,12000,1420500,11,TWSE_CSV,2026/9/3 15:37
1150903,2026/9/3,上市,7828,創新服務,1755.00,-5.00,1770.00,1855.00,1720.00,200000,358790000,196,TWSE_CSV,2026/9/3 15:37
1150903,2026/9/3,上市,7839,達人網,44.30,+0.10,44.45,44.45,44.30,5000,222100,3,TWSE_CSV,2026/9/3 15:37
1150903,2026/9/3,上市,7842,天能綠電,98.90,0.00,100.00,101.00,97.30,20000,1970700,20,TWSE_CSV,2026/9/3 15:37
1150903,2026/9/3,上市,8024,佑華,12.90,-0.10,12.90,12.90,12.70,53000,676850,35,TWSE_CSV,2026/9/3 15:37
1150903,2026/9/3,上市,8027,鈦昇,177.00,-5.00,184.00,192.50,176.50,5860000,1082360000,4688,TWSE_CSV,2026/9/3 15:37
1150903,2026/9/3,上市,8032,光菱,35.40,-0.55,35.95,36.30,35.40,44000,1570500,36,TWSE_CSV,2026/9/3 15:37
1150903,2026/9/3,上市,8034,榮群,19.50,-0.35,19.80,19.80,19.50,47000,922600,34,TWSE_CSV,2026/9/3 15:37
1150903,2026/9/3,上市,8038,長園科,30.85,-0.75,31.50,31.75,30.85,161000,5054850,100,TWSE_CSV,2026/9/3 15:37
1150903,2026/9/3,上市,8040,九暘,74.70,-8.20,85.90,85.90,74.70,4697000,371022900,3395,TWSE_CSV,2026/9/3 15:37
1150903,2026/9/3,上市,8042,金山電,100.50,-10.50,113.00,113.50,100.00,6165000,647770500,4257,TWSE_CSV,2026/9/3 15:37
1150903,2026/9/3,上市,8043,蜜望實,135.50,-6.50,143.00,145.00,135.00,2194000,305008500,1864,TWSE_CSV,2026/9/3 15:37
1150903,2026/9/3,上市,8044,網家,23.75,-0.50,24.25,24.25,23.70,376000,9000300,255,TWSE_CSV,2026/9/3 15:37
1150903,2026/9/3,上市,8047,星雲,42.30,-1.70,44.00,44.00,42.30,26000,1106100,23,TWSE_CSV,2026/9/3 15:37
1150903,2026/9/3,上市,8048,德勝,50.00,-2.90,53.50,53.50,50.00,133000,6786000,121,TWSE_CSV,2026/9/3 15:37
1150903,2026/9/3,上市,8049,晶采,24.45,-0.05,24.55,24.60,24.45,126000,3089250,64,TWSE_CSV,2026/9/3 15:37
1150903,2026/9/3,上市,8050,廣積,54.20,-2.20,56.80,56.80,54.20,1877000,103530300,1200,TWSE_CSV,2026/9/3 15:37
1150903,2026/9/3,上市,8054,安國,80.10,-3.10,83.80,84.70,80.10,695000,57095300,561,TWSE_CSV,2026/9/3 15:37
1150903,2026/9/3,上市,8059,凱碩,13.30,-0.20,13.60,13.60,13.30,97000,1299750,59,TWSE_CSV,2026/9/3 15:37
1150903,2026/9/3,上市,8064,東捷,102.00,-2.50,105.50,114.50,101.50,11907000,1308090000,7529,TWSE_CSV,2026/9/3 15:37
1150903,2026/9/3,上市,8066,來思達,14.50,-0.05,14.45,14.50,14.40,11000,158700,11,TWSE_CSV,2026/9/3 15:37
1150903,2026/9/3,上市,8067,志旭,11.90,-0.20,12.40,12.40,11.70,16000,190250,13,TWSE_CSV,2026/9/3 15:37
1150903,2026/9/3,上市,8068,全達,16.85,-0.10,17.00,17.10,16.80,48000,814050,37,TWSE_CSV,2026/9/3 15:37
1150903,2026/9/3,上市,8069,元太,147.00,-7.50,155.00,155.50,147.00,9256000,1397679500,5167,TWSE_CSV,2026/9/3 15:37
1150903,2026/9/3,上市,8071,能率網通,23.00,-0.85,24.20,24.20,23.00,619000,14548700,397,TWSE_CSV,2026/9/3 15:37
1150903,2026/9/3,上市,8074,鉅橡,53.20,-2.10,55.50,56.00,53.20,372000,20224700,282,TWSE_CSV,2026/9/3 15:37
1150903,2026/9/3,上市,8076,伍豐,21.90,-0.45,22.35,22.50,21.90,1152000,25483550,523,TWSE_CSV,2026/9/3 15:37
1150903,2026/9/3,上市,8077,洛碁,43.80,-0.65,45.50,45.75,43.80,20000,906450,12,TWSE_CSV,2026/9/3 15:37
1150903,2026/9/3,上市,8080,泰霖,28.65,-0.70,29.15,29.15,28.60,32000,930300,10,TWSE_CSV,2026/9/3 15:37
1150903,2026/9/3,上市,8083,瑞穎,157.50,-1.00,158.50,159.00,157.00,40000,6310000,34,TWSE_CSV,2026/9/3 15:37
1150903,2026/9/3,上市,8084,巨虹,47.35,-0.20,49.00,49.00,45.60,465000,21821600,405,TWSE_CSV,2026/9/3 15:37
1150903,2026/9/3,上市,8085,福華,15.00,-0.80,15.95,15.95,14.95,878000,13438700,335,TWSE_CSV,2026/9/3 15:37
1150903,2026/9/3,上市,8086,宏捷科,112.00,-5.00,117.50,119.00,112.00,4332000,498457500,3055,TWSE_CSV,2026/9/3 15:37
1150903,2026/9/3,上市,8087,麗升能源,26.70,+0.20,26.45,26.70,26.20,11000,289350,9,TWSE_CSV,2026/9/3 15:37
1150903,2026/9/3,上市,8088,品安,42.95,-1.10,44.75,45.25,42.95,706000,30889700,526,TWSE_CSV,2026/9/3 15:37
1150903,2026/9/3,上市,8089,康全電訊,17.10,-0.35,17.50,17.75,17.10,130000,2250400,88,TWSE_CSV,2026/9/3 15:37
1150903,2026/9/3,上市,8091,翔名,214.50,-6.00,223.00,223.00,214.50,271000,59203000,225,TWSE_CSV,2026/9/3 15:37
1150903,2026/9/3,上市,8092,建暐,12.95,-0.15,12.90,13.20,12.85,49000,635450,25,TWSE_CSV,2026/9/3 15:37
1150903,2026/9/3,上市,8093,保銳,26.55,-0.60,26.65,26.70,26.50,49000,1302400,33,TWSE_CSV,2026/9/3 15:37
1150903,2026/9/3,上市,8096,擎亞,104.00,-5.50,111.00,115.50,104.00,4625000,500468500,3230,TWSE_CSV,2026/9/3 15:37
1150903,2026/9/3,上市,8097,常珵,48.80,-0.35,48.70,49.15,48.70,31000,1515600,27,TWSE_CSV,2026/9/3 15:37
1150903,2026/9/3,上市,8099,大世科,61.50,+1.60,61.20,61.80,60.00,383000,23406000,123,TWSE_CSV,2026/9/3 15:37
1150903,2026/9/3,上市,8102,傑霖科技,65.00,-0.10,65.00,65.00,65.00,5000,325000,4,TWSE_CSV,2026/9/3 15:37
1150903,2026/9/3,上市,8107,大億金茂,12.35,0.00,12.35,12.60,12.30,25000,309500,18,TWSE_CSV,2026/9/3 15:37
1150903,2026/9/3,上市,8109,博大,131.00,-5.00,139.00,139.00,130.50,818000,109144000,631,TWSE_CSV,2026/9/3 15:37
1150903,2026/9/3,上市,8111,立碁,72.00,-4.40,76.50,82.80,71.90,37791000,2897257600,23257,TWSE_CSV,2026/9/3 15:37
1150903,2026/9/3,上市,8121,越峰,26.85,-0.65,27.70,27.70,26.85,446000,12116450,316,TWSE_CSV,2026/9/3 15:37
1150903,2026/9/3,上市,8147,正淩,126.50,+0.50,126.00,131.50,124.00,159000,20397000,137,TWSE_CSV,2026/9/3 15:37
1150903,2026/9/3,上市,8155,博智,348.00,-21.00,366.50,371.00,348.00,851000,303966000,766,TWSE_CSV,2026/9/3 15:37
1150903,2026/9/3,上市,8171,天宇,19.30,-0.40,19.70,19.70,19.30,132000,2574000,92,TWSE_CSV,2026/9/3 15:37
1150903,2026/9/3,上市,8176,智捷,9.76,-0.18,9.95,9.95,9.61,53000,518770,28,TWSE_CSV,2026/9/3 15:37
1150903,2026/9/3,上市,8182,加高,38.00,-1.75,40.40,40.75,38.00,683000,26838000,533,TWSE_CSV,2026/9/3 15:37
1150903,2026/9/3,上市,8183,精星,28.35,-0.85,29.20,29.35,28.35,262000,7552350,175,TWSE_CSV,2026/9/3 15:37
1150903,2026/9/3,上市,8227,巨有科技,156.50,-4.00,160.50,163.00,156.00,372000,59249500,315,TWSE_CSV,2026/9/3 15:37
1150903,2026/9/3,上市,8234,新漢,65.90,-2.30,69.30,70.30,65.80,782000,52901900,596,TWSE_CSV,2026/9/3 15:37
1150903,2026/9/3,上市,8240,華宏,47.80,-2.90,49.95,52.10,47.55,1339000,66121400,962,TWSE_CSV,2026/9/3 15:37
1150903,2026/9/3,上市,8255,朋程,145.00,-1.50,148.00,150.50,145.00,280000,41487000,211,TWSE_CSV,2026/9/3 15:37
1150903,2026/9/3,上市,8272,全景軟體,63.50,-2.30,64.00,64.00,63.40,5000,318400,5,TWSE_CSV,2026/9/3 15:37
1150903,2026/9/3,上市,8277,商丞,7.99,-0.01,7.75,8.15,7.75,205000,1636020,72,TWSE_CSV,2026/9/3 15:37
1150903,2026/9/3,上市,8279,生展,80.00,+0.40,80.60,80.80,79.70,9000,721700,8,TWSE_CSV,2026/9/3 15:37
1150903,2026/9/3,上市,8284,三竹,65.70,-0.10,66.20,66.20,64.90,35000,2297500,21,TWSE_CSV,2026/9/3 15:37
1150903,2026/9/3,上市,8289,泰藝,44.20,-3.20,47.20,47.70,44.00,541000,24867100,390,TWSE_CSV,2026/9/3 15:37
1150903,2026/9/3,上市,8291,尚茂,32.00,-1.00,32.95,33.00,32.00,5000,161950,5,TWSE_CSV,2026/9/3 15:37
1150903,2026/9/3,上市,8299,群聯,2000.00,-65.00,2085.00,2120.00,1990.00,3126000,6412905000,2598,TWSE_CSV,2026/9/3 15:37
1150903,2026/9/3,上市,8342,益張,----,---,----,----,----,0,0,0,TWSE_CSV,2026/9/3 15:37
1150903,2026/9/3,上市,8349,恒耀,39.00,+0.30,38.70,39.20,38.60,182000,7083350,66,TWSE_CSV,2026/9/3 15:37
1150903,2026/9/3,上市,8349A,恒耀甲特,45.55,+0.05,45.55,45.55,45.55,1000,45550,1,TWSE_CSV,2026/9/3 15:37
1150903,2026/9/3,上市,8354,冠好,17.70,0.00,17.80,18.00,17.45,252000,4450500,78,TWSE_CSV,2026/9/3 15:37
1150903,2026/9/3,上市,8358,金居,470.00,-33.00,513.00,514.00,470.00,7118000,3478256500,5620,TWSE_CSV,2026/9/3 15:37
1150903,2026/9/3,上市,8383,千附,64.20,-1.60,66.40,66.50,64.20,956000,62512100,705,TWSE_CSV,2026/9/3 15:37
1150903,2026/9/3,上市,8390,金益鼎,97.10,-0.30,97.70,98.20,97.10,165000,16101000,135,TWSE_CSV,2026/9/3 15:37
1150903,2026/9/3,上市,8401,白紗科,22.80,+0.05,22.90,22.90,22.80,2000,45700,2,TWSE_CSV,2026/9/3 15:37
1150903,2026/9/3,上市,8403,盛弘,19.00,-0.05,18.95,19.10,18.95,65000,1236350,46,TWSE_CSV,2026/9/3 15:37
1150903,2026/9/3,上市,8409,商之器,18.05,-0.10,18.15,18.15,18.05,11000,199300,7,TWSE_CSV,2026/9/3 15:37
1150903,2026/9/3,上市,8410,森田,30.50,+0.05,30.45,30.50,30.45,4000,121950,4,TWSE_CSV,2026/9/3 15:37
1150903,2026/9/3,上市,8415,大國鋼,37.35,+0.10,37.50,37.80,37.30,518000,19471500,444,TWSE_CSV,2026/9/3 15:37
1150903,2026/9/3,上市,8416,實威,----,---,----,----,----,0,0,0,TWSE_CSV,2026/9/3 15:37
1150903,2026/9/3,上市,8421,旭源,12.80,-0.30,12.95,13.30,12.70,213000,2749900,108,TWSE_CSV,2026/9/3 15:37
1150903,2026/9/3,上市,8423,保綠-KY,18.15,+0.15,18.15,18.30,18.15,30000,547200,20,TWSE_CSV,2026/9/3 15:37
1150903,2026/9/3,上市,8424,惠普,68.80,0.00,68.80,68.80,68.80,7000,481600,5,TWSE_CSV,2026/9/3 15:37
1150903,2026/9/3,上市,8426,紅木-KY,20.65,-0.45,21.10,21.10,20.65,11000,228750,10,TWSE_CSV,2026/9/3 15:37
1150903,2026/9/3,上市,8431,匯鑽科,63.70,+3.90,59.10,65.70,58.70,7618000,485594300,4464,TWSE_CSV,2026/9/3 15:37
1150903,2026/9/3,上市,8432,東生華,50.30,-0.30,50.60,50.80,50.30,58000,2925200,32,TWSE_CSV,2026/9/3 15:37
1150903,2026/9/3,上市,8433,弘帆,54.70,-0.50,55.20,55.20,54.50,17000,932000,15,TWSE_CSV,2026/9/3 15:37
1150903,2026/9/3,上市,8435,鉅邁,53.40,-0.30,53.50,53.70,53.10,6000,320300,6,TWSE_CSV,2026/9/3 15:37
1150903,2026/9/3,上市,8436,大江,112.00,-2.00,114.00,115.00,112.00,784000,88447500,602,TWSE_CSV,2026/9/3 15:37
1150903,2026/9/3,上市,8437,大地-KY,9.21,+0.02,9.19,9.28,9.19,4000,36890,4,TWSE_CSV,2026/9/3 15:37
1150903,2026/9/3,上市,8440,綠電,20.05,-0.10,20.05,20.10,19.80,61000,1215750,38,TWSE_CSV,2026/9/3 15:37
1150903,2026/9/3,上市,8444,綠河-KY,4.60,+0.09,4.60,4.60,4.50,4000,18300,3,TWSE_CSV,2026/9/3 15:37
1150903,2026/9/3,上市,8446,華研,85.60,+0.40,85.20,85.60,85.20,58000,4956900,42,TWSE_CSV,2026/9/3 15:37
1150903,2026/9/3,上市,8450,霹靂,14.50,-0.15,14.40,14.50,14.20,32000,460350,29,TWSE_CSV,2026/9/3 15:37
1150903,2026/9/3,上市,8455,大拓-KY,22.50,-1.10,23.55,23.55,22.50,2000,46050,2,TWSE_CSV,2026/9/3 15:37
1150903,2026/9/3,上市,8472,夠麻吉,68.00,+0.30,67.00,68.00,67.00,8000,537600,5,TWSE_CSV,2026/9/3 15:37
1150903,2026/9/3,上市,8477,創業家,15.30,0.00,15.30,15.30,15.30,1000,15300,1,TWSE_CSV,2026/9/3 15:37
1150903,2026/9/3,上市,8489,三貝德,21.90,+0.10,21.80,21.95,21.80,45000,982000,29,TWSE_CSV,2026/9/3 15:37
1150903,2026/9/3,上市,8905,裕國,34.20,+0.20,34.00,34.25,34.00,6000,204450,4,TWSE_CSV,2026/9/3 15:37
1150903,2026/9/3,上市,8906,花王,29.35,+0.70,28.70,29.60,28.70,62000,1824450,31,TWSE_CSV,2026/9/3 15:37
1150903,2026/9/3,上市,8908,欣雄,39.95,除權,40.45,40.50,39.80,40000,1605950,34,TWSE_CSV,2026/9/3 15:37
1150903,2026/9/3,上市,8916,光隆,40.95,-0.05,41.25,41.30,40.95,27000,1108950,21,TWSE_CSV,2026/9/3 15:37
1150903,2026/9/3,上市,8917,欣泰,52.50,-0.10,52.60,52.60,52.20,44000,2303900,13,TWSE_CSV,2026/9/3 15:37
1150903,2026/9/3,上市,8921,沈氏,16.30,-0.10,16.60,16.60,16.30,2000,32900,2,TWSE_CSV,2026/9/3 15:37
1150903,2026/9/3,上市,8923,時報,----,---,----,----,----,0,0,0,TWSE_CSV,2026/9/3 15:37
1150903,2026/9/3,上市,8924,大田,50.30,+0.10,50.20,50.30,50.00,96000,4805100,73,TWSE_CSV,2026/9/3 15:37
1150903,2026/9/3,上市,8927,北基,19.50,-0.05,19.55,19.75,19.40,81000,1584300,58,TWSE_CSV,2026/9/3 15:37
1150903,2026/9/3,上市,8928,鉅明,24.75,+0.30,24.70,24.75,24.45,11000,271850,9,TWSE_CSV,2026/9/3 15:37
1150903,2026/9/3,上市,8929,富堡,13.10,+0.05,13.10,13.10,13.10,3000,39300,3,TWSE_CSV,2026/9/3 15:37
1150903,2026/9/3,上市,8930,青鋼,30.10,+0.10,30.00,30.10,30.00,11000,330100,9,TWSE_CSV,2026/9/3 15:37
1150903,2026/9/3,上市,8931,大汽電,40.95,-0.25,41.15,41.15,40.90,20000,820500,13,TWSE_CSV,2026/9/3 15:37
1150903,2026/9/3,上市,8932,智通*,89.70,-1.10,90.80,92.40,89.70,1753000,158842300,898,TWSE_CSV,2026/9/3 15:37
1150903,2026/9/3,上市,8933,愛地雅,4.66,-0.02,4.68,4.68,4.50,31000,142920,15,TWSE_CSV,2026/9/3 15:37
1150903,2026/9/3,上市,8935,邦泰,18.00,-0.10,17.75,18.15,17.75,88000,1580950,45,TWSE_CSV,2026/9/3 15:37
1150903,2026/9/3,上市,8936,國統,50.30,-0.60,51.20,51.20,50.30,1078000,54585500,633,TWSE_CSV,2026/9/3 15:37
1150903,2026/9/3,上市,8937,合騏*,29.10,-0.50,30.00,30.40,29.05,146000,4324200,80,TWSE_CSV,2026/9/3 15:37
1150903,2026/9/3,上市,8938,明安,50.80,-0.10,51.00,51.00,50.70,102000,5189400,43,TWSE_CSV,2026/9/3 15:37
1150903,2026/9/3,上市,8941,關中,43.80,-0.20,44.00,44.00,43.80,2000,87800,2,TWSE_CSV,2026/9/3 15:37
1150903,2026/9/3,上市,8942,森鉅,42.50,+0.50,42.20,42.90,42.20,295000,12542000,193,TWSE_CSV,2026/9/3 15:37
1150903,2026/9/3,上市,009806,台新標普500,13.55,+0.06,13.55,13.55,13.55,2000,27100,2,TWSE_CSV,2026/9/3 15:37
1150903,2026/9/3,上市,009807,台新標普科技精選,16.59,+0.01,16.67,16.67,16.59,20000,332240,9,TWSE_CSV,2026/9/3 15:37
1150903,2026/9/3,上市,009814,富邦標普500,11.31,+0.03,11.29,11.32,11.29,409000,4627190,133,TWSE_CSV,2026/9/3 15:37
1150903,2026/9/3,上市,009815,大華美國MAG7+,11.40,+0.04,11.39,11.46,11.39,1331000,15227810,289,TWSE_CSV,2026/9/3 15:37
1150903,2026/9/3,上市,009822,華南永昌未來金融,9.66,+0.22,9.56,9.68,9.56,472000,4555150,44,TWSE_CSV,2026/9/3 15:37
1150903,2026/9/3,上市,009823,群益S&P500,10.36,+0.02,10.36,10.40,10.36,1596000,16577200,469,TWSE_CSV,2026/9/3 15:37
1150903,2026/9/3,上市,009825,聯邦美國金融創新,10.02,+0.11,9.98,10.04,9.97,685000,6856760,47,TWSE_CSV,2026/9/3 15:37
1150903,2026/9/3,上市,9949,琉園,24.20,+0.15,24.00,24.20,24.00,11000,264400,5,TWSE_CSV,2026/9/3 15:37
1150903,2026/9/3,上市,9950,萬國通,10.30,+0.05,10.25,10.40,10.25,43000,445000,24,TWSE_CSV,2026/9/3 15:37
1150903,2026/9/3,上市,9951,皇田,50.60,除息,50.40,50.70,50.30,165000,8332500,131,TWSE_CSV,2026/9/3 15:37
1150903,2026/9/3,上市,9960,邁達康,30.25,+0.15,29.10,30.25,29.05,3000,88400,3,TWSE_CSV,2026/9/3 15:37
1150903,2026/9/3,上市,9962,有益,10.30,0.00,10.30,10.35,10.15,35000,359900,23,TWSE_CSV,2026/9/3 15:37
1150903,2026/9/3,上市,020001,富邦存股雙十N,----,---,----,----,----,0,0,0,TWSE_CSV,2026/9/3 15:37
1150903,2026/9/3,上市,020025,統一亞洲半導體N,36.70,-0.33,37.25,37.45,36.70,13000,484910,9,TWSE_CSV,2026/9/3 15:37
1150903,2026/9/3,上市,020033,統一恒生科期N,3.56,-0.01,3.57,3.57,3.56,34000,121330,3,TWSE_CSV,2026/9/3 15:37
1150903,2026/9/3,上市,020035,元大上櫃ESG高息N,----,---,----,----,----,0,0,0,TWSE_CSV,2026/9/3 15:37
1150903,2026/9/3,上市,020040,元大上櫃ESG龍頭N,----,---,----,----,----,0,0,0,TWSE_CSV,2026/9/3 15:37
1150903,2026/9/3,上市,020041,兆豐半導體氣候N,19.86,-0.77,21.00,21.00,19.86,8000,164400,5,TWSE_CSV,2026/9/3 15:37
