日期,西元日期,市場,股票代號,股票名稱,收盤價,漲跌,開盤價,最高價,最低價,成交股數,成交金額,成交筆數,資料來源,下載時間
1150825,2026-08-25,上市,00400A,主動國泰動能高息,14.38,0.0700,14.16,14.39,13.97,41436000,583979350,7788,TWSE_CSV,2026-08-25 14:15:35 +0800
1150825,2026-08-25,上市,00401A,主動摩根台灣鑫收,13.26,0.0200,13.13,13.26,13.00,6775000,88804150,645,TWSE_CSV,2026-08-25 14:15:35 +0800
1150825,2026-08-25,上市,00402A,主動安聯美國科技,9.46,-0.0300,9.43,9.46,9.40,2127000,20032150,414,TWSE_CSV,2026-08-25 14:15:35 +0800
1150825,2026-08-25,上市,00403A,主動統一升級50,9.94,0.0700,9.77,9.94,9.65,198684000,1933803200,36797,TWSE_CSV,2026-08-25 14:15:35 +0800
1150825,2026-08-25,上市,00404A,主動聯博動能50,9.46,0.0100,9.42,9.46,9.27,4108000,38403300,427,TWSE_CSV,2026-08-25 14:15:35 +0800
1150825,2026-08-25,上市,00405A,主動富邦台灣龍耀,8.33,0.1400,8.09,8.33,8.00,50933000,412878720,6472,TWSE_CSV,2026-08-25 14:15:35 +0800
1150825,2026-08-25,上市,00406A,主動中信台灣收益,9.41,0.0500,9.27,9.41,9.16,226431000,2090052440,33062,TWSE_CSV,2026-08-25 14:15:35 +0800
1150825,2026-08-25,上市,00407A,主動凱基台灣,9.44,0.1000,9.24,9.44,9.12,34303000,315816200,4749,TWSE_CSV,2026-08-25 14:15:35 +0800
1150825,2026-08-25,上市,00408A,主動第一金優股息,10.24,0.0300,10.12,10.24,10.01,1158000,11672410,213,TWSE_CSV,2026-08-25 14:15:35 +0800
1150825,2026-08-25,上市,00410A,主動永豐科技趨勢,11.29,0.2500,10.93,11.29,10.75,5098000,55566070,609,TWSE_CSV,2026-08-25 14:15:35 +0800
1150825,2026-08-25,上市,0050,元大台灣50,104.40,0.6000,102.90,104.40,102.40,54791000,5642521700,25458,TWSE_CSV,2026-08-25 14:15:35 +0800
1150825,2026-08-25,上市,0051,元大中型100,142.25,-0.1000,142.20,142.85,140.05,33000,4655250,27,TWSE_CSV,2026-08-25 14:15:35 +0800
1150825,2026-08-25,上市,0052,富邦科技,61.00,0.4500,60.00,61.00,59.65,10356000,621683500,4381,TWSE_CSV,2026-08-25 14:15:35 +0800
1150825,2026-08-25,上市,0053,元大電子,236.15,-3.8000,237.50,237.50,231.70,72000,16783800,50,TWSE_CSV,2026-08-25 14:15:35 +0800
1150825,2026-08-25,上市,0055,元大MSCI金融,44.49,0.8500,43.42,44.52,43.42,479000,21216870,254,TWSE_CSV,2026-08-25 14:15:35 +0800
1150825,2026-08-25,上市,0056,元大高股息,52.55,0.2500,52.00,52.55,51.70,19356000,1006237050,8510,TWSE_CSV,2026-08-25 14:15:35 +0800
1150825,2026-08-25,上市,0057,富邦摩台,311.20,-0.1500,305.60,311.20,305.60,12000,3699650,12,TWSE_CSV,2026-08-25 14:15:35 +0800
1150825,2026-08-25,上市,0061,元大寶滬深,24.24,0.1200,24.12,24.24,24.01,73000,1758910,29,TWSE_CSV,2026-08-25 14:15:35 +0800
1150825,2026-08-25,上市,006203,元大MSCI台灣,188.55,-1.4000,187.15,188.55,187.15,6000,1124300,5,TWSE_CSV,2026-08-25 14:15:35 +0800
1150825,2026-08-25,上市,006204,永豐臺灣加權,222.80,-0.8500,220.45,222.80,220.45,8000,1768050,4,TWSE_CSV,2026-08-25 14:15:35 +0800
1150825,2026-08-25,上市,006205,富邦上証,40.29,0.2300,40.04,40.30,39.90,179000,7161290,38,TWSE_CSV,2026-08-25 14:15:35 +0800
1150825,2026-08-25,上市,006206,元大上證50,37.43,0.1800,37.07,37.43,37.07,8000,297990,7,TWSE_CSV,2026-08-25 14:15:35 +0800
1150825,2026-08-25,上市,006207,復華滬深,32.20,0.1400,32.00,32.20,31.98,202000,6474560,10,TWSE_CSV,2026-08-25 14:15:35 +0800
1150825,2026-08-25,上市,006208,富邦台50,239.45,1.2500,235.85,239.45,234.60,1536000,362354050,899,TWSE_CSV,2026-08-25 14:15:35 +0800
1150825,2026-08-25,上市,00625K,富邦上証+R,,0.0000,,,,,,,TWSE_CSV,2026-08-25 14:15:35 +0800
1150825,2026-08-25,上市,00631L,元大台灣50正2,34.68,0.5700,33.60,34.68,33.34,133721000,4512168300,33828,TWSE_CSV,2026-08-25 14:15:35 +0800
1150825,2026-08-25,上市,00632R,元大台灣50反1,10.16,-0.0700,10.31,10.37,10.16,136844000,1408372540,11863,TWSE_CSV,2026-08-25 14:15:35 +0800
1150825,2026-08-25,上市,00633L,富邦上証正2,47.96,0.3100,47.65,48.15,47.30,1535000,73039740,332,TWSE_CSV,2026-08-25 14:15:35 +0800
1150825,2026-08-25,上市,00634R,富邦上証反1,3.15,0.0000,3.15,3.17,3.14,397000,1251680,15,TWSE_CSV,2026-08-25 14:15:35 +0800
1150825,2026-08-25,上市,00635U,期元大S&P黃金,48.07,0.0000,48.45,48.49,47.81,8394000,404442660,3006,TWSE_CSV,2026-08-25 14:15:35 +0800
1150825,2026-08-25,上市,00636,國泰中國A50,27.71,0.1400,27.59,27.75,27.55,286000,7896210,40,TWSE_CSV,2026-08-25 14:15:35 +0800
1150825,2026-08-25,上市,00636K,國泰中國A50+U,8.66,-0.0800,8.66,8.66,8.66,200,1732,2,TWSE_CSV,2026-08-25 14:15:35 +0800
1150825,2026-08-25,上市,00637L,元大滬深300正2,19.82,0.1500,19.76,19.90,19.55,13147000,259132140,1651,TWSE_CSV,2026-08-25 14:15:35 +0800
1150825,2026-08-25,上市,00638R,元大滬深300反1,6.73,-0.0100,6.72,6.75,6.72,143000,963070,15,TWSE_CSV,2026-08-25 14:15:35 +0800
1150825,2026-08-25,上市,00639,富邦深100,16.57,0.0800,16.49,16.60,16.38,540000,8889330,89,TWSE_CSV,2026-08-25 14:15:35 +0800
1150825,2026-08-25,上市,00640L,富邦日本正2,107.55,0.4000,106.55,107.90,106.30,52000,5561400,44,TWSE_CSV,2026-08-25 14:15:35 +0800
1150825,2026-08-25,上市,00641R,富邦日本反1,3.69,-0.0200,3.72,3.72,3.69,821000,3035680,63,TWSE_CSV,2026-08-25 14:15:35 +0800
1150825,2026-08-25,上市,00642U,期元大S&P石油,28.25,-0.2000,28.24,28.54,28.24,850000,24095690,282,TWSE_CSV,2026-08-25 14:15:35 +0800
1150825,2026-08-25,上市,00643,群益深証中小,18.40,0.2300,18.23,18.40,18.03,2884000,52631660,115,TWSE_CSV,2026-08-25 14:15:35 +0800
1150825,2026-08-25,上市,00643K,群益深証中小+R,3.84,0.0000,3.84,3.84,3.81,50000,191250,8,TWSE_CSV,2026-08-25 14:15:35 +0800
1150825,2026-08-25,上市,00645,富邦日本,57.75,0.2500,57.50,57.80,57.30,96000,5530800,39,TWSE_CSV,2026-08-25 14:15:35 +0800
1150825,2026-08-25,上市,00646,元大S&P500,76.95,0.2000,76.75,76.95,76.70,2026000,155801900,503,TWSE_CSV,2026-08-25 14:15:35 +0800
1150825,2026-08-25,上市,00647L,元大S&P500正2,138.50,0.2000,138.00,138.50,137.85,65000,8992400,20,TWSE_CSV,2026-08-25 14:15:35 +0800
1150825,2026-08-25,上市,00648R,元大S&P500反1,3.92,-0.0200,3.94,3.95,3.92,3710000,14587590,78,TWSE_CSV,2026-08-25 14:15:35 +0800
1150825,2026-08-25,上市,00650L,復華香港正2,17.23,0.0500,17.31,17.45,17.11,860000,14856900,242,TWSE_CSV,2026-08-25 14:15:35 +0800
1150825,2026-08-25,上市,00651R,復華香港反1,5.16,-0.0100,5.12,5.16,5.12,32000,164640,15,TWSE_CSV,2026-08-25 14:15:35 +0800
1150825,2026-08-25,上市,00652,富邦印度,33.20,-0.0600,33.16,33.22,33.09,169000,5598920,42,TWSE_CSV,2026-08-25 14:15:35 +0800
1150825,2026-08-25,上市,00653L,富邦印度正2,46.70,-0.3900,46.53,46.70,46.53,32000,1491100,20,TWSE_CSV,2026-08-25 14:15:35 +0800
1150825,2026-08-25,上市,00654R,富邦印度反1,6.71,0.0100,6.71,6.71,6.71,7000,46970,3,TWSE_CSV,2026-08-25 14:15:35 +0800
1150825,2026-08-25,上市,00655L,國泰中國A50正2,33.35,0.2900,33.10,33.46,32.90,1164000,38587320,145,TWSE_CSV,2026-08-25 14:15:35 +0800
1150825,2026-08-25,上市,00656R,國泰中國A50反1,5.90,-0.0100,5.92,5.93,5.90,1274000,7538210,44,TWSE_CSV,2026-08-25 14:15:35 +0800
1150825,2026-08-25,上市,00657,國泰日經225,77.40,0.1500,77.25,77.40,77.25,2000,154650,2,TWSE_CSV,2026-08-25 14:15:35 +0800
1150825,2026-08-25,上市,00657K,國泰日經225+U,24.35,0.0100,24.35,24.35,24.35,200,4870,2,TWSE_CSV,2026-08-25 14:15:35 +0800
1150825,2026-08-25,上市,00660,元大歐洲50,46.61,0.0100,46.61,46.61,46.49,22000,1024220,5,TWSE_CSV,2026-08-25 14:15:35 +0800
1150825,2026-08-25,上市,00661,元大日經225,85.30,0.0000,84.65,85.30,84.10,26000,2197400,21,TWSE_CSV,2026-08-25 14:15:35 +0800
1150825,2026-08-25,上市,00662,富邦NASDAQ,119.40,0.1000,118.85,119.40,118.80,1629000,193816100,644,TWSE_CSV,2026-08-25 14:15:35 +0800
1150825,2026-08-25,上市,00663L,國泰臺灣加權正2,99.20,1.5000,96.15,99.20,95.25,5649000,545539950,2046,TWSE_CSV,2026-08-25 14:15:35 +0800
1150825,2026-08-25,上市,00664R,國泰臺灣加權反1,1.65,-0.0100,1.67,1.68,1.64,18604000,30976640,918,TWSE_CSV,2026-08-25 14:15:35 +0800
1150825,2026-08-25,上市,00665L,富邦恒生國企正2,9.40,-0.0200,9.44,9.53,9.35,6824000,64235950,522,TWSE_CSV,2026-08-25 14:15:35 +0800
1150825,2026-08-25,上市,00666R,富邦恒生國企反1,9.05,0.0300,8.96,9.07,8.96,572000,5180610,21,TWSE_CSV,2026-08-25 14:15:35 +0800
1150825,2026-08-25,上市,00668,國泰美國道瓊,62.35,0.4000,62.30,62.35,62.20,115000,7159750,13,TWSE_CSV,2026-08-25 14:15:35 +0800
1150825,2026-08-25,上市,00668K,國泰美國道瓊+U,19.54,0.0500,19.54,19.54,19.54,200,3908,2,TWSE_CSV,2026-08-25 14:15:35 +0800
1150825,2026-08-25,上市,00669R,國泰美國道瓊反1,5.18,-0.0300,5.19,5.20,5.18,373000,1933810,63,TWSE_CSV,2026-08-25 14:15:35 +0800
1150825,2026-08-25,上市,00670L,富邦NASDAQ正2,196.00,-0.2000,194.80,196.10,194.25,308000,60068500,156,TWSE_CSV,2026-08-25 14:15:35 +0800
1150825,2026-08-25,上市,00671R,富邦NASDAQ反1,2.45,-0.0100,2.46,2.47,2.45,3009000,7393700,109,TWSE_CSV,2026-08-25 14:15:35 +0800
1150825,2026-08-25,上市,00673R,期元大S&P原油反1,12.22,0.0800,12.23,12.23,12.10,10673000,129878960,1096,TWSE_CSV,2026-08-25 14:15:35 +0800
1150825,2026-08-25,上市,00674R,期元大S&P黃金反1,26.37,0.0000,26.19,26.50,26.16,416000,10941870,84,TWSE_CSV,2026-08-25 14:15:35 +0800
1150825,2026-08-25,上市,00675L,富邦臺灣加權正2,300.60,4.7000,291.40,300.60,288.80,852000,249448500,509,TWSE_CSV,2026-08-25 14:15:35 +0800
1150825,2026-08-25,上市,00676R,富邦臺灣加權反1,5.63,-0.0300,5.70,5.73,5.62,6908000,39336040,559,TWSE_CSV,2026-08-25 14:15:35 +0800
1150825,2026-08-25,上市,00678,群益那斯達克生技,44.51,0.0000,44.49,44.51,44.40,606000,26950250,52,TWSE_CSV,2026-08-25 14:15:35 +0800
1150825,2026-08-25,上市,00680L,元大美債20正2,6.45,0.0300,6.46,6.46,6.42,4929000,31715760,273,TWSE_CSV,2026-08-25 14:15:35 +0800
1150825,2026-08-25,上市,00681R,元大美債20反1,21.68,-0.1200,21.69,21.72,21.68,83000,1800280,6,TWSE_CSV,2026-08-25 14:15:35 +0800
1150825,2026-08-25,上市,00682U,期元大美元指數,20.36,0.0200,20.36,20.36,20.36,3000,61080,2,TWSE_CSV,2026-08-25 14:15:35 +0800
1150825,2026-08-25,上市,00683L,期元大美元指正2,21.26,0.1100,21.20,21.26,21.20,250000,5313900,11,TWSE_CSV,2026-08-25 14:15:35 +0800
1150825,2026-08-25,上市,00684R,期元大美元指反1,15.25,0.0300,15.23,15.25,15.23,118000,1799480,4,TWSE_CSV,2026-08-25 14:15:35 +0800
1150825,2026-08-25,上市,00685L,群益臺灣加權正2,11.34,0.1700,10.99,11.34,10.89,178991000,1974100510,30260,TWSE_CSV,2026-08-25 14:15:35 +0800
1150825,2026-08-25,上市,00686R,群益臺灣加權反1,1.01,0.0000,1.02,1.03,1.01,9212000,9384590,277,TWSE_CSV,2026-08-25 14:15:35 +0800
1150825,2026-08-25,上市,00688L,國泰20年美債正2,6.43,0.0200,6.42,6.43,6.41,4181000,26819890,126,TWSE_CSV,2026-08-25 14:15:35 +0800
1150825,2026-08-25,上市,00689R,國泰20年美債反1,22.74,-0.0200,22.77,22.77,22.74,101000,2299740,3,TWSE_CSV,2026-08-25 14:15:35 +0800
1150825,2026-08-25,上市,00690,兆豐藍籌30,75.00,0.0500,74.95,75.05,73.50,281000,20788850,124,TWSE_CSV,2026-08-25 14:15:35 +0800
1150825,2026-08-25,上市,00692,富邦公司治理,89.70,0.7500,88.65,89.70,87.95,383000,33832400,143,TWSE_CSV,2026-08-25 14:15:35 +0800
1150825,2026-08-25,上市,00693U,期街口S&P黃豆,22.33,-0.1400,22.33,22.38,22.30,774000,17283640,250,TWSE_CSV,2026-08-25 14:15:35 +0800
1150825,2026-08-25,上市,00700,富邦恒生國企,17.35,-0.0400,17.45,17.45,17.33,166000,2892990,11,TWSE_CSV,2026-08-25 14:15:35 +0800
1150825,2026-08-25,上市,00701,國泰股利精選30,37.89,0.6000,37.29,37.89,37.28,451000,16973820,160,TWSE_CSV,2026-08-25 14:15:35 +0800
1150825,2026-08-25,上市,00702,國泰標普低波高息,25.37,0.1500,25.30,25.37,25.30,134000,3398420,11,TWSE_CSV,2026-08-25 14:15:35 +0800
1150825,2026-08-25,上市,00703,台新MSCI中國,19.50,0.0300,19.71,19.71,19.49,27000,531480,8,TWSE_CSV,2026-08-25 14:15:35 +0800
1150825,2026-08-25,上市,00706L,期元大S&P日圓正2,18.96,-0.0600,18.99,18.99,18.92,419000,7932090,68,TWSE_CSV,2026-08-25 14:15:35 +0800
1150825,2026-08-25,上市,00707R,期元大S&P日圓反1,,0.0000,,,,,,,TWSE_CSV,2026-08-25 14:15:35 +0800
1150825,2026-08-25,上市,00708L,期元大S&P黃金正2,90.80,0.1500,92.20,92.35,89.80,9681000,882115550,2862,TWSE_CSV,2026-08-25 14:15:35 +0800
1150825,2026-08-25,上市,00709,富邦歐洲,41.30,0.1000,41.37,41.37,41.23,16000,660620,6,TWSE_CSV,2026-08-25 14:15:35 +0800
1150825,2026-08-25,上市,00710B,復華彭博非投等債,19.12,0.0400,19.03,19.13,19.03,157000,2999560,22,TWSE_CSV,2026-08-25 14:15:35 +0800
1150825,2026-08-25,上市,00711B,復華彭博新興債,15.66,0.0300,15.65,15.66,15.65,102000,1596320,4,TWSE_CSV,2026-08-25 14:15:35 +0800
1150825,2026-08-25,上市,00712,復華富時不動產,8.87,0.0300,8.85,8.87,8.84,7011000,62047980,1071,TWSE_CSV,2026-08-25 14:15:35 +0800
1150825,2026-08-25,上市,00713,元大台灣高息低波,61.65,0.2500,61.45,61.80,61.30,8270000,510067700,3455,TWSE_CSV,2026-08-25 14:15:35 +0800
1150825,2026-08-25,上市,00714,群益道瓊美國地產,22.32,0.1600,22.29,22.34,22.29,114000,2545170,7,TWSE_CSV,2026-08-25 14:15:35 +0800
1150825,2026-08-25,上市,00715L,期街口布蘭特正2,51.70,-0.8500,51.55,52.70,51.55,3729000,194029300,808,TWSE_CSV,2026-08-25 14:15:35 +0800
1150825,2026-08-25,上市,00717,富邦美國特別股,14.78,0.0000,14.77,14.78,14.76,23000,339650,19,TWSE_CSV,2026-08-25 14:15:35 +0800
1150825,2026-08-25,上市,00728,第一金工業30,67.20,0.2000,66.60,67.20,65.60,86000,5683700,42,TWSE_CSV,2026-08-25 14:15:35 +0800
1150825,2026-08-25,上市,00730,富邦臺灣優質高息,28.69,-0.0400,28.74,28.74,28.35,36000,1026350,25,TWSE_CSV,2026-08-25 14:15:35 +0800
1150825,2026-08-25,上市,00731,復華富時高息低波,92.40,1.5500,91.10,92.40,90.95,789000,72419550,56,TWSE_CSV,2026-08-25 14:15:35 +0800
1150825,2026-08-25,上市,00733,富邦臺灣中小,65.30,0.6000,64.70,65.30,63.40,229000,14676800,79,TWSE_CSV,2026-08-25 14:15:35 +0800
1150825,2026-08-25,上市,00735,國泰臺韓科技,101.45,0.4500,99.55,101.45,98.15,1927000,191190200,932,TWSE_CSV,2026-08-25 14:15:35 +0800
1150825,2026-08-25,上市,00736,國泰新興市場,31.37,-0.1000,31.30,31.37,31.30,2000,62670,2,TWSE_CSV,2026-08-25 14:15:35 +0800
1150825,2026-08-25,上市,00737,國泰AI機器人,40.60,-0.3600,40.85,40.85,40.50,59000,2393320,37,TWSE_CSV,2026-08-25 14:15:35 +0800
1150825,2026-08-25,上市,00738U,期元大道瓊白銀,54.30,-0.6000,55.40,55.45,53.85,7173000,390750500,1764,TWSE_CSV,2026-08-25 14:15:35 +0800
1150825,2026-08-25,上市,00739,元大MSCI A股,27.70,0.1800,27.60,27.70,27.36,25000,688510,19,TWSE_CSV,2026-08-25 14:15:35 +0800
1150825,2026-08-25,上市,00752,中信中國50,23.12,0.0200,23.10,23.19,23.04,419000,9683170,126,TWSE_CSV,2026-08-25 14:15:35 +0800
1150825,2026-08-25,上市,00753L,中信中國50正2,9.43,0.0400,9.46,9.51,9.33,5744000,54047630,669,TWSE_CSV,2026-08-25 14:15:35 +0800
1150825,2026-08-25,上市,00757,統一FANG+,137.25,0.1500,136.55,137.25,136.50,228000,31190400,127,TWSE_CSV,2026-08-25 14:15:35 +0800
1150825,2026-08-25,上市,00762,元大全球AI,110.75,-0.6500,110.30,110.75,109.80,65000,7148100,27,TWSE_CSV,2026-08-25 14:15:35 +0800
1150825,2026-08-25,上市,00763U,期街口道瓊銅,35.02,0.2200,35.13,35.21,34.95,299000,10489280,103,TWSE_CSV,2026-08-25 14:15:35 +0800
1150825,2026-08-25,上市,00770,國泰北美科技,66.60,-0.2500,66.60,66.60,66.20,137000,9097250,66,TWSE_CSV,2026-08-25 14:15:35 +0800
1150825,2026-08-25,上市,00771,元大US高息特別股,15.43,0.0500,15.40,15.43,15.40,30000,462430,8,TWSE_CSV,2026-08-25 14:15:35 +0800
1150825,2026-08-25,上市,00775B,台新投等債15+,30.86,0.1600,30.88,30.98,30.86,52000,1606840,6,TWSE_CSV,2026-08-25 14:15:35 +0800
1150825,2026-08-25,上市,00783,富邦中証500,27.88,0.2000,27.67,27.88,27.32,133000,3663290,16,TWSE_CSV,2026-08-25 14:15:35 +0800
1150825,2026-08-25,上市,00830,國泰費城半導體,82.25,0.1500,80.90,82.25,80.90,5701000,463873050,2256,TWSE_CSV,2026-08-25 14:15:35 +0800
1150825,2026-08-25,上市,00850,元大臺灣ESG永續,88.80,0.5000,87.85,88.80,86.90,306000,26775850,204,TWSE_CSV,2026-08-25 14:15:35 +0800
1150825,2026-08-25,上市,00851,台新全球AI,69.70,-0.2000,69.90,69.90,69.50,5000,348500,5,TWSE_CSV,2026-08-25 14:15:35 +0800
1150825,2026-08-25,上市,00852L,國泰美國道瓊正2,35.76,0.2600,35.69,35.76,35.66,42000,1500420,10,TWSE_CSV,2026-08-25 14:15:35 +0800
1150825,2026-08-25,上市,00861,元大全球未來通訊,84.75,-0.2000,84.60,84.75,83.80,29000,2440450,13,TWSE_CSV,2026-08-25 14:15:35 +0800
1150825,2026-08-25,上市,00865B,國泰US短期公債,48.89,0.0900,48.95,48.95,48.80,1419000,69348270,266,TWSE_CSV,2026-08-25 14:15:35 +0800
1150825,2026-08-25,上市,00875,國泰網路資安,53.30,-0.3500,53.50,53.50,52.85,79000,4196550,27,TWSE_CSV,2026-08-25 14:15:35 +0800
1150825,2026-08-25,上市,00876,元大全球5G,85.95,0.1500,85.50,86.05,84.60,217000,18468700,86,TWSE_CSV,2026-08-25 14:15:35 +0800
1150825,2026-08-25,上市,00878,國泰永續高股息,32.64,0.2100,32.41,32.64,32.29,23503000,762580130,7431,TWSE_CSV,2026-08-25 14:15:35 +0800
1150825,2026-08-25,上市,00881,國泰台灣科技龍頭,48.50,0.0400,48.02,48.50,47.49,29081000,1389549050,12118,TWSE_CSV,2026-08-25 14:15:35 +0800
1150825,2026-08-25,上市,00882,中信中國高股息,15.08,0.0500,15.05,15.14,15.04,3937000,59459700,662,TWSE_CSV,2026-08-25 14:15:35 +0800
1150825,2026-08-25,上市,00885,富邦越南,18.50,0.2700,18.34,18.54,18.30,3793000,69819680,972,TWSE_CSV,2026-08-25 14:15:35 +0800
1150825,2026-08-25,上市,00891,中信關鍵半導體,33.67,0.1600,33.20,33.67,32.88,13463000,445446880,4561,TWSE_CSV,2026-08-25 14:15:35 +0800
1150825,2026-08-25,上市,00892,富邦台灣半導體,39.20,0.2700,38.70,39.20,38.19,3212000,124133200,398,TWSE_CSV,2026-08-25 14:15:35 +0800
1150825,2026-08-25,上市,00893,國泰智能電動車,42.07,-0.6600,42.40,42.40,41.79,424000,17770190,135,TWSE_CSV,2026-08-25 14:15:35 +0800
1150825,2026-08-25,上市,00894,中信小資高價30,45.20,0.2100,44.46,45.20,43.91,794000,35102520,442,TWSE_CSV,2026-08-25 14:15:35 +0800
1150825,2026-08-25,上市,00895,富邦未來車,49.30,-0.4300,49.73,49.73,48.82,379000,18572300,60,TWSE_CSV,2026-08-25 14:15:35 +0800
1150825,2026-08-25,上市,00896,中信綠能及電動車,27.09,0.0900,26.90,27.09,26.53,2834000,75540390,1023,TWSE_CSV,2026-08-25 14:15:35 +0800
1150825,2026-08-25,上市,00897,富邦基因免疫生技,13.28,-0.1200,13.34,13.34,13.23,1271000,16868970,165,TWSE_CSV,2026-08-25 14:15:35 +0800
1150825,2026-08-25,上市,00898,國泰基因免疫革命,10.99,-0.1200,11.00,11.00,10.86,671000,7357860,119,TWSE_CSV,2026-08-25 14:15:35 +0800
1150825,2026-08-25,上市,00899,FT潔淨能源,23.26,-0.2000,23.15,23.31,23.15,21000,487940,13,TWSE_CSV,2026-08-25 14:15:35 +0800
1150825,2026-08-25,上市,00900,富邦特選高股息30,18.74,0.0500,18.60,18.74,18.53,4007000,74744000,864,TWSE_CSV,2026-08-25 14:15:35 +0800
1150825,2026-08-25,上市,00901,永豐智能車供應鏈,44.44,0.0500,43.73,44.44,43.34,151000,6602120,22,TWSE_CSV,2026-08-25 14:15:35 +0800
1150825,2026-08-25,上市,00902,中信電池及儲能,13.50,-0.0600,13.56,13.56,13.36,371000,4977790,94,TWSE_CSV,2026-08-25 14:15:35 +0800
1150825,2026-08-25,上市,00903,富邦元宇宙,21.04,-0.1000,20.95,21.04,20.93,465000,9742950,12,TWSE_CSV,2026-08-25 14:15:35 +0800
1150825,2026-08-25,上市,00904,台新臺灣半導體30,39.36,0.0600,38.98,39.38,38.60,803000,31210340,167,TWSE_CSV,2026-08-25 14:15:35 +0800
1150825,2026-08-25,上市,00905,FT臺灣Smart,25.73,-0.0300,25.51,25.75,25.25,869000,22051350,329,TWSE_CSV,2026-08-25 14:15:35 +0800
1150825,2026-08-25,上市,00907,永豐優息存股,17.30,0.0000,17.23,17.38,17.18,763000,13188120,234,TWSE_CSV,2026-08-25 14:15:35 +0800
1150825,2026-08-25,上市,00908,富邦入息REITs+,15.69,0.0800,15.63,15.71,15.63,57000,894810,17,TWSE_CSV,2026-08-25 14:15:35 +0800
1150825,2026-08-25,上市,00909,國泰數位支付服務,46.36,0.3600,46.10,46.40,45.90,2718000,125228920,446,TWSE_CSV,2026-08-25 14:15:35 +0800
1150825,2026-08-25,上市,00910,第一金太空衛星,58.80,-0.8500,58.45,58.80,58.10,689000,40187200,281,TWSE_CSV,2026-08-25 14:15:35 +0800
1150825,2026-08-25,上市,00911,兆豐洲際半導體,52.00,0.0000,51.20,52.00,51.20,231000,11907100,191,TWSE_CSV,2026-08-25 14:15:35 +0800
1150825,2026-08-25,上市,00912,中信臺灣智慧50,34.09,0.3500,33.49,34.09,33.24,128000,4316910,49,TWSE_CSV,2026-08-25 14:15:35 +0800
1150825,2026-08-25,上市,00913,兆豐台灣晶圓製造,45.96,0.0500,45.34,45.96,44.48,980000,44143980,385,TWSE_CSV,2026-08-25 14:15:35 +0800
1150825,2026-08-25,上市,00915,凱基優選高股息30,31.55,0.0500,31.50,31.55,31.25,1686000,52848820,210,TWSE_CSV,2026-08-25 14:15:35 +0800
1150825,2026-08-25,上市,00916,國泰全球品牌50,26.89,0.2200,26.68,26.90,26.68,402000,10790150,137,TWSE_CSV,2026-08-25 14:15:35 +0800
1150825,2026-08-25,上市,00917,中信特選金融,24.25,0.1700,24.08,24.27,24.08,834000,20196880,100,TWSE_CSV,2026-08-25 14:15:35 +0800
1150825,2026-08-25,上市,00918,大華優利高填息30,33.89,0.0000,33.80,33.98,33.61,11277000,380961120,3330,TWSE_CSV,2026-08-25 14:15:35 +0800
1150825,2026-08-25,上市,00919,群益台灣精選高息,31.07,0.4200,30.70,31.08,30.65,84450000,2614153240,18869,TWSE_CSV,2026-08-25 14:15:35 +0800
1150825,2026-08-25,上市,00920,富邦ESG綠色電力,24.05,0.0800,23.95,24.05,23.81,344000,8227010,23,TWSE_CSV,2026-08-25 14:15:35 +0800
1150825,2026-08-25,上市,00921,兆豐龍頭等權重,23.86,-0.0100,23.78,23.86,23.58,37000,877350,27,TWSE_CSV,2026-08-25 14:15:35 +0800
1150825,2026-08-25,上市,00922,國泰台灣領袖50,40.37,0.3300,39.81,40.37,39.51,8275000,329060560,2164,TWSE_CSV,2026-08-25 14:15:35 +0800
1150825,2026-08-25,上市,00923,群益台ESG低碳50,38.68,0.1900,38.21,38.68,37.91,4084000,155471150,2090,TWSE_CSV,2026-08-25 14:15:35 +0800
1150825,2026-08-25,上市,00924,復華S&P500成長,32.90,0.0100,32.85,32.90,32.75,844000,27718470,305,TWSE_CSV,2026-08-25 14:15:35 +0800
1150825,2026-08-25,上市,00926,凱基全球菁英55,26.02,-0.0500,26.01,26.02,25.94,232000,6027750,32,TWSE_CSV,2026-08-25 14:15:35 +0800
1150825,2026-08-25,上市,00927,群益半導體收益,35.83,0.0000,35.56,35.83,34.94,9068000,319332670,3663,TWSE_CSV,2026-08-25 14:15:35 +0800
1150825,2026-08-25,上市,00929,復華台灣科技優息,28.53,0.0300,28.41,28.55,28.02,27853000,785375840,8666,TWSE_CSV,2026-08-25 14:15:35 +0800
1150825,2026-08-25,上市,00930,永豐ESG低碳高息,23.62,-0.0900,23.71,23.71,23.44,305000,7180810,55,TWSE_CSV,2026-08-25 14:15:35 +0800
1150825,2026-08-25,上市,00932,兆豐永續高息等權,17.49,-0.0500,17.44,17.49,17.37,299000,5212170,25,TWSE_CSV,2026-08-25 14:15:35 +0800
1150825,2026-08-25,上市,00934,中信成長高股息,28.66,0.0400,28.62,28.66,28.17,1477000,41895200,549,TWSE_CSV,2026-08-25 14:15:35 +0800
1150825,2026-08-25,上市,00935,野村臺灣新科技50,55.95,0.3000,55.10,55.95,54.25,5629000,308264400,2566,TWSE_CSV,2026-08-25 14:15:35 +0800
1150825,2026-08-25,上市,00936,台新永續高息中小,21.27,-0.1700,21.40,21.40,21.04,481000,10214810,89,TWSE_CSV,2026-08-25 14:15:35 +0800
1150825,2026-08-25,上市,00938,凱基優選30,24.93,0.3200,24.45,24.93,24.42,374000,9244220,57,TWSE_CSV,2026-08-25 14:15:35 +0800
1150825,2026-08-25,上市,00939,統一台灣高息動能,22.67,0.2500,22.46,22.68,22.43,4784000,108032790,756,TWSE_CSV,2026-08-25 14:15:35 +0800
1150825,2026-08-25,上市,00940,元大台灣價值高息,12.53,0.0600,12.45,12.53,12.39,10421000,129768930,1562,TWSE_CSV,2026-08-25 14:15:35 +0800
1150825,2026-08-25,上市,00941,中信上游半導體,25.56,-0.0300,25.59,25.59,25.34,522000,13287630,153,TWSE_CSV,2026-08-25 14:15:35 +0800
1150825,2026-08-25,上市,00943,兆豐電子高息等權,21.21,-0.2100,21.30,21.30,21.07,77000,1628510,23,TWSE_CSV,2026-08-25 14:15:35 +0800
1150825,2026-08-25,上市,00944,野村趨勢動能高息,20.77,0.1100,20.60,20.77,20.41,125000,2568390,41,TWSE_CSV,2026-08-25 14:15:35 +0800
1150825,2026-08-25,上市,00945B,凱基美國非投等債,14.46,0.0300,14.46,14.46,14.44,1445000,20882780,147,TWSE_CSV,2026-08-25 14:15:35 +0800
1150825,2026-08-25,上市,00946,群益科技高息成長,15.34,0.0400,15.30,15.34,15.08,903000,13711150,234,TWSE_CSV,2026-08-25 14:15:35 +0800
1150825,2026-08-25,上市,00947,台新臺灣IC設計,36.07,0.0200,35.67,36.10,35.00,4535000,160576930,1638,TWSE_CSV,2026-08-25 14:15:35 +0800
1150825,2026-08-25,上市,00949,復華日本龍頭,21.71,-0.0800,21.72,21.78,21.62,188000,4080670,54,TWSE_CSV,2026-08-25 14:15:35 +0800
1150825,2026-08-25,上市,00951,台新日本半導體,17.11,-0.0200,16.86,17.13,16.69,1735000,29369650,396,TWSE_CSV,2026-08-25 14:15:35 +0800
1150825,2026-08-25,上市,00952,凱基台灣AI50,17.77,-0.0100,17.78,17.78,17.38,964000,16922940,288,TWSE_CSV,2026-08-25 14:15:35 +0800
1150825,2026-08-25,上市,00953B,群益優選非投等債,9.68,0.0200,9.65,9.69,9.65,23124000,223704670,2864,TWSE_CSV,2026-08-25 14:15:35 +0800
1150825,2026-08-25,上市,00954,中信日本半導體,18.25,-0.0400,18.02,18.27,17.80,1121000,20242040,258,TWSE_CSV,2026-08-25 14:15:35 +0800
1150825,2026-08-25,上市,00956,中信日經高股息,13.40,0.0200,13.39,13.42,13.39,72000,965880,27,TWSE_CSV,2026-08-25 14:15:35 +0800
1150825,2026-08-25,上市,00960,野村全球航運龍頭,21.64,0.0100,21.68,22.08,21.64,1802000,39401640,569,TWSE_CSV,2026-08-25 14:15:35 +0800
1150825,2026-08-25,上市,00961,FT臺灣永續高息,13.12,-0.0100,13.12,13.13,13.03,15524000,203046000,3400,TWSE_CSV,2026-08-25 14:15:35 +0800
1150825,2026-08-25,上市,00962,台新AI優息動能,14.90,0.0600,14.87,14.90,14.59,419000,6167720,97,TWSE_CSV,2026-08-25 14:15:35 +0800
1150825,2026-08-25,上市,00963,中信全球高股息,13.28,0.0800,13.25,13.29,13.23,1018000,13506630,157,TWSE_CSV,2026-08-25 14:15:35 +0800
1150825,2026-08-25,上市,00964,中信亞太高股息,14.79,0.0700,14.70,14.80,14.70,592000,8724580,141,TWSE_CSV,2026-08-25 14:15:35 +0800
1150825,2026-08-25,上市,00965,元大航太防衛科技,25.69,-0.1100,25.75,25.75,25.54,455000,11654830,171,TWSE_CSV,2026-08-25 14:15:35 +0800
1150825,2026-08-25,上市,00971,野村美國研發龍頭,17.54,0.0900,17.45,17.54,17.45,145000,2535370,34,TWSE_CSV,2026-08-25 14:15:35 +0800
1150825,2026-08-25,上市,00972,野村日本動能高息,21.93,0.1200,21.77,21.94,21.77,75000,1644250,10,TWSE_CSV,2026-08-25 14:15:35 +0800
1150825,2026-08-25,上市,009800,中信NASDAQ,12.93,0.0200,12.88,12.94,12.86,711000,9184340,158,TWSE_CSV,2026-08-25 14:15:35 +0800
1150825,2026-08-25,上市,009801,中信美國創新科技,11.04,-0.0400,11.03,11.04,10.95,307000,3376210,130,TWSE_CSV,2026-08-25 14:15:35 +0800
1150825,2026-08-25,上市,009802,富邦旗艦50,18.65,0.0000,18.61,18.65,18.26,2286000,41974650,329,TWSE_CSV,2026-08-25 14:15:35 +0800
1150825,2026-08-25,上市,009803,玉山市值動能50,21.18,0.2100,20.84,21.18,20.65,968000,20164910,426,TWSE_CSV,2026-08-25 14:15:35 +0800
1150825,2026-08-25,上市,009804,聯邦台精彩50,21.86,0.0600,21.75,21.86,21.45,546000,11795480,120,TWSE_CSV,2026-08-25 14:15:35 +0800
1150825,2026-08-25,上市,009805,台新美國電力基建,15.25,-0.0200,15.20,15.25,15.17,3242000,49291530,939,TWSE_CSV,2026-08-25 14:15:35 +0800
1150825,2026-08-25,上市,009808,華南永昌優選50,30.04,0.2400,29.42,30.04,29.42,60000,1783350,20,TWSE_CSV,2026-08-25 14:15:35 +0800
1150825,2026-08-25,上市,009809,富邦淨零ESG50,17.47,0.0500,17.22,17.47,17.19,82000,1415980,20,TWSE_CSV,2026-08-25 14:15:35 +0800
1150825,2026-08-25,上市,00980A,主動野村臺灣優選,23.84,0.1800,23.43,23.84,23.09,10058000,234374260,2258,TWSE_CSV,2026-08-25 14:15:35 +0800
1150825,2026-08-25,上市,009810,玉山全球藍籌100,21.27,0.0200,21.25,21.29,21.20,152000,3224090,16,TWSE_CSV,2026-08-25 14:15:35 +0800
1150825,2026-08-25,上市,009811,統一美國50,13.19,0.0200,13.21,13.21,13.12,1076000,14178300,143,TWSE_CSV,2026-08-25 14:15:35 +0800
1150825,2026-08-25,上市,009812,野村日本東證,12.80,0.0200,12.78,12.82,12.73,305000,3888850,58,TWSE_CSV,2026-08-25 14:15:35 +0800
1150825,2026-08-25,上市,009813,貝萊德標普卓越50,11.19,0.0000,11.16,11.20,11.16,682000,7628330,86,TWSE_CSV,2026-08-25 14:15:35 +0800
1150825,2026-08-25,上市,009816,凱基台灣TOP50,15.21,0.0900,15.04,15.21,14.94,81587000,1226286860,17199,TWSE_CSV,2026-08-25 14:15:35 +0800
1150825,2026-08-25,上市,009817,國泰日本不動產,9.13,0.0200,9.11,9.14,9.11,393000,3590660,42,TWSE_CSV,2026-08-25 14:15:35 +0800
1150825,2026-08-25,上市,009818,華南永昌NASDAQxT,19.56,-0.0200,19.48,19.56,19.47,23000,448820,13,TWSE_CSV,2026-08-25 14:15:35 +0800
1150825,2026-08-25,上市,009819,中信數據及電力,9.80,-0.0600,9.78,9.80,9.74,3423000,33440760,1097,TWSE_CSV,2026-08-25 14:15:35 +0800
1150825,2026-08-25,上市,00981A,主動統一台股增長,28.77,0.3000,28.10,28.77,27.72,197216000,5528121090,46764,TWSE_CSV,2026-08-25 14:15:35 +0800
1150825,2026-08-25,上市,00981T,平衡凱基雙核收息,11.75,0.0200,11.73,11.75,11.70,1253000,14676850,190,TWSE_CSV,2026-08-25 14:15:35 +0800
1150825,2026-08-25,上市,009820,元大納斯達克精選,9.65,-0.0800,9.63,9.65,9.59,7308000,70236410,721,TWSE_CSV,2026-08-25 14:15:35 +0800
1150825,2026-08-25,上市,009821,野村稀土關鍵資源,15.71,0.0200,15.88,15.88,15.64,14108000,221604190,2244,TWSE_CSV,2026-08-25 14:15:35 +0800
1150825,2026-08-25,上市,009824,群益美國科技巨頭,9.85,-0.0500,9.82,9.85,9.79,2831000,27790590,906,TWSE_CSV,2026-08-25 14:15:35 +0800
1150825,2026-08-25,上市,009826,貝萊德世界股票,10.14,0.0100,10.13,10.14,10.10,14072000,142345240,2686,TWSE_CSV,2026-08-25 14:15:35 +0800
1150825,2026-08-25,上市,009829,大華韓國KOSPI50,10.33,-0.0100,10.02,10.33,9.94,58111000,585050200,6068,TWSE_CSV,2026-08-25 14:15:35 +0800
1150825,2026-08-25,上市,00982A,主動群益台灣強棒,21.65,0.2300,21.21,21.65,20.90,28438000,600685080,6045,TWSE_CSV,2026-08-25 14:15:35 +0800
1150825,2026-08-25,上市,00982D,主動富邦動態入息,9.71,0.0000,9.72,9.72,9.70,51000,495090,23,TWSE_CSV,2026-08-25 14:15:35 +0800
1150825,2026-08-25,上市,00982T,平衡兆豐台美動能,14.88,-0.1200,14.82,14.88,14.71,25000,370350,8,TWSE_CSV,2026-08-25 14:15:35 +0800
1150825,2026-08-25,上市,00983A,主動中信ARK創新,12.49,-0.1300,12.42,12.49,12.42,690000,8592960,326,TWSE_CSV,2026-08-25 14:15:35 +0800
1150825,2026-08-25,上市,00983D,主動富邦複合收益,9.94,0.0300,9.92,9.94,9.92,459000,4559130,42,TWSE_CSV,2026-08-25 14:15:35 +0800
1150825,2026-08-25,上市,00984A,主動安聯台灣高息,15.24,0.1100,15.10,15.24,14.91,3078000,46181370,1093,TWSE_CSV,2026-08-25 14:15:35 +0800
1150825,2026-08-25,上市,00984D,主動聯博全球非投,10.04,0.0300,10.02,10.04,10.02,13976000,140272510,800,TWSE_CSV,2026-08-25 14:15:35 +0800
1150825,2026-08-25,上市,00985A,主動野村台灣50,22.52,0.3100,22.19,22.52,21.97,2248000,49746130,574,TWSE_CSV,2026-08-25 14:15:35 +0800
1150825,2026-08-25,上市,00985B,群益ESG投等債0-5,10.25,0.0300,10.22,10.25,10.22,3935000,40294670,208,TWSE_CSV,2026-08-25 14:15:35 +0800
1150825,2026-08-25,上市,00986A,主動台新龍頭成長,14.19,-0.0600,14.25,14.25,14.05,239000,3368560,50,TWSE_CSV,2026-08-25 14:15:35 +0800
1150825,2026-08-25,上市,00987A,主動台新優勢成長,15.73,0.3700,15.18,15.73,14.99,1436000,21904930,312,TWSE_CSV,2026-08-25 14:15:35 +0800
1150825,2026-08-25,上市,00988A,主動統一全球創新,16.13,0.0600,15.87,16.13,15.75,21145000,335517430,5936,TWSE_CSV,2026-08-25 14:15:35 +0800
1150825,2026-08-25,上市,00989A,主動摩根美國科技,16.68,-0.1600,17.00,17.00,16.63,1709000,28456910,50,TWSE_CSV,2026-08-25 14:15:35 +0800
1150825,2026-08-25,上市,00990A,主動元大AI新經濟,15.10,-0.0200,14.95,15.10,14.77,9536000,141978620,3163,TWSE_CSV,2026-08-25 14:15:35 +0800
1150825,2026-08-25,上市,00991A,主動復華未來50,17.63,0.1800,17.24,17.63,16.95,95334000,1636859080,18268,TWSE_CSV,2026-08-25 14:15:35 +0800
1150825,2026-08-25,上市,00991B,貝萊德A級公司債,14.86,0.0400,14.84,14.86,14.83,268000,3980250,17,TWSE_CSV,2026-08-25 14:15:35 +0800
1150825,2026-08-25,上市,00992A,主動群益科技創新,17.70,0.3300,17.24,17.70,17.00,32324000,556430600,5079,TWSE_CSV,2026-08-25 14:15:35 +0800
1150825,2026-08-25,上市,00993A,主動安聯台灣,13.15,0.1600,12.85,13.15,12.67,3171000,40673530,749,TWSE_CSV,2026-08-25 14:15:35 +0800
1150825,2026-08-25,上市,00994A,主動第一金台股優,16.80,0.1400,16.46,16.80,16.27,2570000,42190130,614,TWSE_CSV,2026-08-25 14:15:35 +0800
1150825,2026-08-25,上市,00995A,主動中信台灣卓越,16.69,0.2000,16.41,16.69,16.07,2140000,34842080,433,TWSE_CSV,2026-08-25 14:15:35 +0800
1150825,2026-08-25,上市,00996A,主動兆豐台灣豐收,13.54,0.1400,13.33,13.54,13.08,3255000,42925660,539,TWSE_CSV,2026-08-25 14:15:35 +0800
1150825,2026-08-25,上市,00997A,主動群益美國增長,11.04,-0.0500,10.99,11.05,10.91,12640000,138554680,2617,TWSE_CSV,2026-08-25 14:15:35 +0800
1150825,2026-08-25,上市,00999A,主動野村臺灣高息,11.10,0.0700,10.94,11.10,10.83,5777000,63086250,1152,TWSE_CSV,2026-08-25 14:15:35 +0800
1150825,2026-08-25,上市,1101,台泥,24.60,-0.1000,24.70,24.85,24.40,26379000,648452000,6832,TWSE_CSV,2026-08-25 14:15:35 +0800
1150825,2026-08-25,上市,1102,亞泥,34.90,0.1000,34.80,35.10,34.70,8863000,309560700,2632,TWSE_CSV,2026-08-25 14:15:35 +0800
1150825,2026-08-25,上市,1103,嘉泥,13.25,0.0000,13.25,13.25,13.15,196000,2591850,109,TWSE_CSV,2026-08-25 14:15:35 +0800
1150825,2026-08-25,上市,1104,環泥,26.65,-0.1500,26.80,26.80,26.60,622000,16606700,390,TWSE_CSV,2026-08-25 14:15:35 +0800
1150825,2026-08-25,上市,1108,幸福,11.70,-0.0500,11.75,11.80,11.70,198000,2320350,56,TWSE_CSV,2026-08-25 14:15:35 +0800
1150825,2026-08-25,上市,1109,信大,13.50,-0.0500,13.60,13.60,13.50,77000,1043150,34,TWSE_CSV,2026-08-25 14:15:35 +0800
1150825,2026-08-25,上市,1110,東泥,15.95,0.0500,15.85,16.05,15.85,88000,1406500,71,TWSE_CSV,2026-08-25 14:15:35 +0800
1150825,2026-08-25,上市,1201,味全,12.20,-0.1500,12.35,12.35,12.20,394000,4839950,187,TWSE_CSV,2026-08-25 14:15:35 +0800
1150825,2026-08-25,上市,1203,味王,44.55,0.1500,44.05,45.45,44.05,12000,538150,12,TWSE_CSV,2026-08-25 14:15:35 +0800
1150825,2026-08-25,上市,1210,大成,52.60,0.0000,52.80,53.20,52.50,734000,38801900,463,TWSE_CSV,2026-08-25 14:15:35 +0800
1150825,2026-08-25,上市,1213,大飲,,0.0000,,,,,,,TWSE_CSV,2026-08-25 14:15:35 +0800
1150825,2026-08-25,上市,1215,卜蜂,109.00,0.0000,109.50,109.50,108.00,416000,45239500,371,TWSE_CSV,2026-08-25 14:15:35 +0800
1150825,2026-08-25,上市,1216,統一,77.90,0.5000,77.60,78.50,77.30,13038000,1016181200,4809,TWSE_CSV,2026-08-25 14:15:35 +0800
1150825,2026-08-25,上市,1217,愛之味,10.00,-0.0500,10.00,10.05,9.98,370000,3703230,203,TWSE_CSV,2026-08-25 14:15:35 +0800
1150825,2026-08-25,上市,1218,泰山,14.70,0.1500,14.65,14.85,14.50,1039000,15268800,409,TWSE_CSV,2026-08-25 14:15:35 +0800
1150825,2026-08-25,上市,1219,福壽,11.15,0.0000,11.15,11.25,11.15,164000,1832500,83,TWSE_CSV,2026-08-25 14:15:35 +0800
1150825,2026-08-25,上市,1220,台榮,10.85,-0.1000,10.90,10.95,10.85,47000,512450,36,TWSE_CSV,2026-08-25 14:15:35 +0800
1150825,2026-08-25,上市,1225,福懋油,24.65,0.0000,24.65,25.15,24.65,31000,769000,24,TWSE_CSV,2026-08-25 14:15:35 +0800
1150825,2026-08-25,上市,1227,佳格,28.85,-0.2000,29.00,29.15,28.80,574000,16630250,344,TWSE_CSV,2026-08-25 14:15:35 +0800
1150825,2026-08-25,上市,1229,聯華,41.70,-0.2000,41.90,42.00,41.60,945000,39474850,544,TWSE_CSV,2026-08-25 14:15:35 +0800
1150825,2026-08-25,上市,1231,聯華食,80.80,-0.3000,81.10,81.20,80.70,142000,11494600,119,TWSE_CSV,2026-08-25 14:15:35 +0800
1150825,2026-08-25,上市,1232,大統益,156.50,-0.5000,156.00,157.00,156.00,61000,9556500,53,TWSE_CSV,2026-08-25 14:15:35 +0800
1150825,2026-08-25,上市,1233,天仁,28.35,0.0000,28.45,28.50,28.35,10000,284750,7,TWSE_CSV,2026-08-25 14:15:35 +0800
1150825,2026-08-25,上市,1234,黑松,33.30,-0.3000,33.50,33.50,33.30,67000,2236450,47,TWSE_CSV,2026-08-25 14:15:35 +0800
1150825,2026-08-25,上市,1235,興泰,36.80,0.4000,35.65,36.95,35.60,22000,800300,20,TWSE_CSV,2026-08-25 14:15:35 +0800
1150825,2026-08-25,上市,1236,宏亞,25.45,-0.0500,25.40,25.55,25.20,24000,611650,15,TWSE_CSV,2026-08-25 14:15:35 +0800
1150825,2026-08-25,上市,1256,鮮活果汁-KY,182.00,3.5000,180.50,182.00,179.50,37000,6692000,37,TWSE_CSV,2026-08-25 14:15:35 +0800
1150825,2026-08-25,上市,1301,台塑,57.80,0.8000,56.70,58.50,56.20,18867000,1087528300,8776,TWSE_CSV,2026-08-25 14:15:35 +0800
1150825,2026-08-25,上市,1303,南亞,188.50,8.5000,177.00,189.50,174.00,60422000,10979572000,29949,TWSE_CSV,2026-08-25 14:15:35 +0800
1150825,2026-08-25,上市,1304,台聚,11.85,0.0000,11.85,11.95,11.70,1835000,21721800,676,TWSE_CSV,2026-08-25 14:15:35 +0800
1150825,2026-08-25,上市,1305,華夏,11.80,0.0000,11.80,11.90,11.60,645000,7595450,285,TWSE_CSV,2026-08-25 14:15:35 +0800
1150825,2026-08-25,上市,1307,三芳,30.60,-0.2000,30.85,30.85,30.55,546000,16725150,378,TWSE_CSV,2026-08-25 14:15:35 +0800
1150825,2026-08-25,上市,1308,亞聚,13.65,-0.1000,13.70,13.80,13.60,906000,12391550,400,TWSE_CSV,2026-08-25 14:15:35 +0800
1150825,2026-08-25,上市,1309,台達化,13.05,0.0000,13.00,13.15,12.85,721000,9379500,392,TWSE_CSV,2026-08-25 14:15:35 +0800
1150825,2026-08-25,上市,1310,台苯,8.03,-0.0300,8.02,8.07,7.96,2221000,17794610,836,TWSE_CSV,2026-08-25 14:15:35 +0800
1150825,2026-08-25,上市,1312,國喬,11.85,0.0500,11.85,11.85,11.65,1717000,20213750,550,TWSE_CSV,2026-08-25 14:15:35 +0800
1150825,2026-08-25,上市,1313,聯成,11.65,0.0500,11.65,11.75,11.50,1992000,23188700,618,TWSE_CSV,2026-08-25 14:15:35 +0800
1150825,2026-08-25,上市,1314,中石化,7.90,-0.0800,7.97,8.00,7.88,12198000,96603980,3151,TWSE_CSV,2026-08-25 14:15:35 +0800
1150825,2026-08-25,上市,1315,達新,66.30,0.1000,66.00,66.50,65.80,43000,2849100,27,TWSE_CSV,2026-08-25 14:15:35 +0800
1150825,2026-08-25,上市,1316,上曜,11.05,-0.2500,11.10,11.20,10.80,4365000,48034350,1393,TWSE_CSV,2026-08-25 14:15:35 +0800
1150825,2026-08-25,上市,1319,東陽,82.60,0.0000,82.60,83.50,82.10,2121000,175589400,1191,TWSE_CSV,2026-08-25 14:15:35 +0800
1150825,2026-08-25,上市,1321,大洋,33.05,0.7500,32.75,33.15,32.50,302000,9899950,216,TWSE_CSV,2026-08-25 14:15:35 +0800
1150825,2026-08-25,上市,1323,永裕,21.60,0.0000,21.70,21.70,21.25,20000,429450,15,TWSE_CSV,2026-08-25 14:15:35 +0800
1150825,2026-08-25,上市,1324,地球,9.98,-0.0700,10.00,10.15,9.98,12000,120480,11,TWSE_CSV,2026-08-25 14:15:35 +0800
1150825,2026-08-25,上市,1325,恆大,25.85,-0.2500,26.10,26.10,25.75,143000,3700650,106,TWSE_CSV,2026-08-25 14:15:35 +0800
1150825,2026-08-25,上市,1326,台化,58.00,0.9000,56.50,58.30,56.10,10429000,600020500,5372,TWSE_CSV,2026-08-25 14:15:35 +0800
1150825,2026-08-25,上市,1337,再生-KY,4.62,-0.0200,4.64,4.64,4.59,273000,1259330,100,TWSE_CSV,2026-08-25 14:15:35 +0800
1150825,2026-08-25,上市,1338,廣華-KY,14.35,-0.1500,14.40,14.50,14.25,87000,1249200,58,TWSE_CSV,2026-08-25 14:15:35 +0800
1150825,2026-08-25,上市,1339,昭輝,45.35,-0.2500,45.30,45.75,45.25,80000,3632600,62,TWSE_CSV,2026-08-25 14:15:35 +0800
1150825,2026-08-25,上市,1340,勝悅-KY,5.33,0.1700,5.15,5.51,5.12,384000,2048410,202,TWSE_CSV,2026-08-25 14:15:35 +0800
1150825,2026-08-25,上市,1341,富林-KY,59.90,0.0000,58.10,59.90,57.50,12000,695900,7,TWSE_CSV,2026-08-25 14:15:35 +0800
1150825,2026-08-25,上市,1342,八貫,103.00,0.0000,102.50,103.50,102.50,121000,12449500,75,TWSE_CSV,2026-08-25 14:15:35 +0800
1150825,2026-08-25,上市,1402,遠東新,29.00,-0.4500,29.35,29.75,28.85,12665000,369986950,4182,TWSE_CSV,2026-08-25 14:15:35 +0800
1150825,2026-08-25,上市,1409,新纖,24.45,0.1500,24.35,24.75,24.10,7002000,171001300,2319,TWSE_CSV,2026-08-25 14:15:35 +0800
1150825,2026-08-25,上市,1410,南染,24.75,-0.5500,24.95,25.00,24.70,25000,618600,16,TWSE_CSV,2026-08-25 14:15:35 +0800
1150825,2026-08-25,上市,1413,宏洲,9.30,-0.0900,9.22,9.36,9.20,20000,185310,13,TWSE_CSV,2026-08-25 14:15:35 +0800
1150825,2026-08-25,上市,1414,東和,19.60,0.2500,19.40,19.60,19.30,334000,6492600,237,TWSE_CSV,2026-08-25 14:15:35 +0800
1150825,2026-08-25,上市,1416,廣豐,11.90,-0.1500,11.95,11.95,11.75,395000,4670550,163,TWSE_CSV,2026-08-25 14:15:35 +0800
1150825,2026-08-25,上市,1417,嘉裕,8.23,-0.1000,8.28,8.33,8.22,81000,670440,41,TWSE_CSV,2026-08-25 14:15:35 +0800
1150825,2026-08-25,上市,1418,東華,17.80,-0.0500,17.65,17.80,17.60,14000,247250,11,TWSE_CSV,2026-08-25 14:15:35 +0800
1150825,2026-08-25,上市,1419,新紡,65.30,-0.7000,65.50,65.70,65.30,37000,2423900,31,TWSE_CSV,2026-08-25 14:15:35 +0800
1150825,2026-08-25,上市,1423,利華,35.20,0.2000,35.80,35.80,35.20,11000,387900,6,TWSE_CSV,2026-08-25 14:15:35 +0800
1150825,2026-08-25,上市,1432,大魯閣,15.05,0.0500,15.00,15.10,15.00,47000,706850,45,TWSE_CSV,2026-08-25 14:15:35 +0800
1150825,2026-08-25,上市,1434,福懋,17.70,-0.0500,17.80,17.85,17.65,1427000,25306700,619,TWSE_CSV,2026-08-25 14:15:35 +0800
1150825,2026-08-25,上市,1435,中福,21.90,-0.9000,22.75,22.75,21.85,17000,376900,12,TWSE_CSV,2026-08-25 14:15:35 +0800
1150825,2026-08-25,上市,1436,華友聯,38.15,-0.6500,38.10,38.35,38.05,113000,4308750,89,TWSE_CSV,2026-08-25 14:15:35 +0800
1150825,2026-08-25,上市,1437,勤益控,31.75,-0.0500,31.80,31.95,31.65,40000,1272050,34,TWSE_CSV,2026-08-25 14:15:35 +0800
1150825,2026-08-25,上市,1438,三地開發,22.30,-0.1500,22.00,22.40,22.00,41000,906150,21,TWSE_CSV,2026-08-25 14:15:35 +0800
1150825,2026-08-25,上市,1439,雋揚,29.65,0.1000,29.70,29.75,29.65,173000,5137600,41,TWSE_CSV,2026-08-25 14:15:35 +0800
1150825,2026-08-25,上市,1440,南紡,13.50,-0.1000,13.60,13.65,13.45,755000,10221750,317,TWSE_CSV,2026-08-25 14:15:35 +0800
1150825,2026-08-25,上市,1441,大東,8.88,-0.2300,9.02,9.02,8.88,3000,26840,3,TWSE_CSV,2026-08-25 14:15:35 +0800
1150825,2026-08-25,上市,1442,名軒,30.10,-0.5000,30.60,30.60,30.10,70000,2123650,56,TWSE_CSV,2026-08-25 14:15:35 +0800
1150825,2026-08-25,上市,1443,立益物流,25.10,-0.1000,25.35,25.35,25.10,3000,75750,3,TWSE_CSV,2026-08-25 14:15:35 +0800
1150825,2026-08-25,上市,1444,力麗,7.17,-0.1400,7.31,7.31,7.15,1101000,7915310,528,TWSE_CSV,2026-08-25 14:15:35 +0800
1150825,2026-08-25,上市,1445,大宇,10.45,-0.0500,10.35,10.50,10.30,36000,373650,20,TWSE_CSV,2026-08-25 14:15:35 +0800
1150825,2026-08-25,上市,1446,宏和,13.55,-0.0500,13.65,13.65,13.55,112000,1521300,45,TWSE_CSV,2026-08-25 14:15:35 +0800
1150825,2026-08-25,上市,1447,力鵬,6.85,-0.1200,6.97,6.97,6.85,974000,6711430,398,TWSE_CSV,2026-08-25 14:15:35 +0800
1150825,2026-08-25,上市,1449,佳和,12.60,0.0500,12.55,12.75,12.40,363000,4541850,168,TWSE_CSV,2026-08-25 14:15:35 +0800
1150825,2026-08-25,上市,1451,年興,17.25,-0.1000,17.35,17.35,17.20,58000,1000200,31,TWSE_CSV,2026-08-25 14:15:35 +0800
1150825,2026-08-25,上市,1452,宏益,11.45,-0.0500,11.50,11.50,11.45,45000,516000,18,TWSE_CSV,2026-08-25 14:15:35 +0800
1150825,2026-08-25,上市,1453,大將,11.25,0.0000,11.35,11.35,11.15,23000,258150,16,TWSE_CSV,2026-08-25 14:15:35 +0800
1150825,2026-08-25,上市,1454,台富,12.25,-0.1000,12.25,12.30,12.15,20000,244050,18,TWSE_CSV,2026-08-25 14:15:35 +0800
1150825,2026-08-25,上市,1455,集盛,9.94,-0.0600,10.00,10.05,9.85,850000,8444730,392,TWSE_CSV,2026-08-25 14:15:35 +0800
1150825,2026-08-25,上市,1456,怡華,13.60,0.0500,13.65,13.65,13.60,6000,81750,6,TWSE_CSV,2026-08-25 14:15:35 +0800
1150825,2026-08-25,上市,1457,宜進,14.30,-0.1500,14.45,14.45,14.25,116000,1665250,28,TWSE_CSV,2026-08-25 14:15:35 +0800
1150825,2026-08-25,上市,1459,聯發,14.95,0.2500,14.75,14.95,14.65,93000,1379950,45,TWSE_CSV,2026-08-25 14:15:35 +0800
1150825,2026-08-25,上市,1460,宏遠,6.65,-0.1200,6.77,6.77,6.62,198000,1322710,77,TWSE_CSV,2026-08-25 14:15:35 +0800
1150825,2026-08-25,上市,1463,強盛新,17.50,-0.1500,17.65,17.70,17.50,12000,211150,10,TWSE_CSV,2026-08-25 14:15:35 +0800
1150825,2026-08-25,上市,1464,得力,10.30,-0.0500,10.35,10.40,10.25,144000,1485450,86,TWSE_CSV,2026-08-25 14:15:35 +0800
1150825,2026-08-25,上市,1465,偉全,12.00,-0.0500,12.05,12.05,11.90,127000,1522700,72,TWSE_CSV,2026-08-25 14:15:35 +0800
1150825,2026-08-25,上市,1466,聚隆,15.80,-0.3500,16.25,16.25,15.80,326000,5164000,146,TWSE_CSV,2026-08-25 14:15:35 +0800
1150825,2026-08-25,上市,1467,南緯,8.30,-0.1100,8.39,8.44,8.22,378000,3149270,186,TWSE_CSV,2026-08-25 14:15:35 +0800
1150825,2026-08-25,上市,1468,昶和,13.05,-0.1500,13.00,13.05,12.75,68000,877750,43,TWSE_CSV,2026-08-25 14:15:35 +0800
1150825,2026-08-25,上市,1470,大統新創,24.00,0.2000,23.80,24.00,23.60,7000,166900,5,TWSE_CSV,2026-08-25 14:15:35 +0800
1150825,2026-08-25,上市,1471,首利,9.89,-0.4100,9.95,9.97,9.66,909000,8920400,365,TWSE_CSV,2026-08-25 14:15:35 +0800
1150825,2026-08-25,上市,1472,三洋實業,88.80,1.3000,87.60,88.80,87.30,102000,8916400,7,TWSE_CSV,2026-08-25 14:15:35 +0800
1150825,2026-08-25,上市,1473,台南,20.00,0.0000,19.90,20.05,19.75,36000,717000,33,TWSE_CSV,2026-08-25 14:15:35 +0800
1150825,2026-08-25,上市,1474,弘裕,10.00,-0.0500,9.98,10.00,9.93,27000,269590,19,TWSE_CSV,2026-08-25 14:15:35 +0800
1150825,2026-08-25,上市,1475,業旺,26.00,-0.5000,26.50,26.50,25.30,7000,182300,7,TWSE_CSV,2026-08-25 14:15:35 +0800
1150825,2026-08-25,上市,1476,儒鴻,319.00,4.0000,315.00,319.50,314.50,825000,262574500,632,TWSE_CSV,2026-08-25 14:15:35 +0800
1150825,2026-08-25,上市,1477,聚陽,201.00,0.0000,201.50,202.50,199.00,1531000,306519500,1399,TWSE_CSV,2026-08-25 14:15:35 +0800
1150825,2026-08-25,上市,1503,士電,199.50,0.0000,197.50,200.00,195.50,918000,181221500,787,TWSE_CSV,2026-08-25 14:15:35 +0800
1150825,2026-08-25,上市,1504,東元,70.80,-0.7000,71.00,71.00,69.80,6126000,431033100,3588,TWSE_CSV,2026-08-25 14:15:35 +0800
1150825,2026-08-25,上市,1506,正道,10.15,-0.1000,10.20,10.25,10.10,70000,711500,32,TWSE_CSV,2026-08-25 14:15:35 +0800
1150825,2026-08-25,上市,1512,瑞利,6.48,-0.0100,6.48,6.54,6.45,64000,414820,31,TWSE_CSV,2026-08-25 14:15:35 +0800
1150825,2026-08-25,上市,1513,中興電,165.50,1.5000,163.50,165.50,162.00,1760000,288012000,1244,TWSE_CSV,2026-08-25 14:15:35 +0800
1150825,2026-08-25,上市,1514,亞力,100.50,-1.0000,101.00,101.00,99.20,894000,89360500,710,TWSE_CSV,2026-08-25 14:15:35 +0800
1150825,2026-08-25,上市,1515,力山,33.25,-0.1000,33.25,33.60,32.55,1284000,42580350,806,TWSE_CSV,2026-08-25 14:15:35 +0800
1150825,2026-08-25,上市,1516,川飛,15.00,0.4000,15.50,15.50,15.00,6000,91850,5,TWSE_CSV,2026-08-25 14:15:35 +0800
1150825,2026-08-25,上市,1517,利奇,11.40,0.1000,11.30,11.40,11.25,204000,2306850,112,TWSE_CSV,2026-08-25 14:15:35 +0800
1150825,2026-08-25,上市,1519,華城,717.00,5.0000,712.00,719.00,703.00,771000,548563000,627,TWSE_CSV,2026-08-25 14:15:35 +0800
1150825,2026-08-25,上市,1521,大億,25.55,-0.2000,25.60,25.80,25.55,9000,230500,8,TWSE_CSV,2026-08-25 14:15:35 +0800
1150825,2026-08-25,上市,1522,堤維西,28.25,-0.0500,28.50,28.50,28.10,174000,4912700,112,TWSE_CSV,2026-08-25 14:15:35 +0800
1150825,2026-08-25,上市,1524,耿鼎,27.60,0.1500,27.30,27.60,27.20,228000,6250850,175,TWSE_CSV,2026-08-25 14:15:35 +0800
1150825,2026-08-25,上市,1525,江申,68.10,1.1000,66.50,68.10,66.50,8000,539800,8,TWSE_CSV,2026-08-25 14:15:35 +0800
1150825,2026-08-25,上市,1526,日馳,16.30,-0.3000,16.55,16.60,16.20,528000,8625050,253,TWSE_CSV,2026-08-25 14:15:35 +0800
1150825,2026-08-25,上市,1527,鑽全,32.70,0.1000,32.60,32.75,32.55,48000,1567250,42,TWSE_CSV,2026-08-25 14:15:35 +0800
1150825,2026-08-25,上市,1528,恩德,18.45,-0.2000,18.65,18.65,17.95,619000,11299900,377,TWSE_CSV,2026-08-25 14:15:35 +0800
1150825,2026-08-25,上市,1529,樂事綠能,17.00,-0.1000,17.00,17.05,16.80,109000,1843650,78,TWSE_CSV,2026-08-25 14:15:35 +0800
1150825,2026-08-25,上市,1530,亞崴,28.90,-0.3000,29.00,29.00,28.75,15000,433050,14,TWSE_CSV,2026-08-25 14:15:35 +0800
1150825,2026-08-25,上市,1531,高林股,13.15,0.0000,13.15,13.25,13.15,215000,2837800,70,TWSE_CSV,2026-08-25 14:15:35 +0800
1150825,2026-08-25,上市,1532,勤美,22.90,-0.1500,23.00,23.10,22.90,239000,5491850,137,TWSE_CSV,2026-08-25 14:15:35 +0800
1150825,2026-08-25,上市,1533,車王電,31.60,-0.2500,31.60,31.65,31.30,50000,1574650,29,TWSE_CSV,2026-08-25 14:15:35 +0800
1150825,2026-08-25,上市,1535,中宇,46.05,0.1000,45.80,46.10,45.55,29000,1326900,23,TWSE_CSV,2026-08-25 14:15:35 +0800
1150825,2026-08-25,上市,1536,和大,49.60,0.5000,49.50,49.60,48.85,536000,26364200,359,TWSE_CSV,2026-08-25 14:15:35 +0800
1150825,2026-08-25,上市,1537,廣隆,119.50,-0.5000,120.00,120.00,119.00,142000,16960500,92,TWSE_CSV,2026-08-25 14:15:35 +0800
1150825,2026-08-25,上市,1538,正峰,,0.0000,,,,,,,TWSE_CSV,2026-08-25 14:15:35 +0800
1150825,2026-08-25,上市,1539,巨庭,15.65,-0.2000,15.75,15.80,15.65,38000,596800,27,TWSE_CSV,2026-08-25 14:15:35 +0800
1150825,2026-08-25,上市,1540,喬福,19.20,0.0000,19.20,19.35,19.10,60000,1151800,48,TWSE_CSV,2026-08-25 14:15:35 +0800
1150825,2026-08-25,上市,1541,錩泰,21.60,-0.1500,21.40,21.60,21.40,6000,129400,5,TWSE_CSV,2026-08-25 14:15:35 +0800
1150825,2026-08-25,上市,1558,伸興,103.50,1.0000,101.50,104.00,101.00,110000,11308500,83,TWSE_CSV,2026-08-25 14:15:35 +0800
1150825,2026-08-25,上市,1560,中砂,677.00,-3.0000,668.00,678.00,656.00,675000,448708000,629,TWSE_CSV,2026-08-25 14:15:35 +0800
1150825,2026-08-25,上市,1563,巧新,65.10,2.1000,63.00,65.90,62.70,1998000,129105500,916,TWSE_CSV,2026-08-25 14:15:35 +0800
1150825,2026-08-25,上市,1568,倉佑,28.35,-0.3000,28.65,28.65,28.10,169000,4789200,136,TWSE_CSV,2026-08-25 14:15:35 +0800
1150825,2026-08-25,上市,1582,信錦,73.20,0.2000,72.90,73.30,71.90,436000,31567500,255,TWSE_CSV,2026-08-25 14:15:35 +0800
1150825,2026-08-25,上市,1583,程泰,51.30,-0.2000,51.10,52.50,51.10,65000,3359900,49,TWSE_CSV,2026-08-25 14:15:35 +0800
1150825,2026-08-25,上市,1587,吉茂,24.05,0.0500,23.80,24.15,23.70,115000,2756750,61,TWSE_CSV,2026-08-25 14:15:35 +0800
1150825,2026-08-25,上市,1590,亞德客-KY,1460.00,25.0000,1445.00,1465.00,1415.00,326000,470320000,279,TWSE_CSV,2026-08-25 14:15:35 +0800
1150825,2026-08-25,上市,1597,直得,130.00,-1.5000,131.50,131.50,124.00,963000,121990000,783,TWSE_CSV,2026-08-25 14:15:35 +0800
1150825,2026-08-25,上市,1598,岱宇,20.55,-0.4000,20.75,20.75,20.40,179000,3671150,107,TWSE_CSV,2026-08-25 14:15:35 +0800
1150825,2026-08-25,上市,1603,華電,30.95,-0.1500,30.95,31.05,30.85,61000,1888850,50,TWSE_CSV,2026-08-25 14:15:35 +0800
1150825,2026-08-25,上市,1604,聲寶,23.30,0.0000,23.30,23.30,23.20,76000,1767150,52,TWSE_CSV,2026-08-25 14:15:35 +0800
1150825,2026-08-25,上市,1605,華新,38.45,0.3500,38.00,38.50,37.15,19524000,739575850,7910,TWSE_CSV,2026-08-25 14:15:35 +0800
1150825,2026-08-25,上市,1608,華榮,36.60,-0.1000,36.80,36.95,36.30,2418000,88441950,1427,TWSE_CSV,2026-08-25 14:15:35 +0800
1150825,2026-08-25,上市,1609,大亞,37.35,0.0000,37.35,37.45,36.90,2262000,84073450,1252,TWSE_CSV,2026-08-25 14:15:35 +0800
1150825,2026-08-25,上市,1611,中電,11.90,-0.3000,12.10,12.10,11.85,745000,8893950,335,TWSE_CSV,2026-08-25 14:15:35 +0800
1150825,2026-08-25,上市,1612,宏泰,34.55,-0.1500,34.60,34.70,34.40,251000,8680000,156,TWSE_CSV,2026-08-25 14:15:35 +0800
1150825,2026-08-25,上市,1614,三洋電,30.80,0.0000,30.65,30.85,30.60,16000,491400,14,TWSE_CSV,2026-08-25 14:15:35 +0800
1150825,2026-08-25,上市,1615,大山,44.20,0.1000,43.90,44.45,43.90,85000,3748250,50,TWSE_CSV,2026-08-25 14:15:35 +0800
1150825,2026-08-25,上市,1616,億泰,19.55,-0.0500,19.60,19.60,19.40,186000,3629350,117,TWSE_CSV,2026-08-25 14:15:35 +0800
1150825,2026-08-25,上市,1617,榮星,17.20,-0.1500,17.30,17.30,16.90,184000,3149950,119,TWSE_CSV,2026-08-25 14:15:35 +0800
1150825,2026-08-25,上市,1618,合機,39.70,0.3000,39.50,39.75,39.05,430000,16993150,295,TWSE_CSV,2026-08-25 14:15:35 +0800
1150825,2026-08-25,上市,1623,大東電,196.50,-1.5000,197.00,197.00,193.50,104000,20285000,97,TWSE_CSV,2026-08-25 14:15:35 +0800
1150825,2026-08-25,上市,1626,艾美特-KY,9.64,0.0400,9.60,9.64,9.54,92000,882760,25,TWSE_CSV,2026-08-25 14:15:35 +0800
1150825,2026-08-25,上市,1702,南僑,32.70,-0.3500,33.00,33.15,32.70,114000,3748700,80,TWSE_CSV,2026-08-25 14:15:35 +0800
1150825,2026-08-25,上市,1707,葡萄王,90.10,-0.5000,90.60,90.90,89.70,510000,46148700,394,TWSE_CSV,2026-08-25 14:15:35 +0800
1150825,2026-08-25,上市,1708,東鹼,50.60,0.8000,49.85,51.00,49.50,2831000,142526400,1877,TWSE_CSV,2026-08-25 14:15:35 +0800
1150825,2026-08-25,上市,1709,和益,33.75,-0.9000,34.40,35.00,32.80,8254000,278294350,4072,TWSE_CSV,2026-08-25 14:15:35 +0800
1150825,2026-08-25,上市,1710,東聯,15.90,0.6000,15.40,16.30,15.20,8908000,141380750,3317,TWSE_CSV,2026-08-25 14:15:35 +0800
1150825,2026-08-25,上市,1711,永光,41.25,-0.1500,40.90,41.40,40.05,3141000,127572000,1901,TWSE_CSV,2026-08-25 14:15:35 +0800
1150825,2026-08-25,上市,1712,興農,40.00,0.2000,39.70,40.15,39.70,1201000,48020750,739,TWSE_CSV,2026-08-25 14:15:35 +0800
1150825,2026-08-25,上市,1713,國化,43.65,-0.2500,43.80,43.90,43.55,61000,2666650,50,TWSE_CSV,2026-08-25 14:15:35 +0800
1150825,2026-08-25,上市,1714,和桐,16.50,-0.1500,16.55,16.60,15.95,9999000,162853650,3556,TWSE_CSV,2026-08-25 14:15:35 +0800
1150825,2026-08-25,上市,1717,長興,71.70,0.4000,70.50,71.70,70.10,3641000,258171100,2375,TWSE_CSV,2026-08-25 14:15:35 +0800
1150825,2026-08-25,上市,1718,中纖,10.65,-0.1000,10.70,11.00,10.50,16270000,174365000,3798,TWSE_CSV,2026-08-25 14:15:35 +0800
1150825,2026-08-25,上市,1720,生達,57.20,0.1000,57.10,57.50,56.90,131000,7500400,90,TWSE_CSV,2026-08-25 14:15:35 +0800
1150825,2026-08-25,上市,1721,三晃,19.40,-0.2000,19.45,19.60,19.10,273000,5263150,170,TWSE_CSV,2026-08-25 14:15:35 +0800
1150825,2026-08-25,上市,1722,台肥,44.60,0.0000,44.45,44.80,44.35,3279000,146224100,1799,TWSE_CSV,2026-08-25 14:15:35 +0800
1150825,2026-08-25,上市,1723,中碳,87.40,-1.0000,88.40,88.40,86.70,298000,25991300,219,TWSE_CSV,2026-08-25 14:15:35 +0800
1150825,2026-08-25,上市,1725,元禎,31.20,-0.1500,31.00,31.30,30.80,16000,498350,16,TWSE_CSV,2026-08-25 14:15:35 +0800
1150825,2026-08-25,上市,1726,永記,77.50,-0.3000,78.20,78.20,77.50,11000,857600,10,TWSE_CSV,2026-08-25 14:15:35 +0800
1150825,2026-08-25,上市,1727,中華化,91.30,1.3000,89.00,93.00,88.90,4366000,398162900,3272,TWSE_CSV,2026-08-25 14:15:35 +0800
1150825,2026-08-25,上市,1730,花仙子,51.90,0.6000,51.30,52.50,51.30,114000,5923200,70,TWSE_CSV,2026-08-25 14:15:35 +0800
1150825,2026-08-25,上市,1731,美吾華,21.00,-0.0500,21.00,21.20,20.95,57000,1199100,33,TWSE_CSV,2026-08-25 14:15:35 +0800
1150825,2026-08-25,上市,1732,毛寶,26.50,0.1500,26.35,26.65,26.35,82000,2173150,58,TWSE_CSV,2026-08-25 14:15:35 +0800
1150825,2026-08-25,上市,1733,五鼎,32.20,-0.0500,32.35,32.40,32.10,111000,3585300,57,TWSE_CSV,2026-08-25 14:15:35 +0800
1150825,2026-08-25,上市,1734,杏輝,32.45,-0.1000,32.45,32.50,32.30,207000,6708350,131,TWSE_CSV,2026-08-25 14:15:35 +0800
1150825,2026-08-25,上市,1735,日勝化,20.20,0.1000,19.95,20.25,19.95,33000,661700,31,TWSE_CSV,2026-08-25 14:15:35 +0800
1150825,2026-08-25,上市,1736,喬山,126.50,-0.5000,128.00,128.50,125.50,236000,29995500,207,TWSE_CSV,2026-08-25 14:15:35 +0800
1150825,2026-08-25,上市,1737,臺鹽,30.95,0.0500,31.00,31.00,30.85,228000,7051150,140,TWSE_CSV,2026-08-25 14:15:35 +0800
1150825,2026-08-25,上市,1752,南光,31.70,-0.1000,31.60,31.80,31.35,133000,4192600,74,TWSE_CSV,2026-08-25 14:15:35 +0800
1150825,2026-08-25,上市,1760,寶齡富錦,58.20,0.0000,58.30,58.30,58.00,41000,2385000,39,TWSE_CSV,2026-08-25 14:15:35 +0800
1150825,2026-08-25,上市,1762,中化生,35.80,-0.4000,35.75,35.95,35.65,46000,1646600,41,TWSE_CSV,2026-08-25 14:15:35 +0800
1150825,2026-08-25,上市,1773,勝一,158.00,-2.0000,158.50,158.50,156.50,196000,30912500,152,TWSE_CSV,2026-08-25 14:15:35 +0800
1150825,2026-08-25,上市,1776,展宇,17.10,0.3000,16.75,17.10,16.65,53000,890500,33,TWSE_CSV,2026-08-25 14:15:35 +0800
1150825,2026-08-25,上市,1783,和康生,40.40,0.0500,40.35,40.40,40.10,26000,1046700,18,TWSE_CSV,2026-08-25 14:15:35 +0800
1150825,2026-08-25,上市,1786,科妍,48.85,-1.0500,49.20,49.35,48.70,117000,5732300,90,TWSE_CSV,2026-08-25 14:15:35 +0800
1150825,2026-08-25,上市,1789,神隆,18.95,-0.2500,19.10,19.10,18.95,234000,4442350,142,TWSE_CSV,2026-08-25 14:15:35 +0800
1150825,2026-08-25,上市,1795,美時,194.00,-2.0000,196.00,198.00,191.00,1265000,244725500,961,TWSE_CSV,2026-08-25 14:15:35 +0800
1150825,2026-08-25,上市,1802,台玻,58.00,1.1000,56.00,58.00,55.60,20486000,1157481200,8556,TWSE_CSV,2026-08-25 14:15:35 +0800
1150825,2026-08-25,上市,1805,寶徠,10.20,0.0500,10.15,10.20,10.05,48000,485950,23,TWSE_CSV,2026-08-25 14:15:35 +0800
1150825,2026-08-25,上市,1806,冠軍,7.99,-0.0300,8.02,8.03,7.95,105000,839340,82,TWSE_CSV,2026-08-25 14:15:35 +0800
1150825,2026-08-25,上市,1808,潤隆,36.35,0.6500,35.60,36.55,35.00,2101000,75689500,1197,TWSE_CSV,2026-08-25 14:15:35 +0800
1150825,2026-08-25,上市,1809,中釉,37.70,0.0000,37.70,38.00,36.65,667000,24791450,451,TWSE_CSV,2026-08-25 14:15:35 +0800
1150825,2026-08-25,上市,1810,和成,24.75,-0.4000,25.00,25.20,24.40,2686000,66270000,1343,TWSE_CSV,2026-08-25 14:15:35 +0800
1150825,2026-08-25,上市,1817,凱撒衛,40.00,0.0000,40.00,40.10,39.95,32000,1280300,23,TWSE_CSV,2026-08-25 14:15:35 +0800
1150825,2026-08-25,上市,1903,士紙,48.50,-0.5500,49.00,49.10,48.00,146000,7088200,119,TWSE_CSV,2026-08-25 14:15:35 +0800
1150825,2026-08-25,上市,1904,正隆,25.35,-0.4000,25.75,25.95,25.30,1685000,43093400,871,TWSE_CSV,2026-08-25 14:15:35 +0800
1150825,2026-08-25,上市,1905,華紙,13.55,0.1500,13.40,13.60,13.20,856000,11466400,467,TWSE_CSV,2026-08-25 14:15:35 +0800
1150825,2026-08-25,上市,1906,寶隆,11.60,0.0500,11.50,11.70,11.45,124000,1435500,49,TWSE_CSV,2026-08-25 14:15:35 +0800
1150825,2026-08-25,上市,1907,永豐餘,30.45,-0.5500,31.00,31.05,30.25,861000,26339350,427,TWSE_CSV,2026-08-25 14:15:35 +0800
1150825,2026-08-25,上市,1909,榮成,11.00,0.0500,10.85,11.10,10.85,2664000,29255500,717,TWSE_CSV,2026-08-25 14:15:35 +0800
1150825,2026-08-25,上市,2002,中鋼,19.05,-0.1500,19.25,19.30,19.00,22656000,432208800,4969,TWSE_CSV,2026-08-25 14:15:35 +0800
1150825,2026-08-25,上市,2006,東和鋼鐵,82.00,-0.5000,83.00,83.50,81.50,879000,72075000,704,TWSE_CSV,2026-08-25 14:15:35 +0800
1150825,2026-08-25,上市,2007,燁興,6.99,-0.0800,7.03,7.04,6.98,180000,1261580,85,TWSE_CSV,2026-08-25 14:15:35 +0800
1150825,2026-08-25,上市,2008,高興昌,30.50,0.0000,30.50,31.00,30.50,109000,3326350,27,TWSE_CSV,2026-08-25 14:15:35 +0800
1150825,2026-08-25,上市,2009,第一銅,41.25,-0.6500,42.10,42.15,41.00,4142000,172012750,2504,TWSE_CSV,2026-08-25 14:15:35 +0800
1150825,2026-08-25,上市,2010,春源,22.65,-0.1500,22.90,22.90,22.65,587000,13319050,320,TWSE_CSV,2026-08-25 14:15:35 +0800
1150825,2026-08-25,上市,2012,春雨,14.85,0.0000,14.65,14.90,14.65,51000,755650,29,TWSE_CSV,2026-08-25 14:15:35 +0800
1150825,2026-08-25,上市,2013,中鋼構,41.95,0.0000,41.85,42.10,41.75,76000,3188500,62,TWSE_CSV,2026-08-25 14:15:35 +0800
1150825,2026-08-25,上市,2014,中鴻,17.20,-0.1000,17.45,17.45,17.10,1583000,27228550,620,TWSE_CSV,2026-08-25 14:15:35 +0800
1150825,2026-08-25,上市,2015,豐興,64.70,0.0000,64.50,64.70,64.30,84000,5426900,63,TWSE_CSV,2026-08-25 14:15:35 +0800
1150825,2026-08-25,上市,2017,官田鋼,9.03,-0.0800,9.35,9.40,9.03,1140000,10493940,531,TWSE_CSV,2026-08-25 14:15:35 +0800
1150825,2026-08-25,上市,2020,美亞,21.85,-0.1000,21.95,21.95,21.80,145000,3171450,101,TWSE_CSV,2026-08-25 14:15:35 +0800
1150825,2026-08-25,上市,2022,聚亨,7.67,-0.1000,7.79,7.80,7.63,251000,1934330,146,TWSE_CSV,2026-08-25 14:15:35 +0800
1150825,2026-08-25,上市,2023,燁輝,13.85,-0.1000,13.95,14.00,13.85,749000,10433850,381,TWSE_CSV,2026-08-25 14:15:35 +0800
1150825,2026-08-25,上市,2024,志聯,13.55,0.0000,13.50,13.55,13.50,6000,81050,4,TWSE_CSV,2026-08-25 14:15:35 +0800
1150825,2026-08-25,上市,2025,千興,12.95,0.0000,12.85,13.00,12.80,356000,4592600,154,TWSE_CSV,2026-08-25 14:15:35 +0800
1150825,2026-08-25,上市,2027,大成鋼,50.60,-0.4000,51.10,51.40,50.30,7907000,400668200,3285,TWSE_CSV,2026-08-25 14:15:35 +0800
1150825,2026-08-25,上市,2028,威致,15.75,-0.0500,15.75,15.85,15.75,69000,1089300,39,TWSE_CSV,2026-08-25 14:15:35 +0800
1150825,2026-08-25,上市,2029,盛餘,22.30,-0.1500,22.45,22.60,22.30,412000,9244450,141,TWSE_CSV,2026-08-25 14:15:35 +0800
1150825,2026-08-25,上市,2030,彰源,23.65,0.6500,22.80,23.75,22.75,4657000,108899600,1913,TWSE_CSV,2026-08-25 14:15:35 +0800
1150825,2026-08-25,上市,2031,新光鋼,46.35,0.2500,46.10,46.80,45.70,1296000,60117700,805,TWSE_CSV,2026-08-25 14:15:35 +0800
1150825,2026-08-25,上市,2032,新鋼,17.40,0.0500,17.45,17.50,17.15,342000,5940150,180,TWSE_CSV,2026-08-25 14:15:35 +0800
1150825,2026-08-25,上市,2033,佳大,23.75,1.7500,21.95,23.75,21.95,1096000,25350750,618,TWSE_CSV,2026-08-25 14:15:35 +0800
1150825,2026-08-25,上市,2034,允強,20.35,-0.1500,20.50,20.65,20.25,817000,16709400,418,TWSE_CSV,2026-08-25 14:15:35 +0800
1150825,2026-08-25,上市,2038,海光,12.90,0.0000,13.00,13.00,12.65,135000,1732900,92,TWSE_CSV,2026-08-25 14:15:35 +0800
1150825,2026-08-25,上市,2049,上銀,345.50,2.0000,341.00,346.00,332.50,2686000,915193000,2176,TWSE_CSV,2026-08-25 14:15:35 +0800
1150825,2026-08-25,上市,2059,川湖,14285.00,-125.0000,14480.00,14625.00,14065.00,618000,8848035000,610,TWSE_CSV,2026-08-25 14:15:35 +0800
1150825,2026-08-25,上市,2062,橋椿,19.30,0.0500,19.25,19.35,19.15,142000,2734850,103,TWSE_CSV,2026-08-25 14:15:35 +0800
1150825,2026-08-25,上市,2069,運錩,20.70,-0.0500,20.90,21.15,20.70,634000,13262800,323,TWSE_CSV,2026-08-25 14:15:35 +0800
1150825,2026-08-25,上市,2072,世紀風電,149.00,-1.5000,150.50,150.50,148.00,261000,38913000,216,TWSE_CSV,2026-08-25 14:15:35 +0800
1150825,2026-08-25,上市,2101,南港,33.15,-0.3500,33.70,33.70,33.05,1305000,43508650,698,TWSE_CSV,2026-08-25 14:15:35 +0800
1150825,2026-08-25,上市,2102,泰豐,18.60,-0.0500,18.60,18.70,18.40,388000,7193550,159,TWSE_CSV,2026-08-25 14:15:35 +0800
1150825,2026-08-25,上市,2103,台橡,28.10,-0.2000,28.15,28.25,27.80,2846000,79774600,1285,TWSE_CSV,2026-08-25 14:15:35 +0800
1150825,2026-08-25,上市,2104,國際中橡,10.20,-0.1500,10.35,10.35,10.20,5338000,54599600,837,TWSE_CSV,2026-08-25 14:15:35 +0800
1150825,2026-08-25,上市,2105,正新,31.35,-0.1000,31.30,31.55,31.15,2247000,70545600,914,TWSE_CSV,2026-08-25 14:15:35 +0800
1150825,2026-08-25,上市,2106,建大,17.25,-0.2000,17.45,17.50,17.25,1519000,26319300,788,TWSE_CSV,2026-08-25 14:15:35 +0800
1150825,2026-08-25,上市,2107,厚生,26.70,0.0500,26.60,26.80,26.40,235000,6260600,140,TWSE_CSV,2026-08-25 14:15:35 +0800
1150825,2026-08-25,上市,2108,南帝,30.05,-0.2000,30.20,30.20,29.80,578000,17308900,319,TWSE_CSV,2026-08-25 14:15:35 +0800
1150825,2026-08-25,上市,2109,華豐,14.75,-0.1000,14.85,14.85,14.75,45000,665550,23,TWSE_CSV,2026-08-25 14:15:35 +0800
1150825,2026-08-25,上市,2114,鑫永銓,88.30,-0.1000,88.40,88.50,88.30,8000,707100,7,TWSE_CSV,2026-08-25 14:15:35 +0800
1150825,2026-08-25,上市,2115,六暉-KY,23.95,-0.1000,24.00,24.00,23.80,37000,886150,28,TWSE_CSV,2026-08-25 14:15:35 +0800
1150825,2026-08-25,上市,2201,裕隆,28.70,0.0000,28.50,28.90,28.35,1776000,50913700,805,TWSE_CSV,2026-08-25 14:15:35 +0800
1150825,2026-08-25,上市,2204,中華,54.00,-0.3000,54.30,54.30,53.80,670000,36190700,465,TWSE_CSV,2026-08-25 14:15:35 +0800
1150825,2026-08-25,上市,2206,三陽工業,63.90,-0.1000,63.60,64.10,63.40,714000,45569100,418,TWSE_CSV,2026-08-25 14:15:35 +0800
1150825,2026-08-25,上市,2207,和泰車,519.00,-3.0000,514.00,528.00,514.00,183000,95516000,170,TWSE_CSV,2026-08-25 14:15:35 +0800
1150825,2026-08-25,上市,2208,台船,19.10,-0.1000,19.20,19.20,19.05,1493000,28533150,673,TWSE_CSV,2026-08-25 14:15:35 +0800
1150825,2026-08-25,上市,2211,長榮鋼,83.70,-1.1000,84.80,84.80,83.50,560000,47046900,344,TWSE_CSV,2026-08-25 14:15:35 +0800
1150825,2026-08-25,上市,2227,裕日車,48.00,-1.0000,48.55,49.00,48.00,87000,4194400,60,TWSE_CSV,2026-08-25 14:15:35 +0800
1150825,2026-08-25,上市,2228,劍麟,74.10,-0.2000,74.10,74.30,73.00,122000,8968800,94,TWSE_CSV,2026-08-25 14:15:35 +0800
1150825,2026-08-25,上市,2231,為升,90.70,-0.8000,91.50,91.50,89.50,216000,19502500,201,TWSE_CSV,2026-08-25 14:15:35 +0800
1150825,2026-08-25,上市,2233,宇隆,167.50,-7.0000,172.50,173.00,157.50,3865000,621788500,2354,TWSE_CSV,2026-08-25 14:15:35 +0800
1150825,2026-08-25,上市,2236,百達-KY,122.50,0.5000,122.00,122.50,119.00,280000,33866000,187,TWSE_CSV,2026-08-25 14:15:35 +0800
1150825,2026-08-25,上市,2237,華德動能-創,27.80,-0.3000,27.90,27.90,27.50,83000,2294200,66,TWSE_CSV,2026-08-25 14:15:35 +0800
1150825,2026-08-25,上市,2239,英利-KY,19.65,-0.2500,19.75,20.25,19.55,39000,769050,33,TWSE_CSV,2026-08-25 14:15:35 +0800
1150825,2026-08-25,上市,2241,艾姆勒,34.15,0.2500,34.25,34.40,33.20,300000,10142850,193,TWSE_CSV,2026-08-25 14:15:35 +0800
1150825,2026-08-25,上市,2243,宏旭-KY,41.05,1.3000,40.00,41.35,39.20,189000,7557850,134,TWSE_CSV,2026-08-25 14:15:35 +0800
1150825,2026-08-25,上市,2247,汎德永業,225.50,-0.5000,226.00,226.00,224.50,13000,2928500,13,TWSE_CSV,2026-08-25 14:15:35 +0800
1150825,2026-08-25,上市,2248,華勝-KY,63.60,0.1000,63.40,63.70,61.00,110000,6891500,74,TWSE_CSV,2026-08-25 14:15:35 +0800
1150825,2026-08-25,上市,2250,IKKA-KY,60.50,0.6000,59.80,60.50,59.60,36000,2155300,27,TWSE_CSV,2026-08-25 14:15:35 +0800
1150825,2026-08-25,上市,2254,巨鎧精密-創,58.90,0.3000,58.90,59.60,57.10,54000,3176100,37,TWSE_CSV,2026-08-25 14:15:35 +0800
1150825,2026-08-25,上市,2258,鴻華先進-創,31.00,-0.4500,31.45,31.50,30.95,242000,7531550,138,TWSE_CSV,2026-08-25 14:15:35 +0800
1150825,2026-08-25,上市,2301,光寶科,296.00,9.0000,286.00,296.00,277.50,73174000,21022993000,43507,TWSE_CSV,2026-08-25 14:15:35 +0800
1150825,2026-08-25,上市,2302,麗正,41.60,-1.0500,42.30,42.45,40.35,2602000,106759900,1716,TWSE_CSV,2026-08-25 14:15:35 +0800
1150825,2026-08-25,上市,2303,聯電,125.00,1.5000,123.50,125.50,119.00,123756000,15085932500,46855,TWSE_CSV,2026-08-25 14:15:35 +0800
1150825,2026-08-25,上市,2305,全友,28.20,1.5500,26.45,28.50,25.70,3195000,85561100,1616,TWSE_CSV,2026-08-25 14:15:35 +0800
1150825,2026-08-25,上市,2308,台達電,1710.00,-25.0000,1715.00,1715.00,1655.00,9366000,15729580000,6475,TWSE_CSV,2026-08-25 14:15:35 +0800
1150825,2026-08-25,上市,2312,金寶,31.40,-0.3500,31.70,31.75,30.85,8364000,260547400,4233,TWSE_CSV,2026-08-25 14:15:35 +0800
1150825,2026-08-25,上市,2313,華通,217.50,5.0000,212.00,218.00,205.50,17911000,3783203000,9700,TWSE_CSV,2026-08-25 14:15:35 +0800
1150825,2026-08-25,上市,2314,台揚,11.85,-0.0500,12.05,12.75,11.85,321000,3971550,166,TWSE_CSV,2026-08-25 14:15:35 +0800
1150825,2026-08-25,上市,2316,楠梓電,156.00,0.5000,154.00,156.00,150.00,1046000,159216500,738,TWSE_CSV,2026-08-25 14:15:35 +0800
1150825,2026-08-25,上市,2317,鴻海,243.00,-0.5000,242.00,243.50,238.00,35312000,8488803500,18307,TWSE_CSV,2026-08-25 14:15:35 +0800
1150825,2026-08-25,上市,2321,東訊,,0.0000,,,,,,,TWSE_CSV,2026-08-25 14:15:35 +0800
1150825,2026-08-25,上市,2323,中環,10.80,0.1000,10.75,10.85,10.55,4652000,49800550,1094,TWSE_CSV,2026-08-25 14:15:35 +0800
1150825,2026-08-25,上市,2324,仁寶,40.80,-0.8000,41.60,41.85,39.65,96228000,3898068800,34167,TWSE_CSV,2026-08-25 14:15:35 +0800
1150825,2026-08-25,上市,2327,國巨*,544.00,-7.0000,547.00,548.00,515.00,32904000,17352436000,23052,TWSE_CSV,2026-08-25 14:15:35 +0800
1150825,2026-08-25,上市,2328,廣宇,44.70,-0.2000,45.00,45.00,43.90,1013000,44848650,723,TWSE_CSV,2026-08-25 14:15:35 +0800
1150825,2026-08-25,上市,2329,華泰,43.35,-0.3500,44.05,44.05,42.40,1500000,64285450,1050,TWSE_CSV,2026-08-25 14:15:35 +0800
1150825,2026-08-25,上市,2330,台積電,2400.00,25.0000,2355.00,2400.00,2350.00,12789000,30352760000,6924,TWSE_CSV,2026-08-25 14:15:35 +0800
1150825,2026-08-25,上市,2331,精英,19.55,-0.0500,19.55,19.60,19.30,1039000,20176000,472,TWSE_CSV,2026-08-25 14:15:35 +0800
1150825,2026-08-25,上市,2332,友訊,20.10,-0.2500,20.35,20.35,19.80,11762000,235888800,3757,TWSE_CSV,2026-08-25 14:15:35 +0800
1150825,2026-08-25,上市,2337,旺宏,122.00,-2.0000,120.50,122.50,117.50,33009000,3942234500,16626,TWSE_CSV,2026-08-25 14:15:35 +0800
1150825,2026-08-25,上市,2338,光罩,38.55,0.2000,38.45,38.80,37.15,824000,31070800,561,TWSE_CSV,2026-08-25 14:15:35 +0800
1150825,2026-08-25,上市,2340,台亞,32.60,0.4500,31.85,32.75,30.90,3151000,99772050,2068,TWSE_CSV,2026-08-25 14:15:35 +0800
1150825,2026-08-25,上市,2342,茂矽,39.25,0.5500,38.40,39.25,37.25,1581000,60215350,1188,TWSE_CSV,2026-08-25 14:15:35 +0800
1150825,2026-08-25,上市,2344,華邦電,179.00,2.0000,172.00,179.00,168.50,91915000,15851494500,45243,TWSE_CSV,2026-08-25 14:15:35 +0800
1150825,2026-08-25,上市,2345,智邦,2030.00,-40.0000,2080.00,2080.00,1960.00,2563000,5141815000,2108,TWSE_CSV,2026-08-25 14:15:35 +0800
1150825,2026-08-25,上市,2347,聯強,86.70,-1.6000,87.70,87.90,86.40,2214000,192491100,1539,TWSE_CSV,2026-08-25 14:15:35 +0800
1150825,2026-08-25,上市,2348,海悅,70.10,-1.5000,71.50,71.50,70.10,179000,12638200,132,TWSE_CSV,2026-08-25 14:15:35 +0800
1150825,2026-08-25,上市,2349,錸德,10.85,-0.1000,10.95,10.95,10.70,1741000,18825350,484,TWSE_CSV,2026-08-25 14:15:35 +0800
1150825,2026-08-25,上市,2351,順德,199.50,-1.0000,195.00,200.50,187.00,5270000,1014732500,3975,TWSE_CSV,2026-08-25 14:15:35 +0800
1150825,2026-08-25,上市,2352,佳世達,28.15,-0.5000,28.60,28.85,27.60,7002000,196129300,3783,TWSE_CSV,2026-08-25 14:15:35 +0800
1150825,2026-08-25,上市,2353,宏碁,31.05,-0.0500,31.15,31.30,30.70,6335000,195790550,2844,TWSE_CSV,2026-08-25 14:15:35 +0800
1150825,2026-08-25,上市,2354,鴻準,60.50,0.0000,60.30,60.70,59.50,2678000,161201500,1649,TWSE_CSV,2026-08-25 14:15:35 +0800
1150825,2026-08-25,上市,2355,敬鵬,41.65,0.0000,41.65,41.70,40.70,1335000,54725000,829,TWSE_CSV,2026-08-25 14:15:35 +0800
1150825,2026-08-25,上市,2356,英業達,65.40,-0.7000,65.70,65.90,64.00,11523000,747195000,5897,TWSE_CSV,2026-08-25 14:15:35 +0800
1150825,2026-08-25,上市,2357,華碩,925.00,2.0000,921.00,925.00,901.00,1913000,1750611000,1457,TWSE_CSV,2026-08-25 14:15:35 +0800
1150825,2026-08-25,上市,2359,所羅門,145.00,-0.5000,145.00,145.50,139.00,5092000,725547500,3696,TWSE_CSV,2026-08-25 14:15:35 +0800
1150825,2026-08-25,上市,2360,致茂,1965.00,-105.0000,2030.00,2035.00,1890.00,2749000,5342710000,2329,TWSE_CSV,2026-08-25 14:15:35 +0800
1150825,2026-08-25,上市,2362,藍天,48.55,-0.3000,48.90,48.95,48.10,749000,36365200,525,TWSE_CSV,2026-08-25 14:15:35 +0800
1150825,2026-08-25,上市,2363,矽統,50.40,-0.2000,50.60,50.60,49.20,2851000,142222250,1779,TWSE_CSV,2026-08-25 14:15:35 +0800
1150825,2026-08-25,上市,2364,倫飛,75.10,0.5000,74.80,75.10,72.20,595000,43780200,439,TWSE_CSV,2026-08-25 14:15:35 +0800
1150825,2026-08-25,上市,2365,昆盈,30.00,-0.1000,30.10,30.10,29.25,811000,24002600,500,TWSE_CSV,2026-08-25 14:15:35 +0800
1150825,2026-08-25,上市,2367,燿華,43.05,0.5500,42.20,43.05,40.90,4535000,189552350,2970,TWSE_CSV,2026-08-25 14:15:35 +0800
1150825,2026-08-25,上市,2368,金像電,971.00,23.0000,942.00,974.00,915.00,5153000,4867685000,4178,TWSE_CSV,2026-08-25 14:15:35 +0800
1150825,2026-08-25,上市,2369,菱生,31.25,-0.9500,32.00,32.00,30.15,6910000,212563450,4051,TWSE_CSV,2026-08-25 14:15:35 +0800
1150825,2026-08-25,上市,2371,大同,27.70,0.2500,27.40,27.70,27.10,5126000,140424350,2384,TWSE_CSV,2026-08-25 14:15:35 +0800
1150825,2026-08-25,上市,2373,震旦行,53.40,0.2000,53.20,53.40,53.00,31000,1648100,29,TWSE_CSV,2026-08-25 14:15:35 +0800
1150825,2026-08-25,上市,2374,佳能,66.90,-0.2000,66.00,67.10,65.60,1649000,109265200,1156,TWSE_CSV,2026-08-25 14:15:35 +0800
1150825,2026-08-25,上市,2375,凱美,122.50,2.0000,120.50,123.50,116.00,1722000,205050500,1275,TWSE_CSV,2026-08-25 14:15:35 +0800
1150825,2026-08-25,上市,2376,技嘉,347.50,6.5000,338.50,349.50,335.50,3104000,1061550000,2338,TWSE_CSV,2026-08-25 14:15:35 +0800
1150825,2026-08-25,上市,2377,微星,144.00,0.0000,143.50,144.00,141.00,3630000,517239500,2279,TWSE_CSV,2026-08-25 14:15:35 +0800
1150825,2026-08-25,上市,2379,瑞昱,730.00,14.0000,713.00,730.00,707.00,1760000,1268982000,1350,TWSE_CSV,2026-08-25 14:15:35 +0800
1150825,2026-08-25,上市,2380,虹光,19.00,-0.2000,19.15,19.35,18.50,44000,827550,40,TWSE_CSV,2026-08-25 14:15:35 +0800
1150825,2026-08-25,上市,2382,廣達,328.50,3.5000,321.50,328.50,319.50,7697000,2493306000,4037,TWSE_CSV,2026-08-25 14:15:35 +0800
1150825,2026-08-25,上市,2383,台光電,5595.00,165.0000,5410.00,5605.00,5255.00,1759000,9495565000,1586,TWSE_CSV,2026-08-25 14:15:35 +0800
1150825,2026-08-25,上市,2385,群光,106.00,0.5000,105.50,106.50,104.50,1656000,174982000,958,TWSE_CSV,2026-08-25 14:15:35 +0800
1150825,2026-08-25,上市,2387,精元,36.70,0.3500,36.20,36.75,36.15,161000,5866750,112,TWSE_CSV,2026-08-25 14:15:35 +0800
1150825,2026-08-25,上市,2388,威盛,71.90,-0.2000,72.10,72.20,70.20,2199000,156522400,1510,TWSE_CSV,2026-08-25 14:15:35 +0800
1150825,2026-08-25,上市,2390,云辰,10.25,0.0000,10.25,10.35,10.20,300000,3080100,130,TWSE_CSV,2026-08-25 14:15:35 +0800
1150825,2026-08-25,上市,2392,正崴,45.10,0.8500,43.70,45.95,43.20,5524000,247128100,3691,TWSE_CSV,2026-08-25 14:15:35 +0800
1150825,2026-08-25,上市,2393,億光,65.20,-0.2000,65.40,65.40,63.80,903000,58278900,640,TWSE_CSV,2026-08-25 14:15:35 +0800
1150825,2026-08-25,上市,2395,研華,670.00,12.0000,658.00,670.00,650.00,2133000,1413620000,1863,TWSE_CSV,2026-08-25 14:15:35 +0800
1150825,2026-08-25,上市,2397,友通,62.50,-0.2000,62.70,63.00,61.60,124000,7722600,97,TWSE_CSV,2026-08-25 14:15:35 +0800
1150825,2026-08-25,上市,2399,映泰,47.70,-0.0500,47.05,47.90,46.00,6355000,297018400,3816,TWSE_CSV,2026-08-25 14:15:35 +0800
1150825,2026-08-25,上市,2401,凌陽,25.15,-0.0500,24.90,25.40,24.55,1857000,46099600,1123,TWSE_CSV,2026-08-25 14:15:35 +0800
1150825,2026-08-25,上市,2402,毅嘉,55.80,1.4000,54.40,55.90,53.00,955000,51927400,750,TWSE_CSV,2026-08-25 14:15:35 +0800
1150825,2026-08-25,上市,2404,漢唐,1070.00,5.0000,1060.00,1080.00,1055.00,715000,761970000,601,TWSE_CSV,2026-08-25 14:15:35 +0800
1150825,2026-08-25,上市,2405,輔信,15.35,-0.1500,15.50,15.50,15.10,923000,14049850,447,TWSE_CSV,2026-08-25 14:15:35 +0800
1150825,2026-08-25,上市,2406,國碩,28.30,0.0000,28.50,28.60,27.05,3954000,110204900,2311,TWSE_CSV,2026-08-25 14:15:35 +0800
1150825,2026-08-25,上市,2408,南亞科,510.00,9.0000,491.00,510.00,480.00,65230000,32128390500,42205,TWSE_CSV,2026-08-25 14:15:35 +0800
1150825,2026-08-25,上市,2409,友達,25.65,0.4000,25.05,25.65,24.60,103170000,2589977350,30123,TWSE_CSV,2026-08-25 14:15:35 +0800
1150825,2026-08-25,上市,2412,中華電,136.50,0.0000,136.50,137.00,136.00,4381000,598234500,1988,TWSE_CSV,2026-08-25 14:15:35 +0800
1150825,2026-08-25,上市,2413,環科,42.80,-0.2500,42.50,43.05,42.00,379000,16051950,291,TWSE_CSV,2026-08-25 14:15:35 +0800
1150825,2026-08-25,上市,2414,精技,51.70,-0.8000,51.80,52.30,51.70,158000,8214000,142,TWSE_CSV,2026-08-25 14:15:35 +0800
1150825,2026-08-25,上市,2415,錩新,30.70,0.5500,30.15,30.70,29.25,206000,6235750,113,TWSE_CSV,2026-08-25 14:15:35 +0800
1150825,2026-08-25,上市,2417,圓剛,43.00,-0.2000,43.20,43.20,42.55,486000,20827100,295,TWSE_CSV,2026-08-25 14:15:35 +0800
1150825,2026-08-25,上市,2419,仲琦,24.60,0.1000,24.50,24.80,24.10,232000,5663750,156,TWSE_CSV,2026-08-25 14:15:35 +0800
1150825,2026-08-25,上市,2420,新巨,56.50,-0.7000,57.60,57.60,56.20,1095000,61999400,644,TWSE_CSV,2026-08-25 14:15:35 +0800
1150825,2026-08-25,上市,2421,建準,144.00,0.5000,143.50,144.00,140.50,1136000,161554500,750,TWSE_CSV,2026-08-25 14:15:35 +0800
1150825,2026-08-25,上市,2423,固緯,73.80,0.4000,73.70,74.20,73.20,50000,3683100,35,TWSE_CSV,2026-08-25 14:15:35 +0800
1150825,2026-08-25,上市,2424,隴華,8.37,0.0000,8.37,8.37,8.37,2000,16740,2,TWSE_CSV,2026-08-25 14:15:35 +0800
1150825,2026-08-25,上市,2425,承啟,37.75,-0.1500,38.00,38.10,36.60,981000,36830700,689,TWSE_CSV,2026-08-25 14:15:35 +0800
1150825,2026-08-25,上市,2426,鼎元,90.80,8.2000,82.20,90.80,80.30,60524000,5154583000,34515,TWSE_CSV,2026-08-25 14:15:35 +0800
1150825,2026-08-25,上市,2427,三商電,22.45,0.3000,22.10,22.50,22.00,223000,4961500,145,TWSE_CSV,2026-08-25 14:15:35 +0800
1150825,2026-08-25,上市,2428,興勤,249.50,-1.0000,249.00,250.00,243.50,672000,165786500,574,TWSE_CSV,2026-08-25 14:15:35 +0800
1150825,2026-08-25,上市,2429,銘旺科,32.75,0.0500,32.70,33.15,31.50,154000,4974200,118,TWSE_CSV,2026-08-25 14:15:35 +0800
1150825,2026-08-25,上市,2430,燦坤,17.75,-0.0500,17.80,17.80,17.45,72000,1267200,54,TWSE_CSV,2026-08-25 14:15:35 +0800
1150825,2026-08-25,上市,2431,聯昌,10.25,-0.1000,10.40,10.40,10.20,36000,370800,28,TWSE_CSV,2026-08-25 14:15:35 +0800
1150825,2026-08-25,上市,2432,倚天酷碁-創,27.55,-0.1000,27.70,27.70,27.55,3000,82950,3,TWSE_CSV,2026-08-25 14:15:35 +0800
1150825,2026-08-25,上市,2433,互盛電,41.70,0.0000,41.70,41.75,41.60,21000,875250,15,TWSE_CSV,2026-08-25 14:15:35 +0800
1150825,2026-08-25,上市,2434,統懋,52.20,-1.3000,54.20,57.70,51.30,2987000,163293400,2245,TWSE_CSV,2026-08-25 14:15:35 +0800
1150825,2026-08-25,上市,2436,偉詮電,63.60,0.4000,62.70,63.60,61.30,3181000,198339500,2030,TWSE_CSV,2026-08-25 14:15:35 +0800
1150825,2026-08-25,上市,2438,翔耀,17.70,-0.5000,18.00,18.00,17.65,33000,586150,24,TWSE_CSV,2026-08-25 14:15:35 +0800
1150825,2026-08-25,上市,2439,美律,82.30,-0.1000,82.00,82.40,81.70,905000,74239400,519,TWSE_CSV,2026-08-25 14:15:35 +0800
1150825,2026-08-25,上市,2440,太空梭,14.00,0.1500,13.60,14.00,13.60,198000,2727100,106,TWSE_CSV,2026-08-25 14:15:35 +0800
1150825,2026-08-25,上市,2441,超豐,115.00,1.5000,113.50,116.00,110.00,3426000,386798500,2314,TWSE_CSV,2026-08-25 14:15:35 +0800
1150825,2026-08-25,上市,2442,新美齊,19.65,0.0500,19.65,19.65,19.50,748000,14669600,328,TWSE_CSV,2026-08-25 14:15:35 +0800
1150825,2026-08-25,上市,2444,兆勁,11.00,0.1000,10.80,11.10,10.80,60000,657650,40,TWSE_CSV,2026-08-25 14:15:35 +0800
1150825,2026-08-25,上市,2449,京元電子,239.50,0.5000,238.00,239.50,231.00,10840000,2545563500,7018,TWSE_CSV,2026-08-25 14:15:35 +0800
1150825,2026-08-25,上市,2450,神腦,28.20,-0.0500,28.25,28.25,28.20,52000,1467150,34,TWSE_CSV,2026-08-25 14:15:35 +0800
1150825,2026-08-25,上市,2451,創見,299.00,-17.0000,310.00,311.00,293.00,7247000,2173496000,5017,TWSE_CSV,2026-08-25 14:15:35 +0800
1150825,2026-08-25,上市,2453,凌群,52.10,0.0000,52.30,52.30,51.70,137000,7107100,80,TWSE_CSV,2026-08-25 14:15:35 +0800
1150825,2026-08-25,上市,2454,聯發科,3735.00,-30.0000,3725.00,3735.00,3655.00,4621000,17058185000,3737,TWSE_CSV,2026-08-25 14:15:35 +0800
1150825,2026-08-25,上市,2455,全新,419.50,38.0000,381.50,419.50,374.50,4128000,1653176500,3264,TWSE_CSV,2026-08-25 14:15:35 +0800
1150825,2026-08-25,上市,2457,飛宏,22.80,-0.1000,22.90,22.90,22.25,984000,22106000,606,TWSE_CSV,2026-08-25 14:15:35 +0800
1150825,2026-08-25,上市,2458,義隆,137.50,-1.5000,140.00,140.00,135.00,1855000,254134000,1285,TWSE_CSV,2026-08-25 14:15:35 +0800
1150825,2026-08-25,上市,2459,敦吉,66.70,-0.5000,67.10,67.50,66.70,60000,4030200,45,TWSE_CSV,2026-08-25 14:15:35 +0800
1150825,2026-08-25,上市,2460,建通,28.45,-0.4500,28.90,28.90,28.00,221000,6242650,144,TWSE_CSV,2026-08-25 14:15:35 +0800
1150825,2026-08-25,上市,2461,光群雷,18.15,-0.0500,18.20,18.20,17.95,378000,6842850,188,TWSE_CSV,2026-08-25 14:15:35 +0800
1150825,2026-08-25,上市,2462,良得電,19.65,0.1000,19.70,19.75,19.35,167000,3271500,99,TWSE_CSV,2026-08-25 14:15:35 +0800
1150825,2026-08-25,上市,2464,盟立,193.00,5.5000,186.00,193.00,182.00,14014000,2635235500,9796,TWSE_CSV,2026-08-25 14:15:35 +0800
1150825,2026-08-25,上市,2465,麗臺,89.40,-2.3000,90.70,90.70,88.00,2817000,251629500,2050,TWSE_CSV,2026-08-25 14:15:35 +0800
1150825,2026-08-25,上市,2466,冠西電,103.00,2.0000,100.00,104.00,99.20,1959000,199375400,1517,TWSE_CSV,2026-08-25 14:15:35 +0800
1150825,2026-08-25,上市,2467,志聖,535.00,2.0000,526.00,535.00,505.00,635000,329108000,566,TWSE_CSV,2026-08-25 14:15:35 +0800
1150825,2026-08-25,上市,2468,華經,33.50,-0.5000,33.75,33.75,33.20,200000,6680650,128,TWSE_CSV,2026-08-25 14:15:35 +0800
1150825,2026-08-25,上市,2471,資通,49.00,0.1500,48.80,49.20,48.75,77000,3768950,53,TWSE_CSV,2026-08-25 14:15:35 +0800
1150825,2026-08-25,上市,2472,立隆電,218.00,-2.0000,218.50,219.00,207.00,1374000,291484000,1188,TWSE_CSV,2026-08-25 14:15:35 +0800
1150825,2026-08-25,上市,2474,可成,204.50,0.0000,204.00,204.50,202.50,3120000,634664500,1212,TWSE_CSV,2026-08-25 14:15:35 +0800
1150825,2026-08-25,上市,2476,鉅祥,120.50,5.0000,115.00,120.50,112.50,2174000,253401000,1049,TWSE_CSV,2026-08-25 14:15:35 +0800
1150825,2026-08-25,上市,2477,美隆電,20.60,-0.1000,20.60,20.80,20.55,37000,763000,33,TWSE_CSV,2026-08-25 14:15:35 +0800
1150825,2026-08-25,上市,2478,大毅,120.50,0.0000,119.00,120.50,112.50,3842000,445282000,2698,TWSE_CSV,2026-08-25 14:15:35 +0800
1150825,2026-08-25,上市,2480,敦陽科,159.00,-1.5000,159.00,160.50,158.00,84000,13341000,76,TWSE_CSV,2026-08-25 14:15:35 +0800
1150825,2026-08-25,上市,2481,強茂,137.00,3.0000,132.00,137.00,129.50,7874000,1044970500,5192,TWSE_CSV,2026-08-25 14:15:35 +0800
1150825,2026-08-25,上市,2482,連宇,16.00,-0.0500,15.80,16.15,15.75,104000,1651250,54,TWSE_CSV,2026-08-25 14:15:35 +0800
1150825,2026-08-25,上市,2483,百容,35.25,-0.8500,36.50,36.50,34.30,964000,33600000,693,TWSE_CSV,2026-08-25 14:15:35 +0800
1150825,2026-08-25,上市,2484,希華,79.30,7.2000,72.50,79.30,70.10,17978000,1366195900,11144,TWSE_CSV,2026-08-25 14:15:35 +0800
1150825,2026-08-25,上市,2485,兆赫,41.15,-0.9500,42.10,42.10,39.70,4208000,170222550,2850,TWSE_CSV,2026-08-25 14:15:35 +0800
1150825,2026-08-25,上市,2486,一詮,258.00,9.0000,244.50,258.00,241.00,13759000,3444209000,10027,TWSE_CSV,2026-08-25 14:15:35 +0800
1150825,2026-08-25,上市,2488,漢平,48.35,-0.5500,48.30,48.65,48.25,59000,2857350,47,TWSE_CSV,2026-08-25 14:15:35 +0800
1150825,2026-08-25,上市,2489,瑞軒,40.55,3.6500,36.15,40.55,34.50,69835000,2656407950,34008,TWSE_CSV,2026-08-25 14:15:35 +0800
1150825,2026-08-25,上市,2491,吉祥全,42.55,3.8500,37.40,42.55,37.20,2864000,117956400,1108,TWSE_CSV,2026-08-25 14:15:35 +0800
1150825,2026-08-25,上市,2492,華新科,268.00,3.0000,262.50,268.00,251.00,11669000,3013145000,8248,TWSE_CSV,2026-08-25 14:15:35 +0800
1150825,2026-08-25,上市,2493,揚博,171.00,-3.0000,170.00,172.50,165.00,2431000,408469000,1678,TWSE_CSV,2026-08-25 14:15:35 +0800
1150825,2026-08-25,上市,2495,普安,38.70,1.2000,37.95,38.70,36.50,1480000,55619400,1040,TWSE_CSV,2026-08-25 14:15:35 +0800
1150825,2026-08-25,上市,2496,卓越,54.90,-0.1000,54.60,55.10,54.40,28000,1528100,21,TWSE_CSV,2026-08-25 14:15:35 +0800
1150825,2026-08-25,上市,2497,怡利電,45.25,-0.0500,45.20,45.30,43.95,144000,6444200,124,TWSE_CSV,2026-08-25 14:15:35 +0800
1150825,2026-08-25,上市,2498,宏達電,40.50,0.0000,40.60,40.65,40.00,2284000,92031600,1168,TWSE_CSV,2026-08-25 14:15:35 +0800
1150825,2026-08-25,上市,2501,國建,22.90,-0.2000,23.15,23.15,22.90,516000,11865800,274,TWSE_CSV,2026-08-25 14:15:35 +0800
1150825,2026-08-25,上市,2504,國產,31.85,-0.0500,31.95,32.55,31.75,2442000,78546950,1159,TWSE_CSV,2026-08-25 14:15:35 +0800
1150825,2026-08-25,上市,2505,國揚,17.45,-0.0500,17.35,17.50,17.25,133000,2305650,90,TWSE_CSV,2026-08-25 14:15:35 +0800
1150825,2026-08-25,上市,2506,太設,8.57,-0.0200,8.59,8.62,8.55,112000,961210,31,TWSE_CSV,2026-08-25 14:15:35 +0800
1150825,2026-08-25,上市,2509,全坤建,14.75,0.1000,14.50,14.75,14.50,84000,1229550,59,TWSE_CSV,2026-08-25 14:15:35 +0800
1150825,2026-08-25,上市,2511,太子,8.34,0.0300,8.31,8.36,8.27,398000,3306730,167,TWSE_CSV,2026-08-25 14:15:35 +0800
1150825,2026-08-25,上市,2514,龍邦,11.85,-0.1500,12.00,12.00,11.60,565000,6642650,247,TWSE_CSV,2026-08-25 14:15:35 +0800
1150825,2026-08-25,上市,2515,中工,12.00,0.0000,12.00,12.10,11.90,4139000,49690200,900,TWSE_CSV,2026-08-25 14:15:35 +0800
1150825,2026-08-25,上市,2516,新建,14.30,-0.1500,14.40,14.40,14.30,50000,718100,37,TWSE_CSV,2026-08-25 14:15:35 +0800
1150825,2026-08-25,上市,2520,冠德,35.40,-1.0500,36.50,36.85,35.30,1739000,62837400,970,TWSE_CSV,2026-08-25 14:15:35 +0800
1150825,2026-08-25,上市,2524,京城,34.80,-0.3000,35.10,35.55,34.60,48000,1680450,42,TWSE_CSV,2026-08-25 14:15:35 +0800
1150825,2026-08-25,上市,2527,宏璟,41.95,-0.8500,42.50,42.60,41.20,928000,38932400,557,TWSE_CSV,2026-08-25 14:15:35 +0800
1150825,2026-08-25,上市,2528,皇普,20.50,0.0500,20.45,20.65,20.35,238000,4882750,164,TWSE_CSV,2026-08-25 14:15:35 +0800
1150825,2026-08-25,上市,2530,華建,19.35,-0.1000,19.40,19.50,19.20,471000,9094000,274,TWSE_CSV,2026-08-25 14:15:35 +0800
1150825,2026-08-25,上市,2534,宏盛,17.30,0.0500,17.25,17.35,17.20,402000,6946450,165,TWSE_CSV,2026-08-25 14:15:35 +0800
1150825,2026-08-25,上市,2535,達欣工,90.20,-0.8000,90.10,90.90,89.60,195000,17596900,127,TWSE_CSV,2026-08-25 14:15:35 +0800
1150825,2026-08-25,上市,2536,宏普,20.95,0.1500,20.75,21.10,20.55,3450000,71483250,750,TWSE_CSV,2026-08-25 14:15:35 +0800
1150825,2026-08-25,上市,2537,聯上發,11.40,-0.1000,11.45,11.55,11.35,555000,6339100,184,TWSE_CSV,2026-08-25 14:15:35 +0800
1150825,2026-08-25,上市,2538,基泰,9.08,0.0100,9.11,9.11,9.01,400000,3613850,206,TWSE_CSV,2026-08-25 14:15:35 +0800
1150825,2026-08-25,上市,2539,櫻花建,34.90,-0.1500,35.35,35.35,34.75,972000,34036850,546,TWSE_CSV,2026-08-25 14:15:35 +0800
1150825,2026-08-25,上市,2540,愛山林,46.60,0.3000,46.30,46.95,46.20,391000,18200300,265,TWSE_CSV,2026-08-25 14:15:35 +0800
1150825,2026-08-25,上市,2542,興富發,47.50,-0.8000,48.00,48.20,47.10,7002000,333166550,2982,TWSE_CSV,2026-08-25 14:15:35 +0800
1150825,2026-08-25,上市,2543,皇昌,38.50,-0.1500,38.60,38.90,38.35,475000,18311400,341,TWSE_CSV,2026-08-25 14:15:35 +0800
1150825,2026-08-25,上市,2545,皇翔,34.60,-0.1000,34.70,34.90,34.50,256000,8877250,126,TWSE_CSV,2026-08-25 14:15:35 +0800
1150825,2026-08-25,上市,2546,根基,107.50,0.5000,107.00,107.50,103.50,279000,29582000,225,TWSE_CSV,2026-08-25 14:15:35 +0800
1150825,2026-08-25,上市,2547,日勝生,10.05,-0.1000,10.15,10.15,10.05,797000,8040700,249,TWSE_CSV,2026-08-25 14:15:35 +0800
1150825,2026-08-25,上市,2548,華固,96.40,-0.2000,96.60,97.40,96.20,558000,53863600,433,TWSE_CSV,2026-08-25 14:15:35 +0800
1150825,2026-08-25,上市,2597,潤弘,168.00,-0.5000,169.00,169.50,168.00,111000,18712500,102,TWSE_CSV,2026-08-25 14:15:35 +0800
1150825,2026-08-25,上市,2601,益航,7.17,-0.0500,7.10,7.43,7.02,7519000,54406840,2383,TWSE_CSV,2026-08-25 14:15:35 +0800
1150825,2026-08-25,上市,2603,長榮,246.00,-4.5000,251.00,253.00,242.50,23710000,5858077500,11642,TWSE_CSV,2026-08-25 14:15:35 +0800
1150825,2026-08-25,上市,2605,新興,36.70,0.1000,36.75,39.20,36.60,47180000,1771664800,23118,TWSE_CSV,2026-08-25 14:15:35 +0800
1150825,2026-08-25,上市,2606,裕民,78.00,5.7000,74.00,79.50,73.60,55551000,4364719600,19287,TWSE_CSV,2026-08-25 14:15:35 +0800
1150825,2026-08-25,上市,2607,榮運,52.10,-0.2000,52.80,53.00,52.10,707000,37141800,453,TWSE_CSV,2026-08-25 14:15:35 +0800
1150825,2026-08-25,上市,2608,嘉里大榮,28.70,0.0000,28.70,29.05,28.70,211000,6086550,113,TWSE_CSV,2026-08-25 14:15:35 +0800
1150825,2026-08-25,上市,2609,陽明,63.60,-0.9000,65.90,67.30,62.90,191782000,12430008000,80728,TWSE_CSV,2026-08-25 14:15:35 +0800
1150825,2026-08-25,上市,2610,華航,20.40,-0.1000,20.65,20.65,20.35,27246000,557020450,4171,TWSE_CSV,2026-08-25 14:15:35 +0800
1150825,2026-08-25,上市,2611,志信,16.20,-0.3500,16.55,17.00,15.75,3826000,62220750,1841,TWSE_CSV,2026-08-25 14:15:35 +0800
1150825,2026-08-25,上市,2612,中航,63.80,3.5000,60.30,65.40,60.20,7175000,454726000,4771,TWSE_CSV,2026-08-25 14:15:35 +0800
1150825,2026-08-25,上市,2613,中櫃,24.50,0.6000,23.80,25.70,23.80,8562000,211533750,4748,TWSE_CSV,2026-08-25 14:15:35 +0800
1150825,2026-08-25,上市,2614,東森,18.50,-0.1000,18.60,18.75,18.50,518000,9627050,313,TWSE_CSV,2026-08-25 14:15:35 +0800
1150825,2026-08-25,上市,2615,萬海,126.50,2.0000,128.50,134.50,124.50,89777000,11552693000,44841,TWSE_CSV,2026-08-25 14:15:35 +0800
1150825,2026-08-25,上市,2616,山隆,13.40,-0.1000,13.40,13.45,13.30,42000,561600,32,TWSE_CSV,2026-08-25 14:15:35 +0800
1150825,2026-08-25,上市,2617,台航,31.85,0.1000,31.90,33.00,31.50,4912000,158853300,2608,TWSE_CSV,2026-08-25 14:15:35 +0800
1150825,2026-08-25,上市,2618,長榮航,42.20,-0.4500,42.65,42.75,42.00,11323000,478725450,4343,TWSE_CSV,2026-08-25 14:15:35 +0800
1150825,2026-08-25,上市,2630,亞航,49.45,-1.2500,50.70,51.20,49.15,1256000,62395950,901,TWSE_CSV,2026-08-25 14:15:35 +0800
1150825,2026-08-25,上市,2633,台灣高鐵,26.30,0.1000,26.10,26.30,26.05,2483000,65117100,931,TWSE_CSV,2026-08-25 14:15:35 +0800
1150825,2026-08-25,上市,2634,漢翔,66.70,-1.9000,68.60,69.20,66.00,20338000,1359326200,10570,TWSE_CSV,2026-08-25 14:15:35 +0800
1150825,2026-08-25,上市,2636,台驊控股,74.30,-0.3000,74.10,77.00,73.90,2601000,195523400,1708,TWSE_CSV,2026-08-25 14:15:35 +0800
1150825,2026-08-25,上市,2637,慧洋-KY,95.50,-1.6000,97.80,105.00,94.70,35127000,3474240000,19517,TWSE_CSV,2026-08-25 14:15:35 +0800
1150825,2026-08-25,上市,2642,宅配通,20.40,-0.2000,20.30,20.55,20.30,49000,1001450,32,TWSE_CSV,2026-08-25 14:15:35 +0800
1150825,2026-08-25,上市,2645,長榮航太,170.50,-3.5000,173.50,174.00,169.00,2194000,374169000,1439,TWSE_CSV,2026-08-25 14:15:35 +0800
1150825,2026-08-25,上市,2646,星宇航空,21.10,-0.2000,21.30,21.35,21.10,1956000,41490000,1021,TWSE_CSV,2026-08-25 14:15:35 +0800
1150825,2026-08-25,上市,2701,萬企,10.65,-0.0500,10.60,10.70,10.60,25000,266700,24,TWSE_CSV,2026-08-25 14:15:35 +0800
1150825,2026-08-25,上市,2702,華園,12.55,-0.0500,12.50,12.65,12.50,39000,491150,18,TWSE_CSV,2026-08-25 14:15:35 +0800
1150825,2026-08-25,上市,2704,國賓,45.55,-0.2500,45.90,46.00,45.15,103000,4701500,83,TWSE_CSV,2026-08-25 14:15:35 +0800
1150825,2026-08-25,上市,2705,六福,15.80,-0.1000,15.90,15.90,15.80,40000,633200,25,TWSE_CSV,2026-08-25 14:15:35 +0800
1150825,2026-08-25,上市,2706,第一店,12.45,-0.0500,12.50,12.50,12.40,114000,1420750,46,TWSE_CSV,2026-08-25 14:15:35 +0800
1150825,2026-08-25,上市,2707,晶華,180.50,0.0000,180.00,181.00,180.00,75000,13538000,55,TWSE_CSV,2026-08-25 14:15:35 +0800
1150825,2026-08-25,上市,2712,遠雄來,14.60,0.0000,14.35,14.60,14.35,5000,72000,3,TWSE_CSV,2026-08-25 14:15:35 +0800
1150825,2026-08-25,上市,2722,夏都,22.10,0.0500,22.10,22.15,21.85,20000,438600,16,TWSE_CSV,2026-08-25 14:15:35 +0800
1150825,2026-08-25,上市,2723,美食-KY,77.70,0.2000,77.00,80.00,76.70,1299000,101153700,964,TWSE_CSV,2026-08-25 14:15:35 +0800
1150825,2026-08-25,上市,2727,王品,237.00,1.5000,235.50,237.50,235.00,155000,36614500,130,TWSE_CSV,2026-08-25 14:15:35 +0800
1150825,2026-08-25,上市,2731,雄獅,145.50,0.0000,145.50,146.50,144.50,197000,28679000,147,TWSE_CSV,2026-08-25 14:15:35 +0800
1150825,2026-08-25,上市,2739,寒舍,37.85,0.0000,37.85,38.20,37.70,118000,4469800,81,TWSE_CSV,2026-08-25 14:15:35 +0800
1150825,2026-08-25,上市,2748,雲品,38.55,0.0000,38.90,38.90,38.30,41000,1579750,33,TWSE_CSV,2026-08-25 14:15:35 +0800
1150825,2026-08-25,上市,2753,八方雲集,188.50,0.0000,187.50,188.50,187.50,162000,30496000,137,TWSE_CSV,2026-08-25 14:15:35 +0800
1150825,2026-08-25,上市,2762,世界健身-KY,82.90,-0.1000,83.50,83.70,82.80,55000,4573000,42,TWSE_CSV,2026-08-25 14:15:35 +0800
1150825,2026-08-25,上市,2801,彰銀,23.75,-0.2500,24.00,24.15,23.75,13062000,312429250,3537,TWSE_CSV,2026-08-25 14:15:35 +0800
1150825,2026-08-25,上市,2812,台中銀,18.95,-0.1000,19.05,19.10,18.95,7111000,135237900,1382,TWSE_CSV,2026-08-25 14:15:35 +0800
1150825,2026-08-25,上市,2816,旺旺保,37.55,0.2000,37.30,37.65,37.05,554000,20718400,223,TWSE_CSV,2026-08-25 14:15:35 +0800
1150825,2026-08-25,上市,2820,華票,16.35,-0.1000,16.35,16.45,16.35,1425000,23346300,476,TWSE_CSV,2026-08-25 14:15:35 +0800
1150825,2026-08-25,上市,2832,台產,60.50,-0.2000,60.70,61.00,60.50,103000,6264300,76,TWSE_CSV,2026-08-25 14:15:35 +0800
1150825,2026-08-25,上市,2834,臺企銀,16.35,0.0000,16.40,16.50,16.35,25968000,425725100,5413,TWSE_CSV,2026-08-25 14:15:35 +0800
1150825,2026-08-25,上市,2836,高雄銀,12.00,-0.1000,12.10,12.10,12.00,268000,3229050,136,TWSE_CSV,2026-08-25 14:15:35 +0800
1150825,2026-08-25,上市,2838,聯邦銀,20.25,-0.0500,20.30,20.40,20.20,1372000,27846950,586,TWSE_CSV,2026-08-25 14:15:35 +0800
1150825,2026-08-25,上市,2845,遠東銀,13.50,-0.1000,13.60,13.70,13.50,10122000,137517550,1888,TWSE_CSV,2026-08-25 14:15:35 +0800
1150825,2026-08-25,上市,2849,安泰銀,14.25,-0.2500,14.40,14.50,14.25,96000,1377300,71,TWSE_CSV,2026-08-25 14:15:35 +0800
1150825,2026-08-25,上市,2850,新產,163.00,-1.5000,165.00,165.50,163.00,124000,20337000,98,TWSE_CSV,2026-08-25 14:15:35 +0800
1150825,2026-08-25,上市,2851,中再保,43.75,0.9000,41.55,43.80,41.55,3928000,168117750,2356,TWSE_CSV,2026-08-25 14:15:35 +0800
1150825,2026-08-25,上市,2852,第一保,29.40,0.2000,29.30,29.70,29.05,818000,24120800,443,TWSE_CSV,2026-08-25 14:15:35 +0800
1150825,2026-08-25,上市,2855,統一證,46.20,0.0000,46.00,46.20,45.35,2833000,129704900,1872,TWSE_CSV,2026-08-25 14:15:35 +0800
1150825,2026-08-25,上市,2880,華南金,39.80,0.5500,39.15,40.50,39.15,17418000,696628600,5877,TWSE_CSV,2026-08-25 14:15:35 +0800
1150825,2026-08-25,上市,2881,富邦金,141.50,9.5000,134.00,142.50,132.50,45299000,6332576000,17049,TWSE_CSV,2026-08-25 14:15:35 +0800
1150825,2026-08-25,上市,2882,國泰金,103.00,4.1000,99.00,104.00,99.00,27511000,2817056700,10212,TWSE_CSV,2026-08-25 14:15:35 +0800
1150825,2026-08-25,上市,2883,凱基金,31.70,0.7000,31.00,31.70,30.90,36895000,1162983050,9273,TWSE_CSV,2026-08-25 14:15:35 +0800
1150825,2026-08-25,上市,2884,玉山金,39.00,0.8500,38.15,39.10,38.10,34410000,1336590500,10375,TWSE_CSV,2026-08-25 14:15:35 +0800
1150825,2026-08-25,上市,2885,元大金,62.40,0.0000,62.00,62.80,62.00,14463000,902265000,4975,TWSE_CSV,2026-08-25 14:15:35 +0800
1150825,2026-08-25,上市,2886,兆豐金,47.00,0.1500,46.85,47.15,46.50,23330000,1092500450,6185,TWSE_CSV,2026-08-25 14:15:35 +0800
1150825,2026-08-25,上市,2887,台新新光金,37.15,0.6500,36.50,37.15,36.45,29705000,1096743100,7077,TWSE_CSV,2026-08-25 14:15:35 +0800
1150825,2026-08-25,上市,2889,國票金,15.60,-0.0500,15.70,15.70,15.55,4302000,67082100,1079,TWSE_CSV,2026-08-25 14:15:35 +0800
1150825,2026-08-25,上市,2890,永豐金,39.30,0.3500,38.85,39.50,38.85,18438000,723949500,5460,TWSE_CSV,2026-08-25 14:15:35 +0800
1150825,2026-08-25,上市,2891,中信金,64.50,0.9000,63.10,64.70,63.10,20272000,1303109800,4529,TWSE_CSV,2026-08-25 14:15:35 +0800
1150825,2026-08-25,上市,2892,第一金,33.80,0.2500,33.50,34.10,33.45,28398000,958596400,7447,TWSE_CSV,2026-08-25 14:15:35 +0800
1150825,2026-08-25,上市,2897,王道銀行,10.20,-0.0500,10.20,10.25,10.15,1529000,15608800,437,TWSE_CSV,2026-08-25 14:15:35 +0800
1150825,2026-08-25,上市,2901,欣欣,23.80,-0.1000,23.65,23.90,23.65,5000,119050,5,TWSE_CSV,2026-08-25 14:15:35 +0800
1150825,2026-08-25,上市,2903,遠百,22.65,-0.1500,22.80,22.95,22.60,1913000,43551650,969,TWSE_CSV,2026-08-25 14:15:35 +0800
1150825,2026-08-25,上市,2904,匯僑,12.85,-0.0500,12.80,12.85,12.80,12000,153950,12,TWSE_CSV,2026-08-25 14:15:35 +0800
1150825,2026-08-25,上市,2905,三商,17.45,0.1500,17.30,17.55,17.25,843000,14698500,462,TWSE_CSV,2026-08-25 14:15:35 +0800
1150825,2026-08-25,上市,2906,高林,14.20,0.2500,13.95,14.30,13.90,376000,5295700,160,TWSE_CSV,2026-08-25 14:15:35 +0800
1150825,2026-08-25,上市,2908,特力,22.00,0.0000,21.95,22.10,21.90,227000,4986250,72,TWSE_CSV,2026-08-25 14:15:35 +0800
1150825,2026-08-25,上市,2910,統領,24.20,-0.2500,24.60,24.60,24.20,16000,391650,11,TWSE_CSV,2026-08-25 14:15:35 +0800
1150825,2026-08-25,上市,2911,麗嬰房,6.56,-0.1200,6.66,6.79,6.36,114000,744110,66,TWSE_CSV,2026-08-25 14:15:35 +0800
1150825,2026-08-25,上市,2912,統一超,224.00,0.5000,222.50,225.50,222.00,1342000,300675000,964,TWSE_CSV,2026-08-25 14:15:35 +0800
1150825,2026-08-25,上市,2913,農林,11.25,0.0000,11.25,11.35,11.20,1079000,12184550,367,TWSE_CSV,2026-08-25 14:15:35 +0800
1150825,2026-08-25,上市,2915,潤泰全,59.00,-0.7000,59.80,59.80,58.70,3376000,199649200,1420,TWSE_CSV,2026-08-25 14:15:35 +0800
1150825,2026-08-25,上市,2923,鼎固-KY,24.65,0.1000,24.45,25.80,24.15,108000,2725850,75,TWSE_CSV,2026-08-25 14:15:35 +0800
1150825,2026-08-25,上市,2929,淘帝-KY,5.68,-0.0100,5.66,5.69,5.64,38000,215450,29,TWSE_CSV,2026-08-25 14:15:35 +0800
1150825,2026-08-25,上市,2939,永邑-KY,19.75,0.1000,19.35,19.75,19.35,10000,195400,10,TWSE_CSV,2026-08-25 14:15:35 +0800
1150825,2026-08-25,上市,2945,三商家購,39.95,-0.0500,40.00,40.10,39.95,13000,520200,8,TWSE_CSV,2026-08-25 14:15:35 +0800
1150825,2026-08-25,上市,3002,歐格,17.00,0.0000,16.80,17.25,16.70,101000,1702350,67,TWSE_CSV,2026-08-25 14:15:35 +0800
1150825,2026-08-25,上市,3003,健和興,65.30,1.4000,63.90,65.50,63.00,363000,23257300,295,TWSE_CSV,2026-08-25 14:15:35 +0800
1150825,2026-08-25,上市,3004,豐達科,118.50,-1.5000,120.00,120.00,117.00,296000,34904000,236,TWSE_CSV,2026-08-25 14:15:35 +0800
1150825,2026-08-25,上市,3005,神基,115.00,-1.0000,115.50,116.00,113.50,2106000,241223000,1174,TWSE_CSV,2026-08-25 14:15:35 +0800
1150825,2026-08-25,上市,3006,晶豪科,270.00,-12.0000,275.50,280.50,260.00,19018000,5103809000,12100,TWSE_CSV,2026-08-25 14:15:35 +0800
1150825,2026-08-25,上市,3008,大立光,5720.00,335.0000,5350.00,5740.00,5295.00,2038000,11144295000,1850,TWSE_CSV,2026-08-25 14:15:35 +0800
1150825,2026-08-25,上市,3010,華立,130.00,3.5000,126.50,130.00,124.50,876000,111694000,523,TWSE_CSV,2026-08-25 14:15:35 +0800
1150825,2026-08-25,上市,3011,今皓,10.55,-0.0500,10.55,10.65,10.45,290000,3054400,131,TWSE_CSV,2026-08-25 14:15:35 +0800
1150825,2026-08-25,上市,3013,晟銘電,85.10,0.2000,84.90,85.50,82.30,503000,42171400,389,TWSE_CSV,2026-08-25 14:15:35 +0800
1150825,2026-08-25,上市,3014,聯陽,130.50,1.0000,129.00,130.50,128.00,321000,41434500,239,TWSE_CSV,2026-08-25 14:15:35 +0800
1150825,2026-08-25,上市,3015,全漢,53.00,0.5000,53.60,53.60,51.90,268000,14040600,227,TWSE_CSV,2026-08-25 14:15:35 +0800
1150825,2026-08-25,上市,3016,嘉晶,96.80,-3.2000,99.80,99.80,93.90,4052000,390678800,2778,TWSE_CSV,2026-08-25 14:15:35 +0800
1150825,2026-08-25,上市,3017,奇鋐,2950.00,95.0000,2835.00,2950.00,2740.00,2753000,7820120000,2224,TWSE_CSV,2026-08-25 14:15:35 +0800
1150825,2026-08-25,上市,3018,隆銘綠能,12.85,-0.6500,13.25,13.25,12.85,17000,220600,15,TWSE_CSV,2026-08-25 14:15:35 +0800
1150825,2026-08-25,上市,3019,亞光,133.00,0.0000,133.00,135.00,129.00,2569000,337153500,1813,TWSE_CSV,2026-08-25 14:15:35 +0800
1150825,2026-08-25,上市,3021,鴻名,20.00,-0.1000,19.95,20.10,19.60,52000,1029350,43,TWSE_CSV,2026-08-25 14:15:35 +0800
1150825,2026-08-25,上市,3022,威強電,93.00,-0.8000,94.40,94.40,91.70,954000,88525400,776,TWSE_CSV,2026-08-25 14:15:35 +0800
1150825,2026-08-25,上市,3023,信邦,320.50,2.5000,319.50,323.00,316.00,473000,150786500,392,TWSE_CSV,2026-08-25 14:15:35 +0800
1150825,2026-08-25,上市,3024,憶聲,14.50,0.0000,14.55,14.75,14.40,2628000,38179850,724,TWSE_CSV,2026-08-25 14:15:35 +0800
1150825,2026-08-25,上市,3025,星通,55.70,-0.2000,55.10,55.90,55.00,168000,9283000,147,TWSE_CSV,2026-08-25 14:15:35 +0800
1150825,2026-08-25,上市,3026,禾伸堂,628.00,-15.0000,643.00,643.00,590.00,7474000,4560286000,5591,TWSE_CSV,2026-08-25 14:15:35 +0800
1150825,2026-08-25,上市,3027,盛達,17.90,-0.1500,17.90,18.25,17.85,102000,1831000,73,TWSE_CSV,2026-08-25 14:15:35 +0800
1150825,2026-08-25,上市,3028,增你強,66.00,-0.7000,66.70,66.70,65.60,554000,36530000,393,TWSE_CSV,2026-08-25 14:15:35 +0800
1150825,2026-08-25,上市,3029,零壹,110.50,-3.0000,112.00,113.00,109.50,863000,95862000,542,TWSE_CSV,2026-08-25 14:15:35 +0800
1150825,2026-08-25,上市,3030,德律,282.50,1.0000,284.00,284.00,273.50,662000,183430000,553,TWSE_CSV,2026-08-25 14:15:35 +0800
1150825,2026-08-25,上市,3031,佰鴻,24.20,0.5500,23.60,24.25,23.25,677000,16038700,451,TWSE_CSV,2026-08-25 14:15:35 +0800
1150825,2026-08-25,上市,3032,偉訓,79.60,0.1000,78.50,80.90,78.00,262000,20689900,194,TWSE_CSV,2026-08-25 14:15:35 +0800
1150825,2026-08-25,上市,3033,威健,45.95,-0.8500,46.80,46.80,45.40,3060000,140199900,2195,TWSE_CSV,2026-08-25 14:15:35 +0800
1150825,2026-08-25,上市,3034,聯詠,555.00,13.0000,552.00,562.00,536.00,5870000,3224597000,3974,TWSE_CSV,2026-08-25 14:15:35 +0800
1150825,2026-08-25,上市,3035,智原,172.00,2.0000,170.00,172.00,166.50,1098000,185475000,927,TWSE_CSV,2026-08-25 14:15:35 +0800
1150825,2026-08-25,上市,3036,文曄,198.50,-2.0000,199.00,200.00,197.00,5078000,1006988000,3024,TWSE_CSV,2026-08-25 14:15:35 +0800
1150825,2026-08-25,上市,3037,欣興,1095.00,20.0000,1070.00,1095.00,1030.00,14678000,15528670000,10101,TWSE_CSV,2026-08-25 14:15:35 +0800
1150825,2026-08-25,上市,3038,全台,20.45,-0.1500,20.50,20.50,20.35,77000,1570300,52,TWSE_CSV,2026-08-25 14:15:35 +0800
1150825,2026-08-25,上市,3040,遠見,37.95,-0.4500,38.00,38.00,37.65,23000,871800,21,TWSE_CSV,2026-08-25 14:15:35 +0800
1150825,2026-08-25,上市,3041,揚智,22.25,-0.0500,22.40,22.40,21.95,375000,8284050,236,TWSE_CSV,2026-08-25 14:15:35 +0800
1150825,2026-08-25,上市,3042,晶技,185.00,7.5000,176.00,185.50,172.50,6929000,1239919500,5069,TWSE_CSV,2026-08-25 14:15:35 +0800
1150825,2026-08-25,上市,3043,科風,21.15,-0.0500,21.20,21.20,20.85,49000,1029250,37,TWSE_CSV,2026-08-25 14:15:35 +0800
1150825,2026-08-25,上市,3044,健鼎,463.00,13.0000,439.50,463.00,439.50,1605000,726905000,1239,TWSE_CSV,2026-08-25 14:15:35 +0800
1150825,2026-08-25,上市,3045,台灣大,115.50,0.5000,115.00,115.50,114.50,8719000,1004293500,3110,TWSE_CSV,2026-08-25 14:15:35 +0800
1150825,2026-08-25,上市,3046,建碁,57.20,0.2000,57.00,57.20,56.50,197000,11199800,157,TWSE_CSV,2026-08-25 14:15:35 +0800
1150825,2026-08-25,上市,3047,訊舟,13.75,0.0000,13.75,13.75,13.45,533000,7236600,336,TWSE_CSV,2026-08-25 14:15:35 +0800
1150825,2026-08-25,上市,3048,益登,55.60,-0.1000,56.60,56.60,54.30,1346000,74009100,921,TWSE_CSV,2026-08-25 14:15:35 +0800
1150825,2026-08-25,上市,3049,精金,13.50,0.8000,13.00,13.70,12.40,49880000,655221100,14946,TWSE_CSV,2026-08-25 14:15:35 +0800
1150825,2026-08-25,上市,3050,鈺德,11.70,0.1000,11.50,11.70,11.45,341000,3940500,165,TWSE_CSV,2026-08-25 14:15:35 +0800
1150825,2026-08-25,上市,3051,力特,22.95,-0.1000,23.20,23.20,22.45,363000,8242700,250,TWSE_CSV,2026-08-25 14:15:35 +0800
1150825,2026-08-25,上市,3052,夆典,11.20,-0.0500,11.20,11.25,11.05,475000,5301200,147,TWSE_CSV,2026-08-25 14:15:35 +0800
1150825,2026-08-25,上市,3054,立萬利,51.40,-0.5000,50.80,52.00,49.65,85000,4311600,75,TWSE_CSV,2026-08-25 14:15:35 +0800
1150825,2026-08-25,上市,3055,蔚華科,115.50,6.0000,109.50,116.00,107.50,1075000,120564500,891,TWSE_CSV,2026-08-25 14:15:35 +0800
1150825,2026-08-25,上市,3056,富華新,14.15,-0.0500,14.15,14.25,14.00,494000,6956600,245,TWSE_CSV,2026-08-25 14:15:35 +0800
1150825,2026-08-25,上市,3057,喬鼎,17.00,0.4000,16.50,17.00,16.20,105000,1734600,55,TWSE_CSV,2026-08-25 14:15:35 +0800
1150825,2026-08-25,上市,3058,立德,8.08,-0.1000,8.14,8.14,8.05,458000,3701800,193,TWSE_CSV,2026-08-25 14:15:35 +0800
1150825,2026-08-25,上市,3059,華晶科,39.05,-0.1500,39.20,39.20,38.20,1148000,44275950,693,TWSE_CSV,2026-08-25 14:15:35 +0800
1150825,2026-08-25,上市,3060,銘異,27.15,-0.2500,27.15,27.20,26.60,838000,22571750,538,TWSE_CSV,2026-08-25 14:15:35 +0800
1150825,2026-08-25,上市,3062,建漢,20.65,0.1000,21.00,21.00,20.20,644000,13140900,482,TWSE_CSV,2026-08-25 14:15:35 +0800
1150825,2026-08-25,上市,3090,日電貿,166.00,3.0000,162.00,166.00,157.50,4133000,665059000,2961,TWSE_CSV,2026-08-25 14:15:35 +0800
1150825,2026-08-25,上市,3092,鴻碩,24.20,-0.3500,24.50,24.65,23.80,257000,6226250,141,TWSE_CSV,2026-08-25 14:15:35 +0800
1150825,2026-08-25,上市,3094,聯傑,38.35,0.3500,38.00,38.35,37.20,1678000,63540650,1213,TWSE_CSV,2026-08-25 14:15:35 +0800
1150825,2026-08-25,上市,3130,一零四,212.00,-1.0000,212.00,213.00,211.50,40000,8483000,29,TWSE_CSV,2026-08-25 14:15:35 +0800
1150825,2026-08-25,上市,3135,凌航,180.00,3.0000,176.00,180.00,171.50,3061000,540059000,2364,TWSE_CSV,2026-08-25 14:15:35 +0800
1150825,2026-08-25,上市,3138,耀登,94.50,1.8000,93.00,94.50,90.80,100000,9229200,88,TWSE_CSV,2026-08-25 14:15:35 +0800
1150825,2026-08-25,上市,3149,正達,64.40,0.3000,63.70,64.40,62.40,4553000,287951400,2532,TWSE_CSV,2026-08-25 14:15:35 +0800
1150825,2026-08-25,上市,3150,鈺寶-創,16.90,0.0000,16.75,16.90,16.75,14000,235500,13,TWSE_CSV,2026-08-25 14:15:35 +0800
1150825,2026-08-25,上市,3164,景岳,15.85,-0.1000,15.75,16.00,15.75,6000,95200,6,TWSE_CSV,2026-08-25 14:15:35 +0800
1150825,2026-08-25,上市,3167,大量,674.00,9.0000,660.00,683.00,635.00,4146000,2734280000,3524,TWSE_CSV,2026-08-25 14:15:35 +0800
1150825,2026-08-25,上市,3168,眾福科,42.00,0.7000,41.30,42.00,41.30,3000,125300,3,TWSE_CSV,2026-08-25 14:15:35 +0800
1150825,2026-08-25,上市,3189,景碩,835.00,41.0000,783.00,837.00,766.00,11065000,8872600000,8761,TWSE_CSV,2026-08-25 14:15:35 +0800
1150825,2026-08-25,上市,3209,全科,52.00,-0.2000,51.70,52.10,51.00,1946000,100293200,965,TWSE_CSV,2026-08-25 14:15:35 +0800
1150825,2026-08-25,上市,3229,晟鈦,57.40,-2.3000,59.10,59.10,55.40,2336000,133617100,1491,TWSE_CSV,2026-08-25 14:15:35 +0800
1150825,2026-08-25,上市,3231,緯創,178.50,3.0000,177.50,184.50,172.50,56448000,10028975000,29064,TWSE_CSV,2026-08-25 14:15:35 +0800
1150825,2026-08-25,上市,3257,虹冠電,48.85,-0.4500,49.00,49.05,48.05,203000,9832350,181,TWSE_CSV,2026-08-25 14:15:35 +0800
1150825,2026-08-25,上市,3266,昇陽,14.00,0.0000,14.00,14.00,13.90,23000,320700,18,TWSE_CSV,2026-08-25 14:15:35 +0800
1150825,2026-08-25,上市,3296,勝德,24.00,-0.3500,23.80,24.05,23.70,10000,239550,9,TWSE_CSV,2026-08-25 14:15:35 +0800
1150825,2026-08-25,上市,3305,昇貿,107.00,-0.5000,107.50,108.00,104.00,1043000,110492500,773,TWSE_CSV,2026-08-25 14:15:35 +0800
1150825,2026-08-25,上市,3308,聯德,22.05,2.0000,20.10,22.05,20.10,975000,21346550,483,TWSE_CSV,2026-08-25 14:15:35 +0800
1150825,2026-08-25,上市,3311,閎暉,32.05,0.1000,31.80,32.45,31.75,75000,2405500,62,TWSE_CSV,2026-08-25 14:15:35 +0800
1150825,2026-08-25,上市,3312,弘憶股,51.50,0.5000,51.00,51.50,49.65,816000,41101300,540,TWSE_CSV,2026-08-25 14:15:35 +0800
1150825,2026-08-25,上市,3321,同泰,18.10,0.1000,18.30,18.30,17.65,112000,1995600,89,TWSE_CSV,2026-08-25 14:15:35 +0800
1150825,2026-08-25,上市,3338,泰碩,60.20,-0.7000,61.50,61.50,59.20,182000,10899600,149,TWSE_CSV,2026-08-25 14:15:35 +0800
1150825,2026-08-25,上市,3346,麗清,20.30,0.1500,20.05,20.30,19.80,148000,2967800,110,TWSE_CSV,2026-08-25 14:15:35 +0800
1150825,2026-08-25,上市,3356,奇偶,61.90,-0.3000,62.60,62.60,60.80,296000,18166700,213,TWSE_CSV,2026-08-25 14:15:35 +0800
1150825,2026-08-25,上市,3376,新日興,189.00,2.5000,187.50,191.50,181.00,1941000,360330500,1527,TWSE_CSV,2026-08-25 14:15:35 +0800
1150825,2026-08-25,上市,3380,明泰,27.25,0.1000,27.40,27.40,26.85,655000,17736550,445,TWSE_CSV,2026-08-25 14:15:35 +0800
1150825,2026-08-25,上市,3406,玉晶光,690.00,33.0000,650.00,692.00,638.00,2321000,1540925000,1931,TWSE_CSV,2026-08-25 14:15:35 +0800
1150825,2026-08-25,上市,3413,京鼎,285.50,1.0000,284.50,285.50,280.00,744000,209727500,667,TWSE_CSV,2026-08-25 14:15:35 +0800
1150825,2026-08-25,上市,3416,融程電,175.00,0.0000,175.00,175.50,173.50,120000,20905000,111,TWSE_CSV,2026-08-25 14:15:35 +0800
1150825,2026-08-25,上市,3419,譁裕,11.95,-0.2500,12.00,12.15,11.80,94000,1118250,58,TWSE_CSV,2026-08-25 14:15:35 +0800
1150825,2026-08-25,上市,3432,台端,14.45,-0.1500,14.60,14.85,14.40,15000,218200,13,TWSE_CSV,2026-08-25 14:15:35 +0800
1150825,2026-08-25,上市,3437,榮創,17.90,0.1000,17.55,17.90,17.05,470000,8187250,299,TWSE_CSV,2026-08-25 14:15:35 +0800
1150825,2026-08-25,上市,3443,創意,5570.00,205.0000,5260.00,5570.00,5205.00,1594000,8548125000,1464,TWSE_CSV,2026-08-25 14:15:35 +0800
1150825,2026-08-25,上市,3447,展達,26.95,-0.5000,27.05,27.15,26.80,46000,1240100,43,TWSE_CSV,2026-08-25 14:15:35 +0800
1150825,2026-08-25,上市,3450,聯鈞,533.00,26.0000,496.50,539.00,483.00,13473000,6785118500,11053,TWSE_CSV,2026-08-25 14:15:35 +0800
1150825,2026-08-25,上市,3481,群創,46.80,1.3500,45.30,47.00,44.95,185824000,8543598400,69120,TWSE_CSV,2026-08-25 14:15:35 +0800
1150825,2026-08-25,上市,3494,誠研,7.09,-0.0100,7.00,7.09,6.98,47000,330480,40,TWSE_CSV,2026-08-25 14:15:35 +0800
1150825,2026-08-25,上市,3501,維熹,40.10,0.2000,39.90,40.30,39.80,122000,4892150,85,TWSE_CSV,2026-08-25 14:15:35 +0800
1150825,2026-08-25,上市,3504,揚明光,80.70,2.7000,77.50,81.70,77.40,1718000,136844500,1342,TWSE_CSV,2026-08-25 14:15:35 +0800
1150825,2026-08-25,上市,3515,華擎,221.00,0.0000,221.50,221.50,215.50,211000,46070000,158,TWSE_CSV,2026-08-25 14:15:35 +0800
1150825,2026-08-25,上市,3518,柏騰,27.35,-0.0500,27.40,27.40,26.85,256000,6932850,114,TWSE_CSV,2026-08-25 14:15:35 +0800
1150825,2026-08-25,上市,3528,安馳,83.40,0.0000,83.30,83.50,81.40,125000,10281200,116,TWSE_CSV,2026-08-25 14:15:35 +0800
1150825,2026-08-25,上市,3530,晶相光,59.40,3.2000,56.50,60.30,55.90,353000,20455800,284,TWSE_CSV,2026-08-25 14:15:35 +0800
1150825,2026-08-25,上市,3532,台勝科,378.00,1.5000,377.50,386.00,359.00,20704000,7758934000,15980,TWSE_CSV,2026-08-25 14:15:35 +0800
1150825,2026-08-25,上市,3533,嘉澤,1605.00,-5.0000,1600.00,1610.00,1540.00,2004000,3169715000,1753,TWSE_CSV,2026-08-25 14:15:35 +0800
1150825,2026-08-25,上市,3535,晶彩科,85.50,0.0000,85.50,85.60,82.80,400000,33475000,339,TWSE_CSV,2026-08-25 14:15:35 +0800
1150825,2026-08-25,上市,3543,州巧,41.00,-0.4000,41.20,41.20,38.70,2820000,111952200,1729,TWSE_CSV,2026-08-25 14:15:35 +0800
1150825,2026-08-25,上市,3545,敦泰,49.95,-0.2500,48.50,49.95,48.50,475000,23423500,346,TWSE_CSV,2026-08-25 14:15:35 +0800
1150825,2026-08-25,上市,3550,聯穎,23.30,0.3000,23.20,23.50,22.50,1000000,22931000,592,TWSE_CSV,2026-08-25 14:15:35 +0800
1150825,2026-08-25,上市,3557,嘉威,24.30,-0.0500,24.40,24.65,24.30,9000,219750,9,TWSE_CSV,2026-08-25 14:15:35 +0800
1150825,2026-08-25,上市,3563,牧德,656.00,-9.0000,655.00,663.00,640.00,271000,176080000,257,TWSE_CSV,2026-08-25 14:15:35 +0800
1150825,2026-08-25,上市,3576,聯合再生,17.10,0.1000,16.95,17.30,16.65,7022000,118487650,2863,TWSE_CSV,2026-08-25 14:15:35 +0800
1150825,2026-08-25,上市,3583,辛耘,693.00,5.0000,687.00,698.00,661.00,453000,306434000,413,TWSE_CSV,2026-08-25 14:15:35 +0800
1150825,2026-08-25,上市,3588,通嘉,51.60,-0.4000,52.00,52.00,51.00,136000,6990000,100,TWSE_CSV,2026-08-25 14:15:35 +0800
1150825,2026-08-25,上市,3591,艾笛森,21.80,0.4000,21.20,21.80,20.80,629000,13401350,407,TWSE_CSV,2026-08-25 14:15:35 +0800
1150825,2026-08-25,上市,3592,瑞鼎,225.50,1.0000,223.00,225.50,222.00,134000,29946000,119,TWSE_CSV,2026-08-25 14:15:35 +0800
1150825,2026-08-25,上市,3593,力銘,10.95,-0.0500,11.40,11.40,10.90,7000,76950,5,TWSE_CSV,2026-08-25 14:15:35 +0800
1150825,2026-08-25,上市,3596,智易,159.50,-0.5000,161.50,161.50,158.00,1198000,190501000,854,TWSE_CSV,2026-08-25 14:15:35 +0800
1150825,2026-08-25,上市,3605,宏致,116.50,1.0000,118.00,121.00,111.50,14733000,1704957000,9054,TWSE_CSV,2026-08-25 14:15:35 +0800
1150825,2026-08-25,上市,3607,谷崧,14.00,0.0000,14.20,14.20,13.85,109000,1522000,67,TWSE_CSV,2026-08-25 14:15:35 +0800
1150825,2026-08-25,上市,3617,碩天,247.50,-10.0000,254.50,255.50,245.00,744000,185269500,618,TWSE_CSV,2026-08-25 14:15:35 +0800
1150825,2026-08-25,上市,3622,洋華,53.50,-0.3000,53.30,53.50,52.20,906000,47889700,584,TWSE_CSV,2026-08-25 14:15:35 +0800
1150825,2026-08-25,上市,3645,達邁,64.10,-1.1000,64.80,64.80,62.80,1085000,68956500,824,TWSE_CSV,2026-08-25 14:15:35 +0800
1150825,2026-08-25,上市,3652,精聯,32.90,-0.3500,32.80,33.05,32.40,89000,2909350,75,TWSE_CSV,2026-08-25 14:15:35 +0800
1150825,2026-08-25,上市,3653,健策,5205.00,50.0000,5070.00,5205.00,4910.00,1179000,5969250000,1067,TWSE_CSV,2026-08-25 14:15:35 +0800
1150825,2026-08-25,上市,3661,世芯-KY,3865.00,130.0000,3700.00,3875.00,3665.00,1156000,4360265000,1050,TWSE_CSV,2026-08-25 14:15:35 +0800
1150825,2026-08-25,上市,3665,貿聯-KY,2075.00,25.0000,2035.00,2080.00,2010.00,2505000,5131365000,2218,TWSE_CSV,2026-08-25 14:15:35 +0800
1150825,2026-08-25,上市,3669,圓展,36.10,-1.3500,37.45,37.45,36.00,351000,12745650,277,TWSE_CSV,2026-08-25 14:15:35 +0800
1150825,2026-08-25,上市,3673,TPK-KY,66.00,2.9000,63.30,66.10,61.60,6515000,418696800,4290,TWSE_CSV,2026-08-25 14:15:35 +0800
1150825,2026-08-25,上市,3679,新至陞,109.50,0.0000,110.50,110.50,109.50,16000,1760000,14,TWSE_CSV,2026-08-25 14:15:35 +0800
1150825,2026-08-25,上市,3686,達能,14.35,-0.1000,14.50,14.55,14.05,48000,685900,31,TWSE_CSV,2026-08-25 14:15:35 +0800
1150825,2026-08-25,上市,3694,海華,50.30,0.1000,50.10,50.40,49.45,501000,24934350,355,TWSE_CSV,2026-08-25 14:15:35 +0800
1150825,2026-08-25,上市,3701,大眾控,40.75,0.9500,39.10,41.00,39.00,403000,16067200,312,TWSE_CSV,2026-08-25 14:15:35 +0800
1150825,2026-08-25,上市,3702,大聯大,110.00,-1.0000,110.00,111.00,108.00,9398000,1032752000,3014,TWSE_CSV,2026-08-25 14:15:35 +0800
1150825,2026-08-25,上市,3703,欣陸,19.65,-0.1500,19.80,19.80,19.60,1299000,25571000,577,TWSE_CSV,2026-08-25 14:15:35 +0800
1150825,2026-08-25,上市,3704,合勤控,41.40,-0.5000,41.80,41.80,40.90,1437000,59296050,819,TWSE_CSV,2026-08-25 14:15:35 +0800
1150825,2026-08-25,上市,3705,永信,55.60,-0.2000,55.80,55.80,55.30,75000,4168500,57,TWSE_CSV,2026-08-25 14:15:35 +0800
1150825,2026-08-25,上市,3706,神達,91.40,-0.7000,92.10,92.20,90.30,6642000,603960400,3988,TWSE_CSV,2026-08-25 14:15:35 +0800
1150825,2026-08-25,上市,3708,上緯投控,101.50,-1.5000,102.00,103.00,101.00,357000,36339500,270,TWSE_CSV,2026-08-25 14:15:35 +0800
1150825,2026-08-25,上市,3711,日月光投控,591.00,-1.0000,582.00,591.00,569.00,11683000,6763614000,8034,TWSE_CSV,2026-08-25 14:15:35 +0800
1150825,2026-08-25,上市,3712,永崴投控,20.80,0.1000,20.65,21.10,20.55,5894000,121975500,712,TWSE_CSV,2026-08-25 14:15:35 +0800
1150825,2026-08-25,上市,3714,富采,59.60,2.4000,56.80,59.60,56.00,6120000,354221800,3679,TWSE_CSV,2026-08-25 14:15:35 +0800
1150825,2026-08-25,上市,3715,定穎投控,109.50,1.5000,107.50,110.00,104.00,2914000,310904000,1892,TWSE_CSV,2026-08-25 14:15:35 +0800
1150825,2026-08-25,上市,3716,中化控股,35.65,-0.4500,35.75,35.85,35.35,402000,14287900,253,TWSE_CSV,2026-08-25 14:15:35 +0800
1150825,2026-08-25,上市,3717,聯嘉投控,22.75,0.3000,22.50,22.75,22.05,740000,16653400,411,TWSE_CSV,2026-08-25 14:15:35 +0800
1150825,2026-08-25,上市,4104,佳醫,71.50,-0.3000,71.40,71.80,71.40,49000,3505000,35,TWSE_CSV,2026-08-25 14:15:35 +0800
1150825,2026-08-25,上市,4106,雃博,24.55,-0.1500,24.65,24.65,24.40,118000,2893650,45,TWSE_CSV,2026-08-25 14:15:35 +0800
1150825,2026-08-25,上市,4108,懷特,11.10,0.0500,11.10,11.40,11.10,236000,2647800,149,TWSE_CSV,2026-08-25 14:15:35 +0800
1150825,2026-08-25,上市,4119,旭富,51.80,-0.1000,52.10,53.50,51.60,105000,5528300,78,TWSE_CSV,2026-08-25 14:15:35 +0800
1150825,2026-08-25,上市,4133,亞諾法,20.75,-0.0500,20.80,20.80,20.60,55000,1136650,34,TWSE_CSV,2026-08-25 14:15:35 +0800
1150825,2026-08-25,上市,4137,麗豐-KY,87.40,-1.1000,88.00,88.20,87.30,265000,23232100,227,TWSE_CSV,2026-08-25 14:15:35 +0800
1150825,2026-08-25,上市,4142,國光生,17.70,-0.1000,17.90,17.90,17.60,496000,8772150,304,TWSE_CSV,2026-08-25 14:15:35 +0800
1150825,2026-08-25,上市,4148,全宇生技-KY,31.60,-0.3000,31.90,31.90,31.40,15000,476350,14,TWSE_CSV,2026-08-25 14:15:35 +0800
1150825,2026-08-25,上市,4155,訊映,14.50,0.0500,14.45,14.50,14.35,77000,1111450,50,TWSE_CSV,2026-08-25 14:15:35 +0800
1150825,2026-08-25,上市,4164,承業醫,26.20,-0.2000,26.40,26.40,26.20,193000,5070450,140,TWSE_CSV,2026-08-25 14:15:35 +0800
1150825,2026-08-25,上市,4169,泰宗,156.00,-1.0000,158.00,158.00,154.50,78000,12168000,58,TWSE_CSV,2026-08-25 14:15:35 +0800
1150825,2026-08-25,上市,4178,永笙-KY,17.25,-0.0500,17.10,17.40,17.10,53000,913000,39,TWSE_CSV,2026-08-25 14:15:35 +0800
1150825,2026-08-25,上市,4190,佐登-KY,25.25,0.1000,25.45,25.45,25.25,13000,329100,11,TWSE_CSV,2026-08-25 14:15:35 +0800
1150825,2026-08-25,上市,4195,基米-創,14.20,-0.0500,14.20,14.30,14.10,34000,482600,23,TWSE_CSV,2026-08-25 14:15:35 +0800
1150825,2026-08-25,上市,4306,炎洲,15.15,-0.0500,15.25,15.25,15.05,487000,7376200,307,TWSE_CSV,2026-08-25 14:15:35 +0800
1150825,2026-08-25,上市,4414,如興,8.42,0.0100,8.41,8.49,8.40,156000,1315280,79,TWSE_CSV,2026-08-25 14:15:35 +0800
1150825,2026-08-25,上市,4426,利勤,7.70,-0.1100,7.75,7.75,7.69,120000,925590,71,TWSE_CSV,2026-08-25 14:15:35 +0800
1150825,2026-08-25,上市,4438,廣越,60.30,-0.1000,60.30,60.50,60.10,49000,2953700,31,TWSE_CSV,2026-08-25 14:15:35 +0800
1150825,2026-08-25,上市,4439,冠星-KY,96.00,-1.2000,96.60,96.80,95.30,23000,2209000,23,TWSE_CSV,2026-08-25 14:15:35 +0800
1150825,2026-08-25,上市,4440,宜新實業,17.55,0.0500,17.60,17.70,17.50,31000,544900,18,TWSE_CSV,2026-08-25 14:15:35 +0800
1150825,2026-08-25,上市,4441,振大環球,176.00,-1.0000,176.00,178.00,174.00,75000,13128500,69,TWSE_CSV,2026-08-25 14:15:35 +0800
1150825,2026-08-25,上市,4526,東台,29.50,-0.2000,29.55,29.55,28.95,640000,18679400,431,TWSE_CSV,2026-08-25 14:15:35 +0800
1150825,2026-08-25,上市,4532,瑞智,24.00,-0.1000,24.10,24.10,23.85,350000,8372800,185,TWSE_CSV,2026-08-25 14:15:35 +0800
1150825,2026-08-25,上市,4536,拓凱,169.50,-2.0000,172.00,172.00,168.50,151000,25626500,122,TWSE_CSV,2026-08-25 14:15:35 +0800
1150825,2026-08-25,上市,4540,全球傳動,56.20,-0.6000,56.80,56.80,54.80,1015000,56300100,725,TWSE_CSV,2026-08-25 14:15:35 +0800
1150825,2026-08-25,上市,4545,銘鈺,32.00,-0.3000,31.95,32.20,31.70,42000,1340000,41,TWSE_CSV,2026-08-25 14:15:35 +0800
1150825,2026-08-25,上市,4551,智伸科,155.00,1.0000,153.00,155.00,149.00,486000,73698500,425,TWSE_CSV,2026-08-25 14:15:35 +0800
1150825,2026-08-25,上市,4552,力達-KY,17.05,-0.5500,17.25,17.30,16.70,274000,4671650,135,TWSE_CSV,2026-08-25 14:15:35 +0800
1150825,2026-08-25,上市,4555,氣立,45.30,-0.6000,45.90,45.90,44.90,122000,5514300,100,TWSE_CSV,2026-08-25 14:15:35 +0800
1150825,2026-08-25,上市,4557,永新-KY,52.60,0.7000,52.00,52.60,51.90,13000,678700,13,TWSE_CSV,2026-08-25 14:15:35 +0800
1150825,2026-08-25,上市,4560,強信-KY,33.45,0.3000,33.10,33.50,32.80,202000,6690900,98,TWSE_CSV,2026-08-25 14:15:35 +0800
1150825,2026-08-25,上市,4562,穎漢,31.00,-0.1000,31.90,31.90,30.35,76000,2340200,71,TWSE_CSV,2026-08-25 14:15:35 +0800
1150825,2026-08-25,上市,4564,元翎,16.85,-0.0500,16.90,16.90,16.45,482000,8027000,236,TWSE_CSV,2026-08-25 14:15:35 +0800
1150825,2026-08-25,上市,4566,時碩工業,65.10,-0.4000,66.00,66.30,64.30,1178000,76609900,890,TWSE_CSV,2026-08-25 14:15:35 +0800
1150825,2026-08-25,上市,4569,六方科-KY,165.00,4.5000,158.50,165.00,157.50,111000,18067500,66,TWSE_CSV,2026-08-25 14:15:35 +0800
1150825,2026-08-25,上市,4571,鈞興-KY,156.50,0.5000,155.50,156.50,153.00,109000,16866000,87,TWSE_CSV,2026-08-25 14:15:35 +0800
1150825,2026-08-25,上市,4572,駐龍,139.00,-1.0000,138.50,140.00,138.00,25000,3472000,24,TWSE_CSV,2026-08-25 14:15:35 +0800
1150825,2026-08-25,上市,4576,大銀微系統,197.00,-1.0000,197.50,197.50,190.50,1019000,197172500,845,TWSE_CSV,2026-08-25 14:15:35 +0800
1150825,2026-08-25,上市,4581,光隆精密-KY,48.20,0.4500,47.90,48.80,47.55,9000,431350,9,TWSE_CSV,2026-08-25 14:15:35 +0800
1150825,2026-08-25,上市,4582,聚恆-創,23.35,-0.2500,23.55,23.80,23.35,88000,2080500,50,TWSE_CSV,2026-08-25 14:15:35 +0800
1150825,2026-08-25,上市,4583,台灣精銳,458.00,-13.0000,465.00,471.00,450.00,44000,20224500,44,TWSE_CSV,2026-08-25 14:15:35 +0800
1150825,2026-08-25,上市,4585,達明,300.00,7.5000,297.00,300.50,290.50,98000,29051500,91,TWSE_CSV,2026-08-25 14:15:35 +0800
1150825,2026-08-25,上市,4588,玖鼎電力,52.00,0.3000,51.90,52.10,51.80,26000,1350500,23,TWSE_CSV,2026-08-25 14:15:35 +0800
1150825,2026-08-25,上市,4590,富田-創,84.70,-1.1000,85.30,85.30,84.20,245000,20766200,180,TWSE_CSV,2026-08-25 14:15:35 +0800
1150825,2026-08-25,上市,4720,德淵,17.75,-0.2000,17.80,17.85,17.65,275000,4876650,169,TWSE_CSV,2026-08-25 14:15:35 +0800
1150825,2026-08-25,上市,4722,國精化,205.00,2.5000,202.50,205.00,194.00,456000,91368500,392,TWSE_CSV,2026-08-25 14:15:35 +0800
1150825,2026-08-25,上市,4736,泰博,137.00,-3.5000,140.00,140.00,137.00,475000,65407500,367,TWSE_CSV,2026-08-25 14:15:35 +0800
1150825,2026-08-25,上市,4737,華廣,56.90,0.4000,56.90,56.90,56.50,24000,1363000,23,TWSE_CSV,2026-08-25 14:15:35 +0800
1150825,2026-08-25,上市,4739,康普,83.30,-0.8000,84.70,84.70,81.80,680000,56349200,502,TWSE_CSV,2026-08-25 14:15:35 +0800
1150825,2026-08-25,上市,4746,台耀,49.05,-0.9500,50.10,50.30,48.80,793000,38970000,620,TWSE_CSV,2026-08-25 14:15:35 +0800
1150825,2026-08-25,上市,4755,三福化,115.00,-1.5000,115.50,115.50,113.50,81000,9259000,69,TWSE_CSV,2026-08-25 14:15:35 +0800
1150825,2026-08-25,上市,4763,材料*-KY,44.95,-1.8500,46.50,47.40,44.30,12900000,582488150,6960,TWSE_CSV,2026-08-25 14:15:35 +0800
1150825,2026-08-25,上市,4764,雙鍵,212.00,5.5000,205.00,213.00,202.00,535000,110893500,426,TWSE_CSV,2026-08-25 14:15:35 +0800
1150825,2026-08-25,上市,4766,南寶,343.50,-10.0000,350.00,351.00,340.00,240000,82658500,207,TWSE_CSV,2026-08-25 14:15:35 +0800
1150825,2026-08-25,上市,4770,上品,206.50,0.5000,206.00,207.50,202.00,394000,80567500,307,TWSE_CSV,2026-08-25 14:15:35 +0800
1150825,2026-08-25,上市,4771,望隼,204.00,3.5000,202.50,205.00,199.00,188000,38191500,163,TWSE_CSV,2026-08-25 14:15:35 +0800
1150825,2026-08-25,上市,4807,日成-KY,27.85,0.0500,27.80,28.10,26.85,363000,10036650,227,TWSE_CSV,2026-08-25 14:15:35 +0800
1150825,2026-08-25,上市,4904,遠傳,102.50,1.0000,101.50,102.50,101.50,6556000,669018000,2354,TWSE_CSV,2026-08-25 14:15:35 +0800
1150825,2026-08-25,上市,4906,正文,34.55,0.5500,34.00,34.60,33.15,2182000,73324350,1233,TWSE_CSV,2026-08-25 14:15:35 +0800
1150825,2026-08-25,上市,4912,聯德控股-KY,89.40,-0.5000,89.10,89.70,86.60,661000,58335500,485,TWSE_CSV,2026-08-25 14:15:35 +0800
1150825,2026-08-25,上市,4915,致伸,59.80,-0.7000,60.60,60.60,59.30,2249000,134350500,1343,TWSE_CSV,2026-08-25 14:15:35 +0800
1150825,2026-08-25,上市,4916,事欣科,101.50,2.9000,98.50,103.00,96.30,2034000,201367700,1440,TWSE_CSV,2026-08-25 14:15:35 +0800
1150825,2026-08-25,上市,4919,新唐,117.00,1.0000,115.00,117.50,111.00,2769000,315390000,1750,TWSE_CSV,2026-08-25 14:15:35 +0800
1150825,2026-08-25,上市,4927,泰鼎-KY,35.55,0.8500,34.45,35.60,33.30,2352000,81105250,1641,TWSE_CSV,2026-08-25 14:15:35 +0800
1150825,2026-08-25,上市,4930,燦星網,16.20,0.2000,16.00,16.20,16.00,32000,515900,20,TWSE_CSV,2026-08-25 14:15:35 +0800
1150825,2026-08-25,上市,4934,太極,14.30,0.1000,14.25,14.35,13.90,541000,7627750,213,TWSE_CSV,2026-08-25 14:15:35 +0800
1150825,2026-08-25,上市,4935,茂林-KY,33.75,-0.3000,33.75,33.85,33.30,81000,2721150,74,TWSE_CSV,2026-08-25 14:15:35 +0800
1150825,2026-08-25,上市,4938,和碩,88.80,-0.5000,89.20,89.50,87.30,6550000,577614100,3457,TWSE_CSV,2026-08-25 14:15:35 +0800
1150825,2026-08-25,上市,4942,嘉彰,33.15,-0.1000,33.30,33.35,33.00,39000,1291450,33,TWSE_CSV,2026-08-25 14:15:35 +0800
1150825,2026-08-25,上市,4943,康控-KY,8.38,0.0700,8.60,8.60,7.82,42000,335120,20,TWSE_CSV,2026-08-25 14:15:35 +0800
1150825,2026-08-25,上市,4949,有成精密,71.00,1.0000,70.00,71.00,68.40,309000,21401900,236,TWSE_CSV,2026-08-25 14:15:35 +0800
1150825,2026-08-25,上市,4952,凌通,51.20,0.6000,50.30,51.20,49.40,239000,12014400,210,TWSE_CSV,2026-08-25 14:15:35 +0800
1150825,2026-08-25,上市,4956,光鋐,35.10,-1.6500,36.00,36.00,33.60,7062000,244832550,4584,TWSE_CSV,2026-08-25 14:15:35 +0800
1150825,2026-08-25,上市,4958,臻鼎-KY,444.00,8.5000,430.00,444.00,421.50,12861000,5550082500,9750,TWSE_CSV,2026-08-25 14:15:35 +0800
1150825,2026-08-25,上市,4960,誠美材,21.20,0.3500,20.70,21.20,20.00,2215000,45486850,1057,TWSE_CSV,2026-08-25 14:15:35 +0800
1150825,2026-08-25,上市,4961,天鈺,164.50,-0.5000,164.50,164.50,161.00,164000,26662000,154,TWSE_CSV,2026-08-25 14:15:35 +0800
1150825,2026-08-25,上市,4967,十銓,272.50,-5.5000,275.00,275.00,266.00,4662000,1258707500,3518,TWSE_CSV,2026-08-25 14:15:35 +0800
1150825,2026-08-25,上市,4968,立積,89.70,-0.3000,90.00,90.40,88.50,317000,28264600,224,TWSE_CSV,2026-08-25 14:15:35 +0800
1150825,2026-08-25,上市,4976,佳凌,37.40,0.0000,37.10,38.40,36.50,2084000,77574400,1450,TWSE_CSV,2026-08-25 14:15:35 +0800
1150825,2026-08-25,上市,4977,眾達-KY,155.00,10.0000,144.00,157.00,142.00,3248000,489566500,2692,TWSE_CSV,2026-08-25 14:15:35 +0800
1150825,2026-08-25,上市,4989,榮科,60.90,0.2000,60.00,61.00,58.80,2416000,144339900,1616,TWSE_CSV,2026-08-25 14:15:35 +0800
1150825,2026-08-25,上市,4994,傳奇,83.50,-1.0000,83.70,86.10,83.10,14000,1177400,14,TWSE_CSV,2026-08-25 14:15:35 +0800
1150825,2026-08-25,上市,4999,鑫禾,18.80,-0.1000,18.90,18.95,18.80,7000,132050,7,TWSE_CSV,2026-08-25 14:15:35 +0800
1150825,2026-08-25,上市,5007,三星,56.00,-0.4000,56.20,56.30,56.00,28000,1573300,7,TWSE_CSV,2026-08-25 14:15:35 +0800
1150825,2026-08-25,上市,5203,訊連,59.20,0.7000,58.70,59.20,57.90,92000,5378600,81,TWSE_CSV,2026-08-25 14:15:35 +0800
1150825,2026-08-25,上市,5215,科嘉-KY,40.55,0.5500,40.00,40.55,39.35,52000,2064350,36,TWSE_CSV,2026-08-25 14:15:35 +0800
1150825,2026-08-25,上市,5222,全訊,104.50,-1.0000,106.00,106.00,103.00,160000,16618500,144,TWSE_CSV,2026-08-25 14:15:35 +0800
1150825,2026-08-25,上市,5225,東科-KY,59.50,-0.1000,59.30,59.50,59.00,115000,6817300,94,TWSE_CSV,2026-08-25 14:15:35 +0800
1150825,2026-08-25,上市,5234,達興材料,299.00,-1.0000,300.00,301.00,295.00,109000,32449500,98,TWSE_CSV,2026-08-25 14:15:35 +0800
1150825,2026-08-25,上市,5236,凌陽創新,136.50,1.5000,136.00,136.50,133.00,80000,10754000,70,TWSE_CSV,2026-08-25 14:15:35 +0800
1150825,2026-08-25,上市,5243,乙盛-KY,89.10,-0.2000,89.00,89.40,87.10,771000,67920600,602,TWSE_CSV,2026-08-25 14:15:35 +0800
1150825,2026-08-25,上市,5244,弘凱,34.10,0.0000,33.80,34.40,33.50,104000,3534000,76,TWSE_CSV,2026-08-25 14:15:35 +0800
1150825,2026-08-25,上市,5258,虹堡,48.20,0.2000,48.10,48.50,47.35,302000,14437650,176,TWSE_CSV,2026-08-25 14:15:35 +0800
1150825,2026-08-25,上市,5269,祥碩,1415.00,15.0000,1400.00,1420.00,1385.00,261000,365345000,248,TWSE_CSV,2026-08-25 14:15:35 +0800
1150825,2026-08-25,上市,5283,禾聯碩,59.90,0.7000,59.20,60.10,59.00,175000,10422800,126,TWSE_CSV,2026-08-25 14:15:35 +0800
1150825,2026-08-25,上市,5284,jpp-KY,322.00,0.0000,311.00,322.00,308.00,232000,72713500,206,TWSE_CSV,2026-08-25 14:15:35 +0800
1150825,2026-08-25,上市,5285,界霖,78.20,0.3000,78.60,78.60,75.20,609000,46598300,481,TWSE_CSV,2026-08-25 14:15:35 +0800
1150825,2026-08-25,上市,5288,豐祥-KY,188.50,-1.5000,190.00,190.00,187.50,49000,9220500,46,TWSE_CSV,2026-08-25 14:15:35 +0800
1150825,2026-08-25,上市,5292,華懋,214.00,3.5000,210.00,216.00,203.00,412000,86067500,345,TWSE_CSV,2026-08-25 14:15:35 +0800
1150825,2026-08-25,上市,5306,桂盟,94.80,0.2000,95.20,95.50,94.20,70000,6646600,63,TWSE_CSV,2026-08-25 14:15:35 +0800
1150825,2026-08-25,上市,5388,中磊,77.10,-0.5000,78.30,78.30,76.50,3294000,253567300,2153,TWSE_CSV,2026-08-25 14:15:35 +0800
1150825,2026-08-25,上市,5434,崇越,521.00,0.0000,516.00,521.00,506.00,321000,164986000,286,TWSE_CSV,2026-08-25 14:15:35 +0800
1150825,2026-08-25,上市,5469,瀚宇博,71.40,0.8000,70.60,71.50,69.80,960000,67600100,613,TWSE_CSV,2026-08-25 14:15:35 +0800
1150825,2026-08-25,上市,5471,松翰,56.00,-0.1000,56.10,56.40,54.00,870000,47929600,701,TWSE_CSV,2026-08-25 14:15:35 +0800
1150825,2026-08-25,上市,5484,慧友,40.35,-0.4500,41.00,41.00,39.70,123000,4933450,94,TWSE_CSV,2026-08-25 14:15:35 +0800
1150825,2026-08-25,上市,5515,建國,53.40,0.0000,53.40,53.90,52.60,386000,20482800,292,TWSE_CSV,2026-08-25 14:15:35 +0800
1150825,2026-08-25,上市,5519,隆大,27.80,-0.0500,27.95,27.95,27.75,118000,3281350,96,TWSE_CSV,2026-08-25 14:15:35 +0800
1150825,2026-08-25,上市,5521,工信,10.85,-0.2000,10.95,10.95,10.70,1910000,20644600,546,TWSE_CSV,2026-08-25 14:15:35 +0800
1150825,2026-08-25,上市,5522,遠雄,63.70,0.2000,63.70,64.20,63.40,284000,18125900,248,TWSE_CSV,2026-08-25 14:15:35 +0800
1150825,2026-08-25,上市,5525,順天,22.15,-0.2000,22.30,22.55,22.15,61000,1359400,47,TWSE_CSV,2026-08-25 14:15:35 +0800
1150825,2026-08-25,上市,5531,鄉林,7.37,-0.0300,7.44,7.45,7.35,407000,3003080,261,TWSE_CSV,2026-08-25 14:15:35 +0800
1150825,2026-08-25,上市,5533,皇鼎,13.95,0.0000,13.95,13.95,13.95,66000,920700,15,TWSE_CSV,2026-08-25 14:15:35 +0800
1150825,2026-08-25,上市,5534,長虹,75.30,0.0000,75.70,76.90,75.00,3493000,264581300,2314,TWSE_CSV,2026-08-25 14:15:35 +0800
1150825,2026-08-25,上市,5538,東明-KY,36.90,-0.4500,37.80,37.80,36.70,143000,5289450,73,TWSE_CSV,2026-08-25 14:15:35 +0800
1150825,2026-08-25,上市,5546,永固-KY,14.00,0.1500,14.25,14.85,13.55,158000,2222750,97,TWSE_CSV,2026-08-25 14:15:35 +0800
1150825,2026-08-25,上市,5607,遠雄港,53.90,-1.6000,55.60,56.10,53.80,1550000,84810200,969,TWSE_CSV,2026-08-25 14:15:35 +0800
1150825,2026-08-25,上市,5608,四維航,18.10,0.1000,17.95,19.45,17.80,55148000,1033759550,20514,TWSE_CSV,2026-08-25 14:15:35 +0800
1150825,2026-08-25,上市,5706,鳳凰,45.05,-0.4000,45.70,45.70,44.80,78000,3518300,62,TWSE_CSV,2026-08-25 14:15:35 +0800
1150825,2026-08-25,上市,5871,中租-KY,115.00,-0.5000,115.00,115.00,112.50,5380000,613955000,2320,TWSE_CSV,2026-08-25 14:15:35 +0800
1150825,2026-08-25,上市,5876,上海商銀,43.75,0.3500,43.30,43.95,43.30,3520000,153874750,1296,TWSE_CSV,2026-08-25 14:15:35 +0800
1150825,2026-08-25,上市,5880,合庫金,25.05,0.0500,25.00,25.25,24.95,12390000,310987450,3296,TWSE_CSV,2026-08-25 14:15:35 +0800
1150825,2026-08-25,上市,5906,台南-KY,40.50,0.0000,41.10,41.10,40.50,2000,81600,2,TWSE_CSV,2026-08-25 14:15:35 +0800
1150825,2026-08-25,上市,5907,大洋-KY,5.20,0.2200,4.92,5.22,4.92,619000,3152500,141,TWSE_CSV,2026-08-25 14:15:35 +0800
1150825,2026-08-25,上市,6005,群益證,30.35,0.1000,30.15,30.45,29.95,3160000,95589300,1376,TWSE_CSV,2026-08-25 14:15:35 +0800
1150825,2026-08-25,上市,6024,群益期,62.20,-0.5000,62.50,62.60,62.10,175000,10905300,109,TWSE_CSV,2026-08-25 14:15:35 +0800
1150825,2026-08-25,上市,6108,競國,22.85,-0.5500,22.45,23.60,21.90,5008000,113276550,2391,TWSE_CSV,2026-08-25 14:15:35 +0800
1150825,2026-08-25,上市,6112,邁達特,44.15,-0.4000,44.20,44.60,43.90,186000,8216700,126,TWSE_CSV,2026-08-25 14:15:35 +0800
1150825,2026-08-25,上市,6115,鎰勝,44.05,-0.3000,44.75,44.75,44.00,311000,13704000,262,TWSE_CSV,2026-08-25 14:15:35 +0800
1150825,2026-08-25,上市,6116,彩晶,14.10,-0.1000,14.25,14.25,13.80,21455000,300688500,5557,TWSE_CSV,2026-08-25 14:15:35 +0800
1150825,2026-08-25,上市,6117,迎廣,63.00,2.0000,60.70,63.00,59.80,193000,11827600,151,TWSE_CSV,2026-08-25 14:15:35 +0800
1150825,2026-08-25,上市,6120,達運,12.50,-0.1000,12.70,12.70,12.30,1380000,17151400,571,TWSE_CSV,2026-08-25 14:15:35 +0800
1150825,2026-08-25,上市,6128,上福,20.25,0.0000,20.35,20.35,20.15,33000,667050,21,TWSE_CSV,2026-08-25 14:15:35 +0800
1150825,2026-08-25,上市,6133,金橋,22.40,0.0000,22.30,22.65,22.15,382000,8547250,243,TWSE_CSV,2026-08-25 14:15:35 +0800
1150825,2026-08-25,上市,6136,富爾特,25.05,-0.1000,25.05,25.15,24.95,180000,4515300,53,TWSE_CSV,2026-08-25 14:15:35 +0800
1150825,2026-08-25,上市,6139,亞翔,768.00,10.0000,759.00,769.00,738.00,1576000,1180858000,1401,TWSE_CSV,2026-08-25 14:15:35 +0800
1150825,2026-08-25,上市,6141,柏承,45.85,-0.2000,44.85,46.25,42.60,3763000,166471250,2406,TWSE_CSV,2026-08-25 14:15:35 +0800
1150825,2026-08-25,上市,6142,友勁,8.60,-0.2600,8.85,8.85,8.50,733000,6322820,264,TWSE_CSV,2026-08-25 14:15:35 +0800
1150825,2026-08-25,上市,6152,百一,13.75,0.0000,13.60,13.75,13.50,649000,8835000,270,TWSE_CSV,2026-08-25 14:15:35 +0800
1150825,2026-08-25,上市,6153,嘉聯益,16.50,0.0000,16.45,16.60,16.10,1582000,25761750,717,TWSE_CSV,2026-08-25 14:15:35 +0800
1150825,2026-08-25,上市,6155,鈞寶,55.30,-0.5000,56.00,56.00,53.70,911000,49779300,606,TWSE_CSV,2026-08-25 14:15:35 +0800
1150825,2026-08-25,上市,6164,華興,12.05,0.0500,11.85,12.05,11.65,214000,2537100,104,TWSE_CSV,2026-08-25 14:15:35 +0800
1150825,2026-08-25,上市,6165,浪凡,47.70,-0.1500,47.75,47.90,47.50,74000,3529300,61,TWSE_CSV,2026-08-25 14:15:35 +0800
1150825,2026-08-25,上市,6166,凌華,116.00,-3.0000,119.00,119.00,114.50,1047000,121341000,817,TWSE_CSV,2026-08-25 14:15:35 +0800
1150825,2026-08-25,上市,6168,宏齊,27.75,0.6000,27.15,27.90,26.25,9507000,259899200,5673,TWSE_CSV,2026-08-25 14:15:35 +0800
1150825,2026-08-25,上市,6176,瑞儀,99.90,-1.6000,100.00,104.00,99.00,3193000,321549200,1924,TWSE_CSV,2026-08-25 14:15:35 +0800
1150825,2026-08-25,上市,6177,達麗,48.05,0.8500,47.40,48.50,46.95,1832000,88120850,1046,TWSE_CSV,2026-08-25 14:15:35 +0800
1150825,2026-08-25,上市,6183,關貿,94.00,0.5000,93.50,94.00,93.50,23000,2159100,20,TWSE_CSV,2026-08-25 14:15:35 +0800
1150825,2026-08-25,上市,6184,大豐電,41.55,-0.0500,41.55,41.60,41.55,35000,1455250,31,TWSE_CSV,2026-08-25 14:15:35 +0800
1150825,2026-08-25,上市,6189,豐藝,48.85,-0.6000,49.60,49.70,48.15,285000,13885800,202,TWSE_CSV,2026-08-25 14:15:35 +0800
1150825,2026-08-25,上市,6191,精成科,80.90,-0.2000,81.10,81.40,79.20,1493000,119496800,1010,TWSE_CSV,2026-08-25 14:15:35 +0800
1150825,2026-08-25,上市,6192,巨路,115.50,-0.5000,115.50,115.50,114.00,105000,12078500,90,TWSE_CSV,2026-08-25 14:15:35 +0800
1150825,2026-08-25,上市,6196,帆宣,477.00,-16.0000,488.00,488.00,462.50,938000,445245000,805,TWSE_CSV,2026-08-25 14:15:35 +0800
1150825,2026-08-25,上市,6197,佳必琪,299.00,9.0000,292.00,299.50,284.00,839000,243710000,635,TWSE_CSV,2026-08-25 14:15:35 +0800
1150825,2026-08-25,上市,6201,亞弘電,44.80,0.0000,44.80,44.80,44.80,5000,224000,5,TWSE_CSV,2026-08-25 14:15:35 +0800
1150825,2026-08-25,上市,6202,盛群,56.70,0.5000,55.80,56.70,54.60,986000,54568200,679,TWSE_CSV,2026-08-25 14:15:35 +0800
1150825,2026-08-25,上市,6205,詮欣,61.50,1.7000,60.00,61.60,59.00,215000,12990200,167,TWSE_CSV,2026-08-25 14:15:35 +0800
1150825,2026-08-25,上市,6206,飛捷,139.50,0.5000,138.00,141.00,136.50,2359000,328619500,1580,TWSE_CSV,2026-08-25 14:15:35 +0800
1150825,2026-08-25,上市,6209,今國光,69.00,1.2000,67.80,69.80,65.60,3560000,240407900,2510,TWSE_CSV,2026-08-25 14:15:35 +0800
1150825,2026-08-25,上市,6213,聯茂,530.00,47.5000,482.00,530.00,480.50,25737000,12875999500,19228,TWSE_CSV,2026-08-25 14:15:35 +0800
1150825,2026-08-25,上市,6214,精誠,181.50,2.0000,180.00,182.00,179.50,1830000,331339500,1058,TWSE_CSV,2026-08-25 14:15:35 +0800
1150825,2026-08-25,上市,6215,和椿,96.70,0.6000,95.80,96.70,93.50,560000,52790700,419,TWSE_CSV,2026-08-25 14:15:35 +0800
1150825,2026-08-25,上市,6216,居易,22.00,-0.4000,22.35,22.40,22.00,255000,5648750,150,TWSE_CSV,2026-08-25 14:15:35 +0800
1150825,2026-08-25,上市,6224,聚鼎,79.90,3.1000,75.60,81.20,74.50,1982000,155354200,1438,TWSE_CSV,2026-08-25 14:15:35 +0800
1150825,2026-08-25,上市,6225,天瀚,66.10,-5.0000,78.20,78.20,64.00,525000,37373100,278,TWSE_CSV,2026-08-25 14:15:35 +0800
1150825,2026-08-25,上市,6226,光鼎,25.60,2.3000,23.35,25.60,23.10,74771000,1835827350,30636,TWSE_CSV,2026-08-25 14:15:35 +0800
1150825,2026-08-25,上市,6230,尼得科超眾,106.50,-0.5000,105.50,108.00,105.50,16000,1704000,16,TWSE_CSV,2026-08-25 14:15:35 +0800
1150825,2026-08-25,上市,6235,華孚,38.10,0.4000,37.40,38.15,37.20,176000,6613000,146,TWSE_CSV,2026-08-25 14:15:35 +0800
1150825,2026-08-25,上市,6239,力成,273.50,4.0000,267.00,273.50,259.00,7183000,1903439000,4890,TWSE_CSV,2026-08-25 14:15:35 +0800
1150825,2026-08-25,上市,6243,迅杰,41.05,-0.8500,41.80,41.80,39.80,925000,37599350,610,TWSE_CSV,2026-08-25 14:15:35 +0800
1150825,2026-08-25,上市,6257,矽格,198.50,1.0000,197.00,199.50,190.00,4496000,872677500,3061,TWSE_CSV,2026-08-25 14:15:35 +0800
1150825,2026-08-25,上市,6269,台郡,61.90,0.0000,61.90,61.90,59.00,2630000,158474200,1799,TWSE_CSV,2026-08-25 14:15:35 +0800
1150825,2026-08-25,上市,6271,同欣電,199.50,6.5000,191.50,199.50,190.00,2119000,412634000,1715,TWSE_CSV,2026-08-25 14:15:35 +0800
1150825,2026-08-25,上市,6272,驊陞,23.25,0.0000,23.05,23.65,22.90,58000,1350300,55,TWSE_CSV,2026-08-25 14:15:35 +0800
1150825,2026-08-25,上市,6277,宏正,79.70,-1.5000,81.50,81.50,79.10,248000,19795700,215,TWSE_CSV,2026-08-25 14:15:35 +0800
1150825,2026-08-25,上市,6278,台表科,181.50,2.5000,177.00,182.00,172.00,5362000,942248000,4326,TWSE_CSV,2026-08-25 14:15:35 +0800
1150825,2026-08-25,上市,6281,全國電,51.70,-0.1000,51.80,51.80,51.60,27000,1396400,18,TWSE_CSV,2026-08-25 14:15:35 +0800
1150825,2026-08-25,上市,6282,康舒,44.00,-0.3500,44.10,44.20,43.00,5719000,248856500,3409,TWSE_CSV,2026-08-25 14:15:35 +0800
1150825,2026-08-25,上市,6283,淳安,19.85,-0.2500,20.10,20.10,19.75,45000,895200,34,TWSE_CSV,2026-08-25 14:15:35 +0800
1150825,2026-08-25,上市,6285,啟碁,233.50,3.0000,230.00,234.00,225.50,2615000,598676500,2031,TWSE_CSV,2026-08-25 14:15:35 +0800
1150825,2026-08-25,上市,6405,悅城,37.90,-0.2500,38.15,38.15,37.00,214000,7992800,173,TWSE_CSV,2026-08-25 14:15:35 +0800
1150825,2026-08-25,上市,6409,旭隼,1020.00,10.0000,1005.00,1020.00,996.00,144000,145419000,141,TWSE_CSV,2026-08-25 14:15:35 +0800
1150825,2026-08-25,上市,6412,群電,77.60,-0.1000,77.70,77.90,76.80,323000,24984300,267,TWSE_CSV,2026-08-25 14:15:35 +0800
1150825,2026-08-25,上市,6414,樺漢,394.00,-1.5000,394.50,394.50,389.00,975000,381760000,827,TWSE_CSV,2026-08-25 14:15:35 +0800
1150825,2026-08-25,上市,6415,矽力*-KY,451.50,1.5000,443.00,453.00,438.50,1627000,724251500,1186,TWSE_CSV,2026-08-25 14:15:35 +0800
1150825,2026-08-25,上市,6416,瑞祺電通,99.00,0.0000,99.90,100.00,97.60,419000,41385500,363,TWSE_CSV,2026-08-25 14:15:35 +0800
1150825,2026-08-25,上市,6426,統新,255.00,16.5000,234.50,258.00,226.00,2391000,582144500,1913,TWSE_CSV,2026-08-25 14:15:35 +0800
1150825,2026-08-25,上市,6431,光麗-KY,19.20,-0.5000,19.30,19.55,19.20,18000,346850,16,TWSE_CSV,2026-08-25 14:15:35 +0800
1150825,2026-08-25,上市,6438,迅得,144.00,0.5000,143.00,145.00,141.00,131000,18720500,107,TWSE_CSV,2026-08-25 14:15:35 +0800
1150825,2026-08-25,上市,6442,光聖,1605.00,145.0000,1440.00,1605.00,1430.00,2137000,3234115000,1923,TWSE_CSV,2026-08-25 14:15:35 +0800
1150825,2026-08-25,上市,6443,元晶,26.45,0.6000,25.80,27.00,24.90,4762000,123308950,2449,TWSE_CSV,2026-08-25 14:15:35 +0800
1150825,2026-08-25,上市,6446,藥華藥,1490.00,15.0000,1485.00,1510.00,1445.00,5145000,7631315000,3978,TWSE_CSV,2026-08-25 14:15:35 +0800
1150825,2026-08-25,上市,6449,鈺邦,224.00,13.5000,209.00,227.00,202.00,827000,177283000,713,TWSE_CSV,2026-08-25 14:15:35 +0800
1150825,2026-08-25,上市,6451,訊芯-KY,423.00,23.0000,396.00,426.50,384.50,2736000,1102661000,2315,TWSE_CSV,2026-08-25 14:15:35 +0800
1150825,2026-08-25,上市,6456,GIS-KY,67.70,2.2000,64.50,67.80,62.90,2926000,191171300,1815,TWSE_CSV,2026-08-25 14:15:35 +0800
1150825,2026-08-25,上市,6464,台數科,78.70,-0.3000,78.90,79.10,78.70,54000,4265400,14,TWSE_CSV,2026-08-25 14:15:35 +0800
1150825,2026-08-25,上市,6472,保瑞,470.00,17.0000,455.50,473.00,443.00,3171000,1459575500,2791,TWSE_CSV,2026-08-25 14:15:35 +0800
1150825,2026-08-25,上市,6477,安集,35.65,-0.3000,35.60,36.05,35.05,734000,26026250,540,TWSE_CSV,2026-08-25 14:15:35 +0800
1150825,2026-08-25,上市,6491,晶碩,372.50,6.5000,363.00,372.50,362.50,152000,55867500,147,TWSE_CSV,2026-08-25 14:15:35 +0800
1150825,2026-08-25,上市,6504,南六,37.95,0.0500,38.20,38.25,37.70,12000,456300,12,TWSE_CSV,2026-08-25 14:15:35 +0800
1150825,2026-08-25,上市,6505,台塑化,71.00,1.1000,69.60,71.40,68.70,10832000,764298000,6314,TWSE_CSV,2026-08-25 14:15:35 +0800
1150825,2026-08-25,上市,6515,穎崴,6255.00,110.0000,6070.00,6275.00,5960.00,209000,1268465000,191,TWSE_CSV,2026-08-25 14:15:35 +0800
1150825,2026-08-25,上市,6525,捷敏-KY,136.00,-1.0000,135.50,136.50,130.50,1091000,145306500,881,TWSE_CSV,2026-08-25 14:15:35 +0800
1150825,2026-08-25,上市,6526,達發,578.00,0.0000,569.00,578.00,562.00,227000,129095000,213,TWSE_CSV,2026-08-25 14:15:35 +0800
1150825,2026-08-25,上市,6531,愛普*,876.00,31.0000,842.00,876.00,813.00,2616000,2204042000,2228,TWSE_CSV,2026-08-25 14:15:35 +0800
1150825,2026-08-25,上市,6533,晶心科,251.50,5.0000,245.00,252.00,245.00,675000,168530000,519,TWSE_CSV,2026-08-25 14:15:35 +0800
1150825,2026-08-25,上市,6534,正瀚-創,92.10,-0.4000,91.90,92.30,91.60,23000,2111000,23,TWSE_CSV,2026-08-25 14:15:35 +0800
1150825,2026-08-25,上市,6541,泰福-KY,36.25,-0.1000,36.40,36.70,36.15,168000,6118550,122,TWSE_CSV,2026-08-25 14:15:35 +0800
1150825,2026-08-25,上市,6550,北極星藥業-KY,11.00,-0.6000,11.45,11.50,10.95,1980000,22022900,954,TWSE_CSV,2026-08-25 14:15:35 +0800
1150825,2026-08-25,上市,6552,易華電,25.35,0.1500,24.95,25.35,24.80,62000,1550700,56,TWSE_CSV,2026-08-25 14:15:35 +0800
1150825,2026-08-25,上市,6558,興能高,24.70,-0.2500,25.20,25.20,24.30,110000,2701450,88,TWSE_CSV,2026-08-25 14:15:35 +0800
1150825,2026-08-25,上市,6573,虹揚-KY,17.90,0.8000,18.10,18.60,17.20,512000,9125100,332,TWSE_CSV,2026-08-25 14:15:35 +0800
1150825,2026-08-25,上市,6579,研揚,145.50,-1.5000,147.00,147.00,142.00,528000,75912000,413,TWSE_CSV,2026-08-25 14:15:35 +0800
1150825,2026-08-25,上市,6581,鋼聯,108.00,-0.5000,108.50,108.50,108.00,5000,541000,5,TWSE_CSV,2026-08-25 14:15:35 +0800
1150825,2026-08-25,上市,6582,申豐,32.40,-0.3000,32.90,32.90,32.40,22000,717200,22,TWSE_CSV,2026-08-25 14:15:35 +0800
1150825,2026-08-25,上市,6585,鼎基,113.00,-0.5000,112.50,113.00,111.00,107000,11952000,85,TWSE_CSV,2026-08-25 14:15:35 +0800
1150825,2026-08-25,上市,6589,台康生技,49.70,-0.6000,50.50,50.50,49.30,431000,21433050,328,TWSE_CSV,2026-08-25 14:15:35 +0800
1150825,2026-08-25,上市,6591,動力-KY,42.95,0.1000,42.60,42.95,42.30,31000,1322300,30,TWSE_CSV,2026-08-25 14:15:35 +0800
1150825,2026-08-25,上市,6592,和潤企業,61.60,0.4000,61.00,61.60,61.00,323000,19840400,236,TWSE_CSV,2026-08-25 14:15:35 +0800
1150825,2026-08-25,上市,6598,ABC-KY,27.70,-0.3000,27.60,27.95,27.55,159000,4407000,86,TWSE_CSV,2026-08-25 14:15:35 +0800
1150825,2026-08-25,上市,6605,帝寶,138.50,-1.0000,139.00,139.50,138.00,236000,32735000,168,TWSE_CSV,2026-08-25 14:15:35 +0800
1150825,2026-08-25,上市,6606,建德工業,25.85,0.3500,25.50,25.85,25.40,42000,1080950,35,TWSE_CSV,2026-08-25 14:15:35 +0800
1150825,2026-08-25,上市,6614,資拓宏宇,35.85,-0.0500,36.10,36.10,35.70,16000,574750,16,TWSE_CSV,2026-08-25 14:15:35 +0800
1150825,2026-08-25,上市,6625,必應,77.30,0.2000,76.90,77.80,76.80,78000,6038300,62,TWSE_CSV,2026-08-25 14:15:35 +0800
1150825,2026-08-25,上市,6641,基士德-KY,18.05,0.0500,17.90,18.10,17.90,7000,125650,4,TWSE_CSV,2026-08-25 14:15:35 +0800
1150825,2026-08-25,上市,6645,金萬林-創,13.10,0.1000,13.00,13.20,12.85,16000,207700,12,TWSE_CSV,2026-08-25 14:15:35 +0800
1150825,2026-08-25,上市,6655,科定,115.00,0.5000,115.00,115.00,115.00,4000,460000,4,TWSE_CSV,2026-08-25 14:15:35 +0800
1150825,2026-08-25,上市,6657,華安,29.60,-0.2000,29.55,29.80,29.20,63000,1856150,47,TWSE_CSV,2026-08-25 14:15:35 +0800
1150825,2026-08-25,上市,6658,聯策,157.00,0.5000,157.50,158.50,153.00,207000,32332000,174,TWSE_CSV,2026-08-25 14:15:35 +0800
1150825,2026-08-25,上市,6666,羅麗芬-KY,44.15,-0.1500,44.30,44.30,43.75,5000,220500,5,TWSE_CSV,2026-08-25 14:15:35 +0800
1150825,2026-08-25,上市,6668,中揚光,35.50,-0.0500,35.90,36.20,34.60,505000,17755700,390,TWSE_CSV,2026-08-25 14:15:35 +0800
1150825,2026-08-25,上市,6669,緯穎,6440.00,140.0000,6225.00,6440.00,6125.00,1036000,6492075000,1004,TWSE_CSV,2026-08-25 14:15:35 +0800
1150825,2026-08-25,上市,6670,復盛應用,264.00,-1.5000,264.00,265.00,263.00,72000,18997500,62,TWSE_CSV,2026-08-25 14:15:35 +0800
1150825,2026-08-25,上市,6671,三能-KY,23.00,-0.1000,23.10,23.15,23.00,24000,553800,14,TWSE_CSV,2026-08-25 14:15:35 +0800
1150825,2026-08-25,上市,6672,騰輝電子-KY,270.50,11.5000,257.00,272.00,255.00,2497000,659606000,2066,TWSE_CSV,2026-08-25 14:15:35 +0800
1150825,2026-08-25,上市,6674,鋐寶科技,16.30,-0.5000,16.80,17.20,16.10,86000,1410250,57,TWSE_CSV,2026-08-25 14:15:35 +0800
1150825,2026-08-25,上市,6689,伊雲谷,61.40,0.0000,60.80,61.60,60.70,44000,2684500,36,TWSE_CSV,2026-08-25 14:15:35 +0800
1150825,2026-08-25,上市,6691,洋基工程,616.00,5.0000,611.00,632.00,605.00,872000,537248000,800,TWSE_CSV,2026-08-25 14:15:35 +0800
1150825,2026-08-25,上市,6695,芯鼎,46.90,-0.2500,47.10,47.45,45.85,306000,14162050,233,TWSE_CSV,2026-08-25 14:15:35 +0800
1150825,2026-08-25,上市,6698,旭暉應材,30.75,0.0500,30.75,30.80,30.15,78000,2376050,66,TWSE_CSV,2026-08-25 14:15:35 +0800
1150825,2026-08-25,上市,6706,惠特,123.00,8.5000,113.50,125.00,111.50,1652000,198155500,1351,TWSE_CSV,2026-08-25 14:15:35 +0800
1150825,2026-08-25,上市,6715,嘉基,363.50,-40.0000,388.00,388.00,363.50,1190000,437122000,794,TWSE_CSV,2026-08-25 14:15:35 +0800
1150825,2026-08-25,上市,6719,力智,192.00,0.5000,193.50,193.50,186.50,497000,94030500,408,TWSE_CSV,2026-08-25 14:15:35 +0800
1150825,2026-08-25,上市,6722,輝創,32.60,0.0000,32.60,32.90,32.60,33000,1077350,20,TWSE_CSV,2026-08-25 14:15:35 +0800
1150825,2026-08-25,上市,6742,澤米,43.25,0.2500,42.45,43.25,41.65,352000,14858700,255,TWSE_CSV,2026-08-25 14:15:35 +0800
1150825,2026-08-25,上市,6743,安普新,25.40,0.3500,25.10,25.55,25.05,66000,1671600,45,TWSE_CSV,2026-08-25 14:15:35 +0800
1150825,2026-08-25,上市,6753,龍德造船,139.50,-1.5000,141.00,141.00,137.00,808000,111801000,672,TWSE_CSV,2026-08-25 14:15:35 +0800
1150825,2026-08-25,上市,6754,匯僑設計,42.00,-0.4000,42.35,42.35,42.00,5000,210800,5,TWSE_CSV,2026-08-25 14:15:35 +0800
1150825,2026-08-25,上市,6756,威鋒電子,102.00,3.6000,98.10,102.00,98.00,168000,16837400,134,TWSE_CSV,2026-08-25 14:15:35 +0800
1150825,2026-08-25,上市,6757,台灣虎航,55.80,-0.2000,55.70,56.40,55.70,664000,37217400,453,TWSE_CSV,2026-08-25 14:15:35 +0800
1150825,2026-08-25,上市,6768,志強-KY,65.70,-0.2000,65.90,65.90,64.80,212000,13825700,132,TWSE_CSV,2026-08-25 14:15:35 +0800
1150825,2026-08-25,上市,6770,力積電,69.00,-1.8000,70.50,71.00,66.60,156292000,10679517900,73226,TWSE_CSV,2026-08-25 14:15:35 +0800
1150825,2026-08-25,上市,6771,平和環保-創,43.50,-0.1500,43.80,44.30,43.50,68000,2992350,61,TWSE_CSV,2026-08-25 14:15:35 +0800
1150825,2026-08-25,上市,6776,展碁國際,53.50,0.0000,53.30,53.50,52.90,76000,4039200,45,TWSE_CSV,2026-08-25 14:15:35 +0800
1150825,2026-08-25,上市,6781,AES-KY,1065.00,20.0000,1035.00,1065.00,1025.00,493000,512865000,461,TWSE_CSV,2026-08-25 14:15:35 +0800
1150825,2026-08-25,上市,6782,視陽,230.00,20.0000,211.50,231.00,210.50,1879000,418657500,1285,TWSE_CSV,2026-08-25 14:15:35 +0800
1150825,2026-08-25,上市,6789,采鈺,420.50,5.5000,415.00,421.50,402.50,872000,356599000,733,TWSE_CSV,2026-08-25 14:15:35 +0800
1150825,2026-08-25,上市,6790,永豐實,37.95,-0.3000,38.20,38.20,37.95,83000,3158300,63,TWSE_CSV,2026-08-25 14:15:35 +0800
1150825,2026-08-25,上市,6792,詠業,60.10,1.9000,57.70,60.50,57.70,38000,2226700,25,TWSE_CSV,2026-08-25 14:15:35 +0800
1150825,2026-08-25,上市,6794,向榮生技,75.50,0.5000,73.80,75.50,73.10,32000,2379800,25,TWSE_CSV,2026-08-25 14:15:35 +0800
1150825,2026-08-25,上市,6796,晉弘,61.80,-0.7000,61.70,63.70,60.60,96000,5927100,79,TWSE_CSV,2026-08-25 14:15:35 +0800
1150825,2026-08-25,上市,6799,來頡,79.30,0.7000,78.00,79.30,77.00,222000,17289200,155,TWSE_CSV,2026-08-25 14:15:35 +0800
1150825,2026-08-25,上市,6805,富世達,1845.00,135.0000,1680.00,1845.00,1665.00,1102000,1936105000,1025,TWSE_CSV,2026-08-25 14:15:35 +0800
1150825,2026-08-25,上市,6807,峰源-KY,34.40,-0.7500,34.10,34.50,34.10,11000,377400,9,TWSE_CSV,2026-08-25 14:15:35 +0800
1150825,2026-08-25,上市,6830,汎銓,491.00,44.5000,446.50,491.00,438.00,3349000,1555817500,2890,TWSE_CSV,2026-08-25 14:15:35 +0800
1150825,2026-08-25,上市,6831,邁科,562.00,13.0000,536.00,564.00,518.00,1115000,594682000,924,TWSE_CSV,2026-08-25 14:15:35 +0800
1150825,2026-08-25,上市,6834,天二科技,90.10,0.2000,88.80,90.80,85.50,1597000,140526000,1196,TWSE_CSV,2026-08-25 14:15:35 +0800
1150825,2026-08-25,上市,6835,圓裕,30.80,-0.1500,30.95,31.45,30.70,8000,248250,8,TWSE_CSV,2026-08-25 14:15:35 +0800
1150825,2026-08-25,上市,6838,台新藥,23.00,-0.1000,23.00,23.00,22.75,74000,1695300,41,TWSE_CSV,2026-08-25 14:15:35 +0800
1150825,2026-08-25,上市,6854,錼創科技-KY創,89.50,-1.4000,89.50,89.70,88.20,92000,8170900,81,TWSE_CSV,2026-08-25 14:15:35 +0800
1150825,2026-08-25,上市,6861,睿生光電,188.00,0.5000,184.50,188.00,178.50,252000,45903000,234,TWSE_CSV,2026-08-25 14:15:35 +0800
1150825,2026-08-25,上市,6862,三集瑞-KY,138.00,1.0000,134.00,138.00,132.00,56000,7481500,55,TWSE_CSV,2026-08-25 14:15:35 +0800
1150825,2026-08-25,上市,6863,永道-KY,109.50,0.0000,108.50,110.00,108.00,59000,6436000,56,TWSE_CSV,2026-08-25 14:15:35 +0800
1150825,2026-08-25,上市,6869,雲豹能源,67.60,1.0000,67.10,68.00,66.00,306000,20519200,224,TWSE_CSV,2026-08-25 14:15:35 +0800
1150825,2026-08-25,上市,6873,泓德能源,68.30,0.0000,67.30,68.30,65.50,514000,34237300,362,TWSE_CSV,2026-08-25 14:15:35 +0800
1150825,2026-08-25,上市,6885,全福生技,20.90,0.0000,20.85,20.90,20.60,162000,3357450,89,TWSE_CSV,2026-08-25 14:15:35 +0800
1150825,2026-08-25,上市,6887,寶綠特-KY,37.20,0.0000,37.70,37.70,36.50,21000,774150,19,TWSE_CSV,2026-08-25 14:15:35 +0800
1150825,2026-08-25,上市,6890,來億-KY,159.50,-4.0000,161.00,161.00,159.00,89000,14216500,87,TWSE_CSV,2026-08-25 14:15:35 +0800
1150825,2026-08-25,上市,6901,鑽石投資,16.35,-0.2500,16.70,16.70,16.20,1117000,18242350,636,TWSE_CSV,2026-08-25 14:15:35 +0800
1150825,2026-08-25,上市,6902,GOGOLOOK,125.00,-1.0000,125.50,125.50,123.00,31000,3857500,25,TWSE_CSV,2026-08-25 14:15:35 +0800
1150825,2026-08-25,上市,6906,現觀科,72.40,1.0000,71.00,72.40,70.30,20000,1426400,20,TWSE_CSV,2026-08-25 14:15:35 +0800
1150825,2026-08-25,上市,6908,宏碁遊戲-創,30.65,0.4000,30.10,30.95,30.10,12000,365400,9,TWSE_CSV,2026-08-25 14:15:35 +0800
1150825,2026-08-25,上市,6909,創控,40.10,0.1000,39.60,40.10,38.95,166000,6528550,128,TWSE_CSV,2026-08-25 14:15:35 +0800
1150825,2026-08-25,上市,6914,阜爾運通,148.50,1.0000,147.50,149.00,146.00,269000,39725500,197,TWSE_CSV,2026-08-25 14:15:35 +0800
1150825,2026-08-25,上市,6916,華凌,18.50,-0.1500,18.70,18.80,18.30,26000,483650,19,TWSE_CSV,2026-08-25 14:15:35 +0800
1150825,2026-08-25,上市,6918,愛派司,74.00,-0.5000,74.20,74.20,73.10,37000,2726100,36,TWSE_CSV,2026-08-25 14:15:35 +0800
1150825,2026-08-25,上市,6919,康霈*,105.50,-5.0000,110.50,112.00,105.00,5848000,628264500,3478,TWSE_CSV,2026-08-25 14:15:35 +0800
1150825,2026-08-25,上市,6921,嘉雨思-創,67.30,-1.6000,68.90,68.90,67.20,9000,608000,5,TWSE_CSV,2026-08-25 14:15:35 +0800
1150825,2026-08-25,上市,6923,中台,76.20,-0.5000,76.00,76.60,75.60,39000,2968500,37,TWSE_CSV,2026-08-25 14:15:35 +0800
1150825,2026-08-25,上市,6924,榮惠-KY創,111.50,-2.5000,111.50,111.50,111.00,12000,1337000,7,TWSE_CSV,2026-08-25 14:15:35 +0800
1150825,2026-08-25,上市,6928,攸泰科技,47.05,-0.7000,47.75,47.75,46.85,56000,2634650,46,TWSE_CSV,2026-08-25 14:15:35 +0800
1150825,2026-08-25,上市,6931,青松健康,41.50,-0.3500,42.00,42.00,41.40,27000,1123900,23,TWSE_CSV,2026-08-25 14:15:35 +0800
1150825,2026-08-25,上市,6933,AMAX-KY,195.50,1.0000,194.50,195.50,186.50,400000,76665000,317,TWSE_CSV,2026-08-25 14:15:35 +0800
1150825,2026-08-25,上市,6934,心誠鎂,74.20,1.1000,72.50,74.30,71.90,19000,1379000,13,TWSE_CSV,2026-08-25 14:15:35 +0800
1150825,2026-08-25,上市,6936,永鴻生技,32.40,0.0000,32.25,32.60,32.25,21000,682500,15,TWSE_CSV,2026-08-25 14:15:35 +0800
1150825,2026-08-25,上市,6937,天虹,262.00,1.5000,262.00,265.00,253.00,168000,43190500,161,TWSE_CSV,2026-08-25 14:15:35 +0800
1150825,2026-08-25,上市,6944,兆聯實業,712.00,7.0000,706.00,712.00,698.00,88000,61929000,80,TWSE_CSV,2026-08-25 14:15:35 +0800
1150825,2026-08-25,上市,6947,台鎔科技,70.10,0.1000,69.70,70.10,69.10,131000,9111600,102,TWSE_CSV,2026-08-25 14:15:35 +0800
1150825,2026-08-25,上市,6949,沛爾生醫-創,1355.00,120.0000,1250.00,1355.00,1225.00,957000,1261060000,654,TWSE_CSV,2026-08-25 14:15:35 +0800
1150825,2026-08-25,上市,6951,青新-創,71.80,0.6000,71.50,71.80,71.50,10000,715600,3,TWSE_CSV,2026-08-25 14:15:35 +0800
1150825,2026-08-25,上市,6952,大武山,37.50,-0.3500,37.30,37.50,37.20,7000,261300,7,TWSE_CSV,2026-08-25 14:15:35 +0800
1150825,2026-08-25,上市,6955,邦睿生技-創,120.00,0.0000,119.00,120.00,118.50,9000,1073500,8,TWSE_CSV,2026-08-25 14:15:35 +0800
1150825,2026-08-25,上市,6957,裕慶-KY,219.00,3.5000,215.50,222.00,215.00,59000,12921000,56,TWSE_CSV,2026-08-25 14:15:35 +0800
1150825,2026-08-25,上市,6958,日盛台駿,17.55,-0.1500,17.70,17.80,17.55,8000,141550,8,TWSE_CSV,2026-08-25 14:15:35 +0800
1150825,2026-08-25,上市,6962,奕力-KY,31.25,-0.1000,31.40,31.40,30.70,1135000,35195150,697,TWSE_CSV,2026-08-25 14:15:35 +0800
1150825,2026-08-25,上市,6965,中傑-KY,74.90,-0.6000,75.40,75.50,74.90,8000,602300,8,TWSE_CSV,2026-08-25 14:15:35 +0800
1150825,2026-08-25,上市,6969,成信實業*-創,33.20,-1.1000,33.55,33.55,33.05,56000,1862450,41,TWSE_CSV,2026-08-25 14:15:35 +0800
1150825,2026-08-25,上市,6988,威力暘-創,11.55,-0.2000,11.60,11.60,11.35,71000,815050,37,TWSE_CSV,2026-08-25 14:15:35 +0800
1150825,2026-08-25,上市,6994,富威電力,36.55,1.2500,35.30,36.75,35.00,369000,13173200,255,TWSE_CSV,2026-08-25 14:15:35 +0800
1150825,2026-08-25,上市,7610,聯友金屬-創,1635.00,-75.0000,1665.00,1690.00,1590.00,473000,769170000,416,TWSE_CSV,2026-08-25 14:15:35 +0800
1150825,2026-08-25,上市,7631,聚賢研發-創,147.00,2.5000,144.00,147.00,143.00,30000,4339000,26,TWSE_CSV,2026-08-25 14:15:35 +0800
1150825,2026-08-25,上市,7689,大鵬科CLMX,180.50,0.5000,178.50,181.00,174.50,185000,33004000,152,TWSE_CSV,2026-08-25 14:15:35 +0800
1150825,2026-08-25,上市,7705,三商餐飲,30.70,-0.2000,31.00,31.00,30.70,16000,493000,14,TWSE_CSV,2026-08-25 14:15:35 +0800
1150825,2026-08-25,上市,7711,永擎,515.00,17.5000,492.00,516.00,481.00,1612000,809037000,1403,TWSE_CSV,2026-08-25 14:15:35 +0800
1150825,2026-08-25,上市,7721,微程式,62.00,1.3000,60.00,62.00,60.00,58000,3551900,43,TWSE_CSV,2026-08-25 14:15:35 +0800
1150825,2026-08-25,上市,7722,LINEPAY,283.00,5.0000,277.50,284.00,275.00,36000,10048500,35,TWSE_CSV,2026-08-25 14:15:35 +0800
1150825,2026-08-25,上市,7730,暉盛-創,182.50,10.0000,174.00,186.00,172.00,424000,74847500,207,TWSE_CSV,2026-08-25 14:15:35 +0800
1150825,2026-08-25,上市,7732,金興精密,34.55,-0.1500,34.65,34.80,34.35,7000,242650,7,TWSE_CSV,2026-08-25 14:15:35 +0800
1150825,2026-08-25,上市,7736,虎山,69.40,0.1000,69.70,69.70,69.40,5000,347900,4,TWSE_CSV,2026-08-25 14:15:35 +0800
1150825,2026-08-25,上市,7740,熙特爾-創,134.00,-5.0000,137.00,137.00,133.00,183000,24655000,159,TWSE_CSV,2026-08-25 14:15:35 +0800
1150825,2026-08-25,上市,7749,意騰-KY,382.00,0.0000,385.00,388.00,372.50,321000,121850500,312,TWSE_CSV,2026-08-25 14:15:35 +0800
1150825,2026-08-25,上市,7750,新代,2350.00,210.0000,2245.00,2350.00,2180.00,352000,810440000,259,TWSE_CSV,2026-08-25 14:15:35 +0800
1150825,2026-08-25,上市,7760,享溫馨,32.85,-0.4500,33.00,33.30,32.85,63000,2079150,8,TWSE_CSV,2026-08-25 14:15:35 +0800
1150825,2026-08-25,上市,7765,中華資安,224.00,0.0000,224.50,225.00,224.00,13000,2916000,13,TWSE_CSV,2026-08-25 14:15:35 +0800
1150825,2026-08-25,上市,7768,頌勝科技,283.00,-7.0000,285.00,285.50,278.00,83000,23330000,79,TWSE_CSV,2026-08-25 14:15:35 +0800
1150825,2026-08-25,上市,7769,鴻勁,6210.00,-45.0000,6155.00,6240.00,6060.00,413000,2533310000,403,TWSE_CSV,2026-08-25 14:15:35 +0800
1150825,2026-08-25,上市,7780,大研生醫*,16.85,-0.0500,16.85,16.90,16.70,561000,9425800,263,TWSE_CSV,2026-08-25 14:15:35 +0800
1150825,2026-08-25,上市,7786,東方風能,121.00,-0.5000,120.50,121.00,120.00,114000,13738500,87,TWSE_CSV,2026-08-25 14:15:35 +0800
1150825,2026-08-25,上市,7788,松川精密,258.50,5.5000,256.00,258.50,245.00,742000,186276000,660,TWSE_CSV,2026-08-25 14:15:35 +0800
1150825,2026-08-25,上市,7791,皇家可口,56.80,0.1000,56.90,57.40,56.70,24000,1366400,16,TWSE_CSV,2026-08-25 14:15:35 +0800
1150825,2026-08-25,上市,7795,長廣,551.00,-17.0000,554.00,568.00,520.00,1563000,842179000,1333,TWSE_CSV,2026-08-25 14:15:35 +0800
1150825,2026-08-25,上市,7799,禾榮科,356.50,1.5000,357.00,359.00,350.50,92000,32606500,88,TWSE_CSV,2026-08-25 14:15:35 +0800
1150825,2026-08-25,上市,7803,雲象科技-創,19.75,0.1500,19.55,19.80,19.05,17000,331150,15,TWSE_CSV,2026-08-25 14:15:35 +0800
1150825,2026-08-25,上市,7818,溢泰實業,63.00,0.4000,62.90,63.20,62.10,101000,6326900,72,TWSE_CSV,2026-08-25 14:15:35 +0800
1150825,2026-08-25,上市,7821,神數,38.85,-0.6000,39.55,39.55,38.85,141000,5501950,82,TWSE_CSV,2026-08-25 14:15:35 +0800
1150825,2026-08-25,上市,7822,倍利科,925.00,10.0000,904.00,931.00,891.00,160000,144864000,131,TWSE_CSV,2026-08-25 14:15:35 +0800
1150825,2026-08-25,上市,7823,奧義賽博-KY創,82.70,-1.1000,83.80,83.80,82.70,31000,2585300,28,TWSE_CSV,2026-08-25 14:15:35 +0800
1150825,2026-08-25,上市,7827,漢康-KY創,159.00,0.0000,159.00,160.00,156.00,195000,31040500,175,TWSE_CSV,2026-08-25 14:15:35 +0800
1150825,2026-08-25,上市,7835,永悅健康-創,21.00,0.3000,20.70,21.40,20.60,29000,608750,14,TWSE_CSV,2026-08-25 14:15:35 +0800
1150825,2026-08-25,上市,7855,和運租車,43.60,-0.0500,43.70,43.75,43.55,855000,37297600,425,TWSE_CSV,2026-08-25 14:15:35 +0800
1150825,2026-08-25,上市,8011,台通,15.90,-0.2000,15.95,16.05,15.80,297000,4718300,137,TWSE_CSV,2026-08-25 14:15:35 +0800
1150825,2026-08-25,上市,8016,矽創,292.50,-3.0000,295.50,296.50,290.00,344000,100732000,319,TWSE_CSV,2026-08-25 14:15:35 +0800
1150825,2026-08-25,上市,8021,尖點,404.00,15.5000,384.00,404.00,373.50,3795000,1487746000,3056,TWSE_CSV,2026-08-25 14:15:35 +0800
1150825,2026-08-25,上市,8028,昇陽半導體,242.00,-0.5000,240.00,243.00,231.00,1726000,406963500,1400,TWSE_CSV,2026-08-25 14:15:35 +0800
1150825,2026-08-25,上市,8033,雷虎,179.00,-6.0000,182.50,186.50,174.00,5183000,918280000,3799,TWSE_CSV,2026-08-25 14:15:35 +0800
1150825,2026-08-25,上市,8039,台虹,291.50,26.5000,265.00,291.50,259.00,59868000,16675109500,41734,TWSE_CSV,2026-08-25 14:15:35 +0800
1150825,2026-08-25,上市,8045,達運光電,52.10,-1.1000,53.40,53.40,51.70,123000,6449000,64,TWSE_CSV,2026-08-25 14:15:35 +0800
1150825,2026-08-25,上市,8046,南電,1160.00,25.0000,1110.00,1170.00,1070.00,8275000,9255395000,6457,TWSE_CSV,2026-08-25 14:15:35 +0800
1150825,2026-08-25,上市,8070,長華*,49.30,0.3000,49.00,49.40,47.80,1947000,94325500,1309,TWSE_CSV,2026-08-25 14:15:35 +0800
1150825,2026-08-25,上市,8072,陞泰,26.10,-0.1000,26.20,26.20,25.80,95000,2467400,69,TWSE_CSV,2026-08-25 14:15:35 +0800
1150825,2026-08-25,上市,8081,致新,253.00,0.0000,253.00,253.50,249.50,338000,84923500,288,TWSE_CSV,2026-08-25 14:15:35 +0800
1150825,2026-08-25,上市,8101,華冠,13.00,-1.2000,13.05,13.15,13.00,16000,209400,16,TWSE_CSV,2026-08-25 14:15:35 +0800
1150825,2026-08-25,上市,8103,瀚荃,103.50,6.3000,99.30,105.00,97.30,10641000,1075680900,6998,TWSE_CSV,2026-08-25 14:15:35 +0800
1150825,2026-08-25,上市,8104,錸寶,30.80,0.0500,31.00,31.00,30.20,220000,6701550,150,TWSE_CSV,2026-08-25 14:15:35 +0800
1150825,2026-08-25,上市,8110,華東,45.65,0.1000,45.15,45.70,43.85,2785000,124030350,1837,TWSE_CSV,2026-08-25 14:15:35 +0800
1150825,2026-08-25,上市,8112,至上,94.00,-1.4000,95.00,95.00,92.80,10621000,994034500,6183,TWSE_CSV,2026-08-25 14:15:35 +0800
1150825,2026-08-25,上市,8114,振樺電,195.00,-0.5000,194.50,196.00,189.00,414000,79509000,347,TWSE_CSV,2026-08-25 14:15:35 +0800
1150825,2026-08-25,上市,8131,福懋科,61.50,-0.9000,62.00,62.00,59.40,2318000,140231000,1595,TWSE_CSV,2026-08-25 14:15:35 +0800
1150825,2026-08-25,上市,8150,南茂,87.50,-0.2000,87.70,87.70,82.80,19740000,1676684900,12393,TWSE_CSV,2026-08-25 14:15:35 +0800
1150825,2026-08-25,上市,8162,微矽電子-創,66.40,5.9000,60.50,66.50,58.60,300000,19004000,233,TWSE_CSV,2026-08-25 14:15:35 +0800
1150825,2026-08-25,上市,8163,達方,30.95,0.1500,30.65,30.95,30.20,501000,15279550,352,TWSE_CSV,2026-08-25 14:15:35 +0800
1150825,2026-08-25,上市,8201,無敵,11.90,0.1000,11.75,11.90,11.65,10000,117650,9,TWSE_CSV,2026-08-25 14:15:35 +0800
1150825,2026-08-25,上市,8210,勤誠,965.00,-2.0000,964.00,970.00,926.00,1311000,1236748000,1171,TWSE_CSV,2026-08-25 14:15:35 +0800
1150825,2026-08-25,上市,8213,志超,32.65,0.0000,32.60,32.85,32.20,230000,7499200,160,TWSE_CSV,2026-08-25 14:15:35 +0800
1150825,2026-08-25,上市,8215,明基材,24.20,0.3500,24.05,24.20,23.40,371000,8826200,240,TWSE_CSV,2026-08-25 14:15:35 +0800
1150825,2026-08-25,上市,8222,寶一,38.50,-0.2000,38.50,38.70,38.15,341000,13086600,230,TWSE_CSV,2026-08-25 14:15:35 +0800
1150825,2026-08-25,上市,8249,菱光,40.05,0.0500,40.00,40.20,39.35,191000,7584450,135,TWSE_CSV,2026-08-25 14:15:35 +0800
1150825,2026-08-25,上市,8261,富鼎,177.50,0.0000,177.00,178.50,169.50,3008000,521423500,2205,TWSE_CSV,2026-08-25 14:15:35 +0800
1150825,2026-08-25,上市,8271,宇瞻,230.00,-5.5000,232.50,233.50,224.00,4352000,993162500,3266,TWSE_CSV,2026-08-25 14:15:35 +0800
1150825,2026-08-25,上市,8341,日友,76.80,0.3000,76.60,77.00,76.30,172000,13193400,129,TWSE_CSV,2026-08-25 14:15:35 +0800
1150825,2026-08-25,上市,8367,建新國際,40.65,-0.3000,41.00,41.00,40.65,13000,531350,12,TWSE_CSV,2026-08-25 14:15:35 +0800
1150825,2026-08-25,上市,8374,羅昇,80.90,-0.5000,81.30,81.30,78.60,182000,14524600,151,TWSE_CSV,2026-08-25 14:15:35 +0800
1150825,2026-08-25,上市,8404,百和興業-KY,16.30,0.1000,16.20,16.35,16.15,155000,2516500,95,TWSE_CSV,2026-08-25 14:15:35 +0800
1150825,2026-08-25,上市,8411,福貞-KY,12.70,-0.2000,12.80,12.80,12.65,84000,1067700,61,TWSE_CSV,2026-08-25 14:15:35 +0800
1150825,2026-08-25,上市,8422,可寧衛*,27.20,0.0000,27.20,27.30,26.85,3509000,94887800,1769,TWSE_CSV,2026-08-25 14:15:35 +0800
1150825,2026-08-25,上市,8429,金麗-KY,6.03,0.0000,6.03,6.05,5.98,84000,505130,44,TWSE_CSV,2026-08-25 14:15:35 +0800
1150825,2026-08-25,上市,8438,昶昕,68.00,1.5000,67.10,68.30,66.30,287000,19279900,190,TWSE_CSV,2026-08-25 14:15:35 +0800
1150825,2026-08-25,上市,8442,威宏-KY,49.60,0.1500,50.00,50.10,48.80,193000,9541650,149,TWSE_CSV,2026-08-25 14:15:35 +0800
1150825,2026-08-25,上市,8443,阿瘦,11.35,0.0000,11.25,11.35,11.25,6000,67800,6,TWSE_CSV,2026-08-25 14:15:35 +0800
1150825,2026-08-25,上市,8454,富邦媒,251.50,0.5000,251.00,252.50,247.00,244000,60746500,206,TWSE_CSV,2026-08-25 14:15:35 +0800
1150825,2026-08-25,上市,8462,柏文,174.50,-1.0000,174.00,175.00,172.00,79000,13691500,70,TWSE_CSV,2026-08-25 14:15:35 +0800
1150825,2026-08-25,上市,8463,潤泰材,21.40,0.0500,21.35,21.50,21.25,35000,748600,29,TWSE_CSV,2026-08-25 14:15:35 +0800
1150825,2026-08-25,上市,8464,億豐,367.50,7.0000,360.00,371.00,360.00,455000,167246000,433,TWSE_CSV,2026-08-25 14:15:35 +0800
1150825,2026-08-25,上市,8466,美吉吉-KY,15.45,-0.3500,15.80,15.80,15.45,32000,496800,26,TWSE_CSV,2026-08-25 14:15:35 +0800
1150825,2026-08-25,上市,8467,波力-KY,91.50,-3.6000,92.80,92.80,90.10,18000,1638900,18,TWSE_CSV,2026-08-25 14:15:35 +0800
1150825,2026-08-25,上市,8473,山林水,45.00,0.4500,44.50,45.05,44.35,338000,15109100,217,TWSE_CSV,2026-08-25 14:15:35 +0800
1150825,2026-08-25,上市,8476,台境*,19.90,-0.1500,19.80,20.00,19.75,182000,3611750,102,TWSE_CSV,2026-08-25 14:15:35 +0800
1150825,2026-08-25,上市,8478,東哥遊艇,142.00,0.5000,142.00,142.00,139.00,77000,10791500,66,TWSE_CSV,2026-08-25 14:15:35 +0800
1150825,2026-08-25,上市,8481,政伸,41.00,0.0000,41.00,41.30,41.00,6000,246400,6,TWSE_CSV,2026-08-25 14:15:35 +0800
1150825,2026-08-25,上市,8482,商億-KY,48.95,1.1500,48.00,48.95,48.00,47000,2257600,3,TWSE_CSV,2026-08-25 14:15:35 +0800
1150825,2026-08-25,上市,8487,愛爾達-創,71.30,0.0000,71.60,71.60,71.30,8000,571900,8,TWSE_CSV,2026-08-25 14:15:35 +0800
1150825,2026-08-25,上市,8488,吉源-KY,9.81,-0.1900,9.99,10.30,9.80,387000,3867840,64,TWSE_CSV,2026-08-25 14:15:35 +0800
1150825,2026-08-25,上市,8499,鼎炫-KY,265.00,0.0000,265.00,267.50,262.00,9000,2378500,9,TWSE_CSV,2026-08-25 14:15:35 +0800
1150825,2026-08-25,上市,8926,台汽電,57.00,0.5000,56.50,57.00,56.00,1423000,80554600,916,TWSE_CSV,2026-08-25 14:15:35 +0800
1150825,2026-08-25,上市,8940,新天地,15.35,-0.3000,15.40,15.65,15.20,44000,675100,29,TWSE_CSV,2026-08-25 14:15:35 +0800
1150825,2026-08-25,上市,8996,高力,1215.00,70.0000,1120.00,1215.00,1120.00,5173000,6052095000,4539,TWSE_CSV,2026-08-25 14:15:35 +0800
1150825,2026-08-25,上市,9103,美德醫療-DR,5.11,-0.0200,5.10,5.12,5.04,540000,2742140,177,TWSE_CSV,2026-08-25 14:15:35 +0800
1150825,2026-08-25,上市,910322,康師傅-DR,26.40,-0.1500,27.25,27.25,26.40,15000,401250,15,TWSE_CSV,2026-08-25 14:15:35 +0800
1150825,2026-08-25,上市,9105,泰金寶-DR,8.30,-0.1200,8.42,8.44,8.22,12287000,102149300,2567,TWSE_CSV,2026-08-25 14:15:35 +0800
1150825,2026-08-25,上市,910861,神州-DR,3.85,0.0100,3.90,3.90,3.75,78000,294210,36,TWSE_CSV,2026-08-25 14:15:35 +0800
1150825,2026-08-25,上市,9110,越南控-DR,,0.0000,,,,,,,TWSE_CSV,2026-08-25 14:15:35 +0800
1150825,2026-08-25,上市,911608,明輝-DR,2.64,0.0000,2.56,2.64,2.54,20000,51260,11,TWSE_CSV,2026-08-25 14:15:35 +0800
1150825,2026-08-25,上市,911622,泰聚亨-DR,3.55,-0.1000,3.63,3.63,3.55,19000,67680,9,TWSE_CSV,2026-08-25 14:15:35 +0800
1150825,2026-08-25,上市,911868,同方友友-DR,1.17,0.0000,1.17,1.18,1.16,197000,230380,40,TWSE_CSV,2026-08-25 14:15:35 +0800
1150825,2026-08-25,上市,912000,晨訊科-DR,2.52,-0.0600,2.58,2.58,2.49,448000,1132370,149,TWSE_CSV,2026-08-25 14:15:35 +0800
1150825,2026-08-25,上市,9136,巨騰-DR,10.95,-0.4000,11.50,11.55,10.80,399000,4409900,170,TWSE_CSV,2026-08-25 14:15:35 +0800
1150825,2026-08-25,上市,9802,鈺齊-KY,73.00,0.8000,72.00,73.00,71.60,405000,29385600,219,TWSE_CSV,2026-08-25 14:15:35 +0800
1150825,2026-08-25,上市,9902,台火,13.80,-0.1000,13.80,13.85,13.75,69000,950950,47,TWSE_CSV,2026-08-25 14:15:35 +0800
1150825,2026-08-25,上市,9904,寶成,25.10,0.0500,24.95,25.15,24.90,7102000,178118950,2207,TWSE_CSV,2026-08-25 14:15:35 +0800
1150825,2026-08-25,上市,9905,大華,21.40,-0.1000,21.50,21.55,21.40,123000,2642750,78,TWSE_CSV,2026-08-25 14:15:35 +0800
1150825,2026-08-25,上市,9906,欣巴巴,39.15,0.1000,39.05,40.05,39.05,55000,2163800,32,TWSE_CSV,2026-08-25 14:15:35 +0800
1150825,2026-08-25,上市,9907,統一實,15.35,0.0500,15.30,15.40,15.20,1534000,23534950,660,TWSE_CSV,2026-08-25 14:15:35 +0800
1150825,2026-08-25,上市,9908,大台北,29.00,-0.1500,29.20,29.20,29.00,90000,2615850,76,TWSE_CSV,2026-08-25 14:15:35 +0800
1150825,2026-08-25,上市,9910,豐泰,70.00,-1.0000,71.00,71.40,69.90,819000,57614900,597,TWSE_CSV,2026-08-25 14:15:35 +0800
1150825,2026-08-25,上市,9911,櫻花,83.00,-0.1000,83.00,83.30,82.90,115000,9559000,102,TWSE_CSV,2026-08-25 14:15:35 +0800
1150825,2026-08-25,上市,9912,偉聯,12.85,0.0000,12.95,12.95,12.85,48000,618200,22,TWSE_CSV,2026-08-25 14:15:35 +0800
1150825,2026-08-25,上市,9914,美利達,86.20,1.7000,84.60,87.80,84.00,2061000,178276100,1524,TWSE_CSV,2026-08-25 14:15:35 +0800
1150825,2026-08-25,上市,9917,中保科,110.50,0.5000,110.00,111.00,110.00,168000,18567000,118,TWSE_CSV,2026-08-25 14:15:35 +0800
1150825,2026-08-25,上市,9918,欣天然,42.65,-0.6500,42.80,43.30,42.65,8000,343600,8,TWSE_CSV,2026-08-25 14:15:35 +0800
1150825,2026-08-25,上市,9919,康那香,13.85,0.0000,13.70,13.90,13.70,127000,1753600,70,TWSE_CSV,2026-08-25 14:15:35 +0800
1150825,2026-08-25,上市,9921,巨大,104.50,0.0000,101.50,107.00,101.50,2531000,265208000,1737,TWSE_CSV,2026-08-25 14:15:35 +0800
1150825,2026-08-25,上市,9924,福興,38.75,-0.0500,38.80,38.95,38.65,70000,2714400,52,TWSE_CSV,2026-08-25 14:15:35 +0800
1150825,2026-08-25,上市,9925,新保,39.90,-0.2500,40.20,40.20,39.85,695000,27797650,481,TWSE_CSV,2026-08-25 14:15:35 +0800
1150825,2026-08-25,上市,9926,新海,48.85,-0.4500,49.30,49.30,48.85,7000,344200,6,TWSE_CSV,2026-08-25 14:15:35 +0800
1150825,2026-08-25,上市,9927,泰銘,69.00,-0.3000,69.30,69.30,69.00,35000,2417600,30,TWSE_CSV,2026-08-25 14:15:35 +0800
1150825,2026-08-25,上市,9928,中視,18.15,-0.1500,18.30,18.35,17.95,45000,814050,35,TWSE_CSV,2026-08-25 14:15:35 +0800
1150825,2026-08-25,上市,9929,秋雨,11.40,0.1000,11.40,11.40,11.40,1000,11400,1,TWSE_CSV,2026-08-25 14:15:35 +0800
1150825,2026-08-25,上市,9930,中聯資源,63.20,-0.8000,63.60,63.90,63.10,65000,4130100,56,TWSE_CSV,2026-08-25 14:15:35 +0800
1150825,2026-08-25,上市,9931,欣高,33.90,-0.1500,34.05,34.05,33.85,7000,237500,6,TWSE_CSV,2026-08-25 14:15:35 +0800
1150825,2026-08-25,上市,9933,中鼎,42.20,0.6500,41.50,42.30,41.35,1626000,68345500,955,TWSE_CSV,2026-08-25 14:15:35 +0800
1150825,2026-08-25,上市,9934,成霖,11.20,-0.0500,11.25,11.25,11.15,736000,8226600,286,TWSE_CSV,2026-08-25 14:15:35 +0800
1150825,2026-08-25,上市,9935,慶豐富,20.15,-0.1500,20.45,20.45,20.10,265000,5354700,218,TWSE_CSV,2026-08-25 14:15:35 +0800
1150825,2026-08-25,上市,9937,全國,55.00,0.0000,55.00,55.20,54.70,24000,1319300,22,TWSE_CSV,2026-08-25 14:15:35 +0800
1150825,2026-08-25,上市,9938,百和,42.55,0.1500,42.30,42.65,41.95,620000,26298000,445,TWSE_CSV,2026-08-25 14:15:35 +0800
1150825,2026-08-25,上市,9939,宏全,132.50,-2.0000,133.00,135.00,132.00,350000,46574500,293,TWSE_CSV,2026-08-25 14:15:35 +0800
1150825,2026-08-25,上市,9940,信義,20.50,-0.3500,20.80,20.80,20.50,345000,7100850,158,TWSE_CSV,2026-08-25 14:15:35 +0800
1150825,2026-08-25,上市,9941,裕融,86.80,0.9000,85.90,86.80,85.50,1698000,146602400,952,TWSE_CSV,2026-08-25 14:15:35 +0800
1150825,2026-08-25,上市,9942,茂順,114.00,-0.5000,114.00,114.50,113.50,62000,7067500,34,TWSE_CSV,2026-08-25 14:15:35 +0800
1150825,2026-08-25,上市,9943,好樂迪,51.40,-0.2000,51.60,51.90,51.30,25000,1288200,25,TWSE_CSV,2026-08-25 14:15:35 +0800
1150825,2026-08-25,上市,9944,新麗,17.25,-0.2500,17.50,17.50,17.00,46000,794750,34,TWSE_CSV,2026-08-25 14:15:35 +0800
1150825,2026-08-25,上市,9945,潤泰新,28.75,-0.2500,28.85,29.10,28.55,7607000,219272950,1864,TWSE_CSV,2026-08-25 14:15:35 +0800
1150825,2026-08-25,上市,9946,三發地產,19.15,0.0000,19.15,19.20,18.95,383000,7312550,208,TWSE_CSV,2026-08-25 14:15:35 +0800
1150825,2026-08-25,上市,9955,佳龍,24.75,-0.5000,25.50,25.80,24.75,544000,13655300,356,TWSE_CSV,2026-08-25 14:15:35 +0800
1150825,2026-08-25,上市,9958,世紀鋼,94.80,-2.5000,96.60,96.70,94.00,2355000,223632500,1675,TWSE_CSV,2026-08-25 14:15:35 +0800
1150825,2026-08-25,上櫃,006201,元大富櫃50,42.69,+0.12,42.08,42.69,41.27,142000,5949780,80,TPEX_CSV,2026-08-25 14:15:35 +0800
1150825,2026-08-25,上櫃,00679B,元大美債20年,25.89,+0.06,25.88,25.91,25.85,9706000,251250300,1514,TPEX_CSV,2026-08-25 14:15:35 +0800
1150825,2026-08-25,上櫃,00687B,國泰20年美債,27.25,+0.09,27.23,27.26,27.21,7388000,201249740,1038,TPEX_CSV,2026-08-25 14:15:35 +0800
1150825,2026-08-25,上櫃,00687C,國泰20年美債+櫃U,9.10,+0.01,9.10,9.10,9.10,25000,227500,2,TPEX_CSV,2026-08-25 14:15:35 +0800
1150825,2026-08-25,上櫃,00694B,富邦美債1-3,41.95,+0.08,41.83,41.95,41.83,199000,8340920,19,TPEX_CSV,2026-08-25 14:15:35 +0800
1150825,2026-08-25,上櫃,00695B,富邦美債7-10,34.88,+0.06,34.79,34.88,34.79,293000,10218940,252,TPEX_CSV,2026-08-25 14:15:35 +0800
1150825,2026-08-25,上櫃,00696B,富邦美債20年,28.21,+0.10,28.16,28.22,28.16,1058000,29836760,62,TPEX_CSV,2026-08-25 14:15:35 +0800
1150825,2026-08-25,上櫃,00697B,元大美債7-10,35.46,+0.07,35.39,35.46,35.39,1653000,58573740,105,TPEX_CSV,2026-08-25 14:15:35 +0800
1150825,2026-08-25,上櫃,00719B,元大美債1-3,31.21,+0.04,31.17,31.22,31.15,794000,24759390,181,TPEX_CSV,2026-08-25 14:15:35 +0800
1150825,2026-08-25,上櫃,00720B,元大投資級公司債,31.89,+0.08,31.82,31.90,31.82,2889000,92083070,393,TPEX_CSV,2026-08-25 14:15:35 +0800
1150825,2026-08-25,上櫃,00722B,群益投資級電信債,34.26,+0.09,34.30,34.30,34.20,2531000,86656060,100,TPEX_CSV,2026-08-25 14:15:35 +0800
1150825,2026-08-25,上櫃,00723B,群益投資級科技債,29.30,+0.06,29.30,29.31,29.27,118000,3456990,10,TPEX_CSV,2026-08-25 14:15:35 +0800
1150825,2026-08-25,上櫃,00724B,群益投資級金融債,32.89,+0.06,32.86,32.89,32.85,1865000,61305660,74,TPEX_CSV,2026-08-25 14:15:35 +0800
1150825,2026-08-25,上櫃,00725B,國泰投資級公司債,33.97,+0.08,33.94,33.97,33.93,1966000,66752890,302,TPEX_CSV,2026-08-25 14:15:35 +0800
1150825,2026-08-25,上櫃,00726B,國泰新興投等債,32.30,+0.03,32.27,32.34,32.26,163000,5261770,28,TPEX_CSV,2026-08-25 14:15:35 +0800
1150825,2026-08-25,上櫃,00727B,國泰優選非投等債,39.38,+0.06,39.30,39.42,39.30,192000,7562520,15,TPEX_CSV,2026-08-25 14:15:35 +0800
1150825,2026-08-25,上櫃,00734B,台新JPM新興債,15.45,+0.03,15.44,15.45,15.44,18000,277940,5,TPEX_CSV,2026-08-25 14:15:35 +0800
1150825,2026-08-25,上櫃,00740B,富邦全球投等債,37.35,+0.06,37.28,37.35,37.28,518000,19337380,22,TPEX_CSV,2026-08-25 14:15:35 +0800
1150825,2026-08-25,上櫃,00741B,富邦全球非投等債,37.30,+0.07,37.16,37.31,37.16,112000,4177780,10,TPEX_CSV,2026-08-25 14:15:35 +0800
1150825,2026-08-25,上櫃,00746B,富邦A級公司債,34.55,+0.10,34.45,34.56,34.45,54000,1864580,6,TPEX_CSV,2026-08-25 14:15:35 +0800
1150825,2026-08-25,上櫃,00749B,凱基新興債10+,30.77,-0.01,30.60,30.85,30.60,146000,4481380,11,TPEX_CSV,2026-08-25 14:15:35 +0800
1150825,2026-08-25,上櫃,00750B,凱基科技債10+,31.52,-0.06,31.63,31.83,31.52,175000,5556910,29,TPEX_CSV,2026-08-25 14:15:35 +0800
1150825,2026-08-25,上櫃,00751B,元大AAA至A公司債,30.43,+0.07,30.40,30.44,30.38,3310000,100666520,613,TPEX_CSV,2026-08-25 14:15:35 +0800
1150825,2026-08-25,上櫃,00754B,群益AAA-AA公司債,31.36,+0.10,31.38,31.38,31.35,103000,3229610,7,TPEX_CSV,2026-08-25 14:15:35 +0800
1150825,2026-08-25,上櫃,00755B,群益投資級公用債,31.67,+0.10,31.60,31.67,31.60,104000,3292900,5,TPEX_CSV,2026-08-25 14:15:35 +0800
1150825,2026-08-25,上櫃,00756B,群益投等新興公債,30.46,+0.02,30.42,30.46,30.41,136000,4138210,15,TPEX_CSV,2026-08-25 14:15:35 +0800
1150825,2026-08-25,上櫃,00758B,復華能源債,50.05,+0.14,50.05,50.05,50.05,100000,5005000,2,TPEX_CSV,2026-08-25 14:15:35 +0800
1150825,2026-08-25,上櫃,00759B,復華製藥債,52.85,+0.25,52.75,52.85,52.75,102000,5380650,4,TPEX_CSV,2026-08-25 14:15:35 +0800
1150825,2026-08-25,上櫃,00760B,復華新興企業債,52.50,+0.10,52.45,52.50,52.45,102000,5349950,4,TPEX_CSV,2026-08-25 14:15:35 +0800
1150825,2026-08-25,上櫃,00761B,國泰A級公司債,33.08,+0.08,33.01,33.09,33.01,114000,3769840,14,TPEX_CSV,2026-08-25 14:15:35 +0800
1150825,2026-08-25,上櫃,00764B,群益25年美債,27.13,+0.08,27.08,27.13,27.08,2153000,58386120,98,TPEX_CSV,2026-08-25 14:15:35 +0800
1150825,2026-08-25,上櫃,00768B,復華20年美債,48.24,+0.14,48.17,48.24,48.17,175000,8435620,30,TPEX_CSV,2026-08-25 14:15:35 +0800
1150825,2026-08-25,上櫃,00772B,中信高評級公司債,32.54,+0.07,32.50,32.55,32.49,1351000,43926680,180,TPEX_CSV,2026-08-25 14:15:35 +0800
1150825,2026-08-25,上櫃,00773B,中信優先金融債,34.96,+0.08,34.89,34.96,34.89,1328000,46409700,42,TPEX_CSV,2026-08-25 14:15:35 +0800
1150825,2026-08-25,上櫃,00777B,凱基AAA至A公司債,31.25,+0.10,31.19,31.25,31.14,106000,3312040,8,TPEX_CSV,2026-08-25 14:15:35 +0800
1150825,2026-08-25,上櫃,00778B,凱基金融債20+,33.32,+0.09,33.23,33.32,33.23,102000,3398460,3,TPEX_CSV,2026-08-25 14:15:35 +0800
1150825,2026-08-25,上櫃,00779B,凱基美債25+,27.44,+0.10,27.38,27.44,27.38,316000,8670740,8,TPEX_CSV,2026-08-25 14:15:35 +0800
1150825,2026-08-25,上櫃,00780B,國泰A級金融債,36.54,+0.04,36.55,36.55,36.54,103000,3764630,4,TPEX_CSV,2026-08-25 14:15:35 +0800
1150825,2026-08-25,上櫃,00781B,國泰A級科技債,27.17,+0.05,27.14,27.18,27.13,140000,3802270,16,TPEX_CSV,2026-08-25 14:15:35 +0800
1150825,2026-08-25,上櫃,00782B,國泰A級公用債,29.46,+0.04,29.45,29.50,29.45,110000,3241650,11,TPEX_CSV,2026-08-25 14:15:35 +0800
1150825,2026-08-25,上櫃,00785B,富邦金融投等債,34.08,+0.05,34.11,34.11,34.08,51000,1738110,3,TPEX_CSV,2026-08-25 14:15:35 +0800
1150825,2026-08-25,上櫃,00786B,元大10年IG銀行債,31.83,+0.02,31.85,31.86,31.81,17000,541220,6,TPEX_CSV,2026-08-25 14:15:35 +0800
1150825,2026-08-25,上櫃,00787B,元大10年IG醫療債,31.81,+0.07,31.69,31.81,31.69,7000,222150,5,TPEX_CSV,2026-08-25 14:15:35 +0800
1150825,2026-08-25,上櫃,00788B,元大10年IG電能債,29.17,+0.07,29.07,29.17,29.07,25000,728880,13,TPEX_CSV,2026-08-25 14:15:35 +0800
1150825,2026-08-25,上櫃,00789B,復華公司債A3,46.10,+0.20,46.04,46.10,46.04,119000,5483150,9,TPEX_CSV,2026-08-25 14:15:35 +0800
1150825,2026-08-25,上櫃,00791B,復華信用債1-5,57.00,+0.15,57.00,57.00,57.00,100000,5700000,2,TPEX_CSV,2026-08-25 14:15:35 +0800
1150825,2026-08-25,上櫃,00792B,群益A級公司債,30.85,+0.11,30.84,30.85,30.82,134000,4132600,16,TPEX_CSV,2026-08-25 14:15:35 +0800
1150825,2026-08-25,上櫃,00793B,群益AAA-A醫療債,29.86,+0.10,29.84,29.90,29.84,52000,1554700,4,TPEX_CSV,2026-08-25 14:15:35 +0800
1150825,2026-08-25,上櫃,00795B,中信美國公債20年,25.99,+0.07,25.99,26.01,25.96,4369000,113583320,256,TPEX_CSV,2026-08-25 14:15:35 +0800
1150825,2026-08-25,上櫃,00799B,國泰A級醫療債,28.55,+0.06,28.55,28.55,28.53,260000,7421660,25,TPEX_CSV,2026-08-25 14:15:35 +0800
1150825,2026-08-25,上櫃,00834B,第一金金融債10+,33.23,+0.07,33.23,33.23,33.23,100000,3323000,2,TPEX_CSV,2026-08-25 14:15:35 +0800
1150825,2026-08-25,上櫃,00836B,永豐10年A公司債,27.79,-0.02,27.77,27.83,27.72,125000,3471270,34,TPEX_CSV,2026-08-25 14:15:35 +0800
1150825,2026-08-25,上櫃,00840B,凱基IG精選15+,28.76,+0.07,28.76,28.76,28.76,100000,2876000,2,TPEX_CSV,2026-08-25 14:15:35 +0800
1150825,2026-08-25,上櫃,00841B,凱基AAA-AA公司債,27.37,+0.07,27.31,27.37,27.31,103000,2818990,4,TPEX_CSV,2026-08-25 14:15:35 +0800
1150825,2026-08-25,上櫃,00842B,台新美元銀行債,29.34,+0.01,29.20,29.35,29.20,43000,1260170,19,TPEX_CSV,2026-08-25 14:15:35 +0800
1150825,2026-08-25,上櫃,00844B,台新15年IG金融債,30.57,+0.10,30.57,30.57,30.57,1000,30570,1,TPEX_CSV,2026-08-25 14:15:35 +0800
1150825,2026-08-25,上櫃,00845B,富邦新興投等債,32.69,+0.03,32.58,32.71,32.58,114000,3725510,8,TPEX_CSV,2026-08-25 14:15:35 +0800
1150825,2026-08-25,上櫃,00846B,富邦歐洲銀行債,35.32,+0.06,35.15,35.34,35.15,102000,3602490,4,TPEX_CSV,2026-08-25 14:15:35 +0800
1150825,2026-08-25,上櫃,00847B,中信美國市政債,24.70,+0.08,24.69,24.70,24.63,202000,4989320,6,TPEX_CSV,2026-08-25 14:15:35 +0800
1150825,2026-08-25,上櫃,00848B,中信新興亞洲債,33.51,+0.01,33.45,33.51,33.45,207000,6935150,7,TPEX_CSV,2026-08-25 14:15:35 +0800
1150825,2026-08-25,上櫃,00849B,中信EM主權債0-5,37.37,+0.07,37.26,37.37,37.26,255000,9524100,38,TPEX_CSV,2026-08-25 14:15:35 +0800
1150825,2026-08-25,上櫃,00853B,統一美債10年Aa-A,26.75,+0.04,26.75,26.75,26.74,1210000,32355490,41,TPEX_CSV,2026-08-25 14:15:35 +0800
1150825,2026-08-25,上櫃,00856B,永豐1-3年美公債,----,---,----,----,----,0,0,0,TPEX_CSV,2026-08-25 14:15:35 +0800
1150825,2026-08-25,上櫃,00857B,永豐20年美公債,22.62,+0.07,22.59,22.62,22.59,608000,13745190,81,TPEX_CSV,2026-08-25 14:15:35 +0800
1150825,2026-08-25,上櫃,00858,永豐美國500大,35.77,+0.01,35.76,35.77,35.70,149000,5324490,44,TPEX_CSV,2026-08-25 14:15:35 +0800
1150825,2026-08-25,上櫃,00859B,群益0-1年美債,41.18,+0.09,41.18,41.19,41.11,2214000,91132910,74,TPEX_CSV,2026-08-25 14:15:35 +0800
1150825,2026-08-25,上櫃,00860B,群益1-5Y投資級債,38.04,+0.10,38.05,38.05,38.04,100000,3804500,4,TPEX_CSV,2026-08-25 14:15:35 +0800
1150825,2026-08-25,上櫃,00862B,中信投資級公司債,30.65,0.00,30.64,30.66,30.63,231000,7078060,16,TPEX_CSV,2026-08-25 14:15:35 +0800
1150825,2026-08-25,上櫃,00863B,中信全球電信債,30.87,+0.18,30.84,30.88,30.83,202000,6236670,7,TPEX_CSV,2026-08-25 14:15:35 +0800
1150825,2026-08-25,上櫃,00864B,中信美國公債0-1,46.12,+0.09,46.04,46.12,46.04,868000,40006160,119,TPEX_CSV,2026-08-25 14:15:35 +0800
1150825,2026-08-25,上櫃,00867B,台新A-BBB電信債,29.37,+0.09,29.37,29.37,29.37,20000,587400,20,TPEX_CSV,2026-08-25 14:15:35 +0800
1150825,2026-08-25,上櫃,00870B,元大15年EM主權債,27.41,-0.04,27.45,27.45,27.41,27000,740550,3,TPEX_CSV,2026-08-25 14:15:35 +0800
1150825,2026-08-25,上櫃,00877,復華中國5G,36.82,+0.73,36.15,37.17,35.78,2948000,107302430,814,TPEX_CSV,2026-08-25 14:15:35 +0800
1150825,2026-08-25,上櫃,00884B,中信低碳新興債,28.76,+0.02,28.74,28.76,28.74,201000,5780740,5,TPEX_CSV,2026-08-25 14:15:35 +0800
1150825,2026-08-25,上櫃,00886,永豐美國科技,----,---,----,----,----,0,0,0,TPEX_CSV,2026-08-25 14:15:35 +0800
1150825,2026-08-25,上櫃,00887,永豐中國科技50大,16.09,+0.16,15.94,16.14,15.75,5828000,92990100,1131,TPEX_CSV,2026-08-25 14:15:35 +0800
1150825,2026-08-25,上櫃,00888,永豐台灣ESG,32.70,+0.16,32.27,32.70,31.90,2733000,87791360,1175,TPEX_CSV,2026-08-25 14:15:35 +0800
1150825,2026-08-25,上櫃,00890B,凱基ESG BBB債15+,31.10,0.00,31.10,31.10,31.10,117000,3638700,5,TPEX_CSV,2026-08-25 14:15:35 +0800
1150825,2026-08-25,上櫃,00928,中信上櫃ESG 30,31.80,+0.40,31.02,31.80,30.42,647000,19877730,160,TPEX_CSV,2026-08-25 14:15:35 +0800
1150825,2026-08-25,上櫃,00931B,統一美債20年,13.10,+0.05,13.10,13.10,13.08,1159000,15172760,103,TPEX_CSV,2026-08-25 14:15:35 +0800
1150825,2026-08-25,上櫃,00933B,國泰10Y+金融債,15.65,+0.03,15.62,15.65,15.62,4441000,69447560,535,TPEX_CSV,2026-08-25 14:15:35 +0800
1150825,2026-08-25,上櫃,00937B,群益ESG投等債20+,14.32,+0.04,14.30,14.33,14.29,29849000,427132330,2481,TPEX_CSV,2026-08-25 14:15:35 +0800
1150825,2026-08-25,上櫃,00942B,台新美A公司債20+,13.78,+0.04,13.76,13.78,13.76,203000,2794750,35,TPEX_CSV,2026-08-25 14:15:35 +0800
1150825,2026-08-25,上櫃,00948B,中信優息投資級債,9.15,+0.04,9.14,9.15,9.13,2583000,23612730,182,TPEX_CSV,2026-08-25 14:15:35 +0800
1150825,2026-08-25,上櫃,00950B,凱基A級公司債,13.71,+0.03,13.75,13.75,13.69,1570000,21504370,98,TPEX_CSV,2026-08-25 14:15:35 +0800
1150825,2026-08-25,上櫃,00955,中信日本商社,15.58,-0.04,15.62,15.62,15.51,1950000,30373970,545,TPEX_CSV,2026-08-25 14:15:35 +0800
1150825,2026-08-25,上櫃,00957B,兆豐US優選投等債,12.97,+0.03,12.96,12.98,12.95,179000,2320510,39,TPEX_CSV,2026-08-25 14:15:35 +0800
1150825,2026-08-25,上櫃,00958B,永豐ESG銀行債15+,9.06,除息,9.08,9.08,9.04,326000,2948590,35,TPEX_CSV,2026-08-25 14:15:35 +0800
1150825,2026-08-25,上櫃,00959B,大華投等美債15Y+,9.14,+0.02,9.12,9.16,9.11,1604000,14638600,84,TPEX_CSV,2026-08-25 14:15:35 +0800
1150825,2026-08-25,上櫃,00966B,統一ESG投等債15+,13.51,+0.02,13.46,13.51,13.46,125000,1687580,23,TPEX_CSV,2026-08-25 14:15:35 +0800
1150825,2026-08-25,上櫃,00967B,元大優息美債,8.96,+0.03,8.91,8.96,8.91,346000,3093870,25,TPEX_CSV,2026-08-25 14:15:35 +0800
1150825,2026-08-25,上櫃,00968B,元大優息投等債,8.98,+0.02,8.97,8.99,8.97,405000,3637210,61,TPEX_CSV,2026-08-25 14:15:35 +0800
1150825,2026-08-25,上櫃,00969B,元大零息超長美債,7.99,+0.02,8.00,8.00,7.98,218000,1742260,23,TPEX_CSV,2026-08-25 14:15:35 +0800
1150825,2026-08-25,上櫃,00970B,台新BBB投等債20+,9.06,+0.04,9.03,9.07,9.03,3187000,28866760,95,TPEX_CSV,2026-08-25 14:15:35 +0800
1150825,2026-08-25,上櫃,009806,台新標普500,13.60,+0.05,13.59,13.60,13.57,83000,1127970,7,TPEX_CSV,2026-08-25 14:15:35 +0800
1150825,2026-08-25,上櫃,009807,台新標普科技精選,16.47,-0.13,16.45,16.47,16.43,16000,262940,3,TPEX_CSV,2026-08-25 14:15:35 +0800
1150825,2026-08-25,上櫃,00980B,台新特選IG債10+,9.19,+0.03,9.19,9.19,9.18,195000,1791740,15,TPEX_CSV,2026-08-25 14:15:35 +0800
1150825,2026-08-25,上櫃,00980D,主動聯博投等入息,20.14,+0.03,20.18,20.18,20.12,659000,13261910,45,TPEX_CSV,2026-08-25 14:15:35 +0800
1150825,2026-08-25,上櫃,00980T,平衡凱基美國TOP,11.70,+0.03,11.68,11.70,11.64,37000,432120,16,TPEX_CSV,2026-08-25 14:15:35 +0800
1150825,2026-08-25,上櫃,009814,富邦標普500,11.37,+0.02,11.35,11.37,11.34,398000,4517910,218,TPEX_CSV,2026-08-25 14:15:35 +0800
1150825,2026-08-25,上櫃,009815,大華美國MAG7+,11.33,+0.01,11.30,11.33,11.27,1027000,11596880,250,TPEX_CSV,2026-08-25 14:15:35 +0800
1150825,2026-08-25,上櫃,00981B,第一金優選非投債,9.17,+0.02,9.15,9.18,9.15,10725000,98308900,661,TPEX_CSV,2026-08-25 14:15:35 +0800
1150825,2026-08-25,上櫃,00981D,主動中信非投等債,10.34,+0.01,10.34,10.35,10.33,1382000,14287770,158,TPEX_CSV,2026-08-25 14:15:35 +0800
1150825,2026-08-25,上櫃,009822,華南永昌未來金融,9.76,+0.04,9.72,9.79,9.70,560000,5457220,105,TPEX_CSV,2026-08-25 14:15:35 +0800
1150825,2026-08-25,上櫃,009823,群益S&P500,10.45,+0.03,10.40,10.45,10.40,1646000,17167490,395,TPEX_CSV,2026-08-25 14:15:35 +0800
1150825,2026-08-25,上櫃,009825,聯邦美國金融創新,10.17,+0.08,10.09,10.18,10.09,2338000,23673000,140,TPEX_CSV,2026-08-25 14:15:35 +0800
1150825,2026-08-25,上櫃,00982B,FT投資級債20+,9.45,-0.02,9.46,9.46,9.44,155000,1464850,11,TPEX_CSV,2026-08-25 14:15:35 +0800
1150825,2026-08-25,上櫃,00983B,大華優利美公債20,15.22,+0.05,15.20,15.22,15.20,572000,8705010,18,TPEX_CSV,2026-08-25 14:15:35 +0800
1150825,2026-08-25,上櫃,00984B,大華優利美A債15,15.86,+0.05,15.81,15.86,15.81,599000,9480060,36,TPEX_CSV,2026-08-25 14:15:35 +0800
1150825,2026-08-25,上櫃,00985D,主動貝萊德優投等,9.84,+0.03,9.80,9.84,9.80,498000,4895260,50,TPEX_CSV,2026-08-25 14:15:35 +0800
1150825,2026-08-25,上櫃,00986B,FT金融債10+,----,---,----,----,----,0,0,0,TPEX_CSV,2026-08-25 14:15:35 +0800
1150825,2026-08-25,上櫃,00986D,主動復華金融債息,14.45,+0.01,14.44,14.46,14.44,508000,7342850,52,TPEX_CSV,2026-08-25 14:15:35 +0800
1150825,2026-08-25,上櫃,00987B,野村10+澳洲公債,16.03,0.00,16.03,16.04,16.03,125000,2004570,33,TPEX_CSV,2026-08-25 14:15:35 +0800
1150825,2026-08-25,上櫃,00988B,玉山嚴選非投債,19.62,+0.04,19.61,19.63,19.60,880000,17263320,128,TPEX_CSV,2026-08-25 14:15:35 +0800
1150825,2026-08-25,上櫃,00989B,台新美國非投等債,10.08,0.00,10.06,10.08,10.06,3956000,39824270,156,TPEX_CSV,2026-08-25 14:15:35 +0800
1150825,2026-08-25,上櫃,00990B,國泰收益非投等債,9.99,+0.01,9.98,9.99,9.98,848000,8463130,30,TPEX_CSV,2026-08-25 14:15:35 +0800
1150825,2026-08-25,上櫃,00998A,主動復華金融股息,17.92,+0.13,17.83,17.92,17.83,1924000,34439510,361,TPEX_CSV,2026-08-25 14:15:35 +0800
1150825,2026-08-25,上櫃,1240,茂生農經,56.90,-0.20,57.00,57.10,56.90,21000,1197000,17,TPEX_CSV,2026-08-25 14:15:35 +0800
1150825,2026-08-25,上櫃,1259,安心,----,---,----,----,----,0,0,0,TPEX_CSV,2026-08-25 14:15:35 +0800
1150825,2026-08-25,上櫃,1264,德麥,254.00,+1.00,253.50,254.00,253.00,14000,3551000,14,TPEX_CSV,2026-08-25 14:15:35 +0800
1150825,2026-08-25,上櫃,1268,漢來美食,181.00,+0.50,180.00,181.50,180.00,8000,1446500,8,TPEX_CSV,2026-08-25 14:15:35 +0800
1150825,2026-08-25,上櫃,1294,漢田生技,54.50,-0.70,54.30,54.50,54.30,16000,871200,16,TPEX_CSV,2026-08-25 14:15:35 +0800
1150825,2026-08-25,上櫃,1295,生合,47.05,+1.75,45.40,47.40,45.40,140000,6558650,108,TPEX_CSV,2026-08-25 14:15:35 +0800
1150825,2026-08-25,上櫃,1336,台翰,16.35,-0.40,16.75,16.80,15.90,450000,7344950,208,TPEX_CSV,2026-08-25 14:15:35 +0800
1150825,2026-08-25,上櫃,1565,精華,94.60,+0.20,93.60,94.60,93.50,33000,3106200,31,TPEX_CSV,2026-08-25 14:15:35 +0800
1150825,2026-08-25,上櫃,1569,濱川,44.75,-0.75,45.00,45.10,44.25,279000,12459050,154,TPEX_CSV,2026-08-25 14:15:35 +0800
1150825,2026-08-25,上櫃,1570,力肯,33.25,-0.20,33.40,33.40,32.60,129000,4230700,61,TPEX_CSV,2026-08-25 14:15:35 +0800
1150825,2026-08-25,上櫃,1580,新麥,106.00,-1.00,107.00,107.00,106.00,38000,4036500,36,TPEX_CSV,2026-08-25 14:15:35 +0800
1150825,2026-08-25,上櫃,1584,精剛,17.85,+0.05,17.90,17.90,17.60,242000,4291150,146,TPEX_CSV,2026-08-25 14:15:35 +0800
1150825,2026-08-25,上櫃,1586,和勤,18.05,-0.20,18.30,18.30,18.05,150000,2724050,126,TPEX_CSV,2026-08-25 14:15:35 +0800
1150825,2026-08-25,上櫃,1591,駿吉-KY,35.70,-0.60,36.50,36.50,35.30,131000,4669150,105,TPEX_CSV,2026-08-25 14:15:35 +0800
1150825,2026-08-25,上櫃,1593,祺驊,32.00,+0.15,32.00,32.00,31.85,21000,671200,15,TPEX_CSV,2026-08-25 14:15:35 +0800
1150825,2026-08-25,上櫃,1595,川寶,63.20,+1.20,63.00,63.80,61.40,112000,6986300,102,TPEX_CSV,2026-08-25 14:15:35 +0800
1150825,2026-08-25,上櫃,1599,宏佳騰,23.10,0.00,23.10,23.35,23.00,10000,231850,10,TPEX_CSV,2026-08-25 14:15:35 +0800
1150825,2026-08-25,上櫃,1742,台蠟,17.40,-0.35,18.20,18.20,17.40,50000,875300,24,TPEX_CSV,2026-08-25 14:15:35 +0800
1150825,2026-08-25,上櫃,1777,生泰,74.20,-0.10,74.00,74.20,73.80,18000,1332400,14,TPEX_CSV,2026-08-25 14:15:35 +0800
1150825,2026-08-25,上櫃,1780,立弘,24.85,-0.25,24.85,24.85,24.40,187000,4631850,23,TPEX_CSV,2026-08-25 14:15:35 +0800
1150825,2026-08-25,上櫃,1781,合世,10.85,-0.05,10.85,10.85,10.75,17000,183500,12,TPEX_CSV,2026-08-25 14:15:35 +0800
1150825,2026-08-25,上櫃,1784,訊聯,62.10,+1.00,61.40,62.40,61.00,75000,4642400,58,TPEX_CSV,2026-08-25 14:15:35 +0800
1150825,2026-08-25,上櫃,1785,光洋科,102.50,+1.00,101.00,102.50,99.00,2843000,285726300,1912,TPEX_CSV,2026-08-25 14:15:35 +0800
1150825,2026-08-25,上櫃,1788,杏昌,----,---,----,----,----,0,0,0,TPEX_CSV,2026-08-25 14:15:35 +0800
1150825,2026-08-25,上櫃,1796,金穎生技,29.00,-0.50,29.80,29.80,28.95,39000,1140950,29,TPEX_CSV,2026-08-25 14:15:35 +0800
1150825,2026-08-25,上櫃,1799,易威,29.90,0.00,29.95,29.95,29.70,91000,2712850,58,TPEX_CSV,2026-08-25 14:15:35 +0800
1150825,2026-08-25,上櫃,1813,寶利徠,11.50,0.00,11.50,11.50,11.50,9000,103500,5,TPEX_CSV,2026-08-25 14:15:35 +0800
1150825,2026-08-25,上櫃,1815,富喬,109.00,+1.50,106.50,109.00,102.50,36572000,3871218500,18991,TPEX_CSV,2026-08-25 14:15:35 +0800
1150825,2026-08-25,上櫃,2035,唐榮,----,---,----,----,----,0,0,0,TPEX_CSV,2026-08-25 14:15:35 +0800
1150825,2026-08-25,上櫃,2061,風青,50.60,-0.40,50.50,52.40,50.50,1309000,67183600,824,TPEX_CSV,2026-08-25 14:15:35 +0800
1150825,2026-08-25,上櫃,2063,世鎧,24.20,+0.10,24.10,24.20,24.00,31000,746050,17,TPEX_CSV,2026-08-25 14:15:35 +0800
1150825,2026-08-25,上櫃,2064,晉椿,----,---,----,----,----,0,0,0,TPEX_CSV,2026-08-25 14:15:35 +0800
1150825,2026-08-25,上櫃,2065,世豐,36.50,+0.30,36.20,36.60,36.00,42000,1530350,27,TPEX_CSV,2026-08-25 14:15:35 +0800
1150825,2026-08-25,上櫃,2066,世德,53.40,-0.90,54.20,54.20,53.20,21000,1124400,21,TPEX_CSV,2026-08-25 14:15:35 +0800
1150825,2026-08-25,上櫃,2067,嘉鋼,4.79,-0.16,4.82,4.82,4.78,13000,62330,11,TPEX_CSV,2026-08-25 14:15:35 +0800
1150825,2026-08-25,上櫃,2070,精湛,65.60,+0.50,65.00,66.30,64.10,159000,10335900,117,TPEX_CSV,2026-08-25 14:15:35 +0800
1150825,2026-08-25,上櫃,2073,雄順,26.40,+0.10,26.40,26.40,26.40,1000,26400,1,TPEX_CSV,2026-08-25 14:15:35 +0800
1150825,2026-08-25,上櫃,2221,大甲,67.30,+4.00,64.00,69.50,63.00,4116000,272264200,3040,TPEX_CSV,2026-08-25 14:15:35 +0800
1150825,2026-08-25,上櫃,2230,泰茂,24.20,+1.20,23.00,24.20,22.90,57000,1349150,52,TPEX_CSV,2026-08-25 14:15:35 +0800
1150825,2026-08-25,上櫃,2235,謚源,26.85,-0.05,26.80,26.85,26.80,9000,241250,9,TPEX_CSV,2026-08-25 14:15:35 +0800
1150825,2026-08-25,上櫃,2596,綠意,34.60,+0.40,34.30,34.70,34.30,114000,3927550,66,TPEX_CSV,2026-08-25 14:15:35 +0800
1150825,2026-08-25,上櫃,2640,大車隊,157.00,0.00,157.00,157.00,155.50,20000,3129000,16,TPEX_CSV,2026-08-25 14:15:35 +0800
1150825,2026-08-25,上櫃,2641,正德,18.90,+0.05,19.00,19.60,18.75,23295000,446595750,8779,TPEX_CSV,2026-08-25 14:15:35 +0800
1150825,2026-08-25,上櫃,2643,捷迅,62.00,-0.80,62.40,62.40,62.00,3000,186400,3,TPEX_CSV,2026-08-25 14:15:35 +0800
1150825,2026-08-25,上櫃,2718,全心投控,49.50,-0.40,49.90,49.90,48.95,55000,2719000,41,TPEX_CSV,2026-08-25 14:15:35 +0800
1150825,2026-08-25,上櫃,2719,燦星旅,20.60,-0.10,20.30,20.60,20.25,10000,203300,10,TPEX_CSV,2026-08-25 14:15:35 +0800
1150825,2026-08-25,上櫃,2724,藝舍-KY,10.70,-0.30,10.70,10.70,10.70,100000,1070000,1,TPEX_CSV,2026-08-25 14:15:35 +0800
1150825,2026-08-25,上櫃,2726,雅茗-KY,8.43,+0.02,8.40,8.45,8.25,34000,284590,28,TPEX_CSV,2026-08-25 14:15:35 +0800
1150825,2026-08-25,上櫃,2729,瓦城,154.50,除息,156.00,157.00,154.00,70000,10835000,57,TPEX_CSV,2026-08-25 14:15:35 +0800
1150825,2026-08-25,上櫃,2732,六角,64.10,-0.20,64.20,64.30,64.00,16000,1025600,12,TPEX_CSV,2026-08-25 14:15:35 +0800
1150825,2026-08-25,上櫃,2734,易飛網,15.05,+0.10,15.00,15.05,14.95,18000,269750,15,TPEX_CSV,2026-08-25 14:15:35 +0800
1150825,2026-08-25,上櫃,2736,富野,12.20,+0.10,12.10,12.20,12.00,71000,859250,50,TPEX_CSV,2026-08-25 14:15:35 +0800
1150825,2026-08-25,上櫃,2740,華軒,31.55,+0.95,30.45,31.55,30.45,5000,156300,5,TPEX_CSV,2026-08-25 14:15:35 +0800
1150825,2026-08-25,上櫃,2743,山富,58.70,-0.90,59.20,59.60,58.60,45000,2659500,37,TPEX_CSV,2026-08-25 14:15:35 +0800
1150825,2026-08-25,上櫃,2745,五福,88.50,-0.20,88.30,88.50,88.00,31000,2734000,30,TPEX_CSV,2026-08-25 14:15:35 +0800
1150825,2026-08-25,上櫃,2751,王座,----,---,----,----,----,0,0,0,TPEX_CSV,2026-08-25 14:15:35 +0800
1150825,2026-08-25,上櫃,2752,豆府,179.00,-1.00,180.00,180.00,179.00,8000,1433000,5,TPEX_CSV,2026-08-25 14:15:35 +0800
1150825,2026-08-25,上櫃,2754,亞洲藏壽司,69.40,+0.30,69.00,69.40,68.60,10000,688500,9,TPEX_CSV,2026-08-25 14:15:35 +0800
1150825,2026-08-25,上櫃,2755,揚秦,102.00,+0.50,101.50,102.00,101.50,12000,1219500,11,TPEX_CSV,2026-08-25 14:15:35 +0800
1150825,2026-08-25,上櫃,2756,聯發國際,62.80,+0.40,62.50,62.80,61.70,8000,498000,8,TPEX_CSV,2026-08-25 14:15:35 +0800
1150825,2026-08-25,上櫃,2916,滿心,40.15,0.00,40.20,40.25,40.00,21000,843050,21,TPEX_CSV,2026-08-25 14:15:35 +0800
1150825,2026-08-25,上櫃,2924,宏太-KY,16.55,-0.05,16.95,16.95,15.20,15000,234700,11,TPEX_CSV,2026-08-25 14:15:35 +0800
1150825,2026-08-25,上櫃,2926,誠品生活,30.00,-0.10,29.85,30.00,29.85,5000,149650,5,TPEX_CSV,2026-08-25 14:15:35 +0800
1150825,2026-08-25,上櫃,2937,集雅社,48.30,+0.05,48.30,48.30,48.30,1000,48300,1,TPEX_CSV,2026-08-25 14:15:35 +0800
1150825,2026-08-25,上櫃,2941,米斯特,----,---,----,----,----,0,0,0,TPEX_CSV,2026-08-25 14:15:35 +0800
1150825,2026-08-25,上櫃,2947,振宇五金,61.60,+0.20,61.40,61.70,61.30,47000,2887700,25,TPEX_CSV,2026-08-25 14:15:35 +0800
1150825,2026-08-25,上櫃,2948,寶陞,38.80,+0.90,37.85,38.80,37.85,5000,191050,5,TPEX_CSV,2026-08-25 14:15:35 +0800
1150825,2026-08-25,上櫃,2949,欣新網,----,---,----,----,----,0,0,0,TPEX_CSV,2026-08-25 14:15:35 +0800
1150825,2026-08-25,上櫃,3064,泰偉,----,---,----,----,----,0,0,0,TPEX_CSV,2026-08-25 14:15:35 +0800
1150825,2026-08-25,上櫃,3066,李洲,23.50,+0.05,23.45,23.55,23.05,189000,4409650,129,TPEX_CSV,2026-08-25 14:15:35 +0800
1150825,2026-08-25,上櫃,3067,全域,16.90,-0.50,17.20,17.20,16.65,13000,221550,7,TPEX_CSV,2026-08-25 14:15:35 +0800
1150825,2026-08-25,上櫃,3071,協禧,24.40,-0.10,24.50,24.50,23.85,149000,3586400,124,TPEX_CSV,2026-08-25 14:15:35 +0800
1150825,2026-08-25,上櫃,3073,天方能源,22.50,+0.80,22.35,22.60,22.20,46000,1029000,40,TPEX_CSV,2026-08-25 14:15:35 +0800
1150825,2026-08-25,上櫃,3078,僑威,53.00,-0.60,53.50,53.50,52.60,589000,31173100,396,TPEX_CSV,2026-08-25 14:15:35 +0800
1150825,2026-08-25,上櫃,3081,聯亞,2960.00,+195.00,2690.00,2995.00,2645.00,4479000,12540560000,4058,TPEX_CSV,2026-08-25 14:15:35 +0800
1150825,2026-08-25,上櫃,3083,網龍,23.10,-0.20,23.20,23.20,22.95,52000,1198800,47,TPEX_CSV,2026-08-25 14:15:35 +0800
1150825,2026-08-25,上櫃,3085,新零售,11.50,-0.40,11.50,11.50,11.50,1000,11500,1,TPEX_CSV,2026-08-25 14:15:35 +0800
1150825,2026-08-25,上櫃,3086,華義*,26.30,+0.20,26.30,26.70,25.95,93000,2452150,61,TPEX_CSV,2026-08-25 14:15:35 +0800
1150825,2026-08-25,上櫃,3088,艾訊,124.00,-1.00,126.50,126.50,122.50,508000,62803000,416,TPEX_CSV,2026-08-25 14:15:35 +0800
1150825,2026-08-25,上櫃,3093,港建*,44.75,-0.45,44.75,44.75,43.65,246000,10859500,211,TPEX_CSV,2026-08-25 14:15:35 +0800
1150825,2026-08-25,上櫃,3095,及成,34.80,-1.75,36.00,36.00,34.20,20000,702250,20,TPEX_CSV,2026-08-25 14:15:35 +0800
1150825,2026-08-25,上櫃,3105,穩懋,379.00,+24.00,350.50,381.50,349.50,16227000,5912698000,12326,TPEX_CSV,2026-08-25 14:15:35 +0800
1150825,2026-08-25,上櫃,3114,好德,34.00,-0.25,34.45,34.45,33.20,205000,6891000,156,TPEX_CSV,2026-08-25 14:15:35 +0800
1150825,2026-08-25,上櫃,3115,富榮綱,9.08,+0.08,9.14,9.14,9.08,2000,18220,2,TPEX_CSV,2026-08-25 14:15:35 +0800
1150825,2026-08-25,上櫃,3118,進階,31.30,-0.20,31.50,31.50,31.30,11000,345800,8,TPEX_CSV,2026-08-25 14:15:35 +0800
1150825,2026-08-25,上櫃,3122,笙泉,25.50,0.00,25.65,25.65,25.05,29000,735150,26,TPEX_CSV,2026-08-25 14:15:35 +0800
1150825,2026-08-25,上櫃,3128,昇銳,22.95,+0.40,23.15,23.15,22.25,133000,2995600,96,TPEX_CSV,2026-08-25 14:15:35 +0800
1150825,2026-08-25,上櫃,3131,弘塑,2260.00,-75.00,2345.00,2345.00,2155.00,521000,1153665000,505,TPEX_CSV,2026-08-25 14:15:35 +0800
1150825,2026-08-25,上櫃,3141,晶宏,72.70,+0.40,72.80,72.80,70.40,362000,25854400,302,TPEX_CSV,2026-08-25 14:15:35 +0800
1150825,2026-08-25,上櫃,3147,大綜,216.50,0.00,216.50,216.50,211.50,225000,48101500,201,TPEX_CSV,2026-08-25 14:15:35 +0800
1150825,2026-08-25,上櫃,3152,璟德,260.50,+8.50,246.50,264.50,246.00,590000,150764000,547,TPEX_CSV,2026-08-25 14:15:35 +0800
1150825,2026-08-25,上櫃,3158,嘉實,82.70,-1.60,84.20,84.20,82.70,2000,166900,2,TPEX_CSV,2026-08-25 14:15:35 +0800
1150825,2026-08-25,上櫃,3162,精確,66.80,+6.00,65.70,66.80,65.00,1617000,107666600,503,TPEX_CSV,2026-08-25 14:15:35 +0800
1150825,2026-08-25,上櫃,3163,波若威,770.00,+43.00,707.00,786.00,690.00,4632000,3413612000,4086,TPEX_CSV,2026-08-25 14:15:35 +0800
1150825,2026-08-25,上櫃,3169,亞信,98.80,-0.50,98.90,99.40,98.00,57000,5607600,48,TPEX_CSV,2026-08-25 14:15:35 +0800
1150825,2026-08-25,上櫃,3171,炎洲流通,64.00,+0.80,63.20,64.00,62.80,24000,1514600,6,TPEX_CSV,2026-08-25 14:15:35 +0800
1150825,2026-08-25,上櫃,3176,基亞,37.70,+0.80,37.25,38.10,36.85,658000,24732050,406,TPEX_CSV,2026-08-25 14:15:35 +0800
1150825,2026-08-25,上櫃,3178,公準,59.00,-0.50,58.90,59.30,58.10,24000,1406000,21,TPEX_CSV,2026-08-25 14:15:35 +0800
1150825,2026-08-25,上櫃,3188,鑫龍騰,24.10,0.00,24.00,24.15,23.85,105000,2524150,45,TPEX_CSV,2026-08-25 14:15:35 +0800
1150825,2026-08-25,上櫃,3191,雲嘉南,18.25,+0.15,18.00,18.25,17.95,12000,217900,9,TPEX_CSV,2026-08-25 14:15:35 +0800
1150825,2026-08-25,上櫃,3205,佰研,47.45,-1.50,48.10,48.10,46.50,26000,1235900,23,TPEX_CSV,2026-08-25 14:15:35 +0800
1150825,2026-08-25,上櫃,3206,志豐,34.55,+0.15,34.85,34.85,34.05,13000,445200,8,TPEX_CSV,2026-08-25 14:15:35 +0800
1150825,2026-08-25,上櫃,3207,耀勝,39.45,-0.80,39.15,39.85,39.15,75000,2949650,57,TPEX_CSV,2026-08-25 14:15:35 +0800
1150825,2026-08-25,上櫃,3211,順達,331.00,+5.00,318.00,331.00,315.50,4379000,1415739500,3541,TPEX_CSV,2026-08-25 14:15:35 +0800
1150825,2026-08-25,上櫃,3213,茂訊,126.50,-1.00,126.50,126.50,124.50,153000,19204000,124,TPEX_CSV,2026-08-25 14:15:35 +0800
1150825,2026-08-25,上櫃,3217,優群,135.50,-1.50,136.50,136.50,134.00,326000,44036000,240,TPEX_CSV,2026-08-25 14:15:35 +0800
1150825,2026-08-25,上櫃,3218,大學光,134.50,-1.00,135.50,135.50,134.00,203000,27293000,151,TPEX_CSV,2026-08-25 14:15:35 +0800
1150825,2026-08-25,上櫃,3219,倚強科,74.70,-2.10,76.10,77.70,74.50,566000,42952400,453,TPEX_CSV,2026-08-25 14:15:35 +0800
1150825,2026-08-25,上櫃,3221,台嘉碩,49.30,+1.70,47.10,49.45,46.05,1974000,95008050,1530,TPEX_CSV,2026-08-25 14:15:35 +0800
1150825,2026-08-25,上櫃,3224,三顧,35.90,+1.50,34.80,36.00,34.80,59000,2081200,42,TPEX_CSV,2026-08-25 14:15:35 +0800
1150825,2026-08-25,上櫃,3226,龍鋒,52.80,+0.10,52.10,52.80,52.00,25000,1316000,15,TPEX_CSV,2026-08-25 14:15:35 +0800
1150825,2026-08-25,上櫃,3227,原相,194.00,+1.00,193.00,195.00,188.00,622000,119072000,465,TPEX_CSV,2026-08-25 14:15:35 +0800
1150825,2026-08-25,上櫃,3228,金麗科,142.00,+2.50,139.50,142.00,137.50,85000,11831000,72,TPEX_CSV,2026-08-25 14:15:35 +0800
1150825,2026-08-25,上櫃,3230,錦明,42.15,+0.15,41.75,42.20,41.20,366000,15269150,237,TPEX_CSV,2026-08-25 14:15:35 +0800
1150825,2026-08-25,上櫃,3232,昱捷,19.70,-0.10,19.90,19.90,19.40,27000,528900,22,TPEX_CSV,2026-08-25 14:15:35 +0800
1150825,2026-08-25,上櫃,3234,光環,182.50,+16.50,162.00,182.50,158.00,8851000,1505523000,4848,TPEX_CSV,2026-08-25 14:15:35 +0800
1150825,2026-08-25,上櫃,3236,千如,43.20,-0.15,43.05,43.35,41.80,1024000,43572800,669,TPEX_CSV,2026-08-25 14:15:35 +0800
1150825,2026-08-25,上櫃,3252,海灣,15.90,-0.10,16.25,16.25,15.85,115000,1844700,18,TPEX_CSV,2026-08-25 14:15:35 +0800
1150825,2026-08-25,上櫃,3259,鑫創,11.80,+1.05,10.70,11.80,10.60,116000,1316600,67,TPEX_CSV,2026-08-25 14:15:35 +0800
1150825,2026-08-25,上櫃,3260,威剛,418.50,-20.00,437.50,437.50,407.00,16790000,7009362500,12351,TPEX_CSV,2026-08-25 14:15:35 +0800
1150825,2026-08-25,上櫃,3264,欣銓,213.00,+7.50,205.50,213.00,202.50,3945000,818765000,2864,TPEX_CSV,2026-08-25 14:15:35 +0800
1150825,2026-08-25,上櫃,3265,台星科,168.00,+2.00,165.00,169.00,158.50,1056000,171950500,800,TPEX_CSV,2026-08-25 14:15:35 +0800
1150825,2026-08-25,上櫃,3268,海德威,17.90,+0.30,18.50,18.50,17.80,105000,1884350,43,TPEX_CSV,2026-08-25 14:15:35 +0800
1150825,2026-08-25,上櫃,3272,東碩,13.90,0.00,13.80,13.90,13.75,10000,138300,10,TPEX_CSV,2026-08-25 14:15:35 +0800
1150825,2026-08-25,上櫃,3276,宇環,14.20,-0.05,14.20,14.25,14.05,103000,1455700,75,TPEX_CSV,2026-08-25 14:15:35 +0800
1150825,2026-08-25,上櫃,3284,太普高,20.40,-0.25,20.60,20.60,20.20,71000,1448900,56,TPEX_CSV,2026-08-25 14:15:35 +0800
1150825,2026-08-25,上櫃,3285,微端,36.80,-0.30,36.65,37.50,36.65,26000,956150,18,TPEX_CSV,2026-08-25 14:15:35 +0800
1150825,2026-08-25,上櫃,3287,廣寰科,39.00,+0.55,38.85,39.20,38.10,519000,20083450,367,TPEX_CSV,2026-08-25 14:15:35 +0800
1150825,2026-08-25,上櫃,3288,點晶,21.30,-0.30,21.60,21.60,20.90,22000,462800,21,TPEX_CSV,2026-08-25 14:15:35 +0800
1150825,2026-08-25,上櫃,3289,宜特,135.00,+1.50,133.00,136.00,130.00,408000,53949500,323,TPEX_CSV,2026-08-25 14:15:35 +0800
1150825,2026-08-25,上櫃,3290,東浦,49.25,-0.35,49.95,49.95,48.55,310000,15174300,221,TPEX_CSV,2026-08-25 14:15:35 +0800
1150825,2026-08-25,上櫃,3293,鈊象,711.00,-10.00,715.00,717.00,702.00,5171000,3664082000,3515,TPEX_CSV,2026-08-25 14:15:35 +0800
1150825,2026-08-25,上櫃,3294,英濟,30.45,+0.30,30.30,30.45,29.70,141000,4218000,118,TPEX_CSV,2026-08-25 14:15:35 +0800
1150825,2026-08-25,上櫃,3297,杭特,27.05,-0.35,27.40,27.40,27.05,41000,1111400,29,TPEX_CSV,2026-08-25 14:15:35 +0800
1150825,2026-08-25,上櫃,3303,岱稜,52.20,-0.30,52.40,52.40,51.70,155000,8053600,115,TPEX_CSV,2026-08-25 14:15:35 +0800
1150825,2026-08-25,上櫃,3306,鼎天,44.75,+0.20,44.50,44.85,44.10,22000,980600,21,TPEX_CSV,2026-08-25 14:15:35 +0800
1150825,2026-08-25,上櫃,3310,佳穎,68.00,+0.10,68.30,68.50,68.00,12000,817300,7,TPEX_CSV,2026-08-25 14:15:35 +0800
1150825,2026-08-25,上櫃,3313,斐成,10.50,-0.10,10.60,10.65,10.40,118000,1237300,51,TPEX_CSV,2026-08-25 14:15:35 +0800
1150825,2026-08-25,上櫃,3317,尼克森,63.80,除息,64.10,64.70,62.10,367000,23150000,293,TPEX_CSV,2026-08-25 14:15:35 +0800
1150825,2026-08-25,上櫃,3322,建舜電,11.05,-0.05,11.15,11.15,10.85,300000,3286300,127,TPEX_CSV,2026-08-25 14:15:35 +0800
1150825,2026-08-25,上櫃,3323,加百裕,29.30,-0.45,29.60,29.60,29.10,194000,5681100,140,TPEX_CSV,2026-08-25 14:15:35 +0800
1150825,2026-08-25,上櫃,3324,雙鴻,1065.00,+50.00,1005.00,1075.00,993.00,3739000,3876965000,2882,TPEX_CSV,2026-08-25 14:15:35 +0800
1150825,2026-08-25,上櫃,3325,旭品,11.25,+0.05,11.20,11.30,11.00,130000,1445200,59,TPEX_CSV,2026-08-25 14:15:35 +0800
1150825,2026-08-25,上櫃,3332,幸康,62.50,+1.10,61.00,62.50,61.00,2000,123500,2,TPEX_CSV,2026-08-25 14:15:35 +0800
1150825,2026-08-25,上櫃,3339,泰谷,39.20,+0.80,38.10,39.40,37.30,754000,29138250,499,TPEX_CSV,2026-08-25 14:15:35 +0800
1150825,2026-08-25,上櫃,3349,寶德,24.15,+0.05,23.60,24.15,22.75,163000,3798100,79,TPEX_CSV,2026-08-25 14:15:35 +0800
1150825,2026-08-25,上櫃,3354,律勝,20.40,-0.05,20.45,20.45,20.00,48000,969250,36,TPEX_CSV,2026-08-25 14:15:35 +0800
1150825,2026-08-25,上櫃,3357,臺慶科,209.50,-0.50,210.00,211.00,203.50,894000,184662500,715,TPEX_CSV,2026-08-25 14:15:35 +0800
1150825,2026-08-25,上櫃,3360,尚立,15.35,0.00,15.35,15.35,15.10,235000,3567000,154,TPEX_CSV,2026-08-25 14:15:35 +0800
1150825,2026-08-25,上櫃,3362,先進光,195.00,+6.50,187.00,198.00,181.50,8609000,1621762000,6153,TPEX_CSV,2026-08-25 14:15:35 +0800
1150825,2026-08-25,上櫃,3363,上詮,623.00,+56.00,556.00,623.00,549.00,3360000,1989248000,2770,TPEX_CSV,2026-08-25 14:15:35 +0800
1150825,2026-08-25,上櫃,3372,典範,15.00,+0.05,14.85,15.00,14.60,178000,2628400,112,TPEX_CSV,2026-08-25 14:15:35 +0800
1150825,2026-08-25,上櫃,3373,熱映,16.60,0.00,16.65,16.70,16.55,12000,199600,12,TPEX_CSV,2026-08-25 14:15:35 +0800
1150825,2026-08-25,上櫃,3374,精材,311.00,+8.50,299.00,311.00,289.00,9471000,2817571500,7018,TPEX_CSV,2026-08-25 14:15:35 +0800
1150825,2026-08-25,上櫃,3379,彬台,28.95,-0.25,29.20,29.20,28.55,113000,3250200,70,TPEX_CSV,2026-08-25 14:15:35 +0800
1150825,2026-08-25,上櫃,3388,崇越電,89.00,-1.50,89.70,89.70,85.80,2107000,184361700,1496,TPEX_CSV,2026-08-25 14:15:35 +0800
1150825,2026-08-25,上櫃,3390,旭軟,21.50,-0.10,21.50,21.55,21.15,128000,2728700,91,TPEX_CSV,2026-08-25 14:15:35 +0800
1150825,2026-08-25,上櫃,3402,漢科,120.50,+0.50,120.00,120.50,118.50,129000,15356000,108,TPEX_CSV,2026-08-25 14:15:35 +0800
1150825,2026-08-25,上櫃,3430,奇鈦科,113.50,-0.50,114.00,114.00,110.00,206000,23028500,190,TPEX_CSV,2026-08-25 14:15:35 +0800
1150825,2026-08-25,上櫃,3434,哲固,29.75,+0.05,29.65,29.80,29.50,29000,858450,21,TPEX_CSV,2026-08-25 14:15:35 +0800
1150825,2026-08-25,上櫃,3438,類比科,57.70,+1.30,55.80,57.70,55.50,57000,3212700,47,TPEX_CSV,2026-08-25 14:15:35 +0800
1150825,2026-08-25,上櫃,3441,聯一光,114.00,+1.50,111.00,119.00,108.50,26865000,3040092500,17963,TPEX_CSV,2026-08-25 14:15:35 +0800
1150825,2026-08-25,上櫃,3444,利機,86.60,-1.10,84.00,96.00,84.00,3580000,325144400,2624,TPEX_CSV,2026-08-25 14:15:35 +0800
1150825,2026-08-25,上櫃,3455,由田,240.00,+7.50,232.00,240.50,223.50,1163000,267106000,848,TPEX_CSV,2026-08-25 14:15:35 +0800
1150825,2026-08-25,上櫃,3465,進泰電子,29.40,-0.05,29.45,29.50,29.30,12000,352850,11,TPEX_CSV,2026-08-25 14:15:35 +0800
1150825,2026-08-25,上櫃,3466,德晉,24.35,-0.15,24.50,24.50,24.10,54000,1309250,42,TPEX_CSV,2026-08-25 14:15:35 +0800
1150825,2026-08-25,上櫃,3467,台灣精材,46.00,-0.15,45.80,46.30,45.20,24000,1096800,14,TPEX_CSV,2026-08-25 14:15:35 +0800
1150825,2026-08-25,上櫃,3479,安勤,131.00,+3.00,128.00,131.00,127.00,300000,38582500,241,TPEX_CSV,2026-08-25 14:15:35 +0800
1150825,2026-08-25,上櫃,3483,力致,71.70,+0.60,71.30,71.70,70.20,200000,14133600,175,TPEX_CSV,2026-08-25 14:15:35 +0800
1150825,2026-08-25,上櫃,3484,崧騰,50.00,+0.10,49.90,50.10,49.60,70000,3488300,52,TPEX_CSV,2026-08-25 14:15:35 +0800
1150825,2026-08-25,上櫃,3485,敘豐,235.50,+5.50,232.00,238.00,216.50,184000,41497500,158,TPEX_CSV,2026-08-25 14:15:35 +0800
1150825,2026-08-25,上櫃,3489,森寶,22.80,-0.60,23.70,23.70,22.65,162000,3735550,89,TPEX_CSV,2026-08-25 14:15:35 +0800
1150825,2026-08-25,上櫃,3490,單井,54.60,+4.90,50.90,54.60,50.00,3662000,191283200,2480,TPEX_CSV,2026-08-25 14:15:35 +0800
1150825,2026-08-25,上櫃,3491,昇達科,1270.00,-20.00,1280.00,1285.00,1225.00,1101000,1378430000,1012,TPEX_CSV,2026-08-25 14:15:35 +0800
1150825,2026-08-25,上櫃,3492,長盛,19.95,-0.20,20.15,20.15,19.80,84000,1671850,52,TPEX_CSV,2026-08-25 14:15:35 +0800
1150825,2026-08-25,上櫃,3498,陽程,200.00,+15.00,185.50,200.00,180.50,995000,191753500,789,TPEX_CSV,2026-08-25 14:15:35 +0800
1150825,2026-08-25,上櫃,3499,環天科,12.50,-0.05,12.30,12.55,12.15,35000,431050,33,TPEX_CSV,2026-08-25 14:15:35 +0800
1150825,2026-08-25,上櫃,3508,位速,22.40,-0.20,22.60,23.05,22.00,405000,9034900,240,TPEX_CSV,2026-08-25 14:15:35 +0800
1150825,2026-08-25,上櫃,3511,矽瑪,19.50,-0.05,19.35,19.65,19.05,148000,2850650,79,TPEX_CSV,2026-08-25 14:15:35 +0800
1150825,2026-08-25,上櫃,3512,皇龍,19.35,-0.20,19.45,19.60,19.30,28000,544600,19,TPEX_CSV,2026-08-25 14:15:35 +0800
1150825,2026-08-25,上櫃,3516,亞帝歐,26.35,+0.85,25.20,27.40,25.20,142000,3767450,84,TPEX_CSV,2026-08-25 14:15:35 +0800
1150825,2026-08-25,上櫃,3520,華盈,17.80,-0.05,17.80,17.80,17.20,297000,5192000,171,TPEX_CSV,2026-08-25 14:15:35 +0800
1150825,2026-08-25,上櫃,3521,台鋼建設,12.45,+0.35,12.25,12.45,12.10,22000,268600,9,TPEX_CSV,2026-08-25 14:15:35 +0800
1150825,2026-08-25,上櫃,3522,御嵿,11.50,-0.20,11.55,11.65,11.45,96000,1106400,39,TPEX_CSV,2026-08-25 14:15:35 +0800
1150825,2026-08-25,上櫃,3523,迎輝,14.85,-0.25,14.85,14.85,14.85,4000,59400,4,TPEX_CSV,2026-08-25 14:15:35 +0800
1150825,2026-08-25,上櫃,3526,凡甲,278.00,-1.00,279.00,279.00,271.00,410000,112530500,332,TPEX_CSV,2026-08-25 14:15:35 +0800
1150825,2026-08-25,上櫃,3527,聚積,50.80,+0.40,50.40,50.80,49.50,64000,3216550,55,TPEX_CSV,2026-08-25 14:15:35 +0800
1150825,2026-08-25,上櫃,3529,力旺,2195.00,-5.00,2180.00,2210.00,2090.00,982000,2109790000,846,TPEX_CSV,2026-08-25 14:15:35 +0800
1150825,2026-08-25,上櫃,3531,先益,21.90,0.00,21.90,21.90,21.90,1000,21900,1,TPEX_CSV,2026-08-25 14:15:35 +0800
1150825,2026-08-25,上櫃,3537,堡達,54.40,-0.80,54.70,54.70,53.20,238000,12816200,204,TPEX_CSV,2026-08-25 14:15:35 +0800
1150825,2026-08-25,上櫃,3540,曜越,24.80,-0.15,24.30,25.40,23.95,2156000,53016850,1360,TPEX_CSV,2026-08-25 14:15:35 +0800
1150825,2026-08-25,上櫃,3541,西柏,21.80,-0.05,21.85,21.85,21.80,15000,327050,6,TPEX_CSV,2026-08-25 14:15:35 +0800
1150825,2026-08-25,上櫃,3546,宇峻,71.30,-0.50,71.70,71.90,71.10,127000,9059800,108,TPEX_CSV,2026-08-25 14:15:35 +0800
1150825,2026-08-25,上櫃,3548,兆利,79.90,+4.10,75.60,80.70,74.90,344000,26738500,277,TPEX_CSV,2026-08-25 14:15:35 +0800
1150825,2026-08-25,上櫃,3551,世禾,175.50,+2.50,172.00,175.50,170.00,213000,36632000,161,TPEX_CSV,2026-08-25 14:15:35 +0800
1150825,2026-08-25,上櫃,3552,同致,44.90,-0.40,45.50,45.50,44.20,123000,5477400,99,TPEX_CSV,2026-08-25 14:15:35 +0800
1150825,2026-08-25,上櫃,3555,博士旺,159.50,-1.50,160.00,161.50,156.00,36000,5701500,35,TPEX_CSV,2026-08-25 14:15:35 +0800
1150825,2026-08-25,上櫃,3556,禾瑞亞,61.50,-1.60,63.10,63.10,61.40,267000,16494000,190,TPEX_CSV,2026-08-25 14:15:35 +0800
1150825,2026-08-25,上櫃,3558,神準,125.50,-1.50,125.00,125.50,123.50,104000,12983000,95,TPEX_CSV,2026-08-25 14:15:35 +0800
1150825,2026-08-25,上櫃,3564,其陽,44.75,-0.45,46.00,46.15,44.10,42000,1877450,40,TPEX_CSV,2026-08-25 14:15:35 +0800
1150825,2026-08-25,上櫃,3567,逸昌,25.30,+0.25,25.05,25.30,24.95,27000,675850,26,TPEX_CSV,2026-08-25 14:15:35 +0800
1150825,2026-08-25,上櫃,3570,大塚,162.50,0.00,161.50,162.50,161.50,11000,1780500,10,TPEX_CSV,2026-08-25 14:15:35 +0800
1150825,2026-08-25,上櫃,3577,泓格,114.00,0.00,114.00,114.00,110.50,218000,24495000,182,TPEX_CSV,2026-08-25 14:15:35 +0800
1150825,2026-08-25,上櫃,3580,友威科,77.30,+0.60,75.50,77.50,74.90,159000,12055900,134,TPEX_CSV,2026-08-25 14:15:35 +0800
1150825,2026-08-25,上櫃,3581,博磊,105.00,+4.50,101.00,105.00,99.40,261000,26531700,222,TPEX_CSV,2026-08-25 14:15:35 +0800
1150825,2026-08-25,上櫃,3587,閎康,251.50,+4.50,246.00,251.50,240.50,277000,67932500,253,TPEX_CSV,2026-08-25 14:15:35 +0800
1150825,2026-08-25,上櫃,3594,磐儀,50.70,除息,50.70,50.80,49.65,539000,27044650,387,TPEX_CSV,2026-08-25 14:15:35 +0800
1150825,2026-08-25,上櫃,3597,映興,26.50,-0.05,26.55,26.55,26.35,12000,317900,10,TPEX_CSV,2026-08-25 14:15:35 +0800
1150825,2026-08-25,上櫃,3609,三一東林,19.50,-1.50,20.75,20.80,19.50,370000,7400050,194,TPEX_CSV,2026-08-25 14:15:35 +0800
1150825,2026-08-25,上櫃,3611,鼎翰,185.50,-0.50,185.50,186.00,185.50,18000,3340000,17,TPEX_CSV,2026-08-25 14:15:35 +0800
1150825,2026-08-25,上櫃,3615,安可,36.90,+0.90,36.30,37.00,35.10,323000,11664800,245,TPEX_CSV,2026-08-25 14:15:35 +0800
1150825,2026-08-25,上櫃,3623,富晶通,21.75,-0.05,21.85,21.85,21.45,19000,413750,15,TPEX_CSV,2026-08-25 14:15:35 +0800
1150825,2026-08-25,上櫃,3624,光頡,87.50,+1.40,85.90,87.50,81.80,3088000,259797400,2158,TPEX_CSV,2026-08-25 14:15:35 +0800
1150825,2026-08-25,上櫃,3625,西勝,12.45,+1.10,11.45,12.45,11.45,437000,5299650,197,TPEX_CSV,2026-08-25 14:15:35 +0800
1150825,2026-08-25,上櫃,3628,盈正,67.10,+0.70,66.20,67.90,66.00,31000,2061100,25,TPEX_CSV,2026-08-25 14:15:35 +0800
1150825,2026-08-25,上櫃,3629,地心引力,14.90,+1.35,14.90,14.90,14.90,15000,223500,8,TPEX_CSV,2026-08-25 14:15:35 +0800
1150825,2026-08-25,上櫃,3630,新鉅科,25.45,+0.10,25.50,25.80,25.30,230000,5848650,160,TPEX_CSV,2026-08-25 14:15:35 +0800
1150825,2026-08-25,上櫃,3631,晟楠,39.80,+1.00,38.60,39.80,37.20,179000,6889550,145,TPEX_CSV,2026-08-25 14:15:35 +0800
1150825,2026-08-25,上櫃,3632,研勤,7.20,0.00,7.17,7.20,7.17,4000,28740,4,TPEX_CSV,2026-08-25 14:15:35 +0800
1150825,2026-08-25,上櫃,3646,艾恩特,23.50,0.00,23.05,23.55,23.05,8000,186950,8,TPEX_CSV,2026-08-25 14:15:35 +0800
1150825,2026-08-25,上櫃,3663,鑫科,60.40,-0.60,60.90,60.90,58.90,323000,19280200,185,TPEX_CSV,2026-08-25 14:15:35 +0800
1150825,2026-08-25,上櫃,3664,安瑞-KY,5.39,+0.03,5.38,5.39,5.38,5000,26940,3,TPEX_CSV,2026-08-25 14:15:35 +0800
1150825,2026-08-25,上櫃,3666,光耀,25.20,+0.05,25.10,25.20,25.10,22000,553100,14,TPEX_CSV,2026-08-25 14:15:35 +0800
1150825,2026-08-25,上櫃,3672,康聯訊,12.45,+0.35,12.00,12.45,11.80,16000,191400,13,TPEX_CSV,2026-08-25 14:15:35 +0800
1150825,2026-08-25,上櫃,3675,德微,268.00,+3.00,265.00,268.00,255.50,329000,85674000,291,TPEX_CSV,2026-08-25 14:15:35 +0800
1150825,2026-08-25,上櫃,3680,家登,461.50,-2.50,464.00,464.00,448.50,608000,276948000,519,TPEX_CSV,2026-08-25 14:15:35 +0800
1150825,2026-08-25,上櫃,3684,榮昌,53.90,+0.10,54.00,54.00,53.80,30000,1614900,14,TPEX_CSV,2026-08-25 14:15:35 +0800
1150825,2026-08-25,上櫃,3685,元創精密,37.40,+1.40,36.25,38.00,36.20,640000,23709400,311,TPEX_CSV,2026-08-25 14:15:35 +0800
1150825,2026-08-25,上櫃,3687,歐買尬,62.00,-0.20,62.00,62.30,61.80,30000,1858400,26,TPEX_CSV,2026-08-25 14:15:35 +0800
1150825,2026-08-25,上櫃,3689,湧德,106.00,-1.50,107.50,107.50,104.50,722000,76319500,465,TPEX_CSV,2026-08-25 14:15:35 +0800
1150825,2026-08-25,上櫃,3691,碩禾,98.00,-0.30,98.00,98.50,96.70,325000,31706400,265,TPEX_CSV,2026-08-25 14:15:35 +0800
1150825,2026-08-25,上櫃,3693,營邦,553.00,+20.00,533.00,560.00,521.00,1021000,551992000,878,TPEX_CSV,2026-08-25 14:15:35 +0800
1150825,2026-08-25,上櫃,3707,漢磊,62.00,0.00,61.80,62.00,59.70,2690000,163588900,1878,TPEX_CSV,2026-08-25 14:15:35 +0800
1150825,2026-08-25,上櫃,3709,鑫聯大投控,67.70,-0.50,68.00,68.00,66.70,396000,26590800,270,TPEX_CSV,2026-08-25 14:15:35 +0800
1150825,2026-08-25,上櫃,3710,連展投控,5.15,-0.10,5.29,5.29,5.15,120000,619900,63,TPEX_CSV,2026-08-25 14:15:35 +0800
1150825,2026-08-25,上櫃,3713,新晶投控,14.80,0.00,14.80,14.80,14.50,25000,364400,12,TPEX_CSV,2026-08-25 14:15:35 +0800
1150825,2026-08-25,上櫃,4102,永日,19.20,+0.05,18.75,19.20,18.60,13000,245050,9,TPEX_CSV,2026-08-25 14:15:35 +0800
1150825,2026-08-25,上櫃,4105,東洋,77.80,-0.10,77.90,78.30,77.80,243000,18960400,182,TPEX_CSV,2026-08-25 14:15:35 +0800
1150825,2026-08-25,上櫃,4107,邦特,114.00,0.00,113.50,114.00,113.00,61000,6931500,40,TPEX_CSV,2026-08-25 14:15:35 +0800
1150825,2026-08-25,上櫃,4109,加捷生醫,11.20,-0.10,11.30,11.35,11.20,118000,1326250,61,TPEX_CSV,2026-08-25 14:15:35 +0800
1150825,2026-08-25,上櫃,4111,濟生,28.85,除息,29.00,29.00,28.70,177000,5104200,116,TPEX_CSV,2026-08-25 14:15:35 +0800
1150825,2026-08-25,上櫃,4113,聯上,14.95,+0.10,14.75,14.95,14.75,103000,1528300,39,TPEX_CSV,2026-08-25 14:15:35 +0800
1150825,2026-08-25,上櫃,4114,健喬,29.90,-0.35,30.25,30.25,29.90,768000,23070250,418,TPEX_CSV,2026-08-25 14:15:35 +0800
1150825,2026-08-25,上櫃,4116,明基醫,39.35,+0.20,39.10,39.35,39.00,31000,1212550,14,TPEX_CSV,2026-08-25 14:15:35 +0800
1150825,2026-08-25,上櫃,4120,友華,47.45,-0.05,47.45,47.45,46.75,7000,330800,6,TPEX_CSV,2026-08-25 14:15:35 +0800
1150825,2026-08-25,上櫃,4121,優盛,13.20,+0.10,13.00,13.20,12.95,19000,248500,17,TPEX_CSV,2026-08-25 14:15:35 +0800
1150825,2026-08-25,上櫃,4123,晟德,32.45,+0.10,32.35,32.45,32.00,1345000,43216400,567,TPEX_CSV,2026-08-25 14:15:35 +0800
1150825,2026-08-25,上櫃,4126,太醫,77.20,-0.40,77.50,77.60,77.00,32000,2468100,25,TPEX_CSV,2026-08-25 14:15:35 +0800
1150825,2026-08-25,上櫃,4127,天良,87.00,+1.70,86.00,88.00,84.70,89000,7644600,69,TPEX_CSV,2026-08-25 14:15:35 +0800
1150825,2026-08-25,上櫃,4128,中天,15.05,-0.10,15.20,15.20,14.85,771000,11543150,441,TPEX_CSV,2026-08-25 14:15:35 +0800
1150825,2026-08-25,上櫃,4129,聯合,87.00,-0.30,88.20,88.20,86.10,217000,18791900,157,TPEX_CSV,2026-08-25 14:15:35 +0800
1150825,2026-08-25,上櫃,4131,浩泰,32.35,+0.85,32.30,32.35,31.35,3000,96000,3,TPEX_CSV,2026-08-25 14:15:35 +0800
1150825,2026-08-25,上櫃,4138,曜亞,51.30,+0.10,51.20,51.30,51.00,50000,2560800,34,TPEX_CSV,2026-08-25 14:15:35 +0800
1150825,2026-08-25,上櫃,4139,馬光-KY,36.60,+0.60,38.80,38.80,36.55,29000,1083800,17,TPEX_CSV,2026-08-25 14:15:35 +0800
1150825,2026-08-25,上櫃,4147,中裕,63.80,+0.10,63.30,64.50,63.30,981000,62623200,557,TPEX_CSV,2026-08-25 14:15:35 +0800
1150825,2026-08-25,上櫃,4153,鈺緯,33.45,0.00,33.70,33.70,32.95,4000,133550,4,TPEX_CSV,2026-08-25 14:15:35 +0800
1150825,2026-08-25,上櫃,4154,樂威科-KY,12.50,+0.30,12.50,12.50,12.50,15000,187500,8,TPEX_CSV,2026-08-25 14:15:35 +0800
1150825,2026-08-25,上櫃,4157,太景*-KY,9.12,+0.12,9.04,9.12,8.92,516000,4656140,305,TPEX_CSV,2026-08-25 14:15:35 +0800
1150825,2026-08-25,上櫃,4160,訊聯基因,39.70,0.00,39.30,40.40,39.30,23000,912400,21,TPEX_CSV,2026-08-25 14:15:35 +0800
1150825,2026-08-25,上櫃,4161,聿新科,23.00,0.00,23.30,23.30,22.70,34000,782200,30,TPEX_CSV,2026-08-25 14:15:35 +0800
1150825,2026-08-25,上櫃,4162,智擎,59.00,-0.20,58.60,59.00,58.30,109000,6396000,98,TPEX_CSV,2026-08-25 14:15:35 +0800
1150825,2026-08-25,上櫃,4163,鐿鈦,137.50,-2.00,138.50,138.50,136.50,50000,6872000,34,TPEX_CSV,2026-08-25 14:15:35 +0800
1150825,2026-08-25,上櫃,4166,友霖,24.40,+0.35,24.05,24.55,24.00,67000,1622050,48,TPEX_CSV,2026-08-25 14:15:35 +0800
1150825,2026-08-25,上櫃,4167,松瑞藥,20.25,-0.15,20.45,20.65,20.25,840000,17136300,407,TPEX_CSV,2026-08-25 14:15:35 +0800
1150825,2026-08-25,上櫃,4168,醣聯,22.70,+0.10,22.60,22.80,22.30,78000,1760800,46,TPEX_CSV,2026-08-25 14:15:35 +0800
1150825,2026-08-25,上櫃,4171,瑞基,17.55,+0.45,17.20,17.60,17.20,142000,2478250,78,TPEX_CSV,2026-08-25 14:15:35 +0800
1150825,2026-08-25,上櫃,4173,久裕,17.40,-0.10,17.50,17.50,17.35,34000,593350,19,TPEX_CSV,2026-08-25 14:15:35 +0800
1150825,2026-08-25,上櫃,4174,浩鼎,26.10,-0.20,26.60,26.60,25.85,214000,5578200,146,TPEX_CSV,2026-08-25 14:15:35 +0800
1150825,2026-08-25,上櫃,4175,杏一,50.50,-0.70,50.70,50.70,50.50,17000,859900,9,TPEX_CSV,2026-08-25 14:15:35 +0800
1150825,2026-08-25,上櫃,4183,福永生技,----,---,----,----,----,0,0,0,TPEX_CSV,2026-08-25 14:15:35 +0800
1150825,2026-08-25,上櫃,4188,安克,13.30,+1.20,12.35,13.30,12.35,801000,10367800,337,TPEX_CSV,2026-08-25 14:15:35 +0800
1150825,2026-08-25,上櫃,4192,杏國,20.00,0.00,19.50,20.00,19.00,30000,575350,21,TPEX_CSV,2026-08-25 14:15:35 +0800
1150825,2026-08-25,上櫃,4198,欣大健康,40.90,-0.30,41.30,41.30,40.00,4000,162250,4,TPEX_CSV,2026-08-25 14:15:35 +0800
1150825,2026-08-25,上櫃,4205,中華食,69.80,+0.50,69.80,69.80,69.80,1000,69800,1,TPEX_CSV,2026-08-25 14:15:35 +0800
1150825,2026-08-25,上櫃,4207,環泰,20.75,-0.15,20.80,20.80,20.60,29000,599800,18,TPEX_CSV,2026-08-25 14:15:35 +0800
1150825,2026-08-25,上櫃,4303,信立,53.20,0.00,52.90,54.00,52.10,2154000,114092400,1371,TPEX_CSV,2026-08-25 14:15:35 +0800
1150825,2026-08-25,上櫃,4304,勝昱,25.15,-1.50,26.65,26.65,24.00,117000,2907550,71,TPEX_CSV,2026-08-25 14:15:35 +0800
1150825,2026-08-25,上櫃,4305,世坤,44.70,+1.50,44.70,44.70,44.70,1000,44700,1,TPEX_CSV,2026-08-25 14:15:35 +0800
1150825,2026-08-25,上櫃,4401,東隆興,14.10,0.00,14.15,14.15,13.90,33000,460750,21,TPEX_CSV,2026-08-25 14:15:35 +0800
1150825,2026-08-25,上櫃,4402,郡都開發,14.80,-0.20,14.90,14.90,14.55,8000,117800,8,TPEX_CSV,2026-08-25 14:15:35 +0800
1150825,2026-08-25,上櫃,4406,新昕纖,10.10,+0.05,10.10,10.15,10.10,45000,455950,10,TPEX_CSV,2026-08-25 14:15:35 +0800
1150825,2026-08-25,上櫃,4413,飛寶企業,19.65,+0.20,19.55,20.00,19.45,79000,1554300,40,TPEX_CSV,2026-08-25 14:15:35 +0800
1150825,2026-08-25,上櫃,4416,三圓,15.25,+0.15,16.30,16.30,14.45,4647000,70730350,2128,TPEX_CSV,2026-08-25 14:15:35 +0800
1150825,2026-08-25,上櫃,4417,金洲,46.90,-0.20,46.85,46.95,46.70,21000,983250,19,TPEX_CSV,2026-08-25 14:15:35 +0800
1150825,2026-08-25,上櫃,4419,皇家美食,46.30,+0.10,46.25,46.30,46.20,10000,462500,10,TPEX_CSV,2026-08-25 14:15:35 +0800
1150825,2026-08-25,上櫃,4420,光明,36.85,+0.05,36.80,36.85,36.60,5000,183950,4,TPEX_CSV,2026-08-25 14:15:35 +0800
1150825,2026-08-25,上櫃,4430,耀億,17.75,-0.15,18.40,18.40,17.65,42000,750300,41,TPEX_CSV,2026-08-25 14:15:35 +0800
1150825,2026-08-25,上櫃,4432,銘旺實,15.65,-0.05,15.70,15.70,15.65,19000,298000,9,TPEX_CSV,2026-08-25 14:15:35 +0800
1150825,2026-08-25,上櫃,4433,興采,19.10,+0.10,19.00,19.10,18.95,16000,304500,12,TPEX_CSV,2026-08-25 14:15:35 +0800
1150825,2026-08-25,上櫃,4442,竣邦-KY,51.20,+0.10,51.20,51.20,50.70,21000,1068600,15,TPEX_CSV,2026-08-25 14:15:35 +0800
1150825,2026-08-25,上櫃,4502,健信,15.70,+0.05,15.65,15.70,15.55,17000,266000,12,TPEX_CSV,2026-08-25 14:15:35 +0800
1150825,2026-08-25,上櫃,4503,金雨,24.55,+0.35,24.30,24.70,24.00,198000,4833750,120,TPEX_CSV,2026-08-25 14:15:35 +0800
1150825,2026-08-25,上櫃,4506,崇友,123.50,+1.50,122.00,123.50,122.00,18000,2215500,16,TPEX_CSV,2026-08-25 14:15:35 +0800
1150825,2026-08-25,上櫃,4510,高鋒,42.85,-0.55,43.30,43.30,42.20,429000,18270400,327,TPEX_CSV,2026-08-25 14:15:35 +0800
1150825,2026-08-25,上櫃,4513,福裕,16.35,-0.30,16.60,16.65,16.20,447000,7342100,213,TPEX_CSV,2026-08-25 14:15:35 +0800
1150825,2026-08-25,上櫃,4523,永彰,23.90,-0.05,24.30,24.30,23.80,21000,502650,16,TPEX_CSV,2026-08-25 14:15:35 +0800
1150825,2026-08-25,上櫃,4527,方土霖,41.05,0.00,41.05,41.05,40.75,13000,531150,9,TPEX_CSV,2026-08-25 14:15:35 +0800
1150825,2026-08-25,上櫃,4528,江興鍛,15.00,+0.05,15.00,15.00,14.95,9000,134750,8,TPEX_CSV,2026-08-25 14:15:35 +0800
1150825,2026-08-25,上櫃,4529,淳紳,3.18,-0.03,3.07,3.18,3.07,22000,67990,10,TPEX_CSV,2026-08-25 14:15:35 +0800
1150825,2026-08-25,上櫃,4530,天意能創,26.70,-1.00,27.75,27.75,26.70,23000,630300,12,TPEX_CSV,2026-08-25 14:15:35 +0800
1150825,2026-08-25,上櫃,4533,協易機,25.75,-0.15,26.10,26.10,25.15,608000,15450900,356,TPEX_CSV,2026-08-25 14:15:35 +0800
1150825,2026-08-25,上櫃,4534,慶騰,29.20,-0.25,29.45,29.45,28.50,483000,13971050,258,TPEX_CSV,2026-08-25 14:15:35 +0800
1150825,2026-08-25,上櫃,4535,至興,28.70,-0.05,28.75,28.75,28.70,3000,86200,3,TPEX_CSV,2026-08-25 14:15:35 +0800
1150825,2026-08-25,上櫃,4538,大詠城,17.45,+0.05,17.35,17.60,17.35,24000,418900,17,TPEX_CSV,2026-08-25 14:15:35 +0800
1150825,2026-08-25,上櫃,4541,晟田,66.50,-0.60,66.40,67.60,64.60,1861000,122765800,1315,TPEX_CSV,2026-08-25 14:15:35 +0800
1150825,2026-08-25,上櫃,4542,科嶠,265.00,+15.00,248.50,265.00,241.00,427000,108662000,361,TPEX_CSV,2026-08-25 14:15:35 +0800
1150825,2026-08-25,上櫃,4543,萬在,30.80,除權息,31.50,31.50,29.40,126000,3810900,84,TPEX_CSV,2026-08-25 14:15:35 +0800
1150825,2026-08-25,上櫃,4549,桓達,102.00,+1.50,100.00,102.00,99.50,19000,1906200,19,TPEX_CSV,2026-08-25 14:15:35 +0800
1150825,2026-08-25,上櫃,4550,長佳,24.30,-0.15,24.15,24.30,24.10,9000,217400,6,TPEX_CSV,2026-08-25 14:15:35 +0800
1150825,2026-08-25,上櫃,4554,橙的,28.30,除權息,28.40,28.40,27.85,215000,6041300,127,TPEX_CSV,2026-08-25 14:15:35 +0800
1150825,2026-08-25,上櫃,4556,旭然,72.30,-2.00,75.10,75.10,69.00,317000,22612400,258,TPEX_CSV,2026-08-25 14:15:35 +0800
1150825,2026-08-25,上櫃,4558,寶緯,17.55,-0.20,17.70,17.70,17.15,26000,452850,19,TPEX_CSV,2026-08-25 14:15:35 +0800
1150825,2026-08-25,上櫃,4561,健椿,44.15,-0.15,44.30,44.45,42.80,244000,10653300,191,TPEX_CSV,2026-08-25 14:15:35 +0800
1150825,2026-08-25,上櫃,4563,百德,39.80,-0.10,39.15,40.25,39.15,34000,1346200,30,TPEX_CSV,2026-08-25 14:15:35 +0800
1150825,2026-08-25,上櫃,4568,科際精密,----,---,----,----,----,0,0,0,TPEX_CSV,2026-08-25 14:15:35 +0800
1150825,2026-08-25,上櫃,4577,達航科技,75.50,+1.70,74.60,75.50,70.80,236000,17151400,206,TPEX_CSV,2026-08-25 14:15:35 +0800
1150825,2026-08-25,上櫃,4580,捷流閥業,78.80,-0.20,78.90,79.00,78.40,33000,2596400,25,TPEX_CSV,2026-08-25 14:15:35 +0800
1150825,2026-08-25,上櫃,4584,君帆,39.60,-0.15,38.60,39.70,38.60,4000,156500,3,TPEX_CSV,2026-08-25 14:15:35 +0800
1150825,2026-08-25,上櫃,4609,唐鋒,4.20,-0.37,4.57,4.57,4.20,15000,63370,8,TPEX_CSV,2026-08-25 14:15:35 +0800
1150825,2026-08-25,上櫃,4702,中美實,9.62,-0.01,9.74,9.74,9.60,28000,269980,22,TPEX_CSV,2026-08-25 14:15:35 +0800
1150825,2026-08-25,上櫃,4706,大恭,32.60,-0.90,32.85,33.00,32.50,5000,163450,5,TPEX_CSV,2026-08-25 14:15:35 +0800
1150825,2026-08-25,上櫃,4707,磐亞,35.15,-0.65,35.10,35.55,33.90,5041000,174969200,2649,TPEX_CSV,2026-08-25 14:15:35 +0800
1150825,2026-08-25,上櫃,4711,永純,16.70,-0.05,16.60,16.75,16.50,30000,498550,24,TPEX_CSV,2026-08-25 14:15:35 +0800
1150825,2026-08-25,上櫃,4714,永捷,10.65,-0.10,10.75,10.75,10.60,280000,2981800,120,TPEX_CSV,2026-08-25 14:15:35 +0800
1150825,2026-08-25,上櫃,4716,大立,16.95,-0.15,17.05,17.05,16.70,251000,4236300,148,TPEX_CSV,2026-08-25 14:15:35 +0800
1150825,2026-08-25,上櫃,4721,美琪瑪,73.50,+0.60,72.00,73.50,71.70,250000,18079100,178,TPEX_CSV,2026-08-25 14:15:35 +0800
1150825,2026-08-25,上櫃,4726,永昕,24.40,-0.15,24.25,24.40,24.00,41000,990600,24,TPEX_CSV,2026-08-25 14:15:35 +0800
1150825,2026-08-25,上櫃,4728,雙美,399.00,-2.00,399.00,399.00,399.00,2000,798000,1,TPEX_CSV,2026-08-25 14:15:35 +0800
1150825,2026-08-25,上櫃,4729,熒茂,19.00,+0.30,18.55,19.00,18.50,59000,1102550,44,TPEX_CSV,2026-08-25 14:15:35 +0800
1150825,2026-08-25,上櫃,4735,豪展,38.30,+0.55,38.00,38.35,37.85,29000,1107650,25,TPEX_CSV,2026-08-25 14:15:35 +0800
1150825,2026-08-25,上櫃,4741,泓瀚,40.90,-0.75,41.65,42.10,40.05,71000,2894450,52,TPEX_CSV,2026-08-25 14:15:35 +0800
1150825,2026-08-25,上櫃,4743,合一,46.95,-0.65,47.55,47.55,46.45,1260000,58965950,795,TPEX_CSV,2026-08-25 14:15:35 +0800
1150825,2026-08-25,上櫃,4744,皇將,27.60,-0.35,28.25,28.25,27.60,31000,859800,25,TPEX_CSV,2026-08-25 14:15:35 +0800
1150825,2026-08-25,上櫃,4745,合富-KY,11.80,-0.15,11.85,11.90,11.70,36000,427250,16,TPEX_CSV,2026-08-25 14:15:35 +0800
1150825,2026-08-25,上櫃,4749,新應材,760.00,+14.00,745.00,780.00,726.00,514000,379577000,471,TPEX_CSV,2026-08-25 14:15:35 +0800
1150825,2026-08-25,上櫃,4754,國碳科,38.15,-0.25,38.40,38.40,38.15,11000,421250,10,TPEX_CSV,2026-08-25 14:15:35 +0800
1150825,2026-08-25,上櫃,4760,勤凱,251.50,-4.50,253.00,253.50,240.00,270000,66942000,256,TPEX_CSV,2026-08-25 14:15:35 +0800
1150825,2026-08-25,上櫃,4767,誠泰科技,27.50,+0.10,27.20,27.50,27.20,18000,492400,15,TPEX_CSV,2026-08-25 14:15:35 +0800
1150825,2026-08-25,上櫃,4768,晶呈科技,307.00,除權息,309.50,311.50,301.00,182000,55634500,165,TPEX_CSV,2026-08-25 14:15:35 +0800
1150825,2026-08-25,上櫃,4772,台特化,260.50,-4.00,264.50,264.50,257.00,386000,100239500,335,TPEX_CSV,2026-08-25 14:15:35 +0800
1150825,2026-08-25,上櫃,4806,桂田文創,9.27,+0.05,8.86,9.27,8.76,16000,141740,9,TPEX_CSV,2026-08-25 14:15:35 +0800
1150825,2026-08-25,上櫃,4903,聯光通,36.00,+0.05,35.55,36.30,35.35,702000,25183500,503,TPEX_CSV,2026-08-25 14:15:35 +0800
1150825,2026-08-25,上櫃,4905,台聯電,90.10,-0.40,90.50,90.50,89.10,27000,2421800,24,TPEX_CSV,2026-08-25 14:15:35 +0800
1150825,2026-08-25,上櫃,4907,富宇,46.30,除息,47.85,47.85,46.00,153000,7116150,123,TPEX_CSV,2026-08-25 14:15:35 +0800
1150825,2026-08-25,上櫃,4908,前鼎,162.00,+14.50,147.00,162.00,140.00,1653000,254130000,1289,TPEX_CSV,2026-08-25 14:15:35 +0800
1150825,2026-08-25,上櫃,4909,新復興,37.90,+0.20,37.80,38.25,37.05,125000,4684900,115,TPEX_CSV,2026-08-25 14:15:35 +0800
1150825,2026-08-25,上櫃,4911,德英,29.10,+0.05,29.10,29.10,28.90,10000,290050,10,TPEX_CSV,2026-08-25 14:15:35 +0800
1150825,2026-08-25,上櫃,4923,力士,50.60,-0.70,51.30,51.30,49.35,279000,14009750,195,TPEX_CSV,2026-08-25 14:15:35 +0800
1150825,2026-08-25,上櫃,4924,欣厚-KY,9.91,+0.17,9.74,9.93,9.74,16000,156400,9,TPEX_CSV,2026-08-25 14:15:35 +0800
1150825,2026-08-25,上櫃,4931,新盛力,245.00,-7.00,252.00,259.00,238.50,9133000,2272290500,6809,TPEX_CSV,2026-08-25 14:15:35 +0800
1150825,2026-08-25,上櫃,4933,友輝,53.50,-0.50,53.80,53.80,53.00,60000,3197600,42,TPEX_CSV,2026-08-25 14:15:35 +0800
1150825,2026-08-25,上櫃,4939,亞電,71.70,+6.50,64.00,71.70,63.50,31805000,2179848600,20232,TPEX_CSV,2026-08-25 14:15:35 +0800
1150825,2026-08-25,上櫃,4946,辣椒,92.80,0.00,92.60,92.80,90.80,20000,1837900,18,TPEX_CSV,2026-08-25 14:15:35 +0800
1150825,2026-08-25,上櫃,4950,金耘國際,15.45,-0.40,15.60,15.60,15.45,54000,835650,15,TPEX_CSV,2026-08-25 14:15:35 +0800
1150825,2026-08-25,上櫃,4951,精拓科,76.60,-0.20,76.40,76.60,75.10,150000,11355700,118,TPEX_CSV,2026-08-25 14:15:35 +0800
1150825,2026-08-25,上櫃,4953,緯致,122.50,0.00,123.00,123.00,121.50,122000,14889000,89,TPEX_CSV,2026-08-25 14:15:35 +0800
1150825,2026-08-25,上櫃,4966,譜瑞-KY,556.00,-1.00,557.00,560.00,545.00,798000,439997000,737,TPEX_CSV,2026-08-25 14:15:35 +0800
1150825,2026-08-25,上櫃,4971,IET-KY,554.00,+24.00,520.00,554.00,502.00,525000,277284000,464,TPEX_CSV,2026-08-25 14:15:35 +0800
1150825,2026-08-25,上櫃,4972,湯石照明,16.65,0.00,16.65,16.65,16.65,2000,33300,2,TPEX_CSV,2026-08-25 14:15:35 +0800
1150825,2026-08-25,上櫃,4973,廣穎,155.00,-2.50,154.00,155.00,149.50,1455000,221201500,1136,TPEX_CSV,2026-08-25 14:15:35 +0800
1150825,2026-08-25,上櫃,4974,亞泰,68.30,-0.50,68.50,68.50,67.50,94000,6377800,85,TPEX_CSV,2026-08-25 14:15:35 +0800
1150825,2026-08-25,上櫃,4979,華星光,601.00,+54.00,536.00,601.00,520.00,15635000,8816647000,12248,TPEX_CSV,2026-08-25 14:15:35 +0800
1150825,2026-08-25,上櫃,4991,環宇-KY,445.00,+10.00,435.00,451.50,418.50,3974000,1725465000,3396,TPEX_CSV,2026-08-25 14:15:35 +0800
1150825,2026-08-25,上櫃,4995,晶達,48.65,-0.30,49.00,49.00,47.90,9000,434750,9,TPEX_CSV,2026-08-25 14:15:35 +0800
1150825,2026-08-25,上櫃,5009,榮剛,33.75,-0.40,34.45,34.45,33.65,1181000,39956000,657,TPEX_CSV,2026-08-25 14:15:35 +0800
1150825,2026-08-25,上櫃,5011,久陽,17.45,-0.25,17.55,17.65,17.25,77000,1342250,49,TPEX_CSV,2026-08-25 14:15:35 +0800
1150825,2026-08-25,上櫃,5013,強新,28.00,-0.25,28.25,28.25,28.00,3000,84500,3,TPEX_CSV,2026-08-25 14:15:35 +0800
1150825,2026-08-25,上櫃,5014,建錩,10.10,0.00,10.20,10.20,10.10,122000,1234850,52,TPEX_CSV,2026-08-25 14:15:35 +0800
1150825,2026-08-25,上櫃,5015,華祺,21.40,-0.20,21.45,21.45,21.05,7000,148750,7,TPEX_CSV,2026-08-25 14:15:35 +0800
1150825,2026-08-25,上櫃,5016,松和,24.65,0.00,24.50,24.70,24.50,9000,221650,7,TPEX_CSV,2026-08-25 14:15:35 +0800
1150825,2026-08-25,上櫃,5201,凱衛,26.50,+0.10,26.35,26.50,26.00,13000,341900,7,TPEX_CSV,2026-08-25 14:15:35 +0800
1150825,2026-08-25,上櫃,5202,力新,11.95,-0.05,11.85,12.00,11.80,82000,973450,33,TPEX_CSV,2026-08-25 14:15:35 +0800
1150825,2026-08-25,上櫃,5205,中茂,20.50,-0.05,20.50,20.50,20.50,1000,20500,1,TPEX_CSV,2026-08-25 14:15:35 +0800
1150825,2026-08-25,上櫃,5206,坤悅,23.20,+0.30,23.00,23.20,22.60,137000,3148850,92,TPEX_CSV,2026-08-25 14:15:35 +0800
1150825,2026-08-25,上櫃,5209,新鼎,159.50,-0.50,160.50,160.50,158.50,66000,10491500,54,TPEX_CSV,2026-08-25 14:15:35 +0800
1150825,2026-08-25,上櫃,5210,寶碩,29.10,+0.50,28.90,29.10,28.60,74000,2133050,56,TPEX_CSV,2026-08-25 14:15:35 +0800
1150825,2026-08-25,上櫃,5211,蒙恬,19.55,+0.35,19.00,19.55,19.00,13000,250250,12,TPEX_CSV,2026-08-25 14:15:35 +0800
1150825,2026-08-25,上櫃,5212,凌網,46.65,-0.55,47.00,47.00,46.65,4000,186950,4,TPEX_CSV,2026-08-25 14:15:35 +0800
1150825,2026-08-25,上櫃,5213,亞昕,21.40,-0.25,21.65,21.65,21.35,70000,1498750,57,TPEX_CSV,2026-08-25 14:15:35 +0800
1150825,2026-08-25,上櫃,5220,萬達光電,19.85,+0.05,19.80,19.90,19.60,9000,177750,9,TPEX_CSV,2026-08-25 14:15:35 +0800
1150825,2026-08-25,上櫃,5223,安力-KY,23.30,+0.05,23.10,23.50,22.70,22000,506500,16,TPEX_CSV,2026-08-25 14:15:35 +0800
1150825,2026-08-25,上櫃,5227,立凱-KY,30.70,-0.35,31.00,31.00,30.50,169000,5185250,86,TPEX_CSV,2026-08-25 14:15:35 +0800
1150825,2026-08-25,上櫃,5228,鈺鎧,40.15,-0.70,40.80,41.25,39.35,153000,6095050,134,TPEX_CSV,2026-08-25 14:15:35 +0800
1150825,2026-08-25,上櫃,5230,雷笛克光學,17.50,0.00,17.55,17.60,17.35,39000,680700,27,TPEX_CSV,2026-08-25 14:15:35 +0800
1150825,2026-08-25,上櫃,5245,智晶,23.25,0.00,22.80,23.25,22.80,8000,185100,4,TPEX_CSV,2026-08-25 14:15:35 +0800
1150825,2026-08-25,上櫃,5251,天鉞電,25.15,+0.10,25.00,25.15,24.95,10000,250150,8,TPEX_CSV,2026-08-25 14:15:35 +0800
1150825,2026-08-25,上櫃,5263,智崴,89.00,+0.90,87.20,89.50,87.20,95000,8391800,87,TPEX_CSV,2026-08-25 14:15:35 +0800
1150825,2026-08-25,上櫃,5272,笙科,17.20,+0.35,16.75,17.20,16.70,49000,827800,31,TPEX_CSV,2026-08-25 14:15:35 +0800
1150825,2026-08-25,上櫃,5274,信驊,15400.00,+285.00,15115.00,15400.00,14805.00,184000,2773630000,160,TPEX_CSV,2026-08-25 14:15:35 +0800
1150825,2026-08-25,上櫃,5276,達輝-KY,18.45,-1.05,19.10,19.10,18.45,32000,595650,24,TPEX_CSV,2026-08-25 14:15:35 +0800
1150825,2026-08-25,上櫃,5278,尚凡*,24.40,+0.05,24.40,24.45,24.30,64000,1560000,40,TPEX_CSV,2026-08-25 14:15:35 +0800
1150825,2026-08-25,上櫃,5287,數字,155.50,+0.50,155.00,155.50,154.00,48000,7422000,44,TPEX_CSV,2026-08-25 14:15:35 +0800
1150825,2026-08-25,上櫃,5289,宜鼎,1510.00,-60.00,1545.00,1550.00,1475.00,1988000,2997970000,1706,TPEX_CSV,2026-08-25 14:15:35 +0800
1150825,2026-08-25,上櫃,5291,邑昇,58.40,+2.30,56.70,58.70,56.10,768000,44402800,586,TPEX_CSV,2026-08-25 14:15:35 +0800
1150825,2026-08-25,上櫃,5299,杰力,98.40,-0.10,98.40,98.70,96.00,192000,18619200,158,TPEX_CSV,2026-08-25 14:15:35 +0800
1150825,2026-08-25,上櫃,5301,寶得利,5.57,+0.36,5.18,5.73,5.18,20000,109050,17,TPEX_CSV,2026-08-25 14:15:35 +0800
1150825,2026-08-25,上櫃,5302,太欣,10.35,-0.10,10.45,10.45,10.20,212000,2178900,98,TPEX_CSV,2026-08-25 14:15:35 +0800
1150825,2026-08-25,上櫃,5309,系統電,52.20,-0.10,52.30,52.30,50.80,685000,35238600,494,TPEX_CSV,2026-08-25 14:15:35 +0800
1150825,2026-08-25,上櫃,5310,天剛,24.00,-0.95,24.10,24.10,24.00,5000,120100,2,TPEX_CSV,2026-08-25 14:15:35 +0800
1150825,2026-08-25,上櫃,5312,寶島科,92.10,-0.40,92.60,92.80,92.00,11000,1015200,11,TPEX_CSV,2026-08-25 14:15:35 +0800
1150825,2026-08-25,上櫃,5314,世紀*,31.45,+2.85,31.45,31.45,31.45,5355000,168414750,3510,TPEX_CSV,2026-08-25 14:15:35 +0800
1150825,2026-08-25,上櫃,5315,光聯,19.20,+0.05,19.20,19.30,19.10,75000,1440300,55,TPEX_CSV,2026-08-25 14:15:35 +0800
1150825,2026-08-25,上櫃,5321,美而快,81.00,+2.50,78.70,81.00,78.70,695000,55789500,491,TPEX_CSV,2026-08-25 14:15:35 +0800
1150825,2026-08-25,上櫃,5324,士開,12.30,0.00,12.20,12.30,12.10,254000,3098550,64,TPEX_CSV,2026-08-25 14:15:35 +0800
1150825,2026-08-25,上櫃,5328,華容,63.00,+1.10,61.20,63.00,58.70,5179000,311183800,3735,TPEX_CSV,2026-08-25 14:15:35 +0800
1150825,2026-08-25,上櫃,5340,建榮,77.00,+1.00,75.90,77.70,75.30,1510000,115469200,1097,TPEX_CSV,2026-08-25 14:15:35 +0800
1150825,2026-08-25,上櫃,5344,立衛,13.40,0.00,13.40,13.45,13.40,11000,147450,5,TPEX_CSV,2026-08-25 14:15:35 +0800
1150825,2026-08-25,上櫃,5345,馥鴻,20.90,-0.95,20.80,21.00,20.70,6000,125100,6,TPEX_CSV,2026-08-25 14:15:35 +0800
1150825,2026-08-25,上櫃,5347,世界,150.50,-0.50,151.50,151.50,146.50,9705000,1447694500,4750,TPEX_CSV,2026-08-25 14:15:35 +0800
1150825,2026-08-25,上櫃,5348,正能量智能,16.30,-0.60,15.80,16.35,15.80,3000,48450,3,TPEX_CSV,2026-08-25 14:15:35 +0800
1150825,2026-08-25,上櫃,5351,鈺創,115.50,-2.50,114.50,116.00,111.00,13787000,1561974000,8271,TPEX_CSV,2026-08-25 14:15:35 +0800
1150825,2026-08-25,上櫃,5353,台林,28.00,0.00,28.45,28.45,27.80,28000,783100,24,TPEX_CSV,2026-08-25 14:15:35 +0800
1150825,2026-08-25,上櫃,5355,佳總,5.85,+0.06,5.78,5.85,5.45,30000,173010,19,TPEX_CSV,2026-08-25 14:15:35 +0800
1150825,2026-08-25,上櫃,5356,協益,26.05,+0.35,25.75,26.25,25.65,485000,12635350,127,TPEX_CSV,2026-08-25 14:15:35 +0800
1150825,2026-08-25,上櫃,5364,力麗店,8.48,-0.02,8.57,8.57,8.41,28000,237130,19,TPEX_CSV,2026-08-25 14:15:35 +0800
1150825,2026-08-25,上櫃,5381,光譜,24.60,-0.10,24.50,24.60,24.20,220000,5367500,112,TPEX_CSV,2026-08-25 14:15:35 +0800
1150825,2026-08-25,上櫃,5386,青雲,236.00,-6.00,240.00,241.00,228.50,753000,176655500,632,TPEX_CSV,2026-08-25 14:15:35 +0800
1150825,2026-08-25,上櫃,5392,能率,45.25,-0.65,45.80,45.80,44.75,923000,41639200,641,TPEX_CSV,2026-08-25 14:15:35 +0800
1150825,2026-08-25,上櫃,5398,慕康生醫,14.25,-0.10,14.35,14.55,14.15,46000,654900,20,TPEX_CSV,2026-08-25 14:15:35 +0800
1150825,2026-08-25,上櫃,5403,中菲,92.80,+0.20,92.30,92.80,91.60,32000,2957700,21,TPEX_CSV,2026-08-25 14:15:35 +0800
1150825,2026-08-25,上櫃,5410,國眾,36.55,-0.15,36.70,36.70,36.25,229000,8330400,127,TPEX_CSV,2026-08-25 14:15:35 +0800
1150825,2026-08-25,上櫃,5425,台半,87.90,+1.80,85.70,88.10,83.80,6428000,551505100,4101,TPEX_CSV,2026-08-25 14:15:35 +0800
1150825,2026-08-25,上櫃,5426,振發,27.85,-0.15,28.00,28.00,26.90,575000,15688200,433,TPEX_CSV,2026-08-25 14:15:35 +0800
1150825,2026-08-25,上櫃,5432,新門,141.00,-6.00,146.00,146.00,137.50,93000,13176500,89,TPEX_CSV,2026-08-25 14:15:35 +0800
1150825,2026-08-25,上櫃,5438,東友,16.75,+0.10,16.70,16.90,16.70,36000,602300,21,TPEX_CSV,2026-08-25 14:15:35 +0800
1150825,2026-08-25,上櫃,5439,高技,241.50,+2.00,239.00,241.50,233.00,940000,223099500,803,TPEX_CSV,2026-08-25 14:15:35 +0800
1150825,2026-08-25,上櫃,5443,均豪,102.50,+1.00,102.00,103.50,99.00,730000,73534900,591,TPEX_CSV,2026-08-25 14:15:35 +0800
1150825,2026-08-25,上櫃,5450,南良,14.85,-0.15,15.05,15.05,14.65,119000,1761550,83,TPEX_CSV,2026-08-25 14:15:35 +0800
1150825,2026-08-25,上櫃,5452,佶優,26.85,-0.50,27.00,27.15,26.60,305000,8185800,214,TPEX_CSV,2026-08-25 14:15:35 +0800
1150825,2026-08-25,上櫃,5455,昇益,29.65,+0.30,29.30,29.65,29.30,3000,88350,3,TPEX_CSV,2026-08-25 14:15:35 +0800
1150825,2026-08-25,上櫃,5457,宣德,27.20,+0.30,26.80,27.20,26.55,149000,4010800,106,TPEX_CSV,2026-08-25 14:15:35 +0800
1150825,2026-08-25,上櫃,5460,同協,16.75,+0.65,16.00,17.00,16.00,106000,1760300,63,TPEX_CSV,2026-08-25 14:15:35 +0800
1150825,2026-08-25,上櫃,5464,霖宏,69.20,+0.60,69.90,69.90,67.00,236000,16193700,118,TPEX_CSV,2026-08-25 14:15:35 +0800
1150825,2026-08-25,上櫃,5465,富驊,24.10,-0.10,24.05,24.20,24.00,20000,481900,15,TPEX_CSV,2026-08-25 14:15:35 +0800
1150825,2026-08-25,上櫃,5468,凱鈺,25.90,-0.40,26.30,26.30,24.80,248000,6281750,132,TPEX_CSV,2026-08-25 14:15:35 +0800
1150825,2026-08-25,上櫃,5474,聰泰,150.50,-3.00,151.00,152.00,148.50,84000,12607500,79,TPEX_CSV,2026-08-25 14:15:35 +0800
1150825,2026-08-25,上櫃,5475,德宏,173.00,+13.50,156.00,173.00,156.00,1558000,255621000,1033,TPEX_CSV,2026-08-25 14:15:35 +0800
1150825,2026-08-25,上櫃,5478,智冠,98.80,+0.10,98.60,99.20,98.60,43000,4253100,37,TPEX_CSV,2026-08-25 14:15:35 +0800
1150825,2026-08-25,上櫃,5481,新華,21.50,+0.50,21.30,21.70,21.10,706000,15114550,215,TPEX_CSV,2026-08-25 14:15:35 +0800
1150825,2026-08-25,上櫃,5483,中美晶,183.00,+1.50,179.00,183.00,176.00,14403000,2592023500,9893,TPEX_CSV,2026-08-25 14:15:35 +0800
1150825,2026-08-25,上櫃,5487,通泰,29.25,-0.45,29.70,29.85,29.10,54000,1590600,35,TPEX_CSV,2026-08-25 14:15:35 +0800
1150825,2026-08-25,上櫃,5488,松普,12.20,0.00,12.00,12.30,12.00,242000,2928850,120,TPEX_CSV,2026-08-25 14:15:35 +0800
1150825,2026-08-25,上櫃,5489,彩富,41.05,+0.05,40.45,41.35,40.30,38000,1543100,34,TPEX_CSV,2026-08-25 14:15:35 +0800
1150825,2026-08-25,上櫃,5490,同亨,28.90,-0.15,29.00,29.20,28.70,634000,18307150,340,TPEX_CSV,2026-08-25 14:15:35 +0800
1150825,2026-08-25,上櫃,5493,三聯,77.80,+0.10,77.70,78.00,77.00,31000,2399200,24,TPEX_CSV,2026-08-25 14:15:35 +0800
1150825,2026-08-25,上櫃,5498,凱崴,52.10,+1.00,50.50,52.20,48.90,1357000,68378500,1057,TPEX_CSV,2026-08-25 14:15:35 +0800
1150825,2026-08-25,上櫃,5508,永信建,52.50,-0.80,53.00,53.00,52.50,169000,8914300,116,TPEX_CSV,2026-08-25 14:15:35 +0800
1150825,2026-08-25,上櫃,5511,德昌,71.70,-1.00,72.90,72.90,71.00,183000,13098500,119,TPEX_CSV,2026-08-25 14:15:35 +0800
1150825,2026-08-25,上櫃,5512,力麒,7.73,-0.04,7.77,7.80,7.69,916000,7069760,221,TPEX_CSV,2026-08-25 14:15:35 +0800
1150825,2026-08-25,上櫃,5514,三豐,14.55,0.00,14.40,14.55,14.30,14000,202200,14,TPEX_CSV,2026-08-25 14:15:35 +0800
1150825,2026-08-25,上櫃,5516,雙喜,11.90,-0.10,11.70,11.95,11.65,10000,117500,7,TPEX_CSV,2026-08-25 14:15:35 +0800
1150825,2026-08-25,上櫃,5520,力泰,----,---,----,----,----,0,0,0,TPEX_CSV,2026-08-25 14:15:35 +0800
1150825,2026-08-25,上櫃,5523,豐謙,30.35,0.00,30.20,30.35,30.20,17000,514950,12,TPEX_CSV,2026-08-25 14:15:35 +0800
1150825,2026-08-25,上櫃,5529,鉅陞,21.40,0.00,21.15,21.40,21.15,47000,997650,21,TPEX_CSV,2026-08-25 14:15:35 +0800
1150825,2026-08-25,上櫃,5530,龍巖,50.60,+0.20,50.10,50.60,50.00,127000,6373100,95,TPEX_CSV,2026-08-25 14:15:35 +0800
1150825,2026-08-25,上櫃,5536,聖暉*,853.00,-7.00,860.00,860.00,803.00,1180000,978620000,1026,TPEX_CSV,2026-08-25 14:15:35 +0800
1150825,2026-08-25,上櫃,5543,桓鼎-KY,24.80,+0.80,24.70,25.00,24.50,6000,148600,6,TPEX_CSV,2026-08-25 14:15:35 +0800
1150825,2026-08-25,上櫃,5547,久舜,19.95,+0.20,20.00,20.05,19.85,12000,239850,9,TPEX_CSV,2026-08-25 14:15:35 +0800
1150825,2026-08-25,上櫃,5548,安倉,20.45,-0.05,20.45,20.50,20.20,34000,691850,24,TPEX_CSV,2026-08-25 14:15:35 +0800
1150825,2026-08-25,上櫃,5601,台聯櫃,30.05,+0.15,30.50,30.50,29.80,3000,90350,3,TPEX_CSV,2026-08-25 14:15:35 +0800
1150825,2026-08-25,上櫃,5603,陸海,14.65,除息,14.45,15.20,14.45,221000,3268300,129,TPEX_CSV,2026-08-25 14:15:35 +0800
1150825,2026-08-25,上櫃,5604,中連,30.70,+0.05,30.70,30.70,30.70,4000,122800,4,TPEX_CSV,2026-08-25 14:15:35 +0800
1150825,2026-08-25,上櫃,5609,中菲行,79.10,-0.40,79.50,79.90,79.10,157000,12476400,117,TPEX_CSV,2026-08-25 14:15:35 +0800
1150825,2026-08-25,上櫃,5701,劍湖山,4.21,+0.10,4.11,4.21,3.96,123000,494060,62,TPEX_CSV,2026-08-25 14:15:35 +0800
1150825,2026-08-25,上櫃,5703,亞都,14.90,-0.60,15.40,15.40,14.90,3000,45700,3,TPEX_CSV,2026-08-25 14:15:35 +0800
1150825,2026-08-25,上櫃,5704,老爺知,23.50,0.00,23.45,23.50,22.95,42000,979800,33,TPEX_CSV,2026-08-25 14:15:35 +0800
1150825,2026-08-25,上櫃,5864,致和證,33.45,-0.55,33.50,33.55,33.05,1308000,43508250,571,TPEX_CSV,2026-08-25 14:15:35 +0800
1150825,2026-08-25,上櫃,5878,台名,38.60,+0.05,38.60,38.60,38.60,1000,38600,1,TPEX_CSV,2026-08-25 14:15:35 +0800
1150825,2026-08-25,上櫃,5902,德記,34.80,0.00,34.65,34.85,34.65,24000,833300,10,TPEX_CSV,2026-08-25 14:15:35 +0800
1150825,2026-08-25,上櫃,5903,全家,185.50,0.00,186.50,186.50,185.50,3000,557500,3,TPEX_CSV,2026-08-25 14:15:35 +0800
1150825,2026-08-25,上櫃,5904,寶雅*,74.90,-1.00,75.50,76.20,74.30,5385000,403759200,3085,TPEX_CSV,2026-08-25 14:15:35 +0800
1150825,2026-08-25,上櫃,5905,南仁湖,7.90,-0.02,7.92,7.95,7.88,161000,1272460,88,TPEX_CSV,2026-08-25 14:15:35 +0800
1150825,2026-08-25,上櫃,6015,宏遠證,15.55,-0.25,15.75,15.75,15.45,968000,15069850,385,TPEX_CSV,2026-08-25 14:15:35 +0800
1150825,2026-08-25,上櫃,6016,康和證,19.30,-0.05,19.20,19.30,19.00,1432000,27369400,571,TPEX_CSV,2026-08-25 14:15:35 +0800
1150825,2026-08-25,上櫃,6020,大展證,20.50,-0.05,20.55,20.60,20.40,27000,552800,11,TPEX_CSV,2026-08-25 14:15:35 +0800
1150825,2026-08-25,上櫃,6021,美好證,38.75,-0.10,39.00,39.00,38.25,66000,2540500,42,TPEX_CSV,2026-08-25 14:15:35 +0800
1150825,2026-08-25,上櫃,6023,元大期,82.00,-0.60,82.20,82.20,81.70,344000,28197800,229,TPEX_CSV,2026-08-25 14:15:35 +0800
1150825,2026-08-25,上櫃,6026,福邦證,14.70,0.00,14.65,14.70,14.50,588000,8583950,200,TPEX_CSV,2026-08-25 14:15:35 +0800
1150825,2026-08-25,上櫃,6028,公勝保經,96.70,+3.60,96.00,97.00,92.00,32000,3043900,31,TPEX_CSV,2026-08-25 14:15:35 +0800
1150825,2026-08-25,上櫃,6101,寬魚國際,38.00,-0.45,38.50,39.20,37.70,281000,10807100,263,TPEX_CSV,2026-08-25 14:15:35 +0800
1150825,2026-08-25,上櫃,6103,合邦,35.40,+3.20,32.45,35.40,32.45,12000,418500,11,TPEX_CSV,2026-08-25 14:15:35 +0800
1150825,2026-08-25,上櫃,6104,創惟,97.30,+0.80,96.50,97.30,94.80,484000,46370500,363,TPEX_CSV,2026-08-25 14:15:35 +0800
1150825,2026-08-25,上櫃,6109,亞元,10.75,0.00,10.85,10.85,10.70,54000,581600,39,TPEX_CSV,2026-08-25 14:15:35 +0800
1150825,2026-08-25,上櫃,6111,光聚晶電,36.15,-0.05,36.10,36.35,35.80,78000,2804600,55,TPEX_CSV,2026-08-25 14:15:35 +0800
1150825,2026-08-25,上櫃,6113,亞矽,22.75,-0.65,23.40,23.40,22.65,89000,2030750,54,TPEX_CSV,2026-08-25 14:15:35 +0800
1150825,2026-08-25,上櫃,6114,久威,25.55,+0.45,25.05,25.55,25.05,11000,279650,10,TPEX_CSV,2026-08-25 14:15:35 +0800
1150825,2026-08-25,上櫃,6118,建達,15.35,0.00,15.30,15.45,15.20,27000,412700,22,TPEX_CSV,2026-08-25 14:15:35 +0800
1150825,2026-08-25,上櫃,6121,新普,398.00,+7.00,393.00,398.00,388.50,357000,140205500,322,TPEX_CSV,2026-08-25 14:15:35 +0800
1150825,2026-08-25,上櫃,6122,擎邦,48.90,+0.25,48.60,49.00,48.30,199000,9694350,126,TPEX_CSV,2026-08-25 14:15:35 +0800
1150825,2026-08-25,上櫃,6123,上奇,43.30,0.00,43.40,43.40,43.15,19000,821700,19,TPEX_CSV,2026-08-25 14:15:35 +0800
1150825,2026-08-25,上櫃,6124,業強,----,---,----,----,----,0,0,0,TPEX_CSV,2026-08-25 14:15:35 +0800
1150825,2026-08-25,上櫃,6125,廣運,51.60,-0.80,51.80,51.80,50.20,1332000,67652300,956,TPEX_CSV,2026-08-25 14:15:35 +0800
1150825,2026-08-25,上櫃,6126,信音,29.75,+0.30,29.60,29.75,29.25,224000,6595250,152,TPEX_CSV,2026-08-25 14:15:35 +0800
1150825,2026-08-25,上櫃,6127,九豪,47.75,-0.45,48.00,48.00,46.15,1459000,68444800,974,TPEX_CSV,2026-08-25 14:15:35 +0800
1150825,2026-08-25,上櫃,6129,普誠,13.45,+0.05,13.15,13.55,13.15,613000,8167000,270,TPEX_CSV,2026-08-25 14:15:35 +0800
1150825,2026-08-25,上櫃,6130,上亞科技,27.10,0.00,27.70,27.75,26.95,78000,2116300,39,TPEX_CSV,2026-08-25 14:15:35 +0800
1150825,2026-08-25,上櫃,6134,萬旭,28.10,+0.05,28.10,28.20,27.70,79000,2207800,66,TPEX_CSV,2026-08-25 14:15:35 +0800
1150825,2026-08-25,上櫃,6138,茂達,283.00,+7.50,276.00,283.00,268.50,434000,119370500,389,TPEX_CSV,2026-08-25 14:15:35 +0800
1150825,2026-08-25,上櫃,6140,訊達,17.25,-0.30,17.60,17.60,17.00,61000,1050800,44,TPEX_CSV,2026-08-25 14:15:35 +0800
1150825,2026-08-25,上櫃,6143,振曜,89.20,-0.60,89.40,89.40,88.50,183000,16261000,152,TPEX_CSV,2026-08-25 14:15:35 +0800
1150825,2026-08-25,上櫃,6144,得利影,12.90,-0.55,13.40,13.45,12.75,34000,441700,24,TPEX_CSV,2026-08-25 14:15:35 +0800
1150825,2026-08-25,上櫃,6146,耕興,195.00,+1.00,192.00,195.00,189.50,431000,82753500,388,TPEX_CSV,2026-08-25 14:15:35 +0800
1150825,2026-08-25,上櫃,6147,頎邦,169.00,+12.00,157.00,171.00,152.00,22562000,3661907500,12682,TPEX_CSV,2026-08-25 14:15:35 +0800
1150825,2026-08-25,上櫃,6148,驊宏資,27.40,0.00,27.20,27.40,26.90,121000,3274500,84,TPEX_CSV,2026-08-25 14:15:35 +0800
1150825,2026-08-25,上櫃,6150,撼訊,60.80,-0.90,62.40,62.50,60.50,113000,6886000,93,TPEX_CSV,2026-08-25 14:15:35 +0800
1150825,2026-08-25,上櫃,6151,晉倫,35.90,-0.05,35.60,36.20,35.50,65000,2320000,42,TPEX_CSV,2026-08-25 14:15:35 +0800
1150825,2026-08-25,上櫃,6154,順發,13.85,0.00,13.95,14.00,13.80,21000,291350,12,TPEX_CSV,2026-08-25 14:15:35 +0800
1150825,2026-08-25,上櫃,6156,松上,20.55,-0.25,20.75,20.75,20.20,379000,7720700,222,TPEX_CSV,2026-08-25 14:15:35 +0800
1150825,2026-08-25,上櫃,6158,禾昌,16.45,-0.05,16.15,16.45,16.15,25000,407250,21,TPEX_CSV,2026-08-25 14:15:35 +0800
1150825,2026-08-25,上櫃,6160,欣技,15.40,+0.15,15.70,15.70,15.00,104000,1603950,68,TPEX_CSV,2026-08-25 14:15:35 +0800
1150825,2026-08-25,上櫃,6161,捷波,50.20,-1.40,51.50,51.50,49.95,95000,4774950,76,TPEX_CSV,2026-08-25 14:15:35 +0800
1150825,2026-08-25,上櫃,6163,華電網,42.00,+0.25,41.70,42.00,40.75,386000,15929250,257,TPEX_CSV,2026-08-25 14:15:35 +0800
1150825,2026-08-25,上櫃,6167,久正,10.50,-0.15,10.55,10.55,10.40,208000,2173950,47,TPEX_CSV,2026-08-25 14:15:35 +0800
1150825,2026-08-25,上櫃,6169,昱泉,12.30,-0.20,12.30,12.30,12.30,2000,24600,2,TPEX_CSV,2026-08-25 14:15:35 +0800
1150825,2026-08-25,上櫃,6170,統振,47.90,+0.25,47.50,48.30,47.50,250000,11980550,149,TPEX_CSV,2026-08-25 14:15:35 +0800
1150825,2026-08-25,上櫃,6171,大城地產,23.95,+0.35,23.90,23.95,23.60,46000,1091300,35,TPEX_CSV,2026-08-25 14:15:35 +0800
1150825,2026-08-25,上櫃,6173,信昌電,203.50,+0.50,201.00,205.00,190.50,6388000,1254669000,4799,TPEX_CSV,2026-08-25 14:15:35 +0800
1150825,2026-08-25,上櫃,6174,安碁,45.55,+1.50,43.90,46.20,43.10,1089000,48941750,841,TPEX_CSV,2026-08-25 14:15:35 +0800
1150825,2026-08-25,上櫃,6175,立敦,71.80,-1.40,73.00,73.20,70.30,811000,57930800,601,TPEX_CSV,2026-08-25 14:15:35 +0800
1150825,2026-08-25,上櫃,6179,亞通,27.40,+0.45,27.55,27.80,27.05,2554000,70006100,1240,TPEX_CSV,2026-08-25 14:15:35 +0800
1150825,2026-08-25,上櫃,6180,橘子,41.60,+0.10,41.40,41.60,40.85,252000,10389850,134,TPEX_CSV,2026-08-25 14:15:35 +0800
1150825,2026-08-25,上櫃,6182,合晶,108.00,-2.00,108.50,111.50,104.50,57639000,6222610000,29894,TPEX_CSV,2026-08-25 14:15:35 +0800
1150825,2026-08-25,上櫃,6185,幃翔,12.65,-0.20,12.90,12.90,12.50,645000,8127250,399,TPEX_CSV,2026-08-25 14:15:35 +0800
1150825,2026-08-25,上櫃,6186,新潤,33.65,+0.35,33.35,33.70,33.15,256000,8551800,157,TPEX_CSV,2026-08-25 14:15:35 +0800
1150825,2026-08-25,上櫃,6187,萬潤,1270.00,+65.00,1190.00,1270.00,1165.00,2179000,2661590000,1685,TPEX_CSV,2026-08-25 14:15:35 +0800
1150825,2026-08-25,上櫃,6188,廣明,67.50,0.00,67.50,67.90,66.20,571000,38190900,475,TPEX_CSV,2026-08-25 14:15:35 +0800
1150825,2026-08-25,上櫃,6190,萬泰科,66.80,+1.80,64.70,66.90,64.10,907000,59416400,676,TPEX_CSV,2026-08-25 14:15:35 +0800
1150825,2026-08-25,上櫃,6194,育富,29.50,+0.05,29.60,29.65,29.50,45000,1328400,16,TPEX_CSV,2026-08-25 14:15:35 +0800
1150825,2026-08-25,上櫃,6195,詩肯,28.00,+0.10,27.75,28.00,27.75,16000,445600,10,TPEX_CSV,2026-08-25 14:15:35 +0800
1150825,2026-08-25,上櫃,6198,瑞築,19.80,+0.30,19.50,19.80,19.50,2000,39300,2,TPEX_CSV,2026-08-25 14:15:35 +0800
1150825,2026-08-25,上櫃,6199,天品,93.70,+0.20,92.70,94.10,91.80,754000,70372000,329,TPEX_CSV,2026-08-25 14:15:35 +0800
1150825,2026-08-25,上櫃,6203,海韻電,59.90,0.00,59.60,59.90,59.60,44000,2625400,42,TPEX_CSV,2026-08-25 14:15:35 +0800
1150825,2026-08-25,上櫃,6204,艾華,81.80,-3.10,85.00,85.00,80.60,110000,9046000,96,TPEX_CSV,2026-08-25 14:15:35 +0800
1150825,2026-08-25,上櫃,6207,雷科,100.50,+0.50,100.00,101.50,96.20,1689000,166431700,1359,TPEX_CSV,2026-08-25 14:15:35 +0800
1150825,2026-08-25,上櫃,6208,日揚,81.50,-0.10,81.60,81.90,81.20,241000,19644300,143,TPEX_CSV,2026-08-25 14:15:35 +0800
1150825,2026-08-25,上櫃,6210,慶生,17.70,0.00,17.70,17.70,17.25,5000,87650,5,TPEX_CSV,2026-08-25 14:15:35 +0800
1150825,2026-08-25,上櫃,6212,理銘,31.50,+0.40,31.50,31.50,31.50,1000,31500,1,TPEX_CSV,2026-08-25 14:15:35 +0800
1150825,2026-08-25,上櫃,6217,中探針,154.00,+6.00,149.00,155.00,141.00,1725000,255383500,1430,TPEX_CSV,2026-08-25 14:15:35 +0800
1150825,2026-08-25,上櫃,6218,豪勉,40.50,+1.90,38.70,40.95,38.00,1820000,71942850,1207,TPEX_CSV,2026-08-25 14:15:35 +0800
1150825,2026-08-25,上櫃,6219,富旺,12.30,0.00,12.20,12.30,12.10,62000,756800,31,TPEX_CSV,2026-08-25 14:15:35 +0800
1150825,2026-08-25,上櫃,6220,岳豐,25.80,+0.20,25.25,25.80,25.05,87000,2214650,68,TPEX_CSV,2026-08-25 14:15:35 +0800
1150825,2026-08-25,上櫃,6221,晉泰,22.90,+0.10,23.00,23.00,22.70,70000,1597200,47,TPEX_CSV,2026-08-25 14:15:35 +0800
1150825,2026-08-25,上櫃,6222,立軒,20.20,+0.05,20.15,20.40,20.15,3000,60750,3,TPEX_CSV,2026-08-25 14:15:35 +0800
1150825,2026-08-25,上櫃,6223,旺矽,5600.00,+35.00,5485.00,5645.00,5370.00,405000,2223880000,393,TPEX_CSV,2026-08-25 14:15:35 +0800
1150825,2026-08-25,上櫃,6227,茂綸,117.50,-1.50,120.00,120.00,115.50,240000,28059000,211,TPEX_CSV,2026-08-25 14:15:35 +0800
1150825,2026-08-25,上櫃,6228,全譜,16.85,-0.50,17.20,17.20,16.50,6000,100050,5,TPEX_CSV,2026-08-25 14:15:35 +0800
1150825,2026-08-25,上櫃,6229,研通,23.30,0.00,23.40,23.55,23.10,41000,953250,32,TPEX_CSV,2026-08-25 14:15:35 +0800
1150825,2026-08-25,上櫃,6231,系微,210.00,0.00,209.00,215.00,205.50,204000,42697500,169,TPEX_CSV,2026-08-25 14:15:35 +0800
1150825,2026-08-25,上櫃,6233,旺玖,21.35,+0.10,21.05,21.40,20.95,93000,1960900,40,TPEX_CSV,2026-08-25 14:15:35 +0800
1150825,2026-08-25,上櫃,6234,高僑,35.05,+0.15,34.80,35.15,33.55,148000,5060300,127,TPEX_CSV,2026-08-25 14:15:35 +0800
1150825,2026-08-25,上櫃,6236,中湛,----,---,----,----,----,0,0,0,TPEX_CSV,2026-08-25 14:15:35 +0800
1150825,2026-08-25,上櫃,6237,驊訊,33.75,+0.25,33.30,33.75,32.80,64000,2125700,59,TPEX_CSV,2026-08-25 14:15:35 +0800
1150825,2026-08-25,上櫃,6240,松崗,23.35,+1.30,22.10,24.25,20.70,100000,2325750,70,TPEX_CSV,2026-08-25 14:15:35 +0800
1150825,2026-08-25,上櫃,6241,鑫永洋,17.15,-1.85,17.55,18.05,17.10,287000,4954400,148,TPEX_CSV,2026-08-25 14:15:35 +0800
1150825,2026-08-25,上櫃,6242,立康,34.00,0.00,33.70,34.00,33.65,4000,135350,4,TPEX_CSV,2026-08-25 14:15:35 +0800
1150825,2026-08-25,上櫃,6244,茂迪,24.55,0.00,24.45,24.70,24.10,1871000,45636750,1005,TPEX_CSV,2026-08-25 14:15:35 +0800
1150825,2026-08-25,上櫃,6245,立端,81.20,-0.40,81.30,81.40,80.50,339000,27442300,266,TPEX_CSV,2026-08-25 14:15:35 +0800
1150825,2026-08-25,上櫃,6246,臺龍,12.20,-0.20,12.20,12.25,12.15,22000,268150,19,TPEX_CSV,2026-08-25 14:15:35 +0800
1150825,2026-08-25,上櫃,6248,沛波,16.90,除息,17.05,17.10,16.75,341000,5777250,188,TPEX_CSV,2026-08-25 14:15:35 +0800
1150825,2026-08-25,上櫃,6259,百徽,29.35,-0.25,29.50,29.60,28.30,305000,8783700,222,TPEX_CSV,2026-08-25 14:15:35 +0800
1150825,2026-08-25,上櫃,6261,久元,79.90,+1.30,78.80,80.00,77.30,338000,26614500,284,TPEX_CSV,2026-08-25 14:15:35 +0800
1150825,2026-08-25,上櫃,6263,普萊德,163.50,+2.00,161.00,163.50,160.00,61000,9882500,56,TPEX_CSV,2026-08-25 14:15:35 +0800
1150825,2026-08-25,上櫃,6264,富裔,6.03,0.00,5.92,6.03,5.90,18000,107130,13,TPEX_CSV,2026-08-25 14:15:35 +0800
1150825,2026-08-25,上櫃,6265,方土昶,59.40,-2.80,61.70,61.70,58.70,6506000,389607300,4176,TPEX_CSV,2026-08-25 14:15:35 +0800
1150825,2026-08-25,上櫃,6266,泰詠,25.15,0.00,25.00,25.15,24.85,78000,1946700,57,TPEX_CSV,2026-08-25 14:15:35 +0800
1150825,2026-08-25,上櫃,6270,倍微,29.10,-0.10,28.85,29.10,28.40,116000,3328750,93,TPEX_CSV,2026-08-25 14:15:35 +0800
1150825,2026-08-25,上櫃,6274,台燿,1485.00,+30.00,1430.00,1485.00,1395.00,5255000,7515485000,4253,TPEX_CSV,2026-08-25 14:15:35 +0800
1150825,2026-08-25,上櫃,6275,元山,44.35,-0.50,45.40,45.40,44.00,179000,7939350,142,TPEX_CSV,2026-08-25 14:15:35 +0800
1150825,2026-08-25,上櫃,6276,安鈦克,20.70,+0.85,19.85,21.10,19.85,27000,551650,25,TPEX_CSV,2026-08-25 14:15:35 +0800
1150825,2026-08-25,上櫃,6279,胡連,127.50,+1.00,126.00,128.00,125.00,305000,38673000,237,TPEX_CSV,2026-08-25 14:15:35 +0800
1150825,2026-08-25,上櫃,6284,佳邦,77.00,+2.20,74.80,77.00,73.30,1042000,78166800,756,TPEX_CSV,2026-08-25 14:15:35 +0800
1150825,2026-08-25,上櫃,6290,良維,239.00,+10.00,227.50,239.00,216.00,9063000,2049191500,6850,TPEX_CSV,2026-08-25 14:15:35 +0800
1150825,2026-08-25,上櫃,6291,沛亨,383.50,+17.50,359.00,384.00,352.00,446000,163940000,406,TPEX_CSV,2026-08-25 14:15:35 +0800
1150825,2026-08-25,上櫃,6292,迅德,61.00,-0.20,60.10,61.30,59.80,86000,5194100,78,TPEX_CSV,2026-08-25 14:15:35 +0800
1150825,2026-08-25,上櫃,6294,智基,28.65,-0.15,28.60,28.65,28.60,3000,85900,3,TPEX_CSV,2026-08-25 14:15:35 +0800
1150825,2026-08-25,上櫃,6411,晶焱,77.80,+0.30,77.50,78.00,76.10,200000,15386500,163,TPEX_CSV,2026-08-25 14:15:35 +0800
1150825,2026-08-25,上櫃,6417,韋僑,108.00,-1.00,108.00,108.50,105.50,53000,5674000,51,TPEX_CSV,2026-08-25 14:15:35 +0800
1150825,2026-08-25,上櫃,6418,詠昇,33.00,+0.70,32.55,33.75,32.00,108000,3576250,80,TPEX_CSV,2026-08-25 14:15:35 +0800
1150825,2026-08-25,上櫃,6419,京晨科,153.00,-6.00,158.00,158.00,151.50,332000,50882500,291,TPEX_CSV,2026-08-25 14:15:35 +0800
1150825,2026-08-25,上櫃,6423,億而得,79.60,+0.20,78.80,79.60,77.80,20000,1574500,20,TPEX_CSV,2026-08-25 14:15:35 +0800
1150825,2026-08-25,上櫃,6425,易發,58.80,+1.30,58.50,58.80,56.20,185000,10642500,156,TPEX_CSV,2026-08-25 14:15:35 +0800
1150825,2026-08-25,上櫃,6432,今展科,62.00,-2.80,64.40,64.40,60.50,867000,53796100,620,TPEX_CSV,2026-08-25 14:15:35 +0800
1150825,2026-08-25,上櫃,6435,大中,261.50,+7.00,254.50,262.50,251.00,519000,133176000,471,TPEX_CSV,2026-08-25 14:15:35 +0800
1150825,2026-08-25,上櫃,6441,廣錠,21.25,-0.35,21.90,21.90,21.20,29000,621450,23,TPEX_CSV,2026-08-25 14:15:35 +0800
1150825,2026-08-25,上櫃,6461,益得,15.85,+0.15,15.70,15.85,15.65,50000,786950,32,TPEX_CSV,2026-08-25 14:15:35 +0800
1150825,2026-08-25,上櫃,6462,神盾,99.40,+0.50,98.90,99.40,97.80,240000,23664300,182,TPEX_CSV,2026-08-25 14:15:35 +0800
1150825,2026-08-25,上櫃,6465,威潤,45.55,0.00,46.35,46.35,43.60,172000,7674950,136,TPEX_CSV,2026-08-25 14:15:35 +0800
1150825,2026-08-25,上櫃,6469,大樹,68.60,-0.60,69.00,69.00,68.40,284000,19483800,232,TPEX_CSV,2026-08-25 14:15:35 +0800
1150825,2026-08-25,上櫃,6470,宇智,41.70,-0.05,41.50,42.25,41.20,30000,1245050,28,TPEX_CSV,2026-08-25 14:15:35 +0800
1150825,2026-08-25,上櫃,6474,華豫寧,38.80,-0.20,38.95,38.95,38.60,52000,2013750,29,TPEX_CSV,2026-08-25 14:15:35 +0800
1150825,2026-08-25,上櫃,6482,弘煜科,25.00,除息,26.80,26.80,24.80,139000,3497250,101,TPEX_CSV,2026-08-25 14:15:35 +0800
1150825,2026-08-25,上櫃,6485,點序,59.40,-0.50,59.10,59.60,57.50,179000,10414100,143,TPEX_CSV,2026-08-25 14:15:35 +0800
1150825,2026-08-25,上櫃,6486,互動,74.10,+0.20,73.90,74.10,73.50,57000,4210000,51,TPEX_CSV,2026-08-25 14:15:35 +0800
1150825,2026-08-25,上櫃,6488,環球晶,980.00,-30.00,989.00,998.00,940.00,9190000,8922755000,7743,TPEX_CSV,2026-08-25 14:15:35 +0800
1150825,2026-08-25,上櫃,6492,生華科,35.50,+0.85,35.00,35.75,34.70,497000,17493350,385,TPEX_CSV,2026-08-25 14:15:35 +0800
1150825,2026-08-25,上櫃,6494,九齊,53.30,-0.20,53.20,53.40,52.40,93000,4915500,73,TPEX_CSV,2026-08-25 14:15:35 +0800
1150825,2026-08-25,上櫃,6496,科懋,24.50,+0.25,24.55,24.55,24.20,6000,146350,6,TPEX_CSV,2026-08-25 14:15:35 +0800
1150825,2026-08-25,上櫃,6498,久禾光,73.90,-0.90,74.10,74.30,72.80,66000,4848700,61,TPEX_CSV,2026-08-25 14:15:35 +0800
1150825,2026-08-25,上櫃,6499,益安,65.40,+1.30,63.60,65.60,63.60,133000,8616000,103,TPEX_CSV,2026-08-25 14:15:35 +0800
1150825,2026-08-25,上櫃,6506,雙邦,17.55,0.00,17.60,17.75,17.55,49000,867750,24,TPEX_CSV,2026-08-25 14:15:35 +0800
1150825,2026-08-25,上櫃,6508,惠光,26.00,+0.10,26.65,26.65,25.80,30000,783400,27,TPEX_CSV,2026-08-25 14:15:35 +0800
1150825,2026-08-25,上櫃,6509,聚和,44.80,-0.25,45.05,45.05,44.25,705000,31360950,449,TPEX_CSV,2026-08-25 14:15:35 +0800
1150825,2026-08-25,上櫃,6510,精測,2680.00,+30.00,2600.00,2695.00,2570.00,131000,344505000,128,TPEX_CSV,2026-08-25 14:15:35 +0800
1150825,2026-08-25,上櫃,6512,啟發電,----,---,----,----,----,0,0,0,TPEX_CSV,2026-08-25 14:15:35 +0800
1150825,2026-08-25,上櫃,6516,勤崴國際,57.50,-0.40,57.40,57.70,56.90,30000,1717900,28,TPEX_CSV,2026-08-25 14:15:35 +0800
1150825,2026-08-25,上櫃,6517,保勝光學,65.20,+1.10,64.00,65.60,62.80,384000,24603200,315,TPEX_CSV,2026-08-25 14:15:35 +0800
1150825,2026-08-25,上櫃,6523,達爾膚,90.00,-0.10,89.90,90.00,89.90,9000,809300,7,TPEX_CSV,2026-08-25 14:15:35 +0800
1150825,2026-08-25,上櫃,6527,明達醫,75.60,+0.30,75.50,76.00,75.50,34000,2569600,15,TPEX_CSV,2026-08-25 14:15:35 +0800
1150825,2026-08-25,上櫃,6530,創威,84.60,+4.20,79.30,85.20,78.30,949000,78394000,805,TPEX_CSV,2026-08-25 14:15:35 +0800
1150825,2026-08-25,上櫃,6532,瑞耘,89.30,-0.70,89.70,89.70,87.50,433000,38434100,372,TPEX_CSV,2026-08-25 14:15:35 +0800
1150825,2026-08-25,上櫃,6535,順藥,77.50,+0.10,77.40,78.10,73.80,597000,44914800,469,TPEX_CSV,2026-08-25 14:15:35 +0800
1150825,2026-08-25,上櫃,6538,倉和,205.50,+12.50,200.00,210.50,192.00,5277000,1067154000,3780,TPEX_CSV,2026-08-25 14:15:35 +0800
1150825,2026-08-25,上櫃,6542,隆中,44.30,-0.55,44.00,44.30,44.00,2000,88300,2,TPEX_CSV,2026-08-25 14:15:35 +0800
1150825,2026-08-25,上櫃,6546,正基,62.40,-0.30,62.80,63.00,61.60,175000,10861600,113,TPEX_CSV,2026-08-25 14:15:35 +0800
1150825,2026-08-25,上櫃,6547,高端疫苗,56.30,+0.80,55.50,56.70,54.90,4032000,225487300,2153,TPEX_CSV,2026-08-25 14:15:35 +0800
1150825,2026-08-25,上櫃,6548,長科*,70.30,-0.50,70.80,70.80,67.40,1977000,135672400,1411,TPEX_CSV,2026-08-25 14:15:35 +0800
1150825,2026-08-25,上櫃,6556,勝品,62.00,+2.80,59.30,62.50,59.30,23000,1403200,20,TPEX_CSV,2026-08-25 14:15:35 +0800
1150825,2026-08-25,上櫃,6560,欣普羅,30.95,-0.65,30.55,30.95,30.50,9000,275700,7,TPEX_CSV,2026-08-25 14:15:35 +0800
1150825,2026-08-25,上櫃,6561,是方,322.00,+1.00,318.50,322.00,318.50,28000,8951000,26,TPEX_CSV,2026-08-25 14:15:35 +0800
1150825,2026-08-25,上櫃,6568,宏觀,127.50,+2.50,126.50,128.50,124.00,68000,8573000,65,TPEX_CSV,2026-08-25 14:15:35 +0800
1150825,2026-08-25,上櫃,6569,醫揚,91.30,-1.20,91.10,91.30,90.80,36000,3281300,34,TPEX_CSV,2026-08-25 14:15:35 +0800
1150825,2026-08-25,上櫃,6570,維田,52.90,+0.30,52.00,53.00,51.70,85000,4426800,60,TPEX_CSV,2026-08-25 14:15:35 +0800
1150825,2026-08-25,上櫃,6574,霈方,118.50,0.00,118.00,118.50,112.50,80000,9237000,51,TPEX_CSV,2026-08-25 14:15:35 +0800
1150825,2026-08-25,上櫃,6576,逸達,79.40,0.00,78.90,79.40,78.10,60000,4730200,50,TPEX_CSV,2026-08-25 14:15:35 +0800
1150825,2026-08-25,上櫃,6577,勁豐,80.00,-1.40,80.00,80.70,79.60,46000,3682900,39,TPEX_CSV,2026-08-25 14:15:35 +0800
1150825,2026-08-25,上櫃,6578,達邦蛋白,18.05,-0.20,17.90,18.05,17.70,41000,729550,34,TPEX_CSV,2026-08-25 14:15:35 +0800
1150825,2026-08-25,上櫃,6584,南俊國際,594.00,+8.00,586.00,595.00,577.00,275000,160812000,270,TPEX_CSV,2026-08-25 14:15:35 +0800
1150825,2026-08-25,上櫃,6588,東典光電,111.50,+10.00,99.50,111.50,97.00,3363000,356035300,2464,TPEX_CSV,2026-08-25 14:15:35 +0800
1150825,2026-08-25,上櫃,6590,普鴻,64.50,+0.20,64.00,64.50,64.00,8000,515500,6,TPEX_CSV,2026-08-25 14:15:35 +0800
1150825,2026-08-25,上櫃,6593,台灣銘板,32.15,-0.50,32.15,32.15,32.15,1000,32150,1,TPEX_CSV,2026-08-25 14:15:35 +0800
1150825,2026-08-25,上櫃,6596,寬宏藝術,96.30,+0.10,96.20,96.50,95.60,95000,9132000,81,TPEX_CSV,2026-08-25 14:15:35 +0800
1150825,2026-08-25,上櫃,6597,立誠,72.20,0.00,72.00,72.20,71.90,10000,721300,9,TPEX_CSV,2026-08-25 14:15:35 +0800
1150825,2026-08-25,上櫃,6603,富強鑫,26.25,-0.15,26.20,26.40,25.85,861000,22455200,444,TPEX_CSV,2026-08-25 14:15:35 +0800
1150825,2026-08-25,上櫃,6609,瀧澤科,39.55,+0.05,39.00,39.85,38.75,55000,2152700,48,TPEX_CSV,2026-08-25 14:15:35 +0800
1150825,2026-08-25,上櫃,6612,奈米醫材,73.50,+0.40,72.20,73.70,72.00,55000,4008700,41,TPEX_CSV,2026-08-25 14:15:35 +0800
1150825,2026-08-25,上櫃,6613,朋億*,247.50,-3.50,251.00,251.00,243.00,254000,62389500,229,TPEX_CSV,2026-08-25 14:15:35 +0800
1150825,2026-08-25,上櫃,6615,慧智,33.95,-0.45,33.95,33.95,33.95,1000,33950,1,TPEX_CSV,2026-08-25 14:15:35 +0800
1150825,2026-08-25,上櫃,6616,特昇-KY,8.32,-0.08,8.42,8.42,8.15,20000,165210,17,TPEX_CSV,2026-08-25 14:15:35 +0800
1150825,2026-08-25,上櫃,6617,共信-KY,115.50,+4.50,112.00,118.00,111.00,2252000,259051000,1597,TPEX_CSV,2026-08-25 14:15:35 +0800
1150825,2026-08-25,上櫃,6620,漢達,74.60,-1.20,75.80,75.80,74.10,297000,22145100,211,TPEX_CSV,2026-08-25 14:15:35 +0800
1150825,2026-08-25,上櫃,6624,萬年清,42.80,+0.50,42.85,42.85,42.70,4000,171100,4,TPEX_CSV,2026-08-25 14:15:35 +0800
1150825,2026-08-25,上櫃,6629,泰金-KY,110.50,-1.00,110.00,111.00,109.50,5000,550500,5,TPEX_CSV,2026-08-25 14:15:35 +0800
1150825,2026-08-25,上櫃,6637,醫影,62.60,-0.40,62.20,62.60,62.20,25000,1558200,21,TPEX_CSV,2026-08-25 14:15:35 +0800
1150825,2026-08-25,上櫃,6640,均華,980.00,+12.00,955.00,986.00,928.00,156000,148726000,154,TPEX_CSV,2026-08-25 14:15:35 +0800
1150825,2026-08-25,上櫃,6642,富致,76.60,+0.70,75.90,76.60,74.50,89000,6705900,66,TPEX_CSV,2026-08-25 14:15:35 +0800
1150825,2026-08-25,上櫃,6643,M31,414.50,+8.50,402.50,414.50,399.00,128000,52037000,110,TPEX_CSV,2026-08-25 14:15:35 +0800
1150825,2026-08-25,上櫃,6649,台生材,35.35,+0.05,35.60,35.60,35.00,9000,317350,8,TPEX_CSV,2026-08-25 14:15:35 +0800
1150825,2026-08-25,上櫃,6651,全宇昕,142.00,+3.00,139.00,142.00,137.00,151000,21006500,108,TPEX_CSV,2026-08-25 14:15:35 +0800
1150825,2026-08-25,上櫃,6654,天正國際,163.00,-1.50,162.00,163.00,161.50,3000,486500,3,TPEX_CSV,2026-08-25 14:15:35 +0800
1150825,2026-08-25,上櫃,6661,威健生技,----,---,----,----,----,0,0,0,TPEX_CSV,2026-08-25 14:15:35 +0800
1150825,2026-08-25,上櫃,6662,樂斯科,----,---,----,----,----,0,0,0,TPEX_CSV,2026-08-25 14:15:35 +0800
1150825,2026-08-25,上櫃,6664,群翊,346.00,-7.00,346.00,352.00,333.50,556000,188860000,508,TPEX_CSV,2026-08-25 14:15:35 +0800
1150825,2026-08-25,上櫃,6667,信紘科,218.50,除權,217.00,219.00,215.00,80000,17356000,73,TPEX_CSV,2026-08-25 14:15:35 +0800
1150825,2026-08-25,上櫃,6679,鈺太,198.00,+1.50,196.00,198.00,192.00,138000,26853500,114,TPEX_CSV,2026-08-25 14:15:35 +0800
1150825,2026-08-25,上櫃,6680,鑫創電子,----,---,----,----,----,0,0,0,TPEX_CSV,2026-08-25 14:15:35 +0800
1150825,2026-08-25,上櫃,6683,雍智科技,1130.00,+40.00,1085.00,1130.00,1050.00,322000,349490000,296,TPEX_CSV,2026-08-25 14:15:35 +0800
1150825,2026-08-25,上櫃,6684,安格,46.15,+0.30,45.60,46.30,45.05,43000,1959800,42,TPEX_CSV,2026-08-25 14:15:35 +0800
1150825,2026-08-25,上櫃,6690,安碁資訊,164.50,0.00,165.00,166.00,164.50,49000,8088000,40,TPEX_CSV,2026-08-25 14:15:35 +0800
1150825,2026-08-25,上櫃,6692,進能服,24.15,+0.40,24.20,24.20,23.90,7000,168350,5,TPEX_CSV,2026-08-25 14:15:35 +0800
1150825,2026-08-25,上櫃,6693,廣閎科,165.50,+4.50,161.00,166.00,159.50,402000,65447500,351,TPEX_CSV,2026-08-25 14:15:35 +0800
1150825,2026-08-25,上櫃,6697,東捷資訊,41.30,+0.55,40.60,41.30,40.60,16000,654850,10,TPEX_CSV,2026-08-25 14:15:35 +0800
1150825,2026-08-25,上櫃,6703,軒郁,103.00,-1.00,103.00,103.50,102.50,29000,2986000,23,TPEX_CSV,2026-08-25 14:15:35 +0800
1150825,2026-08-25,上櫃,6708,天擎,37.80,-0.35,37.00,37.80,36.50,27000,998400,21,TPEX_CSV,2026-08-25 14:15:35 +0800
1150825,2026-08-25,上櫃,6712,長聖,156.00,-6.00,158.00,159.00,154.50,527000,82344000,464,TPEX_CSV,2026-08-25 14:15:35 +0800
1150825,2026-08-25,上櫃,6716,應廣,127.50,+5.00,122.50,128.50,120.50,833000,104058000,625,TPEX_CSV,2026-08-25 14:15:35 +0800
1150825,2026-08-25,上櫃,6720,久昌,134.00,+1.00,130.00,134.00,130.00,9000,1189000,8,TPEX_CSV,2026-08-25 14:15:35 +0800
1150825,2026-08-25,上櫃,6721,信實,----,---,----,----,----,0,0,0,TPEX_CSV,2026-08-25 14:15:35 +0800
1150825,2026-08-25,上櫃,6725,矽科宏晟,223.00,0.00,223.00,226.50,218.00,58000,12794000,55,TPEX_CSV,2026-08-25 14:15:35 +0800
1150825,2026-08-25,上櫃,6727,亞泰金屬,470.50,+25.50,452.50,475.00,440.00,1476000,676070500,1285,TPEX_CSV,2026-08-25 14:15:35 +0800
1150825,2026-08-25,上櫃,6728,上洋,109.00,+0.50,110.00,110.00,108.50,13000,1420500,13,TPEX_CSV,2026-08-25 14:15:35 +0800
1150825,2026-08-25,上櫃,6730,常廣,33.25,-0.75,33.20,33.75,33.00,27000,894550,21,TPEX_CSV,2026-08-25 14:15:35 +0800
1150825,2026-08-25,上櫃,6732,昇佳電子,149.50,-1.00,150.00,150.50,148.00,84000,12531500,71,TPEX_CSV,2026-08-25 14:15:35 +0800
1150825,2026-08-25,上櫃,6733,博晟生醫,25.55,+0.05,25.50,25.55,25.10,27000,684350,24,TPEX_CSV,2026-08-25 14:15:35 +0800
1150825,2026-08-25,上櫃,6735,美達科技,62.40,-1.00,62.50,63.20,61.90,81000,5055500,53,TPEX_CSV,2026-08-25 14:15:35 +0800
1150825,2026-08-25,上櫃,6739,竹陞科技,960.00,-12.00,966.00,974.00,927.00,97000,91784000,95,TPEX_CSV,2026-08-25 14:15:35 +0800
1150825,2026-08-25,上櫃,6741,91APP*-KY,57.30,+0.20,56.60,57.60,56.00,438000,24896200,302,TPEX_CSV,2026-08-25 14:15:35 +0800
1150825,2026-08-25,上櫃,6751,智聯服務,41.40,-0.05,41.40,41.40,41.40,1000,41400,1,TPEX_CSV,2026-08-25 14:15:35 +0800
1150825,2026-08-25,上櫃,6752,叡揚,96.80,除權,96.50,96.80,94.10,21000,2009600,16,TPEX_CSV,2026-08-25 14:15:35 +0800
1150825,2026-08-25,上櫃,6761,穩得,181.00,-2.00,183.00,183.00,175.00,311000,55747000,257,TPEX_CSV,2026-08-25 14:15:35 +0800
1150825,2026-08-25,上櫃,6762,達亞,164.00,-5.50,162.00,165.00,162.00,4000,655000,3,TPEX_CSV,2026-08-25 14:15:35 +0800
1150825,2026-08-25,上櫃,6763,綠界科技*,41.70,-0.20,41.90,41.90,41.30,94000,3898250,77,TPEX_CSV,2026-08-25 14:15:35 +0800
1150825,2026-08-25,上櫃,6767,台微醫,25.00,+0.20,25.00,25.00,25.00,1000,25000,1,TPEX_CSV,2026-08-25 14:15:35 +0800
1150825,2026-08-25,上櫃,6785,昱展新藥,95.70,除息,96.70,97.30,95.20,71000,6799300,68,TPEX_CSV,2026-08-25 14:15:35 +0800
1150825,2026-08-25,上櫃,6788,華景電,353.00,0.00,353.00,355.00,343.00,157000,54581500,155,TPEX_CSV,2026-08-25 14:15:35 +0800
1150825,2026-08-25,上櫃,6791,虎門科技,101.00,+0.50,100.00,101.00,100.00,8000,802500,8,TPEX_CSV,2026-08-25 14:15:35 +0800
1150825,2026-08-25,上櫃,6803,崑鼎,269.00,-1.00,269.00,270.00,268.00,27000,7272000,24,TPEX_CSV,2026-08-25 14:15:35 +0800
1150825,2026-08-25,上櫃,6804,明係,18.25,+0.10,18.15,18.80,18.05,68000,1253650,50,TPEX_CSV,2026-08-25 14:15:35 +0800
1150825,2026-08-25,上櫃,6811,宏碁資訊,225.50,+0.50,225.00,227.00,224.50,54000,12195500,49,TPEX_CSV,2026-08-25 14:15:35 +0800
1150825,2026-08-25,上櫃,6821,聯寶,41.05,-0.70,41.70,41.70,40.05,49000,1987550,42,TPEX_CSV,2026-08-25 14:15:35 +0800
1150825,2026-08-25,上櫃,6823,濾能,62.60,-0.20,64.10,64.10,61.30,44000,2723800,42,TPEX_CSV,2026-08-25 14:15:35 +0800
1150825,2026-08-25,上櫃,6829,千附精密,217.50,+2.50,214.00,219.00,210.50,455000,97765500,407,TPEX_CSV,2026-08-25 14:15:35 +0800
1150825,2026-08-25,上櫃,6840,東研信超,83.40,+0.70,82.50,83.50,81.10,325000,26805800,235,TPEX_CSV,2026-08-25 14:15:35 +0800
1150825,2026-08-25,上櫃,6841,長佳智能,53.50,-0.70,54.50,54.70,53.50,285000,15341600,207,TPEX_CSV,2026-08-25 14:15:35 +0800
1150825,2026-08-25,上櫃,6843,進典,----,---,----,----,----,0,0,0,TPEX_CSV,2026-08-25 14:15:35 +0800
1150825,2026-08-25,上櫃,6844,諾貝兒,60.30,0.00,59.60,60.30,59.50,8000,480200,8,TPEX_CSV,2026-08-25 14:15:35 +0800
1150825,2026-08-25,上櫃,6846,綠茵,57.70,+0.30,57.00,57.70,56.80,15000,857200,14,TPEX_CSV,2026-08-25 14:15:35 +0800
1150825,2026-08-25,上櫃,6855,數泓科,----,---,----,----,----,0,0,0,TPEX_CSV,2026-08-25 14:15:35 +0800
1150825,2026-08-25,上櫃,6856,鑫傳,42.00,0.00,42.00,42.00,42.00,2000,84000,1,TPEX_CSV,2026-08-25 14:15:35 +0800
1150825,2026-08-25,上櫃,6859,伯特光,107.50,-2.50,112.00,112.00,106.50,24000,2595500,23,TPEX_CSV,2026-08-25 14:15:35 +0800
1150825,2026-08-25,上櫃,6865,偉康科技,25.50,+0.50,24.70,25.50,24.60,21000,520000,18,TPEX_CSV,2026-08-25 14:15:35 +0800
1150825,2026-08-25,上櫃,6870,騰雲,259.00,-1.50,258.50,261.00,258.00,5000,1297000,5,TPEX_CSV,2026-08-25 14:15:35 +0800
1150825,2026-08-25,上櫃,6872,浩宇生醫,15.35,0.00,15.80,15.80,15.10,25000,383250,13,TPEX_CSV,2026-08-25 14:15:35 +0800
1150825,2026-08-25,上櫃,6874,倍力,80.00,+1.20,79.00,80.30,78.90,17000,1349400,17,TPEX_CSV,2026-08-25 14:15:35 +0800
1150825,2026-08-25,上櫃,6875,國邑*,32.00,0.00,32.00,32.15,31.65,31000,992300,23,TPEX_CSV,2026-08-25 14:15:35 +0800
1150825,2026-08-25,上櫃,6877,鏵友益,114.50,0.00,114.00,114.50,110.50,22000,2464500,22,TPEX_CSV,2026-08-25 14:15:35 +0800
1150825,2026-08-25,上櫃,6881,潤德,----,---,----,----,----,0,0,0,TPEX_CSV,2026-08-25 14:15:35 +0800
1150825,2026-08-25,上櫃,6884,海柏特,----,---,----,----,----,0,0,0,TPEX_CSV,2026-08-25 14:15:35 +0800
1150825,2026-08-25,上櫃,6894,衛司特,324.00,-4.00,323.00,324.00,320.00,24000,7736500,24,TPEX_CSV,2026-08-25 14:15:35 +0800
1150825,2026-08-25,上櫃,6895,宏碩系統,136.50,-1.50,139.50,139.50,130.50,63000,8551500,60,TPEX_CSV,2026-08-25 14:15:35 +0800
1150825,2026-08-25,上櫃,6899,創為精密,50.00,+0.20,49.40,50.00,49.35,10000,497900,7,TPEX_CSV,2026-08-25 14:15:35 +0800
1150825,2026-08-25,上櫃,6903,巨漢,306.00,+1.50,302.50,306.00,298.00,174000,52328000,160,TPEX_CSV,2026-08-25 14:15:35 +0800
1150825,2026-08-25,上櫃,6904,伯鑫,124.00,+1.00,124.00,124.00,124.00,1000,124000,1,TPEX_CSV,2026-08-25 14:15:35 +0800
1150825,2026-08-25,上櫃,6907,雅特力-KY,182.00,+2.00,178.00,182.00,172.50,1091000,192969500,850,TPEX_CSV,2026-08-25 14:15:35 +0800
1150825,2026-08-25,上櫃,6910,德鴻,24.45,-0.30,24.60,25.05,24.45,17000,418750,10,TPEX_CSV,2026-08-25 14:15:35 +0800
1150825,2026-08-25,上櫃,6913,鴻呈,140.00,+1.50,138.00,140.00,137.00,196000,27111500,168,TPEX_CSV,2026-08-25 14:15:35 +0800
1150825,2026-08-25,上櫃,6922,宸曜,204.00,-1.00,205.50,210.00,201.50,262000,53943000,227,TPEX_CSV,2026-08-25 14:15:35 +0800
1150825,2026-08-25,上櫃,6925,意藍,50.40,0.00,50.70,50.70,50.40,3000,151500,3,TPEX_CSV,2026-08-25 14:15:35 +0800
1150825,2026-08-25,上櫃,6929,佑全,23.20,-0.60,23.15,23.20,23.15,4000,92750,4,TPEX_CSV,2026-08-25 14:15:35 +0800
1150825,2026-08-25,上櫃,6945,圓祥生技,100.00,-1.50,101.00,102.00,99.60,91000,9147000,68,TPEX_CSV,2026-08-25 14:15:35 +0800
1150825,2026-08-25,上櫃,6953,家碩,230.00,+6.50,223.00,230.00,221.50,28000,6370500,27,TPEX_CSV,2026-08-25 14:15:35 +0800
1150825,2026-08-25,上櫃,6961,旅天下,51.40,0.00,50.80,51.40,50.80,4000,204700,4,TPEX_CSV,2026-08-25 14:15:35 +0800
1150825,2026-08-25,上櫃,6967,汎瑋材料,72.60,-0.30,72.90,72.90,70.80,60000,4288900,53,TPEX_CSV,2026-08-25 14:15:35 +0800
1150825,2026-08-25,上櫃,6968,萬達寵物,41.50,-0.50,42.00,42.00,41.50,31000,1295150,25,TPEX_CSV,2026-08-25 14:15:35 +0800
1150825,2026-08-25,上櫃,6971,惠民實業,26.15,0.00,26.25,26.30,26.00,23000,599450,15,TPEX_CSV,2026-08-25 14:15:35 +0800
1150825,2026-08-25,上櫃,6982,大井泵浦,48.10,+0.60,47.50,48.50,47.30,16000,766250,14,TPEX_CSV,2026-08-25 14:15:35 +0800
1150825,2026-08-25,上櫃,6983,華洋精機,290.50,+2.50,293.00,293.00,282.50,34000,9809500,32,TPEX_CSV,2026-08-25 14:15:35 +0800
1150825,2026-08-25,上櫃,6986,和迅,42.30,-0.50,42.80,42.80,40.70,59000,2458350,45,TPEX_CSV,2026-08-25 14:15:35 +0800
1150825,2026-08-25,上櫃,6996,力領科技,178.50,+1.00,175.50,181.50,175.00,159000,28268500,118,TPEX_CSV,2026-08-25 14:15:35 +0800
1150825,2026-08-25,上櫃,6997,博弘,68.50,0.00,68.00,68.50,68.00,9000,613500,6,TPEX_CSV,2026-08-25 14:15:35 +0800
1150825,2026-08-25,上櫃,7402,邑錡,106.00,+0.50,105.00,107.00,103.50,151000,15862500,130,TPEX_CSV,2026-08-25 14:15:35 +0800
1150825,2026-08-25,上櫃,7547,碩網,51.10,-0.40,51.10,51.10,51.10,3000,153300,2,TPEX_CSV,2026-08-25 14:15:35 +0800
1150825,2026-08-25,上櫃,7556,意德士,249.00,+2.50,244.00,250.00,244.00,15000,3689000,15,TPEX_CSV,2026-08-25 14:15:35 +0800
1150825,2026-08-25,上櫃,7584,樂意,26.10,-0.05,25.55,26.10,24.95,6000,151550,6,TPEX_CSV,2026-08-25 14:15:35 +0800
1150825,2026-08-25,上櫃,7642,昶瑞機電,78.50,+0.20,77.70,79.00,77.30,7000,546000,6,TPEX_CSV,2026-08-25 14:15:35 +0800
1150825,2026-08-25,上櫃,7703,銳澤,177.50,-2.00,177.00,177.50,174.00,43000,7569500,42,TPEX_CSV,2026-08-25 14:15:35 +0800
1150825,2026-08-25,上櫃,7704,明遠精密,62.60,+0.40,61.60,62.60,61.50,20000,1236200,20,TPEX_CSV,2026-08-25 14:15:35 +0800
1150825,2026-08-25,上櫃,7708,全家餐飲,92.30,0.00,92.20,92.30,92.20,5000,461100,4,TPEX_CSV,2026-08-25 14:15:35 +0800
1150825,2026-08-25,上櫃,7709,榮田,69.30,-1.70,69.30,70.40,68.60,37000,2561100,37,TPEX_CSV,2026-08-25 14:15:35 +0800
1150825,2026-08-25,上櫃,7712,博盛半導體,147.00,-2.50,148.00,148.50,142.00,601000,87136000,534,TPEX_CSV,2026-08-25 14:15:35 +0800
1150825,2026-08-25,上櫃,7713,威力德生醫,72.90,0.00,72.90,72.90,72.90,1000,72900,1,TPEX_CSV,2026-08-25 14:15:35 +0800
1150825,2026-08-25,上櫃,7714,創泓科技,170.00,-5.00,176.50,176.50,167.50,264000,44872000,236,TPEX_CSV,2026-08-25 14:15:35 +0800
1150825,2026-08-25,上櫃,7715,裕山,30.15,-1.20,32.40,32.40,30.15,61000,1865400,52,TPEX_CSV,2026-08-25 14:15:35 +0800
1150825,2026-08-25,上櫃,7716,昱臺國際,----,---,----,----,----,0,0,0,TPEX_CSV,2026-08-25 14:15:35 +0800
1150825,2026-08-25,上櫃,7717,萊德光電-KY,394.00,+8.00,386.00,394.50,377.00,81000,31094500,76,TPEX_CSV,2026-08-25 14:15:35 +0800
1150825,2026-08-25,上櫃,7718,友鋮,47.00,-0.35,47.00,47.50,46.80,15000,704850,13,TPEX_CSV,2026-08-25 14:15:35 +0800
1150825,2026-08-25,上櫃,7723,築間,19.10,-0.30,19.40,19.40,19.05,35000,669400,24,TPEX_CSV,2026-08-25 14:15:35 +0800
1150825,2026-08-25,上櫃,7728,光焱科技,598.00,+17.00,578.00,598.00,578.00,5000,2934000,5,TPEX_CSV,2026-08-25 14:15:35 +0800
1150825,2026-08-25,上櫃,7734,印能科技,2890.00,+110.00,2800.00,2935.00,2710.00,293000,826935000,289,TPEX_CSV,2026-08-25 14:15:35 +0800
1150825,2026-08-25,上櫃,7738,東聯互動,169.00,-0.50,168.50,169.00,168.00,9000,1516000,8,TPEX_CSV,2026-08-25 14:15:35 +0800
1150825,2026-08-25,上櫃,7743,金利食安,20.50,0.00,20.50,20.50,20.50,1000,20500,1,TPEX_CSV,2026-08-25 14:15:35 +0800
1150825,2026-08-25,上櫃,7744,崴寶,505.00,+18.00,480.00,505.00,475.00,95000,46404000,87,TPEX_CSV,2026-08-25 14:15:35 +0800
1150825,2026-08-25,上櫃,7747,昕奇雲端,114.00,-0.50,114.00,114.00,114.00,202000,23028000,3,TPEX_CSV,2026-08-25 14:15:35 +0800
1150825,2026-08-25,上櫃,7751,竑騰,1810.00,+145.00,1685.00,1830.00,1655.00,1655000,2938525000,1253,TPEX_CSV,2026-08-25 14:15:35 +0800
1150825,2026-08-25,上櫃,7753,星亞,37.30,-0.10,38.15,38.15,37.15,12000,449200,8,TPEX_CSV,2026-08-25 14:15:35 +0800
1150825,2026-08-25,上櫃,7757,金色三麥,88.90,-1.00,89.10,89.10,88.90,3000,267000,3,TPEX_CSV,2026-08-25 14:15:35 +0800
1150825,2026-08-25,上櫃,7767,仁大資訊,45.10,-0.20,45.15,45.15,45.05,20000,901900,17,TPEX_CSV,2026-08-25 14:15:35 +0800
1150825,2026-08-25,上櫃,7770,君曜,36.70,-0.60,36.80,36.80,36.70,2000,73500,2,TPEX_CSV,2026-08-25 14:15:35 +0800
1150825,2026-08-25,上櫃,7772,耀穎,85.20,-2.70,85.70,86.70,83.90,47000,3997000,41,TPEX_CSV,2026-08-25 14:15:35 +0800
1150825,2026-08-25,上櫃,7777,能率亞洲,37.75,除權,37.90,37.90,36.85,1038000,38724750,734,TPEX_CSV,2026-08-25 14:15:35 +0800
1150825,2026-08-25,上櫃,7782,光速火箭,----,---,----,----,----,0,0,0,TPEX_CSV,2026-08-25 14:15:35 +0800
1150825,2026-08-25,上櫃,7792,安葆,299.00,+0.50,298.50,300.00,291.50,318000,94151000,259,TPEX_CSV,2026-08-25 14:15:35 +0800
1150825,2026-08-25,上櫃,7794,宏碁智新,28.80,+0.10,28.05,28.80,28.00,10000,282250,8,TPEX_CSV,2026-08-25 14:15:35 +0800
1150825,2026-08-25,上櫃,7805,威聯通,521.00,+7.00,514.00,521.00,506.00,46000,23546000,46,TPEX_CSV,2026-08-25 14:15:35 +0800
1150825,2026-08-25,上櫃,7810,捷創科技,212.00,-1.00,215.00,215.00,209.00,41000,8678500,39,TPEX_CSV,2026-08-25 14:15:35 +0800
1150825,2026-08-25,上櫃,7811,民盛,72.60,+0.10,72.60,72.60,72.60,2000,145200,2,TPEX_CSV,2026-08-25 14:15:35 +0800
1150825,2026-08-25,上櫃,7814,海昌生技,29.85,-0.10,29.95,30.20,29.80,9000,269450,9,TPEX_CSV,2026-08-25 14:15:35 +0800
1150825,2026-08-25,上櫃,7819,精誠金融,34.60,-0.30,34.90,34.90,34.50,20000,693200,17,TPEX_CSV,2026-08-25 14:15:35 +0800
1150825,2026-08-25,上櫃,7820,立盈,121.00,-0.50,120.00,121.00,120.00,3000,361000,3,TPEX_CSV,2026-08-25 14:15:35 +0800
1150825,2026-08-25,上櫃,7828,創新服務,1520.00,-30.00,1500.00,1555.00,1480.00,106000,159330000,105,TPEX_CSV,2026-08-25 14:15:35 +0800
1150825,2026-08-25,上櫃,7839,達人網,45.00,-0.10,44.20,45.00,44.00,9000,402150,8,TPEX_CSV,2026-08-25 14:15:35 +0800
1150825,2026-08-25,上櫃,7842,天能綠電,107.50,+5.50,100.50,109.00,99.80,129000,13434500,116,TPEX_CSV,2026-08-25 14:15:35 +0800
1150825,2026-08-25,上櫃,8024,佑華,13.10,-0.05,13.10,13.10,12.90,27000,349700,9,TPEX_CSV,2026-08-25 14:15:35 +0800
1150825,2026-08-25,上櫃,8027,鈦昇,169.50,+2.00,167.50,169.50,161.00,913000,149986000,807,TPEX_CSV,2026-08-25 14:15:35 +0800
1150825,2026-08-25,上櫃,8032,光菱,35.70,0.00,35.50,35.90,35.25,17000,603350,15,TPEX_CSV,2026-08-25 14:15:35 +0800
1150825,2026-08-25,上櫃,8034,榮群,18.70,+0.35,18.40,18.70,18.30,56000,1031100,42,TPEX_CSV,2026-08-25 14:15:35 +0800
1150825,2026-08-25,上櫃,8038,長園科,30.70,+0.05,30.25,30.70,30.00,108000,3262350,70,TPEX_CSV,2026-08-25 14:15:35 +0800
1150825,2026-08-25,上櫃,8040,九暘,70.70,+1.20,69.40,70.70,67.60,156000,10767000,124,TPEX_CSV,2026-08-25 14:15:35 +0800
1150825,2026-08-25,上櫃,8042,金山電,98.90,-0.10,97.60,99.40,93.20,2357000,225595800,1772,TPEX_CSV,2026-08-25 14:15:35 +0800
1150825,2026-08-25,上櫃,8043,蜜望實,132.50,-2.50,134.00,134.00,127.00,1666000,217299500,1427,TPEX_CSV,2026-08-25 14:15:35 +0800
1150825,2026-08-25,上櫃,8044,網家,25.05,-0.20,25.40,25.40,24.95,247000,6189750,185,TPEX_CSV,2026-08-25 14:15:35 +0800
1150825,2026-08-25,上櫃,8047,星雲,45.20,-0.65,45.80,45.80,43.30,17000,748150,14,TPEX_CSV,2026-08-25 14:15:35 +0800
1150825,2026-08-25,上櫃,8048,德勝,51.90,+0.70,51.00,51.90,50.10,62000,3140800,57,TPEX_CSV,2026-08-25 14:15:35 +0800
1150825,2026-08-25,上櫃,8049,晶采,24.35,-0.10,24.40,24.40,24.20,123000,2984600,72,TPEX_CSV,2026-08-25 14:15:35 +0800
1150825,2026-08-25,上櫃,8050,廣積,57.30,-0.20,57.90,58.00,56.80,741000,42563100,542,TPEX_CSV,2026-08-25 14:15:35 +0800
1150825,2026-08-25,上櫃,8054,安國,81.40,+0.90,80.00,81.50,78.60,656000,52152100,464,TPEX_CSV,2026-08-25 14:15:35 +0800
1150825,2026-08-25,上櫃,8059,凱碩,13.35,-0.05,13.30,13.40,13.10,88000,1169100,60,TPEX_CSV,2026-08-25 14:15:35 +0800
1150825,2026-08-25,上櫃,8064,東捷,96.90,-0.10,96.50,97.00,92.00,1359000,127498200,1092,TPEX_CSV,2026-08-25 14:15:35 +0800
1150825,2026-08-25,上櫃,8066,來思達,14.80,+0.05,14.95,14.95,14.80,3000,44700,2,TPEX_CSV,2026-08-25 14:15:35 +0800
1150825,2026-08-25,上櫃,8067,志旭,12.20,-0.10,11.90,12.25,11.90,13000,156800,12,TPEX_CSV,2026-08-25 14:15:35 +0800
1150825,2026-08-25,上櫃,8068,全達,17.00,0.00,17.00,17.10,16.70,85000,1431350,48,TPEX_CSV,2026-08-25 14:15:35 +0800
1150825,2026-08-25,上櫃,8069,元太,158.50,0.00,157.50,159.00,155.00,3397000,534824500,2242,TPEX_CSV,2026-08-25 14:15:35 +0800
1150825,2026-08-25,上櫃,8071,能率網通,23.65,+0.10,23.55,23.65,23.00,338000,7863450,255,TPEX_CSV,2026-08-25 14:15:35 +0800
1150825,2026-08-25,上櫃,8074,鉅橡,54.10,+0.50,53.60,54.20,52.40,395000,21036400,224,TPEX_CSV,2026-08-25 14:15:35 +0800
1150825,2026-08-25,上櫃,8076,伍豐,23.30,+0.10,23.05,23.30,23.05,307000,7089300,118,TPEX_CSV,2026-08-25 14:15:35 +0800
1150825,2026-08-25,上櫃,8077,洛碁,40.00,-3.05,41.55,41.60,39.20,14000,564450,14,TPEX_CSV,2026-08-25 14:15:35 +0800
1150825,2026-08-25,上櫃,8080,泰霖,28.00,0.00,27.85,28.00,27.85,8000,223850,4,TPEX_CSV,2026-08-25 14:15:35 +0800
1150825,2026-08-25,上櫃,8083,瑞穎,159.00,-0.50,159.50,160.00,158.50,43000,6843500,34,TPEX_CSV,2026-08-25 14:15:35 +0800
1150825,2026-08-25,上櫃,8084,巨虹,46.90,+0.60,47.00,49.00,46.35,325000,15300600,302,TPEX_CSV,2026-08-25 14:15:35 +0800
1150825,2026-08-25,上櫃,8085,福華,13.90,+1.25,12.85,13.90,12.50,2280000,30473100,735,TPEX_CSV,2026-08-25 14:15:35 +0800
1150825,2026-08-25,上櫃,8086,宏捷科,115.50,+3.50,111.00,116.00,109.00,3093000,346433000,2119,TPEX_CSV,2026-08-25 14:15:35 +0800
1150825,2026-08-25,上櫃,8087,麗升能源,26.35,-0.05,26.05,26.35,25.95,30000,780200,17,TPEX_CSV,2026-08-25 14:15:35 +0800
1150825,2026-08-25,上櫃,8088,品安,46.10,-0.20,46.00,46.15,44.60,508000,22962350,382,TPEX_CSV,2026-08-25 14:15:35 +0800
1150825,2026-08-25,上櫃,8089,康全電訊,18.20,-0.05,18.25,18.25,17.70,98000,1749750,46,TPEX_CSV,2026-08-25 14:15:35 +0800
1150825,2026-08-25,上櫃,8091,翔名,215.00,-1.00,216.00,216.00,209.00,191000,40346000,176,TPEX_CSV,2026-08-25 14:15:35 +0800
1150825,2026-08-25,上櫃,8092,建暐,13.55,+0.70,14.10,14.10,13.20,182000,2500250,118,TPEX_CSV,2026-08-25 14:15:35 +0800
1150825,2026-08-25,上櫃,8093,保銳,27.35,+0.05,27.30,28.95,26.55,201000,5600150,133,TPEX_CSV,2026-08-25 14:15:35 +0800
1150825,2026-08-25,上櫃,8096,擎亞,107.50,+1.50,105.00,107.50,100.50,2704000,279061500,1761,TPEX_CSV,2026-08-25 14:15:35 +0800
1150825,2026-08-25,上櫃,8097,常珵,49.45,+0.05,47.35,49.45,47.35,76000,3669600,54,TPEX_CSV,2026-08-25 14:15:35 +0800
1150825,2026-08-25,上櫃,8099,大世科,58.90,+0.90,58.10,58.90,58.00,42000,2458000,39,TPEX_CSV,2026-08-25 14:15:35 +0800
1150825,2026-08-25,上櫃,8102,傑霖科技,67.80,-1.30,66.80,69.00,66.00,8000,537800,8,TPEX_CSV,2026-08-25 14:15:35 +0800
1150825,2026-08-25,上櫃,8107,大億金茂,12.35,-0.05,12.50,12.50,12.35,28000,347550,16,TPEX_CSV,2026-08-25 14:15:35 +0800
1150825,2026-08-25,上櫃,8109,博大,128.50,0.00,130.00,130.00,125.50,241000,30550500,193,TPEX_CSV,2026-08-25 14:15:35 +0800
1150825,2026-08-25,上櫃,8111,立碁,65.60,+2.50,62.60,66.90,61.10,12411000,806507100,8362,TPEX_CSV,2026-08-25 14:15:35 +0800
1150825,2026-08-25,上櫃,8121,越峰,26.95,-0.15,27.30,27.30,26.30,665000,17692050,343,TPEX_CSV,2026-08-25 14:15:35 +0800
1150825,2026-08-25,上櫃,8147,正淩,120.00,+0.50,119.00,120.00,117.50,60000,7109000,45,TPEX_CSV,2026-08-25 14:15:35 +0800
1150825,2026-08-25,上櫃,8155,博智,324.00,+6.00,312.50,324.50,310.00,414000,130748000,346,TPEX_CSV,2026-08-25 14:15:35 +0800
1150825,2026-08-25,上櫃,8171,天宇,19.80,+0.10,19.70,19.80,19.65,37000,729450,22,TPEX_CSV,2026-08-25 14:15:35 +0800
1150825,2026-08-25,上櫃,8176,智捷,9.74,-0.20,9.87,9.87,9.68,127000,1244000,57,TPEX_CSV,2026-08-25 14:15:35 +0800
1150825,2026-08-25,上櫃,8182,加高,41.30,+1.65,39.15,41.50,38.70,1026000,41484350,802,TPEX_CSV,2026-08-25 14:15:35 +0800
1150825,2026-08-25,上櫃,8183,精星,29.00,-0.10,29.10,29.15,28.60,216000,6229100,130,TPEX_CSV,2026-08-25 14:15:35 +0800
1150825,2026-08-25,上櫃,8227,巨有科技,165.00,+15.00,148.00,165.00,145.50,1850000,299376000,1325,TPEX_CSV,2026-08-25 14:15:35 +0800
1150825,2026-08-25,上櫃,8234,新漢,66.30,-0.80,67.20,67.20,65.50,283000,18698300,246,TPEX_CSV,2026-08-25 14:15:35 +0800
1150825,2026-08-25,上櫃,8240,華宏,41.75,-0.05,41.30,41.90,40.70,61000,2500900,56,TPEX_CSV,2026-08-25 14:15:35 +0800
1150825,2026-08-25,上櫃,8255,朋程,146.00,+2.00,145.50,146.50,141.50,265000,38027000,202,TPEX_CSV,2026-08-25 14:15:35 +0800
1150825,2026-08-25,上櫃,8272,全景軟體,62.50,+0.20,60.60,62.50,60.60,2000,123100,2,TPEX_CSV,2026-08-25 14:15:35 +0800
1150825,2026-08-25,上櫃,8277,商丞,8.05,+0.04,8.01,8.10,7.98,65000,522340,31,TPEX_CSV,2026-08-25 14:15:35 +0800
1150825,2026-08-25,上櫃,8279,生展,82.80,-1.80,83.80,83.80,82.50,40000,3324600,34,TPEX_CSV,2026-08-25 14:15:35 +0800
1150825,2026-08-25,上櫃,8284,三竹,67.00,-0.10,66.70,67.80,66.70,44000,2954200,29,TPEX_CSV,2026-08-25 14:15:35 +0800
1150825,2026-08-25,上櫃,8289,泰藝,47.00,+1.80,46.10,47.25,44.10,396000,18086100,339,TPEX_CSV,2026-08-25 14:15:35 +0800
1150825,2026-08-25,上櫃,8291,尚茂,33.25,+0.05,33.20,33.25,33.15,8000,265600,7,TPEX_CSV,2026-08-25 14:15:35 +0800
1150825,2026-08-25,上櫃,8299,群聯,2085.00,-50.00,2110.00,2120.00,2000.00,4056000,8339465000,3531,TPEX_CSV,2026-08-25 14:15:35 +0800
1150825,2026-08-25,上櫃,8342,益張,86.00,-0.70,86.00,86.10,86.00,4000,344100,4,TPEX_CSV,2026-08-25 14:15:35 +0800
1150825,2026-08-25,上櫃,8349,恒耀,39.15,-0.05,39.20,39.20,38.75,68000,2644350,48,TPEX_CSV,2026-08-25 14:15:35 +0800
1150825,2026-08-25,上櫃,8354,冠好,17.70,+0.05,17.45,17.70,17.20,80000,1393650,42,TPEX_CSV,2026-08-25 14:15:35 +0800
1150825,2026-08-25,上櫃,8358,金居,429.00,+12.00,411.00,429.00,399.00,11738000,4798720500,9616,TPEX_CSV,2026-08-25 14:15:35 +0800
1150825,2026-08-25,上櫃,8383,千附,63.50,-1.70,65.00,65.00,62.60,2073000,131278300,1393,TPEX_CSV,2026-08-25 14:15:35 +0800
1150825,2026-08-25,上櫃,8390,金益鼎,100.00,0.00,101.00,102.00,98.70,674000,67427500,517,TPEX_CSV,2026-08-25 14:15:35 +0800
1150825,2026-08-25,上櫃,8401,白紗科,23.10,-0.05,23.15,23.15,23.10,5000,115600,5,TPEX_CSV,2026-08-25 14:15:35 +0800
1150825,2026-08-25,上櫃,8403,盛弘,19.20,除息,19.15,19.25,19.00,96000,1834850,74,TPEX_CSV,2026-08-25 14:15:35 +0800
1150825,2026-08-25,上櫃,8409,商之器,17.90,-0.10,18.00,18.30,17.90,9000,162500,6,TPEX_CSV,2026-08-25 14:15:35 +0800
1150825,2026-08-25,上櫃,8410,森田,32.00,-0.70,33.00,33.00,31.60,109000,3516250,65,TPEX_CSV,2026-08-25 14:15:35 +0800
1150825,2026-08-25,上櫃,8415,大國鋼,38.15,-0.30,38.40,38.60,38.05,537000,20569450,348,TPEX_CSV,2026-08-25 14:15:35 +0800
1150825,2026-08-25,上櫃,8416,實威,168.50,0.00,168.50,169.00,168.50,8000,1349500,8,TPEX_CSV,2026-08-25 14:15:35 +0800
1150825,2026-08-25,上櫃,8421,旭源,13.80,+0.05,13.75,13.80,13.50,113000,1541550,61,TPEX_CSV,2026-08-25 14:15:35 +0800
1150825,2026-08-25,上櫃,8423,保綠-KY,17.85,+0.10,17.90,17.90,17.80,15000,267650,12,TPEX_CSV,2026-08-25 14:15:35 +0800
1150825,2026-08-25,上櫃,8424,惠普,----,---,----,----,----,0,0,0,TPEX_CSV,2026-08-25 14:15:35 +0800
1150825,2026-08-25,上櫃,8426,紅木-KY,20.45,-0.30,20.60,20.80,20.45,26000,534300,23,TPEX_CSV,2026-08-25 14:15:35 +0800
1150825,2026-08-25,上櫃,8431,匯鑽科,45.30,-0.20,45.60,45.65,44.70,102000,4602450,89,TPEX_CSV,2026-08-25 14:15:35 +0800
1150825,2026-08-25,上櫃,8432,東生華,50.40,-0.10,50.70,50.80,50.10,20000,1005000,7,TPEX_CSV,2026-08-25 14:15:35 +0800
1150825,2026-08-25,上櫃,8433,弘帆,56.30,0.00,56.10,56.30,56.00,15000,842300,12,TPEX_CSV,2026-08-25 14:15:35 +0800
1150825,2026-08-25,上櫃,8435,鉅邁,52.80,-0.70,53.20,53.30,52.80,25000,1324700,22,TPEX_CSV,2026-08-25 14:15:35 +0800
1150825,2026-08-25,上櫃,8436,大江,124.50,+0.50,124.50,125.00,122.50,527000,65364500,399,TPEX_CSV,2026-08-25 14:15:35 +0800
1150825,2026-08-25,上櫃,8437,大地-KY,9.16,+0.06,9.05,9.16,9.00,21000,189680,13,TPEX_CSV,2026-08-25 14:15:35 +0800
1150825,2026-08-25,上櫃,8440,綠電,20.70,+0.05,20.70,20.70,20.40,80000,1641500,57,TPEX_CSV,2026-08-25 14:15:35 +0800
1150825,2026-08-25,上櫃,8444,綠河-KY,5.00,-0.27,4.75,5.25,4.75,13000,62500,7,TPEX_CSV,2026-08-25 14:15:35 +0800
1150825,2026-08-25,上櫃,8446,華研,84.90,-0.20,85.00,85.00,84.70,29000,2460000,26,TPEX_CSV,2026-08-25 14:15:35 +0800
1150825,2026-08-25,上櫃,8450,霹靂,14.45,-0.15,14.70,14.70,14.45,23000,334200,22,TPEX_CSV,2026-08-25 14:15:35 +0800
1150825,2026-08-25,上櫃,8455,大拓-KY,24.00,-0.20,25.00,25.00,23.20,6000,144200,4,TPEX_CSV,2026-08-25 14:15:35 +0800
1150825,2026-08-25,上櫃,8472,夠麻吉,67.30,-0.50,70.10,70.10,67.10,8000,547200,8,TPEX_CSV,2026-08-25 14:15:35 +0800
1150825,2026-08-25,上櫃,8477,創業家,15.60,0.00,15.70,15.70,15.50,21000,326700,13,TPEX_CSV,2026-08-25 14:15:35 +0800
1150825,2026-08-25,上櫃,8489,三貝德,22.85,-0.15,22.80,22.90,22.55,27000,613900,23,TPEX_CSV,2026-08-25 14:15:35 +0800
1150825,2026-08-25,上櫃,8905,裕國,34.90,+0.05,34.20,34.90,34.15,3000,103250,3,TPEX_CSV,2026-08-25 14:15:35 +0800
1150825,2026-08-25,上櫃,8906,花王,28.25,-0.15,28.40,28.40,27.95,28000,787550,19,TPEX_CSV,2026-08-25 14:15:35 +0800
1150825,2026-08-25,上櫃,8908,欣雄,40.10,+0.05,40.05,40.30,39.60,16000,641350,15,TPEX_CSV,2026-08-25 14:15:35 +0800
1150825,2026-08-25,上櫃,8916,光隆,40.50,-0.05,40.50,40.55,40.30,33000,1333150,25,TPEX_CSV,2026-08-25 14:15:35 +0800
1150825,2026-08-25,上櫃,8917,欣泰,53.20,-0.40,53.20,53.60,53.20,13000,693600,5,TPEX_CSV,2026-08-25 14:15:35 +0800
1150825,2026-08-25,上櫃,8921,沈氏,17.35,+0.35,17.35,17.35,17.35,1000,17350,1,TPEX_CSV,2026-08-25 14:15:35 +0800
1150825,2026-08-25,上櫃,8923,時報,18.25,-0.35,18.25,18.25,18.25,2000,36500,2,TPEX_CSV,2026-08-25 14:15:35 +0800
1150825,2026-08-25,上櫃,8924,大田,50.40,-0.30,50.60,50.60,50.30,45000,2268300,36,TPEX_CSV,2026-08-25 14:15:35 +0800
1150825,2026-08-25,上櫃,8927,北基,20.20,0.00,20.25,20.30,20.05,45000,908400,38,TPEX_CSV,2026-08-25 14:15:35 +0800
1150825,2026-08-25,上櫃,8928,鉅明,24.50,+0.75,23.75,24.55,23.75,121000,2943800,71,TPEX_CSV,2026-08-25 14:15:35 +0800
1150825,2026-08-25,上櫃,8929,富堡,13.30,+0.10,13.20,13.30,13.20,2000,26500,2,TPEX_CSV,2026-08-25 14:15:35 +0800
1150825,2026-08-25,上櫃,8930,青鋼,30.00,+0.20,29.70,30.00,29.70,53000,1587850,18,TPEX_CSV,2026-08-25 14:15:35 +0800
1150825,2026-08-25,上櫃,8931,大汽電,41.00,+0.15,40.85,41.00,40.10,15000,610150,12,TPEX_CSV,2026-08-25 14:15:35 +0800
1150825,2026-08-25,上櫃,8932,智通*,112.00,+6.50,105.00,113.00,105.00,7591000,832113500,3192,TPEX_CSV,2026-08-25 14:15:35 +0800
1150825,2026-08-25,上櫃,8933,愛地雅,4.46,-0.14,4.60,4.60,4.43,43000,192050,18,TPEX_CSV,2026-08-25 14:15:35 +0800
1150825,2026-08-25,上櫃,8935,邦泰,18.10,-0.25,18.05,18.35,17.80,143000,2568600,74,TPEX_CSV,2026-08-25 14:15:35 +0800
1150825,2026-08-25,上櫃,8936,國統,51.10,-0.30,51.60,51.60,50.70,605000,30841100,421,TPEX_CSV,2026-08-25 14:15:35 +0800
1150825,2026-08-25,上櫃,8937,合騏*,26.40,-0.55,27.50,27.50,26.25,77000,2051950,61,TPEX_CSV,2026-08-25 14:15:35 +0800
1150825,2026-08-25,上櫃,8938,明安,51.90,-0.30,51.90,52.00,51.80,99000,5144500,34,TPEX_CSV,2026-08-25 14:15:35 +0800
1150825,2026-08-25,上櫃,8941,關中,44.60,-0.05,44.65,44.70,44.60,7000,312500,6,TPEX_CSV,2026-08-25 14:15:35 +0800
1150825,2026-08-25,上櫃,8942,森鉅,42.70,+0.25,42.45,42.75,42.15,249000,10574450,181,TPEX_CSV,2026-08-25 14:15:35 +0800
1150825,2026-08-25,上櫃,9949,琉園,23.95,+0.30,23.50,23.95,23.40,40000,943250,22,TPEX_CSV,2026-08-25 14:15:35 +0800
1150825,2026-08-25,上櫃,9950,萬國通,10.20,-0.15,10.30,10.35,10.10,38000,385750,16,TPEX_CSV,2026-08-25 14:15:35 +0800
1150825,2026-08-25,上櫃,9951,皇田,53.90,-0.40,54.30,54.30,53.10,45000,2419900,28,TPEX_CSV,2026-08-25 14:15:35 +0800
1150825,2026-08-25,上櫃,9960,邁達康,----,---,----,----,----,0,0,0,TPEX_CSV,2026-08-25 14:15:35 +0800
1150825,2026-08-25,上櫃,9962,有益,10.25,-0.05,10.40,10.40,10.20,11000,113450,8,TPEX_CSV,2026-08-25 14:15:35 +0800
