日期,西元日期,市場,股票代號,股票名稱,收盤價,漲跌,開盤價,最高價,最低價,成交股數,成交金額,成交筆數,資料來源,下載時間
1150930,2026/9/30,上櫃,00400A,主動國泰動能高息,15.56,0.05,15.77,15.77,15.56,25375000,397393360,3912,TPEX_CSV,2026/9/30 15:49
1150930,2026/9/30,上櫃,00401A,主動摩根台灣鑫收,14.22,0.01,14.29,14.32,14.22,3161000,45088170,505,TPEX_CSV,2026/9/30 15:49
1150930,2026/9/30,上櫃,00402A,主動安聯美國科技,10.02,0.08,10.03,10.04,10.01,9620000,96473870,960,TPEX_CSV,2026/9/30 15:49
1150930,2026/9/30,上櫃,00403A,主動統一升級50,10.79,0.09,10.83,10.9,10.78,143806000,1559222160,16730,TPEX_CSV,2026/9/30 15:49
1150930,2026/9/30,上櫃,00404A,主動聯博動能50,9.85,0.06,9.85,9.93,9.84,9728000,96223080,1017,TPEX_CSV,2026/9/30 15:49
1150930,2026/9/30,上櫃,00405A,主動富邦台灣龍耀,9.26,0.01,9.38,9.4,9.24,55595000,518371280,4712,TPEX_CSV,2026/9/30 15:49
1150930,2026/9/30,上櫃,00406A,主動中信台灣收益,9.91,0.06,9.99,10,9.89,341233000,3391669070,37795,TPEX_CSV,2026/9/30 15:49
1150930,2026/9/30,上櫃,00407A,主動凱基台灣,10.06,0.04,10.18,10.2,10.06,43049000,436210900,3821,TPEX_CSV,2026/9/30 15:49
1150930,2026/9/30,上櫃,00408A,主動第一金優股息,10.49,0.05,10.52,10.56,10.48,1053000,11074470,124,TPEX_CSV,2026/9/30 15:49
1150930,2026/9/30,上櫃,00409A,主動復華全球50,10.09,0.13,10.06,10.14,10.06,31211000,315413360,1975,TPEX_CSV,2026/9/30 15:49
1150930,2026/9/30,上櫃,00410A,主動永豐科技趨勢,12.43,0.06,12.56,12.56,12.41,2941000,36726720,407,TPEX_CSV,2026/9/30 15:49
1150930,2026/9/30,上櫃,0050,元大台灣50,112.05,0.75,112.5,113.05,112.05,57767000,6504726400,18247,TPEX_CSV,2026/9/30 15:49
1150930,2026/9/30,上櫃,0051,元大中型100,149.05,2.15,148,149.05,147.75,51000,7577750,39,TPEX_CSV,2026/9/30 15:49
1150930,2026/9/30,上櫃,0052,富邦科技,65.45,0.5,65.6,65.95,65.3,17401000,1142983400,4610,TPEX_CSV,2026/9/30 15:49
1150930,2026/9/30,上櫃,0053,元大電子,252.05,1.25,253.4,255.2,252.05,195000,49511900,74,TPEX_CSV,2026/9/30 15:49
1150930,2026/9/30,上櫃,0055,元大MSCI金融,49.27,0.06,49.51,49.6,49.22,1201000,59256860,399,TPEX_CSV,2026/9/30 15:49
1150930,2026/9/30,上櫃,0056,元大高股息,56.95,0.4,56.95,57.15,56.75,30936000,1762576150,8528,TPEX_CSV,2026/9/30 15:49
1150930,2026/9/30,上櫃,0057,富邦摩台,333.45,1.7,335.6,336.4,333.45,10000,3350450,8,TPEX_CSV,2026/9/30 15:49
1150930,2026/9/30,上櫃,0061,元大寶滬深,23.25,-0.09,23.34,23.36,23.25,80000,1864120,30,TPEX_CSV,2026/9/30 15:49
1150930,2026/9/30,上櫃,006203,元大MSCI台灣,203.2,1.15,203.5,203.75,202.4,10000,2032350,10,TPEX_CSV,2026/9/30 15:49
1150930,2026/9/30,上櫃,006204,永豐臺灣加權,240.85,3.65,239.9,240.85,239.9,21000,5038850,3,TPEX_CSV,2026/9/30 15:49
1150930,2026/9/30,上櫃,006205,富邦上証,39.32,0.12,39.2,39.32,39.2,556000,21844570,41,TPEX_CSV,2026/9/30 15:49
1150930,2026/9/30,上櫃,006206,元大上證50,36.72,0.09,36.96,36.96,36.41,35000,1284650,7,TPEX_CSV,2026/9/30 15:49
1150930,2026/9/30,上櫃,006207,復華滬深,31.11,0.07,31.06,31.19,31.06,115000,3585450,8,TPEX_CSV,2026/9/30 15:49
1150930,2026/9/30,上櫃,006208,富邦台50,256.3,1.1,257.6,258.75,256.3,1873000,483157100,802,TPEX_CSV,2026/9/30 15:49
1150930,2026/9/30,上櫃,00625K,富邦上証+R,,0,,,,,,,TPEX_CSV,2026/9/30 15:49
1150930,2026/9/30,上櫃,00631L,元大台灣50正2,38.99,0.71,39.1,39.51,38.94,135952000,5335605790,30550,TPEX_CSV,2026/9/30 15:49
1150930,2026/9/30,上櫃,00632R,元大台灣50反1,9.47,-0.1,9.46,9.49,9.42,92492000,874024340,8150,TPEX_CSV,2026/9/30 15:49
1150930,2026/9/30,上櫃,00633L,富邦上証正2,44.24,0.32,44.05,44.35,43.99,1813000,80122120,287,TPEX_CSV,2026/9/30 15:49
1150930,2026/9/30,上櫃,00634R,富邦上証反1,3.27,0,3.29,3.29,3.25,64000,208440,9,TPEX_CSV,2026/9/30 15:49
1150930,2026/9/30,上櫃,00635U,期元大S&P黃金,43.04,0.4,43.02,43.1,42.92,2006000,86290660,1061,TPEX_CSV,2026/9/30 15:49
1150930,2026/9/30,上櫃,00636,國泰中國A50,26.54,0.07,26.4,26.55,26.4,680000,18029100,70,TPEX_CSV,2026/9/30 15:49
1150930,2026/9/30,上櫃,00636K,國泰中國A50+U,8.16,-0.04,8.16,8.16,8.16,1100,8976,1,TPEX_CSV,2026/9/30 15:49
1150930,2026/9/30,上櫃,00637L,元大滬深300正2,18.32,0.15,18.27,18.35,18.18,11273000,206006950,1439,TPEX_CSV,2026/9/30 15:49
1150930,2026/9/30,上櫃,00638R,元大滬深300反1,6.95,-0.01,6.97,6.97,6.93,107000,743460,12,TPEX_CSV,2026/9/30 15:49
1150930,2026/9/30,上櫃,00639,富邦深100,15.2,0,15.2,15.29,15.18,469000,7133520,68,TPEX_CSV,2026/9/30 15:49
1150930,2026/9/30,上櫃,00640L,富邦日本正2,109.9,3.95,107.35,110,107.35,97000,10568050,43,TPEX_CSV,2026/9/30 15:49
1150930,2026/9/30,上櫃,00641R,富邦日本反1,3.63,-0.08,3.68,3.68,3.62,429000,1563130,78,TPEX_CSV,2026/9/30 15:49
1150930,2026/9/30,上櫃,00642U,期元大S&P石油,30.83,-1.59,30.7,30.87,30.63,1686000,51852580,653,TPEX_CSV,2026/9/30 15:49
1150930,2026/9/30,上櫃,00643,群益深証中小,17.26,0.06,17.32,17.33,17.21,2291000,39490350,63,TPEX_CSV,2026/9/30 15:49
1150930,2026/9/30,上櫃,00643K,群益深証中小+R,,0,,,,,,,TPEX_CSV,2026/9/30 15:49
1150930,2026/9/30,上櫃,00645,富邦日本,58.35,1.05,57.55,58.45,57.55,78000,4524100,48,TPEX_CSV,2026/9/30 15:49
1150930,2026/9/30,上櫃,00646,元大S&P500,77.15,0.25,76.95,77.2,76.95,850000,65565100,479,TPEX_CSV,2026/9/30 15:49
1150930,2026/9/30,上櫃,00647L,元大S&P500正2,138.3,1.1,138.15,138.3,138,13000,1795700,9,TPEX_CSV,2026/9/30 15:49
1150930,2026/9/30,上櫃,00648R,元大S&P500反1,3.91,-0.03,3.94,3.94,3.91,303000,1188140,25,TPEX_CSV,2026/9/30 15:49
1150930,2026/9/30,上櫃,00650L,復華香港正2,15.96,0.04,15.88,15.98,15.66,1412000,22351220,340,TPEX_CSV,2026/9/30 15:49
1150930,2026/9/30,上櫃,00651R,復華香港反1,5.35,-0.01,5.38,5.39,5.34,128000,687330,17,TPEX_CSV,2026/9/30 15:49
1150930,2026/9/30,上櫃,00652,富邦印度,31.2,-0.14,31.21,31.28,31.18,307000,9580380,142,TPEX_CSV,2026/9/30 15:49
1150930,2026/9/30,上櫃,00653L,富邦印度正2,41,0.18,41.1,41.29,40.96,394000,16199310,70,TPEX_CSV,2026/9/30 15:49
1150930,2026/9/30,上櫃,00654R,富邦印度反1,7.13,-0.01,7.26,7.26,7.12,30000,214590,12,TPEX_CSV,2026/9/30 15:49
1150930,2026/9/30,上櫃,00655L,國泰中國A50正2,30.83,0.29,30.67,30.89,30.62,409000,12576720,91,TPEX_CSV,2026/9/30 15:49
1150930,2026/9/30,上櫃,00656R,國泰中國A50反1,6.13,-0.02,6.15,6.15,6.13,8000,49140,4,TPEX_CSV,2026/9/30 15:49
1150930,2026/9/30,上櫃,00657,國泰日經225,79.3,2.5,78.2,79.35,78.2,58000,4562100,29,TPEX_CSV,2026/9/30 15:49
1150930,2026/9/30,上櫃,00657K,國泰日經225+U,24.84,0.73,24.84,24.84,24.84,200,4968,2,TPEX_CSV,2026/9/30 15:49
1150930,2026/9/30,上櫃,00660,元大歐洲50,46.43,0.23,46.15,46.43,46.11,15000,694090,12,TPEX_CSV,2026/9/30 15:49
1150930,2026/9/30,上櫃,00661,元大日經225,86.7,2.4,86.2,86.85,85.9,125000,10800600,63,TPEX_CSV,2026/9/30 15:49
1150930,2026/9/30,上櫃,00662,富邦NASDAQ,124.2,0.95,124.15,124.5,124,2186000,271599850,834,TPEX_CSV,2026/9/30 15:49
1150930,2026/9/30,上櫃,00663L,國泰臺灣加權正2,112.85,2.4,113,114.25,112.5,4947000,560873450,1488,TPEX_CSV,2026/9/30 15:49
1150930,2026/9/30,上櫃,00664R,國泰臺灣加權反1,1.53,-0.01,1.53,1.54,1.52,15328000,23423920,560,TPEX_CSV,2026/9/30 15:49
1150930,2026/9/30,上櫃,00665L,富邦恒生國企正2,8.84,0.05,8.76,8.86,8.66,8107000,71029470,786,TPEX_CSV,2026/9/30 15:49
1150930,2026/9/30,上櫃,00666R,富邦恒生國企反1,9.33,-0.05,9.38,9.38,9.33,2000,18710,2,TPEX_CSV,2026/9/30 15:49
1150930,2026/9/30,上櫃,00668,國泰美國道瓊,60.1,0.2,59.9,60.15,59.9,121000,7261050,18,TPEX_CSV,2026/9/30 15:49
1150930,2026/9/30,上櫃,00668K,國泰美國道瓊+U,18.78,-0.06,18.78,18.78,18.78,200,3756,2,TPEX_CSV,2026/9/30 15:49
1150930,2026/9/30,上櫃,00669R,國泰美國道瓊反1,5.37,-0.01,5.38,5.38,5.37,852000,4575310,27,TPEX_CSV,2026/9/30 15:49
1150930,2026/9/30,上櫃,00670L,富邦NASDAQ正2,209.5,2.5,210,210.45,209.3,356000,74735150,175,TPEX_CSV,2026/9/30 15:49
1150930,2026/9/30,上櫃,00671R,富邦NASDAQ反1,2.36,-0.02,2.35,2.36,2.35,535000,1260000,53,TPEX_CSV,2026/9/30 15:49
1150930,2026/9/30,上櫃,00673R,期元大S&P原油反1,10.86,0.47,10.89,10.92,10.84,34912000,380083130,2883,TPEX_CSV,2026/9/30 15:49
1150930,2026/9/30,上櫃,00674R,期元大S&P黃金反1,29.28,-0.32,29.27,29.29,29.22,121000,3541550,45,TPEX_CSV,2026/9/30 15:49
1150930,2026/9/30,上櫃,00675L,富邦臺灣加權正2,341.85,7.85,342.85,346.25,341,1020000,350474950,463,TPEX_CSV,2026/9/30 15:49
1150930,2026/9/30,上櫃,00676R,富邦臺灣加權反1,5.24,-0.05,5.23,5.25,5.2,5204000,27183530,363,TPEX_CSV,2026/9/30 15:49
1150930,2026/9/30,上櫃,00678,群益那斯達克生技,43.83,0.4,43.43,43.85,43.43,253000,11071420,25,TPEX_CSV,2026/9/30 15:49
1150930,2026/9/30,上櫃,00680L,元大美債20正2,5.83,-0.01,5.82,5.84,5.8,12277000,71483680,923,TPEX_CSV,2026/9/30 15:49
1150930,2026/9/30,上櫃,00681R,元大美債20反1,22.79,-0.07,22.83,22.83,22.79,162000,3698000,6,TPEX_CSV,2026/9/30 15:49
1150930,2026/9/30,上櫃,00682U,期元大美元指數,20.81,0.02,20.81,20.81,20.81,2000,41620,1,TPEX_CSV,2026/9/30 15:49
1150930,2026/9/30,上櫃,00683L,期元大美元指正2,22.29,0.13,22.16,22.29,22.16,38000,845060,10,TPEX_CSV,2026/9/30 15:49
1150930,2026/9/30,上櫃,00684R,期元大美元指反1,,0,,,,,,,TPEX_CSV,2026/9/30 15:49
1150930,2026/9/30,上櫃,00685L,群益臺灣加權正2,12.91,0.27,12.92,13.07,12.86,175387000,2274809100,22646,TPEX_CSV,2026/9/30 15:49
1150930,2026/9/30,上櫃,00686R,群益臺灣加權反1,0.94,-0.01,0.94,0.94,0.93,9516000,8879210,217,TPEX_CSV,2026/9/30 15:49
1150930,2026/9/30,上櫃,00688L,國泰20年美債正2,5.8,0,5.8,5.81,5.78,5266000,30523290,380,TPEX_CSV,2026/9/30 15:49
1150930,2026/9/30,上櫃,00689R,國泰20年美債反1,23.91,0.05,23.91,23.91,23.91,100000,2391000,2,TPEX_CSV,2026/9/30 15:49
1150930,2026/9/30,上櫃,00690,兆豐藍籌30,82.3,0.6,82.75,83.1,82.3,152000,12551650,76,TPEX_CSV,2026/9/30 15:49
1150930,2026/9/30,上櫃,00692,富邦公司治理,96.6,0.7,96.8,97.35,96.55,1431000,138746300,226,TPEX_CSV,2026/9/30 15:49
1150930,2026/9/30,上櫃,00693U,期街口S&P黃豆,23.68,0.26,23.58,23.7,23.58,698000,16502750,144,TPEX_CSV,2026/9/30 15:49
1150930,2026/9/30,上櫃,00700,富邦恒生國企,16.92,0.07,16.75,16.93,16.75,48000,809180,14,TPEX_CSV,2026/9/30 15:49
1150930,2026/9/30,上櫃,00701,國泰股利精選30,41.42,0,41.42,41.65,41.42,266000,11050460,79,TPEX_CSV,2026/9/30 15:49
1150930,2026/9/30,上櫃,00702,國泰標普低波高息,23.38,-0.05,23.43,23.43,23.38,114000,2665610,14,TPEX_CSV,2026/9/30 15:49
1150930,2026/9/30,上櫃,00703,台新MSCI中國,18.81,0.08,18.73,18.81,18.69,13000,243130,3,TPEX_CSV,2026/9/30 15:49
1150930,2026/9/30,上櫃,00706L,期元大S&P日圓正2,19.34,0.06,19.32,19.51,19.31,762000,14772300,187,TPEX_CSV,2026/9/30 15:49
1150930,2026/9/30,上櫃,00707R,期元大S&P日圓反1,,0,,,,,,,TPEX_CSV,2026/9/30 15:49
1150930,2026/9/30,上櫃,00708L,期元大S&P黃金正2,72.2,1.3,72.35,72.6,72,4596000,332114350,1395,TPEX_CSV,2026/9/30 15:49
1150930,2026/9/30,上櫃,00709,富邦歐洲,39.46,-0.1,39.48,39.55,39.46,20000,789650,17,TPEX_CSV,2026/9/30 15:49
1150930,2026/9/30,上櫃,00710B,復華彭博非投等債,18.52,-0.14,18.55,18.57,18.52,320000,5934000,66,TPEX_CSV,2026/9/30 15:49
1150930,2026/9/30,上櫃,00711B,復華彭博新興債,14.77,-0.01,14.77,14.78,14.77,181000,2673380,9,TPEX_CSV,2026/9/30 15:49
1150930,2026/9/30,上櫃,00712,復華富時不動產,7.54,-0.02,7.55,7.55,7.53,72145000,543660120,11088,TPEX_CSV,2026/9/30 15:49
1150930,2026/9/30,上櫃,00713,元大台灣高息低波,63,0.1,63.25,63.25,62.8,8605000,542211750,2057,TPEX_CSV,2026/9/30 15:49
1150930,2026/9/30,上櫃,00714,群益道瓊美國地產,20.61,-0.01,20.57,20.67,20.57,841000,17348810,38,TPEX_CSV,2026/9/30 15:49
1150930,2026/9/30,上櫃,00715L,期街口布蘭特正2,63.35,-4.55,62.8,63.75,62.65,3146000,198650100,1157,TPEX_CSV,2026/9/30 15:49
1150930,2026/9/30,上櫃,00717,富邦美國特別股,14.47,-0.02,14.47,14.47,14.42,211000,3050380,34,TPEX_CSV,2026/9/30 15:49
1150930,2026/9/30,上櫃,00728,第一金工業30,70.2,0.3,70.4,70.85,70.2,94000,6623250,45,TPEX_CSV,2026/9/30 15:49
1150930,2026/9/30,上櫃,00730,富邦臺灣優質高息,29.72,0.37,29.35,29.79,29.35,278000,8230170,112,TPEX_CSV,2026/9/30 15:49
1150930,2026/9/30,上櫃,00731,復華富時高息低波,98,0.25,98.2,98.3,97.9,574000,56256550,19,TPEX_CSV,2026/9/30 15:49
1150930,2026/9/30,上櫃,00733,富邦臺灣中小,71.55,1.35,71,71.9,71,457000,32721600,251,TPEX_CSV,2026/9/30 15:49
1150930,2026/9/30,上櫃,00735,國泰臺韓科技,107.95,0.7,108.8,109.15,107.95,1424000,154691450,512,TPEX_CSV,2026/9/30 15:49
1150930,2026/9/30,上櫃,00736,國泰新興市場,31.63,0.02,31.56,31.63,31.56,101000,3187630,3,TPEX_CSV,2026/9/30 15:49
1150930,2026/9/30,上櫃,00737,國泰AI機器人,40.87,0.12,40.91,40.97,40.87,32000,1309480,17,TPEX_CSV,2026/9/30 15:49
1150930,2026/9/30,上櫃,00738U,期元大道瓊白銀,48.37,0.3,48.57,48.6,48.25,2635000,127552160,869,TPEX_CSV,2026/9/30 15:49
1150930,2026/9/30,上櫃,00739,元大MSCI A股,26.6,0.14,26.48,26.7,26.38,83000,2199690,18,TPEX_CSV,2026/9/30 15:49
1150930,2026/9/30,上櫃,00752,中信中國50,22.34,0.01,22.22,22.35,22.18,556000,12372610,215,TPEX_CSV,2026/9/30 15:49
1150930,2026/9/30,上櫃,00753L,中信中國50正2,8.64,0.03,8.61,8.66,8.52,8456000,72624330,1304,TPEX_CSV,2026/9/30 15:49
1150930,2026/9/30,上櫃,00757,統一FANG+,143.2,1.3,143.3,143.5,143.1,259000,37109050,132,TPEX_CSV,2026/9/30 15:49
1150930,2026/9/30,上櫃,00762,元大全球AI,120.75,1.25,119.6,121.05,119.6,149000,17967250,67,TPEX_CSV,2026/9/30 15:49
1150930,2026/9/30,上櫃,00763U,期街口道瓊銅,34.67,0.11,34.7,34.77,34.61,192000,6661120,85,TPEX_CSV,2026/9/30 15:49
1150930,2026/9/30,上櫃,00770,國泰北美科技,65.2,0.45,65.4,65.4,65.15,210000,13697000,143,TPEX_CSV,2026/9/30 15:49
1150930,2026/9/30,上櫃,00771,元大US高息特別股,14.96,-0.11,14.99,14.99,14.94,34000,508600,28,TPEX_CSV,2026/9/30 15:49
1150930,2026/9/30,上櫃,00775B,台新投等債15+,29.77,-0.06,29.77,29.77,29.77,80000,2381600,2,TPEX_CSV,2026/9/30 15:49
1150930,2026/9/30,上櫃,00783,富邦中証500,27.15,0.3,27.08,27.15,27.08,3000,81380,3,TPEX_CSV,2026/9/30 15:49
1150930,2026/9/30,上櫃,00830,國泰費城半導體,88.8,1.95,88.75,89,88.55,6715000,596332000,2775,TPEX_CSV,2026/9/30 15:49
1150930,2026/9/30,上櫃,00850,元大臺灣ESG永續,96.05,0.55,96.5,96.85,96.05,680000,65537200,475,TPEX_CSV,2026/9/30 15:49
1150930,2026/9/30,上櫃,00851,台新全球AI,73.15,0.9,72.75,73.15,72.75,42000,3065900,4,TPEX_CSV,2026/9/30 15:49
1150930,2026/9/30,上櫃,00852L,國泰美國道瓊正2,33.09,0.26,33.02,33.11,32.99,120000,3964330,69,TPEX_CSV,2026/9/30 15:49
1150930,2026/9/30,上櫃,00861,元大全球未來通訊,88.5,0.9,88.45,88.95,88.45,111000,9855950,47,TPEX_CSV,2026/9/30 15:49
1150930,2026/9/30,上櫃,00865B,國泰US短期公債,48.99,0.07,48.93,49.01,48.88,2743000,134307820,573,TPEX_CSV,2026/9/30 15:49
1150930,2026/9/30,上櫃,00875,國泰網路資安,57.05,0.15,56.85,57.15,56.85,183000,10442450,45,TPEX_CSV,2026/9/30 15:49
1150930,2026/9/30,上櫃,00876,元大全球5G,91.25,1.7,89.95,91.55,89.95,233000,21263900,115,TPEX_CSV,2026/9/30 15:49
1150930,2026/9/30,上櫃,00878,國泰永續高股息,34.9,0.07,35.07,35.14,34.9,22899000,801939580,7837,TPEX_CSV,2026/9/30 15:49
1150930,2026/9/30,上櫃,00881,國泰台灣科技龍頭,52.2,0.3,52.5,52.8,52.15,9840000,516340400,3258,TPEX_CSV,2026/9/30 15:49
1150930,2026/9/30,上櫃,00882,中信中國高股息,14.92,0.07,14.88,14.92,14.75,3578000,53174160,768,TPEX_CSV,2026/9/30 15:49
1150930,2026/9/30,上櫃,00885,富邦越南,18,0.01,17.99,18.07,17.98,917000,16516180,344,TPEX_CSV,2026/9/30 15:49
1150930,2026/9/30,上櫃,00891,中信關鍵半導體,37.53,0.23,37.92,37.92,37.53,7730000,291869570,2631,TPEX_CSV,2026/9/30 15:49
1150930,2026/9/30,上櫃,00892,富邦台灣半導體,43.05,0.06,43.47,43.55,43.05,3106000,134338610,507,TPEX_CSV,2026/9/30 15:49
1150930,2026/9/30,上櫃,00893,國泰智能電動車,45.73,0.35,45.5,45.83,45.5,355000,16244720,140,TPEX_CSV,2026/9/30 15:49
1150930,2026/9/30,上櫃,00894,中信小資高價30,49.84,0.35,50,50.35,49.81,785000,39321090,241,TPEX_CSV,2026/9/30 15:49
1150930,2026/9/30,上櫃,00895,富邦未來車,51.7,0.2,51.6,51.8,51.6,161000,8328750,69,TPEX_CSV,2026/9/30 15:49
1150930,2026/9/30,上櫃,00896,中信綠能及電動車,27.77,0.27,27.77,27.9,27.72,6070000,169043200,1379,TPEX_CSV,2026/9/30 15:49
1150930,2026/9/30,上櫃,00897,富邦基因免疫生技,14.22,0.41,14.07,14.24,14.07,2331000,33011940,536,TPEX_CSV,2026/9/30 15:49
1150930,2026/9/30,上櫃,00898,國泰基因免疫革命,12.08,0.33,11.95,12.09,11.95,1251000,15050960,362,TPEX_CSV,2026/9/30 15:49
1150930,2026/9/30,上櫃,00899,FT潔淨能源,22.14,0.11,22.09,22.14,22.03,41000,904310,25,TPEX_CSV,2026/9/30 15:49
1150930,2026/9/30,上櫃,00900,富邦特選高股息30,19.4,0.03,19.43,19.48,19.4,3794000,73737120,588,TPEX_CSV,2026/9/30 15:49
1150930,2026/9/30,上櫃,00901,永豐智能車供應鏈,48.15,0.41,48.13,48.57,48.13,241000,11662380,20,TPEX_CSV,2026/9/30 15:49
1150930,2026/9/30,上櫃,00902,中信電池及儲能,12.43,0.18,12.34,12.46,12.34,456000,5662860,129,TPEX_CSV,2026/9/30 15:49
1150930,2026/9/30,上櫃,00903,富邦元宇宙,21.85,0.08,21.84,21.88,21.83,150000,3276000,21,TPEX_CSV,2026/9/30 15:49
1150930,2026/9/30,上櫃,00904,台新臺灣半導體30,43.43,0.46,43.25,43.72,43.25,1099000,47882120,242,TPEX_CSV,2026/9/30 15:49
1150930,2026/9/30,上櫃,00905,FT臺灣Smart,27.65,0.25,27.65,27.83,27.65,885000,24549580,322,TPEX_CSV,2026/9/30 15:49
1150930,2026/9/30,上櫃,00907,永豐優息存股,17.74,0.08,17.68,17.78,17.68,668000,11864730,132,TPEX_CSV,2026/9/30 15:49
1150930,2026/9/30,上櫃,00908,富邦入息REITs+,14.54,0.01,14.53,14.54,14.5,393000,5704370,143,TPEX_CSV,2026/9/30 15:49
1150930,2026/9/30,上櫃,00909,國泰數位支付服務,48.62,0.12,48.56,49.34,48.48,903000,43873120,336,TPEX_CSV,2026/9/30 15:49
1150930,2026/9/30,上櫃,00910,第一金太空衛星,57.25,-0.45,57,57.35,57,382000,21856550,254,TPEX_CSV,2026/9/30 15:49
1150930,2026/9/30,上櫃,00911,兆豐洲際半導體,56.7,0.9,56.7,56.85,56.5,384000,21773350,223,TPEX_CSV,2026/9/30 15:49
1150930,2026/9/30,上櫃,00912,中信臺灣智慧50,36.2,0.21,36.02,36.56,36.02,122000,4436540,62,TPEX_CSV,2026/9/30 15:49
1150930,2026/9/30,上櫃,00913,兆豐台灣晶圓製造,52.7,0.95,52.75,52.95,52.55,1655000,87358950,466,TPEX_CSV,2026/9/30 15:49
1150930,2026/9/30,上櫃,00915,凱基優選高股息30,33.07,0.16,32.99,33.18,32.99,3658000,121138280,237,TPEX_CSV,2026/9/30 15:49
1150930,2026/9/30,上櫃,00916,國泰全球品牌50,26.85,-0.03,26.88,26.92,26.82,399000,10708960,74,TPEX_CSV,2026/9/30 15:49
1150930,2026/9/30,上櫃,00917,中信特選金融,22.45,-0.05,22.5,22.5,22.42,854000,19165960,338,TPEX_CSV,2026/9/30 15:49
1150930,2026/9/30,上櫃,00918,大華優利高填息30,33.89,-0.01,34.04,34.09,33.89,30845000,1047440670,11368,TPEX_CSV,2026/9/30 15:49
1150930,2026/9/30,上櫃,00919,群益台灣精選高息,31.88,0,32.03,32.04,31.86,53120000,1697517630,16789,TPEX_CSV,2026/9/30 15:49
1150930,2026/9/30,上櫃,00920,富邦ESG綠色電力,24.88,0.55,24.88,24.94,24.86,144000,3583740,39,TPEX_CSV,2026/9/30 15:49
1150930,2026/9/30,上櫃,00921,兆豐龍頭等權重,23.61,0.23,23.45,23.61,23.45,251000,5913980,65,TPEX_CSV,2026/9/30 15:49
1150930,2026/9/30,上櫃,00922,國泰台灣領袖50,43.65,0.26,43.9,43.98,43.6,5166000,226431890,1512,TPEX_CSV,2026/9/30 15:49
1150930,2026/9/30,上櫃,00923,群益台ESG低碳50,41.51,0.18,41.65,41.9,41.51,2819000,117703700,688,TPEX_CSV,2026/9/30 15:49
1150930,2026/9/30,上櫃,00924,復華S&P500成長,33.78,0.19,33.72,33.82,33.71,1116000,37688330,273,TPEX_CSV,2026/9/30 15:49
1150930,2026/9/30,上櫃,00926,凱基全球菁英55,26.59,0,26.63,26.63,26.58,841000,22376400,47,TPEX_CSV,2026/9/30 15:49
1150930,2026/9/30,上櫃,00927,群益半導體收益,39.89,0.5,39.95,40.1,39.69,11658000,465715380,3226,TPEX_CSV,2026/9/30 15:49
1150930,2026/9/30,上櫃,00929,復華台灣科技優息,29.35,0.19,29.37,29.44,29.32,20534000,603453340,4802,TPEX_CSV,2026/9/30 15:49
1150930,2026/9/30,上櫃,00930,永豐ESG低碳高息,23.8,0.11,23.92,23.92,23.76,1412000,33630840,290,TPEX_CSV,2026/9/30 15:49
1150930,2026/9/30,上櫃,00932,兆豐永續高息等權,17.52,0.08,17.48,17.56,17.48,680000,11917630,113,TPEX_CSV,2026/9/30 15:49
1150930,2026/9/30,上櫃,00934,中信成長高股息,29.95,0.16,29.96,30.06,29.92,2418000,72565420,308,TPEX_CSV,2026/9/30 15:49
1150930,2026/9/30,上櫃,00935,野村臺灣新科技50,60.95,0.55,61.2,61.6,60.9,8692000,532056600,2439,TPEX_CSV,2026/9/30 15:49
1150930,2026/9/30,上櫃,00936,台新永續高息中小,21.58,0.26,21.54,21.6,21.47,617000,13297530,184,TPEX_CSV,2026/9/30 15:49
1150930,2026/9/30,上櫃,00938,凱基優選30,26.91,0.07,26.84,27.06,26.84,369000,9964540,55,TPEX_CSV,2026/9/30 15:49
1150930,2026/9/30,上櫃,00939,統一台灣高息動能,24.1,0.08,24.11,24.22,24.06,2646000,63818670,568,TPEX_CSV,2026/9/30 15:49
1150930,2026/9/30,上櫃,00940,元大台灣價值高息,13.12,0.04,13.13,13.19,13.12,9252000,121687870,1470,TPEX_CSV,2026/9/30 15:49
1150930,2026/9/30,上櫃,00941,中信上游半導體,25.81,0.62,25.65,25.87,25.65,959000,24752310,261,TPEX_CSV,2026/9/30 15:49
1150930,2026/9/30,上櫃,00943,兆豐電子高息等權,21.02,0.01,21.05,21.08,21,58000,1219900,32,TPEX_CSV,2026/9/30 15:49
1150930,2026/9/30,上櫃,00944,野村趨勢動能高息,21.95,0.12,21.9,22.04,21.9,177000,3888590,26,TPEX_CSV,2026/9/30 15:49
1150930,2026/9/30,上櫃,00945B,凱基美國非投等債,14.19,-0.02,14.21,14.21,14.18,4699000,66657470,646,TPEX_CSV,2026/9/30 15:49
1150930,2026/9/30,上櫃,00946,群益科技高息成長,15.42,0.04,15.44,15.52,15.37,1981000,30558330,256,TPEX_CSV,2026/9/30 15:49
1150930,2026/9/30,上櫃,00947,台新臺灣IC設計,40.46,0.46,40.5,40.72,40.33,6089000,246855290,1289,TPEX_CSV,2026/9/30 15:49
1150930,2026/9/30,上櫃,00949,復華日本龍頭,22.15,0.41,21.74,22.18,21.74,818000,17959860,82,TPEX_CSV,2026/9/30 15:49
1150930,2026/9/30,上櫃,00951,台新日本半導體,18.1,0.46,18.1,18.26,18.09,2466000,44798400,535,TPEX_CSV,2026/9/30 15:49
1150930,2026/9/30,上櫃,00952,凱基台灣AI50,18.39,0.1,18.3,18.53,18.3,1530000,28214930,236,TPEX_CSV,2026/9/30 15:49
1150930,2026/9/30,上櫃,00953B,群益優選非投等債,9.51,0,9.51,9.51,9.49,34827000,330853090,5824,TPEX_CSV,2026/9/30 15:49
1150930,2026/9/30,上櫃,00954,中信日本半導體,19.33,0.49,19.28,19.49,19.27,1558000,30203540,365,TPEX_CSV,2026/9/30 15:49
1150930,2026/9/30,上櫃,00956,中信日經高股息,13.59,0.17,13.42,13.59,13.42,247000,3329050,38,TPEX_CSV,2026/9/30 15:49
1150930,2026/9/30,上櫃,00960,野村全球航運龍頭,22.38,0.35,22,22.4,22,208000,4649340,101,TPEX_CSV,2026/9/30 15:49
1150930,2026/9/30,上櫃,00961,FT臺灣永續高息,13.24,0.03,13.28,13.3,13.21,14845000,196554500,2783,TPEX_CSV,2026/9/30 15:49
1150930,2026/9/30,上櫃,00962,台新AI優息動能,15.05,0.03,15.09,15.15,15.05,1867000,28175980,505,TPEX_CSV,2026/9/30 15:49
1150930,2026/9/30,上櫃,00963,中信全球高股息,12.52,-0.03,12.69,12.69,12.51,1638000,20519310,289,TPEX_CSV,2026/9/30 15:49
1150930,2026/9/30,上櫃,00964,中信亞太高股息,14.82,0.09,14.9,14.9,14.77,960000,14207790,131,TPEX_CSV,2026/9/30 15:49
1150930,2026/9/30,上櫃,00965,元大航太防衛科技,25.19,0.1,25,25.27,25,8740000,220197600,485,TPEX_CSV,2026/9/30 15:49
1150930,2026/9/30,上櫃,00971,野村美國研發龍頭,17.8,0.02,17.78,17.84,17.78,81000,1442030,32,TPEX_CSV,2026/9/30 15:49
1150930,2026/9/30,上櫃,00972,野村日本動能高息,21.82,0.31,21.58,21.82,21.58,155000,3346960,12,TPEX_CSV,2026/9/30 15:49
1150930,2026/9/30,上櫃,009800,中信NASDAQ,13.42,0.08,13.44,13.46,13.42,3350000,45023980,227,TPEX_CSV,2026/9/30 15:49
1150930,2026/9/30,上櫃,009801,中信美國創新科技,11.64,0.05,11.64,11.67,11.63,1729000,20144070,100,TPEX_CSV,2026/9/30 15:49
1150930,2026/9/30,上櫃,009802,富邦旗艦50,20.07,0.11,20.2,20.22,20.07,2889000,58248540,531,TPEX_CSV,2026/9/30 15:49
1150930,2026/9/30,上櫃,009803,玉山市值動能50,21.61,0.11,21.75,21.79,21.61,3003000,65207340,793,TPEX_CSV,2026/9/30 15:49
1150930,2026/9/30,上櫃,009804,聯邦台精彩50,24.01,0.16,24,24.19,24,646000,15573670,209,TPEX_CSV,2026/9/30 15:49
1150930,2026/9/30,上櫃,009805,台新美國電力基建,14.96,0.2,14.87,14.99,14.87,2598000,38842280,512,TPEX_CSV,2026/9/30 15:49
1150930,2026/9/30,上櫃,009808,華南永昌優選50,32.05,0.2,32.1,32.33,32.05,82000,2639660,28,TPEX_CSV,2026/9/30 15:49
1150930,2026/9/30,上櫃,009809,富邦淨零ESG50,18.58,0.13,18.6,18.69,18.56,256000,4770540,22,TPEX_CSV,2026/9/30 15:49
1150930,2026/9/30,上櫃,00980A,主動野村臺灣優選,25.41,0.01,25.62,25.76,25.38,18795000,479268910,6547,TPEX_CSV,2026/9/30 15:49
1150930,2026/9/30,上櫃,009810,玉山全球藍籌100,21.32,-0.05,21.37,21.37,21.32,373000,7957530,34,TPEX_CSV,2026/9/30 15:49
1150930,2026/9/30,上櫃,009811,統一美國50,13.49,0.02,13.54,13.54,13.49,282000,3806880,119,TPEX_CSV,2026/9/30 15:49
1150930,2026/9/30,上櫃,009812,野村日本東證,13.17,0.26,13,13.19,13,628000,8222610,129,TPEX_CSV,2026/9/30 15:49
1150930,2026/9/30,上櫃,009813,貝萊德標普卓越50,11.49,0.03,11.46,11.52,11.46,1867000,21481460,170,TPEX_CSV,2026/9/30 15:49
1150930,2026/9/30,上櫃,009816,凱基台灣TOP50,16.49,0.09,16.6,16.65,16.49,79060000,1310439190,13925,TPEX_CSV,2026/9/30 15:49
1150930,2026/9/30,上櫃,009817,國泰日本不動產,8.8,0.01,8.73,8.8,8.73,608000,5338130,103,TPEX_CSV,2026/9/30 15:49
1150930,2026/9/30,上櫃,009818,華南永昌NASDAQxT,21.17,0.18,21.13,21.17,21.13,212000,4481070,35,TPEX_CSV,2026/9/30 15:49
1150930,2026/9/30,上櫃,009819,中信數據及電力,9.67,0.14,9.64,9.69,9.64,3202000,30956320,507,TPEX_CSV,2026/9/30 15:49
1150930,2026/9/30,上櫃,00981A,主動統一台股增長,30.54,0.23,30.75,30.88,30.5,97822000,3003457740,20372,TPEX_CSV,2026/9/30 15:49
1150930,2026/9/30,上櫃,00981T,平衡凱基雙核收息,11.64,-0.06,11.67,11.67,11.64,3006000,35022710,692,TPEX_CSV,2026/9/30 15:49
1150930,2026/9/30,上櫃,009820,元大納斯達克精選,10.46,0.14,10.44,10.49,10.44,11610000,121510330,968,TPEX_CSV,2026/9/30 15:49
1150930,2026/9/30,上櫃,009821,野村稀土關鍵資源,13.3,-0.03,13.35,13.4,13.29,9646000,128392510,3012,TPEX_CSV,2026/9/30 15:49
1150930,2026/9/30,上櫃,009824,群益美國科技巨頭,10.56,0.07,10.54,10.59,10.54,3626000,38313520,560,TPEX_CSV,2026/9/30 15:49
1150930,2026/9/30,上櫃,009826,貝萊德世界股票,10.03,0.01,10.02,10.04,10.02,9358000,93877160,1742,TPEX_CSV,2026/9/30 15:49
1150930,2026/9/30,上櫃,009827,玉山未來全球算力,10.29,0.09,10.28,10.31,10.26,2732000,28092440,394,TPEX_CSV,2026/9/30 15:49
1150930,2026/9/30,上櫃,009828,中信台日韓PCB,10.12,0.14,10.03,10.13,10.03,52599000,530275300,4588,TPEX_CSV,2026/9/30 15:49
1150930,2026/9/30,上櫃,009829,大華韓國KOSPI50,10.78,0.04,10.9,10.92,10.76,17103000,185417070,1523,TPEX_CSV,2026/9/30 15:49
1150930,2026/9/30,上櫃,00982A,主動群益台灣強棒,23.07,0.24,23.23,23.26,23.03,12696000,294249560,2765,TPEX_CSV,2026/9/30 15:49
1150930,2026/9/30,上櫃,00982D,主動富邦動態入息,9.34,-0.02,9.35,9.36,9.33,2569000,23991960,70,TPEX_CSV,2026/9/30 15:49
1150930,2026/9/30,上櫃,00982T,平衡兆豐台美動能,15.41,0.09,15.4,15.49,15.4,36000,555940,12,TPEX_CSV,2026/9/30 15:49
1150930,2026/9/30,上櫃,00983A,主動中信ARK創新,13.3,0.1,13.21,13.32,13.21,1413000,18749250,195,TPEX_CSV,2026/9/30 15:49
1150930,2026/9/30,上櫃,00983D,主動富邦複合收益,9.59,-0.01,9.6,9.61,9.58,681000,6527840,92,TPEX_CSV,2026/9/30 15:49
1150930,2026/9/30,上櫃,00984A,主動安聯台灣高息,15.71,0.09,15.72,15.77,15.66,3368000,52968730,932,TPEX_CSV,2026/9/30 15:49
1150930,2026/9/30,上櫃,00984D,主動聯博全球非投,9.73,-0.04,9.78,9.79,9.72,25673000,250071620,2842,TPEX_CSV,2026/9/30 15:49
1150930,2026/9/30,上櫃,00985A,主動野村台灣50,23.5,0.2,23.61,23.65,23.47,2098000,49368560,384,TPEX_CSV,2026/9/30 15:49
1150930,2026/9/30,上櫃,00985B,群益ESG投等債0-5,10.08,0.02,10.06,10.08,10.05,10436000,105080240,677,TPEX_CSV,2026/9/30 15:49
1150930,2026/9/30,上櫃,00986A,主動台新龍頭成長,14.8,0.2,14.81,14.83,14.79,145000,2148090,37,TPEX_CSV,2026/9/30 15:49
1150930,2026/9/30,上櫃,00987A,主動台新優勢成長,17.27,0.12,17.38,17.47,17.18,2211000,38214860,294,TPEX_CSV,2026/9/30 15:49
1150930,2026/9/30,上櫃,00988A,主動統一全球創新,16.79,0.31,16.83,16.85,16.77,17345000,291521360,3522,TPEX_CSV,2026/9/30 15:49
1150930,2026/9/30,上櫃,00989A,主動摩根美國科技,17.66,0.14,17.7,17.7,17.64,893000,15783470,69,TPEX_CSV,2026/9/30 15:49
1150930,2026/9/30,上櫃,00990A,主動元大AI新經濟,15.95,0.37,15.89,16,15.89,11766000,187723440,2353,TPEX_CSV,2026/9/30 15:49
1150930,2026/9/30,上櫃,00991A,主動復華未來50,18,0.05,18.16,18.2,17.99,45858000,830061470,7317,TPEX_CSV,2026/9/30 15:49
1150930,2026/9/30,上櫃,00991B,貝萊德A級公司債,14.33,0.02,14.31,14.35,14.31,281000,4025180,16,TPEX_CSV,2026/9/30 15:49
1150930,2026/9/30,上櫃,00992A,主動群益科技創新,18.82,0.14,18.94,18.99,18.76,23340000,440892220,3984,TPEX_CSV,2026/9/30 15:49
1150930,2026/9/30,上櫃,00993A,主動安聯台灣,13.78,0.05,13.89,13.94,13.77,3276000,45417220,513,TPEX_CSV,2026/9/30 15:49
1150930,2026/9/30,上櫃,00994A,主動第一金台股優,17.23,0.12,17.36,17.41,17.19,2646000,45813890,409,TPEX_CSV,2026/9/30 15:49
1150930,2026/9/30,上櫃,00995A,主動中信台灣卓越,17.78,0.19,17.86,17.92,17.69,3366000,59897060,332,TPEX_CSV,2026/9/30 15:49
1150930,2026/9/30,上櫃,00996A,主動兆豐台灣豐收,14.48,0.13,14.57,14.6,14.45,2118000,30752830,295,TPEX_CSV,2026/9/30 15:49
1150930,2026/9/30,上櫃,00997A,主動群益美國增長,11.72,0.23,11.64,11.75,11.64,10372000,121274400,1482,TPEX_CSV,2026/9/30 15:49
1150930,2026/9/30,上櫃,00999A,主動野村臺灣高息,11.28,0.05,11.34,11.4,11.27,5524000,62626460,968,TPEX_CSV,2026/9/30 15:49
1150930,2026/9/30,上櫃,01001T,土銀富邦R1,11.13,0.02,11.11,11.2,11.11,53000,589850,9,TPEX_CSV,2026/9/30 15:49
1150930,2026/9/30,上櫃,01002T,土銀國泰R1,12.8,0.06,12.74,12.8,12.74,135000,1726400,11,TPEX_CSV,2026/9/30 15:49
1150930,2026/9/30,上櫃,01004T,土銀富邦R2,10.01,0,9.96,10.03,9.95,72000,719700,54,TPEX_CSV,2026/9/30 15:49
1150930,2026/9/30,上櫃,01007T,兆豐國泰R2,11.31,-0.01,11.32,11.32,11.24,46000,517890,42,TPEX_CSV,2026/9/30 15:49
1150930,2026/9/30,上櫃,01009T,王道圓滿R1,5.59,0,5.59,5.59,5.59,2000,11180,2,TPEX_CSV,2026/9/30 15:49
1150930,2026/9/30,上櫃,01010T,京城樂富R1,10,0,9.99,10,9.99,27000,269750,6,TPEX_CSV,2026/9/30 15:49
1150930,2026/9/30,上櫃,020000,富邦特選蘋果N,32.87,0.04,33.01,33.09,32.87,19000,627080,7,TPEX_CSV,2026/9/30 15:49
1150930,2026/9/30,上櫃,020011,統一微波高息20N,,0,,,,,,,TPEX_CSV,2026/9/30 15:49
1150930,2026/9/30,上櫃,020012,富邦行動通訊N,,0,,,,,,,TPEX_CSV,2026/9/30 15:49
1150930,2026/9/30,上櫃,02001L,富邦蘋果正二N,153.25,1.6,155.8,156,153.25,109000,16838150,32,TPEX_CSV,2026/9/30 15:49
1150930,2026/9/30,上櫃,020020,元大台股領航N,30.3,0.44,30.37,30.6,30.3,26000,791280,8,TPEX_CSV,2026/9/30 15:49
1150930,2026/9/30,上櫃,020028,元大特選電動車N,21.16,0,21.17,21.17,21.11,23000,486280,8,TPEX_CSV,2026/9/30 15:49
1150930,2026/9/30,上櫃,020029,元大ESG高股息N,20.81,0.09,20.81,20.81,20.81,2000,41620,2,TPEX_CSV,2026/9/30 15:49
1150930,2026/9/30,上櫃,020030,統一智慧電動車N,21.05,0,21.1,21.1,21.05,2000,42150,2,TPEX_CSV,2026/9/30 15:49
1150930,2026/9/30,上櫃,020031,統一IC設計臺灣N,11.79,0.06,11.78,11.79,11.78,3000,35350,3,TPEX_CSV,2026/9/30 15:49
1150930,2026/9/30,上櫃,020032,元大綠能N,11.21,0,11.21,11.21,11.21,3000,33630,1,TPEX_CSV,2026/9/30 15:49
1150930,2026/9/30,上櫃,020034,元大IC設計N,17.15,0.21,17.23,17.23,17.15,3000,51610,3,TPEX_CSV,2026/9/30 15:49
1150930,2026/9/30,上櫃,020036,元大金融配息N,,0,,,,,,,TPEX_CSV,2026/9/30 15:49
1150930,2026/9/30,上櫃,020037,元大金融高股息N,,0,,,,,,,TPEX_CSV,2026/9/30 15:49
1150930,2026/9/30,上櫃,020038,元大ESG配息N,,0,,,,,,,TPEX_CSV,2026/9/30 15:49
1150930,2026/9/30,上櫃,020039,元大加權N,15.41,0.06,15.4,15.48,15.4,15000,231330,3,TPEX_CSV,2026/9/30 15:49
1150930,2026/9/30,上櫃,1101,台泥,26.3,1,25.35,26.7,25.2,104260000,2727012150,24073,TPEX_CSV,2026/9/30 15:49
1150930,2026/9/30,上櫃,1101B,台泥乙特,43.4,0.1,43.3,43.4,43.3,5000,216900,5,TPEX_CSV,2026/9/30 15:49
1150930,2026/9/30,上櫃,1102,亞泥,35.8,0.5,35.4,35.8,35.2,6193000,220706200,2256,TPEX_CSV,2026/9/30 15:49
1150930,2026/9/30,上櫃,1103,嘉泥,13.2,0.2,13.05,13.2,13.05,568000,7445750,152,TPEX_CSV,2026/9/30 15:49
1150930,2026/9/30,上櫃,1104,環泥,26.7,0.15,26.7,26.75,26.6,314000,8378550,240,TPEX_CSV,2026/9/30 15:49
1150930,2026/9/30,上櫃,1108,幸福,11.15,0.15,11.05,11.2,11.05,140000,1558750,85,TPEX_CSV,2026/9/30 15:49
1150930,2026/9/30,上櫃,1109,信大,13.35,0.05,13.3,13.4,13.25,336000,4477300,88,TPEX_CSV,2026/9/30 15:49
1150930,2026/9/30,上櫃,1110,東泥,14.65,0.3,14.45,14.65,14.35,228000,3301300,172,TPEX_CSV,2026/9/30 15:49
1150930,2026/9/30,上櫃,1201,味全,11.65,0.15,11.55,11.65,11.5,684000,7928850,185,TPEX_CSV,2026/9/30 15:49
1150930,2026/9/30,上櫃,1203,味王,43.7,0.4,44.75,44.75,43,23000,1004450,23,TPEX_CSV,2026/9/30 15:49
1150930,2026/9/30,上櫃,1210,大成,52,0.4,51.7,52,51.5,1129000,58474800,659,TPEX_CSV,2026/9/30 15:49
1150930,2026/9/30,上櫃,1213,大飲,7.47,0.18,7.27,7.47,7.26,5000,36560,5,TPEX_CSV,2026/9/30 15:49
1150930,2026/9/30,上櫃,1215,卜蜂,105,-0.5,105.5,106,104.5,416000,43692500,315,TPEX_CSV,2026/9/30 15:49
1150930,2026/9/30,上櫃,1216,統一,74.2,0.3,74.5,74.5,73.7,6913000,512595200,2763,TPEX_CSV,2026/9/30 15:49
1150930,2026/9/30,上櫃,1217,愛之味,9.95,0.05,9.91,9.98,9.91,361000,3586980,200,TPEX_CSV,2026/9/30 15:49
1150930,2026/9/30,上櫃,1218,泰山,14.6,0.15,14.5,14.6,14.4,483000,7014250,234,TPEX_CSV,2026/9/30 15:49
1150930,2026/9/30,上櫃,1219,福壽,11.45,0.1,11.3,11.45,11.3,134000,1526750,90,TPEX_CSV,2026/9/30 15:49
1150930,2026/9/30,上櫃,1220,台榮,10.85,0.1,10.75,10.85,10.75,31000,335600,25,TPEX_CSV,2026/9/30 15:49
1150930,2026/9/30,上櫃,1225,福懋油,24.55,0.15,24.3,25.5,24.3,37000,917050,35,TPEX_CSV,2026/9/30 15:49
1150930,2026/9/30,上櫃,1227,佳格,28.1,0.1,28,28.15,28,498000,13970600,335,TPEX_CSV,2026/9/30 15:49
1150930,2026/9/30,上櫃,1229,聯華,39.9,0.35,40,40.2,39.6,1854000,74085500,971,TPEX_CSV,2026/9/30 15:49
1150930,2026/9/30,上櫃,1231,聯華食,79.6,0,79.6,79.7,79.3,208000,16542200,160,TPEX_CSV,2026/9/30 15:49
1150930,2026/9/30,上櫃,1232,大統益,153.5,-0.5,153.5,154,153.5,66000,10137000,51,TPEX_CSV,2026/9/30 15:49
1150930,2026/9/30,上櫃,1233,天仁,28.1,0.5,27.85,28.15,27.85,17000,476250,13,TPEX_CSV,2026/9/30 15:49
1150930,2026/9/30,上櫃,1234,黑松,33,0.1,32.9,33,32.9,71000,2339000,60,TPEX_CSV,2026/9/30 15:49
1150930,2026/9/30,上櫃,1235,興泰,33.15,0.3,32.85,34.4,32.85,41000,1372650,36,TPEX_CSV,2026/9/30 15:49
1150930,2026/9/30,上櫃,1236,宏亞,25.45,0.1,25.1,25.45,25.1,32000,808250,29,TPEX_CSV,2026/9/30 15:49
1150930,2026/9/30,上櫃,1256,鮮活果汁-KY,168,-0.5,168.5,169,166,56000,9379500,47,TPEX_CSV,2026/9/30 15:49
1150930,2026/9/30,上櫃,1301,台塑,68.1,3.5,65.5,68.4,65.4,52280000,3516412100,21055,TPEX_CSV,2026/9/30 15:49
1150930,2026/9/30,上櫃,1303,南亞,255.5,8.5,250.5,265,245.5,120609000,30800688500,69758,TPEX_CSV,2026/9/30 15:49
1150930,2026/9/30,上櫃,1304,台聚,12.65,0.35,12.35,12.75,12.3,3248000,40853750,1039,TPEX_CSV,2026/9/30 15:49
1150930,2026/9/30,上櫃,1305,華夏,12.35,0.25,12.15,12.4,12.1,1607000,19760500,625,TPEX_CSV,2026/9/30 15:49
1150930,2026/9/30,上櫃,1307,三芳,31.5,0.65,30.8,31.55,30.8,821000,25689050,442,TPEX_CSV,2026/9/30 15:49
1150930,2026/9/30,上櫃,1308,亞聚,14.45,0.35,14.2,14.5,14.1,1202000,17205800,470,TPEX_CSV,2026/9/30 15:49
1150930,2026/9/30,上櫃,1309,台達化,13.95,0.3,13.75,14.05,13.7,1389000,19346000,665,TPEX_CSV,2026/9/30 15:49
1150930,2026/9/30,上櫃,1310,台苯,9.25,0.35,8.98,9.33,8.9,6391000,58726510,2133,TPEX_CSV,2026/9/30 15:49
1150930,2026/9/30,上櫃,1312,國喬,15,0.55,14.55,15.05,14.45,15508000,230534550,4335,TPEX_CSV,2026/9/30 15:49
1150930,2026/9/30,上櫃,1312A,國喬特,23.05,0,22.65,23.05,22.65,7000,158950,2,TPEX_CSV,2026/9/30 15:49
1150930,2026/9/30,上櫃,1313,聯成,12.3,0.25,12.15,12.35,12.05,2303000,28244200,760,TPEX_CSV,2026/9/30 15:49
1150930,2026/9/30,上櫃,1314,中石化,9,0.26,8.77,9.07,8.71,84919000,757668570,13637,TPEX_CSV,2026/9/30 15:49
1150930,2026/9/30,上櫃,1315,達新,68.8,0.7,68.3,68.8,68.3,32000,2197900,20,TPEX_CSV,2026/9/30 15:49
1150930,2026/9/30,上櫃,1316,上曜,10.7,0.25,10.5,10.7,10.5,1083000,11499700,361,TPEX_CSV,2026/9/30 15:49
1150930,2026/9/30,上櫃,1319,東陽,77.9,0.1,78,78.3,77.6,1428000,111139000,926,TPEX_CSV,2026/9/30 15:49
1150930,2026/9/30,上櫃,1321,大洋,32.4,0.05,32.4,32.4,32,76000,2446700,52,TPEX_CSV,2026/9/30 15:49
1150930,2026/9/30,上櫃,1323,永裕,21.45,0.25,21.15,21.45,21.15,58000,1234100,28,TPEX_CSV,2026/9/30 15:49
1150930,2026/9/30,上櫃,1324,地球,9.99,0.01,9.99,10.05,9.98,35000,349630,25,TPEX_CSV,2026/9/30 15:49
1150930,2026/9/30,上櫃,1325,恆大,25.9,0.35,25.55,26,25.55,215000,5545050,127,TPEX_CSV,2026/9/30 15:49
1150930,2026/9/30,上櫃,1326,台化,69.7,2.2,68.3,70.5,67.6,32663000,2266970500,15101,TPEX_CSV,2026/9/30 15:49
1150930,2026/9/30,上櫃,1337,再生-KY,4.47,0.04,4.44,4.48,4.44,427000,1906600,113,TPEX_CSV,2026/9/30 15:49
1150930,2026/9/30,上櫃,1338,廣華-KY,15.6,0.85,14.8,16.1,14.8,389000,6020700,216,TPEX_CSV,2026/9/30 15:49
1150930,2026/9/30,上櫃,1339,昭輝,42.35,0.05,42.2,42.45,42.1,54000,2285000,32,TPEX_CSV,2026/9/30 15:49
1150930,2026/9/30,上櫃,1340,勝悅-KY,5.24,0.03,5.21,5.26,5.21,186000,974150,84,TPEX_CSV,2026/9/30 15:49
1150930,2026/9/30,上櫃,1341,富林-KY,59.9,0,60,60,59.9,2000,119900,2,TPEX_CSV,2026/9/30 15:49
1150930,2026/9/30,上櫃,1342,八貫,100,-1,100.5,100.5,99.6,129000,12895600,112,TPEX_CSV,2026/9/30 15:49
1150930,2026/9/30,上櫃,1402,遠東新,28.25,0.5,27.95,28.3,27.85,7080000,199329250,2253,TPEX_CSV,2026/9/30 15:49
1150930,2026/9/30,上櫃,1409,新纖,24.9,0.55,24.5,24.95,24.35,14124000,348954400,4763,TPEX_CSV,2026/9/30 15:49
1150930,2026/9/30,上櫃,1410,南染,24.1,0,24.15,24.5,24,67000,1617750,62,TPEX_CSV,2026/9/30 15:49
1150930,2026/9/30,上櫃,1413,宏洲,9.22,0.14,9.08,9.22,9.08,36000,330160,20,TPEX_CSV,2026/9/30 15:49
1150930,2026/9/30,上櫃,1414,東和,17.65,0.15,17.5,17.65,17.4,160000,2801500,93,TPEX_CSV,2026/9/30 15:49
1150930,2026/9/30,上櫃,1416,廣豐,11.45,0.1,11.45,11.5,11.4,59000,675350,36,TPEX_CSV,2026/9/30 15:49
1150930,2026/9/30,上櫃,1417,嘉裕,8.14,0.1,8.1,8.14,8.05,201000,1629260,74,TPEX_CSV,2026/9/30 15:49
1150930,2026/9/30,上櫃,1418,東華,18.35,0.05,18.35,18.5,18.35,45000,826850,13,TPEX_CSV,2026/9/30 15:49
1150930,2026/9/30,上櫃,1419,新紡,66.1,0.5,65.6,66.1,65.5,40000,2634800,35,TPEX_CSV,2026/9/30 15:49
1150930,2026/9/30,上櫃,1423,利華,36,1.65,34.35,36.2,34.35,18000,631800,18,TPEX_CSV,2026/9/30 15:49
1150930,2026/9/30,上櫃,1432,大魯閣,15,0.05,14.95,15,14.95,76000,1137500,66,TPEX_CSV,2026/9/30 15:49
1150930,2026/9/30,上櫃,1434,福懋,18.15,0.15,18.05,18.2,17.95,1700000,30796200,726,TPEX_CSV,2026/9/30 15:49
1150930,2026/9/30,上櫃,1435,中福,22.4,0.65,22.3,22.9,22.2,7000,157200,7,TPEX_CSV,2026/9/30 15:49
1150930,2026/9/30,上櫃,1436,華友聯,35.7,0.2,35.5,35.75,35.3,118000,4190800,98,TPEX_CSV,2026/9/30 15:49
1150930,2026/9/30,上櫃,1437,勤益控,31.85,0,32.8,32.8,31.65,295000,9431000,81,TPEX_CSV,2026/9/30 15:49
1150930,2026/9/30,上櫃,1438,三地開發,21.15,0,21.65,21.65,20.95,155000,3270500,57,TPEX_CSV,2026/9/30 15:49
1150930,2026/9/30,上櫃,1439,雋揚,28.9,0.75,28.55,29,28.2,91000,2622250,26,TPEX_CSV,2026/9/30 15:49
1150930,2026/9/30,上櫃,1440,南紡,13.65,0.35,13.35,13.7,13.35,3276000,44316750,1000,TPEX_CSV,2026/9/30 15:49
1150930,2026/9/30,上櫃,1441,大東,10,-0.15,10.15,10.15,10,57000,571850,50,TPEX_CSV,2026/9/30 15:49
1150930,2026/9/30,上櫃,1442,名軒,27.2,0.3,27,27.45,26.7,596000,16137000,418,TPEX_CSV,2026/9/30 15:49
1150930,2026/9/30,上櫃,1443,立益物流,23.45,0.45,22.85,23.65,22.85,14000,325000,13,TPEX_CSV,2026/9/30 15:49
1150930,2026/9/30,上櫃,1444,力麗,7.12,0.18,6.95,7.21,6.95,3182000,22622310,980,TPEX_CSV,2026/9/30 15:49
1150930,2026/9/30,上櫃,1445,大宇,10.1,0.1,10.05,10.1,10,57000,573050,35,TPEX_CSV,2026/9/30 15:49
1150930,2026/9/30,上櫃,1446,宏和,13.4,0.05,13.35,13.6,13.3,226000,3019600,113,TPEX_CSV,2026/9/30 15:49
1150930,2026/9/30,上櫃,1447,力鵬,6.77,0.27,6.5,6.94,6.5,2176000,14665740,703,TPEX_CSV,2026/9/30 15:49
1150930,2026/9/30,上櫃,1449,佳和,12.5,0.15,12.25,12.5,12.25,283000,3514700,150,TPEX_CSV,2026/9/30 15:49
1150930,2026/9/30,上櫃,1451,年興,17,0.1,16.9,17.05,16.85,81000,1369350,44,TPEX_CSV,2026/9/30 15:49
1150930,2026/9/30,上櫃,1452,宏益,10.8,0.1,10.85,10.9,10.7,49000,527450,29,TPEX_CSV,2026/9/30 15:49
1150930,2026/9/30,上櫃,1453,大將,10.9,0.1,10.8,10.95,10.8,20000,217250,14,TPEX_CSV,2026/9/30 15:49
1150930,2026/9/30,上櫃,1454,台富,12.2,0.05,12.25,12.5,12.15,19000,233000,19,TPEX_CSV,2026/9/30 15:49
1150930,2026/9/30,上櫃,1455,集盛,9.94,0.26,9.77,9.95,9.74,805000,7953070,377,TPEX_CSV,2026/9/30 15:49
1150930,2026/9/30,上櫃,1456,怡華,14.65,0.05,14.6,14.75,14.35,70000,1014850,50,TPEX_CSV,2026/9/30 15:49
1150930,2026/9/30,上櫃,1457,宜進,14.4,0.1,14.45,14.45,14.3,52000,747250,38,TPEX_CSV,2026/9/30 15:49
1150930,2026/9/30,上櫃,1459,聯發,16.7,0.7,16,16.7,16,338000,5545850,147,TPEX_CSV,2026/9/30 15:49
1150930,2026/9/30,上櫃,1460,宏遠,6.26,0.02,6.24,6.32,6.24,415000,2600630,172,TPEX_CSV,2026/9/30 15:49
1150930,2026/9/30,上櫃,1463,強盛新,17.5,-0.05,18.05,18.05,17.35,33000,577800,26,TPEX_CSV,2026/9/30 15:49
1150930,2026/9/30,上櫃,1464,得力,9.98,0.04,9.95,10,9.93,291000,2899900,150,TPEX_CSV,2026/9/30 15:49
1150930,2026/9/30,上櫃,1465,偉全,11.65,0.1,11.6,11.65,11.55,30000,348050,27,TPEX_CSV,2026/9/30 15:49
1150930,2026/9/30,上櫃,1466,聚隆,14.85,0,14.65,14.85,14.65,178000,2625850,84,TPEX_CSV,2026/9/30 15:49
1150930,2026/9/30,上櫃,1467,南緯,8.03,0,8.05,8.1,7.99,147000,1181110,115,TPEX_CSV,2026/9/30 15:49
1150930,2026/9/30,上櫃,1468,昶和,13.5,0.35,13,13.5,12.85,79000,1034400,52,TPEX_CSV,2026/9/30 15:49
1150930,2026/9/30,上櫃,1470,大統新創,24.15,0.7,23.7,24.15,23.7,60000,1439200,13,TPEX_CSV,2026/9/30 15:49
1150930,2026/9/30,上櫃,1471,首利,9.46,0.16,9.3,9.47,9.3,256000,2412100,102,TPEX_CSV,2026/9/30 15:49
1150930,2026/9/30,上櫃,1472,三洋實業,88.8,0.7,89,89,88,81000,7184800,38,TPEX_CSV,2026/9/30 15:49
1150930,2026/9/30,上櫃,1473,台南,19.25,-0.05,19.3,19.35,19.25,105000,2026350,72,TPEX_CSV,2026/9/30 15:49
1150930,2026/9/30,上櫃,1474,弘裕,10.05,0,10.1,10.1,9.96,79000,792540,37,TPEX_CSV,2026/9/30 15:49
1150930,2026/9/30,上櫃,1475,業旺,26,0.2,25.85,26.25,25.85,7000,182300,7,TPEX_CSV,2026/9/30 15:49
1150930,2026/9/30,上櫃,1476,儒鴻,274,1,275,275,270.5,1434000,391093000,1085,TPEX_CSV,2026/9/30 15:49
1150930,2026/9/30,上櫃,1477,聚陽,192,2,190.5,193,189.5,1232000,235610500,835,TPEX_CSV,2026/9/30 15:49
1150930,2026/9/30,上櫃,1503,士電,197.5,3.5,197,199,196,756000,149146500,538,TPEX_CSV,2026/9/30 15:49
1150930,2026/9/30,上櫃,1504,東元,69.1,0.6,69.4,69.5,69,4808000,332826100,2472,TPEX_CSV,2026/9/30 15:49
1150930,2026/9/30,上櫃,1506,正道,9.53,-0.04,9.55,9.58,9.49,353000,3364710,134,TPEX_CSV,2026/9/30 15:49
1150930,2026/9/30,上櫃,1512,瑞利,6.11,-0.01,6.12,6.23,6.1,46000,281080,19,TPEX_CSV,2026/9/30 15:49
1150930,2026/9/30,上櫃,1513,中興電,168,1,168,169,167.5,2820000,474672000,1671,TPEX_CSV,2026/9/30 15:49
1150930,2026/9/30,上櫃,1514,亞力,102.5,0.5,103,103.5,102.5,641000,65884500,467,TPEX_CSV,2026/9/30 15:49
1150930,2026/9/30,上櫃,1515,力山,29.8,0.5,29.6,29.95,29.45,459000,13638500,314,TPEX_CSV,2026/9/30 15:49
1150930,2026/9/30,上櫃,1516,川飛,13.7,0.2,13.2,13.7,13.2,16000,214100,11,TPEX_CSV,2026/9/30 15:49
1150930,2026/9/30,上櫃,1517,利奇,10.5,0.15,10.4,10.55,10.35,196000,2048050,117,TPEX_CSV,2026/9/30 15:49
1150930,2026/9/30,上櫃,1519,華城,693,5,697,703,693,1142000,795895000,802,TPEX_CSV,2026/9/30 15:49
1150930,2026/9/30,上櫃,1521,大億,25.6,0.05,25.6,26.2,25.6,29000,748100,24,TPEX_CSV,2026/9/30 15:49
1150930,2026/9/30,上櫃,1522,堤維西,26.8,0.25,26.65,26.85,26.55,289000,7710750,194,TPEX_CSV,2026/9/30 15:49
1150930,2026/9/30,上櫃,1522A,堤維西甲特,51.3,0.3,51.2,51.3,51.1,19000,973200,11,TPEX_CSV,2026/9/30 15:49
1150930,2026/9/30,上櫃,1524,耿鼎,26.1,0.25,25.9,26.15,25.85,228000,5928550,164,TPEX_CSV,2026/9/30 15:49
1150930,2026/9/30,上櫃,1525,江申,63.7,0,63.7,64.5,63.7,7000,447000,7,TPEX_CSV,2026/9/30 15:49
1150930,2026/9/30,上櫃,1526,日馳,15.05,0.5,14.65,15.15,14.6,131000,1952700,71,TPEX_CSV,2026/9/30 15:49
1150930,2026/9/30,上櫃,1527,鑽全,32.7,0.1,32.65,32.8,32.55,75000,2449350,55,TPEX_CSV,2026/9/30 15:49
1150930,2026/9/30,上櫃,1528,恩德,25.85,0.35,25.5,26.5,25.3,6817000,176801850,3447,TPEX_CSV,2026/9/30 15:49
1150930,2026/9/30,上櫃,1529,樂事綠能,15.95,0.5,15.5,16.15,15.5,987000,15785300,525,TPEX_CSV,2026/9/30 15:49
1150930,2026/9/30,上櫃,1530,亞崴,26.8,0.35,26.35,26.95,26.35,16000,427950,12,TPEX_CSV,2026/9/30 15:49
1150930,2026/9/30,上櫃,1531,高林股,11.65,0.05,11.65,11.8,11.6,53000,618600,39,TPEX_CSV,2026/9/30 15:49
1150930,2026/9/30,上櫃,1532,勤美,22.3,0.2,22.2,22.4,22.15,308000,6857850,230,TPEX_CSV,2026/9/30 15:49
1150930,2026/9/30,上櫃,1533,車王電,30.3,-0.1,30.5,30.55,30.05,126000,3822150,89,TPEX_CSV,2026/9/30 15:49
1150930,2026/9/30,上櫃,1535,中宇,45.8,0.25,45.55,45.85,45.4,46000,2102650,30,TPEX_CSV,2026/9/30 15:49
1150930,2026/9/30,上櫃,1536,和大,46.9,0.35,46.5,46.95,46.5,456000,21322050,347,TPEX_CSV,2026/9/30 15:49
1150930,2026/9/30,上櫃,1537,廣隆,115,-0.5,115.5,115.5,114.5,130000,14932000,112,TPEX_CSV,2026/9/30 15:49
1150930,2026/9/30,上櫃,1538,正峰,7.48,0,7.48,7.48,7.48,15000,112200,6,TPEX_CSV,2026/9/30 15:49
1150930,2026/9/30,上櫃,1539,巨庭,15.45,0,15.5,15.6,15.45,18000,279100,10,TPEX_CSV,2026/9/30 15:49
1150930,2026/9/30,上櫃,1540,喬福,19.3,-0.05,19.35,19.4,19.25,165000,3188450,103,TPEX_CSV,2026/9/30 15:49
1150930,2026/9/30,上櫃,1541,錩泰,20.9,-0.1,21,21,20.9,5000,104800,5,TPEX_CSV,2026/9/30 15:49
1150930,2026/9/30,上櫃,1558,伸興,112.5,-1.5,112.5,113.5,111,69000,7748000,55,TPEX_CSV,2026/9/30 15:49
1150930,2026/9/30,上櫃,1560,中砂,963,7,958,971,953,1270000,1221904000,1129,TPEX_CSV,2026/9/30 15:49
1150930,2026/9/30,上櫃,1563,巧新,75.6,-0.5,76.5,77.5,75.6,225000,17155700,173,TPEX_CSV,2026/9/30 15:49
1150930,2026/9/30,上櫃,1568,倉佑,32.8,0.4,32.25,33.1,32.25,478000,15626800,349,TPEX_CSV,2026/9/30 15:49
1150930,2026/9/30,上櫃,1582,信錦,71.9,1.8,70.7,72.2,70.7,398000,28552000,309,TPEX_CSV,2026/9/30 15:49
1150930,2026/9/30,上櫃,1583,程泰,46.8,-0.15,47.35,47.45,46.55,11000,515750,11,TPEX_CSV,2026/9/30 15:49
1150930,2026/9/30,上櫃,1587,吉茂,24.45,0.6,23.7,24.45,23.7,182000,4374050,92,TPEX_CSV,2026/9/30 15:49
1150930,2026/9/30,上櫃,1590,亞德客-KY,1200,-10,1220,1225,1195,984000,1185455000,764,TPEX_CSV,2026/9/30 15:49
1150930,2026/9/30,上櫃,1597,直得,146.5,0,148.5,155,146,3503000,522669500,2766,TPEX_CSV,2026/9/30 15:49
1150930,2026/9/30,上櫃,1598,岱宇,20.5,0.2,20.4,20.55,20.3,103000,2103400,69,TPEX_CSV,2026/9/30 15:49
1150930,2026/9/30,上櫃,1603,華電,30.6,0.55,30.35,30.85,30.15,255000,7757200,167,TPEX_CSV,2026/9/30 15:49
1150930,2026/9/30,上櫃,1604,聲寶,23.45,0.15,23.3,23.5,23.3,125000,2926700,77,TPEX_CSV,2026/9/30 15:49
1150930,2026/9/30,上櫃,1605,華新,38.4,2.05,36.8,38.8,36.75,41768000,1584960200,15248,TPEX_CSV,2026/9/30 15:49
1150930,2026/9/30,上櫃,1608,華榮,36.25,1.05,35.5,36.35,35.4,2402000,86718750,1309,TPEX_CSV,2026/9/30 15:49
1150930,2026/9/30,上櫃,1609,大亞,38.75,0.25,38.5,39,38.4,4865000,188381900,2645,TPEX_CSV,2026/9/30 15:49
1150930,2026/9/30,上櫃,1611,中電,11.55,0.2,11.35,11.6,11.35,741000,8518950,301,TPEX_CSV,2026/9/30 15:49
1150930,2026/9/30,上櫃,1612,宏泰,35.7,0.35,35.45,35.75,35.45,1250000,44534600,547,TPEX_CSV,2026/9/30 15:49
1150930,2026/9/30,上櫃,1614,三洋電,31.15,0.1,31.05,31.25,30.9,86000,2669550,62,TPEX_CSV,2026/9/30 15:49
1150930,2026/9/30,上櫃,1615,大山,42.95,0.35,42.65,43,42.65,94000,4020500,51,TPEX_CSV,2026/9/30 15:49
1150930,2026/9/30,上櫃,1616,億泰,18.65,0.35,18.5,18.7,18.35,192000,3563050,146,TPEX_CSV,2026/9/30 15:49
1150930,2026/9/30,上櫃,1617,榮星,24.05,2.15,22.75,24.05,22.4,6198000,147128400,2404,TPEX_CSV,2026/9/30 15:49
1150930,2026/9/30,上櫃,1618,合機,38.95,0.6,38.7,39,38.5,269000,10422850,187,TPEX_CSV,2026/9/30 15:49
1150930,2026/9/30,上櫃,1623,大東電,200.5,2.5,200.5,202,200,50000,10040500,38,TPEX_CSV,2026/9/30 15:49
1150930,2026/9/30,上櫃,1626,艾美特-KY,9.6,0,9.56,9.79,9.56,34000,327250,26,TPEX_CSV,2026/9/30 15:49
1150930,2026/9/30,上櫃,1702,南僑,33.05,0.1,33,33.1,32.95,170000,5608850,121,TPEX_CSV,2026/9/30 15:49
1150930,2026/9/30,上櫃,1707,葡萄王,85.7,-0.2,85.9,86.4,85.7,262000,22514500,213,TPEX_CSV,2026/9/30 15:49
1150930,2026/9/30,上櫃,1708,東鹼,53.8,1.8,52.5,54.5,52.1,7706000,411898700,4697,TPEX_CSV,2026/9/30 15:49
1150930,2026/9/30,上櫃,1709,和益,48.4,4.4,44.1,48.4,44,46606000,2189013350,19259,TPEX_CSV,2026/9/30 15:49
1150930,2026/9/30,上櫃,1710,東聯,16.75,0.2,16.6,16.85,16.5,3989000,66719050,1145,TPEX_CSV,2026/9/30 15:49
1150930,2026/9/30,上櫃,1711,永光,40.9,0.35,41,41.55,40.6,4653000,191185600,2681,TPEX_CSV,2026/9/30 15:49
1150930,2026/9/30,上櫃,1712,興農,39.8,0.2,39.7,39.9,39.65,313000,12441750,254,TPEX_CSV,2026/9/30 15:49
1150930,2026/9/30,上櫃,1713,國化,42.45,0.65,41.8,42.7,41.75,339000,14283350,174,TPEX_CSV,2026/9/30 15:49
1150930,2026/9/30,上櫃,1714,和桐,16.5,0.75,16,16.7,16,12579000,206122750,4333,TPEX_CSV,2026/9/30 15:49
1150930,2026/9/30,上櫃,1717,長興,74,1.5,73.3,75,73.2,11571000,860173600,7094,TPEX_CSV,2026/9/30 15:49
1150930,2026/9/30,上櫃,1718,中纖,10.85,0.3,10.6,10.95,10.55,16063000,173422100,3812,TPEX_CSV,2026/9/30 15:49
1150930,2026/9/30,上櫃,1720,生達,56.3,0.2,56.1,56.3,55.9,87000,4877500,74,TPEX_CSV,2026/9/30 15:49
1150930,2026/9/30,上櫃,1721,國慶科技,26.45,0.35,25.9,26.65,25.6,3879000,101845400,1809,TPEX_CSV,2026/9/30 15:49
1150930,2026/9/30,上櫃,1722,台肥,41.55,0.4,41.35,41.75,41.15,1748000,72562550,1162,TPEX_CSV,2026/9/30 15:49
1150930,2026/9/30,上櫃,1723,中碳,80.7,0.7,80.4,81.3,80.4,379000,30642700,300,TPEX_CSV,2026/9/30 15:49
1150930,2026/9/30,上櫃,1725,元禎,34.15,0.15,34.4,34.4,34,36000,1227500,29,TPEX_CSV,2026/9/30 15:49
1150930,2026/9/30,上櫃,1726,永記,76.5,0.3,76.4,76.5,76.3,13000,993100,13,TPEX_CSV,2026/9/30 15:49
1150930,2026/9/30,上櫃,1727,中華化,109,-9.5,117,117,108,29548000,3275402500,18680,TPEX_CSV,2026/9/30 15:49
1150930,2026/9/30,上櫃,1730,花仙子,51.2,0,51.1,51.2,51.1,31000,1587000,14,TPEX_CSV,2026/9/30 15:49
1150930,2026/9/30,上櫃,1731,美吾華,20.9,0.05,20.8,20.95,20.7,201000,4182300,107,TPEX_CSV,2026/9/30 15:49
1150930,2026/9/30,上櫃,1732,毛寶,26.15,0.2,26.05,26.25,25.9,178000,4644900,91,TPEX_CSV,2026/9/30 15:49
1150930,2026/9/30,上櫃,1733,五鼎,29.6,0.15,29.35,29.7,29.3,104000,3060050,84,TPEX_CSV,2026/9/30 15:49
1150930,2026/9/30,上櫃,1734,杏輝,32.1,0,31.75,32.1,31.75,102000,3257100,86,TPEX_CSV,2026/9/30 15:49
1150930,2026/9/30,上櫃,1735,日勝化,20.2,0.15,20.4,20.5,20.2,31000,628950,24,TPEX_CSV,2026/9/30 15:49
1150930,2026/9/30,上櫃,1736,喬山,128.5,0.5,129,130,127.5,267000,34379000,226,TPEX_CSV,2026/9/30 15:49
1150930,2026/9/30,上櫃,1737,臺鹽,30.05,0.1,30.05,30.1,29.95,147000,4412350,86,TPEX_CSV,2026/9/30 15:49
1150930,2026/9/30,上櫃,1752,南光,31.5,0.15,31.4,31.5,31.4,27000,849900,24,TPEX_CSV,2026/9/30 15:49
1150930,2026/9/30,上櫃,1760,寶齡富錦,54.6,0.7,54.6,54.6,54.1,101000,5494500,89,TPEX_CSV,2026/9/30 15:49
1150930,2026/9/30,上櫃,1762,中化生,34.35,0.65,34.5,34.5,33.8,50000,1705150,39,TPEX_CSV,2026/9/30 15:49
1150930,2026/9/30,上櫃,1773,勝一,167.5,0,169.5,172,167.5,1264000,214241500,875,TPEX_CSV,2026/9/30 15:49
1150930,2026/9/30,上櫃,1776,展宇,18.15,-0.05,18.25,18.25,17.9,27000,489700,23,TPEX_CSV,2026/9/30 15:49
1150930,2026/9/30,上櫃,1783,和康生,37.25,0.6,37.05,37.25,36.8,71000,2631900,41,TPEX_CSV,2026/9/30 15:49
1150930,2026/9/30,上櫃,1786,科妍,43.3,0.65,43,43.5,43,149000,6451550,103,TPEX_CSV,2026/9/30 15:49
1150930,2026/9/30,上櫃,1789,神隆,18.95,0.4,18.7,19.1,18.65,341000,6432600,209,TPEX_CSV,2026/9/30 15:49
1150930,2026/9/30,上櫃,1795,美時,179,1.5,178,179.5,177.5,717000,128021500,504,TPEX_CSV,2026/9/30 15:49
1150930,2026/9/30,上櫃,1802,台玻,59.9,2.3,58.4,60.2,57.9,23431000,1390462500,12024,TPEX_CSV,2026/9/30 15:49
1150930,2026/9/30,上櫃,1805,寶徠,10.05,0,10.05,10.1,9.96,129000,1293880,47,TPEX_CSV,2026/9/30 15:49
1150930,2026/9/30,上櫃,1806,冠軍,8,0.06,7.99,8.01,7.94,149000,1187680,102,TPEX_CSV,2026/9/30 15:49
1150930,2026/9/30,上櫃,1808,潤隆,31.65,0.05,31.75,31.75,31.25,680000,21441850,332,TPEX_CSV,2026/9/30 15:49
1150930,2026/9/30,上櫃,1809,中釉,47.85,2.85,45.1,48.6,45.05,19349000,909971800,11917,TPEX_CSV,2026/9/30 15:49
1150930,2026/9/30,上櫃,1810,和成,24.45,0.75,24,24.6,23.8,2582000,62726650,1275,TPEX_CSV,2026/9/30 15:49
1150930,2026/9/30,上櫃,1817,凱撒衛,39.85,0,39.85,40.1,39.8,30000,1196250,25,TPEX_CSV,2026/9/30 15:49
1150930,2026/9/30,上櫃,1903,士紙,47.8,0.8,47,47.8,47,78000,3704550,58,TPEX_CSV,2026/9/30 15:49
1150930,2026/9/30,上櫃,1904,正隆,24.6,0.35,24.3,24.7,24.3,1184000,29095800,564,TPEX_CSV,2026/9/30 15:49
1150930,2026/9/30,上櫃,1905,華紙,13.05,0.2,12.95,13.15,12.9,2096000,27335450,828,TPEX_CSV,2026/9/30 15:49
1150930,2026/9/30,上櫃,1906,寶隆,10.9,0.1,10.9,10.9,10.6,59000,639300,42,TPEX_CSV,2026/9/30 15:49
1150930,2026/9/30,上櫃,1907,永豐餘,28.4,0.5,27.95,28.45,27.95,727000,20568150,454,TPEX_CSV,2026/9/30 15:49
1150930,2026/9/30,上櫃,1909,榮成,10.3,0.25,10.05,10.35,10.05,2006000,20511650,603,TPEX_CSV,2026/9/30 15:49
1150930,2026/9/30,上櫃,2002,中鋼,19.2,0.4,18.95,19.25,18.9,90086000,1722562000,16346,TPEX_CSV,2026/9/30 15:49
1150930,2026/9/30,上櫃,2002A,中鋼特,37.25,-0.2,37.45,37.45,37.25,9000,336750,5,TPEX_CSV,2026/9/30 15:49
1150930,2026/9/30,上櫃,2006,東和鋼鐵,85.4,0,85.4,87,84.2,2243000,191278600,1398,TPEX_CSV,2026/9/30 15:49
1150930,2026/9/30,上櫃,2007,燁興,7,0.1,6.99,7.02,6.96,298000,2085330,139,TPEX_CSV,2026/9/30 15:49
1150930,2026/9/30,上櫃,2008,高興昌,31.1,0.6,30.6,31.1,30.6,13000,401000,13,TPEX_CSV,2026/9/30 15:49
1150930,2026/9/30,上櫃,2009,第一銅,40,0.85,39.2,40.2,39.2,2109000,84244850,1002,TPEX_CSV,2026/9/30 15:49
1150930,2026/9/30,上櫃,2010,春源,23,0.55,22.65,23.1,22.65,2617000,60038150,1249,TPEX_CSV,2026/9/30 15:49
1150930,2026/9/30,上櫃,2012,春雨,14.4,0.25,14.4,14.55,14.15,81000,1156350,55,TPEX_CSV,2026/9/30 15:49
1150930,2026/9/30,上櫃,2013,中鋼構,41.6,0.4,41.5,41.7,41.4,63000,2618150,47,TPEX_CSV,2026/9/30 15:49
1150930,2026/9/30,上櫃,2014,中鴻,17.4,0.6,16.9,17.4,16.9,6244000,107484600,1915,TPEX_CSV,2026/9/30 15:49
1150930,2026/9/30,上櫃,2015,豐興,64.2,1.1,63.2,64.3,63.2,266000,17008000,143,TPEX_CSV,2026/9/30 15:49
1150930,2026/9/30,上櫃,2017,官田鋼,9.13,0.21,8.95,9.24,8.95,965000,8841010,427,TPEX_CSV,2026/9/30 15:49
1150930,2026/9/30,上櫃,2020,美亞,26.7,2.4,26.7,26.7,26.65,5195000,138705450,1524,TPEX_CSV,2026/9/30 15:49
1150930,2026/9/30,上櫃,2022,聚亨,7.33,0.03,7.22,7.35,7.22,186000,1359210,115,TPEX_CSV,2026/9/30 15:49
1150930,2026/9/30,上櫃,2023,燁輝,13.75,0.2,13.7,13.8,13.7,1261000,17342000,532,TPEX_CSV,2026/9/30 15:49
1150930,2026/9/30,上櫃,2024,志聯,12.9,0.15,12.75,12.9,12.75,12000,153800,11,TPEX_CSV,2026/9/30 15:49
1150930,2026/9/30,上櫃,2025,千興,14.65,1.3,13.5,14.65,13.4,4925000,70975700,1464,TPEX_CSV,2026/9/30 15:49
1150930,2026/9/30,上櫃,2027,大成鋼,47.45,0.3,47.5,48.35,47.25,9101000,433744400,4409,TPEX_CSV,2026/9/30 15:49
1150930,2026/9/30,上櫃,2028,威致,17.15,0.55,16.65,17.15,16.6,450000,7633100,227,TPEX_CSV,2026/9/30 15:49
1150930,2026/9/30,上櫃,2029,盛餘,22.45,0.3,22.4,22.8,22.3,942000,21198500,375,TPEX_CSV,2026/9/30 15:49
1150930,2026/9/30,上櫃,2030,彰源,36.7,3.3,36.6,36.7,36,19432000,711218850,4855,TPEX_CSV,2026/9/30 15:49
1150930,2026/9/30,上櫃,2031,新光鋼,46.5,0.8,45.7,46.5,45.7,1031000,47745200,615,TPEX_CSV,2026/9/30 15:49
1150930,2026/9/30,上櫃,2032,新鋼,20.3,0.4,20.15,21,19.95,8260000,167592150,3772,TPEX_CSV,2026/9/30 15:49
1150930,2026/9/30,上櫃,2033,佳大,42.35,3.85,38.85,42.35,38.65,3575000,146343650,1915,TPEX_CSV,2026/9/30 15:49
1150930,2026/9/30,上櫃,2034,允強,24.8,1.4,24.1,25,23.8,18838000,461547900,8413,TPEX_CSV,2026/9/30 15:49
1150930,2026/9/30,上櫃,2038,海光,13.2,0.55,12.75,13.2,12.75,739000,9660400,400,TPEX_CSV,2026/9/30 15:49
1150930,2026/9/30,上櫃,2049,上銀,335,-0.5,338.5,343,334.5,1581000,533001500,1257,TPEX_CSV,2026/9/30 15:49
1150930,2026/9/30,上櫃,2059,川湖,12055,-60,12350,12785,12055,340000,4183845000,328,TPEX_CSV,2026/9/30 15:49
1150930,2026/9/30,上櫃,2062,橋椿,18.05,0.05,18.15,18.2,18.05,51000,923600,42,TPEX_CSV,2026/9/30 15:49
1150930,2026/9/30,上櫃,2069,運錩,26.7,0.2,26.7,27.35,26.35,2217000,59422200,1193,TPEX_CSV,2026/9/30 15:49
1150930,2026/9/30,上櫃,2072,世紀風電,131.5,0,132,133,131,121000,15926500,106,TPEX_CSV,2026/9/30 15:49
1150930,2026/9/30,上櫃,2101,南港,29.9,0.1,30,30,29.7,1666000,49751350,742,TPEX_CSV,2026/9/30 15:49
1150930,2026/9/30,上櫃,2102,泰豐,16.55,0.25,16.35,16.55,16.35,217000,3582950,115,TPEX_CSV,2026/9/30 15:49
1150930,2026/9/30,上櫃,2103,台橡,28.15,0.75,27.5,28.2,27.5,2600000,72688300,1147,TPEX_CSV,2026/9/30 15:49
1150930,2026/9/30,上櫃,2104,國際中橡,11.15,0.45,10.8,11.2,10.75,5179000,57110750,1381,TPEX_CSV,2026/9/30 15:49
1150930,2026/9/30,上櫃,2105,正新,30.65,0.55,30.2,30.7,30.2,5006000,152627400,2008,TPEX_CSV,2026/9/30 15:49
1150930,2026/9/30,上櫃,2106,建大,16.65,0.2,16.5,16.65,16.45,523000,8668500,299,TPEX_CSV,2026/9/30 15:49
1150930,2026/9/30,上櫃,2107,厚生,27,0.2,27,27.05,26.8,267000,7204300,107,TPEX_CSV,2026/9/30 15:49
1150930,2026/9/30,上櫃,2108,南帝,28.75,0.55,28.25,28.75,28.25,338000,9644200,256,TPEX_CSV,2026/9/30 15:49
1150930,2026/9/30,上櫃,2109,華豐,14.4,0.05,14.45,14.45,14.2,165000,2358400,82,TPEX_CSV,2026/9/30 15:49
1150930,2026/9/30,上櫃,2114,鑫永銓,89.9,0.2,89.7,89.9,89.6,15000,1346300,14,TPEX_CSV,2026/9/30 15:49
1150930,2026/9/30,上櫃,2115,六暉-KY,23.9,0.2,23.7,23.9,23.7,87000,2068900,35,TPEX_CSV,2026/9/30 15:49
1150930,2026/9/30,上櫃,2201,裕隆,29.25,0.05,29.25,29.35,29.2,2047000,59912050,1004,TPEX_CSV,2026/9/30 15:49
1150930,2026/9/30,上櫃,2204,中華,52.3,0.3,52.4,52.5,52,435000,22723400,257,TPEX_CSV,2026/9/30 15:49
1150930,2026/9/30,上櫃,2206,三陽工業,62.1,-0.4,62.5,62.8,62.1,735000,45800300,424,TPEX_CSV,2026/9/30 15:49
1150930,2026/9/30,上櫃,2207,和泰車,509,3,513,514,508,324000,165257000,258,TPEX_CSV,2026/9/30 15:49
1150930,2026/9/30,上櫃,2208,台船,19.15,0.05,19.2,19.25,19.05,1986000,38039600,855,TPEX_CSV,2026/9/30 15:49
1150930,2026/9/30,上櫃,2211,長榮鋼,79.7,0.9,78.8,80,78.8,527000,41907400,397,TPEX_CSV,2026/9/30 15:49
1150930,2026/9/30,上櫃,2227,裕日車,45,0.25,44.85,45,44.8,35000,1570950,32,TPEX_CSV,2026/9/30 15:49
1150930,2026/9/30,上櫃,2228,劍麟,74.8,-0.2,75,75.3,74.6,56000,4200000,48,TPEX_CSV,2026/9/30 15:49
1150930,2026/9/30,上櫃,2231,為升,94.7,2.7,93.4,94.7,92,234000,21822000,193,TPEX_CSV,2026/9/30 15:49
1150930,2026/9/30,上櫃,2233,宇隆,167,-1,170,171,165,676000,113567500,467,TPEX_CSV,2026/9/30 15:49
1150930,2026/9/30,上櫃,2236,百達-KY,109.5,2.5,107,110,106,231000,24974000,185,TPEX_CSV,2026/9/30 15:49
1150930,2026/9/30,上櫃,2237,華德動能-創,26.75,-0.15,26.9,27,26.75,108000,2900850,57,TPEX_CSV,2026/9/30 15:49
1150930,2026/9/30,上櫃,2239,英利-KY,18.95,0.15,18.8,19,18.75,53000,998700,34,TPEX_CSV,2026/9/30 15:49
1150930,2026/9/30,上櫃,2241,艾姆勒,46.15,2.15,43.5,47.9,43.45,8067000,372178050,4217,TPEX_CSV,2026/9/30 15:49
1150930,2026/9/30,上櫃,2243,宏旭-KY,52.6,2.1,50.7,53,50.2,252000,13122700,179,TPEX_CSV,2026/9/30 15:49
1150930,2026/9/30,上櫃,2247,汎德永業,224.5,1.5,223,224.5,222.5,69000,15423500,59,TPEX_CSV,2026/9/30 15:49
1150930,2026/9/30,上櫃,2248,華勝-KY,61.3,-0.2,62.2,62.2,60.8,21000,1287600,19,TPEX_CSV,2026/9/30 15:49
1150930,2026/9/30,上櫃,2250,IKKA-KY,57,0.2,56.5,58.3,56.2,121000,6894100,60,TPEX_CSV,2026/9/30 15:49
1150930,2026/9/30,上櫃,2254,巨鎧精密-創,92.6,0.8,92.2,93.1,92.1,2107000,195185300,751,TPEX_CSV,2026/9/30 15:49
1150930,2026/9/30,上櫃,2258,鴻華先進-創,32,1.05,31,32,31,861000,27241700,395,TPEX_CSV,2026/9/30 15:49
1150930,2026/9/30,上櫃,2301,光寶科,279.5,-1.5,285,285,279.5,12268000,3450342000,6793,TPEX_CSV,2026/9/30 15:49
1150930,2026/9/30,上櫃,2302,麗正,45,-0.3,45.55,46.3,45,2737000,124315700,1695,TPEX_CSV,2026/9/30 15:49
1150930,2026/9/30,上櫃,2303,聯電,154.5,1,157.5,158,154.5,100923000,15784343000,37256,TPEX_CSV,2026/9/30 15:49
1150930,2026/9/30,上櫃,2305,全友,68.7,-0.4,70,72.5,66.4,6252000,437994600,4336,TPEX_CSV,2026/9/30 15:49
1150930,2026/9/30,上櫃,2308,台達電,1890,55,1885,1930,1870,10180000,19388210000,6954,TPEX_CSV,2026/9/30 15:49
1150930,2026/9/30,上櫃,2312,金寶,31.25,0.55,30.95,31.35,30.95,6411000,199973400,2850,TPEX_CSV,2026/9/30 15:49
1150930,2026/9/30,上櫃,2313,華通,226.5,0.5,229.5,229.5,224,12690000,2876258000,7447,TPEX_CSV,2026/9/30 15:49
1150930,2026/9/30,上櫃,2314,台揚,11.2,0.15,11.4,11.4,11.1,73000,817550,37,TPEX_CSV,2026/9/30 15:49
1150930,2026/9/30,上櫃,2316,楠梓電,166,4,164,167.5,163,1595000,263593500,1222,TPEX_CSV,2026/9/30 15:49
1150930,2026/9/30,上櫃,2317,鴻海,251.5,1,253.5,254,251.5,26376000,6658045500,9524,TPEX_CSV,2026/9/30 15:49
1150930,2026/9/30,上櫃,2321,東訊,24.3,-0.7,24.3,24.3,24.3,1000,24300,1,TPEX_CSV,2026/9/30 15:49
1150930,2026/9/30,上櫃,2323,中環,11,0.3,10.85,11.15,10.8,13967000,153631450,2329,TPEX_CSV,2026/9/30 15:49
1150930,2026/9/30,上櫃,2324,仁寶,37.1,1.05,36.3,37.7,36.3,45972000,1710152150,14205,TPEX_CSV,2026/9/30 15:49
1150930,2026/9/30,上櫃,2327,國巨*,548,0,557,564,548,22271000,12345723000,15741,TPEX_CSV,2026/9/30 15:49
1150930,2026/9/30,上櫃,2328,廣宇,47.55,0.55,47.45,47.85,47.4,1573000,74933050,880,TPEX_CSV,2026/9/30 15:49
1150930,2026/9/30,上櫃,2329,華泰,44.8,1,44.3,45.15,44.05,3746000,167564350,1856,TPEX_CSV,2026/9/30 15:49
1150930,2026/9/30,上櫃,2330,台積電,2480,5,2495,2510,2480,30440000,75813445000,12070,TPEX_CSV,2026/9/30 15:49
1150930,2026/9/30,上櫃,2331,精英,19.2,0.5,18.95,19.2,18.75,1092000,20783200,582,TPEX_CSV,2026/9/30 15:49
1150930,2026/9/30,上櫃,2332,友訊,20.6,0.5,20.2,20.6,20.2,8040000,164175800,3199,TPEX_CSV,2026/9/30 15:49
1150930,2026/9/30,上櫃,2337,旺宏,122.5,4,120,123,119.5,26315000,3194891000,12896,TPEX_CSV,2026/9/30 15:49
1150930,2026/9/30,上櫃,2338,光罩,47.3,0.2,47.35,47.95,47.2,2714000,128973300,1828,TPEX_CSV,2026/9/30 15:49
1150930,2026/9/30,上櫃,2340,台亞,40.8,2.8,38.5,41.5,37.7,34275000,1355621400,18760,TPEX_CSV,2026/9/30 15:49
1150930,2026/9/30,上櫃,2342,茂矽,50.3,0.2,49.15,51.4,49.1,14138000,704890100,8630,TPEX_CSV,2026/9/30 15:49
1150930,2026/9/30,上櫃,2344,華邦電,179.5,5.5,176,179.5,175,82884000,14714712500,40366,TPEX_CSV,2026/9/30 15:49
1150930,2026/9/30,上櫃,2345,智邦,1775,-35,1830,1855,1770,6532000,11666180000,5347,TPEX_CSV,2026/9/30 15:49
1150930,2026/9/30,上櫃,2347,聯強,94.9,0.4,96.2,96.2,94.5,3226000,306342500,1798,TPEX_CSV,2026/9/30 15:49
1150930,2026/9/30,上櫃,2348,海悅,70.6,0.1,70.5,70.7,70.3,199000,14022400,175,TPEX_CSV,2026/9/30 15:49
1150930,2026/9/30,上櫃,2348A,海悅甲特,38.55,-0.05,38.55,38.55,38.55,4000,154200,4,TPEX_CSV,2026/9/30 15:49
1150930,2026/9/30,上櫃,2349,錸德,10.7,0.3,10.45,10.9,10.4,5411000,57678050,1067,TPEX_CSV,2026/9/30 15:49
1150930,2026/9/30,上櫃,2351,順德,209,-6.5,217,217,204,6589000,1381333500,4573,TPEX_CSV,2026/9/30 15:49
1150930,2026/9/30,上櫃,2352,佳世達,29.65,0.65,29.3,29.95,29.25,5659000,167772100,2684,TPEX_CSV,2026/9/30 15:49
1150930,2026/9/30,上櫃,2353,宏碁,31.65,0.25,31.75,31.95,31.5,10027000,317975300,3448,TPEX_CSV,2026/9/30 15:49
1150930,2026/9/30,上櫃,2354,鴻準,65.7,0.6,65.6,66.4,65.5,8438000,556763000,4049,TPEX_CSV,2026/9/30 15:49
1150930,2026/9/30,上櫃,2355,敬鵬,41.8,0.2,41.8,42.1,41.7,1386000,58034600,910,TPEX_CSV,2026/9/30 15:49
1150930,2026/9/30,上櫃,2356,英業達,59.5,0.3,60,60.4,59.4,11417000,682110000,5032,TPEX_CSV,2026/9/30 15:49
1150930,2026/9/30,上櫃,2357,華碩,961,-2,969,973,958,1929000,1858061000,1269,TPEX_CSV,2026/9/30 15:49
1150930,2026/9/30,上櫃,2359,所羅門,128.5,0,129,129.5,128,971000,125012500,744,TPEX_CSV,2026/9/30 15:49
1150930,2026/9/30,上櫃,2360,致茂,2135,-50,2245,2280,2135,2233000,4876350000,1818,TPEX_CSV,2026/9/30 15:49
1150930,2026/9/30,上櫃,2362,藍天,46.9,0.2,46.9,47.25,46.85,452000,21227200,328,TPEX_CSV,2026/9/30 15:49
1150930,2026/9/30,上櫃,2363,矽統,59.1,-0.1,59.2,59.9,58.7,6941000,411150800,3942,TPEX_CSV,2026/9/30 15:49
1150930,2026/9/30,上櫃,2364,倫飛,65,0.1,65.3,65.4,64.6,70000,4547500,66,TPEX_CSV,2026/9/30 15:49
1150930,2026/9/30,上櫃,2365,昆盈,28.35,0.25,28.35,28.35,28,726000,20466000,453,TPEX_CSV,2026/9/30 15:49
1150930,2026/9/30,上櫃,2367,燿華,43.55,1.3,42.65,43.6,42.45,4503000,194075350,2972,TPEX_CSV,2026/9/30 15:49
1150930,2026/9/30,上櫃,2368,金像電,1120,0,1115,1160,1070,18757000,20863120000,14095,TPEX_CSV,2026/9/30 15:49
1150930,2026/9/30,上櫃,2369,菱生,32.15,0.55,31.85,32.3,31.75,5009000,160898750,2573,TPEX_CSV,2026/9/30 15:49
1150930,2026/9/30,上櫃,2371,大同,30.45,1.1,29.4,30.8,29.35,25372000,766915550,8575,TPEX_CSV,2026/9/30 15:49
1150930,2026/9/30,上櫃,2373,震旦行,52.9,0.4,52.7,52.9,52.6,24000,1265800,20,TPEX_CSV,2026/9/30 15:49
1150930,2026/9/30,上櫃,2374,佳能,67.2,1,66.8,67.3,66.6,1429000,95753600,918,TPEX_CSV,2026/9/30 15:49
1150930,2026/9/30,上櫃,2375,凱美,118,0.5,119,120,117.5,1088000,128928500,860,TPEX_CSV,2026/9/30 15:49
1150930,2026/9/30,上櫃,2376,技嘉,358.5,-3.5,367,369.5,358.5,4164000,1512316500,3162,TPEX_CSV,2026/9/30 15:49
1150930,2026/9/30,上櫃,2377,微星,151,0,152.5,153,151,3252000,493189000,2006,TPEX_CSV,2026/9/30 15:49
1150930,2026/9/30,上櫃,2379,瑞昱,760,0,763,767,750,2014000,1531613000,1537,TPEX_CSV,2026/9/30 15:49
1150930,2026/9/30,上櫃,2380,虹光,17,0.45,16.85,17.3,16.7,74000,1250700,45,TPEX_CSV,2026/9/30 15:49
1150930,2026/9/30,上櫃,2382,廣達,333.5,-3,340,340.5,333.5,11653000,3911953000,5673,TPEX_CSV,2026/9/30 15:49
1150930,2026/9/30,上櫃,2383,台光電,4935,15,4990,5030,4935,1437000,7156090000,1273,TPEX_CSV,2026/9/30 15:49
1150930,2026/9/30,上櫃,2385,群光,104.5,0,104.5,105.5,104,2221000,232518000,1217,TPEX_CSV,2026/9/30 15:49
1150930,2026/9/30,上櫃,2387,精元,36.45,0.2,36.8,36.8,36.3,176000,6408950,116,TPEX_CSV,2026/9/30 15:49
1150930,2026/9/30,上櫃,2388,威盛,73,1.8,72.4,73.3,71.8,2562000,185790800,1639,TPEX_CSV,2026/9/30 15:49
1150930,2026/9/30,上櫃,2390,云辰,10.3,0.1,10.2,10.3,10.2,291000,2982500,122,TPEX_CSV,2026/9/30 15:49
1150930,2026/9/30,上櫃,2392,正崴,41.6,0.75,40.7,42.15,40.7,2815000,116823250,1785,TPEX_CSV,2026/9/30 15:49
1150930,2026/9/30,上櫃,2393,億光,64.5,0.9,63.9,64.6,63.8,1611000,103619100,803,TPEX_CSV,2026/9/30 15:49
1150930,2026/9/30,上櫃,2395,研華,726,-4,731,746,726,2121000,1552350000,1543,TPEX_CSV,2026/9/30 15:49
1150930,2026/9/30,上櫃,2397,友通,63,0,63.5,63.5,62.6,103000,6490900,86,TPEX_CSV,2026/9/30 15:49
1150930,2026/9/30,上櫃,2399,映泰,48.95,-0.25,49.65,50,48.8,4226000,208321250,2828,TPEX_CSV,2026/9/30 15:49
1150930,2026/9/30,上櫃,2401,凌陽,26.75,0.7,26.1,26.9,26.1,4117000,109483950,2049,TPEX_CSV,2026/9/30 15:49
1150930,2026/9/30,上櫃,2402,毅嘉,58.5,1.6,57.4,59.5,57.2,3276000,191897600,2079,TPEX_CSV,2026/9/30 15:49
1150930,2026/9/30,上櫃,2404,漢唐,1290,70,1230,1300,1230,3334000,4271535000,2420,TPEX_CSV,2026/9/30 15:49
1150930,2026/9/30,上櫃,2405,輔信,15.25,0.1,15.35,15.45,15.25,1243000,19078150,593,TPEX_CSV,2026/9/30 15:49
1150930,2026/9/30,上櫃,2406,國碩,31.45,1.15,30.3,32,30.2,18897000,595601300,9490,TPEX_CSV,2026/9/30 15:49
1150930,2026/9/30,上櫃,2408,南亞科,519,13,511,520,507,38720000,19923537000,23454,TPEX_CSV,2026/9/30 15:49
1150930,2026/9/30,上櫃,2409,友達,38.55,3.5,36,38.55,35.65,429084000,16191842600,103001,TPEX_CSV,2026/9/30 15:49
1150930,2026/9/30,上櫃,2412,中華電,143.5,-0.5,145,145,143,10536000,1513708500,2158,TPEX_CSV,2026/9/30 15:49
1150930,2026/9/30,上櫃,2413,環科,51.4,0.4,51.6,52,51.1,1337000,68838600,925,TPEX_CSV,2026/9/30 15:49
1150930,2026/9/30,上櫃,2414,精技,53.3,0.2,53.2,53.3,52.9,82000,4358600,69,TPEX_CSV,2026/9/30 15:49
1150930,2026/9/30,上櫃,2415,錩新,27.2,-0.05,27.25,27.45,27.15,95000,2590200,70,TPEX_CSV,2026/9/30 15:49
1150930,2026/9/30,上櫃,2417,圓剛,39.3,0.6,39.1,39.35,38.85,295000,11532600,211,TPEX_CSV,2026/9/30 15:49
1150930,2026/9/30,上櫃,2419,仲琦,29.7,0.7,29.3,29.85,29.3,1499000,44287800,878,TPEX_CSV,2026/9/30 15:49
1150930,2026/9/30,上櫃,2420,新巨,55,1.1,54.2,55.2,54.1,285000,15578400,218,TPEX_CSV,2026/9/30 15:49
1150930,2026/9/30,上櫃,2421,建準,160.5,-3,164.5,165.5,160,2515000,405666000,1919,TPEX_CSV,2026/9/30 15:49
1150930,2026/9/30,上櫃,2423,固緯,72.1,0.1,72,72.2,71.7,156000,11215700,124,TPEX_CSV,2026/9/30 15:49
1150930,2026/9/30,上櫃,2424,隴華,8.3,0.18,8.12,8.57,8.12,21000,175510,19,TPEX_CSV,2026/9/30 15:49
1150930,2026/9/30,上櫃,2425,承啟,37.5,0.05,37.7,37.8,37.5,375000,14100600,243,TPEX_CSV,2026/9/30 15:49
1150930,2026/9/30,上櫃,2426,鼎元,104,4.2,100.5,107.5,100,65232000,6800462500,35135,TPEX_CSV,2026/9/30 15:49
1150930,2026/9/30,上櫃,2427,三商電,23.35,0.1,23.3,23.45,23.25,672000,15687700,348,TPEX_CSV,2026/9/30 15:49
1150930,2026/9/30,上櫃,2428,興勤,251.5,0,254.5,255,251,424000,106985500,377,TPEX_CSV,2026/9/30 15:49
1150930,2026/9/30,上櫃,2429,銘旺科,30.95,0.3,30.65,30.95,30.25,504000,15404900,257,TPEX_CSV,2026/9/30 15:49
1150930,2026/9/30,上櫃,2430,燦坤,18.25,0.15,18,18.25,17.9,61000,1107850,41,TPEX_CSV,2026/9/30 15:49
1150930,2026/9/30,上櫃,2431,聯昌,10.15,0.15,10,10.15,10,80000,807000,47,TPEX_CSV,2026/9/30 15:49
1150930,2026/9/30,上櫃,2432,倚天酷碁-創,27.65,0,27.65,27.65,27.65,3000,82950,3,TPEX_CSV,2026/9/30 15:49
1150930,2026/9/30,上櫃,2433,互盛電,40.45,0.45,40,40.55,39.95,32000,1282500,26,TPEX_CSV,2026/9/30 15:49
1150930,2026/9/30,上櫃,2434,統懋,65.4,0.6,66.8,69.1,64.8,829000,55122900,583,TPEX_CSV,2026/9/30 15:49
1150930,2026/9/30,上櫃,2436,偉詮電,74.5,-1.4,76.8,77.5,74,9438000,709042200,6066,TPEX_CSV,2026/9/30 15:49
1150930,2026/9/30,上櫃,2438,翔耀,19.9,0.2,19.7,20.35,19.65,90000,1800550,57,TPEX_CSV,2026/9/30 15:49
1150930,2026/9/30,上櫃,2439,美律,77.3,-0.8,78.1,78.6,77.2,1969000,152849200,1336,TPEX_CSV,2026/9/30 15:49
1150930,2026/9/30,上櫃,2440,太空梭,14.4,0.25,14.05,14.45,14.05,230000,3290700,119,TPEX_CSV,2026/9/30 15:49
1150930,2026/9/30,上櫃,2441,超豐,125.5,3.5,123.5,126.5,123,3991000,501053500,2483,TPEX_CSV,2026/9/30 15:49
1150930,2026/9/30,上櫃,2442,新美齊,14.4,0.05,14.5,14.5,14.35,522000,7520350,285,TPEX_CSV,2026/9/30 15:49
1150930,2026/9/30,上櫃,2444,兆勁,15.9,0.85,15.3,16.5,15.05,3221000,51316200,1458,TPEX_CSV,2026/9/30 15:49
1150930,2026/9/30,上櫃,2449,京元電子,294.5,0,299,304,294,23216000,6925133500,15566,TPEX_CSV,2026/9/30 15:49
1150930,2026/9/30,上櫃,2450,神腦,28.2,0,28.15,28.35,28.15,66000,1863400,53,TPEX_CSV,2026/9/30 15:49
1150930,2026/9/30,上櫃,2451,創見,289,3,288.5,291,287.5,2678000,775003500,1653,TPEX_CSV,2026/9/30 15:49
1150930,2026/9/30,上櫃,2453,凌群,53.6,0.1,53.6,54,53.5,153000,8213600,122,TPEX_CSV,2026/9/30 15:49
1150930,2026/9/30,上櫃,2454,聯發科,4920,10,5010,5100,4920,7556000,37767360000,5830,TPEX_CSV,2026/9/30 15:49
1150930,2026/9/30,上櫃,2455,全新,552,9,544,555,544,1340000,740533000,994,TPEX_CSV,2026/9/30 15:49
1150930,2026/9/30,上櫃,2457,飛宏,22.55,0.8,22.1,22.6,21.75,1567000,35041000,830,TPEX_CSV,2026/9/30 15:49
1150930,2026/9/30,上櫃,2458,義隆,137.5,1.5,137,137.5,135.5,1460000,199625000,1037,TPEX_CSV,2026/9/30 15:49
1150930,2026/9/30,上櫃,2459,敦吉,65,0.1,65.1,65.1,64.7,88000,5712000,67,TPEX_CSV,2026/9/30 15:49
1150930,2026/9/30,上櫃,2460,建通,30.55,0.7,30.1,30.6,29.95,285000,8629150,195,TPEX_CSV,2026/9/30 15:49
1150930,2026/9/30,上櫃,2461,光群雷,17.85,0.45,17.4,18.1,17.4,748000,13215850,276,TPEX_CSV,2026/9/30 15:49
1150930,2026/9/30,上櫃,2462,良得電,19.95,0.1,19.9,19.95,19.8,83000,1650050,60,TPEX_CSV,2026/9/30 15:49
1150930,2026/9/30,上櫃,2464,盟立,192.5,0.5,194,197.5,191.5,8326000,1614153500,5741,TPEX_CSV,2026/9/30 15:49
1150930,2026/9/30,上櫃,2465,麗臺,91.2,-0.7,92.5,94.1,91.1,1218000,112084000,906,TPEX_CSV,2026/9/30 15:49
1150930,2026/9/30,上櫃,2466,冠西電,124.5,11,115,124.5,115,2982000,367787500,1199,TPEX_CSV,2026/9/30 15:49
1150930,2026/9/30,上櫃,2467,志聖,539,-5,554,566,539,987000,542495000,889,TPEX_CSV,2026/9/30 15:49
1150930,2026/9/30,上櫃,2468,華經,45.5,-0.55,46.3,46.5,45.3,802000,36674550,562,TPEX_CSV,2026/9/30 15:49
1150930,2026/9/30,上櫃,2471,資通,51.8,0.5,51.8,51.9,51.3,153000,7908000,95,TPEX_CSV,2026/9/30 15:49
1150930,2026/9/30,上櫃,2472,立隆電,213.5,0.5,215,218,213,1015000,217750500,803,TPEX_CSV,2026/9/30 15:49
1150930,2026/9/30,上櫃,2474,可成,206.5,1,207.5,207.5,205.5,1443000,297791500,721,TPEX_CSV,2026/9/30 15:49
1150930,2026/9/30,上櫃,2476,鉅祥,123.5,-1,125,125.5,123,581000,72075000,440,TPEX_CSV,2026/9/30 15:49
1150930,2026/9/30,上櫃,2477,美隆電,23.15,0.05,23.2,23.3,23.05,132000,3055000,71,TPEX_CSV,2026/9/30 15:49
1150930,2026/9/30,上櫃,2478,大毅,120,2.5,119.5,121,118.5,968000,115901500,723,TPEX_CSV,2026/9/30 15:49
1150930,2026/9/30,上櫃,2480,敦陽科,160,0.5,161,161,159,91000,14540500,85,TPEX_CSV,2026/9/30 15:49
1150930,2026/9/30,上櫃,2481,強茂,172,-3.5,177,178.5,170,28023000,4843838000,18253,TPEX_CSV,2026/9/30 15:49
1150930,2026/9/30,上櫃,2482,連宇,16.45,0.1,16.3,16.6,16.3,130000,2138350,84,TPEX_CSV,2026/9/30 15:49
1150930,2026/9/30,上櫃,2483,百容,35.75,3.25,32.8,35.75,32.6,1684000,58970350,769,TPEX_CSV,2026/9/30 15:49
1150930,2026/9/30,上櫃,2484,希華,78,1.1,77.5,79.7,76.4,23781000,1859504200,15089,TPEX_CSV,2026/9/30 15:49
1150930,2026/9/30,上櫃,2485,兆赫,41.7,1.95,40.3,41.8,40.3,4068000,167321300,2565,TPEX_CSV,2026/9/30 15:49
1150930,2026/9/30,上櫃,2486,一詮,240,3,238,242.5,236,3593000,860784000,2546,TPEX_CSV,2026/9/30 15:49
1150930,2026/9/30,上櫃,2488,漢平,48.85,0.15,49.15,49.15,48.65,71000,3475200,56,TPEX_CSV,2026/9/30 15:49
1150930,2026/9/30,上櫃,2489,瑞軒,41.8,0.7,41.65,42.35,41.2,23681000,990893150,12902,TPEX_CSV,2026/9/30 15:49
1150930,2026/9/30,上櫃,2491,吉祥全,40.8,0.6,40.9,41.45,40.6,618000,25351850,453,TPEX_CSV,2026/9/30 15:49
1150930,2026/9/30,上櫃,2492,華新科,299.5,-2.5,306,309,298.5,17351000,5221546000,12770,TPEX_CSV,2026/9/30 15:49
1150930,2026/9/30,上櫃,2493,揚博,197.5,1.5,199.5,201.5,195.5,1570000,311313000,1205,TPEX_CSV,2026/9/30 15:49
1150930,2026/9/30,上櫃,2495,普安,39.05,0.1,39.35,39.5,38.9,967000,37860250,646,TPEX_CSV,2026/9/30 15:49
1150930,2026/9/30,上櫃,2496,卓越,55,-0.1,55.1,55.2,54.7,13000,713100,12,TPEX_CSV,2026/9/30 15:49
1150930,2026/9/30,上櫃,2497,怡利電,44.35,0.75,44.55,44.8,44.2,237000,10557350,198,TPEX_CSV,2026/9/30 15:49
1150930,2026/9/30,上櫃,2498,宏達電,42.9,-0.1,44.05,44.2,42.9,13119000,569766550,5964,TPEX_CSV,2026/9/30 15:49
1150930,2026/9/30,上櫃,2501,國建,21.1,-0.05,21.2,21.35,21.05,3109000,65807650,1050,TPEX_CSV,2026/9/30 15:49
1150930,2026/9/30,上櫃,2504,國產,30.65,0.1,30.7,30.75,30.45,1247000,38157850,637,TPEX_CSV,2026/9/30 15:49
1150930,2026/9/30,上櫃,2505,國揚,17,0.05,17.3,17.3,16.95,395000,6713200,95,TPEX_CSV,2026/9/30 15:49
1150930,2026/9/30,上櫃,2506,太設,8.43,0.02,8.41,8.43,8.38,83000,698290,49,TPEX_CSV,2026/9/30 15:49
1150930,2026/9/30,上櫃,2509,全坤建,14.3,0.25,14.15,14.3,14.15,29000,412400,28,TPEX_CSV,2026/9/30 15:49
1150930,2026/9/30,上櫃,2511,太子,8.34,0.02,8.32,8.34,8.3,544000,4527720,240,TPEX_CSV,2026/9/30 15:49
1150930,2026/9/30,上櫃,2514,龍邦,11.7,0.3,11.45,11.7,11.45,64000,744100,56,TPEX_CSV,2026/9/30 15:49
1150930,2026/9/30,上櫃,2515,中工,11.9,0.1,11.85,12,11.85,3325000,39650600,867,TPEX_CSV,2026/9/30 15:49
1150930,2026/9/30,上櫃,2516,新建,15.35,0.45,15.35,15.4,15.15,171000,2616550,116,TPEX_CSV,2026/9/30 15:49
1150930,2026/9/30,上櫃,2520,冠德,36.5,-0.5,37,37.05,36.45,1738000,63719400,640,TPEX_CSV,2026/9/30 15:49
1150930,2026/9/30,上櫃,2524,京城,34.7,0.45,34.4,34.7,34.25,52000,1796200,45,TPEX_CSV,2026/9/30 15:49
1150930,2026/9/30,上櫃,2527,宏璟,50,1.65,49.05,51,48.85,1589000,79190500,915,TPEX_CSV,2026/9/30 15:49
1150930,2026/9/30,上櫃,2528,皇普,19.4,0.1,19.4,19.5,19.3,163000,3159550,104,TPEX_CSV,2026/9/30 15:49
1150930,2026/9/30,上櫃,2530,華建,20.05,-0.05,20.1,20.2,19.95,540000,10825550,291,TPEX_CSV,2026/9/30 15:49
1150930,2026/9/30,上櫃,2534,宏盛,16.95,0.05,16.8,16.95,16.7,280000,4705500,189,TPEX_CSV,2026/9/30 15:49
1150930,2026/9/30,上櫃,2535,達欣工,89.2,0.1,89.7,89.7,89,133000,11864700,116,TPEX_CSV,2026/9/30 15:49
1150930,2026/9/30,上櫃,2536,宏普,19.15,0,19.35,19.35,19.1,464000,8883500,239,TPEX_CSV,2026/9/30 15:49
1150930,2026/9/30,上櫃,2537,聯上發,11.25,0,11.35,11.35,11.2,394000,4430300,166,TPEX_CSV,2026/9/30 15:49
1150930,2026/9/30,上櫃,2538,基泰,8.92,0.21,8.68,8.99,8.68,684000,6016550,211,TPEX_CSV,2026/9/30 15:49
1150930,2026/9/30,上櫃,2539,櫻花建,34.3,0.3,34.15,34.3,33.9,598000,20395600,396,TPEX_CSV,2026/9/30 15:49
1150930,2026/9/30,上櫃,2540,愛山林,48.45,0.85,47.8,48.45,47.7,286000,13771450,216,TPEX_CSV,2026/9/30 15:49
1150930,2026/9/30,上櫃,2542,興富發,38.65,0.05,38.5,38.85,38.1,12095000,464559400,5582,TPEX_CSV,2026/9/30 15:49
1150930,2026/9/30,上櫃,2543,皇昌,38.5,0.35,38.5,38.8,38.3,826000,31822000,538,TPEX_CSV,2026/9/30 15:49
1150930,2026/9/30,上櫃,2545,皇翔,34.45,0.55,34,34.45,34,149000,5117400,122,TPEX_CSV,2026/9/30 15:49
1150930,2026/9/30,上櫃,2546,根基,105,-1,106,106,104.5,101000,10640000,87,TPEX_CSV,2026/9/30 15:49
1150930,2026/9/30,上櫃,2547,日勝生,9.79,-0.06,9.88,9.89,9.79,1398000,13732660,524,TPEX_CSV,2026/9/30 15:49
1150930,2026/9/30,上櫃,2548,華固,91.6,-0.6,92.7,92.7,91.6,1588000,145955400,972,TPEX_CSV,2026/9/30 15:49
1150930,2026/9/30,上櫃,2597,潤弘,168,1,167,169,167,157000,26406500,149,TPEX_CSV,2026/9/30 15:49
1150930,2026/9/30,上櫃,2603,長榮,239.5,1.5,239.5,241,238,4652000,1113147500,1975,TPEX_CSV,2026/9/30 15:49
1150930,2026/9/30,上櫃,2605,新興,35.55,0.15,35.55,35.8,35.25,9998000,354760650,3877,TPEX_CSV,2026/9/30 15:49
1150930,2026/9/30,上櫃,2606,裕民,73.6,0.2,73.5,74.5,73.2,2045000,150551100,1183,TPEX_CSV,2026/9/30 15:49
1150930,2026/9/30,上櫃,2607,榮運,53.8,0.7,53.3,53.9,53.3,296000,15874600,220,TPEX_CSV,2026/9/30 15:49
1150930,2026/9/30,上櫃,2608,嘉里大榮,28.6,0.05,28.6,28.6,28.55,102000,2915650,66,TPEX_CSV,2026/9/30 15:49
1150930,2026/9/30,上櫃,2609,陽明,59.4,1,58.8,59.6,58.7,15208000,901484500,5787,TPEX_CSV,2026/9/30 15:49
1150930,2026/9/30,上櫃,2610,華航,20.45,0.35,20.25,20.45,20.2,16878000,344165750,3530,TPEX_CSV,2026/9/30 15:49
1150930,2026/9/30,上櫃,2611,志信,14.5,0.45,14.15,14.5,14.15,491000,7042300,258,TPEX_CSV,2026/9/30 15:49
1150930,2026/9/30,上櫃,2612,中航,61.8,1,60.8,62,60.8,283000,17373800,220,TPEX_CSV,2026/9/30 15:49
1150930,2026/9/30,上櫃,2613,中櫃,22.4,0.45,21.95,22.4,21.95,204000,4516700,130,TPEX_CSV,2026/9/30 15:49
1150930,2026/9/30,上櫃,2614,東森,19.2,0.35,19,19.25,18.95,1765000,33696950,764,TPEX_CSV,2026/9/30 15:49
1150930,2026/9/30,上櫃,2615,萬海,114,3,112.5,114,112,5179000,587209000,2595,TPEX_CSV,2026/9/30 15:49
1150930,2026/9/30,上櫃,2616,山隆,13.3,0.1,13.2,13.3,13.2,59000,782050,51,TPEX_CSV,2026/9/30 15:49
1150930,2026/9/30,上櫃,2617,台航,31.45,0.2,31.1,31.5,31.1,559000,17508400,371,TPEX_CSV,2026/9/30 15:49
1150930,2026/9/30,上櫃,2618,長榮航,42.85,1.35,41.95,43.15,41.85,27368000,1169183150,8873,TPEX_CSV,2026/9/30 15:49
1150930,2026/9/30,上櫃,2630,亞航,47.05,0.75,46.8,47.65,46.45,807000,37866450,510,TPEX_CSV,2026/9/30 15:49
1150930,2026/9/30,上櫃,2633,台灣高鐵,25.65,0.2,25.6,25.9,25.55,3350000,86156100,1290,TPEX_CSV,2026/9/30 15:49
1150930,2026/9/30,上櫃,2634,漢翔,64,0.9,63.7,64.5,63.3,5927000,378504600,3377,TPEX_CSV,2026/9/30 15:49
1150930,2026/9/30,上櫃,2636,台驊控股,71.7,1.3,70.4,71.8,70.4,318000,22703100,225,TPEX_CSV,2026/9/30 15:49
1150930,2026/9/30,上櫃,2637,慧洋-KY,96.4,1.4,95,97.3,95,1520000,146729500,1051,TPEX_CSV,2026/9/30 15:49
1150930,2026/9/30,上櫃,2642,宅配通,20.4,0.1,20.15,20.4,20.15,34000,689700,24,TPEX_CSV,2026/9/30 15:49
1150930,2026/9/30,上櫃,2645,長榮航太,173,1,172.5,175,172.5,715000,124088500,524,TPEX_CSV,2026/9/30 15:49
1150930,2026/9/30,上櫃,2646,星宇航空,20.15,0.1,20.1,20.2,20,2825000,56847500,1291,TPEX_CSV,2026/9/30 15:49
1150930,2026/9/30,上櫃,2701,萬企,10.3,0.05,10.3,10.3,10.25,46000,472850,32,TPEX_CSV,2026/9/30 15:49
1150930,2026/9/30,上櫃,2702,華園,12.25,-0.4,12.55,12.55,12.05,338000,4136300,222,TPEX_CSV,2026/9/30 15:49
1150930,2026/9/30,上櫃,2704,國賓,45.45,0.45,45.4,45.5,45,55000,2489550,48,TPEX_CSV,2026/9/30 15:49
1150930,2026/9/30,上櫃,2705,六福,15.1,0.05,15.05,15.15,15.05,106000,1601400,49,TPEX_CSV,2026/9/30 15:49
1150930,2026/9/30,上櫃,2706,第一店,12.2,0.1,12.15,12.2,12.15,40000,487000,29,TPEX_CSV,2026/9/30 15:49
1150930,2026/9/30,上櫃,2707,晶華,175.5,0.5,175.5,176,175,84000,14747000,79,TPEX_CSV,2026/9/30 15:49
1150930,2026/9/30,上櫃,2712,遠雄來,13.55,0.15,13.45,13.55,13.45,15000,202250,14,TPEX_CSV,2026/9/30 15:49
1150930,2026/9/30,上櫃,2722,夏都,21.4,0.2,21.4,21.4,21.2,29000,618450,23,TPEX_CSV,2026/9/30 15:49
1150930,2026/9/30,上櫃,2723,美食-KY,77.4,0.8,76.7,77.7,76.7,127000,9817700,90,TPEX_CSV,2026/9/30 15:49
1150930,2026/9/30,上櫃,2727,王品,236,1,233.5,236,232,277000,64824000,219,TPEX_CSV,2026/9/30 15:49
1150930,2026/9/30,上櫃,2731,雄獅,144.5,1.5,144.5,144.5,143.5,105000,15115500,91,TPEX_CSV,2026/9/30 15:49
1150930,2026/9/30,上櫃,2739,寒舍,36.55,0.3,36.5,36.55,36.05,46000,1671050,43,TPEX_CSV,2026/9/30 15:49
1150930,2026/9/30,上櫃,2748,雲品,38.8,0.1,38.65,38.8,38.65,48000,1857000,29,TPEX_CSV,2026/9/30 15:49
1150930,2026/9/30,上櫃,2753,八方雲集,180,1,179,180.5,179,141000,25347500,86,TPEX_CSV,2026/9/30 15:49
1150930,2026/9/30,上櫃,2762,世界健身-KY,79.2,0.2,79.5,79.5,79.2,27000,2141000,26,TPEX_CSV,2026/9/30 15:49
1150930,2026/9/30,上櫃,2801,彰銀,27.6,0.1,27.75,27.8,27.45,17280000,477024100,4375,TPEX_CSV,2026/9/30 15:49
1150930,2026/9/30,上櫃,2812,台中銀,18.85,0.05,18.9,19,18.85,13203000,249274550,2607,TPEX_CSV,2026/9/30 15:49
1150930,2026/9/30,上櫃,2816,旺旺保,40.3,0.45,39.9,40.35,39.9,139000,5582950,109,TPEX_CSV,2026/9/30 15:49
1150930,2026/9/30,上櫃,2820,華票,16.85,0,16.85,16.95,16.8,1909000,32198550,864,TPEX_CSV,2026/9/30 15:49
1150930,2026/9/30,上櫃,2832,台產,56.9,0.1,57.4,57.4,56.7,119000,6767600,98,TPEX_CSV,2026/9/30 15:49
1150930,2026/9/30,上櫃,2834,臺企銀,17.75,0.15,17.75,17.9,17.65,19020000,337764100,3614,TPEX_CSV,2026/9/30 15:49
1150930,2026/9/30,上櫃,2836,高雄銀,12.1,0.1,12.05,12.15,12.05,585000,7071300,270,TPEX_CSV,2026/9/30 15:49
1150930,2026/9/30,上櫃,2836A,高雄銀甲特,24,0,23.95,24,23.95,9000,215600,7,TPEX_CSV,2026/9/30 15:49
1150930,2026/9/30,上櫃,2838,聯邦銀,20.6,0.05,20.55,20.75,20.55,1897000,39137400,554,TPEX_CSV,2026/9/30 15:49
1150930,2026/9/30,上櫃,2838A,聯邦銀甲特,52,0,52,52.6,51.9,62000,3237100,13,TPEX_CSV,2026/9/30 15:49
1150930,2026/9/30,上櫃,2845,遠東銀,13.1,0,13.25,13.25,13.1,6948000,91385350,1751,TPEX_CSV,2026/9/30 15:49
1150930,2026/9/30,上櫃,2849,安泰銀,16.05,0.55,15.5,16.2,15.5,172000,2742100,95,TPEX_CSV,2026/9/30 15:49
1150930,2026/9/30,上櫃,2850,新產,163,2,160.5,163,159.5,1394000,226743000,410,TPEX_CSV,2026/9/30 15:49
1150930,2026/9/30,上櫃,2851,中再保,47.2,0.15,47.05,47.45,46.85,1072000,50498950,752,TPEX_CSV,2026/9/30 15:49
1150930,2026/9/30,上櫃,2852,第一保,27.85,0.15,27.9,27.9,27.7,144000,4004000,104,TPEX_CSV,2026/9/30 15:49
1150930,2026/9/30,上櫃,2855,統一證,56.6,1.1,55.9,56.8,55.8,5085000,287190400,1907,TPEX_CSV,2026/9/30 15:49
1150930,2026/9/30,上櫃,2880,華南金,45.35,0.45,45.7,46,45.1,13411000,609778450,3742,TPEX_CSV,2026/9/30 15:49
1150930,2026/9/30,上櫃,2881,富邦金,151,-0.5,153,153.5,151,11145000,1693197500,4051,TPEX_CSV,2026/9/30 15:49
1150930,2026/9/30,上櫃,2881A,富邦特,61.6,0.2,61.4,61.6,61.4,66000,4054700,19,TPEX_CSV,2026/9/30 15:49
1150930,2026/9/30,上櫃,2881B,富邦金乙特,60.7,-0.2,60.8,60.9,60.7,3000,182400,3,TPEX_CSV,2026/9/30 15:49
1150930,2026/9/30,上櫃,2881C,富邦金丙特,51.8,0,51.8,51.8,51.8,25000,1295000,17,TPEX_CSV,2026/9/30 15:49
1150930,2026/9/30,上櫃,2882,國泰金,111,-0.5,111.5,112.5,111,21247000,2370957500,5340,TPEX_CSV,2026/9/30 15:49
1150930,2026/9/30,上櫃,2882A,國泰特,60.2,0,60.2,60.2,60.1,15000,902100,7,TPEX_CSV,2026/9/30 15:49
1150930,2026/9/30,上櫃,2882B,國泰金乙特,58.8,0,58.6,58.8,58.6,9000,527900,6,TPEX_CSV,2026/9/30 15:49
1150930,2026/9/30,上櫃,2883,凱基金,38.85,-0.1,39.4,39.4,38.75,33585000,1308509800,7969,TPEX_CSV,2026/9/30 15:49
1150930,2026/9/30,上櫃,2883B,凱基金乙特,8.56,0.02,8.54,8.56,8.52,1833000,15647330,382,TPEX_CSV,2026/9/30 15:49
1150930,2026/9/30,上櫃,2884,玉山金,44.85,-0.05,45.2,45.35,44.75,30473000,1369781050,8292,TPEX_CSV,2026/9/30 15:49
1150930,2026/9/30,上櫃,2885,元大金,68.5,-0.2,69.2,69.3,68.5,15373000,1056271200,4413,TPEX_CSV,2026/9/30 15:49
1150930,2026/9/30,上櫃,2886,兆豐金,49.15,0.05,49.55,49.55,49,15902000,782063600,4792,TPEX_CSV,2026/9/30 15:49
1150930,2026/9/30,上櫃,2887,台新新光金,41.95,0.15,42.45,42.45,41.95,34194000,1439725550,6950,TPEX_CSV,2026/9/30 15:49
1150930,2026/9/30,上櫃,2887E,台新新光戊特一,48.4,-0.05,48.45,48.45,48.35,209000,10116600,152,TPEX_CSV,2026/9/30 15:49
1150930,2026/9/30,上櫃,2887F,台新新光戊特二,45.55,-0.05,45.6,45.6,45.5,110000,5009350,59,TPEX_CSV,2026/9/30 15:49
1150930,2026/9/30,上櫃,2887G,台新新光庚特一,44.45,0,44.45,44.5,44.45,82000,3646550,37,TPEX_CSV,2026/9/30 15:49
1150930,2026/9/30,上櫃,2887H,台新新光庚特二,43.05,0,43.1,43.1,42.95,124000,5334800,32,TPEX_CSV,2026/9/30 15:49
1150930,2026/9/30,上櫃,2887I,台新新光辛特,9.53,0.01,9.53,9.53,9.52,626000,5960910,194,TPEX_CSV,2026/9/30 15:49
1150930,2026/9/30,上櫃,2887Z1,台新新光己特,22.85,0.1,22.65,22.85,22.65,101000,2292600,24,TPEX_CSV,2026/9/30 15:49
1150930,2026/9/30,上櫃,2889,國票金,16.5,0.1,16.5,16.65,16.45,6655000,109993700,1382,TPEX_CSV,2026/9/30 15:49
1150930,2026/9/30,上櫃,2890,永豐金,44.25,0.35,44.3,44.75,44,17767000,787729950,3605,TPEX_CSV,2026/9/30 15:49
1150930,2026/9/30,上櫃,2891,中信金,68.4,-0.3,69.6,69.6,68.4,26187000,1797539600,7451,TPEX_CSV,2026/9/30 15:49
1150930,2026/9/30,上櫃,2891B,中信金乙特,61.9,0,61.9,61.9,61.9,2000,123800,2,TPEX_CSV,2026/9/30 15:49
1150930,2026/9/30,上櫃,2891C,中信金丙特,60.5,0,60.8,61.2,60.5,28000,1703200,20,TPEX_CSV,2026/9/30 15:49
1150930,2026/9/30,上櫃,2892,第一金,38.65,0.05,39.25,39.25,38.45,28829000,1115261450,5403,TPEX_CSV,2026/9/30 15:49
1150930,2026/9/30,上櫃,2897,王道銀行,10.9,-0.05,11,11,10.9,3856000,42173600,982,TPEX_CSV,2026/9/30 15:49
1150930,2026/9/30,上櫃,2897B,王道銀乙特,11.85,0,11.85,11.85,11.85,58000,687300,8,TPEX_CSV,2026/9/30 15:49
1150930,2026/9/30,上櫃,2901,欣欣,24.15,0.35,23.85,24.5,23.85,33000,797600,29,TPEX_CSV,2026/9/30 15:49
1150930,2026/9/30,上櫃,2903,遠百,22.15,0.25,22.1,22.2,21.95,1750000,38623550,860,TPEX_CSV,2026/9/30 15:49
1150930,2026/9/30,上櫃,2904,匯僑,12.6,0,12.55,12.65,12.55,29000,366150,17,TPEX_CSV,2026/9/30 15:49
1150930,2026/9/30,上櫃,2905,三商,18.3,0.3,18.1,18.35,18.1,749000,13662300,370,TPEX_CSV,2026/9/30 15:49
1150930,2026/9/30,上櫃,2906,高林,13.4,0.1,13.3,13.4,13.3,78000,1039750,56,TPEX_CSV,2026/9/30 15:49
1150930,2026/9/30,上櫃,2908,特力,22.05,0.35,21.7,22.05,21.7,256000,5613500,114,TPEX_CSV,2026/9/30 15:49
1150930,2026/9/30,上櫃,2910,統領,23.6,0.5,23.65,23.65,23.25,33000,775150,31,TPEX_CSV,2026/9/30 15:49
1150930,2026/9/30,上櫃,2911,麗嬰房,6.08,0.05,6.04,6.09,6.02,106000,640700,67,TPEX_CSV,2026/9/30 15:49
1150930,2026/9/30,上櫃,2912,統一超,212.5,0.5,214,214,212,1620000,344270500,1074,TPEX_CSV,2026/9/30 15:49
1150930,2026/9/30,上櫃,2913,農林,11.15,0.15,11.05,11.15,11,874000,9684350,360,TPEX_CSV,2026/9/30 15:49
1150930,2026/9/30,上櫃,2915,潤泰全,58.8,0.3,58.5,59.2,58.5,1286000,75714100,495,TPEX_CSV,2026/9/30 15:49
1150930,2026/9/30,上櫃,2923,鼎固-KY,25.45,1.55,24.8,25.55,24.35,150000,3786300,99,TPEX_CSV,2026/9/30 15:49
1150930,2026/9/30,上櫃,2929,淘帝-KY,5.83,0.02,5.81,5.91,5.78,80000,466590,58,TPEX_CSV,2026/9/30 15:49
1150930,2026/9/30,上櫃,2939,永邑-KY,21.9,1.65,20.05,22,20.05,91000,1929450,49,TPEX_CSV,2026/9/30 15:49
1150930,2026/9/30,上櫃,2945,三商家購,39.85,0.05,39.85,39.85,39.8,20000,796750,16,TPEX_CSV,2026/9/30 15:49
1150930,2026/9/30,上櫃,3002,歐格,19.3,0.4,19.1,19.85,19.1,326000,6312900,236,TPEX_CSV,2026/9/30 15:49
1150930,2026/9/30,上櫃,3003,健和興,60.4,0.7,60.5,60.7,59.9,330000,19871300,236,TPEX_CSV,2026/9/30 15:49
1150930,2026/9/30,上櫃,3004,豐達科,119,1.5,118.5,119.5,118,160000,19002500,137,TPEX_CSV,2026/9/30 15:49
1150930,2026/9/30,上櫃,3005,神基,116.5,-0.5,117.5,118,116,1278000,149168500,879,TPEX_CSV,2026/9/30 15:49
1150930,2026/9/30,上櫃,3006,晶豪科,286,1,286,290,282,8093000,2311784500,5914,TPEX_CSV,2026/9/30 15:49
1150930,2026/9/30,上櫃,3008,大立光,5945,-75,6010,6090,5945,1463000,8765115000,1334,TPEX_CSV,2026/9/30 15:49
1150930,2026/9/30,上櫃,3010,華立,125.5,0.5,127,127,125,338000,42554000,277,TPEX_CSV,2026/9/30 15:49
1150930,2026/9/30,上櫃,3011,今皓,10.15,0.25,9.97,10.2,9.97,268000,2711420,135,TPEX_CSV,2026/9/30 15:49
1150930,2026/9/30,上櫃,3013,晟銘電,86.8,2.8,85.1,91.4,85.1,2726000,239002900,2032,TPEX_CSV,2026/9/30 15:49
1150930,2026/9/30,上櫃,3014,聯陽,141.5,-2,144.5,144.5,141,1776000,252023000,1350,TPEX_CSV,2026/9/30 15:49
1150930,2026/9/30,上櫃,3015,全漢,55.2,1.5,54.2,55.4,53.8,520000,28505600,347,TPEX_CSV,2026/9/30 15:49
1150930,2026/9/30,上櫃,3016,嘉晶,169,-3.5,170,172.5,165,42850000,7222185000,27453,TPEX_CSV,2026/9/30 15:49
1150930,2026/9/30,上櫃,3017,奇鋐,3435,35,3455,3575,3405,3472000,12108080000,3049,TPEX_CSV,2026/9/30 15:49
1150930,2026/9/30,上櫃,3018,隆銘綠能,12,0.05,11.95,12,11.9,31000,369950,22,TPEX_CSV,2026/9/30 15:49
1150930,2026/9/30,上櫃,3019,亞光,136.5,1,136,137,136,1274000,173805500,925,TPEX_CSV,2026/9/30 15:49
1150930,2026/9/30,上櫃,3021,鴻名,28.45,-1.15,30.9,31,28,3327000,96292600,2061,TPEX_CSV,2026/9/30 15:49
1150930,2026/9/30,上櫃,3022,威強電,92.3,-0.7,93.6,93.9,91.9,1096000,101243800,798,TPEX_CSV,2026/9/30 15:49
1150930,2026/9/30,上櫃,3023,信邦,307,-0.5,312,312.5,304.5,1100000,337476500,864,TPEX_CSV,2026/9/30 15:49
1150930,2026/9/30,上櫃,3024,憶聲,14.2,0,14.2,14.35,14.15,471000,6688900,238,TPEX_CSV,2026/9/30 15:49
1150930,2026/9/30,上櫃,3025,星通,52.9,0.5,52.6,53.1,52.5,152000,8022500,109,TPEX_CSV,2026/9/30 15:49
1150930,2026/9/30,上櫃,3026,禾伸堂,791,-5,815,822,790,6147000,4918849000,4885,TPEX_CSV,2026/9/30 15:49
1150930,2026/9/30,上櫃,3027,盛達,18.9,0.5,18.45,19,18.45,246000,4624450,152,TPEX_CSV,2026/9/30 15:49
1150930,2026/9/30,上櫃,3028,增你強,62.9,0.2,63,63.4,62.7,545000,34317400,428,TPEX_CSV,2026/9/30 15:49
1150930,2026/9/30,上櫃,3029,零壹,120,2.5,118.5,121.5,116.5,1510000,179730500,1073,TPEX_CSV,2026/9/30 15:49
1150930,2026/9/30,上櫃,3030,德律,279,3,279,284.5,275,939000,261997500,804,TPEX_CSV,2026/9/30 15:49
1150930,2026/9/30,上櫃,3031,佰鴻,30.8,-0.45,31.25,31.45,30.4,3700000,114516150,2224,TPEX_CSV,2026/9/30 15:49
1150930,2026/9/30,上櫃,3032,偉訓,78.3,0.4,77.9,78.8,77.9,163000,12781000,133,TPEX_CSV,2026/9/30 15:49
1150930,2026/9/30,上櫃,3033,威健,42.6,0.6,42.35,43,42.2,3064000,130465650,1709,TPEX_CSV,2026/9/30 15:49
1150930,2026/9/30,上櫃,3034,聯詠,546,6,543,556,537,4411000,2411966000,2747,TPEX_CSV,2026/9/30 15:49
1150930,2026/9/30,上櫃,3035,智原,210.5,0.5,210.5,215.5,208,5687000,1199784500,4364,TPEX_CSV,2026/9/30 15:49
1150930,2026/9/30,上櫃,3036,文曄,205.5,-2,209.5,210,205.5,7140000,1479778000,4260,TPEX_CSV,2026/9/30 15:49
1150930,2026/9/30,上櫃,3037,欣興,1175,10,1175,1190,1155,10338000,12142260000,6477,TPEX_CSV,2026/9/30 15:49
1150930,2026/9/30,上櫃,3038,全台,20.8,0.5,20.4,21,20.4,539000,11145800,253,TPEX_CSV,2026/9/30 15:49
1150930,2026/9/30,上櫃,3040,遠見,33.85,0,34.35,34.35,33.7,102000,3455800,73,TPEX_CSV,2026/9/30 15:49
1150930,2026/9/30,上櫃,3041,揚智,24.35,0.75,23.95,24.5,23.9,1268000,30719500,683,TPEX_CSV,2026/9/30 15:49
1150930,2026/9/30,上櫃,3042,晶技,210,1.5,208.5,218.5,206,26514000,5616505500,17808,TPEX_CSV,2026/9/30 15:49
1150930,2026/9/30,上櫃,3043,科風,20.35,0.25,20.65,20.65,20.25,44000,894450,36,TPEX_CSV,2026/9/30 15:49
1150930,2026/9/30,上櫃,3044,健鼎,525,4,525,537,522,2316000,1223683000,1737,TPEX_CSV,2026/9/30 15:49
1150930,2026/9/30,上櫃,3045,台灣大,119.5,-1.5,121,121,118,9529000,1134485000,2954,TPEX_CSV,2026/9/30 15:49
1150930,2026/9/30,上櫃,3046,建碁,53.6,0,53.6,54,53.5,104000,5585100,87,TPEX_CSV,2026/9/30 15:49
1150930,2026/9/30,上櫃,3047,訊舟,14.75,0.2,14.7,14.85,14.65,702000,10353150,398,TPEX_CSV,2026/9/30 15:49
1150930,2026/9/30,上櫃,3048,益登,51.7,0.6,51.8,52,51.4,771000,39800300,525,TPEX_CSV,2026/9/30 15:49
1150930,2026/9/30,上櫃,3049,精金,12.65,0.5,12.25,12.9,12.25,8945000,113415950,3323,TPEX_CSV,2026/9/30 15:49
1150930,2026/9/30,上櫃,3050,鈺德,11.95,0.3,11.65,12,11.65,769000,9119100,340,TPEX_CSV,2026/9/30 15:49
1150930,2026/9/30,上櫃,3051,力特,23.3,0.65,22.95,23.75,22.9,1245000,29056350,586,TPEX_CSV,2026/9/30 15:49
1150930,2026/9/30,上櫃,3052,夆典,10.4,0.05,10.35,10.45,10.35,228000,2371200,76,TPEX_CSV,2026/9/30 15:49
1150930,2026/9/30,上櫃,3054,立萬利,59.4,0.6,59.1,59.5,58.5,151000,8906300,109,TPEX_CSV,2026/9/30 15:49
1150930,2026/9/30,上櫃,3055,蔚華科,209.5,6,201,211,195,15152000,3062091000,10505,TPEX_CSV,2026/9/30 15:49
1150930,2026/9/30,上櫃,3056,富華新,13.85,0,13.85,13.9,13.7,501000,6921400,293,TPEX_CSV,2026/9/30 15:49
1150930,2026/9/30,上櫃,3057,喬鼎,16.2,-0.05,16.25,16.3,16.1,12000,194750,12,TPEX_CSV,2026/9/30 15:49
1150930,2026/9/30,上櫃,3058,立德,8.2,0.05,8.23,8.23,8.16,333000,2728460,172,TPEX_CSV,2026/9/30 15:49
1150930,2026/9/30,上櫃,3059,華晶科,38.75,0.9,38.25,38.8,38.15,1553000,59803700,942,TPEX_CSV,2026/9/30 15:49
1150930,2026/9/30,上櫃,3060,銘異,28.1,0.65,28,29,27.65,2256000,63927800,1436,TPEX_CSV,2026/9/30 15:49
1150930,2026/9/30,上櫃,3062,建漢,22.9,0.9,22.55,23.1,22.3,3181000,72371500,1585,TPEX_CSV,2026/9/30 15:49
1150930,2026/9/30,上櫃,3090,日電貿,161,0,163,163.5,161,1162000,187952000,943,TPEX_CSV,2026/9/30 15:49
1150930,2026/9/30,上櫃,3092,鴻碩,25,2.25,22.8,25,22.75,1363000,33731150,725,TPEX_CSV,2026/9/30 15:49
1150930,2026/9/30,上櫃,3094,聯傑,61.6,1.9,62.1,62.5,59,38675000,2350073100,22505,TPEX_CSV,2026/9/30 15:49
1150930,2026/9/30,上櫃,3130,一零四,209,0,209,210,209,46000,9626500,33,TPEX_CSV,2026/9/30 15:49
1150930,2026/9/30,上櫃,3135,凌航,158,1.5,157.5,158.5,157,307000,48393000,254,TPEX_CSV,2026/9/30 15:49
1150930,2026/9/30,上櫃,3138,耀登,101,2.9,99,102.5,99,578000,58453900,491,TPEX_CSV,2026/9/30 15:49
1150930,2026/9/30,上櫃,3149,正達,74,6.7,69.5,74,69,18633000,1353445100,10033,TPEX_CSV,2026/9/30 15:49
1150930,2026/9/30,上櫃,3150,鈺寶-創,15.65,0.5,15.2,15.65,15.15,23000,352550,17,TPEX_CSV,2026/9/30 15:49
1150930,2026/9/30,上櫃,3164,景岳,16.55,-0.05,16.4,16.55,16.35,31000,509600,27,TPEX_CSV,2026/9/30 15:49
1150930,2026/9/30,上櫃,3167,大量,887,-16,902,906,879,3977000,3533116000,3503,TPEX_CSV,2026/9/30 15:49
1150930,2026/9/30,上櫃,3168,眾福科,42.8,0.65,42.25,42.8,42.2,12000,508650,12,TPEX_CSV,2026/9/30 15:49
1150930,2026/9/30,上櫃,3189,景碩,970,15,961,972,937,20901000,19979535000,15773,TPEX_CSV,2026/9/30 15:49
1150930,2026/9/30,上櫃,3209,全科,45.35,-0.15,45.95,45.95,45.35,783000,35719300,471,TPEX_CSV,2026/9/30 15:49
1150930,2026/9/30,上櫃,3229,晟鈦,58.6,1.5,57.6,60.4,57.6,2084000,123173500,1371,TPEX_CSV,2026/9/30 15:49
1150930,2026/9/30,上櫃,3231,緯創,184.5,-1,187,187.5,184,20071000,3720961500,8688,TPEX_CSV,2026/9/30 15:49
1150930,2026/9/30,上櫃,3257,虹冠電,49.6,0.3,49.3,49.65,49.2,117000,5793350,88,TPEX_CSV,2026/9/30 15:49
1150930,2026/9/30,上櫃,3266,昇陽,14,0.25,13.75,14.05,13.75,37000,516400,29,TPEX_CSV,2026/9/30 15:49
1150930,2026/9/30,上櫃,3296,勝德,28.4,0.6,27.7,28.4,27.6,63000,1768850,46,TPEX_CSV,2026/9/30 15:49
1150930,2026/9/30,上櫃,3305,昇貿,106,1.5,106,107,105.5,698000,74132500,525,TPEX_CSV,2026/9/30 15:49
1150930,2026/9/30,上櫃,3308,聯德,22.35,0.15,22.25,22.7,22.25,151000,3400900,102,TPEX_CSV,2026/9/30 15:49
1150930,2026/9/30,上櫃,3311,閎暉,41.05,2.9,38,41.95,38,4607000,189911850,2343,TPEX_CSV,2026/9/30 15:49
1150930,2026/9/30,上櫃,3312,弘憶股,52,1.1,51.2,53.2,51,1007000,52585000,754,TPEX_CSV,2026/9/30 15:49
1150930,2026/9/30,上櫃,3321,同泰,18.25,0.1,18.05,18.4,18.05,84000,1530150,59,TPEX_CSV,2026/9/30 15:49
1150930,2026/9/30,上櫃,3338,泰碩,68,0.1,68.2,68.5,67.7,388000,26416300,233,TPEX_CSV,2026/9/30 15:49
1150930,2026/9/30,上櫃,3346,麗清,24.15,0.35,23.85,24.25,23.85,587000,14127500,332,TPEX_CSV,2026/9/30 15:49
1150930,2026/9/30,上櫃,3356,奇偶,66,0.4,66.4,66.4,65.7,147000,9702600,126,TPEX_CSV,2026/9/30 15:49
1150930,2026/9/30,上櫃,3376,新日興,174.5,3,173.5,177,171,2464000,430043500,1587,TPEX_CSV,2026/9/30 15:49
1150930,2026/9/30,上櫃,3380,明泰,32.15,0.55,32.7,33.1,32.05,5459000,176508100,3079,TPEX_CSV,2026/9/30 15:49
1150930,2026/9/30,上櫃,3406,玉晶光,890,8,890,921,878,3538000,3179636000,2962,TPEX_CSV,2026/9/30 15:49
1150930,2026/9/30,上櫃,3413,京鼎,291,0,294,296,291,681000,199478500,540,TPEX_CSV,2026/9/30 15:49
1150930,2026/9/30,上櫃,3416,融程電,162.5,0.5,162.5,164.5,161.5,150000,24380500,138,TPEX_CSV,2026/9/30 15:49
1150930,2026/9/30,上櫃,3419,譁裕,12.05,0.25,11.7,12.5,11.7,1016000,12379150,387,TPEX_CSV,2026/9/30 15:49
1150930,2026/9/30,上櫃,3432,台端,14.9,0.1,14.8,14.9,14.8,50000,740950,25,TPEX_CSV,2026/9/30 15:49
1150930,2026/9/30,上櫃,3437,榮創,22.45,0.05,22.2,23,22.2,2191000,49313200,1303,TPEX_CSV,2026/9/30 15:49
1150930,2026/9/30,上櫃,3443,創意,8040,115,8090,8110,7860,612000,4891970000,566,TPEX_CSV,2026/9/30 15:49
1150930,2026/9/30,上櫃,3447,展達,27.55,0.4,27.2,27.8,27.15,84000,2318450,68,TPEX_CSV,2026/9/30 15:49
1150930,2026/9/30,上櫃,3450,聯鈞,523,-2,534,540,523,4939000,2607404000,3851,TPEX_CSV,2026/9/30 15:49
1150930,2026/9/30,上櫃,3481,群創,54.7,4.95,50.6,54.7,50.3,482001000,25862996700,149626,TPEX_CSV,2026/9/30 15:49
1150930,2026/9/30,上櫃,3494,誠研,7.1,0.01,7,7.11,7,27000,191100,19,TPEX_CSV,2026/9/30 15:49
1150930,2026/9/30,上櫃,3501,維熹,37.65,0.15,37.55,37.75,37.5,194000,7291300,96,TPEX_CSV,2026/9/30 15:49
1150930,2026/9/30,上櫃,3504,揚明光,79.1,-0.4,79.8,80.5,79,679000,54033100,551,TPEX_CSV,2026/9/30 15:49
1150930,2026/9/30,上櫃,3515,華擎,212,1,213,213,211.5,129000,27404000,122,TPEX_CSV,2026/9/30 15:49
1150930,2026/9/30,上櫃,3518,柏騰,41.1,3.7,40.5,41.1,40.05,8396000,344142500,2220,TPEX_CSV,2026/9/30 15:49
1150930,2026/9/30,上櫃,3528,安馳,85.6,0.9,84.4,85.8,84.4,160000,13589100,139,TPEX_CSV,2026/9/30 15:49
1150930,2026/9/30,上櫃,3530,晶相光,59.2,0.8,58.8,59.4,58.8,113000,6685300,87,TPEX_CSV,2026/9/30 15:49
1150930,2026/9/30,上櫃,3532,台勝科,471,17,459.5,488.5,453,13893000,6556602000,11856,TPEX_CSV,2026/9/30 15:49
1150930,2026/9/30,上櫃,3533,嘉澤,1770,60,1730,1785,1705,2265000,3985605000,1743,TPEX_CSV,2026/9/30 15:49
1150930,2026/9/30,上櫃,3535,晶彩科,92,2.2,89.9,93.3,89.9,1481000,135960800,1197,TPEX_CSV,2026/9/30 15:49
1150930,2026/9/30,上櫃,3543,州巧,51.2,1,49.7,51.9,49,10660000,538048750,6158,TPEX_CSV,2026/9/30 15:49
1150930,2026/9/30,上櫃,3545,敦泰,51.8,-0.1,51.9,52.1,51,937000,48371300,611,TPEX_CSV,2026/9/30 15:49
1150930,2026/9/30,上櫃,3550,聯穎,25.9,-0.3,26.2,27.45,25.75,8090000,213206550,4776,TPEX_CSV,2026/9/30 15:49
1150930,2026/9/30,上櫃,3557,嘉威,23,0.2,23.05,23.1,22.65,53000,1207350,38,TPEX_CSV,2026/9/30 15:49
1150930,2026/9/30,上櫃,3563,牧德,807,13,811,825,784,1759000,1416724000,1453,TPEX_CSV,2026/9/30 15:49
1150930,2026/9/30,上櫃,3576,聯合再生,19.7,1.75,18.25,19.7,18.25,86184000,1687440350,15574,TPEX_CSV,2026/9/30 15:49
1150930,2026/9/30,上櫃,3583,辛耘,707,-6,722,744,704,1205000,866815000,1062,TPEX_CSV,2026/9/30 15:49
1150930,2026/9/30,上櫃,3588,通嘉,53.9,0.2,54.8,54.8,53.8,208000,11263900,167,TPEX_CSV,2026/9/30 15:49
1150930,2026/9/30,上櫃,3591,艾笛森,27.45,1.05,26.45,27.8,26.45,2282000,62401500,1466,TPEX_CSV,2026/9/30 15:49
1150930,2026/9/30,上櫃,3592,瑞鼎,237.5,12.5,228.5,239,225.5,1707000,401384500,1328,TPEX_CSV,2026/9/30 15:49
1150930,2026/9/30,上櫃,3593,力銘,11,0.7,10.75,11,10.3,38000,397250,25,TPEX_CSV,2026/9/30 15:49
1150930,2026/9/30,上櫃,3596,智易,153,-0.5,155,155,153,610000,93586000,486,TPEX_CSV,2026/9/30 15:49
1150930,2026/9/30,上櫃,3605,宏致,170.5,-12,183,183.5,168.5,17495000,3031982500,11407,TPEX_CSV,2026/9/30 15:49
1150930,2026/9/30,上櫃,3607,谷崧,14,0.3,13.8,14.05,13.7,219000,3037950,138,TPEX_CSV,2026/9/30 15:49
1150930,2026/9/30,上櫃,3617,碩天,242,1.5,244.5,245.5,242,206000,50097500,166,TPEX_CSV,2026/9/30 15:49
1150930,2026/9/30,上櫃,3622,洋華,46.1,1.45,45.2,46.2,45.2,189000,8658250,150,TPEX_CSV,2026/9/30 15:49
1150930,2026/9/30,上櫃,3645,達邁,75.3,2.6,72.9,75.5,72.9,4923000,366170700,3487,TPEX_CSV,2026/9/30 15:49
1150930,2026/9/30,上櫃,3652,精聯,34.2,0.35,33.95,34.25,33.6,53000,1795800,47,TPEX_CSV,2026/9/30 15:49
1150930,2026/9/30,上櫃,3653,健策,6800,-95,6980,7080,6720,1183000,8085860000,1097,TPEX_CSV,2026/9/30 15:49
1150930,2026/9/30,上櫃,3661,世芯-KY,3740,55,3745,3810,3730,1024000,3855800000,944,TPEX_CSV,2026/9/30 15:49
1150930,2026/9/30,上櫃,3665,貿聯-KY,2595,150,2500,2685,2485,5787000,14966120000,5088,TPEX_CSV,2026/9/30 15:49
1150930,2026/9/30,上櫃,3669,圓展,33,0.55,32.9,33.2,32.5,101000,3318150,78,TPEX_CSV,2026/9/30 15:49
1150930,2026/9/30,上櫃,3673,TPK-KY,75.5,6.8,69.1,75.5,68.9,36294000,2659776400,20454,TPEX_CSV,2026/9/30 15:49
1150930,2026/9/30,上櫃,3679,新至陞,108,-0.5,109,109,108,35000,3788500,28,TPEX_CSV,2026/9/30 15:49
1150930,2026/9/30,上櫃,3686,達能,16.3,1.45,15,16.3,15,555000,8900600,273,TPEX_CSV,2026/9/30 15:49
1150930,2026/9/30,上櫃,3694,海華,51.5,1.1,50.9,51.5,50.9,361000,18500800,289,TPEX_CSV,2026/9/30 15:49
1150930,2026/9/30,上櫃,3701,大眾控,45.9,4.15,42.25,45.9,42.25,4522000,204311950,2531,TPEX_CSV,2026/9/30 15:49
1150930,2026/9/30,上櫃,3702,大聯大,114,-1,115,115.5,113.5,5511000,629305000,2936,TPEX_CSV,2026/9/30 15:49
1150930,2026/9/30,上櫃,3703,欣陸,19.6,0.1,19.5,19.65,19.45,686000,13414300,305,TPEX_CSV,2026/9/30 15:49
1150930,2026/9/30,上櫃,3704,合勤控,40.5,0.25,40.7,40.8,40.35,918000,37238900,596,TPEX_CSV,2026/9/30 15:49
1150930,2026/9/30,上櫃,3705,永信,56.7,0.8,56.7,56.7,56,164000,9260700,110,TPEX_CSV,2026/9/30 15:49
1150930,2026/9/30,上櫃,3706,神達,79.3,0.4,79.3,79.8,79,3885000,308509500,2462,TPEX_CSV,2026/9/30 15:49
1150930,2026/9/30,上櫃,3708,上緯投控,98.9,1.3,98.1,99,97.9,278000,27383500,181,TPEX_CSV,2026/9/30 15:49
1150930,2026/9/30,上櫃,3711,日月光投控,703,16,716,723,703,13841000,9803142000,8682,TPEX_CSV,2026/9/30 15:49
1150930,2026/9/30,上櫃,3712,永崴投控,20.65,0,20.6,20.75,20.2,658000,13512300,270,TPEX_CSV,2026/9/30 15:49
1150930,2026/9/30,上櫃,3714,富采,69.9,1.8,68.6,70.9,68.1,21190000,1482311200,11643,TPEX_CSV,2026/9/30 15:49
1150930,2026/9/30,上櫃,3715,定穎投控,126.5,2,126,128,124,4201000,529895000,2885,TPEX_CSV,2026/9/30 15:49
1150930,2026/9/30,上櫃,3716,中化控股,34.25,0.35,34.2,34.4,34,249000,8509250,173,TPEX_CSV,2026/9/30 15:49
1150930,2026/9/30,上櫃,3717,聯嘉投控,27.7,-0.15,28.6,28.85,27.3,31421000,882239950,13061,TPEX_CSV,2026/9/30 15:49
1150930,2026/9/30,上櫃,4104,佳醫,72.7,0.6,72.1,72.7,72.1,139000,10079200,104,TPEX_CSV,2026/9/30 15:49
1150930,2026/9/30,上櫃,4106,雃博,24.35,0.1,24.25,24.45,24.1,85000,2059050,52,TPEX_CSV,2026/9/30 15:49
1150930,2026/9/30,上櫃,4108,懷特,11.5,0.15,11.35,11.5,11.3,168000,1909700,81,TPEX_CSV,2026/9/30 15:49
1150930,2026/9/30,上櫃,4119,旭富,55.5,0.1,54.5,55.5,54.5,105000,5787600,84,TPEX_CSV,2026/9/30 15:49
1150930,2026/9/30,上櫃,4133,亞諾法,20.65,0.2,20.5,20.7,20.5,34000,699850,34,TPEX_CSV,2026/9/30 15:49
1150930,2026/9/30,上櫃,4137,麗豐-KY,77.3,0.8,76.9,77.6,76.9,67000,5178500,53,TPEX_CSV,2026/9/30 15:49
1150930,2026/9/30,上櫃,4142,國光生,18.25,0.15,18.15,18.3,18.05,1455000,26460950,615,TPEX_CSV,2026/9/30 15:49
1150930,2026/9/30,上櫃,4148,全宇生技-KY,32,0.05,31.95,32.15,31.95,12000,384550,12,TPEX_CSV,2026/9/30 15:49
1150930,2026/9/30,上櫃,4155,訊映,14.65,0.05,14.6,14.7,14.55,161000,2350100,95,TPEX_CSV,2026/9/30 15:49
1150930,2026/9/30,上櫃,4164,承業醫,27.35,0.45,26.95,27.4,26.95,261000,7112550,181,TPEX_CSV,2026/9/30 15:49
1150930,2026/9/30,上櫃,4169,泰宗,152,3.5,151.5,154,149,101000,15288500,85,TPEX_CSV,2026/9/30 15:49
1150930,2026/9/30,上櫃,4178,永笙-KY,16.7,0.15,16.8,16.8,16.45,88000,1454700,64,TPEX_CSV,2026/9/30 15:49
1150930,2026/9/30,上櫃,4190,佐登-KY,24.95,-0.1,25.15,25.2,24.95,11000,275800,11,TPEX_CSV,2026/9/30 15:49
1150930,2026/9/30,上櫃,4195,基米-創,16.1,0.3,17.35,17.35,16,800000,13376100,325,TPEX_CSV,2026/9/30 15:49
1150930,2026/9/30,上櫃,4306,炎洲,14.7,0.05,14.6,14.75,14.6,689000,10107700,295,TPEX_CSV,2026/9/30 15:49
1150930,2026/9/30,上櫃,4414,如興,8.14,0.03,8.17,8.17,8.07,266000,2159010,121,TPEX_CSV,2026/9/30 15:49
1150930,2026/9/30,上櫃,4426,利勤,7.61,0,7.62,7.67,7.55,44000,334980,37,TPEX_CSV,2026/9/30 15:49
1150930,2026/9/30,上櫃,4438,廣越,57,0.3,56.5,58.4,56.5,34000,1934300,27,TPEX_CSV,2026/9/30 15:49
1150930,2026/9/30,上櫃,4439,冠星-KY,98.4,1.9,97.4,98.4,95.9,37000,3602300,32,TPEX_CSV,2026/9/30 15:49
1150930,2026/9/30,上櫃,4440,宜新實業,17.55,0.1,17.45,17.7,17.45,30000,525150,28,TPEX_CSV,2026/9/30 15:49
1150930,2026/9/30,上櫃,4441,振大環球,171.5,1.5,170.5,171.5,170,83000,14168000,68,TPEX_CSV,2026/9/30 15:49
1150930,2026/9/30,上櫃,4526,東台,34.05,1.9,32.6,34.75,32.6,6890000,233359700,3940,TPEX_CSV,2026/9/30 15:49
1150930,2026/9/30,上櫃,4532,瑞智,24.85,-0.2,25.1,25.15,24.8,725000,18049450,446,TPEX_CSV,2026/9/30 15:49
1150930,2026/9/30,上櫃,4536,拓凱,161,-0.5,162.5,163,160.5,244000,39356000,215,TPEX_CSV,2026/9/30 15:49
1150930,2026/9/30,上櫃,4540,全球傳動,62.1,-0.5,63,63.6,62,4190000,263235000,2914,TPEX_CSV,2026/9/30 15:49
1150930,2026/9/30,上櫃,4545,銘鈺,39.1,3.55,35.8,39.1,35.8,925000,35803100,402,TPEX_CSV,2026/9/30 15:49
1150930,2026/9/30,上櫃,4551,智伸科,174.5,-5,183.5,188,173.5,5331000,954254500,3764,TPEX_CSV,2026/9/30 15:49
1150930,2026/9/30,上櫃,4552,力達-KY,15.8,0.45,15.35,15.85,15.35,187000,2917450,95,TPEX_CSV,2026/9/30 15:49
1150930,2026/9/30,上櫃,4555,氣立,42.15,0.55,42,42.2,41.7,76000,3188050,71,TPEX_CSV,2026/9/30 15:49
1150930,2026/9/30,上櫃,4557,永新-KY,50.3,0.2,50.7,50.9,50,56000,2817700,46,TPEX_CSV,2026/9/30 15:49
1150930,2026/9/30,上櫃,4560,強信-KY,29.9,0.55,29.45,29.9,29.3,367000,10809300,139,TPEX_CSV,2026/9/30 15:49
1150930,2026/9/30,上櫃,4562,穎漢,30.95,0.95,30.1,31,30.1,151000,4617400,120,TPEX_CSV,2026/9/30 15:49
1150930,2026/9/30,上櫃,4564,元翎,16.4,0.2,16.35,16.4,16.2,565000,9215700,324,TPEX_CSV,2026/9/30 15:49
1150930,2026/9/30,上櫃,4566,時碩工業,74.1,0.9,74.5,77.1,73.2,3274000,244745000,2403,TPEX_CSV,2026/9/30 15:49
1150930,2026/9/30,上櫃,4569,六方科-KY,157.5,3.5,157.5,159,155.5,27000,4253500,25,TPEX_CSV,2026/9/30 15:49
1150930,2026/9/30,上櫃,4571,鈞興-KY,153.5,1,152.5,154.5,152.5,94000,14439000,65,TPEX_CSV,2026/9/30 15:49
1150930,2026/9/30,上櫃,4572,駐龍,138.5,-0.5,140,140,138,14000,1943000,14,TPEX_CSV,2026/9/30 15:49
1150930,2026/9/30,上櫃,4576,大銀微系統,236,-5,242,243,235.5,1939000,461770000,1583,TPEX_CSV,2026/9/30 15:49
1150930,2026/9/30,上櫃,4581,光隆精密-KY,48.2,0.5,47.7,48.2,47.7,12000,575800,10,TPEX_CSV,2026/9/30 15:49
1150930,2026/9/30,上櫃,4582,聚恆-創,22.5,0.3,22.2,22.55,22.2,132000,2941250,64,TPEX_CSV,2026/9/30 15:49
1150930,2026/9/30,上櫃,4583,台灣精銳,426.5,-2.5,429,432,422,81000,34627500,64,TPEX_CSV,2026/9/30 15:49
1150930,2026/9/30,上櫃,4585,達明,292,2,292,292.5,290,73000,21293000,68,TPEX_CSV,2026/9/30 15:49
1150930,2026/9/30,上櫃,4588,玖鼎電力,56,0.7,55.3,56.6,55.1,34000,1904600,30,TPEX_CSV,2026/9/30 15:49
1150930,2026/9/30,上櫃,4590,富田-創,89.1,0.6,88.9,90,88.8,117000,10445400,82,TPEX_CSV,2026/9/30 15:49
1150930,2026/9/30,上櫃,4720,德淵,19.3,0.15,19.35,19.5,19.3,228000,4412100,157,TPEX_CSV,2026/9/30 15:49
1150930,2026/9/30,上櫃,4722,國精化,190.5,0.5,193,197,190,635000,122273500,486,TPEX_CSV,2026/9/30 15:49
1150930,2026/9/30,上櫃,4736,泰博,130,1.5,130,130,128.5,147000,19041000,123,TPEX_CSV,2026/9/30 15:49
1150930,2026/9/30,上櫃,4737,華廣,55.4,-0.2,56.4,56.7,55.4,45000,2503300,36,TPEX_CSV,2026/9/30 15:49
1150930,2026/9/30,上櫃,4739,康普,88.4,5.2,85.1,89.9,84.5,4228000,371043200,2989,TPEX_CSV,2026/9/30 15:49
1150930,2026/9/30,上櫃,4746,台耀,48.95,1.25,48,49,47.6,1004000,48605550,629,TPEX_CSV,2026/9/30 15:49
1150930,2026/9/30,上櫃,4755,三福化,118,0,119,120,118,254000,30240000,182,TPEX_CSV,2026/9/30 15:49
1150930,2026/9/30,上櫃,4763,材料*-KY,48.9,2.05,47,49.2,46.75,9515000,459354950,4833,TPEX_CSV,2026/9/30 15:49
1150930,2026/9/30,上櫃,4764,雙鍵,189,6,185.5,193,183,1324000,249072500,1078,TPEX_CSV,2026/9/30 15:49
1150930,2026/9/30,上櫃,4766,南寶,340.5,-0.5,341.5,343.5,340.5,80000,27308500,75,TPEX_CSV,2026/9/30 15:49
1150930,2026/9/30,上櫃,4770,上品,282,-4.5,288,288.5,277.5,1358000,383403000,1098,TPEX_CSV,2026/9/30 15:49
1150930,2026/9/30,上櫃,4771,望隼,214.5,3,212,214.5,211.5,116000,24714500,97,TPEX_CSV,2026/9/30 15:49
1150930,2026/9/30,上櫃,4807,日成-KY,29.35,0.2,29,29.6,28.9,129000,3754750,96,TPEX_CSV,2026/9/30 15:49
1150930,2026/9/30,上櫃,4904,遠傳,103.5,-1,105,105,103,6122000,633552500,2607,TPEX_CSV,2026/9/30 15:49
1150930,2026/9/30,上櫃,4906,正文,42.3,2.1,40.25,42.45,40,17385000,718935950,8568,TPEX_CSV,2026/9/30 15:49
1150930,2026/9/30,上櫃,4912,聯德控股-KY,100,3.2,97.1,102,97.1,990000,99397300,619,TPEX_CSV,2026/9/30 15:49
1150930,2026/9/30,上櫃,4915,致伸,63.5,0,64,64,63.5,1908000,121499100,1141,TPEX_CSV,2026/9/30 15:49
1150930,2026/9/30,上櫃,4916,事欣科,104,2.5,102.5,105,102,2056000,212833000,1517,TPEX_CSV,2026/9/30 15:49
1150930,2026/9/30,上櫃,4919,新唐,138.5,3,136,142,134,12952000,1783257500,8453,TPEX_CSV,2026/9/30 15:49
1150930,2026/9/30,上櫃,4927,泰鼎-KY,44.5,0.75,44.15,44.9,43.7,3167000,140302050,1656,TPEX_CSV,2026/9/30 15:49
1150930,2026/9/30,上櫃,4930,燦星網,15.9,0.05,15.85,15.9,15.85,11000,174800,7,TPEX_CSV,2026/9/30 15:49
1150930,2026/9/30,上櫃,4934,太極,14.95,0.8,14.2,15,14.2,936000,13836500,461,TPEX_CSV,2026/9/30 15:49
1150930,2026/9/30,上櫃,4935,茂林-KY,34.2,1.55,33.35,34.25,32.75,91000,3048950,77,TPEX_CSV,2026/9/30 15:49
1150930,2026/9/30,上櫃,4938,和碩,89.8,-1,91.6,91.8,89.8,11696000,1055368300,4731,TPEX_CSV,2026/9/30 15:49
1150930,2026/9/30,上櫃,4942,嘉彰,31.9,-0.05,31.95,31.95,31.6,89000,2838150,62,TPEX_CSV,2026/9/30 15:49
1150930,2026/9/30,上櫃,4943,康控-KY,6.91,-0.07,6.98,6.98,6.71,7000,48280,7,TPEX_CSV,2026/9/30 15:49
1150930,2026/9/30,上櫃,4949,有成精密,76.3,0.3,76.7,77.5,76.2,376000,28867100,297,TPEX_CSV,2026/9/30 15:49
1150930,2026/9/30,上櫃,4952,凌通,49.4,0.2,49.35,49.9,49.35,150000,7436400,121,TPEX_CSV,2026/9/30 15:49
1150930,2026/9/30,上櫃,4956,光鋐,46.5,0.5,46.25,49.8,45.5,29870000,1409391950,16821,TPEX_CSV,2026/9/30 15:49
1150930,2026/9/30,上櫃,4958,臻鼎-KY,507,8.5,510,510,494,29802000,14988783000,21834,TPEX_CSV,2026/9/30 15:49
1150930,2026/9/30,上櫃,4960,誠美材,24.4,0.95,23.5,24.8,23.4,9325000,225454250,3880,TPEX_CSV,2026/9/30 15:49
1150930,2026/9/30,上櫃,4961,天鈺,181,-3.5,183.5,186,177,1331000,239892000,1104,TPEX_CSV,2026/9/30 15:49
1150930,2026/9/30,上櫃,4967,十銓,275,3,275,276,272.5,1278000,350915000,977,TPEX_CSV,2026/9/30 15:49
1150930,2026/9/30,上櫃,4968,立積,96.6,3.8,93.8,96.7,93.8,652000,62115500,536,TPEX_CSV,2026/9/30 15:49
1150930,2026/9/30,上櫃,4976,佳凌,35.8,0.3,35.7,36,35.55,550000,19657150,365,TPEX_CSV,2026/9/30 15:49
1150930,2026/9/30,上櫃,4977,眾達-KY,169,0.5,170,173,169,2078000,354387500,1690,TPEX_CSV,2026/9/30 15:49
1150930,2026/9/30,上櫃,4989,榮科,61,1.5,60.4,61.6,60.3,2237000,136351900,1488,TPEX_CSV,2026/9/30 15:49
1150930,2026/9/30,上櫃,4994,傳奇,81.8,-0.5,82,82.5,81.5,12000,983100,11,TPEX_CSV,2026/9/30 15:49
1150930,2026/9/30,上櫃,4999,鑫禾,17.85,0.15,17.7,17.9,17.7,35000,622500,23,TPEX_CSV,2026/9/30 15:49
1150930,2026/9/30,上櫃,5007,三星,56.4,1,56,56.4,56,86000,4822800,34,TPEX_CSV,2026/9/30 15:49
1150930,2026/9/30,上櫃,5203,訊連,58.4,-0.2,58.8,59,58.2,81000,4742500,69,TPEX_CSV,2026/9/30 15:49
1150930,2026/9/30,上櫃,5215,科嘉-KY,37.9,0.6,37.8,37.9,37.8,14000,530000,14,TPEX_CSV,2026/9/30 15:49
1150930,2026/9/30,上櫃,5222,全訊,106.5,2,106.5,106.5,105,125000,13239000,99,TPEX_CSV,2026/9/30 15:49
1150930,2026/9/30,上櫃,5225,東科-KY,55.4,0.1,55.3,55.6,55,93000,5143100,80,TPEX_CSV,2026/9/30 15:49
1150930,2026/9/30,上櫃,5234,達興材料,308.5,-13.5,329,329,308.5,1263000,401328500,1038,TPEX_CSV,2026/9/30 15:49
1150930,2026/9/30,上櫃,5236,凌陽創新,137.5,2,136.5,138,135.5,103000,14089000,81,TPEX_CSV,2026/9/30 15:49
1150930,2026/9/30,上櫃,5243,乙盛-KY,91.5,2.8,89.9,93.4,89.4,1575000,144647300,1091,TPEX_CSV,2026/9/30 15:49
1150930,2026/9/30,上櫃,5244,弘凱,35.6,0.1,35.5,35.9,35.35,63000,2240250,52,TPEX_CSV,2026/9/30 15:49
1150930,2026/9/30,上櫃,5258,虹堡,42.4,1.2,41.3,42.4,41.3,210000,8790750,139,TPEX_CSV,2026/9/30 15:49
1150930,2026/9/30,上櫃,5269,祥碩,1460,-15,1480,1490,1455,294000,431595000,277,TPEX_CSV,2026/9/30 15:49
1150930,2026/9/30,上櫃,5283,禾聯碩,52.8,0.2,52.6,53,52.6,57000,3009600,41,TPEX_CSV,2026/9/30 15:49
1150930,2026/9/30,上櫃,5284,jpp-KY,299.5,-0.5,302,304.5,298,219000,65709000,193,TPEX_CSV,2026/9/30 15:49
1150930,2026/9/30,上櫃,5285,界霖,90.1,-0.4,91.8,92.1,89.7,776000,70061200,618,TPEX_CSV,2026/9/30 15:49
1150930,2026/9/30,上櫃,5288,豐祥-KY,183.5,-3,191.5,194,181.5,371000,68753500,311,TPEX_CSV,2026/9/30 15:49
1150930,2026/9/30,上櫃,5292,華懋,230,11.5,216.5,234,216.5,315000,71089000,276,TPEX_CSV,2026/9/30 15:49
1150930,2026/9/30,上櫃,5306,桂盟,88.8,0.2,88.2,89,88.2,46000,4078900,44,TPEX_CSV,2026/9/30 15:49
1150930,2026/9/30,上櫃,5388,中磊,71.5,-0.2,72.3,72.3,71.5,1718000,123314100,1043,TPEX_CSV,2026/9/30 15:49
1150930,2026/9/30,上櫃,5434,崇越,555,15,550,565,547,1002000,557403000,780,TPEX_CSV,2026/9/30 15:49
1150930,2026/9/30,上櫃,5469,瀚宇博,74,0.4,74.1,74.5,73.4,1278000,94373500,789,TPEX_CSV,2026/9/30 15:49
1150930,2026/9/30,上櫃,5471,松翰,52.3,-0.4,53,53.3,52.1,720000,37803900,513,TPEX_CSV,2026/9/30 15:49
1150930,2026/9/30,上櫃,5484,慧友,39.6,0.35,39.9,39.9,39.1,174000,6853500,129,TPEX_CSV,2026/9/30 15:49
1150930,2026/9/30,上櫃,5515,建國,51.9,-0.8,53,53,51.5,323000,16771700,266,TPEX_CSV,2026/9/30 15:49
1150930,2026/9/30,上櫃,5519,隆大,25.3,0.3,25.05,25.3,25.05,173000,4352300,111,TPEX_CSV,2026/9/30 15:49
1150930,2026/9/30,上櫃,5521,工信,10.6,0.1,10.6,10.6,10.55,790000,8352350,241,TPEX_CSV,2026/9/30 15:49
1150930,2026/9/30,上櫃,5522,遠雄,61,0.3,60.8,61.5,60.7,663000,40502300,408,TPEX_CSV,2026/9/30 15:49
1150930,2026/9/30,上櫃,5525,順天,22,0.05,21.95,22,21.85,66000,1446650,56,TPEX_CSV,2026/9/30 15:49
1150930,2026/9/30,上櫃,5531,鄉林,6.92,0.07,6.9,6.92,6.85,529000,3639810,237,TPEX_CSV,2026/9/30 15:49
1150930,2026/9/30,上櫃,5533,皇鼎,13.95,0.1,13.85,13.95,13.8,48000,668050,37,TPEX_CSV,2026/9/30 15:49
1150930,2026/9/30,上櫃,5534,長虹,73.1,-0.2,73.3,73.8,73.1,700000,51298300,431,TPEX_CSV,2026/9/30 15:49
1150930,2026/9/30,上櫃,5538,東明-KY,36.25,0.85,35.8,36.5,35.7,118000,4260900,103,TPEX_CSV,2026/9/30 15:49
1150930,2026/9/30,上櫃,5546,永固-KY,14.35,0.25,14.1,14.35,14.1,10000,143150,9,TPEX_CSV,2026/9/30 15:49
1150930,2026/9/30,上櫃,5607,遠雄港,52.4,0.5,52.2,52.5,51.8,266000,13878400,199,TPEX_CSV,2026/9/30 15:49
1150930,2026/9/30,上櫃,5608,四維航,16.95,0.25,16.85,16.95,16.75,1464000,24663450,641,TPEX_CSV,2026/9/30 15:49
1150930,2026/9/30,上櫃,5706,鳳凰,44.15,0.25,43.9,44.2,43.85,51000,2245050,41,TPEX_CSV,2026/9/30 15:49
1150930,2026/9/30,上櫃,5871,中租-KY,107,0,107.5,107.5,106,7710000,822094500,3452,TPEX_CSV,2026/9/30 15:49
1150930,2026/9/30,上櫃,5871A,中租-KY甲特,100,0.1,100,100,99.9,49000,4899800,26,TPEX_CSV,2026/9/30 15:49
1150930,2026/9/30,上櫃,5876,上海商銀,49.15,0.3,49.3,49.4,48.75,6893000,339052550,2540,TPEX_CSV,2026/9/30 15:49
1150930,2026/9/30,上櫃,5880,合庫金,26.1,0.05,26.4,26.4,26.05,17806000,465109200,3561,TPEX_CSV,2026/9/30 15:49
1150930,2026/9/30,上櫃,5906,台南-KY,41,0,40.85,41,40.85,3000,122800,3,TPEX_CSV,2026/9/30 15:49
1150930,2026/9/30,上櫃,5907,大洋-KY,4.81,0.02,4.8,4.89,4.8,116000,559900,75,TPEX_CSV,2026/9/30 15:49
1150930,2026/9/30,上櫃,6005,群益證,32.05,0.4,31.95,32.3,31.85,5442000,174550950,1753,TPEX_CSV,2026/9/30 15:49
1150930,2026/9/30,上櫃,6024,群益期,60.4,0.2,60.5,60.5,60.1,135000,8138500,111,TPEX_CSV,2026/9/30 15:49
1150930,2026/9/30,上櫃,6108,競國,25.05,0.65,24.5,25.4,24.5,1892000,47304450,1046,TPEX_CSV,2026/9/30 15:49
1150930,2026/9/30,上櫃,6112,邁達特,48.05,0.7,47.45,48.2,47.1,1085000,51665800,708,TPEX_CSV,2026/9/30 15:49
1150930,2026/9/30,上櫃,6115,鎰勝,44,0,44,44,43.9,108000,4749150,85,TPEX_CSV,2026/9/30 15:49
1150930,2026/9/30,上櫃,6116,彩晶,16.35,1.45,15.1,16.35,15.05,153868000,2475267300,35400,TPEX_CSV,2026/9/30 15:49
1150930,2026/9/30,上櫃,6117,迎廣,62.2,0.5,62.6,63.3,61.8,169000,10545000,133,TPEX_CSV,2026/9/30 15:49
1150930,2026/9/30,上櫃,6120,達運,14.35,1.3,13.75,14.35,13.7,12977000,184848650,2424,TPEX_CSV,2026/9/30 15:49
1150930,2026/9/30,上櫃,6128,上福,19.2,0.1,19.2,19.3,19.1,46000,884300,32,TPEX_CSV,2026/9/30 15:49
1150930,2026/9/30,上櫃,6133,金橋,29.6,1.1,29.4,30.45,28.2,20023000,585405200,10634,TPEX_CSV,2026/9/30 15:49
1150930,2026/9/30,上櫃,6136,富爾特,25.05,0.1,24.95,25.15,24.95,153000,3829550,101,TPEX_CSV,2026/9/30 15:49
1150930,2026/9/30,上櫃,6139,亞翔,756,24,741,762,740,3168000,2388714000,2618,TPEX_CSV,2026/9/30 15:49
1150930,2026/9/30,上櫃,6141,柏承,51.8,-1.1,53.7,53.7,51.7,1698000,88963400,1195,TPEX_CSV,2026/9/30 15:49
1150930,2026/9/30,上櫃,6142,友勁,9.44,0.38,9.14,9.8,9.03,1269000,11940420,538,TPEX_CSV,2026/9/30 15:49
1150930,2026/9/30,上櫃,6152,百一,15.3,0.2,15.3,15.3,15.05,941000,14302300,510,TPEX_CSV,2026/9/30 15:49
1150930,2026/9/30,上櫃,6153,嘉聯益,18.2,0.55,17.8,18.3,17.65,3890000,70316350,1916,TPEX_CSV,2026/9/30 15:49
1150930,2026/9/30,上櫃,6155,鈞寶,63.3,-0.7,65,65.2,63,3699000,236399000,2513,TPEX_CSV,2026/9/30 15:49
1150930,2026/9/30,上櫃,6164,華興,12.6,0.2,12.5,12.65,12.4,527000,6613000,261,TPEX_CSV,2026/9/30 15:49
1150930,2026/9/30,上櫃,6165,浪凡,50,1.15,49.5,50.2,49.35,338000,16868000,230,TPEX_CSV,2026/9/30 15:49
1150930,2026/9/30,上櫃,6166,凌華,133,-2,139,140,132.5,2529000,342285500,1915,TPEX_CSV,2026/9/30 15:49
1150930,2026/9/30,上櫃,6168,宏齊,45.25,0.05,46.55,47,44.5,6297000,288854250,4190,TPEX_CSV,2026/9/30 15:49
1150930,2026/9/30,上櫃,6176,瑞儀,91.2,1,90.3,91.8,90.3,1274000,116227500,721,TPEX_CSV,2026/9/30 15:49
1150930,2026/9/30,上櫃,6177,達麗,46.45,0.2,46.9,46.9,46.25,649000,30192850,401,TPEX_CSV,2026/9/30 15:49
1150930,2026/9/30,上櫃,6183,關貿,91.8,1.3,91.5,92,90.8,33000,3014400,24,TPEX_CSV,2026/9/30 15:49
1150930,2026/9/30,上櫃,6184,大豐電,40.3,0.2,39.95,40.3,39.95,30000,1205700,27,TPEX_CSV,2026/9/30 15:49
1150930,2026/9/30,上櫃,6189,豐藝,50.4,0.2,50.1,50.5,49.9,397000,19917500,279,TPEX_CSV,2026/9/30 15:49
1150930,2026/9/30,上櫃,6191,精成科,84,0.9,83.3,84.1,83,1166000,97607900,850,TPEX_CSV,2026/9/30 15:49
1150930,2026/9/30,上櫃,6192,巨路,109.5,0,109.5,110,109.5,83000,9102000,62,TPEX_CSV,2026/9/30 15:49
1150930,2026/9/30,上櫃,6196,帆宣,585,41,552,588,551,2780000,1610935000,2300,TPEX_CSV,2026/9/30 15:49
1150930,2026/9/30,上櫃,6197,佳必琪,326,7,323,327,322,1566000,508800500,1277,TPEX_CSV,2026/9/30 15:49
1150930,2026/9/30,上櫃,6201,亞弘電,44.6,0.4,44.8,44.8,44.3,12000,534250,12,TPEX_CSV,2026/9/30 15:49
1150930,2026/9/30,上櫃,6202,盛群,58.6,0.2,58.9,59.4,58.5,1063000,62520200,753,TPEX_CSV,2026/9/30 15:49
1150930,2026/9/30,上櫃,6205,詮欣,71.3,0.2,71.5,72.9,70.7,1487000,106411900,1154,TPEX_CSV,2026/9/30 15:49
1150930,2026/9/30,上櫃,6206,飛捷,139.5,-3.5,143,144,139.5,838000,117707500,640,TPEX_CSV,2026/9/30 15:49
1150930,2026/9/30,上櫃,6209,今國光,81.7,0.2,81.8,82.5,81.2,7058000,576622100,4540,TPEX_CSV,2026/9/30 15:49
1150930,2026/9/30,上櫃,6213,聯茂,623,3,624,649,622,23199000,14736753000,18394,TPEX_CSV,2026/9/30 15:49
1150930,2026/9/30,上櫃,6214,精誠,188,-1,188,189.5,183,1745000,325265000,904,TPEX_CSV,2026/9/30 15:49
1150930,2026/9/30,上櫃,6215,和椿,97.7,0.5,98.6,98.7,97.3,250000,24460900,201,TPEX_CSV,2026/9/30 15:49
1150930,2026/9/30,上櫃,6216,居易,19.95,0.45,19.6,20.4,19.6,94000,1878350,73,TPEX_CSV,2026/9/30 15:49
1150930,2026/9/30,上櫃,6224,聚鼎,78.8,-2.4,82.2,82.5,78.6,875000,69784000,707,TPEX_CSV,2026/9/30 15:49
1150930,2026/9/30,上櫃,6225,天瀚,60.9,5.5,60.1,60.9,60.1,186000,11290700,106,TPEX_CSV,2026/9/30 15:49
1150930,2026/9/30,上櫃,6226,光鼎,45.1,-0.45,45.55,45.7,44.4,2157000,97203750,1476,TPEX_CSV,2026/9/30 15:49
1150930,2026/9/30,上櫃,6230,尼得科超眾,113,1.5,113.5,113.5,112,31000,3489500,30,TPEX_CSV,2026/9/30 15:49
1150930,2026/9/30,上櫃,6235,華孚,39.1,0.25,38.75,39.45,38.75,228000,8923250,165,TPEX_CSV,2026/9/30 15:49
1150930,2026/9/30,上櫃,6239,力成,289.5,8.5,285,295.5,284.5,14100000,4102689500,9786,TPEX_CSV,2026/9/30 15:49
1150930,2026/9/30,上櫃,6243,迅杰,39.5,0.5,39.2,39.75,39.05,395000,15562050,277,TPEX_CSV,2026/9/30 15:49
1150930,2026/9/30,上櫃,6257,矽格,254,17.5,239,260,238.5,21437000,5445492500,13649,TPEX_CSV,2026/9/30 15:49
1150930,2026/9/30,上櫃,6269,台郡,66,1.1,65.4,66.9,65.1,4541000,299832000,2669,TPEX_CSV,2026/9/30 15:49
1150930,2026/9/30,上櫃,6271,同欣電,226.5,-0.5,228,231.5,226.5,2627000,600443000,1867,TPEX_CSV,2026/9/30 15:49
1150930,2026/9/30,上櫃,6272,驊陞,25.6,0.2,25.55,26.2,25.55,121000,3119350,89,TPEX_CSV,2026/9/30 15:49
1150930,2026/9/30,上櫃,6277,宏正,77,0.3,76.3,77.4,76.3,108000,8297400,98,TPEX_CSV,2026/9/30 15:49
1150930,2026/9/30,上櫃,6278,台表科,218,2,220,223,214,8653000,1889209500,6037,TPEX_CSV,2026/9/30 15:49
1150930,2026/9/30,上櫃,6281,全國電,51,-0.2,50.9,51,50.8,38000,1935400,33,TPEX_CSV,2026/9/30 15:49
1150930,2026/9/30,上櫃,6282,康舒,43.7,0.9,43.9,44.7,43.35,7007000,306701450,4199,TPEX_CSV,2026/9/30 15:49
1150930,2026/9/30,上櫃,6283,淳安,19.5,0.7,19,20,19,121000,2361650,102,TPEX_CSV,2026/9/30 15:49
1150930,2026/9/30,上櫃,6285,啟碁,236,3.5,235.5,238,235,2142000,506228000,1439,TPEX_CSV,2026/9/30 15:49
1150930,2026/9/30,上櫃,6405,悅城,50.1,4.55,50.1,50.1,50.1,462000,23146200,214,TPEX_CSV,2026/9/30 15:49
1150930,2026/9/30,上櫃,6409,旭隼,907,30,888,915,877,243000,217999000,227,TPEX_CSV,2026/9/30 15:49
1150930,2026/9/30,上櫃,6412,群電,74.8,0.7,74.7,74.9,74.4,293000,21880600,228,TPEX_CSV,2026/9/30 15:49
1150930,2026/9/30,上櫃,6414,樺漢,392,-6,400,410,392,2276000,902962500,1826,TPEX_CSV,2026/9/30 15:49
1150930,2026/9/30,上櫃,6415,矽力*-KY,409,0,414,416,408.5,1781000,730860000,1329,TPEX_CSV,2026/9/30 15:49
1150930,2026/9/30,上櫃,6416,瑞祺電通,114.5,-1.5,117,117,113.5,584000,66941500,443,TPEX_CSV,2026/9/30 15:49
1150930,2026/9/30,上櫃,6426,統新,345,-9,351.5,360.5,342,2397000,841688500,2022,TPEX_CSV,2026/9/30 15:49
1150930,2026/9/30,上櫃,6431,光麗-KY,17.6,0.05,17.55,17.95,17.05,49000,852950,36,TPEX_CSV,2026/9/30 15:49
1150930,2026/9/30,上櫃,6438,迅得,164,2,162,170,162,1414000,235604500,1022,TPEX_CSV,2026/9/30 15:49
1150930,2026/9/30,上櫃,6442,光聖,1490,-10,1525,1540,1480,1212000,1816730000,1161,TPEX_CSV,2026/9/30 15:49
1150930,2026/9/30,上櫃,6443,元晶,28.75,1.25,27.65,29.55,27.65,13050000,374308400,6654,TPEX_CSV,2026/9/30 15:49
1150930,2026/9/30,上櫃,6446,藥華藥,1215,20,1210,1240,1200,1561000,1904275000,1265,TPEX_CSV,2026/9/30 15:49
1150930,2026/9/30,上櫃,6449,鈺邦,209.5,4,208.5,216,208,784000,166053500,655,TPEX_CSV,2026/9/30 15:49
1150930,2026/9/30,上櫃,6451,訊芯-KY,420.5,4,427.5,427.5,414.5,1178000,494875000,943,TPEX_CSV,2026/9/30 15:49
1150930,2026/9/30,上櫃,6456,GIS-KY,92,2.6,91.5,95.7,89.5,62643000,5825849300,32902,TPEX_CSV,2026/9/30 15:49
1150930,2026/9/30,上櫃,6464,台數科,76.8,1,76.3,77.1,76.3,17000,1304300,16,TPEX_CSV,2026/9/30 15:49
1150930,2026/9/30,上櫃,6472,保瑞,424,1.5,425,427,422.5,255000,108257500,229,TPEX_CSV,2026/9/30 15:49
1150930,2026/9/30,上櫃,6477,安集,35.6,1.5,34.5,35.85,34.3,2283000,80790700,1683,TPEX_CSV,2026/9/30 15:49
1150930,2026/9/30,上櫃,6491,晶碩,413,7,412,418,407.5,423000,174495000,336,TPEX_CSV,2026/9/30 15:49
1150930,2026/9/30,上櫃,6504,南六,36.95,-0.25,36.85,37.3,36.6,31000,1145550,24,TPEX_CSV,2026/9/30 15:49
1150930,2026/9/30,上櫃,6505,台塑化,97.3,3,94,98.6,93,37585000,3619043300,19122,TPEX_CSV,2026/9/30 15:49
1150930,2026/9/30,上櫃,6515,穎崴,5930,255,5690,5985,5655,413000,2414655000,388,TPEX_CSV,2026/9/30 15:49
1150930,2026/9/30,上櫃,6525,捷敏-KY,135.5,2,135.5,136.5,134,465000,63054500,363,TPEX_CSV,2026/9/30 15:49
1150930,2026/9/30,上櫃,6526,達發,840,26,830,855,819,927000,779206000,852,TPEX_CSV,2026/9/30 15:49
1150930,2026/9/30,上櫃,6531,愛普*,927,-2,943,964,924,2058000,1926968000,1825,TPEX_CSV,2026/9/30 15:49
1150930,2026/9/30,上櫃,6533,晶心科,333.5,30,316,333.5,301,9702000,3109221000,6962,TPEX_CSV,2026/9/30 15:49
1150930,2026/9/30,上櫃,6534,正瀚-創,90.6,0.8,89.9,91.2,89.8,23000,2077600,21,TPEX_CSV,2026/9/30 15:49
1150930,2026/9/30,上櫃,6541,泰福-KY,31.1,1.15,30.35,31.45,30.35,432000,13405250,321,TPEX_CSV,2026/9/30 15:49
1150930,2026/9/30,上櫃,6550,北極星藥業-KY,17.85,0.45,17.25,17.95,16.9,1525000,26470800,605,TPEX_CSV,2026/9/30 15:49
1150930,2026/9/30,上櫃,6552,易華電,25,0.2,24.95,25.3,24.95,57000,1430000,42,TPEX_CSV,2026/9/30 15:49
1150930,2026/9/30,上櫃,6558,興能高,25,-0.4,25.45,25.65,25,352000,8878200,197,TPEX_CSV,2026/9/30 15:49
1150930,2026/9/30,上櫃,6573,虹揚-KY,16.45,0.55,15.85,16.45,15.85,185000,2997150,116,TPEX_CSV,2026/9/30 15:49
1150930,2026/9/30,上櫃,6579,研揚,159,1.5,159,161.5,158,446000,71207500,346,TPEX_CSV,2026/9/30 15:49
1150930,2026/9/30,上櫃,6581,鋼聯,108.5,0.5,108,108.5,108,11000,1193000,11,TPEX_CSV,2026/9/30 15:49
1150930,2026/9/30,上櫃,6582,申豐,31.1,0.3,30.85,31.2,30.85,23000,714500,21,TPEX_CSV,2026/9/30 15:49
1150930,2026/9/30,上櫃,6585,鼎基,104,0.5,104,104,103,129000,13335500,83,TPEX_CSV,2026/9/30 15:49
1150930,2026/9/30,上櫃,6589,台康生技,53.4,1.8,51.4,54,51.4,940000,50053600,704,TPEX_CSV,2026/9/30 15:49
1150930,2026/9/30,上櫃,6591,動力-KY,42.85,-0.35,42.85,43.75,42.5,106000,4537450,87,TPEX_CSV,2026/9/30 15:49
1150930,2026/9/30,上櫃,6592,和潤企業,56.9,0,57,57.2,56.8,460000,26190900,347,TPEX_CSV,2026/9/30 15:49
1150930,2026/9/30,上櫃,6592A,和潤企業甲特,96.1,0,96.2,96.2,96.1,2000,192300,2,TPEX_CSV,2026/9/30 15:49
1150930,2026/9/30,上櫃,6592B,和潤企業乙特,94.6,-0.9,94.6,94.6,94.6,1000,94600,1,TPEX_CSV,2026/9/30 15:49
1150930,2026/9/30,上櫃,6598,ABC-KY,27.4,0.2,28,28,26.6,193000,5223550,132,TPEX_CSV,2026/9/30 15:49
1150930,2026/9/30,上櫃,6605,帝寶,137.5,-0.5,139.5,139.5,136.5,153000,21004500,128,TPEX_CSV,2026/9/30 15:49
1150930,2026/9/30,上櫃,6606,建德工業,24.8,0.05,25.4,25.4,24.6,64000,1588350,53,TPEX_CSV,2026/9/30 15:49
1150930,2026/9/30,上櫃,6614,資拓宏宇,35.3,0.15,35.45,35.55,35.2,33000,1166850,22,TPEX_CSV,2026/9/30 15:49
1150930,2026/9/30,上櫃,6625,必應,74,0.1,73.9,74,73.5,48000,3536800,41,TPEX_CSV,2026/9/30 15:49
1150930,2026/9/30,上櫃,6641,基士德-KY,17,0.05,17.3,17.3,16.75,12000,203100,12,TPEX_CSV,2026/9/30 15:49
1150930,2026/9/30,上櫃,6645,金萬林-創,12.85,0.35,12.95,12.95,12.75,9000,115750,9,TPEX_CSV,2026/9/30 15:49
1150930,2026/9/30,上櫃,6655,科定,125,0.5,125.5,125.5,125,2000,250500,2,TPEX_CSV,2026/9/30 15:49
1150930,2026/9/30,上櫃,6657,華安,32.7,0.25,32.25,32.95,32,97000,3159650,63,TPEX_CSV,2026/9/30 15:49
1150930,2026/9/30,上櫃,6658,聯策,180.5,-0.5,182,187.5,179,358000,65047000,305,TPEX_CSV,2026/9/30 15:49
1150930,2026/9/30,上櫃,6666,羅麗芬-KY,45.55,-0.1,45.1,45.75,44.2,20000,904100,20,TPEX_CSV,2026/9/30 15:49
1150930,2026/9/30,上櫃,6668,中揚光,47.05,-0.6,47.95,48.55,46.9,1712000,81396150,1166,TPEX_CSV,2026/9/30 15:49
1150930,2026/9/30,上櫃,6669,緯穎,2090,-10,2130,2145,2090,1669000,3519565000,1360,TPEX_CSV,2026/9/30 15:49
1150930,2026/9/30,上櫃,6670,復盛應用,272,-1,273.5,274,271,178000,48446000,160,TPEX_CSV,2026/9/30 15:49
1150930,2026/9/30,上櫃,6671,三能-KY,22.7,-0.15,23.2,23.2,22.55,7000,159150,7,TPEX_CSV,2026/9/30 15:49
1150930,2026/9/30,上櫃,6672,騰輝電子-KY,369,33.5,337.5,369,335.5,8070000,2873246500,5442,TPEX_CSV,2026/9/30 15:49
1150930,2026/9/30,上櫃,6674,鋐寶科技,18.25,0,18.3,18.4,18.25,145000,2654200,72,TPEX_CSV,2026/9/30 15:49
1150930,2026/9/30,上櫃,6689,伊雲谷,64.8,0.4,65,65.2,64.2,185000,11945700,143,TPEX_CSV,2026/9/30 15:49
1150930,2026/9/30,上櫃,6691,洋基工程,719,65,666,719,665,2330000,1654331000,1825,TPEX_CSV,2026/9/30 15:49
1150930,2026/9/30,上櫃,6695,芯鼎,55,0.9,53.8,55.8,53.7,1090000,59564100,761,TPEX_CSV,2026/9/30 15:49
1150930,2026/9/30,上櫃,6698,旭暉應材,33.3,-0.6,33.8,33.8,32.55,481000,15903100,301,TPEX_CSV,2026/9/30 15:49
1150930,2026/9/30,上櫃,6706,惠特,150,-1,154,158,149.5,4303000,658543500,3257,TPEX_CSV,2026/9/30 15:49
1150930,2026/9/30,上櫃,6715,嘉基,442,-10,452,453.5,441,659000,293503000,593,TPEX_CSV,2026/9/30 15:49
1150930,2026/9/30,上櫃,6719,力智,186.5,2.5,185.5,188.5,184,560000,104025000,452,TPEX_CSV,2026/9/30 15:49
1150930,2026/9/30,上櫃,6722,輝創,32.5,0.2,32.3,32.5,32.3,13000,421050,11,TPEX_CSV,2026/9/30 15:49
1150930,2026/9/30,上櫃,6742,澤米,56.3,2.1,54.3,58.6,54.2,1726000,97919700,1304,TPEX_CSV,2026/9/30 15:49
1150930,2026/9/30,上櫃,6743,安普新,31.85,0.75,31.3,32.05,30.95,548000,17359850,303,TPEX_CSV,2026/9/30 15:49
1150930,2026/9/30,上櫃,6753,龍德造船,133.5,1,133,134.5,132.5,288000,38438000,224,TPEX_CSV,2026/9/30 15:49
1150930,2026/9/30,上櫃,6754,匯僑設計,41.5,0.1,41.25,41.8,41,13000,539700,12,TPEX_CSV,2026/9/30 15:49
1150930,2026/9/30,上櫃,6756,威鋒電子,98.7,-0.1,99.2,99.8,98.5,75000,7415600,71,TPEX_CSV,2026/9/30 15:49
1150930,2026/9/30,上櫃,6757,台灣虎航,54,0.6,53.4,54.1,53.4,869000,46797600,440,TPEX_CSV,2026/9/30 15:49
1150930,2026/9/30,上櫃,6768,志強-KY,62.7,0.2,62.5,62.9,62.4,86000,5383900,65,TPEX_CSV,2026/9/30 15:49
1150930,2026/9/30,上櫃,6770,力積電,75.3,3,73.5,75.4,73.3,134867000,10026537100,60207,TPEX_CSV,2026/9/30 15:49
1150930,2026/9/30,上櫃,6771,平和環保-創,42.6,0.8,41.8,42.65,41.8,56000,2374000,40,TPEX_CSV,2026/9/30 15:49
1150930,2026/9/30,上櫃,6776,展碁國際,52.9,1,52.4,52.9,52.4,64000,3370700,43,TPEX_CSV,2026/9/30 15:49
1150930,2026/9/30,上櫃,6781,AES-KY,1020,10,1025,1030,1015,287000,293290000,269,TPEX_CSV,2026/9/30 15:49
1150930,2026/9/30,上櫃,6782,視陽,242,7.5,237,243,236.5,223000,53582500,192,TPEX_CSV,2026/9/30 15:49
1150930,2026/9/30,上櫃,6789,采鈺,494,15.5,485.5,503,480,2335000,1149563000,2021,TPEX_CSV,2026/9/30 15:49
1150930,2026/9/30,上櫃,6790,永豐實,37.8,0.2,37.7,37.8,37.6,56000,2110650,46,TPEX_CSV,2026/9/30 15:49
1150930,2026/9/30,上櫃,6792,詠業,59.6,0.7,60.3,60.3,58,30000,1769400,30,TPEX_CSV,2026/9/30 15:49
1150930,2026/9/30,上櫃,6794,向榮生技,71.8,0,71.8,71.8,70.8,19000,1352100,18,TPEX_CSV,2026/9/30 15:49
1150930,2026/9/30,上櫃,6796,晉弘,53,1.3,51.9,53,51.9,26000,1366200,25,TPEX_CSV,2026/9/30 15:49
1150930,2026/9/30,上櫃,6799,來頡,91.7,1.4,90.5,91.9,90.5,358000,32571600,245,TPEX_CSV,2026/9/30 15:49
1150930,2026/9/30,上櫃,6805,富世達,2455,-60,2580,2720,2440,2295000,5916765000,2023,TPEX_CSV,2026/9/30 15:49
1150930,2026/9/30,上櫃,6807,峰源-KY,32.3,0.4,31.9,32.3,31.2,7000,223350,7,TPEX_CSV,2026/9/30 15:49
1150930,2026/9/30,上櫃,6830,汎銓,533,0,545,548,531,713000,381861000,630,TPEX_CSV,2026/9/30 15:49
1150930,2026/9/30,上櫃,6831,邁科,471.5,-20.5,496,498,469.5,994000,476202500,858,TPEX_CSV,2026/9/30 15:49
1150930,2026/9/30,上櫃,6834,天二科技,109,-3.5,114,115,109,2636000,293469500,2100,TPEX_CSV,2026/9/30 15:49
1150930,2026/9/30,上櫃,6835,圓裕,31.2,0.3,31.2,31.2,30.8,8000,248700,8,TPEX_CSV,2026/9/30 15:49
1150930,2026/9/30,上櫃,6838,台新藥,25.8,0.15,26,26,25.6,133000,3426750,83,TPEX_CSV,2026/9/30 15:49
1150930,2026/9/30,上櫃,6854,錼創科技-KY創,93.3,2.3,92.2,94.2,91.1,227000,21158200,178,TPEX_CSV,2026/9/30 15:49
1150930,2026/9/30,上櫃,6861,睿生光電,313.5,28.5,294,313.5,294,1973000,605002000,1470,TPEX_CSV,2026/9/30 15:49
1150930,2026/9/30,上櫃,6862,三集瑞-KY,138,0,139,139,137.5,76000,10500500,65,TPEX_CSV,2026/9/30 15:49
1150930,2026/9/30,上櫃,6863,永道-KY,95.3,-0.9,96.8,96.8,94,103000,9774100,82,TPEX_CSV,2026/9/30 15:49
1150930,2026/9/30,上櫃,6869,雲豹能源,71.9,1,72,72,70.6,368000,26242700,225,TPEX_CSV,2026/9/30 15:49
1150930,2026/9/30,上櫃,6873,泓德能源,68.4,0.5,67.9,68.9,67.7,144000,9809600,118,TPEX_CSV,2026/9/30 15:49
1150930,2026/9/30,上櫃,6885,全福生技,32,1,30.8,32,30.4,1016000,31483650,611,TPEX_CSV,2026/9/30 15:49
1150930,2026/9/30,上櫃,6887,寶綠特-KY,38.1,0,39.3,39.3,37.65,39000,1479100,29,TPEX_CSV,2026/9/30 15:49
1150930,2026/9/30,上櫃,6890,來億-KY,148,1,147,148.5,147,65000,9610000,64,TPEX_CSV,2026/9/30 15:49
1150930,2026/9/30,上櫃,6901,鑽石投資,16.85,-0.4,17.25,17.25,16.55,5727000,96819550,2295,TPEX_CSV,2026/9/30 15:49
1150930,2026/9/30,上櫃,6902,GOGOLOOK,159,-3.5,162.5,163.5,156,545000,86493500,404,TPEX_CSV,2026/9/30 15:49
1150930,2026/9/30,上櫃,6906,現觀科,83.6,-0.1,84.2,85.3,82.5,50000,4190000,47,TPEX_CSV,2026/9/30 15:49
1150930,2026/9/30,上櫃,6908,宏碁遊戲-創,26.65,-0.4,27.2,27.2,26.4,106000,2822750,74,TPEX_CSV,2026/9/30 15:49
1150930,2026/9/30,上櫃,6909,創控,42.85,0.9,42.5,43.1,42.2,241000,10302400,205,TPEX_CSV,2026/9/30 15:49
1150930,2026/9/30,上櫃,6914,阜爾運通,119,-0.5,119.5,120,119,64000,7643000,51,TPEX_CSV,2026/9/30 15:49
1150930,2026/9/30,上櫃,6916,華凌,18.7,0.25,19,19,18.65,35000,658350,28,TPEX_CSV,2026/9/30 15:49
1150930,2026/9/30,上櫃,6918,愛派司,74.3,0.3,74,74.4,73.5,12000,888700,12,TPEX_CSV,2026/9/30 15:49
1150930,2026/9/30,上櫃,6919,康霈*,79,-0.5,81,81.4,79,5121000,409152100,2960,TPEX_CSV,2026/9/30 15:49
1150930,2026/9/30,上櫃,6921,嘉雨思-創,68,1,67,68,67,51000,3434800,19,TPEX_CSV,2026/9/30 15:49
1150930,2026/9/30,上櫃,6923,中台,75.2,0.4,76.7,76.7,74.7,47000,3529400,37,TPEX_CSV,2026/9/30 15:49
1150930,2026/9/30,上櫃,6924,榮惠-KY創,135,0,135.5,135.5,131.5,25000,3311000,24,TPEX_CSV,2026/9/30 15:49
1150930,2026/9/30,上櫃,6928,攸泰科技,46,0.5,46.5,46.5,45.1,38000,1736200,32,TPEX_CSV,2026/9/30 15:49
1150930,2026/9/30,上櫃,6931,青松健康,38.9,0.15,38.8,39,38.8,24000,934150,21,TPEX_CSV,2026/9/30 15:49
1150930,2026/9/30,上櫃,6933,AMAX-KY,371,-7,380.5,392,371,2378000,902309500,1997,TPEX_CSV,2026/9/30 15:49
1150930,2026/9/30,上櫃,6934,心誠鎂,75.3,-0.8,74.4,76.5,74.4,56000,4215500,17,TPEX_CSV,2026/9/30 15:49
1150930,2026/9/30,上櫃,6936,永鴻生技,32,0.3,32.25,32.25,31.7,15000,476850,9,TPEX_CSV,2026/9/30 15:49
1150930,2026/9/30,上櫃,6937,天虹,308,0,312,314,306,726000,225347500,629,TPEX_CSV,2026/9/30 15:49
1150930,2026/9/30,上櫃,6944,兆聯實業,775,-1,780,795,774,449000,350752000,381,TPEX_CSV,2026/9/30 15:49
1150930,2026/9/30,上櫃,6947,台鎔科技,68.4,1.2,68.2,68.6,67.4,190000,12927900,91,TPEX_CSV,2026/9/30 15:49
1150930,2026/9/30,上櫃,6949,沛爾生醫*-創,50.6,1.4,49.5,51.5,49.35,2953000,149867700,1287,TPEX_CSV,2026/9/30 15:49
1150930,2026/9/30,上櫃,6951,青新-創,69.2,0.1,69.2,69.6,69.2,20000,1386200,18,TPEX_CSV,2026/9/30 15:49
1150930,2026/9/30,上櫃,6952,大武山,38.8,0,38.8,38.8,38.8,2000,77600,2,TPEX_CSV,2026/9/30 15:49
1150930,2026/9/30,上櫃,6955,邦睿生技-創,96,0.7,95.2,96,95.2,5000,477500,3,TPEX_CSV,2026/9/30 15:49
1150930,2026/9/30,上櫃,6957,裕慶-KY,371,33.5,365,371,356,295000,108650500,176,TPEX_CSV,2026/9/30 15:49
1150930,2026/9/30,上櫃,6958,日盛台駿,17.5,0.45,17.35,17.5,17.2,35000,607100,32,TPEX_CSV,2026/9/30 15:49
1150930,2026/9/30,上櫃,6958A,日盛台駿甲特,22,0.15,22,22,22,1000,22000,1,TPEX_CSV,2026/9/30 15:49
1150930,2026/9/30,上櫃,6962,奕力-KY,32.45,0.6,32.35,32.6,32.1,2045000,66198600,992,TPEX_CSV,2026/9/30 15:49
1150930,2026/9/30,上櫃,6965,中傑-KY,63.7,-1.1,65,65,62.5,243000,15397000,167,TPEX_CSV,2026/9/30 15:49
1150930,2026/9/30,上櫃,6969,成信實業*-創,31.35,-0.3,31.7,31.7,30.95,99000,3091750,65,TPEX_CSV,2026/9/30 15:49
1150930,2026/9/30,上櫃,6988,威力暘-創,11.7,0.2,11.5,11.9,11.35,352000,4031500,95,TPEX_CSV,2026/9/30 15:49
1150930,2026/9/30,上櫃,6994,富威電力,26.5,-0.1,26.2,26.65,25.9,618000,16213650,428,TPEX_CSV,2026/9/30 15:49
1150930,2026/9/30,上櫃,7610,聯友金屬-創,1735,5,1785,1845,1730,700000,1237890000,631,TPEX_CSV,2026/9/30 15:49
1150930,2026/9/30,上櫃,7631,聚賢研發-創,140.5,3,139.5,142,138,124000,17385500,95,TPEX_CSV,2026/9/30 15:49
1150930,2026/9/30,上櫃,7689,大鵬科CLMX,159.5,1,158.5,161.5,158,83000,13262500,63,TPEX_CSV,2026/9/30 15:49
1150930,2026/9/30,上櫃,7705,三商餐飲,29.85,0.1,29.7,29.85,29.7,38000,1129500,34,TPEX_CSV,2026/9/30 15:49
1150930,2026/9/30,上櫃,7711,永擎,560,14,553,566,549,766000,427369000,649,TPEX_CSV,2026/9/30 15:49
1150930,2026/9/30,上櫃,7721,微程式,62.2,0.4,62.7,62.7,61.9,33000,2052900,32,TPEX_CSV,2026/9/30 15:49
1150930,2026/9/30,上櫃,7722,LINEPAY,259,1,259,260,258,28000,7251000,26,TPEX_CSV,2026/9/30 15:49
1150930,2026/9/30,上櫃,7730,暉盛-創,179.5,5,180,181,177,93000,16685000,75,TPEX_CSV,2026/9/30 15:49
1150930,2026/9/30,上櫃,7732,金興精密,33.5,0,33.5,33.5,33.5,1000,33500,1,TPEX_CSV,2026/9/30 15:49
1150930,2026/9/30,上櫃,7736,虎山,68.5,0.3,69.2,69.2,68.2,16000,1094200,10,TPEX_CSV,2026/9/30 15:49
1150930,2026/9/30,上櫃,7740,熙特爾-創,104.5,2.5,102.5,105.5,102.5,139000,14467500,100,TPEX_CSV,2026/9/30 15:49
1150930,2026/9/30,上櫃,7749,意騰-KY,391,5,391,397,388.5,192000,75399000,174,TPEX_CSV,2026/9/30 15:49
1150930,2026/9/30,上櫃,7750,新代,1915,-45,1960,1980,1915,106000,205000000,106,TPEX_CSV,2026/9/30 15:49
1150930,2026/9/30,上櫃,7760,享溫馨,32.55,-0.7,33.25,33.25,32.5,35000,1140250,9,TPEX_CSV,2026/9/30 15:49
1150930,2026/9/30,上櫃,7765,中華資安,237,0,237.5,238.5,235.5,71000,16812500,67,TPEX_CSV,2026/9/30 15:49
1150930,2026/9/30,上櫃,7768,頌勝科技,299.5,-4.5,304.5,308,298.5,78000,23687000,68,TPEX_CSV,2026/9/30 15:49
1150930,2026/9/30,上櫃,7769,鴻勁,5505,-80,5650,5650,5380,797000,4397655000,746,TPEX_CSV,2026/9/30 15:49
1150930,2026/9/30,上櫃,7780,大研生醫*,16.25,0.2,16.15,16.25,16.05,575000,9289000,315,TPEX_CSV,2026/9/30 15:49
1150930,2026/9/30,上櫃,7786,東方風能,119.5,1,118.5,119.5,118,70000,8330500,55,TPEX_CSV,2026/9/30 15:49
1150930,2026/9/30,上櫃,7788,松川精密,294,6.5,292,296,286.5,886000,258719500,761,TPEX_CSV,2026/9/30 15:49
1150930,2026/9/30,上櫃,7791,皇家可口,55.3,-0.1,55.1,55.4,55.1,16000,885000,12,TPEX_CSV,2026/9/30 15:49
1150930,2026/9/30,上櫃,7795,長廣,488,-8,499.5,501,487.5,506000,249733000,463,TPEX_CSV,2026/9/30 15:49
1150930,2026/9/30,上櫃,7799,禾榮科,539,48.5,509,539,503,2097000,1111525000,1401,TPEX_CSV,2026/9/30 15:49
1150930,2026/9/30,上櫃,7803,雲象科技-創,17.95,0.2,17.75,18.05,17.5,144000,2552050,73,TPEX_CSV,2026/9/30 15:49
1150930,2026/9/30,上櫃,7812,稜研科技*-創,66.7,-2.7,69.2,69.7,66.5,246000,16520800,182,TPEX_CSV,2026/9/30 15:49
1150930,2026/9/30,上櫃,7818,溢泰實業,60.1,0.2,60.2,60.2,59.5,65000,3883600,45,TPEX_CSV,2026/9/30 15:49
1150930,2026/9/30,上櫃,7821,神數,35.9,-0.2,36.05,36.05,35.6,190000,6802050,129,TPEX_CSV,2026/9/30 15:49
1150930,2026/9/30,上櫃,7822,倍利科,998,22,998,1025,989,417000,420809000,393,TPEX_CSV,2026/9/30 15:49
1150930,2026/9/30,上櫃,7823,奧義賽博-KY創,80.2,0.2,80.1,80.2,79.3,37000,2957400,25,TPEX_CSV,2026/9/30 15:49
1150930,2026/9/30,上櫃,7827,漢康-KY創,165,1.5,162.5,165,162.5,201000,32877500,145,TPEX_CSV,2026/9/30 15:49
1150930,2026/9/30,上櫃,7835,永悅健康-創,20.2,0.2,20,20.2,19.7,66000,1304150,40,TPEX_CSV,2026/9/30 15:49
1150930,2026/9/30,上櫃,7855,和運租車,41.4,-0.1,41.5,41.7,41.3,477000,19742150,282,TPEX_CSV,2026/9/30 15:49
1150930,2026/9/30,上櫃,8011,台通,16.1,0.3,15.9,16.25,15.85,891000,14310350,344,TPEX_CSV,2026/9/30 15:49
1150930,2026/9/30,上櫃,8016,矽創,284,-1,286,286.5,283.5,406000,115609500,343,TPEX_CSV,2026/9/30 15:49
1150930,2026/9/30,上櫃,8021,尖點,486,6,486,487.5,480,789000,382148500,625,TPEX_CSV,2026/9/30 15:49
1150930,2026/9/30,上櫃,8028,昇陽半導體,282.5,-6.5,292,292,281,11373000,3245948500,8346,TPEX_CSV,2026/9/30 15:49
1150930,2026/9/30,上櫃,8033,雷虎,174.5,5.5,170,176.5,169.5,2488000,431150500,1911,TPEX_CSV,2026/9/30 15:49
1150930,2026/9/30,上櫃,8039,台虹,300.5,27,279.5,300.5,277.5,31107000,9079367500,20147,TPEX_CSV,2026/9/30 15:49
1150930,2026/9/30,上櫃,8045,達運光電,53.9,0.5,52.6,54.1,52.6,75000,4027000,63,TPEX_CSV,2026/9/30 15:49
1150930,2026/9/30,上櫃,8046,南電,1340,70,1285,1340,1250,13010000,16803380000,9331,TPEX_CSV,2026/9/30 15:49
1150930,2026/9/30,上櫃,8070,長華*,50.2,0.5,50,50.4,50,928000,46575100,636,TPEX_CSV,2026/9/30 15:49
1150930,2026/9/30,上櫃,8072,陞泰,27.85,0.05,27.9,27.95,27.6,98000,2722150,81,TPEX_CSV,2026/9/30 15:49
1150930,2026/9/30,上櫃,8081,致新,251.5,-4,258,258,251.5,436000,110248500,377,TPEX_CSV,2026/9/30 15:49
1150930,2026/9/30,上櫃,8101,華冠,11.05,0.35,10.55,11.05,10.5,9000,97350,9,TPEX_CSV,2026/9/30 15:49
1150930,2026/9/30,上櫃,8103,瀚荃,121.5,4.5,118,124.5,116,3841000,462810000,2682,TPEX_CSV,2026/9/30 15:49
1150930,2026/9/30,上櫃,8104,錸寶,32.1,0.7,31.7,32.45,31.7,649000,20851300,393,TPEX_CSV,2026/9/30 15:49
1150930,2026/9/30,上櫃,8105,凌巨,16.35,1.45,15,16.35,15,8060000,127461900,2866,TPEX_CSV,2026/9/30 15:49
1150930,2026/9/30,上櫃,8110,華東,49.2,0.8,48.85,49.3,48.35,6055000,295450200,3606,TPEX_CSV,2026/9/30 15:49
1150930,2026/9/30,上櫃,8112,至上,82.8,0.1,83.3,83.3,82.8,5093000,422262200,2092,TPEX_CSV,2026/9/30 15:49
1150930,2026/9/30,上櫃,8112A,至上甲特,45.8,0.05,45.75,45.8,45.75,7000,320350,5,TPEX_CSV,2026/9/30 15:49
1150930,2026/9/30,上櫃,8114,振樺電,179,0,180,180.5,177.5,283000,50672000,219,TPEX_CSV,2026/9/30 15:49
1150930,2026/9/30,上櫃,8131,福懋科,62.6,1,62,63.2,62,1868000,117145300,1239,TPEX_CSV,2026/9/30 15:49
1150930,2026/9/30,上櫃,8150,南茂,114.5,10,106,114.5,105.5,78013000,8690880500,38813,TPEX_CSV,2026/9/30 15:49
1150930,2026/9/30,上櫃,8162,微矽電子-創,66.8,1.4,66,67.7,65.4,494000,32761700,342,TPEX_CSV,2026/9/30 15:49
1150930,2026/9/30,上櫃,8163,達方,30.25,0.1,30.3,30.5,30.15,664000,20121850,400,TPEX_CSV,2026/9/30 15:49
1150930,2026/9/30,上櫃,8201,無敵,16.05,1.45,15.5,16.05,15.5,1744000,27675250,767,TPEX_CSV,2026/9/30 15:49
1150930,2026/9/30,上櫃,8210,勤誠,836,-41,870,871,832,4329000,3662618000,3800,TPEX_CSV,2026/9/30 15:49
1150930,2026/9/30,上櫃,8213,志超,34.5,1.7,33.25,34.5,32.9,987000,33442450,565,TPEX_CSV,2026/9/30 15:49
1150930,2026/9/30,上櫃,8215,明基材,29.65,1.65,28.35,30,28.2,4562000,134813100,2802,TPEX_CSV,2026/9/30 15:49
1150930,2026/9/30,上櫃,8222,寶一,35.8,0.5,35.45,35.95,35.3,249000,8875550,199,TPEX_CSV,2026/9/30 15:49
1150930,2026/9/30,上櫃,8249,菱光,39.5,0.45,39.3,39.75,38.5,217000,8543000,184,TPEX_CSV,2026/9/30 15:49
1150930,2026/9/30,上櫃,8261,富鼎,176,-0.5,179,180,175,1150000,203022500,948,TPEX_CSV,2026/9/30 15:49
1150930,2026/9/30,上櫃,8271,宇瞻,202,2.5,202,202.5,200,676000,135992500,522,TPEX_CSV,2026/9/30 15:49
1150930,2026/9/30,上櫃,8341,日友,74.4,0.1,74.8,74.8,74.2,150000,11152900,93,TPEX_CSV,2026/9/30 15:49
1150930,2026/9/30,上櫃,8367,建新國際,40.45,0.4,40.05,40.5,40.05,12000,482900,11,TPEX_CSV,2026/9/30 15:49
1150930,2026/9/30,上櫃,8374,羅昇,77.6,1.6,77.1,77.7,77,133000,10291500,122,TPEX_CSV,2026/9/30 15:49
1150930,2026/9/30,上櫃,8404,百和興業-KY,13.25,0.1,13.25,13.45,13.2,311000,4131000,189,TPEX_CSV,2026/9/30 15:49
1150930,2026/9/30,上櫃,8411,福貞-KY,11.9,0,11.8,11.9,11.6,338000,3971200,153,TPEX_CSV,2026/9/30 15:49
1150930,2026/9/30,上櫃,8422,可寧衛*,25.9,0.4,25.55,26,25.55,2658000,68480050,1246,TPEX_CSV,2026/9/30 15:49
1150930,2026/9/30,上櫃,8429,金麗-KY,5.91,0.06,5.86,5.91,5.84,258000,1514910,132,TPEX_CSV,2026/9/30 15:49
1150930,2026/9/30,上櫃,8438,昶昕,80.8,0.8,80,81,78.6,421000,33702600,319,TPEX_CSV,2026/9/30 15:49
1150930,2026/9/30,上櫃,8442,威宏-KY,45.6,0.8,45.5,45.65,44.35,66000,2990700,54,TPEX_CSV,2026/9/30 15:49
1150930,2026/9/30,上櫃,8443,阿瘦,11.15,0,11.15,11.15,11,41000,453550,21,TPEX_CSV,2026/9/30 15:49
1150930,2026/9/30,上櫃,8454,富邦媒,240.5,4.5,239.5,242.5,238,408000,98131000,349,TPEX_CSV,2026/9/30 15:49
1150930,2026/9/30,上櫃,8462,柏文,158.5,1.5,159,160,157.5,26000,4127500,24,TPEX_CSV,2026/9/30 15:49
1150930,2026/9/30,上櫃,8463,潤泰材,21.25,0.3,21,21.25,21,29000,613500,22,TPEX_CSV,2026/9/30 15:49
1150930,2026/9/30,上櫃,8464,億豐,366.5,-6,371.5,373.5,366.5,342000,126134500,304,TPEX_CSV,2026/9/30 15:49
1150930,2026/9/30,上櫃,8466,美吉吉-KY,15.1,-0.15,15.1,15.1,15,30000,451050,21,TPEX_CSV,2026/9/30 15:49
1150930,2026/9/30,上櫃,8467,波力-KY,87.7,-0.3,88.9,88.9,87.7,7000,617600,7,TPEX_CSV,2026/9/30 15:49
1150930,2026/9/30,上櫃,8473,山林水,39.75,0.25,39.3,39.75,39.2,387000,15299350,231,TPEX_CSV,2026/9/30 15:49
1150930,2026/9/30,上櫃,8476,台境*,20.1,0.25,20,20.2,19.9,169000,3385650,96,TPEX_CSV,2026/9/30 15:49
1150930,2026/9/30,上櫃,8478,東哥遊艇,141,2,139,141,139,59000,8254000,51,TPEX_CSV,2026/9/30 15:49
1150930,2026/9/30,上櫃,8481,政伸,40.95,0.25,40.7,40.95,40.55,9000,365750,8,TPEX_CSV,2026/9/30 15:49
1150930,2026/9/30,上櫃,8482,商億-KY,49.2,2.15,48,49.2,48,6000,292350,5,TPEX_CSV,2026/9/30 15:49
1150930,2026/9/30,上櫃,8487,愛爾達-創,70.8,0.4,71,71.2,70.3,11000,778400,11,TPEX_CSV,2026/9/30 15:49
1150930,2026/9/30,上櫃,8488,吉源-KY,9.95,0.15,9.95,9.95,9.85,19000,187910,13,TPEX_CSV,2026/9/30 15:49
1150930,2026/9/30,上櫃,8499,鼎炫-KY,258,1,258.5,260,257,13000,3363000,12,TPEX_CSV,2026/9/30 15:49
1150930,2026/9/30,上櫃,8926,台汽電,59.2,0.9,58.6,59.4,58.3,1951000,114714900,1184,TPEX_CSV,2026/9/30 15:49
1150930,2026/9/30,上櫃,8940,新天地,15.1,0.1,15.1,15.15,14.95,41000,615800,26,TPEX_CSV,2026/9/30 15:49
1150930,2026/9/30,上櫃,8996,高力,1605,20,1600,1665,1565,4780000,7717270000,4186,TPEX_CSV,2026/9/30 15:49
1150930,2026/9/30,上櫃,9103,美德醫療-DR,4.98,0.02,4.96,5,4.96,358000,1783490,94,TPEX_CSV,2026/9/30 15:49
1150930,2026/9/30,上櫃,910322,康師傅-DR,23.45,0,23.45,23.45,23.3,7000,163900,6,TPEX_CSV,2026/9/30 15:49
1150930,2026/9/30,上櫃,9105,泰金寶-DR,8.53,-0.13,8.78,8.86,8.52,26299000,228051310,5462,TPEX_CSV,2026/9/30 15:49
1150930,2026/9/30,上櫃,910861,神州-DR,4.7,-0.01,4.77,4.83,4.69,99000,468370,30,TPEX_CSV,2026/9/30 15:49
1150930,2026/9/30,上櫃,9110,越南控-DR,2.99,0.14,2.7,2.99,2.7,8000,22450,7,TPEX_CSV,2026/9/30 15:49
1150930,2026/9/30,上櫃,911608,明輝-DR,2.7,0,2.69,2.7,2.65,55000,147320,16,TPEX_CSV,2026/9/30 15:49
1150930,2026/9/30,上櫃,911622,泰聚亨-DR,3.6,0,3.6,3.6,3.6,10000,36000,5,TPEX_CSV,2026/9/30 15:49
1150930,2026/9/30,上櫃,911868,同方友友-DR,1.16,0,1.16,1.17,1.16,680000,790470,58,TPEX_CSV,2026/9/30 15:49
1150930,2026/9/30,上櫃,912000,晨訊科-DR,2.49,0,2.52,2.52,2.47,273000,678080,69,TPEX_CSV,2026/9/30 15:49
1150930,2026/9/30,上櫃,9136,巨騰-DR,9.14,0.01,9.17,9.17,9.04,177000,1608720,79,TPEX_CSV,2026/9/30 15:49
1150930,2026/9/30,上櫃,9802,鈺齊-KY,64.8,0.1,64.9,64.9,64.3,485000,31326800,230,TPEX_CSV,2026/9/30 15:49
1150930,2026/9/30,上櫃,9902,台火,13.2,0.15,13.25,13.3,13.2,63000,833300,40,TPEX_CSV,2026/9/30 15:49
1150930,2026/9/30,上櫃,9904,寶成,24.95,0.15,24.8,24.95,24.75,8153000,202806300,2205,TPEX_CSV,2026/9/30 15:49
1150930,2026/9/30,上櫃,9905,大華,21.35,0.15,21.2,21.35,21.2,88000,1872200,49,TPEX_CSV,2026/9/30 15:49
1150930,2026/9/30,上櫃,9906,欣巴巴,39.45,0.15,40,40,39.45,21000,832300,17,TPEX_CSV,2026/9/30 15:49
1150930,2026/9/30,上櫃,9907,統一實,14.9,0.2,14.8,15,14.8,1096000,16346900,569,TPEX_CSV,2026/9/30 15:49
1150930,2026/9/30,上櫃,9908,大台北,29,0.1,28.95,29.05,28.9,95000,2751800,62,TPEX_CSV,2026/9/30 15:49
1150930,2026/9/30,上櫃,9910,豐泰,68.8,-0.3,69.1,69.3,68.7,597000,41162900,419,TPEX_CSV,2026/9/30 15:49
1150930,2026/9/30,上櫃,9911,櫻花,81.5,-0.1,81.8,81.8,81.5,169000,13788800,122,TPEX_CSV,2026/9/30 15:49
1150930,2026/9/30,上櫃,9912,偉聯,13.1,0.15,12.9,13.2,12.9,15000,195550,14,TPEX_CSV,2026/9/30 15:49
1150930,2026/9/30,上櫃,9914,美利達,68.3,1.2,67.1,68.5,66.9,1923000,130163400,1119,TPEX_CSV,2026/9/30 15:49
1150930,2026/9/30,上櫃,9917,中保科,105.5,0,106,106.5,105.5,312000,33005000,233,TPEX_CSV,2026/9/30 15:49
1150930,2026/9/30,上櫃,9918,欣天然,43.15,0.65,42.9,43.2,42.9,10000,430600,10,TPEX_CSV,2026/9/30 15:49
1150930,2026/9/30,上櫃,9919,康那香,13.85,0.15,13.65,13.85,13.65,169000,2323700,128,TPEX_CSV,2026/9/30 15:49
1150930,2026/9/30,上櫃,9921,巨大,93.1,-1,96,96.5,92.4,1104000,103316200,863,TPEX_CSV,2026/9/30 15:49
1150930,2026/9/30,上櫃,9924,福興,38.2,0.45,38.15,38.25,38.05,108000,4124350,67,TPEX_CSV,2026/9/30 15:49
1150930,2026/9/30,上櫃,9925,新保,39.55,0.1,39.5,39.7,39.4,399000,15752500,219,TPEX_CSV,2026/9/30 15:49
1150930,2026/9/30,上櫃,9926,新海,49.1,0.3,48.8,49.1,48.75,19000,929100,16,TPEX_CSV,2026/9/30 15:49
1150930,2026/9/30,上櫃,9927,泰銘,70.1,0.2,70.1,70.6,70.1,844000,59373900,512,TPEX_CSV,2026/9/30 15:49
1150930,2026/9/30,上櫃,9928,中視,17.75,-0.05,17.9,17.9,17.65,30000,530950,18,TPEX_CSV,2026/9/30 15:49
1150930,2026/9/30,上櫃,9929,秋雨,11.1,0.2,11.15,11.15,11.1,13000,144750,9,TPEX_CSV,2026/9/30 15:49
1150930,2026/9/30,上櫃,9930,中聯資源,60.2,0,60.1,60.5,59.9,200000,12022600,127,TPEX_CSV,2026/9/30 15:49
1150930,2026/9/30,上櫃,9931,欣高,34.2,0.5,34.3,34.3,33.7,14000,476700,14,TPEX_CSV,2026/9/30 15:49
1150930,2026/9/30,上櫃,9933,中鼎,40.7,0.35,40.5,40.75,40.35,1364000,55360150,851,TPEX_CSV,2026/9/30 15:49
1150930,2026/9/30,上櫃,9934,成霖,9.87,0.02,9.84,9.91,9.84,417000,4119790,240,TPEX_CSV,2026/9/30 15:49
1150930,2026/9/30,上櫃,9935,慶豐富,18.3,0.1,18.3,18.35,18.25,93000,1700450,59,TPEX_CSV,2026/9/30 15:49
1150930,2026/9/30,上櫃,9937,全國,54.5,0.4,54.1,54.5,54.1,21000,1141800,19,TPEX_CSV,2026/9/30 15:49
1150930,2026/9/30,上櫃,9938,百和,38.25,0.05,38.25,38.45,38.1,492000,18810850,313,TPEX_CSV,2026/9/30 15:49
1150930,2026/9/30,上櫃,9939,宏全,126,1.5,124.5,126,123.5,1063000,132978500,495,TPEX_CSV,2026/9/30 15:49
1150930,2026/9/30,上櫃,9940,信義,20.1,0.2,20.05,20.15,19.9,190000,3802100,108,TPEX_CSV,2026/9/30 15:49
1150930,2026/9/30,上櫃,9941,裕融,77.9,-0.4,78.4,78.7,77.9,788000,61582600,611,TPEX_CSV,2026/9/30 15:49
1150930,2026/9/30,上櫃,9941A,裕融甲特,48.8,0,48.8,48.8,48.8,4000,195200,2,TPEX_CSV,2026/9/30 15:49
1150930,2026/9/30,上櫃,9942,茂順,114.5,1.5,114,115,114,38000,4345000,29,TPEX_CSV,2026/9/30 15:49
1150930,2026/9/30,上櫃,9943,好樂迪,50.4,0.2,50.3,50.4,50.1,67000,3365300,53,TPEX_CSV,2026/9/30 15:49
1150930,2026/9/30,上櫃,9944,新麗,17.2,0.1,17.1,17.2,17.1,29000,496950,16,TPEX_CSV,2026/9/30 15:49
1150930,2026/9/30,上櫃,9945,潤泰新,29.45,0.4,29.45,29.85,29.3,4045000,119510050,1686,TPEX_CSV,2026/9/30 15:49
1150930,2026/9/30,上櫃,9946,三發地產,17,0.15,17.1,17.1,16.7,180000,3048850,128,TPEX_CSV,2026/9/30 15:49
1150930,2026/9/30,上櫃,9955,佳龍,23.1,0.4,22.95,23.1,22.55,190000,4352250,135,TPEX_CSV,2026/9/30 15:49
1150930,2026/9/30,上櫃,9958,世紀鋼,93,0.9,92.2,93.4,92.2,742000,68945200,532,TPEX_CSV,2026/9/30 15:49
1150930,2026/9/30,上市,00411A,主動統一前沿科技,10.56,+0.23,10.55,10.61,10.55,15181000,160708690,1421,TWSE_CSV,2026/9/30 15:49
1150930,2026/9/30,上市,00679B,元大美債20年,24.77,+0.05,24.72,24.79,24.71,19354000,479019250,2815,TWSE_CSV,2026/9/30 15:49
1150930,2026/9/30,上市,00687B,國泰20年美債,25.72,+0.05,25.69,25.75,25.68,9734000,250374580,1635,TWSE_CSV,2026/9/30 15:49
1150930,2026/9/30,上市,00687C,國泰20年美債+櫃U,8.71,+0.01,8.71,8.71,8.70,28000,243870,5,TWSE_CSV,2026/9/30 15:49
1150930,2026/9/30,上市,00694B,富邦美債1-3,41.65,+0.07,41.62,41.67,41.62,247000,10288920,30,TWSE_CSV,2026/9/30 15:49
1150930,2026/9/30,上市,00695B,富邦美債7-10,33.70,+0.07,33.63,33.74,33.63,237000,7988290,29,TWSE_CSV,2026/9/30 15:49
1150930,2026/9/30,上市,00696B,富邦美債20年,26.99,+0.07,26.94,27.00,26.93,1915000,51657600,84,TWSE_CSV,2026/9/30 15:49
1150930,2026/9/30,上市,00697B,元大美債7-10,34.01,+0.12,33.89,34.02,33.89,274000,9310740,116,TWSE_CSV,2026/9/30 15:49
1150930,2026/9/30,上市,00719B,元大美債1-3,31.01,+0.10,31.21,31.21,30.95,1744000,54105310,337,TWSE_CSV,2026/9/30 15:49
1150930,2026/9/30,上市,00720B,元大投資級公司債,30.85,-0.05,30.86,30.87,30.74,5709000,175981730,1274,TWSE_CSV,2026/9/30 15:49
1150930,2026/9/30,上市,00722B,群益投資級電信債,33.13,-0.02,33.12,33.14,33.03,5391000,178523780,311,TWSE_CSV,2026/9/30 15:49
1150930,2026/9/30,上市,00723B,群益投資級科技債,28.37,+0.01,28.34,28.37,28.34,101000,2865340,5,TWSE_CSV,2026/9/30 15:49
1150930,2026/9/30,上市,00724B,群益投資級金融債,31.60,+0.04,31.54,31.61,31.50,4374000,138134930,121,TWSE_CSV,2026/9/30 15:49
1150930,2026/9/30,上市,00725B,國泰投資級公司債,32.90,-0.03,32.88,32.91,32.83,3216000,105736910,817,TWSE_CSV,2026/9/30 15:49
1150930,2026/9/30,上市,00726B,國泰新興投等債,31.20,-0.02,31.21,31.22,31.15,143000,4459610,21,TWSE_CSV,2026/9/30 15:49
1150930,2026/9/30,上市,00727B,國泰優選非投等債,38.89,-0.06,38.81,38.90,38.81,124000,4822130,6,TWSE_CSV,2026/9/30 15:49
1150930,2026/9/30,上市,00734B,台新JPM新興債,14.88,-0.08,14.97,14.97,14.86,197000,2931390,8,TWSE_CSV,2026/9/30 15:49
1150930,2026/9/30,上市,00740B,富邦全球投等債,35.92,-0.03,35.88,35.94,35.87,1235000,44352260,126,TWSE_CSV,2026/9/30 15:49
1150930,2026/9/30,上市,00741B,富邦全球非投等債,36.73,-0.17,36.77,36.77,36.60,118000,4335220,19,TWSE_CSV,2026/9/30 15:49
1150930,2026/9/30,上市,00746B,富邦A級公司債,33.30,+0.04,33.30,33.32,33.28,233000,7758900,12,TWSE_CSV,2026/9/30 15:49
1150930,2026/9/30,上市,00749B,凱基新興債10+,29.66,-0.20,29.61,29.66,29.61,103000,3054830,5,TWSE_CSV,2026/9/30 15:49
1150930,2026/9/30,上市,00750B,凱基科技債10+,30.68,+0.08,30.68,30.68,30.68,100000,3068000,2,TWSE_CSV,2026/9/30 15:49
1150930,2026/9/30,上市,00751B,元大AAA至A公司債,28.91,-0.01,28.88,28.92,28.83,4528000,130790660,1317,TWSE_CSV,2026/9/30 15:49
1150930,2026/9/30,上市,00754B,群益AAA-AA公司債,30.36,+0.04,30.32,30.36,30.32,116000,3518630,10,TWSE_CSV,2026/9/30 15:49
1150930,2026/9/30,上市,00755B,群益投資級公用債,30.50,-0.04,30.47,30.50,30.47,105000,3199990,9,TWSE_CSV,2026/9/30 15:49
1150930,2026/9/30,上市,00756B,群益投等新興公債,29.09,-0.05,29.13,29.13,29.02,154000,4476790,31,TWSE_CSV,2026/9/30 15:49
1150930,2026/9/30,上市,00758B,復華能源債,48.45,-0.09,48.45,48.45,48.45,100000,4845000,2,TWSE_CSV,2026/9/30 15:49
1150930,2026/9/30,上市,00759B,復華製藥債,50.90,+0.10,50.90,50.90,50.90,100000,5090000,2,TWSE_CSV,2026/9/30 15:49
1150930,2026/9/30,上市,00760B,復華新興企業債,50.60,+0.10,50.50,50.60,50.50,104000,5257150,5,TWSE_CSV,2026/9/30 15:49
1150930,2026/9/30,上市,00761B,國泰A級公司債,31.89,+0.03,31.86,31.94,31.86,168000,5361970,25,TWSE_CSV,2026/9/30 15:49
1150930,2026/9/30,上市,00764B,群益25年美債,25.68,+0.05,25.63,25.71,25.61,9133000,234510670,140,TWSE_CSV,2026/9/30 15:49
1150930,2026/9/30,上市,00768B,復華20年美債,46.08,+0.09,46.03,46.14,46.02,403000,18570540,37,TWSE_CSV,2026/9/30 15:49
1150930,2026/9/30,上市,00772B,中信高評級公司債,31.20,+0.03,31.19,31.21,31.13,2303000,71814600,417,TWSE_CSV,2026/9/30 15:49
1150930,2026/9/30,上市,00773B,中信優先金融債,33.38,+0.07,33.38,33.39,33.29,1566000,52218930,135,TWSE_CSV,2026/9/30 15:49
1150930,2026/9/30,上市,00777B,凱基AAA至A公司債,30.08,-0.01,30.08,30.08,30.08,100000,3008000,2,TWSE_CSV,2026/9/30 15:49
1150930,2026/9/30,上市,00778B,凱基金融債20+,31.79,-0.07,31.79,31.79,31.79,100000,3179000,2,TWSE_CSV,2026/9/30 15:49
1150930,2026/9/30,上市,00779B,凱基美債25+,25.90,+0.04,25.86,25.90,25.86,314000,8132150,4,TWSE_CSV,2026/9/30 15:49
1150930,2026/9/30,上市,00780B,國泰A級金融債,35.34,+0.03,35.37,35.37,35.33,115000,4063180,10,TWSE_CSV,2026/9/30 15:49
1150930,2026/9/30,上市,00781B,國泰A級科技債,25.77,0.00,25.78,25.79,25.72,161000,4147320,26,TWSE_CSV,2026/9/30 15:49
1150930,2026/9/30,上市,00782B,國泰A級公用債,28.37,-0.05,28.35,28.40,28.34,223000,6325300,39,TWSE_CSV,2026/9/30 15:49
1150930,2026/9/30,上市,00785B,富邦金融投等債,32.75,+0.07,32.68,32.80,32.68,151000,4942300,6,TWSE_CSV,2026/9/30 15:49
1150930,2026/9/30,上市,00786B,元大10年IG銀行債,30.67,-0.03,30.62,30.67,30.62,11000,336870,3,TWSE_CSV,2026/9/30 15:49
1150930,2026/9/30,上市,00787B,元大10年IG醫療債,30.29,+0.02,30.25,30.29,30.25,3000,90830,3,TWSE_CSV,2026/9/30 15:49
1150930,2026/9/30,上市,00788B,元大10年IG電能債,28.13,+0.03,28.04,28.15,28.02,42000,1179350,15,TWSE_CSV,2026/9/30 15:49
1150930,2026/9/30,上市,00789B,復華公司債A3,44.46,+0.05,44.42,44.46,44.42,102000,4534840,3,TWSE_CSV,2026/9/30 15:49
1150930,2026/9/30,上市,00791B,復華信用債1-5,56.25,+0.25,56.10,56.25,56.10,106000,5961600,3,TWSE_CSV,2026/9/30 15:49
1150930,2026/9/30,上市,00792B,群益A級公司債,29.14,-0.02,29.17,29.22,29.14,104000,3035210,8,TWSE_CSV,2026/9/30 15:49
1150930,2026/9/30,上市,00795B,中信美國公債20年,24.89,+0.06,24.86,24.90,24.84,7650000,190281560,526,TWSE_CSV,2026/9/30 15:49
1150930,2026/9/30,上市,00799B,國泰A級醫療債,27.53,-0.02,27.55,27.55,27.50,327000,8999100,45,TWSE_CSV,2026/9/30 15:49
1150930,2026/9/30,上市,00834B,第一金金融債10+,32.07,+0.13,32.04,32.08,32.03,117000,3751990,6,TWSE_CSV,2026/9/30 15:49
1150930,2026/9/30,上市,00836B,永豐10年A公司債,26.49,+0.06,26.49,26.49,26.49,1000,26490,1,TWSE_CSV,2026/9/30 15:49
1150930,2026/9/30,上市,00840B,凱基IG精選15+,27.65,-0.03,27.65,27.65,27.65,100000,2765000,2,TWSE_CSV,2026/9/30 15:49
1150930,2026/9/30,上市,00841B,凱基AAA-AA公司債,26.42,-0.01,26.43,26.43,26.42,105000,2774150,3,TWSE_CSV,2026/9/30 15:49
1150930,2026/9/30,上市,00842B,台新美元銀行債,28.27,-0.09,28.29,28.30,28.21,331000,9348210,91,TWSE_CSV,2026/9/30 15:49
1150930,2026/9/30,上市,00844B,台新15年IG金融債,29.35,-0.04,29.35,29.35,29.35,80000,2348000,2,TWSE_CSV,2026/9/30 15:49
1150930,2026/9/30,上市,00845B,富邦新興投等債,31.53,-0.04,31.53,31.53,31.53,100000,3153000,3,TWSE_CSV,2026/9/30 15:49
1150930,2026/9/30,上市,00846B,富邦歐洲銀行債,34.10,+0.03,34.05,34.10,34.05,102000,3478100,3,TWSE_CSV,2026/9/30 15:49
1150930,2026/9/30,上市,00847B,中信美國市政債,23.45,-0.07,23.50,23.52,23.40,297000,6962870,73,TWSE_CSV,2026/9/30 15:49
1150930,2026/9/30,上市,00848B,中信新興亞洲債,32.44,+0.01,32.37,32.48,32.37,211000,6846690,11,TWSE_CSV,2026/9/30 15:49
1150930,2026/9/30,上市,00849B,中信EM主權債0-5,37.23,+0.11,37.12,37.25,37.12,213000,7929710,12,TWSE_CSV,2026/9/30 15:49
1150930,2026/9/30,上市,00853B,統一美債10年Aa-A,25.52,-0.01,25.50,25.53,25.50,1073000,27377370,36,TWSE_CSV,2026/9/30 15:49
1150930,2026/9/30,上市,00856B,永豐1-3年美公債,37.01,+0.01,37.00,37.01,37.00,3000,111010,2,TWSE_CSV,2026/9/30 15:49
1150930,2026/9/30,上市,00857B,永豐20年美公債,21.39,+0.02,21.37,21.42,21.36,1091000,23327330,104,TWSE_CSV,2026/9/30 15:49
1150930,2026/9/30,上市,00858,永豐美國500大,36.12,+0.12,36.00,36.15,36.00,253000,9138700,63,TWSE_CSV,2026/9/30 15:49
1150930,2026/9/30,上市,00859B,群益0-1年美債,40.69,+0.08,40.68,40.70,40.61,2162000,87935040,123,TWSE_CSV,2026/9/30 15:49
1150930,2026/9/30,上市,00860B,群益1-5Y投資級債,37.74,+0.08,37.71,37.78,37.69,106000,4000430,8,TWSE_CSV,2026/9/30 15:49
1150930,2026/9/30,上市,00862B,中信投資級公司債,29.19,-0.06,29.19,29.21,29.19,213000,6218180,12,TWSE_CSV,2026/9/30 15:49
1150930,2026/9/30,上市,00863B,中信全球電信債,29.41,+0.03,29.30,29.42,29.30,256000,7524990,9,TWSE_CSV,2026/9/30 15:49
1150930,2026/9/30,上市,00864B,中信美國公債0-1,46.22,+0.07,46.15,46.24,46.15,908000,41952650,169,TWSE_CSV,2026/9/30 15:49
1150930,2026/9/30,上市,00867B,台新A-BBB電信債,28.34,+0.10,28.28,28.34,28.27,61000,1725140,5,TWSE_CSV,2026/9/30 15:49
1150930,2026/9/30,上市,00870B,元大15年EM主權債,26.20,-0.02,26.07,26.20,26.07,86000,2249230,9,TWSE_CSV,2026/9/30 15:49
1150930,2026/9/30,上市,00877,復華中國5G,35.28,-0.03,35.79,35.87,35.19,2085000,73926310,860,TWSE_CSV,2026/9/30 15:49
1150930,2026/9/30,上市,00884B,中信低碳新興債,27.54,-0.08,27.50,27.55,27.42,209000,5755520,11,TWSE_CSV,2026/9/30 15:49
1150930,2026/9/30,上市,00886,永豐美國科技,49.55,+0.07,49.55,49.55,49.55,20000,991000,2,TWSE_CSV,2026/9/30 15:49
1150930,2026/9/30,上市,00887,永豐中國科技50大,15.22,-0.08,15.39,15.46,15.21,4675000,71476980,1063,TWSE_CSV,2026/9/30 15:49
1150930,2026/9/30,上市,00888,永豐台灣ESG,36.16,+0.31,36.23,36.41,36.13,4940000,179199210,1647,TWSE_CSV,2026/9/30 15:49
1150930,2026/9/30,上市,00890B,凱基ESG BBB債15+,30.01,+0.07,30.01,30.01,30.01,105000,3151050,3,TWSE_CSV,2026/9/30 15:49
1150930,2026/9/30,上市,00928,中信上櫃ESG 30,33.48,+0.38,33.79,33.79,33.41,284000,9518490,69,TWSE_CSV,2026/9/30 15:49
1150930,2026/9/30,上市,00931B,統一美債20年,12.53,+0.02,12.52,12.54,12.50,2191000,27438070,224,TWSE_CSV,2026/9/30 15:49
1150930,2026/9/30,上市,00933B,國泰10Y+金融債,14.98,+0.01,14.97,14.99,14.95,8220000,123066070,1522,TWSE_CSV,2026/9/30 15:49
1150930,2026/9/30,上市,00937B,群益ESG投等債20+,13.78,-0.02,13.78,13.79,13.73,62645000,862310420,9351,TWSE_CSV,2026/9/30 15:49
1150930,2026/9/30,上市,00942B,台新美A公司債20+,13.19,-0.02,13.18,13.20,13.17,889000,11723120,62,TWSE_CSV,2026/9/30 15:49
1150930,2026/9/30,上市,00948B,中信優息投資級債,8.80,-0.01,8.80,8.81,8.78,3901000,34309600,441,TWSE_CSV,2026/9/30 15:49
1150930,2026/9/30,上市,00950B,凱基A級公司債,13.17,+0.03,13.16,13.17,13.14,1880000,24736670,252,TWSE_CSV,2026/9/30 15:49
1150930,2026/9/30,上市,00955,中信日本商社,16.09,+0.32,15.80,16.09,15.80,1790000,28596120,526,TWSE_CSV,2026/9/30 15:49
1150930,2026/9/30,上市,00957B,兆豐US優選投等債,12.48,-0.02,12.49,12.49,12.45,204000,2543320,56,TWSE_CSV,2026/9/30 15:49
1150930,2026/9/30,上市,00958B,永豐ESG銀行債15+,8.64,-0.01,8.63,8.65,8.62,427000,3688560,36,TWSE_CSV,2026/9/30 15:49
1150930,2026/9/30,上市,00959B,大華投等美債15Y+,8.77,-0.02,8.74,8.78,8.74,1231000,10782120,253,TWSE_CSV,2026/9/30 15:49
1150930,2026/9/30,上市,00966B,統一ESG投等債15+,13.01,-0.01,13.00,13.01,12.99,1434000,18648170,54,TWSE_CSV,2026/9/30 15:49
1150930,2026/9/30,上市,00967B,元大優息美債,8.53,+0.01,8.53,8.54,8.52,250000,2133550,49,TWSE_CSV,2026/9/30 15:49
1150930,2026/9/30,上市,00968B,元大優息投等債,8.66,0.00,8.63,8.66,8.63,1398000,12083030,200,TWSE_CSV,2026/9/30 15:49
1150930,2026/9/30,上市,00969B,元大零息超長美債,7.50,-0.02,7.49,7.51,7.46,972000,7278040,125,TWSE_CSV,2026/9/30 15:49
1150930,2026/9/30,上市,00970B,台新BBB投等債20+,8.71,-0.03,8.71,8.72,8.69,1722000,14984910,191,TWSE_CSV,2026/9/30 15:49
1150930,2026/9/30,上市,00980B,台新特選IG債10+,8.85,-0.01,8.85,8.85,8.82,816000,7205280,41,TWSE_CSV,2026/9/30 15:49
1150930,2026/9/30,上市,00980D,主動聯博投等入息,19.48,0.00,19.48,19.48,19.46,682000,13278300,82,TWSE_CSV,2026/9/30 15:49
1150930,2026/9/30,上市,00980T,平衡凱基美國TOP,12.02,0.00,12.04,12.04,12.02,48000,577450,12,TWSE_CSV,2026/9/30 15:49
1150930,2026/9/30,上市,00981B,第一金優選非投債,8.97,+0.01,8.97,8.97,8.95,6877000,61620590,988,TWSE_CSV,2026/9/30 15:49
1150930,2026/9/30,上市,00981D,主動中信非投等債,10.09,+0.02,10.07,10.09,10.06,4004000,40349910,309,TWSE_CSV,2026/9/30 15:49
1150930,2026/9/30,上市,00982B,FT投資級債20+,9.09,-0.07,9.14,9.15,9.07,43000,391120,8,TWSE_CSV,2026/9/30 15:49
1150930,2026/9/30,上市,00983B,大華優利美公債20,14.52,+0.03,14.49,14.52,14.49,963000,13973070,19,TWSE_CSV,2026/9/30 15:49
1150930,2026/9/30,上市,00984B,大華優利美A債15,15.22,-0.03,15.18,15.22,15.16,491000,7460400,119,TWSE_CSV,2026/9/30 15:49
1150930,2026/9/30,上市,00985D,主動貝萊德優投等,9.49,+0.02,9.48,9.49,9.46,759000,7190090,110,TWSE_CSV,2026/9/30 15:49
1150930,2026/9/30,上市,00986B,FT金融債10+,9.26,0.00,9.26,9.26,9.26,12000,111120,4,TWSE_CSV,2026/9/30 15:49
1150930,2026/9/30,上市,00986D,主動復華金融債息,13.88,-0.01,13.88,13.90,13.87,631000,8759970,90,TWSE_CSV,2026/9/30 15:49
1150930,2026/9/30,上市,00987B,野村10+澳洲公債,15.29,-0.03,15.32,15.32,15.28,1667000,25506570,112,TWSE_CSV,2026/9/30 15:49
1150930,2026/9/30,上市,00987D,主動統一美債量化,9.50,-0.02,9.50,9.52,9.50,2525000,24003490,90,TWSE_CSV,2026/9/30 15:49
1150930,2026/9/30,上市,00988B,玉山嚴選非投債,19.10,-0.08,19.11,19.13,19.08,1272000,24292010,351,TWSE_CSV,2026/9/30 15:49
1150930,2026/9/30,上市,00989B,台新美國非投等債,9.85,-0.02,9.85,9.86,9.82,3628000,35700360,276,TWSE_CSV,2026/9/30 15:49
1150930,2026/9/30,上市,00990B,國泰收益非投等債,9.82,-0.03,9.84,9.85,9.81,3521000,34564050,452,TWSE_CSV,2026/9/30 15:49
1150930,2026/9/30,上市,00998A,主動復華金融股息,16.76,+0.11,16.73,16.76,16.72,2339000,39180460,651,TWSE_CSV,2026/9/30 15:49
1150930,2026/9/30,上市,1240,茂生農經,54.30,+0.50,54.10,54.30,53.80,11000,594700,8,TWSE_CSV,2026/9/30 15:49
1150930,2026/9/30,上市,1259,安心,68.10,+0.10,68.00,68.10,67.80,19000,1291600,11,TWSE_CSV,2026/9/30 15:49
1150930,2026/9/30,上市,1264,德麥,245.00,+1.00,244.00,245.00,244.00,16000,3908000,12,TWSE_CSV,2026/9/30 15:49
1150930,2026/9/30,上市,1268,漢來美食,175.00,-0.50,176.00,176.00,175.00,17000,2981000,17,TWSE_CSV,2026/9/30 15:49
1150930,2026/9/30,上市,1294,漢田生技,50.40,+0.20,50.20,50.40,49.75,20000,998650,16,TWSE_CSV,2026/9/30 15:49
1150930,2026/9/30,上市,1295,生合,47.40,+0.25,46.90,47.40,46.70,28000,1317000,27,TWSE_CSV,2026/9/30 15:49
1150930,2026/9/30,上市,1336,台翰,17.35,+0.55,17.00,17.35,17.00,478000,8235150,174,TWSE_CSV,2026/9/30 15:49
1150930,2026/9/30,上市,1565,精華,96.50,+0.60,95.80,96.70,95.70,59000,5679500,56,TWSE_CSV,2026/9/30 15:49
1150930,2026/9/30,上市,1569,濱川,62.60,-2.40,64.60,66.00,61.30,4423000,279160300,2455,TWSE_CSV,2026/9/30 15:49
1150930,2026/9/30,上市,1570,力肯,33.20,+0.20,33.15,33.35,32.85,50000,1654650,26,TWSE_CSV,2026/9/30 15:49
1150930,2026/9/30,上市,1580,新麥,97.10,0.00,97.60,98.00,97.00,52000,5061500,45,TWSE_CSV,2026/9/30 15:49
1150930,2026/9/30,上市,1584,精剛,18.85,+0.80,18.15,19.20,18.15,1678000,31665600,825,TWSE_CSV,2026/9/30 15:49
1150930,2026/9/30,上市,1586,和勤,17.90,-0.10,18.05,18.20,17.70,1235000,21961950,430,TWSE_CSV,2026/9/30 15:49
1150930,2026/9/30,上市,1591,駿吉-KY,42.75,+1.65,41.40,43.30,41.40,387000,16494050,247,TWSE_CSV,2026/9/30 15:49
1150930,2026/9/30,上市,1593,祺驊,31.70,+0.05,31.70,31.70,31.70,10000,317000,9,TWSE_CSV,2026/9/30 15:49
1150930,2026/9/30,上市,1595,川寶,85.30,+7.70,79.40,85.30,76.20,5766000,471145600,3798,TWSE_CSV,2026/9/30 15:49
1150930,2026/9/30,上市,1599,宏佳騰,23.05,+0.05,23.20,23.20,22.90,13000,298750,10,TWSE_CSV,2026/9/30 15:49
1150930,2026/9/30,上市,1742,台蠟,17.60,-0.10,17.85,17.85,17.50,68000,1195600,17,TWSE_CSV,2026/9/30 15:49
1150930,2026/9/30,上市,1777,生泰,73.90,-0.10,74.00,74.00,73.90,4000,295800,4,TWSE_CSV,2026/9/30 15:49
1150930,2026/9/30,上市,1780,立弘,25.30,+0.10,24.95,25.30,24.65,127000,3185950,54,TWSE_CSV,2026/9/30 15:49
1150930,2026/9/30,上市,1781,合世,9.99,0.00,9.82,9.99,9.82,21000,207280,17,TWSE_CSV,2026/9/30 15:49
1150930,2026/9/30,上市,1784,訊聯,61.20,-0.10,60.40,61.30,60.40,76000,4619700,63,TWSE_CSV,2026/9/30 15:49
1150930,2026/9/30,上市,1785,光洋科,100.50,+2.50,98.90,103.50,98.60,8930000,905386700,5701,TWSE_CSV,2026/9/30 15:49
1150930,2026/9/30,上市,1788,杏昌,128.00,0.00,128.50,128.50,128.00,4000,513500,4,TWSE_CSV,2026/9/30 15:49
1150930,2026/9/30,上市,1796,金穎生技,29.15,+0.35,29.30,29.30,29.00,6000,174450,6,TWSE_CSV,2026/9/30 15:49
1150930,2026/9/30,上市,1799,易威,29.00,+0.60,28.60,29.10,28.45,110000,3161700,79,TWSE_CSV,2026/9/30 15:49
1150930,2026/9/30,上市,1813,寶利徠,11.30,0.00,11.30,11.30,11.30,5000,56500,5,TWSE_CSV,2026/9/30 15:49
1150930,2026/9/30,上市,1815,富喬,116.00,0.00,117.00,117.50,116.00,16338000,1907382500,10238,TWSE_CSV,2026/9/30 15:49
1150930,2026/9/30,上市,2035,唐榮,26.50,0.00,26.50,26.50,26.50,2000,53000,2,TWSE_CSV,2026/9/30 15:49
1150930,2026/9/30,上市,2061,風青,59.80,+0.40,60.40,63.30,59.20,4798000,292207900,2908,TWSE_CSV,2026/9/30 15:49
1150930,2026/9/30,上市,2063,世鎧,23.50,+0.05,23.55,23.55,23.25,35000,820050,27,TWSE_CSV,2026/9/30 15:49
1150930,2026/9/30,上市,2064,晉椿,----,---,----,----,----,0,0,0,TWSE_CSV,2026/9/30 15:49
1150930,2026/9/30,上市,2065,世豐,35.55,+0.40,35.40,35.80,35.20,48000,1703750,33,TWSE_CSV,2026/9/30 15:49
1150930,2026/9/30,上市,2066,世德,52.20,-0.50,52.40,52.60,52.20,15000,785000,14,TWSE_CSV,2026/9/30 15:49
1150930,2026/9/30,上市,2067,嘉鋼,4.91,-0.29,5.39,5.39,4.78,50000,241930,19,TWSE_CSV,2026/9/30 15:49
1150930,2026/9/30,上市,2070,精湛,63.30,+0.50,63.20,63.60,62.50,69000,4363300,63,TWSE_CSV,2026/9/30 15:49
1150930,2026/9/30,上市,2073,雄順,25.20,0.00,25.25,25.25,25.20,3000,75700,3,TWSE_CSV,2026/9/30 15:49
1150930,2026/9/30,上市,2221,大甲,197.50,+17.50,178.00,198.00,170.00,2795000,519021500,2264,TWSE_CSV,2026/9/30 15:49
1150930,2026/9/30,上市,2230,泰茂,21.80,+0.05,21.70,22.00,21.70,65000,1418950,53,TWSE_CSV,2026/9/30 15:49
1150930,2026/9/30,上市,2235,謚源,28.00,+0.15,27.10,28.00,27.10,2000,55100,2,TWSE_CSV,2026/9/30 15:49
1150930,2026/9/30,上市,2596,綠意,35.10,-0.15,34.00,35.45,34.00,66000,2289950,54,TWSE_CSV,2026/9/30 15:49
1150930,2026/9/30,上市,2640,大車隊,157.00,-1.50,157.50,158.00,157.00,13000,2045000,13,TWSE_CSV,2026/9/30 15:49
1150930,2026/9/30,上市,2641,正德,17.50,+0.20,17.35,17.55,17.25,1148000,19978600,416,TWSE_CSV,2026/9/30 15:49
1150930,2026/9/30,上市,2643,捷迅,62.60,-0.10,62.70,62.70,62.40,7000,438400,7,TWSE_CSV,2026/9/30 15:49
1150930,2026/9/30,上市,2718,全心投控,40.45,-0.20,40.20,40.50,40.05,24000,964650,14,TWSE_CSV,2026/9/30 15:49
1150930,2026/9/30,上市,2719,燦星旅,19.75,+0.55,19.75,19.75,19.75,1000,19750,1,TWSE_CSV,2026/9/30 15:49
1150930,2026/9/30,上市,2724,藝舍-KY,----,---,----,----,----,0,0,0,TWSE_CSV,2026/9/30 15:49
1150930,2026/9/30,上市,2726,雅茗-KY,8.00,-0.03,8.07,8.07,7.93,17000,135690,15,TWSE_CSV,2026/9/30 15:49
1150930,2026/9/30,上市,2729,瓦城,156.00,-2.00,157.00,157.00,156.00,14000,2189500,13,TWSE_CSV,2026/9/30 15:49
1150930,2026/9/30,上市,2732,六角,63.10,-1.30,63.10,63.30,63.00,20000,1262800,19,TWSE_CSV,2026/9/30 15:49
1150930,2026/9/30,上市,2734,易飛網,14.45,+0.05,14.40,14.50,14.40,26000,375950,19,TWSE_CSV,2026/9/30 15:49
1150930,2026/9/30,上市,2736,富野,11.35,0.00,11.30,11.40,11.30,27000,306350,19,TWSE_CSV,2026/9/30 15:49
1150930,2026/9/30,上市,2740,華軒,30.15,-0.50,30.40,30.40,27.90,12000,353450,12,TWSE_CSV,2026/9/30 15:49
1150930,2026/9/30,上市,2743,山富,53.30,0.00,53.90,54.00,53.20,17000,908700,16,TWSE_CSV,2026/9/30 15:49
1150930,2026/9/30,上市,2745,五福,84.90,+0.90,85.20,85.20,84.90,26000,2208500,26,TWSE_CSV,2026/9/30 15:49
1150930,2026/9/30,上市,2751,王座,52.70,+0.10,52.60,53.40,52.60,14000,738800,9,TWSE_CSV,2026/9/30 15:49
1150930,2026/9/30,上市,2752,豆府,177.00,-0.50,177.50,177.50,177.00,10000,1770500,10,TWSE_CSV,2026/9/30 15:49
1150930,2026/9/30,上市,2754,亞洲藏壽司,68.00,0.00,69.50,69.50,68.00,18000,1228700,14,TWSE_CSV,2026/9/30 15:49
1150930,2026/9/30,上市,2755,揚秦,98.90,-0.10,98.90,99.10,98.50,24000,2370100,21,TWSE_CSV,2026/9/30 15:49
1150930,2026/9/30,上市,2756,聯發國際,62.80,+0.30,62.80,62.80,62.80,1000,62800,1,TWSE_CSV,2026/9/30 15:49
1150930,2026/9/30,上市,2916,滿心,40.55,0.00,40.55,40.55,40.50,10000,405450,7,TWSE_CSV,2026/9/30 15:49
1150930,2026/9/30,上市,2924,宏太-KY,18.30,-0.15,18.40,18.40,16.70,19000,322550,16,TWSE_CSV,2026/9/30 15:49
1150930,2026/9/30,上市,2926,誠品生活,30.20,+0.65,29.55,30.20,29.50,12000,358150,11,TWSE_CSV,2026/9/30 15:49
1150930,2026/9/30,上市,2937,集雅社,44.70,0.00,44.70,44.70,44.70,1000,44700,1,TWSE_CSV,2026/9/30 15:49
1150930,2026/9/30,上市,2938,床的世界,18.60,+0.05,18.40,18.70,18.40,31000,574600,23,TWSE_CSV,2026/9/30 15:49
1150930,2026/9/30,上市,2941,米斯特,31.00,-1.15,31.00,31.00,31.00,4000,124000,3,TWSE_CSV,2026/9/30 15:49
1150930,2026/9/30,上市,2947,振宇五金,60.50,0.00,60.60,60.60,60.50,8000,484500,7,TWSE_CSV,2026/9/30 15:49
1150930,2026/9/30,上市,2948,寶陞,37.40,+0.60,37.40,37.40,37.40,1000,37400,1,TWSE_CSV,2026/9/30 15:49
1150930,2026/9/30,上市,2949,欣新網,68.90,+4.90,65.00,70.40,65.00,12000,820200,11,TWSE_CSV,2026/9/30 15:49
1150930,2026/9/30,上市,3064,泰偉,----,---,----,----,----,0,0,0,TWSE_CSV,2026/9/30 15:49
1150930,2026/9/30,上市,3066,李洲,29.20,-0.30,29.25,29.75,28.55,2394000,69710850,1486,TWSE_CSV,2026/9/30 15:49
1150930,2026/9/30,上市,3067,全域,----,---,----,----,----,0,0,0,TWSE_CSV,2026/9/30 15:49
1150930,2026/9/30,上市,3071,協禧,23.05,+0.15,23.00,23.20,22.90,125000,2876050,90,TWSE_CSV,2026/9/30 15:49
1150930,2026/9/30,上市,3073,天方能源,20.60,0.00,20.95,21.00,20.55,9000,187100,9,TWSE_CSV,2026/9/30 15:49
1150930,2026/9/30,上市,3078,僑威,46.15,+0.50,45.85,46.20,45.80,351000,16168250,275,TWSE_CSV,2026/9/30 15:49
1150930,2026/9/30,上市,3081,聯亞,2695.00,+45.00,2700.00,2730.00,2665.00,1329000,3587440000,1225,TWSE_CSV,2026/9/30 15:49
1150930,2026/9/30,上市,3083,網龍,22.60,-0.10,22.70,22.75,22.60,59000,1335550,31,TWSE_CSV,2026/9/30 15:49
1150930,2026/9/30,上市,3085,新零售,12.10,+0.70,11.50,12.10,11.50,4000,46600,4,TWSE_CSV,2026/9/30 15:49
1150930,2026/9/30,上市,3086,華義*,27.40,-0.30,27.20,28.10,27.10,95000,2615400,69,TWSE_CSV,2026/9/30 15:49
1150930,2026/9/30,上市,3088,艾訊,133.50,-2.50,138.00,138.50,133.00,934000,126081500,796,TWSE_CSV,2026/9/30 15:49
1150930,2026/9/30,上市,3093,港建*,44.70,+0.80,44.50,44.95,44.30,208000,9285300,145,TWSE_CSV,2026/9/30 15:49
1150930,2026/9/30,上市,3095,及成,33.50,-0.50,33.25,33.55,33.20,8000,267500,8,TWSE_CSV,2026/9/30 15:49
1150930,2026/9/30,上市,3105,穩懋,542.00,+49.00,509.00,542.00,509.00,41316000,21995126000,26204,TWSE_CSV,2026/9/30 15:49
1150930,2026/9/30,上市,3114,好德,34.60,-0.40,35.80,35.80,33.90,642000,22120800,473,TWSE_CSV,2026/9/30 15:49
1150930,2026/9/30,上市,3115,富榮綱,8.50,-0.10,8.50,8.69,8.17,23000,191350,20,TWSE_CSV,2026/9/30 15:49
1150930,2026/9/30,上市,3118,進階,31.30,-0.05,31.60,31.75,31.30,48000,1517800,26,TWSE_CSV,2026/9/30 15:49
1150930,2026/9/30,上市,3122,笙泉,24.20,+0.70,23.35,24.45,23.35,73000,1763350,57,TWSE_CSV,2026/9/30 15:49
1150930,2026/9/30,上市,3128,昇銳,20.35,0.00,20.35,20.35,20.20,49000,993250,43,TWSE_CSV,2026/9/30 15:49
1150930,2026/9/30,上市,3131,弘塑,2525.00,+50.00,2505.00,2590.00,2435.00,720000,1803635000,668,TWSE_CSV,2026/9/30 15:49
1150930,2026/9/30,上市,3141,晶宏,85.30,+0.10,85.70,86.20,84.10,1053000,89529200,855,TWSE_CSV,2026/9/30 15:49
1150930,2026/9/30,上市,3147,大綜,243.50,+0.50,245.50,250.00,243.50,524000,128811500,444,TWSE_CSV,2026/9/30 15:49
1150930,2026/9/30,上市,3152,璟德,231.00,+5.00,227.00,235.50,226.50,84000,19501500,81,TWSE_CSV,2026/9/30 15:49
1150930,2026/9/30,上市,3158,嘉實,84.90,-0.30,85.00,85.10,84.90,20000,1699300,19,TWSE_CSV,2026/9/30 15:49
1150930,2026/9/30,上市,3162,精確,85.40,+4.50,81.90,87.90,81.70,7047000,595448700,4481,TWSE_CSV,2026/9/30 15:49
1150930,2026/9/30,上市,3163,波若威,643.00,-3.00,658.00,664.00,643.00,982000,636865000,841,TWSE_CSV,2026/9/30 15:49
1150930,2026/9/30,上市,3169,亞信,115.00,-0.50,116.00,117.00,115.00,257000,29805500,213,TWSE_CSV,2026/9/30 15:49
1150930,2026/9/30,上市,3171,炎洲流通,58.80,+0.50,58.60,58.80,58.60,4000,234600,4,TWSE_CSV,2026/9/30 15:49
1150930,2026/9/30,上市,3176,基亞,37.70,+0.35,37.35,37.95,37.05,287000,10810400,202,TWSE_CSV,2026/9/30 15:49
1150930,2026/9/30,上市,3178,公準,69.40,0.00,69.90,70.50,68.70,235000,16352500,175,TWSE_CSV,2026/9/30 15:49
1150930,2026/9/30,上市,3188,鑫龍騰,23.30,-0.15,23.40,23.60,23.30,127000,2966450,77,TWSE_CSV,2026/9/30 15:49
1150930,2026/9/30,上市,3191,雲嘉南,16.75,+0.25,16.80,16.80,16.50,21000,349650,16,TWSE_CSV,2026/9/30 15:49
1150930,2026/9/30,上市,3205,佰研,46.80,+0.05,46.80,47.00,46.75,6000,281150,6,TWSE_CSV,2026/9/30 15:49
1150930,2026/9/30,上市,3206,志豐,34.95,+0.40,34.55,34.95,34.20,17000,587450,16,TWSE_CSV,2026/9/30 15:49
1150930,2026/9/30,上市,3207,耀勝,38.80,+0.55,38.65,39.05,38.45,185000,7154300,137,TWSE_CSV,2026/9/30 15:49
1150930,2026/9/30,上市,3211,順達,398.50,+12.50,390.00,406.00,388.00,7930000,3166015500,6607,TWSE_CSV,2026/9/30 15:49
1150930,2026/9/30,上市,3213,茂訊,124.50,-1.00,126.50,126.50,124.00,120000,14982500,90,TWSE_CSV,2026/9/30 15:49
1150930,2026/9/30,上市,3217,優群,130.00,0.00,130.50,131.00,129.00,277000,35967500,211,TWSE_CSV,2026/9/30 15:49
1150930,2026/9/30,上市,3218,大學光,135.00,+1.50,134.00,135.00,133.50,78000,10485500,66,TWSE_CSV,2026/9/30 15:49
1150930,2026/9/30,上市,3219,倚強科,131.50,+6.00,130.00,134.50,127.50,6580000,861307500,4829,TWSE_CSV,2026/9/30 15:49
1150930,2026/9/30,上市,3221,台嘉碩,51.20,+0.40,51.90,52.20,50.50,3055000,156709700,2156,TWSE_CSV,2026/9/30 15:49
1150930,2026/9/30,上市,3224,三顧,31.45,+0.45,31.00,31.45,30.85,18000,559850,16,TWSE_CSV,2026/9/30 15:49
1150930,2026/9/30,上市,3226,龍鋒,60.40,+0.30,60.80,60.80,59.60,57000,3437500,43,TWSE_CSV,2026/9/30 15:49
1150930,2026/9/30,上市,3227,原相,185.00,-0.50,187.00,187.50,184.00,699000,129416500,555,TWSE_CSV,2026/9/30 15:49
1150930,2026/9/30,上市,3228,金麗科,182.00,+2.00,186.50,186.50,177.50,585000,105719000,469,TWSE_CSV,2026/9/30 15:49
1150930,2026/9/30,上市,3230,錦明,41.40,-0.30,41.90,41.90,41.25,307000,12724400,218,TWSE_CSV,2026/9/30 15:49
1150930,2026/9/30,上市,3232,昱捷,20.90,+0.10,20.80,21.05,20.80,42000,879800,12,TWSE_CSV,2026/9/30 15:49
1150930,2026/9/30,上市,3234,光環,173.00,-1.50,177.50,179.00,172.50,1769000,308843000,1347,TWSE_CSV,2026/9/30 15:49
1150930,2026/9/30,上市,3236,千如,44.15,+0.05,44.60,45.15,44.05,899000,39843250,657,TWSE_CSV,2026/9/30 15:49
1150930,2026/9/30,上市,3252,海灣,15.30,-0.15,15.50,15.50,15.20,28000,430100,9,TWSE_CSV,2026/9/30 15:49
1150930,2026/9/30,上市,3259,鑫創,10.65,+0.94,9.60,10.65,8.90,35000,359530,32,TWSE_CSV,2026/9/30 15:49
1150930,2026/9/30,上市,3260,威剛,377.50,+0.50,380.00,382.50,377.00,3361000,1273208000,2488,TWSE_CSV,2026/9/30 15:49
1150930,2026/9/30,上市,3264,欣銓,243.50,+2.00,243.50,247.00,238.00,15292000,3722681000,11084,TWSE_CSV,2026/9/30 15:49
1150930,2026/9/30,上市,3265,台星科,186.00,+5.50,183.50,193.00,182.00,2316000,437516000,1682,TWSE_CSV,2026/9/30 15:49
1150930,2026/9/30,上市,3268,海德威,21.75,+0.25,21.50,22.00,21.25,138000,2968500,92,TWSE_CSV,2026/9/30 15:49
1150930,2026/9/30,上市,3272,東碩,13.95,+0.25,14.20,14.50,13.85,21000,295600,19,TWSE_CSV,2026/9/30 15:49
1150930,2026/9/30,上市,3276,宇環,14.05,+0.20,13.85,14.15,13.85,57000,798950,32,TWSE_CSV,2026/9/30 15:49
1150930,2026/9/30,上市,3284,太普高,19.90,+0.50,19.50,20.10,19.50,215000,4271350,86,TWSE_CSV,2026/9/30 15:49
1150930,2026/9/30,上市,3285,微端,41.50,-0.10,41.30,41.55,41.20,11000,455200,11,TWSE_CSV,2026/9/30 15:49
1150930,2026/9/30,上市,3287,廣寰科,42.15,+0.95,42.00,43.45,41.40,912000,38499800,608,TWSE_CSV,2026/9/30 15:49
1150930,2026/9/30,上市,3288,點晶,21.20,+0.30,21.20,21.50,20.65,23000,478300,21,TWSE_CSV,2026/9/30 15:49
1150930,2026/9/30,上市,3289,宜特,139.50,0.00,141.00,143.50,139.50,1516000,215037500,940,TWSE_CSV,2026/9/30 15:49
1150930,2026/9/30,上市,3290,東浦,52.20,+4.40,48.35,52.40,48.35,2585000,131939650,1436,TWSE_CSV,2026/9/30 15:49
1150930,2026/9/30,上市,3293,鈊象,788.00,+9.00,781.00,791.00,777.00,1828000,1436147000,1394,TWSE_CSV,2026/9/30 15:49
1150930,2026/9/30,上市,3294,英濟,32.45,-0.45,33.50,33.55,32.40,972000,31828200,682,TWSE_CSV,2026/9/30 15:49
1150930,2026/9/30,上市,3297,杭特,32.60,-0.25,33.10,33.50,32.60,169000,5577450,115,TWSE_CSV,2026/9/30 15:49
1150930,2026/9/30,上市,3303,岱稜,48.65,+0.30,48.65,48.80,48.50,148000,7200950,100,TWSE_CSV,2026/9/30 15:49
1150930,2026/9/30,上市,3306,鼎天,48.05,+0.45,48.00,48.55,47.70,173000,8332600,124,TWSE_CSV,2026/9/30 15:49
1150930,2026/9/30,上市,3310,佳穎,68.80,-0.10,67.30,69.20,67.30,12000,821400,11,TWSE_CSV,2026/9/30 15:49
1150930,2026/9/30,上市,3313,斐成,10.45,-0.05,10.50,10.65,10.45,32000,336200,26,TWSE_CSV,2026/9/30 15:49
1150930,2026/9/30,上市,3317,尼克森,65.20,-0.20,65.40,65.90,64.60,2088000,135969600,1564,TWSE_CSV,2026/9/30 15:49
1150930,2026/9/30,上市,3322,建舜電,11.30,+0.20,11.10,11.35,11.05,250000,2804550,145,TWSE_CSV,2026/9/30 15:49
1150930,2026/9/30,上市,3323,加百裕,29.70,+0.35,29.50,30.25,29.50,682000,20383150,453,TWSE_CSV,2026/9/30 15:49
1150930,2026/9/30,上市,3324,雙鴻,1530.00,-100.00,1620.00,1645.00,1530.00,4066000,6424405000,3374,TWSE_CSV,2026/9/30 15:49
1150930,2026/9/30,上市,3325,旭品,11.90,+0.20,11.70,11.90,11.65,59000,694300,36,TWSE_CSV,2026/9/30 15:49
1150930,2026/9/30,上市,3332,幸康,63.70,+2.80,61.50,63.90,61.50,18000,1125700,18,TWSE_CSV,2026/9/30 15:49
1150930,2026/9/30,上市,3339,泰谷,45.65,-0.55,45.90,47.00,45.65,1445000,66515750,992,TWSE_CSV,2026/9/30 15:49
1150930,2026/9/30,上市,3349,寶德,19.95,0.00,19.95,19.95,19.60,17000,336750,15,TWSE_CSV,2026/9/30 15:49
1150930,2026/9/30,上市,3354,律勝,32.15,+2.90,29.70,32.15,29.50,2561000,80660650,1547,TWSE_CSV,2026/9/30 15:49
1150930,2026/9/30,上市,3357,臺慶科,204.50,+1.50,204.50,207.00,204.00,357000,73219500,304,TWSE_CSV,2026/9/30 15:49
1150930,2026/9/30,上市,3360,尚立,15.35,+0.25,15.15,15.40,15.10,332000,5082100,198,TWSE_CSV,2026/9/30 15:49
1150930,2026/9/30,上市,3362,先進光,171.00,0.00,173.00,173.50,171.00,631000,108415000,524,TWSE_CSV,2026/9/30 15:49
1150930,2026/9/30,上市,3363,上詮,649.00,-3.00,661.00,671.00,648.00,1457000,954444000,1245,TWSE_CSV,2026/9/30 15:49
1150930,2026/9/30,上市,3372,典範,16.55,+0.25,16.30,16.80,16.30,638000,10596850,363,TWSE_CSV,2026/9/30 15:49
1150930,2026/9/30,上市,3373,熱映,16.00,-0.05,16.05,16.10,16.00,55000,880850,34,TWSE_CSV,2026/9/30 15:49
1150930,2026/9/30,上市,3374,精材,454.50,-0.50,462.00,462.00,452.00,1120000,510607000,977,TWSE_CSV,2026/9/30 15:49
1150930,2026/9/30,上市,3379,彬台,27.70,+0.40,27.60,27.85,27.35,39000,1078450,34,TWSE_CSV,2026/9/30 15:49
1150930,2026/9/30,上市,3388,崇越電,85.30,+3.70,81.80,86.40,81.80,942000,79320900,709,TWSE_CSV,2026/9/30 15:49
1150930,2026/9/30,上市,3390,旭軟,22.60,+0.30,22.70,22.75,22.30,195000,4406400,100,TWSE_CSV,2026/9/30 15:49
1150930,2026/9/30,上市,3402,漢科,136.00,+5.00,133.00,137.50,133.00,1006000,136813500,782,TWSE_CSV,2026/9/30 15:49
1150930,2026/9/30,上市,3430,奇鈦科,111.50,-1.00,112.50,114.00,111.50,183000,20560000,168,TWSE_CSV,2026/9/30 15:49
1150930,2026/9/30,上市,3434,哲固,31.40,-0.15,31.35,31.60,31.35,46000,1447950,38,TWSE_CSV,2026/9/30 15:49
1150930,2026/9/30,上市,3438,類比科,61.90,+0.60,61.50,62.00,60.70,84000,5163400,58,TWSE_CSV,2026/9/30 15:49
1150930,2026/9/30,上市,3441,聯一光,184.50,-0.50,184.50,187.00,181.50,1054000,193777000,833,TWSE_CSV,2026/9/30 15:49
1150930,2026/9/30,上市,3444,利機,81.30,+0.70,81.10,82.30,80.80,233000,18981000,175,TWSE_CSV,2026/9/30 15:49
1150930,2026/9/30,上市,3455,由田,267.00,0.00,268.50,279.00,260.50,5673000,1531119000,4505,TWSE_CSV,2026/9/30 15:49
1150930,2026/9/30,上市,3465,進泰電子,29.70,+0.05,29.65,29.70,29.55,11000,326100,10,TWSE_CSV,2026/9/30 15:49
1150930,2026/9/30,上市,3466,德晉,23.90,+0.05,23.80,23.95,23.60,372000,8838400,133,TWSE_CSV,2026/9/30 15:49
1150930,2026/9/30,上市,3467,台灣精材,73.70,-0.90,74.60,77.70,73.60,1015000,76199200,714,TWSE_CSV,2026/9/30 15:49
1150930,2026/9/30,上市,3479,安勤,136.00,-2.50,140.00,140.00,136.00,693000,95387000,567,TWSE_CSV,2026/9/30 15:49
1150930,2026/9/30,上市,3483,力致,79.10,+1.60,78.20,79.70,78.20,338000,26722000,242,TWSE_CSV,2026/9/30 15:49
1150930,2026/9/30,上市,3484,崧騰,46.55,-0.20,47.00,47.20,46.55,85000,3985300,64,TWSE_CSV,2026/9/30 15:49
1150930,2026/9/30,上市,3485,敘豐,209.00,+8.00,204.00,214.00,204.00,131000,27488500,115,TWSE_CSV,2026/9/30 15:49
1150930,2026/9/30,上市,3489,森寶,23.35,+0.10,23.10,23.55,23.00,90000,2094000,47,TWSE_CSV,2026/9/30 15:49
1150930,2026/9/30,上市,3490,單井,44.35,-0.75,45.20,45.90,44.35,1899000,85347400,1249,TWSE_CSV,2026/9/30 15:49
1150930,2026/9/30,上市,3491,昇達科,1500.00,-10.00,1540.00,1540.00,1480.00,800000,1200950000,734,TWSE_CSV,2026/9/30 15:49
1150930,2026/9/30,上市,3492,長盛,19.15,+0.10,19.05,19.15,19.05,18000,343350,11,TWSE_CSV,2026/9/30 15:49
1150930,2026/9/30,上市,3498,陽程,229.00,-6.00,234.50,234.50,221.00,6669000,1519614500,5058,TWSE_CSV,2026/9/30 15:49
1150930,2026/9/30,上市,3499,環天科,13.80,+0.10,13.75,13.85,13.70,42000,578950,34,TWSE_CSV,2026/9/30 15:49
1150930,2026/9/30,上市,3508,位速,25.90,-0.05,25.90,26.90,25.65,506000,13320650,326,TWSE_CSV,2026/9/30 15:49
1150930,2026/9/30,上市,3511,矽瑪,19.75,+0.30,19.50,19.80,19.50,99000,1947050,70,TWSE_CSV,2026/9/30 15:49
1150930,2026/9/30,上市,3512,皇龍,19.20,0.00,19.20,19.20,19.10,20000,383250,15,TWSE_CSV,2026/9/30 15:49
1150930,2026/9/30,上市,3516,亞帝歐,25.40,+0.40,25.00,25.40,25.00,14000,350400,9,TWSE_CSV,2026/9/30 15:49
1150930,2026/9/30,上市,3520,華盈,17.35,+0.25,17.35,17.35,17.00,158000,2716500,98,TWSE_CSV,2026/9/30 15:49
1150930,2026/9/30,上市,3521,台鋼建設,11.85,+0.10,11.75,11.90,11.70,20000,235700,12,TWSE_CSV,2026/9/30 15:49
1150930,2026/9/30,上市,3522,御嵿,12.50,-0.05,12.55,12.60,12.30,109000,1356650,53,TWSE_CSV,2026/9/30 15:49
1150930,2026/9/30,上市,3523,迎輝,15.00,+0.05,15.00,15.00,14.55,13000,190900,10,TWSE_CSV,2026/9/30 15:49
1150930,2026/9/30,上市,3526,凡甲,272.00,+1.50,271.50,272.00,270.00,86000,23301000,83,TWSE_CSV,2026/9/30 15:49
1150930,2026/9/30,上市,3527,聚積,53.10,+1.50,51.10,53.10,51.10,51000,2660300,41,TWSE_CSV,2026/9/30 15:49
1150930,2026/9/30,上市,3529,力旺,3305.00,0.00,3450.00,3635.00,3305.00,2463000,8564210000,2135,TWSE_CSV,2026/9/30 15:49
1150930,2026/9/30,上市,3531,先益,20.90,-0.35,20.85,20.90,20.85,2000,41750,2,TWSE_CSV,2026/9/30 15:49
1150930,2026/9/30,上市,3537,堡達,53.30,+0.70,53.00,53.30,52.80,112000,5949200,97,TWSE_CSV,2026/9/30 15:49
1150930,2026/9/30,上市,3540,曜越,23.05,+0.35,22.85,23.05,22.75,155000,3552700,114,TWSE_CSV,2026/9/30 15:49
1150930,2026/9/30,上市,3541,西柏,24.40,-0.05,24.50,24.60,24.10,66000,1605600,57,TWSE_CSV,2026/9/30 15:49
1150930,2026/9/30,上市,3546,宇峻,72.60,-0.10,72.70,72.90,72.30,53000,3848700,43,TWSE_CSV,2026/9/30 15:49
1150930,2026/9/30,上市,3548,兆利,77.30,+0.20,77.20,77.70,77.00,165000,12762900,116,TWSE_CSV,2026/9/30 15:49
1150930,2026/9/30,上市,3551,世禾,187.50,+1.00,188.00,191.00,187.00,904000,171194500,668,TWSE_CSV,2026/9/30 15:49
1150930,2026/9/30,上市,3552,同致,44.10,+0.65,43.80,44.55,43.00,399000,17463150,314,TWSE_CSV,2026/9/30 15:49
1150930,2026/9/30,上市,3555,博士旺,168.50,+0.50,169.00,171.00,168.00,40000,6773000,36,TWSE_CSV,2026/9/30 15:49
1150930,2026/9/30,上市,3556,禾瑞亞,58.10,+0.20,58.30,58.40,57.80,139000,8072200,122,TWSE_CSV,2026/9/30 15:49
1150930,2026/9/30,上市,3558,神準,125.00,+0.50,124.50,125.00,123.50,43000,5328000,39,TWSE_CSV,2026/9/30 15:49
1150930,2026/9/30,上市,3564,其陽,50.60,+0.20,50.80,51.40,50.50,153000,7761900,128,TWSE_CSV,2026/9/30 15:49
1150930,2026/9/30,上市,3567,逸昌,26.20,+0.40,25.60,26.35,25.60,124000,3241550,67,TWSE_CSV,2026/9/30 15:49
1150930,2026/9/30,上市,3570,大塚,167.00,0.00,167.50,169.00,167.00,18000,3021500,17,TWSE_CSV,2026/9/30 15:49
1150930,2026/9/30,上市,3577,泓格,117.50,-4.50,120.50,123.50,116.50,614000,73204000,484,TWSE_CSV,2026/9/30 15:49
1150930,2026/9/30,上市,3580,友威科,110.50,-0.50,112.00,116.00,108.00,4827000,542565500,3743,TWSE_CSV,2026/9/30 15:49
1150930,2026/9/30,上市,3581,博磊,117.00,+10.50,109.50,117.00,109.50,555000,63474000,383,TWSE_CSV,2026/9/30 15:49
1150930,2026/9/30,上市,3587,閎康,238.50,-1.00,240.00,243.00,238.50,317000,76095500,281,TWSE_CSV,2026/9/30 15:49
1150930,2026/9/30,上市,3594,磐儀,47.90,+0.70,47.30,48.05,46.85,423000,20060750,298,TWSE_CSV,2026/9/30 15:49
1150930,2026/9/30,上市,3597,映興,28.10,+0.25,27.90,28.20,27.15,71000,1972000,55,TWSE_CSV,2026/9/30 15:49
1150930,2026/9/30,上市,3609,三一東林,23.00,-0.50,23.90,23.90,23.00,27000,625450,22,TWSE_CSV,2026/9/30 15:49
1150930,2026/9/30,上市,3611,鼎翰,183.00,0.00,183.00,184.50,183.00,29000,5335000,27,TWSE_CSV,2026/9/30 15:49
1150930,2026/9/30,上市,3615,安可,45.80,+4.15,42.20,45.80,42.10,2863000,128765450,1504,TWSE_CSV,2026/9/30 15:49
1150930,2026/9/30,上市,3623,富晶通,29.80,+0.65,29.20,30.30,29.20,364000,10829200,241,TWSE_CSV,2026/9/30 15:49
1150930,2026/9/30,上市,3624,光頡,137.50,-2.50,140.50,144.00,134.00,16711000,2305794500,11214,TWSE_CSV,2026/9/30 15:49
1150930,2026/9/30,上市,3625,西勝,11.15,-0.05,11.05,11.30,11.05,95000,1055550,46,TWSE_CSV,2026/9/30 15:49
1150930,2026/9/30,上市,3628,盈正,72.70,-0.20,73.00,73.30,72.70,78000,5687900,52,TWSE_CSV,2026/9/30 15:49
1150930,2026/9/30,上市,3629,地心引力,17.30,0.00,17.25,17.30,16.90,4000,68650,4,TWSE_CSV,2026/9/30 15:49
1150930,2026/9/30,上市,3630,新鉅科,26.95,+0.30,26.70,26.95,26.70,228000,6116700,172,TWSE_CSV,2026/9/30 15:49
1150930,2026/9/30,上市,3631,晟楠,40.50,+0.55,40.10,40.80,40.00,143000,5773100,122,TWSE_CSV,2026/9/30 15:49
1150930,2026/9/30,上市,3632,研勤,7.15,-0.04,7.19,7.19,7.15,20000,143360,11,TWSE_CSV,2026/9/30 15:49
1150930,2026/9/30,上市,3646,艾恩特,24.95,+0.15,25.00,25.00,24.85,18000,448300,11,TWSE_CSV,2026/9/30 15:49
1150930,2026/9/30,上市,3663,鑫科,67.80,+5.40,63.10,68.60,63.00,2670000,176723500,1884,TWSE_CSV,2026/9/30 15:49
1150930,2026/9/30,上市,3664,安瑞-KY,8.86,0.00,8.86,8.86,8.86,17000,150620,5,TWSE_CSV,2026/9/30 15:49
1150930,2026/9/30,上市,3666,光耀,25.30,0.00,25.25,25.30,25.15,38000,958550,28,TWSE_CSV,2026/9/30 15:49
1150930,2026/9/30,上市,3672,康聯訊,12.35,-0.15,12.20,12.40,12.00,9000,109550,9,TWSE_CSV,2026/9/30 15:49
1150930,2026/9/30,上市,3675,德微,330.00,-4.00,337.00,338.00,328.50,1302000,432504000,1102,TWSE_CSV,2026/9/30 15:49
1150930,2026/9/30,上市,3680,家登,555.00,+7.00,553.00,562.00,545.00,1579000,875027000,1358,TWSE_CSV,2026/9/30 15:49
1150930,2026/9/30,上市,3684,榮昌,52.90,-0.50,53.40,53.60,51.40,82000,4350100,35,TWSE_CSV,2026/9/30 15:49
1150930,2026/9/30,上市,3685,元創精密,35.00,-0.20,35.20,35.20,34.25,292000,10113150,149,TWSE_CSV,2026/9/30 15:49
1150930,2026/9/30,上市,3687,歐買尬,60.30,0.00,60.10,61.10,60.10,28000,1692700,27,TWSE_CSV,2026/9/30 15:49
1150930,2026/9/30,上市,3689,湧德,110.50,+0.50,111.50,111.50,109.50,378000,41821500,282,TWSE_CSV,2026/9/30 15:49
1150930,2026/9/30,上市,3691,碩禾,119.50,+1.00,118.00,122.50,117.50,964000,115841000,762,TWSE_CSV,2026/9/30 15:49
1150930,2026/9/30,上市,3693,營邦,687.00,-15.00,708.00,713.00,687.00,1198000,833959000,1072,TWSE_CSV,2026/9/30 15:49
1150930,2026/9/30,上市,3707,漢磊,75.70,+2.80,72.50,77.30,71.70,30327000,2271467400,18970,TWSE_CSV,2026/9/30 15:49
1150930,2026/9/30,上市,3709,鑫聯大投控,65.20,+1.20,64.40,65.60,64.40,358000,23238900,263,TWSE_CSV,2026/9/30 15:49
1150930,2026/9/30,上市,3710,連展投控,8.32,-0.20,8.60,8.62,8.21,250000,2106300,152,TWSE_CSV,2026/9/30 15:49
1150930,2026/9/30,上市,3713,新晶投控,13.90,0.00,13.85,13.90,13.60,52000,711900,38,TWSE_CSV,2026/9/30 15:49
1150930,2026/9/30,上市,3718,中光電投控,65.50,+0.90,65.30,66.20,64.90,1478000,96691400,980,TWSE_CSV,2026/9/30 15:49
1150930,2026/9/30,上市,4102,永日,18.45,+0.10,18.25,18.45,18.25,31000,568000,29,TWSE_CSV,2026/9/30 15:49
1150930,2026/9/30,上市,4105,東洋,78.50,-0.30,78.80,78.80,78.20,538000,42228000,391,TWSE_CSV,2026/9/30 15:49
1150930,2026/9/30,上市,4107,邦特,110.50,0.00,111.00,111.50,110.00,25000,2762000,23,TWSE_CSV,2026/9/30 15:49
1150930,2026/9/30,上市,4109,加捷生醫,11.05,0.00,11.05,11.10,10.95,51000,561600,42,TWSE_CSV,2026/9/30 15:49
1150930,2026/9/30,上市,4111,濟生,28.90,+0.10,28.65,28.90,28.65,29000,836550,22,TWSE_CSV,2026/9/30 15:49
1150930,2026/9/30,上市,4113,聯上,15.55,0.00,15.55,15.55,15.20,304000,4651450,64,TWSE_CSV,2026/9/30 15:49
1150930,2026/9/30,上市,4114,健喬,29.55,+0.25,29.40,29.60,29.35,464000,13672850,253,TWSE_CSV,2026/9/30 15:49
1150930,2026/9/30,上市,4116,明基醫,39.80,+0.40,39.80,40.00,39.75,17000,678300,12,TWSE_CSV,2026/9/30 15:49
1150930,2026/9/30,上市,4120,友華,45.90,-0.20,46.10,46.10,45.90,7000,321800,6,TWSE_CSV,2026/9/30 15:49
1150930,2026/9/30,上市,4121,優盛,12.75,0.00,12.60,12.75,12.55,73000,924150,42,TWSE_CSV,2026/9/30 15:49
1150930,2026/9/30,上市,4123,晟德,31.25,+0.25,31.00,31.30,30.80,964000,29957250,510,TWSE_CSV,2026/9/30 15:49
1150930,2026/9/30,上市,4126,太醫,78.10,+0.20,77.90,78.10,77.80,20000,1559400,18,TWSE_CSV,2026/9/30 15:49
1150930,2026/9/30,上市,4127,天良,45.60,-1.90,46.65,47.35,45.60,418000,19345900,291,TWSE_CSV,2026/9/30 15:49
1150930,2026/9/30,上市,4128,中天,15.35,+0.35,15.15,15.45,15.05,1707000,26043300,753,TWSE_CSV,2026/9/30 15:49
1150930,2026/9/30,上市,4129,聯合,83.40,+0.50,82.80,83.70,82.80,99000,8261200,78,TWSE_CSV,2026/9/30 15:49
1150930,2026/9/30,上市,4131,浩泰,30.65,-1.30,32.25,32.25,30.65,47000,1458700,33,TWSE_CSV,2026/9/30 15:49
1150930,2026/9/30,上市,4138,曜亞,54.30,-0.80,55.00,55.60,54.00,74000,4046200,46,TWSE_CSV,2026/9/30 15:49
1150930,2026/9/30,上市,4139,馬光-KY,41.80,+0.15,41.95,42.50,41.20,65000,2715600,41,TWSE_CSV,2026/9/30 15:49
1150930,2026/9/30,上市,4147,中裕,63.70,+0.70,63.10,64.40,63.00,576000,36675900,393,TWSE_CSV,2026/9/30 15:49
1150930,2026/9/30,上市,4153,鈺緯,31.45,-0.05,31.20,31.70,31.20,8000,252100,8,TWSE_CSV,2026/9/30 15:49
1150930,2026/9/30,上市,4154,樂威科-KY,12.50,-0.40,12.50,12.50,12.50,17000,212500,9,TWSE_CSV,2026/9/30 15:49
1150930,2026/9/30,上市,4157,太景*-KY,8.89,+0.21,8.70,8.91,8.69,668000,5888900,319,TWSE_CSV,2026/9/30 15:49
1150930,2026/9/30,上市,4160,訊聯基因,39.10,+0.05,39.15,39.15,38.75,47000,1828950,28,TWSE_CSV,2026/9/30 15:49
1150930,2026/9/30,上市,4161,聿新科,21.75,-0.30,21.90,22.05,21.75,46000,1005800,39,TWSE_CSV,2026/9/30 15:49
1150930,2026/9/30,上市,4162,智擎,55.60,+0.20,55.40,56.00,55.40,175000,9753600,131,TWSE_CSV,2026/9/30 15:49
1150930,2026/9/30,上市,4163,鐿鈦,136.00,+1.00,135.00,136.00,134.00,20000,2701500,20,TWSE_CSV,2026/9/30 15:49
1150930,2026/9/30,上市,4166,友霖,24.10,+0.25,23.85,24.20,23.85,47000,1129300,35,TWSE_CSV,2026/9/30 15:49
1150930,2026/9/30,上市,4167,松瑞藥,19.85,+0.30,19.65,19.90,19.45,832000,16370950,383,TWSE_CSV,2026/9/30 15:49
1150930,2026/9/30,上市,4168,醣聯,22.35,+0.65,21.70,22.40,21.60,188000,4146950,114,TWSE_CSV,2026/9/30 15:49
1150930,2026/9/30,上市,4171,瑞基,16.45,-0.05,16.65,16.80,16.40,57000,939900,37,TWSE_CSV,2026/9/30 15:49
1150930,2026/9/30,上市,4173,久裕,17.30,+0.20,17.10,17.30,17.00,39000,669050,30,TWSE_CSV,2026/9/30 15:49
1150930,2026/9/30,上市,4174,浩鼎,39.20,+3.55,39.00,39.20,38.55,1168000,45665350,454,TWSE_CSV,2026/9/30 15:49
1150930,2026/9/30,上市,4175,杏一,51.00,+0.50,50.60,51.00,50.60,11000,559000,7,TWSE_CSV,2026/9/30 15:49
1150930,2026/9/30,上市,4183,福永生技,13.55,-0.40,13.90,13.95,13.55,3000,41400,3,TWSE_CSV,2026/9/30 15:49
1150930,2026/9/30,上市,4188,安克,14.25,+0.35,13.90,14.25,13.70,137000,1904750,90,TWSE_CSV,2026/9/30 15:49
1150930,2026/9/30,上市,4192,杏國,18.65,+0.20,18.45,18.65,18.45,4000,74000,4,TWSE_CSV,2026/9/30 15:49
1150930,2026/9/30,上市,4198,欣大健康,49.50,-0.40,49.50,49.50,49.50,2000,99000,2,TWSE_CSV,2026/9/30 15:49
1150930,2026/9/30,上市,4205,中華食,68.50,0.00,68.50,68.50,68.50,24000,1644000,14,TWSE_CSV,2026/9/30 15:49
1150930,2026/9/30,上市,4207,環泰,19.35,-0.10,19.40,19.45,19.35,35000,679350,15,TWSE_CSV,2026/9/30 15:49
1150930,2026/9/30,上市,4303,信立,33.45,+0.05,33.55,33.60,33.20,632000,21084950,429,TWSE_CSV,2026/9/30 15:49
1150930,2026/9/30,上市,4304,勝昱,17.30,-0.40,17.30,17.70,17.30,45000,788950,28,TWSE_CSV,2026/9/30 15:49
1150930,2026/9/30,上市,4305,世坤,----,---,----,----,----,0,0,0,TWSE_CSV,2026/9/30 15:49
1150930,2026/9/30,上市,4401,東隆興,13.90,+0.05,14.00,14.00,13.75,25000,346750,14,TWSE_CSV,2026/9/30 15:49
1150930,2026/9/30,上市,4402,郡都開發,13.80,-0.35,14.15,14.20,13.75,26000,360450,22,TWSE_CSV,2026/9/30 15:49
1150930,2026/9/30,上市,4406,新昕纖,10.30,+0.05,10.10,10.30,10.10,18000,184200,11,TWSE_CSV,2026/9/30 15:49
1150930,2026/9/30,上市,4413,飛寶企業,20.30,-0.20,21.40,21.40,20.30,91000,1864250,32,TWSE_CSV,2026/9/30 15:49
1150930,2026/9/30,上市,4416,三圓,13.35,-0.40,13.85,13.85,13.35,894000,12082000,552,TWSE_CSV,2026/9/30 15:49
1150930,2026/9/30,上市,4417,金洲,49.55,-0.10,49.95,50.10,49.55,51000,2541900,39,TWSE_CSV,2026/9/30 15:49
1150930,2026/9/30,上市,4419,皇家美食,50.20,+1.20,49.00,50.20,49.00,477000,23857950,158,TWSE_CSV,2026/9/30 15:49
1150930,2026/9/30,上市,4420,光明,36.05,+0.25,35.75,36.20,35.75,34000,1221300,15,TWSE_CSV,2026/9/30 15:49
1150930,2026/9/30,上市,4430,耀億,17.75,-0.05,17.90,17.90,17.40,27000,475300,22,TWSE_CSV,2026/9/30 15:49
1150930,2026/9/30,上市,4432,銘旺實,15.40,0.00,15.30,15.45,15.25,30000,459950,26,TWSE_CSV,2026/9/30 15:49
1150930,2026/9/30,上市,4433,興采,18.05,0.00,18.20,18.20,17.70,131000,2345350,86,TWSE_CSV,2026/9/30 15:49
1150930,2026/9/30,上市,4442,竣邦-KY,54.10,+0.90,53.80,54.10,53.00,26000,1392300,23,TWSE_CSV,2026/9/30 15:49
1150930,2026/9/30,上市,4502,健信,15.90,+0.20,15.75,15.90,15.45,47000,733050,35,TWSE_CSV,2026/9/30 15:49
1150930,2026/9/30,上市,4503,金雨,24.15,+0.15,24.25,24.25,23.80,174000,4177550,104,TWSE_CSV,2026/9/30 15:49
1150930,2026/9/30,上市,4506,崇友,118.00,0.00,118.00,118.00,117.50,22000,2593500,20,TWSE_CSV,2026/9/30 15:49
1150930,2026/9/30,上市,4510,高鋒,44.00,+0.95,43.60,44.65,43.60,569000,25131400,406,TWSE_CSV,2026/9/30 15:49
1150930,2026/9/30,上市,4513,福裕,16.20,-0.10,16.35,16.35,16.20,137000,2229050,92,TWSE_CSV,2026/9/30 15:49
1150930,2026/9/30,上市,4523,永彰,23.90,+0.05,23.85,24.10,23.85,46000,1100450,32,TWSE_CSV,2026/9/30 15:49
1150930,2026/9/30,上市,4528,江興鍛,14.95,+0.10,15.10,15.10,14.95,4000,59950,4,TWSE_CSV,2026/9/30 15:49
1150930,2026/9/30,上市,4529,淳紳,3.33,0.00,3.33,3.33,3.33,17000,56610,7,TWSE_CSV,2026/9/30 15:49
1150930,2026/9/30,上市,4530,天意能創,24.75,+0.55,24.95,24.95,24.15,10000,247450,9,TWSE_CSV,2026/9/30 15:49
1150930,2026/9/30,上市,4533,協易機,25.65,+0.15,25.80,25.80,25.50,536000,13763800,315,TWSE_CSV,2026/9/30 15:49
1150930,2026/9/30,上市,4534,慶騰,30.95,-0.35,31.50,31.55,30.70,632000,19655050,314,TWSE_CSV,2026/9/30 15:49
1150930,2026/9/30,上市,4535,至興,27.00,+0.20,26.60,27.00,26.60,23000,617250,22,TWSE_CSV,2026/9/30 15:49
1150930,2026/9/30,上市,4538,大詠城,17.35,-0.20,17.40,17.40,17.25,10000,173200,10,TWSE_CSV,2026/9/30 15:49
1150930,2026/9/30,上市,4541,晟田,61.60,+2.30,59.40,63.20,59.20,2165000,132763800,1434,TWSE_CSV,2026/9/30 15:49
1150930,2026/9/30,上市,4542,科嶠,344.00,+5.00,345.00,347.00,338.00,449000,153852500,377,TWSE_CSV,2026/9/30 15:49
1150930,2026/9/30,上市,4543,萬在,29.45,+0.95,28.75,29.50,28.75,91000,2662900,77,TWSE_CSV,2026/9/30 15:49
1150930,2026/9/30,上市,4549,桓達,97.10,+0.90,95.80,97.70,95.60,67000,6479000,41,TWSE_CSV,2026/9/30 15:49
1150930,2026/9/30,上市,4550,長佳,24.45,+0.30,24.60,24.65,24.20,50000,1227550,19,TWSE_CSV,2026/9/30 15:49
1150930,2026/9/30,上市,4554,橙的,28.25,+0.20,28.30,28.35,28.05,46000,1297450,41,TWSE_CSV,2026/9/30 15:49
1150930,2026/9/30,上市,4556,旭然,101.50,+9.10,93.70,101.50,93.70,1040000,103227600,740,TWSE_CSV,2026/9/30 15:49
1150930,2026/9/30,上市,4558,寶緯,16.95,+0.05,17.00,17.15,16.95,25000,425150,20,TWSE_CSV,2026/9/30 15:49
1150930,2026/9/30,上市,4561,健椿,43.20,+1.30,42.15,43.30,42.15,266000,11349450,187,TWSE_CSV,2026/9/30 15:49
1150930,2026/9/30,上市,4563,百德,51.70,+0.30,51.50,52.40,49.90,337000,17338350,219,TWSE_CSV,2026/9/30 15:49
1150930,2026/9/30,上市,4568,科際精密,39.45,+0.40,39.05,39.80,39.05,17000,666450,14,TWSE_CSV,2026/9/30 15:49
1150930,2026/9/30,上市,4577,達航科技,92.40,+8.40,85.30,92.40,85.30,1075000,96990000,796,TWSE_CSV,2026/9/30 15:49
1150930,2026/9/30,上市,4580,捷流閥業,81.80,+0.80,82.20,82.20,81.30,95000,7756900,79,TWSE_CSV,2026/9/30 15:49
1150930,2026/9/30,上市,4584,君帆,37.00,-0.05,37.00,37.00,37.00,11000,407000,7,TWSE_CSV,2026/9/30 15:49
1150930,2026/9/30,上市,4609,唐鋒,4.15,-0.10,4.25,4.25,4.15,6000,25000,3,TWSE_CSV,2026/9/30 15:49
1150930,2026/9/30,上市,4702,中美實,9.31,-0.01,9.43,9.43,9.31,63000,589400,43,TWSE_CSV,2026/9/30 15:49
1150930,2026/9/30,上市,4706,大恭,33.85,0.00,33.85,33.85,33.85,2000,67700,2,TWSE_CSV,2026/9/30 15:49
1150930,2026/9/30,上市,4707,磐亞,30.35,+0.70,29.75,30.70,29.60,1476000,44506900,847,TWSE_CSV,2026/9/30 15:49
1150930,2026/9/30,上市,4711,永純,16.35,+0.15,16.50,16.60,16.20,18000,294750,18,TWSE_CSV,2026/9/30 15:49
1150930,2026/9/30,上市,4714,永捷,12.05,+0.25,11.90,12.10,11.90,622000,7451550,313,TWSE_CSV,2026/9/30 15:49
1150930,2026/9/30,上市,4716,大立,16.85,-0.05,17.05,17.05,16.75,677000,11442750,291,TWSE_CSV,2026/9/30 15:49
1150930,2026/9/30,上市,4721,美琪瑪,82.50,+2.70,79.00,84.30,78.90,1257000,103765800,941,TWSE_CSV,2026/9/30 15:49
1150930,2026/9/30,上市,4726,永昕,22.95,+0.30,22.35,22.95,22.35,61000,1381500,53,TWSE_CSV,2026/9/30 15:49
1150930,2026/9/30,上市,4728,雙美,399.00,-0.50,399.00,399.00,399.00,1000,399000,1,TWSE_CSV,2026/9/30 15:49
1150930,2026/9/30,上市,4729,熒茂,20.65,+1.85,19.10,20.65,19.10,1063000,21736950,504,TWSE_CSV,2026/9/30 15:49
1150930,2026/9/30,上市,4735,豪展,36.10,-0.10,36.20,36.50,36.10,13000,472000,12,TWSE_CSV,2026/9/30 15:49
1150930,2026/9/30,上市,4741,泓瀚,40.80,+0.75,40.65,42.25,40.40,171000,7004800,120,TWSE_CSV,2026/9/30 15:49
1150930,2026/9/30,上市,4743,合一,47.15,+1.45,45.85,47.35,45.40,1975000,92334900,1250,TWSE_CSV,2026/9/30 15:49
1150930,2026/9/30,上市,4744,皇將,29.20,+0.55,28.70,29.45,28.70,101000,2944600,55,TWSE_CSV,2026/9/30 15:49
1150930,2026/9/30,上市,4745,合富-KY,12.20,+0.10,12.10,12.20,12.10,28000,339650,17,TWSE_CSV,2026/9/30 15:49
1150930,2026/9/30,上市,4747,強生*,23.60,0.00,23.20,23.60,22.60,86000,1978300,70,TWSE_CSV,2026/9/30 15:49
1150930,2026/9/30,上市,4749,新應材,766.00,+2.00,782.00,788.00,752.00,818000,629257000,696,TWSE_CSV,2026/9/30 15:49
1150930,2026/9/30,上市,4754,國碳科,37.90,+0.20,37.70,37.90,37.50,44000,1663300,32,TWSE_CSV,2026/9/30 15:49
1150930,2026/9/30,上市,4760,勤凱,262.50,+2.50,264.00,264.50,260.00,111000,29135000,104,TWSE_CSV,2026/9/30 15:49
1150930,2026/9/30,上市,4767,誠泰科技,28.20,-0.10,28.35,28.35,28.00,6000,169300,6,TWSE_CSV,2026/9/30 15:49
1150930,2026/9/30,上市,4768,晶呈科技,380.00,+22.50,365.00,382.00,360.00,2834000,1058847500,2519,TWSE_CSV,2026/9/30 15:49
1150930,2026/9/30,上市,4772,台特化,269.00,-2.00,274.00,280.50,268.50,2219000,605602500,1795,TWSE_CSV,2026/9/30 15:49
1150930,2026/9/30,上市,4903,聯光通,42.90,+0.10,42.60,43.15,42.00,3403000,144947300,2197,TWSE_CSV,2026/9/30 15:49
1150930,2026/9/30,上市,4905,台聯電,76.50,-0.20,77.20,77.70,76.00,37000,2829300,22,TWSE_CSV,2026/9/30 15:49
1150930,2026/9/30,上市,4907,富宇,45.00,-0.25,45.25,45.25,44.75,23000,1033450,22,TWSE_CSV,2026/9/30 15:49
1150930,2026/9/30,上市,4908,前鼎,207.00,+1.50,210.50,212.00,205.50,1262000,262877500,1089,TWSE_CSV,2026/9/30 15:49
1150930,2026/9/30,上市,4909,新復興,36.40,+0.60,36.60,36.60,35.80,367000,13288200,299,TWSE_CSV,2026/9/30 15:49
1150930,2026/9/30,上市,4911,德英,28.20,-0.25,28.20,28.40,28.15,17000,480200,14,TWSE_CSV,2026/9/30 15:49
1150930,2026/9/30,上市,4923,力士,61.40,+0.20,61.40,62.70,60.80,658000,40522100,534,TWSE_CSV,2026/9/30 15:49
1150930,2026/9/30,上市,4924,欣厚-KY,16.50,+1.50,15.40,16.50,15.35,437000,7084350,183,TWSE_CSV,2026/9/30 15:49
1150930,2026/9/30,上市,4931,新盛力,252.00,+6.00,248.50,262.00,248.00,8627000,2203786500,6534,TWSE_CSV,2026/9/30 15:49
1150930,2026/9/30,上市,4933,友輝,54.40,+1.00,53.50,54.50,53.20,63000,3404700,55,TWSE_CSV,2026/9/30 15:49
1150930,2026/9/30,上市,4939,亞電,82.80,+7.50,77.00,82.80,77.00,10725000,871193100,5041,TWSE_CSV,2026/9/30 15:49
1150930,2026/9/30,上市,4946,辣椒,101.50,-0.50,101.00,101.50,100.00,17000,1713500,15,TWSE_CSV,2026/9/30 15:49
1150930,2026/9/30,上市,4950,金耘國際,15.65,+0.10,15.60,15.65,15.60,9000,140600,6,TWSE_CSV,2026/9/30 15:49
1150930,2026/9/30,上市,4951,精拓科,91.50,+1.30,90.30,93.20,89.60,534000,49008700,424,TWSE_CSV,2026/9/30 15:49
1150930,2026/9/30,上市,4953,緯致,117.00,+0.50,117.00,118.00,116.50,144000,16866500,113,TWSE_CSV,2026/9/30 15:49
1150930,2026/9/30,上市,4966,譜瑞-KY,571.00,+2.00,572.00,575.00,568.00,308000,176142000,284,TWSE_CSV,2026/9/30 15:49
1150930,2026/9/30,上市,4971,IET-KY,539.00,-1.00,553.00,558.00,537.00,869000,472814000,789,TWSE_CSV,2026/9/30 15:49
1150930,2026/9/30,上市,4972,湯石照明,16.30,-0.05,16.25,16.30,16.20,13000,211400,12,TWSE_CSV,2026/9/30 15:49
1150930,2026/9/30,上市,4973,廣穎,138.00,+3.00,136.00,138.50,136.00,386000,53011500,342,TWSE_CSV,2026/9/30 15:49
1150930,2026/9/30,上市,4974,亞泰,71.00,+0.40,71.00,71.10,70.60,73000,5178500,48,TWSE_CSV,2026/9/30 15:49
1150930,2026/9/30,上市,4979,華星光,569.00,+2.00,576.00,576.00,561.00,615000,350612000,541,TWSE_CSV,2026/9/30 15:49
1150930,2026/9/30,上市,4991,環宇-KY,488.00,+13.50,485.00,498.00,471.50,5006000,2425632500,4058,TWSE_CSV,2026/9/30 15:49
1150930,2026/9/30,上市,4995,晶達,50.50,+0.40,51.80,51.80,50.30,57000,2899900,14,TWSE_CSV,2026/9/30 15:49
1150930,2026/9/30,上市,5009,榮剛,33.10,+0.50,32.75,33.55,32.70,6137000,203649750,3009,TWSE_CSV,2026/9/30 15:49
1150930,2026/9/30,上市,5011,久陽,18.80,+0.05,18.90,19.25,18.80,281000,5331950,138,TWSE_CSV,2026/9/30 15:49
1150930,2026/9/30,上市,5013,強新,38.75,+3.50,38.50,38.75,38.05,1214000,46849500,405,TWSE_CSV,2026/9/30 15:49
1150930,2026/9/30,上市,5014,建錩,10.25,+0.05,10.20,10.35,10.20,373000,3829000,149,TWSE_CSV,2026/9/30 15:49
1150930,2026/9/30,上市,5015,華祺,21.90,+0.55,21.75,21.90,21.45,35000,758250,19,TWSE_CSV,2026/9/30 15:49
1150930,2026/9/30,上市,5016,松和,25.55,+0.75,24.95,25.85,24.95,137000,3483600,91,TWSE_CSV,2026/9/30 15:49
1150930,2026/9/30,上市,5201,凱衛,29.95,+0.40,29.75,30.20,29.45,119000,3541850,30,TWSE_CSV,2026/9/30 15:49
1150930,2026/9/30,上市,5202,力新,14.15,-0.10,14.55,14.75,14.10,622000,8875050,371,TWSE_CSV,2026/9/30 15:49
1150930,2026/9/30,上市,5205,中茂,18.90,+1.70,17.30,18.90,17.30,12000,220600,11,TWSE_CSV,2026/9/30 15:49
1150930,2026/9/30,上市,5206,坤悅,22.70,-0.05,22.75,22.85,22.50,128000,2897600,78,TWSE_CSV,2026/9/30 15:49
1150930,2026/9/30,上市,5209,新鼎,167.50,+1.00,166.50,168.50,166.50,37000,6208500,31,TWSE_CSV,2026/9/30 15:49
1150930,2026/9/30,上市,5210,寶碩,30.60,+0.35,30.35,30.90,30.30,241000,7351800,141,TWSE_CSV,2026/9/30 15:49
1150930,2026/9/30,上市,5211,蒙恬,20.65,+0.45,20.40,20.65,20.20,19000,388150,18,TWSE_CSV,2026/9/30 15:49
1150930,2026/9/30,上市,5212,凌網,48.90,0.00,49.15,49.15,48.15,20000,970450,16,TWSE_CSV,2026/9/30 15:49
1150930,2026/9/30,上市,5213,亞昕,20.90,+0.10,20.95,20.95,20.75,57000,1188800,41,TWSE_CSV,2026/9/30 15:49
1150930,2026/9/30,上市,5220,萬達光電,24.20,+2.20,22.80,24.20,22.00,1471000,34157350,792,TWSE_CSV,2026/9/30 15:49
1150930,2026/9/30,上市,5223,安力-KY,23.10,+0.10,23.10,23.10,23.10,1000,23100,1,TWSE_CSV,2026/9/30 15:49
1150930,2026/9/30,上市,5227,立凱-KY,31.50,+0.85,30.65,32.00,30.65,441000,13823750,231,TWSE_CSV,2026/9/30 15:49
1150930,2026/9/30,上市,5228,鈺鎧,39.75,+0.40,39.45,40.55,39.40,89000,3550850,73,TWSE_CSV,2026/9/30 15:49
1150930,2026/9/30,上市,5230,雷笛克光學,23.35,+1.20,22.45,24.10,21.70,1601000,36617350,1054,TWSE_CSV,2026/9/30 15:49
1150930,2026/9/30,上市,5245,智晶,20.85,+0.25,20.85,20.90,20.45,248000,5108150,126,TWSE_CSV,2026/9/30 15:49
1150930,2026/9/30,上市,5251,天鉞電,30.00,0.00,30.20,30.30,29.95,67000,2014200,58,TWSE_CSV,2026/9/30 15:49
1150930,2026/9/30,上市,5263,智崴,89.10,-0.50,89.60,89.90,88.60,198000,17634400,137,TWSE_CSV,2026/9/30 15:49
1150930,2026/9/30,上市,5272,笙科,18.00,+0.85,17.20,18.60,17.20,544000,9831800,397,TWSE_CSV,2026/9/30 15:49
1150930,2026/9/30,上市,5274,信驊,18750.00,-645.00,19525.00,19675.00,18680.00,206000,3921415000,200,TWSE_CSV,2026/9/30 15:49
1150930,2026/9/30,上市,5276,達輝-KY,17.60,-0.85,18.45,18.45,17.60,10000,180200,10,TWSE_CSV,2026/9/30 15:49
1150930,2026/9/30,上市,5278,尚凡*,23.95,+0.05,23.90,23.95,23.75,93000,2219050,56,TWSE_CSV,2026/9/30 15:49
1150930,2026/9/30,上市,5287,數字,137.50,0.00,137.00,137.50,136.50,24000,3293000,24,TWSE_CSV,2026/9/30 15:49
1150930,2026/9/30,上市,5289,宜鼎,1290.00,+10.00,1300.00,1325.00,1290.00,815000,1061735000,721,TWSE_CSV,2026/9/30 15:49
1150930,2026/9/30,上市,5291,邑昇,61.60,+2.80,59.90,62.50,59.80,661000,40549200,487,TWSE_CSV,2026/9/30 15:49
1150930,2026/9/30,上市,5299,杰力,102.50,+2.50,102.00,103.50,99.90,437000,44653300,278,TWSE_CSV,2026/9/30 15:49
1150930,2026/9/30,上市,5302,太欣,9.81,+0.09,9.75,9.88,9.75,159000,1559510,103,TWSE_CSV,2026/9/30 15:49
1150930,2026/9/30,上市,5309,系統電,62.70,+3.60,60.50,64.00,60.00,21584000,1350694100,12316,TWSE_CSV,2026/9/30 15:49
1150930,2026/9/30,上市,5310,天剛,27.60,-1.40,29.30,29.30,27.55,40000,1119150,34,TWSE_CSV,2026/9/30 15:49
1150930,2026/9/30,上市,5312,寶島科,89.90,0.00,89.90,90.10,89.80,27000,2427700,19,TWSE_CSV,2026/9/30 15:49
1150930,2026/9/30,上市,5314,世紀*,28.85,+1.40,28.05,29.00,28.05,10014000,285899150,4433,TWSE_CSV,2026/9/30 15:49
1150930,2026/9/30,上市,5315,光聯,18.75,+0.05,18.75,18.90,18.75,84000,1580450,63,TWSE_CSV,2026/9/30 15:49
1150930,2026/9/30,上市,5321,美而快,67.70,+0.20,66.60,68.20,66.60,202000,13649900,141,TWSE_CSV,2026/9/30 15:49
1150930,2026/9/30,上市,5324,士開,12.45,+0.05,12.40,12.50,12.35,175000,2175000,50,TWSE_CSV,2026/9/30 15:49
1150930,2026/9/30,上市,5328,華容,53.10,+0.80,53.30,53.80,52.80,1682000,89443600,1173,TWSE_CSV,2026/9/30 15:49
1150930,2026/9/30,上市,5340,建榮,81.00,+0.50,81.00,81.70,80.60,943000,76485600,642,TWSE_CSV,2026/9/30 15:49
1150930,2026/9/30,上市,5344,立衛,13.85,+0.50,13.35,14.20,13.25,209000,2884700,91,TWSE_CSV,2026/9/30 15:49
1150930,2026/9/30,上市,5345,馥鴻,21.50,-0.50,22.00,22.00,20.80,11000,234850,10,TWSE_CSV,2026/9/30 15:49
1150930,2026/9/30,上市,5347,世界,181.00,+2.50,184.50,185.00,179.00,23437000,4245936000,13687,TWSE_CSV,2026/9/30 15:49
1150930,2026/9/30,上市,5348,正能量智能,16.35,0.00,16.30,16.35,16.30,2000,32650,2,TWSE_CSV,2026/9/30 15:49
1150930,2026/9/30,上市,5351,鈺創,110.50,+1.00,111.50,112.50,109.50,7445000,825259000,4234,TWSE_CSV,2026/9/30 15:49
1150930,2026/9/30,上市,5353,台林,28.45,0.00,28.60,28.60,28.20,39000,1106900,25,TWSE_CSV,2026/9/30 15:49
1150930,2026/9/30,上市,5355,佳總,7.05,+0.05,7.00,7.09,7.00,103000,724140,42,TWSE_CSV,2026/9/30 15:49
1150930,2026/9/30,上市,5356,協益,25.70,+0.20,25.55,25.90,25.55,30000,772250,26,TWSE_CSV,2026/9/30 15:49
1150930,2026/9/30,上市,5364,力麗店,8.39,+0.04,8.40,8.45,8.32,10000,83870,10,TWSE_CSV,2026/9/30 15:49
1150930,2026/9/30,上市,5381,光譜,23.65,+0.45,23.35,23.85,23.35,305000,7198200,192,TWSE_CSV,2026/9/30 15:49
1150930,2026/9/30,上市,5386,青雲,290.00,+5.00,290.50,291.50,285.50,706000,204148000,601,TWSE_CSV,2026/9/30 15:49
1150930,2026/9/30,上市,5392,能率,40.10,+0.70,39.40,40.20,39.40,632000,25228000,440,TWSE_CSV,2026/9/30 15:49
1150930,2026/9/30,上市,5398,慕康生醫,13.85,-0.05,14.05,14.10,13.65,26000,357850,21,TWSE_CSV,2026/9/30 15:49
1150930,2026/9/30,上市,5403,中菲,92.80,-0.10,92.90,93.00,92.80,33000,3066100,24,TWSE_CSV,2026/9/30 15:49
1150930,2026/9/30,上市,5410,國眾,32.95,-0.25,33.40,33.40,32.85,240000,7925200,160,TWSE_CSV,2026/9/30 15:49
1150930,2026/9/30,上市,5425,台半,96.00,+0.20,96.40,97.00,94.50,6999000,669954200,4984,TWSE_CSV,2026/9/30 15:49
1150930,2026/9/30,上市,5426,振發,28.45,+0.65,28.00,28.50,28.00,300000,8466950,215,TWSE_CSV,2026/9/30 15:49
1150930,2026/9/30,上市,5432,新門,160.00,-0.50,162.00,162.50,159.50,70000,11253000,65,TWSE_CSV,2026/9/30 15:49
1150930,2026/9/30,上市,5438,東友,17.35,+0.35,17.45,17.65,17.00,189000,3293550,114,TWSE_CSV,2026/9/30 15:49
1150930,2026/9/30,上市,5439,高技,254.00,+1.00,259.00,267.50,253.00,2547000,655726500,1813,TWSE_CSV,2026/9/30 15:49
1150930,2026/9/30,上市,5443,均豪,113.00,+3.50,118.50,119.50,112.50,5723000,658643500,3867,TWSE_CSV,2026/9/30 15:49
1150930,2026/9/30,上市,5450,南良,14.80,+0.05,14.65,14.95,14.65,108000,1600400,81,TWSE_CSV,2026/9/30 15:49
1150930,2026/9/30,上市,5452,佶優,27.40,+0.25,27.30,27.50,27.25,225000,6158800,166,TWSE_CSV,2026/9/30 15:49
1150930,2026/9/30,上市,5455,昇益,----,---,----,----,----,0,0,0,TWSE_CSV,2026/9/30 15:49
1150930,2026/9/30,上市,5457,宣德,24.35,+0.85,23.65,24.35,23.60,544000,13136500,391,TWSE_CSV,2026/9/30 15:49
1150930,2026/9/30,上市,5460,同協,17.15,+0.25,16.85,17.15,16.60,60000,1014950,43,TWSE_CSV,2026/9/30 15:49
1150930,2026/9/30,上市,5464,霖宏,88.20,-1.80,91.60,91.60,88.10,470000,41965800,373,TWSE_CSV,2026/9/30 15:49
1150930,2026/9/30,上市,5465,富驊,33.05,-1.65,32.80,34.35,32.80,1745000,58234900,951,TWSE_CSV,2026/9/30 15:49
1150930,2026/9/30,上市,5468,凱鈺,25.85,+0.30,25.60,26.45,25.20,214000,5476450,146,TWSE_CSV,2026/9/30 15:49
1150930,2026/9/30,上市,5474,聰泰,164.00,+6.00,160.00,165.00,158.50,209000,34007500,190,TWSE_CSV,2026/9/30 15:49
1150930,2026/9/30,上市,5475,德宏,179.50,-1.00,183.00,185.00,178.50,3866000,703647000,2772,TWSE_CSV,2026/9/30 15:49
1150930,2026/9/30,上市,5478,智冠,97.10,+0.10,97.10,97.40,97.00,27000,2622300,27,TWSE_CSV,2026/9/30 15:49
1150930,2026/9/30,上市,5481,新華,21.80,-0.20,22.10,22.10,21.80,419000,9210550,132,TWSE_CSV,2026/9/30 15:49
1150930,2026/9/30,上市,5483,中美晶,207.50,+18.50,193.00,207.50,192.00,36608000,7352924000,20650,TWSE_CSV,2026/9/30 15:49
1150930,2026/9/30,上市,5487,通泰,28.60,+0.10,28.90,29.55,28.50,113000,3256050,94,TWSE_CSV,2026/9/30 15:49
1150930,2026/9/30,上市,5488,松普,12.10,+0.35,11.80,12.15,11.75,156000,1862200,98,TWSE_CSV,2026/9/30 15:49
1150930,2026/9/30,上市,5489,彩富,42.55,+0.35,42.45,43.10,42.35,34000,1448200,29,TWSE_CSV,2026/9/30 15:49
1150930,2026/9/30,上市,5490,同亨,25.65,+0.20,25.50,25.70,25.50,118000,3022600,84,TWSE_CSV,2026/9/30 15:49
1150930,2026/9/30,上市,5493,三聯,90.60,0.00,91.00,91.50,90.50,109000,9916200,95,TWSE_CSV,2026/9/30 15:49
1150930,2026/9/30,上市,5498,凱崴,51.20,+1.35,50.60,51.40,50.40,1041000,53004600,666,TWSE_CSV,2026/9/30 15:49
1150930,2026/9/30,上市,5508,永信建,53.10,+0.10,53.00,53.40,52.70,224000,11867800,120,TWSE_CSV,2026/9/30 15:49
1150930,2026/9/30,上市,5511,德昌,69.60,-0.10,70.10,70.10,69.30,119000,8258600,66,TWSE_CSV,2026/9/30 15:49
1150930,2026/9/30,上市,5512,力麒,7.71,+0.01,7.78,7.78,7.66,517000,3976610,162,TWSE_CSV,2026/9/30 15:49
1150930,2026/9/30,上市,5514,三豐,15.05,-0.05,15.05,15.05,15.05,9000,135450,5,TWSE_CSV,2026/9/30 15:49
1150930,2026/9/30,上市,5516,雙喜,12.00,0.00,12.00,12.10,12.00,4000,48100,3,TWSE_CSV,2026/9/30 15:49
1150930,2026/9/30,上市,5520,力泰,----,---,----,----,----,0,0,0,TWSE_CSV,2026/9/30 15:49
1150930,2026/9/30,上市,5523,豐謙,30.35,0.00,30.20,30.35,30.20,24000,726750,20,TWSE_CSV,2026/9/30 15:49
1150930,2026/9/30,上市,5529,鉅陞,26.45,-0.05,26.20,26.60,26.20,151000,4000450,54,TWSE_CSV,2026/9/30 15:49
1150930,2026/9/30,上市,5530,龍巖,48.85,+0.10,48.80,48.85,48.40,190000,9232800,127,TWSE_CSV,2026/9/30 15:49
1150930,2026/9/30,上市,5536,聖暉*,919.00,+17.00,908.00,935.00,908.00,1430000,1321619000,1303,TWSE_CSV,2026/9/30 15:49
1150930,2026/9/30,上市,5543,桓鼎-KY,26.70,-0.25,26.95,27.20,26.50,9000,241400,9,TWSE_CSV,2026/9/30 15:49
1150930,2026/9/30,上市,5547,久舜,20.15,+0.15,20.00,20.20,20.00,27000,542500,19,TWSE_CSV,2026/9/30 15:49
1150930,2026/9/30,上市,5548,安倉,20.15,-0.05,20.20,20.20,20.05,41000,826050,31,TWSE_CSV,2026/9/30 15:49
1150930,2026/9/30,上市,5601,台聯櫃,----,---,----,----,----,0,0,0,TWSE_CSV,2026/9/30 15:49
1150930,2026/9/30,上市,5603,陸海,13.35,-0.05,13.40,13.45,13.35,84000,1124450,59,TWSE_CSV,2026/9/30 15:49
1150930,2026/9/30,上市,5604,中連,31.20,+0.25,31.25,31.30,31.00,10000,311900,10,TWSE_CSV,2026/9/30 15:49
1150930,2026/9/30,上市,5609,中菲行,78.10,-0.10,78.20,78.60,78.00,121000,9455600,68,TWSE_CSV,2026/9/30 15:49
1150930,2026/9/30,上市,5701,劍湖山,4.06,-0.01,4.02,4.06,3.99,76000,304990,34,TWSE_CSV,2026/9/30 15:49
1150930,2026/9/30,上市,5703,亞都,13.35,-0.55,13.50,13.50,13.35,3000,40250,3,TWSE_CSV,2026/9/30 15:49
1150930,2026/9/30,上市,5704,老爺知,22.65,+0.15,22.50,22.65,22.20,85000,1906150,24,TWSE_CSV,2026/9/30 15:49
1150930,2026/9/30,上市,5864,致和證,39.20,+2.30,37.45,39.35,37.35,5176000,198605650,2129,TWSE_CSV,2026/9/30 15:49
1150930,2026/9/30,上市,5878,台名,37.85,-0.05,38.00,38.00,37.85,5000,189500,5,TWSE_CSV,2026/9/30 15:49
1150930,2026/9/30,上市,5902,德記,34.50,+0.30,34.45,34.70,34.45,75000,2584150,5,TWSE_CSV,2026/9/30 15:49
1150930,2026/9/30,上市,5903,全家,186.00,-0.50,186.50,186.50,186.00,16000,2981000,10,TWSE_CSV,2026/9/30 15:49
1150930,2026/9/30,上市,5904,寶雅*,69.70,+0.90,68.90,70.10,68.80,4825000,335810200,2631,TWSE_CSV,2026/9/30 15:49
1150930,2026/9/30,上市,5905,南仁湖,7.32,-0.08,7.40,7.40,7.29,354000,2591100,161,TWSE_CSV,2026/9/30 15:49
1150930,2026/9/30,上市,6015,宏遠證,17.95,+0.55,17.60,18.10,17.55,2620000,46914450,843,TWSE_CSV,2026/9/30 15:49
1150930,2026/9/30,上市,6016,康和證,24.30,+0.80,23.75,24.40,23.65,5258000,127004850,1845,TWSE_CSV,2026/9/30 15:49
1150930,2026/9/30,上市,6020,大展證,20.75,+0.25,20.70,20.75,20.70,12000,248700,10,TWSE_CSV,2026/9/30 15:49
1150930,2026/9/30,上市,6021,美好證,41.80,+0.70,41.70,41.95,41.45,116000,4835000,86,TWSE_CSV,2026/9/30 15:49
1150930,2026/9/30,上市,6023,元大期,85.00,-1.00,86.70,86.70,85.00,733000,62756300,413,TWSE_CSV,2026/9/30 15:49
1150930,2026/9/30,上市,6026,福邦證,16.10,+0.20,16.00,16.15,15.90,1096000,17606450,432,TWSE_CSV,2026/9/30 15:49
1150930,2026/9/30,上市,6028,公勝保經,99.00,+0.20,98.70,99.00,98.50,7000,690500,7,TWSE_CSV,2026/9/30 15:49
1150930,2026/9/30,上市,6101,寬魚國際,37.40,+0.15,37.85,37.85,37.00,226000,8431900,183,TWSE_CSV,2026/9/30 15:49
1150930,2026/9/30,上市,6103,合邦,38.30,-3.50,38.60,39.30,37.70,131000,5038250,112,TWSE_CSV,2026/9/30 15:49
1150930,2026/9/30,上市,6104,創惟,91.50,+0.50,90.90,91.60,90.70,412000,37587500,332,TWSE_CSV,2026/9/30 15:49
1150930,2026/9/30,上市,6109,亞元,10.55,+0.20,10.50,10.65,10.50,131000,1382000,56,TWSE_CSV,2026/9/30 15:49
1150930,2026/9/30,上市,6111,光聚晶電,38.65,+0.85,37.80,38.70,37.55,231000,8867800,166,TWSE_CSV,2026/9/30 15:49
1150930,2026/9/30,上市,6113,亞矽,22.65,+0.50,22.30,22.80,22.30,72000,1632850,52,TWSE_CSV,2026/9/30 15:49
1150930,2026/9/30,上市,6114,久威,23.45,+0.20,24.10,24.10,23.35,99000,2324550,22,TWSE_CSV,2026/9/30 15:49
1150930,2026/9/30,上市,6118,建達,16.05,+0.10,16.40,16.80,16.00,699000,11373300,420,TWSE_CSV,2026/9/30 15:49
1150930,2026/9/30,上市,6121,新普,377.00,-2.50,381.00,381.00,376.50,389000,147123000,304,TWSE_CSV,2026/9/30 15:49
1150930,2026/9/30,上市,6122,擎邦,60.50,+0.80,60.30,60.90,59.20,2280000,137009700,1308,TWSE_CSV,2026/9/30 15:49
1150930,2026/9/30,上市,6123,上奇,43.05,-0.15,43.10,43.30,42.00,87000,3727300,52,TWSE_CSV,2026/9/30 15:49
1150930,2026/9/30,上市,6124,業強,27.20,-0.25,27.85,27.85,27.20,12000,330300,11,TWSE_CSV,2026/9/30 15:49
1150930,2026/9/30,上市,6125,廣運,49.90,+0.65,49.80,50.00,49.60,480000,23901150,314,TWSE_CSV,2026/9/30 15:49
1150930,2026/9/30,上市,6126,信音,30.90,+0.10,30.80,31.05,30.70,282000,8688100,168,TWSE_CSV,2026/9/30 15:49
1150930,2026/9/30,上市,6127,九豪,51.70,+0.70,52.00,52.30,50.00,4064000,208984200,2754,TWSE_CSV,2026/9/30 15:49
1150930,2026/9/30,上市,6129,普誠,14.90,+0.25,14.65,15.05,14.60,393000,5864150,239,TWSE_CSV,2026/9/30 15:49
1150930,2026/9/30,上市,6130,上亞科技,23.75,-0.05,23.80,23.85,23.50,155000,3676800,37,TWSE_CSV,2026/9/30 15:49
1150930,2026/9/30,上市,6134,萬旭,29.20,-0.05,29.30,29.45,29.05,168000,4903400,116,TWSE_CSV,2026/9/30 15:49
1150930,2026/9/30,上市,6138,茂達,276.00,-2.50,280.00,281.00,276.00,319000,88480000,273,TWSE_CSV,2026/9/30 15:49
1150930,2026/9/30,上市,6140,訊達,20.20,-0.55,20.75,20.95,20.10,315000,6401800,195,TWSE_CSV,2026/9/30 15:49
1150930,2026/9/30,上市,6143,振曜,81.00,0.00,80.90,81.50,80.90,179000,14518300,144,TWSE_CSV,2026/9/30 15:49
1150930,2026/9/30,上市,6144,得利影,12.55,0.00,12.45,12.55,12.45,5000,62650,4,TWSE_CSV,2026/9/30 15:49
1150930,2026/9/30,上市,6146,耕興,181.50,+1.50,180.00,182.50,180.00,202000,36699000,177,TWSE_CSV,2026/9/30 15:49
1150930,2026/9/30,上市,6147,頎邦,209.50,+1.00,211.50,214.50,209.00,20808000,4411863500,12179,TWSE_CSV,2026/9/30 15:49
1150930,2026/9/30,上市,6148,驊宏資,38.10,-0.40,37.95,39.40,37.90,1353000,51886400,952,TWSE_CSV,2026/9/30 15:49
1150930,2026/9/30,上市,6150,撼訊,63.60,+1.50,62.20,64.10,62.20,340000,21510800,254,TWSE_CSV,2026/9/30 15:49
1150930,2026/9/30,上市,6151,晉倫,34.75,0.00,34.75,35.05,34.30,117000,4055200,76,TWSE_CSV,2026/9/30 15:49
1150930,2026/9/30,上市,6154,順發,14.20,+0.05,14.15,14.25,14.15,33000,468350,19,TWSE_CSV,2026/9/30 15:49
1150930,2026/9/30,上市,6156,松上,21.85,+0.20,21.80,22.10,21.55,741000,16097900,391,TWSE_CSV,2026/9/30 15:49
1150930,2026/9/30,上市,6158,禾昌,17.20,-0.05,17.35,17.40,17.05,88000,1509300,54,TWSE_CSV,2026/9/30 15:49
1150930,2026/9/30,上市,6160,欣技,13.90,0.00,13.95,14.10,13.85,59000,820600,30,TWSE_CSV,2026/9/30 15:49
1150930,2026/9/30,上市,6161,捷波,51.50,+2.50,50.10,51.50,49.70,203000,10298400,124,TWSE_CSV,2026/9/30 15:49
1150930,2026/9/30,上市,6163,華電網,41.70,+0.20,42.00,42.30,41.20,1247000,51949550,550,TWSE_CSV,2026/9/30 15:49
1150930,2026/9/30,上市,6167,久正,10.30,+0.10,10.25,10.35,10.25,199000,2046700,94,TWSE_CSV,2026/9/30 15:49
1150930,2026/9/30,上市,6169,昱泉,12.00,0.00,12.00,12.00,12.00,2000,24000,2,TWSE_CSV,2026/9/30 15:49
1150930,2026/9/30,上市,6170,統振,48.65,-0.15,48.80,48.90,48.50,125000,6091300,61,TWSE_CSV,2026/9/30 15:49
1150930,2026/9/30,上市,6171,大城地產,26.75,+0.15,26.70,26.90,26.60,149000,3985000,79,TWSE_CSV,2026/9/30 15:49
1150930,2026/9/30,上市,6173,信昌電,288.50,-9.00,301.00,303.50,288.00,10697000,3143980000,7946,TWSE_CSV,2026/9/30 15:49
1150930,2026/9/30,上市,6174,安碁,45.50,+0.45,45.35,46.20,44.65,499000,22599300,390,TWSE_CSV,2026/9/30 15:49
1150930,2026/9/30,上市,6175,立敦,70.40,+1.20,70.00,70.90,69.90,504000,35481100,388,TWSE_CSV,2026/9/30 15:49
1150930,2026/9/30,上市,6179,亞通,36.30,-1.15,37.80,37.80,35.70,7509000,272522550,3850,TWSE_CSV,2026/9/30 15:49
1150930,2026/9/30,上市,6180,橘子,41.40,+0.30,41.10,41.40,40.80,229000,9412500,141,TWSE_CSV,2026/9/30 15:49
1150930,2026/9/30,上市,6182,合晶,133.00,+12.00,123.00,133.00,121.00,155900000,19877805000,78961,TWSE_CSV,2026/9/30 15:49
1150930,2026/9/30,上市,6185,幃翔,12.50,+0.15,12.45,12.50,12.35,101000,1254500,50,TWSE_CSV,2026/9/30 15:49
1150930,2026/9/30,上市,6186,新潤,29.15,+0.15,28.85,29.20,28.85,282000,8200350,178,TWSE_CSV,2026/9/30 15:49
1150930,2026/9/30,上市,6187,萬潤,1310.00,0.00,1375.00,1420.00,1275.00,4915000,6602535000,4016,TWSE_CSV,2026/9/30 15:49
1150930,2026/9/30,上市,6188,廣明,62.10,+0.50,61.80,62.40,61.80,657000,40790400,344,TWSE_CSV,2026/9/30 15:49
1150930,2026/9/30,上市,6190,萬泰科,70.40,+1.10,70.10,71.20,69.60,1946000,137482600,1327,TWSE_CSV,2026/9/30 15:49
1150930,2026/9/30,上市,6194,育富,29.85,+0.25,30.50,30.50,29.85,42000,1257050,21,TWSE_CSV,2026/9/30 15:49
1150930,2026/9/30,上市,6195,詩肯,28.25,-0.05,28.35,28.35,28.20,9000,254250,6,TWSE_CSV,2026/9/30 15:49
1150930,2026/9/30,上市,6198,瑞築,20.05,+0.65,20.05,20.05,20.05,1000,20050,1,TWSE_CSV,2026/9/30 15:49
1150930,2026/9/30,上市,6199,天品,127.50,+1.50,126.00,128.00,125.00,6632000,844532000,1795,TWSE_CSV,2026/9/30 15:49
1150930,2026/9/30,上市,006201,元大富櫃50,46.50,+0.50,46.53,46.85,46.44,105000,4890470,57,TWSE_CSV,2026/9/30 15:49
1150930,2026/9/30,上市,6203,海韻電,60.00,+0.10,59.60,60.20,59.60,87000,5219500,61,TWSE_CSV,2026/9/30 15:49
1150930,2026/9/30,上市,6204,艾華,103.00,0.00,105.00,108.00,103.00,345000,36075500,306,TWSE_CSV,2026/9/30 15:49
1150930,2026/9/30,上市,6207,雷科,151.00,+13.50,141.00,151.00,140.00,20628000,3036753000,11429,TWSE_CSV,2026/9/30 15:49
1150930,2026/9/30,上市,6208,日揚,76.00,+1.40,75.40,76.30,75.10,111000,8407100,94,TWSE_CSV,2026/9/30 15:49
1150930,2026/9/30,上市,6210,慶生,17.90,+0.15,17.55,17.95,17.50,21000,373150,14,TWSE_CSV,2026/9/30 15:49
1150930,2026/9/30,上市,6212,理銘,----,---,----,----,----,0,0,0,TWSE_CSV,2026/9/30 15:49
1150930,2026/9/30,上市,6217,中探針,176.50,+3.50,173.00,178.00,173.00,3088000,542658500,2188,TWSE_CSV,2026/9/30 15:49
1150930,2026/9/30,上市,6218,豪勉,61.90,-1.30,63.30,63.30,61.60,1257000,78137300,994,TWSE_CSV,2026/9/30 15:49
1150930,2026/9/30,上市,6219,富旺,12.20,+0.05,12.10,12.30,12.00,82000,994200,35,TWSE_CSV,2026/9/30 15:49
1150930,2026/9/30,上市,6220,岳豐,25.20,-0.05,25.20,25.30,25.10,71000,1787800,53,TWSE_CSV,2026/9/30 15:49
1150930,2026/9/30,上市,6221,晉泰,31.00,-1.85,31.75,32.90,30.55,2236000,70212400,1434,TWSE_CSV,2026/9/30 15:49
1150930,2026/9/30,上市,6222,立軒,19.30,+0.50,19.40,20.05,18.95,6000,117050,6,TWSE_CSV,2026/9/30 15:49
1150930,2026/9/30,上市,6223,旺矽,5125.00,-60.00,5275.00,5320.00,5100.00,897000,4636075000,833,TWSE_CSV,2026/9/30 15:49
1150930,2026/9/30,上市,6227,茂綸,132.00,-4.00,136.00,137.50,132.00,918000,123180500,786,TWSE_CSV,2026/9/30 15:49
1150930,2026/9/30,上市,6228,全譜,18.80,-1.00,20.60,20.60,18.80,28000,547150,27,TWSE_CSV,2026/9/30 15:49
1150930,2026/9/30,上市,6229,研通,24.20,+0.20,23.95,24.25,23.65,128000,3064250,97,TWSE_CSV,2026/9/30 15:49
1150930,2026/9/30,上市,6231,系微,235.00,-6.00,240.50,243.00,234.50,407000,96675500,367,TWSE_CSV,2026/9/30 15:49
1150930,2026/9/30,上市,6233,旺玖,22.80,+1.00,21.80,22.90,21.80,311000,6958150,149,TWSE_CSV,2026/9/30 15:49
1150930,2026/9/30,上市,6234,高僑,39.75,+0.85,39.00,40.80,38.85,1409000,56075700,762,TWSE_CSV,2026/9/30 15:49
1150930,2026/9/30,上市,6236,中湛,18.50,+0.05,19.05,19.05,18.50,2000,37550,2,TWSE_CSV,2026/9/30 15:49
1150930,2026/9/30,上市,6237,驊訊,36.50,+0.30,36.25,37.20,36.20,240000,8769650,194,TWSE_CSV,2026/9/30 15:49
1150930,2026/9/30,上市,6240,松崗,25.55,+0.05,25.50,26.45,25.45,33000,851650,25,TWSE_CSV,2026/9/30 15:49
1150930,2026/9/30,上市,6241,鑫永洋,16.30,+0.75,15.55,16.95,15.55,121000,1979300,88,TWSE_CSV,2026/9/30 15:49
1150930,2026/9/30,上市,6242,立康,34.05,-0.05,34.50,34.50,34.05,6000,205050,6,TWSE_CSV,2026/9/30 15:49
1150930,2026/9/30,上市,6244,茂迪,25.05,+1.55,23.60,25.10,23.60,10277000,254568250,5037,TWSE_CSV,2026/9/30 15:49
1150930,2026/9/30,上市,6245,立端,87.80,-0.90,88.90,90.60,87.10,975000,86275100,749,TWSE_CSV,2026/9/30 15:49
1150930,2026/9/30,上市,6246,臺龍,12.85,-0.05,13.20,13.20,12.85,26000,338300,20,TWSE_CSV,2026/9/30 15:49
1150930,2026/9/30,上市,6248,沛波,17.15,+0.30,17.00,17.15,17.00,82000,1397250,56,TWSE_CSV,2026/9/30 15:49
1150930,2026/9/30,上市,6259,百徽,30.25,+0.95,29.60,30.35,29.30,182000,5430300,134,TWSE_CSV,2026/9/30 15:49
1150930,2026/9/30,上市,6261,久元,79.10,+0.70,78.60,79.90,78.10,356000,28074100,307,TWSE_CSV,2026/9/30 15:49
1150930,2026/9/30,上市,6263,普萊德,158.50,+3.00,157.50,159.00,157.50,87000,13735000,74,TWSE_CSV,2026/9/30 15:49
1150930,2026/9/30,上市,6264,富裔,6.03,+0.02,6.01,6.04,5.97,35000,209280,13,TWSE_CSV,2026/9/30 15:49
1150930,2026/9/30,上市,6265,方土昶,48.65,+0.85,48.35,48.95,48.20,898000,43547350,629,TWSE_CSV,2026/9/30 15:49
1150930,2026/9/30,上市,6266,泰詠,25.00,+0.15,25.00,25.00,24.85,151000,3764750,72,TWSE_CSV,2026/9/30 15:49
1150930,2026/9/30,上市,6270,倍微,30.00,-0.25,30.20,30.40,30.00,164000,4941000,128,TWSE_CSV,2026/9/30 15:49
1150930,2026/9/30,上市,6274,台燿,1520.00,+35.00,1500.00,1550.00,1485.00,5953000,9031760000,4835,TWSE_CSV,2026/9/30 15:49
1150930,2026/9/30,上市,6275,元山,47.15,+0.60,47.35,47.45,46.90,216000,10185700,165,TWSE_CSV,2026/9/30 15:49
1150930,2026/9/30,上市,6276,安鈦克,19.30,-0.15,19.00,19.35,19.00,10000,191350,10,TWSE_CSV,2026/9/30 15:49
1150930,2026/9/30,上市,6279,胡連,112.50,+1.00,113.00,113.00,111.00,328000,36659500,233,TWSE_CSV,2026/9/30 15:49
1150930,2026/9/30,上市,6284,佳邦,75.60,-1.40,78.20,78.60,75.60,1449000,110928900,1089,TWSE_CSV,2026/9/30 15:49
1150930,2026/9/30,上市,6290,良維,280.00,+10.50,272.00,283.50,270.00,3313000,921732000,2353,TWSE_CSV,2026/9/30 15:49
1150930,2026/9/30,上市,6291,沛亨,500.00,+1.00,504.00,510.00,494.00,897000,450945000,824,TWSE_CSV,2026/9/30 15:49
1150930,2026/9/30,上市,6292,迅德,66.60,-0.20,67.00,67.30,66.20,171000,11395700,148,TWSE_CSV,2026/9/30 15:49
1150930,2026/9/30,上市,6294,智基,28.25,0.00,29.00,29.00,28.25,27000,776350,15,TWSE_CSV,2026/9/30 15:49
1150930,2026/9/30,上市,6411,晶焱,77.60,+0.10,78.20,78.30,77.40,191000,14831300,147,TWSE_CSV,2026/9/30 15:49
1150930,2026/9/30,上市,6417,韋僑,102.00,0.00,102.50,103.50,102.00,68000,6981500,48,TWSE_CSV,2026/9/30 15:49
1150930,2026/9/30,上市,6418,詠昇,34.65,+0.05,34.50,35.20,34.50,81000,2810500,44,TWSE_CSV,2026/9/30 15:49
1150930,2026/9/30,上市,6419,京晨科,156.00,+4.00,155.00,158.50,153.00,268000,41828500,216,TWSE_CSV,2026/9/30 15:49
1150930,2026/9/30,上市,6423,億而得,85.90,0.00,86.30,86.30,84.60,28000,2394900,27,TWSE_CSV,2026/9/30 15:49
1150930,2026/9/30,上市,6425,易發,79.00,+5.00,74.20,79.80,74.20,4319000,337806300,2993,TWSE_CSV,2026/9/30 15:49
1150930,2026/9/30,上市,6432,今展科,63.50,+4.00,60.30,65.10,59.80,1287000,81357600,832,TWSE_CSV,2026/9/30 15:49
1150930,2026/9/30,上市,6435,大中,252.00,-0.50,255.50,259.00,252.00,284000,72115500,259,TWSE_CSV,2026/9/30 15:49
1150930,2026/9/30,上市,6441,廣錠,24.70,-0.05,24.80,25.30,24.55,118000,2922700,98,TWSE_CSV,2026/9/30 15:49
1150930,2026/9/30,上市,6461,益得,24.45,+0.15,24.00,24.50,24.00,61000,1479100,40,TWSE_CSV,2026/9/30 15:49
1150930,2026/9/30,上市,6462,神盾,106.00,+3.00,105.50,106.50,102.50,1032000,107677500,718,TWSE_CSV,2026/9/30 15:49
1150930,2026/9/30,上市,6465,威潤,41.75,+0.30,41.15,41.80,40.30,59000,2431200,48,TWSE_CSV,2026/9/30 15:49
1150930,2026/9/30,上市,6469,大樹,64.40,-0.10,64.50,64.70,64.30,221000,14258900,153,TWSE_CSV,2026/9/30 15:49
1150930,2026/9/30,上市,6470,宇智,42.70,0.00,42.35,42.70,42.00,32000,1352600,30,TWSE_CSV,2026/9/30 15:49
1150930,2026/9/30,上市,6474,華豫寧,35.70,+0.20,35.50,35.70,35.50,16000,570000,15,TWSE_CSV,2026/9/30 15:49
1150930,2026/9/30,上市,6482,弘煜科,23.50,+0.15,23.40,23.50,23.40,4000,93700,3,TWSE_CSV,2026/9/30 15:49
1150930,2026/9/30,上市,6485,點序,77.00,+7.00,70.60,77.00,70.60,2135000,161513700,1297,TWSE_CSV,2026/9/30 15:49
1150930,2026/9/30,上市,6486,互動,80.60,0.00,80.80,80.90,80.60,43000,3472400,32,TWSE_CSV,2026/9/30 15:49
1150930,2026/9/30,上市,6488,環球晶,1035.00,+90.00,966.00,1035.00,953.00,17757000,17666364000,13668,TWSE_CSV,2026/9/30 15:49
1150930,2026/9/30,上市,6492,生華科,34.35,+0.20,34.35,34.40,34.05,191000,6532300,122,TWSE_CSV,2026/9/30 15:49
1150930,2026/9/30,上市,6494,九齊,51.80,+1.00,51.00,51.80,51.00,68000,3500400,58,TWSE_CSV,2026/9/30 15:49
1150930,2026/9/30,上市,6496,科懋,23.65,+0.25,23.40,23.85,23.05,157000,3683000,23,TWSE_CSV,2026/9/30 15:49
1150930,2026/9/30,上市,6498,久禾光,66.80,-0.70,67.80,67.80,66.30,78000,5202200,64,TWSE_CSV,2026/9/30 15:49
1150930,2026/9/30,上市,6499,益安,77.70,+3.20,73.90,78.00,73.90,484000,37225700,295,TWSE_CSV,2026/9/30 15:49
1150930,2026/9/30,上市,6506,雙邦,18.60,+0.10,18.40,18.60,18.40,51000,943000,18,TWSE_CSV,2026/9/30 15:49
1150930,2026/9/30,上市,6508,惠光,26.95,-0.05,27.10,27.45,26.95,30000,811700,28,TWSE_CSV,2026/9/30 15:49
1150930,2026/9/30,上市,6509,聚和,49.10,+0.95,48.50,50.10,48.30,1798000,88877100,1031,TWSE_CSV,2026/9/30 15:49
1150930,2026/9/30,上市,6510,精測,3065.00,-75.00,3170.00,3240.00,3065.00,965000,3021440000,891,TWSE_CSV,2026/9/30 15:49
1150930,2026/9/30,上市,6512,啟發電,20.25,0.00,20.10,20.25,20.10,3000,60550,3,TWSE_CSV,2026/9/30 15:49
1150930,2026/9/30,上市,6516,勤崴國際,56.50,+0.30,57.50,57.50,56.20,31000,1747200,29,TWSE_CSV,2026/9/30 15:49
1150930,2026/9/30,上市,6517,保勝光學,63.60,+0.80,63.20,63.60,63.10,89000,5641200,76,TWSE_CSV,2026/9/30 15:49
1150930,2026/9/30,上市,6523,達爾膚,91.00,+0.60,91.00,93.00,90.60,109000,9990600,82,TWSE_CSV,2026/9/30 15:49
1150930,2026/9/30,上市,6527,明達醫,75.00,0.00,73.10,75.00,73.10,37000,2768600,21,TWSE_CSV,2026/9/30 15:49
1150930,2026/9/30,上市,6530,創威,104.50,+5.00,100.00,105.00,100.00,3494000,358600000,2461,TWSE_CSV,2026/9/30 15:49
1150930,2026/9/30,上市,6532,瑞耘,118.50,+10.50,114.00,118.50,114.00,1499000,175628000,815,TWSE_CSV,2026/9/30 15:49
1150930,2026/9/30,上市,6535,順藥,82.20,+1.50,80.70,82.90,80.70,241000,19786700,225,TWSE_CSV,2026/9/30 15:49
1150930,2026/9/30,上市,6538,倉和,356.00,-2.50,360.50,374.50,355.00,2075000,755522500,1724,TWSE_CSV,2026/9/30 15:49
1150930,2026/9/30,上市,6542,隆中,40.50,-0.45,40.25,40.50,40.25,8000,322500,6,TWSE_CSV,2026/9/30 15:49
1150930,2026/9/30,上市,6546,正基,59.40,+0.80,59.50,60.10,59.20,219000,13068700,169,TWSE_CSV,2026/9/30 15:49
1150930,2026/9/30,上市,6547,高端疫苗,62.40,+1.50,61.00,63.40,60.80,3686000,230124900,1985,TWSE_CSV,2026/9/30 15:49
1150930,2026/9/30,上市,6548,長科*,72.20,+0.40,72.20,73.50,72.10,993000,71876800,716,TWSE_CSV,2026/9/30 15:49
1150930,2026/9/30,上市,6556,勝品,62.10,+0.20,62.00,62.10,62.00,4000,248200,4,TWSE_CSV,2026/9/30 15:49
1150930,2026/9/30,上市,6560,欣普羅,32.20,-0.20,32.45,32.45,32.10,19000,613000,17,TWSE_CSV,2026/9/30 15:49
1150930,2026/9/30,上市,6561,是方,307.00,-1.50,309.00,309.50,306.50,93000,28573000,84,TWSE_CSV,2026/9/30 15:49
1150930,2026/9/30,上市,6568,宏觀,142.50,-1.50,146.50,150.00,142.50,206000,30009500,153,TWSE_CSV,2026/9/30 15:49
1150930,2026/9/30,上市,6569,醫揚,92.20,+0.20,92.10,92.20,91.60,12000,1102300,12,TWSE_CSV,2026/9/30 15:49
1150930,2026/9/30,上市,6570,維田,47.55,-0.20,47.85,47.85,47.15,98000,4652000,71,TWSE_CSV,2026/9/30 15:49
1150930,2026/9/30,上市,6574,霈方,118.50,-1.00,118.50,119.00,118.00,27000,3193500,21,TWSE_CSV,2026/9/30 15:49
1150930,2026/9/30,上市,6576,逸達,79.50,-0.20,79.50,79.60,79.30,56000,4450800,47,TWSE_CSV,2026/9/30 15:49
1150930,2026/9/30,上市,6577,勁豐,80.00,+0.60,79.40,80.00,79.30,26000,2070800,20,TWSE_CSV,2026/9/30 15:49
1150930,2026/9/30,上市,6578,達邦蛋白,16.45,-0.10,16.40,16.50,16.30,47000,771450,33,TWSE_CSV,2026/9/30 15:49
1150930,2026/9/30,上市,6584,南俊國際,540.00,-3.00,545.00,549.00,540.00,160000,86838000,150,TWSE_CSV,2026/9/30 15:49
1150930,2026/9/30,上市,6588,東典光電,108.00,+0.50,109.50,113.50,108.00,1068000,118000000,858,TWSE_CSV,2026/9/30 15:49
1150930,2026/9/30,上市,6590,普鴻,65.90,-0.30,66.20,66.30,65.90,25000,1651800,21,TWSE_CSV,2026/9/30 15:49
1150930,2026/9/30,上市,6593,台灣銘板,32.25,0.00,32.10,32.25,31.70,10000,319900,9,TWSE_CSV,2026/9/30 15:49
1150930,2026/9/30,上市,6596,寬宏藝術,97.30,+0.40,97.80,97.80,97.00,89000,8661300,72,TWSE_CSV,2026/9/30 15:49
1150930,2026/9/30,上市,6597,立誠,68.70,+0.20,65.60,68.70,65.60,6000,402800,6,TWSE_CSV,2026/9/30 15:49
1150930,2026/9/30,上市,6603,富強鑫,28.80,-0.45,30.00,30.70,28.60,6951000,205003750,3818,TWSE_CSV,2026/9/30 15:49
1150930,2026/9/30,上市,6609,瀧澤科,39.95,+0.35,39.70,40.00,39.45,75000,2972000,51,TWSE_CSV,2026/9/30 15:49
1150930,2026/9/30,上市,6612,奈米醫材,72.50,+0.70,72.00,72.50,71.80,36000,2594300,32,TWSE_CSV,2026/9/30 15:49
1150930,2026/9/30,上市,6613,朋億*,274.00,+4.00,272.00,276.50,272.00,206000,56488500,180,TWSE_CSV,2026/9/30 15:49
1150930,2026/9/30,上市,6615,慧智,33.50,+0.10,33.40,33.50,33.40,3000,100300,3,TWSE_CSV,2026/9/30 15:49
1150930,2026/9/30,上市,6616,特昇-KY,8.18,-0.05,8.25,8.25,8.05,7000,57310,7,TWSE_CSV,2026/9/30 15:49
1150930,2026/9/30,上市,6617,共信-KY,138.50,+5.50,135.00,142.00,135.00,688000,95485500,590,TWSE_CSV,2026/9/30 15:49
1150930,2026/9/30,上市,6620,漢達,141.00,+5.00,137.50,145.00,133.00,7305000,1019699000,4860,TWSE_CSV,2026/9/30 15:49
1150930,2026/9/30,上市,6624,萬年清,38.25,-0.95,39.45,39.45,38.15,10000,385350,10,TWSE_CSV,2026/9/30 15:49
1150930,2026/9/30,上市,6629,泰金-KY,103.50,0.00,102.50,103.50,102.50,4000,412000,4,TWSE_CSV,2026/9/30 15:49
1150930,2026/9/30,上市,6637,醫影,53.80,-0.30,54.40,54.50,53.60,15000,813400,15,TWSE_CSV,2026/9/30 15:49
1150930,2026/9/30,上市,6640,均華,1040.00,0.00,1065.00,1090.00,1030.00,259000,274225000,243,TWSE_CSV,2026/9/30 15:49
1150930,2026/9/30,上市,6642,富致,81.70,+1.00,80.80,82.00,80.80,161000,13143500,130,TWSE_CSV,2026/9/30 15:49
1150930,2026/9/30,上市,6643,M31,555.00,+50.00,506.00,555.00,500.00,2551000,1362317000,2292,TWSE_CSV,2026/9/30 15:49
1150930,2026/9/30,上市,6649,台生材,36.50,-0.30,36.50,36.50,36.45,3000,109450,3,TWSE_CSV,2026/9/30 15:49
1150930,2026/9/30,上市,6651,全宇昕,146.00,-4.50,151.50,151.50,145.00,334000,49235500,212,TWSE_CSV,2026/9/30 15:49
1150930,2026/9/30,上市,6654,天正國際,216.00,+16.00,206.50,217.50,203.00,83000,17640500,74,TWSE_CSV,2026/9/30 15:49
1150930,2026/9/30,上市,6661,威健生技,----,---,----,----,----,0,0,0,TWSE_CSV,2026/9/30 15:49
1150930,2026/9/30,上市,6662,樂斯科,----,---,----,----,----,0,0,0,TWSE_CSV,2026/9/30 15:49
1150930,2026/9/30,上市,6664,群翊,376.00,+6.00,373.50,387.00,370.50,800000,302434500,685,TWSE_CSV,2026/9/30 15:49
1150930,2026/9/30,上市,6667,信紘科,262.00,+3.00,261.00,263.50,259.50,229000,59928500,213,TWSE_CSV,2026/9/30 15:49
1150930,2026/9/30,上市,6679,鈺太,206.00,0.00,209.00,210.00,205.00,268000,55514000,243,TWSE_CSV,2026/9/30 15:49
1150930,2026/9/30,上市,6680,鑫創電子,51.90,+0.60,51.00,51.90,51.00,3000,154200,3,TWSE_CSV,2026/9/30 15:49
1150930,2026/9/30,上市,6683,雍智科技,1590.00,+115.00,1495.00,1605.00,1490.00,1158000,1801870000,1094,TWSE_CSV,2026/9/30 15:49
1150930,2026/9/30,上市,6684,安格,50.20,-0.70,50.70,51.10,50.10,95000,4796100,80,TWSE_CSV,2026/9/30 15:49
1150930,2026/9/30,上市,6690,安碁資訊,177.00,-0.50,178.00,179.50,175.00,182000,32149500,158,TWSE_CSV,2026/9/30 15:49
1150930,2026/9/30,上市,6692,進能服,23.85,+0.65,22.50,23.85,22.50,8000,185350,7,TWSE_CSV,2026/9/30 15:49
1150930,2026/9/30,上市,6693,廣閎科,211.50,-6.50,222.50,223.50,210.00,2952000,632399000,2437,TWSE_CSV,2026/9/30 15:49
1150930,2026/9/30,上市,6697,東捷資訊,41.30,+0.20,41.65,41.70,41.10,33000,1366500,27,TWSE_CSV,2026/9/30 15:49
1150930,2026/9/30,上市,6703,軒郁,100.50,+0.50,100.00,100.50,99.80,44000,4396900,41,TWSE_CSV,2026/9/30 15:49
1150930,2026/9/30,上市,6708,天擎,51.70,+4.65,51.70,51.70,51.70,879000,45444300,318,TWSE_CSV,2026/9/30 15:49
1150930,2026/9/30,上市,6712,長聖,162.00,+0.50,163.50,163.50,161.00,172000,27882000,149,TWSE_CSV,2026/9/30 15:49
1150930,2026/9/30,上市,6716,應廣,114.00,-0.50,116.00,116.50,114.00,195000,22493500,157,TWSE_CSV,2026/9/30 15:49
1150930,2026/9/30,上市,6720,久昌,127.50,0.00,128.00,129.00,127.50,12000,1536000,8,TWSE_CSV,2026/9/30 15:49
1150930,2026/9/30,上市,6721,信實,50.00,0.00,50.20,50.20,50.00,9000,450400,9,TWSE_CSV,2026/9/30 15:49
1150930,2026/9/30,上市,6725,矽科宏晟,218.00,+0.50,219.00,221.00,216.50,48000,10526000,41,TWSE_CSV,2026/9/30 15:49
1150930,2026/9/30,上市,6727,亞泰金屬,485.00,+2.00,487.50,499.50,485.00,969000,475282000,851,TWSE_CSV,2026/9/30 15:49
1150930,2026/9/30,上市,6728,上洋,109.00,+1.00,108.50,109.00,108.50,17000,1847500,9,TWSE_CSV,2026/9/30 15:49
1150930,2026/9/30,上市,6730,常廣,32.00,0.00,32.30,32.30,31.70,7000,223400,6,TWSE_CSV,2026/9/30 15:49
1150930,2026/9/30,上市,6732,昇佳電子,151.50,+0.50,152.00,153.50,151.00,70000,10626000,62,TWSE_CSV,2026/9/30 15:49
1150930,2026/9/30,上市,6733,博晟生醫,24.95,-0.15,25.20,25.30,24.85,98000,2447950,63,TWSE_CSV,2026/9/30 15:49
1150930,2026/9/30,上市,6735,美達科技,67.30,+2.40,65.50,67.70,64.70,108000,7185000,94,TWSE_CSV,2026/9/30 15:49
1150930,2026/9/30,上市,6739,竹陞科技,1135.00,+10.00,1140.00,1140.00,1100.00,246000,276690000,230,TWSE_CSV,2026/9/30 15:49
1150930,2026/9/30,上市,6741,91APP*-KY,55.10,-0.30,56.50,56.50,55.00,292000,16146000,220,TWSE_CSV,2026/9/30 15:49
1150930,2026/9/30,上市,6751,智聯服務,44.50,-0.45,44.95,44.95,44.50,6000,267550,5,TWSE_CSV,2026/9/30 15:49
1150930,2026/9/30,上市,6752,叡揚,96.00,+0.10,97.60,97.60,95.60,10000,960100,10,TWSE_CSV,2026/9/30 15:49
1150930,2026/9/30,上市,6761,穩得,165.00,+1.50,164.50,165.50,163.50,97000,15953500,90,TWSE_CSV,2026/9/30 15:49
1150930,2026/9/30,上市,6762,達亞,158.00,-1.00,158.00,158.00,158.00,4000,632000,4,TWSE_CSV,2026/9/30 15:49
1150930,2026/9/30,上市,6763,綠界科技*,41.30,+0.15,41.20,41.40,41.10,116000,4779550,85,TWSE_CSV,2026/9/30 15:49
1150930,2026/9/30,上市,6767,台微醫,24.50,+0.05,24.10,24.50,24.10,3000,73100,3,TWSE_CSV,2026/9/30 15:49
1150930,2026/9/30,上市,6785,昱展新藥,95.10,-1.10,96.30,97.70,94.80,66000,6334200,61,TWSE_CSV,2026/9/30 15:49
1150930,2026/9/30,上市,6788,華景電,349.00,+4.50,346.00,351.50,346.00,161000,56289500,150,TWSE_CSV,2026/9/30 15:49
1150930,2026/9/30,上市,6791,虎門科技,99.50,+0.40,99.90,99.90,99.20,7000,695500,7,TWSE_CSV,2026/9/30 15:49
1150930,2026/9/30,上市,6803,崑鼎,267.00,+0.50,267.00,267.00,266.00,31000,8270000,30,TWSE_CSV,2026/9/30 15:49
1150930,2026/9/30,上市,6804,明係,18.35,+0.25,18.10,18.50,18.10,53000,972900,24,TWSE_CSV,2026/9/30 15:49
1150930,2026/9/30,上市,6811,宏碁資訊,240.50,+1.00,241.00,241.00,237.50,223000,53349500,186,TWSE_CSV,2026/9/30 15:49
1150930,2026/9/30,上市,6821,聯寶,42.80,+1.85,41.10,42.80,40.95,153000,6374300,110,TWSE_CSV,2026/9/30 15:49
1150930,2026/9/30,上市,6823,濾能,60.80,-2.20,63.40,63.40,60.80,88000,5408700,72,TWSE_CSV,2026/9/30 15:49
1150930,2026/9/30,上市,6829,千附精密,208.50,0.00,210.00,210.50,208.00,464000,96941000,367,TWSE_CSV,2026/9/30 15:49
1150930,2026/9/30,上市,6840,東研信超,98.90,-0.60,100.50,100.50,97.80,209000,20706400,164,TWSE_CSV,2026/9/30 15:49
1150930,2026/9/30,上市,6841,長佳智能,58.80,+3.50,57.70,58.80,56.50,796000,45903000,513,TWSE_CSV,2026/9/30 15:49
1150930,2026/9/30,上市,6843,進典,38.55,+0.20,39.05,39.05,38.55,3000,116600,3,TWSE_CSV,2026/9/30 15:49
1150930,2026/9/30,上市,6844,諾貝兒,57.50,+0.10,57.40,57.50,57.00,13000,746000,12,TWSE_CSV,2026/9/30 15:49
1150930,2026/9/30,上市,6846,綠茵,58.50,+0.30,59.20,59.20,58.10,6000,351500,6,TWSE_CSV,2026/9/30 15:49
1150930,2026/9/30,上市,6855,數泓科,116.00,+2.00,111.00,116.00,110.50,8000,901000,8,TWSE_CSV,2026/9/30 15:49
1150930,2026/9/30,上市,6856,鑫傳,42.00,+0.20,41.10,42.00,41.05,13000,538350,13,TWSE_CSV,2026/9/30 15:49
1150930,2026/9/30,上市,6859,伯特光,120.50,+0.50,120.00,120.50,119.00,21000,2519000,17,TWSE_CSV,2026/9/30 15:49
1150930,2026/9/30,上市,6865,偉康科技,29.15,+1.15,28.00,29.15,27.05,59000,1651550,50,TWSE_CSV,2026/9/30 15:49
1150930,2026/9/30,上市,6870,騰雲,323.50,-7.00,331.00,331.00,315.00,124000,39805000,121,TWSE_CSV,2026/9/30 15:49
1150930,2026/9/30,上市,6872,浩宇生醫,24.05,+0.05,25.80,25.80,23.60,238000,5775300,128,TWSE_CSV,2026/9/30 15:49
1150930,2026/9/30,上市,6874,倍力,69.80,-0.40,69.70,70.70,69.70,20000,1400300,20,TWSE_CSV,2026/9/30 15:49
1150930,2026/9/30,上市,6875,國邑*,31.35,0.00,31.50,32.00,31.35,183000,5775050,96,TWSE_CSV,2026/9/30 15:49
1150930,2026/9/30,上市,6877,鏵友益,126.00,-2.00,129.00,129.00,124.00,64000,8079000,56,TWSE_CSV,2026/9/30 15:49
1150930,2026/9/30,上市,6881,潤德,214.50,0.00,214.50,214.50,214.50,4000,858000,3,TWSE_CSV,2026/9/30 15:49
1150930,2026/9/30,上市,6884,海柏特,30.55,-0.55,31.10,31.10,30.55,13000,398550,9,TWSE_CSV,2026/9/30 15:49
1150930,2026/9/30,上市,6894,衛司特,361.00,-1.00,365.50,368.50,361.00,42000,15332000,32,TWSE_CSV,2026/9/30 15:49
1150930,2026/9/30,上市,6895,宏碩系統,151.50,+6.50,147.00,151.50,146.50,17000,2521500,16,TWSE_CSV,2026/9/30 15:49
1150930,2026/9/30,上市,6899,創為精密,49.80,+0.30,50.00,50.00,48.90,11000,545200,11,TWSE_CSV,2026/9/30 15:49
1150930,2026/9/30,上市,6903,巨漢,315.50,+11.00,306.50,318.50,306.50,544000,171536000,449,TWSE_CSV,2026/9/30 15:49
1150930,2026/9/30,上市,6904,伯鑫,123.00,+1.50,123.00,123.00,123.00,1000,123000,1,TWSE_CSV,2026/9/30 15:49
1150930,2026/9/30,上市,6907,雅特力-KY,188.00,+7.50,184.00,189.50,182.00,739000,138489000,629,TWSE_CSV,2026/9/30 15:49
1150930,2026/9/30,上市,6910,德鴻,26.95,+0.45,26.90,26.95,26.60,16000,428650,16,TWSE_CSV,2026/9/30 15:49
1150930,2026/9/30,上市,6913,鴻呈,128.50,+1.50,128.50,129.50,128.50,71000,9153000,65,TWSE_CSV,2026/9/30 15:49
1150930,2026/9/30,上市,6922,宸曜,221.00,-4.00,228.50,230.00,218.50,193000,43112500,176,TWSE_CSV,2026/9/30 15:49
1150930,2026/9/30,上市,6925,意藍,73.80,-1.20,74.80,75.00,72.70,1217000,90058500,974,TWSE_CSV,2026/9/30 15:49
1150930,2026/9/30,上市,6929,佑全,21.80,+0.15,22.10,22.10,21.80,4000,87600,3,TWSE_CSV,2026/9/30 15:49
1150930,2026/9/30,上市,6945,圓祥生技,148.50,+8.50,140.00,149.00,140.00,692000,100213500,467,TWSE_CSV,2026/9/30 15:49
1150930,2026/9/30,上市,6953,家碩,245.00,+4.00,243.00,246.50,241.00,40000,9738500,34,TWSE_CSV,2026/9/30 15:49
1150930,2026/9/30,上市,6961,旅天下,48.10,+0.45,47.65,48.10,47.50,31000,1483800,18,TWSE_CSV,2026/9/30 15:49
1150930,2026/9/30,上市,6967,汎瑋材料,70.20,+3.00,67.20,71.10,67.10,277000,19303200,188,TWSE_CSV,2026/9/30 15:49
1150930,2026/9/30,上市,6968,萬達寵物,41.45,-0.10,41.35,41.55,41.25,20000,827000,19,TWSE_CSV,2026/9/30 15:49
1150930,2026/9/30,上市,6971,惠民實業,23.50,-0.20,23.50,23.50,23.50,6000,141000,5,TWSE_CSV,2026/9/30 15:49
1150930,2026/9/30,上市,6982,大井泵浦,44.10,+0.60,44.00,44.50,43.50,21000,926700,20,TWSE_CSV,2026/9/30 15:49
1150930,2026/9/30,上市,6983,華洋精機,348.00,+2.00,350.50,350.50,340.00,42000,14481000,42,TWSE_CSV,2026/9/30 15:49
1150930,2026/9/30,上市,6986,和迅,44.05,+0.05,44.05,44.25,44.00,148000,6516600,50,TWSE_CSV,2026/9/30 15:49
1150930,2026/9/30,上市,6996,力領科技,169.50,+1.00,169.00,170.50,169.00,11000,1865500,11,TWSE_CSV,2026/9/30 15:49
1150930,2026/9/30,上市,6997,博弘,67.00,-1.00,67.00,67.00,67.00,1000,67000,1,TWSE_CSV,2026/9/30 15:49
1150930,2026/9/30,上市,7402,邑錡,101.00,+1.90,99.90,102.50,99.50,190000,19170100,166,TWSE_CSV,2026/9/30 15:49
1150930,2026/9/30,上市,7547,碩網,64.80,-0.50,64.40,66.30,62.80,812000,52231800,574,TWSE_CSV,2026/9/30 15:49
1150930,2026/9/30,上市,7556,意德士,264.50,-3.00,272.00,272.00,264.50,72000,19233000,53,TWSE_CSV,2026/9/30 15:49
1150930,2026/9/30,上市,7584,樂意,28.70,-0.25,28.55,28.70,28.50,6000,171250,3,TWSE_CSV,2026/9/30 15:49
1150930,2026/9/30,上市,7642,昶瑞機電,68.50,0.00,68.50,69.30,68.00,33000,2254200,26,TWSE_CSV,2026/9/30 15:49
1150930,2026/9/30,上市,7703,銳澤,201.50,+2.00,199.00,204.00,199.00,46000,9272500,45,TWSE_CSV,2026/9/30 15:49
1150930,2026/9/30,上市,7704,明遠精密,61.40,+0.10,61.30,62.00,61.00,73000,4487100,51,TWSE_CSV,2026/9/30 15:49
1150930,2026/9/30,上市,7708,全家餐飲,92.20,+0.30,92.00,92.20,92.00,10000,920400,8,TWSE_CSV,2026/9/30 15:49
1150930,2026/9/30,上市,7709,榮田,86.30,-0.20,87.20,88.20,86.00,105000,9123600,85,TWSE_CSV,2026/9/30 15:49
1150930,2026/9/30,上市,7712,博盛半導體,161.00,0.00,164.50,165.50,160.50,176000,28522000,154,TWSE_CSV,2026/9/30 15:49
1150930,2026/9/30,上市,7713,威力德生醫,74.30,+0.20,74.10,74.30,74.00,5000,371000,4,TWSE_CSV,2026/9/30 15:49
1150930,2026/9/30,上市,7714,創泓科技,172.00,+10.00,164.50,177.00,162.00,557000,95689000,425,TWSE_CSV,2026/9/30 15:49
1150930,2026/9/30,上市,7715,裕山,28.40,+0.80,30.35,30.35,28.30,141000,4137900,101,TWSE_CSV,2026/9/30 15:49
1150930,2026/9/30,上市,7716,昱臺國際,23.90,0.00,23.90,23.90,23.90,1000,23900,1,TWSE_CSV,2026/9/30 15:49
1150930,2026/9/30,上市,7717,萊德光電-KY,604.00,+12.00,600.00,618.00,590.00,625000,377735000,576,TWSE_CSV,2026/9/30 15:49
1150930,2026/9/30,上市,7718,友鋮,45.80,-0.90,46.80,47.00,45.80,38000,1755800,25,TWSE_CSV,2026/9/30 15:49
1150930,2026/9/30,上市,7723,築間,18.40,+0.10,18.35,18.40,18.20,43000,786000,33,TWSE_CSV,2026/9/30 15:49
1150930,2026/9/30,上市,7728,光焱科技,667.00,+60.00,615.00,667.00,615.00,142000,93229000,132,TWSE_CSV,2026/9/30 15:49
1150930,2026/9/30,上市,7734,印能科技,2665.00,-15.00,2740.00,2780.00,2630.00,138000,371780000,138,TWSE_CSV,2026/9/30 15:49
1150930,2026/9/30,上市,7738,東聯互動,155.50,-0.50,158.00,158.00,154.50,14000,2181000,14,TWSE_CSV,2026/9/30 15:49
1150930,2026/9/30,上市,7743,金利食安,25.00,+0.70,24.60,25.00,24.00,49000,1206900,35,TWSE_CSV,2026/9/30 15:49
1150930,2026/9/30,上市,7744,崴寶,523.00,0.00,532.00,540.00,523.00,82000,43431000,78,TWSE_CSV,2026/9/30 15:49
1150930,2026/9/30,上市,7747,昕奇雲端,111.50,+0.50,111.50,111.50,111.50,1000,111500,1,TWSE_CSV,2026/9/30 15:49
1150930,2026/9/30,上市,7751,竑騰,1625.00,+70.00,1625.00,1650.00,1530.00,326000,519895000,307,TWSE_CSV,2026/9/30 15:49
1150930,2026/9/30,上市,7753,星亞,35.60,0.00,35.40,35.60,35.40,18000,638100,14,TWSE_CSV,2026/9/30 15:49
1150930,2026/9/30,上市,7757,金色三麥,90.20,-0.30,90.50,90.50,89.50,19000,1710200,15,TWSE_CSV,2026/9/30 15:49
1150930,2026/9/30,上市,7767,仁大資訊,46.30,+0.10,46.35,46.35,46.30,2000,92650,2,TWSE_CSV,2026/9/30 15:49
1150930,2026/9/30,上市,7770,君曜,42.60,-0.35,42.95,42.95,41.50,21000,879050,16,TWSE_CSV,2026/9/30 15:49
1150930,2026/9/30,上市,7772,耀穎,176.00,0.00,180.00,180.00,175.00,95000,16801000,86,TWSE_CSV,2026/9/30 15:49
1150930,2026/9/30,上市,7777,能率亞洲,38.00,+2.40,36.05,38.35,35.80,2284000,84132000,1340,TWSE_CSV,2026/9/30 15:49
1150930,2026/9/30,上市,7782,光速火箭,25.25,+0.30,25.15,25.25,25.10,3000,75500,3,TWSE_CSV,2026/9/30 15:49
1150930,2026/9/30,上市,7792,安葆,424.00,+8.00,420.00,424.00,413.00,328000,137280000,304,TWSE_CSV,2026/9/30 15:49
1150930,2026/9/30,上市,7794,宏碁智新,30.60,+0.35,30.25,30.70,30.25,11000,335450,11,TWSE_CSV,2026/9/30 15:49
1150930,2026/9/30,上市,7805,威聯通,494.00,+5.00,498.00,498.00,491.50,23000,11338500,23,TWSE_CSV,2026/9/30 15:49
1150930,2026/9/30,上市,7810,捷創科技,235.00,+7.50,229.00,236.00,228.50,200000,46731000,142,TWSE_CSV,2026/9/30 15:49
1150930,2026/9/30,上市,7811,民盛,73.50,0.00,73.50,73.50,73.50,1000,73500,1,TWSE_CSV,2026/9/30 15:49
1150930,2026/9/30,上市,7814,海昌生技,28.25,-0.15,28.40,28.40,28.25,17000,481950,13,TWSE_CSV,2026/9/30 15:49
1150930,2026/9/30,上市,7819,精誠金融,33.70,-0.60,34.25,34.30,33.50,50000,1694850,40,TWSE_CSV,2026/9/30 15:49
1150930,2026/9/30,上市,7820,立盈,110.50,+2.00,106.50,111.00,106.50,20000,2195500,16,TWSE_CSV,2026/9/30 15:49
1150930,2026/9/30,上市,7825,和亞智慧,84.40,+0.80,82.60,86.50,81.40,366000,30490400,277,TWSE_CSV,2026/9/30 15:49
1150930,2026/9/30,上市,7828,創新服務,1885.00,-15.00,1920.00,1965.00,1875.00,211000,401175000,202,TWSE_CSV,2026/9/30 15:49
1150930,2026/9/30,上市,7839,達人網,43.20,-0.10,43.20,43.20,42.50,9000,386700,9,TWSE_CSV,2026/9/30 15:49
1150930,2026/9/30,上市,7842,天能綠電,98.30,-0.30,94.30,98.40,94.30,14000,1341600,14,TWSE_CSV,2026/9/30 15:49
1150930,2026/9/30,上市,7856,漢測,4250.00,-65.00,4340.00,4400.00,4235.00,221000,946665000,215,TWSE_CSV,2026/9/30 15:49
1150930,2026/9/30,上市,8024,佑華,12.55,0.00,11.60,13.10,11.60,84000,1035650,61,TWSE_CSV,2026/9/30 15:49
1150930,2026/9/30,上市,8027,鈦昇,222.00,+20.00,222.00,222.00,219.00,1773000,393580500,974,TWSE_CSV,2026/9/30 15:49
1150930,2026/9/30,上市,8032,光菱,36.20,+0.40,35.80,36.50,35.80,47000,1696200,38,TWSE_CSV,2026/9/30 15:49
1150930,2026/9/30,上市,8034,榮群,20.35,-0.15,20.50,20.85,20.25,72000,1465950,48,TWSE_CSV,2026/9/30 15:49
1150930,2026/9/30,上市,8038,長園科,34.60,+2.15,31.90,34.70,31.90,381000,12775250,239,TWSE_CSV,2026/9/30 15:49
1150930,2026/9/30,上市,8040,九暘,98.50,-1.50,101.00,102.50,98.00,4575000,454908200,3630,TWSE_CSV,2026/9/30 15:49
1150930,2026/9/30,上市,8042,金山電,111.50,0.00,113.00,114.00,111.00,1324000,148305500,1027,TWSE_CSV,2026/9/30 15:49
1150930,2026/9/30,上市,8043,蜜望實,130.50,-1.00,133.00,133.50,130.50,757000,99544500,642,TWSE_CSV,2026/9/30 15:49
1150930,2026/9/30,上市,8044,網家,24.30,+0.20,24.20,24.30,24.05,195000,4722250,145,TWSE_CSV,2026/9/30 15:49
1150930,2026/9/30,上市,8047,星雲,50.80,-0.20,51.20,51.50,50.20,409000,20836400,106,TWSE_CSV,2026/9/30 15:49
1150930,2026/9/30,上市,8048,德勝,50.60,+0.20,49.95,50.90,49.70,91000,4590500,71,TWSE_CSV,2026/9/30 15:49
1150930,2026/9/30,上市,8049,晶采,24.60,+0.10,24.60,24.65,24.55,118000,2903950,75,TWSE_CSV,2026/9/30 15:49
1150930,2026/9/30,上市,8050,廣積,63.60,-2.10,67.10,68.00,63.00,6071000,394352500,4112,TWSE_CSV,2026/9/30 15:49
1150930,2026/9/30,上市,8054,安國,88.60,+1.40,89.00,89.00,86.60,1030000,90636100,833,TWSE_CSV,2026/9/30 15:49
1150930,2026/9/30,上市,8059,凱碩,17.15,-0.15,17.05,17.50,17.00,146000,2496300,99,TWSE_CSV,2026/9/30 15:49
1150930,2026/9/30,上市,8064,東捷,145.50,+4.00,144.00,155.00,144.00,22916000,3417386500,15984,TWSE_CSV,2026/9/30 15:49
1150930,2026/9/30,上市,8066,來思達,15.15,+0.15,15.25,15.25,14.80,7000,105000,6,TWSE_CSV,2026/9/30 15:49
1150930,2026/9/30,上市,8067,志旭,12.35,+0.05,12.30,12.50,12.30,8000,99050,8,TWSE_CSV,2026/9/30 15:49
1150930,2026/9/30,上市,8068,全達,17.75,+0.15,17.60,18.00,17.55,128000,2271450,82,TWSE_CSV,2026/9/30 15:49
1150930,2026/9/30,上市,8069,元太,144.00,+1.50,145.00,146.50,143.50,5385000,779136000,2837,TWSE_CSV,2026/9/30 15:49
1150930,2026/9/30,上市,8071,能率網通,22.05,+0.20,21.80,22.10,21.80,329000,7216000,237,TWSE_CSV,2026/9/30 15:49
1150930,2026/9/30,上市,8074,鉅橡,51.60,+0.80,51.20,51.80,51.10,261000,13411300,209,TWSE_CSV,2026/9/30 15:49
1150930,2026/9/30,上市,8076,伍豐,21.80,+0.30,21.70,21.80,21.55,516000,11178100,286,TWSE_CSV,2026/9/30 15:49
1150930,2026/9/30,上市,8077,洛碁,42.15,-0.65,42.30,42.35,42.15,10000,422350,7,TWSE_CSV,2026/9/30 15:49
1150930,2026/9/30,上市,8080,泰霖,27.80,-0.20,27.70,27.85,27.70,10000,278000,9,TWSE_CSV,2026/9/30 15:49
1150930,2026/9/30,上市,8083,瑞穎,156.00,+0.50,156.00,157.00,155.50,48000,7480500,41,TWSE_CSV,2026/9/30 15:49
1150930,2026/9/30,上市,8084,巨虹,26.85,-2.95,26.85,26.85,26.85,1004000,26957400,505,TWSE_CSV,2026/9/30 15:49
1150930,2026/9/30,上市,8085,福華,14.40,+0.15,14.15,14.55,14.15,132000,1885250,75,TWSE_CSV,2026/9/30 15:49
1150930,2026/9/30,上市,8086,宏捷科,114.50,+4.50,111.00,116.00,111.00,4687000,536217000,2716,TWSE_CSV,2026/9/30 15:49
1150930,2026/9/30,上市,8087,麗升能源,22.80,-0.20,23.30,23.30,22.60,20000,455650,18,TWSE_CSV,2026/9/30 15:49
1150930,2026/9/30,上市,8088,品安,44.40,+2.15,42.30,44.55,42.30,692000,30300800,514,TWSE_CSV,2026/9/30 15:49
1150930,2026/9/30,上市,8089,康全電訊,19.50,+0.35,19.05,19.50,18.95,129000,2477650,94,TWSE_CSV,2026/9/30 15:49
1150930,2026/9/30,上市,8091,翔名,217.00,-3.00,221.50,223.00,215.50,316000,69085000,280,TWSE_CSV,2026/9/30 15:49
1150930,2026/9/30,上市,8092,建暐,12.60,+0.05,12.85,12.85,12.50,28000,354100,23,TWSE_CSV,2026/9/30 15:49
1150930,2026/9/30,上市,8093,保銳,23.65,-0.20,24.30,24.65,23.65,32000,765150,25,TWSE_CSV,2026/9/30 15:49
1150930,2026/9/30,上市,8096,擎亞,88.30,-0.40,89.30,91.10,88.20,3177000,283616100,2302,TWSE_CSV,2026/9/30 15:49
1150930,2026/9/30,上市,8097,常珵,48.50,+0.35,48.85,49.30,48.00,111000,5399300,72,TWSE_CSV,2026/9/30 15:49
1150930,2026/9/30,上市,8099,大世科,59.60,-0.20,60.20,60.20,59.10,45000,2674900,40,TWSE_CSV,2026/9/30 15:49
1150930,2026/9/30,上市,8102,傑霖科技,59.90,+0.40,57.50,60.40,57.30,14000,829100,14,TWSE_CSV,2026/9/30 15:49
1150930,2026/9/30,上市,8107,大億金茂,12.00,-0.05,12.05,12.10,11.70,69000,827450,38,TWSE_CSV,2026/9/30 15:49
1150930,2026/9/30,上市,8109,博大,135.00,+0.50,134.50,136.00,133.50,189000,25501000,123,TWSE_CSV,2026/9/30 15:49
1150930,2026/9/30,上市,8111,立碁,79.30,-0.40,80.40,81.20,78.90,8529000,680972400,5682,TWSE_CSV,2026/9/30 15:49
1150930,2026/9/30,上市,8121,越峰,31.50,-0.40,32.00,32.00,31.15,1220000,38426000,798,TWSE_CSV,2026/9/30 15:49
1150930,2026/9/30,上市,8147,正淩,158.50,+10.50,149.50,160.50,148.00,1203000,188526000,987,TWSE_CSV,2026/9/30 15:49
1150930,2026/9/30,上市,8155,博智,316.00,+10.00,310.00,318.50,302.00,1174000,363363000,950,TWSE_CSV,2026/9/30 15:49
1150930,2026/9/30,上市,8171,天宇,20.80,+0.20,20.70,20.80,20.50,196000,4049800,98,TWSE_CSV,2026/9/30 15:49
1150930,2026/9/30,上市,8176,智捷,9.76,-0.02,9.62,9.78,9.62,88000,855440,30,TWSE_CSV,2026/9/30 15:49
1150930,2026/9/30,上市,8182,加高,41.40,+0.20,41.50,42.40,41.05,702000,29194050,581,TWSE_CSV,2026/9/30 15:49
1150930,2026/9/30,上市,8227,巨有科技,370.50,+33.50,370.50,370.50,370.50,718000,266019000,442,TWSE_CSV,2026/9/30 15:49
1150930,2026/9/30,上市,8234,新漢,62.60,+0.50,62.40,63.00,62.20,247000,15443400,182,TWSE_CSV,2026/9/30 15:49
1150930,2026/9/30,上市,8240,華宏,57.30,+2.80,54.30,57.30,54.00,2426000,135058000,1621,TWSE_CSV,2026/9/30 15:49
1150930,2026/9/30,上市,8255,朋程,147.00,+2.00,147.00,149.00,145.50,553000,81327000,407,TWSE_CSV,2026/9/30 15:49
1150930,2026/9/30,上市,8272,全景軟體,64.50,-1.00,63.60,64.50,63.50,4000,255200,4,TWSE_CSV,2026/9/30 15:49
1150930,2026/9/30,上市,8277,商丞,15.50,-0.10,15.50,15.50,15.15,150000,2296350,62,TWSE_CSV,2026/9/30 15:49
1150930,2026/9/30,上市,8279,生展,78.00,-0.70,78.80,78.80,78.00,10000,782700,10,TWSE_CSV,2026/9/30 15:49
1150930,2026/9/30,上市,8284,三竹,68.00,0.00,68.00,68.00,66.90,55000,3709900,28,TWSE_CSV,2026/9/30 15:49
1150930,2026/9/30,上市,8289,泰藝,46.40,+0.35,46.25,46.95,45.70,424000,19667550,306,TWSE_CSV,2026/9/30 15:49
1150930,2026/9/30,上市,8291,尚茂,28.55,-0.35,28.90,29.95,28.55,50000,1442050,28,TWSE_CSV,2026/9/30 15:49
1150930,2026/9/30,上市,8299,群聯,2150.00,+35.00,2150.00,2215.00,2140.00,2781000,6022850000,2382,TWSE_CSV,2026/9/30 15:49
1150930,2026/9/30,上市,8342,益張,83.50,0.00,83.50,83.50,83.50,1000,83500,1,TWSE_CSV,2026/9/30 15:49
1150930,2026/9/30,上市,8349,恒耀,40.40,+0.80,39.50,40.40,39.40,150000,5984450,99,TWSE_CSV,2026/9/30 15:49
1150930,2026/9/30,上市,8349A,恒耀甲特,----,---,----,----,----,0,0,0,TWSE_CSV,2026/9/30 15:49
1150930,2026/9/30,上市,8354,冠好,16.90,0.00,16.80,17.30,16.80,18000,303900,9,TWSE_CSV,2026/9/30 15:49
1150930,2026/9/30,上市,8358,金居,495.00,-3.00,509.00,515.00,495.00,8233000,4113300500,6760,TWSE_CSV,2026/9/30 15:49
1150930,2026/9/30,上市,8383,千附,68.40,+0.80,67.70,68.60,67.70,694000,47337500,493,TWSE_CSV,2026/9/30 15:49
1150930,2026/9/30,上市,8390,金益鼎,90.40,+1.00,90.20,90.60,89.60,177000,15965800,136,TWSE_CSV,2026/9/30 15:49
1150930,2026/9/30,上市,8401,白紗科,22.75,0.00,22.80,22.80,22.45,11000,249400,8,TWSE_CSV,2026/9/30 15:49
1150930,2026/9/30,上市,8403,盛弘,18.95,-0.10,19.05,19.05,18.90,136000,2575250,65,TWSE_CSV,2026/9/30 15:49
1150930,2026/9/30,上市,8409,商之器,18.00,0.00,18.05,18.05,18.00,6000,108150,4,TWSE_CSV,2026/9/30 15:49
1150930,2026/9/30,上市,8410,森田,27.80,-0.20,28.00,28.00,27.70,26000,723200,21,TWSE_CSV,2026/9/30 15:49
1150930,2026/9/30,上市,8415,大國鋼,35.20,+0.05,35.20,35.65,35.15,491000,17343600,355,TWSE_CSV,2026/9/30 15:49
1150930,2026/9/30,上市,8416,實威,169.00,0.00,169.00,169.00,169.00,1000,169000,1,TWSE_CSV,2026/9/30 15:49
1150930,2026/9/30,上市,8421,旭源,12.95,+0.10,12.90,12.95,12.85,63000,811000,27,TWSE_CSV,2026/9/30 15:49
1150930,2026/9/30,上市,8423,保綠-KY,18.20,+0.15,18.15,18.20,17.95,9000,162800,7,TWSE_CSV,2026/9/30 15:49
1150930,2026/9/30,上市,8424,惠普,70.70,+0.70,69.50,70.70,69.50,14000,986000,9,TWSE_CSV,2026/9/30 15:49
1150930,2026/9/30,上市,8426,紅木-KY,20.65,0.00,20.50,20.75,20.30,50000,1023400,43,TWSE_CSV,2026/9/30 15:49
1150930,2026/9/30,上市,8431,匯鑽科,66.80,+0.50,65.70,67.10,65.30,1210000,80010500,865,TWSE_CSV,2026/9/30 15:49
1150930,2026/9/30,上市,8432,東生華,50.70,+0.10,50.80,50.90,50.60,54000,2744100,44,TWSE_CSV,2026/9/30 15:49
1150930,2026/9/30,上市,8433,弘帆,52.80,-0.20,53.20,53.20,52.80,6000,318800,5,TWSE_CSV,2026/9/30 15:49
1150930,2026/9/30,上市,8435,鉅邁,53.40,+0.40,53.00,53.40,53.00,45000,2394400,32,TWSE_CSV,2026/9/30 15:49
1150930,2026/9/30,上市,8436,大江,106.50,+1.00,106.50,107.50,106.00,312000,33293000,238,TWSE_CSV,2026/9/30 15:49
1150930,2026/9/30,上市,8437,大地-KY,10.20,+0.10,10.25,10.50,10.10,51000,528400,23,TWSE_CSV,2026/9/30 15:49
1150930,2026/9/30,上市,8440,綠電,20.35,除息,20.25,20.40,20.20,76000,1541000,50,TWSE_CSV,2026/9/30 15:49
1150930,2026/9/30,上市,8444,綠河-KY,4.35,-0.05,4.35,4.35,4.28,8000,34410,6,TWSE_CSV,2026/9/30 15:49
1150930,2026/9/30,上市,8446,華研,84.80,+0.40,84.40,85.00,84.30,48000,4052800,18,TWSE_CSV,2026/9/30 15:49
1150930,2026/9/30,上市,8450,霹靂,14.30,-0.10,14.15,14.30,14.10,24000,340550,23,TWSE_CSV,2026/9/30 15:49
1150930,2026/9/30,上市,8455,大拓-KY,22.10,0.00,22.10,22.10,22.10,4000,88400,4,TWSE_CSV,2026/9/30 15:49
1150930,2026/9/30,上市,8472,納維康,69.50,-3.60,74.40,74.40,69.50,21000,1480200,19,TWSE_CSV,2026/9/30 15:49
1150930,2026/9/30,上市,8477,創業家,14.10,0.00,14.10,14.35,14.10,12000,170000,11,TWSE_CSV,2026/9/30 15:49
1150930,2026/9/30,上市,8489,三貝德,22.45,+0.20,22.00,22.45,21.95,38000,844450,30,TWSE_CSV,2026/9/30 15:49
1150930,2026/9/30,上市,8905,裕國,34.65,-0.50,34.70,34.70,34.65,3000,104050,3,TWSE_CSV,2026/9/30 15:49
1150930,2026/9/30,上市,8906,花王,28.60,-0.20,29.00,29.00,28.50,15000,429800,12,TWSE_CSV,2026/9/30 15:49
1150930,2026/9/30,上市,8908,欣雄,40.35,+0.10,40.00,40.35,40.00,12000,480850,10,TWSE_CSV,2026/9/30 15:49
1150930,2026/9/30,上市,8916,光隆,41.05,-0.05,41.25,41.30,41.00,27000,1110200,21,TWSE_CSV,2026/9/30 15:49
1150930,2026/9/30,上市,8917,欣泰,53.70,-0.80,55.00,55.50,53.70,4000,218200,4,TWSE_CSV,2026/9/30 15:49
1150930,2026/9/30,上市,8921,沈氏,16.80,-0.25,16.25,16.80,16.25,2000,33050,2,TWSE_CSV,2026/9/30 15:49
1150930,2026/9/30,上市,8923,時報,18.00,-0.45,18.00,18.00,18.00,1000,18000,1,TWSE_CSV,2026/9/30 15:49
1150930,2026/9/30,上市,8924,大田,49.45,+0.05,49.15,49.50,49.10,26000,1281150,24,TWSE_CSV,2026/9/30 15:49
1150930,2026/9/30,上市,8927,北基,18.75,-0.05,18.85,18.90,18.70,122000,2294050,79,TWSE_CSV,2026/9/30 15:49
1150930,2026/9/30,上市,8928,鉅明,22.95,+0.05,22.70,22.95,22.70,9000,205500,7,TWSE_CSV,2026/9/30 15:49
1150930,2026/9/30,上市,8929,富堡,13.20,+0.30,12.85,13.25,12.80,25000,326800,19,TWSE_CSV,2026/9/30 15:49
1150930,2026/9/30,上市,8930,青鋼,28.75,+0.05,28.70,28.75,28.60,38000,1088550,17,TWSE_CSV,2026/9/30 15:49
1150930,2026/9/30,上市,8931,大汽電,43.25,+0.10,43.00,43.50,42.90,244000,10500350,36,TWSE_CSV,2026/9/30 15:49
1150930,2026/9/30,上市,8932,智通*,92.60,-0.80,93.40,94.10,92.50,822000,76456200,533,TWSE_CSV,2026/9/30 15:49
1150930,2026/9/30,上市,8933,愛地雅,4.50,-0.08,4.41,4.57,4.40,108000,480130,57,TWSE_CSV,2026/9/30 15:49
1150930,2026/9/30,上市,8935,邦泰,19.65,+0.35,19.00,20.40,18.80,599000,11661900,289,TWSE_CSV,2026/9/30 15:49
1150930,2026/9/30,上市,8936,國統,52.60,+0.70,52.30,52.70,52.10,1068000,56002600,579,TWSE_CSV,2026/9/30 15:49
1150930,2026/9/30,上市,8937,合騏*,26.20,+1.10,25.10,26.20,24.40,339000,8439950,152,TWSE_CSV,2026/9/30 15:49
1150930,2026/9/30,上市,8938,明安,52.60,-0.10,52.50,53.00,52.50,33000,1739900,28,TWSE_CSV,2026/9/30 15:49
1150930,2026/9/30,上市,8941,關中,43.80,-0.20,44.00,44.00,43.80,5000,219750,4,TWSE_CSV,2026/9/30 15:49
1150930,2026/9/30,上市,8942,森鉅,40.20,0.00,40.30,40.55,40.05,143000,5755700,95,TWSE_CSV,2026/9/30 15:49
1150930,2026/9/30,上市,009806,台新標普500,13.77,+0.08,13.74,13.77,13.74,15000,206130,3,TWSE_CSV,2026/9/30 15:49
1150930,2026/9/30,上市,009807,台新標普科技精選,17.80,+0.14,17.79,17.82,17.79,283000,5037930,11,TWSE_CSV,2026/9/30 15:49
1150930,2026/9/30,上市,009814,富邦標普500,11.42,+0.04,11.38,11.42,11.38,646000,7367190,112,TWSE_CSV,2026/9/30 15:49
1150930,2026/9/30,上市,009815,大華美國MAG7+,11.93,+0.04,11.89,11.96,11.89,1573000,18779780,272,TWSE_CSV,2026/9/30 15:49
1150930,2026/9/30,上市,009822,華南永昌未來金融,9.46,0.00,9.50,9.50,9.44,504000,4763720,92,TWSE_CSV,2026/9/30 15:49
1150930,2026/9/30,上市,009823,群益S&P500,10.47,+0.04,10.45,10.48,10.45,2071000,21692660,595,TWSE_CSV,2026/9/30 15:49
1150930,2026/9/30,上市,009825,聯邦美國金融創新,9.78,-0.02,9.85,9.85,9.73,179000,1746030,83,TWSE_CSV,2026/9/30 15:49
1150930,2026/9/30,上市,9949,琉園,24.30,+0.05,24.05,24.40,24.00,65000,1567800,38,TWSE_CSV,2026/9/30 15:49
1150930,2026/9/30,上市,9950,萬國通,10.20,-0.05,10.70,10.70,10.20,23000,235300,13,TWSE_CSV,2026/9/30 15:49
1150930,2026/9/30,上市,9951,皇田,47.00,-0.10,47.15,47.15,47.00,73000,3433200,47,TWSE_CSV,2026/9/30 15:49
1150930,2026/9/30,上市,9960,邁達康,41.50,+0.30,41.20,41.95,40.40,66000,2724500,56,TWSE_CSV,2026/9/30 15:49
1150930,2026/9/30,上市,9962,有益,10.35,+0.20,10.20,10.35,10.15,93000,953300,41,TWSE_CSV,2026/9/30 15:49
1150930,2026/9/30,上市,020001,富邦存股雙十N,----,---,----,----,----,0,0,0,TWSE_CSV,2026/9/30 15:49
1150930,2026/9/30,上市,020025,統一亞洲半導體N,40.23,+0.54,40.00,40.31,40.00,88000,3542690,6,TWSE_CSV,2026/9/30 15:49
1150930,2026/9/30,上市,020033,統一恒生科期N,3.37,-0.07,3.38,3.38,3.36,107000,361630,4,TWSE_CSV,2026/9/30 15:49
1150930,2026/9/30,上市,020035,元大上櫃ESG高息N,----,---,----,----,----,0,0,0,TWSE_CSV,2026/9/30 15:49
1150930,2026/9/30,上市,020040,元大上櫃ESG龍頭N,----,---,----,----,----,0,0,0,TWSE_CSV,2026/9/30 15:49
1150930,2026/9/30,上市,020041,兆豐半導體氣候N,21.21,+0.39,21.21,21.24,20.94,72000,1525170,19,TWSE_CSV,2026/9/30 15:49
